{"type":"FeatureCollection","features":[{"type":"Feature","geometry":{"type":"LineString","coordinates":[[81.8772,13.8839],[81.8813,13.8814],[81.8848,13.8823],[81.8837,13.8873],[81.8808,13.8902],[81.8777,13.8946],[81.8756,13.8971],[81.8716,13.9001],[81.8678,13.9008],[81.8632,13.9031],[81.8594,13.9059],[81.8574,13.9104],[81.8549,13.9144],[81.8542,13.9189],[81.8533,13.9207],[81.8547,13.9256],[81.8555,13.9287],[81.8538,13.9353],[81.8508,13.9375],[81.846,13.9398],[81.8452,13.9436],[81.845,13.9499],[81.843,13.9515],[81.838,13.9527],[81.8346,13.9534],[81.8314,13.9557],[81.8279,13.9593],[81.8274,13.9652],[81.8276,13.968],[81.8263,13.9734],[81.825,13.9773],[81.8219,13.9803],[81.8193,13.9828],[81.8157,13.9861],[81.8126,13.9881],[81.8085,13.9866],[81.8061,13.9858],[81.8014,13.9886],[81.797,13.9904],[81.7913,13.9921],[81.7901,13.998],[81.7902,14.003],[81.7925,14.006],[81.7988,14.0081],[81.8011,14.0097],[81.8029,14.013],[81.8066,14.0153],[81.8112,14.0178],[81.8131,14.0199],[81.8167,14.0251],[81.8208,14.0275],[81.8225,14.0321],[81.8244,14.0359],[81.8276,14.0418],[81.8327,14.0422],[81.8353,14.0388],[81.8369,14.0351],[81.8361,14.0296],[81.8355,14.0268],[81.839,14.0213],[81.8413,14.0183],[81.8461,14.0133],[81.849,14.0127],[81.8535,14.0136],[81.8571,14.0143],[81.86,14.012],[81.8624,14.0102],[81.8654,14.0081],[81.8665,14.0043],[81.8666,13.9997],[81.8682,13.9977],[81.8722,13.9932],[81.8739,13.9912],[81.8749,13.986],[81.8772,13.9821],[81.8792,13.9772],[81.8792,13.9729],[81.8759,13.9691],[81.8715,13.9714],[81.8673,13.9751],[81.8643,13.9758],[81.8587,13.9791],[81.8553,13.98],[81.8519,13.9766],[81.8542,13.9738],[81.8562,13.9767],[81.8578,13.9807],[81.8568,13.9853],[81.8549,13.9904],[81.8498,13.9903],[81.8479,13.987],[81.8449,13.9825],[81.8448,13.9792],[81.8405,13.9769],[81.8361,13.9761],[81.8308,13.9769],[81.8271,13.977],[81.8228,13.9754],[81.8199,13.9746],[81.8156,13.9762],[81.813,13.9789],[81.8139,13.9843],[81.8158,13.9877],[81.8193,13.9911],[81.8216,13.9936],[81.8243,13.9975],[81.827,13.9991],[81.8279,14.0047],[81.8264,14.0084],[81.8308,14.0088],[81.8338,14.0066],[81.8379,14.0035],[81.842,14.004],[81.8436,14.0088],[81.8424,14.011],[81.8424,14.0159],[81.8458,14.0168],[81.8485,14.0212],[81.847,14.0254],[81.8436,14.0306],[81.8428,14.0348],[81.8399,14.0408],[81.8389,14.0441],[81.8344,14.0469],[81.833,14.0465],[81.8302,14.0419],[81.8308,14.0387],[81.833,14.035],[81.8335,14.0302],[81.8335,14.025],[81.8346,14.022],[81.8386,14.0186],[81.8409,14.016],[81.8393,14.0093],[81.8394,14.0073],[81.8351,14.0036],[81.8327,14.0028],[81.8289,13.9984],[81.8295,13.9932],[81.8329,13.9907],[81.8365,13.9912],[81.8404,13.9864],[81.8433,13.9862],[81.8476,13.9844],[81.8502,13.982],[81.854,13.9793],[81.8569,13.9775],[81.8601,13.9735],[81.8598,13.9713],[81.855,13.9683],[81.8552,13.9665],[81.8569,13.9611],[81.857,13.9583],[81.8523,13.9557],[81.8479,13.9579],[81.8424,13.9572],[81.8407,13.9548],[81.8381,13.9516],[81.8352,13.95],[81.8314,13.9509],[81.8285,13.9533],[81.8256,13.9568],[81.8227,13.9585],[81.8163,13.9586],[81.8141,13.96],[81.8124,13.9658],[81.8104,13.9667],[81.8044,13.9674],[81.8014,13.9674],[81.7947,13.9669],[81.7927,13.9629],[81.7919,13.9588],[81.7914,13.9562],[81.7913,13.9511],[81.7897,13.9472],[81.7877,13.9425],[81.7831,13.94],[81.7797,13.937],[81.7777,13.936],[81.7764,13.9313],[81.7775,13.9275],[81.781,13.925],[81.7819,13.9219],[81.7834,13.9179],[81.7868,13.9152],[81.7896,13.9102],[81.7871,13.9074],[81.7842,13.9105],[81.7831,13.9136],[81.7786,13.9186],[81.7778,13.9214],[81.7755,13.927],[81.7722,13.9298],[81.7697,13.9342],[81.7679,13.9366],[81.763,13.9396],[81.7606,13.9414],[81.762,13.9462],[81.7638,13.9499],[81.7655,13.955],[81.7644,13.9577],[81.7595,13.9618],[81.7612,13.966],[81.7595,13.9708],[81.7589,13.9722],[81.7609,13.9769],[81.7615,13.9798],[81.7597,13.9848],[81.7562,13.9885],[81.7506,13.9896],[81.7462,13.9879],[81.7422,13.9838],[81.7395,13.9818],[81.7387,13.9762],[81.7377,13.9741],[81.7366,13.9688],[81.7371,13.965],[81.7397,13.9606],[81.7416,13.9582],[81.7454,13.9535],[81.748,13.9511],[81.7518,13.9506],[81.7551,13.9483],[81.759,13.9454],[81.7613,13.945],[81.7676,13.9439],[81.7705,13.9441],[81.7758,13.9445],[81.7788,13.9449],[81.7845,13.9459],[81.7874,13.9467],[81.7893,13.9494],[81.7911,13.9526],[81.7983,13.9544],[81.7987,13.9511],[81.8041,13.9484],[81.8055,13.9513],[81.808,13.9566],[81.8082,13.9601],[81.8062,13.9656],[81.8029,13.9678],[81.802,13.9729],[81.8024,13.9778],[81.8048,13.9813],[81.8066,13.9836],[81.8115,13.9853],[81.8148,13.9846],[81.8199,13.9839],[81.8238,13.983],[81.8299,13.9853],[81.8319,13.9864],[81.8361,13.9873],[81.8381,13.9901],[81.8405,13.9951],[81.8395,13.9977],[81.8382,14.0019],[81.8361,14.0053],[81.8303,14.0068],[81.826,14.0051],[81.821,14.0046],[81.8168,14.0034],[81.8106,14.0013],[81.8077,14.0008],[81.8049,13.9949],[81.8036,13.9928],[81.8041,13.9889],[81.8026,13.9862],[81.8022,13.9809],[81.8029,13.9767],[81.8044,13.9703],[81.8069,13.9689],[81.8105,13.9655],[81.8121,13.9628],[81.813,13.9586],[81.8103,13.9573],[81.8054,13.9574],[81.8009,13.9579],[81.7991,13.9602],[81.7987,13.9638],[81.7959,13.9688],[81.7948,13.9721],[81.7952,13.9753],[81.7946,13.9786],[81.7904,13.9839],[81.7889,13.9857],[81.7857,13.9922],[81.7838,13.9959],[81.7828,14.0],[81.783,14.0032],[81.7835,14.0077],[81.7851,14.0118],[81.7859,14.0175],[81.7854,14.0209],[81.7888,14.0284],[81.7926,14.0303],[81.7979,14.0326],[81.8004,14.0345],[81.8026,14.0379],[81.8008,14.0411],[81.8009,14.045],[81.8005,14.0498],[81.8048,14.0519],[81.809,14.0516],[81.8123,14.0521],[81.815,14.0515],[81.8208,14.0489],[81.8247,14.0493],[81.8284,14.0515],[81.8315,14.0532],[81.836,14.0548],[81.8362,14.0577],[81.8403,14.061],[81.8434,14.0609],[81.8468,14.0629],[81.8505,14.0641],[81.8558,14.0655],[81.8591,14.064],[81.8652,14.0625],[81.8677,14.0628],[81.8728,14.0613],[81.8738,14.0561],[81.8711,14.0536],[81.8682,14.0514],[81.8625,14.0504],[81.8589,14.0482],[81.8569,14.0472],[81.8538,14.0455],[81.8491,14.0452],[81.8446,14.047],[81.843,14.0505],[81.8417,14.0533],[81.8398,14.0575],[81.84,14.0604],[81.8405,14.065],[81.8375,14.0682],[81.8383,14.0734],[81.8411,14.0752],[81.8453,14.0802],[81.8452,14.0836],[81.8456,14.0896],[81.8448,14.0925],[81.8426,14.0958],[81.8427,14.0983],[81.8456,14.1007],[81.8481,14.1043],[81.851,14.1087],[81.8556,14.109],[81.8611,14.1067],[81.8658,14.1084],[81.8714,14.1098],[81.8751,14.1117],[81.8768,14.1164],[81.8791,14.1196],[81.8795,14.1238],[81.8787,14.1286],[81.8749,14.1331],[81.8726,14.1352],[81.8708,14.1363],[81.8706,14.14],[81.8722,14.145],[81.8728,14.147],[81.8793,14.1494],[81.8831,14.1496],[81.8867,14.1488],[81.8913,14.1489],[81.8959,14.1498],[81.8971,14.1522],[81.9005,14.158],[81.9022,14.1613],[81.905,14.1641],[81.9058,14.168],[81.9018,14.171],[81.8981,14.1725],[81.8934,14.1736],[81.8906,14.1756],[81.8865,14.1808],[81.8828,14.1841],[81.8768,14.1872],[81.8737,14.188],[81.868,14.1859],[81.8646,14.185],[81.8601,14.1814],[81.8581,14.1791],[81.8545,14.1763],[81.8527,14.1754],[81.847,14.1754],[81.8434,14.1735],[81.841,14.1691],[81.8379,14.1669],[81.8354,14.1636],[81.8316,14.1611],[81.832,14.1554],[81.8334,14.1525],[81.8387,14.1499],[81.8425,14.1514],[81.849,14.1502],[81.8532,14.1484],[81.855,14.1446],[81.8577,14.1454],[81.8613,14.1483],[81.866,14.1462],[81.8659,14.1423],[81.8645,14.1381],[81.8687,14.1332],[81.8709,14.1299],[81.8681,14.124],[81.8676,14.1216],[81.8698,14.1169],[81.8693,14.1148],[81.8664,14.1092],[81.8698,14.1067],[81.8728,14.104],[81.8737,14.0999],[81.8748,14.0954],[81.8787,14.0911],[81.8832,14.0852],[81.8857,14.0839],[81.8901,14.0826],[81.8917,14.0789],[81.8957,14.0764],[81.8973,14.0723],[81.8984,14.0666],[81.8984,14.0629],[81.8964,14.0588],[81.8966,14.0554],[81.9011,14.0532],[81.9022,14.0491],[81.8979,14.0435],[81.8943,14.0429],[81.8904,14.0474],[81.8892,14.0511],[81.887,14.0557],[81.8872,14.0591],[81.8911,14.062],[81.8946,14.0607],[81.8996,14.056],[81.9007,14.054],[81.9034,14.0505],[81.9067,14.0495],[81.9126,14.0489],[81.9159,14.0481],[81.921,14.0474],[81.9241,14.0489],[81.9282,14.0462],[81.9285,14.0435],[81.926,14.0377],[81.9244,14.035],[81.9188,14.0354],[81.9158,14.0362],[81.9114,14.0374],[81.9071,14.0395],[81.9023,14.041],[81.8999,14.044],[81.8952,14.0434],[81.8938,14.0404],[81.8946,14.0341],[81.897,14.0323],[81.9022,14.0285],[81.9059,14.0303],[81.9087,14.034],[81.909,14.0374],[81.9042,14.0392],[81.9013,14.0393],[81.8946,14.0408],[81.8929,14.0388],[81.8895,14.0336],[81.8875,14.029],[81.8845,14.0238],[81.8802,14.0224],[81.8738,14.0181],[81.87,14.0156],[81.865,14.0127],[81.8621,14.0091],[81.8596,14.0063],[81.8569,14.0037],[81.8578,13.9992],[81.8574,13.9973],[81.8567,13.9919],[81.8552,13.9885],[81.8519,13.9845],[81.8504,13.9822],[81.8497,13.9761],[81.8509,13.9715],[81.8568,13.9697],[81.8614,13.9696],[81.8684,13.9681],[81.8697,13.9667],[81.8713,13.9616],[81.8711,13.9601],[81.8731,13.9536],[81.876,13.949],[81.8794,13.9465],[81.8819,13.9442],[81.8872,13.9422],[81.8908,13.9421],[81.8956,13.9411],[81.9001,13.9412],[81.904,13.9424],[81.9039,13.939],[81.8983,13.9347],[81.8942,13.9305],[81.8892,13.9319],[81.8885,13.9366],[81.887,13.9423],[81.886,13.9461],[81.8836,13.9503],[81.883,13.9525],[81.8807,13.9563],[81.8781,13.9586],[81.8771,13.9618],[81.8751,13.9637],[81.8699,13.9658],[81.8667,13.9689],[81.8615,13.9702],[81.8574,13.9718],[81.851,13.9704],[81.8486,13.9681],[81.8445,13.9667],[81.8421,13.9667],[81.8387,13.9642],[81.8334,13.9634],[81.8287,13.9644],[81.8295,13.9668],[81.8342,13.9643],[81.8378,13.9639],[81.8422,13.9622],[81.8456,13.9597],[81.8442,13.9559],[81.8414,13.953],[81.8388,13.9505],[81.8396,13.9475],[81.8445,13.9429],[81.8484,13.9432],[81.8542,13.9463],[81.856,13.9498],[81.8537,13.9532],[81.8517,13.9541],[81.8472,13.9565],[81.8473,13.9607],[81.8487,13.9662],[81.8511,13.9677],[81.8574,13.9693],[81.8585,13.9666],[81.859,13.961],[81.8564,13.9578],[81.8515,13.9572],[81.847,13.9555],[81.8388,13.9557],[81.8353,13.9559],[81.8288,13.9595],[81.8249,13.9629],[81.8261,13.968],[81.8284,13.971],[81.8268,13.9752],[81.8243,13.9752],[81.8215,13.9784],[81.8207,13.9817],[81.8181,13.9846],[81.8147,13.9868],[81.8107,13.988],[81.8085,13.99],[81.8039,13.9941],[81.8033,13.9959],[81.8017,13.9997],[81.7997,14.0014],[81.7958,14.0051],[81.7922,14.0078],[81.7884,14.0118],[81.7864,14.013],[81.7872,14.0184],[81.7866,14.0212],[81.7819,14.0229],[81.7784,14.0243],[81.7722,14.0225],[81.7703,14.0206],[81.7668,14.0176],[81.7625,14.0154],[81.7596,14.0097],[81.7572,14.0091],[81.7542,14.006],[81.7506,14.0055],[81.7437,14.0082],[81.7412,14.0103],[81.7382,14.015],[81.7358,14.0183],[81.7336,14.0226],[81.7346,14.0257],[81.7359,14.031],[81.7362,14.0335],[81.7319,14.0363],[81.728,14.0371],[81.7218,14.038],[81.7178,14.0373],[81.7118,14.0368],[81.7089,14.038],[81.7052,14.0422],[81.7043,14.0452],[81.7033,14.0497],[81.7011,14.0529],[81.7003,14.0574],[81.6992,14.0607],[81.6969,14.0663],[81.6958,14.0696],[81.695,14.0751],[81.6929,14.0783],[81.6893,14.0844],[81.6877,14.088],[81.6852,14.093],[81.6837,14.0963],[81.6832,14.1026],[81.6828,14.1065],[81.6878,14.1089],[81.6913,14.1095],[81.6963,14.1107],[81.7006,14.1127],[81.7054,14.1145],[81.707,14.1162],[81.7124,14.1212],[81.7157,14.1226],[81.7217,14.1252],[81.7205,14.1275],[81.7134,14.1289],[81.7101,14.1302],[81.705,14.1279],[81.7024,14.1258],[81.6972,14.1221],[81.6961,14.1172],[81.6996,14.1131],[81.7017,14.1099],[81.6999,14.1029],[81.6985,14.1004],[81.6963,14.0973],[81.6938,14.0954],[81.6895,14.0909],[81.6882,14.0861],[81.6876,14.0817],[81.6861,14.0774],[81.684,14.0761],[81.6799,14.0716],[81.6742,14.0687],[81.6723,14.0662],[81.6672,14.0681],[81.6646,14.0707],[81.6592,14.0724],[81.6563,14.0725],[81.6517,14.0705],[81.6501,14.068],[81.6521,14.0622],[81.6545,14.0598],[81.6589,14.0569],[81.6625,14.0562],[81.667,14.0569],[81.6704,14.0575],[81.6737,14.056],[81.6787,14.0559],[81.6819,14.0571],[81.685,14.0603],[81.6925,14.0608],[81.6959,14.0603],[81.7029,14.0586],[81.7069,14.0588],[81.7129,14.0631],[81.716,14.0667],[81.7184,14.0711],[81.7209,14.0723],[81.7268,14.0721],[81.7293,14.0685],[81.7316,14.0642],[81.7356,14.0637],[81.7437,14.064],[81.7458,14.0659],[81.7488,14.0706],[81.7537,14.0725],[81.7577,14.0756],[81.7613,14.0776],[81.7642,14.0803],[81.7643,14.0851],[81.7635,14.0916],[81.7615,14.0927],[81.7576,14.0952],[81.7533,14.0957],[81.7489,14.0928],[81.7479,14.0902],[81.7478,14.0839],[81.7495,14.08],[81.7542,14.076],[81.7589,14.0756],[81.7616,14.0768],[81.7611,14.0802],[81.762,14.0845],[81.7613,14.0878],[81.7552,14.0913],[81.7528,14.0947],[81.7507,14.099],[81.7485,14.1027],[81.7434,14.1024],[81.7418,14.0998],[81.7453,14.0956],[81.7451,14.0919],[81.7486,14.0881],[81.7469,14.083],[81.7463,14.0781],[81.7461,14.0749],[81.7496,14.0705],[81.7543,14.0701],[81.7565,14.0741],[81.7587,14.0758],[81.7626,14.0805],[81.7627,14.0841],[81.7597,14.0882],[81.757,14.0899],[81.7512,14.088],[81.7476,14.0868],[81.7452,14.0833],[81.7458,14.0814],[81.7486,14.077],[81.7506,14.0777],[81.7532,14.0822],[81.7544,14.087],[81.7534,14.0919],[81.75,14.0949],[81.7485,14.1002],[81.7496,14.1045],[81.7537,14.1076],[81.7586,14.1064],[81.7628,14.1089],[81.7666,14.1077],[81.7723,14.1055],[81.7729,14.103],[81.7687,14.0989],[81.7656,14.0966],[81.7607,14.0951],[81.7573,14.0961],[81.7542,14.095],[81.7526,14.0922],[81.7498,14.0876],[81.7516,14.0861],[81.7562,14.0833],[81.7574,14.0811],[81.7529,14.0756],[81.7494,14.0731],[81.7469,14.0694],[81.7471,14.0661],[81.749,14.0594],[81.7508,14.0567],[81.7559,14.0529],[81.7577,14.049],[81.7621,14.0447],[81.7648,14.0418],[81.7684,14.0395],[81.7716,14.0356],[81.7742,14.0325],[81.7778,14.0291],[81.7826,14.0267],[81.7864,14.0253],[81.79,14.027],[81.7891,14.0298],[81.7817,14.0301],[81.7784,14.0298],[81.7724,14.0288],[81.7697,14.0284],[81.7677,14.0228],[81.7692,14.0193],[81.767,14.0133],[81.7695,14.0114],[81.7735,14.0087],[81.7778,14.0067],[81.7809,14.0006],[81.7813,13.9979],[81.7828,13.9929],[81.7832,13.9899],[81.7805,13.9863],[81.7781,13.9844],[81.7767,13.9803],[81.7783,13.9773],[81.7847,13.9775],[81.7854,13.9811],[81.7908,13.9858],[81.7942,13.9882],[81.7987,13.9881],[81.8016,13.9875],[81.8055,13.9857],[81.809,13.9829],[81.8113,13.9779],[81.8091,13.9758],[81.8077,13.9728],[81.8098,13.9712],[81.8145,13.9702],[81.8164,13.9666],[81.8157,13.9612],[81.8166,13.9581],[81.8176,13.952],[81.8182,13.9487],[81.8207,13.9438],[81.8246,13.9421],[81.8311,13.9428],[81.8327,13.9464],[81.834,13.9496],[81.8372,13.9519],[81.8388,13.9565],[81.8377,13.9603],[81.8413,13.9647],[81.8447,13.9658],[81.8505,13.9687],[81.8553,13.9686],[81.8607,13.9686],[81.8646,13.9675],[81.867,13.9643],[81.8663,13.9604],[81.862,13.9561],[81.859,13.9533],[81.8597,13.9469],[81.8611,13.9441],[81.8637,13.9398],[81.8642,13.9376],[81.8613,13.9353],[81.861,13.9324],[81.8617,13.9262],[81.8605,13.9235],[81.8609,13.9194],[81.8631,13.9171],[81.8633,13.9101],[81.8599,13.9082],[81.8561,13.9101],[81.8547,13.9132],[81.8546,13.9197],[81.8532,13.9233],[81.8559,13.9255],[81.8603,13.9241],[81.8671,13.9236],[81.8703,13.9243],[81.8747,13.9211],[81.8789,13.9198],[81.884,13.9175],[81.8881,13.9182],[81.8934,13.9171],[81.8972,13.9176],[81.9038,13.9172],[81.9066,13.9155],[81.9111,13.91],[81.9127,13.9067],[81.9129,13.899],[81.913,13.8948],[81.9111,13.8887],[81.9086,13.8854],[81.9045,13.8838],[81.9029,13.8796],[81.9047,13.8729],[81.9044,13.8711],[81.9079,13.8665],[81.9123,13.8682],[81.9179,13.8707],[81.9202,13.8748],[81.9185,13.8799],[81.9154,13.8837],[81.9144,13.8892],[81.9143,13.8918],[81.9155,13.8958],[81.9178,13.9011],[81.921,13.9046],[81.9244,13.9052],[81.9272,13.9005],[81.9252,13.8973],[81.9201,13.8959],[81.9155,13.8964],[81.9106,13.901],[81.9091,13.9043],[81.9132,13.9099],[81.9133,13.913],[81.9143,13.9172],[81.9166,13.9203],[81.921,13.925],[81.9248,13.9261],[81.931,13.9258],[81.9316,13.9223],[81.9347,13.9178],[81.9363,13.9148],[81.934,13.9096],[81.9319,13.9075],[81.9257,13.9056],[81.9218,13.9081],[81.9168,13.9098],[81.9124,13.9112],[81.9077,13.9115],[81.9035,13.9129],[81.9003,13.9166],[81.8968,13.9198],[81.8942,13.925],[81.8914,13.9278],[81.8876,13.9252],[81.8847,13.9234],[81.8778,13.9219],[81.8718,13.9207],[81.8661,13.9193],[81.8619,13.918],[81.8584,13.9211],[81.8567,13.9233],[81.8517,13.9273],[81.8497,13.9294],[81.8468,13.9336],[81.8457,13.934],[81.8389,13.9326],[81.8372,13.9302],[81.8335,13.9274],[81.8302,13.9289],[81.8238,13.9292],[81.8199,13.9284],[81.8141,13.9288],[81.8118,13.9282],[81.8075,13.9244],[81.809,13.92],[81.8141,13.9201],[81.8171,13.922],[81.8207,13.9257],[81.8239,13.9272],[81.8267,13.9301],[81.8277,13.9337],[81.8241,13.9371],[81.8215,13.9402],[81.817,13.9417],[81.8117,13.944],[81.8068,13.9434],[81.8039,13.9422],[81.8,13.9453],[81.7981,13.9487],[81.7976,13.9537],[81.7942,13.9548],[81.7883,13.955],[81.785,13.9562],[81.7827,13.9602],[81.7802,13.9616],[81.778,13.9659],[81.7772,13.9706],[81.7783,13.976],[81.7802,13.9779],[81.7821,13.983],[81.7813,13.9861],[81.7771,13.9911],[81.7742,13.9924],[81.7692,13.9892],[81.7648,13.9883],[81.7611,13.9844],[81.76,13.9818],[81.755,13.9786],[81.7527,13.977],[81.7504,13.9737],[81.7461,13.9721],[81.7399,13.9712],[81.7379,13.9707],[81.7344,13.9687],[81.7304,13.9667],[81.7269,13.9629],[81.7235,13.96],[81.725,13.9555],[81.7278,13.9564],[81.7316,13.9588],[81.7348,13.9602],[81.7385,13.9637],[81.7382,13.9671],[81.7414,13.972],[81.7453,13.9724],[81.7505,13.9717],[81.7554,13.9716],[81.7608,13.9731],[81.7634,13.9736],[81.7685,13.9707],[81.7695,13.9672],[81.7659,13.9632],[81.7635,13.9645],[81.7584,13.967],[81.7566,13.9715],[81.7513,13.9755],[81.749,13.9781],[81.7461,13.982],[81.7415,13.9811],[81.7373,13.9842],[81.7359,13.9875],[81.7302,13.9896],[81.7263,13.9886],[81.7207,13.9892],[81.7197,13.993],[81.7231,13.9945],[81.7264,13.994],[81.732,13.9919],[81.7364,13.9907],[81.742,13.9905],[81.7474,13.9905],[81.7536,13.99],[81.7556,13.9859],[81.7595,13.9829],[81.7632,13.9826],[81.7679,13.9862],[81.7682,13.9885],[81.7641,13.9907],[81.7618,13.9925],[81.7574,13.9931],[81.753,13.9947],[81.7477,13.993],[81.7449,13.9948],[81.7443,13.9989],[81.7448,14.002],[81.7449,14.006],[81.7412,14.0079],[81.7381,14.0062],[81.7372,14.0037],[81.7326,13.9987],[81.7302,13.9975],[81.7242,14.0014],[81.7216,14.0013],[81.7166,14.0],[81.7124,13.9982],[81.7086,13.9948],[81.7061,13.9949],[81.7018,13.999],[81.7026,14.0023],[81.7027,14.0065],[81.701,14.0122],[81.6966,14.0128],[81.6926,14.0132],[81.6871,14.011],[81.6871,14.0072],[81.688,14.0027],[81.6895,13.9988],[81.692,13.9953],[81.6948,13.9914],[81.6966,13.9865],[81.6962,13.9829],[81.6936,13.9775],[81.6906,13.9769],[81.6839,13.9781],[81.6793,13.9791],[81.6751,13.9797],[81.6708,13.9804],[81.6667,13.9809],[81.6644,13.9823],[81.6612,13.9847],[81.6589,13.9878],[81.6529,13.9895],[81.6486,13.9918],[81.6451,13.9962],[81.6438,14.001],[81.6398,14.0046],[81.6381,14.0068],[81.6338,14.0111],[81.6299,14.0135],[81.6248,14.0127],[81.6221,14.0126],[81.6181,14.0091],[81.6145,14.0065],[81.611,14.0016],[81.6068,14.0007],[81.6029,13.9978],[81.6008,13.995],[81.5947,13.9913],[81.5919,13.9937],[81.5869,13.9927],[81.5858,13.9876],[81.5875,13.9836],[81.5873,13.9807],[81.5848,13.9767],[81.5815,13.9738],[81.575,13.9714],[81.5742,13.9677],[81.5766,13.9603],[81.5756,13.9558],[81.5772,13.9512],[81.5781,13.9469],[81.5815,13.9443],[81.5841,13.9425],[81.5882,13.9455],[81.5903,13.9479],[81.5931,13.9501],[81.5955,13.9532],[81.5986,13.9575],[81.6005,13.9606],[81.6023,13.9661],[81.601,13.9689],[81.5979,13.9737],[81.5958,13.9756],[81.5915,13.9788],[81.5898,13.9819],[81.5898,13.9879],[81.5872,13.9913],[81.5865,13.9977],[81.5901,14.0002],[81.5947,13.9972],[81.598,13.9962],[81.6037,13.9968],[81.6073,13.999],[81.6068,14.0039],[81.6052,14.0088],[81.607,14.0141],[81.6088,14.0165],[81.6063,14.0213],[81.604,14.0232],[81.6033,14.0273],[81.6054,14.0288],[81.6091,14.0354],[81.609,14.0392],[81.6074,14.0469],[81.6081,14.05],[81.6115,14.0528],[81.6141,14.054],[81.6183,14.0555],[81.6229,14.0551],[81.6294,14.0521],[81.6312,14.0487],[81.6327,14.0444],[81.6325,14.0396],[81.635,14.0358],[81.6374,14.0323],[81.6399,14.0278],[81.6383,14.0235],[81.6393,14.0177],[81.641,14.0177],[81.6454,14.0194],[81.6501,14.0186],[81.6543,14.0155],[81.6535,14.0121],[81.6484,14.0094],[81.6468,14.0118],[81.6442,14.016],[81.6466,14.0189],[81.6514,14.0192],[81.6541,14.0171],[81.6546,14.0134],[81.6508,14.0095],[81.646,14.0074],[81.6431,14.0054],[81.6437,14.0015],[81.6421,13.9997],[81.6398,13.9934],[81.6362,13.9908],[81.6326,13.9898],[81.6305,13.9891],[81.6263,13.9931],[81.6276,13.9951],[81.6311,14.0007],[81.6316,14.0032],[81.6365,14.005],[81.6401,14.004],[81.6433,13.9993],[81.6451,13.9962],[81.6445,13.9906],[81.6435,13.9868],[81.6398,13.982],[81.6396,13.9777],[81.6348,13.9769],[81.6325,13.9776],[81.6286,13.9752],[81.6284,13.9728],[81.6327,13.9689],[81.6341,13.9662]]},"properties":{"mmsi":991066625,"name":"SYN-FSH-00","role":"background","vessel_type":30,"synthetic":true,"t_offset_s":[-259200,-258840,-258600,-258240,-258000,-257640,-257400,-257040,-256800,-256440,-256200,-255840,-255600,-255240,-255000,-254640,-254400,-254040,-253800,-253440,-253200,-252840,-252600,-252240,-252000,-251640,-251400,-251040,-250800,-250440,-250200,-249840,-249600,-249240,-249000,-248640,-248400,-248040,-247800,-247440,-247200,-246840,-246600,-246240,-246000,-245640,-245400,-245040,-244800,-244440,-244200,-243840,-243600,-243240,-243000,-242640,-242400,-242040,-241800,-241440,-241200,-240840,-240600,-240240,-240000,-239640,-239400,-239040,-238800,-238440,-238200,-237840,-237600,-237240,-237000,-236640,-236400,-236040,-235800,-235440,-235200,-234840,-234600,-234240,-234000,-233640,-233400,-233040,-232800,-232440,-232200,-231840,-231600,-231240,-231000,-230640,-230400,-230040,-229800,-229440,-229200,-228840,-228600,-228240,-228000,-227640,-227400,-227040,-226800,-226440,-226200,-225840,-225600,-225240,-225000,-224640,-224400,-224040,-223800,-223440,-223200,-222840,-222600,-222240,-222000,-221640,-221400,-221040,-220800,-220440,-220200,-219840,-219600,-219240,-219000,-218640,-218400,-218040,-217800,-217440,-217200,-216840,-216600,-216240,-216000,-215640,-215400,-215040,-214800,-214440,-214200,-213840,-213600,-213240,-213000,-212640,-212400,-212040,-211800,-211440,-211200,-210840,-210600,-210240,-210000,-209640,-209400,-209040,-208800,-208440,-208200,-207840,-207600,-207240,-207000,-206640,-206400,-206040,-205800,-205440,-205200,-204840,-204600,-204240,-204000,-203640,-203400,-203040,-202800,-202440,-202200,-201840,-201600,-201240,-201000,-200640,-200400,-200040,-199800,-199440,-199200,-198840,-198600,-198240,-198000,-197640,-197400,-197040,-196800,-196440,-196200,-195840,-195600,-195240,-195000,-194640,-194400,-194040,-193800,-193440,-193200,-192840,-192600,-192240,-192000,-191640,-191400,-191040,-190800,-190440,-190200,-189840,-189600,-189240,-189000,-188640,-188400,-188040,-187800,-187440,-187200,-186840,-186600,-186240,-186000,-185640,-185400,-185040,-184800,-184440,-184200,-183840,-183600,-183240,-183000,-182640,-182400,-182040,-181800,-181440,-181200,-180840,-180600,-180240,-180000,-179640,-179400,-179040,-178800,-178440,-178200,-177840,-177600,-177240,-177000,-176640,-176400,-176040,-175800,-175440,-175200,-174840,-174600,-174240,-174000,-173640,-173400,-173040,-172800,-172440,-172200,-171840,-171600,-171240,-171000,-170640,-170400,-170040,-169800,-169440,-169200,-168840,-168600,-168240,-168000,-167640,-167400,-167040,-166800,-166440,-166200,-165840,-165600,-165240,-165000,-164640,-164400,-164040,-163800,-163440,-163200,-162840,-162600,-162240,-162000,-161640,-161400,-161040,-160800,-160440,-160200,-159840,-159600,-159240,-159000,-158640,-158400,-158040,-157800,-157440,-157200,-156840,-156600,-156240,-156000,-155640,-155400,-155040,-154800,-154440,-154200,-153840,-153600,-153240,-153000,-152640,-152400,-152040,-151800,-151440,-151200,-150840,-150600,-150240,-150000,-149640,-149400,-149040,-148800,-148440,-148200,-147840,-147600,-147240,-147000,-146640,-146400,-146040,-145800,-145440,-145200,-144840,-144600,-144240,-144000,-143640,-143400,-143040,-142800,-142440,-142200,-141840,-141600,-141240,-141000,-140640,-140400,-140040,-139800,-139440,-139200,-138840,-138600,-138240,-138000,-137640,-137400,-137040,-136800,-136440,-136200,-135840,-135600,-135240,-135000,-134640,-134400,-134040,-133800,-133440,-133200,-132840,-132600,-132240,-132000,-131640,-131400,-131040,-130800,-130440,-130200,-129840,-129600,-129240,-129000,-128640,-128400,-128040,-127800,-127440,-127200,-126840,-126600,-126240,-126000,-125640,-125400,-125040,-124800,-124440,-124200,-123840,-123600,-123240,-123000,-122640,-122400,-122040,-121800,-121440,-121200,-120840,-120600,-120240,-120000,-119640,-119400,-119040,-118800,-118440,-118200,-117840,-117600,-117240,-117000,-116640,-116400,-116040,-115800,-115440,-115200,-114840,-114600,-114240,-114000,-113640,-113400,-113040,-112800,-112440,-112200,-111840,-111600,-111240,-111000,-110640,-110400,-110040,-109800,-109440,-109200,-108840,-108600,-108240,-108000,-107640,-107400,-107040,-106800,-106440,-106200,-105840,-105600,-105240,-105000,-104640,-104400,-104040,-103800,-103440,-103200,-102840,-102600,-102240,-102000,-101640,-101400,-101040,-100800,-100440,-100200,-99840,-99600,-99240,-99000,-98640,-98400,-98040,-97800,-97440,-97200,-96840,-96600,-96240,-96000,-95640,-95400,-95040,-94800,-94440,-94200,-93840,-93600,-93240,-93000,-92640,-92400,-92040,-91800,-91440,-91200,-90840,-90600,-90240,-90000,-89640,-89400,-89040,-88800,-88440,-88200,-87840,-87600,-87240,-87000,-86640,-86400,-86040,-85800,-85440,-85200,-84840,-84600,-84240,-84000,-83640,-83400,-83040,-82800,-82440,-82200,-81840,-81600,-81240,-81000,-80640,-80400,-80040,-79800,-79440,-79200,-78840,-78600,-78240,-78000,-77640,-77400,-77040,-76800,-76440,-76200,-75840,-75600,-75240,-75000,-74640,-74400,-74040,-73800,-73440,-73200,-72840,-72600,-72240,-72000,-71640,-71400,-71040,-70800,-70440,-70200,-69840,-69600,-69240,-69000,-68640,-68400,-68040,-67800,-67440,-67200,-66840,-66600,-66240,-66000,-65640,-65400,-65040,-64800,-64440,-64200,-63840,-63600,-63240,-63000,-62640,-62400,-62040,-61800,-61440,-61200,-60840,-60600,-60240,-60000,-59640,-59400,-59040,-58800,-58440,-58200,-57840,-57600,-57240,-57000,-56640,-56400,-56040,-55800,-55440,-55200,-54840,-54600,-54240,-54000,-53640,-53400,-53040,-52800,-52440,-52200,-51840,-51600,-51240,-51000,-50640,-50400,-50040,-49800,-49440,-49200,-48840,-48600,-48240,-48000,-47640,-47400,-47040,-46800,-46440,-46200,-45840,-45600,-45240,-45000,-44640,-44400,-44040,-43800,-43440,-43200,-42840,-42600,-42240,-42000,-41640,-41400,-41040,-40800,-40440,-40200,-39840,-39600,-39240,-39000,-38640,-38400,-38040,-37800,-37440,-37200,-36840,-36600,-36240,-36000,-35640,-35400,-35040,-34800,-34440,-34200,-33840,-33600,-33240,-33000,-32640,-32400,-32040,-31800,-31440,-31200,-30840,-30600,-30240,-30000,-29640,-29400,-29040,-28800,-28440,-28200,-27840,-27600,-27240,-27000,-26640,-26400,-26040,-25800,-25440,-25200,-24840,-24600,-24240,-24000,-23640,-23400,-23040,-22800,-22440,-22200,-21840,-21600,-21240,-21000,-20640,-20400,-20040,-19800,-19440,-19200,-18840,-18600,-18240,-18000,-17640,-17400,-17040,-16800,-16440,-16200,-15840,-15600,-15240,-15000,-14640,-14400,-14040,-13800,-13440,-13200,-12840,-12600,-12240,-12000,-11640,-11400,-11040,-10800,-10440,-10200,-9840,-9600,-9240,-9000,-8640,-8400,-8040,-7800,-7440,-7200,-6840,-6600,-6240,-6000,-5640,-5400,-5040,-4800,-4440,-4200,-3840,-3600,-3240,-3000,-2640,-2400,-2040,-1800,-1440,-1200,-840,-600,-240,0,360,600,960,1200,1560,1800,2160,2400,2760,3000,3360,3600,3960,4200,4560,4800,5160,5400,5760,6000,6360,6600,6960,7200,7560,7800,8160,8400,8760,9000,9360,9600,9960,10200,10560,10800,11160,11400,11760,12000,12360,12600,12960,13200,13560,13800,14160,14400,14760,15000,15360,15600,15960,16200,16560,16800,17160,17400,17760,18000,18360,18600,18960,19200,19560,19800,20160,20400,20760,21000,21360,21600,21960,22200,22560,22800,23160,23400,23760,24000,24360,24600,24960,25200,25560,25800,26160,26400,26760,27000,27360,27600,27960,28200,28560,28800,29160,29400,29760,30000,30360,30600,30960,31200,31560,31800,32160,32400,32760,33000,33360,33600,33960,34200,34560,34800,35160,35400,35760,36000,36360,36600,36960,37200,37560,37800,38160,38400,38760,39000,39360,39600,39960,40200,40560,40800,41160,41400,41760,42000,42360,42600,42960,43200,43560,43800,44160,44400,44760,45000,45360,45600,45960,46200,46560,46800,47160,47400,47760,48000,48360,48600,48960,49200,49560,49800,50160,50400,50760,51000,51360,51600,51960,52200,52560,52800,53160,53400,53760,54000,54360,54600,54960,55200,55560,55800,56160,56400,56760,57000,57360,57600,57960,58200,58560,58800,59160,59400,59760,60000,60360,60600,60960,61200,61560,61800,62160,62400,62760,63000,63360,63600,63960,64200,64560,64800,65160,65400,65760,66000,66360,66600,66960,67200,67560,67800,68160,68400,68760,69000,69360,69600,69960,70200,70560,70800,71160,71400,71760,72000,72360,72600,72960,73200,73560,73800,74160,74400,74760,75000,75360,75600,75960,76200,76560,76800,77160,77400,77760,78000,78360,78600,78960,79200,79560,79800,80160,80400,80760,81000,81360,81600,81960,82200,82560,82800,83160,83400,83760,84000,84360,84600,84960,85200,85560,85800,86160,86400],"sog":[3.2,2.0,3.3,3.6,3.8,3.4,4.5,4.5,2.1,2.2,5.0,2.3,4.2,3.5,1.8,3.4,3.3,4.8,3.4,2.1,3.7,3.9,3.1,3.0,2.7,3.3,4.9,4.3,2.5,2.9,3.2,3.1,3.3,3.9,4.3,4.3,3.3,2.4,6.3,3.6,6.3,2.8,4.0,3.2,3.1,3.5,4.1,3.7,1.7,3.4,4.3,1.9,4.0,3.2,5.4,3.8,3.7,2.8,2.6,2.7,3.0,4.0,1.7,1.2,2.7,1.7,2.2,1.5,2.9,4.1,2.8,4.5,2.1,4.0,4.8,4.3,4.1,3.8,4.5,3.8,3.4,3.8,3.2,2.0,3.3,2.7,3.5,3.3,4.6,3.0,3.8,2.4,3.5,4.7,3.5,2.7,3.0,4.5,3.0,2.8,3.4,3.6,3.7,2.7,1.7,2.8,3.6,4.7,2.5,3.5,3.3,3.2,4.5,3.2,2.1,3.3,3.3,4.7,4.7,1.6,3.1,3.7,3.7,2.9,1.3,3.6,2.2,3.1,5.5,3.5,3.5,2.6,4.0,4.5,2.1,3.9,2.2,3.8,3.2,3.6,2.9,3.4,2.7,2.1,4.0,2.8,2.7,5.0,2.0,3.7,2.4,3.5,2.5,2.9,3.9,2.9,3.2,2.3,2.9,1.0,3.4,3.0,2.8,3.6,2.4,4.5,2.1,2.9,2.0,5.0,3.9,2.2,1.9,4.3,4.0,4.2,4.6,2.5,0.6,3.4,3.5,1.5,2.9,3.5,4.8,3.5,4.6,3.2,4.2,3.7,2.6,3.5,3.6,2.9,3.5,2.2,1.3,4.2,4.4,3.4,3.9,4.6,4.4,2.9,0.9,1.8,3.0,4.9,4.8,2.1,4.3,3.9,3.0,3.0,2.4,4.0,1.4,3.2,2.7,4.7,2.4,2.6,3.0,3.1,3.0,2.9,1.8,1.7,3.1,4.6,2.9,2.9,3.1,5.2,3.8,3.3,4.0,3.4,3.0,2.9,3.2,4.1,5.3,3.3,3.1,5.2,2.8,1.7,2.6,4.1,1.8,3.1,3.4,4.3,2.5,2.7,2.5,4.3,4.0,4.2,3.3,3.7,1.5,4.3,4.0,2.5,1.4,2.9,4.1,4.0,3.0,4.2,2.7,3.3,3.1,1.9,2.0,2.6,2.6,2.1,2.9,2.0,3.1,4.8,2.2,5.4,3.5,2.7,5.0,2.6,3.9,5.8,3.2,5.4,3.8,1.5,2.3,1.8,4.4,4.0,3.2,4.4,3.4,2.5,2.8,3.4,3.6,1.8,3.3,1.3,0.9,1.4,2.3,1.6,3.6,3.4,1.7,3.7,2.4,2.3,3.3,3.8,4.1,3.7,2.9,0.9,2.7,1.8,4.5,1.7,2.3,2.0,2.9,2.3,5.1,2.4,4.4,5.0,3.7,2.4,1.9,2.6,2.5,2.7,3.8,4.8,5.3,2.8,3.9,3.2,3.8,3.4,2.6,2.6,4.7,4.5,1.0,1.2,3.3,2.3,0.9,4.1,4.4,0.8,4.0,3.1,3.0,3.6,3.8,2.0,3.6,3.4,2.4,2.5,2.5,3.0,4.0,4.1,3.5,3.9,3.9,2.6,3.9,2.3,3.0,4.2,3.5,2.2,3.2,3.1,5.1,4.0,2.3,4.8,4.0,3.4,4.6,2.3,4.1,2.8,5.3,4.5,5.0,3.8,4.2,3.8,2.4,1.6,1.3,3.5,1.6,1.2,4.2,3.6,5.5,2.9,2.6,4.2,3.4,3.2,3.8,4.9,2.1,2.3,3.6,2.5,4.0,4.6,3.3,2.2,3.0,1.9,2.9,2.2,3.3,3.9,2.5,3.1,3.6,4.7,2.2,2.9,2.0,2.2,3.7,4.5,2.7,3.9,3.4,2.0,3.2,2.6,3.6,2.4,2.0,3.5,2.4,1.8,4.3,2.7,2.4,3.8,3.5,4.0,2.9,3.3,4.5,3.5,4.4,3.9,4.3,1.9,4.1,2.3,3.0,3.0,2.3,3.5,2.8,4.2,2.6,3.6,4.7,4.1,3.8,5.3,2.4,2.5,2.0,4.9,5.4,3.9,3.6,3.2,4.1,3.0,4.6,2.4,3.0,3.3,5.0,4.3,4.8,5.0,2.7,1.6,2.7,1.7,4.1,2.3,1.3,2.7,5.3,1.8,3.6,4.1,3.9,2.1,1.8,2.6,4.9,3.5,3.0,3.7,2.6,3.7,4.3,2.4,3.1,1.5,2.3,2.9,2.4,2.9,3.9,4.5,2.1,2.6,4.1,4.5,3.0,5.5,3.6,2.7,3.5,2.5,5.0,5.1,3.5,3.9,4.1,4.7,4.3,5.1,2.8,2.6,2.0,1.7,4.9,2.6,2.4,4.6,3.4,2.5,3.5,3.7,3.5,3.4,1.9,3.2,4.3,3.2,3.0,5.5,2.6,2.9,3.6,4.1,2.5,3.4,3.4,4.5,3.2,4.1,3.0,3.1,3.1,3.8,2.4,3.9,3.7,2.9,4.5,3.1,2.0,2.1,2.1,3.4,2.6,2.0,2.3,3.6,4.2,2.5,2.4,4.3,3.3,3.6,2.4,4.6,3.6,3.4,4.6,3.3,5.0,3.4,2.3,4.5,4.1,3.7,2.3,3.8,4.8,2.3,3.0,3.3,5.5,3.8,4.0,5.1,3.9,2.8,3.1,2.6,4.3,5.0,4.0,1.5,5.9,3.6,1.9,2.6,2.4,4.7,2.5,3.8,3.2,2.4,3.2,3.2,2.8,4.7,2.9,2.7,4.2,1.5,3.6,3.8,2.7,4.1,2.6,5.2,5.4,3.2,2.1,4.2,3.3,3.4,3.1,3.1,3.6,4.5,4.9,4.1,4.9,3.2,5.1,3.5,2.3,2.5,2.3,4.5,2.9,3.4,2.9,2.6,3.9,1.3,4.0,2.3,3.6,4.1,4.1,4.0,5.2,3.6,3.6,4.5,3.7,2.4,5.4,2.8,1.7,4.4,4.7,2.0,2.0,3.5,3.5,3.2,2.4,4.5,3.9,3.9,1.6,4.6,2.0,4.2,5.0,4.9,2.9,4.6,4.4,3.0,4.1,1.8,4.9,3.9,3.3,2.9,4.6,3.3,3.2,3.5,2.5,3.4,2.6,3.8,1.9,3.5,4.7,2.4,2.2,3.3,2.9,3.0,3.3,4.4,3.3,1.9,5.5,2.1,3.5,2.8,4.3,1.3,2.8,3.0,2.6,4.8,3.4,4.3,4.5,2.3,3.4,2.5,3.9,4.7,2.5,1.2,3.6,2.2,2.4,1.9,3.1,3.9,3.2,4.1,5.0,3.7,3.4,3.3,4.3,3.2,2.3,2.3,2.7,1.6,3.6,3.7,3.1,2.9,3.5,4.3,4.0,3.6,3.6,2.8,3.9,4.5,2.9,3.7,3.2,4.2,5.0,1.5,2.6,2.5,3.9,5.0,3.6,4.2,3.5,1.8,1.9,3.0,4.1,3.7,3.1,2.0,3.2,5.5,3.5,2.5,4.6,4.3,3.5,2.5,3.6,3.5,2.2,2.4,3.1,4.7,3.6,3.2,3.5,2.7,2.6,4.9,3.7,6.4,5.1,3.2,3.6,3.8,3.8,3.7,2.6,3.4,3.6,3.8,3.9,2.8,6.7,3.3,2.2,3.1,4.8,3.9,3.2,2.1,2.9,2.6,4.3,4.1,2.7,5.7,2.2,3.4,4.2,2.9,4.1,4.2,3.7,4.6,3.0,4.7,4.1,4.6,2.4,3.0,4.0,3.4,2.8,2.6,4.7,0.9,4.0,3.9,2.5,4.8,5.1,3.5,4.1,3.1,3.0,5.1,2.7,1.8,0.8,3.5,2.2,3.1,2.1,5.1,3.3,1.7,2.6,3.4,4.5,4.7,3.5,3.4,2.4,2.3,4.1,4.0,3.0,3.2,4.5,2.5,4.8,2.3,3.8,1.9,1.9,3.5,3.7,2.4,2.9,3.8,4.5,2.7,3.1,3.3,2.4,4.6,3.8,2.4,4.3,3.7,2.8,3.3,3.0,3.7,4.0,3.3,1.3,3.8,3.9,2.1,3.3,3.2,2.7,2.4,2.2,3.3,3.4,4.5,3.9,3.2,2.8,2.4,3.1,2.6,3.7,4.6,2.8,4.4,4.1,4.7,2.7,3.6,4.6,3.5,3.3,3.1,3.8,3.0,2.7,1.9,2.4,2.5,2.0,2.8,4.7,3.8,5.2,4.6,3.6,3.7,2.0,1.5,2.0,2.1,4.3,3.1,1.6,3.0,3.0,2.5,3.0,2.9,3.0,3.6,2.3,4.1,2.2,3.7,3.4,2.3,2.9,4.3,2.7,2.3,6.5,3.8,2.7,2.7,4.4,2.5,3.4,2.8,4.4,3.2,3.8,2.9,2.5,5.7,4.0,2.6,2.6,3.5,2.0,1.5,2.5,2.5,4.8,3.6,4.8,3.3,3.4,2.6,3.1,3.7,2.4,1.8,5.2,2.8,3.8,3.7,3.7,3.4,2.5,3.2,4.7,3.0,3.1,2.8,4.6,4.3,2.7,3.5,3.1,3.6,3.9,3.3,1.8,2.6,1.8,2.3,3.8,4.3,3.3,5.0,2.7,4.0,2.4,2.0,3.0,4.6,4.1,4.3,3.2,3.2,3.3,3.7,2.7,1.8,4.8,4.1,2.9,3.9,1.7,2.9,3.8,3.8,3.9,6.3,3.7,3.0,1.9,3.4,4.2,4.9,3.6,0.7,4.3,2.3,4.5,4.3,3.1,2.0,1.5,2.9,5.0,4.1,3.8,3.1,2.9,2.6,4.1,2.0,3.5,1.9,6.2,3.5,2.7,3.2,2.2,4.7,4.0,3.4,3.0,3.9,1.6,4.6,1.6,4.0,4.0,3.6,3.5,3.4,2.3,3.1,3.5,2.4,2.5,3.8,2.7,4.1,3.1]}},{"type":"Feature","geometry":{"type":"LineString","coordinates":[[81.8265,13.9686],[81.8333,13.9798],[81.8398,13.991],[81.8498,14.0076],[81.8561,14.0179],[81.8668,14.0347],[81.8736,14.0457],[81.8839,14.0619],[81.8901,14.0725],[81.9008,14.0891],[81.9068,14.0993],[81.9176,14.1161],[81.9247,14.1271],[81.9349,14.1439],[81.9416,14.1547],[81.9517,14.1711],[81.9586,14.1824],[81.9692,14.1991],[81.9762,14.2102],[81.9862,14.2265],[81.993,14.237],[82.003,14.2529],[82.0095,14.2637],[82.0203,14.2806],[82.0272,14.2912],[82.0376,14.3078],[82.0443,14.3185],[82.0547,14.3353],[82.0618,14.3461],[82.0721,14.362],[82.0794,14.3727],[82.0902,14.3889],[82.0971,14.3998],[82.1077,14.4161],[82.1147,14.4267],[82.1252,14.4429],[82.1322,14.4538],[82.1424,14.4705],[82.1493,14.4816],[82.1592,14.4989],[82.1655,14.5098],[82.1745,14.5267],[82.1805,14.5381],[82.1894,14.5554],[82.1951,14.5666],[82.2041,14.5841],[82.2101,14.5954],[82.2191,14.6129],[82.2251,14.6245],[82.2343,14.6416],[82.2406,14.653],[82.2496,14.6702],[82.2556,14.6817],[82.2642,14.6992],[82.2707,14.7105],[82.2796,14.7278],[82.2864,14.7394],[82.2955,14.7564],[82.3015,14.7677],[82.3108,14.7849],[82.3168,14.7965],[82.3261,14.8137],[82.3323,14.8246],[82.3413,14.8415],[82.3476,14.8531],[82.3571,14.8703],[82.3637,14.882],[82.3733,14.8986],[82.3801,14.9095],[82.3911,14.9267],[82.398,14.9379],[82.4077,14.9541],[82.4138,14.9648],[82.4239,14.9813],[82.4308,14.992],[82.441,15.0085],[82.4483,15.0196],[82.459,15.0359],[82.4661,15.0468],[82.4762,15.0628],[82.4837,15.0735],[82.4941,15.0901],[82.5012,15.1006],[82.5114,15.1165],[82.5181,15.1269],[82.5286,15.1431],[82.5356,15.1543],[82.5457,15.1699],[82.5532,15.1809],[82.5641,15.1973],[82.5708,15.2081],[82.5815,15.224],[82.5883,15.2344],[82.599,15.2504],[82.6055,15.2614],[82.6154,15.2779],[82.6222,15.289],[82.6327,15.3054],[82.6393,15.317],[82.6494,15.3334],[82.6564,15.3446],[82.6665,15.3603],[82.6734,15.3709],[82.684,15.3871],[82.6907,15.3978],[82.7019,15.4144],[82.7087,15.4251],[82.7194,15.4416],[82.7263,15.4522],[82.7371,15.4684],[82.7442,15.4794],[82.7544,15.4951],[82.7614,15.5061],[82.7718,15.5224],[82.7792,15.5336],[82.7899,15.5505],[82.7966,15.5617],[82.8071,15.5769],[82.814,15.5882],[82.8254,15.6045],[82.8328,15.6154],[82.8441,15.6317],[82.8513,15.6418],[82.8625,15.658],[82.8697,15.6689],[82.8802,15.6852],[82.8873,15.6963],[82.8972,15.7126],[82.9039,15.7243],[82.9136,15.7408],[82.92,15.752],[82.9291,15.7683],[82.9358,15.7801],[82.9454,15.7968],[82.9515,15.8085],[82.9608,15.8255],[82.9672,15.8365],[82.9768,15.8537],[82.9828,15.8647],[82.9928,15.8816],[82.9992,15.8928],[83.009,15.9092],[83.0154,15.9202],[83.025,15.9373],[83.0315,15.9487],[83.0403,15.9653],[83.0469,15.9764],[83.0559,15.9935],[83.0619,16.0047],[83.0711,16.0219],[83.077,16.0331],[83.0855,16.0504],[83.0916,16.0617],[83.1007,16.0793],[83.1065,16.0907],[83.1153,16.1081],[83.1212,16.1199],[83.1302,16.1368],[83.1364,16.1487],[83.1457,16.1663],[83.1517,16.1778],[83.161,16.1947],[83.1666,16.2063],[83.1755,16.2235],[83.1814,16.2351],[83.1901,16.2525],[83.196,16.2642],[83.2048,16.2805],[83.2106,16.2926],[83.2189,16.3097],[83.2242,16.3208],[83.2322,16.3382],[83.238,16.35],[83.2465,16.3679],[83.2522,16.3796],[83.2607,16.3968],[83.2659,16.4086],[83.2742,16.4264],[83.2799,16.4384],[83.2879,16.4559],[83.2937,16.4676],[83.3018,16.4853],[83.3074,16.4968],[83.3156,16.5144],[83.3205,16.5261],[83.3286,16.5435],[83.3335,16.5552],[83.3417,16.5728],[83.3469,16.585],[83.3542,16.6027],[83.3592,16.6147],[83.3664,16.6325],[83.3717,16.6448],[83.3796,16.6628],[83.3843,16.6748],[83.3924,16.6925],[83.3977,16.7043],[83.4055,16.7214],[83.4111,16.7336],[83.4188,16.7503],[83.4245,16.7622],[83.4327,16.7799],[83.438,16.7908],[83.4463,16.8089],[83.4518,16.8203],[83.4599,16.8382],[83.4656,16.8497],[83.4729,16.8665],[83.4782,16.8779],[83.4862,16.8948],[83.4913,16.9061],[83.4987,16.9237],[83.5038,16.9358],[83.5119,16.9532],[83.5172,16.9652],[83.5252,16.9824],[83.531,16.994],[83.5392,17.0117],[83.5447,17.024],[83.5531,17.0407],[83.5586,17.0523],[83.5673,17.0696],[83.5732,17.081],[83.5818,17.0984],[83.5874,17.1094],[83.5964,17.1271],[83.6019,17.1386],[83.6107,17.1559],[83.6164,17.1678],[83.6251,17.1848],[83.6309,17.1961],[83.6401,17.214],[83.6462,17.2249],[83.6556,17.2418],[83.6619,17.2533],[83.6716,17.2697],[83.6781,17.2812],[83.6879,17.2979],[83.694,17.3089],[83.704,17.3256],[83.7105,17.3367],[83.7207,17.3534],[83.7271,17.3647],[83.737,17.3805],[83.7437,17.3915],[83.7538,17.4082],[83.7604,17.4192],[83.7706,17.4367],[83.7772,17.448],[83.7873,17.4649],[83.7935,17.4757],[83.8029,17.4923],[83.8093,17.5034],[83.819,17.5204],[83.8251,17.5314],[83.8352,17.5484],[83.842,17.5597],[83.8513,17.5765],[83.8575,17.5882],[83.867,17.6047],[83.8737,17.6163],[83.8837,17.6327],[83.8903,17.6439],[83.9006,17.6605],[83.9071,17.672],[83.917,17.6878],[83.9232,17.6988],[83.9329,17.7155],[83.9396,17.7268],[83.9496,17.7434],[83.9561,17.7543],[83.9653,17.7706],[83.9718,17.7814],[83.9817,17.7985],[83.988,17.81],[83.9975,17.8263],[84.0039,17.8374],[84.0137,17.8542],[84.0203,17.8654],[84.0298,17.8826],[84.0359,17.8937],[84.0457,17.9108],[84.0519,17.9219],[84.0616,17.9393],[84.0685,17.9507],[84.0782,17.9675],[84.0845,17.9789],[84.0947,17.9952],[84.1013,18.0066],[84.1111,18.023],[84.1175,18.0341],[84.1273,18.0512],[84.1338,18.0626],[84.1431,18.0793],[84.149,18.0912],[84.1581,18.1088],[84.1642,18.1199],[84.1736,18.1373],[84.1798,18.1491],[84.1892,18.1663],[84.1956,18.1776],[84.2053,18.1949],[84.2116,18.2065],[84.2205,18.2234],[84.2268,18.2345],[84.2363,18.2511],[84.2425,18.2621],[84.2525,18.2798],[84.258,18.2906],[84.2677,18.3075],[84.2744,18.319],[84.2836,18.3362],[84.2892,18.3475],[84.2988,18.3642],[84.3043,18.3755],[84.314,18.3925],[84.32,18.4041],[84.3297,18.4209],[84.3361,18.4324],[84.346,18.4487],[84.3526,18.4599],[84.3628,18.4762],[84.3695,18.4871]]},"properties":{"mmsi":991262367,"name":"SYN-CAR-07","role":"candidate","vessel_type":70,"synthetic":true,"t_offset_s":[-232033,-231793,-231553,-231193,-230953,-230593,-230353,-229993,-229753,-229393,-229153,-228793,-228553,-228193,-227953,-227593,-227353,-226993,-226753,-226393,-226153,-225793,-225553,-225193,-224953,-224593,-224353,-223993,-223753,-223393,-223153,-222793,-222553,-222193,-221953,-221593,-221353,-220993,-220753,-220393,-220153,-219793,-219553,-219193,-218953,-218593,-218353,-217993,-217753,-217393,-217153,-216793,-216553,-216193,-215953,-215593,-215353,-214993,-214753,-214393,-214153,-213793,-213553,-213193,-212953,-212593,-212353,-211993,-211753,-211393,-211153,-210793,-210553,-210193,-209953,-209593,-209353,-208993,-208753,-208393,-208153,-207793,-207553,-207193,-206953,-206593,-206353,-205993,-205753,-205393,-205153,-204793,-204553,-204193,-203953,-203593,-203353,-202993,-202753,-202393,-202153,-201793,-201553,-201193,-200953,-200593,-200353,-199993,-199753,-199393,-199153,-198793,-198553,-198193,-197953,-197593,-197353,-196993,-196753,-196393,-196153,-195793,-195553,-195193,-194953,-194593,-194353,-193993,-193753,-193393,-193153,-192793,-192553,-192193,-191953,-191593,-191353,-190993,-190753,-190393,-190153,-189793,-189553,-189193,-188953,-188593,-188353,-187993,-187753,-187393,-187153,-186793,-186553,-186193,-185953,-185593,-185353,-184993,-184753,-184393,-184153,-183793,-183553,-183193,-182953,-182593,-182353,-181993,-181753,-181393,-181153,-180793,-180553,-180193,-179953,-179593,-179353,-178993,-178753,-178393,-178153,-177793,-177553,-177193,-176953,-176593,-176353,-175993,-175753,-175393,-175153,-174793,-174553,-174193,-173953,-173593,-173353,-172993,-172753,-172393,-172153,-171793,-171553,-171193,-170953,-170593,-170353,-169993,-169753,-169393,-169153,-168793,-168553,-168193,-167953,-167593,-167353,-166993,-166753,-166393,-166153,-165793,-165553,-165193,-164953,-164593,-164353,-163993,-163753,-163393,-163153,-162793,-162553,-162193,-161953,-161593,-161353,-160993,-160753,-160393,-160153,-159793,-159553,-159193,-158953,-158593,-158353,-157993,-157753,-157393,-157153,-156793,-156553,-156193,-155953,-155593,-155353,-154993,-154753,-154393,-154153,-153793,-153553,-153193,-152953,-152593,-152353,-151993,-151753,-151393,-151153,-150793,-150553,-150193,-149953,-149593,-149353,-148993,-148753,-148393,-148153,-147793,-147553,-147193,-146953,-146593,-146353,-145993,-145753,-145393,-145153,-144793,-144553,-144193,-143953,-143593,-143353,-142993,-142753,-142393,-142153,-141793,-141553,-141193,-140953,-140593,-140353,-139993,-139753,-139393,-139153,-138793,-138553,-138193,-137953,-137593,-137353,-136993,-136753,-136393,-136153,-135793,-135553],"sog":[11.6,11.5,11.4,11.8,11.0,11.5,11.1,11.3,11.1,11.4,11.1,11.6,11.7,11.2,11.3,11.3,12.0,11.6,11.7,11.1,11.4,11.5,11.4,12.0,11.9,11.6,11.2,11.4,11.5,11.5,11.5,11.3,11.4,12.0,11.5,11.6,11.7,11.6,11.4,12.1,11.5,11.2,11.3,11.3,11.5,11.3,11.2,11.6,11.7,11.0,11.7,11.7,11.5,11.2,11.6,11.6,11.9,11.5,11.1,11.4,11.5,11.6,11.5,11.5,11.3,11.6,12.0,11.3,11.6,11.8,11.6,11.2,11.3,11.5,11.3,11.5,11.8,11.9,11.5,11.0,11.7,11.4,11.1,11.0,10.7,11.7,11.5,11.6,11.6,11.8,11.4,11.4,10.9,11.3,11.5,11.6,11.7,11.8,12.1,11.5,11.3,10.4,11.4,11.5,11.5,11.5,11.6,11.3,11.0,11.4,11.6,11.1,11.8,11.6,12.3,11.1,11.1,11.3,11.4,11.8,11.7,11.4,11.1,11.9,11.6,11.5,11.7,11.3,12.0,11.4,11.8,11.5,11.9,11.2,11.6,11.5,11.1,11.4,11.6,11.7,10.9,11.1,11.3,11.4,11.4,11.7,11.2,11.7,11.7,11.1,11.3,11.8,11.5,11.7,11.7,11.5,12.0,11.5,11.8,12.0,11.7,11.7,12.0,11.7,11.2,11.6,11.6,11.5,11.9,11.2,11.3,11.4,11.5,11.8,11.1,11.4,11.5,11.9,12.1,11.3,11.8,11.6,11.6,11.7,11.4,11.4,11.0,11.6,11.7,11.5,11.6,11.7,11.9,11.3,11.5,12.0,11.3,11.2,11.6,11.2,11.5,11.6,10.9,11.2,11.3,11.7,11.6,11.4,11.0,11.1,11.3,11.6,11.4,11.0,11.6,11.7,11.4,11.7,11.7,11.1,11.4,11.6,11.4,11.3,10.8,11.4,11.5,11.9,11.9,11.9,11.4,12.1,11.8,11.5,11.4,11.5,11.4,11.3,11.3,11.4,11.2,11.5,11.7,11.5,11.5,11.5,11.5,11.5,11.6,11.9,11.0,11.4,11.0,11.6,11.3,12.0,11.2,11.9,11.7,11.4,12.0,11.5,11.7,11.8,11.5,11.7,11.7,11.3,11.7,11.7,11.3,11.1,11.1,11.3,11.5,11.7,11.4,11.4,11.4,12.0,11.7,11.4,11.4,12.2,12.1,11.3,11.7,11.7,11.4,11.1,11.1,11.8,11.9,11.6,11.7,11.7,11.7,11.8,11.7,11.9,11.7,12.0,11.8,11.4,11.6,10.9,11.4,12.0,10.9,11.4,11.7,11.3,11.1,11.5,11.3,11.6,11.8,12.2,11.3,11.7,11.7,11.2,11.7]}},{"type":"Feature","geometry":{"type":"LineString","coordinates":[[81.9044,14.0389],[81.9133,14.0533],[81.9193,14.0632],[81.9282,14.078],[81.9337,14.0878],[81.9423,14.1028],[81.9485,14.1123],[81.9572,14.1274],[81.9629,14.1368],[81.9712,14.1514],[81.9768,14.1616],[81.9853,14.1765],[81.9906,14.1866],[81.9988,14.2016],[82.0044,14.2109],[82.0127,14.2255],[82.0186,14.2356],[82.0273,14.2508],[82.0326,14.2605],[82.0406,14.2753],[82.0463,14.285],[82.0553,14.3],[82.0609,14.3093],[82.0701,14.3242],[82.0763,14.334],[82.0857,14.3482],[82.0917,14.3581],[82.1005,14.3724],[82.1072,14.3827],[82.1162,14.397],[82.1225,14.4069],[82.1315,14.4217],[82.1378,14.4317],[82.1468,14.446],[82.1526,14.4555],[82.1623,14.4702],[82.1685,14.4797],[82.1779,14.4942],[82.1843,14.5037],[82.1935,14.518],[82.1995,14.5275],[82.2086,14.5419],[82.2144,14.5517],[82.224,14.566],[82.2302,14.5756],[82.2393,14.5901],[82.2453,14.6001],[82.2538,14.6139],[82.2599,14.6236],[82.2684,14.6385],[82.2746,14.6484],[82.2829,14.6635],[82.2887,14.6733],[82.2971,14.6883],[82.3018,14.698],[82.3104,14.7131],[82.316,14.7232],[82.3244,14.738],[82.3297,14.7478],[82.3386,14.7621],[82.3445,14.772],[82.3532,14.7864],[82.3591,14.7961],[82.3677,14.8104],[82.3743,14.8203],[82.384,14.8348],[82.39,14.8444],[82.3993,14.8587],[82.4056,14.8685],[82.415,14.8822],[82.4213,14.8916],[82.4309,14.9062],[82.4373,14.9156],[82.4468,14.9291],[82.4535,14.9385],[82.4633,14.9525],[82.4698,14.9615],[82.4797,14.9751],[82.4864,14.9841],[82.497,14.9984],[82.5037,15.0074],[82.5147,15.0213],[82.5219,15.0301],[82.5326,15.0431],[82.54,15.0526],[82.5512,15.066],[82.5582,15.0751],[82.5687,15.0885],[82.575,15.0975],[82.5852,15.1106],[82.5921,15.1201],[82.6028,15.1331],[82.6102,15.1425],[82.6212,15.1564],[82.6285,15.1649],[82.6398,15.179],[82.6472,15.1877],[82.658,15.2008],[82.665,15.2091],[82.6761,15.2223],[82.6837,15.2315],[82.6951,15.2446],[82.7023,15.2529],[82.7142,15.2655],[82.7219,15.2741],[82.7337,15.2865],[82.7417,15.2947],[82.7535,15.3063],[82.7617,15.3142],[82.7735,15.327],[82.7819,15.3353],[82.7938,15.3474],[82.8018,15.3552],[82.814,15.3675],[82.8224,15.3749],[82.8348,15.387],[82.8433,15.3947],[82.8559,15.4071],[82.8644,15.4154],[82.8773,15.4271],[82.8858,15.4347],[82.8983,15.4463],[82.9068,15.4548],[82.9188,15.4659],[82.9275,15.4737],[82.9401,15.4858],[82.9483,15.4939],[82.9608,15.5059],[82.9689,15.5135],[82.9818,15.5255],[82.9898,15.5332],[83.0025,15.5452],[83.0107,15.5528],[83.023,15.5645],[83.0309,15.5717],[83.0428,15.5835],[83.0509,15.5913],[83.0635,15.6036],[83.072,15.6114],[83.0846,15.6232],[83.093,15.6305],[83.1059,15.6418],[83.1149,15.6498],[83.127,15.6608],[83.1357,15.6684],[83.1478,15.6799],[83.1561,15.6876],[83.1689,15.6995],[83.1778,15.7076],[83.1904,15.72],[83.1986,15.7277],[83.2113,15.739],[83.2194,15.7466],[83.2319,15.7579],[83.2409,15.7658],[83.2532,15.7774],[83.2617,15.7851],[83.2745,15.7967],[83.2829,15.8048],[83.2953,15.8163],[83.3037,15.8245],[83.3163,15.8366],[83.3252,15.8443],[83.3371,15.856],[83.3455,15.8639],[83.3582,15.8755],[83.3664,15.8832],[83.3795,15.8947],[83.3876,15.9019],[83.4002,15.9137],[83.4087,15.9214],[83.4217,15.9334],[83.43,15.9412],[83.4422,15.9531],[83.4508,15.961],[83.4635,15.9727],[83.4719,15.9806],[83.4843,15.9923],[83.4924,16.0001],[83.505,16.0118],[83.5134,16.0195],[83.5266,16.0312],[83.5353,16.0387],[83.548,16.0504],[83.5571,16.0581],[83.5698,16.07],[83.5781,16.0776],[83.591,16.0897],[83.5992,16.0973],[83.6119,16.1092],[83.6201,16.1168],[83.6329,16.1287],[83.6414,16.1361],[83.6538,16.1477],[83.6623,16.1555],[83.6747,16.1672],[83.6832,16.1748],[83.6956,16.1872],[83.7041,16.1953],[83.7158,16.2067],[83.724,16.2148],[83.7365,16.2269],[83.745,16.2352],[83.7566,16.2463],[83.7645,16.2542],[83.7766,16.2658],[83.7846,16.2739],[83.7969,16.2862],[83.8051,16.2942],[83.8168,16.3066],[83.8248,16.3151],[83.8371,16.3273],[83.8449,16.3352],[83.8576,16.3482],[83.8658,16.3563],[83.8774,16.3691],[83.8854,16.377],[83.8971,16.3889],[83.9049,16.3975],[83.9171,16.4096],[83.9252,16.4173],[83.9367,16.4294],[83.9447,16.4373],[83.9571,16.4492],[83.9654,16.4574],[83.9771,16.4702],[83.9849,16.4783],[83.9965,16.4905],[84.004,16.4987],[84.0163,16.5112],[84.0245,16.5199],[84.0364,16.5326],[84.044,16.5403],[84.0561,16.5526],[84.0639,16.5608],[84.076,16.5731],[84.0842,16.5813],[84.097,16.5937],[84.1051,16.6015],[84.1172,16.6134],[84.1259,16.6215],[84.1376,16.633],[84.1458,16.6408],[84.1584,16.6524],[84.1668,16.6604],[84.1793,16.6717],[84.1876,16.6796],[84.2005,16.691],[84.2088,16.6982],[84.2216,16.7101],[84.2296,16.7178],[84.242,16.7293],[84.2508,16.7372],[84.2627,16.7491],[84.2711,16.757],[84.2828,16.7688],[84.291,16.7768],[84.3033,16.7887],[84.3117,16.7972],[84.3234,16.8091],[84.3313,16.8172],[84.3434,16.8291],[84.3514,16.8377],[84.364,16.85],[84.3721,16.8581],[84.3844,16.8705],[84.3921,16.8785],[84.4046,16.8904],[84.4127,16.8985],[84.425,16.9105],[84.4334,16.9185],[84.4453,16.9302],[84.4538,16.9383],[84.4657,16.9503],[84.4742,16.9584],[84.4864,16.9707],[84.4948,16.9787],[84.5069,16.9906],[84.5149,16.9986],[84.5275,17.0108],[84.5355,17.0186],[84.548,17.0306],[84.5569,17.0392],[84.5685,17.0508],[84.5765,17.0591],[84.5891,17.0711],[84.5977,17.0788],[84.6102,17.0907],[84.6188,17.0984],[84.6315,17.1098],[84.6401,17.1175],[84.6524,17.1285],[84.6614,17.1364],[84.6745,17.1476],[84.6836,17.1548],[84.6965,17.1654],[84.7053,17.1724],[84.7188,17.1834],[84.7275,17.1906],[84.7408,17.2011],[84.7495,17.2081],[84.763,17.2184],[84.7721,17.2256],[84.7854,17.2358],[84.7941,17.2427],[84.8077,17.2535],[84.817,17.2609],[84.8307,17.2714],[84.8394,17.2791],[84.8524,17.2894],[84.8621,17.2964],[84.8752,17.307],[84.8843,17.3131],[84.8982,17.3236],[84.9077,17.3303],[84.9209,17.3407],[84.9304,17.3472],[84.9444,17.3577],[84.9541,17.3643],[84.9675,17.374],[84.9765,17.3804],[84.9906,17.3909],[84.9994,17.3975],[85.0133,17.4078],[85.0225,17.4146],[85.0366,17.4248],[85.0462,17.4324],[85.0594,17.4424],[85.0687,17.4495],[85.0829,17.4601],[85.0927,17.467],[85.107,17.4775],[85.117,17.4841],[85.1306,17.4942],[85.1397,17.5005],[85.1542,17.5107],[85.1631,17.5173],[85.1771,17.5265],[85.1869,17.533],[85.2012,17.5423],[85.2104,17.5483],[85.2244,17.5581],[85.2336,17.5641],[85.2476,17.5731],[85.2572,17.5796],[85.2713,17.589],[85.2811,17.5952],[85.2949,17.6048],[85.305,17.6112],[85.3191,17.6209],[85.3292,17.6269],[85.3442,17.6363],[85.3544,17.6425],[85.3696,17.6515],[85.3794,17.6572],[85.3953,17.666],[85.4044,17.6712],[85.4194,17.6795],[85.4292,17.6852],[85.4446,17.694],[85.4538,17.6996],[85.4688,17.7078],[85.479,17.7137],[85.4938,17.7223],[85.5035,17.7279],[85.5186,17.7369],[85.5282,17.7421],[85.5432,17.7508],[85.5527,17.7564],[85.568,17.7649],[85.5782,17.7706],[85.5929,17.7791],[85.6032,17.7849],[85.6185,17.7937],[85.629,17.7989],[85.6442,17.8076],[85.6542,17.8134],[85.6695,17.8223],[85.6797,17.8276],[85.6954,17.8363],[85.7046,17.8418],[85.7197,17.85],[85.73,17.8554],[85.745,17.8636],[85.7549,17.869],[85.7705,17.8771],[85.7803,17.8822],[85.7958,17.8903],[85.8065,17.8957],[85.8222,17.9037],[85.8319,17.9088],[85.8469,17.9176],[85.857,17.9227],[85.8716,17.9312],[85.8818,17.9368],[85.8962,17.9449],[85.9063,17.9504],[85.9219,17.959],[85.9319,17.9645],[85.9474,17.972],[85.9581,17.9769],[85.973,17.9845],[85.9833,17.9893],[85.9992,17.9967],[86.0091,18.0014],[86.0247,18.0087],[86.0351,18.0129],[86.051,18.0204],[86.0611,18.0254],[86.0761,18.0325],[86.0867,18.0375],[86.1027,18.0448],[86.1134,18.0494],[86.1289,18.0561],[86.139,18.0605],[86.1548,18.0674],[86.1654,18.0723],[86.1813,18.0794],[86.1919,18.0839],[86.2077,18.0917],[86.2181,18.0963],[86.2336,18.1036],[86.2439,18.1093],[86.2592,18.1171],[86.2692,18.1221],[86.2845,18.131],[86.2944,18.136],[86.3099,18.1438],[86.3197,18.1491],[86.3349,18.1571],[86.345,18.1623],[86.3598,18.1703],[86.3704,18.176],[86.3854,18.1837],[86.3955,18.1896],[86.4108,18.1981],[86.4211,18.2038],[86.4358,18.2123],[86.4456,18.2174],[86.4606,18.2256],[86.4709,18.2313],[86.4858,18.2398],[86.4956,18.2456]]},"properties":{"mmsi":991322234,"name":"SYN-TAN-04","role":"candidate","vessel_type":80,"synthetic":true,"t_offset_s":[-203992,-203632,-203392,-203032,-202792,-202432,-202192,-201832,-201592,-201232,-200992,-200632,-200392,-200032,-199792,-199432,-199192,-198832,-198592,-198232,-197992,-197632,-197392,-197032,-196792,-196432,-196192,-195832,-195592,-195232,-194992,-194632,-194392,-194032,-193792,-193432,-193192,-192832,-192592,-192232,-191992,-191632,-191392,-191032,-190792,-190432,-190192,-189832,-189592,-189232,-188992,-188632,-188392,-188032,-187792,-187432,-187192,-186832,-186592,-186232,-185992,-185632,-185392,-185032,-184792,-184432,-184192,-183832,-183592,-183232,-182992,-182632,-182392,-182032,-181792,-181432,-181192,-180832,-180592,-180232,-179992,-179632,-179392,-179032,-178792,-178432,-178192,-177832,-177592,-177232,-176992,-176632,-176392,-176032,-175792,-175432,-175192,-174832,-174592,-174232,-173992,-173632,-173392,-173032,-172792,-172432,-172192,-171832,-171592,-171232,-170992,-170632,-170392,-170032,-169792,-169432,-169192,-168832,-168592,-168232,-167992,-167632,-167392,-167032,-166792,-166432,-166192,-165832,-165592,-165232,-164992,-164632,-164392,-164032,-163792,-163432,-163192,-162832,-162592,-162232,-161992,-161632,-161392,-161032,-160792,-160432,-160192,-159832,-159592,-159232,-158992,-158632,-158392,-158032,-157792,-157432,-157192,-156832,-156592,-156232,-155992,-155632,-155392,-155032,-154792,-154432,-154192,-153832,-153592,-153232,-152992,-152632,-152392,-152032,-151792,-151432,-151192,-150832,-150592,-150232,-149992,-149632,-149392,-149032,-148792,-148432,-148192,-147832,-147592,-147232,-146992,-146632,-146392,-146032,-145792,-145432,-145192,-144832,-144592,-144232,-143992,-143632,-143392,-143032,-142792,-142432,-142192,-141832,-141592,-141232,-140992,-140632,-140392,-140032,-139792,-139432,-139192,-138832,-138592,-138232,-137992,-137632,-137392,-137032,-136792,-136432,-136192,-135832,-135592,-135232,-134992,-134632,-134392,-134032,-133792,-133432,-133192,-132832,-132592,-132232,-131992,-131632,-131392,-131032,-130792,-130432,-130192,-129832,-129592,-129232,-128992,-128632,-128392,-128032,-127792,-127432,-127192,-126832,-126592,-126232,-125992,-125632,-125392,-125032,-124792,-124432,-124192,-123832,-123592,-123232,-122992,-122632,-122392,-122032,-121792,-121432,-121192,-120832,-120592,-120232,-119992,-119632,-119392,-119032,-118792,-118432,-118192,-117832,-117592,-117232,-116992,-116632,-116392,-116032,-115792,-115432,-115192,-114832,-114592,-114232,-113992,-113632,-113392,-113032,-112792,-112432,-112192,-111832,-111592,-111232,-110992,-110632,-110392,-110032,-109792,-109432,-109192,-108832,-108592,-108232,-107992,-107632,-107392,-107032,-106792,-106432,-106192,-105832,-105592,-105232,-104992,-104632,-104392,-104032,-103792,-103432,-103192,-102832,-102592,-102232,-101992,-101632,-101392,-101032,-100792,-100432,-100192,-99832,-99592,-99232,-98992,-98632,-98392,-98032,-97792,-97432,-97192,-96832,-96592,-96232,-95992,-95632,-95392,-95032,-94792,-94432,-94192,-93832,-93592,-93232,-92992,-92632,-92392,-92032,-91792,-91432,-91192,-90832,-90592,-90232,-89992,-89632,-89392,-89032,-88792,-88432,-88192,-87832,-87592,-87232,-86992,-86632,-86392,-86032,-85792,-85432,-85192,-84832,-84592,-84232,-83992,-83632,-83392,-83032,-82792,-82432,-82192,-81832,-81592,-81232,-80992,-80632,-80392,-80032,-79792,-79432,-79192,-78832,-78592,-78232,-77992,-77632,-77392,-77032,-76792,-76432,-76192,-75832,-75592,-75232,-74992,-74632,-74392,-74032,-73792,-73432,-73192,-72832,-72592,-72232,-71992,-71632,-71392],"sog":[10.3,10.3,10.0,10.1,9.6,10.2,10.0,10.6,9.7,9.7,10.2,10.2,10.3,9.7,9.5,10.0,10.2,10.2,10.0,9.5,10.7,10.4,9.9,9.8,10.2,10.0,10.2,9.9,10.5,10.1,10.6,10.7,10.7,10.1,9.4,10.4,10.0,10.5,10.3,9.8,10.1,10.2,10.4,10.3,9.7,10.3,10.0,10.1,10.3,10.3,10.6,10.0,10.3,9.7,9.9,9.8,10.3,10.1,9.7,10.1,9.9,10.1,10.3,10.2,10.3,10.6,10.1,10.2,10.4,10.0,9.7,10.4,10.3,9.8,10.4,9.9,9.8,10.2,10.2,10.5,10.4,10.5,9.7,10.1,10.2,10.3,9.7,10.2,9.8,9.8,10.2,10.1,10.8,10.7,9.8,10.7,10.5,9.5,10.0,10.3,10.1,10.5,10.4,10.1,10.3,10.1,10.1,10.0,9.5,10.1,10.0,10.2,10.2,9.9,10.3,10.1,9.8,10.7,10.3,10.6,10.3,9.9,10.7,9.9,9.9,10.0,10.4,9.9,10.1,10.0,10.0,10.1,10.2,10.3,9.6,10.3,10.3,10.1,10.3,10.6,9.6,10.2,10.3,9.7,10.3,10.3,10.3,10.1,9.9,10.7,10.2,9.9,9.4,9.9,10.5,9.6,10.0,10.4,10.6,9.9,9.8,10.2,10.6,10.1,9.8,10.0,9.8,10.3,10.3,10.1,10.3,10.6,10.1,10.5,10.0,10.0,10.3,10.3,9.9,10.5,10.2,9.9,10.1,10.0,10.5,10.4,10.5,10.5,10.0,10.6,9.9,10.0,9.7,10.4,10.6,10.1,10.0,10.7,10.0,9.7,10.0,11.2,10.6,9.5,10.0,10.0,9.8,9.9,10.4,9.9,10.2,10.5,10.3,10.5,10.3,9.9,10.2,9.8,10.1,10.1,10.2,9.5,10.0,10.1,10.3,10.1,10.1,9.9,9.9,9.9,10.9,9.6,9.8,10.0,10.4,9.9,10.3,10.3,10.7,10.1,10.3,9.4,10.0,10.2,10.4,10.0,10.4,10.1,9.6,9.9,10.4,9.9,10.7,9.8,10.0,9.5,10.4,9.8,10.2,9.9,10.0,10.3,10.3,10.2,10.3,10.6,10.3,10.1,10.1,9.8,10.0,10.0,10.2,10.0,11.0,9.7,10.4,10.2,10.1,10.6,10.2,10.2,10.3,10.0,9.8,10.6,10.5,10.5,10.2,10.3,10.7,10.1,10.6,10.4,9.9,10.0,10.0,10.4,9.7,9.9,9.9,10.2,10.2,10.4,9.7,10.2,10.8,10.2,10.4,10.0,10.2,10.3,9.9,10.6,10.1,9.9,10.2,10.2,10.3,9.7,10.0,10.2,10.0,10.6,10.2,10.0,10.5,9.9,10.4,10.2,10.4,10.5,10.4,9.7,10.6,10.2,9.7,9.7,10.0,10.3,10.1,10.2,9.9,10.1,10.7,10.1,10.0,9.3,10.2,10.3,10.5,10.4,10.7,9.7,10.3,10.5,9.4,10.1,10.2,10.5,9.7,10.2,10.3,9.5,9.8,10.2,10.1,9.7,9.7,9.9,10.6,10.4,10.6,10.3,10.4,10.5,10.0,10.7,10.3,9.9,9.8,10.2,10.7,10.3,9.8,10.4,10.3,10.2,10.2,10.6,10.1,10.3,10.1,9.8,10.2,10.1,10.4,10.2,10.2,10.2,9.9,9.7,9.6,10.2,9.9,10.1,10.0,9.6,10.0,9.8,10.1,10.5,10.3,10.3,9.5,10.2,10.1,10.2,10.2,10.4,10.0,10.3,9.9,9.9,9.9,10.1,9.8,10.5,9.8,10.7,10.6,9.8,10.7,10.0,10.3,10.3,10.1,10.3,10.1,9.9,10.6,10.1,9.9]}},{"type":"Feature","geometry":{"type":"LineString","coordinates":[[80.2568,15.6399],[80.2637,15.6388],[80.2786,15.6368],[80.2997,15.6335],[80.3146,15.6314],[80.3365,15.6279],[80.3511,15.6261],[80.3733,15.623],[80.3881,15.6214],[80.4104,15.6182],[80.4252,15.6165],[80.4468,15.6135],[80.4617,15.6119],[80.4838,15.6099],[80.4988,15.6078],[80.5213,15.605],[80.5363,15.6027],[80.558,15.5994],[80.5728,15.5968],[80.5943,15.5929],[80.6091,15.5902],[80.631,15.5857],[80.6452,15.5828],[80.668,15.5785],[80.6825,15.5755],[80.7033,15.5712],[80.7179,15.5686],[80.7394,15.5646],[80.7537,15.5617],[80.7754,15.5573],[80.7896,15.5543],[80.8108,15.55],[80.8254,15.5478],[80.8477,15.5429],[80.8616,15.5405],[80.8832,15.5365],[80.8983,15.5332],[80.9196,15.5292],[80.934,15.5263],[80.956,15.5226],[80.9705,15.5195],[80.9925,15.5156],[81.0072,15.5129],[81.0286,15.5096],[81.043,15.5074],[81.0647,15.5041],[81.0797,15.5017],[81.1015,15.4985],[81.1159,15.4962],[81.1378,15.4931],[81.1524,15.4907],[81.1742,15.4878],[81.1891,15.4852],[81.2106,15.4823],[81.2255,15.4799],[81.2472,15.4765],[81.2623,15.4738],[81.2836,15.4702],[81.2989,15.4679],[81.3211,15.4643],[81.3359,15.4618],[81.3589,15.4578],[81.3731,15.4553],[81.3952,15.4512],[81.4096,15.4481],[81.4321,15.4443],[81.4462,15.4413],[81.4679,15.4376],[81.4825,15.4352],[81.5036,15.4313],[81.5183,15.4286],[81.54,15.4241],[81.5549,15.4211],[81.5765,15.4166],[81.5911,15.4132],[81.6133,15.4081],[81.6279,15.4052],[81.6498,15.4011],[81.6643,15.3982],[81.6861,15.3943],[81.7003,15.3912],[81.7226,15.3879],[81.737,15.3856],[81.7593,15.3823],[81.7737,15.38],[81.7958,15.3771],[81.8102,15.3751],[81.8321,15.372],[81.8472,15.3694],[81.8693,15.3664],[81.8837,15.3639],[81.9053,15.3604],[81.9202,15.358],[81.9421,15.3545],[81.9561,15.3526],[81.9784,15.3486],[81.9933,15.3463],[82.0152,15.3425],[82.0295,15.34],[82.0516,15.3365],[82.0665,15.3343],[82.0882,15.3308],[82.1026,15.3285],[82.1243,15.3249],[82.1386,15.3227],[82.1612,15.3192],[82.1755,15.3161],[82.1969,15.3122],[82.2114,15.3095],[82.2333,15.305],[82.2478,15.3025],[82.2695,15.2978],[82.284,15.2946],[82.3056,15.2901],[82.3201,15.287],[82.3417,15.2818],[82.3557,15.2783],[82.3775,15.2727],[82.3919,15.2689],[82.4133,15.263],[82.4266,15.2588],[82.4485,15.2523],[82.4628,15.2478],[82.4839,15.2416],[82.4985,15.2366],[82.5198,15.2301],[82.5341,15.2257],[82.5553,15.2198],[82.5695,15.2159],[82.59,15.2101],[82.6046,15.2055],[82.6258,15.1996],[82.6402,15.196],[82.6621,15.1903],[82.6758,15.1865],[82.6969,15.1809],[82.7109,15.1765],[82.732,15.1702],[82.7462,15.166],[82.7675,15.1599],[82.7812,15.1554],[82.8025,15.1493],[82.8163,15.1452],[82.8377,15.1386],[82.8521,15.134],[82.8733,15.1278],[82.8876,15.1236],[82.9085,15.1176],[82.9228,15.1134],[82.9437,15.1071],[82.9575,15.1028],[82.9792,15.0961],[82.9931,15.0916],[83.0135,15.0848],[83.0274,15.0801],[83.0489,15.0726],[83.0635,15.0683],[83.0841,15.0619],[83.0985,15.0574],[83.1196,15.0515],[83.1333,15.047],[83.1549,15.0405],[83.1691,15.0364],[83.1906,15.0292],[83.2044,15.025],[83.226,15.0176],[83.2403,15.0126],[83.2615,15.0057],[83.275,15.0013],[83.2959,14.9934],[83.3099,14.9888],[83.3304,14.9814],[83.3446,14.9761],[83.3662,14.9683],[83.3802,14.9634],[83.401,14.956],[83.4149,14.9511],[83.4357,14.9439],[83.45,14.9386],[83.4713,14.9315],[83.4857,14.9266],[83.5071,14.9198],[83.5217,14.9156],[83.5433,14.9089],[83.5568,14.9043],[83.5778,14.8978],[83.5916,14.8937],[83.6125,14.8872],[83.6263,14.8831],[83.647,14.8767],[83.6617,14.8724],[83.6829,14.8661],[83.6968,14.8626],[83.7184,14.8569],[83.7325,14.8527],[83.7543,14.8467],[83.7687,14.8432],[83.7903,14.8377],[83.8045,14.8337],[83.8266,14.8276],[83.8407,14.8241],[83.8627,14.8184],[83.8769,14.8146],[83.8989,14.8093],[83.913,14.8058],[83.9348,14.8004],[83.9495,14.7972],[83.971,14.7924],[83.9854,14.7894],[84.007,14.7843],[84.0216,14.7803],[84.0431,14.7748],[84.0576,14.771],[84.0794,14.7655],[84.0932,14.7616],[84.1155,14.756],[84.1295,14.7524],[84.1515,14.7467],[84.1661,14.7425],[84.1868,14.7364],[84.2008,14.7324],[84.2225,14.726],[84.2361,14.7219],[84.257,14.7155],[84.2716,14.7112],[84.2933,14.7049],[84.3069,14.7006],[84.3288,14.6941],[84.3423,14.6902],[84.3638,14.6839],[84.3784,14.6796],[84.3993,14.6736],[84.4136,14.6691],[84.4354,14.6631],[84.4494,14.6589],[84.4708,14.6516],[84.4848,14.6471],[84.5061,14.64],[84.5202,14.6353],[84.541,14.6281],[84.5554,14.623],[84.5763,14.6156],[84.5908,14.6108],[84.6113,14.6034],[84.6256,14.5987],[84.6456,14.5913],[84.6596,14.5867],[84.6809,14.5797],[84.695,14.5751],[84.7161,14.5681],[84.7306,14.563],[84.7513,14.5556],[84.7648,14.5507],[84.786,14.5431],[84.7999,14.5378],[84.8209,14.5302],[84.8346,14.5253],[84.8556,14.5176],[84.8693,14.5124],[84.8897,14.5044],[84.9035,14.4996],[84.9242,14.4919],[84.9379,14.487],[84.9594,14.4797],[84.973,14.4749],[84.9939,14.4683],[85.0078,14.463],[85.029,14.4559],[85.0428,14.4512],[85.0632,14.4438],[85.0775,14.4388],[85.098,14.4313],[85.1124,14.4262],[85.1336,14.4189],[85.1477,14.4146],[85.1686,14.4075],[85.1828,14.4027],[85.2037,14.3954],[85.2173,14.391],[85.2385,14.3837],[85.2533,14.3791],[85.2737,14.3716],[85.2875,14.3667],[85.3087,14.3592],[85.3221,14.3543],[85.3432,14.3469],[85.3574,14.3423],[85.3788,14.3348],[85.3927,14.3298],[85.4129,14.3219],[85.4275,14.3166],[85.4486,14.3093],[85.4629,14.3038],[85.4834,14.2965],[85.4973,14.291],[85.5182,14.2832],[85.5322,14.2782],[85.5526,14.2707],[85.5667,14.2657],[85.5872,14.2575],[85.6008,14.2524],[85.6217,14.2448],[85.6355,14.2396],[85.6565,14.2321],[85.671,14.2269],[85.692,14.2196],[85.7059,14.2142],[85.7264,14.2058],[85.7401,14.2011],[85.7604,14.193],[85.7742,14.1879],[85.795,14.1799],[85.8088,14.1746],[85.8297,14.1664],[85.8436,14.1612],[85.8644,14.1531],[85.8777,14.1481],[85.8989,14.1398],[85.9123,14.1349],[85.9329,14.1271],[85.9474,14.122],[85.9684,14.114],[85.9818,14.1082],[86.0029,14.1],[86.0163,14.0947],[86.037,14.0864],[86.0505,14.0807],[86.0715,14.072],[86.0851,14.0661],[86.1053,14.0572],[86.1189,14.0512],[86.1395,14.0426],[86.1531,14.0365],[86.174,14.0279],[86.1873,14.0217],[86.207,14.0131],[86.2209,14.0069],[86.2409,13.9982],[86.2551,13.9923],[86.2753,13.9836],[86.2887,13.9777],[86.3096,13.969],[86.323,13.963],[86.3442,13.9545],[86.3573,13.9487],[86.378,13.9405],[86.3915,13.9347],[86.4124,13.9265],[86.4256,13.921],[86.4457,13.9123],[86.4591,13.9064],[86.479,13.8982],[86.4926,13.8922]]},"properties":{"mmsi":991672221,"name":"SYN-CAR-DCY1","role":"candidate","vessel_type":70,"synthetic":true,"t_offset_s":[-47760,-47640,-47400,-47040,-46800,-46440,-46200,-45840,-45600,-45240,-45000,-44640,-44400,-44040,-43800,-43440,-43200,-42840,-42600,-42240,-42000,-41640,-41400,-41040,-40800,-40440,-40200,-39840,-39600,-39240,-39000,-38640,-38400,-38040,-37800,-37440,-37200,-36840,-36600,-36240,-36000,-35640,-35400,-35040,-34800,-34440,-34200,-33840,-33600,-33240,-33000,-32640,-32400,-32040,-31800,-31440,-31200,-30840,-30600,-30240,-30000,-29640,-29400,-29040,-28800,-28440,-28200,-27840,-27600,-27240,-27000,-26640,-26400,-26040,-25800,-25440,-25200,-24840,-24600,-24240,-24000,-23640,-23400,-23040,-22800,-22440,-22200,-21840,-21600,-21240,-21000,-20640,-20400,-20040,-19800,-19440,-19200,-18840,-18600,-18240,-18000,-17640,-17400,-17040,-16800,-16440,-16200,-15840,-15600,-15240,-15000,-14640,-14400,-14040,-13800,-13440,-13200,-12840,-12600,-12240,-12000,-11640,-11400,-11040,-10800,-10440,-10200,-9840,-9600,-9240,-9000,-8640,-8400,-8040,-7800,-7440,-7200,-6840,-6600,-6240,-6000,-5640,-5400,-5040,-4800,-4440,-4200,-3840,-3600,-3240,-3000,-2640,-2400,-2040,-1800,-1440,-1200,-840,-600,-240,0,360,600,960,1200,1560,1800,2160,2400,2760,3000,3360,3600,3960,4200,4560,4800,5160,5400,5760,6000,6360,6600,6960,7200,7560,7800,8160,8400,8760,9000,9360,9600,9960,10200,10560,10800,11160,11400,11760,12000,12360,12600,12960,13200,13560,13800,14160,14400,14760,15000,15360,15600,15960,16200,16560,16800,17160,17400,17760,18000,18360,18600,18960,19200,19560,19800,20160,20400,20760,21000,21360,21600,21960,22200,22560,22800,23160,23400,23760,24000,24360,24600,24960,25200,25560,25800,26160,26400,26760,27000,27360,27600,27960,28200,28560,28800,29160,29400,29760,30000,30360,30600,30960,31200,31560,31800,32160,32400,32760,33000,33360,33600,33960,34200,34560,34800,35160,35400,35760,36000,36360,36600,36960,37200,37560,37800,38160,38400,38760,39000,39360,39600,39960,40200,40560,40800,41160,41400,41760,42000,42360,42600,42960,43200,43560,43800,44160,44400,44760,45000,45360,45600,45960,46200,46560,46800,47160,47400,47760,48000,48360,48600,48960,49200,49560,49800,50160,50400,50760,51000,51360,51600,51960,52200,52560,52800,53160,53400,53760,54000,54360,54600,54960,55200,55560,55800,56160,56400,56760,57000,57360,57600],"sog":[13.2,12.6,13.4,12.7,13.3,12.8,12.8,13.0,13.0,12.7,13.0,12.9,12.7,13.1,12.8,13.1,13.1,13.1,13.0,12.8,13.2,13.2,13.3,13.4,12.9,12.2,12.3,13.5,13.3,13.0,12.8,12.9,13.2,13.2,12.7,13.0,13.3,12.9,12.9,12.8,12.9,13.1,13.2,13.0,12.6,12.8,13.0,13.2,12.7,13.2,13.0,13.0,13.4,13.4,13.5,13.0,12.7,13.1,13.3,13.5,13.3,14.0,12.9,13.5,13.0,13.0,12.2,13.5,12.7,12.6,12.7,13.3,13.1,13.0,12.8,13.2,13.3,13.2,13.1,13.0,12.9,12.9,12.8,13.2,13.0,12.2,12.9,12.7,13.5,13.0,13.0,13.4,13.3,13.0,12.8,13.0,13.6,13.0,12.8,13.0,13.0,13.1,12.8,13.2,12.9,13.0,13.1,12.5,13.0,13.1,13.0,13.4,13.1,12.9,13.1,13.0,13.1,12.7,13.0,13.0,12.6,13.3,13.1,13.1,13.1,13.0,13.2,13.1,12.9,12.7,13.3,13.0,13.2,13.3,12.8,13.2,12.9,13.3,12.7,12.8,12.7,12.7,13.2,13.2,13.2,13.3,12.5,13.0,12.7,12.7,12.7,12.8,12.9,12.7,12.5,13.1,12.8,12.5,13.6,12.4,12.8,12.9,13.4,13.4,12.9,13.3,13.1,13.0,12.2,13.2,12.4,13.0,12.9,12.9,13.0,13.5,12.9,12.9,13.1,13.3,13.2,13.2,13.0,13.2,12.7,12.8,13.0,12.3,12.7,12.8,13.0,12.8,13.5,12.8,12.5,12.9,12.9,12.9,12.8,13.2,13.0,13.2,12.4,13.0,13.0,13.6,13.1,13.3,13.2,13.1,13.2,12.7,12.9,13.1,12.8,13.1,13.2,13.2,13.0,12.8,12.8,12.9,12.2,13.2,13.3,13.1,12.8,13.2,12.6,12.6,13.1,13.0,13.3,13.0,12.6,13.2,13.1,13.3,12.4,13.3,13.3,13.4,13.4,12.6,13.3,12.6,12.9,12.9,12.7,12.9,13.8,13.2,12.9,13.4,13.1,13.1,13.1,13.0,13.1,13.0,12.8,12.8,12.8,13.4,12.6,12.8,13.0,13.6,13.2,12.6,13.1,13.0,13.0,13.2,13.2,12.5,13.1,12.7,12.9,13.1,13.4,12.9,13.1,13.3,13.0,13.1,13.2,13.4,12.6,12.5,13.4,13.1,13.0,12.7,13.4,13.2,12.7,12.8,13.1,13.3,12.7,12.8,13.1,12.5,13.3,13.4,13.2,12.9,12.8,13.2,12.3,12.6,12.6,12.9,12.6,13.2,12.6,13.2,12.4,12.8,13.1,13.1,12.4,13.4,12.6,12.8,13.4,13.4,13.0,13.0,12.5,13.6,13.4,13.0,12.9,13.3,13.3,12.8,13.3,13.0,12.7,13.5,13.0,13.3,13.0,12.8,12.7,12.8,12.8,12.8,13.1,12.6,13.5]}},{"type":"Feature","geometry":{"type":"LineString","coordinates":[[81.5088,12.1341],[81.5136,12.139],[81.5237,12.1486],[81.5382,12.1638],[81.548,12.1736],[81.5624,12.1885],[81.5723,12.1986],[81.5872,12.2138],[81.5967,12.224],[81.6107,12.2393],[81.6202,12.2491],[81.634,12.2649],[81.6431,12.2754],[81.6569,12.2911],[81.6658,12.3012],[81.6802,12.317],[81.6898,12.3275],[81.7045,12.3424],[81.714,12.3524],[81.7287,12.3682],[81.738,12.3785],[81.7523,12.393],[81.7622,12.4029],[81.777,12.4178],[81.7866,12.428],[81.8005,12.4425],[81.8105,12.4525],[81.8255,12.4681],[81.835,12.4786],[81.8492,12.4938],[81.8586,12.5046],[81.8729,12.5201],[81.8826,12.5302],[81.8963,12.5452],[81.9061,12.5561],[81.9199,12.571],[81.9294,12.5811],[81.9439,12.5966],[81.9535,12.6065],[81.9678,12.6219],[81.9781,12.6321],[81.9929,12.6471],[82.0025,12.6572],[82.0171,12.6725],[82.0272,12.683],[82.0415,12.6984],[82.0509,12.7083],[82.0651,12.7241],[82.075,12.7346],[82.0899,12.7494],[82.0992,12.7592],[82.1142,12.7743],[82.1241,12.7843],[82.1393,12.7993],[82.1492,12.8097],[82.164,12.8242],[82.174,12.8337],[82.189,12.849],[82.1989,12.8584],[82.2139,12.8731],[82.2236,12.883],[82.239,12.8983],[82.2489,12.9082],[82.2633,12.9228],[82.273,12.933],[82.2876,12.9479],[82.2977,12.9581],[82.3133,12.9728],[82.323,12.9822],[82.337,12.9971],[82.3469,13.0068],[82.3614,13.0219],[82.371,13.0318],[82.3855,13.0475],[82.3946,13.0573],[82.4091,13.073],[82.4186,13.0831],[82.4332,13.0984],[82.4432,13.1083],[82.4572,13.1241],[82.467,13.1347],[82.4815,13.1497],[82.491,13.1598],[82.5056,13.1747],[82.516,13.1845],[82.5309,13.1987],[82.5409,13.2084],[82.556,13.223],[82.5662,13.2326],[82.5816,13.2472],[82.5915,13.2572],[82.6065,13.2716],[82.6165,13.2816],[82.6316,13.2958],[82.6424,13.3053],[82.6579,13.3193],[82.6682,13.3287],[82.6841,13.3435],[82.6941,13.3528],[82.7102,13.367],[82.7207,13.376],[82.7371,13.3903],[82.7468,13.3994],[82.762,13.413],[82.7726,13.4226],[82.7884,13.4367],[82.7982,13.4461],[82.8141,13.461],[82.8242,13.4704],[82.8401,13.4847],[82.8499,13.4944],[82.8647,13.509],[82.8747,13.5189],[82.89,13.5341],[82.9,13.5445],[82.9146,13.5598],[82.9245,13.57],[82.9395,13.5847],[82.9501,13.5943],[82.9651,13.6089],[82.9753,13.6189],[82.9901,13.6341],[83.0001,13.6439],[83.0147,13.6589],[83.0247,13.669],[83.0398,13.6839],[83.0496,13.6939],[83.0641,13.7088],[83.0734,13.7191],[83.0877,13.7341],[83.0974,13.744],[83.1126,13.7595],[83.1215,13.7692],[83.1361,13.7844],[83.1458,13.7943],[83.1612,13.8095],[83.1708,13.819],[83.1856,13.8336],[83.1956,13.8435],[83.2111,13.8584],[83.2208,13.8679],[83.2361,13.8829],[83.2461,13.8921],[83.261,13.907],[83.2707,13.9167],[83.2863,13.9314],[83.2964,13.9411],[83.3113,13.9557],[83.3213,13.9651],[83.3373,13.9794],[83.3467,13.9884],[83.3625,14.0022],[83.3728,14.0119],[83.3881,14.0263],[83.3978,14.0358],[83.4133,14.0504],[83.4239,14.0601],[83.4392,14.0741],[83.4495,14.0838],[83.4646,14.0976],[83.4744,14.107],[83.4904,14.1211],[83.5006,14.1302],[83.5161,14.1439],[83.5269,14.1526],[83.5425,14.1662],[83.553,14.1753],[83.5692,14.1886],[83.58,14.1974],[83.5962,14.211],[83.6072,14.2196],[83.6237,14.233],[83.6345,14.2419],[83.6505,14.2552],[83.6619,14.2637],[83.6781,14.2765],[83.6894,14.285],[83.7062,14.2976],[83.7174,14.3062],[83.7347,14.319],[83.7458,14.3277],[83.7628,14.3406],[83.774,14.3491],[83.7904,14.3622],[83.8019,14.3705],[83.8187,14.3835],[83.83,14.392],[83.8467,14.4048],[83.8578,14.4137],[83.8742,14.4273],[83.885,14.436],[83.9013,14.45],[83.912,14.4591],[83.9282,14.4728],[83.9388,14.4822],[83.9551,14.4962],[83.9661,14.5055],[83.9817,14.5192],[83.9931,14.5286],[84.0093,14.5424],[84.02,14.5514],[84.036,14.5652],[84.0463,14.5747],[84.062,14.5884],[84.0722,14.5981],[84.0876,14.6118],[84.0982,14.6208],[84.1144,14.635],[84.1247,14.6442],[84.1407,14.658],[84.151,14.6669],[84.1661,14.6804],[84.1768,14.6897],[84.1926,14.7039],[84.2034,14.7133],[84.2191,14.728],[84.2292,14.7378],[84.2454,14.7523],[84.2554,14.7618],[84.2703,14.7761],[84.2805,14.786],[84.2951,14.7997],[84.3053,14.8097],[84.3206,14.8245],[84.331,14.8338],[84.3469,14.8482],[84.357,14.8573],[84.3732,14.8716],[84.3835,14.8811],[84.3989,14.8954],[84.4092,14.9043]]},"properties":{"mmsi":992221277,"name":"SYN-TAN-17","role":"background","vessel_type":80,"synthetic":true,"t_offset_s":[17381,17501,17741,18101,18341,18701,18941,19301,19541,19901,20141,20501,20741,21101,21341,21701,21941,22301,22541,22901,23141,23501,23741,24101,24341,24701,24941,25301,25541,25901,26141,26501,26741,27101,27341,27701,27941,28301,28541,28901,29141,29501,29741,30101,30341,30701,30941,31301,31541,31901,32141,32501,32741,33101,33341,33701,33941,34301,34541,34901,35141,35501,35741,36101,36341,36701,36941,37301,37541,37901,38141,38501,38741,39101,39341,39701,39941,40301,40541,40901,41141,41501,41741,42101,42341,42701,42941,43301,43541,43901,44141,44501,44741,45101,45341,45701,45941,46301,46541,46901,47141,47501,47741,48101,48341,48701,48941,49301,49541,49901,50141,50501,50741,51101,51341,51701,51941,52301,52541,52901,53141,53501,53741,54101,54341,54701,54941,55301,55541,55901,56141,56501,56741,57101,57341,57701,57941,58301,58541,58901,59141,59501,59741,60101,60341,60701,60941,61301,61541,61901,62141,62501,62741,63101,63341,63701,63941,64301,64541,64901,65141,65501,65741,66101,66341,66701,66941,67301,67541,67901,68141,68501,68741,69101,69341,69701,69941,70301,70541,70901,71141,71501,71741,72101,72341,72701,72941,73301,73541,73901,74141,74501,74741,75101,75341,75701,75941,76301,76541,76901,77141,77501,77741,78101,78341,78701,78941,79301,79541,79901,80141,80501,80741,81101,81341,81701,81941,82301,82541,82901,83141,83501,83741,84101,84341,84701,84941,85301,85541,85901,86141],"sog":[12.5,11.8,12.4,12.3,12.0,12.8,12.2,12.7,12.8,12.6,12.1,12.4,12.0,12.3,12.1,12.5,12.8,12.0,12.8,12.9,12.6,12.2,12.2,12.2,11.9,12.1,12.4,13.0,12.4,12.6,12.1,12.9,12.1,12.1,12.6,12.0,12.3,12.5,12.4,12.7,13.0,12.7,12.3,12.6,12.7,12.4,12.5,12.6,12.3,12.5,11.7,12.4,12.5,12.4,13.1,12.4,12.5,13.4,12.3,12.8,12.5,12.9,12.5,12.2,12.4,12.3,12.1,12.7,12.0,11.9,12.5,12.2,12.5,12.5,12.4,12.1,12.3,12.5,12.6,12.8,12.4,12.2,12.3,12.4,12.0,12.6,12.7,12.0,12.4,12.4,12.0,12.3,13.0,12.6,12.7,12.4,12.1,12.8,12.5,12.5,12.4,12.8,12.1,11.9,12.3,12.6,12.5,12.9,12.1,12.3,12.4,12.2,12.6,12.7,12.4,13.1,12.5,12.5,12.3,12.7,12.4,12.8,12.6,12.1,12.6,12.3,12.5,12.4,12.4,12.6,12.6,12.4,11.8,12.6,12.4,12.7,12.1,12.1,12.4,12.7,12.4,12.7,12.4,12.0,12.2,12.6,12.1,11.8,12.8,12.6,11.9,12.7,12.3,12.4,12.0,12.4,12.3,12.4,12.3,11.7,12.0,12.0,12.3,12.7,11.6,12.4,12.2,12.2,12.5,12.2,12.4,12.0,12.2,11.9,12.5,11.8,12.2,12.5,12.3,13.0,12.8,13.0,12.4,12.1,12.8,12.9,12.4,12.8,12.5,12.1,12.5,12.6,12.6,12.5,12.7,12.6,12.7,12.5,12.5,12.5,12.4,12.7,12.2,12.2,12.6,12.1,12.2,12.5,12.2,13.1,12.1,11.8,12.3,12.9,12.8,13.0,12.4,12.7,11.8,12.3,12.7,12.1,12.3,12.6,12.3,13.2,12.7,12.4,12.3,12.1,12.3]}},{"type":"Feature","geometry":{"type":"LineString","coordinates":[[82.5577,12.7109],[82.5684,12.7246],[82.5846,12.7438],[82.5957,12.7565],[82.612,12.7757],[82.6226,12.7879],[82.6396,12.8067],[82.6506,12.8191],[82.6671,12.8378],[82.6788,12.8507],[82.6958,12.8694],[82.7072,12.8823],[82.7242,12.9008],[82.7352,12.9132],[82.7519,12.9322],[82.7633,12.9444],[82.7803,12.9636],[82.7911,12.9758],[82.8077,12.9951],[82.8183,13.0083],[82.8339,13.028],[82.8447,13.0413],[82.8606,13.0608],[82.8709,13.0739],[82.8864,13.0935],[82.897,13.1069],[82.9127,13.1265],[82.9236,13.1393],[82.9389,13.1585],[82.9493,13.1717],[82.9656,13.1918],[82.9751,13.205],[82.9907,13.2248],[83.0012,13.2378],[83.0164,13.2577],[83.0272,13.2707],[83.0432,13.2904],[83.0541,13.3032],[83.0696,13.3223],[83.0801,13.3355],[83.0965,13.3551],[83.1066,13.3685],[83.1225,13.3882],[83.1329,13.4009],[83.1485,13.421],[83.1588,13.434],[83.1744,13.4534],[83.185,13.4668],[83.2004,13.4872],[83.2109,13.5004],[83.2263,13.5205],[83.2366,13.5339],[83.2519,13.5541],[83.2628,13.5674],[83.2785,13.5873],[83.2888,13.6008],[83.3041,13.6204],[83.3144,13.6342],[83.3294,13.6542],[83.3394,13.6676],[83.3546,13.6882],[83.3643,13.7016],[83.3792,13.7212],[83.3894,13.7347],[83.4042,13.7542],[83.4144,13.7673],[83.4292,13.7879],[83.439,13.8013],[83.4538,13.8212],[83.4636,13.8354],[83.4784,13.8558],[83.4874,13.8693],[83.502,13.8898],[83.5114,13.9037],[83.5259,13.9238],[83.5355,13.9378],[83.5498,13.9583],[83.5592,13.9718],[83.573,13.9927],[83.5824,14.0067],[83.5959,14.0277],[83.6048,14.0418],[83.6183,14.0627],[83.6269,14.0773],[83.6398,14.0981],[83.6485,14.1129],[83.6608,14.1346],[83.6697,14.1488],[83.6827,14.1706],[83.6912,14.1851],[83.7039,14.2063],[83.7119,14.2206],[83.7243,14.2426],[83.7327,14.257],[83.745,14.2794],[83.7532,14.2936],[83.7651,14.3153],[83.773,14.3301],[83.7851,14.3522],[83.7932,14.3666],[83.8061,14.3884],[83.8142,14.4029],[83.8273,14.4244],[83.8357,14.4386],[83.849,14.4601],[83.8577,14.4742],[83.8701,14.4956],[83.8787,14.5091],[83.8912,14.5307],[83.9,14.5453],[83.9125,14.5672],[83.9214,14.5818],[83.9338,14.6033],[83.942,14.6182],[83.9538,14.6398],[83.9622,14.6544],[83.9742,14.6761],[83.9827,14.6908],[83.9953,14.7126],[84.0036,14.7266],[84.0163,14.7484],[84.0242,14.7632],[84.0366,14.7844],[84.0448,14.7991],[84.0576,14.8207],[84.0657,14.8349],[84.0777,14.8562],[84.0859,14.8704],[84.0989,14.892],[84.1077,14.9065],[84.1201,14.9281],[84.1286,14.9425],[84.1407,14.9642],[84.149,14.9785],[84.1615,15.001],[84.1696,15.016],[84.1819,15.0378],[84.1899,15.0525],[84.2022,15.0747],[84.2103,15.0894],[84.2225,15.1114],[84.2305,15.1261],[84.2423,15.1477],[84.2501,15.1624],[84.2623,15.1838],[84.2709,15.1984],[84.2839,15.2198],[84.2926,15.2341],[84.3056,15.2558],[84.3144,15.27],[84.3262,15.2911],[84.3344,15.3064],[84.3474,15.3282],[84.3553,15.3431],[84.3671,15.3656],[84.3752,15.3801],[84.3874,15.4022],[84.395,15.417],[84.4063,15.4393],[84.414,15.454],[84.4256,15.4764],[84.4332,15.4913],[84.4448,15.5133],[84.4519,15.5284],[84.4629,15.5508],[84.47,15.5659],[84.4807,15.5884],[84.4877,15.6042],[84.4977,15.6267],[84.5048,15.6415],[84.5147,15.6639],[84.5218,15.6792],[84.5324,15.7023],[84.5391,15.7171],[84.5498,15.7398],[84.5566,15.7549],[84.5673,15.7778],[84.5743,15.7938],[84.5845,15.816],[84.5916,15.8313],[84.602,15.8541],[84.6089,15.8698],[84.6194,15.8922],[84.6262,15.9074],[84.6368,15.9311],[84.6436,15.9462],[84.6532,15.9689],[84.6597,15.9843],[84.6699,16.007],[84.6765,16.0221],[84.6862,16.0448],[84.6931,16.0602],[84.703,16.0838],[84.7099,16.0993],[84.719,16.1226],[84.7255,16.138],[84.7349,16.1614],[84.7412,16.1775],[84.7506,16.2004],[84.7565,16.2158],[84.766,16.2397],[84.7717,16.2553],[84.7816,16.2781],[84.7876,16.2942],[84.7972,16.317],[84.8031,16.3326],[84.8122,16.3558],[84.8182,16.3715],[84.8269,16.3947],[84.8328,16.4106],[84.8419,16.4338],[84.8479,16.4489],[84.8575,16.4718],[84.8638,16.4873],[84.8732,16.5103],[84.8798,16.5257],[84.8892,16.549],[84.8957,16.5641],[84.9053,16.5871],[84.9122,16.6025],[84.9219,16.6253],[84.9283,16.6407],[84.9383,16.6635],[84.9452,16.6787],[84.9547,16.7015],[84.9619,16.7167],[84.972,16.739],[84.979,16.7544],[84.9894,16.7772],[84.9964,16.7919],[85.0076,16.815],[85.0149,16.8302],[85.0257,16.8526],[85.0329,16.8683],[85.044,16.8907],[85.0515,16.9063],[85.0619,16.9287],[85.0691,16.9438],[85.0801,16.9664],[85.0871,16.981],[85.0976,17.0037],[85.1056,17.0192],[85.1165,17.0415],[85.1237,17.0565],[85.1345,17.0796],[85.1415,17.0945],[85.1525,17.1174],[85.1599,17.1321],[85.1706,17.1555],[85.1778,17.1702],[85.189,17.1929],[85.196,17.208],[85.2067,17.231],[85.2137,17.2456],[85.2243,17.2684],[85.2314,17.2833],[85.2422,17.3056],[85.2488,17.3206],[85.2595,17.3432],[85.2666,17.3585],[85.2768,17.3805],[85.2837,17.3963],[85.2939,17.4193],[85.3009,17.4347],[85.3113,17.4576],[85.3184,17.4723],[85.329,17.4949],[85.3366,17.51],[85.3478,17.5324],[85.3556,17.5478],[85.3677,17.5704],[85.3755,17.585],[85.3877,17.6068],[85.3958,17.6218],[85.4076,17.6441],[85.4157,17.6587],[85.4281,17.6809],[85.4365,17.6959],[85.4484,17.7173],[85.4569,17.7318],[85.4691,17.7539],[85.4778,17.7688],[85.4906,17.791],[85.4984,17.8055],[85.5106,17.8272],[85.5186,17.842],[85.5306,17.8639],[85.5388,17.8782],[85.5505,17.9007],[85.5582,17.9158],[85.5698,17.9378],[85.5778,17.9522],[85.5898,17.9743],[85.5978,17.9888],[85.6093,18.0116],[85.6169,18.0262],[85.6286,18.0484],[85.6359,18.0636],[85.6472,18.0859],[85.655,18.1009],[85.6667,18.123],[85.6744,18.138],[85.6862,18.1605],[85.6931,18.1755],[85.7045,18.1985],[85.7116,18.2132],[85.7228,18.2357],[85.7303,18.2509],[85.7409,18.2735],[85.748,18.2884],[85.7585,18.3113],[85.7658,18.3263],[85.7768,18.3492],[85.784,18.3642],[85.7947,18.3875],[85.8022,18.4024],[85.8135,18.425],[85.8212,18.4399],[85.8322,18.4625],[85.8401,18.478]]},"properties":{"mmsi":992796690,"name":"SYN-TAN-00","role":"candidate","vessel_type":80,"synthetic":true,"t_offset_s":[-63191,-62951,-62591,-62351,-61991,-61751,-61391,-61151,-60791,-60551,-60191,-59951,-59591,-59351,-58991,-58751,-58391,-58151,-57791,-57551,-57191,-56951,-56591,-56351,-55991,-55751,-55391,-55151,-54791,-54551,-54191,-53951,-53591,-53351,-52991,-52751,-52391,-52151,-51791,-51551,-51191,-50951,-50591,-50351,-49991,-49751,-49391,-49151,-48791,-48551,-48191,-47951,-47591,-47351,-46991,-46751,-46391,-46151,-45791,-45551,-45191,-44951,-44591,-44351,-43991,-43751,-43391,-43151,-42791,-42551,-42191,-41951,-41591,-41351,-40991,-40751,-40391,-40151,-39791,-39551,-39191,-38951,-38591,-38351,-37991,-37751,-37391,-37151,-36791,-36551,-36191,-35951,-35591,-35351,-34991,-34751,-34391,-34151,-33791,-33551,-33191,-32951,-32591,-32351,-31991,-31751,-31391,-31151,-30791,-30551,-30191,-29951,-29591,-29351,-28991,-28751,-28391,-28151,-27791,-27551,-27191,-26951,-26591,-26351,-25991,-25751,-25391,-25151,-24791,-24551,-24191,-23951,-23591,-23351,-22991,-22751,-22391,-22151,-21791,-21551,-21191,-20951,-20591,-20351,-19991,-19751,-19391,-19151,-18791,-18551,-18191,-17951,-17591,-17351,-16991,-16751,-16391,-16151,-15791,-15551,-15191,-14951,-14591,-14351,-13991,-13751,-13391,-13151,-12791,-12551,-12191,-11951,-11591,-11351,-10991,-10751,-10391,-10151,-9791,-9551,-9191,-8951,-8591,-8351,-7991,-7751,-7391,-7151,-6791,-6551,-6191,-5951,-5591,-5351,-4991,-4751,-4391,-4151,-3791,-3551,-3191,-2951,-2591,-2351,-1991,-1751,-1391,-1151,-791,-551,-191,49,409,649,1009,1249,1609,1849,2209,2449,2809,3049,3409,3649,4009,4249,4609,4849,5209,5449,5809,6049,6409,6649,7009,7249,7609,7849,8209,8449,8809,9049,9409,9649,10009,10249,10609,10849,11209,11449,11809,12049,12409,12649,13009,13249,13609,13849,14209,14449,14809,15049,15409,15649,16009,16249,16609,16849,17209,17449,17809,18049,18409,18649,19009,19249,19609,19849,20209,20449,20809,21049,21409,21649,22009,22249,22609,22849,23209,23449,23809,24049,24409,24649,25009,25249,25609,25849,26209,26449,26809,27049,27409,27649,28009,28249,28609,28849,29209,29449,29809,30049,30409,30649,31009,31249,31609,31849,32209,32449],"sog":[15.3,14.8,15.4,14.7,15.0,13.6,15.7,14.9,15.2,15.2,14.8,15.3,15.0,14.8,15.0,14.4,15.5,14.8,15.1,15.2,15.0,14.6,14.6,14.7,14.8,15.8,14.8,14.9,14.8,14.9,15.2,14.9,15.0,14.9,15.3,14.8,15.4,15.1,14.9,14.5,14.7,15.2,14.8,14.6,14.9,14.4,15.2,14.8,15.3,14.7,15.3,15.3,15.0,15.4,15.4,14.4,14.7,14.9,14.5,14.7,15.3,14.8,14.3,14.8,14.6,14.4,15.2,14.7,15.0,15.0,14.7,15.0,15.3,14.9,15.1,15.1,14.5,14.3,14.5,15.1,14.9,14.7,14.6,14.9,14.7,15.3,14.5,15.0,14.8,14.7,14.2,14.8,14.8,14.4,15.8,14.3,14.5,14.7,15.1,14.7,15.1,15.0,15.0,15.0,14.9,14.4,14.7,14.3,15.0,15.0,15.2,15.2,14.6,14.8,14.7,15.0,14.6,14.7,14.9,14.7,15.0,15.1,15.0,14.7,14.8,14.3,14.4,14.7,14.9,15.3,14.5,15.0,14.9,14.9,15.4,15.0,14.8,15.0,15.4,15.0,15.0,14.6,14.8,14.9,14.9,14.8,14.7,15.1,15.3,14.9,14.6,15.4,15.0,15.0,15.5,15.0,15.7,15.2,14.5,15.3,14.4,15.0,15.0,14.2,14.5,15.2,14.9,15.0,14.5,14.7,14.9,14.8,15.4,14.9,14.4,14.7,14.7,15.4,14.8,15.0,14.3,15.3,14.8,14.8,15.3,15.3,14.9,15.2,14.4,14.7,15.0,15.0,15.2,14.9,14.5,15.0,15.1,15.4,14.7,14.9,15.0,15.1,15.0,15.6,15.5,15.1,14.5,15.4,14.6,14.7,14.7,14.7,15.0,15.1,14.4,15.4,14.8,14.5,15.1,15.5,14.5,15.2,15.1,14.6,15.1,14.6,14.8,14.8,14.9,14.6,15.2,15.0,14.9,15.4,15.2,15.6,14.9,14.6,15.2,14.8,15.3,15.2,14.5,15.1,15.3,15.1,15.1,14.7,14.8,14.7,14.7,14.7,15.5,14.9,15.1,14.4,14.8,14.7,14.7,15.2,14.8,15.4,15.3,15.0,15.3,14.8,14.9,14.9,14.9,15.4,14.8,14.4,15.1,15.1,15.3,14.9,15.0,15.4,15.4,14.9,15.2,15.6,15.0,14.4,14.9,14.8,14.5,14.9,15.2,14.3,14.4,15.0,14.5,14.7,15.1,15.2,14.8,14.9,14.6,15.2,15.1,14.9,15.0,14.6,15.1,15.1,14.5,14.6,14.9,14.9,14.8,14.9,15.6,14.9,14.5,15.0,14.9,14.8,14.8,15.3]}},{"type":"Feature","geometry":{"type":"LineString","coordinates":[[82.2817,12.8442],[82.2765,12.8394],[82.2664,12.8294],[82.2511,12.8147],[82.2407,12.805],[82.2256,12.7905],[82.2148,12.7805],[82.1993,12.7656],[82.1892,12.756],[82.1738,12.7411],[82.1639,12.7313],[82.1486,12.7166],[82.1389,12.7064],[82.1239,12.6915],[82.1138,12.6812],[82.099,12.6666],[82.089,12.6567],[82.0738,12.6421],[82.064,12.632],[82.0494,12.6175],[82.0394,12.6075],[82.024,12.5931],[82.0134,12.5829],[81.9977,12.5684],[81.9879,12.5585],[81.9727,12.5436],[81.9623,12.5337],[81.9463,12.5191],[81.9361,12.5096],[81.9203,12.4956],[81.9097,12.4862],[81.8934,12.4721],[81.8824,12.4631],[81.8662,12.4503],[81.8554,12.4413],[81.8393,12.4282],[81.8277,12.4194],[81.8107,12.4069],[81.799,12.3986],[81.7823,12.3866],[81.7707,12.3783],[81.7535,12.3666],[81.7415,12.3587],[81.7239,12.347],[81.712,12.3392],[81.6944,12.3273],[81.6826,12.3193],[81.6641,12.3077],[81.653,12.3006],[81.6344,12.2893],[81.6231,12.2816],[81.606,12.2707],[81.5939,12.2631],[81.5751,12.2518],[81.563,12.2445],[81.5448,12.2333],[81.5331,12.2263],[81.5146,12.2147],[81.5024,12.2075],[81.485,12.1958],[81.4728,12.1876],[81.4559,12.1759],[81.444,12.1678],[81.4265,12.1556],[81.4155,12.1476],[81.3982,12.1347],[81.387,12.1263],[81.37,12.1134],[81.3581,12.1049],[81.3406,12.0928],[81.3289,12.0848],[81.3117,12.0731],[81.2998,12.0655],[81.2824,12.054],[81.2712,12.046],[81.2541,12.0342],[81.2425,12.0258],[81.2258,12.0142],[81.2141,12.0061],[81.1967,11.9937],[81.1852,11.986],[81.1677,11.9737],[81.1558,11.9659],[81.1387,11.9537],[81.127,11.9457],[81.1096,11.9335],[81.0983,11.9252],[81.0814,11.9136],[81.07,11.9051],[81.0527,11.8932],[81.0412,11.8847],[81.024,11.8725],[81.0124,11.8635],[80.9954,11.8515],[80.984,11.8428],[80.9672,11.8301],[80.9556,11.8223],[80.9388,11.8094],[80.9272,11.8011],[80.9102,11.7888],[80.8983,11.7803],[80.8815,11.7677],[80.8705,11.7596],[80.853,11.747],[80.8422,11.7386],[80.8253,11.726],[80.8143,11.7177],[80.7981,11.7041],[80.7873,11.6953],[80.7715,11.6813],[80.7605,11.6715],[80.745,11.6575],[80.7344,11.6476],[80.7191,11.6327],[80.7088,11.6231],[80.6932,11.6087],[80.6838,11.5995],[80.6681,11.5848],[80.6579,11.5754],[80.6426,11.5613],[80.6321,11.5519],[80.6173,11.5364],[80.607,11.5265],[80.5921,11.5119],[80.5817,11.5018],[80.5675,11.4869],[80.5573,11.4763],[80.5425,11.4614],[80.5326,11.4515],[80.5182,11.4356],[80.5083,11.4258],[80.4932,11.4103],[80.4832,11.4004],[80.4687,11.3852],[80.4589,11.3751],[80.4438,11.3601],[80.4338,11.3497],[80.4189,11.3345],[80.4093,11.3243],[80.3944,11.3095],[80.3845,11.2993],[80.37,11.2842],[80.3594,11.2743],[80.3437,11.2595],[80.3332,11.2498],[80.3179,11.2346],[80.3077,11.225],[80.2925,11.2109],[80.2824,11.201],[80.2666,11.1861],[80.2562,11.1766],[80.2405,11.1623],[80.2305,11.1525],[80.2152,11.1383],[80.2047,11.1286],[80.1888,11.1136],[80.1787,11.1044],[80.1632,11.0904],[80.1521,11.0811],[80.1358,11.0672],[80.1249,11.058],[80.1085,11.044],[80.0979,11.035],[80.0816,11.0209],[80.0712,11.0115],[80.0553,10.9974],[80.0449,10.9876],[80.0296,10.9735],[80.0193,10.9639],[80.0039,10.95],[79.9934,10.9411],[79.9776,10.9272],[79.9675,10.9181],[79.9518,10.9043],[79.9411,10.8951],[79.9245,10.8812],[79.9138,10.8724],[79.8969,10.8585],[79.8859,10.8494],[79.8689,10.836],[79.8577,10.8276]]},"properties":{"mmsi":992797622,"name":"SYN-TAN-02","role":"candidate","vessel_type":80,"synthetic":true,"t_offset_s":[-188135,-188015,-187775,-187415,-187175,-186815,-186575,-186215,-185975,-185615,-185375,-185015,-184775,-184415,-184175,-183815,-183575,-183215,-182975,-182615,-182375,-182015,-181775,-181415,-181175,-180815,-180575,-180215,-179975,-179615,-179375,-179015,-178775,-178415,-178175,-177815,-177575,-177215,-176975,-176615,-176375,-176015,-175775,-175415,-175175,-174815,-174575,-174215,-173975,-173615,-173375,-173015,-172775,-172415,-172175,-171815,-171575,-171215,-170975,-170615,-170375,-170015,-169775,-169415,-169175,-168815,-168575,-168215,-167975,-167615,-167375,-167015,-166775,-166415,-166175,-165815,-165575,-165215,-164975,-164615,-164375,-164015,-163775,-163415,-163175,-162815,-162575,-162215,-161975,-161615,-161375,-161015,-160775,-160415,-160175,-159815,-159575,-159215,-158975,-158615,-158375,-158015,-157775,-157415,-157175,-156815,-156575,-156215,-155975,-155615,-155375,-155015,-154775,-154415,-154175,-153815,-153575,-153215,-152975,-152615,-152375,-152015,-151775,-151415,-151175,-150815,-150575,-150215,-149975,-149615,-149375,-149015,-148775,-148415,-148175,-147815,-147575,-147215,-146975,-146615,-146375,-146015,-145775,-145415,-145175,-144815,-144575,-144215,-143975,-143615,-143375,-143015,-142775,-142415,-142175,-141815,-141575,-141215,-140975,-140615,-140375,-140015,-139775,-139415,-139175,-138815,-138575,-138215,-137975,-137615,-137375,-137015,-136775,-136415,-136175,-135815,-135575,-135215,-134975,-134615,-134375],"sog":[12.6,12.4,12.6,12.4,12.6,12.1,13.4,12.3,12.2,12.7,12.4,12.7,12.1,12.6,12.9,12.3,12.4,12.0,12.0,12.3,12.4,12.8,13.1,12.4,12.5,12.7,12.3,13.0,11.9,12.1,12.4,12.5,12.7,12.4,12.3,12.2,12.2,12.6,12.4,11.6,12.6,12.2,12.3,12.1,12.7,12.6,12.7,12.7,12.0,12.8,12.0,12.3,12.5,12.4,12.8,12.7,11.9,12.8,12.5,12.9,13.0,12.2,12.5,12.7,12.2,12.1,12.9,12.3,12.3,12.3,12.3,12.5,12.5,12.2,12.1,12.4,12.5,12.5,12.5,12.4,12.3,12.5,12.8,13.0,12.7,12.2,12.6,12.5,13.0,12.0,12.9,12.5,13.2,12.0,12.4,12.3,11.9,12.3,12.3,12.5,12.7,12.7,11.6,12.5,12.2,12.3,12.5,12.0,12.5,12.0,12.9,12.2,12.5,12.3,12.5,12.5,12.3,13.0,12.2,12.5,12.1,12.4,12.7,13.0,12.4,12.6,12.6,12.1,12.3,13.1,12.2,12.8,12.1,12.3,12.6,12.7,12.9,12.6,12.5,12.2,12.2,12.6,12.6,12.4,12.6,13.1,12.1,12.0,12.7,12.6,12.9,12.6,12.5,12.6,12.2,13.1,12.3,12.1,12.7,12.7,12.4,12.1,12.6,12.7,12.4,12.9,12.8,12.6,12.6,12.3,12.2,12.5,11.8,12.4,12.5,12.3,12.4,12.9,12.7,13.0,12.6]}},{"type":"Feature","geometry":{"type":"LineString","coordinates":[[82.1095,12.7834],[82.1034,12.7774],[82.0912,12.7662],[82.0736,12.7491],[82.0608,12.7375],[82.0427,12.7211],[82.0303,12.7098],[82.0114,12.6928],[81.9988,12.6815],[81.98,12.6648],[81.9676,12.6532],[81.9482,12.6358],[81.936,12.6253],[81.9176,12.6085],[81.905,12.5971],[81.8869,12.58],[81.874,12.5687],[81.8557,12.5522],[81.8434,12.5412],[81.8241,12.5241],[81.8118,12.5135],[81.793,12.4968],[81.7803,12.4852],[81.7612,12.468],[81.7488,12.457],[81.7301,12.4407],[81.7177,12.4292],[81.699,12.4124],[81.6863,12.4017],[81.6669,12.3856],[81.6541,12.3753],[81.6345,12.3593],[81.6219,12.3478],[81.6022,12.3315],[81.5894,12.3197],[81.5701,12.303],[81.5576,12.2922],[81.5387,12.2761],[81.5261,12.2655],[81.5066,12.249],[81.493,12.2379],[81.4742,12.2214],[81.4612,12.2106],[81.4418,12.1942],[81.4288,12.1835],[81.4095,12.1671],[81.397,12.156],[81.3772,12.14],[81.3655,12.1294],[81.3463,12.1123],[81.3339,12.1011],[81.3153,12.0842],[81.3033,12.0726],[81.2842,12.0549],[81.272,12.0438],[81.2539,12.0265],[81.2417,12.0151],[81.2233,11.9976],[81.2113,11.9859],[81.193,11.969],[81.1806,11.9575],[81.1625,11.9408],[81.1497,11.9287],[81.1313,11.9117],[81.1191,11.9003],[81.1009,11.883],[81.0885,11.8716],[81.0702,11.8544],[81.058,11.8434],[81.0401,11.8259],[81.0277,11.8142],[81.0099,11.7966],[80.9978,11.7849],[80.9803,11.7677],[80.9685,11.7559],[80.9506,11.7381],[80.9385,11.7261],[80.9203,11.7087],[80.9081,11.6968],[80.8901,11.6798],[80.8784,11.6683],[80.8602,11.6511],[80.8478,11.6394],[80.8293,11.622],[80.8164,11.6108],[80.7985,11.5943],[80.7864,11.5831],[80.768,11.5651],[80.7556,11.5541],[80.7372,11.5368],[80.725,11.5256],[80.7069,11.5086],[80.6946,11.4972],[80.6763,11.4797],[80.6634,11.4683],[80.6446,11.451],[80.6325,11.44],[80.6136,11.423],[80.601,11.4118],[80.5824,11.395],[80.5696,11.3842],[80.5508,11.3677],[80.5383,11.3565],[80.5193,11.3393],[80.5067,11.3281],[80.4881,11.3115],[80.4761,11.2998],[80.4578,11.2827],[80.4459,11.271],[80.4272,11.2545],[80.4141,11.2432],[80.3957,11.2265],[80.3828,11.2157],[80.364,11.1991],[80.3515,11.1882],[80.3325,11.1717],[80.3195,11.1612],[80.3001,11.1449],[80.2873,11.1345],[80.2685,11.1186],[80.2558,11.1077],[80.237,11.0907],[80.2242,11.0796],[80.206,11.0634],[80.1931,11.0522],[80.1743,11.0356],[80.1616,11.0243],[80.1427,11.0075],[80.1299,10.9966],[80.1113,10.9802],[80.0983,10.9689],[80.0797,10.9523],[80.0671,10.9409],[80.0484,10.9245],[80.0355,10.9138],[80.0163,10.8969],[80.0033,10.8854],[79.984,10.8684],[79.9717,10.8573],[79.9533,10.8403],[79.9405,10.8292],[79.9219,10.8124],[79.9098,10.8014],[79.8913,10.7843],[79.8787,10.7727],[79.8594,10.7562]]},"properties":{"mmsi":993359958,"name":"SYN-CAR-08","role":"background","vessel_type":70,"synthetic":true,"t_offset_s":[-252630,-252510,-252270,-251910,-251670,-251310,-251070,-250710,-250470,-250110,-249870,-249510,-249270,-248910,-248670,-248310,-248070,-247710,-247470,-247110,-246870,-246510,-246270,-245910,-245670,-245310,-245070,-244710,-244470,-244110,-243870,-243510,-243270,-242910,-242670,-242310,-242070,-241710,-241470,-241110,-240870,-240510,-240270,-239910,-239670,-239310,-239070,-238710,-238470,-238110,-237870,-237510,-237270,-236910,-236670,-236310,-236070,-235710,-235470,-235110,-234870,-234510,-234270,-233910,-233670,-233310,-233070,-232710,-232470,-232110,-231870,-231510,-231270,-230910,-230670,-230310,-230070,-229710,-229470,-229110,-228870,-228510,-228270,-227910,-227670,-227310,-227070,-226710,-226470,-226110,-225870,-225510,-225270,-224910,-224670,-224310,-224070,-223710,-223470,-223110,-222870,-222510,-222270,-221910,-221670,-221310,-221070,-220710,-220470,-220110,-219870,-219510,-219270,-218910,-218670,-218310,-218070,-217710,-217470,-217110,-216870,-216510,-216270,-215910,-215670,-215310,-215070,-214710,-214470,-214110,-213870,-213510,-213270,-212910,-212670,-212310,-212070,-211710,-211470,-211110,-210870,-210510,-210270,-209910,-209670,-209310],"sog":[15.3,15.0,14.8,14.6,15.2,14.1,14.7,15.1,14.7,14.7,15.3,15.3,14.8,14.7,15.3,15.1,15.1,15.2,14.7,14.9,14.5,14.7,14.9,15.7,14.5,15.3,15.0,14.4,14.4,14.5,14.8,15.5,15.2,15.4,15.2,14.9,15.0,15.0,14.8,14.8,15.2,15.4,15.0,15.2,14.6,15.3,14.9,14.3,14.8,15.4,14.9,14.7,15.2,15.2,14.8,14.8,14.5,15.1,14.8,14.9,14.9,14.7,15.3,15.0,15.0,14.9,14.7,15.1,14.4,14.6,15.1,14.6,14.2,14.8,14.5,15.0,15.0,14.5,14.8,15.3,14.3,15.5,14.9,14.9,15.2,14.6,14.6,14.9,14.7,15.1,14.6,14.9,15.1,14.6,15.0,14.6,14.7,15.1,14.5,14.4,15.2,14.9,15.2,14.9,15.0,15.1,14.4,15.2,14.8,15.1,15.2,15.0,15.2,14.7,14.4,14.6,14.7,15.1,14.8,14.4,14.6,14.7,14.9,14.8,15.1,14.4,14.7,15.3,14.8,14.9,15.2,14.7,15.2,14.2,15.1,15.3,15.4,15.2,14.9,14.8,14.7,15.2,14.8,14.8,15.0,15.4]}},{"type":"Feature","geometry":{"type":"LineString","coordinates":[[83.3109,13.6588],[83.3011,13.6456],[83.2911,13.633],[83.2771,13.6148],[83.2671,13.6018],[83.2527,13.5825],[83.2431,13.5697],[83.2283,13.5503],[83.2188,13.5377],[83.205,13.5184],[83.195,13.5051],[83.1805,13.486],[83.1712,13.473],[83.1564,13.4534],[83.1467,13.4405],[83.1319,13.4218],[83.122,13.4091],[83.1074,13.39],[83.0979,13.3771],[83.0838,13.3573],[83.0745,13.3448],[83.06,13.3253],[83.0505,13.312],[83.0361,13.2929],[83.0264,13.2801],[83.0118,13.2605],[83.0026,13.2476],[82.989,13.2276],[82.9798,13.2148],[82.9658,13.1947],[82.9564,13.1813],[82.9429,13.1619],[82.933,13.149],[82.9191,13.1297],[82.9097,13.1162],[82.8955,13.0966],[82.8862,13.0839],[82.8725,13.064],[82.8636,13.0508],[82.8499,13.0313],[82.8411,13.0178],[82.8276,12.9983],[82.819,12.9853],[82.8054,12.9657],[82.7961,12.9528],[82.7823,12.933],[82.7728,12.9201],[82.7585,12.9007],[82.7495,12.8875],[82.7357,12.868],[82.7261,12.8549],[82.7127,12.8352],[82.7039,12.8222],[82.6907,12.8017],[82.6821,12.789],[82.6688,12.7693],[82.6594,12.7557],[82.6461,12.7358],[82.6371,12.7223],[82.6235,12.7021],[82.6141,12.6893],[82.6,12.6699],[82.5906,12.6575],[82.5764,12.6381],[82.5674,12.6253],[82.5535,12.6054],[82.5443,12.5922],[82.5301,12.5727],[82.5207,12.5598],[82.5063,12.54],[82.4972,12.5271],[82.4827,12.5075],[82.4736,12.4946],[82.4592,12.475],[82.4498,12.4623],[82.4356,12.443],[82.4264,12.43],[82.4121,12.411],[82.4023,12.3981],[82.3875,12.3782],[82.378,12.3656],[82.3638,12.3462],[82.3544,12.3328],[82.3397,12.3134],[82.33,12.3004],[82.3155,12.2811],[82.3057,12.2683],[82.2908,12.2494],[82.2813,12.2362],[82.2672,12.2172],[82.2572,12.2045],[82.2426,12.1861],[82.232,12.1733],[82.2176,12.1544],[82.2071,12.1424],[82.1921,12.1235],[82.1825,12.1104],[82.1674,12.091],[82.1576,12.0783],[82.1432,12.0591],[82.133,12.0464],[82.118,12.0279],[82.1077,12.0148],[82.0925,11.9958],[82.0823,11.9832],[82.0673,11.9639],[82.0575,11.9511],[82.0425,11.9323],[82.0327,11.9201],[82.0174,11.9011],[82.0073,11.8887],[81.992,11.8699],[81.982,11.8574],[81.9671,11.8383],[81.9575,11.8257],[81.9425,11.8067],[81.9328,11.7943],[81.9173,11.7751],[81.907,11.7628],[81.8924,11.7441],[81.8826,11.7314],[81.8675,11.7129],[81.857,11.7006],[81.8416,11.682],[81.8318,11.6693],[81.817,11.6503],[81.8068,11.6377],[81.792,11.6191],[81.7815,11.6066],[81.7661,11.5876],[81.7563,11.5751],[81.7411,11.5565],[81.731,11.5439],[81.7164,11.5247],[81.7065,11.5118],[81.6921,11.4925],[81.6822,11.4803],[81.6672,11.4608],[81.6573,11.4482],[81.6426,11.4291],[81.6329,11.4161],[81.6174,11.3977],[81.6069,11.3851],[81.5917,11.3659],[81.5815,11.3534],[81.5669,11.3346],[81.5573,11.3217],[81.5425,11.3025],[81.5332,11.2898],[81.5192,11.2708],[81.5091,11.2583],[81.4941,11.2389],[81.4838,11.226],[81.4688,11.2067],[81.4585,11.1948],[81.4432,11.1762],[81.4333,11.1634],[81.4181,11.1446],[81.4084,11.1321],[81.3934,11.1135],[81.3833,11.1011],[81.3682,11.0821],[81.3578,11.0697],[81.3417,11.0505],[81.3317,11.0379],[81.316,11.0195],[81.3063,11.0076],[81.2908,10.9892],[81.2809,10.9762],[81.2653,10.958],[81.2549,10.9458],[81.2396,10.9278],[81.2289,10.9157],[81.2132,10.8974],[81.2023,10.8857],[81.1859,10.8676],[81.1755,10.8551],[81.1602,10.8372],[81.1492,10.8249],[81.1333,10.806],[81.1226,10.7937],[81.1071,10.7749],[81.0965,10.7623],[81.0813,10.7449],[81.0707,10.7323],[81.0549,10.7139],[81.0444,10.7012],[81.0284,10.683],[81.018,10.6707],[81.0024,10.6521],[80.9921,10.64],[80.9768,10.6213],[80.9666,10.6087],[80.9511,10.5898],[80.9409,10.5769],[80.9259,10.5581],[80.916,10.5455],[80.9013,10.5269],[80.8916,10.5139],[80.8768,10.4947],[80.8665,10.4821],[80.8515,10.463],[80.8419,10.4504],[80.8271,10.4313],[80.8173,10.4187],[80.8021,10.3994],[80.7924,10.3872],[80.7774,10.3685],[80.7671,10.3558],[80.7517,10.3375],[80.741,10.3249],[80.725,10.3067],[80.7145,10.2944],[80.6979,10.2761],[80.6867,10.2642],[80.6709,10.247],[80.6599,10.2347],[80.6432,10.2172],[80.6322,10.2059],[80.616,10.1888],[80.6046,10.1772],[80.5874,10.1599],[80.5761,10.1482],[80.5591,10.1307],[80.5482,10.1191],[80.5312,10.1012],[80.5195,10.0894],[80.5025,10.0724],[80.4911,10.0615],[80.4741,10.0438],[80.4631,10.0323],[80.4463,10.0153],[80.4345,10.0035],[80.4171,9.9865],[80.4057,9.9752],[80.3874,9.9582],[80.3757,9.9472],[80.3583,9.9307],[80.3465,9.9203],[80.3286,9.9041],[80.3168,9.893],[80.2989,9.8769],[80.2875,9.8665],[80.269,9.8503],[80.2568,9.8397],[80.0205,9.6422],[80.0081,9.6324],[79.9829,9.6132],[79.9765,9.6085],[79.9567,9.5941],[79.944,9.5841],[79.9251,9.5688],[79.9123,9.5587],[79.8934,9.5437],[79.8811,9.5328],[79.8624,9.5179],[79.8497,9.5076],[79.8309,9.4921],[79.8184,9.4818],[79.7992,9.4669],[79.7867,9.457],[79.7671,9.4421],[79.7543,9.4325],[79.735,9.4177],[79.7216,9.4073],[79.7024,9.3926],[79.6893,9.3829],[79.6699,9.3681],[79.6566,9.3582],[79.6376,9.3431],[79.6248,9.3329]]},"properties":{"mmsi":993427353,"name":"SYN-CAR-03","role":"candidate","vessel_type":70,"synthetic":true,"t_offset_s":[-227249,-227009,-226769,-226409,-226169,-225809,-225569,-225209,-224969,-224609,-224369,-224009,-223769,-223409,-223169,-222809,-222569,-222209,-221969,-221609,-221369,-221009,-220769,-220409,-220169,-219809,-219569,-219209,-218969,-218609,-218369,-218009,-217769,-217409,-217169,-216809,-216569,-216209,-215969,-215609,-215369,-215009,-214769,-214409,-214169,-213809,-213569,-213209,-212969,-212609,-212369,-212009,-211769,-211409,-211169,-210809,-210569,-210209,-209969,-209609,-209369,-209009,-208769,-208409,-208169,-207809,-207569,-207209,-206969,-206609,-206369,-206009,-205769,-205409,-205169,-204809,-204569,-204209,-203969,-203609,-203369,-203009,-202769,-202409,-202169,-201809,-201569,-201209,-200969,-200609,-200369,-200009,-199769,-199409,-199169,-198809,-198569,-198209,-197969,-197609,-197369,-197009,-196769,-196409,-196169,-195809,-195569,-195209,-194969,-194609,-194369,-194009,-193769,-193409,-193169,-192809,-192569,-192209,-191969,-191609,-191369,-191009,-190769,-190409,-190169,-189809,-189569,-189209,-188969,-188609,-188369,-188009,-187769,-187409,-187169,-186809,-186569,-186209,-185969,-185609,-185369,-185009,-184769,-184409,-184169,-183809,-183569,-183209,-182969,-182609,-182369,-182009,-181769,-181409,-181169,-180809,-180569,-180209,-179969,-179609,-179369,-179009,-178769,-178409,-178169,-177809,-177569,-177209,-176969,-176609,-176369,-176009,-175769,-175409,-175169,-174809,-174569,-174209,-173969,-173609,-173369,-173009,-172769,-172409,-172169,-171809,-171569,-171209,-170969,-170609,-170369,-170009,-169769,-169409,-169169,-168809,-168569,-168209,-167969,-167609,-167369,-167009,-166769,-166409,-166169,-165809,-165569,-165209,-164969,-164609,-164369,-164009,-163769,-163409,-163169,-162809,-162569,-162209,-161969,-161609,-161369,-161009,-160769,-160409,-160169,-159809,-159569,-159209,-158969,-158609,-158369,-158009,-157769,-157409,-157169,-156809,-156569,-156209,-155969,-155609,-155369,-155009,-154769,-154409,-154169,-149609,-149369,-148889,-148769,-148409,-148169,-147809,-147569,-147209,-146969,-146609,-146369,-146009,-145769,-145409,-145169,-144809,-144569,-144209,-143969,-143609,-143369,-143009,-142769,-142409,-142169],"sog":[14.3,14.4,14.2,13.7,14.7,13.9,14.6,14.3,13.8,14.1,14.3,14.3,14.2,14.7,14.2,14.0,14.0,14.6,13.9,14.5,14.4,14.7,14.5,14.2,14.1,14.3,14.4,14.3,14.4,14.6,14.1,13.7,14.4,14.4,14.0,14.4,14.0,14.0,13.9,14.3,14.3,14.1,14.2,14.2,14.0,14.0,14.5,14.2,14.0,13.9,14.7,13.8,14.0,14.2,14.0,14.0,14.7,14.4,14.4,14.7,14.1,14.4,13.7,14.2,14.1,14.7,14.1,13.9,14.0,14.4,14.2,14.0,13.8,14.0,14.4,14.0,14.1,14.3,14.3,14.5,14.3,14.0,14.9,14.4,14.2,14.4,14.6,14.2,13.9,14.3,13.9,13.9,14.6,14.0,14.9,14.0,14.3,14.2,14.3,14.0,14.2,14.2,14.5,14.5,14.2,14.1,14.2,14.5,14.3,14.5,14.4,14.3,14.0,14.4,14.5,13.9,14.0,14.1,14.1,13.9,13.7,14.2,14.7,14.3,13.9,14.4,14.4,14.4,13.9,14.8,14.8,14.1,14.2,14.6,14.7,14.0,14.5,14.6,14.2,14.2,14.4,14.4,14.1,15.0,14.2,14.5,14.3,14.6,14.1,13.7,14.1,14.7,14.6,14.7,14.4,14.3,14.3,14.1,14.2,14.4,14.5,14.1,14.9,14.7,14.2,14.5,13.9,14.0,14.4,14.5,14.4,13.9,14.1,14.2,14.3,14.2,14.5,14.2,14.6,14.4,14.6,14.5,14.8,13.4,14.8,14.3,14.6,14.9,14.1,13.9,14.2,13.9,14.1,14.9,14.5,14.3,13.7,14.2,14.4,14.4,13.8,14.3,14.2,14.2,14.3,14.7,13.9,14.6,14.6,14.2,14.5,14.6,14.1,14.6,14.8,13.8,14.8,14.8,14.3,13.9,14.2,14.5,14.1,14.0,14.2,14.6,15.0,14.2,13.9,14.4,13.9,14.2,14.7,14.5,14.4,14.7,14.2,13.5,14.3,14.1,13.8,13.9,14.1,14.5,14.8,14.2,14.5,13.4,13.7,14.6,14.3,14.7,14.4,14.0,14.2,14.0,14.3,14.9,14.4,14.4,14.1,14.3,14.6,13.9,14.5,13.7,14.7,14.3,14.9,13.8,14.4]}},{"type":"Feature","geometry":{"type":"LineString","coordinates":[[83.6676,14.0852],[83.6626,14.0785],[83.6475,14.0599],[83.6381,14.0466],[83.6241,14.0278],[83.6143,14.0144],[83.6004,13.9949],[83.5908,13.9823],[83.5758,13.9624],[83.5668,13.9492],[83.5527,13.9292],[83.5439,13.9159],[83.53,13.8959],[83.5204,13.8828],[83.5062,13.8634],[83.4967,13.8504],[83.482,13.8318],[83.4716,13.8188],[83.4566,13.7999],[83.4463,13.7877],[83.4313,13.7686],[83.4215,13.7561],[83.4062,13.7371],[83.3957,13.7244],[83.3809,13.706],[83.3707,13.6935],[83.3551,13.6744],[83.3449,13.6619],[83.3284,13.6438],[83.3176,13.6313],[83.3008,13.6131],[83.2898,13.6011],[83.2734,13.5833],[83.2618,13.5715],[83.2453,13.5547],[83.2341,13.543],[83.2173,13.5259],[83.2054,13.5144],[83.1886,13.4972],[83.1774,13.4859],[83.1602,13.4679],[83.1494,13.4564],[83.1327,13.439],[83.1216,13.4271],[83.1043,13.4096],[83.0933,13.398],[83.0765,13.3804],[83.0654,13.3687],[83.0485,13.3517],[83.0369,13.3404],[83.0198,13.323],[83.0081,13.3119],[82.9911,13.2946],[82.9794,13.2834],[82.9627,13.2667],[82.9513,13.2555],[82.934,13.2388],[82.9224,13.228],[82.9048,13.2111],[82.8931,13.2002],[82.8755,13.1841],[82.8635,13.1731],[82.8456,13.157],[82.8332,13.1461],[82.815,13.1299],[82.8027,13.1192],[82.7852,13.1036],[82.773,13.0925],[82.7547,13.0765],[82.743,13.0659],[82.7246,13.05],[82.7123,13.0394],[82.6936,13.0242],[82.6809,13.0133],[82.6615,12.9976],[82.6487,12.9879],[82.6299,12.9736],[82.6171,12.9636],[82.5976,12.9482],[82.5849,12.9386],[82.5649,12.924],[82.5517,12.9143],[82.5321,12.8997],[82.5186,12.8905],[82.4984,12.8765],[82.4854,12.867],[82.4649,12.8526],[82.4521,12.8433],[82.432,12.8289],[82.4182,12.8195],[82.3979,12.8059],[82.3846,12.7966],[82.365,12.7827],[82.3517,12.7735],[82.3319,12.7596],[82.3187,12.7501],[82.299,12.7365],[82.2854,12.7271],[82.2653,12.7133],[82.2519,12.7045],[82.2308,12.6903],[82.2171,12.681],[82.1968,12.667],[82.1834,12.6579],[82.1632,12.6441],[82.1504,12.6349],[82.1299,12.6204],[82.1168,12.6106],[82.0976,12.597],[82.0845,12.5873],[82.0647,12.5727],[82.0519,12.5633]]},"properties":{"mmsi":994310039,"name":"SYN-TAN-09","role":"background","vessel_type":80,"synthetic":true,"t_offset_s":[53029,53149,53509,53749,54109,54349,54709,54949,55309,55549,55909,56149,56509,56749,57109,57349,57709,57949,58309,58549,58909,59149,59509,59749,60109,60349,60709,60949,61309,61549,61909,62149,62509,62749,63109,63349,63709,63949,64309,64549,64909,65149,65509,65749,66109,66349,66709,66949,67309,67549,67909,68149,68509,68749,69109,69349,69709,69949,70309,70549,70909,71149,71509,71749,72109,72349,72709,72949,73309,73549,73909,74149,74509,74749,75109,75349,75709,75949,76309,76549,76909,77149,77509,77749,78109,78349,78709,78949,79309,79549,79909,80149,80509,80749,81109,81349,81709,81949,82309,82549,82909,83149,83509,83749,84109,84349,84709,84949,85309,85549,85909,86149],"sog":[14.1,14.8,14.0,14.5,14.0,14.3,14.3,14.4,15.0,14.0,14.0,14.1,14.0,14.2,14.4,14.6,14.0,14.6,14.4,14.2,14.0,14.2,14.4,14.4,14.3,14.3,14.3,14.5,14.3,15.0,14.6,14.6,14.5,14.3,13.7,14.5,14.4,13.8,13.8,14.5,14.8,14.4,13.8,14.7,14.0,14.2,14.1,14.0,14.5,14.2,14.5,13.8,14.3,14.1,14.0,14.2,14.3,13.9,14.5,13.9,14.3,14.3,14.5,14.8,14.4,14.3,14.4,14.7,14.3,14.0,13.7,14.3,14.5,14.6,14.5,14.1,14.0,14.7,14.7,14.1,14.5,14.6,14.8,14.2,14.8,14.6,14.0,13.8,14.9,14.3,14.1,14.6,14.3,14.5,14.4,13.8,13.8,14.5,14.4,14.6,14.7,14.4,14.3,14.3,14.5,14.3,14.5,14.4,14.4,14.5,14.8,13.9]}},{"type":"Feature","geometry":{"type":"LineString","coordinates":[[82.3522,14.7709],[82.3587,14.7815],[82.3679,14.7964],[82.3747,14.8066],[82.3845,14.8215],[82.3909,14.8315],[82.4009,14.8465],[82.4081,14.8574],[82.4182,14.8725],[82.4251,14.8829],[82.4349,14.8974],[82.4422,14.908],[82.4524,14.9234],[82.4588,14.9333],[82.4693,14.9484],[82.4756,14.9592],[82.4845,14.9747],[82.4913,14.9853],[82.5005,15.0009],[82.5063,15.0116],[82.5153,15.0277],[82.5214,15.0382],[82.53,15.0538],[82.5361,15.0645],[82.5443,15.0813],[82.5499,15.092],[82.5583,15.1083],[82.5638,15.119],[82.5718,15.1352],[82.5776,15.1452],[82.5853,15.1611],[82.5909,15.172],[82.5998,15.1883],[82.6057,15.1993],[82.6147,15.215],[82.62,15.2258],[82.6283,15.2421],[82.6341,15.2527],[82.6419,15.269],[82.6469,15.28],[82.6548,15.2966],[82.6606,15.3074],[82.6682,15.3237],[82.6741,15.3345],[82.682,15.3508],[82.6876,15.3618],[82.6957,15.3779],[82.7012,15.3886],[82.7097,15.4043],[82.7154,15.4154],[82.7241,15.4313],[82.7295,15.4425],[82.7385,15.4584],[82.7447,15.4697],[82.7533,15.4853],[82.7592,15.4962],[82.7679,15.5118],[82.774,15.5232],[82.7834,15.5391],[82.7894,15.5499],[82.7981,15.5656],[82.804,15.5758],[82.8128,15.5915],[82.8188,15.602],[82.8273,15.6186],[82.8333,15.6291],[82.842,15.6454],[82.8477,15.6562],[82.8562,15.6727],[82.8617,15.6835],[82.8695,15.6995],[82.8748,15.7107],[82.8828,15.7268],[82.8883,15.7375],[82.8966,15.7537],[82.9024,15.7642],[82.9104,15.7804],[82.9163,15.791],[82.9252,15.8076],[82.931,15.8185],[82.9397,15.8343],[82.9458,15.8455],[82.9547,15.8616],[82.9611,15.8725],[82.9698,15.8882],[82.9762,15.899],[82.986,15.9142],[82.9926,15.9251],[83.0019,15.9403],[83.0082,15.9508],[83.0177,15.9658],[83.0237,15.9764],[83.0323,15.9921],[83.0388,16.0029],[83.0476,16.0189],[83.0533,16.0296],[83.0621,16.0451],[83.0679,16.056],[83.0762,16.0717],[83.082,16.0827],[83.0905,16.0982],[83.0963,16.1096],[83.1045,16.1258],[83.1102,16.137],[83.1183,16.1533],[83.1234,16.1643],[83.1313,16.1805],[83.1365,16.1911],[83.1446,16.2077],[83.1502,16.2184],[83.1585,16.2347],[83.1638,16.2455],[83.1718,16.2617],[83.1772,16.272],[83.1846,16.2883],[83.1899,16.2991],[83.1976,16.3153],[83.2028,16.3261],[83.2105,16.3426],[83.2159,16.3533],[83.2235,16.3699],[83.2292,16.3808],[83.2367,16.3976],[83.2421,16.4087],[83.2496,16.4249],[83.2545,16.4363],[83.2617,16.4528],[83.2665,16.4642],[83.2743,16.4809],[83.2785,16.4923],[83.2855,16.5088],[83.2899,16.5199],[83.2969,16.537],[83.3017,16.548],[83.3088,16.5654],[83.3131,16.5769],[83.3204,16.5935],[83.3249,16.6047],[83.3312,16.6214],[83.3358,16.6332],[83.3424,16.6497],[83.3464,16.6617],[83.3519,16.6787],[83.3558,16.6902],[83.3618,16.7079],[83.3654,16.72],[83.3705,16.7376],[83.3741,16.749],[83.3791,16.7663],[83.3824,16.778],[83.3874,16.796],[83.3903,16.8079],[83.3946,16.8247],[83.3976,16.8366],[83.4024,16.8543],[83.4051,16.8661],[83.4094,16.8835],[83.4126,16.896],[83.4167,16.9138],[83.4198,16.9261],[83.4234,16.9431],[83.4261,16.9546],[83.4296,16.9728],[83.432,16.9852],[83.4356,17.0026],[83.4378,17.0153],[83.4416,17.0331],[83.4441,17.0453],[83.4477,17.0632],[83.4501,17.0751],[83.4537,17.0928],[83.4562,17.1045],[83.46,17.1224],[83.4625,17.1344],[83.4656,17.1523],[83.468,17.1646],[83.4711,17.1826],[83.4733,17.1951],[83.4765,17.2131],[83.4782,17.2251],[83.482,17.2436],[83.4842,17.2552],[83.4873,17.273],[83.4893,17.2843],[83.4924,17.3023],[83.4946,17.3146],[83.4976,17.3321],[83.4997,17.3443],[83.5025,17.362],[83.5042,17.3744],[83.5066,17.3918],[83.5082,17.4037],[83.5108,17.4207],[83.5128,17.4326],[83.515,17.4505],[83.5167,17.4628],[83.5186,17.4807],[83.52,17.4931],[83.5218,17.5107],[83.5226,17.5233],[83.5244,17.5415],[83.5255,17.5535],[83.5266,17.5716],[83.5271,17.5837],[83.5281,17.6018],[83.5286,17.6137],[83.5298,17.6317],[83.5305,17.6443],[83.5315,17.6622],[83.532,17.6744],[83.5334,17.6931],[83.5343,17.7051],[83.5351,17.7236],[83.5359,17.7355],[83.5374,17.7535],[83.5386,17.7654],[83.5403,17.7834],[83.5416,17.7947],[83.5437,17.8136],[83.5448,17.8257],[83.5464,17.8438],[83.5475,17.8555],[83.5497,17.8735],[83.5513,17.8858],[83.5535,17.9036],[83.5551,17.9158],[83.5574,17.9336],[83.5593,17.9456],[83.5619,17.9634],[83.5638,17.9751],[83.5661,17.993],[83.5687,18.0115]]},"properties":{"mmsi":994360813,"name":"SYN-CAR-13","role":"background","vessel_type":70,"synthetic":true,"t_offset_s":[3994,4234,4594,4834,5194,5434,5794,6034,6394,6634,6994,7234,7594,7834,8194,8434,8794,9034,9394,9634,9994,10234,10594,10834,11194,11434,11794,12034,12394,12634,12994,13234,13594,13834,14194,14434,14794,15034,15394,15634,15994,16234,16594,16834,17194,17434,17794,18034,18394,18634,18994,19234,19594,19834,20194,20434,20794,21034,21394,21634,21994,22234,22594,22834,23194,23434,23794,24034,24394,24634,24994,25234,25594,25834,26194,26434,26794,27034,27394,27634,27994,28234,28594,28834,29194,29434,29794,30034,30394,30634,30994,31234,31594,31834,32194,32434,32794,33034,33394,33634,33994,34234,34594,34834,35194,35434,35794,36034,36394,36634,36994,37234,37594,37834,38194,38434,38794,39034,39394,39634,39994,40234,40594,40834,41194,41434,41794,42034,42394,42634,42994,43234,43594,43834,44194,44434,44794,45034,45394,45634,45994,46234,46594,46834,47194,47434,47794,48034,48394,48634,48994,49234,49594,49834,50194,50434,50794,51034,51394,51634,51994,52234,52594,52834,53194,53434,53794,54034,54394,54634,54994,55234,55594,55834,56194,56434,56794,57034,57394,57634,57994,58234,58594,58834,59194,59434,59794,60034,60394,60634,60994,61234,61594,61834,62194,62434,62794,63034,63394,63634,63994,64234,64594,64834,65194,65434,65794,66034,66394,66634,66994,67234,67594,67834,68194,68434,68794,69034,69394,69634,69994,70234,70594,70834,71194,71434,71794,72034,72394,72634,72994,73354],"sog":[10.4,11.2,10.7,10.6,10.3,10.6,11.0,11.1,11.2,11.3,10.7,10.7,11.2,10.6,10.6,11.1,10.9,10.9,11.2,10.5,11.0,10.7,10.6,11.0,11.3,10.4,11.0,10.4,10.7,9.9,11.0,10.6,11.2,10.9,10.8,10.5,10.9,10.9,10.2,11.0,11.0,11.3,10.4,10.6,11.0,11.1,11.2,10.5,10.5,11.5,10.8,11.2,10.8,11.3,11.0,10.7,10.5,11.0,11.3,11.4,11.0,10.5,10.8,11.1,10.7,11.1,10.8,11.2,10.9,11.0,10.5,10.7,11.0,10.5,11.1,10.5,10.7,11.1,11.3,11.3,11.1,10.9,10.7,11.3,10.7,11.0,10.9,10.7,10.9,10.8,10.6,10.4,10.5,11.0,10.8,10.9,10.4,10.8,10.7,10.9,10.7,11.2,11.0,11.4,10.6,11.0,11.0,10.9,10.8,10.9,11.1,11.0,10.4,10.6,10.2,10.8,10.4,10.8,10.5,10.9,10.8,10.8,11.1,10.8,10.7,10.7,10.8,11.0,11.2,10.6,11.2,10.8,11.0,10.9,11.0,10.9,10.8,11.0,10.8,11.2,10.9,11.0,10.6,10.8,11.1,11.5,10.7,10.5,10.9,10.7,10.9,10.9,10.2,10.7,11.0,10.7,11.0,11.3,11.1,11.1,10.1,10.8,11.3,10.7,11.0,11.5,10.9,11.0,11.0,10.8,11.4,10.8,11.0,10.6,10.8,11.4,11.2,10.9,10.7,11.0,11.2,10.4,10.8,10.8,11.2,10.8,10.4,10.8,10.9,11.3,10.9,10.8,10.9,10.8,10.7,11.0,10.7,10.9,10.7,11.1,11.4,11.0,10.9,10.9,10.3,11.1,10.6,11.3,11.2,10.6,11.4,11.1,11.0,11.4,11.1,10.6,11.0,10.7,11.2,10.7,11.0,10.5,11.4,10.9,11.2,11.2,10.8,10.9,10.8,10.6,10.7,11.0]}},{"type":"Feature","geometry":{"type":"LineString","coordinates":[[81.6422,8.8826],[81.6501,8.903],[81.6553,8.9164],[81.6631,8.9364],[81.6686,8.9503],[81.6764,8.971],[81.6818,8.9848],[81.6891,9.0051],[81.6943,9.0188],[81.7021,9.0391],[81.7071,9.0525],[81.7151,9.0735],[81.7199,9.0874],[81.7276,9.1079],[81.7328,9.1215],[81.7407,9.1415],[81.7459,9.1552],[81.7544,9.1752],[81.7598,9.1884],[81.7682,9.2092],[81.7738,9.2225],[81.7823,9.2434],[81.7878,9.2561],[81.7967,9.2762],[81.8026,9.2899],[81.8111,9.3091],[81.8167,9.3224],[81.8251,9.3424],[81.8307,9.3559],[81.8394,9.3758],[81.8456,9.3894],[81.8541,9.4089],[81.8603,9.4221],[81.8695,9.4418],[81.8751,9.455],[81.884,9.4751],[81.8899,9.4879],[81.8987,9.5081],[81.904,9.5206],[81.9129,9.5412],[81.9183,9.5551],[81.9266,9.575],[81.9322,9.5882],[81.9413,9.6087],[81.9472,9.6217],[81.9556,9.6412],[81.9612,9.6546],[81.9695,9.675],[81.9747,9.6886],[81.9825,9.7095],[81.9876,9.723],[81.9958,9.7428],[82.0014,9.7559],[82.0096,9.7761],[82.0155,9.7892],[82.0242,9.8095],[82.0299,9.8225],[82.0394,9.8423],[82.0452,9.8555],[82.0542,9.8756],[82.0604,9.8894],[82.0689,9.9096],[82.0751,9.923],[82.0846,9.9428],[82.0911,9.9558],[82.1008,9.9749],[82.1079,9.9877],[82.1179,10.0067],[82.1245,10.02],[82.1341,10.04],[82.1405,10.0536],[82.1499,10.073],[82.1559,10.0864],[82.1648,10.1061],[82.1708,10.1193],[82.1798,10.1391],[82.1863,10.1524],[82.1953,10.172],[82.2012,10.1855],[82.2102,10.2053],[82.2159,10.2182],[82.2245,10.2384],[82.2301,10.2513],[82.2392,10.2711],[82.2459,10.2849],[82.2552,10.3044],[82.2614,10.3177],[82.2707,10.3372],[82.2772,10.3502],[82.287,10.3705],[82.2938,10.3832],[82.3033,10.4027],[82.3101,10.4155],[82.32,10.4351],[82.3258,10.4485],[82.3348,10.468],[82.3406,10.4811],[82.3499,10.501],[82.3558,10.5142],[82.3642,10.5344],[82.3706,10.5478],[82.3785,10.5684],[82.3839,10.5813],[82.3917,10.6014],[82.3967,10.6153],[82.4043,10.6348],[82.4091,10.6485],[82.4168,10.6694],[82.4213,10.6833],[82.428,10.7041],[82.4322,10.7182],[82.4386,10.7385],[82.4435,10.7525],[82.4499,10.7731],[82.4548,10.7866],[82.4613,10.8071],[82.4659,10.8212],[82.472,10.8412],[82.4764,10.8552],[82.4828,10.8762],[82.487,10.8905],[82.4933,10.9114],[82.4975,10.9251],[82.5038,10.9462],[82.5083,10.9603],[82.5141,10.9809],[82.5179,10.9949],[82.5239,11.0165],[82.5276,11.03],[82.5327,11.0515],[82.5367,11.0655],[82.5419,11.0858],[82.5459,11.1],[82.5517,11.1204],[82.5557,11.1347],[82.5616,11.1553],[82.5658,11.1695],[82.5721,11.1903],[82.5763,11.2043],[82.5827,11.2256],[82.5862,11.2398],[82.5918,11.2606],[82.5954,11.2746],[82.6015,11.2963],[82.6052,11.3105],[82.6111,11.332],[82.6151,11.346],[82.6212,11.3671],[82.6252,11.3808],[82.631,11.4017],[82.6351,11.4153],[82.6411,11.4365],[82.6446,11.451],[82.6506,11.4715],[82.6548,11.4851],[82.661,11.5065],[82.6657,11.5204],[82.6717,11.5411],[82.6762,11.5547],[82.6826,11.5761],[82.6867,11.5902],[82.6926,11.611],[82.6964,11.6252],[82.7022,11.6463],[82.7065,11.6605],[82.7115,11.6813],[82.7146,11.6959],[82.7196,11.7167],[82.7227,11.7309],[82.7273,11.7521],[82.7298,11.766],[82.7338,11.7873],[82.7368,11.8016],[82.7409,11.8229],[82.7438,11.8367],[82.7479,11.8579],[82.7506,11.872],[82.7552,11.8932],[82.7581,11.9069],[82.7623,11.9286],[82.765,11.9433],[82.7689,11.9645],[82.7712,11.979],[82.7743,12.0],[82.7762,12.0145],[82.7793,12.0366],[82.782,12.0507],[82.7848,12.0725],[82.7869,12.0869],[82.7895,12.108],[82.7917,12.1225],[82.7944,12.1441],[82.7965,12.1584],[82.7997,12.1797],[82.8023,12.1938],[82.8056,12.2155],[82.8084,12.2293],[82.8122,12.251],[82.8147,12.2658],[82.8184,12.2865],[82.8209,12.3012],[82.8246,12.323],[82.8269,12.3367],[82.8305,12.358],[82.833,12.3724],[82.8366,12.3942],[82.8385,12.4086],[82.8422,12.43],[82.8445,12.4443],[82.8478,12.4654],[82.8504,12.48],[82.8542,12.5018],[82.8565,12.5162],[82.8603,12.5375],[82.8628,12.5515],[82.8663,12.5734],[82.8685,12.5875],[82.8719,12.609],[82.8743,12.6234],[82.8776,12.645],[82.8793,12.6596],[82.8828,12.681],[82.8852,12.6957],[82.889,12.7168],[82.8914,12.7309],[82.8951,12.7516],[82.898,12.766],[82.9015,12.7877],[82.9041,12.8021],[82.9083,12.8239],[82.9116,12.8382],[82.9154,12.8599],[82.9183,12.874],[82.9226,12.8958],[82.9251,12.9094],[82.9299,12.9305],[82.9329,12.9439],[82.9374,12.9653],[82.9404,12.9796],[82.945,13.0011],[82.9478,13.015],[82.952,13.0363],[82.9553,13.0508],[82.9596,13.0716],[82.9627,13.0855],[82.9672,13.1071],[82.97,13.1215],[82.9742,13.1431],[82.9772,13.1577],[82.9812,13.1796],[82.9842,13.1936],[82.988,13.215],[82.9911,13.2293],[82.9952,13.2505],[82.9985,13.2648],[83.0034,13.2859],[83.0066,13.3004],[83.0108,13.3213],[83.0138,13.3354],[83.0176,13.356],[83.0203,13.3704],[83.024,13.3918],[83.0267,13.4065],[83.0298,13.4287],[83.0317,13.4426],[83.0352,13.4649],[83.0372,13.4791],[83.04,13.501],[83.042,13.5152],[83.0446,13.537],[83.0465,13.5516],[83.0496,13.5731],[83.0514,13.587],[83.054,13.6086],[83.0557,13.6226],[83.0584,13.6444],[83.0605,13.6591],[83.0631,13.6809],[83.0648,13.6953],[83.0674,13.7166],[83.0688,13.7313],[83.0713,13.7528],[83.0731,13.7674],[83.0758,13.7893],[83.0773,13.8036],[83.0786,13.8255],[83.0797,13.84],[83.0812,13.8618],[83.0823,13.876],[83.0833,13.8974],[83.0848,13.9119],[83.0867,13.9339],[83.0878,13.9479],[83.0901,13.9694],[83.0912,13.9834],[83.0933,14.0056],[83.0941,14.0201],[83.0961,14.0417],[83.0971,14.057],[83.0982,14.0783],[83.0999,14.0928],[83.1019,14.1149],[83.1026,14.1287],[83.1048,14.1498],[83.1063,14.1646],[83.1083,14.1861],[83.1101,14.2002],[83.112,14.2222],[83.1135,14.2361],[83.1152,14.2581],[83.116,14.2729],[83.1169,14.2947],[83.1176,14.3093],[83.1188,14.331],[83.1197,14.345],[83.1214,14.3668],[83.1223,14.3817],[83.1234,14.4032],[83.1241,14.4176],[83.1256,14.4396],[83.126,14.4535],[83.1274,14.4754],[83.1278,14.4895],[83.1289,14.5119],[83.1292,14.5258],[83.1299,14.548],[83.1301,14.5621],[83.1305,14.584],[83.131,14.5987],[83.1306,14.6211],[83.1304,14.6354],[83.1297,14.6568],[83.1294,14.6713],[83.1286,14.6929],[83.1278,14.7073],[83.1271,14.7298],[83.1267,14.7445],[83.1257,14.7664],[83.1254,14.7806],[83.1245,14.8026],[83.1236,14.8168],[83.1219,14.8384],[83.1213,14.8528],[83.1199,14.8746],[83.1193,14.8891],[83.1187,14.9106],[83.118,14.9257],[83.1176,14.9479],[83.1173,14.9622],[83.1162,14.9841],[83.1152,14.9991],[83.1138,15.0204],[83.1129,15.0351],[83.1111,15.0564],[83.11,15.0712],[83.1086,15.0932],[83.1076,15.1077],[83.1063,15.1301],[83.1058,15.1442],[83.1055,15.1665],[83.1051,15.1808],[83.1045,15.2025],[83.1044,15.2173],[83.1036,15.2388],[83.103,15.2539],[83.1022,15.2754],[83.1017,15.2902],[83.1007,15.3119],[83.1001,15.3265],[83.0983,15.3484],[83.0972,15.363],[83.0958,15.3853],[83.0951,15.3991],[83.0943,15.4205],[83.0933,15.4352],[83.092,15.4572],[83.091,15.4722],[83.0899,15.494],[83.0892,15.5086],[83.0879,15.5302],[83.087,15.5446],[83.0866,15.5663],[83.0859,15.5805],[83.0857,15.6018],[83.0855,15.6161],[83.0851,15.6382],[83.0849,15.6525],[83.0851,15.6745],[83.0849,15.6888],[83.0845,15.7106],[83.0841,15.725],[83.0835,15.7471],[83.0832,15.7619],[83.0825,15.7836],[83.0823,15.798],[83.0814,15.82],[83.0806,15.8337],[83.0799,15.8554],[83.0794,15.87],[83.0782,15.8922],[83.0777,15.907],[83.0773,15.9292],[83.0767,15.9435],[83.0758,15.9657],[83.0751,15.9804],[83.074,16.0025],[83.0733,16.0169],[83.0724,16.0387],[83.0719,16.0532],[83.0715,16.0747],[83.0711,16.0889],[83.0704,16.111],[83.0698,16.1261],[83.0685,16.1477],[83.0677,16.1623],[83.0669,16.1841],[83.0669,16.1986],[83.0663,16.2207],[83.0663,16.2352],[83.0661,16.2565],[83.0661,16.271],[83.0665,16.2926],[83.066,16.3073],[83.066,16.3288],[83.0661,16.343],[83.0668,16.3654],[83.067,16.3796],[83.0672,16.4015],[83.0675,16.4161],[83.0679,16.4382],[83.0681,16.4528],[83.0694,16.474],[83.0696,16.4885],[83.0707,16.5099],[83.0716,16.5245],[83.073,16.5459],[83.0732,16.5607],[83.0744,16.5828],[83.0755,16.5968],[83.0766,16.6184],[83.0779,16.6327],[83.079,16.6539],[83.0799,16.6687],[83.0806,16.6904],[83.0815,16.7052],[83.0819,16.7268],[83.0824,16.7418],[83.0832,16.7637],[83.0839,16.7779],[83.0844,16.7995],[83.0845,16.8141],[83.0848,16.8357],[83.0846,16.8501],[83.0843,16.8721],[83.0844,16.8867],[83.0836,16.9087],[83.0835,16.9232],[83.0829,16.9446],[83.0826,16.9599],[83.082,16.9814],[83.0817,16.9957],[83.0812,17.0171],[83.0808,17.0317],[83.0801,17.0531],[83.0801,17.0673],[83.0796,17.0891],[83.0796,17.1033],[83.0794,17.1251],[83.0793,17.14],[83.0795,17.161],[83.0798,17.1753],[83.0802,17.1971],[83.0803,17.212],[83.081,17.2334],[83.0819,17.2481],[83.0821,17.2701],[83.0828,17.2836],[83.0841,17.3064],[83.0848,17.3209],[83.0857,17.3427],[83.0867,17.3568],[83.0879,17.3782],[83.0888,17.3923],[83.09,17.4147],[83.0908,17.4292],[83.0928,17.451],[83.0939,17.4654],[83.0956,17.4876],[83.0966,17.5022],[83.0976,17.5241],[83.0981,17.539]]},"properties":{"mmsi":994633167,"name":"SYN-TAN-SRC","role":"candidate","vessel_type":80,"synthetic":true,"t_offset_s":[-136800,-136440,-136200,-135840,-135600,-135240,-135000,-134640,-134400,-134040,-133800,-133440,-133200,-132840,-132600,-132240,-132000,-131640,-131400,-131040,-130800,-130440,-130200,-129840,-129600,-129240,-129000,-128640,-128400,-128040,-127800,-127440,-127200,-126840,-126600,-126240,-126000,-125640,-125400,-125040,-124800,-124440,-124200,-123840,-123600,-123240,-123000,-122640,-122400,-122040,-121800,-121440,-121200,-120840,-120600,-120240,-120000,-119640,-119400,-119040,-118800,-118440,-118200,-117840,-117600,-117240,-117000,-116640,-116400,-116040,-115800,-115440,-115200,-114840,-114600,-114240,-114000,-113640,-113400,-113040,-112800,-112440,-112200,-111840,-111600,-111240,-111000,-110640,-110400,-110040,-109800,-109440,-109200,-108840,-108600,-108240,-108000,-107640,-107400,-107040,-106800,-106440,-106200,-105840,-105600,-105240,-105000,-104640,-104400,-104040,-103800,-103440,-103200,-102840,-102600,-102240,-102000,-101640,-101400,-101040,-100800,-100440,-100200,-99840,-99600,-99240,-99000,-98640,-98400,-98040,-97800,-97440,-97200,-96840,-96600,-96240,-96000,-95640,-95400,-95040,-94800,-94440,-94200,-93840,-93600,-93240,-93000,-92640,-92400,-92040,-91800,-91440,-91200,-90840,-90600,-90240,-90000,-89640,-89400,-89040,-88800,-88440,-88200,-87840,-87600,-87240,-87000,-86640,-86400,-86040,-85800,-85440,-85200,-84840,-84600,-84240,-84000,-83640,-83400,-83040,-82800,-82440,-82200,-81840,-81600,-81240,-81000,-80640,-80400,-80040,-79800,-79440,-79200,-78840,-78600,-78240,-78000,-77640,-77400,-77040,-76800,-76440,-76200,-75840,-75600,-75240,-75000,-74640,-74400,-74040,-73800,-73440,-73200,-72840,-72600,-72240,-72000,-71640,-71400,-71040,-70800,-70440,-70200,-69840,-69600,-69240,-69000,-68640,-68400,-68040,-67800,-67440,-67200,-66840,-66600,-66240,-66000,-65640,-65400,-65040,-64800,-64440,-64200,-63840,-63600,-63240,-63000,-62640,-62400,-62040,-61800,-61440,-61200,-60840,-60600,-60240,-60000,-59640,-59400,-59040,-58800,-58440,-58200,-57840,-57600,-57240,-57000,-56640,-56400,-56040,-55800,-55440,-55200,-54840,-54600,-54240,-54000,-53640,-53400,-53040,-52800,-52440,-52200,-51840,-51600,-51240,-51000,-50640,-50400,-50040,-49800,-49440,-49200,-48840,-48600,-48240,-48000,-47640,-47400,-47040,-46800,-46440,-46200,-45840,-45600,-45240,-45000,-44640,-44400,-44040,-43800,-43440,-43200,-42840,-42600,-42240,-42000,-41640,-41400,-41040,-40800,-40440,-40200,-39840,-39600,-39240,-39000,-38640,-38400,-38040,-37800,-37440,-37200,-36840,-36600,-36240,-36000,-35640,-35400,-35040,-34800,-34440,-34200,-33840,-33600,-33240,-33000,-32640,-32400,-32040,-31800,-31440,-31200,-30840,-30600,-30240,-30000,-29640,-29400,-29040,-28800,-28440,-28200,-27840,-27600,-27240,-27000,-26640,-26400,-26040,-25800,-25440,-25200,-24840,-24600,-24240,-24000,-23640,-23400,-23040,-22800,-22440,-22200,-21840,-21600,-21240,-21000,-20640,-20400,-20040,-19800,-19440,-19200,-18840,-18600,-18240,-18000,-17640,-17400,-17040,-16800,-16440,-16200,-15840,-15600,-15240,-15000,-14640,-14400,-14040,-13800,-13440,-13200,-12840,-12600,-12240,-12000,-11640,-11400,-11040,-10800,-10440,-10200,-9840,-9600,-9240,-9000,-8640,-8400,-8040,-7800,-7440,-7200,-6840,-6600,-6240,-6000,-5640,-5400,-5040,-4800,-4440,-4200,-3840,-3600,-3240,-3000,-2640,-2400,-2040,-1800,-1440,-1200,-840,-600,-240,0,360,600,960,1200,1560,1800,2160,2400,2760,3000,3360,3600,3960,4200,4560,4800,5160,5400,5760,6000,6360,6600,6960,7200,7560,7800,8160,8400,8760,9000,9360,9600,9960,10200],"sog":[13.0,13.1,13.0,12.6,13.3,13.2,13.4,13.1,13.1,12.7,13.4,13.2,13.3,12.9,12.9,13.0,13.1,12.8,13.1,13.3,13.2,13.2,12.4,12.9,12.8,12.8,12.9,13.3,12.7,12.7,13.0,12.9,12.8,12.5,12.7,13.2,12.5,12.8,12.6,13.5,12.9,12.9,12.7,13.0,12.8,13.0,12.9,13.7,13.3,13.1,13.1,13.0,13.2,13.5,13.2,12.6,12.8,12.7,12.9,13.0,13.5,13.3,13.4,13.1,12.5,12.8,12.9,12.8,13.2,13.1,13.8,12.9,13.3,13.3,12.9,13.0,12.8,13.1,13.2,12.4,12.8,12.7,12.9,12.9,13.5,13.5,12.8,12.9,12.4,13.1,13.4,12.5,13.6,13.1,13.3,12.5,12.8,13.1,13.0,13.2,13.2,12.8,12.9,13.3,13.0,12.6,13.1,12.7,13.1,13.3,12.9,13.0,13.3,13.1,13.1,12.7,13.3,12.3,12.9,13.1,13.3,12.8,13.1,13.5,13.0,13.3,13.1,12.7,12.7,12.6,12.3,12.6,12.9,12.9,13.4,13.0,12.7,12.9,13.3,13.2,13.4,13.1,12.2,12.9,13.2,13.0,13.2,13.2,12.9,12.6,12.9,13.2,13.0,12.9,12.8,12.9,13.1,12.2,13.2,13.3,13.0,13.0,13.2,12.5,13.0,13.1,13.2,12.7,13.0,12.6,12.8,12.7,12.9,12.7,12.7,12.9,12.4,12.8,13.0,13.0,13.3,13.1,13.1,12.3,12.8,13.5,12.8,13.2,13.0,12.8,13.1,13.0,13.0,13.1,12.9,13.2,12.7,13.0,13.1,12.9,13.6,12.8,12.6,13.1,12.9,13.1,13.5,13.2,12.5,12.7,13.4,12.8,13.0,13.1,12.8,13.2,13.0,13.1,12.6,13.2,13.6,13.1,13.3,13.1,12.9,12.5,13.1,13.3,13.0,13.2,13.5,13.5,12.7,12.9,12.9,12.9,12.6,12.7,13.2,13.2,13.5,13.0,13.3,12.3,13.0,12.9,12.7,13.1,13.5,13.0,13.2,12.9,13.3,12.7,13.1,13.0,13.4,13.1,12.5,12.9,13.0,12.9,13.2,13.6,13.0,13.1,13.4,13.2,13.5,13.3,13.4,13.0,12.6,12.9,12.5,12.7,13.0,12.7,13.1,12.6,13.3,13.0,13.0,13.0,13.1,12.8,13.2,13.4,13.0,12.6,13.5,13.3,13.1,13.1,13.1,13.5,13.2,13.0,13.5,13.0,13.2,12.3,12.6,12.9,13.4,12.5,12.7,13.0,13.1,13.1,13.6,13.1,12.8,13.5,12.5,13.3,13.0,13.1,13.3,13.1,13.2,13.0,12.4,13.3,13.0,13.2,12.7,13.3,13.4,12.8,13.3,13.1,13.2,12.8,13.4,14.0,13.2,12.8,13.0,13.2,12.5,12.8,12.7,13.3,12.9,13.3,13.0,13.5,12.8,13.3,12.8,12.6,13.1,13.0,14.0,12.9,12.7,13.8,13.1,12.9,12.7,12.8,12.9,13.4,13.7,13.1,12.7,13.0,13.2,12.8,13.4,13.3,12.3,12.8,13.0,13.1,13.5,13.1,13.5,12.6,12.7,13.0,13.0,12.6,13.2,12.9,12.6,12.7,12.9,13.2,12.8,13.6,13.3,12.7,13.1,12.7,12.6,13.0,12.7,13.8,13.4,13.2,13.1,13.0,12.5,13.4,13.1,13.4,12.4,12.9,12.9,13.0,13.6,13.3,13.2,12.9,13.1,13.2,12.9,12.6,12.6,12.7,13.3,13.0,13.2,13.2,13.0,13.1,12.6,12.8,13.0,13.2,13.1,12.9,12.8,12.9,13.3,12.9,12.6,12.9,13.0,12.1,13.1,12.9,13.0,13.1,13.3,13.3,13.1,13.0,13.0,13.1,12.5,12.9,13.0,12.7,13.2,12.4,13.3,12.8,12.9,13.2,13.0,12.5,12.2,12.9,13.0,13.2,13.2,12.4,12.6,13.0,12.7,12.5,13.6,13.5,12.1,13.3,13.0,13.3,13.1,12.4,12.6,12.7,12.9,12.8,12.7,13.5,13.4,13.1,13.2]}},{"type":"Feature","geometry":{"type":"LineString","coordinates":[[82.7731,15.4767],[82.7765,15.4819],[82.7829,15.492],[82.7927,15.5072],[82.7994,15.5177],[82.8091,15.5331],[82.8156,15.5434],[82.8252,15.5584],[82.832,15.5692],[82.8414,15.5845],[82.8482,15.595],[82.8582,15.6101],[82.8647,15.6206],[82.8747,15.6361],[82.8814,15.646],[82.892,15.6614],[82.8989,15.6713],[82.909,15.6865],[82.9158,15.6964],[82.9265,15.7112],[82.9333,15.721],[82.9437,15.7358],[82.9512,15.7457],[82.9616,15.7603],[82.969,15.7704],[82.9796,15.7851],[82.9863,15.7947],[82.9973,15.8088],[83.0044,15.8181],[83.0157,15.8329],[83.0233,15.8428],[83.0345,15.8577],[83.0414,15.8669],[83.0526,15.8822],[83.0596,15.8918],[83.0706,15.907],[83.0774,15.9166],[83.0881,15.9316],[83.0956,15.942],[83.1069,15.9566],[83.1141,15.966],[83.1253,15.9802],[83.1326,15.9897],[83.1439,16.0042],[83.1517,16.0134],[83.1631,16.0274],[83.1711,16.0368],[83.1832,16.0505],[83.1912,16.0594],[83.2029,16.073],[83.2112,16.0824],[83.2228,16.096],[83.2315,16.1049],[83.2437,16.1188],[83.2518,16.1278],[83.2648,16.1416],[83.2729,16.1506],[83.2851,16.1643],[83.2932,16.1729],[83.3054,16.1866],[83.314,16.1958],[83.3259,16.2092],[83.3338,16.2185],[83.3459,16.2319],[83.3541,16.2408],[83.3664,16.2548],[83.3738,16.2639],[83.3859,16.2771],[83.3944,16.2863],[83.4064,16.2993],[83.4148,16.3084],[83.4271,16.3213],[83.4353,16.33],[83.4477,16.3432],[83.4561,16.3522],[83.4691,16.3659],[83.4772,16.3747],[83.4898,16.3887],[83.4982,16.3974],[83.511,16.411],[83.5193,16.4197],[83.5317,16.4327],[83.5402,16.4418],[83.5528,16.4545],[83.5613,16.4631],[83.5739,16.4761],[83.5821,16.4848],[83.5945,16.4983],[83.6029,16.507],[83.6158,16.5204],[83.6247,16.5294],[83.6368,16.5424],[83.6454,16.5515],[83.6587,16.5649],[83.6671,16.5734],[83.6794,16.5868],[83.6879,16.5959],[83.7012,16.6092],[83.7092,16.6182],[83.7217,16.6312],[83.73,16.64],[83.7427,16.6532],[83.7508,16.6622],[83.7633,16.6758],[83.7714,16.6846],[83.7836,16.6985],[83.7916,16.7071],[83.8041,16.7211],[83.8124,16.7301],[83.8243,16.7439],[83.8326,16.7525],[83.8451,16.7662],[83.8539,16.7752],[83.8669,16.7883],[83.8749,16.7968],[83.888,16.81],[83.8962,16.8196],[83.9087,16.8324],[83.9171,16.8415],[83.9297,16.8553],[83.9386,16.8647],[83.9505,16.8776],[83.9589,16.8871],[83.9709,16.9009],[83.9789,16.9099],[83.9907,16.9242],[83.9991,16.9332],[84.0113,16.9475],[84.019,16.9563],[84.0305,16.9701],[84.0381,16.9794],[84.05,16.9939],[84.058,17.0025],[84.0697,17.0162],[84.0776,17.0252],[84.09,17.0392],[84.0978,17.0481],[84.1097,17.0611],[84.1185,17.0705],[84.131,17.0835],[84.1399,17.0924],[84.1526,17.1051],[84.1615,17.1137],[84.1748,17.127],[84.1836,17.1354],[84.1968,17.1486],[84.2053,17.1571],[84.2185,17.17],[84.227,17.1785],[84.2396,17.1912],[84.2485,17.1999],[84.2614,17.2126],[84.2704,17.2213],[84.2834,17.2343],[84.2916,17.2429],[84.3043,17.2562],[84.3126,17.2651],[84.3254,17.2783],[84.334,17.2874],[84.3469,17.3001],[84.3556,17.3087],[84.3685,17.3217],[84.377,17.3305],[84.3908,17.3435],[84.3998,17.3517],[84.4133,17.364],[84.422,17.3722],[84.4357,17.3845],[84.4444,17.3929],[84.4577,17.4053],[84.4668,17.4135],[84.4798,17.4255],[84.4891,17.4337],[84.503,17.4457],[84.5124,17.4534],[84.5258,17.465],[84.5352,17.4731],[84.5488,17.4857],[84.5579,17.4936],[84.5716,17.5054],[84.5809,17.5127],[84.5951,17.525],[84.6046,17.5328],[84.6186,17.5449],[84.6277,17.5527],[84.6419,17.5647],[84.652,17.5728],[84.6659,17.5843],[84.6751,17.5922],[84.6887,17.6038],[84.6984,17.612],[84.7129,17.6241],[84.7217,17.6322],[84.7356,17.6437],[84.7448,17.6513],[84.7592,17.6638],[84.7684,17.6716],[84.7824,17.6833],[84.7919,17.6912],[84.8057,17.7028],[84.8147,17.7109],[84.8289,17.723],[84.8381,17.731],[84.8519,17.7433],[84.8613,17.7515],[84.8749,17.7632],[84.8849,17.771],[84.8982,17.7823],[84.908,17.7898],[84.9225,17.8007],[84.9324,17.808],[84.9471,17.8193],[84.9565,17.8266],[84.971,17.8376],[84.9807,17.8452],[84.9948,17.856],[85.0047,17.8637],[85.0189,17.8752],[85.0284,17.8828],[85.043,17.8948],[85.0528,17.9026],[85.067,17.9141],[85.0766,17.922],[85.0903,17.9337],[85.1003,17.9415],[85.114,17.9526],[85.1232,17.9607],[85.1373,17.972],[85.1466,17.9797],[85.1609,17.9916],[85.1697,17.9991],[85.1838,18.011],[85.1937,18.018],[85.2083,18.0296],[85.2179,18.0368],[85.2322,18.048],[85.2424,18.0557],[85.2568,18.0671],[85.2661,18.0751],[85.2808,18.0866],[85.2902,18.0934],[85.3052,18.1047],[85.315,18.1118],[85.3297,18.1224],[85.34,18.1297],[85.3554,18.14],[85.3655,18.1472],[85.3802,18.1572],[85.3904,18.1646],[85.4058,18.1753],[85.4158,18.1823],[85.4309,18.1925],[85.4409,18.1995],[85.4561,18.2102],[85.4661,18.2175],[85.481,18.2282],[85.4907,18.235],[85.5054,18.2461],[85.5151,18.2534],[85.5292,18.2644],[85.5384,18.2723],[85.5532,18.2834],[85.5622,18.2907],[85.5773,18.3023],[85.5871,18.3099],[85.6016,18.3207],[85.6116,18.3278],[85.6265,18.3392],[85.6359,18.347],[85.6501,18.3578],[85.66,18.3653],[85.6744,18.377]]},"properties":{"mmsi":994807355,"name":"SYN-CAR-25","role":"candidate","vessel_type":70,"synthetic":true,"t_offset_s":[-17705,-17585,-17345,-16985,-16745,-16385,-16145,-15785,-15545,-15185,-14945,-14585,-14345,-13985,-13745,-13385,-13145,-12785,-12545,-12185,-11945,-11585,-11345,-10985,-10745,-10385,-10145,-9785,-9545,-9185,-8945,-8585,-8345,-7985,-7745,-7385,-7145,-6785,-6545,-6185,-5945,-5585,-5345,-4985,-4745,-4385,-4145,-3785,-3545,-3185,-2945,-2585,-2345,-1985,-1745,-1385,-1145,-785,-545,-185,55,415,655,1015,1255,1615,1855,2215,2455,2815,3055,3415,3655,4015,4255,4615,4855,5215,5455,5815,6055,6415,6655,7015,7255,7615,7855,8215,8455,8815,9055,9415,9655,10015,10255,10615,10855,11215,11455,11815,12055,12415,12655,13015,13255,13615,13855,14215,14455,14815,15055,15415,15655,16015,16255,16615,16855,17215,17455,17815,18055,18415,18655,19015,19255,19615,19855,20215,20455,20815,21055,21415,21655,22015,22255,22615,22855,23215,23455,23815,24055,24415,24655,25015,25255,25615,25855,26215,26455,26815,27055,27415,27655,28015,28255,28615,28855,29215,29455,29815,30055,30415,30655,31015,31255,31615,31855,32215,32455,32815,33055,33415,33655,34015,34255,34615,34855,35215,35455,35815,36055,36415,36655,37015,37255,37615,37855,38215,38455,38815,39055,39415,39655,40015,40255,40615,40855,41215,41455,41815,42055,42415,42655,43015,43255,43615,43855,44215,44455,44815,45055,45415,45655,46015,46255,46615,46855,47215,47455,47815,48055,48415,48655,49015,49255,49615,49855,50215,50455,50815,51055,51415,51655,52015,52255,52615,52855,53215,53455,53815,54055,54415,54655,55015,55255,55615,55855,56215,56455,56815,57055,57415,57655,58015,58255,58615,58855,59215,59455,59815,60055,60415,60655,61015,61255,61615,61855,62215,62455,62815,63055,63415],"sog":[11.0,11.1,10.9,10.6,11.1,10.4,10.8,10.7,11.6,10.3,10.8,10.7,10.7,10.9,10.4,11.1,10.4,10.9,10.3,10.8,10.7,10.4,10.8,10.8,10.8,10.6,10.1,10.7,10.3,10.6,11.0,11.5,10.3,10.8,10.3,11.0,10.3,10.4,11.1,10.5,11.0,10.9,10.5,11.2,11.0,10.8,11.2,10.9,10.5,10.9,11.4,10.8,10.8,11.0,11.1,11.3,10.9,11.0,10.8,11.1,10.8,11.0,10.9,10.9,10.7,10.8,10.2,10.9,10.8,10.2,11.1,11.1,10.5,10.9,11.2,11.1,10.5,11.0,10.3,11.3,10.6,10.5,11.2,10.7,10.2,11.0,11.2,11.3,10.5,10.5,10.8,11.1,11.3,10.8,10.3,10.2,11.2,11.4,11.0,10.7,10.6,11.4,10.6,10.9,10.6,10.4,10.5,11.2,10.3,10.8,11.0,11.1,10.9,10.8,10.5,11.5,11.0,10.5,10.6,11.1,11.3,10.3,10.9,10.7,11.4,10.8,10.8,10.9,10.9,10.8,11.0,11.2,10.4,10.7,10.2,11.1,10.4,10.5,10.6,11.0,11.0,11.2,10.4,11.4,11.3,10.8,10.6,11.0,10.7,10.6,11.4,10.8,10.9,11.5,10.7,10.9,10.9,11.0,10.8,11.1,11.0,10.8,10.8,10.9,10.5,10.9,10.8,10.1,11.1,11.0,11.0,10.8,10.5,10.9,10.3,10.5,10.7,11.2,10.6,10.6,10.8,10.7,11.3,10.5,10.6,11.4,11.5,11.1,11.1,10.9,11.2,10.4,11.2,11.1,10.5,11.3,10.5,10.9,11.0,10.8,10.5,10.8,10.7,11.0,10.8,10.2,10.9,10.4,10.7,10.7,10.4,10.4,10.5,10.2,10.6,10.8,10.7,10.8,11.3,11.0,11.5,11.2,10.6,10.7,11.3,10.6,10.4,11.1,10.5,11.2,10.6,10.5,11.2,11.0,10.8,10.8,10.9,11.1,11.0,11.2,10.4,10.9,10.8,10.6,11.6,11.4,10.8,10.8,11.2,10.4,10.7,11.1,10.8,10.4,11.1,10.5,10.9,10.8,10.3,10.3,11.1,10.7,10.7,11.1,11.2,10.8,10.9,11.4,10.5,10.8,10.9,11.0]}},{"type":"Feature","geometry":{"type":"LineString","coordinates":[[81.8447,13.7975],[81.8438,13.8011],[81.8408,13.8046],[81.8358,13.8066],[81.8353,13.8113],[81.8365,13.8174],[81.8378,13.8205],[81.8326,13.8266],[81.8292,13.8266],[81.8246,13.8217],[81.823,13.8182],[81.8215,13.812],[81.8166,13.8095],[81.8115,13.8062],[81.8083,13.8067],[81.8064,13.8146],[81.8038,13.8177],[81.8033,13.8219],[81.8071,13.8229],[81.8143,13.8241],[81.8173,13.8218],[81.8225,13.817],[81.8272,13.8162],[81.8332,13.8166],[81.8372,13.8156],[81.8427,13.8193],[81.8465,13.8202],[81.8536,13.8194],[81.8557,13.8159],[81.8572,13.8094],[81.8562,13.8037],[81.8555,13.7968],[81.8539,13.792],[81.8507,13.7884],[81.8465,13.7864],[81.839,13.7882],[81.8373,13.7943],[81.8372,13.8005],[81.8358,13.8036],[81.8362,13.8099],[81.8406,13.8099],[81.8453,13.8085],[81.8483,13.8099],[81.8538,13.8155],[81.8578,13.814],[81.8614,13.8077],[81.8654,13.8043],[81.8711,13.8046],[81.8754,13.8051],[81.8801,13.806],[81.8818,13.8101],[81.8798,13.8163],[81.8779,13.8197],[81.8746,13.8247],[81.8719,13.8287],[81.8667,13.8327],[81.8649,13.8374],[81.8698,13.8425],[81.8722,13.8466],[81.8747,13.8532],[81.8776,13.8554],[81.8844,13.8618],[81.8888,13.8648],[81.8954,13.8629],[81.8986,13.8609],[81.9046,13.861],[81.9088,13.8621],[81.9146,13.8629],[81.9204,13.8634],[81.9259,13.8604],[81.931,13.8585],[81.9373,13.8559],[81.9417,13.8535],[81.9484,13.8504],[81.9514,13.8482],[81.9572,13.844],[81.9587,13.8407],[81.9656,13.8384],[81.9721,13.8394],[81.9769,13.8436],[81.9768,13.8478],[81.9791,13.8535],[81.9817,13.8561],[81.9836,13.8625],[81.9799,13.8661],[81.9724,13.8686],[81.9683,13.8677],[81.9612,13.865],[81.9598,13.8613],[81.9535,13.8583],[81.9508,13.855],[81.9469,13.8549],[81.9431,13.8528],[81.9387,13.847],[81.9382,13.8424],[81.9382,13.8359],[81.9363,13.8326],[81.9336,13.8255],[81.9325,13.8208],[81.9276,13.8162],[81.9261,13.8127],[81.9213,13.808],[81.9168,13.8084],[81.9114,13.8068],[81.9099,13.8035],[81.9086,13.7984],[81.9057,13.7974],[81.9026,13.792],[81.8995,13.789],[81.8928,13.7886],[81.8906,13.7907],[81.8902,13.7972],[81.8894,13.802],[81.8908,13.809],[81.892,13.8144],[81.8936,13.8188],[81.8954,13.8214],[81.8929,13.8271],[81.8909,13.8294],[81.8884,13.8374],[81.8879,13.8412],[81.8903,13.847],[81.893,13.8505],[81.8984,13.8543],[81.9022,13.8552],[81.9082,13.8562],[81.9116,13.8536],[81.9188,13.8507],[81.9224,13.8475],[81.9276,13.8453],[81.9317,13.8456],[81.9347,13.8506],[81.9353,13.8553],[81.9352,13.8602],[81.9347,13.8637],[81.9393,13.8704],[81.9411,13.8748],[81.9431,13.8821],[81.9443,13.8858],[81.9468,13.8899],[81.9513,13.8923],[81.9531,13.897],[81.9513,13.9019],[81.9503,13.9075],[81.9503,13.911],[81.9497,13.9165],[81.9479,13.9192],[81.9424,13.9244],[81.9394,13.9279],[81.9336,13.9323],[81.9281,13.9327],[81.9217,13.9363],[81.9188,13.9374],[81.9124,13.9415],[81.9123,13.9462],[81.9118,13.9537],[81.9117,13.9575],[81.9125,13.963],[81.9121,13.967],[81.915,13.974],[81.9171,13.9788],[81.9158,13.9841],[81.9184,13.9871],[81.9233,13.9899],[81.9276,13.9898],[81.9353,13.9895],[81.939,13.9919],[81.9438,13.9979],[81.9454,14.0012],[81.9475,14.0079],[81.9446,14.0123],[81.9392,14.0151],[81.937,14.0177],[81.9333,14.0209],[81.9324,14.024],[81.9307,14.0309],[81.933,14.0353],[81.9344,14.0422],[81.934,14.0464],[81.9353,14.0523],[81.9385,14.0562],[81.9454,14.0588],[81.9511,14.0598],[81.9593,14.0585],[81.9636,14.0607],[81.9643,14.069],[81.9651,14.0724],[81.9685,14.0803],[81.9695,14.0843],[81.9725,14.0907],[81.9767,14.0943],[81.9817,14.0971],[81.986,14.0981],[81.9924,14.1023],[81.9963,14.1047],[82.0029,14.1079],[82.0059,14.1113],[82.0055,14.1163],[82.0038,14.1186],[81.9997,14.1231],[81.9985,14.1277],[81.9952,14.1347],[81.9922,14.1381],[81.9882,14.1442],[81.9871,14.1464],[81.9849,14.1508],[81.983,14.1563],[81.9847,14.1643],[81.9864,14.1675],[81.9925,14.1704],[81.9955,14.1748],[81.9983,14.1762],[81.9999,14.1799],[82.0016,14.1845],[82.0006,14.1886],[82.0033,14.1933],[82.0074,14.1963],[82.0133,14.1994],[82.017,14.203],[82.0146,14.2087],[82.0092,14.2105],[82.0073,14.2166],[82.0041,14.2205],[81.999,14.2218],[81.9956,14.2202],[81.9892,14.2192],[81.9848,14.2184],[81.9796,14.22],[81.9751,14.2186],[81.9678,14.2199],[81.9659,14.2215],[81.959,14.2186],[81.9537,14.2158],[81.949,14.2136],[81.9443,14.2128],[81.9379,14.2136],[81.9343,14.2149],[81.9265,14.2127],[81.9219,14.2134],[81.9162,14.2141],[81.9109,14.2118],[81.9058,14.2091],[81.9025,14.2068],[81.8952,14.2044],[81.8907,14.2056],[81.8866,14.2088],[81.8877,14.212],[81.8931,14.2142],[81.8965,14.2166],[81.9005,14.221],[81.8986,14.2232],[81.8981,14.2294],[81.9008,14.2318],[81.9056,14.2337],[81.9087,14.2343],[81.9144,14.2329],[81.9179,14.2311],[81.9192,14.2255],[81.9202,14.22],[81.9221,14.213],[81.9229,14.2092],[81.9263,14.2057],[81.932,14.2074],[81.9384,14.2097],[81.9405,14.2125],[81.9388,14.2177],[81.9372,14.2227],[81.9408,14.2265],[81.9414,14.2303],[81.9394,14.2367],[81.9381,14.2411],[81.9323,14.2408],[81.9293,14.2442],[81.9243,14.2466],[81.9201,14.2491],[81.9167,14.2547],[81.9125,14.2563],[81.9067,14.2542],[81.9033,14.2543],[81.8978,14.2579],[81.8914,14.258],[81.8858,14.2578],[81.8812,14.2585],[81.8749,14.2599],[81.8694,14.2607],[81.863,14.2616],[81.8597,14.2635],[81.8535,14.2665],[81.85,14.2683],[81.8467,14.2733],[81.8468,14.2781],[81.8486,14.2858],[81.8516,14.2894],[81.8585,14.2904],[81.8629,14.291],[81.8693,14.2909],[81.8755,14.2903],[81.8809,14.2924],[81.8835,14.2953],[81.8883,14.3011],[81.8916,14.3027],[81.8984,14.3058],[81.8993,14.3106],[81.8961,14.3182],[81.8934,14.3228],[81.8899,14.3289],[81.8845,14.3307],[81.879,14.3289],[81.8763,14.3259],[81.8742,14.3192],[81.8704,14.3172],[81.8616,14.3154],[81.8594,14.3114],[81.8607,14.3047],[81.8613,14.3],[81.863,14.294],[81.8645,14.2888],[81.8687,14.2847],[81.8688,14.2815],[81.871,14.2767],[81.8753,14.2741],[81.8808,14.2768],[81.8849,14.2787],[81.8879,14.2803],[81.8911,14.2825],[81.8958,14.2866],[81.8989,14.2886],[81.902,14.2846],[81.9042,14.2796],[81.9099,14.2764],[81.9142,14.2773],[81.918,14.2779],[81.9206,14.2789],[81.9263,14.2767],[81.9299,14.2766],[81.936,14.2766],[81.9408,14.2771],[81.948,14.2764],[81.9527,14.2752],[81.96,14.275],[81.9637,14.2763],[81.9699,14.2793],[81.9717,14.2833],[81.9733,14.2893],[81.9735,14.294],[81.9726,14.3001],[81.9699,14.3048],[81.9663,14.3093],[81.967,14.313],[81.9676,14.3183],[81.9676,14.3241],[81.9609,14.3278],[81.9578,14.3302],[81.9563,14.3366],[81.9529,14.3384],[81.9498,14.3437],[81.9499,14.3467],[81.9539,14.3504],[81.9537,14.3548],[81.9502,14.3594],[81.9482,14.3643],[81.9483,14.3707],[81.9469,14.3755],[81.944,14.3815],[81.9403,14.3844],[81.9348,14.3877],[81.9316,14.3903],[81.9272,14.3943],[81.9242,14.3965],[81.9197,14.4008],[81.9151,14.4039],[81.9065,14.4045],[81.9022,14.4044],[81.8988,14.4016],[81.8942,14.4004],[81.8873,14.3981],[81.8842,14.395],[81.8796,14.391],[81.8788,14.3873],[81.8832,14.3811],[81.8858,14.3781],[81.8921,14.3745],[81.8974,14.3716],[81.9028,14.3694],[81.9072,14.3713],[81.9119,14.3756],[81.9169,14.3764],[81.9245,14.3775],[81.929,14.3767],[81.9333,14.3715],[81.9378,14.3714],[81.9438,14.371],[81.9465,14.3721],[81.9508,14.3767],[81.954,14.3805],[81.9586,14.3834],[81.9627,14.3859],[81.9696,14.385],[81.9734,14.3814],[81.9803,14.3781],[81.9853,14.3782],[81.9916,14.3773],[81.9967,14.3757],[82.0037,14.372],[82.0062,14.3698],[82.0057,14.3641],[82.0052,14.3591],[82.0027,14.3532],[82.001,14.3498],[82.0008,14.3432],[82.0017,14.3386],[82.0005,14.3306],[82.0026,14.3261],[82.0057,14.3206],[82.0032,14.3164],[82.0012,14.3093],[82.002,14.306],[81.9996,14.3021],[81.9985,14.2999],[81.9984,14.2935],[81.9998,14.2881],[81.9984,14.2827],[81.9981,14.2799],[81.9951,14.2747],[81.9944,14.2699],[81.9933,14.263],[81.9962,14.2599],[82.0028,14.2567],[82.0035,14.2607],[82.0016,14.2681],[82.0007,14.273],[81.9999,14.2779],[81.9959,14.2812],[81.9899,14.2824],[81.9872,14.2781],[81.9827,14.2731],[81.9784,14.2728],[81.972,14.2683],[81.9678,14.2662],[81.9621,14.2636],[81.9609,14.2604],[81.9584,14.2565],[81.9565,14.2514],[81.9508,14.2521],[81.9451,14.2527],[81.9404,14.2557],[81.9362,14.2587],[81.9304,14.2568],[81.9263,14.256],[81.9198,14.2538],[81.9154,14.2529],[81.9095,14.2558],[81.9036,14.2543],[81.8965,14.2539],[81.8923,14.2532],[81.8876,14.2498],[81.8863,14.2465],[81.8799,14.2443],[81.8773,14.2449],[81.8734,14.2496],[81.8698,14.2476],[81.8675,14.2415],[81.8652,14.24],[81.8587,14.235],[81.8579,14.2305],[81.855,14.2255],[81.85,14.2249],[81.8441,14.2226],[81.8407,14.2258],[81.8371,14.2293],[81.8388,14.2323],[81.8347,14.2366],[81.8309,14.2404],[81.8298,14.2468],[81.8278,14.252],[81.8247,14.2568],[81.8226,14.2612],[81.8246,14.2665],[81.8288,14.2697],[81.8361,14.269],[81.8391,14.2692],[81.8465,14.2707],[81.8509,14.2737],[81.8569,14.2727],[81.8619,14.2691],[81.8658,14.2673],[81.8674,14.262],[81.8687,14.256],[81.8677,14.2516],[81.865,14.2454],[81.8637,14.2427],[81.8609,14.2384],[81.8591,14.2348],[81.8652,14.2284],[81.8688,14.2274],[81.8757,14.2253],[81.8814,14.2265],[81.8881,14.2267],[81.8927,14.2227],[81.8984,14.2185],[81.8983,14.2143],[81.903,14.2102],[81.905,14.2065],[81.9017,14.2019],[81.9002,14.197],[81.899,14.1903],[81.902,14.1863],[81.903,14.1811],[81.9012,14.1789],[81.9036,14.1736],[81.9059,14.1688],[81.907,14.1625],[81.9049,14.1581],[81.9009,14.1552],[81.896,14.1559],[81.8936,14.1605],[81.8916,14.1641],[81.8873,14.1682],[81.8838,14.168],[81.8756,14.1665],[81.8736,14.1628],[81.8732,14.1565],[81.8732,14.1517],[81.8735,14.1445],[81.8719,14.1407],[81.8742,14.1337],[81.8761,14.1298],[81.8823,14.1301],[81.887,14.1327],[81.8944,14.1341],[81.8994,14.1353],[81.9054,14.1369],[81.9091,14.1411],[81.9132,14.1447],[81.9157,14.1478],[81.9224,14.1475],[81.9252,14.1517],[81.9296,14.1569],[81.9319,14.1599],[81.9378,14.1652],[81.9408,14.1692],[81.945,14.1756],[81.9468,14.1787],[81.9481,14.1862],[81.9459,14.1915],[81.9472,14.199],[81.9479,14.2023],[81.9505,14.2083],[81.9531,14.2121],[81.9569,14.2167],[81.96,14.2194],[81.9589,14.2257],[81.9572,14.2288],[81.9569,14.2345],[81.9564,14.2394],[81.9532,14.2443],[81.9515,14.2492],[81.9521,14.2554],[81.9498,14.2594],[81.9475,14.2639],[81.9441,14.2644],[81.9376,14.2683],[81.9337,14.2711],[81.9295,14.2752],[81.9272,14.2771],[81.9218,14.2787],[81.9167,14.2784],[81.9105,14.2789],[81.906,14.2807],[81.8991,14.2774],[81.8944,14.2771],[81.8912,14.2714],[81.8872,14.266],[81.8836,14.2597],[81.8831,14.2556],[81.8839,14.2493],[81.8844,14.2463],[81.8846,14.24],[81.8825,14.2351],[81.8803,14.2304],[81.8781,14.2282],[81.8807,14.2216],[81.8792,14.2189],[81.8816,14.2152],[81.8834,14.2113],[81.8834,14.2043],[81.8838,14.2002],[81.882,14.1927],[81.8802,14.1885],[81.884,14.1845],[81.887,14.1826],[81.8915,14.1792],[81.8926,14.1762],[81.8954,14.1688],[81.8922,14.1655],[81.8898,14.16],[81.8876,14.1558],[81.8886,14.1504],[81.8907,14.1472],[81.8982,14.1447],[81.9025,14.1438],[81.9113,14.1451],[81.9153,14.1445],[81.9188,14.1402],[81.9186,14.1344],[81.9158,14.1296],[81.9122,14.1317],[81.9049,14.1315],[81.9047,14.1279],[81.9024,14.1252],[81.8974,14.1233],[81.8918,14.124],[81.8883,14.1255],[81.8849,14.1301],[81.8826,14.1346],[81.8849,14.1398],[81.8863,14.1434],[81.8915,14.1484],[81.8953,14.1464],[81.9022,14.1447],[81.907,14.1425],[81.9113,14.1366],[81.9126,14.1333],[81.9158,14.1266],[81.9159,14.1238],[81.9223,14.1194],[81.9228,14.1156],[81.9275,14.1091],[81.9278,14.1057],[81.9284,14.0984],[81.9282,14.0935],[81.924,14.0889],[81.9228,14.0841],[81.9197,14.0803],[81.9204,14.0746],[81.9199,14.0692],[81.9168,14.0647],[81.9155,14.0594],[81.9116,14.0583],[81.9027,14.0561],[81.8995,14.0534],[81.895,14.0489],[81.8938,14.0457],[81.8868,14.0456],[81.8818,14.0474],[81.8769,14.0466],[81.8738,14.0448],[81.8705,14.0457],[81.8694,14.0482],[81.8654,14.0516],[81.864,14.0535],[81.8639,14.0585],[81.8687,14.0619],[81.8729,14.0661],[81.8727,14.071],[81.8755,14.077],[81.8767,14.0811],[81.8737,14.0873],[81.8741,14.0913],[81.878,14.0963],[81.8821,14.0965],[81.8887,14.0977],[81.892,14.0999],[81.8962,14.1062],[81.9002,14.1099],[81.9059,14.1128],[81.9102,14.1147],[81.9175,14.1172],[81.9218,14.1155],[81.9274,14.1176],[81.9263,14.1222],[81.9283,14.1276],[81.9293,14.1308],[81.9351,14.1331],[81.9396,14.1368],[81.9457,14.1392],[81.9499,14.14],[81.9552,14.1392],[81.9585,14.1378],[81.9645,14.1339],[81.9668,14.1308],[81.9714,14.125],[81.9762,14.1208],[81.9771,14.1146],[81.9732,14.1133],[81.968,14.1115],[81.9666,14.1078],[81.9614,14.1037],[81.9574,14.103],[81.9544,14.1094],[81.9524,14.112],[81.9491,14.1071],[81.9461,14.103],[81.9462,14.0979],[81.9445,14.0939],[81.9448,14.0872],[81.9415,14.0856],[81.9349,14.0835],[81.9325,14.0811],[81.9308,14.0758],[81.9327,14.072],[81.9408,14.0736],[81.9442,14.0743],[81.9504,14.0722],[81.9543,14.0736],[81.959,14.0749],[81.9643,14.0753],[81.9722,14.0755],[81.9752,14.0789],[81.9724,14.085],[81.974,14.0889],[81.9766,14.092],[81.9765,14.0965],[81.9732,14.1033],[81.9706,14.1051],[81.966,14.1069],[81.962,14.1092],[81.9563,14.1111],[81.9519,14.1115],[81.9473,14.1066],[81.9465,14.1015],[81.9454,14.0944],[81.9415,14.0916],[81.9406,14.0859],[81.9437,14.0824],[81.9462,14.0767],[81.947,14.0721],[81.9505,14.0679],[81.9534,14.0664],[81.9556,14.0595],[81.9523,14.057],[81.9454,14.0564],[81.9412,14.0529],[81.9354,14.0522],[81.9313,14.0545],[81.9244,14.0546],[81.9201,14.0554],[81.914,14.0559],[81.9108,14.0542],[81.9131,14.0494],[81.9137,14.0459],[81.9097,14.0408],[81.9059,14.0409],[81.901,14.0431],[81.8994,14.0467],[81.8973,14.0519],[81.8918,14.0541],[81.8849,14.0532],[81.8803,14.0544],[81.8743,14.0574],[81.8709,14.0574],[81.866,14.0559],[81.864,14.0536],[81.8618,14.0471],[81.8658,14.0437],[81.8713,14.0384],[81.8725,14.0343],[81.8712,14.0288],[81.8687,14.0267],[81.8636,14.0223],[81.8645,14.0173],[81.8617,14.0116],[81.8621,14.0078],[81.8684,14.006],[81.8715,14.0051],[81.8783,14.0058],[81.8807,14.0097],[81.8757,14.0137],[81.8703,14.01],[81.867,14.004],[81.8629,14.0008],[81.857,14.0024],[81.852,14.0046],[81.8461,14.0064],[81.8424,14.0084],[81.8432,14.0139],[81.8445,14.0179],[81.8468,14.0235],[81.8476,14.0273],[81.845,14.0327],[81.8422,14.0341],[81.8347,14.0335],[81.8313,14.0297],[81.831,14.0221],[81.8318,14.0175],[81.827,14.0137],[81.8234,14.0115],[81.8202,14.0055],[81.8185,14.002],[81.8137,13.9986],[81.8104,13.9953],[81.8039,13.9958],[81.7999,13.9943],[81.7945,13.9932],[81.7916,13.9945],[81.7852,13.9946],[81.7827,13.9957],[81.7773,13.9977],[81.7733,13.9981],[81.7673,13.9993],[81.7662,13.9962],[81.7684,13.9923],[81.7709,13.9878],[81.7772,13.9867],[81.7813,13.9846],[81.7852,13.9803],[81.7889,13.9799],[81.7957,13.9837],[81.801,13.9863],[81.8054,13.9917],[81.8092,13.9932],[81.8139,13.9992],[81.8154,14.0008],[81.8204,14.004],[81.8221,14.0078],[81.8221,14.0134],[81.8232,14.0192],[81.827,14.0248],[81.8256,14.0296],[81.824,14.0363],[81.8247,14.0398],[81.8303,14.0407],[81.8349,14.0403],[81.8415,14.0349],[81.8449,14.0333],[81.8518,14.0343],[81.855,14.0387],[81.8562,14.0429],[81.8584,14.0457],[81.8625,14.0498],[81.8656,14.0522],[81.872,14.0526],[81.8765,14.0521],[81.8808,14.0503],[81.8846,14.0472],[81.8884,14.0408],[81.8892,14.0383],[81.8963,14.035],[81.8992,14.0364],[81.9009,14.044],[81.9009,14.0494],[81.9021,14.0561],[81.9041,14.0607],[81.9071,14.0678],[81.9099,14.0721],[81.9139,14.0795],[81.9124,14.0846],[81.9057,14.0903],[81.9036,14.0922],[81.9024,14.0979],[81.9001,14.1025],[81.8949,14.1062],[81.8943,14.1105],[81.8982,14.1177],[81.8995,14.1203],[81.9036,14.1254],[81.9063,14.1294],[81.9043,14.1358],[81.9063,14.1384],[81.9074,14.1442],[81.9036,14.1457],[81.8984,14.1429],[81.8981,14.1388],[81.8974,14.1342],[81.8953,14.1309],[81.8917,14.124],[81.8909,14.1202],[81.8862,14.1153],[81.8842,14.1124],[81.8883,14.1078],[81.8924,14.1061],[81.8979,14.1054],[81.9024,14.1047],[81.9079,14.1042],[81.9121,14.1019],[81.9165,14.0966],[81.9178,14.0922],[81.9142,14.0858],[81.9118,14.0828],[81.9066,14.0873],[81.9054,14.0917],[81.9069,14.1004],[81.9077,14.1039],[81.9066,14.1099],[81.9021,14.1073],[81.8981,14.1033],[81.9013,14.1001],[81.9081,14.0987],[81.9113,14.0949],[81.9158,14.0913],[81.9189,14.0881],[81.9244,14.0848],[81.9247,14.083],[81.9294,14.0763],[81.934,14.0739],[81.9419,14.0728],[81.9458,14.0706],[81.9517,14.0714],[81.9544,14.0731],[81.9591,14.0747],[81.963,14.0729],[81.9691,14.0751],[81.9727,14.0737],[81.9753,14.0689],[81.9765,14.0637],[81.9782,14.0583],[81.9778,14.0542],[81.9716,14.0567],[81.9712,14.0602],[81.9687,14.067],[81.9656,14.0706],[81.9636,14.076],[81.9601,14.0741],[81.9552,14.0752],[81.9496,14.0756],[81.9424,14.0774],[81.9383,14.0752],[81.9329,14.0704],[81.9313,14.0668],[81.9279,14.0615],[81.9296,14.0589],[81.9266,14.0521],[81.9239,14.0487],[81.9207,14.0436],[81.9179,14.0404],[81.9149,14.0334],[81.914,14.0276],[81.9085,14.0241],[81.9029,14.0259],[81.8966,14.0284],[81.8938,14.0289],[81.888,14.0279],[81.8867,14.0234],[81.8874,14.0176],[81.891,14.0143],[81.8979,14.0142],[81.9024,14.0152],[81.907,14.0195],[81.9102,14.0231],[81.9156,14.0258],[81.9202,14.0298],[81.9249,14.0303],[81.9286,14.0311],[81.9346,14.0275],[81.9394,14.0261],[81.944,14.0248],[81.9473,14.0216],[81.9507,14.0153],[81.9489,14.0101],[81.9449,14.0063],[81.9388,14.0058],[81.9339,13.9984],[81.9338,13.995],[81.9321,13.9882],[81.9322,13.9847],[81.9262,13.9837],[81.9233,13.9857],[81.9149,13.9863],[81.9129,13.9895],[81.9078,13.9917],[81.9034,13.9922],[81.8957,13.9896],[81.8933,13.988],[81.8878,13.9857],[81.883,13.9831],[81.8788,13.9791],[81.8763,13.9764],[81.8787,13.9719],[81.8777,13.9675],[81.8715,13.9632],[81.8673,13.9631],[81.8617,13.9659],[81.8575,13.9692],[81.8504,13.9693],[81.8464,13.9694],[81.8396,13.9681],[81.8348,13.967],[81.8281,13.964],[81.8258,13.9608],[81.8242,13.9533],[81.8268,13.9506],[81.8335,13.9525],[81.8382,13.9537],[81.8395,13.9592],[81.8393,13.9635],[81.8388,13.9694],[81.8357,13.9722],[81.8303,13.9721],[81.8257,13.9737],[81.8192,13.9739],[81.815,13.9766],[81.8116,13.977],[81.8092,13.9777],[81.8031,13.9765],[81.7984,13.9752],[81.7922,13.9781],[81.7896,13.9829],[81.7894,13.9897],[81.7873,13.9926],[81.7868,13.9991],[81.7855,14.0025],[81.7869,14.0088],[81.7897,14.0116],[81.7943,14.0151],[81.7972,14.0195],[81.7993,14.0257],[81.7976,14.0282],[81.792,14.032],[81.7894,14.0369],[81.7876,14.0427],[81.784,14.0461],[81.778,14.0509],[81.7755,14.0549],[81.773,14.0612],[81.7708,14.0649],[81.767,14.0698],[81.7668,14.0749],[81.7677,14.0798],[81.7702,14.0839],[81.7764,14.0833],[81.781,14.083],[81.7866,14.0784],[81.7909,14.0757],[81.7984,14.0726],[81.8013,14.0734],[81.8018,14.0788],[81.7993,14.0836],[81.7957,14.0913],[81.7948,14.0959],[81.7994,14.1009],[81.8035,14.1025],[81.8083,14.1049],[81.8122,14.1059],[81.8171,14.1051],[81.8205,14.1022],[81.8222,14.0971],[81.8191,14.0944],[81.8218,14.0882],[81.8234,14.0841],[81.8245,14.0786],[81.822,14.0744],[81.8203,14.0682],[81.8215,14.0636],[81.8266,14.0587],[81.8291,14.0564],[81.8234,14.0523],[81.8195,14.0491],[81.8146,14.0501],[81.8141,14.0535],[81.8144,14.0598],[81.8135,14.0646],[81.8077,14.0669],[81.8047,14.0649],[81.7979,14.0628],[81.7938,14.0641],[81.7884,14.0592],[81.7872,14.0559],[81.7804,14.0566],[81.7771,14.0595],[81.7713,14.0608],[81.7669,14.0618],[81.7598,14.0633],[81.7559,14.0625],[81.749,14.0601],[81.7473,14.0558],[81.7471,14.0498],[81.7508,14.048],[81.7579,14.0463],[81.7597,14.0428],[81.7593,14.0358],[81.7575,14.0323],[81.7521,14.0288],[81.7471,14.0317],[81.7468,14.0379],[81.7457,14.0417],[81.7434,14.0484],[81.7409,14.0522],[81.7407,14.0599],[81.7419,14.0638],[81.7382,14.0701],[81.7357,14.0707],[81.7297,14.072],[81.7248,14.0722],[81.7197,14.0765],[81.7187,14.0799],[81.7147,14.0855],[81.71,14.0857],[81.7033,14.0894],[81.7029,14.0862],[81.7057,14.0816],[81.7097,14.0808],[81.7148,14.0855],[81.7171,14.0894],[81.7156,14.0978],[81.7109,14.1018],[81.705,14.1046],[81.7006,14.1079],[81.6998,14.1129],[81.7006,14.1167],[81.7022,14.1241],[81.701,14.1295],[81.7019,14.1353],[81.7007,14.1398],[81.6997,14.1458],[81.6982,14.15],[81.6923,14.1537],[81.6879,14.156],[81.6842,14.1604],[81.6827,14.1637],[81.6859,14.1701],[81.6863,14.174],[81.6853,14.1793],[81.6838,14.182],[81.6825,14.1889],[81.6802,14.193],[81.6753,14.1975],[81.6738,14.201],[81.677,14.2072],[81.6809,14.2088],[81.682,14.2136],[81.6813,14.2169],[81.675,14.2206],[81.673,14.2242],[81.6747,14.2311],[81.6762,14.2347],[81.6832,14.234],[81.6876,14.2318],[81.6928,14.2279],[81.6946,14.224],[81.6952,14.2168],[81.6952,14.2115],[81.6952,14.2063],[81.6917,14.2013],[81.6882,14.1956],[81.6874,14.191],[81.6818,14.1864],[81.677,14.1849],[81.6721,14.1803],[81.6713,14.1751],[81.6768,14.1765],[81.6798,14.1801],[81.6847,14.1839],[81.6873,14.1878],[81.6863,14.1964],[81.6875,14.1987],[81.6908,14.2041],[81.6938,14.2072],[81.6938,14.2113],[81.693,14.2169],[81.6895,14.2231],[81.6909,14.2274],[81.6959,14.231],[81.7011,14.2335]]},"properties":{"mmsi":994959405,"name":"SYN-FSH-02","role":"background","vessel_type":30,"synthetic":true,"t_offset_s":[-259200,-258840,-258600,-258240,-258000,-257640,-257400,-257040,-256800,-256440,-256200,-255840,-255600,-255240,-255000,-254640,-254400,-254040,-253800,-253440,-253200,-252840,-252600,-252240,-252000,-251640,-251400,-251040,-250800,-250440,-250200,-249840,-249600,-249240,-249000,-248640,-248400,-248040,-247800,-247440,-247200,-246840,-246600,-246240,-246000,-245640,-245400,-245040,-244800,-244440,-244200,-243840,-243600,-243240,-243000,-242640,-242400,-242040,-241800,-241440,-241200,-240840,-240600,-240240,-240000,-239640,-239400,-239040,-238800,-238440,-238200,-237840,-237600,-237240,-237000,-236640,-236400,-236040,-235800,-235440,-235200,-234840,-234600,-234240,-234000,-233640,-233400,-233040,-232800,-232440,-232200,-231840,-231600,-231240,-231000,-230640,-230400,-230040,-229800,-229440,-229200,-228840,-228600,-228240,-228000,-227640,-227400,-227040,-226800,-226440,-226200,-225840,-225600,-225240,-225000,-224640,-224400,-224040,-223800,-223440,-223200,-222840,-222600,-222240,-222000,-221640,-221400,-221040,-220800,-220440,-220200,-219840,-219600,-219240,-219000,-218640,-218400,-218040,-217800,-217440,-217200,-216840,-216600,-216240,-216000,-215640,-215400,-215040,-214800,-214440,-214200,-213840,-213600,-213240,-213000,-212640,-212400,-212040,-211800,-211440,-211200,-210840,-210600,-210240,-210000,-209640,-209400,-209040,-208800,-208440,-208200,-207840,-207600,-207240,-207000,-206640,-206400,-206040,-205800,-205440,-205200,-204840,-204600,-204240,-204000,-203640,-203400,-203040,-202800,-202440,-202200,-201840,-201600,-201240,-201000,-200640,-200400,-200040,-199800,-199440,-199200,-198840,-198600,-198240,-198000,-197640,-197400,-197040,-196800,-196440,-196200,-195840,-195600,-195240,-195000,-194640,-194400,-194040,-193800,-193440,-193200,-192840,-192600,-192240,-192000,-191640,-191400,-191040,-190800,-190440,-190200,-189840,-189600,-189240,-189000,-188640,-188400,-188040,-187800,-187440,-187200,-186840,-186600,-186240,-186000,-185640,-185400,-185040,-184800,-184440,-184200,-183840,-183600,-183240,-183000,-182640,-182400,-182040,-181800,-181440,-181200,-180840,-180600,-180240,-180000,-179640,-179400,-179040,-178800,-178440,-178200,-177840,-177600,-177240,-177000,-176640,-176400,-176040,-175800,-175440,-175200,-174840,-174600,-174240,-174000,-173640,-173400,-173040,-172800,-172440,-172200,-171840,-171600,-171240,-171000,-170640,-170400,-170040,-169800,-169440,-169200,-168840,-168600,-168240,-168000,-167640,-167400,-167040,-166800,-166440,-166200,-165840,-165600,-165240,-165000,-164640,-164400,-164040,-163800,-163440,-163200,-162840,-162600,-162240,-162000,-161640,-161400,-161040,-160800,-160440,-160200,-159840,-159600,-159240,-159000,-158640,-158400,-158040,-157800,-157440,-157200,-156840,-156600,-156240,-156000,-155640,-155400,-155040,-154800,-154440,-154200,-153840,-153600,-153240,-153000,-152640,-152400,-152040,-151800,-151440,-151200,-150840,-150600,-150240,-150000,-149640,-149400,-149040,-148800,-148440,-148200,-147840,-147600,-147240,-147000,-146640,-146400,-146040,-145800,-145440,-145200,-144840,-144600,-144240,-144000,-143640,-143400,-143040,-142800,-142440,-142200,-141840,-141600,-141240,-141000,-140640,-140400,-140040,-139800,-139440,-139200,-138840,-138600,-138240,-138000,-137640,-137400,-137040,-136800,-136440,-136200,-135840,-135600,-135240,-135000,-134640,-134400,-134040,-133800,-133440,-133200,-132840,-132600,-132240,-132000,-131640,-131400,-131040,-130800,-130440,-130200,-129840,-129600,-129240,-129000,-128640,-128400,-128040,-127800,-127440,-127200,-126840,-126600,-126240,-126000,-125640,-125400,-125040,-124800,-124440,-124200,-123840,-123600,-123240,-123000,-122640,-122400,-122040,-121800,-121440,-121200,-120840,-120600,-120240,-120000,-119640,-119400,-119040,-118800,-118440,-118200,-117840,-117600,-117240,-117000,-116640,-116400,-116040,-115800,-115440,-115200,-114840,-114600,-114240,-114000,-113640,-113400,-113040,-112800,-112440,-112200,-111840,-111600,-111240,-111000,-110640,-110400,-110040,-109800,-109440,-109200,-108840,-108600,-108240,-108000,-107640,-107400,-107040,-106800,-106440,-106200,-105840,-105600,-105240,-105000,-104640,-104400,-104040,-103800,-103440,-103200,-102840,-102600,-102240,-102000,-101640,-101400,-101040,-100800,-100440,-100200,-99840,-99600,-99240,-99000,-98640,-98400,-98040,-97800,-97440,-97200,-96840,-96600,-96240,-96000,-95640,-95400,-95040,-94800,-94440,-94200,-93840,-93600,-93240,-93000,-92640,-92400,-92040,-91800,-91440,-91200,-90840,-90600,-90240,-90000,-89640,-89400,-89040,-88800,-88440,-88200,-87840,-87600,-87240,-87000,-86640,-86400,-86040,-85800,-85440,-85200,-84840,-84600,-84240,-84000,-83640,-83400,-83040,-82800,-82440,-82200,-81840,-81600,-81240,-81000,-80640,-80400,-80040,-79800,-79440,-79200,-78840,-78600,-78240,-78000,-77640,-77400,-77040,-76800,-76440,-76200,-75840,-75600,-75240,-75000,-74640,-74400,-74040,-73800,-73440,-73200,-72840,-72600,-72240,-72000,-71640,-71400,-71040,-70800,-70440,-70200,-69840,-69600,-69240,-69000,-68640,-68400,-68040,-67800,-67440,-67200,-66840,-66600,-66240,-66000,-65640,-65400,-65040,-64800,-64440,-64200,-63840,-63600,-63240,-63000,-62640,-62400,-62040,-61800,-61440,-61200,-60840,-60600,-60240,-60000,-59640,-59400,-59040,-58800,-58440,-58200,-57840,-57600,-57240,-57000,-56640,-56400,-56040,-55800,-55440,-55200,-54840,-54600,-54240,-54000,-53640,-53400,-53040,-52800,-52440,-52200,-51840,-51600,-51240,-51000,-50640,-50400,-50040,-49800,-49440,-49200,-48840,-48600,-48240,-48000,-47640,-47400,-47040,-46800,-46440,-46200,-45840,-45600,-45240,-45000,-44640,-44400,-44040,-43800,-43440,-43200,-42840,-42600,-42240,-42000,-41640,-41400,-41040,-40800,-40440,-40200,-39840,-39600,-39240,-39000,-38640,-38400,-38040,-37800,-37440,-37200,-36840,-36600,-36240,-36000,-35640,-35400,-35040,-34800,-34440,-34200,-33840,-33600,-33240,-33000,-32640,-32400,-32040,-31800,-31440,-31200,-30840,-30600,-30240,-30000,-29640,-29400,-29040,-28800,-28440,-28200,-27840,-27600,-27240,-27000,-26640,-26400,-26040,-25800,-25440,-25200,-24840,-24600,-24240,-24000,-23640,-23400,-23040,-22800,-22440,-22200,-21840,-21600,-21240,-21000,-20640,-20400,-20040,-19800,-19440,-19200,-18840,-18600,-18240,-18000,-17640,-17400,-17040,-16800,-16440,-16200,-15840,-15600,-15240,-15000,-14640,-14400,-14040,-13800,-13440,-13200,-12840,-12600,-12240,-12000,-11640,-11400,-11040,-10800,-10440,-10200,-9840,-9600,-9240,-9000,-8640,-8400,-8040,-7800,-7440,-7200,-6840,-6600,-6240,-6000,-5640,-5400,-5040,-4800,-4440,-4200,-3840,-3600,-3240,-3000,-2640,-2400,-2040,-1800,-1440,-1200,-840,-600,-240,0,360,600,960,1200,1560,1800,2160,2400,2760,3000,3360,3600,3960,4200,4560,4800,5160,5400,5760,6000,6360,6600,6960,7200,7560,7800,8160,8400,8760,9000,9360,9600,9960,10200,10560,10800,11160,11400,11760,12000,12360,12600,12960,13200,13560,13800,14160,14400,14760,15000,15360,15600,15960,16200,16560,16800,17160,17400,17760,18000,18360,18600,18960,19200,19560,19800,20160,20400,20760,21000,21360,21600,21960,22200,22560,22800,23160,23400,23760,24000,24360,24600,24960,25200,25560,25800,26160,26400,26760,27000,27360,27600,27960,28200,28560,28800,29160,29400,29760,30000,30360,30600,30960,31200,31560,31800,32160,32400,32760,33000,33360,33600,33960,34200,34560,34800,35160,35400,35760,36000,36360,36600,36960,37200,37560,37800,38160,38400,38760,39000,39360,39600,39960,40200,40560,40800,41160,41400,41760,42000,42360,42600,42960,43200,43560,43800,44160,44400,44760,45000,45360,45600,45960,46200,46560,46800,47160,47400,47760,48000,48360,48600,48960,49200,49560,49800,50160,50400,50760,51000,51360,51600,51960,52200,52560,52800,53160,53400,53760,54000,54360,54600,54960,55200,55560,55800,56160,56400,56760,57000,57360,57600,57960,58200,58560,58800,59160,59400,59760,60000,60360,60600,60960,61200,61560,61800,62160,62400,62760,63000,63360,63600,63960,64200,64560,64800,65160,65400,65760,66000,66360,66600,66960,67200,67560,67800,68160,68400,68760,69000,69360,69600,69960,70200,70560,70800,71160,71400,71760,72000,72360,72600,72960,73200,73560,73800,74160,74400,74760,75000,75360,75600,75960,76200,76560,76800,77160,77400,77760,78000,78360,78600,78960,79200,79560,79800,80160,80400,80760,81000,81360,81600,81960,82200,82560,82800,83160,83400,83760,84000,84360,84600,84960,85200,85560,85800,86160,86400],"sog":[3.7,2.5,4.3,3.9,5.6,1.5,2.4,5.3,3.1,4.0,2.9,4.3,3.6,2.3,4.5,3.8,2.9,3.3,4.0,3.8,3.2,3.9,4.6,4.2,3.7,4.1,3.0,4.0,3.0,4.5,5.7,4.5,3.7,2.9,3.6,3.8,6.5,3.4,3.2,2.7,4.0,2.4,3.7,5.4,4.7,2.9,6.1,3.4,2.9,3.8,3.4,4.3,4.3,5.1,5.8,3.8,3.1,4.2,4.3,4.3,3.4,6.4,4.6,3.9,4.0,2.8,3.9,4.1,4.7,3.7,3.5,5.0,4.5,4.3,3.3,3.6,2.2,4.7,5.4,4.3,4.9,3.7,3.5,3.6,5.1,4.3,4.8,3.1,4.2,5.1,3.5,2.2,3.8,3.5,3.4,4.7,4.7,4.2,5.3,4.0,3.9,3.8,4.3,4.0,3.2,3.7,3.7,3.1,4.3,4.7,1.9,4.0,4.8,5.3,5.8,1.5,2.0,3.9,3.9,4.3,2.7,4.4,6.4,2.8,3.4,4.3,3.0,4.8,4.3,3.5,3.4,2.8,5.0,1.1,3.0,5.6,4.5,3.8,2.4,2.8,4.8,3.2,4.9,2.9,3.4,2.8,3.4,3.9,3.9,3.6,5.2,4.7,3.6,4.0,4.6,4.3,2.8,2.4,4.5,4.1,4.1,4.3,2.8,3.7,3.7,4.2,3.1,4.7,4.0,3.9,3.7,3.2,3.7,2.2,2.7,4.0,5.3,2.5,3.8,2.5,4.2,3.9,5.7,4.4,4.2,4.8,3.0,5.2,5.3,5.8,3.6,4.0,4.2,5.1,4.4,3.2,3.6,3.1,3.5,1.8,4.6,4.4,5.0,4.8,2.0,2.3,5.1,6.4,3.5,3.4,3.9,2.3,3.8,1.9,4.8,3.8,4.7,4.7,4.1,4.4,5.0,3.7,4.6,3.2,2.9,3.1,3.9,2.9,4.6,5.2,1.1,3.7,4.4,3.1,3.6,4.2,3.3,5.6,4.0,3.2,6.3,2.5,4.2,6.0,3.4,3.5,2.6,3.4,4.7,4.5,2.2,2.5,2.7,2.9,2.9,4.3,3.5,3.2,4.9,4.4,3.2,4.7,4.4,4.5,3.5,3.9,4.8,2.9,3.3,4.1,3.8,3.2,4.3,4.3,3.5,3.8,4.5,3.2,4.6,3.5,6.2,3.7,4.5,3.7,6.1,3.7,2.7,4.7,4.9,3.4,3.4,6.7,3.8,5.1,3.6,3.4,6.9,3.2,3.7,4.4,3.9,3.6,4.1,5.3,5.1,4.6,5.1,3.4,3.2,3.7,2.2,5.0,3.6,4.3,3.2,3.8,5.1,3.4,2.6,3.1,2.5,4.0,3.3,0.8,2.2,3.5,3.4,4.7,3.9,4.3,3.7,2.4,3.7,2.9,1.7,2.5,3.9,5.5,5.1,5.4,4.2,2.7,3.6,3.4,3.9,3.4,5.0,3.6,3.1,1.6,3.8,4.5,5.3,2.9,3.1,4.2,3.0,2.8,4.7,3.9,5.9,5.4,3.8,3.4,5.0,3.6,3.2,3.8,3.0,2.6,5.1,5.3,3.6,2.6,4.5,4.6,4.7,3.4,4.0,3.9,1.7,3.5,7.0,3.8,3.3,2.6,5.4,4.5,3.6,4.2,4.5,4.1,3.2,2.6,4.2,2.1,3.5,3.0,4.4,4.9,3.8,3.3,4.9,3.3,5.0,2.4,4.8,3.2,3.1,5.7,4.9,4.6,4.7,2.9,5.1,6.0,3.4,3.9,3.0,5.1,6.6,4.9,2.7,3.4,4.8,4.0,4.4,3.4,3.5,5.1,4.9,2.4,3.5,3.3,5.4,3.0,3.6,3.9,3.3,4.4,3.7,2.5,4.5,4.8,5.5,4.0,5.4,4.0,4.4,5.3,3.9,4.0,5.6,6.1,4.7,4.2,1.9,4.7,2.1,3.2,4.6,4.4,2.2,4.7,4.8,4.3,3.4,2.8,3.6,2.9,3.5,2.2,3.9,3.4,5.3,3.5,3.9,3.6,5.2,4.6,2.4,5.4,4.0,4.6,6.1,4.3,5.2,3.0,4.0,5.5,2.5,3.4,2.4,5.6,3.0,4.7,5.4,4.8,6.3,3.8,4.9,4.0,2.9,1.9,3.3,3.4,4.1,2.7,2.9,3.5,4.6,4.1,4.4,3.7,3.5,1.8,5.2,3.8,2.8,5.4,5.0,3.7,3.9,6.0,3.3,4.2,4.8,3.6,4.4,4.9,4.3,2.6,4.5,2.2,2.2,2.0,2.8,3.9,4.9,4.0,4.9,5.1,4.1,5.7,5.6,4.3,2.8,4.2,3.1,4.3,4.0,5.2,3.4,4.4,5.9,3.7,5.1,4.8,5.0,2.7,3.6,6.2,4.6,3.0,4.6,3.8,4.9,3.8,4.1,5.4,2.6,4.7,5.3,4.1,4.2,4.4,2.3,3.9,5.4,2.6,1.8,6.0,3.6,4.0,3.8,4.8,3.4,5.2,3.3,4.1,2.4,4.1,3.1,5.1,5.7,4.4,5.8,3.5,4.0,5.0,3.5,4.3,3.7,4.8,6.3,3.4,3.6,5.0,3.6,2.0,4.3,3.5,3.7,3.5,4.6,2.3,3.9,4.5,5.2,3.9,4.7,5.5,2.8,5.3,1.8,4.3,2.4,5.8,3.6,5.4,3.4,2.9,5.4,4.6,6.5,2.5,4.8,3.1,3.3,4.9,3.9,1.7,3.3,4.5,5.2,1.4,4.7,3.1,2.9,4.1,1.3,3.1,4.9,4.5,4.7,3.9,3.5,3.9,4.0,2.8,3.7,3.6,3.8,5.6,4.2,6.2,3.6,4.7,4.6,2.2,5.0,3.1,2.5,3.9,4.1,3.0,4.0,3.2,4.5,4.3,2.5,4.4,5.9,3.6,4.5,3.8,2.3,3.2,3.8,5.0,3.1,3.9,5.5,3.7,3.9,2.9,3.4,2.6,3.0,3.4,4.1,6.5,3.4,6.7,4.8,3.3,4.4,4.8,5.1,3.3,4.1,3.7,4.2,2.7,3.3,3.6,5.4,3.8,4.2,3.8,5.5,3.7,5.0,4.1,5.3,6.0,6.7,3.7,2.9,4.8,4.8,5.2,5.8,5.2,3.2,4.8,3.8,3.6,3.4,3.4,3.7,3.1,3.8,2.4,4.1,3.6,5.6,3.2,3.9,4.8,2.0,2.7,2.2,4.1,5.2,5.6,2.4,3.6,2.1,3.9,4.2,3.6,3.2,3.4,2.6,4.6,2.1,4.0,5.8,4.7,4.6,3.3,5.5,3.1,3.3,5.2,4.6,4.0,4.0,4.3,3.6,4.9,4.5,4.3,3.2,3.7,4.0,5.2,3.4,4.8,4.7,3.7,4.2,2.7,1.8,6.0,3.1,2.2,3.5,3.9,3.6,2.1,4.6,4.2,4.1,2.4,2.6,5.1,5.6,4.1,4.5,5.6,2.1,4.3,3.5,3.3,5.2,3.7,4.9,3.6,4.0,2.3,3.4,5.9,3.8,3.7,4.0,3.4,3.7,5.1,4.2,3.7,5.0,1.6,5.9,4.5,2.7,3.9,3.9,4.6,5.1,3.4,4.2,3.8,5.0,5.1,5.0,5.8,2.2,2.9,3.6,3.9,4.5,3.9,2.1,4.7,4.5,3.0,3.2,2.2,4.0,3.9,2.6,2.7,3.3,5.7,3.5,4.1,2.8,4.3,4.1,3.5,4.5,1.9,4.9,4.0,3.5,5.9,3.3,5.0,4.1,5.5,2.7,3.4,5.7,4.5,4.1,4.9,5.4,4.0,3.3,4.2,1.6,5.8,4.7,5.3,4.0,3.6,1.9,2.6,4.7,2.9,3.7,4.0,4.9,3.2,3.5,4.9,2.6,4.4,3.6,2.2,4.5,5.0,5.5,4.3,2.9,5.2,3.0,4.0,4.0,5.9,2.5,2.4,4.4,4.4,4.4,4.7,5.1,4.9,3.9,4.7,5.7,3.1,3.9,3.7,3.9,4.1,3.8,3.3,4.9,2.5,3.5,4.3,5.3,2.3,3.1,3.9,5.5,3.6,6.0,4.1,3.1,4.6,3.4,3.7,4.1,4.5,3.3,5.0,3.8,5.5,3.2,2.5,4.3,3.7,5.0,5.1,3.8,4.4,3.9,4.0,4.9,2.9,4.0,3.9,4.3,2.5,4.1,5.3,4.0,4.6,3.3,5.5,4.0,3.9,3.9,1.7,3.9,4.4,4.0,1.7,2.5,4.2,4.0,4.7,5.5,4.2,3.0,4.8,3.1,2.7,4.0,4.3,4.4,3.8,3.0,5.3,5.5,4.4,4.6,6.4,3.9,3.5,4.3,3.4,5.3,2.7,3.3,2.1,4.0,2.8,4.3,5.3,3.2,3.0,5.3,5.0,4.0,4.9,2.7,1.6,2.4,2.2,4.4,3.1,3.5,5.1,3.5,3.3,3.9,2.4,4.8,4.0,3.1,3.9,4.7,4.8,3.1,3.2,5.3,2.3,3.2,5.7,2.8,5.2,3.3,3.6,3.8,3.5,4.1,5.2,5.0,2.5,4.5,2.5,3.2,5.4,2.7,3.1,3.3,2.5,4.8,3.8,3.6,4.2,3.1,4.1,4.0,3.6,3.0,3.8,4.1,3.7,3.2,4.4,5.2,5.1,4.7,3.1,3.5,2.3,4.5,6.2,7.4,3.5,4.5,4.1,4.0,5.1,3.6,3.8,3.9,2.8,3.9,4.6,5.0,3.4,3.8,3.5,3.9,3.2,1.5,5.5,4.1,3.8,4.2,4.4,3.6,3.0,1.7,6.3,5.9,2.2,3.2,5.0,5.2,4.6,4.2,4.6,3.6,3.5,4.6,3.8,4.0,4.0,4.0,4.0,4.7,4.7,5.0,3.5,5.2,6.6,4.2,4.1,3.2,3.5,5.4,3.8,4.5,3.7,4.5]}},{"type":"Feature","geometry":{"type":"LineString","coordinates":[[82.7419,12.9257],[82.7457,12.93],[82.7526,12.9392],[82.7637,12.9533],[82.7709,12.9623],[82.7822,12.9769],[82.7895,12.986],[82.8009,13.0004],[82.8082,13.0094],[82.8196,13.023],[82.8267,13.0321],[82.8379,13.0462],[82.8453,13.055],[82.8559,13.0691],[82.8625,13.0786],[82.8727,13.0927],[82.8797,13.1024],[82.8905,13.1163],[82.8973,13.1258],[82.9083,13.1403],[82.9155,13.1497],[82.9267,13.1638],[82.9344,13.1724],[82.9456,13.1865],[82.9528,13.1957],[82.9642,13.2096],[82.9712,13.2188],[82.9821,13.2328],[82.9891,13.242],[82.9998,13.256],[83.0069,13.2657],[83.0173,13.28],[83.024,13.2899],[83.0342,13.3045],[83.041,13.3143],[83.0517,13.3293],[83.0582,13.3388],[83.0677,13.3539],[83.0744,13.3636],[83.0841,13.3784],[83.091,13.3879],[83.1012,13.4023],[83.1084,13.412],[83.1188,13.4262],[83.1254,13.4356],[83.136,13.4495],[83.1429,13.4589],[83.1538,13.4734],[83.1607,13.4827],[83.1707,13.4964],[83.1775,13.5058],[83.1873,13.52],[83.1936,13.5295],[83.2034,13.5446],[83.2098,13.5547],[83.2197,13.5694],[83.2258,13.5791],[83.2356,13.594],[83.2423,13.6043],[83.2525,13.6189],[83.2591,13.6283],[83.2697,13.643],[83.2763,13.6524],[83.2862,13.6671],[83.2929,13.6768],[83.303,13.6915],[83.3099,13.7014],[83.3197,13.7163],[83.3262,13.7262],[83.3358,13.7411],[83.3426,13.751],[83.3525,13.7656],[83.3589,13.7758],[83.3686,13.7905],[83.3749,13.8002],[83.3845,13.8147],[83.3909,13.8246],[83.4001,13.839],[83.4065,13.8489],[83.4159,13.8639],[83.4224,13.8742],[83.4319,13.8893],[83.4384,13.8989],[83.4488,13.9146],[83.4553,13.9238],[83.4653,13.9385],[83.4722,13.9486],[83.4827,13.9632],[83.4892,13.9727],[83.4993,13.9869],[83.5061,13.9968],[83.5159,14.011],[83.5224,14.0205],[83.5326,14.0353],[83.5396,14.0454],[83.5496,14.0599],[83.5562,14.0695],[83.567,14.084],[83.5739,14.093],[83.5845,14.1069],[83.592,14.1167],[83.6027,14.1311],[83.6101,14.1405],[83.6209,14.1545],[83.6282,14.1645],[83.6382,14.178],[83.6457,14.1877],[83.6557,14.2021],[83.6626,14.2114],[83.6734,14.2251],[83.6802,14.2348],[83.6914,14.2486],[83.6986,14.2585],[83.7098,14.2716],[83.7172,14.2807],[83.7285,14.2943],[83.7358,14.3032],[83.7474,14.3176],[83.7554,14.3267],[83.7672,14.3397],[83.775,14.3489],[83.7867,14.3616],[83.7948,14.3701],[83.8068,14.3835],[83.8147,14.3924],[83.8265,14.4059],[83.834,14.4149],[83.8459,14.4286],[83.8533,14.4377],[83.8642,14.4512],[83.8715,14.4602],[83.8827,14.4738],[83.8905,14.4831],[83.9017,14.4971],[83.9091,14.5062],[83.92,14.5203],[83.9272,14.5295],[83.9377,14.5432],[83.9449,14.5528],[83.9565,14.5667],[83.964,14.5757],[83.9752,14.5892],[83.9828,14.5984],[83.9936,14.6117],[84.0008,14.6211],[84.0115,14.6348],[84.019,14.6444],[84.0297,14.658],[84.0373,14.6672],[84.0482,14.6812],[84.0561,14.6897],[84.0673,14.7034],[84.0756,14.7125],[84.0869,14.7262],[84.0947,14.7356],[84.106,14.749],[84.113,14.7577],[84.1247,14.7716],[84.132,14.7811],[84.1429,14.7944],[84.1504,14.8036],[84.1614,14.817],[84.169,14.8265],[84.1799,14.8404],[84.1878,14.8496],[84.1991,14.8639],[84.2063,14.8725],[84.2169,14.8863],[84.2239,14.8957],[84.2342,14.9098],[84.2414,14.9191],[84.252,14.9334],[84.2589,14.9432],[84.2697,14.9569],[84.2767,14.9663],[84.288,14.9803],[84.295,14.9894],[84.3061,15.0027],[84.3135,15.0122],[84.3246,15.026],[84.3323,15.0352],[84.3432,15.0489],[84.3504,15.0577],[84.3613,15.072],[84.3688,15.0807],[84.3799,15.0947],[84.3874,15.1036],[84.3977,15.1173],[84.4053,15.1258],[84.4162,15.1402],[84.4233,15.1493],[84.4344,15.1634],[84.4417,15.1724],[84.4523,15.186],[84.4599,15.195],[84.4705,15.2091],[84.4777,15.2178],[84.4886,15.2318],[84.4963,15.2413],[84.5076,15.2552],[84.5154,15.2646],[84.5265,15.2779],[84.5336,15.2866],[84.5451,15.3007],[84.5524,15.3096],[84.5643,15.3235],[84.5713,15.3325],[84.5827,15.3464],[84.5902,15.3549],[84.602,15.369],[84.6088,15.3779],[84.6203,15.3916],[84.6275,15.4002],[84.6385,15.4135],[84.646,15.4227],[84.6577,15.4364],[84.6653,15.4456],[84.6768,15.4589],[84.6845,15.4679],[84.6959,15.4809],[84.7034,15.4902],[84.715,15.5032],[84.7227,15.5123],[84.7343,15.5258],[84.7415,15.5354],[84.7528,15.5495],[84.7598,15.5587],[84.7706,15.5731],[84.7773,15.582],[84.7878,15.5963],[84.7953,15.6059],[84.8056,15.62],[84.8123,15.6299],[84.8227,15.6441],[84.8302,15.6541],[84.8402,15.6685],[84.8473,15.6773],[84.858,15.6921],[84.8651,15.7011],[84.8759,15.7155],[84.8825,15.7247],[84.8927,15.7388],[84.9003,15.7483],[84.9104,15.7622],[84.9176,15.7714],[84.9281,15.7859],[84.9356,15.7953],[84.9459,15.8091],[84.9526,15.8185],[84.9631,15.8323],[84.9698,15.842],[84.98,15.8562],[84.9866,15.8661],[84.9971,15.8804],[85.0036,15.89],[85.0139,15.9047],[85.0206,15.9145],[85.0302,15.9289],[85.0368,15.9387],[85.0462,15.9526],[85.0534,15.9625],[85.0636,15.9767],[85.0699,15.9859],[85.0808,15.9997],[85.0881,16.0093],[85.0993,16.023],[85.1067,16.032],[85.118,16.0459],[85.1255,16.0552],[85.1367,16.0689],[85.1439,16.0782],[85.155,16.092],[85.1625,16.1009],[85.1744,16.114],[85.1817,16.1237],[85.1933,16.1373],[85.2009,16.1466],[85.2119,16.1609],[85.2191,16.1697],[85.2298,16.1834],[85.2372,16.1921],[85.2483,16.2061],[85.2557,16.2148],[85.2669,16.2282],[85.2739,16.2371],[85.2859,16.2513],[85.2934,16.2611],[85.3044,16.2742],[85.312,16.2832],[85.323,16.2973],[85.3295,16.3069],[85.34,16.3208],[85.3472,16.3304],[85.3578,16.3448],[85.3647,16.3549],[85.3749,16.3694],[85.382,16.3789],[85.3913,16.3936],[85.3982,16.403],[85.4084,16.4176],[85.4147,16.4277],[85.4249,16.4422],[85.4309,16.4515],[85.4404,16.4664],[85.4465,16.476],[85.4556,16.4904],[85.4622,16.5003],[85.4721,16.5153],[85.4787,16.525],[85.4884,16.5399],[85.4949,16.5497],[85.5045,16.5649],[85.5103,16.5743],[85.5202,16.5888],[85.5267,16.5986],[85.5366,16.6136],[85.5422,16.6232],[85.5516,16.6376],[85.5577,16.6478],[85.5664,16.6624],[85.5728,16.6728],[85.5819,16.688],[85.5878,16.6985],[85.5971,16.7137],[85.6032,16.7241],[85.6118,16.7397],[85.6181,16.7496],[85.6267,16.765],[85.6319,16.7748],[85.6409,16.7899],[85.6464,16.8003],[85.6548,16.8153],[85.6606,16.8256],[85.6694,16.8417],[85.6754,16.8522],[85.6841,16.8678],[85.6898,16.8776],[85.6984,16.8933],[85.7039,16.9033],[85.7122,16.9192],[85.7178,16.9295],[85.726,16.9447],[85.7318,16.9555],[85.7403,16.9708],[85.7459,16.981],[85.7547,16.9966],[85.7603,17.0061],[85.769,17.0216],[85.7749,17.0318],[85.7835,17.048],[85.7894,17.0583],[85.7985,17.0736],[85.8043,17.0843],[85.813,17.1],[85.8188,17.1105],[85.8274,17.1258],[85.8332,17.1363],[85.841,17.1514],[85.8469,17.1621],[85.8555,17.1776],[85.8611,17.1883],[85.8694,17.2037],[85.8755,17.2144],[85.883,17.2295],[85.8886,17.2401],[85.8967,17.2558],[85.9022,17.2662],[85.9103,17.2811],[85.9158,17.2921],[85.9243,17.3075],[85.93,17.3177],[85.9395,17.3333],[85.9453,17.3429],[85.9552,17.3578],[85.9616,17.3676],[85.971,17.3826],[85.9774,17.3928],[85.987,17.4075],[85.9937,17.4173],[86.0032,17.4317],[86.0094,17.4415],[86.0189,17.4558],[86.0254,17.4656],[86.0353,17.4804],[86.0415,17.4905],[86.0517,17.5056],[86.0586,17.5153],[86.0683,17.5297],[86.0745,17.5398],[86.0844,17.554],[86.091,17.5641],[86.1007,17.5784],[86.1076,17.5881],[86.1172,17.6029],[86.1241,17.6128],[86.1346,17.6269],[86.1413,17.6367],[86.1515,17.6508],[86.1586,17.6607],[86.1691,17.6751],[86.1761,17.6846],[86.1869,17.6991],[86.1932,17.7086],[86.2036,17.7227],[86.2103,17.7326],[86.2204,17.7469],[86.2267,17.7571],[86.2366,17.7717],[86.2427,17.7809],[86.2529,17.7961],[86.2593,17.806],[86.2692,17.8207],[86.2754,17.8303],[86.2852,17.8459],[86.2916,17.8557],[86.3011,17.8697],[86.3074,17.8794],[86.3173,17.8947],[86.3237,17.9046],[86.333,17.9189],[86.3392,17.9284],[86.3492,17.9434],[86.3556,17.9531],[86.365,17.968],[86.3714,17.9781],[86.3813,17.9928],[86.3875,18.0031],[86.3975,18.018],[86.4035,18.0277],[86.4123,18.0427],[86.4186,18.0527],[86.4281,18.0678],[86.4345,18.0776],[86.4436,18.0928],[86.4497,18.1027],[86.4594,18.1175],[86.4654,18.1278],[86.4749,18.1422],[86.4819,18.1521],[86.4916,18.1676],[86.4983,18.1773]]},"properties":{"mmsi":995001086,"name":"SYN-TAN-06","role":"candidate","vessel_type":80,"synthetic":true,"t_offset_s":[-173726,-173606,-173366,-173006,-172766,-172406,-172166,-171806,-171566,-171206,-170966,-170606,-170366,-170006,-169766,-169406,-169166,-168806,-168566,-168206,-167966,-167606,-167366,-167006,-166766,-166406,-166166,-165806,-165566,-165206,-164966,-164606,-164366,-164006,-163766,-163406,-163166,-162806,-162566,-162206,-161966,-161606,-161366,-161006,-160766,-160406,-160166,-159806,-159566,-159206,-158966,-158606,-158366,-158006,-157766,-157406,-157166,-156806,-156566,-156206,-155966,-155606,-155366,-155006,-154766,-154406,-154166,-153806,-153566,-153206,-152966,-152606,-152366,-152006,-151766,-151406,-151166,-150806,-150566,-150206,-149966,-149606,-149366,-149006,-148766,-148406,-148166,-147806,-147566,-147206,-146966,-146606,-146366,-146006,-145766,-145406,-145166,-144806,-144566,-144206,-143966,-143606,-143366,-143006,-142766,-142406,-142166,-141806,-141566,-141206,-140966,-140606,-140366,-140006,-139766,-139406,-139166,-138806,-138566,-138206,-137966,-137606,-137366,-137006,-136766,-136406,-136166,-135806,-135566,-135206,-134966,-134606,-134366,-134006,-133766,-133406,-133166,-132806,-132566,-132206,-131966,-131606,-131366,-131006,-130766,-130406,-130166,-129806,-129566,-129206,-128966,-128606,-128366,-128006,-127766,-127406,-127166,-126806,-126566,-126206,-125966,-125606,-125366,-125006,-124766,-124406,-124166,-123806,-123566,-123206,-122966,-122606,-122366,-122006,-121766,-121406,-121166,-120806,-120566,-120206,-119966,-119606,-119366,-119006,-118766,-118406,-118166,-117806,-117566,-117206,-116966,-116606,-116366,-116006,-115766,-115406,-115166,-114806,-114566,-114206,-113966,-113606,-113366,-113006,-112766,-112406,-112166,-111806,-111566,-111206,-110966,-110606,-110366,-110006,-109766,-109406,-109166,-108806,-108566,-108206,-107966,-107606,-107366,-107006,-106766,-106406,-106166,-105806,-105566,-105206,-104966,-104606,-104366,-104006,-103766,-103406,-103166,-102806,-102566,-102206,-101966,-101606,-101366,-101006,-100766,-100406,-100166,-99806,-99566,-99206,-98966,-98606,-98366,-98006,-97766,-97406,-97166,-96806,-96566,-96206,-95966,-95606,-95366,-95006,-94766,-94406,-94166,-93806,-93566,-93206,-92966,-92606,-92366,-92006,-91766,-91406,-91166,-90806,-90566,-90206,-89966,-89606,-89366,-89006,-88766,-88406,-88166,-87806,-87566,-87206,-86966,-86606,-86366,-86006,-85766,-85406,-85166,-84806,-84566,-84206,-83966,-83606,-83366,-83006,-82766,-82406,-82166,-81806,-81566,-81206,-80966,-80606,-80366,-80006,-79766,-79406,-79166,-78806,-78566,-78206,-77966,-77606,-77366,-77006,-76766,-76406,-76166,-75806,-75566,-75206,-74966,-74606,-74366,-74006,-73766,-73406,-73166,-72806,-72566,-72206,-71966,-71606,-71366,-71006,-70766,-70406,-70166,-69806,-69566,-69206,-68966,-68606,-68366,-68006,-67766,-67406,-67166,-66806,-66566,-66206,-65966,-65606,-65366,-65006,-64766,-64406,-64166,-63806,-63566,-63206,-62966,-62606,-62366,-62006,-61766,-61406,-61166,-60806,-60566,-60206,-59966,-59606,-59366,-59006,-58766,-58406,-58166,-57806,-57566,-57206,-56966,-56606,-56366,-56006,-55766,-55406,-55166,-54806,-54566,-54206,-53966,-53606,-53366,-53006,-52766,-52406,-52166,-51806,-51566,-51206,-50966,-50606,-50366,-50006,-49766,-49406,-49166,-48806,-48566,-48206,-47966,-47606,-47366,-47006,-46766,-46406,-46166,-45806,-45566,-45206,-44966,-44606,-44366,-44006,-43766,-43406,-43166,-42806,-42566,-42206,-41966],"sog":[10.6,10.6,10.6,10.7,10.3,10.8,10.8,10.9,10.0,10.8,10.4,10.3,10.3,10.2,10.7,10.8,10.0,11.1,10.0,11.1,10.6,10.9,10.4,10.8,10.7,10.7,10.1,10.3,10.9,10.6,10.7,10.0,10.4,10.7,10.2,11.2,10.8,10.5,10.6,10.4,10.3,10.6,10.5,10.5,10.0,10.2,10.4,10.4,10.4,10.1,9.9,10.4,10.6,10.3,10.3,10.5,10.3,10.8,10.8,10.4,10.4,10.8,9.7,11.1,10.7,10.6,10.7,10.4,10.7,10.5,10.8,10.4,10.6,10.2,10.5,10.3,10.2,10.3,10.2,10.3,10.7,10.5,10.8,11.1,9.9,10.8,10.8,10.3,10.6,10.6,10.7,10.8,10.5,10.4,10.9,10.3,10.3,10.4,10.8,10.3,10.9,10.6,10.8,10.6,10.9,9.9,10.5,10.7,10.5,10.1,10.5,10.5,10.7,10.6,10.1,10.5,10.6,11.0,10.8,10.8,10.5,10.4,10.1,10.5,10.6,10.7,10.2,10.7,10.9,10.2,10.3,10.5,10.6,10.4,10.3,10.7,10.3,10.5,10.2,10.3,10.3,10.3,10.6,10.5,10.7,10.7,10.1,10.5,10.5,10.3,10.3,10.3,10.8,10.3,10.7,11.0,9.7,11.1,11.2,10.2,10.3,10.1,10.6,10.3,10.6,10.5,10.6,10.2,10.5,10.2,10.1,10.4,10.7,10.5,10.3,10.7,10.4,10.3,10.6,10.7,11.0,10.7,10.4,10.3,9.9,10.3,10.2,10.2,10.1,10.7,10.2,10.2,10.5,10.0,10.7,10.7,9.9,10.6,10.8,11.0,10.4,9.9,10.2,10.3,10.7,10.5,10.4,10.5,10.4,11.0,10.2,10.3,10.3,10.2,10.6,10.6,10.4,10.9,10.3,10.5,11.1,10.2,10.6,10.0,10.9,10.3,10.6,10.5,9.9,10.5,10.9,10.6,10.3,10.5,10.6,10.5,10.3,10.6,10.4,10.6,10.7,10.4,10.9,10.5,10.8,10.4,10.7,10.4,10.2,10.6,10.5,10.5,10.3,10.6,10.3,10.6,10.4,10.4,10.3,10.2,11.1,10.1,10.1,10.5,10.9,10.3,10.7,10.5,10.6,10.7,10.7,10.4,10.6,10.9,10.4,10.1,10.5,11.2,10.4,10.2,10.6,10.3,10.5,10.3,10.9,10.7,10.8,10.1,10.1,10.9,10.6,9.9,11.0,10.8,10.5,10.7,10.9,10.1,10.5,10.7,10.7,10.1,9.7,10.0,10.5,10.1,10.6,10.6,10.6,10.5,10.2,10.7,9.9,10.2,10.5,9.9,10.1,10.3,10.0,10.3,10.4,10.6,10.6,10.7,10.6,10.7,10.4,10.4,10.5,10.7,10.6,10.4,10.4,10.4,10.3,10.7,10.0,11.0,10.5,10.5,10.0,10.4,10.5,11.0,10.3,10.3,10.6,10.4,10.5,11.1,10.1,10.5,10.8,10.6,10.7,10.2,11.0,10.2,10.4,10.6,10.7,10.5,10.5,10.2,11.0,10.5,10.1,10.1,10.2,10.3,10.6,10.9,10.3,10.3,10.2,10.6,11.1,10.6,10.5,10.7,10.1,10.3,10.7,10.4,10.5,11.2,10.6,10.7,10.6,10.2,10.4,10.1,10.8,10.1,10.6,10.7,10.3,10.0,10.5,11.1,10.6,10.5,10.4,10.2,10.5,10.3,10.3,10.0,10.4,10.7,10.3,11.2,10.2,10.7,10.7,10.0,9.8,10.9,10.8,10.3,9.8,10.3,10.4,10.2,10.9,10.2,10.4,10.6,9.8,9.8,10.6,10.4,10.6,10.8,10.8,10.2,10.5,10.4,10.3,10.5,10.4]}},{"type":"Feature","geometry":{"type":"LineString","coordinates":[[81.987,11.9003],[81.9748,11.885],[81.9671,11.8749],[81.9541,11.8592],[81.946,11.8492],[81.9337,11.8338],[81.9253,11.8238],[81.9132,11.8088],[81.9046,11.7986],[81.8924,11.7835],[81.8837,11.7739],[81.8711,11.7586],[81.8624,11.7483],[81.8496,11.7331],[81.8411,11.7225],[81.8286,11.7076],[81.8207,11.6975],[81.8085,11.6823],[81.8,11.6721],[81.7882,11.657],[81.7803,11.6463],[81.7681,11.6308],[81.76,11.6199],[81.7482,11.6049],[81.7398,11.5946],[81.7273,11.5791],[81.7196,11.5692],[81.7077,11.5532],[81.6997,11.5423],[81.6883,11.5264],[81.6802,11.5161],[81.669,11.5007],[81.6617,11.4906],[81.6503,11.4744],[81.6429,11.4631],[81.6316,11.4476],[81.6237,11.4366],[81.6124,11.4205],[81.605,11.4096],[81.5946,11.3938],[81.5869,11.3834],[81.5758,11.3669],[81.568,11.356],[81.5572,11.3402],[81.55,11.3291],[81.5392,11.3131],[81.5325,11.3025],[81.5218,11.2857],[81.5145,11.2747],[81.5036,11.2581],[81.4968,11.247],[81.4863,11.2309],[81.4797,11.2199],[81.4696,11.2035],[81.4626,11.1926],[81.4522,11.176],[81.4449,11.1647],[81.4339,11.1482],[81.4267,11.1368],[81.4163,11.121],[81.4089,11.11],[81.3979,11.0947],[81.3908,11.0839],[81.3797,11.0679],[81.3729,11.0573],[81.3617,11.0412],[81.3544,11.0303],[81.3433,11.0138],[81.336,11.003],[81.3248,10.9869],[81.3176,10.9762],[81.3058,10.9608],[81.2975,10.95],[81.2853,10.9344],[81.2773,10.9239],[81.2651,10.9084],[81.2576,10.8978],[81.2452,10.8822],[81.2374,10.8718],[81.2256,10.8561],[81.218,10.846],[81.2061,10.8311],[81.1981,10.8206],[81.1858,10.8055],[81.1775,10.7956],[81.1653,10.7801],[81.1568,10.77],[81.1444,10.7548],[81.1367,10.7448],[81.1242,10.7294],[81.1158,10.7194],[81.1033,10.7047],[81.0949,10.6948],[81.0821,10.6799],[81.0738,10.6696],[81.0609,10.6542],[81.0526,10.6441],[81.0397,10.6296],[81.0313,10.6192],[81.0191,10.6044],[81.0104,10.5942],[80.998,10.5794],[80.9889,10.5693],[80.976,10.5546],[80.9672,10.5446],[80.9549,10.53],[80.9461,10.52],[80.9337,10.5049],[80.9251,10.4945],[80.9125,10.4789],[80.9043,10.4687],[80.8926,10.4535],[80.8844,10.4432],[80.8728,10.4276],[80.8649,10.4171],[80.8534,10.4016],[80.8456,10.3907],[80.8342,10.376],[80.8266,10.3656],[80.8145,10.3509],[80.8065,10.3401],[80.7944,10.3251],[80.7863,10.3156],[80.7742,10.3008],[80.7655,10.2906],[80.7528,10.2752],[80.7445,10.2656],[80.7324,10.2508],[80.7237,10.2404],[80.7114,10.2253],[80.7034,10.2155],[80.691,10.2006],[80.683,10.1907],[80.6706,10.1757],[80.6623,10.1656],[80.6503,10.1508],[80.6422,10.1405],[80.6296,10.1259],[80.6213,10.1155],[80.6089,10.1007],[80.6006,10.091],[80.588,10.0759],[80.5791,10.0664],[80.5666,10.0513],[80.5582,10.0416],[80.5448,10.0269],[80.5366,10.0172],[80.5229,10.0025],[80.5147,9.9934],[80.5009,9.9788],[80.4917,9.9693],[80.4792,9.9551],[80.4708,9.9454],[80.4578,9.9311],[80.449,9.9213],[80.436,9.9064],[80.4277,9.8968],[80.4142,9.8824],[80.4053,9.8725],[80.3919,9.8582],[80.3828,9.8485],[80.3685,9.8338],[80.3594,9.8245],[80.3452,9.8104],[80.3366,9.8012],[80.323,9.7873],[80.3138,9.7779],[80.3002,9.7638],[80.2916,9.7544],[80.1903,9.6429],[80.1811,9.6331],[80.1575,9.6093],[80.1437,9.5957],[80.1344,9.5862],[80.1113,9.5629],[80.097,9.5491],[80.0879,9.5392],[80.0746,9.5249],[80.0652,9.5152],[80.0517,9.5008],[80.0427,9.492],[80.0289,9.4778],[80.0192,9.4682],[80.0054,9.4538],[79.9962,9.4447],[79.9826,9.4307],[79.9734,9.4213],[79.9599,9.4073],[79.9505,9.3979],[79.9369,9.3834],[79.9285,9.3739],[79.9152,9.3593],[79.9057,9.3495],[79.8926,9.3356],[79.8837,9.3257],[79.8708,9.3114],[79.8617,9.3021],[79.8485,9.2871],[79.8397,9.2772],[79.8265,9.2628],[79.8183,9.2531],[79.8062,9.2381],[79.7981,9.2278],[79.7862,9.2128],[79.7782,9.203],[79.7657,9.1877],[79.7574,9.1767],[79.7455,9.1613],[79.7374,9.1507],[79.7259,9.1348],[79.7181,9.1242],[79.7066,9.1081],[79.6983,9.0972],[79.687,9.0808],[79.68,9.0698],[79.6688,9.0535],[79.6616,9.0426],[79.6507,9.0261],[79.6433,9.0155],[79.6322,8.9994],[79.6249,8.9886],[79.6138,8.9728],[79.6063,8.962],[79.5952,8.9461],[79.5875,8.9356],[79.5764,8.9191],[79.5689,8.9085],[79.5575,8.892],[79.5504,8.8814],[79.5394,8.8658],[79.5313,8.855],[79.5201,8.8391],[79.5122,8.8285],[79.5006,8.8124],[79.4926,8.8017],[79.4815,8.7863],[79.4738,8.7758],[79.4622,8.7598],[79.4547,8.7489],[79.4423,8.7332],[79.4349,8.7225],[79.4225,8.7067],[79.4153,8.6961],[79.404,8.6806],[79.3963,8.6695],[79.3846,8.654],[79.3767,8.643],[79.3656,8.6272],[79.358,8.6163],[79.3474,8.5998],[79.3402,8.5888],[79.3296,8.5724],[79.3224,8.5617],[79.3116,8.5454],[79.3048,8.5341],[79.2947,8.5177],[79.2873,8.5061]]},"properties":{"mmsi":995456150,"name":"SYN-CAR-30","role":"candidate","vessel_type":70,"synthetic":true,"t_offset_s":[-149986,-149626,-149386,-149026,-148786,-148426,-148186,-147826,-147586,-147226,-146986,-146626,-146386,-146026,-145786,-145426,-145186,-144826,-144586,-144226,-143986,-143626,-143386,-143026,-142786,-142426,-142186,-141826,-141586,-141226,-140986,-140626,-140386,-140026,-139786,-139426,-139186,-138826,-138586,-138226,-137986,-137626,-137386,-137026,-136786,-136426,-136186,-135826,-135586,-135226,-134986,-134626,-134386,-134026,-133786,-133426,-133186,-132826,-132586,-132226,-131986,-131626,-131386,-131026,-130786,-130426,-130186,-129826,-129586,-129226,-128986,-128626,-128386,-128026,-127786,-127426,-127186,-126826,-126586,-126226,-125986,-125626,-125386,-125026,-124786,-124426,-124186,-123826,-123586,-123226,-122986,-122626,-122386,-122026,-121786,-121426,-121186,-120826,-120586,-120226,-119986,-119626,-119386,-119026,-118786,-118426,-118186,-117826,-117586,-117226,-116986,-116626,-116386,-116026,-115786,-115426,-115186,-114826,-114586,-114226,-113986,-113626,-113386,-113026,-112786,-112426,-112186,-111826,-111586,-111226,-110986,-110626,-110386,-110026,-109786,-109426,-109186,-108826,-108586,-108226,-107986,-107626,-107386,-107026,-106786,-106426,-106186,-105826,-105586,-105226,-104986,-104626,-104386,-104026,-103786,-103426,-103186,-102826,-102586,-102226,-101986,-101626,-101386,-101026,-100786,-100426,-100186,-99826,-99586,-96826,-96586,-95986,-95626,-95386,-94786,-94426,-94186,-93826,-93586,-93226,-92986,-92626,-92386,-92026,-91786,-91426,-91186,-90826,-90586,-90226,-89986,-89626,-89386,-89026,-88786,-88426,-88186,-87826,-87586,-87226,-86986,-86626,-86386,-86026,-85786,-85426,-85186,-84826,-84586,-84226,-83986,-83626,-83386,-83026,-82786,-82426,-82186,-81826,-81586,-81226,-80986,-80626,-80386,-80026,-79786,-79426,-79186,-78826,-78586,-78226,-77986,-77626,-77386,-77026,-76786,-76426,-76186,-75826,-75586,-75226,-74986,-74626,-74386,-74026,-73786,-73426,-73186,-72826,-72586,-72226,-71986,-71626,-71386,-71026,-70786,-70426,-70186],"sog":[11.9,12.0,11.6,12.2,11.8,11.7,11.3,11.8,11.7,11.9,11.3,11.7,12.1,11.6,12.2,11.4,11.3,11.3,11.8,11.7,11.3,11.9,11.8,11.4,11.5,11.9,11.2,11.4,12.1,11.3,11.8,11.3,11.1,11.6,11.8,11.4,12.3,11.0,11.7,11.3,11.3,11.9,11.3,11.6,11.5,11.6,11.5,11.6,11.6,12.2,11.4,11.8,11.1,11.7,11.4,11.4,11.4,12.0,12.1,11.5,11.5,11.2,11.5,11.6,11.4,11.4,11.9,11.6,11.7,11.5,12.2,11.6,12.2,11.5,11.4,12.0,11.6,11.3,11.6,11.6,11.0,11.5,12.0,11.3,11.5,12.0,11.5,11.8,11.4,11.7,11.6,11.6,10.9,11.8,11.5,11.8,12.4,11.4,11.4,11.3,11.6,11.8,11.6,12.0,11.3,11.2,11.6,11.4,12.1,11.7,11.5,11.3,11.2,11.5,11.5,11.4,11.9,11.2,11.4,11.3,11.3,11.5,11.7,11.5,11.5,11.8,11.6,10.9,12.1,11.2,11.1,11.2,11.1,12.2,11.6,10.8,10.9,11.5,11.5,11.1,11.8,11.7,11.6,11.9,11.4,11.4,11.2,11.3,11.2,11.4,11.6,11.3,11.5,11.4,12.0,11.3,11.3,11.5,12.0,11.8,11.2,12.2,11.3,11.8,11.3,11.7,11.7,11.5,11.9,11.5,11.3,12.0,12.1,11.4,11.5,12.0,11.4,11.7,12.0,11.5,11.2,11.7,12.0,11.7,11.4,12.1,11.8,11.7,11.5,12.1,11.0,11.8,12.0,10.8,11.9,11.5,11.4,11.6,11.7,12.0,11.6,11.5,11.7,11.3,11.0,12.3,11.7,11.8,11.8,11.5,11.8,11.7,12.5,11.5,11.3,11.5,11.6,11.7,11.4,11.4,12.0,11.7,11.7,11.7,11.4,11.9,12.1,11.8,11.4,10.9,11.7,12.0,11.6,12.1,11.6,11.2,11.3,11.7,11.9,11.6,11.8,11.5,11.5,11.6,11.7,11.5,11.4,11.6,12.2,11.7,11.6,11.5,11.6,11.8,11.8,11.7,11.6]}},{"type":"Feature","geometry":{"type":"LineString","coordinates":[[81.8143,12.1913],[81.8087,12.192],[81.8051,12.1904],[81.7997,12.1908],[81.7953,12.1927],[81.7919,12.1965],[81.7902,12.1985],[81.7879,12.2035],[81.788,12.2068],[81.7896,12.2111],[81.7892,12.2162],[81.7861,12.2223],[81.7841,12.2253],[81.7809,12.2315],[81.7814,12.234],[81.7809,12.2399],[81.7844,12.2435],[81.7883,12.2468],[81.7909,12.2493],[81.792,12.2542],[81.7926,12.2572],[81.7972,12.261],[81.7987,12.2645],[81.7974,12.2693],[81.7949,12.272],[81.7924,12.2758],[81.7913,12.2803],[81.7861,12.2787],[81.7834,12.2755],[81.7779,12.274],[81.7742,12.2742],[81.7687,12.2754],[81.7653,12.274],[81.7656,12.2671],[81.7649,12.2624],[81.7644,12.2578],[81.7652,12.256],[81.7647,12.2503],[81.7621,12.2464],[81.7641,12.2425],[81.7658,12.239],[81.7696,12.2403],[81.7708,12.2422],[81.7723,12.2471],[81.7731,12.2496],[81.7784,12.253],[81.7818,12.2534],[81.7872,12.2529],[81.7902,12.2541],[81.7911,12.259],[81.7904,12.2626],[81.7909,12.2684],[81.7908,12.272],[81.7924,12.2781],[81.7945,12.2829],[81.7949,12.2887],[81.7937,12.2941],[81.7896,12.2956],[81.787,12.2952],[81.7854,12.2894],[81.7823,12.286],[81.7826,12.2798],[81.7833,12.2756],[81.7827,12.2712],[81.7815,12.2674],[81.7802,12.2639],[81.7823,12.2608],[81.7877,12.2587],[81.7898,12.2561],[81.7922,12.2495],[81.7913,12.2453],[81.7871,12.2414],[81.7813,12.2408],[81.7764,12.2445],[81.7749,12.2478],[81.774,12.25],[81.7775,12.2538],[81.7819,12.2505],[81.7854,12.2487],[81.791,12.2495],[81.7945,12.2522],[81.7973,12.2556],[81.7981,12.26],[81.793,12.2633],[81.7894,12.2631],[81.7843,12.2662],[81.7797,12.2649],[81.7763,12.2622],[81.7728,12.2616],[81.7689,12.2621],[81.7654,12.2621],[81.7598,12.2612],[81.7579,12.261],[81.7523,12.2627],[81.7483,12.2621],[81.7427,12.2625],[81.7392,12.2626],[81.7348,12.2649],[81.7311,12.2669],[81.7245,12.2699],[81.7214,12.2712],[81.7163,12.2688],[81.7147,12.2656],[81.7169,12.2612],[81.7167,12.2566],[81.7156,12.2533],[81.7121,12.2515],[81.7073,12.2477],[81.7041,12.2438],[81.6999,12.2388],[81.6967,12.2381],[81.6917,12.2385],[81.6867,12.2378],[81.6816,12.2362],[81.6792,12.2327],[81.6746,12.2308],[81.6708,12.2309],[81.6643,12.2291],[81.6618,12.2292],[81.6624,12.2236],[81.6642,12.2216],[81.6673,12.218],[81.6661,12.2156],[81.6604,12.2139],[81.6586,12.2113],[81.6602,12.2073],[81.6641,12.2096],[81.671,12.2117],[81.6744,12.2148],[81.677,12.2198],[81.6801,12.2233],[81.6834,12.2265],[81.6853,12.2277],[81.6912,12.2306],[81.6926,12.2335],[81.694,12.2401],[81.6948,12.2441],[81.6893,12.2466],[81.6862,12.2474],[81.6796,12.2488],[81.677,12.2513],[81.6747,12.2568],[81.6745,12.2598],[81.673,12.2657],[81.6726,12.2702],[81.6777,12.2718],[81.6813,12.2715],[81.6868,12.2722],[81.6883,12.276],[81.6909,12.2817],[81.6925,12.2851],[81.6923,12.291],[81.6879,12.2925],[81.6819,12.2907],[81.68,12.2885],[81.681,12.2848],[81.6836,12.2837],[81.6898,12.2827],[81.6924,12.2856],[81.6955,12.2886],[81.6988,12.293],[81.7004,12.2995],[81.7016,12.3025],[81.7005,12.3088],[81.6988,12.3109],[81.6969,12.3158],[81.6973,12.3182],[81.6982,12.323],[81.6969,12.3274],[81.692,12.3298],[81.688,12.3293],[81.683,12.3325],[81.6807,12.3345],[81.6773,12.3391],[81.6758,12.3421],[81.6776,12.3458],[81.6796,12.3486],[81.6874,12.3495],[81.692,12.3493],[81.6982,12.3482],[81.701,12.3453],[81.709,12.3431],[81.7122,12.3436],[81.7164,12.3442],[81.7197,12.3447],[81.7193,12.3516],[81.7169,12.3541],[81.7134,12.358],[81.7124,12.3619],[81.7091,12.3654],[81.7064,12.3658],[81.7019,12.3633],[81.7022,12.3596],[81.7061,12.3549],[81.7098,12.3553],[81.7136,12.35],[81.7131,12.3461],[81.7118,12.3401],[81.7107,12.3351],[81.7127,12.3298],[81.7092,12.3274],[81.7056,12.3225],[81.7034,12.3225],[81.6978,12.3247],[81.6942,12.3268],[81.6913,12.3248],[81.6885,12.3227],[81.6863,12.318],[81.6862,12.3157],[81.692,12.314],[81.6963,12.3152],[81.7026,12.3175],[81.7058,12.316],[81.7108,12.3149],[81.7124,12.3122],[81.7171,12.3065],[81.7156,12.302],[81.7113,12.2966],[81.7086,12.2934],[81.7042,12.295],[81.7038,12.2983],[81.7048,12.3048],[81.7083,12.3068],[81.7064,12.3114],[81.7045,12.3155],[81.7048,12.3195],[81.7067,12.3227],[81.7095,12.3261],[81.712,12.3293],[81.7112,12.3328],[81.7081,12.3354],[81.7025,12.3392],[81.6989,12.3384],[81.6927,12.3374],[81.6894,12.3363],[81.6884,12.3318],[81.6889,12.3271],[81.6866,12.3216],[81.6864,12.3172],[81.6882,12.312],[81.6922,12.31],[81.6965,12.3084],[81.7,12.3106],[81.7049,12.3137],[81.7066,12.3184],[81.7116,12.3234],[81.7119,12.3278],[81.7113,12.3333],[81.7102,12.3376],[81.7042,12.3396],[81.7017,12.3385],[81.7042,12.332],[81.7068,12.3295],[81.7105,12.3276],[81.7145,12.3285],[81.7193,12.3289],[81.7216,12.3299],[81.7258,12.3328],[81.7296,12.336],[81.7353,12.3357],[81.7397,12.3342],[81.7459,12.3353],[81.7488,12.3372],[81.7542,12.3416],[81.7559,12.3409],[81.7569,12.3356],[81.7562,12.3331],[81.7567,12.3284],[81.7589,12.3248],[81.7562,12.32],[81.7532,12.3182],[81.7474,12.315],[81.7465,12.311],[81.7466,12.3053],[81.7464,12.3017],[81.7477,12.2967],[81.7464,12.2925],[81.7464,12.2884],[81.7435,12.2836],[81.7387,12.2807],[81.7393,12.2758],[81.7356,12.27],[81.7317,12.2683],[81.7277,12.264],[81.7255,12.2662],[81.7213,12.2694],[81.7201,12.2735],[81.7237,12.2763],[81.7263,12.2777],[81.7314,12.2787],[81.7318,12.2749],[81.7354,12.2714],[81.7365,12.268],[81.7386,12.2616],[81.7383,12.2577],[81.7361,12.2514],[81.7364,12.249],[81.7344,12.2424],[81.7335,12.2382],[81.7281,12.2374],[81.7265,12.2388],[81.7204,12.2354],[81.7156,12.2347],[81.7093,12.2353],[81.7053,12.2378],[81.7002,12.2414],[81.696,12.2397],[81.6907,12.2374],[81.6875,12.2341],[81.6826,12.2307],[81.6805,12.2278],[81.6801,12.2227],[81.6784,12.2173],[81.6765,12.2121],[81.6736,12.2097],[81.6735,12.2038],[81.674,12.1994],[81.6757,12.1934],[81.676,12.1891],[81.6744,12.1839],[81.6702,12.1835],[81.6635,12.1868],[81.6623,12.1904],[81.6601,12.1955],[81.6577,12.197],[81.6532,12.2026],[81.6505,12.2054],[81.6444,12.2069],[81.6398,12.2089],[81.6363,12.212],[81.6364,12.2161],[81.6354,12.2217],[81.6326,12.2248],[81.6301,12.2297],[81.6281,12.2318],[81.6248,12.234],[81.621,12.2351],[81.6231,12.2405],[81.6243,12.2439],[81.6209,12.2493],[81.6166,12.2504],[81.6122,12.2521],[81.6085,12.2534],[81.6052,12.2578],[81.601,12.2577],[81.5956,12.26],[81.5929,12.2621],[81.5883,12.2604],[81.5858,12.2578],[81.5815,12.2529],[81.5779,12.2515],[81.5736,12.2508],[81.5707,12.2501],[81.5656,12.2478],[81.5612,12.2451],[81.5574,12.2452],[81.5545,12.2451],[81.5507,12.2494],[81.5507,12.2535],[81.5549,12.2564],[81.5552,12.2512],[81.5588,12.248],[81.5608,12.2453],[81.5648,12.2399],[81.5643,12.2367],[81.5643,12.2308],[81.5647,12.2277],[81.5639,12.2214],[81.5612,12.2205],[81.5566,12.218],[81.5535,12.2165],[81.5482,12.2158],[81.547,12.2129],[81.5459,12.2055],[81.5485,12.2032],[81.551,12.1988],[81.5516,12.1941],[81.5493,12.19],[81.546,12.1919],[81.5403,12.1951],[81.5357,12.1959],[81.5302,12.1993],[81.5288,12.2023],[81.5275,12.2071],[81.5285,12.2113],[81.5327,12.2128],[81.5362,12.2111],[81.5416,12.2089],[81.5444,12.2095],[81.5478,12.207],[81.5511,12.2053],[81.5524,12.2008],[81.5553,12.1986],[81.5594,12.1925],[81.5621,12.189],[81.5688,12.188],[81.5716,12.1861],[81.5719,12.1818],[81.5718,12.1782],[81.5704,12.1716],[81.5718,12.1683],[81.5789,12.1662],[81.5818,12.1646],[81.5822,12.1611],[81.5822,12.1585],[81.587,12.1558],[81.5895,12.1534],[81.5884,12.1491],[81.5911,12.1443],[81.5962,12.143],[81.5993,12.1462],[81.6013,12.1528],[81.6018,12.1573],[81.6019,12.1624],[81.6046,12.1656],[81.6088,12.1703],[81.6121,12.1719],[81.6158,12.1705],[81.6205,12.1699],[81.6256,12.1713],[81.6289,12.1718],[81.6339,12.1686],[81.638,12.17],[81.6426,12.1714],[81.6453,12.1699],[81.6468,12.1659],[81.6463,12.1615],[81.6404,12.1571],[81.6373,12.1571],[81.6327,12.1563],[81.6296,12.1573],[81.6261,12.1595],[81.6207,12.1604],[81.6149,12.1607],[81.6127,12.1634],[81.609,12.1655],[81.6057,12.1648],[81.6006,12.1666],[81.5973,12.1679],[81.5919,12.17],[81.5876,12.1706],[81.5829,12.1745],[81.5817,12.1781],[81.5841,12.1832],[81.5865,12.1853],[81.5896,12.1854],[81.5928,12.1858],[81.5979,12.1852],[81.6015,12.1847],[81.6066,12.1851],[81.6115,12.1865],[81.6175,12.1897],[81.6222,12.1911],[81.6287,12.1932],[81.6299,12.1949],[81.6322,12.1975],[81.6325,12.1998],[81.6333,12.2055],[81.6323,12.2099],[81.6273,12.2106],[81.6224,12.2137],[81.6179,12.2173],[81.6176,12.2218],[81.6183,12.2263],[81.6187,12.2298],[81.6203,12.2353],[81.6223,12.2391],[81.6255,12.2441],[81.6284,12.2464],[81.6324,12.2495],[81.6352,12.2519],[81.6408,12.2541],[81.6438,12.2542],[81.6508,12.2532],[81.655,12.2546],[81.6587,12.2578],[81.6614,12.2594],[81.6648,12.2623],[81.6693,12.262],[81.6721,12.2569],[81.6732,12.2548],[81.6702,12.2493],[81.6674,12.2459],[81.6693,12.2405],[81.6694,12.2355],[81.6637,12.2336],[81.6615,12.2354],[81.6599,12.2417],[81.6552,12.2432],[81.6486,12.2441],[81.6454,12.2451],[81.641,12.2473],[81.6387,12.2486],[81.6357,12.2508],[81.6325,12.2522],[81.6291,12.2565],[81.6304,12.2587],[81.6366,12.2564],[81.6397,12.2557],[81.6443,12.2609],[81.6462,12.266],[81.6479,12.2704],[81.6479,12.2737],[81.6461,12.2803],[81.6463,12.2841],[81.6457,12.2911],[81.6464,12.2957],[81.6456,12.3013],[81.6491,12.3035],[81.6527,12.3071],[81.6566,12.3099],[81.6606,12.3132],[81.6628,12.3148],[81.6643,12.3194],[81.6643,12.3227],[81.6631,12.3275],[81.6613,12.3291],[81.6566,12.3319],[81.6538,12.3332],[81.6497,12.3329],[81.6479,12.3284],[81.6492,12.3231],[81.6483,12.3203],[81.6466,12.3145],[81.6479,12.3123],[81.6477,12.3081],[81.65,12.3098],[81.6548,12.3134],[81.6569,12.3154],[81.6597,12.3203],[81.6616,12.3232],[81.6645,12.3261],[81.664,12.3313],[81.6644,12.3375],[81.6627,12.3421],[81.6592,12.3449],[81.6554,12.3477],[81.6493,12.3482],[81.648,12.3457],[81.6412,12.3417],[81.6381,12.3395],[81.6356,12.3331],[81.6353,12.329],[81.6362,12.3229],[81.6375,12.3212],[81.6399,12.3159],[81.6371,12.3122],[81.637,12.3065],[81.6341,12.3039],[81.6304,12.3],[81.6298,12.2973],[81.6254,12.2935],[81.6235,12.2913],[81.6215,12.2863],[81.6214,12.2823],[81.6186,12.2773],[81.6179,12.2737],[81.6181,12.2687],[81.6207,12.2648],[81.6249,12.2606],[81.6264,12.2581],[81.625,12.2536],[81.622,12.2507],[81.6218,12.246],[81.6223,12.241],[81.6232,12.2371],[81.6265,12.2343],[81.6327,12.2331],[81.6341,12.2313],[81.6341,12.2283],[81.6319,12.2263],[81.6265,12.2228],[81.6236,12.2209],[81.6204,12.2163],[81.6172,12.2163],[81.6102,12.2177],[81.6072,12.2188],[81.6054,12.224],[81.6048,12.2278],[81.601,12.2309],[81.5973,12.2314],[81.5917,12.2348],[81.5883,12.2366],[81.5819,12.2363],[81.5798,12.2322],[81.5761,12.2274],[81.5721,12.2264],[81.5674,12.2298],[81.5649,12.2302],[81.5611,12.2285],[81.5559,12.227],[81.5491,12.2264],[81.5459,12.2253],[81.5427,12.2202],[81.5413,12.2173],[81.5362,12.2152],[81.5327,12.2116],[81.5307,12.2086],[81.5277,12.206],[81.523,12.2053],[81.5212,12.2068],[81.5183,12.2111],[81.5152,12.2153],[81.5175,12.2212],[81.5203,12.2228],[81.5267,12.2229],[81.5307,12.2253],[81.5327,12.2306],[81.5332,12.2351],[81.5324,12.2407],[81.5305,12.2437],[81.5287,12.2473],[81.5306,12.2508],[81.534,12.2533],[81.5338,12.2579],[81.5309,12.2621],[81.5287,12.266],[81.5229,12.268],[81.5189,12.2667],[81.514,12.2627],[81.5123,12.2593],[81.5076,12.2551],[81.5053,12.253],[81.4984,12.2541],[81.494,12.2535],[81.491,12.2566],[81.4921,12.2604],[81.4925,12.2644],[81.4915,12.2684],[81.4877,12.2725],[81.4874,12.2758],[81.4848,12.2795],[81.4822,12.2813],[81.4769,12.2809],[81.4739,12.2783],[81.4715,12.2732],[81.4699,12.2696],[81.4692,12.2641],[81.4655,12.2618],[81.4606,12.2607],[81.4573,12.2593],[81.4513,12.2576],[81.4472,12.255],[81.4456,12.2492],[81.4478,12.2463],[81.449,12.2417],[81.4477,12.2383],[81.4462,12.2328],[81.4479,12.2286],[81.4502,12.2234],[81.4523,12.2196],[81.4546,12.2136],[81.459,12.2146],[81.4635,12.2115],[81.4643,12.2085],[81.4665,12.2018],[81.4671,12.1973],[81.4673,12.1925],[81.4688,12.1899],[81.4741,12.1856],[81.4761,12.1878],[81.4765,12.1937],[81.476,12.1987],[81.478,12.2037],[81.48,12.2061],[81.4833,12.2089],[81.4876,12.2081],[81.487,12.202],[81.4848,12.1994],[81.4861,12.1942],[81.4893,12.195],[81.4914,12.2002],[81.4944,12.2028],[81.494,12.208],[81.4922,12.2114],[81.4912,12.2181],[81.4949,12.2202],[81.4998,12.2235],[81.5036,12.2238],[81.5095,12.2243],[81.5123,12.2221],[81.5138,12.2176],[81.5133,12.214],[81.512,12.2081],[81.5127,12.2037],[81.5168,12.1989],[81.5206,12.1972],[81.5274,12.1956],[81.5295,12.1953],[81.5338,12.1923],[81.5368,12.1915],[81.5425,12.1887],[81.5453,12.1876],[81.5465,12.1835],[81.5483,12.1818],[81.5524,12.1798],[81.5549,12.1818],[81.5596,12.1814],[81.5634,12.1798],[81.5661,12.173],[81.5707,12.1731],[81.5745,12.1764],[81.5779,12.1785],[81.5802,12.1832],[81.5763,12.1844],[81.57,12.1838],[81.5684,12.1809],[81.5621,12.1797],[81.5571,12.1813],[81.5525,12.1844],[81.5491,12.1842],[81.5443,12.1835],[81.5408,12.183],[81.5361,12.1831],[81.532,12.1837],[81.5264,12.1822],[81.5234,12.1798],[81.5201,12.1766],[81.516,12.1761],[81.5114,12.1771],[81.5096,12.1808],[81.5057,12.1841],[81.5021,12.1827],[81.5048,12.1786],[81.509,12.1821],[81.5095,12.185],[81.5076,12.1889],[81.5029,12.1855],[81.5016,12.1811],[81.5011,12.1741],[81.5,12.1706],[81.4994,12.1668],[81.4977,12.1646],[81.4924,12.1641],[81.4902,12.1669],[81.4874,12.1729],[81.4847,12.1752],[81.4815,12.1791],[81.4793,12.1817],[81.4748,12.1836],[81.4729,12.1859],[81.4695,12.1869],[81.4653,12.1862],[81.459,12.1839],[81.4561,12.1842],[81.4497,12.1815],[81.446,12.1788],[81.4444,12.1746],[81.4418,12.1731],[81.4403,12.1684],[81.4398,12.1663],[81.4407,12.1625],[81.4421,12.159],[81.4456,12.156],[81.4469,12.1536],[81.4474,12.1483],[81.4454,12.147],[81.4436,12.1415],[81.4429,12.1396],[81.4454,12.1359],[81.4479,12.1322],[81.4511,12.1283],[81.4536,12.126],[81.4588,12.123],[81.4624,12.1225],[81.4692,12.1202],[81.4735,12.12],[81.4778,12.1158],[81.4816,12.1159],[81.4874,12.1194],[81.4915,12.119],[81.4949,12.1137],[81.4969,12.1088],[81.5027,12.1082],[81.5044,12.1056],[81.5062,12.0991],[81.5046,12.0954],[81.4993,12.093],[81.4983,12.0913],[81.4933,12.0919],[81.4891,12.0911],[81.485,12.0956],[81.4831,12.097],[81.4835,12.1032],[81.4841,12.1062],[81.4904,12.1066],[81.4936,12.1082],[81.4995,12.11],[81.5021,12.1067],[81.5049,12.1031],[81.5081,12.1016],[81.5145,12.0987],[81.5174,12.0987],[81.5221,12.0969],[81.5251,12.0928],[81.5299,12.0922],[81.535,12.092],[81.5408,12.0887],[81.5445,12.0868],[81.5507,12.0868],[81.5553,12.0861],[81.5608,12.0853],[81.5634,12.0816],[81.5634,12.0765],[81.5625,12.0731],[81.5595,12.0668],[81.5564,12.0611],[81.5563,12.0546],[81.5574,12.0519],[81.5596,12.0471],[81.5631,12.0452],[81.5664,12.0413],[81.5682,12.0382],[81.5737,12.0368],[81.5757,12.0321],[81.5705,12.0283],[81.5692,12.025],[81.5689,12.0188],[81.5693,12.0154],[81.5685,12.0117],[81.5648,12.0073],[81.5639,12.0023],[81.5638,11.9988],[81.5617,11.9931],[81.5595,11.9917],[81.5555,11.9964],[81.5548,11.9993],[81.5571,12.0039],[81.5615,12.0037],[81.5669,12.0027],[81.5708,12.0019],[81.5726,11.9986],[81.5722,11.9946],[81.5768,11.9905],[81.5804,11.988],[81.5815,11.9838],[81.5826,11.9806],[81.585,11.9759],[81.5887,11.9777],[81.5905,11.9832],[81.589,11.9856],[81.5856,11.9888],[81.5825,11.9901],[81.5798,11.9929],[81.5766,11.996],[81.5726,12.0015],[81.5713,12.0026],[81.565,12.0065],[81.5621,12.007],[81.5572,12.011],[81.5531,12.0115],[81.5509,12.0168],[81.5506,12.021],[81.5485,12.0259],[81.5458,12.0282],[81.5441,12.0333],[81.541,12.0368],[81.5362,12.0356],[81.5332,12.0343],[81.5257,12.0359],[81.5221,12.0377],[81.5203,12.0415],[81.5206,12.0456],[81.5186,12.0477],[81.5144,12.0494],[81.5085,12.0499],[81.5054,12.0473],[81.5022,12.0441],[81.4996,12.0422],[81.4953,12.037],[81.4951,12.0346],[81.4985,12.0298],[81.5009,12.0291],[81.5045,12.0283],[81.5079,12.0299],[81.5135,12.0307],[81.5173,12.0286],[81.5162,12.0226],[81.514,12.0203],[81.5099,12.0195],[81.5061,12.0196],[81.5009,12.0174],[81.4969,12.0163],[81.4915,12.0131],[81.4873,12.0112],[81.4836,12.0082],[81.4838,12.005],[81.4881,12.001],[81.4902,11.9981],[81.4952,11.995],[81.498,11.9935],[81.5028,11.9947],[81.5041,11.9986],[81.5051,12.0032],[81.5066,12.0073],[81.5063,12.0124],[81.5044,12.0161],[81.4996,12.019],[81.4948,12.0187],[81.4932,12.0125],[81.4914,12.0087],[81.4893,12.0036],[81.4906,12.0004],[81.4928,11.9953],[81.4932,11.9911],[81.4878,11.9905],[81.4848,11.9926],[81.4797,11.9944],[81.4767,11.9959],[81.4697,11.9967],[81.4674,11.9958],[81.466,11.9918],[81.466,11.9888],[81.4678,11.9837],[81.4658,11.9806],[81.4629,11.9772],[81.4605,11.9735],[81.4611,11.9687],[81.4607,11.9658],[81.4607,11.9602],[81.4573,11.9578],[81.4558,11.9517],[81.4559,11.9473],[81.4592,11.9439],[81.462,11.9413],[81.4671,11.9392],[81.4699,11.9424],[81.474,11.9477],[81.4769,11.9496],[81.4822,11.9497],[81.4848,11.9477],[81.4902,11.945],[81.4945,11.9428],[81.4986,11.9433],[81.5007,11.9464],[81.5029,11.9497],[81.5061,11.9515],[81.5123,11.9525],[81.5169,11.9519],[81.5208,11.9537],[81.5216,11.9577],[81.5189,11.9626],[81.5141,11.9606],[81.5088,11.9588],[81.5041,11.962],[81.4981,11.9612],[81.4952,11.9627],[81.4933,11.968],[81.4929,11.9704],[81.4931,11.9761],[81.4901,11.9778],[81.4842,11.9781],[81.4829,11.9744],[81.4849,11.9694],[81.4842,11.9643],[81.4783,11.9639],[81.4744,11.966],[81.4712,11.9706],[81.4684,11.9731],[81.4652,11.9768],[81.4652,11.9798],[81.4626,11.9854],[81.4607,11.9893],[81.4542,11.9914],[81.4509,11.9936],[81.449,11.998],[81.4503,12.0013],[81.4567,12.0044],[81.4612,12.0053],[81.466,12.0073],[81.4667,12.0108],[81.4674,12.0171],[81.4642,12.0207],[81.4586,12.0207],[81.4561,12.0214],[81.4479,12.0213],[81.4439,12.0203],[81.4369,12.0183],[81.4348,12.0168],[81.4321,12.0118],[81.4296,12.0077],[81.425,12.004],[81.4231,12.0002],[81.4193,11.9963],[81.4187,11.9952],[81.4156,11.9912],[81.4123,11.9888],[81.4109,11.9833],[81.4109,11.9807],[81.4123,11.9772],[81.4121,11.9738],[81.4095,11.9671],[81.4076,11.9621],[81.4026,11.96],[81.3991,11.96],[81.3911,11.9623],[81.3893,11.9644],[81.3849,11.967],[81.381,11.9677],[81.3777,11.9647],[81.3732,11.9629],[81.3664,11.9638],[81.3628,11.9638],[81.3584,11.9617],[81.3544,11.9609],[81.3515,11.9578],[81.3514,11.954],[81.3517,11.9461],[81.355,11.9452],[81.3602,11.9442],[81.3637,11.9434],[81.3683,11.9391],[81.3708,11.9399],[81.3755,11.9433],[81.3785,11.9452],[81.3833,11.9456],[81.3856,11.9446],[81.3909,11.9406],[81.3936,11.9383],[81.3953,11.9321],[81.3938,11.9275],[81.3864,11.9251],[81.3834,11.9246],[81.377,11.926],[81.374,11.9263],[81.3693,11.9219],[81.3657,11.9178],[81.3613,11.9178],[81.3573,11.9197],[81.3505,11.9202],[81.3488,11.9172],[81.3514,11.9131],[81.3559,11.9139],[81.359,11.9119],[81.3611,11.9096],[81.364,11.9047],[81.365,11.9014],[81.3669,11.8964],[81.3663,11.8928],[81.3654,11.8888],[81.3669,11.8855],[81.3706,11.8812],[81.3737,11.8785],[81.3757,11.8726],[81.3745,11.8693],[81.3743,11.8622],[81.3751,11.8606],[81.3802,11.8585],[81.3837,11.8592],[81.3873,11.8635],[81.3917,11.8625],[81.3963,11.8604],[81.3986,11.8588],[81.4036,11.8545],[81.4071,11.8525],[81.4127,11.8536],[81.4168,11.8551],[81.4229,11.8567],[81.4266,11.8571],[81.431,11.856],[81.4337,11.8535],[81.4377,11.8494],[81.4412,11.8462],[81.4436,11.8413],[81.4422,11.8391],[81.44,11.8327],[81.4395,11.829],[81.4348,11.8263],[81.4308,11.8254],[81.4242,11.8272],[81.4196,11.826],[81.4154,11.8238],[81.4139,11.8263],[81.4144,11.8314],[81.414,11.8357],[81.4131,11.8417],[81.4158,11.8434],[81.4187,11.8482],[81.4185,11.851],[81.4195,11.8556],[81.4182,11.8602],[81.4127,11.8588],[81.4086,11.8585],[81.4042,11.8604],[81.4009,11.8615],[81.3959,11.8617],[81.3936,11.8592],[81.3913,11.855],[81.3929,11.8521],[81.3929,11.8454],[81.3903,11.8413],[81.3885,11.8356],[81.3907,11.8334],[81.3957,11.8294],[81.3995,11.8284],[81.4046,11.8264],[81.409,11.8254],[81.4125,11.8293],[81.4153,11.8324],[81.4168,11.8361],[81.4173,11.8401],[81.4151,11.8453],[81.4171,11.8495],[81.4228,11.8506],[81.4254,11.8531],[81.4298,11.8588],[81.4284,11.8613],[81.4287,11.8665],[81.4291,11.8724],[81.4254,11.8755],[81.4221,11.8753],[81.4174,11.8766],[81.4131,11.8783],[81.4108,11.8834],[81.4097,11.887],[81.4053,11.889],[81.4016,11.8892],[81.3947,11.8865],[81.392,11.8852],[81.388,11.8876],[81.3847,11.8898],[81.383,11.8966],[81.3847,11.8996],[81.3877,11.9052],[81.3896,11.9093],[81.3893,11.9152],[81.3881,11.9192],[81.3883,11.9247],[81.3898,11.9282],[81.3925,11.9314],[81.3968,11.9347],[81.4001,11.9382],[81.4035,11.9397],[81.4059,11.9433],[81.4076,11.9468],[81.4107,11.9502],[81.4104,11.9547],[81.4087,11.9588],[81.4067,11.9618],[81.405,11.9678],[81.4029,11.969],[81.3977,11.9693],[81.3948,11.9679],[81.3943,11.9622],[81.3954,11.9604],[81.4003,11.9587],[81.4036,11.9613],[81.4112,11.9625],[81.4128,11.9618],[81.4168,11.962],[81.4199,11.9642],[81.4271,11.9662],[81.4305,11.9694]]},"properties":{"mmsi":995491435,"name":"SYN-FSH-01","role":"background","vessel_type":30,"synthetic":true,"t_offset_s":[-259200,-258840,-258600,-258240,-258000,-257640,-257400,-257040,-256800,-256440,-256200,-255840,-255600,-255240,-255000,-254640,-254400,-254040,-253800,-253440,-253200,-252840,-252600,-252240,-252000,-251640,-251400,-251040,-250800,-250440,-250200,-249840,-249600,-249240,-249000,-248640,-248400,-248040,-247800,-247440,-247200,-246840,-246600,-246240,-246000,-245640,-245400,-245040,-244800,-244440,-244200,-243840,-243600,-243240,-243000,-242640,-242400,-242040,-241800,-241440,-241200,-240840,-240600,-240240,-240000,-239640,-239400,-239040,-238800,-238440,-238200,-237840,-237600,-237240,-237000,-236640,-236400,-236040,-235800,-235440,-235200,-234840,-234600,-234240,-234000,-233640,-233400,-233040,-232800,-232440,-232200,-231840,-231600,-231240,-231000,-230640,-230400,-230040,-229800,-229440,-229200,-228840,-228600,-228240,-228000,-227640,-227400,-227040,-226800,-226440,-226200,-225840,-225600,-225240,-225000,-224640,-224400,-224040,-223800,-223440,-223200,-222840,-222600,-222240,-222000,-221640,-221400,-221040,-220800,-220440,-220200,-219840,-219600,-219240,-219000,-218640,-218400,-218040,-217800,-217440,-217200,-216840,-216600,-216240,-216000,-215640,-215400,-215040,-214800,-214440,-214200,-213840,-213600,-213240,-213000,-212640,-212400,-212040,-211800,-211440,-211200,-210840,-210600,-210240,-210000,-209640,-209400,-209040,-208800,-208440,-208200,-207840,-207600,-207240,-207000,-206640,-206400,-206040,-205800,-205440,-205200,-204840,-204600,-204240,-204000,-203640,-203400,-203040,-202800,-202440,-202200,-201840,-201600,-201240,-201000,-200640,-200400,-200040,-199800,-199440,-199200,-198840,-198600,-198240,-198000,-197640,-197400,-197040,-196800,-196440,-196200,-195840,-195600,-195240,-195000,-194640,-194400,-194040,-193800,-193440,-193200,-192840,-192600,-192240,-192000,-191640,-191400,-191040,-190800,-190440,-190200,-189840,-189600,-189240,-189000,-188640,-188400,-188040,-187800,-187440,-187200,-186840,-186600,-186240,-186000,-185640,-185400,-185040,-184800,-184440,-184200,-183840,-183600,-183240,-183000,-182640,-182400,-182040,-181800,-181440,-181200,-180840,-180600,-180240,-180000,-179640,-179400,-179040,-178800,-178440,-178200,-177840,-177600,-177240,-177000,-176640,-176400,-176040,-175800,-175440,-175200,-174840,-174600,-174240,-174000,-173640,-173400,-173040,-172800,-172440,-172200,-171840,-171600,-171240,-171000,-170640,-170400,-170040,-169800,-169440,-169200,-168840,-168600,-168240,-168000,-167640,-167400,-167040,-166800,-166440,-166200,-165840,-165600,-165240,-165000,-164640,-164400,-164040,-163800,-163440,-163200,-162840,-162600,-162240,-162000,-161640,-161400,-161040,-160800,-160440,-160200,-159840,-159600,-159240,-159000,-158640,-158400,-158040,-157800,-157440,-157200,-156840,-156600,-156240,-156000,-155640,-155400,-155040,-154800,-154440,-154200,-153840,-153600,-153240,-153000,-152640,-152400,-152040,-151800,-151440,-151200,-150840,-150600,-150240,-150000,-149640,-149400,-149040,-148800,-148440,-148200,-147840,-147600,-147240,-147000,-146640,-146400,-146040,-145800,-145440,-145200,-144840,-144600,-144240,-144000,-143640,-143400,-143040,-142800,-142440,-142200,-141840,-141600,-141240,-141000,-140640,-140400,-140040,-139800,-139440,-139200,-138840,-138600,-138240,-138000,-137640,-137400,-137040,-136800,-136440,-136200,-135840,-135600,-135240,-135000,-134640,-134400,-134040,-133800,-133440,-133200,-132840,-132600,-132240,-132000,-131640,-131400,-131040,-130800,-130440,-130200,-129840,-129600,-129240,-129000,-128640,-128400,-128040,-127800,-127440,-127200,-126840,-126600,-126240,-126000,-125640,-125400,-125040,-124800,-124440,-124200,-123840,-123600,-123240,-123000,-122640,-122400,-122040,-121800,-121440,-121200,-120840,-120600,-120240,-120000,-119640,-119400,-119040,-118800,-118440,-118200,-117840,-117600,-117240,-117000,-116640,-116400,-116040,-115800,-115440,-115200,-114840,-114600,-114240,-114000,-113640,-113400,-113040,-112800,-112440,-112200,-111840,-111600,-111240,-111000,-110640,-110400,-110040,-109800,-109440,-109200,-108840,-108600,-108240,-108000,-107640,-107400,-107040,-106800,-106440,-106200,-105840,-105600,-105240,-105000,-104640,-104400,-104040,-103800,-103440,-103200,-102840,-102600,-102240,-102000,-101640,-101400,-101040,-100800,-100440,-100200,-99840,-99600,-99240,-99000,-98640,-98400,-98040,-97800,-97440,-97200,-96840,-96600,-96240,-96000,-95640,-95400,-95040,-94800,-94440,-94200,-93840,-93600,-93240,-93000,-92640,-92400,-92040,-91800,-91440,-91200,-90840,-90600,-90240,-90000,-89640,-89400,-89040,-88800,-88440,-88200,-87840,-87600,-87240,-87000,-86640,-86400,-86040,-85800,-85440,-85200,-84840,-84600,-84240,-84000,-83640,-83400,-83040,-82800,-82440,-82200,-81840,-81600,-81240,-81000,-80640,-80400,-80040,-79800,-79440,-79200,-78840,-78600,-78240,-78000,-77640,-77400,-77040,-76800,-76440,-76200,-75840,-75600,-75240,-75000,-74640,-74400,-74040,-73800,-73440,-73200,-72840,-72600,-72240,-72000,-71640,-71400,-71040,-70800,-70440,-70200,-69840,-69600,-69240,-69000,-68640,-68400,-68040,-67800,-67440,-67200,-66840,-66600,-66240,-66000,-65640,-65400,-65040,-64800,-64440,-64200,-63840,-63600,-63240,-63000,-62640,-62400,-62040,-61800,-61440,-61200,-60840,-60600,-60240,-60000,-59640,-59400,-59040,-58800,-58440,-58200,-57840,-57600,-57240,-57000,-56640,-56400,-56040,-55800,-55440,-55200,-54840,-54600,-54240,-54000,-53640,-53400,-53040,-52800,-52440,-52200,-51840,-51600,-51240,-51000,-50640,-50400,-50040,-49800,-49440,-49200,-48840,-48600,-48240,-48000,-47640,-47400,-47040,-46800,-46440,-46200,-45840,-45600,-45240,-45000,-44640,-44400,-44040,-43800,-43440,-43200,-42840,-42600,-42240,-42000,-41640,-41400,-41040,-40800,-40440,-40200,-39840,-39600,-39240,-39000,-38640,-38400,-38040,-37800,-37440,-37200,-36840,-36600,-36240,-36000,-35640,-35400,-35040,-34800,-34440,-34200,-33840,-33600,-33240,-33000,-32640,-32400,-32040,-31800,-31440,-31200,-30840,-30600,-30240,-30000,-29640,-29400,-29040,-28800,-28440,-28200,-27840,-27600,-27240,-27000,-26640,-26400,-26040,-25800,-25440,-25200,-24840,-24600,-24240,-24000,-23640,-23400,-23040,-22800,-22440,-22200,-21840,-21600,-21240,-21000,-20640,-20400,-20040,-19800,-19440,-19200,-18840,-18600,-18240,-18000,-17640,-17400,-17040,-16800,-16440,-16200,-15840,-15600,-15240,-15000,-14640,-14400,-14040,-13800,-13440,-13200,-12840,-12600,-12240,-12000,-11640,-11400,-11040,-10800,-10440,-10200,-9840,-9600,-9240,-9000,-8640,-8400,-8040,-7800,-7440,-7200,-6840,-6600,-6240,-6000,-5640,-5400,-5040,-4800,-4440,-4200,-3840,-3600,-3240,-3000,-2640,-2400,-2040,-1800,-1440,-1200,-840,-600,-240,0,360,600,960,1200,1560,1800,2160,2400,2760,3000,3360,3600,3960,4200,4560,4800,5160,5400,5760,6000,6360,6600,6960,7200,7560,7800,8160,8400,8760,9000,9360,9600,9960,10200,10560,10800,11160,11400,11760,12000,12360,12600,12960,13200,13560,13800,14160,14400,14760,15000,15360,15600,15960,16200,16560,16800,17160,17400,17760,18000,18360,18600,18960,19200,19560,19800,20160,20400,20760,21000,21360,21600,21960,22200,22560,22800,23160,23400,23760,24000,24360,24600,24960,25200,25560,25800,26160,26400,26760,27000,27360,27600,27960,28200,28560,28800,29160,29400,29760,30000,30360,30600,30960,31200,31560,31800,32160,32400,32760,33000,33360,33600,33960,34200,34560,34800,35160,35400,35760,36000,36360,36600,36960,37200,37560,37800,38160,38400,38760,39000,39360,39600,39960,40200,40560,40800,41160,41400,41760,42000,42360,42600,42960,43200,43560,43800,44160,44400,44760,45000,45360,45600,45960,46200,46560,46800,47160,47400,47760,48000,48360,48600,48960,49200,49560,49800,50160,50400,50760,51000,51360,51600,51960,52200,52560,52800,53160,53400,53760,54000,54360,54600,54960,55200,55560,55800,56160,56400,56760,57000,57360,57600,57960,58200,58560,58800,59160,59400,59760,60000,60360,60600,60960,61200,61560,61800,62160,62400,62760,63000,63360,63600,63960,64200,64560,64800,65160,65400,65760,66000,66360,66600,66960,67200,67560,67800,68160,68400,68760,69000,69360,69600,69960,70200,70560,70800,71160,71400,71760,72000,72360,72600,72960,73200,73560,73800,74160,74400,74760,75000,75360,75600,75960,76200,76560,76800,77160,77400,77760,78000,78360,78600,78960,79200,79560,79800,80160,80400,80760,81000,81360,81600,81960,82200,82560,82800,83160,83400,83760,84000,84360,84600,84960,85200,85560,85800,86160,86400],"sog":[4.7,4.1,4.0,3.3,4.7,2.3,1.4,2.1,3.3,4.3,4.3,5.2,3.5,2.8,1.9,3.5,4.3,1.9,3.7,4.1,2.7,4.0,4.1,2.0,3.5,2.3,5.1,4.1,5.3,4.1,3.4,2.7,2.2,5.0,4.1,1.9,3.1,2.3,3.5,2.9,4.7,3.9,2.3,3.2,2.9,3.5,3.3,3.6,2.9,3.5,3.7,3.7,2.6,4.5,6.3,3.1,5.8,4.6,2.7,4.3,4.5,3.2,3.2,3.6,2.9,1.6,3.9,2.9,3.8,5.3,4.6,2.2,7.5,4.3,3.8,1.7,3.2,1.6,2.7,2.8,3.2,4.5,4.6,3.9,3.6,4.2,5.1,2.9,4.4,2.6,2.7,2.8,2.2,1.8,1.3,3.9,2.8,2.3,4.5,5.1,3.2,4.1,3.2,3.2,4.6,2.7,4.5,4.1,4.1,4.8,3.2,2.5,4.2,3.5,5.1,3.6,3.6,3.2,1.6,4.9,2.2,4.0,3.1,3.7,3.0,3.6,4.7,4.6,3.7,3.8,5.1,3.0,3.6,2.7,4.0,2.9,4.3,2.9,2.3,4.6,4.2,4.3,1.8,3.9,4.1,3.9,3.1,3.8,2.8,4.5,3.4,3.8,4.2,5.0,2.9,3.0,3.4,3.0,2.7,2.8,5.6,4.0,2.9,3.8,2.2,4.0,2.5,3.7,3.8,3.3,3.5,4.3,3.7,3.2,2.0,3.7,2.6,4.2,3.4,2.8,4.4,5.3,2.3,1.9,3.2,4.2,4.7,2.3,4.1,1.9,2.3,3.2,3.4,4.1,2.8,3.6,3.2,1.7,5.4,3.7,5.1,3.3,2.0,3.7,4.8,1.9,2.7,3.1,3.4,3.6,3.8,4.5,5.0,3.1,2.7,4.9,3.7,4.2,3.7,4.4,2.6,4.7,4.3,3.1,3.7,3.0,4.3,4.4,4.1,1.6,3.3,4.7,3.5,1.9,3.6,3.1,3.4,2.6,3.8,2.5,3.7,3.0,3.7,3.9,4.8,5.2,3.9,2.9,4.0,4.0,3.7,3.9,2.8,2.7,4.1,3.9,1.3,3.5,3.8,3.9,3.6,4.8,3.3,3.6,2.0,2.5,0.3,1.4,6.3,2.7,3.7,4.5,3.0,2.9,3.3,2.0,4.9,2.5,5.3,3.8,4.1,4.9,3.9,3.2,2.4,2.8,3.9,2.6,2.2,2.9,3.8,3.7,3.0,5.0,3.3,3.1,2.2,4.3,1.9,3.7,1.5,3.5,3.4,3.6,4.2,4.0,4.0,3.8,4.1,3.9,3.3,1.0,3.8,3.1,3.1,4.3,3.5,3.6,5.5,3.7,3.3,4.3,2.9,4.6,3.4,2.9,2.5,3.1,4.6,4.0,3.8,3.8,5.2,4.1,2.1,2.1,3.9,4.3,3.9,3.8,3.9,2.2,3.8,3.1,3.9,3.5,3.6,3.7,3.7,3.1,3.5,3.3,3.4,1.9,3.9,1.8,3.6,3.8,2.0,3.6,3.1,4.0,2.9,6.3,3.2,3.5,1.3,3.1,3.5,2.7,3.6,4.1,4.7,6.6,2.5,2.5,4.8,3.5,2.8,4.3,4.6,4.3,3.0,2.9,4.4,2.9,2.2,3.7,3.4,2.3,2.2,4.2,3.4,4.8,3.7,4.4,2.5,1.8,3.5,5.4,2.5,4.1,3.1,1.6,1.6,2.1,2.6,2.2,4.6,2.8,2.4,4.2,3.4,4.0,4.1,3.2,3.7,2.6,3.5,5.0,2.0,3.2,4.4,2.9,3.0,2.3,5.6,3.4,3.7,2.9,2.1,2.2,6.1,3.9,3.0,2.5,3.4,4.1,4.8,3.9,4.6,5.4,3.0,3.0,3.1,1.7,4.2,1.8,3.6,2.6,5.2,3.9,4.1,4.2,1.6,2.5,2.0,3.0,3.6,2.9,5.0,4.0,4.1,2.0,3.6,4.0,4.7,3.8,3.3,4.4,3.8,2.6,2.8,4.7,3.3,2.7,3.1,2.9,3.5,4.2,2.4,3.0,3.0,2.6,5.6,4.2,2.6,4.6,4.3,4.3,2.6,2.1,2.6,1.9,2.6,4.7,2.5,5.0,2.4,4.5,5.1,3.5,3.1,4.8,3.5,4.6,5.3,3.3,4.1,2.5,4.2,2.9,2.4,1.4,2.6,4.1,2.5,4.0,3.4,3.0,5.1,2.4,2.6,3.9,3.4,2.8,2.9,4.0,3.2,3.7,3.8,2.9,4.6,3.2,3.9,4.0,3.8,3.7,2.6,3.7,3.6,4.6,1.9,4.0,1.8,4.4,3.5,4.0,2.4,2.8,2.4,3.5,2.6,2.8,2.6,3.4,2.0,2.7,3.7,4.9,2.0,1.1,4.1,3.0,4.1,2.9,3.6,3.8,1.2,1.9,2.9,3.2,3.5,3.0,2.8,3.1,3.6,2.4,4.0,2.8,2.5,3.7,4.3,3.4,4.5,3.5,4.5,3.1,2.5,2.7,4.8,4.1,2.7,3.4,4.0,2.9,4.7,1.3,2.8,3.7,1.8,2.7,4.1,3.7,2.4,3.3,4.6,3.8,4.1,4.2,3.0,3.5,2.1,1.8,3.1,3.6,4.3,4.7,3.6,2.9,3.1,4.7,3.1,5.2,2.5,3.1,3.8,1.7,3.7,4.8,2.5,3.3,3.3,3.9,2.2,4.5,2.8,3.0,4.0,4.0,2.4,4.2,5.1,4.0,4.8,1.5,2.2,2.9,3.7,4.1,3.8,3.4,4.2,4.4,3.6,4.6,3.4,4.3,3.1,3.7,2.4,4.0,3.8,3.0,1.5,3.8,4.0,4.6,2.7,5.2,4.4,4.0,2.7,3.0,4.6,5.1,2.7,5.3,3.5,4.9,2.5,3.4,4.2,2.7,3.9,4.4,3.4,4.0,1.7,2.5,2.7,4.2,3.5,1.7,3.3,2.4,4.2,4.1,2.5,3.9,4.1,2.0,4.5,4.2,3.7,4.4,2.9,3.0,6.2,3.2,1.7,3.8,2.9,1.5,4.7,4.3,2.8,2.1,4.5,1.8,3.5,4.5,3.5,3.1,3.3,2.3,3.0,4.0,5.4,4.9,2.6,2.1,1.9,2.9,2.6,4.2,4.4,2.0,4.0,3.7,2.0,1.7,4.9,5.1,2.3,5.1,4.7,4.6,2.3,2.6,1.4,3.6,3.8,2.4,2.8,1.6,2.9,4.1,1.4,3.0,3.7,2.8,2.2,3.4,2.6,3.8,3.7,3.8,4.1,4.2,4.9,4.1,4.1,3.3,3.4,3.2,4.0,2.4,1.3,2.9,3.8,4.5,1.6,3.1,3.0,3.6,3.6,3.3,2.7,3.4,4.3,5.5,2.6,3.9,4.5,3.2,3.3,4.2,4.3,3.3,5.1,2.6,6.0,3.1,3.8,3.6,5.6,4.4,3.1,2.8,2.7,4.1,3.2,2.9,4.4,6.8,2.7,4.2,2.4,2.8,5.2,3.6,3.3,5.0,1.8,3.6,3.9,3.8,4.7,3.5,3.0,1.9,4.7,4.3,2.8,3.6,2.0,2.1,3.5,3.6,2.4,3.0,3.9,2.4,3.9,4.1,1.6,4.1,3.3,4.0,3.8,4.3,5.2,2.7,3.6,3.3,4.2,3.7,3.3,4.7,3.1,3.1,4.3,3.2,4.1,2.4,2.9,1.6,3.1,5.2,1.2,5.5,1.5,0.3,3.8,4.1,3.4,3.9,2.8,2.0,4.7,3.4,4.3,4.5,2.9,2.7,2.7,3.9,3.7,3.3,1.8,3.2,4.0,3.0,4.8,3.8,3.0,4.0,4.7,3.6,4.4,2.8,3.2,4.2,3.1,3.3,2.4,3.0,3.1,4.0,3.4,4.4,3.4,3.4,3.7,2.4,3.6,1.9,2.9,3.8,4.6,5.5,3.6,3.5,4.0,2.3,4.5,3.4,3.3,3.8,3.0,4.0,4.9,2.8,4.1,4.2,3.0,4.8,5.8,2.5,3.1,2.6,5.6,3.6,4.5,3.0,2.2,4.9,3.4,2.5,2.4,3.5,4.5,3.7,5.5,3.5,3.8,4.1,3.9,3.0,1.8,4.0,4.1,6.0,4.7,5.0,3.0,4.8,3.6,3.0,1.6,4.4,4.0,2.5,3.3,4.9,2.6,3.9,2.6,3.6,4.3,4.4,4.1,4.6,1.2,3.6,4.4,3.4,1.9,2.9,1.9,3.3,3.4,2.9,2.5,4.0,2.1,2.9,2.2,2.0,4.9,4.0,1.7,2.3,3.4,3.0,3.5,4.9,4.0,3.5,3.9,4.1,1.4,4.2,3.0,2.9,0.5,2.6,3.9,4.5,3.6,5.0,3.5,3.2,3.6,5.2,5.1,2.6,3.6,5.0,3.3,3.2,2.2,2.9,3.8,3.2,3.1,3.6,2.3,2.0,3.5,5.5,4.6,3.6,2.4,3.4,0.5,2.9,2.4,2.3,3.2,2.6,1.7,4.4,3.7,2.9,4.3,4.5,3.2,4.0,2.1,4.6,4.1,4.3,4.4,4.7,3.5,3.0,5.3,4.5,4.2,2.5,3.1,3.6,3.1,3.9,2.2,4.5,3.3,3.4,3.6,3.1,4.7,2.1,3.5,3.0,3.7,3.0,4.5,5.1,5.2,2.2,3.8,2.6,4.1,3.0,5.5,4.5,2.7,1.9,3.1,3.9,5.0,5.2,3.3,5.0,3.7,4.0,6.2,4.9,3.1,0.5,4.0,2.4,4.2,3.3,4.3,4.0,2.5,3.5,4.2,3.9,4.2,3.3,3.1,4.6,3.0,4.9,3.9,1.9,4.1,3.2,3.4,2.6,4.3,3.5,3.7,3.7,3.5,4.3,3.2,3.2,4.3,3.0,3.5,2.3,5.0,4.0,0.3,1.8,3.2,4.4,4.4]}},{"type":"Feature","geometry":{"type":"LineString","coordinates":[[83.5879,14.1961],[83.5762,14.1852],[83.5648,14.1741],[83.5467,14.1575],[83.535,14.1463],[83.5176,14.1298],[83.5061,14.1194],[83.4885,14.1037],[83.4769,14.093],[83.4596,14.0779],[83.4476,14.0666],[83.4296,14.0507],[83.4178,14.0399],[83.4004,14.0238],[83.3884,14.0126],[83.3712,13.9963],[83.3592,13.9856],[83.3425,13.9699],[83.3304,13.9589],[83.3128,13.943],[83.3007,13.9326],[83.2829,13.9168],[83.2707,13.9063],[83.2531,13.8908],[83.241,13.8803],[83.2229,13.8642],[83.2114,13.8536],[83.1941,13.8379],[83.1823,13.8271],[83.1649,13.8108],[83.1539,13.8002],[83.1363,13.7837],[83.1251,13.7723],[83.1076,13.756],[83.0965,13.7447],[83.0792,13.7277],[83.0675,13.7162],[83.0505,13.6991],[83.0394,13.6873],[83.0229,13.6705],[83.0118,13.659],[82.995,13.6422],[82.9842,13.6303],[82.9675,13.6134],[82.9567,13.6024],[82.9403,13.5852],[82.9293,13.5736],[82.9129,13.5561],[82.9017,13.5448],[82.8859,13.5277],[82.8753,13.5157],[82.859,13.4985],[82.8488,13.4867],[82.8328,13.4692],[82.8221,13.4568],[82.8062,13.4393],[82.7959,13.4271],[82.7797,13.4088],[82.7693,13.3973],[82.7529,13.38],[82.7419,13.3685],[82.7251,13.3512],[82.7137,13.3396],[82.6982,13.3225],[82.6876,13.3107],[82.6712,13.293],[82.6606,13.2811],[82.6446,13.2629],[82.6347,13.2509],[82.6189,13.2325],[82.6086,13.22],[82.5935,13.2015],[82.5833,13.1897],[82.5683,13.1714],[82.5582,13.1592],[82.5428,13.1405],[82.5329,13.1279],[82.5185,13.1093],[82.5083,13.0959],[82.4942,13.0777],[82.4844,13.0647],[82.4706,13.0458],[82.4611,13.0333],[82.4468,13.0135],[82.4375,13.0002],[82.4236,12.9811],[82.4145,12.9683],[82.4005,12.9488],[82.3915,12.936],[82.3778,12.9163],[82.3687,12.9031],[82.3556,12.8841],[82.347,12.8713],[82.3333,12.8515],[82.3241,12.8385],[82.3108,12.8192],[82.3016,12.806],[82.288,12.7863],[82.2793,12.7738],[82.2651,12.7548],[82.2554,12.7425],[82.2408,12.7241],[82.2307,12.712],[82.2154,12.6936],[82.2053,12.6811],[82.1903,12.6626],[82.1803,12.6499],[82.165,12.631],[82.155,12.619],[82.1402,12.6005],[82.1309,12.5886],[82.1164,12.5702],[82.1063,12.5577],[82.0906,12.5396],[82.0802,12.5276],[82.0645,12.5097],[82.0543,12.4976],[82.0387,12.48],[82.0282,12.4683],[82.0131,12.4496],[82.0021,12.4369],[81.9871,12.4192],[81.9765,12.4071],[81.9613,12.3886],[81.9511,12.376],[81.9359,12.3578],[81.9264,12.3458],[81.9116,12.3278],[81.9012,12.3154],[81.8861,12.2974],[81.8754,12.2858],[81.8597,12.2674],[81.8495,12.2556],[81.8336,12.2383],[81.8232,12.2264],[81.8077,12.2092],[81.7969,12.1977],[81.7814,12.1798],[81.7709,12.1679],[81.7548,12.15],[81.7441,12.1383],[81.729,12.1204],[81.7178,12.1083],[81.7024,12.0904],[81.6915,12.078],[81.6759,12.0598],[81.6661,12.0477],[81.6503,12.0302],[81.6403,12.018],[81.625,11.9999],[81.6144,11.9881],[81.5987,11.9702],[81.5881,11.9582],[81.5724,11.94],[81.5624,11.9285],[81.5474,11.9103],[81.5372,11.8981],[81.5224,11.8802],[81.5119,11.8687],[81.497,11.8502],[81.4866,11.8378],[81.4712,11.8199],[81.461,11.8077],[81.4454,11.7892],[81.4361,11.7773],[81.4207,11.7583],[81.4104,11.7463],[81.3953,11.7279],[81.385,11.7154],[81.3696,11.6965],[81.36,11.6837],[81.3453,11.6647],[81.3354,11.6525],[81.3207,11.6343],[81.3102,11.6221],[81.2956,11.6032],[81.2852,11.591],[81.2709,11.5723],[81.2612,11.5595],[81.2468,11.5406],[81.2372,11.5278],[81.2232,11.5086],[81.2137,11.4957],[81.1993,11.4765],[81.1897,11.4638],[81.1757,11.4445],[81.166,11.4315],[81.1512,11.4124],[81.142,11.4],[81.1277,11.3813],[81.118,11.369],[81.1036,11.3501],[81.0944,11.338],[81.0802,11.3188],[81.0705,11.3059],[81.0565,11.2871],[81.0471,11.2743],[81.0331,11.2553],[81.0239,11.242],[81.0096,11.2229],[81.0002,11.21],[80.9859,11.1909],[80.9768,11.178],[80.9621,11.1586],[80.952,11.1462],[80.938,11.1275],[80.9283,11.1145],[80.9136,11.0955],[80.9037,11.0833],[80.8889,11.0648],[80.8792,11.0523],[80.8642,11.0336],[80.8544,11.0206],[80.8396,11.0014],[80.8297,10.9894],[80.8148,10.9707],[80.805,10.9586],[80.7902,10.9398],[80.7808,10.9273],[80.766,10.9084],[80.7561,10.8959],[80.7412,10.8775],[80.7316,10.8648],[80.7163,10.8467],[80.7064,10.834],[80.6916,10.8152],[80.6819,10.803],[80.6673,10.7847],[80.6578,10.772],[80.6428,10.7535],[80.6328,10.7422],[80.6178,10.7233],[80.6078,10.7108],[80.5926,10.6924],[80.5831,10.6799],[80.5676,10.6621],[80.557,10.6499],[80.5415,10.6319],[80.5304,10.6204],[80.5151,10.6025],[80.5039,10.5911],[80.4878,10.5738],[80.4774,10.5619],[80.4616,10.5442],[80.4512,10.5327],[80.4355,10.5144],[80.4252,10.5026],[80.4094,10.4844],[80.3995,10.4727],[80.3841,10.4548],[80.3735,10.4429],[80.358,10.4252],[80.3477,10.414],[80.3319,10.3963],[80.3211,10.3836],[80.3054,10.3658],[80.2954,10.3531],[80.2805,10.335],[80.2703,10.323],[80.2551,10.3048],[80.245,10.2926],[80.2296,10.2742],[80.22,10.2621],[80.2039,10.2435],[80.1939,10.2316],[80.1792,10.2134],[80.1691,10.2015],[80.1536,10.1833],[80.1435,10.1713],[80.1273,10.153],[80.1168,10.1407],[80.1014,10.1223],[80.0918,10.1101],[80.0766,10.0922],[80.0664,10.0798],[80.0508,10.0612],[80.0409,10.0495]]},"properties":{"mmsi":995601792,"name":"SYN-CAR-32","role":"candidate","vessel_type":70,"synthetic":true,"t_offset_s":[-153159,-152919,-152679,-152319,-152079,-151719,-151479,-151119,-150879,-150519,-150279,-149919,-149679,-149319,-149079,-148719,-148479,-148119,-147879,-147519,-147279,-146919,-146679,-146319,-146079,-145719,-145479,-145119,-144879,-144519,-144279,-143919,-143679,-143319,-143079,-142719,-142479,-142119,-141879,-141519,-141279,-140919,-140679,-140319,-140079,-139719,-139479,-139119,-138879,-138519,-138279,-137919,-137679,-137319,-137079,-136719,-136479,-136119,-135879,-135519,-135279,-134919,-134679,-134319,-134079,-133719,-133479,-133119,-132879,-132519,-132279,-131919,-131679,-131319,-131079,-130719,-130479,-130119,-129879,-129519,-129279,-128919,-128679,-128319,-128079,-127719,-127479,-127119,-126879,-126519,-126279,-125919,-125679,-125319,-125079,-124719,-124479,-124119,-123879,-123519,-123279,-122919,-122679,-122319,-122079,-121719,-121479,-121119,-120879,-120519,-120279,-119919,-119679,-119319,-119079,-118719,-118479,-118119,-117879,-117519,-117279,-116919,-116679,-116319,-116079,-115719,-115479,-115119,-114879,-114519,-114279,-113919,-113679,-113319,-113079,-112719,-112479,-112119,-111879,-111519,-111279,-110919,-110679,-110319,-110079,-109719,-109479,-109119,-108879,-108519,-108279,-107919,-107679,-107319,-107079,-106719,-106479,-106119,-105879,-105519,-105279,-104919,-104679,-104319,-104079,-103719,-103479,-103119,-102879,-102519,-102279,-101919,-101679,-101319,-101079,-100719,-100479,-100119,-99879,-99519,-99279,-98919,-98679,-98319,-98079,-97719,-97479,-97119,-96879,-96519,-96279,-95919,-95679,-95319,-95079,-94719,-94479,-94119,-93879,-93519,-93279,-92919,-92679,-92319,-92079,-91719,-91479,-91119,-90879,-90519,-90279,-89919,-89679,-89319,-89079,-88719,-88479,-88119,-87879,-87519,-87279,-86919,-86679,-86319,-86079,-85719,-85479,-85119,-84879,-84519,-84279,-83919,-83679,-83319,-83079,-82719,-82479,-82119,-81879,-81519,-81279,-80919,-80679,-80319,-80079,-79719,-79479,-79119,-78879,-78519,-78279,-77919,-77679,-77319,-77079,-76719,-76479,-76119,-75879,-75519,-75279,-74919,-74679,-74319,-74079,-73719,-73479,-73119,-72879,-72519,-72279,-71919,-71679,-71319,-71079,-70719,-70479],"sog":[14.1,14.1,14.0,14.1,14.2,14.6,14.0,13.7,13.6,14.0,14.4,14.1,13.9,13.7,14.5,14.3,13.6,13.4,14.7,13.6,14.5,14.7,14.2,13.9,14.2,14.1,14.0,13.8,14.2,14.2,13.5,14.1,14.0,14.4,14.2,14.3,14.5,14.7,14.2,13.7,14.1,14.2,14.2,14.3,14.5,13.8,14.2,14.4,14.0,13.4,14.5,14.2,13.9,13.6,14.2,13.9,14.4,14.1,14.0,14.3,13.9,14.0,14.0,13.8,14.1,14.2,13.8,14.5,14.0,14.4,13.8,14.4,13.8,13.6,14.4,14.0,14.7,14.7,14.6,14.0,14.4,13.9,13.7,14.0,14.1,14.0,14.2,14.1,14.3,13.8,13.8,13.8,13.7,14.1,14.4,14.0,14.1,13.8,13.7,13.9,14.0,13.7,14.1,14.3,14.0,14.2,14.4,14.1,14.0,13.8,13.7,13.9,13.8,14.4,14.3,14.1,14.0,14.0,14.0,14.2,14.5,14.4,14.4,14.3,14.1,13.5,13.8,13.5,14.0,13.9,14.1,14.4,14.4,13.5,14.2,14.3,13.8,14.0,13.9,14.5,14.5,14.1,14.6,13.8,14.8,14.1,13.9,13.7,14.3,13.5,14.4,14.3,13.8,14.2,13.7,13.7,14.0,13.3,13.9,13.9,13.9,13.9,14.0,13.9,14.0,14.3,13.9,14.0,14.7,13.6,14.1,14.7,13.8,14.2,14.1,14.1,14.1,13.8,14.8,13.8,14.3,13.8,14.1,14.3,14.3,13.8,14.3,14.1,13.9,13.9,14.5,13.9,14.0,14.0,13.9,13.6,13.7,13.9,14.0,14.2,14.4,14.1,14.1,13.6,14.3,14.0,14.3,13.7,13.8,13.6,14.0,14.1,14.3,14.1,14.0,14.1,13.9,14.4,14.0,14.6,14.0,14.0,14.2,14.5,14.1,14.1,13.9,13.7,14.2,14.0,13.6,14.1,14.4,13.9,14.0,14.1,14.3,13.7,13.3,13.8,14.1,14.0,14.5,13.4,13.8,14.3,13.7,14.0,13.5,14.5,14.9,13.9,13.7,14.0,14.5,14.0,14.3,13.9,14.3,13.7,14.2,13.9,14.2,14.6,13.7,13.4,14.1,13.8,14.2,14.4,14.7,13.5,13.6,13.6,14.0,13.9,14.0]}},{"type":"Feature","geometry":{"type":"LineString","coordinates":[[82.4708,14.9397],[82.4816,14.9575],[82.4893,14.9697],[82.5003,14.9876],[82.507,14.9996],[82.5175,15.0173],[82.5249,15.0293],[82.5348,15.0472],[82.5419,15.0591],[82.5526,15.0766],[82.5595,15.0881],[82.5704,15.1058],[82.5772,15.1178],[82.5879,15.1354],[82.5949,15.1473],[82.6053,15.1651],[82.6125,15.1769],[82.6229,15.1943],[82.6299,15.2061],[82.6414,15.2241],[82.6488,15.2361],[82.66,15.2539],[82.6672,15.2656],[82.6782,15.2835],[82.6855,15.2946],[82.6969,15.3124],[82.7043,15.3243],[82.7159,15.3419],[82.723,15.3532],[82.7346,15.3709],[82.7418,15.3826],[82.7524,15.4006],[82.7593,15.4125],[82.7701,15.4306],[82.7775,15.4423],[82.7883,15.4604],[82.7957,15.4724],[82.8063,15.49],[82.8136,15.5017],[82.8248,15.5193],[82.8329,15.5308],[82.8441,15.5479],[82.8523,15.5596],[82.8636,15.5766],[82.8711,15.5887],[82.8828,15.6058],[82.8911,15.6172],[82.9029,15.6345],[82.9108,15.6461],[82.9229,15.6634],[82.9311,15.675],[82.9428,15.6919],[82.9509,15.7031],[82.9631,15.72],[82.9713,15.7313],[82.9832,15.7481],[82.9908,15.7596],[83.0031,15.7768],[83.0113,15.7884],[83.0225,15.8054],[83.0301,15.8163],[83.0423,15.8333],[83.0506,15.8449],[83.0624,15.8617],[83.0699,15.8729],[83.0818,15.8903],[83.0892,15.9014],[83.1006,15.9185],[83.1084,15.9305],[83.1205,15.948],[83.1282,15.9592],[83.1396,15.9762],[83.1478,15.9885],[83.159,16.0057],[83.1668,16.0179],[83.179,16.0353],[83.1868,16.0468],[83.1984,16.0638],[83.2064,16.0752],[83.2184,16.0921],[83.2267,16.1033],[83.2384,16.1199],[83.2469,16.1314],[83.2589,16.1478],[83.2672,16.1589],[83.2795,16.1761],[83.2878,16.1873],[83.2999,16.2043],[83.3077,16.2157],[83.3193,16.2328],[83.327,16.2445],[83.3387,16.2619],[83.3464,16.2736],[83.3576,16.2909],[83.3652,16.3025],[83.3773,16.32],[83.3848,16.3312],[83.3963,16.3489],[83.404,16.3606],[83.4154,16.3779],[83.4227,16.3893],[83.4347,16.4066],[83.4424,16.4178],[83.4541,16.4348],[83.4619,16.4463],[83.474,16.464],[83.4816,16.4756],[83.4935,16.4931],[83.5012,16.5046],[83.5131,16.5213],[83.5205,16.5331],[83.5319,16.5499],[83.5393,16.5616],[83.5507,16.5792],[83.5581,16.5903],[83.5688,16.6078],[83.5764,16.6196],[83.5876,16.6377],[83.595,16.6497],[83.606,16.6669],[83.6134,16.6788],[83.6239,16.6967],[83.6309,16.709],[83.6415,16.7269],[83.6486,16.7382],[83.6586,16.7561],[83.6659,16.7675],[83.6762,16.7849],[83.6835,16.7967],[83.6941,16.8144],[83.701,16.827],[83.7115,16.8452],[83.7184,16.8573],[83.7281,16.8758],[83.7346,16.8884],[83.7442,16.9065],[83.7511,16.9192],[83.7608,16.9371],[83.7673,16.949],[83.7776,16.9672],[83.7843,16.9788],[83.7947,16.9975],[83.8015,17.0093],[83.8115,17.0271],[83.8189,17.0391],[83.8295,17.0565],[83.8367,17.0684],[83.8482,17.0855],[83.8559,17.0975],[83.8674,17.1149],[83.8746,17.1262],[83.8858,17.1435],[83.8926,17.1551],[83.9041,17.173],[83.9115,17.1848],[83.9225,17.2019],[83.9301,17.2134],[83.9412,17.2313],[83.9486,17.2431],[83.9598,17.2612],[83.9673,17.2732],[83.9783,17.2906],[83.9851,17.3023],[83.9965,17.3197],[84.0037,17.332],[84.0141,17.3497],[84.0219,17.3622],[84.033,17.38],[84.0399,17.3918],[84.051,17.4099],[84.0581,17.4219],[84.0682,17.44],[84.0753,17.452],[84.0861,17.4691],[84.0935,17.4807],[84.1041,17.4989],[84.111,17.5113],[84.1218,17.5295],[84.1282,17.5414],[84.139,17.5589],[84.1455,17.571],[84.1551,17.5886],[84.1619,17.601],[84.1721,17.6196],[84.1793,17.6319],[84.1892,17.6499],[84.1968,17.6621],[84.2071,17.68],[84.2145,17.6917],[84.225,17.7094],[84.2319,17.7216],[84.2422,17.74],[84.2488,17.7518],[84.2589,17.7698],[84.2658,17.7819],[84.2765,17.8002],[84.283,17.8121],[84.2933,17.8306],[84.2998,17.8425],[84.3103,17.8603],[84.317,17.8725],[84.3273,17.8901],[84.3342,17.9022],[84.3439,17.92],[84.3506,17.932],[84.3607,17.9498],[84.3678,17.9617],[84.3775,17.9807],[84.3837,17.9926],[84.3932,18.0112],[84.4,18.0234],[84.4101,18.0415],[84.4167,18.0534],[84.4267,18.0718],[84.4342,18.0839],[84.4452,18.1019],[84.4522,18.1133],[84.4631,18.1309],[84.47,18.1429],[84.4809,18.1602],[84.4881,18.1715],[84.4989,18.1888],[84.5062,18.2008],[84.5177,18.2183],[84.5248,18.2301],[84.536,18.2472],[84.5434,18.2596],[84.554,18.277],[84.5607,18.2889],[84.5711,18.3064],[84.5782,18.3185],[84.5889,18.3359],[84.596,18.3471],[84.6065,18.3644],[84.6136,18.376],[84.6247,18.3937],[84.6313,18.4049],[84.6425,18.4229],[84.6494,18.4348],[84.6602,18.4528],[84.6672,18.4648],[84.6778,18.4828],[84.6855,18.4942]]},"properties":{"mmsi":995607341,"name":"SYN-TAN-01","role":"candidate","vessel_type":80,"synthetic":true,"t_offset_s":[-26665,-26305,-26065,-25705,-25465,-25105,-24865,-24505,-24265,-23905,-23665,-23305,-23065,-22705,-22465,-22105,-21865,-21505,-21265,-20905,-20665,-20305,-20065,-19705,-19465,-19105,-18865,-18505,-18265,-17905,-17665,-17305,-17065,-16705,-16465,-16105,-15865,-15505,-15265,-14905,-14665,-14305,-14065,-13705,-13465,-13105,-12865,-12505,-12265,-11905,-11665,-11305,-11065,-10705,-10465,-10105,-9865,-9505,-9265,-8905,-8665,-8305,-8065,-7705,-7465,-7105,-6865,-6505,-6265,-5905,-5665,-5305,-5065,-4705,-4465,-4105,-3865,-3505,-3265,-2905,-2665,-2305,-2065,-1705,-1465,-1105,-865,-505,-265,95,335,695,935,1295,1535,1895,2135,2495,2735,3095,3335,3695,3935,4295,4535,4895,5135,5495,5735,6095,6335,6695,6935,7295,7535,7895,8135,8495,8735,9095,9335,9695,9935,10295,10535,10895,11135,11495,11735,12095,12335,12695,12935,13295,13535,13895,14135,14495,14735,15095,15335,15695,15935,16295,16535,16895,17135,17495,17735,18095,18335,18695,18935,19295,19535,19895,20135,20495,20735,21095,21335,21695,21935,22295,22535,22895,23135,23495,23735,24095,24335,24695,24935,25295,25535,25895,26135,26495,26735,27095,27335,27695,27935,28295,28535,28895,29135,29495,29735,30095,30335,30695,30935,31295,31535,31895,32135,32495,32735,33095,33335,33695,33935,34295,34535,34895,35135,35495,35735,36095,36335,36695,36935,37295,37535,37895,38135,38495,38735,39095,39335,39695,39935,40295,40535,40895,41135,41495,41735,42095,42335,42695,42935,43295,43535,43895,44135,44495,44735,45095,45335,45695,45935],"sog":[12.1,12.0,12.5,12.3,12.3,12.2,12.1,12.2,12.8,12.0,12.3,12.8,12.8,11.6,12.6,12.5,12.3,12.3,12.7,12.9,12.8,12.6,12.3,11.9,12.4,12.5,12.6,12.1,12.2,12.2,12.2,11.5,12.4,12.0,12.6,12.5,12.5,12.2,12.0,12.4,12.3,12.3,12.3,12.1,12.8,12.2,12.5,12.4,12.7,12.7,12.5,12.2,12.1,12.2,13.1,12.1,12.3,11.9,12.5,12.3,11.7,12.2,12.2,12.4,12.0,12.7,12.1,11.8,12.4,13.1,12.3,12.5,12.6,12.3,12.7,12.7,12.4,12.5,12.2,12.6,12.8,11.9,11.8,12.5,12.3,12.4,12.6,12.5,12.1,12.5,12.2,12.4,12.4,12.6,12.7,13.0,12.1,12.4,12.5,12.4,12.5,12.1,12.5,12.5,12.5,12.4,12.9,12.1,12.4,12.7,12.3,11.9,12.5,12.1,11.9,12.3,12.4,12.9,12.3,12.6,12.1,12.3,12.6,12.3,12.3,12.2,12.3,12.2,12.1,12.2,12.6,12.7,12.3,12.4,12.6,12.4,12.6,12.3,12.2,12.4,12.1,12.8,12.7,11.9,12.7,11.8,12.6,12.4,12.7,12.2,12.0,11.7,11.8,12.2,12.2,12.1,12.3,12.7,12.5,12.5,12.6,12.4,12.3,12.0,13.1,12.8,12.9,12.3,11.9,12.3,12.7,11.9,12.4,12.3,12.6,12.1,12.7,12.2,12.1,12.2,12.4,12.0,12.6,12.2,13.0,12.7,12.4,12.4,12.0,12.4,12.2,12.0,12.3,12.3,12.4,12.4,12.7,11.8,12.1,12.2,12.3,11.9,12.2,12.0,12.0,11.8,12.7,12.4,12.1,12.1,12.8,12.4,12.3,11.9,12.5,13.0,12.3,12.0,12.5,12.3,12.0,12.1,12.6,13.1,11.8,12.5,12.3,11.9,12.5,11.8,12.3,11.8,12.0,11.9,12.2,12.4,12.0,12.1,12.6,12.9,12.5,12.2,12.4]}},{"type":"Feature","geometry":{"type":"LineString","coordinates":[[83.1969,13.7538],[83.2014,13.7583],[83.214,13.7706],[83.2228,13.7795],[83.2347,13.7919],[83.2427,13.8005],[83.2545,13.8132],[83.2632,13.8215],[83.2751,13.834],[83.283,13.8428],[83.2957,13.8554],[83.3034,13.864],[83.3156,13.8769],[83.3234,13.8853],[83.335,13.8986],[83.3428,13.9078],[83.3544,13.9202],[83.3629,13.9292],[83.3744,13.9421],[83.3822,13.9506],[83.394,13.9638],[83.4019,13.9726],[83.4132,13.9853],[83.4212,13.994],[83.4335,14.0069],[83.4417,14.0156],[83.4539,14.0283],[83.4621,14.037],[83.4743,14.0493],[83.4823,14.0576],[83.4947,14.0701],[83.5034,14.0786],[83.5155,14.0908],[83.5237,14.0993],[83.5362,14.1113],[83.5438,14.1197],[83.5565,14.1324],[83.565,14.1409],[83.5769,14.1528],[83.585,14.1613],[83.5974,14.1734],[83.6053,14.1815],[83.6168,14.1947],[83.6251,14.2029],[83.6366,14.2164],[83.6445,14.2249],[83.6564,14.2379],[83.6643,14.2467],[83.6761,14.2593],[83.6839,14.2679],[83.6961,14.2806],[83.7044,14.2894],[83.7167,14.3016],[83.7246,14.3096],[83.7372,14.3222],[83.745,14.3303],[83.7577,14.3429],[83.7666,14.3513],[83.7784,14.3637],[83.7864,14.3721],[83.7983,14.3841],[83.8065,14.3923],[83.8195,14.4052],[83.8278,14.4133],[83.8403,14.4261],[83.849,14.4344],[83.8616,14.4467],[83.87,14.4545],[83.882,14.467],[83.8904,14.475],[83.9033,14.4873],[83.9112,14.4951],[83.9239,14.5079],[83.9326,14.5162],[83.9448,14.5282],[83.9534,14.5369],[83.9658,14.5492],[83.9743,14.558],[83.9861,14.5701],[83.994,14.5785],[84.0056,14.5913],[84.0135,14.5992],[84.0256,14.6128],[84.0333,14.6212],[84.0458,14.6345],[84.0538,14.6437],[84.0658,14.6568],[84.0738,14.665],[84.0854,14.6783],[84.0934,14.6869],[84.1053,14.6996],[84.1129,14.7084],[84.125,14.7216],[84.1324,14.7306],[84.1443,14.7439],[84.1517,14.7522],[84.1635,14.7652],[84.1711,14.7735],[84.1827,14.7862],[84.1906,14.7949],[84.2028,14.8074],[84.211,14.8158],[84.2233,14.8283],[84.2314,14.837],[84.2436,14.8496],[84.2516,14.8581],[84.2637,14.87],[84.2714,14.8785],[84.2843,14.8912],[84.2925,14.8993],[84.3051,14.9117],[84.3139,14.92],[84.326,14.9327],[84.3348,14.941],[84.3472,14.9528],[84.3556,14.9606],[84.3683,14.9728],[84.3769,14.9802],[84.39,14.9919],[84.3986,15.0003],[84.4119,15.0125],[84.4203,15.02],[84.4337,15.0314],[84.4426,15.0398],[84.4557,15.0509],[84.4645,15.059],[84.4784,15.0702],[84.487,15.0777],[84.5005,15.0897],[84.5087,15.0974],[84.5223,15.1095],[84.5305,15.1177],[84.5429,15.1294],[84.552,15.1372],[84.5648,15.1492],[84.5735,15.1573],[84.586,15.1689],[84.5946,15.1765],[84.6076,15.1882],[84.6163,15.196],[84.6287,15.2079],[84.6372,15.2158],[84.6496,15.2281],[84.6581,15.2366],[84.6707,15.2488],[84.6791,15.2567],[84.6918,15.2688],[84.7,15.2767],[84.7124,15.2886],[84.7212,15.2966],[84.734,15.3085],[84.7422,15.3163],[84.7557,15.3281],[84.764,15.3359],[84.7772,15.3481],[84.7855,15.3561],[84.7988,15.3677],[84.8075,15.3757],[84.8205,15.3879],[84.829,15.3958],[84.8421,15.408],[84.851,15.4158],[84.8638,15.4269],[84.8722,15.4346],[84.8857,15.4457],[84.8942,15.4536],[84.9075,15.4651],[84.9157,15.4728],[84.9285,15.4844],[84.9371,15.4926],[84.95,15.5046],[84.959,15.5123],[84.9718,15.5248],[84.9802,15.5328],[84.9931,15.5452],[85.0013,15.5528],[85.0138,15.5643],[85.0222,15.5724],[85.035,15.5847],[85.0435,15.5929],[85.056,15.6048],[85.0647,15.6128],[85.0768,15.6246],[85.0856,15.6326],[85.0983,15.6447],[85.1067,15.6525],[85.1199,15.6645],[85.1286,15.6726],[85.1413,15.684],[85.15,15.6917],[85.1631,15.7038],[85.1717,15.7116],[85.1849,15.7238],[85.1937,15.7318],[85.2068,15.7429],[85.2152,15.7506],[85.2282,15.7624],[85.2371,15.7705],[85.25,15.7818],[85.2587,15.7899],[85.2716,15.8019],[85.2803,15.81],[85.2932,15.822],[85.3018,15.83],[85.3152,15.8423],[85.3233,15.8507],[85.3369,15.8628],[85.3454,15.8706],[85.3587,15.8824],[85.3673,15.8904],[85.3804,15.9028],[85.3892,15.9104],[85.4018,15.9225],[85.4101,15.9304],[85.423,15.9426],[85.4318,15.9507],[85.4446,15.9626],[85.4529,15.9712],[85.4657,15.9833],[85.4745,15.9921],[85.4872,16.0036],[85.4958,16.0118],[85.5088,16.0239],[85.5175,16.0319],[85.5302,16.0437],[85.539,16.0518],[85.5516,16.0636],[85.56,16.0711],[85.5728,16.0828],[85.5814,16.0907],[85.5946,16.1024],[85.6029,16.1103],[85.6154,16.122],[85.624,16.1302],[85.6359,16.1421],[85.6442,16.1499],[85.6573,16.1623],[85.6662,16.1703],[85.679,16.1814],[85.6876,16.1893],[85.701,16.201],[85.7095,16.2082],[85.7231,16.2199],[85.732,16.2273],[85.7458,16.2394],[85.7551,16.2469],[85.7686,16.2582],[85.7778,16.2654],[85.7918,16.2767],[85.8011,16.2838],[85.8148,16.295],[85.824,16.3022],[85.8378,16.3135],[85.8469,16.3204],[85.8604,16.3307],[85.8696,16.3377],[85.8836,16.3483],[85.8931,16.3557],[85.9074,16.3662],[85.9162,16.373],[85.9302,16.3832],[85.9394,16.3901],[85.954,16.4007],[85.9642,16.4079],[85.9787,16.4179],[85.9881,16.4248],[86.0029,16.4346],[86.0123,16.4406],[86.0268,16.45],[86.0363,16.4567],[86.0513,16.4666],[86.0609,16.4731],[86.0753,16.4831],[86.0846,16.4898],[86.0993,16.4996],[86.109,16.5067],[86.1227,16.5167],[86.1315,16.5235],[86.1459,16.5335],[86.1552,16.5405],[86.1697,16.5508],[86.179,16.5578],[86.1935,16.5677],[86.2032,16.5748],[86.2181,16.5848],[86.2275,16.5913],[86.242,16.6009],[86.2519,16.6078],[86.2664,16.6173],[86.2765,16.6234],[86.2914,16.6324],[86.3011,16.6394],[86.316,16.6484],[86.3261,16.6549],[86.3404,16.6645],[86.3498,16.6707],[86.3644,16.6813],[86.374,16.6876],[86.3888,16.6972],[86.3983,16.7035],[86.4129,16.7136],[86.4225,16.7202],[86.4369,16.7294],[86.4468,16.7363],[86.4615,16.7461],[86.4711,16.7522],[86.4857,16.7623],[86.4957,16.7681]]},"properties":{"mmsi":995631265,"name":"SYN-TAN-05","role":"candidate","vessel_type":80,"synthetic":true,"t_offset_s":[-99378,-99258,-98898,-98658,-98298,-98058,-97698,-97458,-97098,-96858,-96498,-96258,-95898,-95658,-95298,-95058,-94698,-94458,-94098,-93858,-93498,-93258,-92898,-92658,-92298,-92058,-91698,-91458,-91098,-90858,-90498,-90258,-89898,-89658,-89298,-89058,-88698,-88458,-88098,-87858,-87498,-87258,-86898,-86658,-86298,-86058,-85698,-85458,-85098,-84858,-84498,-84258,-83898,-83658,-83298,-83058,-82698,-82458,-82098,-81858,-81498,-81258,-80898,-80658,-80298,-80058,-79698,-79458,-79098,-78858,-78498,-78258,-77898,-77658,-77298,-77058,-76698,-76458,-76098,-75858,-75498,-75258,-74898,-74658,-74298,-74058,-73698,-73458,-73098,-72858,-72498,-72258,-71898,-71658,-71298,-71058,-70698,-70458,-70098,-69858,-69498,-69258,-68898,-68658,-68298,-68058,-67698,-67458,-67098,-66858,-66498,-66258,-65898,-65658,-65298,-65058,-64698,-64458,-64098,-63858,-63498,-63258,-62898,-62658,-62298,-62058,-61698,-61458,-61098,-60858,-60498,-60258,-59898,-59658,-59298,-59058,-58698,-58458,-58098,-57858,-57498,-57258,-56898,-56658,-56298,-56058,-55698,-55458,-55098,-54858,-54498,-54258,-53898,-53658,-53298,-53058,-52698,-52458,-52098,-51858,-51498,-51258,-50898,-50658,-50298,-50058,-49698,-49458,-49098,-48858,-48498,-48258,-47898,-47658,-47298,-47058,-46698,-46458,-46098,-45858,-45498,-45258,-44898,-44658,-44298,-44058,-43698,-43458,-43098,-42858,-42498,-42258,-41898,-41658,-41298,-41058,-40698,-40458,-40098,-39858,-39498,-39258,-38898,-38658,-38298,-38058,-37698,-37458,-37098,-36858,-36498,-36258,-35898,-35658,-35298,-35058,-34698,-34458,-34098,-33858,-33498,-33258,-32898,-32658,-32298,-32058,-31698,-31458,-31098,-30858,-30498,-30258,-29898,-29658,-29298,-29058,-28698,-28458,-28098,-27858,-27498,-27258,-26898,-26658,-26298,-26058,-25698,-25458,-25098,-24858,-24498,-24258,-23898,-23658,-23298,-23058,-22698,-22458,-22098,-21858,-21498,-21258,-20898,-20658,-20298,-20058,-19698,-19458,-19098,-18858,-18498,-18258,-17898,-17658,-17298,-17058,-16698,-16458,-16098,-15858,-15498,-15258,-14898,-14658,-14298,-14058,-13698,-13458,-13098,-12858,-12498,-12258,-11898,-11658,-11298,-11058,-10698,-10458,-10098,-9858,-9498,-9258,-8898,-8658,-8298,-8058,-7698,-7458],"sog":[10.4,10.7,10.8,10.8,10.8,10.2,10.4,10.8,10.4,10.1,10.7,10.7,10.6,10.1,10.6,10.4,10.1,10.7,10.3,10.3,10.5,10.7,10.7,10.6,10.1,10.5,10.1,10.9,10.6,10.4,10.7,10.6,9.9,10.3,10.4,10.1,10.8,10.3,10.2,10.5,10.4,10.4,10.5,10.0,10.1,10.6,10.8,10.4,10.2,10.4,10.6,10.8,10.3,10.2,10.5,10.6,10.6,10.4,10.1,10.0,10.8,10.4,10.6,10.8,10.6,10.6,10.0,10.2,9.9,10.6,10.3,9.6,11.1,10.3,10.6,11.0,10.1,10.5,9.4,9.9,10.4,10.2,10.7,10.2,10.4,11.1,10.5,10.1,10.6,10.3,10.9,10.6,10.5,10.4,10.3,9.6,10.1,10.4,10.3,10.3,9.7,10.7,10.8,10.5,10.1,10.4,9.8,10.6,10.6,10.2,10.8,10.3,9.9,10.9,10.1,10.3,9.8,10.3,10.7,10.7,10.3,10.2,10.3,10.8,9.8,10.4,10.6,10.2,10.5,10.5,10.4,10.3,10.3,10.3,10.0,10.2,10.2,9.9,10.5,10.4,10.0,9.8,10.5,10.3,10.8,10.3,10.4,9.8,10.0,10.3,10.5,10.7,10.4,10.2,10.4,10.1,10.7,10.8,10.3,10.2,10.1,10.4,10.2,9.9,10.7,10.3,10.5,10.1,10.1,10.2,10.3,10.5,10.4,10.3,11.0,10.1,10.1,10.3,10.2,10.3,10.0,10.4,10.0,10.2,9.9,10.6,10.7,10.6,10.3,10.1,10.5,10.3,10.3,10.4,10.2,10.4,10.4,10.8,10.1,10.5,10.5,10.1,10.8,10.1,10.9,10.6,10.8,10.1,10.7,9.9,10.3,10.9,10.2,10.3,10.3,10.5,10.4,10.4,10.2,10.6,10.4,10.5,10.6,10.4,10.4,10.9,10.3,9.8,10.6,10.6,10.4,9.8,10.2,10.2,10.4,10.3,10.3,10.6,10.3,10.1,10.8,10.1,10.2,10.3,10.4,10.6,10.7,9.6,10.5,10.3,9.8,10.0,10.6,9.7,9.8,10.3,9.9,10.8,10.3,10.2,10.2,10.5,10.7,10.9,10.3,10.1,10.6,10.3,10.3,10.3,10.4,10.3,10.1,10.6,10.6,10.4,10.1,10.2,10.5,10.5,10.2,10.5,10.1,10.1,10.7,10.6,10.2,10.6,10.5,10.2,9.8,10.7,10.0,10.5,9.9,10.0,10.4,9.9,9.9,10.1,10.7,10.5,9.9,10.2,10.2,10.3,10.7,10.3]}},{"type":"Feature","geometry":{"type":"LineString","coordinates":[[82.2411,14.6549],[82.2484,14.6673],[82.2596,14.6857],[82.2673,14.6976],[82.2791,14.7162],[82.2866,14.7282],[82.2977,14.7465],[82.3056,14.7599],[82.3175,14.7784],[82.3253,14.7905],[82.3374,14.809],[82.3455,14.821],[82.3575,14.8383],[82.3661,14.8511],[82.3787,14.8692],[82.387,14.8815],[82.3996,14.8992],[82.4081,14.9108],[82.4206,14.929],[82.4289,14.9408],[82.4412,14.9589],[82.4498,14.9708],[82.4623,14.9882],[82.4708,15.0006],[82.4828,15.0182],[82.4911,15.0301],[82.5034,15.0478],[82.5115,15.0594],[82.524,15.0767],[82.5323,15.0891],[82.5444,15.1068],[82.5525,15.1183],[82.5646,15.1361],[82.573,15.1478],[82.585,15.166],[82.5928,15.1781],[82.6053,15.1965],[82.613,15.2087],[82.6249,15.2266],[82.6329,15.2383],[82.6455,15.2563],[82.6539,15.2681],[82.6667,15.2858],[82.6752,15.2975],[82.6889,15.3152],[82.6972,15.3268],[82.7095,15.3448],[82.7175,15.3567],[82.73,15.3746],[82.7386,15.3872],[82.7509,15.4049],[82.7588,15.4173],[82.771,15.4348],[82.7791,15.4471],[82.7919,15.4652],[82.7999,15.4772],[82.8122,15.4948],[82.821,15.5066],[82.8336,15.524],[82.8427,15.5364],[82.8556,15.5538],[82.8641,15.5657],[82.878,15.583],[82.8865,15.5948],[82.8991,15.6118],[82.9083,15.6234],[82.9214,15.6404],[82.9298,15.6517],[82.9424,15.6694],[82.9507,15.681],[82.9631,15.699],[82.9713,15.7106],[82.9831,15.7291],[82.9911,15.7409],[83.0032,15.7596],[83.0105,15.7721],[83.0221,15.7906],[83.0301,15.8025],[83.0414,15.8212],[83.0492,15.8337],[83.0607,15.852],[83.068,15.8641],[83.0799,15.8829],[83.0873,15.8952],[83.099,15.9132],[83.1076,15.9259],[83.1195,15.9448],[83.1274,15.957],[83.1392,15.9749],[83.147,15.9873],[83.1586,16.0054],[83.1665,16.0181],[83.1783,16.0363],[83.1864,16.0487],[83.1985,16.0677],[83.2064,16.0796],[83.2176,16.0978],[83.226,16.1099],[83.238,16.1285],[83.2458,16.1402],[83.2578,16.1586],[83.2655,16.1711],[83.2773,16.189],[83.2851,16.2016],[83.297,16.2195],[83.3048,16.2314],[83.3168,16.2491],[83.325,16.2615],[83.3372,16.2791],[83.3461,16.2913],[83.3588,16.3086],[83.3674,16.3197],[83.381,16.3375],[83.3894,16.3486],[83.4027,16.3661],[83.4118,16.3776],[83.4253,16.3952],[83.4342,16.4068],[83.4473,16.424],[83.4561,16.4358],[83.4695,16.4526],[83.4784,16.4645],[83.4919,16.4814],[83.5007,16.4928],[83.5144,16.5096],[83.5237,16.5208],[83.5382,16.5378],[83.5474,16.549],[83.5617,16.5658],[83.571,16.5765],[83.5852,16.5929],[83.5944,16.6036],[83.6087,16.6205],[83.6176,16.6311],[83.6313,16.6478],[83.6403,16.6589],[83.6538,16.6761],[83.6631,16.6876],[83.6769,16.7044],[83.6858,16.7157],[83.6996,16.7322],[83.7087,16.7434],[83.7223,16.7604],[83.7315,16.7721],[83.7449,16.7897],[83.754,16.801],[83.7675,16.8179],[83.7764,16.8292],[83.7902,16.8458],[83.7993,16.8567],[83.8131,16.8735],[83.8223,16.8848],[83.8361,16.9019],[83.8458,16.9134],[83.8598,16.9303],[83.869,16.9415],[83.8831,16.9583],[83.8925,16.9691],[83.9063,16.9857],[83.9161,16.9966],[83.9302,17.0128],[83.9405,17.0238],[83.9544,17.0401],[83.9638,17.0508],[83.9783,17.0667],[83.9874,17.0781],[84.0024,17.0942],[84.0119,17.1052],[84.0263,17.1217],[84.0359,17.1326],[84.0506,17.1489],[84.0609,17.1595],[84.0754,17.1754],[84.0852,17.1864],[84.0995,17.2024],[84.109,17.2133],[84.1233,17.2298],[84.1329,17.2404],[84.1466,17.2569],[84.1563,17.2683],[84.1708,17.2847],[84.1804,17.2949],[84.1953,17.3113],[84.2049,17.3216],[84.2199,17.3385],[84.2298,17.3494],[84.2446,17.3653],[84.2548,17.3756],[84.2698,17.3918]]},"properties":{"mmsi":996023881,"name":"SYN-CAR-31","role":"background","vessel_type":70,"synthetic":true,"t_offset_s":[29802,30042,30402,30642,31002,31242,31602,31842,32202,32442,32802,33042,33402,33642,34002,34242,34602,34842,35202,35442,35802,36042,36402,36642,37002,37242,37602,37842,38202,38442,38802,39042,39402,39642,40002,40242,40602,40842,41202,41442,41802,42042,42402,42642,43002,43242,43602,43842,44202,44442,44802,45042,45402,45642,46002,46242,46602,46842,47202,47442,47802,48042,48402,48642,49002,49242,49602,49842,50202,50442,50802,51042,51402,51642,52002,52242,52602,52842,53202,53442,53802,54042,54402,54642,55002,55242,55602,55842,56202,56442,56802,57042,57402,57642,58002,58242,58602,58842,59202,59442,59802,60042,60402,60642,61002,61242,61602,61842,62202,62442,62802,63042,63402,63642,64002,64242,64602,64842,65202,65442,65802,66042,66402,66642,67002,67242,67602,67842,68202,68442,68802,69042,69402,69642,70002,70242,70602,70842,71202,71442,71802,72042,72402,72642,73002,73242,73602,73842,74202,74442,74802,75042,75402,75642,76002,76242,76602,76842,77202,77442,77802,78042,78402,78642,79002,79242,79602,79842,80202,80442,80802,81042,81402,81642,82002,82242,82602,82842,83202,83442,83802,84042,84402,84642,85002,85242,85602,85842,86202],"sog":[12.6,12.5,12.8,12.9,12.8,12.6,12.8,13.5,12.5,13.0,13.0,12.9,12.6,13.5,13.2,12.9,13.0,12.8,13.1,13.1,12.8,12.8,12.3,13.2,13.0,12.6,12.6,12.7,12.7,13.1,12.7,12.5,12.8,12.7,12.5,12.8,13.0,12.6,12.9,12.6,12.2,12.7,13.2,13.0,13.2,12.9,12.6,12.7,13.1,12.9,13.1,13.5,12.7,13.5,13.2,12.7,12.6,13.0,13.5,13.1,12.7,13.1,13.1,13.0,12.4,13.1,12.6,12.6,12.9,12.2,13.1,13.0,12.6,12.8,12.6,13.0,13.0,13.3,12.7,13.0,13.0,12.6,13.0,12.8,12.6,13.4,12.9,13.1,13.2,13.2,12.3,12.8,13.1,13.1,13.1,12.7,13.1,12.8,12.5,13.1,12.7,12.8,12.6,13.1,12.9,12.7,13.0,12.9,12.5,12.6,12.3,13.0,13.3,12.8,13.3,12.8,13.3,13.0,12.6,13.0,12.9,13.0,12.9,13.0,12.3,13.2,13.1,13.3,12.8,12.6,13.0,12.5,13.0,12.5,12.2,12.5,13.1,12.8,13.0,13.0,12.8,13.0,13.5,13.2,12.9,12.8,13.2,12.5,12.8,12.6,13.1,13.3,13.3,13.2,13.3,12.6,12.5,13.0,12.8,13.0,13.1,13.3,12.9,12.4,12.7,13.1,12.9,13.2,12.8,12.8,13.0,12.7,13.1,13.1,12.8,12.9,13.1,12.9,12.9,12.9,12.7,12.7,12.6,12.8,13.4,13.8,12.9,13.2,13.1]}},{"type":"Feature","geometry":{"type":"LineString","coordinates":[[82.9489,15.8011],[82.9501,15.7925],[82.9458,15.7892],[82.9379,15.7876],[82.9331,15.7892],[82.9241,15.7914],[82.9199,15.7944],[82.9178,15.7979],[82.9186,15.803],[82.924,15.8082],[82.9243,15.8134],[82.9204,15.8185],[82.9201,15.8233],[82.917,15.8289],[82.9126,15.8304],[82.9056,15.8358],[82.9015,15.8398],[82.8953,15.8445],[82.8889,15.8446],[82.8824,15.8452],[82.877,15.8438],[82.8756,15.8398],[82.8799,15.8412],[82.8866,15.8456],[82.8912,15.8449],[82.8992,15.8465],[82.903,15.8478],[82.9094,15.8499],[82.9134,15.8457],[82.9202,15.8457],[82.9253,15.8445],[82.9333,15.8443],[82.9385,15.842],[82.9451,15.8405],[82.9497,15.8388],[82.9569,15.8411],[82.9622,15.8411],[82.9657,15.8346],[82.9679,15.8298],[82.9742,15.8325],[82.9776,15.8357],[82.9821,15.8423],[82.9852,15.8464],[82.9797,15.8538],[82.9755,15.8549],[82.9674,15.8565],[82.9619,15.8563],[82.954,15.8538],[82.9496,15.8512],[82.942,15.8486],[82.9377,15.8447],[82.9321,15.8394],[82.9273,15.8376],[82.9187,15.8343],[82.9141,15.831],[82.9094,15.8348],[82.9073,15.8405],[82.9096,15.8469],[82.914,15.8511],[82.9192,15.857],[82.9245,15.8563],[82.9317,15.8624],[82.9363,15.8663],[82.9391,15.8729],[82.9375,15.8752],[82.9317,15.8723],[82.9307,15.8687],[82.9364,15.8642],[82.9406,15.862],[82.9487,15.8608],[82.9534,15.8615],[82.962,15.8616],[82.9636,15.8674],[82.9697,15.8735],[82.9739,15.8759],[82.9801,15.8804],[82.9788,15.885],[82.9814,15.8928],[82.979,15.8962],[82.9772,15.9049],[82.9748,15.9102],[82.9686,15.9146],[82.9636,15.9151],[82.9578,15.9206],[82.9577,15.9258],[82.9507,15.9271],[82.9468,15.9281],[82.9381,15.9254],[82.9338,15.924],[82.9272,15.9262],[82.9227,15.9293],[82.9169,15.932],[82.9131,15.935],[82.9142,15.9428],[82.9173,15.9454],[82.9176,15.9523],[82.9164,15.9572],[82.9155,15.9635],[82.9199,15.966],[82.9281,15.9674],[82.9313,15.971],[82.938,15.9759],[82.943,15.9792],[82.9489,15.9843],[82.9552,15.9858],[82.9603,15.9833],[82.9646,15.9799],[82.9682,15.9722],[82.9683,15.9677],[82.9692,15.9603],[82.9681,15.9555],[82.9667,15.95],[82.9654,15.9462],[82.9593,15.9394],[82.9537,15.9398],[82.9483,15.9426],[82.9417,15.9431],[82.9343,15.9435],[82.9292,15.9459],[82.9202,15.9484],[82.9158,15.9491],[82.9075,15.9517],[82.9043,15.9543],[82.8966,15.9516],[82.8939,15.9477],[82.9012,15.9431],[82.9067,15.942],[82.9158,15.9415],[82.9193,15.9378],[82.9278,15.9358],[82.9316,15.9398],[82.93,15.9483],[82.9317,15.9539],[82.9393,15.9565],[82.9448,15.9551],[82.9447,15.9464],[82.9414,15.9424],[82.935,15.9433],[82.9333,15.9482],[82.9365,15.9548],[82.9407,15.957],[82.9464,15.9602],[82.9441,15.965],[82.9368,15.966],[82.9327,15.9678],[82.9256,15.9722],[82.9219,15.9766],[82.9173,15.9811],[82.9129,15.9824],[82.9043,15.9819],[82.8984,15.9836],[82.8897,15.9824],[82.884,15.9807],[82.8773,15.9765],[82.8718,15.9767],[82.8648,15.9827],[82.8628,15.9876],[82.8636,15.9946],[82.8665,15.9994],[82.875,16.0008],[82.8793,16.0006],[82.8863,16.0026],[82.8915,16.004],[82.8964,16.0075],[82.9007,16.0106],[82.9008,16.0168],[82.9049,16.0175],[82.9113,16.0131],[82.9168,16.0137],[82.9261,16.0135],[82.9315,16.0105],[82.9374,16.0045],[82.9422,16.0042],[82.9472,15.9987],[82.9497,15.9937],[82.9498,15.9874],[82.9453,15.9831],[82.9388,15.9863],[82.9342,15.9882],[82.9299,15.9943],[82.9255,15.9985],[82.9182,16.0005],[82.9136,15.9995],[82.9058,16.0],[82.9004,15.9987],[82.8937,15.9942],[82.8898,15.9911],[82.8805,15.9911],[82.8756,15.989],[82.8677,15.9891],[82.8627,15.99],[82.8548,15.9894],[82.8476,15.9907],[82.8404,15.9877],[82.84,15.9827],[82.8376,15.9763],[82.8401,15.9733],[82.8435,15.9653],[82.8436,15.9592],[82.8448,15.9514],[82.8417,15.9476],[82.8348,15.9445],[82.8287,15.9448],[82.8233,15.9513],[82.8215,15.9569],[82.8221,15.9639],[82.8218,15.9679],[82.8219,15.9764],[82.8239,15.9804],[82.8272,15.9874],[82.8308,15.9929],[82.8352,15.9995],[82.8363,16.004],[82.835,16.0121],[82.8332,16.0162],[82.8264,16.0206],[82.8233,16.0236],[82.818,16.0285],[82.8152,16.032],[82.8129,16.0397],[82.8129,16.0446],[82.8175,16.0509],[82.8226,16.05],[82.8319,16.052],[82.8333,16.0566],[82.8328,16.0646],[82.8347,16.0704],[82.8347,16.0774],[82.8304,16.0807],[82.8254,16.0795],[82.8206,16.0778],[82.8158,16.0734],[82.8134,16.0687],[82.8091,16.06],[82.8075,16.0565],[82.8026,16.0508],[82.8016,16.0453],[82.8017,16.0379],[82.7996,16.0333],[82.7987,16.0247],[82.7974,16.022],[82.7943,16.0144],[82.7947,16.0102],[82.7986,16.0048],[82.7986,15.9988],[82.7956,15.9931],[82.7958,15.987],[82.7913,15.9814],[82.7861,15.9795],[82.7802,15.9821],[82.7758,15.9842],[82.7668,15.9879],[82.7638,15.9912],[82.7536,15.9962],[82.7495,16.0007],[82.7446,16.0074],[82.7426,16.0128],[82.7472,16.0185],[82.751,16.0181],[82.7588,16.0165],[82.7634,16.0153],[82.7664,16.009],[82.7656,16.0029],[82.7691,15.9945],[82.7708,15.9889],[82.7767,15.9832],[82.7776,15.9791],[82.7823,15.9719],[82.7876,15.9722],[82.7951,15.9752],[82.8008,15.9755],[82.8084,15.9786],[82.8138,15.9802],[82.8218,15.9853],[82.8266,15.9855],[82.834,15.9877],[82.8361,15.9919],[82.8377,15.9982],[82.8392,16.0035],[82.8396,16.0108],[82.84,16.0161],[82.8451,16.0226],[82.8438,16.0296],[82.8381,16.0358],[82.8321,16.0369],[82.8245,16.0369],[82.8197,16.0371],[82.8102,16.0423],[82.8061,16.0446],[82.7995,16.0424],[82.7967,16.0385],[82.7954,16.0313],[82.7948,16.0262],[82.7937,16.019],[82.7952,16.0136],[82.7989,16.0083],[82.8003,16.0034],[82.8005,15.9968],[82.8036,15.9935],[82.8039,15.9873],[82.7999,15.9838],[82.7958,15.9778],[82.7916,15.9773],[82.7845,15.981],[82.7799,15.9834],[82.774,15.9821],[82.7701,15.9849],[82.7624,15.9881],[82.7576,15.9923],[82.7581,15.9993],[82.7574,16.0046],[82.759,16.0101],[82.7597,16.0161],[82.7569,16.0237],[82.7547,16.0273],[82.7461,16.0272],[82.7445,16.0318],[82.7452,16.0387],[82.7428,16.0436],[82.7366,16.0492],[82.73,16.051],[82.7303,16.0583],[82.7298,16.0622],[82.734,16.07],[82.738,16.0737],[82.7479,16.0705],[82.7529,16.0711],[82.7546,16.0643],[82.7554,16.0578],[82.7558,16.0509],[82.7549,16.0451],[82.752,16.0393],[82.7531,16.0336],[82.754,16.0257],[82.7507,16.021],[82.7442,16.0162],[82.7388,16.0162],[82.7326,16.0197],[82.7302,16.0221],[82.7273,16.0294],[82.7242,16.0328],[82.7154,16.0358],[82.7105,16.0384],[82.7036,16.0395],[82.6997,16.0407],[82.6913,16.0433],[82.6851,16.0428],[82.6785,16.0444],[82.6731,16.0447],[82.665,16.0469],[82.6607,16.0505],[82.6596,16.058],[82.6593,16.0626],[82.656,16.0693],[82.6559,16.0756],[82.6552,16.0823],[82.6503,16.0837],[82.646,16.0895],[82.6457,16.0942],[82.6481,16.101],[82.648,16.1073],[82.6464,16.1148],[82.6469,16.1202],[82.6489,16.1287],[82.6504,16.134],[82.6468,16.1402],[82.6455,16.1456],[82.6388,16.1499],[82.6329,16.1526],[82.6258,16.1514],[82.622,16.1528],[82.6148,16.1542],[82.6138,16.1591],[82.6176,16.1658],[82.6205,16.1702],[82.6235,16.1781],[82.6266,16.1822],[82.6352,16.1854],[82.6393,16.1848],[82.6463,16.1806],[82.6503,16.1771],[82.657,16.1727],[82.6613,16.174],[82.6655,16.1773],[82.6684,16.1807],[82.6728,16.1873],[82.6739,16.1912],[82.6751,16.1996],[82.6733,16.2039],[82.6658,16.2052],[82.6611,16.2027],[82.6596,16.1949],[82.6579,16.1907],[82.6521,16.1863],[82.6472,16.1854],[82.6409,16.1865],[82.6371,16.1892],[82.6311,16.1921],[82.6295,16.196],[82.622,16.1965],[82.6173,16.1942],[82.6129,16.1975],[82.6114,16.2021],[82.6062,16.2076],[82.6,16.2079],[82.5936,16.213],[82.59,16.2191],[82.5864,16.2252],[82.5815,16.2269],[82.5728,16.2294],[82.5685,16.2303],[82.5656,16.2395],[82.5636,16.2443],[82.5649,16.2521],[82.5679,16.2564],[82.5727,16.262],[82.5756,16.2672],[82.5795,16.2744],[82.5852,16.277],[82.5915,16.2781],[82.5927,16.283],[82.5963,16.2905],[82.5949,16.2951],[82.5894,16.3005],[82.5853,16.3041],[82.5849,16.3111],[82.5846,16.3144],[82.5807,16.323],[82.5768,16.325],[82.568,16.3253],[82.5637,16.3289],[82.5573,16.3333],[82.553,16.3331],[82.5466,16.3319],[82.5429,16.3342],[82.5338,16.3336],[82.5294,16.3327],[82.5241,16.3276],[82.5199,16.3239],[82.514,16.3206],[82.5109,16.3141],[82.5075,16.3065],[82.5055,16.3026],[82.5005,16.2981],[82.4966,16.2973],[82.4934,16.2905],[82.4916,16.2852],[82.4897,16.277],[82.4877,16.2722],[82.4868,16.2658],[82.489,16.2608],[82.488,16.2524],[82.4859,16.2486],[82.4783,16.2446],[82.478,16.2407],[82.4837,16.2355],[82.4875,16.2321],[82.4916,16.2254],[82.4924,16.2203],[82.4918,16.2127],[82.4872,16.2093],[82.485,16.2024],[82.486,16.1984],[82.484,16.1902],[82.4784,16.1899],[82.473,16.1946],[82.4729,16.1998],[82.4722,16.2077],[82.4684,16.2115],[82.4607,16.2144],[82.4565,16.2114],[82.4553,16.2037],[82.4521,16.1998],[82.4449,16.1996],[82.4416,16.2015],[82.435,16.206],[82.4296,16.2045],[82.4199,16.2056],[82.4155,16.2106],[82.4126,16.2169],[82.414,16.2221],[82.4109,16.2281],[82.4138,16.2332],[82.4128,16.239],[82.4132,16.2436],[82.4164,16.25],[82.4148,16.2542],[82.4139,16.2622],[82.412,16.2665],[82.4084,16.2722],[82.4078,16.278],[82.4089,16.2875],[82.4094,16.292],[82.4129,16.2993],[82.4145,16.3037],[82.4098,16.3073],[82.4058,16.3038],[82.3993,16.2972],[82.3937,16.2976],[82.3878,16.3002],[82.382,16.3016],[82.3738,16.2995],[82.3681,16.2977],[82.3632,16.2937],[82.3614,16.2885],[82.3692,16.2832],[82.3752,16.2841],[82.3841,16.2829],[82.3871,16.2787],[82.392,16.2727],[82.3952,16.271],[82.4025,16.27],[82.4064,16.2679],[82.4119,16.2629],[82.416,16.2603],[82.4219,16.2632],[82.4266,16.2638],[82.4238,16.2684],[82.4192,16.2721],[82.4148,16.2774],[82.4164,16.281],[82.4238,16.2811],[82.4294,16.281],[82.4381,16.2789],[82.4422,16.2765],[82.4498,16.2737],[82.4538,16.2715],[82.4513,16.2641],[82.4482,16.2632],[82.4405,16.257],[82.4353,16.2548],[82.4267,16.2543],[82.4209,16.2556],[82.4151,16.261],[82.4094,16.2596],[82.4012,16.2607],[82.4019,16.2662],[82.4022,16.2724],[82.404,16.2774],[82.4039,16.284],[82.4027,16.2899],[82.3999,16.2962],[82.3984,16.2999],[82.393,16.306],[82.3889,16.3071],[82.38,16.3078],[82.3737,16.3081],[82.3676,16.3085],[82.3639,16.3112],[82.357,16.3084],[82.353,16.3096],[82.3456,16.3119],[82.3396,16.3134],[82.3349,16.3182],[82.3311,16.3217],[82.3343,16.3281],[82.3376,16.3316],[82.3408,16.3375],[82.3406,16.3425],[82.335,16.3461],[82.3308,16.3498],[82.3274,16.3578],[82.3268,16.3616],[82.3343,16.3657],[82.3409,16.3613],[82.3483,16.3594],[82.3534,16.3607],[82.3601,16.3602],[82.3632,16.3635],[82.369,16.3701],[82.3709,16.3742],[82.3718,16.3818],[82.3781,16.3832],[82.3826,16.3889],[82.3855,16.3924],[82.3912,16.3961],[82.3942,16.398],[82.3943,16.4061],[82.387,16.4053],[82.3777,16.4035],[82.3737,16.4009],[82.3666,16.4023],[82.3638,16.4079],[82.358,16.4077],[82.3542,16.405],[82.3532,16.3976],[82.3541,16.3932],[82.3588,16.3866],[82.3613,16.3821],[82.367,16.3758],[82.3681,16.3718],[82.3667,16.3642],[82.367,16.3601],[82.3724,16.3551],[82.3764,16.3506],[82.3822,16.3476],[82.3845,16.3449],[82.3919,16.3451],[82.3979,16.3469],[82.4038,16.3504],[82.4063,16.3543],[82.4078,16.3623],[82.4098,16.3669],[82.414,16.3752],[82.4168,16.3792],[82.4174,16.3877],[82.4219,16.3861],[82.4158,16.3795],[82.4122,16.3746],[82.4071,16.3706],[82.4016,16.3691],[82.3945,16.3655],[82.392,16.3614],[82.3935,16.3558],[82.396,16.3504],[82.4033,16.3481],[82.4064,16.3448],[82.4106,16.3371],[82.4131,16.3339],[82.4116,16.3258],[82.4108,16.3219],[82.4099,16.3139],[82.4088,16.3083],[82.4138,16.3016],[82.4102,16.2968],[82.403,16.2931],[82.3978,16.2943],[82.3902,16.2947],[82.3863,16.2924],[82.3789,16.2885],[82.3734,16.2881],[82.3675,16.2958],[82.3661,16.3007],[82.3608,16.3054],[82.3562,16.3078],[82.3511,16.3114],[82.3511,16.316],[82.3452,16.32],[82.3405,16.3228],[82.3313,16.3197],[82.326,16.3177],[82.3212,16.317],[82.3157,16.316],[82.3068,16.3173],[82.3024,16.3181],[82.2948,16.317],[82.2911,16.3173],[82.2845,16.3231],[82.2796,16.3254],[82.2714,16.3265],[82.2665,16.3251],[82.2582,16.3225],[82.252,16.3224],[82.2445,16.3223],[82.2401,16.3207],[82.2337,16.321],[82.2303,16.3249],[82.2245,16.3305],[82.2227,16.3346],[82.2213,16.3444],[82.2187,16.3482],[82.2153,16.3534],[82.2147,16.3578],[82.208,16.3626],[82.2028,16.3646],[82.1951,16.3645],[82.1909,16.3656],[82.1849,16.3615],[82.1813,16.3568],[82.1752,16.3519],[82.1764,16.347],[82.1718,16.3401],[82.1663,16.3372],[82.1593,16.3342],[82.1558,16.3302],[82.1481,16.3266],[82.1419,16.3254],[82.1341,16.3252],[82.1287,16.3256],[82.1214,16.329],[82.1184,16.3332],[82.1159,16.3402],[82.1123,16.3438],[82.1076,16.3498],[82.102,16.3526],[82.0998,16.3579],[82.1014,16.3627],[82.0956,16.3681],[82.0909,16.3666],[82.0835,16.3685],[82.0773,16.3676],[82.0692,16.368],[82.0644,16.3712],[82.0594,16.376],[82.0569,16.3802],[82.05,16.3842],[82.0455,16.3875],[82.0444,16.3939],[82.0449,16.4],[82.0463,16.4072],[82.0487,16.4115],[82.0505,16.418],[82.0504,16.4244],[82.0489,16.4325],[82.0479,16.4384],[82.0496,16.4464],[82.0494,16.4536],[82.0748,16.4619],[82.0766,16.4592],[82.083,16.4556],[82.0865,16.4525],[82.0932,16.4485],[82.0989,16.4484],[82.1075,16.4479],[82.111,16.4443],[82.1154,16.4386],[82.1206,16.4354],[82.1235,16.43],[82.1242,16.4258],[82.1283,16.4203],[82.134,16.4194],[82.1394,16.4145],[82.144,16.4117],[82.1483,16.41],[82.1524,16.4067],[82.16,16.4051],[82.1653,16.4041],[82.1712,16.4025],[82.1754,16.3988],[82.1745,16.3922],[82.1733,16.3873],[82.175,16.3784],[82.1745,16.372],[82.1698,16.3645],[82.1691,16.3596],[82.1742,16.3516],[82.1794,16.3504],[82.188,16.3499],[82.193,16.3539],[82.1973,16.3588],[82.2026,16.3605],[82.2094,16.3643],[82.2131,16.3649],[82.2168,16.3687],[82.2152,16.3741],[82.2083,16.3789],[82.2051,16.3812],[82.1994,16.3766],[82.1982,16.3716],[82.1924,16.3652],[82.1901,16.36],[82.1937,16.354],[82.1984,16.3532],[82.2048,16.3553],[82.209,16.3569],[82.2156,16.3602],[82.2193,16.3595],[82.2268,16.3623],[82.2314,16.3663],[82.2377,16.3634],[82.2437,16.3636],[82.2448,16.3547],[82.2416,16.3514],[82.2386,16.3439],[82.2348,16.3402],[82.2289,16.3391],[82.2243,16.3403],[82.2185,16.346],[82.213,16.3458],[82.2063,16.3472],[82.2024,16.3467],[82.1951,16.3457],[82.1904,16.3461],[82.185,16.3473],[82.1817,16.3509],[82.1784,16.3574],[82.1797,16.3618],[82.1785,16.3695],[82.174,16.3689],[82.1657,16.3698],[82.1624,16.3735],[82.1597,16.381],[82.1555,16.3836],[82.1488,16.3872],[82.1452,16.3893],[82.1427,16.3966],[82.1446,16.4017],[82.1519,16.4048],[82.1565,16.4041],[82.162,16.4016],[82.1661,16.4002],[82.1721,16.4],[82.1766,16.4012],[82.1817,16.3955],[82.1778,16.3907],[82.1752,16.3813],[82.175,16.3753],[82.1777,16.3689],[82.1814,16.3657],[82.1851,16.3702],[82.186,16.3755],[82.1891,16.3828],[82.1925,16.3863],[82.1918,16.3942],[82.1882,16.3977],[82.1874,16.4031],[82.1884,16.4077],[82.1914,16.4162],[82.192,16.4196],[82.1978,16.425],[82.1989,16.431],[82.1972,16.4394],[82.1964,16.4442],[82.2024,16.449],[82.204,16.4541],[82.2005,16.4601],[82.1999,16.4644],[82.201,16.4717],[82.2034,16.4755],[82.2078,16.4817],[82.2117,16.4841],[82.2202,16.4848],[82.2244,16.4853],[82.2342,16.487],[82.2398,16.4874],[82.2461,16.4906],[82.2512,16.4896],[82.2574,16.4842],[82.2611,16.4811],[82.2679,16.477],[82.2724,16.4799],[82.2804,16.4753],[82.2807,16.4691],[82.2799,16.461],[82.2813,16.4557],[82.2832,16.4493],[82.2823,16.4438],[82.2816,16.4372],[82.284,16.4337],[82.288,16.4287],[82.2909,16.4256],[82.2963,16.4184],[82.2999,16.4186],[82.3074,16.418],[82.3129,16.4198],[82.32,16.4228],[82.3245,16.425],[82.3283,16.4312],[82.3274,16.4363],[82.3227,16.4431],[82.3201,16.4473],[82.3162,16.4546],[82.3144,16.4592],[82.3103,16.4659],[82.3107,16.4714],[82.3169,16.4761],[82.3212,16.4787],[82.3292,16.4811],[82.3313,16.484],[82.3281,16.4913],[82.324,16.4925],[82.3173,16.4974],[82.3122,16.4984],[82.3062,16.5005],[82.3008,16.5028],[82.2949,16.5001],[82.2921,16.4959],[82.2915,16.488],[82.2945,16.4838],[82.2996,16.4801],[82.2952,16.4764],[82.2903,16.4718],[82.2887,16.4673],[82.2827,16.4623],[82.2783,16.4573],[82.2735,16.4509],[82.2693,16.4479],[82.2628,16.4423],[82.2573,16.4413],[82.2514,16.4386],[82.2489,16.436],[82.2415,16.4383],[82.2372,16.4371],[82.2306,16.4318],[82.2265,16.4281],[82.2248,16.4207],[82.2198,16.4165],[82.2159,16.4088],[82.2116,16.4042],[82.2064,16.4006],[82.2087,16.397],[82.2125,16.3921],[82.2163,16.3864],[82.2244,16.3862],[82.2288,16.3866],[82.2347,16.3838],[82.2399,16.3853],[82.2459,16.3898],[82.2502,16.3913],[82.2564,16.3942],[82.2528,16.3978],[82.2489,16.4043],[82.2468,16.4087],[82.2427,16.4153],[82.2425,16.4211],[82.2446,16.4282],[82.2471,16.4332],[82.2504,16.4416],[82.2464,16.4449],[82.2409,16.45],[82.2403,16.454],[82.2347,16.4596],[82.2307,16.461],[82.2286,16.4699],[82.2239,16.4743],[82.2248,16.4819],[82.2319,16.4823],[82.2382,16.48],[82.2411,16.4772],[82.2421,16.4695],[82.2427,16.4648],[82.2457,16.4586],[82.2492,16.4548],[82.2502,16.4481],[82.2509,16.4425],[82.2457,16.4379],[82.2404,16.4345],[82.2335,16.4298],[82.2331,16.4247],[82.235,16.4187],[82.2407,16.4186],[82.2478,16.4216],[82.2553,16.4231],[82.2626,16.4255],[82.2678,16.4242],[82.2758,16.4208],[82.2788,16.417],[82.2736,16.4152],[82.2686,16.413],[82.2623,16.4189],[82.2614,16.424],[82.2567,16.4316],[82.252,16.4346],[82.2465,16.4406],[82.2449,16.446],[82.24,16.4532],[82.2398,16.4584],[82.2378,16.4652],[82.2422,16.4679],[82.2477,16.4704],[82.2512,16.4728],[82.2514,16.4788],[82.2503,16.4819],[82.2466,16.4889],[82.2429,16.4885],[82.235,16.4901],[82.2287,16.4912],[82.2252,16.4969],[82.222,16.5001],[82.2242,16.5074],[82.2275,16.5111],[82.2287,16.5186],[82.2289,16.5231],[82.2247,16.5284],[82.2194,16.5292],[82.2195,16.5223],[82.2196,16.5184],[82.2168,16.5129],[82.2122,16.5092],[82.2051,16.505],[82.2001,16.5038],[82.1944,16.501],[82.1885,16.4985],[82.1818,16.4982],[82.1764,16.4985],[82.1684,16.5016],[82.1636,16.5054],[82.0979,16.4748],[82.103,16.4681],[82.1058,16.4656],[82.1128,16.4615],[82.1188,16.4629],[82.1255,16.464],[82.1296,16.4641],[82.1373,16.4593],[82.1365,16.4527],[82.1293,16.4519],[82.1243,16.4529],[82.1196,16.4586],[82.1154,16.4606],[82.1067,16.4612],[82.1005,16.4624],[82.0934,16.4664],[82.0888,16.4676],[82.0811,16.4646],[82.0779,16.4626],[82.0712,16.4597]]},"properties":{"mmsi":996081135,"name":"SYN-FSH-03","role":"background","vessel_type":30,"synthetic":true,"t_offset_s":[-259200,-258840,-258600,-258240,-258000,-257640,-257400,-257040,-256800,-256440,-256200,-255840,-255600,-255240,-255000,-254640,-254400,-254040,-253800,-253440,-253200,-252840,-252600,-252240,-252000,-251640,-251400,-251040,-250800,-250440,-250200,-249840,-249600,-249240,-249000,-248640,-248400,-248040,-247800,-247440,-247200,-246840,-246600,-246240,-246000,-245640,-245400,-245040,-244800,-244440,-244200,-243840,-243600,-243240,-243000,-242640,-242400,-242040,-241800,-241440,-241200,-240840,-240600,-240240,-240000,-239640,-239400,-239040,-238800,-238440,-238200,-237840,-237600,-237240,-237000,-236640,-236400,-236040,-235800,-235440,-235200,-234840,-234600,-234240,-234000,-233640,-233400,-233040,-232800,-232440,-232200,-231840,-231600,-231240,-231000,-230640,-230400,-230040,-229800,-229440,-229200,-228840,-228600,-228240,-228000,-227640,-227400,-227040,-226800,-226440,-226200,-225840,-225600,-225240,-225000,-224640,-224400,-224040,-223800,-223440,-223200,-222840,-222600,-222240,-222000,-221640,-221400,-221040,-220800,-220440,-220200,-219840,-219600,-219240,-219000,-218640,-218400,-218040,-217800,-217440,-217200,-216840,-216600,-216240,-216000,-215640,-215400,-215040,-214800,-214440,-214200,-213840,-213600,-213240,-213000,-212640,-212400,-212040,-211800,-211440,-211200,-210840,-210600,-210240,-210000,-209640,-209400,-209040,-208800,-208440,-208200,-207840,-207600,-207240,-207000,-206640,-206400,-206040,-205800,-205440,-205200,-204840,-204600,-204240,-204000,-203640,-203400,-203040,-202800,-202440,-202200,-201840,-201600,-201240,-201000,-200640,-200400,-200040,-199800,-199440,-199200,-198840,-198600,-198240,-198000,-197640,-197400,-197040,-196800,-196440,-196200,-195840,-195600,-195240,-195000,-194640,-194400,-194040,-193800,-193440,-193200,-192840,-192600,-192240,-192000,-191640,-191400,-191040,-190800,-190440,-190200,-189840,-189600,-189240,-189000,-188640,-188400,-188040,-187800,-187440,-187200,-186840,-186600,-186240,-186000,-185640,-185400,-185040,-184800,-184440,-184200,-183840,-183600,-183240,-183000,-182640,-182400,-182040,-181800,-181440,-181200,-180840,-180600,-180240,-180000,-179640,-179400,-179040,-178800,-178440,-178200,-177840,-177600,-177240,-177000,-176640,-176400,-176040,-175800,-175440,-175200,-174840,-174600,-174240,-174000,-173640,-173400,-173040,-172800,-172440,-172200,-171840,-171600,-171240,-171000,-170640,-170400,-170040,-169800,-169440,-169200,-168840,-168600,-168240,-168000,-167640,-167400,-167040,-166800,-166440,-166200,-165840,-165600,-165240,-165000,-164640,-164400,-164040,-163800,-163440,-163200,-162840,-162600,-162240,-162000,-161640,-161400,-161040,-160800,-160440,-160200,-159840,-159600,-159240,-159000,-158640,-158400,-158040,-157800,-157440,-157200,-156840,-156600,-156240,-156000,-155640,-155400,-155040,-154800,-154440,-154200,-153840,-153600,-153240,-153000,-152640,-152400,-152040,-151800,-151440,-151200,-150840,-150600,-150240,-150000,-149640,-149400,-149040,-148800,-148440,-148200,-147840,-147600,-147240,-147000,-146640,-146400,-146040,-145800,-145440,-145200,-144840,-144600,-144240,-144000,-143640,-143400,-143040,-142800,-142440,-142200,-141840,-141600,-141240,-141000,-140640,-140400,-140040,-139800,-139440,-139200,-138840,-138600,-138240,-138000,-137640,-137400,-137040,-136800,-136440,-136200,-135840,-135600,-135240,-135000,-134640,-134400,-134040,-133800,-133440,-133200,-132840,-132600,-132240,-132000,-131640,-131400,-131040,-130800,-130440,-130200,-129840,-129600,-129240,-129000,-128640,-128400,-128040,-127800,-127440,-127200,-126840,-126600,-126240,-126000,-125640,-125400,-125040,-124800,-124440,-124200,-123840,-123600,-123240,-123000,-122640,-122400,-122040,-121800,-121440,-121200,-120840,-120600,-120240,-120000,-119640,-119400,-119040,-118800,-118440,-118200,-117840,-117600,-117240,-117000,-116640,-116400,-116040,-115800,-115440,-115200,-114840,-114600,-114240,-114000,-113640,-113400,-113040,-112800,-112440,-112200,-111840,-111600,-111240,-111000,-110640,-110400,-110040,-109800,-109440,-109200,-108840,-108600,-108240,-108000,-107640,-107400,-107040,-106800,-106440,-106200,-105840,-105600,-105240,-105000,-104640,-104400,-104040,-103800,-103440,-103200,-102840,-102600,-102240,-102000,-101640,-101400,-101040,-100800,-100440,-100200,-99840,-99600,-99240,-99000,-98640,-98400,-98040,-97800,-97440,-97200,-96840,-96600,-96240,-96000,-95640,-95400,-95040,-94800,-94440,-94200,-93840,-93600,-93240,-93000,-92640,-92400,-92040,-91800,-91440,-91200,-90840,-90600,-90240,-90000,-89640,-89400,-89040,-88800,-88440,-88200,-87840,-87600,-87240,-87000,-86640,-86400,-86040,-85800,-85440,-85200,-84840,-84600,-84240,-84000,-83640,-83400,-83040,-82800,-82440,-82200,-81840,-81600,-81240,-81000,-80640,-80400,-80040,-79800,-79440,-79200,-78840,-78600,-78240,-78000,-77640,-77400,-77040,-76800,-76440,-76200,-75840,-75600,-75240,-75000,-74640,-74400,-74040,-73800,-73440,-73200,-72840,-72600,-72240,-72000,-71640,-71400,-71040,-70800,-70440,-70200,-69840,-69600,-69240,-69000,-68640,-68400,-68040,-67800,-67440,-67200,-66840,-66600,-66240,-66000,-65640,-65400,-65040,-64800,-64440,-64200,-63840,-63600,-63240,-63000,-62640,-62400,-62040,-61800,-61440,-61200,-60840,-60600,-60240,-60000,-59640,-59400,-59040,-58800,-58440,-58200,-57840,-57600,-57240,-57000,-56640,-56400,-56040,-55800,-55440,-55200,-54840,-54600,-54240,-54000,-53640,-53400,-53040,-52800,-52440,-52200,-51840,-51600,-51240,-51000,-50640,-50400,-50040,-49800,-49440,-49200,-48840,-48600,-48240,-48000,-47640,-47280,-45720,-45600,-45240,-45000,-44640,-44400,-44040,-43800,-43440,-43200,-42840,-42600,-42240,-42000,-41640,-41400,-41040,-40800,-40440,-40200,-39840,-39600,-39240,-39000,-38640,-38400,-38040,-37800,-37440,-37200,-36840,-36600,-36240,-36000,-35640,-35400,-35040,-34800,-34440,-34200,-33840,-33600,-33240,-33000,-32640,-32400,-32040,-31800,-31440,-31200,-30840,-30600,-30240,-30000,-29640,-29400,-29040,-28800,-28440,-28200,-27840,-27600,-27240,-27000,-26640,-26400,-26040,-25800,-25440,-25200,-24840,-24600,-24240,-24000,-23640,-23400,-23040,-22800,-22440,-22200,-21840,-21600,-21240,-21000,-20640,-20400,-20040,-19800,-19440,-19200,-18840,-18600,-18240,-18000,-17640,-17400,-17040,-16800,-16440,-16200,-15840,-15600,-15240,-15000,-14640,-14400,-14040,-13800,-13440,-13200,-12840,-12600,-12240,-12000,-11640,-11400,-11040,-10800,-10440,-10200,-9840,-9600,-9240,-9000,-8640,-8400,-8040,-7800,-7440,-7200,-6840,-6600,-6240,-6000,-5640,-5400,-5040,-4800,-4440,-4200,-3840,-3600,-3240,-3000,-2640,-2400,-2040,-1800,-1440,-1200,-840,-600,-240,0,360,600,960,1200,1560,1800,2160,2400,2760,3000,3360,3600,3960,4200,4560,4800,5160,5400,5760,6000,6360,6600,6960,7200,7560,7800,8160,8400,8760,9000,9360,9600,9960,10200,10560,10800,11160,11400,11760,12000,12360,12600,12960,13200,13560,13800,14160,14400,14760,15000,15360,15600,15960,16200,16560,16800,17160,17400,17760,18000,18360,18600,18960,19200,19560,19800,20160,20400,20760,21000,21360,21600,21960,22200,22560,22800,23160,23400,23760,24000,24360,24600,24960,25200,25560,25800,26160,26400,26760,27000,27360,27600,27960,28200,28560,28800,29160,29400,29760,30000,30360,30600,30960,31200,31560,31800,32160,32400,32760,33000,33360,33600,33960,34200,34560,34800,59400,59760,60000,60360,60600,60960,61200,61560,61800,62160,62400,62760,63000,63360,63600,63960,64200,64560,64800,65160],"sog":[3.5,5.7,5.2,5.4,5.7,4.8,4.0,2.2,6.8,4.7,5.9,3.4,4.2,4.2,5.4,4.7,4.5,5.1,6.2,3.0,3.9,4.9,4.5,3.5,3.8,5.4,3.6,4.2,5.5,4.5,5.1,3.7,5.0,4.0,3.0,3.7,5.9,5.1,6.3,6.3,4.0,4.8,4.3,6.4,2.2,3.9,4.0,4.6,4.8,4.9,5.6,5.7,3.6,6.4,4.8,3.6,6.1,5.1,6.1,5.8,4.8,7.1,5.0,3.5,3.2,4.3,4.4,4.4,3.3,5.1,4.2,4.7,4.9,4.9,5.1,5.8,5.9,5.2,4.7,5.6,5.2,2.4,4.0,4.9,3.7,4.6,3.9,6.6,2.3,4.6,3.9,2.7,3.8,4.0,3.5,6.5,5.3,4.8,4.7,4.2,5.7,5.1,6.2,4.3,5.5,3.6,3.4,5.0,3.7,3.2,5.9,5.0,4.2,5.6,6.2,2.5,7.6,3.9,5.3,6.3,3.9,4.5,4.2,5.0,3.8,3.7,6.3,4.3,3.2,4.1,3.9,3.3,5.4,5.1,4.8,6.0,4.3,3.5,5.6,4.2,4.5,3.4,5.8,5.2,3.0,4.5,5.5,3.3,4.6,4.6,5.3,7.2,5.4,4.2,5.2,6.8,5.3,3.8,5.8,5.0,3.0,3.8,5.2,3.4,4.1,3.0,4.4,5.0,5.9,4.9,7.3,5.2,4.2,5.1,5.6,4.1,5.4,3.6,4.7,4.7,6.4,5.5,4.2,4.6,4.1,4.3,3.4,5.9,5.4,4.4,3.6,6.0,5.8,3.7,5.5,2.6,5.0,5.3,4.5,4.1,4.6,4.5,5.6,3.4,5.5,4.1,4.0,5.4,3.9,4.7,6.4,4.3,5.1,4.8,5.3,3.8,4.1,5.4,4.4,4.3,4.7,6.8,4.8,5.7,5.4,5.0,5.1,3.6,5.0,3.7,5.5,3.5,5.6,6.4,3.6,4.6,5.9,4.2,4.7,4.8,1.5,3.6,3.6,3.9,5.4,3.2,4.9,4.8,6.0,4.1,4.9,5.5,4.1,7.0,5.7,5.2,3.9,4.2,4.5,4.5,5.9,5.7,5.1,4.8,5.2,5.9,3.6,4.9,6.1,4.5,5.6,4.1,3.9,6.8,4.0,5.1,3.6,3.7,3.8,2.9,6.3,6.7,8.6,5.8,4.2,3.6,4.3,5.8,4.1,4.4,3.9,4.0,4.3,5.9,4.8,4.1,5.2,5.4,3.1,5.1,2.6,3.5,4.0,4.2,3.9,3.6,4.9,4.3,4.6,4.6,6.1,4.1,5.9,5.6,3.0,4.4,5.2,4.9,4.0,3.8,5.6,5.8,4.2,5.5,4.7,5.6,3.9,5.0,5.7,4.3,7.2,3.9,7.1,6.8,6.0,4.5,4.6,5.0,3.3,6.2,4.4,5.7,5.2,5.6,2.9,5.7,4.6,3.6,4.7,4.8,4.9,5.5,5.3,4.8,6.7,5.7,4.8,4.6,3.9,4.3,4.1,4.4,4.7,4.8,4.8,5.4,4.3,5.7,6.0,4.0,2.7,5.0,4.8,4.9,4.4,5.8,3.7,6.4,2.4,5.5,5.2,5.4,4.2,3.0,3.4,4.3,5.2,4.9,5.0,5.6,5.0,5.9,3.5,5.9,4.0,4.0,4.3,3.9,3.7,5.5,6.5,3.8,4.4,5.3,6.0,3.2,6.7,2.7,5.3,5.8,5.3,6.3,5.1,3.9,5.0,4.6,6.3,5.0,5.8,5.2,5.6,4.1,4.7,4.1,5.4,4.8,3.2,6.3,5.0,3.4,5.6,4.9,4.9,5.6,3.6,6.2,3.4,3.5,5.1,3.8,7.6,5.1,4.2,6.3,2.9,5.5,4.7,7.0,4.1,4.1,7.0,3.5,3.1,5.0,3.6,5.3,4.6,5.5,5.5,6.4,4.9,3.5,4.5,5.5,5.1,4.4,5.5,3.5,4.8,5.1,4.1,4.6,5.5,4.6,4.8,4.3,4.8,4.9,4.2,4.7,3.7,3.8,5.3,6.4,4.3,5.5,2.9,4.6,4.8,4.1,5.1,6.8,5.0,3.8,4.7,3.6,4.8,5.6,4.0,3.6,4.6,4.9,4.8,3.5,4.9,5.9,5.1,5.0,4.7,4.8,4.3,4.3,4.8,4.8,4.5,2.9,4.6,2.5,5.4,4.0,4.4,5.0,6.1,4.3,5.5,3.7,4.2,4.0,3.9,5.8,3.3,4.3,6.5,4.1,4.1,5.3,4.6,3.3,5.2,4.5,4.6,4.9,3.9,6.1,4.0,4.4,6.6,3.4,4.7,5.9,3.0,4.4,6.2,3.5,3.4,5.6,5.0,4.2,5.0,6.1,4.7,4.9,2.7,5.3,5.8,4.3,5.2,4.0,4.2,5.0,4.1,4.4,6.4,3.6,3.5,3.2,3.2,4.4,7.7,6.1,5.3,3.9,6.1,4.8,3.4,4.6,4.0,5.3,3.9,5.7,3.6,3.3,3.3,3.8,5.4,4.8,2.9,3.9,5.8,4.2,3.5,5.9,4.4,5.7,5.3,5.7,5.2,5.6,5.1,5.1,6.8,4.7,5.5,3.0,5.6,4.6,4.4,6.3,4.8,5.0,5.1,5.3,4.0,4.9,5.8,4.7,5.5,5.6,5.0,5.1,5.1,6.5,5.1,5.8,4.2,3.5,3.6,3.2,3.6,3.9,4.9,1.3,4.6,6.3,2.9,6.6,4.6,5.1,5.6,5.8,4.1,5.5,4.5,3.7,4.1,4.9,4.3,4.7,5.2,6.1,4.0,4.6,4.5,4.7,4.4,3.6,4.9,5.2,5.5,3.4,4.2,5.1,5.1,5.3,4.7,6.1,5.0,4.8,4.0,4.2,5.3,4.4,4.8,5.5,5.4,4.9,5.7,4.6,3.1,6.3,6.5,5.6,5.6,4.2,3.4,4.2,6.3,6.0,4.7,4.6,5.0,3.8,6.2,4.8,3.6,4.3,4.4,4.5,6.0,4.8,4.6,5.4,5.8,5.6,5.4,3.2,4.1,4.1,3.3,5.6,4.8,5.9,5.3,5.2,3.9,4.3,3.9,3.7,4.8,3.8,4.9,6.5,5.9,5.4,4.5,4.6,4.9,5.0,6.0,5.0,4.1,5.5,3.1,4.1,4.7,5.7,2.5,5.5,5.2,5.6,4.7,4.8,3.7,4.3,4.3,2.4,3.1,4.6,5.3,3.7,4.4,6.0,4.1,6.1,5.3,4.2,2.3,5.1,5.6,3.9,3.9,4.2,3.5,4.5,4.0,5.3,4.9,5.2,5.8,5.5,4.3,4.5,5.4,5.4,4.8,5.8,2.9,5.4,4.3,3.7,4.2,4.1,3.4,4.2,4.5,4.8,5.6,4.6,4.5,3.9,5.8,5.9,5.0,4.6,3.2,4.4,4.3,5.8,3.0,6.2,6.7,5.1,5.2,3.9,4.1,4.9,2.9,2.6,3.9,6.0,4.2,5.0,3.9,5.1,5.0,5.0,4.0,5.3,4.8,5.4,3.5,4.7,6.1,5.8,4.3,4.2,5.4,4.2,3.6,4.7,2.2,4.5,4.4,5.2,5.0,3.8,5.1,6.1,5.3,3.9,5.4,5.6,4.4,6.0,5.0,3.4,5.0,4.8,2.9,5.8,4.7,4.2,5.1,4.4,4.7,3.9,4.7,5.0,4.1,4.0,4.3,5.1,4.7,4.4,4.4,4.9,5.5,5.3,5.3,3.4,3.7,4.9,3.8,5.2,4.1,4.5,5.8,4.3,7.5,2.7,2.7,4.2,7.4,5.6,4.0,5.9,4.5,4.3,3.7,3.5,3.6,4.3,4.5,4.6,4.7,5.2,5.8,5.9,5.5,4.7,3.4,5.5,3.7,5.4,5.5,5.0,6.2,4.4,2.5,4.7,2.5,4.9,3.9,5.0,3.4,5.8,5.9,5.8,5.3,4.3,4.7,5.5,6.0,3.7,5.0,4.7,3.7,3.2,4.8,7.5,4.2,5.1,5.0,4.9,5.3,3.0,4.7,2.5,4.4,4.3,4.5,5.6,2.9,5.7,5.4,3.4,5.7,4.4,4.3,5.8,4.8,5.7,4.7,4.1,3.8,4.1,4.0,5.7,5.5,5.2,5.0,4.7,6.4,3.5,6.0,4.4,4.7,5.6,5.1,3.1,3.9,5.9,4.1,4.8,4.7,5.9,4.4,5.3,4.4,3.7,5.7,7.2,5.2,3.9,4.6,2.3,5.2]}},{"type":"Feature","geometry":{"type":"LineString","coordinates":[[82.234,14.6324],[82.2271,14.6213],[82.2205,14.6109],[82.2112,14.595],[82.2048,14.5845],[82.1962,14.5678],[82.1898,14.5575],[82.1808,14.5408],[82.1746,14.5301],[82.1658,14.5139],[82.16,14.5036],[82.1513,14.4875],[82.1456,14.4767],[82.1365,14.4606],[82.1307,14.4496],[82.1218,14.4336],[82.1158,14.4224],[82.1074,14.4061],[82.101,14.3951],[82.0925,14.3786],[82.0866,14.3672],[82.0782,14.3513],[82.0727,14.3403],[82.0643,14.3241],[82.0585,14.3139],[82.0502,14.2969],[82.0445,14.2863],[82.0356,14.2701],[82.0296,14.2596],[82.0204,14.2433],[82.0143,14.2328],[82.0046,14.2162],[81.9985,14.2054],[81.9889,14.1899],[81.9832,14.1794],[81.9735,14.164],[81.9674,14.1534],[81.9579,14.1368],[81.9515,14.1266],[81.9428,14.1105],[81.9366,14.1001],[81.9279,14.0842],[81.9216,14.0731],[81.9123,14.057],[81.9057,14.0462],[81.8968,14.0303],[81.8903,14.0195],[81.8805,14.0039],[81.8742,13.9937],[81.8641,13.9786],[81.8571,13.9684],[81.8469,13.9531],[81.8399,13.9423],[81.8298,13.9273],[81.8224,13.9165],[81.8121,13.9017],[81.805,13.8915],[81.7944,13.8759],[81.7879,13.8662],[81.7781,13.8512],[81.7714,13.8409],[81.761,13.8254],[81.7543,13.8149],[81.7446,13.7994],[81.7376,13.7892],[81.7278,13.7739],[81.7212,13.7633],[81.7111,13.7472],[81.7045,13.7365],[81.6945,13.721],[81.6882,13.7111],[81.6781,13.6956],[81.6714,13.6855],[81.6608,13.6704],[81.6535,13.6605],[81.6428,13.645],[81.6357,13.6345],[81.6245,13.6188],[81.6175,13.6089],[81.6072,13.5936],[81.5996,13.5829],[81.5898,13.568],[81.5824,13.5578],[81.5721,13.5423],[81.5653,13.5325],[81.5549,13.5169],[81.5484,13.5061],[81.5383,13.4911],[81.5313,13.4808],[81.5213,13.4651],[81.515,13.4553],[81.5049,13.4398],[81.498,13.4294],[81.4877,13.4138],[81.4811,13.4034],[81.4709,13.3877],[81.4642,13.3778],[81.4542,13.3625],[81.4478,13.3528],[81.4373,13.3371],[81.4302,13.3267],[81.4197,13.3113],[81.4127,13.3015],[81.4024,13.2858],[81.3954,13.2759],[81.3847,13.261],[81.3773,13.2512],[81.366,13.2365],[81.358,13.2273],[81.3465,13.2128],[81.339,13.203],[81.3278,13.1882],[81.3201,13.1789],[81.3096,13.1641],[81.3022,13.1537],[81.2919,13.1387],[81.2846,13.1282],[81.2746,13.1139],[81.2679,13.1038],[81.2574,13.0885],[81.2504,13.078],[81.2407,13.0627],[81.2341,13.0523],[81.2249,13.0369],[81.2183,13.0261],[81.2091,13.0108],[81.2027,13.0],[81.1929,12.9838],[81.1866,12.9732],[81.1778,12.9574],[81.172,12.9471],[81.1627,12.9314],[81.1562,12.9209],[81.1468,12.9055],[81.1406,12.8954],[81.1309,12.88],[81.1246,12.8695],[81.1152,12.8543],[81.109,12.8437],[81.0991,12.8281],[81.0927,12.8175],[81.0834,12.8018],[81.0769,12.7913],[81.067,12.7764],[81.0608,12.7662],[81.0511,12.7512],[81.0442,12.7412],[81.0337,12.726],[81.0265,12.7155],[81.0161,12.7003],[81.009,12.6901],[80.9983,12.6751],[80.9914,12.6648],[80.9809,12.6497],[80.9741,12.6397],[80.9632,12.6242],[80.9566,12.6148],[80.9459,12.599],[80.9393,12.5892],[80.9292,12.5746],[80.9221,12.5639],[80.9121,12.5488],[80.9052,12.5384],[80.8953,12.5226],[80.8889,12.5124],[80.8791,12.4964],[80.873,12.4862],[80.8635,12.4703],[80.8574,12.46],[80.8479,12.4437],[80.842,12.4335],[80.833,12.4177],[80.8275,12.4075],[80.8175,12.3911],[80.8114,12.3802],[80.8017,12.3644],[80.7955,12.3535],[80.7859,12.3386],[80.7798,12.328],[80.7704,12.3122],[80.7647,12.3018],[80.7553,12.2856],[80.7488,12.2752],[80.7399,12.2593],[80.7336,12.2487],[80.7248,12.233],[80.7186,12.2224],[80.7094,12.2066],[80.7035,12.1958],[80.6943,12.1797],[80.6881,12.1692],[80.6791,12.153],[80.6728,12.1425],[80.6637,12.1262],[80.6576,12.1157],[80.6481,12.0999],[80.6418,12.0893],[80.6321,12.0737],[80.6257,12.0633],[80.6155,12.048],[80.609,12.0377],[80.5984,12.0227],[80.5923,12.0124],[80.5821,11.9972],[80.5753,11.988],[80.5646,11.9732],[80.5576,11.9629],[80.5468,11.9474],[80.5402,11.9375],[80.5298,11.9222],[80.5221,11.9116],[80.5125,11.8973],[80.5053,11.8867],[80.495,11.8715],[80.4881,11.8616],[80.477,11.8459],[80.4701,11.8359],[80.4598,11.821],[80.4529,11.8108],[80.442,11.7962],[80.4345,11.7858],[80.4241,11.771],[80.4172,11.7609],[80.4069,11.7457],[80.4003,11.7357],[80.3901,11.7209],[80.3834,11.71],[80.3734,11.6948],[80.3666,11.6843],[80.356,11.6682],[80.3494,11.6578],[80.3398,11.6425],[80.3328,11.6321],[80.3227,11.617],[80.3153,11.6066],[80.3057,11.5916],[80.2988,11.5813],[80.2892,11.5657],[80.2825,11.5553],[80.2727,11.5401],[80.2659,11.5303],[80.2559,11.5145],[80.2489,11.5045],[80.2388,11.4894],[80.2322,11.4794],[80.2221,11.4646],[80.2155,11.4542],[80.2042,11.4386],[80.1974,11.4283],[80.1875,11.4134],[80.1807,11.4029],[80.1702,11.3877],[80.1632,11.3773],[80.1534,11.3624],[80.1465,11.3518],[80.1357,11.336],[80.1291,11.3259],[80.1194,11.3103],[80.1131,11.3002],[80.1032,11.2853],[80.096,11.2754],[80.0859,11.26],[80.0792,11.25],[80.069,11.2348],[80.0625,11.2244],[80.0521,11.2088],[80.0455,11.1987],[80.0356,11.183],[80.029,11.1731],[80.0183,11.157],[80.0117,11.1471],[80.0008,11.1321],[79.994,11.1216],[79.9834,11.1074],[79.9761,11.0976],[79.9656,11.083],[79.9581,11.073],[79.9481,11.058],[79.9415,11.0485],[79.9306,11.0333],[79.9237,11.023],[79.9135,11.0084],[79.9066,10.9981],[79.8961,10.9831],[79.889,10.9729],[79.8792,10.958],[79.872,10.9472],[79.8615,10.9318],[79.8547,10.9219]]},"properties":{"mmsi":996712646,"name":"SYN-CAR-16","role":"candidate","vessel_type":70,"synthetic":true,"t_offset_s":[-22933,-22693,-22453,-22093,-21853,-21493,-21253,-20893,-20653,-20293,-20053,-19693,-19453,-19093,-18853,-18493,-18253,-17893,-17653,-17293,-17053,-16693,-16453,-16093,-15853,-15493,-15253,-14893,-14653,-14293,-14053,-13693,-13453,-13093,-12853,-12493,-12253,-11893,-11653,-11293,-11053,-10693,-10453,-10093,-9853,-9493,-9253,-8893,-8653,-8293,-8053,-7693,-7453,-7093,-6853,-6493,-6253,-5893,-5653,-5293,-5053,-4693,-4453,-4093,-3853,-3493,-3253,-2893,-2653,-2293,-2053,-1693,-1453,-1093,-853,-493,-253,107,347,707,947,1307,1547,1907,2147,2507,2747,3107,3347,3707,3947,4307,4547,4907,5147,5507,5747,6107,6347,6707,6947,7307,7547,7907,8147,8507,8747,9107,9347,9707,9947,10307,10547,10907,11147,11507,11747,12107,12347,12707,12947,13307,13547,13907,14147,14507,14747,15107,15347,15707,15947,16307,16547,16907,17147,17507,17747,18107,18347,18707,18947,19307,19547,19907,20147,20507,20747,21107,21347,21707,21947,22307,22547,22907,23147,23507,23747,24107,24347,24707,24947,25307,25547,25907,26147,26507,26747,27107,27347,27707,27947,28307,28547,28907,29147,29507,29747,30107,30347,30707,30947,31307,31547,31907,32147,32507,32747,33107,33347,33707,33947,34307,34547,34907,35147,35507,35747,36107,36347,36707,36947,37307,37547,37907,38147,38507,38747,39107,39347,39707,39947,40307,40547,40907,41147,41507,41747,42107,42347,42707,42947,43307,43547,43907,44147,44507,44747,45107,45347,45707,45947,46307,46547,46907,47147,47507,47747,48107,48347,48707,48947,49307,49547,49907,50147,50507,50747,51107,51347,51707,51947,52307,52547,52907,53147,53507,53747,54107,54347,54707,54947,55307,55547,55907,56147,56507,56747,57107,57347,57707,57947,58307,58547,58907,59147,59507,59747,60107,60347,60707,60947,61307,61547,61907,62147,62507,62747,63107,63347],"sog":[11.1,11.7,11.1,11.2,10.6,11.3,11.1,11.4,10.7,11.0,10.8,11.1,10.8,10.3,11.3,10.6,11.2,11.1,11.5,11.3,11.3,10.8,11.0,10.9,10.3,11.2,10.8,11.3,11.0,11.2,10.9,11.2,10.6,11.2,10.9,11.0,11.0,11.3,10.3,10.9,11.0,10.9,11.0,11.5,10.9,10.5,10.9,10.7,10.7,10.8,11.1,10.8,11.3,11.2,11.3,11.3,11.2,10.8,10.7,10.6,11.0,10.8,11.3,10.9,11.0,10.6,11.0,12.0,10.6,11.2,10.8,11.2,10.8,10.9,10.6,11.2,11.5,11.3,10.9,10.7,11.6,10.5,11.3,11.3,11.0,11.1,11.0,11.2,10.7,10.8,11.0,11.0,10.7,10.9,11.4,11.4,10.5,11.1,10.3,10.8,11.4,11.2,10.9,10.8,11.0,10.9,10.9,10.9,11.1,10.7,11.1,11.0,10.7,10.6,11.4,11.1,10.9,10.1,11.0,11.0,11.4,11.0,11.3,10.9,10.7,11.0,11.7,11.2,11.2,10.6,10.9,10.7,11.3,10.4,10.4,10.8,10.6,10.4,10.9,11.5,11.0,10.6,11.0,10.6,10.6,10.5,11.0,11.0,10.9,10.7,11.2,10.8,10.7,11.2,10.7,11.2,10.7,11.2,10.6,10.8,11.1,11.0,10.9,11.5,11.2,11.1,10.8,10.8,10.6,11.1,10.8,10.6,10.2,11.2,11.5,11.2,10.7,10.8,10.4,11.0,11.1,10.8,11.5,10.3,10.6,10.6,10.9,11.0,11.1,10.9,11.2,10.9,11.0,11.1,10.9,10.8,10.7,11.1,10.9,11.0,11.1,10.8,10.6,10.7,10.4,11.4,10.9,11.4,10.7,10.9,11.3,10.3,11.0,10.7,10.8,10.8,10.8,11.3,11.0,10.8,11.6,10.8,11.1,11.0,10.8,10.5,11.0,10.4,11.4,11.2,11.5,10.7,10.9,11.1,11.3,10.6,11.2,10.9,10.7,10.8,10.7,11.1,10.6,10.9,10.9,10.6,11.0,10.7,10.7,10.6,10.8,11.1,11.1,11.5,11.1,11.8,10.9,11.1,10.9,10.3,10.6,11.3,10.6,11.1,10.8,11.4,10.8,11.1,10.5,11.1,11.0,10.7,11.1,11.1,10.9,10.9,11.1,10.3,10.6,10.4,11.2,10.5,10.9,11.0,10.7,10.7,11.4,10.9,10.7]}},{"type":"Feature","geometry":{"type":"LineString","coordinates":[[81.4182,12.0751],[81.4289,12.0848],[81.4449,12.1001],[81.4555,12.11],[81.4713,12.1259],[81.4818,12.1355],[81.4974,12.1506],[81.5084,12.1607],[81.524,12.1748],[81.5345,12.1846],[81.551,12.1991],[81.5619,12.2089],[81.5777,12.2237],[81.5886,12.2336],[81.6041,12.2486],[81.6153,12.2583],[81.6313,12.2735],[81.6422,12.2838],[81.6585,12.2987],[81.6697,12.3088],[81.6866,12.3235],[81.6978,12.333],[81.7141,12.3478],[81.7255,12.3575],[81.7417,12.372],[81.7521,12.381],[81.7687,12.3961],[81.7792,12.406],[81.7954,12.4205],[81.8061,12.4299],[81.8225,12.4445],[81.8337,12.4543],[81.8502,12.4682],[81.8612,12.4779],[81.8781,12.493],[81.8893,12.5028],[81.9056,12.518],[81.9164,12.5276],[81.9329,12.5426],[81.9431,12.5526],[81.9597,12.5672],[81.9702,12.5767],[81.9869,12.5908],[81.9978,12.6003],[82.0148,12.6137],[82.026,12.623],[82.0428,12.6361],[82.0539,12.6452],[82.0709,12.6588],[82.0822,12.6678],[82.0995,12.6811],[82.1113,12.6901],[82.1283,12.7034],[82.1401,12.7118],[82.1584,12.7252],[82.1701,12.734],[82.1877,12.747],[82.1995,12.7559],[82.217,12.7688],[82.2291,12.7779],[82.2468,12.7911],[82.2585,12.7997],[82.2763,12.8129],[82.2878,12.8215],[82.3052,12.835],[82.317,12.8443],[82.3341,12.8577],[82.3456,12.8663],[82.3628,12.8797],[82.374,12.8882],[82.392,12.9015],[82.4039,12.91],[82.421,12.923],[82.4329,12.9317],[82.4511,12.9449],[82.4624,12.9537],[82.4801,12.966],[82.4922,12.9742],[82.5103,12.9865],[82.5222,12.9952],[82.5401,13.0079],[82.5517,13.016],[82.5697,13.0282],[82.5816,13.036],[82.5995,13.0488],[82.6114,13.0575],[82.629,13.0704],[82.6407,13.0791],[82.6582,13.0924],[82.6701,13.1008],[82.6889,13.1139],[82.7002,13.1222],[82.7179,13.1349],[82.7305,13.1439],[82.748,13.157],[82.7601,13.1652],[82.7773,13.1776],[82.7894,13.1864],[82.8075,13.2002],[82.8189,13.2087],[82.8368,13.2221],[82.8486,13.2308],[82.8668,13.2437],[82.8786,13.2522],[82.8967,13.2649],[82.9085,13.2734],[82.9258,13.286],[82.9379,13.2948],[82.9553,13.3069],[82.9676,13.3153],[82.9856,13.3274],[82.9983,13.336],[83.0164,13.3477],[83.0289,13.3561],[83.0475,13.3683],[83.0597,13.376],[83.0775,13.3878],[83.0899,13.3952],[83.1085,13.4065],[83.1209,13.4146],[83.1391,13.4253],[83.1514,13.4327],[83.1707,13.443],[83.1834,13.4501],[83.2032,13.461],[83.2156,13.4679],[83.2352,13.4787],[83.2485,13.4856],[83.2681,13.497],[83.2813,13.5044],[83.3,13.5152],[83.3127,13.5226],[83.3319,13.5334],[83.3447,13.5405],[83.364,13.5513],[83.3772,13.5585],[83.3962,13.5689],[83.409,13.576],[83.428,13.5862],[83.441,13.5932],[83.4599,13.6034],[83.4724,13.6107],[83.4918,13.621],[83.5055,13.6285],[83.5251,13.639],[83.538,13.6459],[83.5577,13.6562],[83.5706,13.6629],[83.59,13.6735],[83.6033,13.6805],[83.6237,13.6912],[83.6363,13.6978],[83.6558,13.7072],[83.669,13.7134],[83.6889,13.7227],[83.7021,13.7288],[83.7224,13.7391],[83.7359,13.7457],[83.756,13.7558],[83.7687,13.7627],[83.7881,13.7726],[83.8008,13.7791],[83.8206,13.7897],[83.8332,13.7963],[83.853,13.8067],[83.8657,13.8134],[83.8848,13.8236],[83.8979,13.8301],[83.9166,13.8408],[83.9299,13.8475],[83.9498,13.8575],[83.9626,13.8637],[83.9824,13.8732],[83.9955,13.8797],[84.0148,13.8892],[84.0289,13.8956],[84.049,13.9047],[84.0626,13.9104],[84.0831,13.9189],[84.0964,13.9246],[84.1161,13.9329],[84.1303,13.9386],[84.1506,13.9474],[84.1639,13.9533],[84.1845,13.9622],[84.1979,13.9676],[84.2184,13.9766],[84.2318,13.9819],[84.2529,13.9908],[84.2665,13.9959],[84.2861,14.0044],[84.2999,14.0098],[84.3204,14.0182],[84.3338,14.0239],[84.3538,14.0327],[84.367,14.0385],[84.3874,14.0478],[84.4005,14.0542],[84.4207,14.0637],[84.4337,14.0697],[84.4535,14.0792],[84.4668,14.0856],[84.4867,14.0948],[84.5005,14.1013],[84.5206,14.1106],[84.5335,14.116],[84.5537,14.1255],[84.5673,14.1317],[84.5876,14.1412],[84.6005,14.1469],[84.6207,14.1555],[84.635,14.1611],[84.6553,14.1692],[84.6688,14.1744],[84.6896,14.1825],[84.7038,14.1881],[84.7239,14.196],[84.7375,14.2018],[84.7578,14.2106],[84.7711,14.2163],[84.7917,14.225],[84.8053,14.2301],[84.8259,14.2392],[84.8394,14.245],[84.8595,14.2539],[84.8731,14.2593],[84.8936,14.2679],[84.9071,14.2735],[84.9274,14.2819],[84.9406,14.2873],[84.9605,14.2948],[84.9747,14.2997],[84.9958,14.3071],[85.0093,14.3115],[85.0304,14.3192],[85.0444,14.3241],[85.0654,14.3315],[85.0796,14.3362],[85.0997,14.3441],[85.1133,14.3488],[85.1343,14.356],[85.1476,14.3609],[85.1675,14.3672],[85.1816,14.3722],[85.2018,14.3791],[85.2156,14.3839],[85.237,14.391],[85.2511,14.3957],[85.2723,14.4025],[85.2866,14.4073],[85.3083,14.4137],[85.3223,14.4181],[85.3435,14.4242],[85.3577,14.4282],[85.3793,14.434],[85.3933,14.4382],[85.4144,14.4441],[85.4286,14.4483],[85.4498,14.4546],[85.4644,14.4587],[85.4856,14.4654],[85.4999,14.4697],[85.5205,14.476],[85.535,14.4801],[85.5554,14.4857],[85.5699,14.49],[85.5907,14.4961],[85.6054,14.4996],[85.6265,14.5049],[85.6408,14.5087],[85.6623,14.5138],[85.677,14.5173],[85.6987,14.5225],[85.713,14.5258],[85.7347,14.5309],[85.749,14.5346],[85.7704,14.5398],[85.7845,14.5428],[85.8061,14.5479],[85.8199,14.5515],[85.8414,14.5566],[85.856,14.5603],[85.8777,14.5657],[85.8913,14.5693],[85.9124,14.5751],[85.9262,14.5782],[85.9475,14.5843],[85.9615,14.588],[85.9829,14.5934],[85.9974,14.5977],[86.0187,14.6033],[86.0334,14.6067],[86.0547,14.6124],[86.0682,14.6158],[86.0901,14.6215],[86.104,14.6253],[86.1258,14.6309],[86.1394,14.6345],[86.161,14.6404],[86.1756,14.6446],[86.1967,14.6506],[86.2108,14.6546],[86.2316,14.6605],[86.2453,14.6649],[86.2664,14.671],[86.2806,14.6752],[86.3015,14.6816],[86.3152,14.6853],[86.337,14.6915],[86.3512,14.6956],[86.3721,14.7011]]},"properties":{"mmsi":996812064,"name":"SYN-TAN-14","role":"background","vessel_type":80,"synthetic":true,"t_offset_s":[-6837,-6597,-6237,-5997,-5637,-5397,-5037,-4797,-4437,-4197,-3837,-3597,-3237,-2997,-2637,-2397,-2037,-1797,-1437,-1197,-837,-597,-237,3,363,603,963,1203,1563,1803,2163,2403,2763,3003,3363,3603,3963,4203,4563,4803,5163,5403,5763,6003,6363,6603,6963,7203,7563,7803,8163,8403,8763,9003,9363,9603,9963,10203,10563,10803,11163,11403,11763,12003,12363,12603,12963,13203,13563,13803,14163,14403,14763,15003,15363,15603,15963,16203,16563,16803,17163,17403,17763,18003,18363,18603,18963,19203,19563,19803,20163,20403,20763,21003,21363,21603,21963,22203,22563,22803,23163,23403,23763,24003,24363,24603,24963,25203,25563,25803,26163,26403,26763,27003,27363,27603,27963,28203,28563,28803,29163,29403,29763,30003,30363,30603,30963,31203,31563,31803,32163,32403,32763,33003,33363,33603,33963,34203,34563,34803,35163,35403,35763,36003,36363,36603,36963,37203,37563,37803,38163,38403,38763,39003,39363,39603,39963,40203,40563,40803,41163,41403,41763,42003,42363,42603,42963,43203,43563,43803,44163,44403,44763,45003,45363,45603,45963,46203,46563,46803,47163,47403,47763,48003,48363,48603,48963,49203,49563,49803,50163,50403,50763,51003,51363,51603,51963,52203,52563,52803,53163,53403,53763,54003,54363,54603,54963,55203,55563,55803,56163,56403,56763,57003,57363,57603,57963,58203,58563,58803,59163,59403,59763,60003,60363,60603,60963,61203,61563,61803,62163,62403,62763,63003,63363,63603,63963,64203,64563,64803,65163,65403,65763,66003,66363,66603,66963,67203,67563,67803,68163,68403,68763,69003,69363,69603,69963,70203,70563,70803,71163,71403,71763,72003,72363,72603,72963,73203,73563,73803,74163,74403,74763,75003,75363,75603,75963,76203,76563,76803,77163,77403,77763,78003,78363,78603,78963,79203,79563,79803,80163,80403,80763,81003,81363,81603,81963,82203,82563,82803,83163,83403,83763,84003,84363,84603,84963,85203,85563,85803,86163],"sog":[12.9,12.7,12.8,13.2,13.3,12.4,12.5,13.2,12.7,12.6,12.9,13.0,12.3,12.7,12.7,13.1,13.1,13.0,13.7,13.6,13.2,13.1,13.1,13.0,13.0,12.3,13.0,12.7,12.9,12.5,12.9,13.2,12.1,13.1,13.8,13.0,13.3,12.6,12.9,12.5,12.8,12.8,12.7,13.1,12.8,12.5,12.2,12.8,13.5,12.8,13.2,13.5,13.1,12.6,13.1,13.2,12.8,13.3,13.1,13.2,13.3,12.8,13.0,12.6,12.9,13.3,12.7,12.4,12.9,12.9,12.9,12.8,12.6,13.0,12.7,12.8,12.3,13.0,12.5,12.4,12.8,12.9,12.7,12.0,13.1,13.3,12.8,12.4,13.2,12.7,12.7,12.5,13.1,13.3,13.5,12.5,12.7,13.3,13.5,13.1,13.3,13.0,13.2,12.8,13.4,12.9,12.9,12.9,12.8,13.0,13.2,13.6,12.9,13.1,13.1,13.2,12.7,13.0,12.6,12.8,12.8,13.2,12.6,13.1,13.8,12.8,13.2,13.8,13.4,12.8,12.6,12.5,12.5,13.1,12.8,13.1,12.9,12.6,12.9,12.9,12.7,12.6,12.5,13.4,13.5,12.9,13.5,12.5,13.2,13.3,13.5,13.0,13.0,12.7,12.6,13.2,12.8,13.2,12.8,13.2,12.7,12.6,13.3,12.6,13.2,12.9,13.1,13.3,12.7,13.3,13.2,12.7,12.7,13.0,12.7,13.4,13.1,13.2,13.2,12.7,12.5,13.0,12.8,13.3,13.2,13.1,12.9,12.7,13.4,13.3,12.8,12.7,12.9,12.7,12.9,12.9,13.0,13.3,13.0,12.9,12.0,12.8,12.9,13.5,13.0,12.7,13.3,12.6,13.3,12.9,12.7,13.2,13.0,12.6,13.0,13.2,13.3,13.0,13.0,12.5,12.9,12.6,13.3,12.9,12.3,12.9,12.9,13.0,12.5,12.9,12.6,13.5,13.3,12.8,13.2,13.1,13.2,12.9,12.7,12.4,13.1,12.4,11.9,12.8,12.6,13.2,13.3,12.8,13.0,13.2,13.3,13.3,13.0,13.5,12.9,13.3,12.8,13.4,12.8,13.4,12.7,13.1,12.8,12.9,12.2,13.4,12.9,13.0,13.0,12.9,12.9,13.2,13.3,13.1,12.8,12.9,12.8,12.8,12.9,13.1,12.6,13.3,13.0,12.3,12.4,12.7,13.3,13.0,12.6,13.4,12.8,13.3,12.9,12.6,13.1,12.9,13.1,12.6,13.5,13.1,13.1,12.7,12.6,12.7,12.9,12.9,12.5,12.7,13.4,13.2,12.7]}},{"type":"Feature","geometry":{"type":"LineString","coordinates":[[84.1032,18.3487],[84.0829,18.2788],[84.0772,18.2593],[84.0727,18.2464],[84.0673,18.2281],[84.063,18.2157],[84.0566,18.1961],[84.0527,18.1835],[84.0462,18.1644],[84.0426,18.1518],[84.0362,18.1325],[84.0319,18.1198],[84.0257,18.1005],[84.0212,18.0884],[84.0151,18.0692],[84.0105,18.0563],[84.0044,18.0375],[84.0003,18.0247],[83.9947,18.0056],[83.9905,17.9924],[83.9851,17.973],[83.9817,17.9601],[83.9761,17.9412],[83.9725,17.9283],[83.9665,17.9091],[83.9629,17.8957],[83.9572,17.8766],[83.9532,17.8635],[83.9478,17.8441],[83.9437,17.8312],[83.938,17.8122],[83.9344,17.7991],[83.9278,17.7801],[83.9239,17.7675],[83.9175,17.7478],[83.9135,17.7352],[83.9076,17.7163],[83.9032,17.7032],[83.8972,17.6837],[83.893,17.6712],[83.8872,17.6527],[83.8837,17.6399],[83.8781,17.6209],[83.8743,17.6075],[83.8687,17.5876],[83.8654,17.5753],[83.8598,17.5559],[83.8564,17.5429],[83.8509,17.5241],[83.8471,17.5111],[83.8409,17.4917],[83.8372,17.4783],[83.8313,17.4596],[83.8274,17.4467],[83.8212,17.4272],[83.8175,17.4143],[83.8104,17.3948],[83.8067,17.3828],[83.8006,17.3636],[83.7967,17.3508],[83.7912,17.3318],[83.7876,17.3189],[83.7824,17.2995],[83.7787,17.2868],[83.7737,17.267],[83.7704,17.2541],[83.765,17.2344],[83.7614,17.2216],[83.7564,17.2025],[83.7532,17.1897],[83.7478,17.1701],[83.7445,17.1568],[83.7394,17.1377],[83.7361,17.1247],[83.7308,17.1054],[83.7278,17.0924],[83.7227,17.073],[83.7191,17.0604],[83.714,17.0412],[83.7105,17.0286],[83.7048,17.0088],[83.7014,16.9963],[83.696,16.9768],[83.6919,16.9641],[83.6857,16.9447],[83.6819,16.932],[83.6755,16.9132],[83.6715,16.9],[83.6657,16.8808],[83.6613,16.8688],[83.6553,16.8488],[83.6513,16.8361],[83.645,16.8168],[83.6408,16.8043],[83.6346,16.785],[83.6304,16.7715],[83.6239,16.7524],[83.6197,16.7396],[83.6134,16.7208],[83.6094,16.7079],[83.6027,16.6884],[83.5986,16.6756],[83.5911,16.6566],[83.5867,16.644],[83.5804,16.6255],[83.5759,16.613],[83.5695,16.5942],[83.5644,16.5815],[83.5573,16.5625],[83.5525,16.5496],[83.545,16.531],[83.5398,16.5183],[83.5319,16.4996],[83.5272,16.4873],[83.5193,16.4689],[83.5142,16.4565],[83.507,16.4375],[83.5026,16.4255],[83.4951,16.4071],[83.4904,16.3944],[83.4828,16.3759],[83.4781,16.3636],[83.4707,16.3449],[83.4665,16.3326],[83.4594,16.3135],[83.4556,16.3009],[83.4492,16.2815],[83.4448,16.2688],[83.4386,16.2493],[83.4346,16.2366],[83.4286,16.218],[83.4245,16.2051],[83.4185,16.1864],[83.4144,16.1735],[83.4084,16.1546],[83.4046,16.1419],[83.3988,16.1226],[83.3951,16.1099],[83.389,16.09],[83.385,16.0771],[83.3785,16.0577],[83.3747,16.045],[83.3684,16.0258],[83.3646,16.0124],[83.3587,15.9928],[83.3549,15.9792],[83.3496,15.9603],[83.3461,15.9469],[83.3403,15.9276],[83.337,15.9149],[83.3318,15.8953],[83.3284,15.8825],[83.3233,15.8631],[83.3197,15.8505],[83.3146,15.8309],[83.311,15.8177],[83.3051,15.7989],[83.3009,15.7858],[83.2949,15.7664],[83.2909,15.7544],[83.2851,15.7352],[83.2811,15.7225],[83.2745,15.7038],[83.2702,15.6907],[83.264,15.6718],[83.2598,15.6588],[83.2536,15.6396],[83.25,15.6269],[83.2441,15.6077],[83.2403,15.5945],[83.235,15.5752],[83.2311,15.5625],[83.2254,15.5431],[83.2215,15.5298],[83.2155,15.5105],[83.2116,15.498],[83.2055,15.478],[83.2019,15.4652],[83.1963,15.4455],[83.1925,15.4324],[83.1873,15.4125],[83.1841,15.3995],[83.1793,15.3798],[83.1762,15.3661],[83.1713,15.3462],[83.1683,15.333],[83.1632,15.3141],[83.1598,15.3012],[83.1549,15.2824],[83.1512,15.2695],[83.1457,15.2496],[83.1421,15.2368],[83.1362,15.2172],[83.1326,15.2039],[83.1274,15.1844],[83.1238,15.1722],[83.1177,15.1528],[83.1136,15.14],[83.1079,15.1204],[83.1036,15.1078],[83.0971,15.0885],[83.093,15.0756],[83.0872,15.0564],[83.0832,15.0437],[83.0771,15.0249],[83.0723,15.0125],[83.0652,14.9933],[83.0607,14.9806],[83.0535,14.9615],[83.0491,14.9491],[83.042,14.9301],[83.0378,14.9176],[83.0316,14.8991],[83.0274,14.8863],[83.0214,14.8678],[83.0172,14.8546],[83.0105,14.8357],[83.0062,14.8225],[83.0003,14.8037],[82.9962,14.7906],[82.99,14.7722],[82.9859,14.759],[82.98,14.7405],[82.9757,14.7276],[82.9701,14.7079],[82.9661,14.6952],[82.9612,14.6761],[82.9574,14.6637],[82.9518,14.6442],[82.9485,14.6316],[82.943,14.6122],[82.9389,14.5986],[82.9331,14.5791],[82.9294,14.5668],[82.9237,14.5476],[82.9203,14.5343],[82.915,14.5147],[82.9119,14.5016],[82.9069,14.4823],[82.9032,14.469],[82.8978,14.4493],[82.8947,14.4372],[82.8899,14.4181],[82.8867,14.4054],[82.8818,14.3859],[82.8789,14.3728],[82.8745,14.3527],[82.8715,14.3396],[82.8673,14.3202],[82.8641,14.3075],[82.8593,14.2871],[82.8561,14.2744],[82.8513,14.2548],[82.8481,14.242],[82.8437,14.2229],[82.8405,14.2096],[82.8356,14.1902],[82.8321,14.1771],[82.8273,14.158],[82.8238,14.1451],[82.8188,14.1257],[82.8158,14.1122],[82.8111,14.0934],[82.8079,14.0799],[82.8032,14.0613],[82.8003,14.0484],[82.7958,14.0292],[82.7925,14.0162],[82.7876,13.9959],[82.7844,13.9827],[82.7792,13.9631],[82.7763,13.9495],[82.7716,13.9303],[82.7682,13.9172],[82.7635,13.8975],[82.7602,13.8842],[82.7555,13.8646],[82.7522,13.8517],[82.7467,13.8321],[82.7431,13.8191],[82.7374,13.8002],[82.7335,13.7876],[82.7275,13.7683],[82.7234,13.7558],[82.7175,13.7362],[82.7135,13.7233],[82.7078,13.7041],[82.7039,13.6911],[82.698,13.6719],[82.6945,13.6594],[82.6886,13.6397],[82.6847,13.6269],[82.6794,13.6072],[82.6757,13.5943],[82.6706,13.5747],[82.668,13.5613],[82.6636,13.5421],[82.6607,13.5291],[82.6566,13.5091],[82.654,13.4966],[82.6499,13.4765],[82.647,13.4637],[82.6433,13.444],[82.6403,13.4309],[82.6366,13.4112],[82.6341,13.3979],[82.6307,13.378],[82.6288,13.3655],[82.6257,13.3455],[82.6236,13.332],[82.6205,13.312],[82.6183,13.2985],[82.6151,13.2786],[82.6128,13.2654],[82.6097,13.2451],[82.6072,13.2314],[82.6048,13.2119],[82.6024,13.1986],[82.5996,13.1787],[82.5977,13.1649],[82.5948,13.1454],[82.593,13.1326],[82.59,13.112],[82.5882,13.0995],[82.585,13.0795],[82.5832,13.0661],[82.5803,13.0462],[82.5784,13.033],[82.5752,13.0125],[82.5733,12.9987],[82.5702,12.979],[82.5679,12.9655],[82.5652,12.9456],[82.5637,12.9315],[82.5611,12.912],[82.5592,12.8987],[82.5567,12.8788],[82.5547,12.8657],[82.5515,12.8456],[82.5498,12.8318],[82.5472,12.8117],[82.545,12.7983],[82.5431,12.7777],[82.5413,12.7643],[82.5389,12.7441],[82.5374,12.731],[82.5352,12.7107],[82.5343,12.6975],[82.5327,12.6776],[82.5312,12.664],[82.5293,12.6445],[82.5283,12.6311],[82.5262,12.6107],[82.5248,12.5982],[82.5223,12.5786],[82.5205,12.5649],[82.5181,12.5457],[82.5163,12.5322],[82.5142,12.5119],[82.513,12.4987],[82.5107,12.4791],[82.5091,12.4662],[82.5069,12.446],[82.5053,12.4328],[82.5023,12.4126],[82.5003,12.3987],[82.4978,12.3783],[82.4962,12.3654],[82.4935,12.3453],[82.4918,12.3316],[82.4898,12.3118],[82.4882,12.2986],[82.4866,12.2781],[82.4849,12.2649],[82.4826,12.245],[82.4814,12.2317],[82.4787,12.2114],[82.4774,12.1979],[82.4755,12.1781],[82.4736,12.1649],[82.4713,12.1442],[82.4701,12.1313],[82.4678,12.1114],[82.4662,12.0981],[82.4635,12.0779],[82.4622,12.0644],[82.4601,12.0444],[82.4586,12.0307],[82.457,12.0111],[82.4562,11.9975],[82.4542,11.9776],[82.4532,11.9639],[82.4516,11.9437],[82.4507,11.9305],[82.4495,11.9098],[82.449,11.897],[82.4485,11.8771],[82.4482,11.8636],[82.4476,11.8439],[82.4471,11.8305],[82.4465,11.8097],[82.4458,11.7959],[82.4448,11.7764],[82.4445,11.7628],[82.4438,11.7422],[82.4433,11.7296],[82.4422,11.7091],[82.442,11.6955],[82.4416,11.6754],[82.4412,11.6619],[82.4405,11.6417],[82.4402,11.6282],[82.4392,11.6079],[82.4387,11.5949],[82.4374,11.5746],[82.4366,11.5613],[82.4352,11.5415],[82.4343,11.5286],[82.433,11.5081],[82.4324,11.4949],[82.4311,11.4754],[82.4303,11.4612],[82.4286,11.4413],[82.4279,11.4283],[82.4269,11.4074],[82.4263,11.3947],[82.4252,11.3745],[82.4247,11.3613],[82.4237,11.3411],[82.4234,11.3281],[82.4223,11.3079],[82.4216,11.2946],[82.4203,11.2747],[82.4199,11.2616],[82.4185,11.2411],[82.4177,11.2281],[82.4166,11.2081],[82.4158,11.1937],[82.4149,11.1746],[82.4144,11.1615],[82.4134,11.1414],[82.4126,11.1281],[82.412,11.1081],[82.4118,11.0943],[82.4116,11.0739],[82.4116,11.0608],[82.4112,11.0405],[82.4113,11.0274],[82.4108,11.0072],[82.4105,10.994],[82.4102,10.9737],[82.4096,10.9604],[82.4086,10.9398],[82.4082,10.9263],[82.4075,10.9063],[82.4071,10.8929],[82.4061,10.8731],[82.4055,10.8599],[82.4045,10.8399],[82.4033,10.8264],[82.4016,10.8069],[82.4003,10.7935],[82.3984,10.7737],[82.3969,10.7603],[82.395,10.7403],[82.3938,10.7268],[82.392,10.7066],[82.3906,10.6937],[82.3882,10.6736],[82.3869,10.6606],[82.3844,10.6404],[82.3831,10.6274],[82.3805,10.607],[82.3792,10.5936],[82.3768,10.5734],[82.375,10.5593],[82.3723,10.5398],[82.3706,10.5263],[82.3679,10.5064],[82.3664,10.4932],[82.3639,10.4731],[82.3621,10.4602],[82.3592,10.44],[82.3572,10.4269],[82.354,10.407],[82.3517,10.3935],[82.3489,10.3738],[82.3468,10.3606],[82.3431,10.3406],[82.3409,10.3279],[82.3372,10.3086],[82.335,10.2955],[82.331,10.2754],[82.3284,10.2622],[82.3253,10.2421],[82.3233,10.2295],[82.32,10.2096],[82.3172,10.1966],[82.3136,10.1766],[82.3109,10.1638],[82.3068,10.1439],[82.3041,10.1313],[82.2993,10.1118],[82.2956,10.0993],[82.2909,10.08],[82.2878,10.0674],[82.2826,10.048],[82.2793,10.0348]]},"properties":{"mmsi":997077022,"name":"SYN-TAN-DCY2","role":"candidate","vessel_type":80,"synthetic":true,"t_offset_s":[-66720,-65400,-65040,-64800,-64440,-64200,-63840,-63600,-63240,-63000,-62640,-62400,-62040,-61800,-61440,-61200,-60840,-60600,-60240,-60000,-59640,-59400,-59040,-58800,-58440,-58200,-57840,-57600,-57240,-57000,-56640,-56400,-56040,-55800,-55440,-55200,-54840,-54600,-54240,-54000,-53640,-53400,-53040,-52800,-52440,-52200,-51840,-51600,-51240,-51000,-50640,-50400,-50040,-49800,-49440,-49200,-48840,-48600,-48240,-48000,-47640,-47400,-47040,-46800,-46440,-46200,-45840,-45600,-45240,-45000,-44640,-44400,-44040,-43800,-43440,-43200,-42840,-42600,-42240,-42000,-41640,-41400,-41040,-40800,-40440,-40200,-39840,-39600,-39240,-39000,-38640,-38400,-38040,-37800,-37440,-37200,-36840,-36600,-36240,-36000,-35640,-35400,-35040,-34800,-34440,-34200,-33840,-33600,-33240,-33000,-32640,-32400,-32040,-31800,-31440,-31200,-30840,-30600,-30240,-30000,-29640,-29400,-29040,-28800,-28440,-28200,-27840,-27600,-27240,-27000,-26640,-26400,-26040,-25800,-25440,-25200,-24840,-24600,-24240,-24000,-23640,-23400,-23040,-22800,-22440,-22200,-21840,-21600,-21240,-21000,-20640,-20400,-20040,-19800,-19440,-19200,-18840,-18600,-18240,-18000,-17640,-17400,-17040,-16800,-16440,-16200,-15840,-15600,-15240,-15000,-14640,-14400,-14040,-13800,-13440,-13200,-12840,-12600,-12240,-12000,-11640,-11400,-11040,-10800,-10440,-10200,-9840,-9600,-9240,-9000,-8640,-8400,-8040,-7800,-7440,-7200,-6840,-6600,-6240,-6000,-5640,-5400,-5040,-4800,-4440,-4200,-3840,-3600,-3240,-3000,-2640,-2400,-2040,-1800,-1440,-1200,-840,-600,-240,0,360,600,960,1200,1560,1800,2160,2400,2760,3000,3360,3600,3960,4200,4560,4800,5160,5400,5760,6000,6360,6600,6960,7200,7560,7800,8160,8400,8760,9000,9360,9600,9960,10200,10560,10800,11160,11400,11760,12000,12360,12600,12960,13200,13560,13800,14160,14400,14760,15000,15360,15600,15960,16200,16560,16800,17160,17400,17760,18000,18360,18600,18960,19200,19560,19800,20160,20400,20760,21000,21360,21600,21960,22200,22560,22800,23160,23400,23760,24000,24360,24600,24960,25200,25560,25800,26160,26400,26760,27000,27360,27600,27960,28200,28560,28800,29160,29400,29760,30000,30360,30600,30960,31200,31560,31800,32160,32400,32760,33000,33360,33600,33960,34200,34560,34800,35160,35400,35760,36000,36360,36600,36960,37200,37560,37800,38160,38400,38760,39000,39360,39600,39960,40200,40560,40800,41160,41400,41760,42000,42360,42600,42960,43200,43560,43800,44160,44400,44760,45000,45360,45600,45960,46200,46560,46800,47160,47400,47760,48000,48360,48600,48960,49200,49560,49800,50160,50400,50760,51000,51360,51600,51960,52200,52560,52800,53160,53400,53760,54000,54360,54600,54960,55200,55560,55800,56160,56400,56760,57000,57360,57600,57960,58200,58560,58800,59160,59400,59760,60000,60360,60600,60960,61200,61560,61800,62160,62400,62760,63000,63360,63600,63960,64200,64560,64800,65160,65400,65760,66000,66360,66600,66960,67200,67560,67800,68160,68400,68760,69000,69360,69600,69960,70200,70560,70800,71160,71400,71760,72000,72360,72600,72960,73200,73560,73800,74160,74400,74760,75000,75360,75600,75960,76200,76560,76800,77160,77400,77760,78000,78360,78600,78960,79200,79560,79800,80160,80400,80760,81000,81360,81600,81960,82200,82560,82800,83160,83400,83760,84000,84360,84600,84960,85200,85560,85800,86160,86400],"sog":[12.2,12.0,12.3,12.4,12.1,11.7,11.6,12.0,12.0,12.1,12.6,11.8,12.3,11.9,11.9,11.8,12.4,12.1,11.9,12.1,12.1,12.1,12.1,12.1,11.6,12.1,11.9,12.0,11.6,12.4,12.0,12.1,11.7,11.7,12.8,11.9,11.7,11.9,12.4,11.9,11.4,11.6,12.0,12.3,12.2,11.8,12.2,12.4,11.4,12.3,12.1,12.6,11.5,12.3,11.8,12.3,12.3,11.8,11.9,11.8,12.3,11.8,11.8,12.0,12.4,12.0,11.8,11.8,11.9,11.7,12.3,11.8,12.1,11.6,12.2,12.0,11.7,11.8,12.0,11.8,12.3,11.9,12.1,12.3,12.1,11.9,11.8,12.2,12.2,11.6,12.5,12.6,11.9,11.7,11.8,12.5,12.2,12.2,12.2,12.2,12.0,12.1,12.1,12.3,11.7,11.3,12.2,12.2,12.3,12.3,12.1,11.6,12.5,12.0,12.0,11.8,11.9,11.6,11.6,11.6,12.0,11.6,12.1,12.0,11.5,11.6,12.5,12.2,12.2,11.7,11.6,11.9,11.6,11.8,12.2,11.7,12.0,11.8,12.6,12.0,11.9,11.9,12.1,12.5,12.2,12.1,12.4,12.2,11.9,11.9,11.7,12.0,11.7,12.0,11.9,11.6,11.6,12.1,11.8,11.7,11.8,12.1,12.2,11.9,11.7,11.9,12.4,11.6,11.8,12.2,11.7,12.4,12.0,12.1,12.3,11.7,12.2,11.9,12.1,12.0,12.6,12.1,12.2,12.7,12.3,11.7,11.7,11.8,11.5,12.0,12.2,12.1,12.0,12.8,12.4,12.2,12.0,11.7,11.9,12.4,11.9,11.8,12.4,11.7,11.9,11.9,12.4,11.8,11.9,11.7,11.9,12.0,11.8,12.0,12.0,11.9,12.1,12.1,11.9,12.4,11.6,11.7,11.4,12.2,11.9,12.3,11.5,11.7,12.0,11.7,12.6,12.2,12.2,12.0,11.8,11.8,12.3,11.7,12.1,12.3,11.7,11.5,11.8,11.9,12.2,11.7,12.1,12.1,12.0,11.7,12.3,11.8,12.1,12.3,11.9,12.2,11.6,12.5,12.1,12.1,11.6,12.3,11.9,11.9,11.9,11.7,11.2,11.9,11.9,11.9,12.2,12.3,12.0,12.0,12.2,12.1,12.1,12.1,11.7,12.2,12.3,12.0,11.8,11.9,12.2,12.1,12.1,12.2,12.0,11.8,12.2,12.1,12.1,12.2,11.8,11.8,11.8,11.7,12.2,11.4,12.1,12.1,12.3,11.8,12.0,12.1,11.9,11.5,12.3,12.0,12.2,12.1,12.0,12.6,12.5,12.4,11.9,12.1,11.9,12.1,11.7,11.6,12.0,11.5,12.0,12.2,12.2,11.5,12.1,12.5,12.4,12.2,12.1,12.3,12.0,11.9,11.9,12.0,12.2,12.1,12.0,11.8,12.5,11.8,12.0,11.8,12.1,12.0,11.6,12.0,12.0,11.8,11.7,11.5,12.1,12.0,11.8,12.3,12.6,11.9,11.6,11.7,12.1,12.3,12.4,12.3,12.3,11.9,12.2,12.3,12.2,12.0,12.0,11.9,11.9,11.6,12.3,12.6,11.7,11.8,11.9,11.8,11.8,11.7,12.1,12.1,12.3,12.0,11.8,12.3,12.4,12.4,12.0,11.8,12.4,11.5,11.6,12.1,11.3,11.7,12.3,12.1,11.4,12.2,12.4,12.0,12.2,12.4,12.3,11.9,12.4,12.0,12.3,11.4,12.0,12.1,12.0,11.9,12.2,12.2,11.8,12.0,11.9,12.0,11.9,11.9,12.3,12.0,12.0,11.3,11.8,12.0,12.4,12.1,12.4,11.8,12.2,12.9,12.0,11.9,12.1,11.9,12.0,12.2,11.8,11.6,12.2,12.0,12.0,11.9,11.9,11.5,12.0,11.8,12.2,11.6,12.0,11.8,12.2,12.0,11.9,11.6,12.3,11.9,12.4,11.9,12.6,11.4,12.4,11.8,11.9,12.0,12.3,12.2,12.0,12.4,11.9,11.9,12.2,11.7,11.4,11.8,12.0,12.4,11.9,12.2,11.8,11.9,12.2,11.7,11.8,11.8,11.8,12.3,12.1,11.7,11.9,12.2,12.8,11.7,12.0,11.1,11.7,11.5,11.6,11.5,11.9,11.9]}},{"type":"Feature","geometry":{"type":"LineString","coordinates":[[82.6438,15.3506],[82.6506,15.3615],[82.6597,15.3766],[82.6661,15.3875],[82.6758,15.4031],[82.682,15.4138],[82.6917,15.4298],[82.6981,15.4406],[82.707,15.4567],[82.7129,15.4671],[82.722,15.4838],[82.728,15.494],[82.737,15.5106],[82.7427,15.5213],[82.7518,15.5375],[82.7577,15.5484],[82.7666,15.5647],[82.7725,15.5754],[82.7812,15.5921],[82.7873,15.6031],[82.796,15.6194],[82.8019,15.6301],[82.8106,15.6458],[82.8162,15.6562],[82.8252,15.6718],[82.8312,15.6828],[82.8399,15.6985],[82.8461,15.7089],[82.8553,15.724],[82.8616,15.7346],[82.8713,15.7502],[82.878,15.7612],[82.8871,15.7761],[82.8932,15.7861],[82.9028,15.8018],[82.9093,15.8125],[82.919,15.828],[82.9252,15.8385],[82.9344,15.854],[82.9401,15.8647],[82.9494,15.8808],[82.9554,15.8915],[82.9639,15.9071],[82.9697,15.9175],[82.9786,15.9336],[82.9849,15.9442],[82.9937,15.9601],[83.0001,15.9709],[83.0093,15.987],[83.0157,15.9977],[83.0252,16.0133],[83.0311,16.0238],[83.0403,16.0397],[83.0468,16.0503],[83.0561,16.0656],[83.0622,16.0765],[83.0717,16.0927],[83.0777,16.1033],[83.0865,16.1197],[83.0922,16.1306],[83.1007,16.1468],[83.1064,16.1574],[83.114,16.174],[83.1195,16.1851],[83.1277,16.201],[83.1334,16.2123],[83.1416,16.2288],[83.1469,16.24],[83.1545,16.2567],[83.1597,16.2673],[83.1672,16.2839],[83.1726,16.2951],[83.1809,16.3119],[83.1858,16.3233],[83.1936,16.34],[83.1987,16.351],[83.2061,16.3676],[83.2114,16.379],[83.2189,16.3957],[83.2237,16.4064],[83.2318,16.4228],[83.2368,16.4335],[83.2443,16.4505],[83.2491,16.461],[83.2569,16.4771],[83.2622,16.4885],[83.27,16.5048],[83.2755,16.5154],[83.2834,16.5319],[83.2886,16.5427],[83.2969,16.5594],[83.3016,16.5709],[83.3093,16.5878],[83.314,16.5992],[83.3212,16.6161],[83.3261,16.6273],[83.3336,16.6441],[83.3382,16.655],[83.3456,16.6716],[83.3506,16.6824],[83.3576,16.6987],[83.3624,16.7094],[83.3698,16.7256],[83.3751,16.7369],[83.382,16.7536],[83.3866,16.7648],[83.3945,16.7816],[83.3995,16.7921],[83.4074,16.8089],[83.4126,16.8197],[83.4209,16.8367],[83.4266,16.8477],[83.435,16.8643],[83.4408,16.8744],[83.4495,16.8905],[83.455,16.9013],[83.4634,16.9176],[83.4692,16.9285],[83.4778,16.9452],[83.4835,16.9565],[83.4921,16.9724],[83.4978,16.983],[83.5063,16.9991],[83.5122,17.0102],[83.5204,17.0262],[83.5262,17.0371],[83.5344,17.053],[83.5397,17.0642],[83.5481,17.0805],[83.5537,17.0915],[83.5622,17.1078],[83.5669,17.1188],[83.5752,17.1352],[83.5802,17.1461],[83.588,17.1625],[83.5934,17.1733],[83.6017,17.19],[83.6066,17.2013],[83.6146,17.2172],[83.6199,17.2283],[83.6282,17.2446],[83.6335,17.2556],[83.6418,17.2724],[83.647,17.2838],[83.6548,17.2999],[83.6606,17.3109],[83.6684,17.3275],[83.6738,17.3385],[83.6819,17.3555],[83.6877,17.366],[83.696,17.3819],[83.7017,17.393],[83.7101,17.4094],[83.716,17.4203],[83.7246,17.4363],[83.7303,17.4474],[83.739,17.4635],[83.7452,17.4741],[83.7546,17.4901],[83.7607,17.5005],[83.7699,17.516],[83.7758,17.5266],[83.7851,17.5422],[83.7912,17.553],[83.8007,17.5687],[83.8073,17.5796],[83.8164,17.5959],[83.8224,17.6062],[83.8321,17.6222],[83.8378,17.6328],[83.8476,17.6495],[83.8533,17.66],[83.8627,17.6763],[83.869,17.6867],[83.8784,17.7026],[83.8848,17.7134],[83.8939,17.729],[83.9003,17.7399],[83.9095,17.7553],[83.916,17.7663],[83.9251,17.7824],[83.9307,17.7932],[83.9403,17.8087],[83.9462,17.8196],[83.9552,17.8358],[83.961,17.8463],[83.9699,17.8628],[83.9754,17.8735],[83.9841,17.8897],[83.9899,17.9004],[83.9985,17.9161],[84.0045,17.9276],[84.0132,17.9432],[84.0186,17.9539],[84.0272,17.9697],[84.0328,17.9805],[84.0406,17.9962],[84.0466,18.0073],[84.0553,18.0233],[84.0614,18.0345],[84.0692,18.0497],[84.0751,18.0606],[84.0836,18.0767],[84.0893,18.0875],[84.0977,18.1038],[84.1043,18.115],[84.113,18.1311],[84.1192,18.1415],[84.1283,18.1581],[84.1342,18.1687],[84.1435,18.1842],[84.1494,18.1948],[84.1584,18.2109],[84.1644,18.2212],[84.1737,18.2378],[84.1797,18.2482],[84.1889,18.2641],[84.195,18.2747],[84.2036,18.2909],[84.2098,18.3017],[84.2186,18.318],[84.2245,18.3288],[84.2332,18.3455],[84.2386,18.3561],[84.2476,18.3725],[84.2531,18.3836],[84.2612,18.3999],[84.2667,18.4107],[84.2747,18.4271],[84.2798,18.4372],[84.288,18.4541],[84.2933,18.4653],[84.3008,18.4819],[84.3058,18.4932]]},"properties":{"mmsi":997185749,"name":"SYN-CAR-19","role":"candidate","vessel_type":70,"synthetic":true,"t_offset_s":[-178708,-178468,-178108,-177868,-177508,-177268,-176908,-176668,-176308,-176068,-175708,-175468,-175108,-174868,-174508,-174268,-173908,-173668,-173308,-173068,-172708,-172468,-172108,-171868,-171508,-171268,-170908,-170668,-170308,-170068,-169708,-169468,-169108,-168868,-168508,-168268,-167908,-167668,-167308,-167068,-166708,-166468,-166108,-165868,-165508,-165268,-164908,-164668,-164308,-164068,-163708,-163468,-163108,-162868,-162508,-162268,-161908,-161668,-161308,-161068,-160708,-160468,-160108,-159868,-159508,-159268,-158908,-158668,-158308,-158068,-157708,-157468,-157108,-156868,-156508,-156268,-155908,-155668,-155308,-155068,-154708,-154468,-154108,-153868,-153508,-153268,-152908,-152668,-152308,-152068,-151708,-151468,-151108,-150868,-150508,-150268,-149908,-149668,-149308,-149068,-148708,-148468,-148108,-147868,-147508,-147268,-146908,-146668,-146308,-146068,-145708,-145468,-145108,-144868,-144508,-144268,-143908,-143668,-143308,-143068,-142708,-142468,-142108,-141868,-141508,-141268,-140908,-140668,-140308,-140068,-139708,-139468,-139108,-138868,-138508,-138268,-137908,-137668,-137308,-137068,-136708,-136468,-136108,-135868,-135508,-135268,-134908,-134668,-134308,-134068,-133708,-133468,-133108,-132868,-132508,-132268,-131908,-131668,-131308,-131068,-130708,-130468,-130108,-129868,-129508,-129268,-128908,-128668,-128308,-128068,-127708,-127468,-127108,-126868,-126508,-126268,-125908,-125668,-125308,-125068,-124708,-124468,-124108,-123868,-123508,-123268,-122908,-122668,-122308,-122068,-121708,-121468,-121108,-120868,-120508,-120268,-119908,-119668,-119308,-119068,-118708,-118468,-118108,-117868,-117508,-117268,-116908,-116668,-116308,-116068,-115708,-115468,-115108,-114868,-114508,-114268,-113908,-113668,-113308,-113068,-112708,-112468,-112108,-111868,-111508,-111268,-110908,-110668,-110308,-110068,-109708,-109468,-109108,-108868],"sog":[10.9,11.0,10.7,10.9,11.4,11.2,10.8,11.2,10.7,10.9,11.4,10.4,11.0,10.8,11.1,11.4,10.5,10.6,11.3,11.3,10.9,10.4,10.3,10.7,10.3,10.9,11.0,11.0,10.5,11.1,11.2,11.1,10.7,10.6,11.0,11.3,10.7,10.8,11.1,10.6,10.9,10.9,10.4,10.7,11.0,10.8,10.8,11.4,11.4,11.4,10.5,11.1,11.1,11.2,10.7,11.1,11.3,10.6,10.8,10.9,10.7,10.8,11.0,10.8,10.9,11.6,10.8,11.0,10.9,10.9,11.0,11.0,11.5,11.0,11.1,11.1,11.1,11.6,10.6,10.8,10.7,10.6,11.0,10.5,10.4,10.6,10.8,10.9,10.7,10.9,11.1,10.9,10.9,10.6,11.0,10.9,10.7,10.3,10.9,10.3,10.5,10.6,10.6,11.1,10.5,11.2,10.6,10.7,11.1,11.2,10.9,11.2,11.3,10.4,11.1,11.0,11.0,11.3,11.6,11.3,10.6,10.6,11.2,10.4,10.8,11.1,10.6,10.1,10.9,11.3,10.6,11.1,11.0,10.7,11.0,11.0,11.3,10.8,10.7,11.4,10.6,10.8,11.2,11.0,10.8,10.1,10.8,11.3,11.0,10.6,10.8,11.2,11.2,11.0,11.6,10.4,10.7,10.9,10.9,11.1,10.2,11.1,10.9,10.6,10.7,11.4,11.2,10.7,10.9,11.1,11.5,10.7,11.2,11.0,11.3,11.1,11.0,11.3,10.5,10.8,11.2,11.1,11.0,10.6,11.4,10.8,11.2,10.8,10.8,10.6,10.8,11.9,10.6,10.8,10.5,10.7,10.5,10.8,11.1,10.8,10.5,10.8,10.7,10.5,10.7,10.7,10.8,11.7,10.8,11.0,11.0,11.1,10.5,11.0,11.4,10.7,10.6,10.5,10.6,10.9,10.7,10.7,11.3,11.1,10.9,10.7,10.7,11.2,10.8,10.1,11.3,10.5,11.3,11.2]}},{"type":"Feature","geometry":{"type":"LineString","coordinates":[[83.6486,14.0352],[83.6395,14.0246],[83.6258,14.0074],[83.6174,13.9957],[83.6041,13.9789],[83.5956,13.9678],[83.5823,13.9504]]},"properties":{"mmsi":997339433,"name":"SYN-CAR-33","role":"background","vessel_type":70,"synthetic":true,"t_offset_s":[84388,84628,84988,85228,85588,85828,86188],"sog":[12.6,12.7,12.8,12.6,12.8,12.4,12.5]}},{"type":"Feature","geometry":{"type":"LineString","coordinates":[[82.7219,13.1601],[82.7271,13.1617],[82.731,13.1641],[82.7368,13.163],[82.7387,13.1599],[82.7369,13.1547],[82.736,13.1512],[82.7363,13.1456],[82.7379,13.143],[82.7417,13.137],[82.7456,13.137],[82.7493,13.1399],[82.7508,13.1434],[82.749,13.149],[82.7493,13.1528],[82.7522,13.154],[82.7542,13.152],[82.7566,13.1495],[82.7591,13.1462],[82.7655,13.1439],[82.7691,13.1452],[82.7746,13.1461],[82.7781,13.1474],[82.7748,13.1542],[82.7745,13.1566],[82.7737,13.1625],[82.7712,13.1674],[82.7737,13.1726],[82.7733,13.1752],[82.7695,13.1751],[82.7672,13.1714],[82.7651,13.1688],[82.7622,13.1661],[82.7638,13.1608],[82.7666,13.1583],[82.7681,13.1517],[82.7706,13.1497],[82.7748,13.1482],[82.7776,13.1472],[82.7827,13.1483],[82.7858,13.1505],[82.791,13.1545],[82.7941,13.1554],[82.8005,13.1555],[82.8034,13.156],[82.8097,13.1589],[82.813,13.161],[82.8164,13.1633],[82.8206,13.1604],[82.8216,13.156],[82.8201,13.1527],[82.8197,13.1479],[82.821,13.1451],[82.8251,13.1412],[82.828,13.139],[82.834,13.1351],[82.837,13.1364],[82.8409,13.1398],[82.8422,13.1429],[82.8452,13.1493],[82.8489,13.1524],[82.851,13.1577],[82.8532,13.1623],[82.855,13.1664],[82.8592,13.1665],[82.8608,13.1622],[82.8644,13.1607],[82.8711,13.1595],[82.8729,13.162],[82.8736,13.1685],[82.8735,13.1732],[82.8777,13.1776],[82.8827,13.1798],[82.8836,13.1867],[82.8804,13.1901],[82.877,13.1956],[82.8777,13.1989],[82.8786,13.2041],[82.8809,13.2086],[82.8834,13.2151],[82.8834,13.2194],[82.8852,13.2251],[82.8837,13.2299],[82.8824,13.2349],[82.8835,13.2382],[82.8831,13.2445],[82.8818,13.247],[82.8786,13.2513],[82.8753,13.2542],[82.8705,13.2567],[82.867,13.2594],[82.8625,13.2628],[82.8616,13.2657],[82.8615,13.2732],[82.8631,13.2773],[82.8692,13.278],[82.8736,13.2778],[82.8797,13.274],[82.8819,13.2703],[82.8867,13.2672],[82.888,13.2631],[82.8879,13.2571],[82.8897,13.2523],[82.8952,13.2497],[82.8989,13.2494],[82.9044,13.2466],[82.9086,13.245],[82.9153,13.2448],[82.919,13.2472],[82.9225,13.2502],[82.9263,13.2516],[82.9258,13.2574],[82.9235,13.2599],[82.921,13.2645],[82.9207,13.2667],[82.9202,13.2735],[82.9191,13.277],[82.9196,13.2815],[82.9204,13.2854],[82.9264,13.282],[82.9274,13.2782],[82.9292,13.2759],[82.9303,13.2729],[82.9314,13.2671],[82.9304,13.2644],[82.9279,13.26],[82.9298,13.258],[82.9312,13.2518],[82.9326,13.2481],[82.9333,13.2409],[82.935,13.2384],[82.9405,13.2365],[82.9442,13.2376],[82.9496,13.2394],[82.9512,13.2395],[82.9565,13.2377],[82.9595,13.2387],[82.9614,13.2447],[82.9637,13.2474],[82.9671,13.2516],[82.9683,13.2552],[82.9714,13.2592],[82.9728,13.257],[82.9744,13.2527],[82.9724,13.2497],[82.966,13.2515],[82.9626,13.2511],[82.9573,13.2476],[82.955,13.245],[82.9513,13.2491],[82.9498,13.2522],[82.9474,13.259],[82.9465,13.2627],[82.9447,13.2698],[82.9441,13.2727],[82.9464,13.276],[82.9501,13.2772],[82.955,13.2782],[82.9562,13.2819],[82.955,13.2873],[82.9527,13.2914],[82.9493,13.2956],[82.9458,13.2976],[82.9423,13.3011],[82.9406,13.3031],[82.934,13.3042],[82.9298,13.304],[82.9225,13.3025],[82.9193,13.3029],[82.9138,13.306],[82.9116,13.3041],[82.9081,13.2981],[82.9073,13.2937],[82.9051,13.2875],[82.9007,13.2871],[82.8947,13.2889],[82.8903,13.2883],[82.8864,13.2843],[82.8819,13.2831],[82.8784,13.2804],[82.8751,13.2793],[82.8724,13.2748],[82.8713,13.2717],[82.8714,13.2658],[82.8684,13.2632],[82.8666,13.2572],[82.8673,13.2535],[82.8691,13.2473],[82.8707,13.2461],[82.8714,13.2408],[82.8717,13.2367],[82.8703,13.2321],[82.8684,13.2287],[82.8661,13.2236],[82.8663,13.2209],[82.8667,13.2148],[82.8671,13.2101],[82.8692,13.2045],[82.8694,13.2017],[82.8681,13.1969],[82.868,13.1939],[82.8667,13.1882],[82.8646,13.1856],[82.8618,13.1806],[82.8629,13.1771],[82.868,13.1744],[82.8711,13.1772],[82.8738,13.1819],[82.8735,13.186],[82.868,13.1906],[82.864,13.1906],[82.8585,13.1938],[82.8538,13.1951],[82.8499,13.1952],[82.8483,13.1999],[82.8478,13.2042],[82.8489,13.2084],[82.8512,13.2142],[82.8522,13.2169],[82.854,13.2221],[82.8571,13.2246],[82.862,13.2288],[82.8663,13.2321],[82.869,13.2382],[82.868,13.243],[82.8678,13.2477],[82.8722,13.2499],[82.8753,13.2468],[82.8765,13.2438],[82.8754,13.238],[82.8776,13.2372],[82.8834,13.2388],[82.8852,13.2425],[82.89,13.246],[82.8908,13.2491],[82.8898,13.2532],[82.8891,13.2575],[82.8933,13.261],[82.898,13.2613],[82.9027,13.2574],[82.9069,13.2567],[82.9107,13.2595],[82.9091,13.265],[82.9096,13.2701],[82.9064,13.271],[82.9009,13.2706],[82.8971,13.2708],[82.8922,13.2693],[82.8883,13.2686],[82.8818,13.2653],[82.8779,13.2641],[82.873,13.2611],[82.8714,13.2574],[82.8724,13.2508],[82.8748,13.2471],[82.8785,13.2417],[82.8777,13.2373],[82.8736,13.2329],[82.8717,13.2327],[82.8659,13.2344],[82.8632,13.2367],[82.8594,13.241],[82.855,13.2416],[82.8517,13.2452],[82.8489,13.2497],[82.8499,13.2541],[82.8536,13.2585],[82.8593,13.2606],[82.8625,13.2626],[82.866,13.2673],[82.8651,13.2702],[82.8624,13.2744],[82.8589,13.2755],[82.8533,13.2779],[82.8488,13.2816],[82.8447,13.2823],[82.8417,13.2866],[82.8425,13.291],[82.8436,13.2928],[82.8475,13.2962],[82.8485,13.2983],[82.8502,13.3012],[82.8522,13.3028],[82.855,13.3079],[82.8561,13.3107],[82.8597,13.3139],[82.8598,13.3164],[82.8595,13.3212],[82.8602,13.3238],[82.8603,13.3288],[82.8573,13.3326],[82.8537,13.33],[82.8514,13.3275],[82.8479,13.322],[82.8456,13.3177],[82.8442,13.3126],[82.8444,13.3087],[82.847,13.3029],[82.8447,13.2984],[82.843,13.2934],[82.8452,13.2899],[82.8506,13.2873],[82.8526,13.2843],[82.8555,13.2782],[82.855,13.2741],[82.8551,13.267],[82.8519,13.2641],[82.8475,13.2602],[82.8436,13.2594],[82.8372,13.2612],[82.8366,13.2653],[82.8345,13.2716],[82.8326,13.2753],[82.83,13.2802],[82.8282,13.2844],[82.8256,13.2884],[82.823,13.2917],[82.8191,13.2973],[82.8164,13.2999],[82.8101,13.3033],[82.8071,13.3065],[82.8082,13.3112],[82.8079,13.315],[82.809,13.3221],[82.8104,13.3247],[82.8111,13.3297],[82.807,13.3315],[82.8001,13.3343],[82.7976,13.3321],[82.793,13.3305],[82.7892,13.3307],[82.7852,13.3344],[82.7841,13.3376],[82.7804,13.3407],[82.7797,13.3439],[82.7794,13.3494],[82.7769,13.3536],[82.7777,13.358],[82.7779,13.3597],[82.7784,13.3654],[82.7788,13.3706],[82.7786,13.3762],[82.7783,13.3824],[82.7781,13.3883],[82.7742,13.3912],[82.7744,13.3954],[82.773,13.3983],[82.7683,13.4028],[82.7647,13.4044],[82.7611,13.4088],[82.7588,13.4115],[82.7563,13.4179],[82.7544,13.4206],[82.7503,13.4245],[82.7488,13.4291],[82.7512,13.4341],[82.755,13.437],[82.7601,13.4391],[82.7627,13.4367],[82.7634,13.4298],[82.7634,13.4253],[82.7595,13.4213],[82.7608,13.4192],[82.7664,13.415],[82.7706,13.4121],[82.7721,13.4077],[82.7729,13.4066],[82.7777,13.403],[82.782,13.4003],[82.7856,13.3959],[82.7888,13.3949],[82.7923,13.3952],[82.794,13.399],[82.7947,13.4049],[82.7958,13.4087],[82.7989,13.4154],[82.7982,13.4189],[82.7998,13.4251],[82.7986,13.4273],[82.7972,13.4344],[82.7977,13.4384],[82.8,13.4423],[82.804,13.4424],[82.8078,13.4366],[82.8088,13.4339],[82.8131,13.4294],[82.8159,13.4285],[82.8219,13.4291],[82.8233,13.4272],[82.8272,13.4236],[82.8312,13.4247],[82.8351,13.4274],[82.8364,13.4295],[82.8438,13.4308],[82.8461,13.4288],[82.8455,13.4228],[82.8479,13.4187],[82.8502,13.4141],[82.8502,13.4103],[82.8481,13.4049],[82.8479,13.4004],[82.847,13.397],[82.8422,13.3973],[82.8419,13.4009],[82.8455,13.404],[82.8473,13.4084],[82.846,13.4132],[82.8438,13.4175],[82.842,13.4202],[82.8425,13.4274],[82.8406,13.4312],[82.8417,13.4357],[82.8416,13.439],[82.8457,13.437],[82.849,13.4354],[82.8518,13.4385],[82.8522,13.4425],[82.8529,13.4473],[82.8539,13.4503],[82.8577,13.4562],[82.8622,13.4563],[82.8662,13.4555],[82.8656,13.4522],[82.8608,13.4475],[82.8582,13.4463],[82.8538,13.4438],[82.8538,13.4399],[82.8541,13.4334],[82.8559,13.4291],[82.853,13.425],[82.8514,13.4223],[82.8489,13.4168],[82.8466,13.4144],[82.8454,13.4099],[82.8457,13.4054],[82.8467,13.3985],[82.8466,13.3946],[82.8476,13.3888],[82.8508,13.3856],[82.8544,13.3812],[82.8554,13.3776],[82.8527,13.3732],[82.8512,13.3711],[82.8481,13.3652],[82.8465,13.3629],[82.8436,13.3582],[82.844,13.3535],[82.8437,13.3497],[82.8421,13.3481],[82.8392,13.3427],[82.8413,13.3395],[82.8439,13.3341],[82.8461,13.3332],[82.851,13.3312],[82.8531,13.3295],[82.8556,13.3242],[82.8556,13.3211],[82.8532,13.318],[82.8492,13.317],[82.849,13.3142],[82.8482,13.3099],[82.8488,13.3036],[82.8525,13.3003],[82.8524,13.296],[82.8498,13.294],[82.8471,13.2893],[82.8448,13.2875],[82.8405,13.2839],[82.8371,13.2831],[82.8326,13.2801],[82.8291,13.2794],[82.8268,13.2839],[82.8234,13.2868],[82.8218,13.2912],[82.8242,13.2931],[82.8294,13.2978],[82.8311,13.3023],[82.8316,13.3084],[82.8303,13.3112],[82.8266,13.3155],[82.8238,13.3168],[82.8186,13.3218],[82.8173,13.3252],[82.8164,13.3302],[82.8165,13.3362],[82.8198,13.3387],[82.8242,13.3416],[82.829,13.3416],[82.8334,13.3397],[82.8355,13.3338],[82.8391,13.3305],[82.8423,13.3265],[82.843,13.322],[82.8466,13.316],[82.847,13.3124],[82.8459,13.3059],[82.8431,13.3054],[82.839,13.3049],[82.8381,13.3076],[82.8334,13.3109],[82.8317,13.3109],[82.8277,13.312],[82.824,13.3143],[82.8202,13.3181],[82.8163,13.3187],[82.81,13.3201],[82.8079,13.3239],[82.8027,13.3281],[82.7996,13.3308],[82.7938,13.3322],[82.789,13.3306],[82.7836,13.3319],[82.7809,13.3326],[82.7748,13.3321],[82.7711,13.3307],[82.7725,13.3272],[82.7734,13.3237],[82.7742,13.3189],[82.774,13.316],[82.7705,13.3118],[82.7659,13.3113],[82.7602,13.3106],[82.7542,13.3111],[82.7485,13.3095],[82.7458,13.3082],[82.7432,13.3023],[82.7467,13.2999],[82.7518,13.3037],[82.7529,13.3076],[82.7488,13.3125],[82.7464,13.3156],[82.7421,13.3193],[82.7386,13.3214],[82.7332,13.323],[82.73,13.3239],[82.7245,13.3227],[82.7209,13.3203],[82.7182,13.3157],[82.7155,13.3131],[82.7088,13.3105],[82.7067,13.3085],[82.7007,13.3066],[82.6985,13.3044],[82.6955,13.303],[82.6913,13.3008],[82.6886,13.2954],[82.6885,13.2915],[82.6856,13.2876],[82.682,13.2887],[82.6762,13.2913],[82.673,13.294],[82.6698,13.2982],[82.6703,13.3026],[82.6716,13.3077],[82.6722,13.3119],[82.6774,13.3124],[82.6807,13.314],[82.6855,13.3143],[82.6899,13.313],[82.6967,13.3136],[82.6997,13.3154],[82.7059,13.3168],[82.7101,13.3161],[82.7162,13.3151],[82.7179,13.3111],[82.7144,13.3064],[82.7137,13.3045],[82.7099,13.2976],[82.7113,13.295],[82.7141,13.291],[82.7174,13.2898],[82.7198,13.2946],[82.7232,13.2983],[82.7223,13.3067],[82.7209,13.3102],[82.7223,13.3153],[82.7197,13.3202],[82.7192,13.3249],[82.7172,13.3294],[82.719,13.3364],[82.7188,13.3402],[82.717,13.3472],[82.7136,13.3503],[82.708,13.3551],[82.7044,13.3581],[82.6975,13.3574],[82.695,13.3578],[82.6908,13.3609],[82.6913,13.3633],[82.695,13.3672],[82.6969,13.3707],[82.7002,13.3763],[82.7032,13.3786],[82.705,13.3817],[82.7037,13.3838],[82.7001,13.389],[82.697,13.3914],[82.6943,13.3952],[82.6936,13.3993],[82.696,13.4051],[82.6949,13.4083],[82.6923,13.4131],[82.6895,13.4154],[82.6859,13.4197],[82.6837,13.4222],[82.6792,13.4265],[82.6759,13.4288],[82.6739,13.4345],[82.6739,13.4389],[82.6714,13.4461],[82.6693,13.4492],[82.6701,13.4543],[82.6707,13.4572],[82.6747,13.4605],[82.6784,13.4611],[82.6832,13.4643],[82.6867,13.467],[82.6935,13.468],[82.6975,13.47],[82.7031,13.4717],[82.7056,13.4723],[82.7134,13.4743],[82.7172,13.4779],[82.72,13.4836],[82.7191,13.4876],[82.7143,13.4923],[82.7124,13.494],[82.7077,13.4991],[82.7068,13.503],[82.7038,13.5063],[82.7011,13.5081],[82.6954,13.5106],[82.6937,13.513],[82.691,13.519],[82.6884,13.5204],[82.6826,13.5216],[82.6789,13.5211],[82.6747,13.5165],[82.6697,13.5157],[82.6643,13.515],[82.6626,13.5145],[82.6558,13.5152],[82.6505,13.5157],[82.6452,13.5168],[82.6426,13.5196],[82.6459,13.5228],[82.6489,13.5237],[82.6541,13.5213],[82.6533,13.517],[82.6542,13.5108],[82.6528,13.5063],[82.6515,13.4995],[82.6524,13.4968],[82.6532,13.4922],[82.6525,13.4882],[82.646,13.4892],[82.6428,13.4886],[82.6389,13.4866],[82.6366,13.4858],[82.6306,13.484],[82.6285,13.4873],[82.6252,13.4901],[82.6206,13.4918],[82.6173,13.4943],[82.6138,13.4965],[82.6102,13.5029],[82.6092,13.5066],[82.6061,13.5114],[82.6028,13.5125],[82.5964,13.5095],[82.5921,13.508],[82.5853,13.5069],[82.5825,13.5088],[82.584,13.5143],[82.584,13.5189],[82.5807,13.5246],[82.5777,13.5271],[82.5741,13.5305],[82.5715,13.5307],[82.5671,13.533],[82.5637,13.533],[82.5591,13.5311],[82.5563,13.528],[82.5566,13.5231],[82.5571,13.5179],[82.5563,13.5131],[82.5576,13.5088],[82.5557,13.5031],[82.557,13.4989],[82.5573,13.4944],[82.5584,13.4909],[82.5634,13.4862],[82.5652,13.4828],[82.5705,13.4785],[82.5727,13.4756],[82.5768,13.4683],[82.5801,13.4651],[82.5854,13.4656],[82.5876,13.4667],[82.5932,13.4691],[82.5975,13.469],[82.6017,13.4649],[82.6043,13.4615],[82.6084,13.4559],[82.611,13.4535],[82.6155,13.4527],[82.6179,13.4547],[82.6205,13.4562],[82.6249,13.4579],[82.6296,13.4574],[82.6321,13.4554],[82.635,13.4502],[82.6386,13.4489],[82.6447,13.4481],[82.6466,13.4439],[82.6495,13.4411],[82.6523,13.4387],[82.6509,13.4333],[82.6486,13.4305],[82.6428,13.4281],[82.6405,13.4243],[82.6415,13.4186],[82.6384,13.4168],[82.6328,13.4205],[82.6303,13.4211],[82.6248,13.4217],[82.6206,13.4227],[82.6152,13.42],[82.6133,13.4168],[82.615,13.4126],[82.6175,13.4099],[82.6211,13.4069],[82.6203,13.4034],[82.6203,13.3986],[82.6194,13.3955],[82.6179,13.3892],[82.6203,13.3859],[82.6241,13.3825],[82.6285,13.3785],[82.6311,13.3757],[82.633,13.3735],[82.6304,13.3697],[82.6274,13.3695],[82.6251,13.3744],[82.626,13.3799],[82.6242,13.3846],[82.6217,13.3863],[82.6201,13.3906],[82.6174,13.3924],[82.6154,13.3982],[82.6129,13.4024],[82.609,13.4012],[82.6054,13.3997],[82.5999,13.3982],[82.596,13.3986],[82.5877,13.4002],[82.5854,13.4025],[82.5799,13.4064],[82.5774,13.4094],[82.5725,13.4103],[82.5693,13.4101],[82.5641,13.4066],[82.56,13.404],[82.5546,13.4063],[82.5554,13.4107],[82.556,13.4163],[82.5577,13.4205],[82.5569,13.4261],[82.553,13.4279],[82.5495,13.429],[82.5468,13.4294],[82.5424,13.4357],[82.5374,13.4362],[82.5318,13.4329],[82.5287,13.4306],[82.5253,13.4248],[82.5234,13.4222],[82.5165,13.4213],[82.514,13.4189],[82.5142,13.4136],[82.5147,13.4093],[82.5149,13.4053],[82.5127,13.4034],[82.5124,13.4003],[82.5145,13.396],[82.516,13.3922],[82.5154,13.388],[82.5161,13.3828],[82.5136,13.3787],[82.5171,13.3737],[82.5202,13.3704],[82.5227,13.3661],[82.5241,13.3626],[82.5264,13.3554],[82.5309,13.3542],[82.5377,13.3537],[82.5419,13.3519],[82.5492,13.353],[82.5506,13.3533],[82.555,13.3559],[82.5585,13.3578],[82.5625,13.362],[82.5623,13.3662],[82.56,13.3688],[82.5569,13.3699],[82.5508,13.3708],[82.5478,13.3736],[82.5423,13.376],[82.5388,13.3786],[82.5328,13.3772],[82.5276,13.3756],[82.5263,13.3695],[82.5248,13.3668],[82.5195,13.3685],[82.5173,13.3713],[82.5115,13.3718],[82.5073,13.3712],[82.5008,13.3746],[82.4956,13.376],[82.4899,13.3778],[82.4862,13.3789],[82.481,13.3752],[82.4775,13.3749],[82.4732,13.3787],[82.4695,13.3815],[82.465,13.3846],[82.4618,13.3822],[82.4586,13.3774],[82.4559,13.3752],[82.4509,13.3733],[82.447,13.3728],[82.4429,13.3686],[82.4402,13.3659],[82.439,13.3611],[82.4403,13.3575],[82.443,13.361],[82.4405,13.3609],[82.4344,13.3617],[82.4293,13.362],[82.4238,13.3612],[82.42,13.3602],[82.4149,13.361],[82.413,13.3656],[82.4071,13.3642],[82.4056,13.3603],[82.406,13.3553],[82.406,13.3526],[82.4102,13.3505],[82.4134,13.3511],[82.419,13.3546],[82.422,13.3563],[82.423,13.3619],[82.4266,13.364],[82.4296,13.3676],[82.4312,13.3693],[82.4331,13.3736],[82.4343,13.3776],[82.4368,13.3826],[82.4384,13.3854],[82.4442,13.3884],[82.4452,13.3926],[82.4432,13.3979],[82.4458,13.4007],[82.4514,13.4007],[82.452,13.397],[82.4533,13.3921],[82.4524,13.3875],[82.4549,13.3838],[82.4578,13.3805],[82.4604,13.3771],[82.4642,13.3776],[82.4683,13.3784],[82.4738,13.379],[82.4804,13.3798],[82.4847,13.3786],[82.4887,13.3751],[82.4914,13.3707],[82.4962,13.3659],[82.4983,13.3635],[82.5016,13.3586],[82.5026,13.3563],[82.5058,13.3506],[82.508,13.346],[82.5129,13.3412],[82.5168,13.34],[82.521,13.3414],[82.5257,13.3422],[82.5314,13.3415],[82.5321,13.338],[82.5322,13.3343],[82.5334,13.3303],[82.5354,13.3248],[82.5324,13.3216],[82.5273,13.3197],[82.5235,13.3187],[82.5224,13.3238],[82.5238,13.3268],[82.5195,13.331],[82.5176,13.3342],[82.5201,13.3392],[82.5238,13.3408],[82.5281,13.3421],[82.5339,13.3434],[82.5402,13.3429],[82.5437,13.3424],[82.5492,13.3415],[82.5537,13.339],[82.5583,13.3412],[82.5633,13.3427],[82.5677,13.3414],[82.5714,13.3416],[82.5777,13.3446],[82.5786,13.3475],[82.581,13.3535],[82.5829,13.3551],[82.585,13.3607],[82.5871,13.3621],[82.5924,13.3632],[82.5966,13.3626],[82.6021,13.3613],[82.6013,13.3583],[82.6002,13.3543],[82.5999,13.3511],[82.601,13.347],[82.6026,13.3422],[82.6068,13.3387],[82.6115,13.3368],[82.6158,13.3332],[82.6199,13.3328],[82.6263,13.3306],[82.6293,13.3267],[82.6326,13.3207],[82.634,13.3185],[82.6383,13.3151],[82.64,13.3121],[82.6425,13.3066],[82.6441,13.3032],[82.649,13.2979],[82.6485,13.2955],[82.6471,13.2896],[82.6472,13.2864],[82.6508,13.2822],[82.6538,13.2808],[82.6598,13.2824],[82.6628,13.2828],[82.6673,13.2818],[82.6708,13.2805],[82.6758,13.2795],[82.6786,13.2775],[82.6852,13.278],[82.6878,13.2806],[82.6917,13.284],[82.6929,13.2862],[82.6945,13.2925],[82.6927,13.2967],[82.6918,13.301],[82.6905,13.3027],[82.6858,13.3041],[82.6826,13.3068],[82.6784,13.3114],[82.6745,13.3128],[82.6699,13.3112],[82.6676,13.3083],[82.6621,13.3083],[82.6589,13.3103],[82.6581,13.3142],[82.6588,13.3189],[82.6583,13.3248],[82.6587,13.3283],[82.6535,13.3333],[82.6502,13.3343],[82.6441,13.3368],[82.6416,13.3386],[82.6358,13.3418],[82.6324,13.344],[82.6274,13.3433],[82.6242,13.3446],[82.62,13.3497],[82.6177,13.353],[82.6122,13.3549],[82.611,13.3578],[82.609,13.3627],[82.6066,13.3667],[82.6012,13.3676],[82.5988,13.3652],[82.5942,13.3598],[82.5907,13.357],[82.5871,13.3541],[82.5837,13.3556],[82.5788,13.3596],[82.5752,13.3601],[82.5704,13.3621],[82.567,13.3661],[82.5612,13.3681],[82.5591,13.3701],[82.5572,13.3743],[82.5594,13.3775],[82.563,13.38],[82.5645,13.3817],[82.5636,13.3886],[82.5624,13.3914],[82.5578,13.3956],[82.5554,13.3977],[82.5496,13.4005],[82.5458,13.4021],[82.5408,13.4052],[82.5391,13.4097],[82.5375,13.414],[82.5384,13.4161],[82.5415,13.4204],[82.5439,13.4238],[82.5466,13.4275],[82.5495,13.4291],[82.5549,13.4311],[82.557,13.4346],[82.5574,13.4427],[82.5536,13.4455],[82.5482,13.4439],[82.5444,13.4451],[82.5392,13.4485],[82.5356,13.4503],[82.5302,13.4509],[82.5291,13.4532],[82.5342,13.4565],[82.537,13.4569],[82.544,13.4555],[82.5487,13.4545],[82.5532,13.4498],[82.5538,13.4459],[82.5591,13.4429],[82.5621,13.4405],[82.5674,13.4376],[82.5706,13.4344],[82.573,13.4314],[82.5759,13.4309],[82.579,13.4255],[82.5824,13.4245],[82.586,13.4262],[82.5889,13.4269],[82.5946,13.4246],[82.5992,13.4265],[82.6031,13.4278],[82.6054,13.425],[82.6057,13.4207],[82.6044,13.4184],[82.6037,13.4137],[82.6024,13.4104],[82.6027,13.4053],[82.6048,13.4027],[82.6076,13.3959],[82.6106,13.3933],[82.6145,13.3873],[82.618,13.3847],[82.6189,13.3788],[82.6197,13.3755],[82.6207,13.3688],[82.6188,13.3649],[82.6135,13.3633],[82.6097,13.3628],[82.6059,13.3632],[82.603,13.3645],[82.5973,13.3631],[82.5958,13.36],[82.5917,13.3579],[82.5889,13.356],[82.5842,13.3525],[82.5835,13.3493],[82.5814,13.3444],[82.5787,13.3403],[82.5751,13.3351],[82.5706,13.3325],[82.5684,13.3282],[82.5677,13.3258],[82.5679,13.3198],[82.5673,13.3168],[82.5623,13.3151],[82.5582,13.3141],[82.5522,13.3142],[82.5481,13.3153],[82.5428,13.3202],[82.5398,13.3224],[82.5335,13.3236],[82.53,13.3228],[82.5262,13.3195],[82.5242,13.3173],[82.5187,13.315],[82.5146,13.3153],[82.5092,13.3147],[82.5074,13.3144],[82.5059,13.3091],[82.5041,13.3055],[82.5043,13.3001],[82.5064,13.2959],[82.5064,13.2902],[82.5047,13.2884],[82.5055,13.2823],[82.5067,13.2792],[82.5096,13.2751],[82.5115,13.2724],[82.5138,13.2686],[82.5163,13.2665],[82.5223,13.2688],[82.527,13.2668],[82.529,13.2691],[82.5264,13.2732],[82.5223,13.2775],[82.5182,13.2788],[82.513,13.2819],[82.5095,13.2828],[82.5031,13.283],[82.4998,13.2797],[82.4996,13.2746],[82.4991,13.2712],[82.4967,13.2678],[82.4955,13.2653],[82.4939,13.2609],[82.4942,13.2563],[82.4951,13.25],[82.4944,13.2458],[82.4962,13.2403],[82.4954,13.2382],[82.4929,13.2332],[82.4898,13.2296],[82.4839,13.2275],[82.4792,13.2275],[82.4731,13.2293],[82.471,13.2329],[82.4697,13.2381],[82.4682,13.2429],[82.4656,13.2481],[82.4632,13.2519],[82.4599,13.256],[82.4585,13.2601],[82.4541,13.2623],[82.4499,13.2647],[82.445,13.2636],[82.4426,13.2643],[82.4383,13.2691],[82.437,13.2726],[82.4361,13.2777],[82.4339,13.2825],[82.432,13.2891],[82.4318,13.2925],[82.433,13.2996],[82.4348,13.3021],[82.4386,13.3072],[82.4379,13.3099],[82.4373,13.3152],[82.4362,13.3193],[82.4354,13.3247],[82.4367,13.3301],[82.4415,13.3348],[82.4449,13.3366]]},"properties":{"mmsi":997373775,"name":"SYN-FSH-04","role":"background","vessel_type":30,"synthetic":true,"t_offset_s":[-259200,-258840,-258600,-258240,-258000,-257640,-257400,-257040,-256800,-256440,-256200,-255840,-255600,-255240,-255000,-254640,-254400,-254040,-253800,-253440,-253200,-252840,-252600,-252240,-252000,-251640,-251400,-251040,-250800,-250440,-250200,-249840,-249600,-249240,-249000,-248640,-248400,-248040,-247800,-247440,-247200,-246840,-246600,-246240,-246000,-245640,-245400,-245040,-244800,-244440,-244200,-243840,-243600,-243240,-243000,-242640,-242400,-242040,-241800,-241440,-241200,-240840,-240600,-240240,-240000,-239640,-239400,-239040,-238800,-238440,-238200,-237840,-237600,-237240,-237000,-236640,-236400,-236040,-235800,-235440,-235200,-234840,-234600,-234240,-234000,-233640,-233400,-233040,-232800,-232440,-232200,-231840,-231600,-231240,-231000,-230640,-230400,-230040,-229800,-229440,-229200,-228840,-228600,-228240,-228000,-227640,-227400,-227040,-226800,-226440,-226200,-225840,-225600,-225240,-225000,-224640,-224400,-224040,-223800,-223440,-223200,-222840,-222600,-222240,-222000,-221640,-221400,-221040,-220800,-220440,-220200,-219840,-219600,-219240,-219000,-218640,-218400,-218040,-217800,-217440,-217200,-216840,-216600,-216240,-216000,-215640,-215400,-215040,-214800,-214440,-214200,-213840,-213600,-213240,-213000,-212640,-212400,-212040,-211800,-211440,-211200,-210840,-210600,-210240,-210000,-209640,-209400,-209040,-208800,-208440,-208200,-207840,-207600,-207240,-207000,-206640,-206400,-206040,-205800,-205440,-205200,-204840,-204600,-204240,-204000,-203640,-203400,-203040,-202800,-202440,-202200,-201840,-201600,-201240,-201000,-200640,-200400,-200040,-199800,-199440,-199200,-198840,-198600,-198240,-198000,-197640,-197400,-197040,-196800,-196440,-196200,-195840,-195600,-195240,-195000,-194640,-194400,-194040,-193800,-193440,-193200,-192840,-192600,-192240,-192000,-191640,-191400,-191040,-190800,-190440,-190200,-189840,-189600,-189240,-189000,-188640,-188400,-188040,-187800,-187440,-187200,-186840,-186600,-186240,-186000,-185640,-185400,-185040,-184800,-184440,-184200,-183840,-183600,-183240,-183000,-182640,-182400,-182040,-181800,-181440,-181200,-180840,-180600,-180240,-180000,-179640,-179400,-179040,-178800,-178440,-178200,-177840,-177600,-177240,-177000,-176640,-176400,-176040,-175800,-175440,-175200,-174840,-174600,-174240,-174000,-173640,-173400,-173040,-172800,-172440,-172200,-171840,-171600,-171240,-171000,-170640,-170400,-170040,-169800,-169440,-169200,-168840,-168600,-168240,-168000,-167640,-167400,-167040,-166800,-166440,-166200,-165840,-165600,-165240,-165000,-164640,-164400,-164040,-163800,-163440,-163200,-162840,-162600,-162240,-162000,-161640,-161400,-161040,-160800,-160440,-160200,-159840,-159600,-159240,-159000,-158640,-158400,-158040,-157800,-157440,-157200,-156840,-156600,-156240,-156000,-155640,-155400,-155040,-154800,-154440,-154200,-153840,-153600,-153240,-153000,-152640,-152400,-152040,-151800,-151440,-151200,-150840,-150600,-150240,-150000,-149640,-149400,-149040,-148800,-148440,-148200,-147840,-147600,-147240,-147000,-146640,-146400,-146040,-145800,-145440,-145200,-144840,-144600,-144240,-144000,-143640,-143400,-143040,-142800,-142440,-142200,-141840,-141600,-141240,-141000,-140640,-140400,-140040,-139800,-139440,-139200,-138840,-138600,-138240,-138000,-137640,-137400,-137040,-136800,-136440,-136200,-135840,-135600,-135240,-135000,-134640,-134400,-134040,-133800,-133440,-133200,-132840,-132600,-132240,-132000,-131640,-131400,-131040,-130800,-130440,-130200,-129840,-129600,-129240,-129000,-128640,-128400,-128040,-127800,-127440,-127200,-126840,-126600,-126240,-126000,-125640,-125400,-125040,-124800,-124440,-124200,-123840,-123600,-123240,-123000,-122640,-122400,-122040,-121800,-121440,-121200,-120840,-120600,-120240,-120000,-119640,-119400,-119040,-118800,-118440,-118200,-117840,-117600,-117240,-117000,-116640,-116400,-116040,-115800,-115440,-115200,-114840,-114600,-114240,-114000,-113640,-113400,-113040,-112800,-112440,-112200,-111840,-111600,-111240,-111000,-110640,-110400,-110040,-109800,-109440,-109200,-108840,-108600,-108240,-108000,-107640,-107400,-107040,-106800,-106440,-106200,-105840,-105600,-105240,-105000,-104640,-104400,-104040,-103800,-103440,-103200,-102840,-102600,-102240,-102000,-101640,-101400,-101040,-100800,-100440,-100200,-99840,-99600,-99240,-99000,-98640,-98400,-98040,-97800,-97440,-97200,-96840,-96600,-96240,-96000,-95640,-95400,-95040,-94800,-94440,-94200,-93840,-93600,-93240,-93000,-92640,-92400,-92040,-91800,-91440,-91200,-90840,-90600,-90240,-90000,-89640,-89400,-89040,-88800,-88440,-88200,-87840,-87600,-87240,-87000,-86640,-86400,-86040,-85800,-85440,-85200,-84840,-84600,-84240,-84000,-83640,-83400,-83040,-82800,-82440,-82200,-81840,-81600,-81240,-81000,-80640,-80400,-80040,-79800,-79440,-79200,-78840,-78600,-78240,-78000,-77640,-77400,-77040,-76800,-76440,-76200,-75840,-75600,-75240,-75000,-74640,-74400,-74040,-73800,-73440,-73200,-72840,-72600,-72240,-72000,-71640,-71400,-71040,-70800,-70440,-70200,-69840,-69600,-69240,-69000,-68640,-68400,-68040,-67800,-67440,-67200,-66840,-66600,-66240,-66000,-65640,-65400,-65040,-64800,-64440,-64200,-63840,-63600,-63240,-63000,-62640,-62400,-62040,-61800,-61440,-61200,-60840,-60600,-60240,-60000,-59640,-59400,-59040,-58800,-58440,-58200,-57840,-57600,-57240,-57000,-56640,-56400,-56040,-55800,-55440,-55200,-54840,-54600,-54240,-54000,-53640,-53400,-53040,-52800,-52440,-52200,-51840,-51600,-51240,-51000,-50640,-50400,-50040,-49800,-49440,-49200,-48840,-48600,-48240,-48000,-47640,-47400,-47040,-46800,-46440,-46200,-45840,-45600,-45240,-45000,-44640,-44400,-44040,-43800,-43440,-43200,-42840,-42600,-42240,-42000,-41640,-41400,-41040,-40800,-40440,-40200,-39840,-39600,-39240,-39000,-38640,-38400,-38040,-37800,-37440,-37200,-36840,-36600,-36240,-36000,-35640,-35400,-35040,-34800,-34440,-34200,-33840,-33600,-33240,-33000,-32640,-32400,-32040,-31800,-31440,-31200,-30840,-30600,-30240,-30000,-29640,-29400,-29040,-28800,-28440,-28200,-27840,-27600,-27240,-27000,-26640,-26400,-26040,-25800,-25440,-25200,-24840,-24600,-24240,-24000,-23640,-23400,-23040,-22800,-22440,-22200,-21840,-21600,-21240,-21000,-20640,-20400,-20040,-19800,-19440,-19200,-18840,-18600,-18240,-18000,-17640,-17400,-17040,-16800,-16440,-16200,-15840,-15600,-15240,-15000,-14640,-14400,-14040,-13800,-13440,-13200,-12840,-12600,-12240,-12000,-11640,-11400,-11040,-10800,-10440,-10200,-9840,-9600,-9240,-9000,-8640,-8400,-8040,-7800,-7440,-7200,-6840,-6600,-6240,-6000,-5640,-5400,-5040,-4800,-4440,-4200,-3840,-3600,-3240,-3000,-2640,-2400,-2040,-1800,-1440,-1200,-840,-600,-240,0,360,600,960,1200,1560,1800,2160,2400,2760,3000,3360,3600,3960,4200,4560,4800,5160,5400,5760,6000,6360,6600,6960,7200,7560,7800,8160,8400,8760,9000,9360,9600,9960,10200,10560,10800,11160,11400,11760,12000,12360,12600,12960,13200,13560,13800,14160,14400,14760,15000,15360,15600,15960,16200,16560,16800,17160,17400,17760,18000,18360,18600,18960,19200,19560,19800,20160,20400,20760,21000,21360,21600,21960,22200,22560,22800,23160,23400,23760,24000,24360,24600,24960,25200,25560,25800,26160,26400,26760,27000,27360,27600,27960,28200,28560,28800,29160,29400,29760,30000,30360,30600,30960,31200,31560,31800,32160,32400,32760,33000,33360,33600,33960,34200,34560,34800,35160,35400,35760,36000,36360,36600,36960,37200,37560,37800,38160,38400,38760,39000,39360,39600,39960,40200,40560,40800,41160,41400,41760,42000,42360,42600,42960,43200,43560,43800,44160,44400,44760,45000,45360,45600,45960,46200,46560,46800,47160,47400,47760,48000,48360,48600,48960,49200,49560,49800,50160,50400,50760,51000,51360,51600,51960,52200,52560,52800,53160,53400,53760,54000,54360,54600,54960,55200,55560,55800,56160,56400,56760,57000,57360,57600,57960,58200,58560,58800,59160,59400,59760,60000,60360,60600,60960,61200,61560,61800,62160,62400,62760,63000,63360,63600,63960,64200,64560,64800,65160,65400,65760,66000,66360,66600,66960,67200,67560,67800,68160,68400,68760,69000,69360,69600,69960,70200,70560,70800,71160,71400,71760,72000,72360,72600,72960,73200,73560,73800,74160,74400,74760,75000,75360,75600,75960,76200,76560,76800,77160,77400,77760,78000,78360,78600,78960,79200,79560,79800,80160,80400,80760,81000,81360,81600,81960,82200,82560,82800,83160,83400,83760,84000,84360,84600,84960,85200,85560,85800,86160,86400],"sog":[2.2,4.9,3.5,3.0,4.3,2.8,3.4,5.0,3.4,5.4,3.7,3.1,3.4,3.8,2.8,2.2,3.1,2.4,4.9,3.8,3.3,4.7,3.0,4.4,2.8,1.7,4.3,3.1,1.7,3.3,3.6,2.0,3.1,3.5,2.7,4.4,2.6,1.2,2.0,3.6,3.2,5.1,4.6,4.2,3.1,3.6,3.9,1.4,5.2,4.0,3.3,1.9,3.2,4.0,1.9,4.4,2.8,2.8,3.8,4.0,4.0,3.6,6.3,1.9,4.7,2.3,5.0,3.6,3.4,4.3,3.8,4.7,5.5,5.0,4.1,4.7,1.4,3.3,4.7,4.9,2.8,4.2,5.2,3.4,3.5,5.0,2.5,2.6,3.1,2.8,3.8,3.4,2.7,5.0,4.4,4.2,3.0,3.7,2.8,2.8,4.6,3.7,5.5,4.4,4.1,5.0,3.9,3.4,4.0,2.2,3.7,4.1,3.2,2.2,0.3,2.7,2.2,3.3,3.4,4.4,3.0,1.1,3.2,3.0,1.6,1.7,3.8,3.9,3.3,2.9,3.2,3.1,4.3,3.2,2.2,4.3,3.1,3.6,3.0,3.4,3.7,2.1,2.7,2.0,1.4,3.8,2.9,3.5,3.6,5.6,3.3,5.4,3.8,3.7,2.4,3.3,2.9,4.1,3.4,3.5,5.2,2.5,3.1,2.5,2.2,4.6,4.5,3.3,3.8,3.3,2.1,3.8,4.8,4.8,3.5,5.1,5.3,3.9,4.6,1.9,1.5,2.4,2.2,1.9,3.8,4.4,4.1,2.7,2.4,1.4,4.5,3.2,4.5,2.7,3.3,3.5,4.3,4.8,2.7,2.1,3.5,3.8,3.7,4.3,3.4,3.2,3.3,3.2,4.9,3.8,4.3,3.2,4.1,3.0,3.8,2.8,3.0,4.8,2.4,4.1,2.2,4.4,4.7,3.6,4.6,1.5,2.3,2.7,2.6,4.5,2.6,4.5,4.2,4.1,3.7,3.1,3.2,3.5,3.6,3.4,4.1,2.1,6.3,2.1,2.3,3.9,3.9,1.0,3.2,5.3,5.1,3.6,3.1,3.4,3.2,3.3,3.1,3.8,1.6,5.0,3.8,4.5,4.8,4.8,5.2,1.7,5.6,2.8,3.7,3.8,2.3,3.5,5.0,2.9,5.8,0.8,4.6,3.3,1.4,3.7,2.6,2.4,1.8,2.3,2.2,2.8,2.9,3.4,1.3,2.5,3.5,3.2,2.9,5.6,5.3,4.0,2.4,3.7,4.5,5.2,3.4,4.8,3.0,3.7,2.1,3.4,3.9,4.8,4.0,4.3,3.6,3.8,4.8,3.8,4.1,3.5,3.4,5.3,2.4,5.5,3.4,4.9,2.4,4.8,2.1,3.5,3.7,4.5,2.4,3.6,2.3,3.0,2.9,1.3,3.7,3.7,5.5,2.9,0.6,3.0,5.3,4.8,4.4,3.4,4.3,2.5,3.5,3.6,3.6,4.1,4.8,4.3,4.1,4.5,4.5,4.1,4.2,3.2,3.6,5.0,3.4,2.9,4.0,5.1,5.1,4.4,1.4,3.4,5.4,4.2,2.8,2.2,4.9,4.0,3.3,3.6,3.4,2.8,2.1,3.6,4.5,2.4,4.5,3.4,2.1,3.0,3.0,3.4,2.4,5.9,4.8,2.1,2.4,5.5,3.8,3.6,4.7,2.5,3.4,4.1,5.0,1.0,3.3,3.2,3.8,1.8,5.5,3.2,4.1,4.6,3.8,3.9,3.3,2.0,0.9,3.2,2.7,4.1,4.8,4.7,4.2,1.9,3.9,3.9,2.9,3.9,2.8,3.6,5.2,2.9,4.2,3.2,3.7,3.1,3.6,4.3,1.9,1.8,3.7,3.5,3.6,2.7,1.8,3.7,2.7,4.5,4.3,2.3,2.7,5.6,3.0,2.8,1.5,1.4,2.6,3.0,3.1,0.9,3.1,1.4,3.5,4.6,4.7,2.2,2.6,3.2,1.8,4.9,3.0,2.4,3.6,3.4,4.0,3.2,3.9,3.3,5.5,3.5,2.6,3.5,2.8,5.6,3.6,2.7,4.6,2.5,5.0,1.0,4.5,3.0,5.4,4.4,4.5,2.9,2.6,3.5,1.5,2.6,4.7,3.1,1.2,2.8,3.4,2.5,3.0,5.4,4.0,4.3,2.2,5.0,5.3,4.0,2.9,3.9,3.1,3.7,2.6,3.9,2.5,3.2,4.7,3.8,4.0,4.4,3.3,3.4,3.0,4.7,3.6,5.2,3.4,3.6,4.5,4.0,3.6,3.0,3.8,4.2,4.5,3.8,2.4,5.1,3.1,3.1,4.7,5.2,3.7,2.0,2.7,4.2,3.8,2.3,4.5,2.7,3.8,3.5,3.5,2.6,3.6,3.3,3.5,4.5,2.7,3.5,4.5,5.0,2.2,4.4,2.2,2.2,2.9,3.4,6.6,4.7,3.4,3.4,6.4,2.6,4.2,5.3,3.8,3.4,3.1,5.0,4.4,4.2,2.6,3.4,2.1,3.5,3.0,3.7,4.4,2.3,1.7,3.2,4.0,3.7,3.4,3.0,3.1,3.9,3.0,3.6,2.3,2.9,2.9,3.4,3.3,4.5,3.6,2.8,2.8,2.5,3.4,4.1,3.7,4.3,3.8,4.1,2.7,5.3,4.6,3.8,4.1,1.7,3.9,3.0,3.7,1.8,3.2,3.0,1.7,3.1,2.8,2.7,3.4,3.1,4.1,3.6,0.8,2.3,5.1,2.3,2.8,3.3,2.4,3.2,4.2,3.7,4.3,3.8,3.0,4.5,4.3,3.9,3.1,1.8,2.5,5.2,3.4,3.7,4.1,3.0,2.1,4.9,3.4,5.4,3.6,5.3,3.7,4.3,3.9,2.8,5.0,4.5,2.5,3.7,2.3,1.9,3.0,4.6,3.2,3.4,3.1,3.6,3.5,4.0,3.7,3.0,3.2,4.2,3.7,3.9,3.3,4.7,4.8,3.0,3.7,4.8,4.4,3.1,5.6,4.8,2.3,4.0,2.8,3.6,3.6,2.6,2.3,2.9,2.3,4.9,5.1,2.5,2.4,4.3,2.3,4.5,4.8,5.2,3.5,4.4,3.0,2.9,4.2,5.0,3.1,1.8,2.8,3.1,4.7,2.6,2.6,4.1,3.8,3.5,4.7,2.5,2.1,4.4,2.9,2.7,5.9,1.6,2.7,3.4,3.6,3.3,4.5,3.9,3.4,3.8,3.0,3.1,2.9,3.9,3.6,2.3,2.6,5.0,4.3,4.7,4.4,4.5,5.5,3.5,3.8,3.1,3.5,4.8,5.6,4.0,4.3,3.0,4.7,4.5,3.8,3.7,4.7,2.6,1.5,3.3,5.0,2.5,3.3,2.8,4.2,3.3,5.1,2.3,3.2,4.8,4.6,4.3,4.6,3.1,1.1,2.6,4.2,3.5,4.4,2.0,4.1,2.9,3.1,4.1,3.9,3.9,4.6,3.1,3.5,3.4,2.6,3.5,4.9,3.5,6.1,3.7,2.7,5.2,3.1,4.1,2.9,3.1,3.3,3.9,3.2,3.8,3.9,3.3,3.6,3.2,2.1,3.8,2.6,4.2,4.4,4.7,4.4,3.6,4.2,3.1,5.9,3.2,2.2,1.5,1.9,3.7,3.2,3.3,5.2,2.7,1.4,3.9,3.4,3.3,3.5,2.6,4.0,3.7,3.7,2.8,2.5,3.7,3.5,3.0,5.5,2.7,3.5,3.1,5.3,2.9,5.1,3.8,3.8,4.4,3.9,2.4,3.3,4.6,4.8,4.1,2.1,3.9,4.3,3.6,2.9,3.0,3.2,3.1,3.8,3.3,1.2,3.1,3.1,3.9,4.5,4.1,4.1,4.7,5.3,3.9,2.4,1.7,4.5,4.3,4.8,3.5,3.0,3.9,2.7,3.8,3.8,3.4,2.4,4.8,3.4,4.1,3.0,2.3,3.0,2.0,5.8,3.1,5.3,3.4,4.2,2.7,5.2,6.2,2.5,2.9,3.9,4.0,3.6,4.8,3.3,2.6,3.2,4.4,2.7,3.0,3.8,0.9,2.7,3.1,2.9,3.6,3.0,2.5,1.3,4.6,4.0,1.2,2.1,3.5,2.7,5.8,2.9,3.9,4.3,3.9,2.4,3.8,3.4,1.3,4.7,3.8,2.6,2.1,3.6,3.3,3.3,3.9,4.0,3.8,2.8,3.2,1.8,4.5,4.2,2.4,4.8,5.0,4.6,2.2,3.6,4.4,4.3,4.0,3.6,3.9,1.5,3.7,1.9,1.5,1.8,4.4,2.3,3.2,2.3,3.0,3.9,3.7,5.0,1.8,2.9,1.8,4.1,1.8,2.5,3.4,3.7,6.5,3.4,3.7,4.0,3.9,2.7,2.9,2.6,2.9,2.8,2.1,4.8,3.2,4.0,3.8,3.8,3.0,3.4,2.2,2.2,4.0,4.3,1.6,1.1,3.7,4.1,1.7,3.2,3.1,2.1,1.8,2.0,3.9,3.7,4.2,4.3,4.4,4.9,2.6,3.6,6.1,4.6,3.6,2.9,2.9,1.2,2.2,3.9,3.9,3.5,4.5,4.0,5.3,5.2,3.4,4.4,2.5,1.3,3.2,3.3,1.4,4.2,2.6,4.1,5.0,3.5,5.1,4.3,3.2,1.5,2.5,4.8,4.1,2.1,4.3,4.1,4.1,5.8,3.7,2.2,3.9,2.4,2.0,2.5,2.7,2.5,5.2,4.6,3.7,3.7,3.3,2.9,4.8,3.6,2.7,6.4,2.3,2.5,2.4,1.9,2.7,3.1,2.8,4.1,3.5,1.4,4.4,3.1,4.6,3.7,3.6,3.4,4.0,3.3,2.4,3.3,3.4,4.7,2.1,3.5,3.8,3.3,4.2,2.8,3.5,4.8,5.0,2.9,6.0,4.1,4.7,2.6,3.4,3.9,3.4,5.8,4.5,3.0]}},{"type":"Feature","geometry":{"type":"LineString","coordinates":[[82.5482,15.1497],[82.5571,15.1638],[82.5698,15.1853],[82.5785,15.1998],[82.5916,15.2213],[82.6002,15.2362],[82.6128,15.2579],[82.6222,15.2725],[82.6355,15.2942],[82.645,15.3085],[82.6587,15.3304],[82.668,15.3453],[82.6811,15.3661],[82.6899,15.381],[82.7031,15.4029],[82.7118,15.4168],[82.7247,15.4381],[82.7336,15.4527],[82.7462,15.4746],[82.7549,15.4887],[82.7685,15.5107],[82.7772,15.5254],[82.7903,15.5471],[82.7991,15.5615],[82.8121,15.5831],[82.8209,15.5973],[82.8347,15.6187],[82.8435,15.6329],[82.8571,15.6544],[82.8659,15.6686],[82.8792,15.69],[82.8884,15.7043],[82.9022,15.7258],[82.9116,15.7399],[82.9255,15.7611],[82.9354,15.7751],[82.95,15.7961],[82.9595,15.8104],[82.9738,15.8318],[82.9834,15.8452],[82.9979,15.8664],[83.0076,15.8803],[83.0212,15.902],[83.0313,15.9153],[83.0454,15.9366],[83.0556,15.9506],[83.0701,15.972],[83.0801,15.9851],[83.0951,16.0061],[83.105,16.0204],[83.1202,16.0411],[83.1301,16.0552],[83.1446,16.0762],[83.1544,16.0907],[83.1687,16.1122],[83.1784,16.1259],[83.193,16.1463],[83.203,16.1604],[83.2185,16.1805],[83.2291,16.1948],[83.2445,16.2153],[83.2546,16.2289],[83.2698,16.2496],[83.2799,16.2626],[83.2953,16.2831],[83.3058,16.2965],[83.3209,16.3163],[83.3315,16.3298],[83.3469,16.3504],[83.3579,16.3643],[83.3734,16.3843],[83.3835,16.3974],[83.4004,16.4172],[83.411,16.4307],[83.4269,16.4506],[83.4375,16.4642],[83.4538,16.4839],[83.4644,16.4969],[83.481,16.5166],[83.4916,16.5297],[83.5077,16.5499],[83.5186,16.5634],[83.5348,16.583],[83.5453,16.5962],[83.5618,16.6165],[83.5729,16.6298],[83.5893,16.6496],[83.6005,16.6623],[83.6173,16.6817],[83.6284,16.6944],[83.6455,16.7134],[83.6562,16.7268],[83.673,16.7456],[83.6841,16.7585],[83.701,16.778],[83.712,16.7907],[83.7283,16.8104],[83.7394,16.8238],[83.7545,16.8438],[83.7654,16.8571],[83.7808,16.8772],[83.7911,16.8913],[83.8066,16.9116],[83.8167,16.9255],[83.832,16.9459],[83.8426,16.9596],[83.8577,16.9787],[83.8682,16.9924],[83.8833,17.013],[83.8933,17.0265],[83.9076,17.0472],[83.917,17.0609],[83.9311,17.0824],[83.9406,17.0966],[83.9547,17.1173],[83.9645,17.1314],[83.9788,17.1522],[83.988,17.1668],[84.0016,17.1882],[84.011,17.2028],[84.0247,17.2246],[84.034,17.2389],[84.0474,17.2607],[84.0569,17.2752],[84.0709,17.2965],[84.0803,17.3102],[84.0948,17.3317],[84.1045,17.3461],[84.1193,17.3672],[84.1292,17.3812],[84.1439,17.4022],[84.1536,17.4162],[84.1678,17.4375],[84.1775,17.4523],[84.1907,17.4739],[84.1997,17.4881],[84.2133,17.5094],[84.2226,17.524],[84.2364,17.5454],[84.2455,17.5597],[84.2596,17.5812],[84.2689,17.5951],[84.283,17.6165],[84.2925,17.6309],[84.3063,17.6525],[84.3158,17.6669],[84.3297,17.6885],[84.3386,17.703],[84.3523,17.7245],[84.3613,17.7389],[84.3753,17.7602],[84.3846,17.774],[84.3985,17.7955],[84.4078,17.8096],[84.4223,17.8312],[84.4316,17.8451],[84.4453,17.8669],[84.4544,17.8811],[84.4681,17.9024],[84.4771,17.9166],[84.4909,17.9384],[84.4998,17.9534],[84.5129,17.975],[84.5212,17.9895],[84.5339,18.012],[84.542,18.0268],[84.554,18.0485],[84.5623,18.0637],[84.5741,18.0863],[84.5827,18.1011],[84.5954,18.123],[84.604,18.1379],[84.6159,18.1596],[84.6245,18.1747],[84.636,18.1981],[84.6437,18.213],[84.655,18.236],[84.6629,18.2508],[84.6746,18.2729],[84.683,18.288],[84.6948,18.3101],[84.7023,18.3249],[84.7143,18.3478],[84.7222,18.3624],[84.7351,18.3847],[84.7437,18.3998],[84.7563,18.4215],[84.7645,18.4364],[84.7771,18.4578],[84.7856,18.4724],[84.7987,18.4944]]},"properties":{"mmsi":997677522,"name":"SYN-CAR-22","role":"candidate","vessel_type":70,"synthetic":true,"t_offset_s":[-97391,-97151,-96791,-96551,-96191,-95951,-95591,-95351,-94991,-94751,-94391,-94151,-93791,-93551,-93191,-92951,-92591,-92351,-91991,-91751,-91391,-91151,-90791,-90551,-90191,-89951,-89591,-89351,-88991,-88751,-88391,-88151,-87791,-87551,-87191,-86951,-86591,-86351,-85991,-85751,-85391,-85151,-84791,-84551,-84191,-83951,-83591,-83351,-82991,-82751,-82391,-82151,-81791,-81551,-81191,-80951,-80591,-80351,-79991,-79751,-79391,-79151,-78791,-78551,-78191,-77951,-77591,-77351,-76991,-76751,-76391,-76151,-75791,-75551,-75191,-74951,-74591,-74351,-73991,-73751,-73391,-73151,-72791,-72551,-72191,-71951,-71591,-71351,-70991,-70751,-70391,-70151,-69791,-69551,-69191,-68951,-68591,-68351,-67991,-67751,-67391,-67151,-66791,-66551,-66191,-65951,-65591,-65351,-64991,-64751,-64391,-64151,-63791,-63551,-63191,-62951,-62591,-62351,-61991,-61751,-61391,-61151,-60791,-60551,-60191,-59951,-59591,-59351,-58991,-58751,-58391,-58151,-57791,-57551,-57191,-56951,-56591,-56351,-55991,-55751,-55391,-55151,-54791,-54551,-54191,-53951,-53591,-53351,-52991,-52751,-52391,-52151,-51791,-51551,-51191,-50951,-50591,-50351,-49991,-49751,-49391,-49151,-48791,-48551,-48191,-47951,-47591,-47351,-46991,-46751,-46391,-46151,-45791,-45551,-45191,-44951,-44591,-44351,-43991,-43751,-43391,-43151,-42791,-42551,-42191,-41951,-41591,-41351,-40991,-40751,-40391],"sog":[15.1,15.1,14.9,14.8,15.1,14.7,14.9,14.7,15.4,15.5,15.8,15.2,14.9,15.3,15.6,14.7,14.9,15.0,14.9,15.2,14.8,15.4,15.3,14.7,15.0,14.4,15.0,15.0,14.5,14.5,15.1,15.0,15.1,15.4,15.0,15.7,15.7,15.3,14.9,15.1,14.8,15.3,15.2,14.8,15.1,15.8,15.0,14.7,15.6,15.4,15.5,15.3,15.2,15.3,15.6,15.4,15.0,15.5,15.2,15.5,15.3,15.4,15.0,15.1,14.8,15.1,15.2,15.0,15.4,15.6,15.4,14.6,15.3,15.7,15.0,15.6,14.8,14.9,15.3,15.0,15.5,15.2,15.8,15.1,15.2,15.5,15.2,15.0,15.2,14.6,15.2,15.2,15.0,14.7,15.7,15.2,15.4,14.9,15.0,15.5,15.0,15.6,14.6,14.9,15.4,15.3,14.6,15.0,15.2,14.7,15.0,14.9,15.4,14.7,14.7,15.3,15.1,15.0,15.2,15.6,15.2,15.0,15.3,15.1,15.1,14.5,15.4,15.3,15.2,15.2,14.6,15.2,15.4,15.1,15.0,15.1,15.3,15.4,14.6,15.5,14.9,15.1,15.3,15.6,15.3,15.4,14.5,15.5,14.8,15.4,14.8,14.6,15.4,15.7,15.7,15.3,14.7,15.1,15.2,15.2,15.1,15.5,15.0,15.0,15.3,15.2,15.3,15.4,14.1,15.5,14.7,15.3,14.9,14.8,15.7,15.0,15.4,14.7,14.8,15.1,15.1,14.8,14.8,15.0,15.2,15.3,15.1,15.2,15.1,14.8,14.7]}},{"type":"Feature","geometry":{"type":"LineString","coordinates":[[83.0576,13.2467],[83.049,13.2362],[83.0375,13.2214],[83.0292,13.211],[83.0174,13.1963],[83.0094,13.1859],[82.9974,13.1712],[82.9892,13.1612],[82.9777,13.1462],[82.969,13.1359],[82.9574,13.1206],[82.9494,13.1109],[82.9376,13.0961],[82.93,13.0861],[82.9179,13.0708],[82.91,13.0613],[82.8977,13.0467],[82.8895,13.0368],[82.8772,13.0218],[82.8693,13.012],[82.8574,12.997],[82.8492,12.9868],[82.8373,12.9714],[82.8296,12.9615],[82.8176,12.9459],[82.8096,12.9358],[82.7979,12.9205],[82.7904,12.9103],[82.7788,12.8942],[82.7709,12.8838],[82.7593,12.8683],[82.7513,12.8582],[82.7399,12.8429],[82.732,12.8323],[82.7201,12.8173],[82.7126,12.807],[82.7008,12.7918],[82.6927,12.7816],[82.6807,12.7661],[82.6722,12.7553],[82.6601,12.7412],[82.6518,12.7318],[82.639,12.7168],[82.6307,12.7077],[82.618,12.6929],[82.6098,12.6834],[82.5973,12.6686],[82.5891,12.6585],[82.5768,12.6435],[82.5682,12.6331],[82.5559,12.6181],[82.548,12.6083],[82.5358,12.5927],[82.5272,12.5831],[82.5151,12.5679],[82.5069,12.5586],[82.4944,12.5439],[82.4861,12.5344],[82.473,12.5196],[82.4646,12.5094],[82.4519,12.4942],[82.4444,12.484],[82.4324,12.4687],[82.4245,12.4589],[82.4125,12.4441],[82.4047,12.4342],[82.3929,12.4191],[82.3848,12.4092],[82.3726,12.394],[82.3648,12.3845],[82.3523,12.3694],[82.3439,12.3592],[82.3312,12.3445],[82.3226,12.3349],[82.3101,12.3204],[82.3016,12.31],[82.2897,12.2964],[82.2814,12.2866],[82.2685,12.2718],[82.2602,12.2618],[82.2474,12.2472],[82.2394,12.2378],[82.227,12.2236],[82.2185,12.2138],[82.2058,12.1993],[82.1975,12.1896],[82.1848,12.1749],[82.176,12.1655],[82.1628,12.1505],[82.1545,12.1412],[82.1417,12.1268],[82.1327,12.1174],[82.1206,12.1037],[82.1116,12.0939],[82.0986,12.0793],[82.0899,12.0698],[82.0772,12.0562],[82.0683,12.0464],[82.0551,12.0321],[82.0466,12.0225],[82.0331,12.0081],[82.0245,11.9987],[82.0111,11.9847],[82.0025,11.9753],[81.9892,11.9615],[81.9809,11.952],[81.9674,11.938],[81.9588,11.9285],[81.945,11.9146],[81.936,11.9045],[81.9228,11.8901],[81.914,11.8805],[81.9009,11.8664],[81.8924,11.8569],[81.8801,11.8429],[81.8718,11.8331],[81.8598,11.8177],[81.8518,11.8081],[81.8396,11.7928],[81.8316,11.7827],[81.8195,11.7675],[81.8116,11.7575],[81.7995,11.7427],[81.7913,11.7326],[81.7797,11.7177],[81.7717,11.708],[81.759,11.6926],[81.7508,11.6828],[81.7383,11.6681],[81.7302,11.6586],[81.7173,11.6441],[81.7085,11.6345],[81.695,11.6204],[81.6867,11.6108],[81.6738,11.5964],[81.665,11.587],[81.6521,11.5728],[81.6434,11.5624],[81.6305,11.5481],[81.6223,11.5386],[81.6097,11.5243],[81.6017,11.5145],[81.5887,11.4999],[81.5805,11.4903],[81.5672,11.4758],[81.5588,11.4658],[81.546,11.4511],[81.5375,11.4412],[81.5247,11.4265],[81.5167,11.4168],[81.5042,11.4023],[81.4956,11.3922],[81.4836,11.3778],[81.475,11.368],[81.4625,11.353],[81.4541,11.3435],[81.4415,11.3292],[81.4333,11.3199],[81.4207,11.3056],[81.4122,11.2957],[81.3993,11.2814],[81.3907,11.2716],[81.3783,11.2571],[81.3698,11.2473],[81.357,11.2331],[81.348,11.2235],[81.3357,11.21],[81.3266,11.2007],[81.3141,11.1866],[81.3053,11.1765],[81.2923,11.162],[81.2843,11.1524],[81.2718,11.1376],[81.2635,11.1278],[81.2514,11.1124],[81.2428,11.1028],[81.2311,11.0885],[81.2231,11.0783],[81.2105,11.0634],[81.2021,11.0535],[81.1901,11.0389],[81.1819,11.0292],[81.169,11.0144],[81.161,11.0047],[81.1487,10.9902],[81.1408,10.9805],[81.1281,10.9653],[81.1196,10.955],[81.1078,10.94],[81.0999,10.9309],[81.088,10.9162],[81.0797,10.9064],[81.0672,10.8911],[81.059,10.8809],[81.0464,10.8662],[81.0381,10.8563],[81.0263,10.8415],[81.0181,10.8313],[81.006,10.8166],[80.9974,10.8064],[80.9854,10.792],[80.9769,10.7825],[80.9646,10.7674],[80.9564,10.7576],[80.9443,10.7427],[80.9363,10.732],[80.9244,10.7168],[80.9164,10.7067],[80.9048,10.692],[80.8971,10.6817],[80.8852,10.6662],[80.8778,10.6561],[80.8658,10.6406],[80.8581,10.6308],[80.8467,10.6152],[80.8389,10.6045],[80.8279,10.5884],[80.8202,10.578],[80.8094,10.5622],[80.8015,10.5518],[80.7902,10.536],[80.7825,10.5252],[80.7713,10.51],[80.7637,10.499],[80.7527,10.4834],[80.7456,10.473],[80.734,10.457],[80.7269,10.4465],[80.7152,10.4303],[80.7081,10.4202],[80.6964,10.4045],[80.6887,10.3946],[80.6772,10.3789],[80.6694,10.3687],[80.6579,10.3533],[80.6504,10.3435],[80.6394,10.3279],[80.6318,10.3178],[80.6201,10.3026],[80.6122,10.2924],[80.6006,10.277],[80.5931,10.267],[80.5812,10.2521],[80.5731,10.2421],[80.5613,10.2265],[80.5536,10.2167],[80.5424,10.2006],[80.535,10.1902],[80.5236,10.1746],[80.5161,10.1645],[80.5045,10.149],[80.4966,10.1381],[80.4847,10.1229],[80.4768,10.1127],[80.4657,10.0975],[80.4583,10.0872],[80.4469,10.0713],[80.4394,10.0609],[80.4281,10.0453],[80.4205,10.0346],[80.4099,10.0194],[80.4024,10.0089],[80.3912,9.9932],[80.3833,9.9828],[80.3719,9.967],[80.3639,9.9568],[80.3534,9.9412],[80.3451,9.9308],[80.3336,9.9147],[80.326,9.9043],[80.3141,9.8889],[80.3064,9.8782],[80.2947,9.8631],[80.2863,9.8529],[80.275,9.8377],[80.2669,9.828],[80.1207,9.6328],[80.113,9.6229]]},"properties":{"mmsi":997838782,"name":"SYN-CAR-12","role":"candidate","vessel_type":70,"synthetic":true,"t_offset_s":[-173882,-173642,-173282,-173042,-172682,-172442,-172082,-171842,-171482,-171242,-170882,-170642,-170282,-170042,-169682,-169442,-169082,-168842,-168482,-168242,-167882,-167642,-167282,-167042,-166682,-166442,-166082,-165842,-165482,-165242,-164882,-164642,-164282,-164042,-163682,-163442,-163082,-162842,-162482,-162242,-161882,-161642,-161282,-161042,-160682,-160442,-160082,-159842,-159482,-159242,-158882,-158642,-158282,-158042,-157682,-157442,-157082,-156842,-156482,-156242,-155882,-155642,-155282,-155042,-154682,-154442,-154082,-153842,-153482,-153242,-152882,-152642,-152282,-152042,-151682,-151442,-151082,-150842,-150482,-150242,-149882,-149642,-149282,-149042,-148682,-148442,-148082,-147842,-147482,-147242,-146882,-146642,-146282,-146042,-145682,-145442,-145082,-144842,-144482,-144242,-143882,-143642,-143282,-143042,-142682,-142442,-142082,-141842,-141482,-141242,-140882,-140642,-140282,-140042,-139682,-139442,-139082,-138842,-138482,-138242,-137882,-137642,-137282,-137042,-136682,-136442,-136082,-135842,-135482,-135242,-134882,-134642,-134282,-134042,-133682,-133442,-133082,-132842,-132482,-132242,-131882,-131642,-131282,-131042,-130682,-130442,-130082,-129842,-129482,-129242,-128882,-128642,-128282,-128042,-127682,-127442,-127082,-126842,-126482,-126242,-125882,-125642,-125282,-125042,-124682,-124442,-124082,-123842,-123482,-123242,-122882,-122642,-122282,-122042,-121682,-121442,-121082,-120842,-120482,-120242,-119882,-119642,-119282,-119042,-118682,-118442,-118082,-117842,-117482,-117242,-116882,-116642,-116282,-116042,-115682,-115442,-115082,-114842,-114482,-114242,-113882,-113642,-113282,-113042,-112682,-112442,-112082,-111842,-111482,-111242,-110882,-110642,-110282,-110042,-109682,-109442,-109082,-108842,-108482,-108242,-107882,-107642,-107282,-107042,-106682,-106442,-106082,-105842,-105482,-105242,-104882,-104642,-104282,-104042,-103682,-103442,-103082,-102842,-102482,-102242,-101882,-101642,-101282,-101042,-100682,-100442,-100082,-99842,-99482,-99242,-98882,-98642,-98282,-98042,-97682,-97442,-97082,-96842,-96482,-96242,-95882,-95642,-95282,-95042,-94682,-94442,-94082,-93842,-93482,-93242,-92882,-92642,-92282,-92042,-91682,-91442,-86882,-86642],"sog":[11.4,11.4,11.5,11.4,11.4,11.6,11.5,11.4,11.6,11.5,11.4,11.3,11.5,11.1,11.3,10.5,11.3,11.6,11.3,10.8,11.7,11.7,11.6,10.9,11.7,11.1,11.4,11.1,11.6,11.4,11.9,11.7,10.8,11.6,11.1,11.4,11.3,11.7,11.7,12.2,11.2,11.3,11.0,11.2,11.5,10.9,11.4,11.7,11.6,11.6,11.4,11.2,12.4,11.7,11.3,11.1,11.6,11.4,11.9,11.8,11.6,11.6,11.3,11.1,11.0,11.1,11.7,11.5,11.3,11.0,11.8,11.9,11.8,11.0,11.2,11.6,10.8,11.1,10.9,11.3,11.7,11.3,10.9,11.6,11.6,11.7,11.3,11.8,11.8,11.7,11.3,11.4,10.2,12.3,12.0,11.6,11.3,11.6,11.6,11.6,11.3,11.3,11.1,11.8,11.9,10.9,11.5,10.9,11.5,11.7,11.1,11.4,11.5,11.0,10.8,11.5,11.3,11.1,11.8,11.5,11.7,11.2,11.5,11.2,11.6,10.9,11.8,11.3,11.6,10.9,11.4,11.3,11.6,11.1,11.5,11.6,11.3,11.5,11.0,11.7,11.0,11.1,11.6,11.4,11.8,11.6,11.6,11.5,11.2,11.5,11.3,11.4,11.3,11.2,11.2,11.5,11.6,10.8,11.1,11.5,11.8,11.6,11.5,11.5,11.5,11.2,10.9,10.9,11.2,11.6,11.3,11.6,11.5,11.2,11.6,10.8,11.3,11.6,11.4,11.4,11.6,11.4,11.8,11.4,10.8,11.3,11.6,11.5,11.7,11.2,11.3,11.0,11.3,11.6,11.0,11.7,11.3,11.5,11.3,11.7,10.9,11.4,11.3,11.6,11.7,11.6,11.1,11.7,11.3,11.4,11.4,11.4,11.9,11.0,11.1,11.2,11.4,11.6,11.5,11.4,11.3,11.7,10.8,11.7,11.1,11.8,11.1,11.2,11.9,11.2,11.6,10.8,11.5,11.4,11.8,11.1,11.1,11.1,11.4,11.7,11.4,11.3,11.5,11.5,11.5,11.4,11.6,11.2,11.6,11.7,11.5,11.2,11.4,11.8,11.2,11.3,12.0,11.6,11.6,11.5,10.6,11.1,11.7,11.7,11.3,11.6,11.1,11.8,12.3,11.7,11.4,11.2,11.1,11.7,11.2,11.5,11.5,11.2]}},{"type":"Feature","geometry":{"type":"LineString","coordinates":[[81.9929,12.6777],[82.0069,12.6909],[82.0161,12.7],[82.0299,12.7126],[82.039,12.7216],[82.0526,12.7345],[82.0621,12.7431],[82.0769,12.7564],[82.0864,12.7648],[82.1011,12.7781],[82.1105,12.7868],[82.1251,12.8001],[82.1349,12.8087],[82.149,12.8218],[82.1589,12.831],[82.1726,12.8446],[82.182,12.8539],[82.1954,12.8675],[82.2047,12.876],[82.2184,12.8893],[82.2276,12.8983],[82.2418,12.9119],[82.2511,12.9204],[82.2658,12.9339],[82.2754,12.9428],[82.2893,12.9565],[82.2984,12.9658],[82.3122,12.9797],[82.3211,12.9885],[82.3351,13.0023],[82.3443,13.0112],[82.3584,13.025],[82.3672,13.0339],[82.3814,13.0474],[82.3911,13.0566],[82.4056,13.0695],[82.4144,13.0781],[82.4292,13.0912],[82.4384,13.0999],[82.4529,13.1125],[82.4627,13.1214],[82.4772,13.1344],[82.4873,13.143],[82.5024,13.1556],[82.5124,13.164],[82.5269,13.1763],[82.5367,13.1843],[82.5522,13.1964],[82.5622,13.2043],[82.5774,13.2164],[82.5877,13.2245],[82.6028,13.2364],[82.613,13.2443],[82.6283,13.2562],[82.6385,13.2645],[82.6536,13.2771],[82.6637,13.2853],[82.6789,13.2972],[82.6887,13.3052],[82.7043,13.3179],[82.7149,13.3257],[82.7305,13.3382],[82.7406,13.3462],[82.7561,13.3579],[82.7669,13.3661],[82.7827,13.378],[82.7935,13.386],[82.8094,13.3969],[82.8199,13.4046],[82.8356,13.4161],[82.8457,13.4237],[82.8613,13.4358],[82.8711,13.4437],[82.8865,13.4565],[82.8967,13.4647],[82.9115,13.4772],[82.9215,13.485],[82.9363,13.4973],[82.9466,13.5058],[82.9614,13.5184],[82.9712,13.5266],[82.986,13.5387],[82.9966,13.547],[83.0114,13.5592],[83.0214,13.5676],[83.0368,13.5802],[83.0467,13.5889],[83.062,13.601],[83.0716,13.6093],[83.0869,13.6217],[83.0965,13.6302],[83.1115,13.6433],[83.1215,13.6515],[83.1361,13.6644],[83.1457,13.6723],[83.1605,13.6847],[83.1699,13.6931],[83.1846,13.7061],[83.1945,13.7147],[83.209,13.7277],[83.2183,13.7363],[83.2331,13.7491],[83.2423,13.7574],[83.2565,13.7708],[83.2661,13.7792],[83.2809,13.7919],[83.2912,13.8005],[83.3059,13.8137],[83.3162,13.8223],[83.3313,13.8345],[83.3415,13.8431],[83.3569,13.8553],[83.3669,13.8634],[83.3822,13.8755],[83.3923,13.8836],[83.4079,13.8955],[83.418,13.903],[83.4339,13.9152],[83.4442,13.9231],[83.4596,13.9354],[83.4701,13.9432],[83.4856,13.9547],[83.4957,13.9628],[83.5114,13.9747],[83.5217,13.9826],[83.5371,13.9942],[83.5479,14.0021],[83.5633,14.0132],[83.5737,14.0211],[83.59,14.0327],[83.601,14.0403],[83.6162,14.0521],[83.6265,14.0596],[83.6416,14.0713],[83.6518,14.0792],[83.667,14.0912],[83.6773,14.0991],[83.6928,14.1108],[83.7037,14.1187],[83.7191,14.1302],[83.7294,14.1385],[83.7443,14.1507],[83.7544,14.1589],[83.7697,14.1713],[83.7798,14.1797],[83.7945,14.1918],[83.805,14.2006],[83.82,14.2126],[83.8299,14.2214],[83.8445,14.2339],[83.854,14.2424],[83.869,14.2545],[83.879,14.2629],[83.8942,14.2761],[83.9037,14.2841],[83.9182,14.2968],[83.9277,14.3051],[83.9421,14.318],[83.9519,14.3267],[83.9665,14.3395],[83.9763,14.3475],[83.9913,14.36],[84.0012,14.3678],[84.0163,14.3803],[84.0264,14.3884],[84.0416,14.4001],[84.0518,14.4085],[84.0674,14.42],[84.0774,14.4276],[84.0921,14.4392],[84.1025,14.4468],[84.118,14.4588],[84.1282,14.467],[84.1434,14.4788],[84.1532,14.4866],[84.1681,14.4985],[84.179,14.5063],[84.1943,14.5179],[84.205,14.526],[84.2206,14.5376],[84.2313,14.5455],[84.2475,14.5569],[84.2582,14.5645],[84.2735,14.576],[84.2838,14.5839],[84.2994,14.5955],[84.3091,14.6034],[84.325,14.615],[84.3353,14.6232],[84.3509,14.6346],[84.361,14.6424],[84.3762,14.6549],[84.3868,14.6626],[84.4023,14.6748],[84.4124,14.6824],[84.4278,14.6949],[84.4382,14.7029],[84.4539,14.7146],[84.4646,14.7222],[84.4798,14.7339],[84.4902,14.7414],[84.5065,14.753],[84.5175,14.7605],[84.5332,14.7716],[84.5436,14.7791],[84.5594,14.7899],[84.5706,14.7968],[84.5864,14.8077],[84.5974,14.8155],[84.6137,14.8261],[84.6244,14.8333],[84.6407,14.8442],[84.6515,14.8512],[84.6676,14.862],[84.6784,14.8691],[84.6943,14.8802],[84.7046,14.8875],[84.7207,14.8986],[84.7317,14.9063],[84.7476,14.9178],[84.7583,14.9255],[84.774,14.9373],[84.7841,14.9448],[84.8002,14.9565],[84.8107,14.9643],[84.8265,14.9757],[84.8369,14.9835],[84.8525,14.9949],[84.8628,15.003],[84.8781,15.0144],[84.8887,15.0223],[84.9044,15.0342],[84.9144,15.0412],[84.9308,15.0533],[84.9413,15.061],[84.957,15.0727],[84.9674,15.0802],[84.9831,15.0923],[84.9934,15.1003],[85.0085,15.1126],[85.0188,15.1202],[85.0345,15.1326],[85.0445,15.1397],[85.0596,15.1518],[85.0698,15.1597],[85.0849,15.1718],[85.0944,15.1795],[85.1096,15.1921],[85.1201,15.2009],[85.1351,15.2132],[85.1446,15.2218],[85.1597,15.2342],[85.1698,15.2425],[85.1847,15.2551],[85.1953,15.2632],[85.2098,15.2753],[85.2198,15.2835],[85.2347,15.2952],[85.2451,15.3036],[85.2597,15.3157],[85.2698,15.3235],[85.2841,15.336],[85.2943,15.3445],[85.3087,15.3568],[85.3182,15.3654],[85.3337,15.3784],[85.3434,15.3869],[85.3583,15.3994],[85.3685,15.408],[85.3833,15.421],[85.3926,15.4292],[85.4071,15.4428],[85.4162,15.4514],[85.4307,15.4651],[85.4404,15.474],[85.4546,15.4878],[85.4645,15.4966],[85.4785,15.5096],[85.488,15.5185],[85.5022,15.5321],[85.5112,15.5411],[85.5251,15.5549],[85.5342,15.5633],[85.5477,15.5757],[85.5572,15.5845],[85.5715,15.598],[85.5812,15.6063],[85.5958,15.6195],[85.6055,15.6282],[85.6194,15.6408],[85.6292,15.6497],[85.6437,15.6623],[85.6538,15.6707],[85.6685,15.6835],[85.6782,15.6919],[85.6926,15.7051],[85.7027,15.7136],[85.7175,15.7268],[85.7268,15.7352],[85.7417,15.7482],[85.7516,15.7567],[85.7663,15.7696],[85.7754,15.7776],[85.79,15.7905],[85.7997,15.799],[85.8137,15.8118],[85.8236,15.8206],[85.8378,15.8333],[85.8473,15.8426],[85.8616,15.856],[85.8709,15.8651],[85.8852,15.8786],[85.8947,15.887],[85.9093,15.9005],[85.9185,15.91],[85.9331,15.923],[85.9422,15.9321],[85.9563,15.9446],[85.9657,15.9533],[85.98,15.9667],[85.9901,15.9753],[86.0047,15.9885],[86.0144,15.9974],[86.0289,16.011],[86.0382,16.0196],[86.053,16.0335],[86.0619,16.0422],[86.0757,16.056],[86.0856,16.0652],[86.0994,16.0782],[86.1094,16.087],[86.124,16.1001],[86.1335,16.1084],[86.148,16.1212],[86.158,16.1295],[86.1731,16.1421],[86.1827,16.1505],[86.1979,16.1635],[86.2076,16.1721],[86.2223,16.1846],[86.2317,16.1927],[86.2469,16.2056],[86.2562,16.2138],[86.271,16.2268],[86.2807,16.2353],[86.2958,16.2486],[86.3056,16.2575],[86.3197,16.2708],[86.3293,16.2792],[86.3438,16.2924],[86.3532,16.3017],[86.3673,16.315],[86.3771,16.3234],[86.3908,16.3374],[86.4002,16.3459],[86.4145,16.3597],[86.4238,16.369],[86.4379,16.3823],[86.447,16.3916],[86.462,16.4047],[86.4712,16.4137],[86.4855,16.4265],[86.4948,16.4354]]},"properties":{"mmsi":998373880,"name":"SYN-CAR-20","role":"candidate","vessel_type":70,"synthetic":true,"t_offset_s":[-131049,-130689,-130449,-130089,-129849,-129489,-129249,-128889,-128649,-128289,-128049,-127689,-127449,-127089,-126849,-126489,-126249,-125889,-125649,-125289,-125049,-124689,-124449,-124089,-123849,-123489,-123249,-122889,-122649,-122289,-122049,-121689,-121449,-121089,-120849,-120489,-120249,-119889,-119649,-119289,-119049,-118689,-118449,-118089,-117849,-117489,-117249,-116889,-116649,-116289,-116049,-115689,-115449,-115089,-114849,-114489,-114249,-113889,-113649,-113289,-113049,-112689,-112449,-112089,-111849,-111489,-111249,-110889,-110649,-110289,-110049,-109689,-109449,-109089,-108849,-108489,-108249,-107889,-107649,-107289,-107049,-106689,-106449,-106089,-105849,-105489,-105249,-104889,-104649,-104289,-104049,-103689,-103449,-103089,-102849,-102489,-102249,-101889,-101649,-101289,-101049,-100689,-100449,-100089,-99849,-99489,-99249,-98889,-98649,-98289,-98049,-97689,-97449,-97089,-96849,-96489,-96249,-95889,-95649,-95289,-95049,-94689,-94449,-94089,-93849,-93489,-93249,-92889,-92649,-92289,-92049,-91689,-91449,-91089,-90849,-90489,-90249,-89889,-89649,-89289,-89049,-88689,-88449,-88089,-87849,-87489,-87249,-86889,-86649,-86289,-86049,-85689,-85449,-85089,-84849,-84489,-84249,-83889,-83649,-83289,-83049,-82689,-82449,-82089,-81849,-81489,-81249,-80889,-80649,-80289,-80049,-79689,-79449,-79089,-78849,-78489,-78249,-77889,-77649,-77289,-77049,-76689,-76449,-76089,-75849,-75489,-75249,-74889,-74649,-74289,-74049,-73689,-73449,-73089,-72849,-72489,-72249,-71889,-71649,-71289,-71049,-70689,-70449,-70089,-69849,-69489,-69249,-68889,-68649,-68289,-68049,-67689,-67449,-67089,-66849,-66489,-66249,-65889,-65649,-65289,-65049,-64689,-64449,-64089,-63849,-63489,-63249,-62889,-62649,-62289,-62049,-61689,-61449,-61089,-60849,-60489,-60249,-59889,-59649,-59289,-59049,-58689,-58449,-58089,-57849,-57489,-57249,-56889,-56649,-56289,-56049,-55689,-55449,-55089,-54849,-54489,-54249,-53889,-53649,-53289,-53049,-52689,-52449,-52089,-51849,-51489,-51249,-50889,-50649,-50289,-50049,-49689,-49449,-49089,-48849,-48489,-48249,-47889,-47649,-47289,-47049,-46689,-46449,-46089,-45849,-45489,-45249,-44889,-44649,-44289,-44049,-43689,-43449,-43089,-42849,-42489,-42249,-41889,-41649,-41289,-41049,-40689,-40449,-40089,-39849,-39489,-39249,-38889,-38649,-38289,-38049,-37689,-37449,-37089,-36849,-36489,-36249,-35889,-35649,-35289,-35049,-34689,-34449,-34089,-33849,-33489,-33249,-32889,-32649,-32289,-32049,-31689,-31449,-31089,-30849,-30489,-30249,-29889,-29649,-29289,-29049,-28689,-28449,-28089,-27849,-27489,-27249,-26889,-26649,-26289,-26049,-25689,-25449,-25089,-24849,-24489,-24249,-23889,-23649,-23289,-23049,-22689,-22449],"sog":[11.9,10.9,11.6,11.3,10.9,11.7,11.0,12.0,11.7,11.7,11.3,11.6,11.8,11.6,11.6,11.3,11.6,11.4,11.7,11.2,11.4,11.5,11.0,11.5,11.7,11.2,11.6,11.6,11.4,11.4,11.3,11.7,11.4,11.3,11.7,11.0,11.1,11.8,11.3,11.3,11.5,11.4,11.7,12.2,12.0,11.4,11.3,11.2,11.4,11.0,11.1,11.6,11.7,11.8,11.2,11.9,11.2,11.6,10.8,11.5,12.0,11.7,11.3,11.2,11.8,11.6,11.6,11.1,11.3,11.9,11.3,11.5,11.7,11.4,11.8,11.5,11.3,11.6,11.3,11.3,11.5,11.3,11.8,11.3,11.7,11.2,12.1,11.6,11.6,11.4,11.6,11.8,11.5,11.1,11.4,11.5,11.2,11.5,11.6,12.0,11.2,11.6,11.2,11.5,11.4,11.5,11.4,11.7,11.4,11.5,11.6,11.2,11.6,11.9,11.3,11.6,11.4,11.6,11.6,11.7,11.3,11.0,11.1,11.4,11.7,11.4,11.8,11.2,11.5,11.8,11.7,11.5,11.3,11.4,11.1,11.7,11.8,11.5,11.7,11.5,11.8,11.2,11.7,11.4,11.8,11.2,11.6,11.7,11.6,11.6,11.8,10.9,11.8,11.6,11.2,11.4,11.0,11.6,10.8,11.6,11.3,12.0,11.0,11.8,11.1,11.4,11.7,11.5,11.0,11.2,11.5,11.6,11.4,11.2,11.3,11.4,11.6,11.4,11.6,11.3,11.9,11.9,11.6,11.7,11.3,11.7,11.4,11.3,12.0,11.7,11.5,11.4,11.3,11.8,11.4,11.4,11.3,11.3,11.9,11.0,11.9,11.8,11.7,11.5,10.8,11.7,11.5,11.3,12.1,11.4,11.2,12.0,11.2,11.7,11.2,11.8,11.3,11.9,11.9,11.9,11.5,11.7,11.1,12.0,11.7,11.5,10.8,11.1,11.7,11.2,11.8,11.7,11.4,11.7,11.7,11.3,11.5,11.8,11.2,11.7,11.3,11.3,11.0,11.0,11.0,11.3,11.1,11.5,12.3,11.4,11.3,11.6,11.8,11.4,12.0,10.9,11.2,11.9,11.9,11.9,11.1,11.5,11.5,11.1,11.4,11.7,11.3,11.3,11.4,11.3,11.4,12.0,11.4,11.6,12.2,11.4,11.9,11.0,11.8,11.4,11.6,11.7,11.2,10.9,11.4,11.6,11.2,11.2,12.0,11.5,11.9,11.0,11.5,11.3,11.3,11.6,10.9,11.8,11.6,11.5,11.5,11.7,10.5,11.2,11.0,11.1,11.9,11.0,11.5,11.5,11.5,11.4,11.4,11.7,12.0,11.3,11.6,11.0,11.1,11.6,11.8,11.4,11.7,11.5,11.4,11.6,11.4,11.5,11.8,11.5,11.6,11.5,11.3,11.2,11.7,11.3,11.3,11.8,11.5,11.3,11.2,11.5,11.0,12.3,11.7,11.7,11.3,11.8,11.3,11.8,11.2,10.9,11.5,11.7,11.8,11.7,11.4,11.4,11.4,11.9,11.4,11.2,11.7]}}],"properties":{"t_image":"2024-11-05T00:30:00Z","step_s":300,"source":"synthetic AIS (PS-permitted)"}}