{"type":"FeatureCollection","features":[{"type":"Feature","geometry":{"type":"LineString","coordinates":[[76.9908,7.9729],[76.9939,7.9668],[77.0028,7.9497],[77.009,7.9381],[77.0181,7.9201],[77.0238,7.9087],[77.0329,7.8915],[77.039,7.8795],[77.0476,7.8615],[77.0531,7.8503],[77.0619,7.8321],[77.0677,7.8197],[77.0763,7.8019],[77.0825,7.7901],[77.0911,7.7727],[77.097,7.7611],[77.1054,7.7436],[77.1112,7.7317],[77.1202,7.7138],[77.1263,7.7023],[77.1353,7.6848],[77.1406,7.6734],[77.1493,7.6554],[77.1555,7.6433],[77.1642,7.6258],[77.1701,7.6141],[77.1791,7.597],[77.1853,7.5852],[77.1943,7.568],[77.2007,7.5566],[77.2099,7.5389],[77.2162,7.5271],[77.2249,7.5098],[77.2317,7.4976],[77.2416,7.4805],[77.2475,7.4692],[77.2572,7.452],[77.2639,7.4406],[77.2744,7.4232],[77.2811,7.4122],[77.2912,7.3954],[77.298,7.384],[77.3082,7.3671],[77.315,7.3556],[77.3245,7.3391],[77.3311,7.3278],[77.3414,7.3102],[77.3473,7.299],[77.3571,7.2819],[77.3638,7.2703],[77.3736,7.2539],[77.3802,7.2424],[77.3906,7.2251],[77.3973,7.2138],[77.4076,7.1968],[77.4146,7.1849],[77.4248,7.1678],[77.4314,7.1566],[77.4412,7.1396],[77.4476,7.1282],[77.4573,7.1112],[77.464,7.0999],[77.4736,7.0826],[77.4802,7.071],[77.4895,7.0544],[77.4964,7.0426],[77.5058,7.0259],[77.5127,7.0147],[77.5223,6.9976],[77.5293,6.9864],[77.5396,6.9693],[77.5462,6.9585],[77.557,6.9419],[77.5646,6.9306],[77.5748,6.9138],[77.5815,6.9021],[77.5912,6.8849],[77.5974,6.8734],[77.6067,6.856],[77.6134,6.8444],[77.6229,6.8266],[77.6293,6.8149],[77.6389,6.7972],[77.6449,6.7861],[77.6544,6.7685],[77.6612,6.7568],[77.6702,6.7394],[77.6764,6.7282],[77.6865,6.7107],[77.6929,6.6992],[77.7032,6.6817],[77.7103,6.6701],[77.7203,6.6529],[77.7275,6.6412],[77.7379,6.6238],[77.7445,6.6124],[77.7548,6.595],[77.7611,6.5837],[77.7708,6.5663],[77.7777,6.5547],[77.7871,6.5373],[77.7937,6.5259],[77.8034,6.5087],[77.8096,6.4972],[77.8191,6.4799],[77.8258,6.4688],[77.8357,6.4521],[77.8422,6.4408],[77.8517,6.4236],[77.8585,6.4122],[77.8677,6.3948],[77.8742,6.3836],[77.883,6.3665],[77.8895,6.3546],[77.899,6.3368],[77.9053,6.3255],[77.9148,6.3083],[77.9209,6.2971],[77.9304,6.2795],[77.9368,6.268],[77.9457,6.2505],[77.9516,6.2385],[77.9598,6.2211],[77.9655,6.2094],[77.9743,6.1914],[77.9799,6.1797],[77.9879,6.1617],[77.9931,6.1493],[78.0006,6.1309],[78.0055,6.1189],[78.0134,6.1006],[78.0185,6.0883],[78.0253,6.0702],[78.0307,6.058],[78.0382,6.0398],[78.0434,6.0276],[78.0511,6.0092],[78.056,5.997],[78.0636,5.9787],[78.0684,5.9661],[78.0757,5.9475],[78.0804,5.9353],[78.0871,5.9166],[78.092,5.9045],[78.0991,5.8862],[78.1037,5.8742],[78.1108,5.8555],[78.1152,5.8431],[78.1224,5.8244],[78.1266,5.8119],[78.1334,5.7938],[78.1377,5.7808],[78.1444,5.7622],[78.1493,5.7495],[78.1559,5.7315],[78.1604,5.7189],[78.1674,5.7006],[78.1723,5.6884],[78.1798,5.6697],[78.1844,5.6579],[78.1917,5.6394],[78.1965,5.6269],[78.2042,5.6085],[78.2094,5.5967],[78.2171,5.5781],[78.222,5.5665],[78.2302,5.5483],[78.2351,5.5363],[78.2428,5.5176],[78.2482,5.5054],[78.256,5.4873],[78.2611,5.4754],[78.2686,5.4572],[78.2733,5.4453],[78.2812,5.4266],[78.2856,5.4149],[78.2927,5.3964],[78.298,5.3843],[78.3049,5.3662],[78.3098,5.3535],[78.3171,5.3358],[78.3219,5.3235],[78.3294,5.3052],[78.3344,5.2925],[78.3416,5.274],[78.3462,5.2618],[78.3534,5.2435],[78.358,5.2315],[78.3649,5.2133],[78.3696,5.2012],[78.3765,5.1827],[78.381,5.1704],[78.3884,5.1517],[78.3932,5.1393],[78.4,5.1208],[78.4051,5.1086],[78.4122,5.0904],[78.417,5.0783],[78.4245,5.0606],[78.4292,5.0483],[78.4373,5.0303],[78.4426,5.0184],[78.451,5.0005],[78.4565,4.9885],[78.4645,4.9702],[78.4702,4.9577],[78.4785,4.9402],[78.4842,4.9279],[78.4925,4.9096],[78.4979,4.8978],[78.5065,4.8798],[78.5118,4.8677],[78.5196,4.8489],[78.5244,4.8373],[78.5317,4.8184],[78.5366,4.8057],[78.5438,4.7879],[78.5489,4.7755],[78.5565,4.7569],[78.5612,4.7452],[78.5682,4.7272],[78.5733,4.7139],[78.5801,4.6961],[78.5848,4.6839],[78.5922,4.6651],[78.5973,4.6532],[78.6048,4.6347],[78.6101,4.6229],[78.6176,4.6046],[78.6221,4.5928],[78.6293,4.5743],[78.6339,4.5618],[78.6406,4.5436],[78.6454,4.5312],[78.6523,4.5129],[78.6571,4.5004],[78.6642,4.4823],[78.669,4.47],[78.6755,4.4523],[78.6805,4.4403],[78.6871,4.4221],[78.692,4.4097],[78.6995,4.391],[78.7042,4.3787],[78.7118,4.3603],[78.7169,4.3479],[78.7242,4.3298],[78.7291,4.3178],[78.7374,4.2994],[78.7429,4.2872],[78.7509,4.2689],[78.7564,4.2572],[78.7647,4.2387],[78.7701,4.2262],[78.7784,4.2085],[78.784,4.197],[78.7918,4.179],[78.7978,4.1666],[78.8057,4.1482],[78.8109,4.1369],[78.8194,4.1179],[78.8247,4.1058],[78.8328,4.0874],[78.8377,4.0759],[78.8466,4.0577],[78.8521,4.0457],[78.8604,4.0279],[78.8663,4.016],[78.8749,3.9978],[78.8802,3.9865],[78.8883,3.9683],[78.8947,3.9561],[78.903,3.9379],[78.9092,3.926],[78.9175,3.9086],[78.9235,3.8969],[78.9325,3.8798],[78.9382,3.8674],[78.9469,3.8499],[78.9526,3.8381],[78.9609,3.8202]]},"properties":{"mmsi":991157120,"name":"SYN-CAR-00","role":"candidate","vessel_type":70,"synthetic":true,"t_offset_s":[-10412,-10292,-9932,-9692,-9332,-9092,-8732,-8492,-8132,-7892,-7532,-7292,-6932,-6692,-6332,-6092,-5732,-5492,-5132,-4892,-4532,-4292,-3932,-3692,-3332,-3092,-2732,-2492,-2132,-1892,-1532,-1292,-932,-692,-332,-92,268,508,868,1108,1468,1708,2068,2308,2668,2908,3268,3508,3868,4108,4468,4708,5068,5308,5668,5908,6268,6508,6868,7108,7468,7708,8068,8308,8668,8908,9268,9508,9868,10108,10468,10708,11068,11308,11668,11908,12268,12508,12868,13108,13468,13708,14068,14308,14668,14908,15268,15508,15868,16108,16468,16708,17068,17308,17668,17908,18268,18508,18868,19108,19468,19708,20068,20308,20668,20908,21268,21508,21868,22108,22468,22708,23068,23308,23668,23908,24268,24508,24868,25108,25468,25708,26068,26308,26668,26908,27268,27508,27868,28108,28468,28708,29068,29308,29668,29908,30268,30508,30868,31108,31468,31708,32068,32308,32668,32908,33268,33508,33868,34108,34468,34708,35068,35308,35668,35908,36268,36508,36868,37108,37468,37708,38068,38308,38668,38908,39268,39508,39868,40108,40468,40708,41068,41308,41668,41908,42268,42508,42868,43108,43468,43708,44068,44308,44668,44908,45268,45508,45868,46108,46468,46708,47068,47308,47668,47908,48268,48508,48868,49108,49468,49708,50068,50308,50668,50908,51268,51508,51868,52108,52468,52708,53068,53308,53668,53908,54268,54508,54868,55108,55468,55708,56068,56308,56668,56908,57268,57508,57868,58108,58468,58708,59068,59308,59668,59908,60268,60508,60868,61108,61468,61708,62068,62308,62668,62908,63268,63508,63868,64108,64468,64708,65068,65308,65668,65908,66268,66508,66868,67108,67468,67708,68068,68308,68668,68908,69268,69508,69868,70108,70468,70708,71068,71308,71668,71908,72268,72508,72868,73108,73468],"sog":[11.5,11.4,11.5,11.9,11.9,11.7,11.9,12.1,12.1,11.5,12.1,12.1,11.9,12.0,11.6,11.8,11.8,11.6,12.2,11.7,11.5,11.1,11.9,12.1,11.7,11.5,11.5,11.6,11.8,11.8,12.1,12.0,11.2,12.2,11.7,11.9,11.6,12.1,11.8,11.9,11.7,11.9,11.8,11.6,11.4,11.9,11.9,11.4,12.0,12.1,11.3,12.0,12.0,12.0,11.5,11.9,11.7,11.7,11.3,11.4,11.8,11.7,11.6,11.7,11.2,12.0,11.4,11.4,11.7,11.7,12.0,11.3,11.6,12.0,11.8,11.9,11.8,11.5,11.9,12.4,11.9,12.3,11.8,11.1,11.9,12.2,11.5,11.8,12.5,11.8,12.2,11.7,11.9,12.4,12.3,12.0,12.0,11.6,11.6,11.5,12.3,11.0,11.6,12.3,11.9,12.0,11.7,11.6,11.3,12.4,11.6,11.7,11.5,11.8,12.0,11.5,11.0,11.8,11.9,11.9,11.5,11.7,11.5,11.8,11.7,12.4,11.4,12.7,11.8,11.8,11.9,11.7,11.8,11.9,12.2,12.0,11.8,11.7,11.7,12.4,12.0,11.9,12.0,12.0,11.6,11.7,11.9,12.5,11.6,12.4,11.8,12.3,11.9,12.0,11.7,11.9,12.0,12.0,12.0,12.0,12.1,12.1,12.3,11.6,11.7,11.4,11.6,11.7,12.2,12.1,11.8,11.9,11.6,11.5,11.8,11.8,12.2,11.5,11.6,11.8,11.5,11.4,11.8,11.9,12.4,11.9,11.7,11.6,11.8,11.8,11.7,11.8,11.5,11.8,11.6,11.5,11.6,11.5,11.6,11.6,11.8,11.8,11.9,11.8,12.0,12.1,11.1,12.1,11.6,11.5,11.7,12.2,12.2,11.7,12.2,12.1,11.4,12.2,11.8,11.2,11.5,12.3,11.9,11.6,12.3,11.6,11.6,11.1,11.6,11.0,11.5,11.7,11.6,12.1,11.5,11.8,11.6,11.3,11.2,12.1,11.5,12.1,11.7,11.5,11.5,12.2,11.6,11.3,12.2,11.4,11.9,11.6,11.5,12.2,11.7,11.6,11.0,11.9,12.4,10.9,12.7,12.1,11.9,11.8,12.1,11.5,11.6,12.0,11.8,11.3,11.8,12.0,12.1,12.0,11.5,11.4,11.4,12.0,11.9,11.6,11.8]}},{"type":"Feature","geometry":{"type":"LineString","coordinates":[[75.9976,9.0108],[75.9977,9.0364],[75.9974,9.0533],[75.9964,9.0791],[75.9959,9.0964],[75.9953,9.122],[75.9948,9.1391],[75.9953,9.1646],[75.9956,9.1815],[75.9964,9.207],[75.9967,9.2241],[75.9985,9.2491],[75.9994,9.2661],[76.0007,9.2914],[76.0016,9.3079],[76.003,9.3337],[76.0035,9.3504],[76.0044,9.3762],[76.0051,9.3934],[76.0064,9.4185],[76.0074,9.4356],[76.0096,9.4617],[76.011,9.4786],[76.0122,9.5044],[76.013,9.5215],[76.014,9.5471],[76.0146,9.5642],[76.016,9.5892],[76.0167,9.606],[76.0181,9.6317],[76.0185,9.6491],[76.0192,9.6742],[76.0193,9.6911],[76.0198,9.7171],[76.02,9.7334],[76.0199,9.7589],[76.0195,9.7765],[76.0192,9.8023],[76.0192,9.8194],[76.019,9.8449],[76.0185,9.8619],[76.0183,9.8872],[76.0185,9.904],[76.0184,9.9297],[76.0177,9.9465],[76.0173,9.972],[76.0171,9.9891],[76.0161,10.0152],[76.0153,10.0321],[76.0139,10.0576],[76.0135,10.0747],[76.0127,10.1014],[76.0121,10.1179],[76.011,10.144],[76.01,10.1608],[76.0092,10.1866],[76.009,10.2031],[76.0081,10.2287],[76.0078,10.2458],[76.0076,10.272],[76.0062,10.2894],[76.0055,10.3149],[76.0048,10.3315],[76.0029,10.3573],[76.0016,10.3742],[76.0001,10.3997],[75.9992,10.4166],[75.9979,10.4421],[75.9967,10.4594],[75.9956,10.4851],[75.9949,10.502],[75.9938,10.5274],[75.9934,10.5448],[75.9929,10.5701],[75.9922,10.5872],[75.9912,10.6128]]},"properties":{"mmsi":991442748,"name":"SYN-CAR-08","role":"background","vessel_type":70,"synthetic":true,"t_offset_s":[-236456,-236096,-235856,-235496,-235256,-234896,-234656,-234296,-234056,-233696,-233456,-233096,-232856,-232496,-232256,-231896,-231656,-231296,-231056,-230696,-230456,-230096,-229856,-229496,-229256,-228896,-228656,-228296,-228056,-227696,-227456,-227096,-226856,-226496,-226256,-225896,-225656,-225296,-225056,-224696,-224456,-224096,-223856,-223496,-223256,-222896,-222656,-222296,-222056,-221696,-221456,-221096,-220856,-220496,-220256,-219896,-219656,-219296,-219056,-218696,-218456,-218096,-217856,-217496,-217256,-216896,-216656,-216296,-216056,-215696,-215456,-215096,-214856,-214496,-214256,-213896],"sog":[15.6,15.8,15.0,15.5,14.8,15.3,15.4,15.4,15.2,15.5,15.2,14.7,15.2,15.3,14.6,15.0,14.7,15.8,15.2,14.8,15.2,15.2,15.3,15.3,15.0,15.6,15.6,15.0,15.3,15.9,15.5,15.0,15.1,14.9,15.0,15.5,15.5,15.4,15.3,15.4,15.1,15.1,15.1,15.2,15.2,15.4,15.2,15.2,15.4,15.1,15.1,15.6,15.2,15.7,15.1,15.4,15.1,15.5,15.4,15.3,15.7,15.8,15.0,15.5,15.5,15.2,15.1,14.9,15.2,15.3,14.9,14.8,14.9,15.4,15.4,15.0]}},{"type":"Feature","geometry":{"type":"LineString","coordinates":[[76.0821,7.3411],[76.0821,7.3473],[76.0818,7.3599],[76.082,7.3786],[76.0815,7.391],[76.0814,7.41],[76.0808,7.4223],[76.0804,7.4409],[76.0795,7.4533],[76.079,7.4724],[76.0785,7.4843],[76.0774,7.5031],[76.0765,7.5161],[76.0761,7.5346],[76.0754,7.5467],[76.0746,7.5647],[76.0742,7.5769],[76.0732,7.595],[76.0733,7.6075],[76.0727,7.6264],[76.0726,7.6383],[76.0726,7.6568],[76.0724,7.6695],[76.0717,7.6878],[76.0715,7.6999],[76.0711,7.7187],[76.0704,7.7309],[76.0692,7.7499],[76.0686,7.7619],[76.0675,7.7799],[76.0666,7.792],[76.0655,7.81],[76.0647,7.8224],[76.0632,7.8415],[76.0622,7.854],[76.0602,7.8721],[76.0592,7.885],[76.0577,7.9037],[76.0567,7.9161],[76.055,7.9348],[76.0544,7.9471],[76.0528,7.9658],[76.052,7.9779],[76.0509,7.9966],[76.0501,8.0087],[76.0484,8.0281],[76.0476,8.0399],[76.0463,8.0584],[76.0453,8.0709],[76.0448,8.0892],[76.0443,8.1019],[76.0438,8.121],[76.043,8.1337],[76.0428,8.1526],[76.0425,8.1651],[76.042,8.1835],[76.0416,8.196],[76.041,8.2142],[76.0401,8.2265],[76.0402,8.2457],[76.0392,8.2578],[76.0392,8.2767],[76.0388,8.2887],[76.0383,8.3076],[76.0382,8.3205],[76.0376,8.3388],[76.0376,8.351],[76.0373,8.3695],[76.0367,8.3816],[76.0368,8.3998],[76.0363,8.4123],[76.036,8.4305],[76.036,8.4433],[76.0351,8.462],[76.0348,8.4743],[76.0337,8.4928],[76.0331,8.5049],[76.0322,8.5229],[76.0314,8.5348],[76.0303,8.5535],[76.029,8.5654],[76.0269,8.5839],[76.0262,8.5964],[76.0241,8.6149],[76.0228,8.6269],[76.0204,8.645],[76.019,8.657],[76.0169,8.6756],[76.015,8.6878],[76.0129,8.7065],[76.0112,8.7187],[76.0087,8.7376],[76.0073,8.7499],[76.0049,8.7682],[76.003,8.7805],[76.0008,8.7985],[75.9989,8.8111],[75.9964,8.8297],[75.9948,8.8415],[75.9925,8.8598],[75.991,8.8728],[75.9885,8.8917],[75.9869,8.9038],[75.985,8.9228],[75.9839,8.9344],[75.9818,8.9536],[75.9806,8.9654],[75.9786,8.9842],[75.9773,8.9967],[75.9756,9.0151],[75.9745,9.0271],[75.9725,9.046],[75.9718,9.058],[75.9701,9.0761],[75.9688,9.0885],[75.9675,9.1065],[75.9665,9.1192],[75.9651,9.1375],[75.9643,9.1498],[75.9625,9.1682],[75.9621,9.1812],[75.9606,9.2003],[75.9604,9.2122],[75.9591,9.2319],[75.9583,9.244],[75.9573,9.2623],[75.9566,9.2753],[75.9556,9.2937],[75.9543,9.3061],[75.9528,9.3245],[75.9521,9.3372],[75.9503,9.3554],[75.9494,9.3673],[75.9483,9.386],[75.9473,9.3983],[75.9463,9.4159],[75.9453,9.4286],[75.9441,9.4471],[75.9435,9.4596],[75.9426,9.4782],[75.9424,9.4906],[75.9415,9.509],[75.9411,9.5212],[75.9401,9.5398],[75.9397,9.552],[75.9386,9.5706],[75.9378,9.5832],[75.9367,9.602],[75.9358,9.6144],[75.9341,9.6325],[75.9332,9.6455],[75.9317,9.6647],[75.9307,9.6774],[75.9293,9.6959],[75.9285,9.7086],[75.9275,9.7273],[75.9269,9.7398],[75.926,9.758],[75.9255,9.7706],[75.9248,9.7892],[75.9244,9.8017],[75.9238,9.8199],[75.9231,9.8327],[75.9225,9.8511],[75.9223,9.8636],[75.9213,9.8818],[75.9205,9.8945],[75.9198,9.9133],[75.9193,9.9253],[75.918,9.9439],[75.9173,9.9563],[75.916,9.9753],[75.9151,9.9875],[75.9137,10.0057],[75.9122,10.0182],[75.91,10.0361],[75.9092,10.0484],[75.9077,10.067],[75.9066,10.08],[75.9049,10.0985],[75.9035,10.1107],[75.9013,10.1296],[75.9003,10.1421],[75.8986,10.1603],[75.8969,10.1729],[75.8947,10.1913],[75.8932,10.2037],[75.8906,10.2218],[75.8895,10.2338],[75.8872,10.2519],[75.8853,10.2644],[75.883,10.2828],[75.8815,10.2948],[75.879,10.3134],[75.8777,10.3259],[75.8752,10.3442],[75.874,10.3575],[75.872,10.3757],[75.8706,10.3882],[75.8687,10.4064],[75.8678,10.4185],[75.8657,10.4371],[75.8647,10.4496],[75.8627,10.4688],[75.8615,10.4813],[75.8597,10.4998],[75.8583,10.5123],[75.8568,10.5308],[75.8554,10.5427],[75.8537,10.562],[75.8527,10.5742],[75.8513,10.5923],[75.8502,10.6046],[75.8478,10.6232],[75.8468,10.6355],[75.8445,10.6544],[75.8426,10.6668],[75.8404,10.6848],[75.8387,10.6974],[75.8365,10.7164],[75.8349,10.7286],[75.8323,10.7477],[75.8307,10.7601],[75.8285,10.7784],[75.8269,10.7905],[75.8243,10.8088],[75.8225,10.8213],[75.8198,10.8393],[75.8179,10.8515],[75.8154,10.8701],[75.8138,10.8824],[75.811,10.9011],[75.8093,10.9128],[75.807,10.9313],[75.8057,10.9438],[75.804,10.9618],[75.803,10.9741],[75.8009,10.9928],[75.7999,11.0052],[75.798,11.0233],[75.797,11.0357],[75.7956,11.0537],[75.795,11.0666],[75.7928,11.0849],[75.7918,11.0973],[75.7896,11.1159],[75.7889,11.128],[75.7867,11.1468],[75.7861,11.1594],[75.7842,11.1778],[75.7825,11.19],[75.7802,11.2085],[75.7789,11.2209]]},"properties":{"mmsi":991466392,"name":"SYN-CAR-02","role":"leading","vessel_type":70,"synthetic":true,"t_offset_s":[-97323,-97203,-96963,-96603,-96363,-96003,-95763,-95403,-95163,-94803,-94563,-94203,-93963,-93603,-93363,-93003,-92763,-92403,-92163,-91803,-91563,-91203,-90963,-90603,-90363,-90003,-89763,-89403,-89163,-88803,-88563,-88203,-87963,-87603,-87363,-87003,-86763,-86403,-86163,-85803,-85563,-85203,-84963,-84603,-84363,-84003,-83763,-83403,-83163,-82803,-82563,-82203,-81963,-81603,-81363,-81003,-80763,-80403,-80163,-79803,-79563,-79203,-78963,-78603,-78363,-78003,-77763,-77403,-77163,-76803,-76563,-76203,-75963,-75603,-75363,-75003,-74763,-74403,-74163,-73803,-73563,-73203,-72963,-72603,-72363,-72003,-71763,-71403,-71163,-70803,-70563,-70203,-69963,-69603,-69363,-69003,-68763,-68403,-68163,-67803,-67563,-67203,-66963,-66603,-66363,-66003,-65763,-65403,-65163,-64803,-64563,-64203,-63963,-63603,-63363,-63003,-62763,-62403,-62163,-61803,-61563,-61203,-60963,-60603,-60363,-60003,-59763,-59403,-59163,-58803,-58563,-58203,-57963,-57603,-57363,-57003,-56763,-56403,-56163,-55803,-55563,-55203,-54963,-54603,-54363,-54003,-53763,-53403,-53163,-52803,-52563,-52203,-51963,-51603,-51363,-51003,-50763,-50403,-50163,-49803,-49563,-49203,-48963,-48603,-48363,-48003,-47763,-47403,-47163,-46803,-46563,-46203,-45963,-45603,-45363,-45003,-44763,-44403,-44163,-43803,-43563,-43203,-42963,-42603,-42363,-42003,-41763,-41403,-41163,-40803,-40563,-40203,-39963,-39603,-39363,-39003,-38763,-38403,-38163,-37803,-37563,-37203,-36963,-36603,-36363,-36003,-35763,-35403,-35163,-34803,-34563,-34203,-33963,-33603,-33363,-33003,-32763,-32403,-32163,-31803,-31563,-31203,-30963,-30603,-30363,-30003,-29763,-29403,-29163,-28803,-28563,-28203,-27963,-27603,-27363,-27003,-26763,-26403,-26163,-25803,-25563,-25203,-24963,-24603,-24363,-24003,-23763,-23403,-23163,-22803,-22563,-22203,-21963],"sog":[11.2,11.4,11.0,11.3,11.0,11.0,11.1,10.8,10.9,12.0,10.6,11.2,11.8,10.9,11.4,10.9,10.5,10.9,10.9,11.3,10.8,10.7,11.5,11.2,10.6,11.2,10.8,10.9,10.6,10.8,10.7,10.6,11.0,11.2,11.4,10.9,11.5,11.7,11.2,11.2,11.1,11.8,10.8,10.9,11.1,11.1,11.0,11.1,11.1,10.9,11.1,11.2,11.1,11.0,10.8,10.6,11.4,10.9,11.2,11.0,10.9,11.4,10.8,11.1,11.3,11.1,10.7,10.9,10.7,10.8,10.4,10.9,11.5,10.9,10.9,11.0,11.2,10.8,11.0,10.8,11.3,10.7,10.9,10.7,10.7,10.7,11.0,11.4,11.0,11.4,10.8,11.3,10.7,10.9,11.4,10.9,11.8,11.3,11.4,11.1,11.5,11.0,10.8,11.4,11.5,11.6,10.7,11.5,11.1,11.0,10.9,11.6,10.8,10.9,11.5,10.7,11.1,11.9,10.9,11.1,11.3,11.3,10.8,11.4,11.0,11.0,11.9,11.2,10.8,11.3,11.9,10.8,11.0,11.4,11.1,11.0,11.4,11.1,11.1,11.3,11.1,10.7,10.8,10.9,11.1,10.9,11.3,11.1,11.3,10.8,11.2,11.1,11.2,11.0,11.0,10.8,11.2,11.0,11.4,11.5,11.1,10.9,11.2,11.3,11.2,11.1,11.0,11.5,10.8,10.9,11.5,11.0,10.6,10.7,11.3,10.9,11.7,10.8,11.7,10.6,11.4,11.0,11.6,11.0,11.6,10.7,11.6,11.3,11.1,10.7,10.9,10.8,10.7,10.9,11.1,11.0,11.3,10.7,11.5,11.3,11.0,11.1,11.3,11.4,11.1,11.1,11.0,11.1,10.9,11.7,11.3,10.7,11.5,10.9,11.0,11.2,11.5,10.9,11.1,11.4,11.2,11.3,11.1,11.1,10.9,11.3,11.5,10.9,10.8,11.3,11.1,11.2,10.8,11.3,11.2,11.0,10.9,11.0,11.0,11.0,10.7,10.8,11.1,11.0,11.1,10.7,11.0,11.2,11.3,10.5,11.0,10.9,10.9]}},{"type":"Feature","geometry":{"type":"LineString","coordinates":[[76.0678,8.7481],[76.0676,8.735],[76.0679,8.7216],[76.0679,8.7021],[76.0684,8.6893],[76.0691,8.6691],[76.0694,8.6562],[76.07,8.6365],[76.0708,8.6238],[76.0715,8.6042],[76.072,8.5912],[76.0729,8.5717],[76.0734,8.5583],[76.0742,8.538],[76.0745,8.5253],[76.0745,8.5052],[76.0749,8.4926],[76.0747,8.4731],[76.0749,8.46],[76.0754,8.4395],[76.0755,8.4266],[76.076,8.4074],[76.0759,8.3938],[76.076,8.3746],[76.0761,8.3611],[76.0765,8.342],[76.0769,8.3292],[76.0768,8.3097],[76.0773,8.2963],[76.0771,8.2762],[76.077,8.2634],[76.0767,8.244],[76.0763,8.2308],[76.0756,8.2112],[76.075,8.1983],[76.0744,8.1789],[76.0738,8.1657],[76.0726,8.146],[76.0719,8.1321],[76.0715,8.112],[76.0702,8.0992],[76.0691,8.08],[76.0685,8.0665],[76.0677,8.0468],[76.0669,8.0341],[76.066,8.0146],[76.0653,8.0012],[76.064,7.9815],[76.0631,7.9683],[76.0618,7.9487],[76.061,7.9354],[76.0592,7.9156],[76.0583,7.9025],[76.0567,7.8827],[76.0555,7.8698],[76.0533,7.8499],[76.0517,7.8371],[76.0499,7.8174],[76.0485,7.8044],[76.0457,7.7845],[76.0443,7.7715],[76.0414,7.7517],[76.0398,7.739],[76.0372,7.7192],[76.0353,7.7067],[76.0329,7.6874],[76.031,7.6745],[76.0284,7.6549],[76.0263,7.642],[76.0233,7.6224],[76.0213,7.6095],[76.0188,7.5904],[76.0168,7.5769],[76.0144,7.5581],[76.0131,7.5456],[76.0108,7.5263],[76.0094,7.5133],[76.0074,7.4936],[76.0063,7.4805],[76.0043,7.4602],[76.003,7.4468],[76.0007,7.4277],[75.9993,7.4142],[75.9971,7.3948],[75.9955,7.3814],[75.9933,7.362],[75.992,7.3488],[75.9894,7.3288],[75.9881,7.316],[75.9862,7.2959],[75.9848,7.2827],[75.9824,7.2637],[75.981,7.2509],[75.979,7.2307],[75.9776,7.2177],[75.976,7.1979],[75.9745,7.1852],[75.9731,7.1656],[75.9715,7.1527],[75.9694,7.1333],[75.9677,7.1198],[75.9655,7.1006],[75.9639,7.0882],[75.9623,7.0681],[75.961,7.0552],[75.959,7.0355],[75.958,7.0223],[75.9563,7.0021],[75.9555,6.9898],[75.9536,6.9698],[75.9525,6.9568],[75.9507,6.9374],[75.9489,6.9239],[75.9464,6.9048],[75.9449,6.8918],[75.9426,6.8722],[75.9413,6.859],[75.9394,6.8399],[75.9379,6.8271],[75.9357,6.8076],[75.9346,6.7949],[75.9329,6.7751],[75.9315,6.762],[75.9288,6.7428],[75.9269,6.7299],[75.924,6.7105],[75.9225,6.6977],[75.9205,6.6783],[75.9189,6.6659],[75.9168,6.646],[75.9149,6.6325],[75.9126,6.6135],[75.9111,6.6],[75.9087,6.5803],[75.9073,6.5671],[75.905,6.5477],[75.9034,6.5351],[75.9016,6.5151],[75.9,6.5021],[75.8983,6.4819],[75.8972,6.469],[75.8956,6.4492],[75.8946,6.4362],[75.8936,6.4166],[75.8924,6.4032],[75.8911,6.3838],[75.8901,6.3711],[75.8886,6.3514],[75.8877,6.3382],[75.8852,6.3181],[75.8842,6.3053],[75.8826,6.2857],[75.8817,6.2725],[75.8804,6.2532],[75.8794,6.2399],[75.878,6.2202],[75.8766,6.2069],[75.8752,6.1877],[75.874,6.1746],[75.872,6.155],[75.8711,6.1417],[75.8695,6.1216],[75.8685,6.1087],[75.8673,6.0889],[75.8664,6.0756],[75.8643,6.0558],[75.8635,6.0428],[75.862,6.023],[75.861,6.0104],[75.8593,5.9902],[75.8581,5.9768],[75.8565,5.9572],[75.8553,5.9439],[75.8541,5.9241],[75.8536,5.9112],[75.8532,5.8915],[75.8527,5.879],[75.8527,5.8594],[75.8527,5.846],[75.8521,5.8262],[75.8517,5.8132],[75.8509,5.7936],[75.8505,5.7807],[75.8497,5.7614],[75.8492,5.7481],[75.8487,5.7285],[75.8484,5.7152],[75.8478,5.6958],[75.8476,5.6821],[75.8466,5.6625],[75.8463,5.6494],[75.8453,5.6296],[75.8446,5.6164],[75.8442,5.5961],[75.8443,5.5829],[75.8436,5.563],[75.8426,5.5503],[75.8422,5.5304],[75.8422,5.5171],[75.8424,5.4973],[75.8425,5.4843],[75.8428,5.4648],[75.8433,5.4518],[75.8441,5.4322],[75.8444,5.4186],[75.8452,5.3997],[75.8451,5.3864],[75.8461,5.366],[75.8465,5.3524],[75.8467,5.333],[75.847,5.3198],[75.8475,5.3006],[75.8477,5.2871],[75.848,5.2675],[75.8484,5.2544],[75.8483,5.2348],[75.8481,5.2214],[75.8482,5.2014],[75.8476,5.1884],[75.8473,5.1689],[75.8471,5.1556],[75.8472,5.1354],[75.847,5.1222],[75.8474,5.1024],[75.8472,5.0893],[75.8467,5.0694],[75.8461,5.056],[75.8459,5.036],[75.8456,5.0224],[75.845,5.0025],[75.8447,4.9895],[75.8439,4.9694],[75.8433,4.9566],[75.8422,4.937],[75.8412,4.9237],[75.8402,4.9043],[75.8394,4.8908],[75.8387,4.8713],[75.8382,4.858],[75.8373,4.8383],[75.8369,4.825],[75.8364,4.8051],[75.8359,4.7922],[75.8354,4.7728],[75.8351,4.7598],[75.8348,4.7404],[75.8348,4.7274],[75.8348,4.708],[75.835,4.6946],[75.8355,4.675],[75.8356,4.6616],[75.8353,4.6419],[75.8356,4.6288],[75.836,4.6089],[75.8357,4.5961],[75.8356,4.5768],[75.8354,4.5634],[75.8348,4.5442],[75.8346,4.5308],[75.8337,4.5108],[75.8334,4.4975],[75.8332,4.4778],[75.8329,4.4647],[75.8336,4.445],[75.8335,4.4318],[75.834,4.4125],[75.8346,4.3991],[75.8351,4.3792],[75.8361,4.3658],[75.8373,4.3458],[75.8381,4.3328],[75.8394,4.3133],[75.8398,4.3002],[75.8401,4.281],[75.8399,4.2673],[75.84,4.2475],[75.8397,4.2344],[75.8405,4.2143],[75.8405,4.2009],[75.8404,4.1811],[75.8405,4.1681],[75.8401,4.1482],[75.84,4.1352],[75.84,4.1158],[75.8399,4.1024],[75.8402,4.0829],[75.8401,4.0695],[75.8403,4.0493],[75.841,4.0357],[75.8417,4.0161],[75.8424,4.0032],[75.8437,3.983],[75.844,3.9704],[75.8449,3.9515],[75.8452,3.9385],[75.8459,3.9185],[75.8467,3.9055],[75.8473,3.8865],[75.8484,3.873],[75.8488,3.8537],[75.8495,3.8402],[75.8505,3.821]]},"properties":{"mmsi":992418370,"name":"SYN-TAN-20","role":"candidate","vessel_type":80,"synthetic":true,"t_offset_s":[-78557,-78317,-78077,-77717,-77477,-77117,-76877,-76517,-76277,-75917,-75677,-75317,-75077,-74717,-74477,-74117,-73877,-73517,-73277,-72917,-72677,-72317,-72077,-71717,-71477,-71117,-70877,-70517,-70277,-69917,-69677,-69317,-69077,-68717,-68477,-68117,-67877,-67517,-67277,-66917,-66677,-66317,-66077,-65717,-65477,-65117,-64877,-64517,-64277,-63917,-63677,-63317,-63077,-62717,-62477,-62117,-61877,-61517,-61277,-60917,-60677,-60317,-60077,-59717,-59477,-59117,-58877,-58517,-58277,-57917,-57677,-57317,-57077,-56717,-56477,-56117,-55877,-55517,-55277,-54917,-54677,-54317,-54077,-53717,-53477,-53117,-52877,-52517,-52277,-51917,-51677,-51317,-51077,-50717,-50477,-50117,-49877,-49517,-49277,-48917,-48677,-48317,-48077,-47717,-47477,-47117,-46877,-46517,-46277,-45917,-45677,-45317,-45077,-44717,-44477,-44117,-43877,-43517,-43277,-42917,-42677,-42317,-42077,-41717,-41477,-41117,-40877,-40517,-40277,-39917,-39677,-39317,-39077,-38717,-38477,-38117,-37877,-37517,-37277,-36917,-36677,-36317,-36077,-35717,-35477,-35117,-34877,-34517,-34277,-33917,-33677,-33317,-33077,-32717,-32477,-32117,-31877,-31517,-31277,-30917,-30677,-30317,-30077,-29717,-29477,-29117,-28877,-28517,-28277,-27917,-27677,-27317,-27077,-26717,-26477,-26117,-25877,-25517,-25277,-24917,-24677,-24317,-24077,-23717,-23477,-23117,-22877,-22517,-22277,-21917,-21677,-21317,-21077,-20717,-20477,-20117,-19877,-19517,-19277,-18917,-18677,-18317,-18077,-17717,-17477,-17117,-16877,-16517,-16277,-15917,-15677,-15317,-15077,-14717,-14477,-14117,-13877,-13517,-13277,-12917,-12677,-12317,-12077,-11717,-11477,-11117,-10877,-10517,-10277,-9917,-9677,-9317,-9077,-8717,-8477,-8117,-7877,-7517,-7277,-6917,-6677,-6317,-6077,-5717,-5477,-5117,-4877,-4517,-4277,-3917,-3677,-3317,-3077,-2717,-2477,-2117,-1877,-1517,-1277,-917,-677,-317,-77,283,523,883,1123,1483,1723,2083,2323,2683,2923,3283,3523,3883,4123,4483,4723,5083,5323,5683,5923,6283,6523,6883,7123,7483,7723,8083,8323,8683,8923,9283,9523,9883,10123,10483,10723,11083,11323,11683],"sog":[12.4,11.7,11.5,11.6,11.6,11.9,11.9,11.8,11.6,12.0,11.6,11.5,12.0,12.2,11.5,11.5,11.8,11.7,11.9,12.0,11.6,11.9,12.0,11.3,12.2,11.8,11.5,11.6,11.6,12.0,11.4,11.6,11.8,11.3,11.8,11.8,11.2,12.0,12.3,12.0,11.5,12.0,11.6,11.7,11.5,12.3,12.0,11.8,11.8,11.2,12.3,11.8,11.8,11.8,11.4,11.4,11.3,11.9,11.7,11.8,11.9,11.7,11.6,12.4,11.2,11.8,11.7,11.4,12.1,12.0,11.5,11.8,11.8,11.8,11.2,11.4,11.7,11.3,12.0,11.9,12.1,11.7,12.3,11.8,11.9,11.6,12.0,12.1,11.7,11.5,11.6,11.7,12.0,11.5,11.4,12.1,11.8,11.6,11.6,11.4,12.0,11.5,11.4,11.7,11.4,12.0,11.9,12.0,11.5,11.9,11.4,11.6,11.8,12.0,11.5,11.6,11.5,11.2,12.0,11.6,11.6,11.3,11.7,11.9,12.0,12.0,12.0,11.9,11.6,12.2,12.2,11.7,11.8,12.1,11.9,11.8,11.3,11.6,11.8,12.2,11.9,11.6,11.4,11.8,11.5,11.8,11.6,11.0,11.8,11.7,12.0,11.5,11.7,11.7,11.7,11.8,11.4,11.9,11.6,12.2,11.7,11.7,11.4,11.5,12.3,11.9,12.1,11.6,11.2,11.6,11.7,11.6,11.8,11.7,11.5,11.4,11.8,11.8,11.6,11.9,11.7,11.6,11.8,11.8,12.0,11.5,11.8,11.7,12.3,11.7,11.4,12.1,12.0,12.1,11.9,11.6,11.7,11.6,11.8,11.6,11.6,11.5,11.5,12.4,11.7,11.6,12.0,12.0,12.0,11.8,11.3,11.7,12.1,11.4,11.5,11.5,11.8,11.7,11.4,12.1,12.1,11.9,11.9,12.1,11.5,11.4,12.1,11.3,11.9,12.2,12.0,12.1,11.8,11.8,11.4,12.2,11.7,11.7,12.1,11.7,11.7,11.9,11.5,11.7,11.8,11.4,11.8,11.3,11.9,11.6,11.5,12.0,12.0,11.6,11.5,11.8,11.7,11.6,11.6,11.9,11.9,12.0,11.5,12.1,11.9,11.6,11.6,12.0,12.1,11.7,11.6,11.6,11.4,11.5,12.1,11.6,11.7,11.8,12.1,11.8,11.4,11.8,11.6,11.7,11.7,11.8,11.7,12.0,12.2,11.6,11.8,12.3,11.7,11.3,12.0,11.7,12.0,11.4,11.8,11.5,11.8,11.8]}},{"type":"Feature","geometry":{"type":"LineString","coordinates":[[76.7076,8.6384],[76.7114,8.631],[76.7221,8.6123],[76.7298,8.5996],[76.7408,8.581],[76.7478,8.5673],[76.7588,8.548],[76.7662,8.5349],[76.7768,8.515],[76.7833,8.5019],[76.7935,8.4821],[76.8007,8.4685],[76.8111,8.449],[76.8181,8.4359],[76.828,8.4166],[76.8347,8.4036],[76.8458,8.384],[76.8529,8.3709],[76.8633,8.3518],[76.8708,8.3383],[76.8815,8.3185],[76.889,8.3053],[76.8997,8.2864],[76.907,8.2733],[76.918,8.2541],[76.9255,8.2409],[76.9365,8.2211],[76.9434,8.208],[76.9541,8.1883],[76.9608,8.1754],[76.9707,8.156],[76.9779,8.1427],[76.9881,8.1231],[76.995,8.1096],[77.0053,8.0899],[77.0122,8.0763],[77.0223,8.0568],[77.0295,8.0433],[77.0395,8.0232],[77.0461,8.01],[77.056,7.9901],[77.0629,7.9771],[77.0726,7.9571],[77.0799,7.9436],[77.0903,7.9236],[77.0967,7.9106],[77.1077,7.891],[77.1149,7.8778],[77.1255,7.8582],[77.1326,7.8446],[77.143,7.8249],[77.1498,7.8118],[77.1596,7.7914],[77.1663,7.7778],[77.1768,7.7574],[77.1836,7.7444],[77.1936,7.7251],[77.2004,7.7113],[77.2098,7.6907],[77.2165,7.6777],[77.226,7.6575],[77.2321,7.6441],[77.2414,7.6239],[77.2484,7.6103],[77.2578,7.5903],[77.2647,7.5772],[77.2741,7.5572],[77.2808,7.5437],[77.2908,7.5237],[77.2972,7.5101],[77.3072,7.4897],[77.3138,7.4768],[77.3232,7.4558],[77.3297,7.4431],[77.3396,7.4234],[77.3469,7.4101],[77.3572,7.3902],[77.3645,7.3778],[77.3753,7.358],[77.3825,7.3454],[77.3932,7.3256],[77.4,7.313],[77.4112,7.2935],[77.4184,7.2806],[77.4296,7.2605],[77.4368,7.2473],[77.4474,7.228],[77.4544,7.2149],[77.4648,7.1951],[77.4712,7.1824],[77.4814,7.1626],[77.4882,7.1494],[77.4988,7.1297],[77.5055,7.1169],[77.5158,7.0973],[77.5232,7.084],[77.5343,7.0648],[77.5417,7.0523],[77.553,7.0331],[77.5603,7.0205],[77.5716,7.0019],[77.5794,6.9898],[77.5909,6.9702],[77.5986,6.9584],[77.6104,6.9394],[77.618,6.9264],[77.63,6.9071],[77.6382,6.894],[77.6504,6.8753],[77.6588,6.8629],[77.6713,6.8444],[77.6799,6.8318],[77.6928,6.8134],[77.7013,6.8011],[77.714,6.7829],[77.7223,6.7706],[77.7346,6.7521],[77.7428,6.7397],[77.7556,6.7209],[77.7638,6.7088],[77.7766,6.6903],[77.7853,6.6778],[77.7975,6.6598],[77.8055,6.6475],[77.8177,6.6292],[77.8264,6.6165],[77.8388,6.5987],[77.8469,6.5863],[77.8601,6.568],[77.8683,6.5556],[77.8813,6.5372],[77.8895,6.5249],[77.9019,6.507],[77.9106,6.4949],[77.9233,6.4772],[77.9318,6.4649],[77.9451,6.4467],[77.9538,6.4349],[77.9669,6.4169],[77.9759,6.4044],[77.9892,6.3862],[77.998,6.3745],[78.0114,6.3564],[78.0206,6.3443],[78.0331,6.3268],[78.0424,6.3146],[78.0551,6.2968],[78.0638,6.2849],[78.0771,6.2675],[78.0858,6.2551],[78.0993,6.2372],[78.1085,6.2254],[78.1216,6.2074],[78.1302,6.1952],[78.1429,6.1769],[78.151,6.164],[78.1627,6.1454],[78.1703,6.1332],[78.1821,6.1146],[78.1896,6.1022],[78.2018,6.0833],[78.2102,6.071],[78.2228,6.0523],[78.2309,6.0397],[78.2428,6.0209],[78.2512,6.0087],[78.2628,5.9896],[78.2704,5.9774],[78.2823,5.958],[78.2899,5.945],[78.3013,5.9269],[78.3093,5.9145],[78.3205,5.8949],[78.3282,5.8825],[78.3394,5.8633],[78.347,5.8499],[78.3579,5.8308],[78.3648,5.8181],[78.3761,5.7988],[78.3833,5.7856],[78.3938,5.7659],[78.4013,5.7526],[78.4121,5.733],[78.419,5.7203],[78.429,5.701],[78.4362,5.6873],[78.4463,5.6679],[78.4532,5.6548],[78.4639,5.6348],[78.4707,5.6212],[78.4812,5.6018],[78.4882,5.5883],[78.4983,5.5695],[78.5049,5.5563],[78.5149,5.5363],[78.522,5.5226],[78.532,5.5031],[78.5382,5.4897],[78.548,5.4698],[78.5545,5.4563],[78.5646,5.4359],[78.5708,5.4222],[78.5806,5.4022],[78.5872,5.389],[78.5972,5.3685],[78.6034,5.3555],[78.6138,5.3349],[78.6206,5.322],[78.6317,5.3029],[78.6387,5.2893],[78.6492,5.2699],[78.6563,5.2567],[78.6666,5.2372],[78.6735,5.2241],[78.6839,5.2043],[78.691,5.1908],[78.7018,5.1709],[78.7086,5.1574],[78.7189,5.1378],[78.726,5.1248],[78.7366,5.1052],[78.7439,5.0916],[78.7539,5.0729],[78.7609,5.0597],[78.7711,5.0397],[78.7777,5.0265],[78.7874,5.0066],[78.794,4.9932],[78.8038,4.9728],[78.8096,4.9592],[78.8195,4.939],[78.8262,4.9258],[78.8361,4.906],[78.8427,4.8927],[78.8528,4.8723],[78.8595,4.8587],[78.8697,4.8392],[78.8763,4.826],[78.8862,4.8065],[78.893,4.793],[78.903,4.773],[78.9094,4.7599],[78.9195,4.7391],[78.9251,4.7263],[78.9352,4.7059],[78.9413,4.6928],[78.9504,4.6732],[78.9562,4.659],[78.9643,4.6391],[78.9698,4.6251],[78.9778,4.605],[78.9836,4.5913],[78.9919,4.5713],[78.9981,4.5577],[79.0075,4.5378],[79.0137,4.5241],[79.0233,4.5039],[79.0296,4.4903],[79.0387,4.4695],[79.0445,4.4565],[79.0533,4.4356],[79.0591,4.4218],[79.0681,4.401],[79.0743,4.387],[79.0825,4.3668],[79.0883,4.3532],[79.097,4.3324],[79.1028,4.3182],[79.1109,4.2975],[79.1167,4.2837],[79.1247,4.2627],[79.13,4.2494],[79.1385,4.2283],[79.1444,4.2147],[79.1533,4.1936],[79.1591,4.1797],[79.1673,4.159],[79.1727,4.145],[79.1818,4.1236],[79.1873,4.1098],[79.1959,4.0888],[79.2016,4.0751],[79.21,4.0541],[79.2155,4.04],[79.2235,4.0196],[79.2291,4.0054],[79.2374,3.9846],[79.2427,3.9711],[79.2508,3.9503],[79.256,3.9365],[79.2634,3.9149],[79.2681,3.9011],[79.2754,3.8802],[79.2802,3.8664],[79.2879,3.8458],[79.2929,3.8311],[79.3003,3.8104]]},"properties":{"mmsi":992460871,"name":"SYN-TAN-21","role":"candidate","vessel_type":80,"synthetic":true,"t_offset_s":[-259091,-258971,-258611,-258371,-258011,-257771,-257411,-257171,-256811,-256571,-256211,-255971,-255611,-255371,-255011,-254771,-254411,-254171,-253811,-253571,-253211,-252971,-252611,-252371,-252011,-251771,-251411,-251171,-250811,-250571,-250211,-249971,-249611,-249371,-249011,-248771,-248411,-248171,-247811,-247571,-247211,-246971,-246611,-246371,-246011,-245771,-245411,-245171,-244811,-244571,-244211,-243971,-243611,-243371,-243011,-242771,-242411,-242171,-241811,-241571,-241211,-240971,-240611,-240371,-240011,-239771,-239411,-239171,-238811,-238571,-238211,-237971,-237611,-237371,-237011,-236771,-236411,-236171,-235811,-235571,-235211,-234971,-234611,-234371,-234011,-233771,-233411,-233171,-232811,-232571,-232211,-231971,-231611,-231371,-231011,-230771,-230411,-230171,-229811,-229571,-229211,-228971,-228611,-228371,-228011,-227771,-227411,-227171,-226811,-226571,-226211,-225971,-225611,-225371,-225011,-224771,-224411,-224171,-223811,-223571,-223211,-222971,-222611,-222371,-222011,-221771,-221411,-221171,-220811,-220571,-220211,-219971,-219611,-219371,-219011,-218771,-218411,-218171,-217811,-217571,-217211,-216971,-216611,-216371,-216011,-215771,-215411,-215171,-214811,-214571,-214211,-213971,-213611,-213371,-213011,-212771,-212411,-212171,-211811,-211571,-211211,-210971,-210611,-210371,-210011,-209771,-209411,-209171,-208811,-208571,-208211,-207971,-207611,-207371,-207011,-206771,-206411,-206171,-205811,-205571,-205211,-204971,-204611,-204371,-204011,-203771,-203411,-203171,-202811,-202571,-202211,-201971,-201611,-201371,-201011,-200771,-200411,-200171,-199811,-199571,-199211,-198971,-198611,-198371,-198011,-197771,-197411,-197171,-196811,-196571,-196211,-195971,-195611,-195371,-195011,-194771,-194411,-194171,-193811,-193571,-193211,-192971,-192611,-192371,-192011,-191771,-191411,-191171,-190811,-190571,-190211,-189971,-189611,-189371,-189011,-188771,-188411,-188171,-187811,-187571,-187211,-186971,-186611,-186371,-186011,-185771,-185411,-185171,-184811,-184571,-184211,-183971,-183611,-183371,-183011,-182771,-182411,-182171,-181811,-181571,-181211,-180971,-180611,-180371,-180011,-179771,-179411,-179171,-178811,-178571,-178211,-177971,-177611,-177371,-177011,-176771,-176411,-176171,-175811,-175571,-175211,-174971,-174611,-174371,-174011,-173771,-173411,-173171,-172811,-172571,-172211,-171971,-171611,-171371,-171011,-170771,-170411],"sog":[13.4,14.2,13.6,13.2,13.4,13.4,13.3,13.7,13.3,13.4,13.6,13.5,12.9,13.2,12.8,13.4,13.4,13.0,12.8,13.5,13.1,13.6,13.7,13.5,13.4,13.5,13.6,13.5,13.3,13.4,12.6,13.2,13.6,13.5,13.6,13.4,12.8,13.8,13.3,13.3,13.3,13.1,13.3,13.3,13.7,13.3,13.4,13.4,13.7,13.5,13.8,13.2,14.0,13.7,13.0,13.0,13.3,13.2,13.7,13.3,13.2,13.2,13.0,13.7,13.0,12.8,12.9,13.0,13.5,13.6,13.5,13.3,14.0,12.2,13.1,13.2,13.2,13.3,13.7,13.0,13.4,13.2,13.0,13.1,13.4,13.6,13.5,12.9,13.3,12.6,13.8,13.1,13.1,13.1,13.2,13.6,13.3,13.2,13.6,12.9,13.0,12.8,13.9,13.1,13.4,13.0,13.9,13.6,13.2,13.4,13.0,13.6,13.3,13.4,13.2,13.3,13.1,13.4,13.4,13.1,13.6,13.8,12.8,13.0,13.2,14.1,12.8,13.2,13.8,13.7,13.3,13.0,13.2,13.2,13.4,13.8,13.2,13.1,13.4,13.4,13.5,13.1,13.4,13.6,13.3,13.6,13.3,12.9,13.3,13.5,13.2,13.2,13.3,13.4,13.2,13.4,12.9,12.8,13.3,13.2,13.3,13.3,13.3,13.6,13.4,13.0,13.2,13.0,13.3,12.6,13.1,13.4,13.4,12.9,13.0,13.1,13.2,13.0,13.6,13.7,13.2,13.6,13.3,13.0,13.2,13.8,13.0,13.4,13.5,13.8,13.5,13.4,12.8,13.3,13.6,13.8,12.8,13.1,13.5,13.4,13.6,13.5,12.8,13.3,13.2,13.2,13.8,13.0,13.3,13.6,13.0,13.2,13.0,13.2,13.2,13.3,13.8,13.2,13.7,13.3,13.4,13.2,12.9,12.8,13.5,13.2,13.1,13.4,13.4,13.3,13.8,13.4,13.0,13.3,14.1,13.1,13.2,12.9,13.0,13.5,13.4,13.1,12.9,12.6,13.2,13.0,13.0,13.2,13.2,13.0,13.1,13.4,13.2,13.0,13.5,12.9,13.4,13.2,13.3,13.0,13.6,13.5,13.5,13.6,13.2,13.3,13.7,13.4,12.9,13.7,13.1,12.7,13.3,13.3,13.1,13.3,13.2,13.2,13.8,13.5,13.3,13.4,14.2,13.3,13.2,13.0,13.3,13.3,13.3,13.0,13.8,13.3,13.1,12.8,13.0,13.5,13.4]}},{"type":"Feature","geometry":{"type":"LineString","coordinates":[[77.7761,6.556],[77.7697,6.5678],[77.7632,6.5794],[77.7536,6.5969],[77.7478,6.6081],[77.7383,6.6257],[77.7319,6.6371],[77.7226,6.6541],[77.7162,6.6652],[77.7064,6.6822],[77.7002,6.6941],[77.691,6.7113],[77.6848,6.7227],[77.6756,6.7398],[77.6697,6.7517],[77.6601,6.7687],[77.6542,6.7802],[77.6454,6.7976],[77.6397,6.809],[77.6312,6.8271],[77.6254,6.8383],[77.6173,6.8551],[77.6113,6.8669],[77.6024,6.8843],[77.5969,6.8954],[77.5886,6.9131],[77.5827,6.9246],[77.5738,6.942],[77.5681,6.9533],[77.5601,6.9715],[77.5542,6.9835],[77.5458,7.0009],[77.5402,7.0125],[77.531,7.0296],[77.5252,7.0414],[77.5159,7.0586],[77.5102,7.0702],[77.501,7.0881],[77.4948,7.0998],[77.4867,7.1179],[77.4808,7.1289],[77.4726,7.1465],[77.4664,7.1583],[77.4578,7.1761],[77.452,7.1873],[77.4434,7.2045],[77.4376,7.216],[77.4294,7.2335],[77.4235,7.2452],[77.4143,7.2632],[77.4087,7.2747],[77.4,7.2919],[77.3947,7.3037],[77.3856,7.3213],[77.3801,7.333],[77.3715,7.3506],[77.3659,7.362],[77.3587,7.3801],[77.3538,7.3922],[77.3466,7.411],[77.3415,7.4229],[77.335,7.4411],[77.3303,7.4529],[77.3233,7.4706],[77.3189,7.4833],[77.3122,7.5012],[77.3077,7.5132],[77.3014,7.5318],[77.2969,7.5444],[77.2906,7.5622],[77.2864,7.5745],[77.2799,7.5929],[77.2757,7.6054],[77.2696,7.624],[77.2657,7.6357],[77.2599,7.6543],[77.2558,7.6668],[77.2496,7.6852],[77.2454,7.6979],[77.2393,7.7165],[77.2357,7.7291],[77.2296,7.7476],[77.2258,7.7605],[77.2211,7.779],[77.2176,7.7917],[77.2129,7.8099],[77.2102,7.8226],[77.2059,7.8413],[77.2028,7.8537],[77.1981,7.8731],[77.1951,7.8861],[77.1911,7.9048],[77.1884,7.9176],[77.1838,7.9367],[77.181,7.9494],[77.1767,7.9678],[77.1737,7.9809],[77.169,8.0002],[77.166,8.0131],[77.1619,8.0325],[77.1593,8.0453],[77.1548,8.0644],[77.1516,8.077],[77.1475,8.0954],[77.1444,8.1082],[77.1402,8.1271],[77.137,8.1399],[77.1321,8.1592],[77.129,8.1708],[77.1241,8.1896],[77.1209,8.2022],[77.1158,8.2208],[77.1124,8.2336],[77.1073,8.252],[77.1036,8.2652],[77.099,8.2839]]},"properties":{"mmsi":992618898,"name":"SYN-TAN-18","role":"background","vessel_type":80,"synthetic":true,"t_offset_s":[-254974,-254734,-254494,-254134,-253894,-253534,-253294,-252934,-252694,-252334,-252094,-251734,-251494,-251134,-250894,-250534,-250294,-249934,-249694,-249334,-249094,-248734,-248494,-248134,-247894,-247534,-247294,-246934,-246694,-246334,-246094,-245734,-245494,-245134,-244894,-244534,-244294,-243934,-243694,-243334,-243094,-242734,-242494,-242134,-241894,-241534,-241294,-240934,-240694,-240334,-240094,-239734,-239494,-239134,-238894,-238534,-238294,-237934,-237694,-237334,-237094,-236734,-236494,-236134,-235894,-235534,-235294,-234934,-234694,-234334,-234094,-233734,-233494,-233134,-232894,-232534,-232294,-231934,-231694,-231334,-231094,-230734,-230494,-230134,-229894,-229534,-229294,-228934,-228694,-228334,-228094,-227734,-227494,-227134,-226894,-226534,-226294,-225934,-225694,-225334,-225094,-224734,-224494,-224134,-223894,-223534,-223294,-222934,-222694,-222334,-222094,-221734,-221494,-221134,-220894,-220534],"sog":[11.8,12.0,11.9,11.8,11.5,11.5,11.7,11.4,11.8,11.6,11.4,11.8,11.2,11.5,11.5,11.8,11.5,11.9,11.7,11.4,11.9,11.6,11.4,11.6,11.6,11.2,11.2,11.7,11.3,11.9,11.8,11.3,11.5,11.8,11.7,11.8,11.9,11.6,11.7,11.8,11.4,11.5,11.9,12.1,10.9,11.2,11.4,11.5,11.5,12.0,11.5,11.5,11.7,11.8,12.0,11.9,11.5,11.6,11.4,12.2,11.1,11.9,11.4,11.8,11.9,10.9,11.6,11.2,11.7,11.4,11.7,11.8,11.4,11.3,10.9,11.9,11.6,11.7,11.7,11.6,11.6,11.9,11.9,11.5,11.7,11.2,11.3,11.3,11.7,11.4,12.0,11.4,12.0,11.4,11.8,11.2,11.9,11.7,11.9,11.6,11.7,11.9,11.3,11.6,11.5,11.8,11.9,11.5,11.1,11.6,11.5,11.7,11.8,11.6,12.4,11.5]}},{"type":"Feature","geometry":{"type":"LineString","coordinates":[[75.4815,7.7911],[75.4853,7.7857],[75.4966,7.7698],[75.5049,7.7591],[75.5169,7.7424],[75.525,7.7314],[75.5376,7.7156],[75.5455,7.7047],[75.5582,7.6883],[75.5664,7.677],[75.5786,7.6603],[75.5867,7.6499],[75.5993,7.6336],[75.6074,7.6224],[75.6194,7.6065],[75.6278,7.5954],[75.64,7.5789],[75.6478,7.5687],[75.6603,7.5523],[75.6688,7.5418],[75.681,7.5258],[75.6892,7.5152],[75.7016,7.4986],[75.7098,7.4884],[75.7222,7.4722],[75.7307,7.4613],[75.7436,7.446],[75.7523,7.4353],[75.7647,7.4196],[75.7733,7.4091],[75.7858,7.3936],[75.7942,7.3828],[75.8066,7.367],[75.8146,7.3563],[75.8262,7.3404],[75.8348,7.3294],[75.8472,7.3125],[75.8551,7.3015],[75.8667,7.2844],[75.8746,7.2731],[75.886,7.2562],[75.8937,7.245],[75.9054,7.2279],[75.913,7.216],[75.9242,7.1996],[75.9315,7.1882],[75.9423,7.1708],[75.9496,7.1599],[75.9605,7.1423],[75.9679,7.1305],[75.9787,7.114],[75.986,7.1023],[75.997,7.0853],[76.0044,7.0736],[76.0152,7.0569],[76.0219,7.0453],[76.033,7.028],[76.04,7.0167],[76.0505,6.9997],[76.0571,6.9874],[76.0678,6.9698],[76.0748,6.9584],[76.0841,6.9413],[76.0909,6.9287],[76.1005,6.9109],[76.107,6.8994],[76.1162,6.8818],[76.1227,6.8692],[76.132,6.851],[76.1379,6.8391],[76.1473,6.8212],[76.1536,6.809],[76.1635,6.7909],[76.1696,6.7792],[76.1791,6.7613],[76.1857,6.7492],[76.1953,6.7311],[76.2022,6.7188],[76.212,6.7013],[76.2183,6.6892],[76.2279,6.6712],[76.2339,6.6595],[76.2434,6.6417],[76.2501,6.6297],[76.2597,6.6119],[76.2666,6.6001],[76.2762,6.5824],[76.2829,6.5704],[76.2928,6.5529],[76.3003,6.5406],[76.3107,6.5229],[76.3172,6.5113],[76.3277,6.4939],[76.3345,6.4823],[76.345,6.4649],[76.3521,6.4532],[76.3632,6.4358],[76.3705,6.4241],[76.3812,6.4065],[76.3888,6.3948],[76.3992,6.3778],[76.4064,6.3664],[76.4174,6.3493],[76.4245,6.3383],[76.435,6.3209],[76.442,6.3094],[76.4529,6.292],[76.4601,6.2799],[76.4699,6.2623],[76.4767,6.251],[76.4869,6.2333],[76.4938,6.222],[76.5038,6.2048],[76.5105,6.1932],[76.5214,6.1761],[76.5283,6.1643],[76.538,6.1465],[76.5444,6.1353],[76.5542,6.1174],[76.5608,6.106],[76.5711,6.0878],[76.5784,6.076],[76.5897,6.0585],[76.5965,6.0473],[76.6068,6.0303],[76.614,6.0185],[76.6244,6.0015],[76.6315,5.9898],[76.6421,5.9719],[76.6492,5.9603],[76.6589,5.942],[76.6655,5.9304],[76.6758,5.912],[76.6826,5.9002],[76.6937,5.8822],[76.7003,5.8711],[76.7107,5.8534],[76.7171,5.842],[76.7288,5.8239],[76.7356,5.8118],[76.7461,5.7946],[76.7535,5.7827],[76.7645,5.7649],[76.771,5.7534],[76.7817,5.7362],[76.7891,5.7248],[76.8002,5.7077],[76.8074,5.696],[76.818,5.6788],[76.825,5.6665],[76.8348,5.6488],[76.8414,5.6375],[76.8514,5.6196],[76.8578,5.6076],[76.8669,5.5902],[76.873,5.5786],[76.883,5.5604],[76.8892,5.5481],[76.8985,5.5301],[76.9046,5.5179],[76.9137,5.4996],[76.92,5.4871],[76.9296,5.4689],[76.9357,5.4565],[76.9449,5.4386],[76.9511,5.4264],[76.9607,5.408],[76.9668,5.3959],[76.9758,5.3775],[76.9816,5.3649],[76.9908,5.3462],[76.9967,5.3345],[77.0052,5.3162],[77.011,5.3032],[77.0204,5.2852],[77.0259,5.2732],[77.0344,5.2548],[77.0405,5.242],[77.0493,5.2239],[77.0554,5.2112],[77.0645,5.1931],[77.0708,5.1808],[77.0802,5.1629],[77.0862,5.1505],[77.0957,5.1315],[77.1018,5.1194],[77.1113,5.1013],[77.1178,5.0891],[77.1271,5.0711],[77.1335,5.0596],[77.1429,5.042],[77.1492,5.0295],[77.1586,5.0114],[77.1644,4.9995],[77.1737,4.9814],[77.1795,4.9696],[77.1886,4.9511],[77.1946,4.9383],[77.2036,4.9202],[77.2096,4.9081],[77.2181,4.8898],[77.2243,4.8774],[77.2336,4.8588],[77.2402,4.8469],[77.2496,4.8289],[77.2558,4.8169],[77.2652,4.7993],[77.2715,4.7872],[77.2819,4.7689],[77.2879,4.7573],[77.2981,4.7385],[77.3046,4.7268],[77.3143,4.7082],[77.32,4.6964],[77.3291,4.6781],[77.3355,4.6661],[77.3448,4.6481],[77.3507,4.6363],[77.3598,4.618],[77.366,4.606],[77.3749,4.5881],[77.381,4.5758],[77.3906,4.5576],[77.3967,4.5457],[77.4057,4.5281],[77.4117,4.5155],[77.4207,4.4975],[77.4265,4.4857],[77.4354,4.4673],[77.4414,4.4553],[77.4509,4.437],[77.4572,4.4253],[77.4669,4.4065],[77.4727,4.3944],[77.4824,4.377],[77.4886,4.3647],[77.4976,4.3467],[77.5038,4.3345],[77.5131,4.3166],[77.5192,4.3041],[77.5284,4.2861],[77.5342,4.2737],[77.5428,4.2556],[77.5491,4.2426],[77.5577,4.2252],[77.5642,4.2128],[77.5734,4.1949],[77.5797,4.1824],[77.5894,4.1651],[77.596,4.1531],[77.6057,4.1348],[77.6124,4.1228],[77.622,4.1049],[77.6287,4.0934],[77.6382,4.0758],[77.6448,4.0638],[77.6548,4.0463],[77.6618,4.035],[77.6717,4.0173],[77.6786,4.0052],[77.6882,3.9881],[77.6947,3.9768],[77.7048,3.9584],[77.7113,3.9469],[77.7214,3.9302],[77.7282,3.9179],[77.7387,3.9004],[77.7452,3.8881],[77.7545,3.8706],[77.7611,3.8587],[77.7709,3.8411],[77.7776,3.8288],[77.7871,3.8109]]},"properties":{"mmsi":993219154,"name":"SYN-CAR-04","role":"candidate","vessel_type":70,"synthetic":true,"t_offset_s":[-67063,-66943,-66583,-66343,-65983,-65743,-65383,-65143,-64783,-64543,-64183,-63943,-63583,-63343,-62983,-62743,-62383,-62143,-61783,-61543,-61183,-60943,-60583,-60343,-59983,-59743,-59383,-59143,-58783,-58543,-58183,-57943,-57583,-57343,-56983,-56743,-56383,-56143,-55783,-55543,-55183,-54943,-54583,-54343,-53983,-53743,-53383,-53143,-52783,-52543,-52183,-51943,-51583,-51343,-50983,-50743,-50383,-50143,-49783,-49543,-49183,-48943,-48583,-48343,-47983,-47743,-47383,-47143,-46783,-46543,-46183,-45943,-45583,-45343,-44983,-44743,-44383,-44143,-43783,-43543,-43183,-42943,-42583,-42343,-41983,-41743,-41383,-41143,-40783,-40543,-40183,-39943,-39583,-39343,-38983,-38743,-38383,-38143,-37783,-37543,-37183,-36943,-36583,-36343,-35983,-35743,-35383,-35143,-34783,-34543,-34183,-33943,-33583,-33343,-32983,-32743,-32383,-32143,-31783,-31543,-31183,-30943,-30583,-30343,-29983,-29743,-29383,-29143,-28783,-28543,-28183,-27943,-27583,-27343,-26983,-26743,-26383,-26143,-25783,-25543,-25183,-24943,-24583,-24343,-23983,-23743,-23383,-23143,-22783,-22543,-22183,-21943,-21583,-21343,-20983,-20743,-20383,-20143,-19783,-19543,-19183,-18943,-18583,-18343,-17983,-17743,-17383,-17143,-16783,-16543,-16183,-15943,-15583,-15343,-14983,-14743,-14383,-14143,-13783,-13543,-13183,-12943,-12583,-12343,-11983,-11743,-11383,-11143,-10783,-10543,-10183,-9943,-9583,-9343,-8983,-8743,-8383,-8143,-7783,-7543,-7183,-6943,-6583,-6343,-5983,-5743,-5383,-5143,-4783,-4543,-4183,-3943,-3583,-3343,-2983,-2743,-2383,-2143,-1783,-1543,-1183,-943,-583,-343,17,257,617,857,1217,1457,1817,2057,2417,2657,3017,3257,3617,3857,4217,4457,4817,5057,5417,5657,6017,6257,6617,6857,7217,7457,7817,8057,8417,8657,9017,9257,9617,9857,10217,10457,10817,11057,11417,11657,12017,12257,12617,12857,13217,13457,13817,14057,14417],"sog":[12.1,12.1,11.7,11.7,12.1,12.5,12.6,11.7,12.2,12.4,12.4,12.0,12.4,12.1,11.7,12.4,11.8,12.1,11.7,11.7,12.2,11.8,12.2,11.7,12.7,12.0,12.0,12.1,12.2,12.2,11.9,12.1,12.0,12.1,11.2,12.2,12.6,12.4,12.1,11.8,12.0,11.9,12.3,12.3,11.8,12.4,12.2,12.3,12.4,12.6,11.9,12.1,12.3,12.4,11.9,11.9,11.8,12.4,12.2,12.4,11.7,12.4,11.5,12.1,12.0,12.2,12.3,13.2,12.3,12.0,11.6,12.4,12.0,11.9,11.9,12.1,12.3,12.3,12.1,12.3,11.9,12.0,12.2,12.5,12.0,11.9,12.3,12.5,12.2,12.4,12.2,12.2,12.1,12.1,11.9,12.1,12.6,12.0,12.2,12.4,12.1,12.3,12.1,11.6,11.9,11.9,11.9,11.8,12.4,12.0,12.2,12.2,12.4,12.1,12.1,12.2,12.0,11.8,12.0,11.7,12.3,12.4,12.1,11.8,12.1,12.5,12.0,12.2,12.6,12.1,12.2,12.1,12.7,12.2,12.4,12.0,12.5,12.1,12.5,12.4,12.4,12.1,12.5,11.7,12.1,12.2,12.2,12.1,12.0,12.6,12.4,12.2,12.1,12.1,11.8,11.3,12.1,12.9,12.7,11.9,12.1,12.0,12.8,12.7,11.7,12.6,13.0,12.4,12.2,12.3,12.3,11.6,12.3,12.4,11.9,12.0,12.1,12.6,12.2,12.4,12.2,12.7,12.1,12.7,12.5,11.9,12.1,12.2,12.1,12.3,12.0,12.5,12.3,11.7,11.8,11.8,12.5,12.1,11.9,12.2,11.9,12.3,12.1,12.5,12.0,11.9,11.7,11.8,12.0,11.8,12.5,12.4,12.5,12.1,12.4,12.1,12.1,11.9,11.6,12.5,11.8,12.2,12.1,12.0,12.0,12.6,12.4,12.0,12.2,12.1,11.9,12.1,12.2,12.0,11.8,12.1,11.7,12.2,12.0,12.4,12.1,11.8,12.1,12.5,11.8,12.4,12.1,12.6,11.7,12.0,12.0,11.9,11.8,12.0,11.9,12.5,11.9,11.9,11.8,12.2,12.3,11.7,12.3,12.0,11.6,12.4,12.0,12.4,12.1,11.9,11.9,12.5,11.6]}},{"type":"Feature","geometry":{"type":"LineString","coordinates":[[76.2876,6.6966],[76.2914,6.6918],[76.298,6.682],[76.3091,6.6673],[76.3163,6.6577],[76.3277,6.6429],[76.3355,6.6331],[76.3469,6.6187],[76.3538,6.6092],[76.365,6.5946],[76.3719,6.585],[76.3835,6.5698],[76.3901,6.56],[76.4014,6.5454],[76.4085,6.5353],[76.4193,6.5207],[76.4265,6.5112],[76.4377,6.4964],[76.4451,6.4867],[76.4559,6.4721],[76.4628,6.4624],[76.474,6.4478],[76.4811,6.4377],[76.492,6.4225],[76.4992,6.4122],[76.5099,6.3978],[76.5173,6.3873],[76.5285,6.3728],[76.5357,6.3623],[76.5462,6.3473],[76.5533,6.3369],[76.5642,6.322],[76.5714,6.3123],[76.582,6.2971],[76.5894,6.2874],[76.6007,6.273],[76.6081,6.2633],[76.6196,6.2488],[76.6272,6.2393],[76.6387,6.2256],[76.646,6.2155],[76.658,6.2011],[76.6656,6.1915],[76.6774,6.1774],[76.6852,6.1685],[76.697,6.1541],[76.705,6.1445],[76.7168,6.1306],[76.7249,6.1211],[76.7364,6.1078],[76.7445,6.0982],[76.7567,6.0842],[76.7645,6.0747],[76.7763,6.0611],[76.7842,6.0518],[76.7961,6.0379],[76.8039,6.0283],[76.8161,6.0139],[76.8241,6.0048],[76.8354,5.991],[76.8435,5.9815],[76.8552,5.9671],[76.8626,5.9579],[76.8747,5.9435],[76.8822,5.9339],[76.8941,5.9198],[76.9016,5.91],[76.9134,5.896],[76.921,5.8864],[76.9328,5.8728],[76.9403,5.8635],[76.9517,5.8491],[76.9593,5.8394],[76.9713,5.8247],[76.9788,5.8154],[76.9902,5.8018],[76.998,5.7923],[77.0104,5.7784],[77.0183,5.7693],[77.0306,5.7558],[77.0389,5.7464],[77.0507,5.7333],[77.0588,5.7238],[77.0707,5.71],[77.0787,5.7009],[77.0901,5.687],[77.0981,5.6776],[77.1091,5.6636],[77.1166,5.6541],[77.128,5.6404],[77.1361,5.6312],[77.1471,5.6172],[77.1552,5.6076],[77.1664,5.5937],[77.174,5.584],[77.1857,5.5698],[77.1932,5.56],[77.2046,5.5459],[77.2127,5.5368],[77.2244,5.5231],[77.2322,5.5137],[77.2443,5.5001],[77.2519,5.4913],[77.2635,5.4777],[77.2717,5.4686],[77.2832,5.4542],[77.2914,5.4445],[77.3028,5.431],[77.3109,5.4217],[77.3224,5.4073],[77.3303,5.3982],[77.3419,5.384],[77.35,5.3749],[77.3623,5.3615],[77.3704,5.3527],[77.3827,5.3395],[77.3915,5.3305],[77.4033,5.317],[77.4114,5.3083],[77.4236,5.2946],[77.4322,5.2858],[77.445,5.2719],[77.4531,5.2628],[77.4655,5.2496],[77.4741,5.2409],[77.4864,5.2272],[77.4945,5.2188],[77.5077,5.2054],[77.5163,5.1969],[77.5286,5.1841],[77.5371,5.1753],[77.5499,5.1623],[77.5578,5.1532],[77.5699,5.1401],[77.5785,5.1314],[77.5911,5.1177],[77.5994,5.1086],[77.612,5.0957],[77.6202,5.0867],[77.6326,5.0737],[77.6411,5.0649],[77.6541,5.052],[77.6625,5.0436],[77.6754,5.0304],[77.6842,5.0215],[77.6973,5.0082],[77.7058,4.9991],[77.7182,4.9854],[77.7267,4.9763],[77.7387,4.9632],[77.7473,4.9543],[77.7603,4.9406],[77.7685,4.9316],[77.7807,4.9181],[77.7889,4.9092],[77.8012,4.8959],[77.8094,4.8867],[77.822,4.8731],[77.8297,4.8637],[77.8413,4.8506],[77.8497,4.8417],[77.8622,4.8278],[77.8707,4.8188],[77.883,4.8058],[77.8916,4.797],[77.9042,4.7841],[77.9125,4.7756],[77.9253,4.7628],[77.934,4.7541],[77.9466,4.7409],[77.9556,4.7325],[77.9684,4.7189],[77.9768,4.7101],[77.9893,4.6972],[77.9977,4.6889],[78.0112,4.6753],[78.019,4.6669],[78.0317,4.6538],[78.0404,4.6453],[78.0531,4.6324],[78.0616,4.6236],[78.0739,4.6097],[78.082,4.6007],[78.0941,4.5873],[78.1021,4.578],[78.114,4.5644],[78.1219,4.5553],[78.1345,4.5414],[78.1422,4.5327],[78.1546,4.5191],[78.1625,4.5098],[78.1749,4.496],[78.1827,4.4865],[78.1952,4.473],[78.2039,4.4635],[78.2161,4.45],[78.2243,4.4407],[78.2367,4.4276],[78.2449,4.4186],[78.2574,4.4049],[78.2655,4.3962],[78.2783,4.382],[78.2862,4.3732],[78.2981,4.3598],[78.3056,4.3504],[78.3177,4.3375],[78.3268,4.3282],[78.3382,4.3149],[78.3464,4.3052],[78.3577,4.2912],[78.3658,4.2816],[78.378,4.2677],[78.3865,4.2586],[78.3985,4.2455],[78.4071,4.2367],[78.4196,4.2228],[78.4278,4.2138],[78.4403,4.2006],[78.449,4.1916],[78.4608,4.1786],[78.4689,4.1694],[78.4812,4.1561],[78.4893,4.1473],[78.5021,4.1334],[78.5111,4.1239],[78.5241,4.1101],[78.5321,4.1013],[78.545,4.0875],[78.5535,4.0788],[78.5659,4.0654],[78.5741,4.0569],[78.5875,4.0432],[78.5957,4.0347],[78.6088,4.0218],[78.6169,4.0135],[78.6305,4.0004],[78.6391,3.992],[78.6529,3.9791],[78.6616,3.9709],[78.6744,3.9585],[78.6837,3.9496],[78.6967,3.9372],[78.7056,3.9285],[78.7189,3.9153],[78.7275,3.9071],[78.7408,3.8939],[78.7494,3.8854],[78.7625,3.8723],[78.7711,3.8639],[78.7841,3.8509],[78.7923,3.8417],[78.8049,3.8289],[78.8131,3.8206]]},"properties":{"mmsi":993402848,"name":"SYN-TAN-28","role":"candidate","vessel_type":80,"synthetic":true,"t_offset_s":[-196656,-196536,-196296,-195936,-195696,-195336,-195096,-194736,-194496,-194136,-193896,-193536,-193296,-192936,-192696,-192336,-192096,-191736,-191496,-191136,-190896,-190536,-190296,-189936,-189696,-189336,-189096,-188736,-188496,-188136,-187896,-187536,-187296,-186936,-186696,-186336,-186096,-185736,-185496,-185136,-184896,-184536,-184296,-183936,-183696,-183336,-183096,-182736,-182496,-182136,-181896,-181536,-181296,-180936,-180696,-180336,-180096,-179736,-179496,-179136,-178896,-178536,-178296,-177936,-177696,-177336,-177096,-176736,-176496,-176136,-175896,-175536,-175296,-174936,-174696,-174336,-174096,-173736,-173496,-173136,-172896,-172536,-172296,-171936,-171696,-171336,-171096,-170736,-170496,-170136,-169896,-169536,-169296,-168936,-168696,-168336,-168096,-167736,-167496,-167136,-166896,-166536,-166296,-165936,-165696,-165336,-165096,-164736,-164496,-164136,-163896,-163536,-163296,-162936,-162696,-162336,-162096,-161736,-161496,-161136,-160896,-160536,-160296,-159936,-159696,-159336,-159096,-158736,-158496,-158136,-157896,-157536,-157296,-156936,-156696,-156336,-156096,-155736,-155496,-155136,-154896,-154536,-154296,-153936,-153696,-153336,-153096,-152736,-152496,-152136,-151896,-151536,-151296,-150936,-150696,-150336,-150096,-149736,-149496,-149136,-148896,-148536,-148296,-147936,-147696,-147336,-147096,-146736,-146496,-146136,-145896,-145536,-145296,-144936,-144696,-144336,-144096,-143736,-143496,-143136,-142896,-142536,-142296,-141936,-141696,-141336,-141096,-140736,-140496,-140136,-139896,-139536,-139296,-138936,-138696,-138336,-138096,-137736,-137496,-137136,-136896,-136536,-136296,-135936,-135696,-135336,-135096,-134736,-134496,-134136,-133896,-133536,-133296,-132936,-132696,-132336,-132096,-131736,-131496,-131136,-130896,-130536,-130296,-129936,-129696,-129336,-129096,-128736,-128496,-128136,-127896,-127536,-127296,-126936,-126696,-126336,-126096,-125736,-125496,-125136,-124896,-124536,-124296,-123936,-123696,-123336,-123096,-122736,-122496,-122136,-121896,-121536,-121296],"sog":[10.9,10.3,10.3,11.0,10.6,11.6,11.0,11.0,10.6,11.3,10.6,11.7,11.1,10.9,10.7,11.0,10.8,11.5,10.9,11.3,10.5,10.8,11.4,11.5,11.3,10.7,11.0,11.1,11.5,11.1,11.4,10.7,10.7,11.0,10.5,11.1,10.7,11.3,11.1,10.9,10.7,11.4,10.9,11.2,10.9,11.3,11.0,10.6,11.0,10.8,11.1,11.2,10.6,10.8,11.0,11.0,11.2,10.8,10.9,10.8,10.9,10.8,10.7,10.8,10.9,10.6,10.5,11.0,10.7,10.6,11.2,11.0,11.2,10.6,10.7,10.8,11.1,10.9,11.2,11.1,11.3,10.4,10.5,10.8,11.1,10.7,10.8,11.2,10.8,10.5,10.3,10.5,10.7,11.1,11.0,11.2,10.5,10.7,10.8,11.4,10.8,10.6,10.3,10.6,10.7,10.9,11.1,10.4,11.0,10.8,10.7,11.2,11.0,10.5,10.4,11.1,11.2,10.6,10.8,10.9,10.6,11.7,11.1,10.9,10.9,10.5,10.2,11.3,11.0,11.2,11.2,11.0,10.6,10.5,11.0,11.2,11.3,10.5,11.2,10.5,11.5,11.0,11.0,10.9,11.2,10.9,10.7,11.1,11.3,10.6,11.0,10.6,11.2,10.8,10.6,10.7,10.9,11.0,11.2,10.9,10.6,10.8,11.0,10.9,10.9,10.6,10.9,10.7,10.7,10.7,10.8,10.9,10.6,10.7,10.9,11.1,10.5,11.0,10.9,10.9,11.0,11.3,10.8,10.2,11.0,10.6,10.7,11.1,10.6,10.9,11.2,10.9,10.3,10.9,11.3,11.0,10.5,10.9,10.9,11.4,10.8,10.9,10.7,10.5,10.8,10.6,10.9,11.2,11.2,10.6,11.2,11.0,11.2,11.0,11.2,11.0,10.5,10.9,11.3,10.7,10.6,11.3,10.7,11.3,11.5,11.5,10.9,11.0,10.9,10.9,10.4,11.3,10.6,10.8,11.0,11.2,10.6,11.3,10.7,10.6,11.4,10.9,11.0,10.8,10.5,10.6,11.0,10.8,10.6,11.0,10.8,10.2,10.5]}},{"type":"Feature","geometry":{"type":"LineString","coordinates":[[75.6634,7.5959],[75.6786,7.5762],[75.6889,7.5623],[75.7039,7.5425],[75.7147,7.5288],[75.7303,7.5088],[75.7409,7.4956],[75.7568,7.4756],[75.7674,7.4624],[75.7831,7.4424],[75.7934,7.4291],[75.8089,7.4092],[75.8196,7.3956],[75.8355,7.3763],[75.8461,7.3629],[75.8615,7.3431],[75.872,7.3299],[75.8875,7.3094],[75.8975,7.2957],[75.913,7.2754],[75.9229,7.2617],[75.9379,7.2413],[75.9479,7.2272],[75.963,7.2065],[75.9727,7.1926],[75.9874,7.1718],[75.9972,7.1574],[76.0113,7.1367],[76.0208,7.1232],[76.0351,7.1019],[76.0446,7.0881],[76.0589,7.0658],[76.0677,7.0519],[76.0814,7.0302],[76.0906,7.0162],[76.1044,6.9949],[76.1141,6.9805],[76.1283,6.9597],[76.1382,6.9457],[76.1528,6.9252],[76.163,6.9113],[76.1786,6.8904],[76.1892,6.8767],[76.2048,6.8566],[76.2147,6.8436],[76.2302,6.8232],[76.2404,6.8104],[76.2556,6.7903],[76.2662,6.7767],[76.2819,6.7567],[76.2918,6.7438],[76.3072,6.7237],[76.3175,6.7101],[76.333,6.6899],[76.3431,6.6767],[76.3589,6.6561],[76.369,6.6428],[76.3845,6.6223],[76.3946,6.6084],[76.4096,6.5885],[76.4197,6.5746],[76.4341,6.5543],[76.4447,6.5407],[76.4599,6.5202],[76.4702,6.5072],[76.4858,6.487],[76.4962,6.4741],[76.5123,6.4544],[76.5232,6.4409],[76.5394,6.4215],[76.5504,6.4085],[76.567,6.3892],[76.5777,6.3766],[76.5941,6.3568],[76.6048,6.3437],[76.6209,6.3242],[76.6321,6.3112],[76.648,6.2917],[76.659,6.2792],[76.6753,6.2593],[76.6861,6.2468],[76.7026,6.2277],[76.7139,6.2149],[76.7309,6.1958],[76.7418,6.1837],[76.7588,6.1644],[76.7699,6.1514],[76.7867,6.132],[76.7975,6.1196],[76.8135,6.1001],[76.8241,6.0867],[76.8405,6.0669],[76.8512,6.0534],[76.8673,6.0335],[76.878,6.0199],[76.8931,6.0003],[76.9033,5.9869],[76.9186,5.9671],[76.9291,5.9535],[76.9443,5.9337],[76.9547,5.9202],[76.9709,5.9],[76.9815,5.8861],[76.9972,5.8665],[77.0079,5.8531],[77.0231,5.8336],[77.0338,5.8206],[77.0498,5.8007],[77.0608,5.7878],[77.0765,5.7679],[77.0873,5.7546],[77.1032,5.7348],[77.114,5.7216],[77.1298,5.7022],[77.1406,5.6889],[77.1573,5.6695],[77.168,5.6564],[77.1841,5.6376],[77.1952,5.6247],[77.2122,5.6054],[77.2228,5.5925],[77.2397,5.5735],[77.2508,5.5616],[77.2683,5.5426],[77.2799,5.5306],[77.2975,5.5119],[77.3094,5.4995],[77.3264,5.481],[77.3373,5.4684],[77.3545,5.4495],[77.3664,5.4369],[77.3835,5.4178],[77.3948,5.4059],[77.412,5.3878],[77.4231,5.3752],[77.4404,5.3569],[77.452,5.3444],[77.4698,5.3262],[77.481,5.3141],[77.4983,5.295],[77.5096,5.2828],[77.5266,5.2636],[77.5381,5.2516],[77.5548,5.2329],[77.5659,5.2202],[77.5833,5.2008],[77.5941,5.1881],[77.6109,5.1688],[77.6213,5.156],[77.6379,5.1362],[77.6485,5.1234],[77.6648,5.1039],[77.6759,5.091],[77.692,5.0715],[77.7027,5.0589],[77.7191,5.0394],[77.7301,5.0269],[77.7463,5.0074],[77.7573,4.9951],[77.7741,4.9754],[77.7855,4.9628],[77.8016,4.9438],[77.8126,4.931],[77.8292,4.9115],[77.8404,4.8984],[77.856,4.8791],[77.8677,4.8657],[77.8833,4.8461],[77.8938,4.8328],[77.9096,4.8123],[77.9205,4.7982],[77.9361,4.7782],[77.9462,4.7644],[77.962,4.7442],[77.9721,4.7305],[77.987,4.7102],[77.9971,4.6963],[78.0121,4.676],[78.0224,4.6624],[78.0379,4.6424],[78.0479,4.629],[78.0634,4.609],[78.0735,4.5952],[78.0885,4.5751],[78.0986,4.5615],[78.1147,4.5417],[78.1248,4.5288],[78.1405,4.5087],[78.1511,4.4958],[78.1673,4.4757],[78.1781,4.4626],[78.1937,4.4431],[78.2044,4.43],[78.2204,4.4102],[78.2312,4.3971],[78.2471,4.3779],[78.2572,4.3647],[78.2737,4.3449],[78.2844,4.3316],[78.3002,4.3121],[78.311,4.2993],[78.3264,4.2795],[78.3374,4.2662],[78.3529,4.2463],[78.3642,4.233],[78.38,4.2133],[78.3909,4.2003],[78.4068,4.1798],[78.4171,4.1662],[78.4327,4.1464],[78.4425,4.133],[78.4588,4.1132],[78.4684,4.0999],[78.4846,4.0791],[78.495,4.0654],[78.5108,4.046],[78.521,4.0323],[78.5365,4.012],[78.547,3.9986],[78.562,3.9786],[78.5727,3.9653],[78.5883,3.9453],[78.5986,3.9321],[78.6147,3.9121],[78.6249,3.8989],[78.6409,3.8786],[78.651,3.8657],[78.6672,3.8453],[78.6771,3.8324],[78.6928,3.8121]]},"properties":{"mmsi":993695955,"name":"SYN-TAN-25","role":"candidate","vessel_type":80,"synthetic":true,"t_offset_s":[-100884,-100524,-100284,-99924,-99684,-99324,-99084,-98724,-98484,-98124,-97884,-97524,-97284,-96924,-96684,-96324,-96084,-95724,-95484,-95124,-94884,-94524,-94284,-93924,-93684,-93324,-93084,-92724,-92484,-92124,-91884,-91524,-91284,-90924,-90684,-90324,-90084,-89724,-89484,-89124,-88884,-88524,-88284,-87924,-87684,-87324,-87084,-86724,-86484,-86124,-85884,-85524,-85284,-84924,-84684,-84324,-84084,-83724,-83484,-83124,-82884,-82524,-82284,-81924,-81684,-81324,-81084,-80724,-80484,-80124,-79884,-79524,-79284,-78924,-78684,-78324,-78084,-77724,-77484,-77124,-76884,-76524,-76284,-75924,-75684,-75324,-75084,-74724,-74484,-74124,-73884,-73524,-73284,-72924,-72684,-72324,-72084,-71724,-71484,-71124,-70884,-70524,-70284,-69924,-69684,-69324,-69084,-68724,-68484,-68124,-67884,-67524,-67284,-66924,-66684,-66324,-66084,-65724,-65484,-65124,-64884,-64524,-64284,-63924,-63684,-63324,-63084,-62724,-62484,-62124,-61884,-61524,-61284,-60924,-60684,-60324,-60084,-59724,-59484,-59124,-58884,-58524,-58284,-57924,-57684,-57324,-57084,-56724,-56484,-56124,-55884,-55524,-55284,-54924,-54684,-54324,-54084,-53724,-53484,-53124,-52884,-52524,-52284,-51924,-51684,-51324,-51084,-50724,-50484,-50124,-49884,-49524,-49284,-48924,-48684,-48324,-48084,-47724,-47484,-47124,-46884,-46524,-46284,-45924,-45684,-45324,-45084,-44724,-44484,-44124,-43884,-43524,-43284,-42924,-42684,-42324,-42084,-41724,-41484,-41124,-40884,-40524,-40284,-39924,-39684,-39324,-39084,-38724,-38484,-38124,-37884,-37524,-37284,-36924,-36684,-36324,-36084,-35724,-35484,-35124,-34884,-34524,-34284,-33924,-33684,-33324,-33084,-32724,-32484,-32124],"sog":[15.1,14.9,14.8,15.2,15.7,15.3,15.0,15.5,15.1,15.0,15.0,15.4,15.1,14.9,15.2,14.9,15.2,15.5,15.4,15.3,15.3,14.6,15.3,15.4,15.5,15.1,15.0,15.0,15.0,15.2,15.5,15.6,15.2,15.3,14.9,15.5,15.4,15.3,15.4,15.1,15.1,16.1,15.5,15.2,15.2,15.2,15.1,14.8,15.2,15.5,14.5,14.8,15.2,15.1,14.9,15.0,15.2,15.3,15.0,14.8,15.5,15.1,15.3,15.2,14.9,14.9,15.1,14.8,14.9,15.0,15.0,15.5,14.6,15.2,15.5,14.9,15.6,14.8,14.9,15.3,14.6,14.9,15.3,15.0,14.8,15.1,15.5,14.8,14.5,15.5,15.0,15.4,15.6,15.6,15.2,14.6,15.1,14.6,15.1,15.0,15.5,15.6,15.1,14.8,15.3,15.1,15.3,15.4,15.3,14.8,15.5,15.1,15.3,14.8,14.9,15.5,14.7,14.6,15.2,15.0,15.0,15.2,15.0,15.1,15.2,15.0,15.5,15.0,14.9,15.5,14.5,15.3,15.3,15.1,15.3,14.8,15.1,15.4,15.0,15.4,14.9,15.3,15.1,14.9,14.9,15.1,15.1,15.1,14.7,15.3,15.1,14.7,15.3,14.9,15.5,15.1,14.7,15.0,14.9,14.7,15.7,14.8,15.1,14.9,15.6,14.8,15.4,15.0,15.5,15.1,15.7,15.2,14.8,15.4,14.8,14.8,15.4,15.2,15.4,15.3,15.2,15.1,15.7,15.0,15.0,15.1,14.8,14.7,15.2,15.0,15.4,15.0,15.0,14.9,15.1,14.8,14.7,15.1,14.9,15.1,15.0,14.9,15.3,15.5,15.5,15.2,15.0,14.7,15.3,15.1,14.8,15.1,15.2,15.5,15.4,15.0,15.0,14.9,15.0,15.4,15.5,15.3,15.3,15.2,14.9,15.5,15.0,14.9,15.4,15.6]}},{"type":"Feature","geometry":{"type":"LineString","coordinates":[[76.1029,7.981],[76.1032,7.994],[76.1032,8.0066],[76.1031,8.0257],[76.1034,8.0382],[76.1027,8.0569],[76.1025,8.0703],[76.1025,8.0892],[76.1022,8.1021],[76.1022,8.121],[76.1018,8.1331],[76.1019,8.1523],[76.1021,8.165],[76.1018,8.1838],[76.1022,8.1968],[76.1021,8.2162],[76.1021,8.2288],[76.1023,8.2475],[76.1026,8.2603],[76.1031,8.2792],[76.1032,8.2912],[76.1032,8.3105],[76.1031,8.3231],[76.103,8.3421],[76.1026,8.3549],[76.1023,8.3739],[76.1017,8.3865],[76.1013,8.4051],[76.1013,8.4178],[76.1013,8.4372],[76.1009,8.4499],[76.1,8.4692],[76.0999,8.4819],[76.0997,8.5014],[76.0991,8.5141],[76.0989,8.5336],[76.0983,8.546],[76.0981,8.5646],[76.0981,8.5767],[76.0981,8.5966],[76.0985,8.6095],[76.0983,8.6286],[76.0986,8.6415],[76.0987,8.6607],[76.0991,8.6734],[76.0991,8.6922],[76.0993,8.7049],[76.0998,8.724],[76.1,8.7366],[76.1006,8.7558],[76.1011,8.7688],[76.1012,8.7879],[76.1014,8.8009],[76.102,8.8197],[76.1019,8.8326],[76.1029,8.8513],[76.1031,8.8642],[76.1036,8.8834],[76.1039,8.8961],[76.1046,8.9154],[76.1046,8.9285],[76.1051,8.9475],[76.105,8.9608],[76.105,8.9796],[76.1051,8.9919],[76.105,9.0116],[76.1053,9.0243],[76.105,9.0437],[76.1048,9.0566],[76.1044,9.0756],[76.1043,9.0886],[76.1036,9.1073],[76.1031,9.1201],[76.1027,9.1395],[76.1024,9.1522],[76.1022,9.1709],[76.1018,9.184],[76.101,9.2027],[76.1008,9.2154],[76.1005,9.2339],[76.1005,9.2469],[76.0997,9.2661],[76.1,9.2794],[76.0992,9.2987],[76.0987,9.3109],[76.0981,9.3298],[76.0978,9.3426],[76.0975,9.3612],[76.0972,9.3744],[76.097,9.3932],[76.0971,9.406],[76.0975,9.4251],[76.0972,9.438],[76.0968,9.4569],[76.0967,9.4695],[76.0968,9.4887],[76.0966,9.5011],[76.0965,9.5205],[76.0965,9.5327],[76.0967,9.5521],[76.0967,9.5646],[76.0965,9.5836],[76.0958,9.5966],[76.0954,9.6152],[76.0955,9.6279],[76.0949,9.6464],[76.0947,9.6593],[76.0945,9.6785],[76.0942,9.6909],[76.0936,9.71],[76.0932,9.7227],[76.0926,9.7415],[76.0919,9.7544],[76.0914,9.7736],[76.0911,9.786],[76.0909,9.8049],[76.0899,9.8177],[76.0893,9.8366],[76.0886,9.8491],[76.0875,9.8683],[76.087,9.8808],[76.0861,9.9007],[76.0858,9.9131],[76.085,9.932],[76.0846,9.9449],[76.084,9.9649],[76.0834,9.9779],[76.0825,9.9969],[76.0816,10.0093],[76.0806,10.0282],[76.0801,10.0417],[76.0795,10.06],[76.0787,10.0719],[76.0783,10.0911],[76.0774,10.1037],[76.0768,10.1228],[76.0764,10.136],[76.0756,10.155],[76.075,10.168],[76.0746,10.1871],[76.0748,10.2002],[76.0747,10.2193],[76.0744,10.2322],[76.0743,10.2509],[76.0741,10.2637],[76.0746,10.2827],[76.0749,10.2955],[76.0755,10.3146],[76.0756,10.3272],[76.0764,10.346],[76.0766,10.3589],[76.0768,10.3782],[76.0768,10.3908],[76.0766,10.4101],[76.077,10.4234]]},"properties":{"mmsi":994004754,"name":"SYN-CAR-14","role":"candidate","vessel_type":70,"synthetic":true,"t_offset_s":[-148426,-148186,-147946,-147586,-147346,-146986,-146746,-146386,-146146,-145786,-145546,-145186,-144946,-144586,-144346,-143986,-143746,-143386,-143146,-142786,-142546,-142186,-141946,-141586,-141346,-140986,-140746,-140386,-140146,-139786,-139546,-139186,-138946,-138586,-138346,-137986,-137746,-137386,-137146,-136786,-136546,-136186,-135946,-135586,-135346,-134986,-134746,-134386,-134146,-133786,-133546,-133186,-132946,-132586,-132346,-131986,-131746,-131386,-131146,-130786,-130546,-130186,-129946,-129586,-129346,-128986,-128746,-128386,-128146,-127786,-127546,-127186,-126946,-126586,-126346,-125986,-125746,-125386,-125146,-124786,-124546,-124186,-123946,-123586,-123346,-122986,-122746,-122386,-122146,-121786,-121546,-121186,-120946,-120586,-120346,-119986,-119746,-119386,-119146,-118786,-118546,-118186,-117946,-117586,-117346,-116986,-116746,-116386,-116146,-115786,-115546,-115186,-114946,-114586,-114346,-113986,-113746,-113386,-113146,-112786,-112546,-112186,-111946,-111586,-111346,-110986,-110746,-110386,-110146,-109786,-109546,-109186,-108946,-108586,-108346,-107986,-107746,-107386,-107146,-106786,-106546,-106186,-105946,-105586,-105346,-104986,-104746,-104386,-104146,-103786,-103546,-103186,-102946,-102586,-102346],"sog":[11.8,12.1,11.1,11.5,11.5,11.2,11.7,11.1,11.5,11.4,11.1,11.0,11.3,11.1,11.5,11.9,11.1,11.2,11.5,11.6,11.0,10.9,11.5,11.0,11.3,11.5,11.2,11.0,11.0,11.5,11.5,11.5,12.0,11.5,11.5,11.5,11.5,11.0,11.0,12.0,11.4,11.4,11.4,11.3,11.4,11.6,11.4,11.5,11.2,11.1,11.4,11.4,11.9,11.4,11.3,11.3,11.7,10.8,11.9,11.4,11.8,11.5,11.8,11.2,11.3,11.6,11.7,11.7,11.1,11.7,11.3,11.2,11.3,11.1,11.4,11.1,11.7,10.9,11.3,11.2,11.6,11.2,11.8,11.3,11.0,11.2,11.7,11.0,11.6,11.4,11.4,11.3,11.5,11.4,11.5,11.3,11.4,11.2,11.1,11.4,11.5,11.3,11.6,11.2,11.4,11.4,11.3,11.1,10.9,10.9,11.4,11.4,11.3,11.5,11.4,11.4,11.4,10.7,11.6,11.5,11.4,11.6,11.3,11.2,11.3,12.0,11.8,11.6,10.9,11.3,11.8,11.1,10.8,11.5,11.5,11.5,11.7,11.4,11.6,11.2,11.3,11.5,11.8,11.2,11.5,11.3,11.3,11.2,11.1,11.5,11.8,11.1,11.5,11.5,12.0]}},{"type":"Feature","geometry":{"type":"LineString","coordinates":[[76.0399,9.1407],[76.0398,9.1523],[76.0401,9.1697],[76.0399,9.1811],[76.0396,9.1979],[76.0401,9.2097],[76.04,9.2271],[76.0401,9.2385],[76.0401,9.2556],[76.0397,9.2675],[76.0398,9.2852],[76.0396,9.297],[76.0399,9.3148],[76.0398,9.3267],[76.0398,9.3441],[76.0399,9.3561],[76.0401,9.3732],[76.0404,9.3851],[76.0407,9.4025],[76.0411,9.4137],[76.0416,9.4313],[76.042,9.4431],[76.0427,9.4603],[76.0432,9.4719],[76.044,9.4891],[76.0437,9.5008],[76.0441,9.5178],[76.0444,9.5296],[76.0444,9.5471],[76.0449,9.5588],[76.0451,9.5761],[76.0455,9.5877],[76.0459,9.6043],[76.046,9.6159],[76.0464,9.6334],[76.0465,9.645],[76.0468,9.6622],[76.0469,9.6735],[76.0475,9.6907],[76.0476,9.7028],[76.0475,9.7201],[76.0475,9.7319],[76.0483,9.7485],[76.0484,9.7602],[76.0488,9.7773],[76.0491,9.789],[76.0498,9.8067],[76.0502,9.8183],[76.0514,9.8354],[76.0519,9.8469],[76.0528,9.8636],[76.0534,9.8751],[76.0544,9.8927],[76.0548,9.9042],[76.0559,9.9206],[76.0569,9.9325],[76.0583,9.9495],[76.0589,9.9609],[76.06,9.9785],[76.0608,9.9899],[76.0619,10.0073],[76.0627,10.0189],[76.0642,10.036],[76.0659,10.0475],[76.0673,10.0646],[76.0687,10.0763],[76.0704,10.094],[76.0712,10.1052],[76.0728,10.1226],[76.0741,10.1337],[76.0761,10.1515],[76.0772,10.1628],[76.0791,10.1803],[76.0808,10.1915],[76.0826,10.2093],[76.0847,10.2204],[76.0861,10.2374],[76.0879,10.2492],[76.0907,10.2658],[76.0921,10.2772],[76.0949,10.2938],[76.0966,10.3054],[76.0989,10.3226],[76.1013,10.3342],[76.1038,10.3514]]},"properties":{"mmsi":994016797,"name":"SYN-TAN-17","role":"candidate","vessel_type":80,"synthetic":true,"t_offset_s":[-8113,-7873,-7513,-7273,-6913,-6673,-6313,-6073,-5713,-5473,-5113,-4873,-4513,-4273,-3913,-3673,-3313,-3073,-2713,-2473,-2113,-1873,-1513,-1273,-913,-673,-313,-73,287,527,887,1127,1487,1727,2087,2327,2687,2927,3287,3527,3887,4127,4487,4727,5087,5327,5687,5927,6287,6527,6887,7127,7487,7727,8087,8327,8687,8927,9287,9527,9887,10127,10487,10727,11087,11327,11687,11927,12287,12527,12887,13127,13487,13727,14087,14327,14687,14927,15287,15527,15887,16127,16487,16727,17087],"sog":[10.7,10.1,10.5,10.4,10.4,10.2,10.5,10.1,10.2,10.7,10.8,10.0,10.9,10.5,10.6,10.2,10.1,10.1,10.6,10.0,10.9,10.7,10.2,10.5,10.4,10.5,10.3,10.3,10.3,10.7,10.4,10.5,10.2,10.5,10.8,10.1,10.2,10.1,10.8,10.6,10.7,10.5,9.8,10.2,9.8,10.4,10.7,10.0,10.3,10.2,10.0,10.3,10.4,10.5,9.9,10.2,9.7,10.6,10.8,10.5,10.4,10.2,10.2,10.0,10.6,10.6,10.5,10.8,10.4,10.2,10.2,10.1,10.3,10.6,10.4,10.1,10.2,10.2,10.4,10.3,10.2,10.5,10.3,10.6,10.0]}},{"type":"Feature","geometry":{"type":"LineString","coordinates":[[76.0762,6.6867],[76.0761,6.6934],[76.0766,6.7131],[76.0769,6.7265],[76.0775,6.7468],[76.0776,6.7604],[76.0786,6.7805],[76.0792,6.7938],[76.0801,6.8136],[76.0806,6.827],[76.0819,6.8465],[76.0826,6.8603],[76.0838,6.8795],[76.0847,6.8931],[76.0864,6.9135],[76.0872,6.9271],[76.0888,6.9476],[76.0899,6.9608],[76.0914,6.9805],[76.0924,6.994],[76.0941,7.014],[76.0949,7.0276],[76.0962,7.0476],[76.0971,7.0607],[76.0986,7.0805],[76.0997,7.094],[76.1023,7.1143],[76.104,7.1276],[76.106,7.1474],[76.1069,7.1606],[76.1081,7.1808],[76.1093,7.1945],[76.1104,7.2148],[76.1113,7.2283],[76.112,7.2484],[76.1123,7.2614],[76.1136,7.2815],[76.1142,7.2943],[76.1152,7.3141],[76.116,7.3277],[76.1166,7.3473],[76.1172,7.3612],[76.1183,7.3812],[76.1191,7.3942],[76.12,7.4146],[76.1207,7.4276],[76.1213,7.448],[76.1221,7.4611],[76.1227,7.4806],[76.1233,7.4945],[76.1242,7.5139],[76.1248,7.5274],[76.1262,7.5473],[76.1272,7.5608],[76.1292,7.5809],[76.1302,7.594],[76.1326,7.6136],[76.1343,7.6267],[76.1367,7.6465],[76.1382,7.6598],[76.1403,7.6795],[76.1419,7.6929],[76.1438,7.7124],[76.1451,7.7256],[76.1466,7.7453],[76.1475,7.7587],[76.1493,7.779],[76.1504,7.7926],[76.1521,7.8119],[76.1532,7.8255],[76.1548,7.8455],[76.1559,7.8588],[76.1575,7.8786],[76.1588,7.8924],[76.16,7.9121],[76.1617,7.9255],[76.1633,7.9454],[76.1645,7.9584],[76.1665,7.978],[76.1677,7.9915],[76.1702,8.0117],[76.1719,8.0242],[76.1748,8.0439],[76.1772,8.0576],[76.1799,8.0774],[76.1818,8.0904],[76.1842,8.11],[76.1864,8.1227],[76.1892,8.143],[76.1912,8.1561],[76.1937,8.1753],[76.1958,8.1887],[76.1985,8.2083],[76.2003,8.2223],[76.2034,8.2419],[76.2053,8.2548],[76.2076,8.2747],[76.2094,8.288],[76.2125,8.3085],[76.2142,8.3214],[76.2174,8.3417],[76.2191,8.3545],[76.2223,8.3751],[76.2244,8.388],[76.2267,8.408],[76.2288,8.4209],[76.231,8.4404],[76.2328,8.4537],[76.2355,8.4735],[76.2371,8.4868],[76.2402,8.5068],[76.2419,8.5197],[76.2444,8.5395],[76.2463,8.5532],[76.249,8.5724],[76.2509,8.5857],[76.2539,8.6055],[76.2559,8.6191],[76.2597,8.639],[76.2619,8.6516],[76.2654,8.672],[76.2676,8.6851],[76.2715,8.7049],[76.2736,8.7177],[76.2772,8.7371],[76.2791,8.7504],[76.283,8.7699],[76.2855,8.7828],[76.2887,8.803],[76.291,8.8158],[76.2943,8.836],[76.2966,8.8494],[76.2995,8.869],[76.3014,8.8827],[76.3039,8.9025],[76.3059,8.9152],[76.3085,8.9342],[76.31,8.9473],[76.3122,8.9677],[76.3139,8.9813],[76.3159,9.001],[76.3174,9.0145],[76.319,9.0341],[76.32,9.0473],[76.3217,9.0672],[76.3226,9.0802],[76.3243,9.1005],[76.326,9.1135],[76.3279,9.1337],[76.3293,9.1465],[76.331,9.1665],[76.3327,9.1796],[76.3353,9.1991],[76.3369,9.2127],[76.3397,9.2323],[76.3414,9.2456],[76.3441,9.265],[76.3457,9.2781],[76.3485,9.2979],[76.3505,9.3113],[76.353,9.3312],[76.355,9.3445],[76.3571,9.3644]]},"properties":{"mmsi":994105512,"name":"SYN-TAN-32","role":"candidate","vessel_type":80,"synthetic":true,"t_offset_s":[-54205,-54085,-53725,-53485,-53125,-52885,-52525,-52285,-51925,-51685,-51325,-51085,-50725,-50485,-50125,-49885,-49525,-49285,-48925,-48685,-48325,-48085,-47725,-47485,-47125,-46885,-46525,-46285,-45925,-45685,-45325,-45085,-44725,-44485,-44125,-43885,-43525,-43285,-42925,-42685,-42325,-42085,-41725,-41485,-41125,-40885,-40525,-40285,-39925,-39685,-39325,-39085,-38725,-38485,-38125,-37885,-37525,-37285,-36925,-36685,-36325,-36085,-35725,-35485,-35125,-34885,-34525,-34285,-33925,-33685,-33325,-33085,-32725,-32485,-32125,-31885,-31525,-31285,-30925,-30685,-30325,-30085,-29725,-29485,-29125,-28885,-28525,-28285,-27925,-27685,-27325,-27085,-26725,-26485,-26125,-25885,-25525,-25285,-24925,-24685,-24325,-24085,-23725,-23485,-23125,-22885,-22525,-22285,-21925,-21685,-21325,-21085,-20725,-20485,-20125,-19885,-19525,-19285,-18925,-18685,-18325,-18085,-17725,-17485,-17125,-16885,-16525,-16285,-15925,-15685,-15325,-15085,-14725,-14485,-14125,-13885,-13525,-13285,-12925,-12685,-12325,-12085,-11725,-11485,-11125,-10885,-10525,-10285,-9925,-9685,-9325,-9085,-8725,-8485,-8125,-7885,-7525,-7285,-6925,-6685,-6325,-6085,-5725],"sog":[12.2,12.1,12.0,11.7,12.1,11.9,11.9,12.3,12.4,11.6,11.8,12.5,11.5,12.1,11.8,12.2,12.1,11.7,11.9,12.6,11.9,11.9,11.7,11.6,12.1,11.7,12.1,11.7,11.3,12.0,11.6,12.1,12.3,12.8,12.1,11.6,11.8,11.6,11.8,12.1,11.7,12.4,11.6,12.1,11.9,11.7,12.4,11.9,11.5,12.4,11.9,12.3,11.7,12.1,11.9,12.2,11.6,12.0,11.7,12.2,11.1,12.0,11.2,11.8,11.8,12.0,12.1,11.9,11.7,12.1,12.0,11.7,11.8,12.0,11.9,11.8,11.8,11.7,11.6,12.7,12.1,11.7,12.0,12.0,12.1,12.0,11.7,11.7,12.1,11.4,11.7,11.5,11.4,12.6,12.1,11.4,12.1,12.2,12.7,11.7,12.1,11.6,12.2,12.0,11.9,11.7,11.8,12.1,11.8,11.8,12.1,11.7,12.1,12.5,11.4,12.4,12.2,12.1,11.8,11.7,12.1,12.1,11.6,11.6,11.9,12.3,11.7,12.0,12.3,11.5,12.3,11.8,12.3,12.1,11.8,11.6,11.4,11.8,12.4,11.6,12.2,11.5,11.9,11.8,12.0,12.1,11.8,12.0,11.7,12.1,11.9,12.4,11.5,11.3,12.0,11.8,11.7,12.0,12.1,12.0,12.3,11.9,11.9]}},{"type":"Feature","geometry":{"type":"LineString","coordinates":[[76.5082,8.8531],[76.5054,8.8589],[76.497,8.8747],[76.4918,8.8859],[76.4836,8.9017],[76.4786,8.9128],[76.4704,8.9296],[76.4655,8.94],[76.4582,8.956],[76.4529,8.9676],[76.446,8.984],[76.4413,8.9949],[76.4348,9.0117],[76.43,9.0232],[76.4232,9.04],[76.4186,9.0515],[76.4116,9.0681],[76.4073,9.0792],[76.3999,9.0957],[76.395,9.1071],[76.3881,9.123],[76.383,9.1341],[76.3757,9.1506],[76.3713,9.1615],[76.3639,9.1787],[76.3588,9.19],[76.3515,9.2067],[76.3465,9.2175],[76.3392,9.2343],[76.3343,9.2457],[76.3275,9.262],[76.3225,9.2731],[76.315,9.2895],[76.3098,9.3004],[76.3025,9.3165],[76.2975,9.3274],[76.2901,9.3438],[76.2849,9.3544],[76.277,9.3712],[76.2716,9.3816],[76.2645,9.398],[76.2594,9.4081],[76.2512,9.4248],[76.2459,9.4363],[76.2387,9.4526],[76.2337,9.4639],[76.2261,9.4808],[76.222,9.4914],[76.2146,9.5077],[76.2098,9.5191],[76.2027,9.5356],[76.1981,9.5468],[76.1906,9.5638],[76.1861,9.5745],[76.1795,9.5906],[76.1749,9.6014],[76.1674,9.6179],[76.1627,9.6288],[76.1545,9.6451],[76.1497,9.6561],[76.1418,9.6723],[76.1367,9.6832],[76.1291,9.6999],[76.1244,9.7106],[76.1179,9.7272],[76.1125,9.738],[76.1054,9.7547],[76.1008,9.7655],[76.0933,9.7825],[76.0888,9.7924],[76.0822,9.8087],[76.0773,9.8201],[76.0699,9.8368],[76.0648,9.8479],[76.0581,9.8643],[76.0531,9.8754],[76.0468,9.8917],[76.0422,9.9027],[76.0356,9.9191],[76.0312,9.9298],[76.0241,9.9468],[76.0197,9.9577],[76.0126,9.9747],[76.0078,9.9853],[76.0008,10.0014],[75.9958,10.0131],[75.9886,10.0302],[75.9838,10.0416],[75.976,10.058],[75.9713,10.069],[75.9643,10.086],[75.9597,10.0972],[75.9531,10.1135],[75.9487,10.1247],[75.9413,10.1415],[75.9365,10.1531],[75.9297,10.1697],[75.9251,10.1809],[75.9182,10.1977],[75.9136,10.2085],[75.9064,10.2251],[75.9014,10.2357],[75.8941,10.2517],[75.8887,10.2631],[75.8807,10.2795],[75.8755,10.2905],[75.8672,10.3069],[75.8615,10.3171],[75.8529,10.3328],[75.8472,10.3431],[75.8382,10.3588],[75.8328,10.3685],[75.824,10.3842],[75.8178,10.3946],[75.8086,10.4096],[75.8032,10.4198],[75.7942,10.4352],[75.7885,10.4452],[75.7794,10.461],[75.773,10.4713],[75.7645,10.487],[75.7583,10.4972],[75.7492,10.5122],[75.7429,10.5232],[75.7336,10.5385],[75.7275,10.5484],[75.7185,10.564],[75.712,10.5743],[75.7023,10.59],[75.6958,10.6001],[75.6863,10.6152],[75.6804,10.6255],[75.6711,10.6408],[75.6648,10.6513],[75.6554,10.6665],[75.6489,10.6769],[75.6396,10.6917],[75.6331,10.7013],[75.6233,10.7166],[75.617,10.727],[75.6068,10.7426],[75.6006,10.7524],[75.5904,10.7684],[75.5844,10.7784],[75.5747,10.7937],[75.5688,10.8041],[75.5589,10.8197],[75.5527,10.8297],[75.5431,10.845],[75.5369,10.8546],[75.5273,10.8701],[75.5207,10.8799],[75.5111,10.8945],[75.5045,10.905],[75.4947,10.9196],[75.4878,10.9295],[75.4779,10.9451],[75.4706,10.9551],[75.4611,10.9703],[75.4545,10.9805],[75.4451,10.9956],[75.4387,11.0051],[75.4293,11.0196],[75.4227,11.0298],[75.4133,11.0449],[75.4069,11.0546],[75.3972,11.0698],[75.3907,11.0801],[75.3818,11.0948],[75.3757,11.1052],[75.3661,11.1211],[75.3603,11.1313],[75.3512,11.147],[75.3452,11.1574],[75.3362,11.1731],[75.3308,11.1834],[75.322,11.1992],[75.3167,11.2098],[75.3086,11.2259],[75.3036,11.2364],[75.2959,11.2531],[75.2901,11.2642],[75.2825,11.28],[75.2771,11.2904],[75.2691,11.3066],[75.2632,11.3172],[75.2551,11.3336],[75.2495,11.3444],[75.2416,11.3603],[75.2359,11.3714],[75.2271,11.3875],[75.2217,11.3981],[75.2135,11.4144],[75.2084,11.4249],[75.2002,11.4411],[75.1951,11.4514],[75.1868,11.4676],[75.1819,11.4783],[75.1739,11.4941],[75.1685,11.5048],[75.1606,11.5212],[75.156,11.532],[75.148,11.5487],[75.1431,11.559],[75.1352,11.5753],[75.1303,11.5856],[75.1224,11.602],[75.1175,11.6131],[75.11,11.6291],[75.1046,11.6395],[75.097,11.6554],[75.0911,11.6662],[75.0833,11.6821],[75.0773,11.6935],[75.0685,11.7096],[75.0625,11.7204],[75.0546,11.7355],[75.0488,11.7458],[75.0405,11.7621],[75.0347,11.7733],[75.0262,11.7904],[75.021,11.8012],[75.0133,11.817],[75.0077,11.8274],[75.0,11.8434],[74.9946,11.8541],[74.9866,11.871],[74.9814,11.8815],[74.9737,11.8981],[74.9682,11.9092],[74.9596,11.9259],[74.9544,11.937],[74.9466,11.9532],[74.9415,11.9643],[74.9338,11.9801],[74.9289,11.9911],[74.9212,12.0072],[74.9161,12.0181],[74.9089,12.0344],[74.9034,12.0453],[74.8955,12.0618],[74.8906,12.0726],[74.8824,12.0889],[74.8775,12.0998],[74.8696,12.1159],[74.8646,12.1264],[74.8568,12.1424],[74.8516,12.1532],[74.8435,12.1697],[74.8383,12.1807],[74.8304,12.1962],[74.8249,12.2071],[74.816,12.2235],[74.8108,12.2334],[74.8023,12.2493],[74.796,12.2599],[74.7878,12.2756],[74.782,12.2863],[74.7741,12.3016],[74.7685,12.3125],[74.7604,12.3285],[74.755,12.3396],[74.747,12.3556],[74.7412,12.3666],[74.733,12.3819],[74.7278,12.3924],[74.7194,12.4089],[74.7135,12.419],[74.7054,12.4346],[74.6995,12.4453],[74.6916,12.4613],[74.6856,12.4721],[74.6775,12.4873],[74.672,12.4974],[74.6632,12.5135],[74.6569,12.5237],[74.6483,12.5393],[74.6426,12.55],[74.6337,12.5659],[74.628,12.5764],[74.6191,12.5917],[74.6128,12.6022],[74.6039,12.6177],[74.5979,12.6283],[74.5883,12.6438],[74.5824,12.6543],[74.5731,12.6698],[74.5669,12.6802],[74.5582,12.6955],[74.5521,12.706],[74.5423,12.7214],[74.536,12.7317],[74.5266,12.747],[74.5203,12.7577],[74.5112,12.7729],[74.5048,12.7836],[74.4962,12.7992],[74.4901,12.8098],[74.4817,12.8257],[74.4762,12.836]]},"properties":{"mmsi":994163735,"name":"SYN-TAN-15","role":"candidate","vessel_type":80,"synthetic":true,"t_offset_s":[-96158,-96038,-95678,-95438,-95078,-94838,-94478,-94238,-93878,-93638,-93278,-93038,-92678,-92438,-92078,-91838,-91478,-91238,-90878,-90638,-90278,-90038,-89678,-89438,-89078,-88838,-88478,-88238,-87878,-87638,-87278,-87038,-86678,-86438,-86078,-85838,-85478,-85238,-84878,-84638,-84278,-84038,-83678,-83438,-83078,-82838,-82478,-82238,-81878,-81638,-81278,-81038,-80678,-80438,-80078,-79838,-79478,-79238,-78878,-78638,-78278,-78038,-77678,-77438,-77078,-76838,-76478,-76238,-75878,-75638,-75278,-75038,-74678,-74438,-74078,-73838,-73478,-73238,-72878,-72638,-72278,-72038,-71678,-71438,-71078,-70838,-70478,-70238,-69878,-69638,-69278,-69038,-68678,-68438,-68078,-67838,-67478,-67238,-66878,-66638,-66278,-66038,-65678,-65438,-65078,-64838,-64478,-64238,-63878,-63638,-63278,-63038,-62678,-62438,-62078,-61838,-61478,-61238,-60878,-60638,-60278,-60038,-59678,-59438,-59078,-58838,-58478,-58238,-57878,-57638,-57278,-57038,-56678,-56438,-56078,-55838,-55478,-55238,-54878,-54638,-54278,-54038,-53678,-53438,-53078,-52838,-52478,-52238,-51878,-51638,-51278,-51038,-50678,-50438,-50078,-49838,-49478,-49238,-48878,-48638,-48278,-48038,-47678,-47438,-47078,-46838,-46478,-46238,-45878,-45638,-45278,-45038,-44678,-44438,-44078,-43838,-43478,-43238,-42878,-42638,-42278,-42038,-41678,-41438,-41078,-40838,-40478,-40238,-39878,-39638,-39278,-39038,-38678,-38438,-38078,-37838,-37478,-37238,-36878,-36638,-36278,-36038,-35678,-35438,-35078,-34838,-34478,-34238,-33878,-33638,-33278,-33038,-32678,-32438,-32078,-31838,-31478,-31238,-30878,-30638,-30278,-30038,-29678,-29438,-29078,-28838,-28478,-28238,-27878,-27638,-27278,-27038,-26678,-26438,-26078,-25838,-25478,-25238,-24878,-24638,-24278,-24038,-23678,-23438,-23078,-22838,-22478,-22238,-21878,-21638,-21278,-21038,-20678,-20438,-20078,-19838,-19478,-19238,-18878,-18638,-18278,-18038,-17678,-17438,-17078,-16838,-16478,-16238,-15878,-15638,-15278,-15038,-14678,-14438,-14078,-13838,-13478,-13238,-12878,-12638,-12278,-12038,-11678,-11438,-11078,-10838,-10478,-10238,-9878,-9638,-9278,-9038,-8678,-8438,-8078,-7838,-7478,-7238,-6878,-6638],"sog":[10.5,11.3,11.1,10.8,10.7,10.8,11.1,10.7,10.3,11.7,10.2,10.5,11.3,10.9,10.8,11.0,10.8,10.8,10.8,10.7,10.7,10.8,10.8,10.8,10.6,10.8,11.3,10.8,10.7,11.1,10.6,11.0,10.4,10.7,10.4,10.6,10.8,10.5,10.8,10.5,10.7,10.2,11.1,11.3,10.6,10.6,11.2,10.7,10.6,10.9,10.6,10.9,11.3,10.9,10.3,10.5,10.5,10.8,10.7,10.9,10.8,10.6,10.3,10.4,10.5,10.8,10.8,10.5,10.3,10.6,10.3,11.1,10.8,10.5,10.9,10.9,10.7,10.3,10.5,10.7,10.9,10.8,10.5,10.9,10.3,11.4,11.3,11.2,10.4,10.9,10.8,10.9,9.9,11.2,10.7,10.9,11.0,10.6,10.8,10.4,10.6,10.8,10.7,10.8,11.1,10.7,10.9,10.7,10.5,11.1,10.3,10.9,10.1,10.5,10.8,10.5,10.5,10.7,11.1,10.5,10.7,10.6,10.6,11.3,10.9,10.2,10.7,10.9,10.8,10.8,10.6,11.1,10.5,10.7,10.7,10.4,10.7,10.8,11.3,11.0,10.9,10.4,11.7,10.6,10.8,10.3,11.2,10.3,10.7,10.4,10.7,10.8,10.8,10.5,10.3,10.7,11.1,10.9,10.7,10.9,10.6,9.8,10.2,10.2,10.8,10.7,10.7,10.6,10.2,11.0,11.2,10.5,10.6,11.0,11.0,10.5,10.3,10.9,10.6,10.8,11.5,11.0,10.5,10.7,10.7,10.7,10.8,10.8,10.9,11.0,11.3,10.8,10.6,10.8,10.4,10.6,10.7,10.9,10.5,11.1,10.7,11.0,10.8,10.9,10.9,10.7,10.5,10.7,10.7,10.9,10.6,11.0,10.7,11.5,11.1,11.1,10.5,10.4,10.8,11.1,11.2,10.5,10.9,10.2,11.1,10.9,10.9,11.0,10.5,10.6,11.2,11.0,10.9,11.1,10.7,10.5,10.9,11.0,10.3,10.4,10.9,11.1,11.5,10.6,11.1,10.8,10.5,10.7,10.6,10.7,10.6,10.7,10.8,10.6,10.6,10.7,10.7,10.9,10.9,11.0,10.7,11.3,10.3,11.3,10.3,10.3,10.8,10.2,10.1,10.8,10.4,10.6,10.1,10.2,10.6,10.6,10.5,10.2,11.0,10.5,10.4,11.0,10.8,10.6,11.0,11.1,11.1,10.9,10.1,10.7,10.3,11.0,10.7,10.3,10.9,11.0,10.9,11.3,10.7,10.8]}},{"type":"Feature","geometry":{"type":"LineString","coordinates":[[77.0665,7.6676],[77.073,7.656],[77.0792,7.6449],[77.0885,7.628],[77.0952,7.6168],[77.105,7.6001],[77.1114,7.5888],[77.1219,7.5723],[77.1284,7.5615],[77.1382,7.5452],[77.1452,7.534],[77.1557,7.5176],[77.1625,7.5062],[77.1728,7.49],[77.1805,7.4791],[77.1904,7.4626],[77.1974,7.4517],[77.2079,7.435],[77.2144,7.4241],[77.2253,7.4075],[77.2323,7.3968],[77.243,7.3808],[77.2496,7.3699],[77.2603,7.3532],[77.2672,7.3427],[77.2777,7.3264],[77.2844,7.3157],[77.2957,7.2995],[77.3029,7.2884],[77.3137,7.2727],[77.3214,7.2617],[77.332,7.2456],[77.339,7.2351],[77.3488,7.2191],[77.3556,7.2085],[77.3664,7.1922],[77.3736,7.1808],[77.3837,7.1645],[77.3904,7.1535],[77.4007,7.137],[77.407,7.1266],[77.4171,7.1101],[77.424,7.0991],[77.4345,7.083],[77.4419,7.0721],[77.4527,7.0565],[77.4594,7.0457],[77.4699,7.0293],[77.4767,7.0183],[77.4876,7.0021],[77.4948,6.9911],[77.5059,6.9752],[77.5133,6.965],[77.5243,6.9488],[77.5318,6.9381],[77.5427,6.9225],[77.5499,6.9121],[77.5611,6.8959],[77.5685,6.8852],[77.5792,6.8692],[77.586,6.8582],[77.5959,6.842],[77.6029,6.8311],[77.6131,6.8147],[77.6201,6.8034],[77.6304,6.7863],[77.6373,6.7752],[77.6465,6.7581],[77.6531,6.7471],[77.6625,6.7303],[77.6686,6.7193],[77.6784,6.7025],[77.6845,6.6916],[77.6944,6.6756],[77.701,6.6644],[77.7109,6.6474],[77.717,6.6361],[77.7264,6.6193],[77.7329,6.6077],[77.7422,6.5915],[77.7484,6.5802],[77.7581,6.5622],[77.7644,6.5511],[77.7741,6.5339],[77.7802,6.5226],[77.7896,6.5058],[77.7961,6.4944],[77.8055,6.4766],[77.8118,6.4655],[77.8216,6.448],[77.8278,6.4368],[77.8374,6.4201],[77.8438,6.4086],[77.8537,6.3915],[77.8606,6.3808],[77.8706,6.3643],[77.8774,6.3534],[77.8875,6.3373],[77.8951,6.3259],[77.9053,6.3098],[77.9122,6.2985],[77.9222,6.2818],[77.9287,6.2714],[77.9388,6.255],[77.9454,6.2441],[77.9553,6.2276],[77.9621,6.2165],[77.9718,6.2],[77.9785,6.1889],[77.9887,6.1723],[77.9955,6.1611],[78.0056,6.1444],[78.0127,6.1337],[78.0233,6.1168],[78.0294,6.1066],[78.0399,6.0899],[78.0472,6.0788],[78.057,6.062],[78.0638,6.0512],[78.0746,6.0348],[78.0811,6.0238],[78.0918,6.0078],[78.0992,5.9967],[78.1097,5.9805],[78.1168,5.9697],[78.1276,5.9538],[78.1346,5.9433],[78.1458,5.927],[78.154,5.9161],[78.165,5.9002],[78.1729,5.8896],[78.1841,5.8736],[78.1916,5.8627],[78.2023,5.8473],[78.2095,5.8367],[78.2211,5.821],[78.2286,5.8109],[78.2403,5.7955],[78.2486,5.7849],[78.2605,5.7695],[78.2685,5.7592],[78.2805,5.7444],[78.2892,5.7339],[78.3009,5.7192],[78.3094,5.7086],[78.3217,5.6937],[78.3298,5.6836],[78.342,5.6682],[78.3497,5.6574],[78.3615,5.6418],[78.3691,5.6316],[78.3811,5.6163],[78.3891,5.6059],[78.4006,5.5907],[78.4084,5.5806],[78.4192,5.5643],[78.4272,5.5537],[78.4377,5.5378],[78.4449,5.5272],[78.4562,5.5114],[78.4635,5.5005],[78.4745,5.4843],[78.4819,5.4732],[78.4925,5.4562],[78.5,5.4453],[78.5099,5.4287],[78.5164,5.4183],[78.5262,5.4014],[78.5329,5.3902],[78.543,5.3742],[78.55,5.3629],[78.5609,5.3465],[78.5681,5.3354],[78.579,5.3196],[78.5866,5.3089],[78.5976,5.293],[78.6047,5.2824],[78.6157,5.2663],[78.6232,5.2554],[78.6341,5.2389],[78.6411,5.2284],[78.6524,5.212],[78.66,5.2011],[78.6703,5.1856],[78.6775,5.1756],[78.6889,5.1598],[78.6959,5.1494],[78.7073,5.1331],[78.7146,5.1223],[78.7261,5.1065],[78.7342,5.0954],[78.7457,5.0801],[78.7528,5.0693],[78.7646,5.0526],[78.7714,5.0422],[78.7826,5.0262],[78.7899,5.0159],[78.801,5.0],[78.8084,4.9895],[78.8196,4.9742],[78.8271,4.9631],[78.8386,4.947],[78.8462,4.9369],[78.8572,4.9214],[78.865,4.9109],[78.8769,4.8961],[78.8849,4.8857],[78.8966,4.8703],[78.9049,4.8599],[78.9168,4.8442],[78.9248,4.8337],[78.9366,4.8191],[78.9449,4.8087],[78.957,4.7941],[78.9653,4.7843],[78.9779,4.769],[78.9861,4.759],[78.9984,4.7439],[79.0066,4.734],[79.0184,4.7196],[79.027,4.7096],[79.0395,4.6954],[79.0484,4.6858],[79.0608,4.6715],[79.07,4.6612],[79.0827,4.6471],[79.0913,4.6376],[79.1048,4.6233],[79.1133,4.6139],[79.1267,4.5996],[79.1352,4.5901],[79.1488,4.5758],[79.1576,4.5663],[79.1708,4.5521],[79.1799,4.5427],[79.1928,4.5283],[79.2018,4.5186],[79.2143,4.5045],[79.2232,4.4949],[79.236,4.481],[79.2448,4.4714],[79.2585,4.4568],[79.2669,4.4475],[79.2801,4.4327],[79.2884,4.4229],[79.3012,4.4081],[79.3091,4.3983],[79.322,4.3839],[79.3307,4.3737],[79.3435,4.3595],[79.3514,4.3499],[79.364,4.3357],[79.3721,4.3263],[79.3851,4.3117],[79.3935,4.3021],[79.4062,4.287],[79.4144,4.2773],[79.4275,4.2624],[79.4356,4.253],[79.4483,4.2385],[79.4564,4.2287],[79.4694,4.2139],[79.478,4.204],[79.4903,4.1892],[79.4986,4.1791],[79.511,4.1638],[79.5195,4.1534],[79.5312,4.1379],[79.5391,4.1281],[79.5514,4.1128],[79.5596,4.1023],[79.5718,4.0878],[79.58,4.0772],[79.5917,4.062],[79.6,4.0518],[79.6125,4.0372],[79.6207,4.0267],[79.6335,4.0119],[79.6418,4.0013],[79.6542,3.986],[79.6624,3.9762],[79.674,3.9613],[79.6827,3.9506],[79.6949,3.935],[79.7029,3.9248],[79.7147,3.9092],[79.7226,3.8995],[79.7347,3.8837],[79.7427,3.8736],[79.7549,3.8581],[79.7633,3.8477],[79.7752,3.8327],[79.7832,3.8225]]},"properties":{"mmsi":995175269,"name":"SYN-CAR-09","role":"candidate","vessel_type":70,"synthetic":true,"t_offset_s":[-151423,-151183,-150943,-150583,-150343,-149983,-149743,-149383,-149143,-148783,-148543,-148183,-147943,-147583,-147343,-146983,-146743,-146383,-146143,-145783,-145543,-145183,-144943,-144583,-144343,-143983,-143743,-143383,-143143,-142783,-142543,-142183,-141943,-141583,-141343,-140983,-140743,-140383,-140143,-139783,-139543,-139183,-138943,-138583,-138343,-137983,-137743,-137383,-137143,-136783,-136543,-136183,-135943,-135583,-135343,-134983,-134743,-134383,-134143,-133783,-133543,-133183,-132943,-132583,-132343,-131983,-131743,-131383,-131143,-130783,-130543,-130183,-129943,-129583,-129343,-128983,-128743,-128383,-128143,-127783,-127543,-127183,-126943,-126583,-126343,-125983,-125743,-125383,-125143,-124783,-124543,-124183,-123943,-123583,-123343,-122983,-122743,-122383,-122143,-121783,-121543,-121183,-120943,-120583,-120343,-119983,-119743,-119383,-119143,-118783,-118543,-118183,-117943,-117583,-117343,-116983,-116743,-116383,-116143,-115783,-115543,-115183,-114943,-114583,-114343,-113983,-113743,-113383,-113143,-112783,-112543,-112183,-111943,-111583,-111343,-110983,-110743,-110383,-110143,-109783,-109543,-109183,-108943,-108583,-108343,-107983,-107743,-107383,-107143,-106783,-106543,-106183,-105943,-105583,-105343,-104983,-104743,-104383,-104143,-103783,-103543,-103183,-102943,-102583,-102343,-101983,-101743,-101383,-101143,-100783,-100543,-100183,-99943,-99583,-99343,-98983,-98743,-98383,-98143,-97783,-97543,-97183,-96943,-96583,-96343,-95983,-95743,-95383,-95143,-94783,-94543,-94183,-93943,-93583,-93343,-92983,-92743,-92383,-92143,-91783,-91543,-91183,-90943,-90583,-90343,-89983,-89743,-89383,-89143,-88783,-88543,-88183,-87943,-87583,-87343,-86983,-86743,-86383,-86143,-85783,-85543,-85183,-84943,-84583,-84343,-83983,-83743,-83383,-83143,-82783,-82543,-82183,-81943,-81583,-81343,-80983,-80743,-80383,-80143,-79783,-79543,-79183,-78943,-78583,-78343,-77983,-77743,-77383,-77143,-76783,-76543,-76183,-75943,-75583,-75343,-74983,-74743,-74383,-74143,-73783,-73543,-73183,-72943,-72583,-72343,-71983,-71743,-71383,-71143,-70783,-70543,-70183,-69943,-69583,-69343,-68983,-68743,-68383,-68143,-67783,-67543,-67183,-66943,-66583,-66343,-65983,-65743,-65383,-65143,-64783,-64543,-64183,-63943],"sog":[12.0,11.7,11.6,11.9,11.4,11.5,11.8,11.8,11.3,11.7,11.8,11.8,12.3,11.8,11.6,11.6,11.4,11.6,11.8,11.9,11.5,11.4,11.3,12.1,11.2,11.5,11.6,12.1,11.8,11.6,11.8,11.5,11.5,11.4,11.1,11.7,11.9,11.8,11.0,11.7,11.0,11.4,11.8,11.8,11.3,11.2,11.6,11.4,11.1,11.6,11.9,11.4,11.6,11.8,11.9,12.0,11.7,11.6,11.9,11.3,11.5,10.8,11.5,11.2,12.2,11.8,11.5,11.6,11.3,11.9,11.0,11.4,11.3,10.9,11.4,12.1,11.2,11.5,11.8,10.7,11.3,11.9,11.6,11.9,11.7,11.5,11.4,12.2,11.2,11.7,11.8,11.5,12.1,11.7,11.8,11.5,11.1,11.8,12.1,11.4,11.5,11.6,12.1,11.4,11.2,11.2,11.7,11.6,11.7,11.7,11.7,11.9,11.5,11.3,11.0,11.9,12.0,11.6,11.3,11.3,11.6,12.0,11.6,11.9,11.9,11.6,11.5,12.4,11.4,11.4,11.9,12.0,11.8,11.2,11.9,11.5,11.3,11.7,11.8,11.7,11.9,11.8,11.8,11.4,12.4,11.6,11.3,11.8,12.0,11.6,11.3,11.9,11.9,12.0,11.1,11.7,11.8,11.3,11.5,11.9,11.9,11.8,11.6,12.0,11.7,11.6,11.5,11.6,11.7,11.2,11.7,11.6,11.5,11.8,11.8,11.7,11.6,11.7,11.3,11.8,11.7,11.8,11.5,11.2,10.8,11.9,11.3,12.2,12.1,11.5,11.9,11.5,11.9,11.7,11.5,11.1,11.1,11.5,11.5,11.7,12.0,11.8,11.3,11.4,11.7,11.8,11.2,12.0,11.8,12.3,11.9,11.2,11.3,11.7,11.6,11.5,11.5,11.8,11.2,10.9,11.8,11.7,11.4,11.2,12.2,11.1,11.5,11.0,11.0,12.3,11.5,10.9,11.6,11.9,11.2,11.7,11.6,11.4,11.3,11.2,12.0,11.6,11.3,11.6,11.3,11.6,11.2,11.3,11.5,11.4,11.4,10.9,10.8,11.3,11.5,11.7,11.7,11.9,11.1,11.8,11.3,11.8,11.5,11.3,11.6,11.9,11.8,11.6,11.6,11.6,12.1,11.1,11.6,11.5,12.2,11.9,12.1,11.6,11.7,11.7,11.2,11.0,12.0,12.4,11.6,11.8,11.3,12.2,11.5,12.0,11.8,11.7,11.1]}},{"type":"Feature","geometry":{"type":"LineString","coordinates":[[76.8007,8.3236],[76.8086,8.3092],[76.8164,8.2952],[76.8278,8.2736],[76.8362,8.2595],[76.8477,8.2383],[76.8557,8.2243],[76.8674,8.2029],[76.8758,8.1886],[76.8876,8.1675],[76.8959,8.153],[76.9073,8.1319],[76.9153,8.1173],[76.9271,8.096],[76.9348,8.0823],[76.9469,8.0613],[76.9548,8.0473],[76.9661,8.0262],[76.974,8.0113],[76.9869,7.9901],[76.9951,7.9762],[77.0083,7.9553],[77.0165,7.9416],[77.0296,7.921],[77.0382,7.9064],[77.0506,7.8857],[77.059,7.872],[77.072,7.8515],[77.0804,7.8381],[77.0941,7.8172],[77.1033,7.8043],[77.1172,7.7841],[77.1261,7.7709],[77.1406,7.7505],[77.1498,7.7372],[77.1628,7.7171],[77.172,7.7033],[77.1853,7.6835],[77.1938,7.6693],[77.207,7.6495],[77.2158,7.6357],[77.2292,7.616],[77.2385,7.6022],[77.2524,7.5823],[77.2613,7.5688],[77.275,7.5486],[77.284,7.5353],[77.2977,7.5154],[77.307,7.5016],[77.3201,7.4825],[77.3298,7.4687],[77.3433,7.4486],[77.3521,7.4352],[77.3656,7.4148],[77.374,7.4013],[77.3872,7.3807],[77.3959,7.3674],[77.4094,7.3471],[77.4182,7.334],[77.4324,7.3139],[77.4419,7.3009],[77.4553,7.2808],[77.4646,7.2674],[77.4779,7.247],[77.4867,7.2328],[77.5,7.2121],[77.5088,7.1991],[77.5219,7.1782],[77.5308,7.1644],[77.5434,7.1439],[77.5514,7.1304],[77.5643,7.1092],[77.5729,7.0956],[77.5856,7.075],[77.5938,7.0614],[77.6063,7.0402],[77.6143,7.0259],[77.6263,7.0049],[77.6344,6.9906],[77.6456,6.9696],[77.6533,6.9555],[77.6651,6.9338],[77.6728,6.9199],[77.6846,6.8985],[77.6925,6.8842],[77.7044,6.8629],[77.7121,6.8485],[77.7233,6.827],[77.7308,6.8124],[77.7416,6.7908],[77.7494,6.7765],[77.7608,6.7546],[77.7679,6.7401]]},"properties":{"mmsi":995457637,"name":"SYN-CAR-27","role":"background","vessel_type":70,"synthetic":true,"t_offset_s":[58855,59095,59335,59695,59935,60295,60535,60895,61135,61495,61735,62095,62335,62695,62935,63295,63535,63895,64135,64495,64735,65095,65335,65695,65935,66295,66535,66895,67135,67495,67735,68095,68335,68695,68935,69295,69535,69895,70135,70495,70735,71095,71335,71695,71935,72295,72535,72895,73135,73495,73735,74095,74335,74695,74935,75295,75535,75895,76135,76495,76735,77095,77335,77695,77935,78295,78535,78895,79135,79495,79735,80095,80335,80695,80935,81295,81535,81895,82135,82495,82735,83095,83335,83695,83935,84295,84535,84895,85135,85495,85735,86095,86335],"sog":[14.3,14.6,14.9,14.4,14.9,15.1,14.6,14.4,15.2,14.9,15.0,14.4,14.6,14.4,14.0,14.6,13.5,14.5,14.8,15.1,14.5,15.1,14.3,14.5,15.4,14.2,14.3,14.5,14.7,14.9,14.4,14.4,14.2,14.6,14.3,14.6,14.7,14.4,14.7,14.2,14.8,14.6,14.8,14.2,14.6,14.5,14.7,14.8,14.6,14.0,14.8,14.6,14.5,14.7,14.2,14.6,13.9,14.8,14.3,14.5,14.7,13.7,14.5,14.5,15.1,15.4,14.9,14.9,14.6,14.4,13.9,14.3,14.0,14.9,14.3,14.2,14.5,14.5,14.6,14.5,14.6,14.5,14.2,15.0,14.5,14.7,14.9,15.1,14.8,14.5,14.6,14.6,14.3]}},{"type":"Feature","geometry":{"type":"LineString","coordinates":[[75.2904,8.0538],[75.3029,8.0357],[75.3112,8.0231],[75.3238,8.0048],[75.332,7.9923],[75.3452,7.9736],[75.3537,7.9616],[75.3663,7.9433],[75.3749,7.931],[75.3877,7.9126],[75.3963,7.9005],[75.4087,7.8825],[75.4171,7.8706],[75.4298,7.8518],[75.4376,7.8395],[75.4499,7.8206],[75.4581,7.8083],[75.4706,7.7893],[75.4786,7.7769],[75.4911,7.7581],[75.4996,7.7459],[75.5124,7.7275],[75.5209,7.7151],[75.5342,7.6973],[75.542,7.6849],[75.5546,7.6665],[75.5637,7.654],[75.5768,7.6363],[75.5855,7.6244],[75.5986,7.6062],[75.6072,7.5946],[75.6207,7.5762],[75.6299,7.5642],[75.6428,7.5463],[75.6514,7.5338],[75.6637,7.5155],[75.6723,7.5036],[75.6844,7.4855],[75.6935,7.4728],[75.7061,7.454],[75.7147,7.4421],[75.7277,7.4241],[75.7361,7.412],[75.7491,7.3942],[75.7578,7.3816],[75.771,7.3631],[75.7795,7.3506],[75.7928,7.3321],[75.8015,7.3195],[75.8139,7.3011],[75.8222,7.2887],[75.8349,7.2704],[75.8436,7.2582],[75.8564,7.2398],[75.8652,7.2272],[75.8782,7.2083],[75.8866,7.1961],[75.8992,7.1773],[75.9077,7.1651],[75.9205,7.1468],[75.9293,7.1345],[75.9426,7.116],[75.9515,7.104],[75.9654,7.0863],[75.9745,7.0742],[75.9883,7.0569],[75.9979,7.0439],[76.0115,7.026],[76.0201,7.0139],[76.0332,6.9956],[76.0425,6.9831],[76.0555,6.9653],[76.065,6.9537],[76.0785,6.9361],[76.0875,6.9243],[76.1023,6.9068],[76.1111,6.8948],[76.1253,6.8777],[76.1345,6.8661],[76.1487,6.8487],[76.1572,6.8367],[76.1712,6.8189],[76.1801,6.8071],[76.1937,6.7889],[76.2026,6.777],[76.2164,6.7592],[76.2253,6.7472],[76.2391,6.7294],[76.2488,6.717],[76.2622,6.6995],[76.2712,6.6877],[76.2847,6.67],[76.2939,6.6581],[76.3077,6.6401],[76.3163,6.6286],[76.3303,6.6115],[76.3389,6.5999],[76.3523,6.582],[76.3611,6.5702],[76.3748,6.5523],[76.3834,6.5406],[76.3971,6.5227],[76.406,6.5107],[76.4197,6.4932],[76.429,6.4809],[76.4427,6.4632],[76.4518,6.4513],[76.4654,6.4341],[76.4747,6.422],[76.4888,6.4047],[76.4983,6.393],[76.5121,6.3757],[76.5208,6.3643],[76.5353,6.3471],[76.5455,6.3351],[76.5597,6.3186],[76.5695,6.307],[76.5842,6.2898],[76.5938,6.2787],[76.6087,6.262],[76.6185,6.2512],[76.6336,6.2344],[76.6436,6.2233],[76.6588,6.2067],[76.6682,6.1953],[76.6828,6.1788],[76.692,6.1675],[76.7071,6.1506],[76.7168,6.1395],[76.7314,6.1223],[76.7412,6.1114],[76.7561,6.0941],[76.7659,6.0826],[76.781,6.066],[76.7905,6.0551],[76.8059,6.0389],[76.8163,6.0279],[76.8319,6.0118],[76.8424,6.0006],[76.8578,5.9848],[76.8681,5.9742],[76.8839,5.9577],[76.895,5.9475],[76.9114,5.9322],[76.9229,5.9219],[76.9394,5.907],[76.9505,5.8967],[76.9675,5.8815],[76.9784,5.8716],[76.9949,5.8561],[77.0054,5.8461],[77.0219,5.831],[77.033,5.8207],[77.0494,5.8051],[77.0598,5.7948],[77.0758,5.7793],[77.0861,5.7689],[77.1014,5.7532],[77.1119,5.7426],[77.127,5.7264],[77.1375,5.7157],[77.153,5.6991],[77.1632,5.6884],[77.1783,5.6724],[77.1889,5.661],[77.2042,5.644],[77.2147,5.6332],[77.2298,5.6174],[77.2405,5.6066],[77.2552,5.5905],[77.2657,5.5795],[77.2817,5.5629],[77.2924,5.5524],[77.3081,5.5373],[77.319,5.527],[77.3349,5.5118],[77.345,5.5014],[77.3612,5.4852],[77.3717,5.4747],[77.3876,5.4596],[77.3985,5.4488],[77.4144,5.4328],[77.4247,5.422],[77.4402,5.406],[77.4506,5.3956],[77.4668,5.3797],[77.4774,5.3693],[77.4932,5.3542],[77.5041,5.344],[77.521,5.3291],[77.532,5.319],[77.5487,5.3041],[77.56,5.2943],[77.5768,5.2794],[77.5877,5.2691],[77.6039,5.2546],[77.6155,5.2446],[77.6322,5.2298],[77.6436,5.2201],[77.6604,5.2061],[77.6719,5.1961],[77.6889,5.1816],[77.7005,5.1722],[77.7177,5.1581],[77.7294,5.1485],[77.7475,5.1337],[77.7585,5.1246],[77.7754,5.11],[77.7868,5.1003],[77.8035,5.0857],[77.8147,5.0766],[77.8321,5.0623],[77.8434,5.0521],[77.8603,5.0375],[77.8718,5.0277],[77.8892,5.0131],[77.9007,5.0035],[77.9177,4.9894],[77.9294,4.9799],[77.9473,4.9657],[77.959,4.957],[77.9769,4.9435],[77.9886,4.9346],[78.0068,4.9207],[78.0189,4.9112],[78.037,4.8972],[78.0483,4.8875],[78.0661,4.8737],[78.0779,4.8651],[78.0957,4.8516],[78.1078,4.8423],[78.1256,4.829],[78.1377,4.82],[78.1554,4.806],[78.1675,4.7963],[78.1841,4.7823],[78.1951,4.7731],[78.2121,4.7584],[78.2234,4.7491],[78.2403,4.7343],[78.2512,4.7242],[78.2682,4.7095],[78.2798,4.6997],[78.2966,4.6852],[78.308,4.6755],[78.3249,4.6614],[78.3361,4.6516],[78.3529,4.6371],[78.3639,4.6271],[78.3804,4.6119],[78.3913,4.6017],[78.4082,4.5862],[78.4191,4.5762],[78.4363,4.5614],[78.4477,4.5514],[78.4644,4.5365],[78.4757,4.5266],[78.4929,4.5119],[78.5043,4.5022],[78.5215,4.4872],[78.5328,4.477],[78.5495,4.4623],[78.5602,4.4522],[78.5767,4.437],[78.5876,4.4267],[78.6046,4.4111],[78.6155,4.4009],[78.6324,4.3857],[78.6435,4.3757],[78.6601,4.3612],[78.6718,4.3516],[78.6886,4.3374],[78.6996,4.3272],[78.717,4.3129],[78.7284,4.3034],[78.7452,4.2887],[78.7567,4.2783],[78.7733,4.2635],[78.7842,4.2532],[78.8006,4.2383],[78.8115,4.2284],[78.8279,4.2131],[78.8393,4.2025],[78.8554,4.1874],[78.8665,4.1771],[78.8829,4.1626],[78.8935,4.1526],[78.91,4.1374],[78.9214,4.1271],[78.9379,4.1115],[78.9492,4.1016],[78.9662,4.0867],[78.9772,4.0772],[78.9946,4.0622],[79.0061,4.0525],[79.0232,4.0377],[79.0344,4.0281],[79.0513,4.0131],[79.0625,4.0033],[79.0795,3.9893],[79.0913,3.9794],[79.1083,3.9648],[79.1202,3.955],[79.1365,3.9403],[79.1474,3.9307],[79.1644,3.9159],[79.1755,3.9061],[79.1922,3.8912],[79.2037,3.8809],[79.2203,3.8661],[79.2314,3.8562],[79.2478,3.8405],[79.259,3.8303],[79.2753,3.8155]]},"properties":{"mmsi":995591437,"name":"SYN-TAN-07","role":"candidate","vessel_type":80,"synthetic":true,"t_offset_s":[-185186,-184826,-184586,-184226,-183986,-183626,-183386,-183026,-182786,-182426,-182186,-181826,-181586,-181226,-180986,-180626,-180386,-180026,-179786,-179426,-179186,-178826,-178586,-178226,-177986,-177626,-177386,-177026,-176786,-176426,-176186,-175826,-175586,-175226,-174986,-174626,-174386,-174026,-173786,-173426,-173186,-172826,-172586,-172226,-171986,-171626,-171386,-171026,-170786,-170426,-170186,-169826,-169586,-169226,-168986,-168626,-168386,-168026,-167786,-167426,-167186,-166826,-166586,-166226,-165986,-165626,-165386,-165026,-164786,-164426,-164186,-163826,-163586,-163226,-162986,-162626,-162386,-162026,-161786,-161426,-161186,-160826,-160586,-160226,-159986,-159626,-159386,-159026,-158786,-158426,-158186,-157826,-157586,-157226,-156986,-156626,-156386,-156026,-155786,-155426,-155186,-154826,-154586,-154226,-153986,-153626,-153386,-153026,-152786,-152426,-152186,-151826,-151586,-151226,-150986,-150626,-150386,-150026,-149786,-149426,-149186,-148826,-148586,-148226,-147986,-147626,-147386,-147026,-146786,-146426,-146186,-145826,-145586,-145226,-144986,-144626,-144386,-144026,-143786,-143426,-143186,-142826,-142586,-142226,-141986,-141626,-141386,-141026,-140786,-140426,-140186,-139826,-139586,-139226,-138986,-138626,-138386,-138026,-137786,-137426,-137186,-136826,-136586,-136226,-135986,-135626,-135386,-135026,-134786,-134426,-134186,-133826,-133586,-133226,-132986,-132626,-132386,-132026,-131786,-131426,-131186,-130826,-130586,-130226,-129986,-129626,-129386,-129026,-128786,-128426,-128186,-127826,-127586,-127226,-126986,-126626,-126386,-126026,-125786,-125426,-125186,-124826,-124586,-124226,-123986,-123626,-123386,-123026,-122786,-122426,-122186,-121826,-121586,-121226,-120986,-120626,-120386,-120026,-119786,-119426,-119186,-118826,-118586,-118226,-117986,-117626,-117386,-117026,-116786,-116426,-116186,-115826,-115586,-115226,-114986,-114626,-114386,-114026,-113786,-113426,-113186,-112826,-112586,-112226,-111986,-111626,-111386,-111026,-110786,-110426,-110186,-109826,-109586,-109226,-108986,-108626,-108386,-108026,-107786,-107426,-107186,-106826,-106586,-106226,-105986,-105626,-105386,-105026,-104786,-104426,-104186,-103826,-103586,-103226,-102986,-102626,-102386,-102026,-101786,-101426,-101186,-100826,-100586,-100226,-99986,-99626,-99386,-99026,-98786,-98426,-98186,-97826,-97586,-97226,-96986,-96626,-96386,-96026,-95786,-95426,-95186,-94826,-94586,-94226,-93986,-93626,-93386,-93026,-92786,-92426,-92186,-91826,-91586,-91226],"sog":[13.0,13.3,13.3,13.0,13.1,13.6,13.3,13.3,13.6,13.6,13.0,13.0,13.1,13.3,13.1,13.4,13.2,13.4,13.5,13.2,14.1,13.6,13.5,13.1,13.2,13.5,13.8,13.1,12.8,13.3,13.2,13.7,13.5,13.3,13.3,13.3,13.4,13.1,13.3,13.4,13.4,13.4,13.0,13.6,13.5,14.1,13.6,13.4,13.7,13.4,13.7,13.2,13.2,13.5,13.8,14.0,13.5,13.9,13.5,13.5,13.1,13.7,13.6,13.1,13.7,13.1,14.2,13.4,13.0,13.3,13.7,13.3,13.4,13.6,13.4,13.4,13.5,13.3,13.2,13.3,13.6,13.4,13.4,13.4,13.4,13.3,13.3,13.3,13.9,13.4,13.0,12.7,13.5,13.3,12.8,13.0,12.7,13.0,13.5,12.8,13.2,13.1,13.5,12.9,13.4,13.3,13.1,13.1,13.4,13.3,13.4,13.4,12.5,13.4,13.8,13.3,13.7,13.1,13.6,13.1,13.2,13.5,13.2,13.0,13.1,13.4,13.3,13.6,13.3,13.1,13.3,13.8,13.2,13.6,12.9,12.7,13.6,13.2,13.8,13.7,13.1,13.6,13.5,13.8,13.8,13.3,13.8,13.7,13.2,14.1,12.8,12.7,13.5,13.3,13.3,13.0,13.1,13.5,12.7,13.8,13.0,13.5,13.2,13.3,13.5,14.1,13.2,13.0,13.5,13.0,13.5,13.9,13.3,13.0,13.2,12.9,13.1,13.6,13.5,12.9,13.7,13.5,13.5,13.5,13.1,13.4,13.2,13.3,13.2,14.0,13.4,13.3,13.7,13.6,13.5,12.7,13.5,13.2,13.4,12.8,14.0,13.4,13.1,13.5,13.7,14.1,12.9,13.0,12.9,13.5,13.3,13.6,13.0,13.6,13.3,13.8,13.3,12.8,13.2,13.8,13.3,13.3,13.2,13.1,14.0,13.9,13.5,13.6,13.0,12.7,13.9,13.4,13.5,13.4,13.2,13.0,12.8,12.5,13.2,13.5,13.5,13.1,13.6,13.1,13.3,12.8,13.0,13.5,13.2,13.6,13.5,13.2,12.9,13.3,14.1,13.3,13.4,13.5,13.4,13.8,13.6,13.1,13.5,13.3,13.4,13.8,12.7,13.0,13.1,13.1,13.4,13.0,13.3,13.3,13.4,13.4,13.8,13.5,13.3,13.5,13.8,13.6,14.0,13.5,13.6,12.8,12.9,13.0,13.3,13.5,13.3,13.5,13.5,13.7,13.3,13.4,13.0,13.5,13.0,13.4,13.5,13.3,13.8,13.1,13.4,13.0,13.5,13.2,13.6,13.6,12.9,14.2,13.0,13.3]}},{"type":"Feature","geometry":{"type":"LineString","coordinates":[[74.8571,8.6803],[74.8534,8.685],[74.8424,8.7003],[74.8348,8.7103],[74.8229,8.7252],[74.8149,8.7351],[74.8027,8.7505],[74.7948,8.7603],[74.7827,8.7752],[74.7745,8.7848],[74.7623,8.7991],[74.7536,8.809],[74.7412,8.8235],[74.7327,8.8331],[74.7206,8.8468],[74.7121,8.8563],[74.7002,8.8707],[74.6916,8.8802],[74.6794,8.8939],[74.6708,8.9034],[74.6576,8.9171],[74.6485,8.9264],[74.635,8.9404],[74.6252,8.9495],[74.612,8.9634],[74.6031,8.9723],[74.5893,8.9856],[74.5806,8.9954],[74.5671,9.0092],[74.559,9.0185],[74.5459,9.0325],[74.5374,9.042],[74.5245,9.0562],[74.5157,9.0656],[74.5029,9.0794],[74.4945,9.0891],[74.4818,9.1034],[74.4731,9.1131],[74.4608,9.1282],[74.453,9.138],[74.4408,9.153],[74.4327,9.1628],[74.4207,9.1777],[74.4126,9.1872],[74.4012,9.202],[74.3933,9.2116],[74.382,9.2258],[74.3738,9.2361],[74.3613,9.2513],[74.3531,9.2608],[74.3407,9.275],[74.3324,9.285],[74.3207,9.2996],[74.3123,9.3095],[74.3004,9.3238],[74.2924,9.3338],[74.2796,9.3484],[74.2717,9.358],[74.2594,9.3729],[74.2514,9.3821],[74.239,9.3964],[74.2309,9.4058],[74.2184,9.4198],[74.2102,9.4294],[74.1974,9.4441],[74.1891,9.4534],[74.1764,9.4672],[74.1685,9.4765],[74.1559,9.491],[74.1476,9.5008],[74.1349,9.5159],[74.1267,9.5254],[74.1146,9.54],[74.1067,9.55],[74.0945,9.5644],[74.0865,9.5743],[74.0742,9.5887],[74.0659,9.5987],[74.0535,9.6133],[74.0458,9.6222],[74.0333,9.6369],[74.025,9.6462],[74.0125,9.6601],[74.0044,9.67],[73.9919,9.6851],[73.9832,9.6947],[73.9709,9.7094],[73.9629,9.7186],[73.9503,9.7335],[73.9421,9.743],[73.9298,9.7574],[73.9216,9.7669],[73.9097,9.7813],[73.9014,9.7914],[73.8891,9.8054],[73.881,9.8152],[73.8689,9.8296],[73.861,9.8394],[73.849,9.8541],[73.8403,9.8636],[73.8285,9.8785],[73.8205,9.8881],[73.8085,9.9029],[73.8001,9.9126],[73.7875,9.9273],[73.7795,9.937],[73.7672,9.9516],[73.759,9.9614],[73.7469,9.9763],[73.7391,9.9865],[73.7275,10.0011],[73.7196,10.0112],[73.7073,10.0257],[73.6992,10.035],[73.6872,10.0502],[73.6793,10.06],[73.6677,10.0749],[73.66,10.0849],[73.6482,10.1001],[73.6404,10.1102],[73.6289,10.1249],[73.6215,10.1348],[73.6097,10.1501],[73.6014,10.1603],[73.5898,10.1756],[73.582,10.1858],[73.5696,10.2005],[73.5618,10.2098],[73.5503,10.2241],[73.542,10.2345],[73.53,10.2483],[73.5221,10.2582],[73.5097,10.273],[73.5018,10.2829],[73.4895,10.298],[73.4818,10.3076],[73.4694,10.322],[73.4613,10.3318],[73.4489,10.346],[73.4401,10.3551],[73.4274,10.3694],[73.4189,10.3788],[73.4061,10.3931],[73.3972,10.4026],[73.3846,10.417],[73.3765,10.4264],[73.3638,10.44],[73.3555,10.4492],[73.3423,10.4634],[73.334,10.473],[73.3216,10.4871],[73.3136,10.4965],[73.3008,10.5105],[73.292,10.5199],[73.2792,10.5335],[73.2709,10.5428],[73.2579,10.5567],[73.2497,10.5652],[73.2361,10.5792],[73.2273,10.5885],[73.214,10.6019],[73.205,10.6112],[73.1919,10.6247],[73.183,10.6337],[73.1699,10.6466],[73.1608,10.6557],[73.1474,10.6695],[73.1389,10.6785],[73.1255,10.6925],[73.1166,10.7017],[73.1033,10.7149],[73.0945,10.7235],[73.0815,10.7367],[73.0725,10.7459],[73.0592,10.7591],[73.0504,10.7681],[73.0371,10.7817],[73.0284,10.7909],[73.015,10.8048],[73.0061,10.8134],[72.9923,10.8272],[72.9835,10.8365],[72.9702,10.8499],[72.9619,10.8595],[72.9482,10.8728],[72.9399,10.8819],[72.9265,10.8956],[72.9174,10.9046],[72.9038,10.918],[72.895,10.927],[72.8806,10.9405],[72.8713,10.9494],[72.8582,10.9622],[72.8483,10.9717],[72.8349,10.9847],[72.8257,10.9934],[72.8121,11.0071],[72.8033,11.0158],[72.7894,11.0292],[72.78,11.0379],[72.766,11.0505],[72.7565,11.0591],[72.7426,11.0716],[72.7331,11.0799],[72.7191,11.0922],[72.7094,11.1005],[72.6945,11.1123],[72.6845,11.12],[72.6697,11.132],[72.6604,11.1395],[72.6453,11.1506],[72.6348,11.1581],[72.6198,11.1698],[72.6097,11.1779],[72.5942,11.1895],[72.5845,11.1973],[72.5693,11.2087],[72.5589,11.2167],[72.5441,11.2283],[72.5344,11.236],[72.5194,11.2478],[72.5092,11.2551],[72.4948,11.2669],[72.4844,11.2747],[72.4694,11.2864],[72.4596,11.2939],[72.445,11.3057],[72.435,11.3133],[72.4194,11.3253],[72.4092,11.3332],[72.394,11.3451],[72.3837,11.3528],[72.3684,11.3643],[72.3587,11.372],[72.3437,11.3836],[72.3336,11.3914],[72.318,11.4029],[72.3084,11.4098],[72.293,11.4206],[72.2825,11.4285],[72.2669,11.4396],[72.2564,11.4469],[72.2412,11.458],[72.2305,11.4654],[72.2146,11.4762],[72.2043,11.4834],[72.1882,11.4941],[72.1783,11.5013],[72.1624,11.5122],[72.1515,11.5197],[72.1364,11.5304],[72.126,11.5368]]},"properties":{"mmsi":995617671,"name":"SYN-TAN-31","role":"candidate","vessel_type":80,"synthetic":true,"t_offset_s":[-27473,-27353,-26993,-26753,-26393,-26153,-25793,-25553,-25193,-24953,-24593,-24353,-23993,-23753,-23393,-23153,-22793,-22553,-22193,-21953,-21593,-21353,-20993,-20753,-20393,-20153,-19793,-19553,-19193,-18953,-18593,-18353,-17993,-17753,-17393,-17153,-16793,-16553,-16193,-15953,-15593,-15353,-14993,-14753,-14393,-14153,-13793,-13553,-13193,-12953,-12593,-12353,-11993,-11753,-11393,-11153,-10793,-10553,-10193,-9953,-9593,-9353,-8993,-8753,-8393,-8153,-7793,-7553,-7193,-6953,-6593,-6353,-5993,-5753,-5393,-5153,-4793,-4553,-4193,-3953,-3593,-3353,-2993,-2753,-2393,-2153,-1793,-1553,-1193,-953,-593,-353,7,247,607,847,1207,1447,1807,2047,2407,2647,3007,3247,3607,3847,4207,4447,4807,5047,5407,5647,6007,6247,6607,6847,7207,7447,7807,8047,8407,8647,9007,9247,9607,9847,10207,10447,10807,11047,11407,11647,12007,12247,12607,12847,13207,13447,13807,14047,14407,14647,15007,15247,15607,15847,16207,16447,16807,17047,17407,17647,18007,18247,18607,18847,19207,19447,19807,20047,20407,20647,21007,21247,21607,21847,22207,22447,22807,23047,23407,23647,24007,24247,24607,24847,25207,25447,25807,26047,26407,26647,27007,27247,27607,27847,28207,28447,28807,29047,29407,29647,30007,30247,30607,30847,31207,31447,31807,32047,32407,32647,33007,33247,33607,33847,34207,34447,34807,35047,35407,35647,36007,36247,36607,36847,37207,37447,37807,38047,38407,38647,39007,39247,39607,39847,40207,40447,40807,41047,41407,41647,42007,42247,42607,42847,43207,43447,43807,44047,44407,44647,45007,45247,45607,45847,46207,46447,46807,47047,47407,47647],"sog":[11.3,11.4,11.6,11.0,12.0,11.8,11.4,11.2,11.4,11.1,11.3,11.1,11.9,11.4,11.0,11.1,11.6,11.2,11.3,11.5,11.3,11.6,11.9,11.7,11.4,11.5,11.5,11.8,11.6,11.3,11.8,11.6,11.4,11.6,11.6,11.3,10.8,11.6,11.6,11.7,11.8,11.5,11.0,10.7,11.2,11.1,11.0,12.1,11.9,10.9,11.5,11.5,11.8,11.6,11.1,11.4,11.1,11.1,10.8,10.7,11.3,11.1,11.5,11.2,11.4,11.1,11.0,11.4,11.3,11.4,11.3,11.1,11.4,11.2,11.1,11.0,10.9,11.3,11.9,10.9,11.5,11.8,10.9,11.6,11.5,11.6,11.3,10.9,11.8,10.7,11.4,10.9,11.1,11.5,10.9,11.5,11.7,11.2,11.8,11.5,10.9,11.2,11.3,11.1,11.3,11.4,11.2,11.6,11.9,11.2,11.1,11.6,11.2,11.4,11.2,11.5,11.4,11.2,12.0,11.3,10.8,11.4,11.8,11.6,11.7,11.5,11.3,11.1,10.9,11.1,11.2,10.8,11.7,11.3,11.4,11.0,11.2,11.3,11.3,11.2,11.3,11.4,11.3,11.8,11.3,11.1,11.0,11.3,11.3,10.7,11.0,11.0,11.7,11.7,11.1,11.6,11.2,10.9,11.5,11.3,11.0,11.8,11.1,11.3,11.1,11.6,11.4,11.6,11.9,11.5,11.2,11.2,11.2,11.4,10.9,11.5,11.2,11.5,11.2,11.5,11.5,11.8,11.7,10.9,11.3,10.9,11.5,11.5,11.2,11.8,11.5,12.0,11.4,11.7,11.0,11.2,11.3,11.4,11.9,11.3,11.6,11.5,10.9,11.6,10.9,11.4,11.5,10.8,11.3,11.3,10.7,11.5,11.2,11.5,11.9,11.1,11.1,11.5,11.1,11.1,11.7,11.0,11.0,11.6,11.2,11.3,11.6,11.3,11.6,12.0,11.7,11.5,11.4,11.3,11.6,11.3,11.7,11.2,10.7,11.5,11.4,11.4,11.4,11.2,11.2,10.8,11.9,11.0,11.5,11.3,11.2,10.9]}},{"type":"Feature","geometry":{"type":"LineString","coordinates":[[75.7869,7.4655],[75.7949,7.4552],[75.8023,7.4446],[75.8145,7.4282],[75.8219,7.4177],[75.8336,7.4014],[75.8414,7.3902],[75.8536,7.3738],[75.8616,7.363],[75.8732,7.3475],[75.8814,7.3366],[75.8935,7.3212],[75.9018,7.3112],[75.914,7.296],[75.9223,7.2856],[75.9348,7.2703],[75.9428,7.2595],[75.9547,7.2438],[75.963,7.2337],[75.975,7.2179],[75.9833,7.2071],[75.9961,7.1914],[76.0039,7.1807],[76.0165,7.1648],[76.0243,7.1545],[76.0369,7.1392],[76.0455,7.1288],[76.0574,7.1141],[76.0661,7.1041],[76.079,7.0891],[76.0876,7.0787],[76.0999,7.0633],[76.1081,7.053],[76.1206,7.0376],[76.1291,7.027],[76.1416,7.012],[76.1501,7.0015],[76.163,6.9864],[76.1713,6.9761],[76.1841,6.9608],[76.1924,6.9504],[76.2054,6.9342],[76.2138,6.9246],[76.2263,6.9091],[76.2349,6.8984],[76.2479,6.8829],[76.2558,6.8727],[76.2688,6.8573],[76.2774,6.8471],[76.2904,6.8319],[76.299,6.8214],[76.3116,6.806],[76.3201,6.7956],[76.3326,6.7803],[76.3413,6.77],[76.354,6.7545],[76.3627,6.7441],[76.3756,6.7291],[76.3843,6.7187],[76.3968,6.7038],[76.4059,6.694],[76.4195,6.6799],[76.4281,6.67],[76.441,6.6564],[76.4501,6.6466],[76.4633,6.6324],[76.4724,6.623],[76.4863,6.6085],[76.4953,6.5988],[76.5089,6.5838],[76.5176,6.5738],[76.5304,6.5588],[76.5388,6.549],[76.5519,6.5341],[76.5599,6.5241],[76.5731,6.5095],[76.5816,6.4996],[76.5949,6.4843],[76.6038,6.4743],[76.6171,6.4594],[76.6261,6.4494],[76.6392,6.4353],[76.6487,6.426],[76.6623,6.4113],[76.6715,6.4017],[76.6857,6.3877],[76.695,6.3785],[76.7096,6.3646],[76.719,6.3556],[76.7341,6.3417],[76.7435,6.3326],[76.758,6.3188],[76.7674,6.31],[76.782,6.297],[76.7917,6.2883],[76.8061,6.2751],[76.816,6.2662],[76.8314,6.2526],[76.8413,6.2443],[76.8557,6.2308],[76.8655,6.2221],[76.8808,6.2086],[76.891,6.1997],[76.9059,6.1861],[76.9157,6.1774],[76.9301,6.1639],[76.9402,6.1551],[76.955,6.1417],[76.9654,6.1329],[76.9806,6.1196],[76.9904,6.1108],[77.0059,6.0969],[77.0156,6.0881],[77.031,6.0756],[77.0406,6.0673],[77.0558,6.0541],[77.0658,6.0457],[77.081,6.0324],[77.0903,6.024],[77.1051,6.0108],[77.1153,6.0017],[77.1311,5.9889],[77.1409,5.9801],[77.1565,5.9668],[77.1667,5.958],[77.1818,5.9456],[77.192,5.9367],[77.2074,5.9236],[77.2173,5.9151],[77.2318,5.9025],[77.2416,5.8939],[77.257,5.8808],[77.2666,5.8722],[77.2814,5.8592],[77.291,5.8504],[77.3061,5.8377],[77.3159,5.8287],[77.331,5.815],[77.3402,5.8062],[77.3553,5.7924],[77.3648,5.7834],[77.3789,5.77],[77.3889,5.7608],[77.4034,5.747],[77.413,5.7381],[77.4278,5.7249],[77.4372,5.7164],[77.4516,5.7032],[77.4608,5.6945],[77.476,5.681],[77.4863,5.6719],[77.5013,5.6588],[77.5113,5.6502],[77.5266,5.6376],[77.5369,5.629],[77.5521,5.6168],[77.5631,5.608],[77.5788,5.596],[77.5895,5.5878],[77.6056,5.5757],[77.617,5.5677],[77.6329,5.5564],[77.644,5.5481],[77.6602,5.5371],[77.6703,5.5291],[77.6867,5.5178],[77.6975,5.5101],[77.7135,5.4985],[77.7248,5.4909],[77.7413,5.4797],[77.7516,5.4721],[77.7682,5.4609],[77.7798,5.453],[77.7963,5.4428],[77.8075,5.4354],[77.824,5.4243],[77.8344,5.4176],[77.8514,5.407],[77.8625,5.3995],[77.8794,5.3887],[77.8911,5.3813],[77.9079,5.3707],[77.9194,5.364],[77.9363,5.3538],[77.9476,5.347],[77.965,5.3369],[77.9767,5.3306],[77.994,5.3209],[78.0053,5.3147],[78.0232,5.3052],[78.0345,5.2988],[78.0524,5.2897],[78.0641,5.2832],[78.0821,5.2737],[78.0935,5.2677],[78.1112,5.2589],[78.1223,5.2529],[78.1402,5.2434],[78.1518,5.237],[78.1694,5.2279],[78.1809,5.2217],[78.1985,5.2118],[78.2101,5.2055],[78.2277,5.1963],[78.2395,5.1904],[78.257,5.1814],[78.2687,5.1752],[78.2869,5.1661],[78.2985,5.1593],[78.3155,5.15],[78.3271,5.1433],[78.3446,5.1331],[78.3562,5.1267],[78.3733,5.1162],[78.3845,5.1097],[78.4018,5.0992],[78.4131,5.092],[78.4301,5.0813],[78.4416,5.074],[78.4584,5.0634],[78.4694,5.0565],[78.4857,5.046],[78.4971,5.0386],[78.5139,5.0272],[78.524,5.0201],[78.541,5.0091],[78.5518,5.0016],[78.5684,4.9906],[78.5796,4.9834],[78.5954,4.9724],[78.6071,4.9649],[78.6229,4.9543],[78.6344,4.9471],[78.6505,4.9368],[78.6617,4.9293],[78.6783,4.9188],[78.6895,4.911],[78.7061,4.8998],[78.717,4.8928],[78.7331,4.8819],[78.7442,4.8741],[78.7601,4.8631],[78.7707,4.8555],[78.7874,4.8447],[78.7986,4.8372],[78.8145,4.8263],[78.8256,4.8192],[78.8424,4.8082],[78.853,4.8013],[78.8698,4.7902],[78.8809,4.7833],[78.8978,4.7732],[78.9096,4.7664],[78.9269,4.7565],[78.9386,4.7498],[78.9562,4.7402],[78.9676,4.7346],[78.9859,4.7252],[78.9974,4.7194],[79.015,4.7101],[79.0265,4.7041],[79.0442,4.6945],[79.0554,4.6879],[79.0726,4.6783],[79.084,4.6718],[79.1018,4.662],[79.1137,4.6556],[79.1312,4.6459],[79.1425,4.6393],[79.1594,4.63],[79.1704,4.6236],[79.1871,4.614],[79.1983,4.6075],[79.2157,4.5975],[79.2272,4.5906],[79.2442,4.5799],[79.2556,4.5731],[79.2726,4.5626],[79.2839,4.556],[79.3009,4.5455],[79.3122,4.5379],[79.3294,4.5274],[79.3404,4.5205],[79.3571,4.5097],[79.3683,4.5023],[79.385,4.4916],[79.396,4.4841],[79.4126,4.4736],[79.4233,4.4663],[79.4402,4.4553],[79.4512,4.4479],[79.4679,4.4365],[79.4789,4.4288],[79.4952,4.4169],[79.5057,4.4095],[79.5223,4.3976],[79.5329,4.3898],[79.5491,4.3779],[79.56,4.3702],[79.5763,4.3586],[79.587,4.3508],[79.6031,4.3398],[79.6139,4.3322],[79.6302,4.3209],[79.6412,4.3137],[79.6579,4.3028],[79.6693,4.2953],[79.6855,4.2836],[79.6966,4.2764],[79.7132,4.2655],[79.7238,4.2583],[79.7408,4.2476],[79.7517,4.2407],[79.768,4.23],[79.7791,4.2229],[79.7961,4.2124],[79.8074,4.2049],[79.8239,4.1938],[79.835,4.1873],[79.8513,4.1767],[79.8625,4.1701],[79.8794,4.1597],[79.8902,4.1526],[79.9075,4.1419],[79.9186,4.135],[79.9358,4.1246],[79.9469,4.1177],[79.9636,4.1074],[79.975,4.1005],[79.9919,4.0899],[80.0036,4.083],[80.0208,4.0729],[80.0325,4.0659],[80.0498,4.0562],[80.0607,4.0499],[80.0777,4.0398],[80.0894,4.0331],[80.1063,4.0225],[80.1177,4.0162],[80.1346,4.0064]]},"properties":{"mmsi":996086439,"name":"SYN-CAR-19","role":"candidate","vessel_type":70,"synthetic":true,"t_offset_s":[-259151,-258911,-258671,-258311,-258071,-257711,-257471,-257111,-256871,-256511,-256271,-255911,-255671,-255311,-255071,-254711,-254471,-254111,-253871,-253511,-253271,-252911,-252671,-252311,-252071,-251711,-251471,-251111,-250871,-250511,-250271,-249911,-249671,-249311,-249071,-248711,-248471,-248111,-247871,-247511,-247271,-246911,-246671,-246311,-246071,-245711,-245471,-245111,-244871,-244511,-244271,-243911,-243671,-243311,-243071,-242711,-242471,-242111,-241871,-241511,-241271,-240911,-240671,-240311,-240071,-239711,-239471,-239111,-238871,-238511,-238271,-237911,-237671,-237311,-237071,-236711,-236471,-236111,-235871,-235511,-235271,-234911,-234671,-234311,-234071,-233711,-233471,-233111,-232871,-232511,-232271,-231911,-231671,-231311,-231071,-230711,-230471,-230111,-229871,-229511,-229271,-228911,-228671,-228311,-228071,-227711,-227471,-227111,-226871,-226511,-226271,-225911,-225671,-225311,-225071,-224711,-224471,-224111,-223871,-223511,-223271,-222911,-222671,-222311,-222071,-221711,-221471,-221111,-220871,-220511,-220271,-219911,-219671,-219311,-219071,-218711,-218471,-218111,-217871,-217511,-217271,-216911,-216671,-216311,-216071,-215711,-215471,-215111,-214871,-214511,-214271,-213911,-213671,-213311,-213071,-212711,-212471,-212111,-211871,-211511,-211271,-210911,-210671,-210311,-210071,-209711,-209471,-209111,-208871,-208511,-208271,-207911,-207671,-207311,-207071,-206711,-206471,-206111,-205871,-205511,-205271,-204911,-204671,-204311,-204071,-203711,-203471,-203111,-202871,-202511,-202271,-201911,-201671,-201311,-201071,-200711,-200471,-200111,-199871,-199511,-199271,-198911,-198671,-198311,-198071,-197711,-197471,-197111,-196871,-196511,-196271,-195911,-195671,-195311,-195071,-194711,-194471,-194111,-193871,-193511,-193271,-192911,-192671,-192311,-192071,-191711,-191471,-191111,-190871,-190511,-190271,-189911,-189671,-189311,-189071,-188711,-188471,-188111,-187871,-187511,-187271,-186911,-186671,-186311,-186071,-185711,-185471,-185111,-184871,-184511,-184271,-183911,-183671,-183311,-183071,-182711,-182471,-182111,-181871,-181511,-181271,-180911,-180671,-180311,-180071,-179711,-179471,-179111,-178871,-178511,-178271,-177911,-177671,-177311,-177071,-176711,-176471,-176111,-175871,-175511,-175271,-174911,-174671,-174311,-174071,-173711,-173471,-173111,-172871,-172511,-172271,-171911,-171671,-171311,-171071,-170711,-170471,-170111,-169871,-169511,-169271,-168911,-168671,-168311,-168071,-167711,-167471,-167111,-166871,-166511,-166271,-165911,-165671,-165311,-165071,-164711,-164471,-164111,-163871,-163511,-163271,-162911,-162671,-162311,-162071,-161711,-161471,-161111,-160871,-160511,-160271,-159911,-159671,-159311,-159071,-158711,-158471,-158111,-157871,-157511],"sog":[12.2,11.8,11.4,11.6,12.0,12.0,12.3,11.7,12.5,11.6,12.1,11.7,11.4,11.4,11.7,11.6,12.0,11.7,11.9,11.8,12.1,11.9,11.8,12.1,12.1,12.0,11.6,11.4,11.7,12.0,11.5,11.6,11.6,12.0,12.0,12.2,11.8,12.1,12.0,11.8,12.1,12.1,11.8,12.2,11.9,12.1,11.7,12.2,12.1,11.9,11.9,11.7,12.0,12.1,12.1,11.9,12.2,11.8,12.2,11.9,12.0,11.8,11.9,11.3,11.8,11.6,11.7,12.1,12.2,12.1,11.7,12.3,11.6,11.5,11.5,11.7,11.5,11.9,12.1,11.9,12.0,11.8,11.8,11.9,11.3,11.9,11.5,12.2,11.9,12.5,11.5,12.2,11.6,11.8,11.5,11.2,11.7,11.9,12.1,12.0,11.8,12.1,12.1,12.2,11.7,11.4,11.8,12.1,12.0,11.8,12.2,12.3,11.5,12.1,11.7,11.8,11.8,12.4,11.3,11.2,11.7,12.7,12.2,11.8,11.7,11.9,11.3,12.3,12.0,11.5,11.6,11.9,11.6,12.0,11.8,12.1,11.8,11.9,11.4,11.6,11.5,11.7,11.7,11.7,12.4,11.7,11.4,11.8,11.5,12.5,12.2,12.3,11.6,11.8,11.7,11.6,12.3,11.8,12.0,11.7,12.0,12.4,11.8,11.8,11.3,12.0,11.9,11.8,12.0,11.7,11.9,11.9,11.8,12.2,12.1,11.9,11.4,11.6,12.1,11.9,12.0,11.8,11.7,11.6,11.4,12.2,11.4,11.3,11.5,12.0,11.7,12.1,11.8,11.3,11.6,11.6,11.0,12.1,11.4,11.6,11.8,11.9,11.9,11.9,11.5,11.3,11.9,12.1,11.6,11.7,12.0,11.4,11.8,12.2,11.7,11.8,12.5,12.4,11.6,11.8,11.7,11.7,12.2,11.8,11.7,11.9,11.8,11.6,12.1,11.5,11.8,11.4,11.6,11.7,12.0,11.8,12.3,12.0,11.4,12.0,11.4,11.1,11.7,11.6,11.6,12.0,11.5,11.8,11.8,12.0,12.1,11.8,11.8,12.1,12.3,11.8,11.8,11.7,12.1,11.9,11.6,11.9,11.8,11.8,12.1,12.0,12.2,11.8,11.7,11.9,11.6,11.9,11.6,11.7,11.8,11.5,11.8,11.3,11.7,11.6,12.3,12.2,11.7,11.8,11.8,12.2,11.8,11.5,11.2,12.2,11.8,11.6,11.5,11.8,11.6,12.0,11.3,11.8,12.1,12.2,11.5,12.0,11.8,12.3,11.9,11.6,12.0,12.5,11.9,11.8,11.5,11.5,11.6,11.7,11.7,12.3,11.8,11.8,11.5,11.4,11.5,11.7,11.9,11.9,12.2,11.8,12.2,11.7,11.9,12.0,12.3,12.1,11.8,11.5,11.7,12.0,11.7,12.3,11.7,11.8]}},{"type":"Feature","geometry":{"type":"LineString","coordinates":[[75.9327,7.1795],[75.9275,7.1868],[75.9129,7.2067],[75.9026,7.2204],[75.8876,7.2402],[75.8775,7.2535],[75.8622,7.2739],[75.852,7.2872],[75.8365,7.3074],[75.8259,7.3202],[75.8102,7.3401],[75.7996,7.3536],[75.7839,7.373],[75.7732,7.3862],[75.7567,7.4062],[75.7453,7.4189],[75.7295,7.4385],[75.719,7.4518],[75.7032,7.4716],[75.6932,7.4849],[75.6778,7.5048],[75.6681,7.5185],[75.6527,7.5384],[75.643,7.5515],[75.6277,7.5724],[75.6168,7.5856],[75.6012,7.6051],[75.5904,7.6185],[75.5742,7.6375],[75.5641,7.6502],[75.5475,7.6699],[75.5364,7.6831],[75.5201,7.7029],[75.5094,7.716],[75.4939,7.7363],[75.4833,7.7496],[75.4677,7.7705],[75.4574,7.7842],[75.442,7.8041],[75.4318,7.8179],[75.4164,7.8387],[75.4064,7.8518],[75.3913,7.8728],[75.3811,7.8864],[75.3661,7.9063],[75.3562,7.92],[75.3412,7.9404],[75.3311,7.9537],[75.3156,7.9744],[75.3056,7.9882],[75.2904,8.0086],[75.2802,8.022],[75.2648,8.042],[75.2546,8.0554],[75.2393,8.0757],[75.2297,8.0894],[75.2149,8.1097],[75.2051,8.1236],[75.1906,8.1441],[75.1802,8.158],[75.1652,8.1787],[75.155,8.1924],[75.1399,8.2133],[75.1297,8.2267],[75.1145,8.2472],[75.1041,8.2605],[75.089,8.2802],[75.0786,8.2937],[75.0636,8.3137],[75.0533,8.3271],[75.038,8.3471],[75.0276,8.3605],[75.0126,8.3801],[75.0022,8.3938],[74.9865,8.4139],[74.9758,8.4274],[74.9612,8.4468],[74.9509,8.4599],[74.9356,8.4803],[74.9253,8.4938],[74.9098,8.5142],[74.8995,8.5274],[74.8832,8.5472],[74.8732,8.5603],[74.8568,8.5806],[74.8467,8.5937],[74.8305,8.6137],[74.8201,8.6264],[74.804,8.6462],[74.7934,8.6594],[74.7778,8.6795],[74.7676,8.6923],[74.7518,8.7114],[74.7412,8.7242],[74.724,8.7433],[74.7136,8.7561],[74.6976,8.7753],[74.6872,8.7881],[74.6707,8.8075],[74.6596,8.8211],[74.6439,8.8403],[74.6332,8.8537],[74.6178,8.873],[74.6072,8.8864],[74.5916,8.907],[74.581,8.9199],[74.5651,8.9401],[74.5543,8.9536],[74.5391,8.9735],[74.5289,8.9868],[74.5126,9.0067],[74.5024,9.02],[74.4869,9.0393],[74.4759,9.0527],[74.4607,9.0726],[74.4505,9.086],[74.4359,9.1063],[74.4259,9.1198],[74.4111,9.1398],[74.4016,9.1539],[74.3875,9.1748],[74.3777,9.1886],[74.3632,9.2091],[74.3537,9.2227],[74.3392,9.2435],[74.3297,9.2577],[74.3157,9.2786],[74.3064,9.2926],[74.2923,9.3137],[74.2819,9.3282],[74.2667,9.348],[74.2569,9.3623],[74.2417,9.382],[74.2316,9.3954],[74.2162,9.4162],[74.2061,9.4299],[74.1906,9.45],[74.1803,9.4635],[74.1647,9.4834],[74.1542,9.4964],[74.1385,9.5165],[74.1279,9.5297],[74.1121,9.5495],[74.1016,9.5628],[74.085,9.5824],[74.0744,9.5957],[74.058,9.6151],[74.0475,9.6279],[74.0315,9.6473],[74.0204,9.6604],[74.0048,9.6804],[73.9942,9.6939],[73.9784,9.7139],[73.9681,9.7274],[73.9529,9.747],[73.9427,9.7606],[73.9275,9.7806],[73.9168,9.7938],[73.9012,9.8139],[73.8912,9.8273],[73.8762,9.8478],[73.8662,9.8614],[73.8507,9.8817],[73.8407,9.8953],[73.8256,9.9154],[73.8153,9.929],[73.8001,9.9491],[73.7898,9.9629],[73.7747,9.9829],[73.7647,9.9967],[73.7494,10.017],[73.7396,10.0311],[73.7251,10.052],[73.7149,10.0658],[73.7003,10.0868],[73.6905,10.1006],[73.6763,10.1215],[73.6672,10.1354],[73.653,10.1562],[73.6434,10.1695],[73.6293,10.1901],[73.6195,10.2037],[73.605,10.2247],[73.5953,10.239],[73.5818,10.26],[73.5727,10.2742],[73.5593,10.2959],[73.5506,10.3101],[73.5377,10.3322],[73.5302,10.3466],[73.518,10.368],[73.5095,10.3831],[73.4978,10.4046],[73.4896,10.4199],[73.4773,10.4423],[73.469,10.4572],[73.4569,10.4792],[73.4485,10.4944],[73.4353,10.5168],[73.4262,10.5311],[73.413,10.5526],[73.4039,10.5669],[73.3906,10.5884],[73.3816,10.6025],[73.3674,10.6236],[73.3582,10.638],[73.3439,10.6591],[73.3345,10.673],[73.3205,10.6938],[73.3104,10.7077],[73.2963,10.7286],[73.2867,10.7428],[73.2729,10.7635],[73.2638,10.7771],[73.2498,10.7974],[73.2409,10.8119],[73.227,10.8329],[73.2177,10.8468],[73.2038,10.8681],[73.1944,10.8823],[73.1806,10.9037],[73.1715,10.9179],[73.1579,10.9388],[73.1492,10.9525],[73.1362,10.9737],[73.1278,10.9885],[73.1156,11.0094],[73.1066,11.0244],[73.094,11.0461],[73.0853,11.0602],[73.0722,11.0817],[73.0627,11.0958],[73.0494,11.1169],[73.04,11.1311],[73.0263,11.1517],[73.017,11.1663],[73.0027,11.1873],[72.9935,11.201],[72.9792,11.2221],[72.9696,11.2355],[72.9561,11.2564],[72.9471,11.2705],[72.9334,11.292],[72.9244,11.3066],[72.9112,11.3286],[72.9028,11.3431],[72.8898,11.365],[72.8815,11.3792],[72.869,11.4013],[72.8607,11.4154],[72.8486,11.4372],[72.8406,11.4518],[72.829,11.4738],[72.8207,11.4891],[72.8086,11.511],[72.8004,11.5259],[72.788,11.5474],[72.7802,11.5621],[72.7683,11.5836],[72.7598,11.5983],[72.7478,11.6208],[72.7397,11.6359],[72.7275,11.6584],[72.7195,11.6733],[72.7073,11.6959],[72.699,11.7106],[72.6864,11.7327],[72.6782,11.748],[72.6649,11.7694],[72.6562,11.7837],[72.643,11.8055],[72.634,11.82],[72.6207,11.8419],[72.6124,11.8563],[72.5996,11.8773],[72.5908,11.8913],[72.5778,11.9126],[72.5686,11.927],[72.5551,11.9487],[72.5459,11.9626],[72.5321,11.9836],[72.5227,11.9977],[72.5082,12.0185],[72.4984,12.0326],[72.4845,12.0535],[72.4749,12.0677],[72.461,12.0888],[72.4516,12.1031],[72.4378,12.1244],[72.4285,12.1385],[72.4147,12.1601],[72.4054,12.174],[72.3927,12.1956],[72.384,12.2097],[72.3708,12.2307],[72.3619,12.245],[72.3494,12.2663],[72.3404,12.2815],[72.3274,12.3029],[72.3186,12.3173],[72.3052,12.339],[72.2962,12.3537],[72.2827,12.3752],[72.2737,12.3891],[72.2597,12.4105],[72.2505,12.4245],[72.2364,12.445],[72.2264,12.4588],[72.2118,12.4793],[72.2024,12.4933],[72.1883,12.5146],[72.1791,12.5282],[72.1648,12.549],[72.1553,12.5625],[72.1401,12.5823],[72.1301,12.5963],[72.1151,12.6168],[72.105,12.6303],[72.0902,12.6512],[72.0801,12.6643],[72.0647,12.6842],[72.0542,12.6979],[72.0383,12.7178],[72.0276,12.7305],[72.012,12.751],[72.0015,12.7647],[71.9862,12.7846],[71.9762,12.7983],[71.7711,13.0874],[71.766,13.0941],[71.7569,13.1074],[71.742,13.1281],[71.732,13.1417],[71.7173,13.162],[71.7074,13.1756],[71.6923,13.1959],[71.6823,13.2094],[71.6674,13.23],[71.6583,13.2432],[71.6434,13.264],[71.6338,13.278],[71.6194,13.299],[71.6096,13.3129],[71.5961,13.3343],[71.5869,13.3478],[71.5732,13.3693],[71.5633,13.3837],[71.5489,13.4051],[71.5392,13.419],[71.5242,13.4397],[71.5151,13.4541],[71.5006,13.4748],[71.4911,13.4887],[71.4767,13.5089],[71.4665,13.5231],[71.4519,13.5431],[71.4418,13.5567],[71.4267,13.5771],[71.417,13.591],[71.4019,13.6113],[71.3921,13.6251],[71.3775,13.645],[71.3676,13.6582],[71.3532,13.679],[71.3431,13.6928],[71.3292,13.7139],[71.32,13.7274],[71.3051,13.7479],[71.2952,13.7612],[71.28,13.7819],[71.2696,13.7954]]},"properties":{"mmsi":996567751,"name":"SYN-TAN-01","role":"candidate","vessel_type":80,"synthetic":true,"t_offset_s":[-42163,-42043,-41683,-41443,-41083,-40843,-40483,-40243,-39883,-39643,-39283,-39043,-38683,-38443,-38083,-37843,-37483,-37243,-36883,-36643,-36283,-36043,-35683,-35443,-35083,-34843,-34483,-34243,-33883,-33643,-33283,-33043,-32683,-32443,-32083,-31843,-31483,-31243,-30883,-30643,-30283,-30043,-29683,-29443,-29083,-28843,-28483,-28243,-27883,-27643,-27283,-27043,-26683,-26443,-26083,-25843,-25483,-25243,-24883,-24643,-24283,-24043,-23683,-23443,-23083,-22843,-22483,-22243,-21883,-21643,-21283,-21043,-20683,-20443,-20083,-19843,-19483,-19243,-18883,-18643,-18283,-18043,-17683,-17443,-17083,-16843,-16483,-16243,-15883,-15643,-15283,-15043,-14683,-14443,-14083,-13843,-13483,-13243,-12883,-12643,-12283,-12043,-11683,-11443,-11083,-10843,-10483,-10243,-9883,-9643,-9283,-9043,-8683,-8443,-8083,-7843,-7483,-7243,-6883,-6643,-6283,-6043,-5683,-5443,-5083,-4843,-4483,-4243,-3883,-3643,-3283,-3043,-2683,-2443,-2083,-1843,-1483,-1243,-883,-643,-283,-43,317,557,917,1157,1517,1757,2117,2357,2717,2957,3317,3557,3917,4157,4517,4757,5117,5357,5717,5957,6317,6557,6917,7157,7517,7757,8117,8357,8717,8957,9317,9557,9917,10157,10517,10757,11117,11357,11717,11957,12317,12557,12917,13157,13517,13757,14117,14357,14717,14957,15317,15557,15917,16157,16517,16757,17117,17357,17717,17957,18317,18557,18917,19157,19517,19757,20117,20357,20717,20957,21317,21557,21917,22157,22517,22757,23117,23357,23717,23957,24317,24557,24917,25157,25517,25757,26117,26357,26717,26957,27317,27557,27917,28157,28517,28757,29117,29357,29717,29957,30317,30557,30917,31157,31517,31757,32117,32357,32717,32957,33317,33557,33917,34157,34517,34757,35117,35357,35717,35957,36317,36557,36917,37157,37517,37757,38117,38357,38717,38957,39317,39557,39917,40157,40517,40757,41117,41357,41717,41957,42317,42557,42917,43157,43517,43757,44117,44357,44717,44957,45317,45557,45917,46157,46517,46757,47117,47357,47717,47957,48317,48557,48917,49157,49517,49757,50117,50357,50717,50957,51317,51557,51917,52157,52517,52757,53117,53357,53717,53957,54317,54557,54917,55157,55517,55757,60797,60917,61157,61517,61757,62117,62357,62717,62957,63317,63557,63917,64157,64517,64757,65117,65357,65717,65957,66317,66557,66917,67157,67517,67757,68117,68357,68717,68957,69317,69557,69917,70157,70517,70757,71117,71357,71717,71957,72317,72557,72917,73157],"sog":[14.8,15.3,14.7,14.9,14.6,15.3,15.1,15.1,15.2,14.8,15.3,15.3,15.4,15.4,15.5,15.1,14.3,15.0,15.1,14.7,15.0,15.4,15.0,14.9,15.0,15.1,15.2,14.8,14.9,14.7,15.3,15.2,14.9,15.2,15.2,15.9,15.9,14.9,14.9,15.3,15.5,14.6,15.3,15.1,15.3,14.6,15.3,15.1,15.2,15.4,15.1,15.2,15.7,15.3,15.0,14.9,14.9,14.9,15.9,15.7,15.0,15.6,15.3,15.4,14.9,14.8,14.9,15.5,14.8,15.4,14.8,15.4,14.8,15.0,15.3,14.8,14.7,14.9,15.4,14.9,15.3,15.2,15.5,15.1,15.7,15.0,15.0,14.9,15.3,14.3,15.2,15.0,14.6,14.7,14.5,15.2,15.0,14.6,15.4,15.1,15.0,14.9,14.8,15.1,14.6,15.3,15.7,15.3,15.2,15.2,15.4,15.8,15.1,14.5,15.1,14.4,15.0,15.0,14.7,14.7,15.2,15.2,14.8,15.0,14.9,15.1,14.5,14.7,15.5,15.9,14.6,15.2,15.4,15.1,15.1,15.6,15.0,14.6,15.5,15.1,15.1,14.7,15.2,15.1,15.2,14.6,15.2,14.7,15.2,15.3,15.3,15.4,15.5,15.6,15.1,15.3,15.1,15.5,15.0,15.0,15.0,15.1,15.4,15.3,15.4,15.2,14.6,14.7,14.7,14.9,15.5,15.1,15.0,15.4,15.4,14.9,14.9,15.2,15.4,14.2,15.2,14.8,15.1,15.7,15.2,15.0,15.0,15.0,15.4,14.4,14.6,15.3,15.0,15.7,15.7,15.4,15.1,15.1,15.5,14.8,15.4,15.5,14.7,15.2,15.3,15.3,15.1,15.1,15.4,15.0,15.2,15.2,14.8,14.8,14.8,15.3,15.1,14.7,15.5,15.2,14.8,15.1,15.0,14.2,15.1,14.8,14.4,15.2,14.8,15.2,14.9,15.3,15.1,15.6,15.4,14.8,15.3,14.8,15.2,14.2,15.0,14.7,15.5,15.2,15.4,15.0,15.4,15.1,15.2,15.1,14.6,15.3,15.4,15.5,15.3,15.1,14.8,14.9,14.9,15.2,15.2,15.4,15.8,14.9,15.7,15.0,15.7,15.1,14.7,15.2,15.1,14.8,15.4,15.0,15.2,14.9,14.8,15.1,15.4,14.9,15.0,14.6,14.9,15.3,15.2,15.8,14.9,15.2,14.9,15.0,15.3,15.1,14.8,14.8,14.7,14.3,14.8,15.4,15.1,15.0,15.2,14.9,14.9,15.0,15.2,14.9,14.4,14.9,14.6,14.9,15.3,14.7,14.6,15.1,14.8,14.8,15.5,15.3,15.4,15.0,14.9,15.6,15.7,14.8,15.2,15.3,15.0,14.8,15.0,14.4,14.3,14.8,14.7,14.9,14.9,15.5,15.2,14.9,14.6,15.0,15.3,15.5,15.1,14.9,14.6,15.2,15.8,15.6,15.1,15.5,15.3,15.6,14.9,15.3,15.5,15.2,15.3,14.7,14.9,15.1,14.9,15.3,14.7,14.6,15.6,14.4,15.0,14.9,14.8,15.4,14.7]}},{"type":"Feature","geometry":{"type":"LineString","coordinates":[[77.8006,6.5163],[77.7988,6.5149],[77.7976,6.5111],[77.7952,6.5084],[77.7939,6.5063],[77.7916,6.5038],[77.7895,6.5014],[77.7867,6.5015],[77.7832,6.4998],[77.7809,6.5002],[77.7772,6.4997],[77.7757,6.4994],[77.7767,6.4943],[77.7787,6.4953],[77.7805,6.4988],[77.7803,6.5017],[77.7804,6.5045],[77.7801,6.5059],[77.777,6.5107],[77.7769,6.5136],[77.7738,6.5165],[77.7724,6.5178],[77.7698,6.5191],[77.7677,6.5192],[77.7676,6.5212],[77.7667,6.5237],[77.7633,6.5276],[77.762,6.5294],[77.7628,6.5313],[77.7634,6.534],[77.7615,6.5394],[77.7603,6.5409],[77.7604,6.5438],[77.7582,6.5454],[77.7536,6.5461],[77.7509,6.546],[77.7477,6.5445],[77.7441,6.543],[77.7408,6.5429],[77.7398,6.5449],[77.7406,6.5471],[77.7429,6.5483],[77.7455,6.548],[77.7475,6.5481],[77.7511,6.5475],[77.7537,6.5488],[77.7589,6.5486],[77.7583,6.5481],[77.7584,6.5431],[77.7591,6.5423],[77.7608,6.5393],[77.7629,6.5386],[77.7677,6.5375],[77.7697,6.5381],[77.7703,6.5422],[77.7711,6.543],[77.7736,6.5463],[77.7732,6.5471],[77.7711,6.5488],[77.7689,6.5503],[77.7647,6.553],[77.7622,6.5551],[77.7593,6.5554],[77.7561,6.5561],[77.7539,6.5588],[77.7521,6.5605],[77.7476,6.5594],[77.7471,6.5575],[77.7474,6.5531],[77.7481,6.5503],[77.7487,6.5457],[77.7478,6.543],[77.7498,6.5406],[77.7511,6.5379],[77.7483,6.5339],[77.7476,6.5314],[77.7477,6.5284],[77.7476,6.5266],[77.7461,6.5216],[77.7457,6.5184],[77.7459,6.5154],[77.7451,6.513],[77.7432,6.5075],[77.743,6.5048],[77.7432,6.5014],[77.7428,6.498],[77.7418,6.4938],[77.7396,6.4936],[77.7389,6.4924],[77.7362,6.4915],[77.7334,6.4902],[77.7309,6.4896],[77.7277,6.4889],[77.7248,6.4881],[77.7211,6.4879],[77.7185,6.4881],[77.7138,6.4902],[77.7119,6.4936],[77.7127,6.497],[77.7122,6.4985],[77.71,6.5017],[77.7079,6.5036],[77.7046,6.5076],[77.7048,6.5089],[77.7064,6.5117],[77.7083,6.5117],[77.7105,6.5144],[77.7128,6.516],[77.7154,6.5165],[77.7184,6.5157],[77.7214,6.517],[77.7242,6.5169],[77.7278,6.518],[77.7293,6.5184],[77.7321,6.5186],[77.7343,6.5175],[77.7373,6.516],[77.7404,6.517],[77.7428,6.5192],[77.7451,6.52],[77.7489,6.5213],[77.7514,6.5217],[77.7539,6.5222],[77.7559,6.5209],[77.7582,6.5179],[77.7579,6.5167],[77.7595,6.5123],[77.7593,6.51],[77.7578,6.5077],[77.7571,6.5042],[77.7575,6.4998],[77.7592,6.4971],[77.762,6.4954],[77.7642,6.4955],[77.7678,6.4964],[77.7708,6.4958],[77.7711,6.4939],[77.7688,6.4898],[77.7662,6.4843],[77.7643,6.4819],[77.7655,6.4783],[77.7654,6.4767],[77.7632,6.4739],[77.7617,6.4718],[77.7608,6.47],[77.7588,6.4686],[77.7554,6.4671],[77.7534,6.4669],[77.7506,6.4662],[77.7478,6.4661],[77.7448,6.4669],[77.741,6.4665],[77.7374,6.4695],[77.7359,6.4716],[77.7306,6.4739],[77.7284,6.4755],[77.7246,6.4786],[77.7272,6.4807],[77.7297,6.4825],[77.7311,6.482],[77.7341,6.4785],[77.7344,6.4753],[77.7342,6.4714],[77.7342,6.4691],[77.7346,6.4652],[77.7367,6.4635],[77.736,6.4611],[77.7353,6.46],[77.7346,6.4565],[77.7322,6.4549],[77.7322,6.4511],[77.7326,6.449],[77.7332,6.4457],[77.7354,6.443],[77.7388,6.4406],[77.741,6.4409],[77.7434,6.4382],[77.7429,6.4372],[77.7386,6.436],[77.7372,6.4359],[77.7348,6.4361],[77.7316,6.4355],[77.7288,6.4348],[77.728,6.4358],[77.7251,6.4346],[77.7249,6.4322],[77.7241,6.4302],[77.7263,6.4293],[77.7277,6.4265],[77.7286,6.4236],[77.7273,6.4209],[77.7253,6.4201],[77.7208,6.4187],[77.7189,6.4188],[77.7153,6.4196],[77.7144,6.4218],[77.7159,6.4244],[77.715,6.4263],[77.7122,6.429],[77.7112,6.4311],[77.7125,6.4345],[77.7139,6.4373],[77.7169,6.4398],[77.7192,6.4417],[77.7235,6.4415],[77.7249,6.4413],[77.7291,6.4423],[77.7301,6.4445],[77.732,6.4487],[77.7342,6.45],[77.737,6.4489],[77.7377,6.4476],[77.7366,6.4436],[77.7331,6.4436],[77.7309,6.4444],[77.7293,6.4442],[77.7261,6.4458],[77.7234,6.4485],[77.7206,6.4483],[77.7178,6.4489],[77.7136,6.4511],[77.7127,6.4523],[77.7128,6.4555],[77.714,6.457],[77.7142,6.4605],[77.7167,6.4625],[77.7205,6.464],[77.7222,6.4655],[77.7233,6.4682],[77.7236,6.4701],[77.7236,6.4757],[77.7247,6.4786],[77.7258,6.4819],[77.7264,6.4864],[77.7236,6.4866],[77.7206,6.4862],[77.72,6.4823],[77.721,6.4806],[77.7245,6.4789],[77.7249,6.4766],[77.727,6.4751],[77.7284,6.4763],[77.7327,6.4763],[77.735,6.4763],[77.7382,6.4789],[77.7409,6.4796],[77.744,6.4791],[77.7471,6.4794],[77.7506,6.4779],[77.7542,6.4755],[77.7571,6.4767],[77.7579,6.4772],[77.7611,6.4778],[77.7655,6.4785],[77.7686,6.4776],[77.7699,6.4773],[77.7732,6.4795],[77.7762,6.4803],[77.7777,6.4776],[77.7756,6.4762],[77.7726,6.474],[77.7703,6.4733],[77.771,6.4698],[77.7736,6.4681],[77.7772,6.4686],[77.7803,6.4678],[77.782,6.4716],[77.7841,6.473],[77.7878,6.473],[77.7913,6.4714],[77.7951,6.471],[77.7976,6.47],[77.7993,6.4698],[77.8005,6.4667],[77.8003,6.4626],[77.7994,6.4615],[77.7978,6.4593],[77.7982,6.4572],[77.7967,6.4526],[77.7956,6.4505],[77.7943,6.4489],[77.7918,6.4461],[77.7889,6.4443],[77.7898,6.4432],[77.7918,6.4397],[77.7905,6.4365],[77.7919,6.4324],[77.7924,6.4286],[77.7948,6.4249],[77.7981,6.424],[77.8011,6.4266],[77.8042,6.4274],[77.8066,6.4281],[77.8081,6.4275],[77.8094,6.4239],[77.8051,6.4227],[77.8033,6.4211],[77.8026,6.4173],[77.8013,6.4144],[77.8016,6.4121],[77.7986,6.4081],[77.7973,6.4063],[77.7954,6.4024],[77.7925,6.4037],[77.7891,6.4071],[77.7877,6.4089],[77.7847,6.4104],[77.782,6.4096],[77.7803,6.407],[77.7778,6.4055],[77.7735,6.4045],[77.7725,6.4053],[77.7689,6.4088],[77.7684,6.4108],[77.7718,6.4119],[77.7722,6.4105],[77.7713,6.4055],[77.768,6.4034],[77.7636,6.404],[77.7616,6.4045],[77.7573,6.4037],[77.7563,6.4025],[77.7557,6.4001],[77.7522,6.3989],[77.751,6.3996],[77.7497,6.4011],[77.7455,6.4009],[77.744,6.4012],[77.7396,6.4021],[77.7356,6.4047],[77.7323,6.4089],[77.7311,6.4111],[77.7312,6.4131],[77.7322,6.4152],[77.729,6.4187],[77.7292,6.421],[77.7288,6.4255],[77.7283,6.4271],[77.7282,6.432],[77.7295,6.4348],[77.7316,6.438],[77.734,6.4408],[77.7323,6.4454],[77.7316,6.4456],[77.7277,6.4472],[77.7251,6.4486],[77.723,6.4511],[77.7199,6.4509],[77.7193,6.4491],[77.7187,6.446],[77.7213,6.4425],[77.7185,6.4406],[77.7177,6.4366],[77.7159,6.4363],[77.7105,6.4371],[77.7108,6.4398],[77.7137,6.4435],[77.7164,6.4429],[77.7198,6.4435],[77.7208,6.4439],[77.7241,6.4447],[77.7265,6.444],[77.7299,6.4439],[77.7327,6.4446],[77.7371,6.4432],[77.7385,6.4428],[77.7414,6.4435],[77.744,6.4455],[77.746,6.4465],[77.7495,6.4472],[77.751,6.4453],[77.7512,6.4447],[77.7529,6.4412],[77.7522,6.4393],[77.7551,6.4362],[77.755,6.4318],[77.7546,6.4288],[77.7558,6.4266],[77.7555,6.422],[77.7543,6.4193],[77.7532,6.4153],[77.7525,6.4139],[77.7508,6.4099],[77.7517,6.4075],[77.7512,6.4035],[77.7499,6.4014],[77.747,6.4003],[77.7456,6.397],[77.7438,6.3951],[77.742,6.3954],[77.7415,6.3973],[77.7434,6.3986],[77.7453,6.4009],[77.7468,6.401],[77.7497,6.4004],[77.7519,6.3994],[77.7566,6.3987],[77.7595,6.3994],[77.7642,6.3994],[77.7668,6.3985],[77.7645,6.395],[77.761,6.3952],[77.7567,6.3958],[77.7539,6.3956],[77.7497,6.3941],[77.7491,6.3924],[77.7524,6.3905],[77.7543,6.3898],[77.7566,6.3881],[77.7592,6.3857],[77.7579,6.3819],[77.7559,6.3815],[77.752,6.3835],[77.7506,6.3822],[77.7464,6.3804],[77.7437,6.3788],[77.7403,6.3759],[77.7407,6.3745],[77.7438,6.3722],[77.7434,6.3689],[77.7447,6.3667],[77.7472,6.3651],[77.7515,6.3626],[77.7536,6.3625],[77.7574,6.3659],[77.758,6.3651],[77.7601,6.3631],[77.7632,6.3628],[77.7671,6.3613],[77.7703,6.3583],[77.7738,6.3571],[77.7766,6.3563],[77.7793,6.3538],[77.78,6.3533],[77.7818,6.3501],[77.783,6.3489],[77.7873,6.3472],[77.7878,6.3472],[77.7916,6.3443],[77.7924,6.3425],[77.79,6.3378],[77.7874,6.3377],[77.7831,6.3384],[77.7811,6.3381],[77.782,6.3335],[77.7846,6.3334],[77.7853,6.3377],[77.7844,6.3403],[77.7821,6.3431],[77.7802,6.344],[77.7761,6.3452],[77.7731,6.3432],[77.77,6.3452],[77.7678,6.346],[77.7652,6.3477],[77.7655,6.3502],[77.7645,6.3534],[77.7647,6.3565],[77.7642,6.3592],[77.7623,6.3597],[77.7562,6.36],[77.7535,6.3603],[77.7504,6.3617],[77.7487,6.3612],[77.7459,6.3619],[77.7453,6.3644],[77.7432,6.368],[77.7431,6.371],[77.7414,6.3737],[77.7398,6.3748],[77.7359,6.3762],[77.735,6.3754],[77.7322,6.3739],[77.7318,6.3743],[77.7269,6.3739],[77.7237,6.373],[77.722,6.3745],[77.7211,6.3764],[77.719,6.3791],[77.7182,6.3811],[77.7185,6.3838],[77.7205,6.3842],[77.7217,6.381],[77.7219,6.3778],[77.7216,6.3739],[77.7218,6.3728],[77.719,6.3695],[77.7194,6.3665],[77.7214,6.3619],[77.7231,6.3587],[77.7235,6.3546],[77.7244,6.3516],[77.7246,6.3475],[77.7248,6.3455],[77.7283,6.3437],[77.7292,6.3433],[77.7295,6.3404],[77.7289,6.3381],[77.727,6.3336],[77.7256,6.3312],[77.7218,6.3284],[77.7198,6.328],[77.7161,6.3257],[77.7142,6.3241],[77.711,6.3221],[77.7083,6.3196],[77.7067,6.3166],[77.7062,6.3155],[77.7035,6.3127],[77.7019,6.3102],[77.7011,6.3053],[77.7032,6.3033],[77.707,6.302],[77.7086,6.2989],[77.7113,6.2969],[77.7142,6.2957],[77.7182,6.2969],[77.7207,6.2989],[77.7235,6.2986],[77.7251,6.299],[77.7278,6.2994],[77.7309,6.2985],[77.7338,6.2981],[77.7369,6.2988],[77.7412,6.2991],[77.7422,6.2985],[77.7441,6.2982],[77.7473,6.2983],[77.7507,6.2985],[77.7534,6.2995],[77.7572,6.3014],[77.7599,6.3015],[77.7626,6.2994],[77.7638,6.2982],[77.768,6.2965],[77.77,6.2946],[77.7722,6.2927],[77.7733,6.2904],[77.7781,6.2883],[77.7806,6.2889],[77.7843,6.2876],[77.7859,6.2865],[77.7896,6.287],[77.7922,6.2881],[77.7971,6.2903],[77.7989,6.2922],[77.8021,6.2925],[77.8044,6.2923],[77.8061,6.2904],[77.8068,6.2884],[77.807,6.2851],[77.8096,6.2826],[77.8124,6.2806],[77.8137,6.2775],[77.8167,6.2748],[77.8186,6.2725],[77.8196,6.2712],[77.8208,6.268],[77.8222,6.2644],[77.8235,6.2631],[77.8274,6.2598],[77.8299,6.2598],[77.832,6.2595],[77.8342,6.2585],[77.8373,6.2562],[77.8393,6.2576],[77.8425,6.2603],[77.8441,6.2611],[77.8479,6.2615],[77.8498,6.2605],[77.853,6.2577],[77.8561,6.2562],[77.8572,6.2542],[77.8591,6.252],[77.8594,6.2488],[77.8622,6.2493],[77.8651,6.2519],[77.8682,6.2537],[77.8725,6.2558],[77.8756,6.2566],[77.8783,6.2587],[77.8806,6.2606],[77.8827,6.2636],[77.8863,6.2656],[77.891,6.2664],[77.8929,6.2677],[77.8968,6.2668],[77.899,6.2666],[77.9022,6.2693],[77.9027,6.2698],[77.9052,6.2734],[77.9068,6.2764],[77.9082,6.2813],[77.9108,6.2845],[77.9129,6.2868],[77.9146,6.2887],[77.9143,6.2917],[77.9133,6.2946],[77.9118,6.2969],[77.9095,6.2969],[77.9058,6.2958],[77.904,6.2977],[77.9,6.2978],[77.8983,6.2976],[77.8944,6.2944],[77.8946,6.2915],[77.8941,6.2882],[77.8956,6.2851],[77.8982,6.2823],[77.8971,6.279],[77.8957,6.2758],[77.8949,6.2726],[77.8944,6.27],[77.8941,6.2691],[77.8938,6.266],[77.894,6.2652],[77.8933,6.2627],[77.8935,6.2604],[77.8914,6.2565],[77.8894,6.2556],[77.8843,6.257],[77.8815,6.2596],[77.877,6.259],[77.8733,6.2565],[77.8708,6.2554],[77.8699,6.2558],[77.8664,6.2542],[77.8663,6.254],[77.8654,6.2584],[77.866,6.2621],[77.863,6.2641],[77.8606,6.2662],[77.857,6.2679],[77.8532,6.2686],[77.8491,6.2679],[77.8471,6.2645],[77.8452,6.2629],[77.8412,6.2618],[77.8354,6.2616],[77.8334,6.261],[77.8296,6.2614],[77.8299,6.2633],[77.8289,6.2655],[77.8289,6.2671],[77.8276,6.2708],[77.826,6.2726],[77.8244,6.2785],[77.8225,6.282],[77.823,6.2844],[77.8242,6.2857],[77.8247,6.2892],[77.8254,6.2921],[77.8283,6.296],[77.8299,6.2995],[77.8301,6.304],[77.8289,6.307],[77.8271,6.3099],[77.826,6.3122],[77.8252,6.3175],[77.826,6.3198],[77.8271,6.3214],[77.8301,6.3216],[77.8333,6.3217],[77.8329,6.323],[77.8297,6.3252],[77.8269,6.3283],[77.8258,6.3312],[77.8225,6.3323],[77.8197,6.3331],[77.8172,6.3345],[77.8136,6.338],[77.8124,6.3405],[77.8105,6.344],[77.8105,6.3458],[77.8114,6.3488],[77.8117,6.3506],[77.8098,6.3529],[77.808,6.3566],[77.808,6.3608],[77.8079,6.3625],[77.806,6.3669],[77.8044,6.3693],[77.8077,6.3734],[77.8092,6.3754],[77.8119,6.3765],[77.8125,6.3769],[77.8145,6.3803],[77.8151,6.383],[77.8168,6.3865],[77.818,6.388],[77.8212,6.3897],[77.8235,6.3912],[77.8236,6.3961],[77.8244,6.3994],[77.8262,6.4024],[77.8274,6.4038],[77.8304,6.4053],[77.8312,6.404],[77.8305,6.3993],[77.8301,6.3987],[77.8287,6.3973],[77.8285,6.3951],[77.8313,6.3887],[77.8314,6.3865],[77.8314,6.384],[77.8325,6.3819],[77.8336,6.3779],[77.8362,6.3784],[77.8406,6.3797],[77.8421,6.3808],[77.8447,6.3845],[77.8464,6.3874],[77.8485,6.3901],[77.8502,6.3921],[77.8497,6.3966],[77.849,6.3979],[77.8488,6.4009],[77.8484,6.4027],[77.8501,6.4046],[77.8509,6.407],[77.8533,6.4101],[77.8552,6.4122],[77.8544,6.4157],[77.8521,6.4184],[77.8543,6.4211],[77.8563,6.4238],[77.8609,6.4255],[77.8627,6.423],[77.8633,6.4208],[77.864,6.4199],[77.8661,6.4188],[77.8682,6.4175],[77.8754,6.4175],[77.878,6.4178],[77.8812,6.4167],[77.8838,6.4167],[77.8863,6.4177],[77.8876,6.4194],[77.8895,6.4225],[77.8916,6.4241],[77.8963,6.4248],[77.8991,6.4258],[77.9029,6.4295],[77.9051,6.4306],[77.9078,6.4306],[77.9106,6.4299],[77.9143,6.4293],[77.9156,6.4281],[77.9194,6.4269],[77.9222,6.4295],[77.9248,6.432],[77.9244,6.4337],[77.9227,6.437],[77.923,6.4392],[77.9245,6.4419],[77.9236,6.4459],[77.921,6.4468],[77.9184,6.4452],[77.9143,6.4431],[77.9141,6.4407],[77.9144,6.4367],[77.9146,6.4339],[77.9154,6.4303],[77.9154,6.4286],[77.9175,6.424],[77.9176,6.4228],[77.9204,6.4223],[77.9222,6.4233],[77.924,6.4245],[77.9263,6.4272],[77.9298,6.43],[77.932,6.4316],[77.9331,6.4354],[77.9313,6.4369],[77.928,6.4387],[77.9268,6.4382],[77.9222,6.4361],[77.9202,6.4353],[77.9162,6.4341],[77.9136,6.435],[77.9128,6.4387],[77.9132,6.4415],[77.9129,6.4436],[77.9116,6.4458],[77.9088,6.4476],[77.9077,6.4483],[77.9086,6.4503],[77.9089,6.4526],[77.9099,6.4565],[77.9117,6.4579],[77.9158,6.4595],[77.9192,6.4607],[77.9216,6.4625],[77.9218,6.4647],[77.9209,6.4689],[77.9217,6.4727],[77.9212,6.4762],[77.9199,6.4779],[77.9222,6.4811],[77.9203,6.4832],[77.9175,6.4857],[77.916,6.4864],[77.9143,6.4891],[77.913,6.4907],[77.9097,6.4929],[77.9081,6.4935],[77.9049,6.4967],[77.9038,6.4995],[77.9008,6.5012],[77.8994,6.4993],[77.897,6.4992],[77.8947,6.5002],[77.8953,6.5028],[77.8953,6.5069],[77.8972,6.5083],[77.8997,6.5096],[77.9013,6.5128],[77.903,6.5137],[77.9036,6.5173],[77.9026,6.5179],[77.8985,6.5164],[77.8979,6.5158],[77.8975,6.511],[77.8995,6.5098],[77.903,6.5086],[77.9038,6.5116],[77.9024,6.5155],[77.9034,6.5201],[77.9074,6.5209],[77.9103,6.5207],[77.9134,6.5234],[77.9158,6.5269],[77.9143,6.5307],[77.913,6.5333],[77.9119,6.5362],[77.9103,6.5392],[77.9109,6.5426],[77.9113,6.5449],[77.912,6.5476],[77.9136,6.5485],[77.916,6.5515],[77.9182,6.5544],[77.9212,6.5571],[77.9217,6.5598],[77.9223,6.5617],[77.925,6.5623],[77.9297,6.563],[77.9325,6.5616],[77.936,6.5601],[77.9372,6.5591],[77.9395,6.5578],[77.9402,6.5602],[77.9391,6.5641],[77.9361,6.5632],[77.9331,6.5613],[77.9306,6.5581],[77.927,6.5571],[77.9255,6.5551],[77.921,6.5547],[77.9189,6.5559],[77.9149,6.5563],[77.9124,6.556],[77.9095,6.5583],[77.9078,6.56],[77.905,6.5622],[77.9037,6.5636],[77.9017,6.5649],[77.9005,6.5649],[77.897,6.5621],[77.8949,6.5611],[77.8904,6.561],[77.8883,6.5611],[77.8875,6.5608],[77.8845,6.5595],[77.8825,6.5581],[77.8811,6.5557],[77.878,6.5534],[77.876,6.5533],[77.8739,6.5557],[77.8735,6.5578],[77.8734,6.5615],[77.8727,6.5642],[77.8686,6.5643],[77.866,6.5651],[77.8623,6.5669],[77.859,6.5686],[77.858,6.5671],[77.8551,6.5648],[77.8528,6.5629],[77.8514,6.5615],[77.847,6.5591],[77.8459,6.5578],[77.8476,6.5538],[77.8496,6.5528],[77.8518,6.5513],[77.8515,6.5493],[77.8513,6.5464],[77.8523,6.5447],[77.8546,6.5419],[77.8537,6.5411],[77.8536,6.5388],[77.8514,6.535],[77.8481,6.5314],[77.8478,6.5302],[77.8485,6.5287],[77.8495,6.5261],[77.8492,6.5226],[77.8484,6.5209],[77.8463,6.5194],[77.8426,6.5181],[77.8397,6.5168],[77.8384,6.5162],[77.8364,6.5127],[77.834,6.5103],[77.8302,6.5106],[77.8272,6.51],[77.8227,6.5095],[77.8207,6.5078],[77.8176,6.511],[77.8176,6.5132],[77.8167,6.5163],[77.8168,6.5185],[77.8157,6.522],[77.8145,6.5226],[77.8112,6.5219],[77.8072,6.5206],[77.8046,6.5218],[77.801,6.524],[77.797,6.5241],[77.7956,6.5253],[77.7932,6.529],[77.7922,6.5306],[77.7877,6.5304],[77.784,6.5301],[77.7803,6.5308],[77.7783,6.5311],[77.7732,6.5279],[77.7729,6.5266],[77.7762,6.5233],[77.7779,6.5219],[77.7783,6.5179],[77.7784,6.5163],[77.7779,6.5124],[77.7791,6.5091],[77.7787,6.5073],[77.7764,6.5054],[77.7754,6.5038],[77.7728,6.5032],[77.77,6.5037],[77.7676,6.5041],[77.7651,6.5059],[77.7621,6.5066],[77.7583,6.5053],[77.7558,6.504],[77.752,6.5048],[77.7489,6.5078],[77.7455,6.5089],[77.7438,6.5107],[77.7434,6.5135],[77.7419,6.5164],[77.7398,6.5205],[77.7382,6.5225],[77.7325,6.523],[77.7306,6.5237],[77.728,6.5214],[77.7248,6.5195],[77.7237,6.5153],[77.7236,6.5118],[77.7212,6.5091],[77.721,6.5067],[77.7215,6.5025],[77.7206,6.5008],[77.7199,6.4977],[77.7202,6.4953],[77.7227,6.4926],[77.7249,6.4914],[77.7289,6.491],[77.7303,6.4919],[77.7342,6.4937],[77.7369,6.4955],[77.7397,6.4968],[77.7429,6.4975],[77.7458,6.4979],[77.7474,6.4998],[77.7478,6.5029],[77.7477,6.5053],[77.7503,6.5071],[77.7525,6.5081],[77.7543,6.5102],[77.7575,6.5103],[77.7583,6.5095],[77.7601,6.5075],[77.7617,6.5052],[77.7621,6.5028],[77.7647,6.4985],[77.7655,6.4959],[77.769,6.4936],[77.7723,6.4933],[77.775,6.4955],[77.7765,6.4969],[77.7771,6.5016],[77.7789,6.5018],[77.7811,6.5009],[77.7832,6.5001],[77.7857,6.4959],[77.7882,6.493],[77.7902,6.4943],[77.7922,6.4953],[77.7953,6.4964],[77.7978,6.4961],[77.8021,6.4946],[77.8058,6.4955],[77.8087,6.4944],[77.8115,6.4965],[77.8148,6.4965],[77.8157,6.4981],[77.8158,6.5028],[77.8154,6.5049],[77.814,6.5082],[77.812,6.5114],[77.8076,6.5135],[77.8044,6.5142],[77.8015,6.5104],[77.7997,6.5127],[77.7973,6.5153],[77.7947,6.5161],[77.7892,6.5175],[77.7871,6.5188],[77.785,6.5206],[77.7833,6.5219],[77.7826,6.525],[77.7811,6.5282],[77.7815,6.5325],[77.7823,6.5364],[77.7858,6.5388],[77.7864,6.541],[77.7871,6.544],[77.7889,6.5461],[77.7906,6.5486],[77.7931,6.5494],[77.7962,6.5486],[77.7994,6.5478],[77.8043,6.5472],[77.807,6.5463],[77.8094,6.5469],[77.811,6.5473],[77.8138,6.5506],[77.8163,6.553],[77.8183,6.5587],[77.8192,6.5618],[77.8191,6.5644],[77.8175,6.5671],[77.8186,6.5699],[77.8205,6.5715],[77.8199,6.5733],[77.8195,6.5749],[77.8159,6.5779],[77.8142,6.5788],[77.81,6.5805],[77.8083,6.5823],[77.8063,6.584],[77.8053,6.5826],[77.8047,6.5806],[77.8046,6.5788],[77.8048,6.572],[77.8047,6.5691],[77.8057,6.5662],[77.8065,6.565],[77.8109,6.5615],[77.8123,6.56],[77.8156,6.5572],[77.8181,6.5577],[77.8214,6.56],[77.8242,6.5597],[77.8271,6.5575],[77.8291,6.5579],[77.8319,6.5581],[77.8341,6.5579],[77.8358,6.5573],[77.838,6.5558],[77.8375,6.5531],[77.8376,6.551],[77.8357,6.547],[77.8347,6.5448],[77.8332,6.5411],[77.8347,6.5396],[77.8336,6.5361],[77.8319,6.5338],[77.832,6.5311],[77.8322,6.5284],[77.8309,6.5257],[77.828,6.5251],[77.8254,6.5267],[77.8234,6.5276],[77.8219,6.5307],[77.8222,6.5313],[77.8219,6.5352],[77.8216,6.5364],[77.8198,6.5402],[77.8205,6.5418],[77.8215,6.5445],[77.8229,6.545],[77.8251,6.5474],[77.8274,6.5482],[77.8312,6.5463],[77.8351,6.5446],[77.8379,6.5443],[77.8395,6.5456],[77.8432,6.5465],[77.8459,6.5467],[77.8489,6.5464],[77.8526,6.5471],[77.8554,6.5491],[77.8563,6.5516],[77.8539,6.5555],[77.8551,6.5585],[77.8541,6.5622],[77.8522,6.563],[77.8501,6.5659],[77.8513,6.5674],[77.854,6.5692],[77.8557,6.5682],[77.8586,6.5661],[77.8598,6.5657],[77.8614,6.5612],[77.8602,6.558],[77.8598,6.5547],[77.862,6.553],[77.866,6.5502],[77.8669,6.5461],[77.866,6.5404],[77.8659,6.5373],[77.8628,6.5339],[77.8616,6.5323],[77.8615,6.5295],[77.8612,6.5261],[77.8612,6.5237],[77.8597,6.5219],[77.8569,6.5182],[77.8561,6.5173],[77.8529,6.5164],[77.8518,6.5143],[77.8502,6.5112],[77.8508,6.5076],[77.854,6.5036],[77.8562,6.5023],[77.8589,6.5004],[77.8603,6.5011],[77.8637,6.5015],[77.8674,6.5004],[77.8712,6.5001],[77.8759,6.5005],[77.8794,6.5005]]},"properties":{"mmsi":997257475,"name":"SYN-FSH-00","role":"background","vessel_type":30,"synthetic":true,"t_offset_s":[-259200,-258960,-258600,-258360,-258000,-257760,-257400,-257160,-256800,-256560,-256200,-255960,-255600,-255360,-255000,-254760,-254400,-254160,-253800,-253560,-253200,-252960,-252600,-252360,-252000,-251760,-251400,-251160,-250800,-250560,-250200,-249960,-249600,-249360,-249000,-248760,-248400,-248160,-247800,-247560,-247200,-246960,-246600,-246360,-246000,-245760,-245400,-245160,-244800,-244560,-244200,-243960,-243600,-243360,-243000,-242760,-242400,-242160,-241800,-241560,-241200,-240960,-240600,-240360,-240000,-239760,-239400,-239160,-238800,-238560,-238200,-237960,-237600,-237360,-237000,-236760,-236400,-236160,-235800,-235560,-235200,-234960,-234600,-234360,-234000,-233760,-233400,-233160,-232800,-232560,-232200,-231960,-231600,-231360,-231000,-230760,-230400,-230160,-229800,-229560,-229200,-228960,-228600,-228360,-228000,-227760,-227400,-227160,-226800,-226560,-226200,-225960,-225600,-225360,-225000,-224760,-224400,-224160,-223800,-223560,-223200,-222960,-222600,-222360,-222000,-221760,-221400,-221160,-220800,-220560,-220200,-219960,-219600,-219360,-219000,-218760,-218400,-218160,-217800,-217560,-217200,-216960,-216600,-216360,-216000,-215760,-215400,-215160,-214800,-214560,-214200,-213960,-213600,-213360,-213000,-212760,-212400,-212160,-211800,-211560,-211200,-210960,-210600,-210360,-210000,-209760,-209400,-209160,-208800,-208560,-208200,-207960,-207600,-207360,-207000,-206760,-206400,-206160,-205800,-205560,-205200,-204960,-204600,-204360,-204000,-203760,-203400,-203160,-202800,-202560,-202200,-201960,-201600,-201360,-201000,-200760,-200400,-200160,-199800,-199560,-199200,-198960,-198600,-198360,-198000,-197760,-197400,-197160,-196800,-196560,-196200,-195960,-195600,-195360,-195000,-194760,-194400,-194160,-193800,-193560,-193200,-192960,-192600,-192360,-192000,-191760,-191400,-191160,-190800,-190560,-190200,-189960,-189600,-189360,-189000,-188760,-188400,-188160,-187800,-187560,-187200,-186960,-186600,-186360,-186000,-185760,-185400,-185160,-184800,-184560,-184200,-183960,-183600,-183360,-183000,-182760,-182400,-182160,-181800,-181560,-181200,-180960,-180600,-180360,-180000,-179760,-179400,-179160,-178800,-178560,-178200,-177960,-177600,-177360,-177000,-176760,-176400,-176160,-175800,-175560,-175200,-174960,-174600,-174360,-174000,-173760,-173400,-173160,-172800,-172560,-172200,-171960,-171600,-171360,-171000,-170760,-170400,-170160,-169800,-169560,-169200,-168960,-168600,-168360,-168000,-167760,-167400,-167160,-166800,-166560,-166200,-165960,-165600,-165360,-165000,-164760,-164400,-164160,-163800,-163560,-163200,-162960,-162600,-162360,-162000,-161760,-161400,-161160,-160800,-160560,-160200,-159960,-159600,-159360,-159000,-158760,-158400,-158160,-157800,-157560,-157200,-156960,-156600,-156360,-156000,-155760,-155400,-155160,-154800,-154560,-154200,-153960,-153600,-153360,-153000,-152760,-152400,-152160,-151800,-151560,-151200,-150960,-150600,-150360,-150000,-149760,-149400,-149160,-148800,-148560,-148200,-147960,-147600,-147360,-147000,-146760,-146400,-146160,-145800,-145560,-145200,-144960,-144600,-144360,-144000,-143760,-143400,-143160,-142800,-142560,-142200,-141960,-141600,-141360,-141000,-140760,-140400,-140160,-139800,-139560,-139200,-138960,-138600,-138360,-138000,-137760,-137400,-137160,-136800,-136560,-136200,-135960,-135600,-135360,-135000,-134760,-134400,-134160,-133800,-133560,-133200,-132960,-132600,-132360,-132000,-131760,-131400,-131160,-130800,-130560,-130200,-129960,-129600,-129360,-129000,-128760,-128400,-128160,-127800,-127560,-127200,-126960,-126600,-126360,-126000,-125760,-125400,-125160,-124800,-124560,-124200,-123960,-123600,-123360,-123000,-122760,-122400,-122160,-121800,-121560,-121200,-120960,-120600,-120360,-120000,-119760,-119400,-119160,-118800,-118560,-118200,-117960,-117600,-117360,-117000,-116760,-116400,-116160,-115800,-115560,-115200,-114960,-114600,-114360,-114000,-113760,-113400,-113160,-112800,-112560,-112200,-111960,-111600,-111360,-111000,-110760,-110400,-110160,-109800,-109560,-109200,-108960,-108600,-108360,-108000,-107760,-107400,-107160,-106800,-106560,-106200,-105960,-105600,-105360,-105000,-104760,-104400,-104160,-103800,-103560,-103200,-102960,-102600,-102360,-102000,-101760,-101400,-101160,-100800,-100560,-100200,-99960,-99600,-99360,-99000,-98760,-98400,-98160,-97800,-97560,-97200,-96960,-96600,-96360,-96000,-95760,-95400,-95160,-94800,-94560,-94200,-93960,-93600,-93360,-93000,-92760,-92400,-92160,-91800,-91560,-91200,-90960,-90600,-90360,-90000,-89760,-89400,-89160,-88800,-88560,-88200,-87960,-87600,-87360,-87000,-86760,-86400,-86160,-85800,-85560,-85200,-84960,-84600,-84360,-84000,-83760,-83400,-83160,-82800,-82560,-82200,-81960,-81600,-81360,-81000,-80760,-80400,-80160,-79800,-79560,-79200,-78960,-78600,-78360,-78000,-77760,-77400,-77160,-76800,-76560,-76200,-75960,-75600,-75360,-75000,-74760,-74400,-74160,-73800,-73560,-73200,-72960,-72600,-72360,-72000,-71760,-71400,-71160,-70800,-70560,-70200,-69960,-69600,-69360,-69000,-68760,-68400,-68160,-67800,-67560,-67200,-66960,-66600,-66360,-66000,-65760,-65400,-65160,-64800,-64560,-64200,-63960,-63600,-63360,-63000,-62760,-62400,-62160,-61800,-61560,-61200,-60960,-60600,-60360,-60000,-59760,-59400,-59160,-58800,-58560,-58200,-57960,-57600,-57360,-57000,-56760,-56400,-56160,-55800,-55560,-55200,-54960,-54600,-54360,-54000,-53760,-53400,-53160,-52800,-52560,-52200,-51960,-51600,-51360,-51000,-50760,-50400,-50160,-49800,-49560,-49200,-48960,-48600,-48360,-48000,-47760,-47400,-47160,-46800,-46560,-46200,-45960,-45600,-45360,-45000,-44760,-44400,-44160,-43800,-43560,-43200,-42960,-42600,-42360,-42000,-41760,-41400,-41160,-40800,-40560,-40200,-39960,-39600,-39360,-39000,-38760,-38400,-38160,-37800,-37560,-37200,-36960,-36600,-36360,-36000,-35760,-35400,-35160,-34800,-34560,-34200,-33960,-33600,-33360,-33000,-32760,-32400,-32160,-31800,-31560,-31200,-30960,-30600,-30360,-30000,-29760,-29400,-29160,-28800,-28560,-28200,-27960,-27600,-27360,-27000,-26760,-26400,-26160,-25800,-25560,-25200,-24960,-24600,-24360,-24000,-23760,-23400,-23160,-22800,-22560,-22200,-21960,-21600,-21360,-21000,-20760,-20400,-20160,-19800,-19560,-19200,-18960,-18600,-18360,-18000,-17760,-17400,-17160,-16800,-16560,-16200,-15960,-15600,-15360,-15000,-14760,-14400,-14160,-13800,-13560,-13200,-12960,-12600,-12360,-12000,-11760,-11400,-11160,-10800,-10560,-10200,-9960,-9600,-9360,-9000,-8760,-8400,-8160,-7800,-7560,-7200,-6960,-6600,-6360,-6000,-5760,-5400,-5160,-4800,-4560,-4200,-3960,-3600,-3360,-3000,-2760,-2400,-2160,-1800,-1560,-1200,-960,-600,-360,0,240,600,840,1200,1440,1800,2040,2400,2640,3000,3240,3600,3840,4200,4440,4800,5040,5400,5640,6000,6240,6600,6840,7200,7440,7800,8040,8400,8640,9000,9240,9600,9840,10200,10440,10800,11040,11400,11640,12000,12240,12600,12840,13200,13440,13800,14040,14400,14640,15000,15240,15600,15840,16200,16440,16800,17040,17400,17640,18000,18240,18600,18840,19200,19440,19800,20040,20400,20640,21000,21240,21600,21840,22200,22440,22800,23040,23400,23640,24000,24240,24600,24840,25200,25440,25800,26040,26400,26640,27000,27240,27600,27840,28200,28440,28800,29040,29400,29640,30000,30240,30600,30840,31200,31440,31800,32040,32400,32640,33000,33240,33600,33840,34200,34440,34800,35040,35400,35640,36000,36240,36600,36840,37200,37440,37800,38040,38400,38640,39000,39240,39600,39840,40200,40440,40800,41040,41400,41640,42000,42240,42600,42840,43200,43440,43800,44040,44400,44640,45000,45240,45600,45840,46200,46440,46800,47040,47400,47640,48000,48240,48600,48840,49200,49440,49800,50040,50400,50640,51000,51240,51600,51840,52200,52440,52800,53040,53400,53640,54000,54240,54600,54840,55200,55440,55800,56040,56400,56640,57000,57240,57600,57840,58200,58440,58800,59040,59400,59640,60000,60240,60600,60840,61200,61440,61800,62040,62400,62640,63000,63240,63600,63840,64200,64440,64800,65040,65400,65640,66000,66240,66600,66840,67200,67440,67800,68040,68400,68640,69000,69240,69600,69840,70200,70440,70800,71040,71400,71640,72000,72240,72600,72840,73200,73440,73800,74040,74400,74640,75000,75240,75600,75840,76200,76440,76800,77040,77400,77640,78000,78240,78600,78840,79200,79440,79800,80040,80400,80640,81000,81240,81600,81840,82200,82440,82800,83040,83400,83640,84000,84240,84600,84840,85200,85440,85800,86040,86400],"sog":[1.4,1.6,2.0,3.3,0.7,2.8,1.4,3.3,2.9,1.7,2.0,0.8,3.5,3.2,3.0,3.0,2.7,1.3,3.4,3.5,3.0,2.1,1.4,0.3,1.9,2.9,3.2,2.2,0.5,2.0,4.9,1.5,2.7,3.4,2.4,2.7,3.8,3.1,1.4,2.9,1.3,2.6,1.6,1.0,2.2,3.1,3.8,1.4,2.5,0.5,2.3,1.3,2.9,2.0,2.7,1.9,2.8,0.7,0.5,2.9,3.4,2.3,1.2,3.3,1.4,1.5,2.6,2.1,3.1,4.2,2.4,1.7,1.9,2.8,3.2,2.3,2.8,3.1,3.2,2.9,1.1,1.4,2.4,1.9,3.2,3.2,2.8,2.4,0.6,1.5,3.3,1.7,1.6,2.7,2.5,2.6,1.8,3.2,1.0,1.7,3.3,3.0,3.2,0.5,2.4,1.3,2.2,2.6,2.2,2.2,2.7,1.7,2.4,1.9,1.7,3.2,1.0,2.0,1.2,2.1,0.7,1.4,2.9,3.4,3.3,1.1,4.2,2.5,4.2,2.6,2.0,3.2,1.3,2.3,2.4,0.9,2.9,4.4,3.8,2.6,2.0,1.6,2.1,2.3,0.8,2.3,3.4,0.9,2.4,2.8,0.9,2.4,4.0,3.0,3.8,2.0,3.6,3.4,1.6,0.3,3.8,1.6,2.7,2.7,1.6,3.6,1.8,2.0,1.6,2.5,2.6,1.0,0.6,3.3,1.6,2.4,0.3,1.4,3.4,0.8,0.4,3.0,1.1,0.3,0.6,2.5,1.1,2.8,0.6,1.5,2.2,1.4,2.6,0.9,1.4,3.6,0.6,1.8,2.2,0.8,2.3,4.0,0.8,3.3,3.4,0.5,2.0,2.3,2.4,2.9,0.7,1.9,1.4,3.3,1.5,2.2,2.1,2.6,2.2,1.6,2.7,1.6,2.4,2.1,3.5,2.5,3.1,2.4,1.2,2.2,3.7,2.1,2.9,4.4,2.1,1.5,3.4,1.8,1.1,2.8,1.7,1.8,2.8,2.5,2.6,3.2,1.9,3.2,2.4,3.3,2.7,0.3,2.1,4.6,0.9,0.8,3.2,1.6,2.4,1.8,2.8,1.7,1.9,2.1,2.4,3.6,2.3,2.7,3.2,2.8,3.0,3.6,2.6,2.7,1.8,1.2,1.2,0.8,3.0,2.0,0.4,3.6,2.9,2.5,1.8,3.3,1.1,3.6,3.2,2.5,3.2,1.7,1.5,2.3,1.9,3.7,2.3,2.8,2.8,0.7,3.8,1.6,2.6,2.3,2.7,3.4,0.7,2.6,1.6,2.6,2.1,0.7,3.7,1.9,3.1,2.1,2.7,2.4,2.5,2.0,4.2,1.9,1.3,1.7,0.9,2.2,5.1,1.8,2.7,4.5,3.6,1.2,1.9,0.8,3.4,2.0,4.3,2.7,1.9,1.6,3.0,2.8,4.7,0.3,2.3,3.2,1.6,3.6,0.3,2.9,1.7,3.9,3.1,2.0,4.0,2.8,4.0,3.4,2.5,2.4,0.7,2.8,2.0,3.1,1.6,1.6,2.4,3.4,2.1,4.0,1.5,0.3,1.8,0.8,2.3,3.9,2.6,2.6,2.7,3.2,3.3,1.3,2.0,0.6,3.1,1.4,2.9,4.1,1.9,1.8,1.0,2.1,0.5,1.5,3.4,2.2,2.4,2.6,1.8,2.4,3.5,2.4,3.3,4.1,2.8,1.8,2.0,1.4,2.5,2.4,2.8,0.3,4.3,1.9,3.0,2.7,3.2,1.9,2.5,3.5,3.7,3.4,4.4,0.7,3.6,0.3,2.6,3.3,2.7,4.2,3.5,3.6,2.9,0.4,1.2,2.8,3.9,0.6,4.3,0.3,3.8,3.2,2.2,1.4,4.7,1.3,2.9,2.8,3.5,1.6,1.1,2.6,1.8,2.6,1.5,1.4,2.9,2.9,1.8,3.0,2.0,3.0,2.8,1.8,1.2,1.7,2.8,2.0,2.7,1.0,2.3,2.3,1.1,0.6,2.3,3.4,1.8,1.7,0.6,2.0,1.3,2.4,1.5,1.9,2.1,0.4,2.6,2.4,3.2,3.9,1.7,2.2,2.7,0.8,2.1,1.2,1.8,2.3,3.2,3.6,2.2,0.6,2.8,2.4,2.8,3.5,1.3,0.3,3.0,2.2,4.5,1.6,2.2,2.4,2.1,2.5,2.2,3.0,2.2,1.8,0.7,2.2,3.2,0.8,0.3,0.6,0.5,2.3,1.9,2.0,3.1,1.7,1.9,2.6,2.5,3.4,0.3,2.4,4.5,2.0,2.8,0.6,1.8,3.1,2.6,2.2,1.4,1.2,0.3,1.7,2.5,3.4,2.2,2.9,2.6,3.5,1.7,2.0,2.1,2.7,2.4,2.2,1.6,1.5,3.6,2.8,1.7,1.5,2.6,0.3,0.9,3.4,1.8,3.5,2.8,2.6,3.1,2.0,3.3,0.9,3.3,3.3,2.0,4.6,3.2,0.5,3.9,2.3,2.3,1.2,2.8,2.5,3.7,3.1,3.1,2.8,1.6,2.7,2.5,2.4,2.6,1.3,2.0,0.8,3.8,1.6,2.1,2.3,2.9,3.2,1.0,2.5,2.4,1.3,1.0,1.1,0.4,1.3,2.7,2.2,2.9,3.7,4.0,4.5,1.3,1.1,1.9,0.3,2.8,3.4,1.9,4.1,2.7,4.5,1.6,4.0,2.1,3.2,3.3,1.9,2.1,1.2,2.0,2.6,1.6,0.9,2.1,3.4,2.1,1.8,0.3,2.0,2.3,2.9,2.5,2.6,2.6,2.9,3.3,1.8,1.6,2.1,2.4,2.1,2.4,4.6,1.1,2.0,2.2,3.3,3.1,2.2,3.3,1.9,1.6,1.6,2.5,3.5,3.1,2.6,3.0,2.0,3.5,1.7,2.0,0.3,2.9,2.9,2.4,3.1,1.1,1.4,3.9,3.7,1.6,2.6,2.0,0.9,3.6,0.6,1.8,2.3,4.3,3.3,0.3,2.7,2.7,1.6,2.8,2.2,2.9,2.6,2.6,2.3,2.6,0.8,1.5,0.3,1.7,3.1,3.0,0.8,2.3,3.4,2.3,3.6,3.6,3.8,1.6,2.0,2.4,2.0,4.1,2.1,1.8,2.7,1.8,2.5,1.8,1.7,2.6,2.5,2.4,1.8,1.8,1.6,1.7,1.3,2.2,4.0,2.2,2.4,1.3,1.4,1.5,3.4,2.4,2.6,2.2,1.8,4.0,2.5,1.0,1.8,3.2,0.3,2.9,1.1,1.3,2.7,2.6,1.4,1.9,3.1,3.3,2.0,3.3,1.8,3.3,2.5,1.8,4.5,1.5,2.7,1.5,1.0,0.8,1.8,2.3,3.1,2.4,3.8,1.8,2.1,3.1,3.9,3.0,2.8,3.0,1.5,0.9,0.6,1.1,3.8,2.2,1.1,3.5,3.2,2.6,3.9,2.4,2.4,1.9,3.1,2.6,2.9,1.9,0.9,3.1,1.5,1.9,1.1,4.1,2.7,2.5,3.9,4.0,4.8,2.0,3.1,1.5,3.0,3.3,2.6,1.8,2.2,1.5,1.4,0.5,1.2,1.9,2.7,2.0,3.4,2.1,2.9,4.4,2.1,1.4,0.9,1.3,2.6,0.7,3.9,0.4,3.7,3.0,2.8,2.0,1.1,4.2,1.4,1.3,2.7,1.2,3.2,2.3,0.3,2.6,2.6,3.8,0.8,0.7,3.3,2.5,2.9,1.9,1.6,2.9,3.4,1.7,3.6,4.1,2.9,3.2,3.7,1.7,4.1,2.7,3.0,3.2,1.3,2.0,2.8,2.0,2.5,2.3,1.6,2.0,1.2,0.5,3.8,2.8,1.2,0.6,2.2,3.2,2.3,3.1,2.6,3.4,2.4,2.9,4.7,2.5,2.6,2.7,1.2,3.5,3.2,0.7,1.6,1.1,0.9,3.1,5.0,2.5,3.5,3.3,1.2,2.3,2.0,2.2,2.1,3.3,2.3,2.5,0.5,2.4,2.2,2.2,2.0,2.5,2.1,0.3,3.0,0.8,3.4,2.1,1.2,1.1,2.7,3.1,3.7,2.3,4.7,0.4,2.5,0.4,3.7,1.7,2.2,3.7,0.7,2.2,2.7,1.9,3.2,1.8,2.5,2.8,1.3,2.1,0.7,2.6,2.6,4.2,1.5,2.2,4.1,2.8,3.6,0.7,1.9,0.9,1.4,2.0,2.4,2.3,2.6,0.3,1.1,3.6,1.1,3.1,3.4,1.9,2.0,2.4,2.6,3.1,2.8,1.2,0.3,4.2,4.5,2.5,1.2,1.9,2.6,2.4,3.6,1.0,1.7,2.1,2.0,1.8,1.0,2.8,4.0,3.3,1.9,2.7,3.4,2.6,2.3,4.5,2.4,2.1,1.7,2.7,3.3,3.5,3.0,3.8,1.9,1.2,2.2,1.0,2.0,2.7,3.0,3.4,2.9,1.2,2.0,2.1,2.4,2.4,3.5,1.5,3.2,3.6,1.8,1.1,2.6,3.4,0.8,3.1,2.2,2.5,2.1,2.2,1.4,3.1,2.8,2.6,1.8,4.0,3.6,2.4,2.4,1.1,3.3,3.0,2.0,2.2,1.1,2.4,1.3,1.3,2.1,2.7,2.7,2.1,2.1,1.9,2.3,2.0,2.5,1.4,2.2,1.2,2.7,1.5,1.1,2.5,1.2,3.4,2.4,0.9,1.5,1.1,3.0,1.2,3.1,1.7,1.4,1.1,2.0,2.2,2.7,2.0,2.1,1.5,2.4,2.7,1.6,4.1,2.4,2.0,1.3,1.8,1.4,3.1,4.2,1.1,1.6,2.4,2.9,4.0,2.2,2.3,2.4,2.6,2.7,0.6,1.6,2.6,0.4,1.2,3.1,1.0,4.2,3.8,1.9,2.5,1.2,2.7,3.5,4.8,4.0,1.3]}},{"type":"Feature","geometry":{"type":"LineString","coordinates":[[77.8634,6.3888],[77.8605,6.3945],[77.8517,6.4106],[77.8459,6.4217],[77.8374,6.4382],[77.8318,6.4489],[77.8239,6.4652],[77.8182,6.4764],[77.8097,6.4928],[77.8047,6.5042],[77.7964,6.5203],[77.7913,6.5317],[77.783,6.5491],[77.7782,6.5604],[77.7704,6.5773],[77.7654,6.5884],[77.7574,6.6053],[77.7522,6.6166],[77.7444,6.6334],[77.739,6.645],[77.7311,6.6618],[77.7261,6.6728],[77.718,6.6899],[77.7126,6.7013],[77.7053,6.7182],[77.7002,6.7298],[77.6929,6.7469],[77.6878,6.7579],[77.6807,6.775],[77.6751,6.7861],[77.6676,6.8034],[77.6631,6.8148],[77.6551,6.832],[77.6503,6.8434],[77.6428,6.8604],[77.6376,6.8716],[77.6294,6.8886],[77.6244,6.8998],[77.6163,6.9166],[77.6104,6.9275],[77.6026,6.944],[77.5969,6.955],[77.5884,6.9712],[77.5829,6.9826],[77.5745,6.9986],[77.5689,7.0094],[77.5606,7.0261],[77.5548,7.0373],[77.5467,7.0535],[77.5415,7.0644],[77.5334,7.081],[77.5276,7.0914],[77.519,7.1079],[77.5135,7.1188],[77.505,7.1357],[77.4995,7.1468],[77.4912,7.1631],[77.4851,7.1743],[77.4775,7.1913],[77.4719,7.2023],[77.4634,7.2194],[77.4581,7.2306],[77.4496,7.2474],[77.444,7.2584],[77.4365,7.2747],[77.431,7.2861],[77.4229,7.3023],[77.4176,7.3136],[77.4094,7.3302],[77.4041,7.3409],[77.3963,7.3573],[77.391,7.3678],[77.3832,7.3852],[77.378,7.3969],[77.3705,7.4142],[77.3658,7.4253],[77.3583,7.4418],[77.3538,7.4531],[77.3462,7.4702],[77.3417,7.4813],[77.3342,7.4988],[77.3295,7.5103],[77.3225,7.5269],[77.3179,7.5385],[77.3112,7.5558],[77.3066,7.5669],[77.2997,7.5839],[77.295,7.595],[77.2876,7.6124],[77.2823,7.6243],[77.2746,7.6406],[77.2701,7.6515],[77.2625,7.6682],[77.2579,7.6792],[77.2507,7.6964],[77.2458,7.7079],[77.2384,7.7246],[77.2338,7.7363],[77.2271,7.7535],[77.2224,7.7649],[77.2153,7.7814],[77.2104,7.7921],[77.2031,7.8091],[77.1982,7.8202],[77.1911,7.8372],[77.1864,7.8486],[77.1789,7.8655],[77.1747,7.8766],[77.1675,7.8941],[77.1632,7.9055],[77.1565,7.9231],[77.1525,7.9345],[77.1459,7.9523],[77.1423,7.9644],[77.136,7.9817],[77.1323,7.9929],[77.1257,8.0102],[77.1219,8.0213],[77.115,8.0392],[77.1104,8.0504],[77.1038,8.0675],[77.0992,8.079],[77.0922,8.0962],[77.0875,8.1072],[77.0802,8.1247],[77.0754,8.1362],[77.0683,8.1527],[77.0634,8.164],[77.0559,8.1806],[77.0512,8.1918],[77.0434,8.209],[77.0388,8.2209],[77.0312,8.2375],[77.0267,8.2483],[77.0191,8.2653],[77.0139,8.2768],[77.0063,8.294],[77.0012,8.3055],[76.9941,8.3221],[76.9893,8.3331],[76.9817,8.3506],[76.9769,8.3624],[76.9695,8.3796],[76.9642,8.391],[76.9567,8.4079],[76.9522,8.4195],[76.9442,8.4366],[76.2867,9.7473],[76.2799,9.7648],[76.2748,9.7763],[76.2678,9.7932],[76.2636,9.8045],[76.2557,9.8211],[76.2512,9.8326],[76.2439,9.8501],[76.239,9.8616],[76.2317,9.8788],[76.2271,9.8902],[76.2198,9.9073],[76.2147,9.9184],[76.2069,9.9356],[76.2022,9.9472],[76.1944,9.9641],[76.1892,9.9753],[76.1816,9.9924],[76.1769,10.0037],[76.1692,10.0208],[76.164,10.0319],[76.1566,10.049],[76.152,10.0602],[76.1445,10.0768],[76.1396,10.0881],[76.132,10.1055],[76.1273,10.1168],[76.1197,10.1339],[76.1145,10.1448],[76.1074,10.1627],[76.1025,10.1741],[76.0956,10.1909],[76.0907,10.2021],[76.0838,10.2196],[76.0793,10.2312],[76.073,10.2484],[76.0684,10.2599],[76.0618,10.2766],[76.0574,10.2881],[76.0512,10.3057],[76.0472,10.3173],[76.0403,10.3346],[76.0357,10.3464],[76.0288,10.3636],[76.0238,10.375],[76.0168,10.3929],[76.0116,10.4042],[76.0042,10.4208],[75.9992,10.4327],[75.9914,10.4497],[75.9864,10.4613],[75.9788,10.4785],[75.9741,10.4901],[75.967,10.5068],[75.9626,10.518],[75.9548,10.5359],[75.9504,10.5469],[75.9431,10.564],[75.9379,10.5754],[75.9307,10.5924],[75.9263,10.6037],[75.9193,10.6216],[75.9146,10.633],[75.9077,10.6502],[75.903,10.6616],[75.8963,10.6786],[75.892,10.6903],[75.8851,10.7073],[75.8805,10.7189],[75.874,10.7365],[75.8692,10.7483],[75.8625,10.7656],[75.8581,10.7764],[75.8509,10.7941],[75.8462,10.8056],[75.8392,10.8222],[75.8346,10.8339],[75.8271,10.8506],[75.8226,10.8619],[75.8152,10.8783],[75.8107,10.8899],[75.8038,10.9073],[75.7993,10.9185],[75.793,10.936],[75.7884,10.9476],[75.7823,10.9644],[75.7779,10.976],[75.7714,10.9926],[75.7668,11.0037],[75.7597,11.0214],[75.755,11.033],[75.7482,11.05],[75.7437,11.0616],[75.7364,11.079],[75.7318,11.0909],[75.7248,11.1079],[75.72,11.1195],[75.7135,11.1364],[75.709,11.1481],[75.7021,11.1653],[75.698,11.1767],[75.6915,11.1936],[75.6873,11.205],[75.6808,11.2219],[75.6764,11.234],[75.6697,11.2512],[75.6654,11.2628],[75.6583,11.2803],[75.654,11.292],[75.647,11.3093],[75.6424,11.3211],[75.6352,11.3379],[75.6305,11.3493],[75.6237,11.3663],[75.6189,11.378],[75.6126,11.3947],[75.6079,11.4064],[75.6011,11.4237],[75.5968,11.4352],[75.5903,11.4527],[75.5859,11.4641],[75.5799,11.4811],[75.5747,11.4929],[75.568,11.5097],[75.563,11.5209],[75.5557,11.5379],[75.5504,11.5491],[75.5431,11.5662],[75.5378,11.5775],[75.5303,11.5942],[75.5253,11.6055],[75.5175,11.6226],[75.5123,11.6336],[75.5052,11.6509],[75.5001,11.6623],[75.4934,11.6786],[75.4885,11.69],[75.4813,11.7072],[75.4767,11.7187],[75.4699,11.7359],[75.4653,11.7474],[75.4591,11.7647],[75.4545,11.7764],[75.4469,11.7934]]},"properties":{"mmsi":997740673,"name":"SYN-CAR-03","role":"candidate","vessel_type":70,"synthetic":true,"t_offset_s":[-92912,-92792,-92432,-92192,-91832,-91592,-91232,-90992,-90632,-90392,-90032,-89792,-89432,-89192,-88832,-88592,-88232,-87992,-87632,-87392,-87032,-86792,-86432,-86192,-85832,-85592,-85232,-84992,-84632,-84392,-84032,-83792,-83432,-83192,-82832,-82592,-82232,-81992,-81632,-81392,-81032,-80792,-80432,-80192,-79832,-79592,-79232,-78992,-78632,-78392,-78032,-77792,-77432,-77192,-76832,-76592,-76232,-75992,-75632,-75392,-75032,-74792,-74432,-74192,-73832,-73592,-73232,-72992,-72632,-72392,-72032,-71792,-71432,-71192,-70832,-70592,-70232,-69992,-69632,-69392,-69032,-68792,-68432,-68192,-67832,-67592,-67232,-66992,-66632,-66392,-66032,-65792,-65432,-65192,-64832,-64592,-64232,-63992,-63632,-63392,-63032,-62792,-62432,-62192,-61832,-61592,-61232,-60992,-60632,-60392,-60032,-59792,-59432,-59192,-58832,-58592,-58232,-57992,-57632,-57392,-57032,-56792,-56432,-56192,-55832,-55592,-55232,-54992,-54632,-54392,-54032,-53792,-53432,-53192,-52832,-52592,-52232,-51992,-51632,-51392,-51032,-50792,-50432,-50192,-49832,-49592,-49232,-20792,-20432,-20192,-19832,-19592,-19232,-18992,-18632,-18392,-18032,-17792,-17432,-17192,-16832,-16592,-16232,-15992,-15632,-15392,-15032,-14792,-14432,-14192,-13832,-13592,-13232,-12992,-12632,-12392,-12032,-11792,-11432,-11192,-10832,-10592,-10232,-9992,-9632,-9392,-9032,-8792,-8432,-8192,-7832,-7592,-7232,-6992,-6632,-6392,-6032,-5792,-5432,-5192,-4832,-4592,-4232,-3992,-3632,-3392,-3032,-2792,-2432,-2192,-1832,-1592,-1232,-992,-632,-392,-32,208,568,808,1168,1408,1768,2008,2368,2608,2968,3208,3568,3808,4168,4408,4768,5008,5368,5608,5968,6208,6568,6808,7168,7408,7768,8008,8368,8608,8968,9208,9568,9808,10168,10408,10768,11008,11368,11608,11968,12208,12568,12808,13168,13408,13768,14008,14368,14608,14968,15208,15568,15808,16168,16408,16768,17008,17368,17608,17968,18208,18568,18808,19168,19408,19768,20008,20368,20608,20968,21208,21568,21808,22168],"sog":[11.0,11.4,11.5,11.2,11.1,10.8,11.2,11.5,10.9,11.6,10.6,11.0,11.7,10.9,11.2,11.0,11.5,11.5,10.8,11.3,10.8,10.7,11.0,11.3,11.1,10.8,11.0,10.8,11.0,10.7,11.4,11.1,10.8,11.2,11.5,11.1,11.1,11.1,10.8,11.1,11.2,10.5,10.8,11.4,11.0,10.4,11.3,11.2,11.3,10.5,11.5,10.5,10.8,10.8,11.4,11.5,10.9,11.1,11.1,11.5,11.3,11.3,11.1,10.8,10.5,11.1,11.3,10.9,11.0,10.4,10.9,11.2,11.2,11.7,11.3,10.5,10.6,10.5,10.8,10.9,11.1,10.6,11.0,10.8,11.1,11.0,11.3,10.6,11.2,11.1,10.4,10.6,11.1,11.1,11.1,10.9,11.2,11.0,11.6,10.9,10.9,10.5,11.0,10.9,10.8,11.1,11.0,11.1,11.5,11.1,11.2,11.1,11.2,11.5,10.9,10.4,10.4,10.6,10.7,10.9,11.1,11.0,11.2,10.9,11.4,11.3,11.0,11.1,11.1,10.4,11.3,11.0,11.1,10.4,11.2,11.6,11.1,11.0,10.9,10.8,11.5,11.1,11.7,11.0,11.0,11.0,11.2,11.0,11.2,10.9,10.7,11.2,11.3,10.8,11.6,11.3,11.0,10.7,11.2,10.7,11.3,11.8,11.3,10.9,11.6,11.0,11.4,10.7,10.9,10.9,11.1,10.8,11.4,10.7,11.4,11.1,11.2,11.4,11.0,10.7,11.4,11.2,11.0,11.2,10.8,11.2,11.1,10.8,11.2,11.3,11.0,11.0,11.4,11.1,11.1,11.6,11.3,11.3,11.3,11.3,11.1,11.0,11.7,11.0,10.8,11.4,11.2,11.2,11.8,11.5,10.9,10.9,11.3,10.9,10.8,11.1,10.8,11.8,10.9,10.9,11.1,11.2,11.0,11.0,11.0,10.6,11.0,11.0,11.4,10.8,10.9,11.1,10.6,10.4,10.8,11.3,11.1,10.9,10.9,10.9,11.0,11.4,11.2,11.0,10.9,11.0,10.7,11.1,11.0,10.8,10.9,11.1,11.2,11.1,10.9,10.9,11.8,11.6,10.9,10.6,11.4,11.2,10.7,11.2,11.4,11.2,11.3,10.9,10.8,11.4,10.8,11.2,11.0,10.9,10.8,11.2,10.6,11.1,10.7,11.3,11.1,11.1,10.9,11.3,11.1,11.2,10.8,11.2,10.7,11.0,10.5]}},{"type":"Feature","geometry":{"type":"LineString","coordinates":[[76.8619,8.0514],[76.8555,8.0634],[76.846,8.0807],[76.8397,8.0928],[76.8304,8.11],[76.8242,8.1215],[76.8157,8.1398],[76.8102,8.1519],[76.8012,8.1706],[76.7959,8.1829],[76.7869,8.2008],[76.7819,8.212],[76.773,8.2307],[76.7676,8.2428],[76.7593,8.2609],[76.7537,8.273]]},"properties":{"mmsi":997910672,"name":"SYN-CAR-12","role":"background","vessel_type":70,"synthetic":true,"t_offset_s":[81608,81848,82208,82448,82808,83048,83408,83648,84008,84248,84608,84848,85208,85448,85808,86048],"sog":[12.1,12.4,11.6,11.9,12.2,12.2,12.4,12.2,12.3,12.1,12.5,11.3,12.1,12.1,11.5,11.6]}},{"type":"Feature","geometry":{"type":"LineString","coordinates":[[76.2138,9.3851],[76.2082,9.3949],[76.203,9.4047],[76.1955,9.4195],[76.19,9.4295],[76.1821,9.4447],[76.1774,9.4548],[76.1696,9.4699],[76.1651,9.4798],[76.1575,9.4943],[76.1528,9.5044],[76.1447,9.5196],[76.1395,9.5299],[76.1319,9.544],[76.1265,9.5541],[76.1182,9.5694],[76.113,9.5794],[76.1045,9.5943],[76.0995,9.6037],[76.0914,9.619],[76.0863,9.629],[76.0783,9.644],[76.0731,9.6538],[76.0649,9.6692],[76.0595,9.6794],[76.0522,9.6942],[76.0469,9.704],[76.0395,9.7185],[76.034,9.7288],[76.0254,9.744],[76.0199,9.7537],[76.0114,9.7686],[76.006,9.7785],[75.9971,9.7935],[75.9916,9.8031],[75.983,9.8175],[75.9777,9.8271],[75.9689,9.8418],[75.9629,9.8519],[75.9547,9.8663],[75.9489,9.8759],[75.94,9.8904],[75.934,9.901],[75.9251,9.9152],[75.9189,9.925],[75.9103,9.9396],[75.9046,9.9493],[75.8962,9.9639],[75.8907,9.9737],[75.8824,9.9884],[75.8767,9.9978],[75.8685,10.0119],[75.8629,10.0217],[75.8547,10.0364],[75.8494,10.0457],[75.841,10.0608],[75.8355,10.0703],[75.8274,10.0858],[75.8223,10.0952],[75.8139,10.1107],[75.8088,10.1205],[75.8013,10.1354],[75.7957,10.1454],[75.7884,10.1602],[75.7832,10.1703],[75.7755,10.1862],[75.7705,10.1959],[75.7631,10.2104],[75.7581,10.2208],[75.7508,10.2363],[75.7456,10.2462],[75.7377,10.2608],[75.7321,10.2706],[75.7242,10.2858],[75.7191,10.2962],[75.7115,10.3107],[75.7065,10.3211],[75.6985,10.3362],[75.6937,10.3463],[75.6861,10.3613],[75.6809,10.3712],[75.6736,10.3862],[75.6681,10.3963],[75.6603,10.4112],[75.6553,10.421],[75.6471,10.4361],[75.6423,10.4456],[75.6345,10.4604],[75.6298,10.4707],[75.6222,10.4856],[75.617,10.4955],[75.6089,10.5099],[75.6036,10.5199],[75.5953,10.5346],[75.5897,10.5445],[75.5818,10.5588],[75.576,10.5687],[75.5678,10.583],[75.562,10.5924],[75.5537,10.6073],[75.548,10.6171],[75.5398,10.6319],[75.5345,10.6414],[75.5264,10.6563],[75.5211,10.6662],[75.5124,10.6808],[75.5069,10.6905],[75.4981,10.7052],[75.4923,10.715],[75.4836,10.7291],[75.4779,10.7387],[75.4688,10.7536],[75.4627,10.7633],[75.454,10.7774],[75.4476,10.7872],[75.4387,10.8019],[75.4329,10.8111],[75.4238,10.8257],[75.4178,10.835],[75.4086,10.8487],[75.4027,10.8582],[75.3934,10.8723],[75.3872,10.8812],[75.3774,10.8952],[75.3709,10.9045],[75.3619,10.9181],[75.3555,10.9275],[75.3458,10.9413],[75.3396,10.9508],[75.3296,10.9646],[75.3235,10.9739],[75.3135,10.9877],[75.3073,10.9973],[75.2981,11.0106],[75.292,11.0199],[75.2832,11.0341],[75.277,11.0437],[75.2679,11.0579],[75.2619,11.0676],[75.2532,11.082],[75.247,11.0916],[75.2379,11.1055],[75.2315,11.1144],[75.2227,11.1281],[75.2165,11.1376],[75.207,11.1519],[75.201,11.1614],[75.1914,11.1756],[75.1851,11.1854],[75.1757,11.1992],[75.1692,11.2079],[75.1597,11.2216],[75.1532,11.2311],[75.1433,11.2452],[75.1369,11.2548],[75.1269,11.2683],[75.1201,11.2777],[75.1095,11.2913],[75.1025,11.3004],[75.0923,11.3136],[75.0856,11.3222],[75.0748,11.3347],[75.0679,11.3435],[75.0571,11.3568],[75.0502,11.3652],[75.0389,11.3785],[75.0321,11.3868],[75.0214,11.3993],[75.0143,11.4079],[75.0035,11.4213],[74.9962,11.4305],[74.9861,11.4432],[74.9787,11.4522],[74.9681,11.4658],[74.9616,11.4746],[74.951,11.4888],[74.9442,11.4979],[74.934,11.5117],[74.9278,11.5205],[74.9176,11.5345],[74.9108,11.5433],[74.9017,11.5572],[74.8948,11.5662],[74.8854,11.5797],[74.8788,11.5896],[74.8689,11.6037],[74.8621,11.6131],[74.8519,11.6265],[74.8455,11.6358],[74.835,11.6493],[74.8282,11.6582],[74.8183,11.6717],[74.8113,11.681],[74.8011,11.6946],[74.7943,11.7037],[74.7841,11.7171],[74.7774,11.7257],[74.7668,11.7387],[74.7597,11.7481],[74.7484,11.7616],[74.7418,11.7699],[74.7306,11.7831],[74.7235,11.792],[74.7131,11.8052],[74.706,11.814],[74.6947,11.8268],[74.6872,11.8356],[74.676,11.8484],[74.6683,11.8571],[74.657,11.8694],[74.6492,11.8781],[74.6373,11.8905],[74.6302,11.8984],[74.6184,11.9102],[74.6105,11.919],[74.599,11.9312],[74.5907,11.9394],[74.5784,11.9514],[74.5706,11.9594],[74.5584,11.971],[74.55,11.979],[74.5383,11.9912],[74.53,11.9993],[74.5179,12.0114],[74.5099,12.0193],[74.4976,12.0319],[74.4895,12.0403],[74.4773,12.0525],[74.4697,12.0603],[74.4583,12.0719],[74.4503,12.08],[74.4383,12.0915],[74.4303,12.0997],[74.4185,12.1126],[74.4109,12.1208],[74.4003,12.1329],[74.3925,12.1414],[74.3812,12.1535],[74.3737,12.1621],[74.3622,12.1745],[74.3548,12.1826],[74.3433,12.1954],[74.3359,12.2032],[74.3243,12.216],[74.3162,12.2237],[74.3042,12.236],[74.2967,12.2443],[74.285,12.257],[74.2778,12.2652],[74.2658,12.2773],[74.2578,12.2854],[74.2461,12.2976],[74.2388,12.3057],[74.227,12.3174],[74.2197,12.3259],[74.2083,12.3377],[74.2005,12.3453],[74.1886,12.3576],[74.1806,12.3653],[74.1696,12.3768],[74.1607,12.3854],[74.1487,12.3973],[74.1412,12.4054],[74.1293,12.4171],[74.1207,12.4254],[74.1093,12.4375],[74.1016,12.4458],[74.0895,12.4578],[74.0817,12.4659],[74.0701,12.4775],[74.0615,12.4857],[74.0497,12.4976],[74.0416,12.5055],[74.0295,12.5176],[74.0216,12.5253],[74.0093,12.5368],[74.0013,12.5444],[73.9892,12.5563],[73.9807,12.5638],[73.9685,12.5751],[73.9598,12.583],[73.9472,12.5945],[73.9393,12.6023],[73.9273,12.6142],[73.919,12.6223],[73.907,12.6337],[73.8987,12.6415],[73.886,12.6538],[73.8782,12.6623],[73.8661,12.674],[73.8582,12.682],[73.8462,12.6943],[73.8385,12.7021],[73.8266,12.7145],[73.8184,12.723],[73.8066,12.7355],[73.7986,12.7438],[73.7873,12.7562],[73.7793,12.7638],[73.7677,12.7767],[73.7598,12.7847],[73.7478,12.7965],[73.7401,12.8047],[73.7288,12.8165],[73.721,12.8245],[73.7089,12.8372],[73.7014,12.8455],[73.6892,12.8577],[73.6822,12.8661],[73.6701,12.8784],[73.662,12.8871],[73.6501,12.8993],[73.6426,12.908],[73.6308,12.9203],[73.6233,12.9284],[73.6123,12.9404],[73.6044,12.9484],[73.5927,12.9606],[73.5848,12.9691],[73.5733,12.9813],[73.5657,12.9891],[73.5543,13.0015],[73.5467,13.0092],[73.5348,13.021],[73.5267,13.0296],[73.5156,13.0412],[73.5079,13.0489],[73.4964,13.0612],[73.4882,13.0692],[73.4764,13.0811],[73.4684,13.0891],[73.4564,13.1006],[73.4484,13.1083],[73.4362,13.1204],[73.4283,13.1286],[73.4161,13.14],[73.4084,13.1478],[73.3961,13.1594],[73.3876,13.1675],[73.3751,13.1795],[73.3674,13.187],[73.3545,13.1989],[73.1618,13.3895],[73.1539,13.3974],[73.146,13.4056],[73.1341,13.4179],[73.126,13.426],[73.1144,13.4383],[73.1066,13.4469],[73.0955,13.4593],[73.0883,13.4679],[73.077,13.4803],[73.0698,13.489],[73.0591,13.5016],[73.0515,13.5106],[73.0406,13.5229],[73.0331,13.5311],[73.0214,13.5432],[73.0137,13.5518],[73.0017,13.5635],[72.9939,13.572],[72.9822,13.5837],[72.9741,13.5914],[72.9625,13.6037],[72.9543,13.6121],[72.9425,13.6241],[72.9342,13.6325],[72.9227,13.6438],[72.9152,13.652],[72.9034,13.6642],[72.8954,13.6723],[72.884,13.685],[72.8761,13.6934],[72.8644,13.7057],[72.8566,13.7144],[72.8455,13.7275],[72.8383,13.7361],[72.8277,13.7489],[72.8204,13.7575],[72.8095,13.7706],[72.8024,13.7788],[72.7917,13.7917],[72.7849,13.8008]]},"properties":{"mmsi":998019340,"name":"SYN-CAR-30","role":"candidate","vessel_type":70,"synthetic":true,"t_offset_s":[-161661,-161421,-161181,-160821,-160581,-160221,-159981,-159621,-159381,-159021,-158781,-158421,-158181,-157821,-157581,-157221,-156981,-156621,-156381,-156021,-155781,-155421,-155181,-154821,-154581,-154221,-153981,-153621,-153381,-153021,-152781,-152421,-152181,-151821,-151581,-151221,-150981,-150621,-150381,-150021,-149781,-149421,-149181,-148821,-148581,-148221,-147981,-147621,-147381,-147021,-146781,-146421,-146181,-145821,-145581,-145221,-144981,-144621,-144381,-144021,-143781,-143421,-143181,-142821,-142581,-142221,-141981,-141621,-141381,-141021,-140781,-140421,-140181,-139821,-139581,-139221,-138981,-138621,-138381,-138021,-137781,-137421,-137181,-136821,-136581,-136221,-135981,-135621,-135381,-135021,-134781,-134421,-134181,-133821,-133581,-133221,-132981,-132621,-132381,-132021,-131781,-131421,-131181,-130821,-130581,-130221,-129981,-129621,-129381,-129021,-128781,-128421,-128181,-127821,-127581,-127221,-126981,-126621,-126381,-126021,-125781,-125421,-125181,-124821,-124581,-124221,-123981,-123621,-123381,-123021,-122781,-122421,-122181,-121821,-121581,-121221,-120981,-120621,-120381,-120021,-119781,-119421,-119181,-118821,-118581,-118221,-117981,-117621,-117381,-117021,-116781,-116421,-116181,-115821,-115581,-115221,-114981,-114621,-114381,-114021,-113781,-113421,-113181,-112821,-112581,-112221,-111981,-111621,-111381,-111021,-110781,-110421,-110181,-109821,-109581,-109221,-108981,-108621,-108381,-108021,-107781,-107421,-107181,-106821,-106581,-106221,-105981,-105621,-105381,-105021,-104781,-104421,-104181,-103821,-103581,-103221,-102981,-102621,-102381,-102021,-101781,-101421,-101181,-100821,-100581,-100221,-99981,-99621,-99381,-99021,-98781,-98421,-98181,-97821,-97581,-97221,-96981,-96621,-96381,-96021,-95781,-95421,-95181,-94821,-94581,-94221,-93981,-93621,-93381,-93021,-92781,-92421,-92181,-91821,-91581,-91221,-90981,-90621,-90381,-90021,-89781,-89421,-89181,-88821,-88581,-88221,-87981,-87621,-87381,-87021,-86781,-86421,-86181,-85821,-85581,-85221,-84981,-84621,-84381,-84021,-83781,-83421,-83181,-82821,-82581,-82221,-81981,-81621,-81381,-81021,-80781,-80421,-80181,-79821,-79581,-79221,-78981,-78621,-78381,-78021,-77781,-77421,-77181,-76821,-76581,-76221,-75981,-75621,-75381,-75021,-74781,-74421,-74181,-73821,-73581,-73221,-72981,-72621,-72381,-72021,-71781,-71421,-71181,-70821,-70581,-70221,-69981,-69621,-69381,-69021,-68781,-68421,-68181,-67821,-67581,-67221,-66981,-66621,-66381,-66021,-65781,-65421,-65181,-64821,-64581,-64221,-63981,-63621,-63381,-63021,-62781,-62421,-62181,-61821,-61581,-61221,-60981,-60621,-60381,-60021,-59781,-59421,-53661,-53421,-53181,-52821,-52581,-52221,-51981,-51621,-51381,-51021,-50781,-50421,-50181,-49821,-49581,-49221,-48981,-48621,-48381,-48021,-47781,-47421,-47181,-46821,-46581,-46221,-45981,-45621,-45381,-45021,-44781,-44421,-44181,-43821,-43581,-43221,-42981,-42621,-42381,-42021,-41781],"sog":[10.1,10.3,9.7,9.7,9.9,10.6,9.8,10.3,9.9,10.2,10.2,10.4,10.7,9.6,10.1,10.4,10.2,10.1,9.6,10.4,9.6,9.8,10.6,10.4,10.3,9.9,9.6,9.5,10.1,10.4,9.9,10.1,9.9,9.9,10.3,10.1,9.9,10.6,10.1,10.4,10.1,9.9,10.3,10.1,10.1,10.1,10.2,10.0,10.4,9.3,9.8,9.8,10.0,10.0,9.9,10.0,10.0,10.2,10.2,10.1,10.0,9.9,9.5,9.6,10.4,10.3,10.1,9.7,10.5,9.9,10.2,9.9,10.5,10.1,10.6,10.3,9.8,10.4,10.1,10.0,10.1,9.7,10.0,10.1,9.7,10.2,9.5,10.0,10.0,10.0,10.1,9.9,10.0,10.2,10.2,10.2,9.7,10.1,10.1,9.9,10.3,10.4,9.6,10.2,9.8,9.9,10.0,9.9,10.4,9.8,10.0,10.0,10.3,10.0,10.1,10.3,10.1,10.2,9.8,9.9,9.7,10.0,9.6,10.4,9.8,10.0,10.2,10.0,10.0,10.2,10.3,9.9,10.1,9.6,9.9,9.6,9.8,10.0,10.4,10.5,10.2,9.8,9.7,9.9,9.7,10.6,10.2,10.6,10.1,9.8,9.6,9.9,10.4,10.2,10.3,10.0,10.4,10.6,10.3,9.9,10.2,9.9,10.0,9.8,9.9,10.2,10.0,10.0,9.8,10.0,9.8,10.0,10.1,10.3,10.0,11.0,10.5,10.0,10.1,10.1,9.3,9.6,10.5,9.8,10.3,10.7,10.1,9.8,10.2,10.4,9.8,10.7,10.1,10.2,10.1,10.1,10.0,10.0,10.3,10.3,9.6,10.3,10.0,9.9,10.2,9.8,10.9,9.6,10.3,9.8,10.4,9.5,9.7,10.0,10.1,10.3,10.4,10.6,10.3,10.1,9.8,10.4,10.2,10.6,10.3,9.9,9.6,10.3,9.9,9.8,9.7,9.9,10.1,10.2,10.4,9.9,10.4,9.6,10.1,10.8,9.5,10.3,10.2,10.7,9.9,10.1,10.2,10.3,9.5,10.3,10.1,9.8,9.7,9.7,10.2,9.3,10.2,9.8,10.0,9.7,10.8,10.1,9.6,9.6,10.2,10.7,10.1,10.0,10.4,9.6,10.4,9.8,10.5,9.9,10.1,10.3,10.1,10.6,9.9,10.2,10.7,10.5,9.8,9.9,10.5,10.2,10.0,10.4,10.2,9.8,10.0,10.4,10.5,10.5,10.5,10.3,10.5,10.2,10.1,10.3,9.6,10.2,10.4,9.2,9.5,10.2,10.0,10.0,10.2,10.5,10.7,10.0,10.0,10.1,9.7,10.4,9.9,10.2,10.5,9.9,10.0,9.7,9.8,9.6,10.1,9.5,9.6,10.1,10.1,9.7,10.1,9.7,10.2,9.5,10.4,9.5,10.0,10.0,10.3,10.3,10.1,10.6,9.8,9.9,10.1,10.6,10.0,9.8,10.8,10.0,10.2,9.8,9.9,9.9,10.4,9.7,10.2,10.3,9.9,10.4,10.0,10.2,10.1,10.3,10.2,9.7,10.3,9.8,9.7,10.3,10.2,10.0,10.2,9.9,10.7,10.4,9.7,10.0,10.1,10.2,9.9,10.5,9.9]}},{"type":"Feature","geometry":{"type":"LineString","coordinates":[[74.5012,8.594],[74.5,8.5902],[74.5022,8.5846],[74.5067,8.5841],[74.5126,8.585],[74.5162,8.5816],[74.5147,8.5743],[74.5124,8.5701],[74.5154,8.5674],[74.516,8.5635],[74.5205,8.5613],[74.5241,8.5597],[74.5283,8.5549],[74.5303,8.553],[74.5342,8.5489],[74.5384,8.5464],[74.5452,8.5447],[74.5497,8.5425],[74.5546,8.5392],[74.5564,8.5377],[74.5589,8.5327],[74.559,8.5279],[74.5621,8.5242],[74.5676,8.5246],[74.574,8.5238],[74.5773,8.5242],[74.5844,8.5226],[74.589,8.5222],[74.5922,8.5175],[74.5966,8.5138],[74.602,8.5106],[74.6049,8.5142],[74.6108,8.5137],[74.6131,8.51],[74.6131,8.503],[74.6121,8.4991],[74.6127,8.4929],[74.6102,8.4887],[74.6059,8.4828],[74.6023,8.481],[74.5965,8.4773],[74.5913,8.4751],[74.5892,8.469],[74.5917,8.4665],[74.5951,8.462],[74.597,8.4586],[74.6001,8.4527],[74.6006,8.4487],[74.6003,8.4435],[74.5995,8.4388],[74.5931,8.4356],[74.5892,8.4356],[74.5815,8.4356],[74.5787,8.4345],[74.5756,8.4297],[74.5738,8.4247],[74.5677,8.4237],[74.5636,8.422],[74.5584,8.4177],[74.5574,8.4138],[74.5545,8.4076],[74.5559,8.4036],[74.5612,8.3998],[74.5649,8.3969],[74.5702,8.3989],[74.5728,8.3991],[74.5786,8.4007],[74.5789,8.4044],[74.5775,8.41],[74.5746,8.4145],[74.5731,8.4217],[74.5727,8.425],[74.5683,8.4284],[74.5678,8.4312],[74.5652,8.4356],[74.5604,8.4381],[74.5554,8.4381],[74.5514,8.436],[74.5471,8.4312],[74.5446,8.4256],[74.5425,8.4217],[74.5401,8.4203],[74.5346,8.4182],[74.5313,8.416],[74.5255,8.4185],[74.5215,8.4201],[74.5174,8.4211],[74.5198,8.4258],[74.5213,8.4324],[74.5229,8.436],[74.5256,8.4409],[74.5262,8.4448],[74.5258,8.4494],[74.5252,8.4532],[74.5245,8.46],[74.5261,8.4632],[74.5317,8.4632],[74.5358,8.4645],[74.5417,8.4661],[74.5449,8.4642],[74.5499,8.4623],[74.5549,8.4614],[74.5597,8.4586],[74.5631,8.4571],[74.5698,8.4544],[74.5733,8.4512],[74.5717,8.4438],[74.5718,8.4386],[74.5761,8.4333],[74.581,8.4312],[74.5874,8.4308],[74.5889,8.4263],[74.5847,8.4222],[74.5809,8.4209],[74.5742,8.4222],[74.5703,8.4234],[74.5645,8.428],[74.5605,8.4302],[74.5587,8.4374],[74.5542,8.4388],[74.55,8.4354],[74.5456,8.4348],[74.5389,8.4356],[74.5367,8.433],[74.5305,8.4304],[74.5266,8.4309],[74.5224,8.4361],[74.5197,8.4396],[74.5148,8.4456],[74.5104,8.4464],[74.5051,8.4482],[74.5018,8.45],[74.4952,8.4494],[74.4913,8.4453],[74.4857,8.4425],[74.4824,8.4386],[74.4764,8.4338],[74.4716,8.4317],[74.4656,8.4318],[74.4617,8.4297],[74.4582,8.4267],[74.4544,8.4271],[74.4464,8.4268],[74.4435,8.4242],[74.439,8.4206],[74.4377,8.4168],[74.4352,8.4115],[74.4303,8.4101],[74.4239,8.408],[74.42,8.4093],[74.4143,8.4101],[74.4104,8.4111],[74.4042,8.409],[74.4011,8.4077],[74.3951,8.4061],[74.3917,8.4074],[74.3852,8.4075],[74.3829,8.4071],[74.3788,8.4125],[74.3766,8.4148],[74.3716,8.4194],[74.3701,8.4221],[74.3695,8.4278],[74.3707,8.431],[74.3715,8.4355],[74.3712,8.4403],[74.3717,8.4433],[74.3731,8.4462],[74.3795,8.4488],[74.3828,8.4493],[74.388,8.4482],[74.3924,8.4455],[74.3968,8.4416],[74.4008,8.4402],[74.4084,8.4359],[74.4123,8.4333],[74.4171,8.4362],[74.4194,8.4394],[74.4259,8.4383],[74.4271,8.4347],[74.4274,8.4281],[74.4276,8.4242],[74.4223,8.42],[74.4192,8.4192],[74.4169,8.4252],[74.4166,8.4296],[74.4179,8.4353],[74.4189,8.4403],[74.424,8.4456],[74.4269,8.4482],[74.4301,8.4537],[74.43,8.4582],[74.4314,8.4651],[74.4333,8.4673],[74.4364,8.4711],[74.4343,8.4739],[74.4274,8.4707],[74.4243,8.4683],[74.419,8.4652],[74.4149,8.4616],[74.4145,8.4577],[74.4149,8.4524],[74.4144,8.4457],[74.4118,8.443],[74.4092,8.4381],[74.4099,8.4342],[74.4146,8.4306],[74.4185,8.4309],[74.4234,8.4284],[74.4225,8.424],[74.4222,8.4173],[74.4259,8.4148],[74.4322,8.4121],[74.4358,8.4084],[74.4391,8.4033],[74.4411,8.4032],[74.4468,8.399],[74.4486,8.3946],[74.4516,8.3879],[74.4544,8.3858],[74.4593,8.384],[74.4625,8.3811],[74.4633,8.3749],[74.4633,8.3688],[74.4627,8.3636],[74.4646,8.3603],[74.4672,8.3556],[74.4667,8.3514],[74.463,8.3457],[74.4587,8.3439],[74.4534,8.3427],[74.45,8.3408],[74.4481,8.3365],[74.448,8.3317],[74.4517,8.3267],[74.4538,8.3275],[74.4603,8.3273],[74.4637,8.3261],[74.4705,8.3277],[74.4723,8.3316],[74.4779,8.3337],[74.4796,8.3356],[74.4862,8.3371],[74.4889,8.3378],[74.4953,8.3374],[74.4986,8.3342],[74.4997,8.3287],[74.5006,8.326],[74.5057,8.3219],[74.5094,8.3217],[74.5143,8.3245],[74.5158,8.3258],[74.5194,8.3296],[74.5218,8.3332],[74.5259,8.337],[74.5285,8.3394],[74.5336,8.3433],[74.5329,8.347],[74.5278,8.3474],[74.5229,8.3491],[74.518,8.3527],[74.5152,8.3543],[74.509,8.3574],[74.5066,8.3607],[74.5032,8.3672],[74.5035,8.3709],[74.5086,8.3759],[74.5124,8.3749],[74.5107,8.3692],[74.5087,8.3659],[74.5034,8.3621],[74.4994,8.3608],[74.4944,8.3581],[74.4895,8.3576],[74.4861,8.3589],[74.4827,8.3601],[74.4811,8.3671],[74.4808,8.3705],[74.478,8.3748],[74.4751,8.3765],[74.4711,8.3797],[74.4675,8.3842],[74.4617,8.386],[74.4573,8.3862],[74.4521,8.3884],[74.4481,8.3876],[74.442,8.384],[74.4377,8.3834],[74.434,8.388],[74.4355,8.3922],[74.4321,8.3991],[74.4316,8.4037],[74.4278,8.4096],[74.4279,8.4149],[74.4281,8.4219],[74.4263,8.4254],[74.4212,8.4291],[74.4161,8.4282],[74.4119,8.4255],[74.4078,8.4238],[74.4027,8.4228],[74.4002,8.4236],[74.3945,8.4247],[74.3897,8.4231],[74.3843,8.4219],[74.3831,8.4193],[74.385,8.4153],[74.3892,8.4116],[74.3937,8.4077],[74.3975,8.4061],[74.3981,8.3999],[74.398,8.395],[74.3963,8.3908],[74.3928,8.3891],[74.3886,8.3841],[74.3871,8.3805],[74.3813,8.3762],[74.3774,8.3744],[74.3703,8.3733],[74.3662,8.372],[74.3619,8.3679],[74.3576,8.3697],[74.3504,8.366],[74.3456,8.3668],[74.3391,8.3645],[74.3371,8.3614],[74.3351,8.3555],[74.3345,8.3521],[74.3371,8.3466],[74.3396,8.3438],[74.3468,8.3434],[74.3522,8.3447],[74.3583,8.3457],[74.3563,8.3492],[74.3516,8.3488],[74.3471,8.3495],[74.344,8.3556],[74.3442,8.3601],[74.3414,8.3635],[74.3383,8.3633],[74.3337,8.3683],[74.3338,8.3715],[74.3322,8.3781],[74.3308,8.3817],[74.3325,8.3874],[74.3337,8.3898],[74.336,8.3954],[74.3362,8.3986],[74.3397,8.4033],[74.3452,8.4043],[74.3503,8.4084],[74.3525,8.4122],[74.3559,8.4179],[74.3604,8.4194],[74.3656,8.4168],[74.3681,8.4172],[74.3721,8.4215],[74.3776,8.4234],[74.3841,8.4256],[74.3876,8.4238],[74.3942,8.4243],[74.3987,8.4228],[74.4044,8.4183],[74.4065,8.4156],[74.4052,8.4108],[74.4049,8.4069],[74.4099,8.4031],[74.4151,8.4048],[74.4207,8.4008],[74.4248,8.4002],[74.4302,8.4043],[74.4334,8.4066],[74.4347,8.413],[74.4368,8.4177],[74.44,8.422],[74.4419,8.4258],[74.4417,8.4316],[74.4385,8.4354],[74.4372,8.4414],[74.4386,8.4458],[74.4369,8.4521],[74.4352,8.4546],[74.4314,8.4576],[74.4293,8.4615],[74.4337,8.4626],[74.4391,8.4639],[74.4442,8.4629],[74.4476,8.4599],[74.4516,8.4581],[74.4555,8.4552],[74.4622,8.4508],[74.463,8.4455],[74.4617,8.4405],[74.4577,8.4377],[74.4525,8.4335],[74.449,8.4309],[74.4449,8.4277],[74.4423,8.4256],[74.4418,8.4188],[74.4443,8.4168],[74.4488,8.4125],[74.4484,8.409],[74.4514,8.4044],[74.4556,8.4023],[74.4608,8.4012],[74.4649,8.4007],[74.47,8.3944],[74.4678,8.3904],[74.4696,8.3833],[74.4714,8.381],[74.4769,8.3773],[74.4805,8.3751],[74.4865,8.3781],[74.4905,8.3809],[74.4946,8.3874],[74.4963,8.391],[74.5012,8.3931],[74.5018,8.3958],[74.503,8.4027],[74.5029,8.4064],[74.5089,8.409],[74.5114,8.4126],[74.5171,8.4163],[74.5204,8.4189],[74.5265,8.419],[74.5287,8.4176],[74.5331,8.4124],[74.5351,8.4079],[74.5371,8.4022],[74.5416,8.403],[74.5449,8.4071],[74.5467,8.4106],[74.5475,8.4169],[74.544,8.4191],[74.5398,8.4241],[74.5393,8.4279],[74.5395,8.4348],[74.538,8.4361],[74.5363,8.4305],[74.5321,8.4299],[74.5293,8.4347],[74.526,8.438],[74.5195,8.437],[74.5158,8.4358],[74.5127,8.4302],[74.512,8.4251],[74.5141,8.418],[74.5154,8.4142],[74.5188,8.4083],[74.5212,8.4048],[74.5193,8.4002],[74.5158,8.4003],[74.5107,8.3966],[74.5057,8.3958],[74.4991,8.3933],[74.4932,8.3923],[74.4886,8.3939],[74.4863,8.3971],[74.4809,8.4003],[74.4777,8.4005],[74.4747,8.4047],[74.4736,8.4096],[74.4741,8.4161],[74.4774,8.4164],[74.4813,8.4109],[74.4841,8.4058],[74.4889,8.4002],[74.4894,8.3967],[74.4893,8.3934],[74.4884,8.3882],[74.4874,8.3831],[74.488,8.3789],[74.4886,8.3732],[74.4894,8.3686],[74.4895,8.3633],[74.4907,8.3612],[74.495,8.3572],[74.4989,8.3559],[74.5056,8.3588],[74.5061,8.3642],[74.508,8.3704],[74.51,8.3721],[74.5114,8.3781],[74.5147,8.381],[74.5207,8.3821],[74.5241,8.3836],[74.5263,8.3887],[74.5265,8.3943],[74.5247,8.3998],[74.525,8.4056],[74.5252,8.4101],[74.5265,8.4154],[74.526,8.422],[74.5237,8.4265],[74.525,8.4335],[74.5248,8.4375],[74.521,8.439],[74.517,8.4401],[74.5122,8.4378],[74.5091,8.4351],[74.5048,8.4334],[74.5011,8.4346],[74.4945,8.4341],[74.4895,8.4331],[74.4852,8.4294],[74.4812,8.428],[74.4759,8.4275],[74.4736,8.4241],[74.4754,8.4192],[74.4784,8.4148],[74.4774,8.4091],[74.4777,8.406],[74.4785,8.3994],[74.4752,8.3973],[74.47,8.3931],[74.4687,8.39],[74.4667,8.3851],[74.4658,8.3795],[74.4689,8.3741],[74.4712,8.3714],[74.4728,8.3647],[74.4734,8.3593],[74.4769,8.355],[74.4779,8.3509],[74.4798,8.3438],[74.4797,8.3406],[74.4798,8.3324],[74.4784,8.3304],[74.4723,8.3284],[74.4704,8.3239],[74.4675,8.3184],[74.4646,8.3168],[74.459,8.3126],[74.4561,8.311],[74.4507,8.3096],[74.4466,8.3082],[74.4411,8.3079],[74.4359,8.309],[74.4287,8.3077],[74.4261,8.3042],[74.4255,8.2974],[74.426,8.2922],[74.4285,8.2874],[74.4304,8.2839],[74.4362,8.2807],[74.4403,8.2827],[74.4442,8.2859],[74.4485,8.2869],[74.4552,8.2871],[74.4587,8.29],[74.4628,8.294],[74.4672,8.2953],[74.4727,8.2983],[74.4792,8.2986],[74.4845,8.2978],[74.4885,8.2978],[74.4952,8.2975],[74.4988,8.2974],[74.5027,8.2938],[74.5008,8.2893],[74.5003,8.2851],[74.5028,8.2823],[74.5058,8.2777],[74.5067,8.2742],[74.5104,8.2697],[74.5114,8.2655],[74.5066,8.2641],[74.5023,8.2633],[74.4957,8.2645],[74.4903,8.2655],[74.4847,8.2692],[74.4827,8.2724],[74.4763,8.2751],[74.4733,8.2765],[74.4669,8.281],[74.4642,8.2813],[74.4573,8.2835],[74.4552,8.2866],[74.4568,8.2936],[74.4585,8.2987],[74.463,8.3024],[74.4635,8.3052],[74.4606,8.3114],[74.4592,8.3164],[74.4595,8.3239],[74.4592,8.3283],[74.4582,8.336],[74.4565,8.3396],[74.4615,8.3436],[74.4648,8.3457],[74.4697,8.3482],[74.4727,8.3492],[74.4789,8.3514],[74.4825,8.3536],[74.4847,8.3595],[74.4821,8.3627],[74.479,8.3698],[74.4762,8.3748],[74.4787,8.3821],[74.4792,8.3876],[74.4741,8.3912],[74.4711,8.3936],[74.4722,8.4009],[74.471,8.4047],[74.4707,8.4102],[74.4742,8.4122],[74.4814,8.4156],[74.4849,8.4174],[74.4926,8.4169],[74.4954,8.4158],[74.5012,8.4116],[74.5069,8.412],[74.5149,8.4119],[74.5184,8.4111],[74.5237,8.4118],[74.5286,8.4111],[74.5313,8.4139],[74.5353,8.4169],[74.5417,8.42],[74.5459,8.4189],[74.5512,8.4206],[74.5561,8.42],[74.5605,8.4186],[74.5647,8.4154],[74.5718,8.4155],[74.5769,8.4151],[74.5841,8.4126],[74.5859,8.41],[74.592,8.4041],[74.5947,8.4019],[74.6004,8.4002],[74.6047,8.4007],[74.6111,8.4017],[74.6156,8.4018],[74.6215,8.4008],[74.6242,8.4011],[74.6291,8.3983],[74.6338,8.3969],[74.6404,8.3994],[74.6429,8.4004],[74.649,8.3984],[74.6495,8.3947],[74.6511,8.39],[74.6515,8.3856],[74.649,8.3793],[74.6498,8.3751],[74.6508,8.3675],[74.6509,8.3629],[74.648,8.3586],[74.6471,8.3534],[74.6426,8.3495],[74.6433,8.3467],[74.6474,8.3427],[74.6517,8.3418],[74.6568,8.3454],[74.6572,8.3507],[74.6526,8.3519],[74.6496,8.3524],[74.6462,8.3587],[74.6432,8.3634],[74.64,8.3691],[74.6383,8.3733],[74.6343,8.3775],[74.6312,8.3797],[74.6252,8.3801],[74.622,8.3774],[74.6161,8.3738],[74.6134,8.3716],[74.6079,8.369],[74.605,8.3674],[74.5976,8.3644],[74.5922,8.3634],[74.5922,8.3607],[74.5963,8.359],[74.597,8.3541],[74.5978,8.3505],[74.6003,8.3444],[74.6021,8.3403],[74.6027,8.3331],[74.603,8.3292],[74.6083,8.3258],[74.6124,8.3248],[74.6184,8.3218],[74.6194,8.3195],[74.6186,8.3151],[74.6177,8.3122],[74.6137,8.3106],[74.6098,8.3102],[74.6063,8.3072],[74.605,8.3038],[74.6015,8.3015],[74.5979,8.3044],[74.5953,8.3106],[74.5939,8.3156],[74.5929,8.3207],[74.5902,8.3247],[74.5857,8.3296],[74.5838,8.3324],[74.5813,8.338],[74.5781,8.3414],[74.5765,8.3466],[74.5737,8.3481],[74.5681,8.3471],[74.5652,8.3471],[74.5597,8.3507],[74.5557,8.3542],[74.5498,8.3573],[74.5465,8.3605],[74.5461,8.3659],[74.5503,8.3695],[74.5571,8.374],[74.5609,8.3751],[74.5625,8.3802],[74.5625,8.3836],[74.5656,8.3894],[74.5659,8.392],[74.5686,8.3974],[74.5699,8.4017],[74.5715,8.4087],[74.571,8.412],[74.5739,8.4181],[74.5751,8.4215],[74.5768,8.4271],[74.5775,8.4298],[74.5784,8.4362],[74.5799,8.4387],[74.5855,8.4412],[74.5872,8.4462],[74.5914,8.4515],[74.5948,8.4537],[74.6011,8.4547],[74.6041,8.4591],[74.6099,8.4608],[74.6134,8.4588],[74.6168,8.4534],[74.6202,8.4514],[74.6263,8.4466],[74.6298,8.4462],[74.6354,8.447],[74.6385,8.4489],[74.6461,8.4499],[74.65,8.4533],[74.6568,8.4533],[74.6611,8.4519],[74.667,8.4553],[74.6722,8.4577],[74.6747,8.462],[74.6799,8.4627],[74.6818,8.4571],[74.6847,8.4544],[74.6882,8.4535],[74.6918,8.4538],[74.6978,8.4516],[74.7021,8.4506],[74.7088,8.4497],[74.7122,8.4507],[74.7174,8.4461],[74.7202,8.4457],[74.7254,8.4477],[74.7262,8.4442],[74.7273,8.4372],[74.7288,8.4328],[74.7333,8.431],[74.7377,8.432],[74.7447,8.4285],[74.7466,8.4243],[74.7497,8.4195],[74.754,8.4165],[74.7591,8.4113],[74.7613,8.4087],[74.7651,8.4042],[74.7666,8.4001],[74.7702,8.3961],[74.7692,8.3917],[74.7616,8.3916],[74.7583,8.39],[74.7543,8.385],[74.7527,8.3828],[74.7508,8.3767],[74.7487,8.3714],[74.7465,8.3663],[74.7447,8.3635],[74.7406,8.3598],[74.7368,8.3588],[74.7336,8.3554],[74.7351,8.3527],[74.7389,8.3485],[74.7383,8.3439],[74.7396,8.3381],[74.7393,8.3334],[74.7324,8.3316],[74.7288,8.3277],[74.7234,8.3258],[74.7181,8.3255],[74.7131,8.3266],[74.7098,8.3236],[74.7066,8.3185],[74.7021,8.3145],[74.6966,8.3121],[74.692,8.3085],[74.6885,8.3039],[74.685,8.3005],[74.6838,8.2958],[74.6861,8.2917],[74.6898,8.2881],[74.6899,8.2837],[74.6902,8.2782],[74.6895,8.2749],[74.6895,8.2698],[74.6879,8.2658],[74.6865,8.2597],[74.6835,8.2582],[74.6799,8.257],[74.6789,8.2528],[74.6777,8.2486],[74.6748,8.2454],[74.6688,8.2411],[74.6659,8.2385],[74.662,8.2331],[74.6609,8.2295],[74.6596,8.224],[74.6614,8.2195],[74.658,8.2135],[74.6563,8.2095],[74.6561,8.2029],[74.6536,8.1977],[74.6568,8.1949],[74.6591,8.1986],[74.6594,8.2041],[74.6604,8.2068],[74.657,8.2127],[74.6531,8.2124],[74.6489,8.2121],[74.6438,8.2138],[74.6382,8.2167],[74.6355,8.2158],[74.6322,8.2082],[74.6324,8.2041],[74.6334,8.1972],[74.6346,8.1929],[74.6323,8.186],[74.6292,8.1815],[74.626,8.1753],[74.624,8.1709],[74.6212,8.1657],[74.6221,8.1613],[74.6241,8.1566],[74.6231,8.1528],[74.6204,8.147],[74.6179,8.144],[74.6151,8.1376],[74.6112,8.1352],[74.6053,8.132],[74.6015,8.1298],[74.5977,8.1262],[74.5932,8.124],[74.5896,8.1196],[74.5863,8.1177],[74.5822,8.1129],[74.5776,8.1109],[74.5719,8.1114],[74.5685,8.115],[74.5662,8.1192],[74.566,8.1214],[74.5664,8.1275],[74.5692,8.1311],[74.5725,8.1361],[74.5732,8.1393],[74.5725,8.147],[74.5729,8.1522],[74.575,8.1584],[74.5783,8.1612],[74.5812,8.1679],[74.58,8.1718],[74.5778,8.1777],[74.5792,8.1824],[74.5811,8.1867],[74.578,8.1878],[74.5719,8.186],[74.5665,8.1856],[74.5606,8.1855],[74.5565,8.1829],[74.5503,8.18],[74.5464,8.178],[74.5411,8.1757],[74.5418,8.1721],[74.5457,8.1666],[74.5494,8.1658],[74.5572,8.166],[74.5601,8.1687],[74.5661,8.1713],[74.5712,8.173],[74.5765,8.174],[74.5801,8.1715],[74.5849,8.168],[74.5898,8.1694],[74.5933,8.1702],[74.5975,8.1746],[74.6003,8.1763],[74.6034,8.1784],[74.6055,8.1827],[74.6085,8.1865],[74.6119,8.1929],[74.6152,8.1966],[74.6217,8.1943],[74.626,8.1935],[74.6299,8.1922],[74.6332,8.1934],[74.6371,8.198],[74.6421,8.1989],[74.6457,8.2026],[74.6487,8.2048],[74.6511,8.211],[74.6521,8.2151],[74.6579,8.2195],[74.6625,8.222],[74.6683,8.2246],[74.6696,8.2265],[74.6708,8.2316],[74.6718,8.2361],[74.6752,8.241],[74.6777,8.2447],[74.6844,8.2451],[74.6885,8.2441],[74.6939,8.2402],[74.6949,8.2359],[74.6932,8.23],[74.689,8.2281],[74.6848,8.2239],[74.6832,8.2204],[74.6771,8.218],[74.6735,8.2153],[74.6687,8.2114],[74.6643,8.2114],[74.6597,8.2152],[74.6566,8.217],[74.6498,8.2197],[74.6441,8.2189],[74.6365,8.2167],[74.6355,8.2134],[74.6341,8.2092],[74.6348,8.2064],[74.6407,8.2032],[74.6437,8.1993],[74.6463,8.1943],[74.6497,8.1921],[74.6505,8.1861],[74.6486,8.1849],[74.6429,8.1838],[74.6393,8.1859],[74.6371,8.1911],[74.6363,8.193],[74.6346,8.2009],[74.6351,8.2037],[74.6389,8.2101],[74.6425,8.2123],[74.6453,8.2157],[74.6476,8.2209],[74.6528,8.2215],[74.6564,8.2227],[74.6642,8.2251],[74.669,8.2237],[74.6761,8.2274],[74.677,8.2307],[74.6815,8.2335],[74.686,8.2366],[74.6927,8.2411],[74.6962,8.2421],[74.7021,8.2416],[74.7057,8.241],[74.7116,8.2406],[74.7147,8.2376],[74.7205,8.2404],[74.7244,8.2398],[74.7317,8.2407],[74.7328,8.2448],[74.7354,8.2505],[74.7373,8.256],[74.7409,8.2611],[74.7447,8.2647],[74.7467,8.2692],[74.7451,8.2711],[74.7398,8.2736],[74.7369,8.2745],[74.7313,8.2752],[74.7272,8.2768],[74.7208,8.2787],[74.7178,8.2812],[74.7123,8.2849],[74.7093,8.2878],[74.7069,8.2919],[74.7026,8.2913],[74.6982,8.2851],[74.6926,8.2846],[74.6882,8.2885],[74.6832,8.2901],[74.6777,8.2879],[74.6744,8.2841],[74.6706,8.281],[74.6668,8.2786],[74.6641,8.2749],[74.662,8.2716],[74.6572,8.267],[74.6554,8.2645],[74.6586,8.2582],[74.6569,8.2533],[74.6519,8.2502],[74.6508,8.2459],[74.6456,8.2416],[74.6406,8.2419],[74.6329,8.2445],[74.6284,8.2441],[74.6215,8.2438],[74.6189,8.2448],[74.617,8.2506],[74.6159,8.2558],[74.6197,8.2593],[74.6242,8.2613],[74.6293,8.2667],[74.6284,8.2708],[74.6349,8.2726],[74.6386,8.2732],[74.6423,8.2757],[74.6437,8.2805],[74.6485,8.2846],[74.6508,8.2863],[74.657,8.2885],[74.6604,8.2881],[74.6636,8.2835],[74.6661,8.2794],[74.6718,8.2768],[74.6764,8.2754],[74.6804,8.2691],[74.6789,8.2653],[74.6728,8.2633],[74.6697,8.2647],[74.6636,8.2672],[74.66,8.2666],[74.6558,8.2621],[74.6531,8.2623],[74.6468,8.261],[74.6424,8.2623],[74.6361,8.2639],[74.6324,8.2633],[74.6263,8.2611],[74.6217,8.2597],[74.6154,8.2579],[74.6106,8.2573],[74.6075,8.2542],[74.6041,8.2506],[74.6005,8.2449],[74.5967,8.2435],[74.5918,8.2421],[74.5877,8.2423],[74.5812,8.2438],[74.5769,8.2406],[74.5715,8.2406],[74.5682,8.2431],[74.5648,8.2472],[74.5661,8.251],[74.567,8.2554],[74.5702,8.2587],[74.575,8.2626],[74.5758,8.2662],[74.5797,8.2733],[74.5824,8.2761],[74.5834,8.2837],[74.5828,8.2883],[74.5806,8.2927],[74.5772,8.2941],[74.572,8.2985],[74.5694,8.3015],[74.5645,8.3072],[74.5626,8.3113],[74.5592,8.3167],[74.5581,8.3212],[74.5545,8.3291],[74.554,8.3331],[74.5526,8.3412],[74.553,8.3448],[74.5547,8.3515],[74.5578,8.3559],[74.5602,8.3625],[74.5612,8.3674],[74.5608,8.3721],[74.5594,8.3758],[74.5618,8.3814],[74.5651,8.3834],[74.5703,8.3851],[74.5729,8.3891],[74.5725,8.3962],[74.5691,8.3995],[74.5633,8.4001],[74.5595,8.3984],[74.5587,8.3925],[74.5615,8.3889],[74.5612,8.3822],[74.5604,8.3782],[74.556,8.3731],[74.5521,8.3723],[74.5473,8.3689],[74.5438,8.3696],[74.5383,8.367],[74.534,8.3665],[74.5291,8.3696],[74.5265,8.3729],[74.5236,8.3772],[74.5205,8.3812],[74.5173,8.386],[74.5152,8.3895],[74.5135,8.3956],[74.5164,8.3985],[74.5194,8.4047],[74.522,8.4074],[74.5264,8.4094],[74.5308,8.411],[74.5349,8.41],[74.5393,8.4101],[74.5424,8.4054],[74.5449,8.4023],[74.5514,8.3983],[74.5556,8.3963],[74.5609,8.3938],[74.5654,8.3923],[74.5709,8.3905],[74.5755,8.3884],[74.5806,8.3886],[74.5835,8.3915],[74.5869,8.3958],[74.5887,8.4004],[74.5931,8.4051],[74.598,8.4074],[74.6028,8.4082],[74.6032,8.4058],[74.6055,8.3998],[74.6074,8.3952],[74.6015,8.3914],[74.5986,8.3875],[74.6018,8.3846],[74.6038,8.382],[74.6091,8.3785],[74.6118,8.3776],[74.6184,8.3775],[74.6223,8.3763],[74.6236,8.37],[74.6204,8.3674],[74.6146,8.3689],[74.6109,8.3708],[74.6025,8.3742],[74.598,8.3728],[74.5906,8.3703],[74.5869,8.3723],[74.5821,8.3776]]},"properties":{"mmsi":998022935,"name":"SYN-FSH-02","role":"background","vessel_type":30,"synthetic":true,"t_offset_s":[-259200,-258960,-258600,-258360,-258000,-257760,-257400,-257160,-256800,-256560,-256200,-255960,-255600,-255360,-255000,-254760,-254400,-254160,-253800,-253560,-253200,-252960,-252600,-252360,-252000,-251760,-251400,-251160,-250800,-250560,-250200,-249960,-249600,-249360,-249000,-248760,-248400,-248160,-247800,-247560,-247200,-246960,-246600,-246360,-246000,-245760,-245400,-245160,-244800,-244560,-244200,-243960,-243600,-243360,-243000,-242760,-242400,-242160,-241800,-241560,-241200,-240960,-240600,-240360,-240000,-239760,-239400,-239160,-238800,-238560,-238200,-237960,-237600,-237360,-237000,-236760,-236400,-236160,-235800,-235560,-235200,-234960,-234600,-234360,-234000,-233760,-233400,-233160,-232800,-232560,-232200,-231960,-231600,-231360,-231000,-230760,-230400,-230160,-229800,-229560,-229200,-228960,-228600,-228360,-228000,-227760,-227400,-227160,-226800,-226560,-226200,-225960,-225600,-225360,-225000,-224760,-224400,-224160,-223800,-223560,-223200,-222960,-222600,-222360,-222000,-221760,-221400,-221160,-220800,-220560,-220200,-219960,-219600,-219360,-219000,-218760,-218400,-218160,-217800,-217560,-217200,-216960,-216600,-216360,-216000,-215760,-215400,-215160,-214800,-214560,-214200,-213960,-213600,-213360,-213000,-212760,-212400,-212160,-211800,-211560,-211200,-210960,-210600,-210360,-210000,-209760,-209400,-209160,-208800,-208560,-208200,-207960,-207600,-207360,-207000,-206760,-206400,-206160,-205800,-205560,-205200,-204960,-204600,-204360,-204000,-203760,-203400,-203160,-202800,-202560,-202200,-201960,-201600,-201360,-201000,-200760,-200400,-200160,-199800,-199560,-199200,-198960,-198600,-198360,-198000,-197760,-197400,-197160,-196800,-196560,-196200,-195960,-195600,-195360,-195000,-194760,-194400,-194160,-193800,-193560,-193200,-192960,-192600,-192360,-192000,-191760,-191400,-191160,-190800,-190560,-190200,-189960,-189600,-189360,-189000,-188760,-188400,-188160,-187800,-187560,-187200,-186960,-186600,-186360,-186000,-185760,-185400,-185160,-184800,-184560,-184200,-183960,-183600,-183360,-183000,-182760,-182400,-182160,-181800,-181560,-181200,-180960,-180600,-180360,-180000,-179760,-179400,-179160,-178800,-178560,-178200,-177960,-177600,-177360,-177000,-176760,-176400,-176160,-175800,-175560,-175200,-174960,-174600,-174360,-174000,-173760,-173400,-173160,-172800,-172560,-172200,-171960,-171600,-171360,-171000,-170760,-170400,-170160,-169800,-169560,-169200,-168960,-168600,-168360,-168000,-167760,-167400,-167160,-166800,-166560,-166200,-165960,-165600,-165360,-165000,-164760,-164400,-164160,-163800,-163560,-163200,-162960,-162600,-162360,-162000,-161760,-161400,-161160,-160800,-160560,-160200,-159960,-159600,-159360,-159000,-158760,-158400,-158160,-157800,-157560,-157200,-156960,-156600,-156360,-156000,-155760,-155400,-155160,-154800,-154560,-154200,-153960,-153600,-153360,-153000,-152760,-152400,-152160,-151800,-151560,-151200,-150960,-150600,-150360,-150000,-149760,-149400,-149160,-148800,-148560,-148200,-147960,-147600,-147360,-147000,-146760,-146400,-146160,-145800,-145560,-145200,-144960,-144600,-144360,-144000,-143760,-143400,-143160,-142800,-142560,-142200,-141960,-141600,-141360,-141000,-140760,-140400,-140160,-139800,-139560,-139200,-138960,-138600,-138360,-138000,-137760,-137400,-137160,-136800,-136560,-136200,-135960,-135600,-135360,-135000,-134760,-134400,-134160,-133800,-133560,-133200,-132960,-132600,-132360,-132000,-131760,-131400,-131160,-130800,-130560,-130200,-129960,-129600,-129360,-129000,-128760,-128400,-128160,-127800,-127560,-127200,-126960,-126600,-126360,-126000,-125760,-125400,-125160,-124800,-124560,-124200,-123960,-123600,-123360,-123000,-122760,-122400,-122160,-121800,-121560,-121200,-120960,-120600,-120360,-120000,-119760,-119400,-119160,-118800,-118560,-118200,-117960,-117600,-117360,-117000,-116760,-116400,-116160,-115800,-115560,-115200,-114960,-114600,-114360,-114000,-113760,-113400,-113160,-112800,-112560,-112200,-111960,-111600,-111360,-111000,-110760,-110400,-110160,-109800,-109560,-109200,-108960,-108600,-108360,-108000,-107760,-107400,-107160,-106800,-106560,-106200,-105960,-105600,-105360,-105000,-104760,-104400,-104160,-103800,-103560,-103200,-102960,-102600,-102360,-102000,-101760,-101400,-101160,-100800,-100560,-100200,-99960,-99600,-99360,-99000,-98760,-98400,-98160,-97800,-97560,-97200,-96960,-96600,-96360,-96000,-95760,-95400,-95160,-94800,-94560,-94200,-93960,-93600,-93360,-93000,-92760,-92400,-92160,-91800,-91560,-91200,-90960,-90600,-90360,-90000,-89760,-89400,-89160,-88800,-88560,-88200,-87960,-87600,-87360,-87000,-86760,-86400,-86160,-85800,-85560,-85200,-84960,-84600,-84360,-84000,-83760,-83400,-83160,-82800,-82560,-82200,-81960,-81600,-81360,-81000,-80760,-80400,-80160,-79800,-79560,-79200,-78960,-78600,-78360,-78000,-77760,-77400,-77160,-76800,-76560,-76200,-75960,-75600,-75360,-75000,-74760,-74400,-74160,-73800,-73560,-73200,-72960,-72600,-72360,-72000,-71760,-71400,-71160,-70800,-70560,-70200,-69960,-69600,-69360,-69000,-68760,-68400,-68160,-67800,-67560,-67200,-66960,-66600,-66360,-66000,-65760,-65400,-65160,-64800,-64560,-64200,-63960,-63600,-63360,-63000,-62760,-62400,-62160,-61800,-61560,-61200,-60960,-60600,-60360,-60000,-59760,-59400,-59160,-58800,-58560,-58200,-57960,-57600,-57360,-57000,-56760,-56400,-56160,-55800,-55560,-55200,-54960,-54600,-54360,-54000,-53760,-53400,-53160,-52800,-52560,-52200,-51960,-51600,-51360,-51000,-50760,-50400,-50160,-49800,-49560,-49200,-48960,-48600,-48360,-48000,-47760,-47400,-47160,-46800,-46560,-46200,-45960,-45600,-45360,-45000,-44760,-44400,-44160,-43800,-43560,-43200,-42960,-42600,-42360,-42000,-41760,-41400,-41160,-40800,-40560,-40200,-39960,-39600,-39360,-39000,-38760,-38400,-38160,-37800,-37560,-37200,-36960,-36600,-36360,-36000,-35760,-35400,-35160,-34800,-34560,-34200,-33960,-33600,-33360,-33000,-32760,-32400,-32160,-31800,-31560,-31200,-30960,-30600,-30360,-30000,-29760,-29400,-29160,-28800,-28560,-28200,-27960,-27600,-27360,-27000,-26760,-26400,-26160,-25800,-25560,-25200,-24960,-24600,-24360,-24000,-23760,-23400,-23160,-22800,-22560,-22200,-21960,-21600,-21360,-21000,-20760,-20400,-20160,-19800,-19560,-19200,-18960,-18600,-18360,-18000,-17760,-17400,-17160,-16800,-16560,-16200,-15960,-15600,-15360,-15000,-14760,-14400,-14160,-13800,-13560,-13200,-12960,-12600,-12360,-12000,-11760,-11400,-11160,-10800,-10560,-10200,-9960,-9600,-9360,-9000,-8760,-8400,-8160,-7800,-7560,-7200,-6960,-6600,-6360,-6000,-5760,-5400,-5160,-4800,-4560,-4200,-3960,-3600,-3360,-3000,-2760,-2400,-2160,-1800,-1560,-1200,-960,-600,-360,0,240,600,840,1200,1440,1800,2040,2400,2640,3000,3240,3600,3840,4200,4440,4800,5040,5400,5640,6000,6240,6600,6840,7200,7440,7800,8040,8400,8640,9000,9240,9600,9840,10200,10440,10800,11040,11400,11640,12000,12240,12600,12840,13200,13440,13800,14040,14400,14640,15000,15240,15600,15840,16200,16440,16800,17040,17400,17640,18000,18240,18600,18840,19200,19440,19800,20040,20400,20640,21000,21240,21600,21840,22200,22440,22800,23040,23400,23640,24000,24240,24600,24840,25200,25440,25800,26040,26400,26640,27000,27240,27600,27840,28200,28440,28800,29040,29400,29640,30000,30240,30600,30840,31200,31440,31800,32040,32400,32640,33000,33240,33600,33840,34200,34440,34800,35040,35400,35640,36000,36240,36600,36840,37200,37440,37800,38040,38400,38640,39000,39240,39600,39840,40200,40440,40800,41040,41400,41640,42000,42240,42600,42840,43200,43440,43800,44040,44400,44640,45000,45240,45600,45840,46200,46440,46800,47040,47400,47640,48000,48240,48600,48840,49200,49440,49800,50040,50400,50640,51000,51240,51600,51840,52200,52440,52800,53040,53400,53640,54000,54240,54600,54840,55200,55440,55800,56040,56400,56640,57000,57240,57600,57840,58200,58440,58800,59040,59400,59640,60000,60240,60600,60840,61200,61440,61800,62040,62400,62640,63000,63240,63600,63840,64200,64440,64800,65040,65400,65640,66000,66240,66600,66840,67200,67440,67800,68040,68400,68640,69000,69240,69600,69840,70200,70440,70800,71040,71400,71640,72000,72240,72600,72840,73200,73440,73800,74040,74400,74640,75000,75240,75600,75840,76200,76440,76800,77040,77400,77640,78000,78240,78600,78840,79200,79440,79800,80040,80400,80640,81000,81240,81600,81840,82200,82440,82800,83040,83400,83640,84000,84240,84600,84840,85200,85440,85800,86040,86400],"sog":[4.6,5.7,3.4,3.6,3.7,4.6,5.5,3.8,4.9,2.8,2.1,4.0,3.1,3.1,3.7,5.8,4.0,3.8,3.8,2.3,3.2,3.4,3.5,4.6,4.0,2.6,5.2,3.2,4.3,4.4,3.7,3.9,4.2,4.5,4.7,3.4,1.7,4.4,5.0,3.4,4.7,4.3,3.9,4.1,4.2,3.2,4.4,2.2,3.7,3.8,4.0,4.0,4.7,3.1,3.9,5.1,4.2,5.1,4.4,3.5,5.0,3.8,3.2,3.2,2.6,2.2,3.2,3.8,2.5,4.8,4.2,3.6,3.8,3.7,3.1,4.0,3.6,4.4,3.9,3.9,3.2,3.5,3.2,3.0,4.2,3.6,3.9,4.1,3.7,4.3,2.4,3.8,2.3,4.6,4.9,4.6,4.2,4.6,3.1,3.7,4.8,5.3,4.1,3.7,4.6,3.6,3.8,5.1,4.7,4.7,3.6,3.5,4.2,3.2,4.7,3.3,5.9,4.3,4.1,5.3,2.2,3.6,4.5,4.0,4.7,3.0,3.3,4.1,3.6,3.1,4.2,1.7,2.8,6.7,3.1,5.1,5.0,4.0,4.1,4.6,3.5,1.8,4.5,4.0,5.3,5.0,3.5,5.0,5.0,2.9,3.2,4.4,3.5,3.0,3.2,3.1,4.0,1.1,4.6,2.7,4.4,3.9,3.4,2.1,3.7,5.5,1.1,3.5,5.1,3.7,3.0,5.1,3.3,5.5,4.2,4.2,2.4,2.4,3.5,3.0,3.7,4.0,5.2,3.7,7.0,3.4,4.5,5.5,5.2,3.4,4.0,3.5,4.3,1.6,3.7,4.3,4.4,4.1,3.7,5.0,1.6,5.1,4.6,4.1,3.0,4.1,4.5,4.1,4.3,3.1,5.1,3.0,3.3,4.6,2.2,2.3,3.1,4.1,5.1,3.7,2.1,4.8,4.1,5.2,3.6,4.4,3.6,4.0,4.2,3.6,3.1,4.1,2.6,2.5,5.6,0.8,4.4,4.6,3.8,4.0,3.9,2.6,3.2,3.3,4.3,4.0,2.8,2.3,4.7,3.6,3.0,2.3,2.3,3.8,2.8,2.5,2.7,3.8,2.6,6.3,4.2,2.8,2.4,3.8,6.0,3.0,5.2,3.6,3.3,2.5,3.5,3.5,5.5,3.4,1.2,3.8,5.4,3.7,3.5,1.9,3.9,6.2,3.7,4.5,3.4,1.6,3.1,3.6,3.2,4.8,4.7,4.6,4.5,4.3,4.0,3.9,3.8,4.3,4.5,4.8,2.2,2.0,3.2,4.5,4.6,2.3,3.9,5.0,1.7,4.2,2.8,4.5,3.3,2.6,4.6,2.6,3.9,3.1,4.5,4.2,3.5,3.5,4.3,4.2,3.9,3.2,3.1,1.8,5.2,2.6,5.3,5.0,3.8,2.9,2.9,4.2,4.7,3.8,2.3,3.2,4.3,1.5,4.8,5.0,3.5,2.2,4.9,3.0,2.8,5.5,6.8,2.8,4.4,3.8,4.5,4.2,3.0,5.0,4.2,3.9,3.8,4.3,4.3,2.7,3.5,4.4,2.9,3.7,3.9,3.0,3.5,4.4,4.5,5.1,2.3,3.3,3.5,3.4,4.3,4.9,4.8,3.7,3.6,3.0,2.1,5.1,4.5,4.1,3.0,4.3,5.5,4.8,3.2,5.7,4.8,3.5,2.4,2.6,3.2,2.6,3.4,3.8,4.2,4.4,3.2,4.7,6.1,3.5,3.5,2.4,4.9,3.3,2.5,3.5,3.9,3.0,2.5,3.7,3.6,3.6,5.6,4.5,3.5,3.0,2.6,3.1,4.4,4.1,2.8,3.6,4.6,4.6,3.5,2.7,3.7,3.7,2.2,1.5,3.4,3.3,4.4,4.7,3.4,4.7,4.4,5.4,1.2,4.1,5.4,2.6,2.5,2.0,3.6,5.9,3.3,6.2,3.0,3.6,4.2,2.6,3.3,4.4,3.4,3.2,2.7,5.0,4.3,4.0,3.8,3.3,3.5,2.7,3.7,4.4,2.6,2.1,5.7,3.5,3.0,4.7,3.0,3.8,4.5,3.9,5.3,3.6,3.7,4.2,3.3,6.0,2.9,3.7,5.9,4.9,4.7,3.4,3.9,4.5,3.3,3.8,3.3,4.5,5.9,3.7,2.6,4.4,3.9,4.0,3.1,4.5,2.9,3.9,4.3,3.1,2.8,3.0,3.1,6.3,3.1,2.9,3.9,4.3,2.6,4.8,4.0,3.1,5.0,2.6,2.7,5.3,3.4,3.4,4.8,4.0,2.7,3.8,3.7,4.6,3.8,3.9,4.0,4.1,3.4,3.0,3.8,3.0,3.5,4.6,3.3,5.7,2.6,4.9,4.0,6.3,3.2,3.0,5.0,4.1,3.7,4.7,2.1,3.8,4.8,3.8,4.9,4.2,3.9,4.8,3.4,3.6,3.2,2.3,4.0,3.2,4.3,3.0,5.0,2.7,4.1,3.9,3.0,2.8,4.6,4.9,4.3,3.4,4.7,3.1,4.1,3.3,4.9,3.4,5.0,3.9,4.7,3.3,5.4,4.3,5.8,4.6,4.1,3.0,5.1,4.4,2.9,2.5,4.0,3.5,4.4,2.8,3.7,4.7,6.0,2.7,2.7,4.5,1.3,4.4,4.7,3.6,3.2,4.6,3.7,5.0,5.3,5.0,4.6,4.2,4.9,4.5,3.8,3.4,3.5,3.6,3.3,2.8,4.8,5.1,3.7,2.9,4.7,3.7,4.6,3.8,4.1,4.6,5.6,4.3,4.1,6.3,4.4,3.6,2.8,3.6,4.0,5.3,3.0,3.3,5.3,5.6,5.4,4.0,2.1,3.4,4.7,4.8,4.5,4.1,4.6,3.2,4.6,4.6,3.8,2.1,3.3,4.7,2.8,3.3,4.5,3.3,6.3,4.0,2.3,0.6,3.1,3.8,2.9,4.1,2.5,2.4,1.2,3.8,3.3,5.4,2.9,4.2,2.5,1.3,3.7,3.7,3.8,2.9,4.9,3.6,4.4,5.0,6.4,3.3,2.2,5.1,4.4,4.0,2.5,3.4,3.8,2.9,2.2,3.3,4.0,3.3,2.9,3.0,3.5,3.1,4.6,3.6,2.4,5.6,4.9,3.5,2.9,3.9,3.1,3.1,4.1,2.9,4.9,2.5,4.4,3.6,4.9,3.8,5.3,4.6,4.3,2.9,4.0,5.7,3.7,4.8,2.7,3.3,3.9,4.9,3.3,3.6,4.5,2.3,4.0,3.9,3.6,4.6,2.0,4.0,3.4,3.6,2.5,3.7,4.4,3.7,2.1,4.5,3.6,4.9,4.1,2.7,3.5,1.0,4.4,5.2,3.1,2.8,1.8,3.4,2.6,3.6,2.4,4.3,2.3,4.5,3.9,4.5,2.6,4.2,3.2,4.4,3.8,4.8,4.4,4.3,4.5,4.8,3.7,2.0,4.4,4.2,3.0,3.3,3.6,3.1,3.9,4.4,3.0,3.0,4.1,3.2,5.2,3.3,5.7,2.7,4.1,3.8,4.8,3.2,3.1,4.9,4.7,4.6,3.7,2.4,3.1,3.2,2.2,3.7,4.6,2.7,5.0,3.2,4.8,4.3,6.3,5.4,3.2,4.7,4.4,4.5,3.7,3.1,4.4,3.3,4.1,3.0,4.8,3.9,3.3,4.0,3.3,5.9,5.1,3.8,3.9,4.2,3.5,2.0,4.8,3.7,4.2,2.2,4.2,4.6,4.0,4.4,3.8,3.3,4.8,5.3,3.8,2.1,5.6,5.0,4.4,3.8,3.6,4.3,3.3,2.9,4.1,3.8,5.1,3.8,7.3,4.6,2.9,3.2,3.2,4.7,1.2,3.1,3.2,3.0,2.8,4.8,6.2,3.5,3.9,3.5,3.1,3.4,3.1,5.3,4.1,4.6,3.4,4.2,3.5,5.3,3.8,1.3,4.2,2.9,4.7,4.3,4.2,3.3,4.8,2.9,5.4,4.1,3.1,3.7,4.3,3.3,4.8,3.0,3.6,3.1,2.9,5.3,5.0,4.0,3.1,3.0,4.2,4.0,3.1,2.6,4.5,1.2,4.6,4.3,4.5,1.7,6.4,3.8,4.7,3.5,1.9,4.8,2.1,3.7,6.9,3.7,3.6,2.2,4.4,6.3,3.8,3.4,3.2,2.9,4.6,3.8,3.8,3.5,3.8,4.4,4.9,5.5,3.1,5.4,2.4,2.5,4.2,2.0,3.5,4.7,4.5,3.9,5.7,4.1,2.5,5.0,5.1,4.5,3.8,5.3,2.4,4.5,2.6,2.7,2.1,4.3,2.9,2.0,4.9,7.1,3.5,3.6,4.5,4.5,4.6,3.8,3.9,2.9,4.0,5.3,3.7,4.2,4.3,2.6,4.9,4.7,2.7,4.0,4.5,3.8,4.6,2.2,4.0,3.6,3.3,3.5,4.9,4.5,3.3,3.7,5.1,3.5,4.1,2.9,3.0,4.8,4.3,3.1,2.6,4.1,5.2,4.5,2.8,5.5,4.7,4.3,3.6,4.1,5.1,4.7,3.6,3.3,3.0,3.9,2.2,2.8,4.5,4.5,4.6,3.5,4.9,3.7,3.5,3.6,4.5,2.5,5.6,4.3,5.7,4.1,6.6,4.4,4.6,2.0,2.4,5.0,4.1,4.8,3.0,4.0,3.6,4.1,3.2,4.2,4.5,4.9,3.7,3.5,3.5,4.2,4.3,3.4,3.2,3.4,4.1,2.5,4.9,4.5,4.1,3.3,3.2,4.8,2.8,3.3,3.0,4.2,3.9,3.2,3.0,4.7,2.2,3.5,2.6,3.5,4.4,5.4,3.2,5.5,2.0,3.9,4.6,2.4,2.5,4.4,3.5,4.7,3.7,1.0,3.3,4.4,3.5,3.8,4.5,2.4,3.8,2.1,3.7,3.7,2.9,3.1,3.0,2.8,6.2,4.1,4.4,4.4,4.1]}},{"type":"Feature","geometry":{"type":"LineString","coordinates":[[75.3841,7.6537],[75.3874,7.6555],[75.3922,7.6591],[75.3965,7.6609],[75.403,7.6626],[75.406,7.6665],[75.4085,7.6719],[75.4097,7.676],[75.4141,7.6806],[75.4133,7.6841],[75.4114,7.6889],[75.4121,7.6923],[75.4156,7.6972],[75.4153,7.7018],[75.4204,7.708],[75.4225,7.71],[75.426,7.7149],[75.4246,7.7193],[75.4254,7.7237],[75.4275,7.7274],[75.4254,7.7345],[75.4297,7.7372],[75.4321,7.7434],[75.4333,7.7468],[75.4302,7.7488],[75.4269,7.7474],[75.4255,7.7401],[75.4259,7.7357],[75.4299,7.7314],[75.4319,7.7285],[75.4371,7.7238],[75.4402,7.7209],[75.4433,7.7171],[75.447,7.7139],[75.4519,7.7132],[75.454,7.7113],[75.4567,7.7068],[75.4537,7.7031],[75.4483,7.6977],[75.4439,7.6978],[75.4407,7.6959],[75.4391,7.6923],[75.4347,7.6923],[75.4304,7.6919],[75.426,7.6918],[75.4245,7.6968],[75.4227,7.7016],[75.422,7.7058],[75.4244,7.7109],[75.4257,7.714],[75.43,7.7156],[75.4346,7.7149],[75.437,7.713],[75.4347,7.7101],[75.4364,7.7041],[75.4359,7.7005],[75.4396,7.6966],[75.4416,7.6943],[75.4455,7.6918],[75.4495,7.6929],[75.4548,7.6922],[75.4581,7.6922],[75.4634,7.6945],[75.4677,7.695],[75.4697,7.7022],[75.4733,7.7015],[75.479,7.7012],[75.4821,7.7027],[75.4883,7.7057],[75.4892,7.7094],[75.4852,7.7132],[75.4807,7.7156],[75.4763,7.7116],[75.4733,7.7084],[75.4682,7.7034],[75.4681,7.6998],[75.4667,7.6945],[75.4639,7.693],[75.4593,7.6907],[75.4567,7.6883],[75.4512,7.6894],[75.4482,7.6905],[75.4418,7.693],[75.4379,7.6924],[75.4316,7.6914],[75.4283,7.6941],[75.4254,7.7001],[75.4238,7.7022],[75.42,7.7061],[75.4167,7.7053],[75.4095,7.7046],[75.4058,7.704],[75.4044,7.6975],[75.4042,7.6946],[75.4008,7.6918],[75.398,7.6896],[75.3915,7.6856],[75.3875,7.6834],[75.3832,7.6794],[75.3822,7.6753],[75.3801,7.6679],[75.3781,7.6648],[75.3744,7.6587],[75.371,7.6563],[75.3677,7.6591],[75.3676,7.6641],[75.37,7.6662],[75.3711,7.6699],[75.3729,7.6758],[75.3756,7.6786],[75.3763,7.6845],[75.3736,7.6877],[75.367,7.6858],[75.3639,7.6875],[75.3618,7.6923],[75.3584,7.6937],[75.3541,7.6949],[75.355,7.6985],[75.3602,7.6998],[75.3628,7.6998],[75.3696,7.6978],[75.3743,7.6994],[75.3787,7.6995],[75.3835,7.6989],[75.3852,7.7037],[75.3819,7.7069],[75.3767,7.709],[75.3724,7.71],[75.3648,7.7114],[75.3598,7.7126],[75.3546,7.7123],[75.3526,7.7121],[75.3473,7.7103],[75.3451,7.7079],[75.3397,7.703],[75.3372,7.7025],[75.33,7.702],[75.326,7.7018],[75.3204,7.7008],[75.3172,7.7021],[75.3134,7.7079],[75.3111,7.713],[75.3102,7.7175],[75.3114,7.7207],[75.3086,7.7269],[75.3056,7.7293],[75.2994,7.7277],[75.2972,7.7257],[75.2961,7.7194],[75.2969,7.716],[75.2946,7.7113],[75.2926,7.7081],[75.2921,7.7017],[75.2925,7.6981],[75.2909,7.6931],[75.2899,7.691],[75.2873,7.6848],[75.285,7.6818],[75.2801,7.682],[75.2783,7.6852],[75.2756,7.6901],[75.2723,7.6925],[75.266,7.6952],[75.2637,7.697],[75.2632,7.7023],[75.2639,7.7065],[75.2605,7.7093],[75.2578,7.7109],[75.2539,7.7145],[75.2507,7.7165],[75.2452,7.7152],[75.2446,7.7106],[75.2491,7.7086],[75.2538,7.7076],[75.2571,7.7028],[75.2588,7.6987],[75.2626,7.6948],[75.2662,7.6916],[75.2679,7.6954],[75.2687,7.6986],[75.2723,7.7052],[75.2695,7.7064],[75.2661,7.7091],[75.2618,7.7098],[75.2553,7.7068],[75.2502,7.706],[75.2455,7.7044],[75.2423,7.7029],[75.2354,7.7014],[75.2326,7.6984],[75.2296,7.6927],[75.2252,7.6904],[75.2191,7.6945],[75.2175,7.6972],[75.2206,7.701],[75.2241,7.7033],[75.2284,7.7013],[75.2321,7.6973],[75.2395,7.6992],[75.2416,7.7001],[75.2474,7.7023],[75.2533,7.7034],[75.2601,7.7034],[75.2631,7.6996],[75.2623,7.6929],[75.2583,7.6939],[75.2561,7.6988],[75.2528,7.7012],[75.2479,7.701],[75.2459,7.7055],[75.2475,7.7117],[75.2474,7.7148],[75.2501,7.7204],[75.2502,7.7254],[75.2496,7.7314],[75.2473,7.735],[75.2449,7.7382],[75.2424,7.7397],[75.2349,7.7426],[75.234,7.7448],[75.2362,7.7519],[75.2391,7.7553],[75.2402,7.7627],[75.2398,7.766],[75.2436,7.7705],[75.2438,7.7745],[75.2437,7.7802],[75.2425,7.7847],[75.2418,7.7891],[75.2452,7.7902],[75.2527,7.7902],[75.2576,7.7906],[75.2621,7.7889],[75.266,7.7913],[75.2681,7.7949],[75.2714,7.7962],[75.2736,7.8006],[75.2714,7.8033],[75.2665,7.8076],[75.2667,7.8112],[75.2645,7.8167],[75.2641,7.8203],[75.2659,7.826],[75.2666,7.8301],[75.2683,7.8343],[75.2694,7.8378],[75.2718,7.8445],[75.2734,7.8464],[75.274,7.8528],[75.2759,7.8555],[75.2747,7.8621],[75.2738,7.8669],[75.2752,7.8722],[75.2751,7.877],[75.2764,7.8817],[75.2796,7.8844],[75.2847,7.8863],[75.287,7.8871],[75.2895,7.8819],[75.2926,7.8793],[75.2991,7.8764],[75.3015,7.8741],[75.3065,7.8708],[75.3094,7.8688],[75.3138,7.8705],[75.3184,7.8741],[75.3237,7.8756],[75.3285,7.8765],[75.3358,7.8754],[75.3385,7.8722],[75.343,7.8667],[75.3438,7.8632],[75.3406,7.8578],[75.3407,7.8533],[75.3448,7.8478],[75.3475,7.8455],[75.3517,7.8426],[75.354,7.8399],[75.3561,7.8346],[75.3576,7.8311],[75.3566,7.8243],[75.3564,7.8193],[75.3593,7.815],[75.3621,7.8123],[75.3656,7.8077],[75.3691,7.8079],[75.376,7.8086],[75.3796,7.8086],[75.3841,7.805],[75.3879,7.8039],[75.3883,7.7991],[75.385,7.7969],[75.3806,7.7907],[75.3789,7.7868],[75.373,7.7837],[75.3707,7.7801],[75.3691,7.7753],[75.3679,7.7719],[75.3627,7.7654],[75.3612,7.7609],[75.3578,7.757],[75.3547,7.7568],[75.3484,7.7554],[75.3453,7.7591],[75.345,7.7625],[75.347,7.7655],[75.3515,7.7697],[75.3551,7.77],[75.36,7.7663],[75.3639,7.7638],[75.3704,7.7651],[75.3743,7.7644],[75.3801,7.7621],[75.3819,7.7591],[75.3879,7.7562],[75.3914,7.7563],[75.3992,7.7574],[75.4036,7.7563],[75.4069,7.7602],[75.4045,7.7627],[75.4073,7.769],[75.41,7.7731],[75.4125,7.7798],[75.4154,7.7807],[75.4212,7.7838],[75.4246,7.7866],[75.4248,7.7927],[75.4218,7.7957],[75.4176,7.8011],[75.4161,7.8041],[75.41,7.806],[75.406,7.8063],[75.4022,7.8089],[75.3973,7.809],[75.3983,7.8141],[75.3988,7.8191],[75.4003,7.8259],[75.399,7.8287],[75.4001,7.8349],[75.4017,7.8389],[75.3971,7.8422],[75.3927,7.8436],[75.3875,7.8482],[75.3843,7.8494],[75.3808,7.8544],[75.3807,7.859],[75.3854,7.8632],[75.3895,7.8613],[75.3958,7.8617],[75.4004,7.863],[75.4024,7.8673],[75.401,7.8712],[75.4002,7.8772],[75.4033,7.8818],[75.4045,7.8863],[75.4032,7.8887],[75.399,7.8923],[75.3977,7.8974],[75.3989,7.9036],[75.3967,7.9066],[75.3948,7.913],[75.396,7.915],[75.4011,7.9115],[75.4036,7.9089],[75.408,7.9056],[75.4119,7.9034],[75.4191,7.9036],[75.4217,7.9023],[75.427,7.8998],[75.4309,7.9013],[75.4344,7.9045],[75.4333,7.908],[75.433,7.9129],[75.436,7.9179],[75.4406,7.9221],[75.4436,7.9207],[75.4494,7.9168],[75.4508,7.913],[75.4486,7.9087],[75.4458,7.9075],[75.4481,7.9024],[75.4531,7.9],[75.4582,7.8947],[75.4628,7.8948],[75.466,7.8909],[75.4689,7.8901],[75.4753,7.887],[75.4802,7.8865],[75.4856,7.8858],[75.4894,7.8843],[75.493,7.8813],[75.4969,7.8795],[75.5016,7.8751],[75.5031,7.873],[75.5092,7.8749],[75.5099,7.8791],[75.5132,7.8842],[75.5163,7.8857],[75.5191,7.8908],[75.52,7.8932],[75.5233,7.8986],[75.5228,7.9025],[75.5201,7.9074],[75.515,7.9096],[75.5093,7.9125],[75.5068,7.9134],[75.5052,7.9173],[75.5043,7.921],[75.4994,7.9239],[75.4962,7.9261],[75.4916,7.9289],[75.487,7.9302],[75.4823,7.9286],[75.4793,7.9259],[75.4744,7.9217],[75.4711,7.921],[75.4684,7.9158],[75.4664,7.9107],[75.4677,7.905],[75.4691,7.9022],[75.4729,7.8968],[75.4755,7.8949],[75.4783,7.89],[75.4781,7.8865],[75.4791,7.881],[75.4818,7.8769],[75.4835,7.8725],[75.4858,7.8691],[75.4925,7.8692],[75.4967,7.8692],[75.5033,7.8707],[75.5073,7.8724],[75.5119,7.8699],[75.5145,7.8658],[75.5154,7.8588],[75.5135,7.8554],[75.5133,7.8492],[75.5125,7.8466],[75.511,7.842],[75.5073,7.8402],[75.5007,7.843],[75.4998,7.8473],[75.4974,7.8527],[75.4957,7.8558],[75.4927,7.8619],[75.4895,7.8651],[75.4849,7.8685],[75.4817,7.8712],[75.4751,7.8716],[75.4699,7.8713],[75.4651,7.871],[75.4609,7.872],[75.4573,7.8694],[75.4543,7.8708],[75.4475,7.8709],[75.4431,7.8714],[75.4365,7.8697],[75.4344,7.8671],[75.4347,7.8627],[75.4366,7.8598],[75.4382,7.8545],[75.4389,7.8508],[75.4374,7.8445],[75.4359,7.8399],[75.4374,7.8339],[75.4359,7.8299],[75.4372,7.8232],[75.4401,7.8208],[75.4439,7.8155],[75.4461,7.8116],[75.4462,7.8057],[75.4425,7.8016],[75.4445,7.7949],[75.4446,7.7912],[75.4444,7.7862],[75.4448,7.7827],[75.4507,7.7812],[75.4548,7.7827],[75.46,7.787],[75.4626,7.7891],[75.4668,7.7934],[75.4686,7.7963],[75.4716,7.7987],[75.4754,7.8013],[75.4799,7.804],[75.4828,7.802],[75.4861,7.7981],[75.4859,7.7949],[75.4867,7.7896],[75.4892,7.7873],[75.494,7.7845],[75.4979,7.7843],[75.5038,7.7858],[75.5088,7.7856],[75.5142,7.7833],[75.5184,7.7836],[75.5238,7.7847],[75.5281,7.7871],[75.5344,7.7914],[75.5357,7.7963],[75.5345,7.8024],[75.5316,7.8051],[75.5328,7.8108],[75.5348,7.8144],[75.5396,7.8139],[75.5454,7.8123],[75.5474,7.817],[75.5462,7.8212],[75.548,7.8259],[75.5513,7.8295],[75.5507,7.8353],[75.5496,7.8379],[75.5502,7.8435],[75.5521,7.8482],[75.5517,7.8531],[75.5509,7.8561],[75.5507,7.8627],[75.5529,7.8661],[75.5523,7.8738],[75.5536,7.8786],[75.5587,7.8802],[75.5626,7.8814],[75.5683,7.8838],[75.5708,7.8863],[75.5749,7.8893],[75.5778,7.8884],[75.5834,7.8843],[75.5863,7.8811],[75.5879,7.8751],[75.5873,7.8719],[75.5898,7.866],[75.5925,7.8634],[75.5986,7.8642],[75.6004,7.8667],[75.6006,7.8724],[75.5978,7.8743],[75.5938,7.8728],[75.591,7.8694],[75.5923,7.8638],[75.5925,7.8593],[75.5861,7.8572],[75.5829,7.8534],[75.5769,7.8543],[75.5738,7.8561],[75.569,7.8603],[75.5673,7.8635],[75.5715,7.869],[75.5743,7.8714],[75.5762,7.8771],[75.5758,7.8802],[75.5739,7.8861],[75.5765,7.8878],[75.583,7.8885],[75.5867,7.8882],[75.5934,7.8905],[75.5964,7.8933],[75.5987,7.8971],[75.6001,7.9011],[75.6043,7.8958],[75.6083,7.8943],[75.6079,7.8886],[75.6054,7.8859],[75.5989,7.886],[75.598,7.8824],[75.5979,7.8765],[75.5984,7.8714],[75.6008,7.8659],[75.6033,7.8621],[75.6056,7.8567],[75.6093,7.8548],[75.6156,7.8519],[75.6206,7.8518],[75.6255,7.8497],[75.6293,7.851],[75.634,7.852],[75.635,7.8548],[75.6399,7.8577],[75.6433,7.8604],[75.6467,7.8632],[75.6477,7.8662],[75.6473,7.8731],[75.6447,7.8735],[75.6406,7.8759],[75.6381,7.8763],[75.6348,7.8722],[75.6332,7.869],[75.635,7.8626],[75.6359,7.8591],[75.6331,7.8528],[75.6295,7.8549],[75.6285,7.8608],[75.6282,7.8642],[75.629,7.8699],[75.6268,7.8742],[75.6217,7.8779],[75.6189,7.8794],[75.6132,7.8819],[75.6099,7.8833],[75.6092,7.8884],[75.6131,7.888],[75.6158,7.8844],[75.6152,7.8807],[75.6152,7.8757],[75.6136,7.8707],[75.6126,7.865],[75.6115,7.8622],[75.6056,7.8611],[75.6023,7.8608],[75.5965,7.8618],[75.5948,7.865],[75.5956,7.8702],[75.5936,7.8735],[75.589,7.877],[75.5865,7.8789],[75.5857,7.8857],[75.5835,7.8902],[75.5818,7.8954],[75.5812,7.8994],[75.5847,7.9033],[75.5882,7.9044],[75.5909,7.9095],[75.5934,7.9118],[75.5956,7.9149],[75.5981,7.918],[75.6023,7.9198],[75.6066,7.9202],[75.6115,7.9251],[75.6132,7.9283],[75.6171,7.9328],[75.6219,7.9327],[75.6261,7.933],[75.6305,7.9328],[75.6347,7.9305],[75.6382,7.9315],[75.6436,7.9323],[75.6469,7.9302],[75.6531,7.9296],[75.6547,7.9277],[75.6588,7.9227],[75.6618,7.92],[75.6667,7.9145],[75.6676,7.911],[75.671,7.906],[75.6755,7.9063],[75.6797,7.909],[75.6817,7.9108],[75.6853,7.9156],[75.6886,7.9178],[75.6939,7.92],[75.6958,7.9235],[75.6963,7.929],[75.6949,7.9325],[75.6898,7.939],[75.6847,7.9391],[75.6792,7.9376],[75.6754,7.9368],[75.6684,7.9364],[75.6654,7.936],[75.6625,7.9321],[75.6617,7.9277],[75.6604,7.9208],[75.6586,7.9172],[75.6552,7.9117],[75.6559,7.9076],[75.6584,7.9015],[75.66,7.8976],[75.6621,7.8903],[75.6623,7.8867],[75.6655,7.8806],[75.67,7.8771],[75.6706,7.8722],[75.6719,7.8701],[75.6751,7.8669],[75.6788,7.8662],[75.6846,7.8641],[75.6884,7.863],[75.6933,7.8626],[75.6975,7.8648],[75.7005,7.8697],[75.7013,7.8717],[75.7048,7.8765],[75.7065,7.8796],[75.7081,7.8858],[75.7118,7.8895],[75.7127,7.8951],[75.7107,7.8996],[75.7053,7.8961],[75.7032,7.8937],[75.6975,7.8904],[75.6961,7.8871],[75.6971,7.8809],[75.7,7.877],[75.699,7.8705],[75.6975,7.8666],[75.6941,7.8619],[75.6934,7.8571],[75.697,7.8542],[75.7013,7.8515],[75.7029,7.8459],[75.6999,7.843],[75.6988,7.8382],[75.6955,7.8369],[75.6869,7.8364],[75.6829,7.8357],[75.6796,7.8324],[75.6771,7.8285],[75.6764,7.8208],[75.6781,7.8175],[75.6837,7.8155],[75.6873,7.8154],[75.6927,7.8193],[75.6962,7.8206],[75.7031,7.8224],[75.7061,7.8209],[75.7073,7.8153],[75.7066,7.811],[75.711,7.8084],[75.7163,7.8057],[75.721,7.8026],[75.7215,7.7995],[75.7231,7.7932],[75.7244,7.7893],[75.7228,7.7837],[75.7214,7.7795],[75.7182,7.7741],[75.716,7.7703],[75.7154,7.7638],[75.7165,7.7597],[75.7204,7.758],[75.7244,7.756],[75.7284,7.7493],[75.7323,7.7475],[75.7378,7.7469],[75.7407,7.7483],[75.7444,7.7541],[75.7456,7.7582],[75.7437,7.7642],[75.741,7.7677],[75.7346,7.7683],[75.7314,7.7662],[75.7244,7.764],[75.7209,7.7648],[75.7148,7.7654],[75.7104,7.7647],[75.7039,7.7641],[75.7011,7.7605],[75.7003,7.7538],[75.7034,7.7497],[75.7094,7.7481],[75.7097,7.7458],[75.7095,7.7409],[75.7108,7.7362],[75.7138,7.7311],[75.7135,7.7269],[75.7133,7.7201],[75.7144,7.7154],[75.7166,7.71],[75.718,7.7077],[75.7237,7.7027],[75.7282,7.699],[75.7278,7.6929],[75.7289,7.6899],[75.7264,7.6862],[75.7248,7.6836],[75.7205,7.68],[75.7146,7.6779],[75.7088,7.6776],[75.705,7.6752],[75.7007,7.672],[75.6965,7.6718],[75.6906,7.674],[75.6872,7.6715],[75.682,7.6714],[75.679,7.6703],[75.6724,7.6689],[75.6702,7.6656],[75.6686,7.661],[75.6697,7.6568],[75.6746,7.6549],[75.6771,7.6566],[75.6834,7.6592],[75.6851,7.6622],[75.6883,7.6665],[75.6918,7.668],[75.697,7.6695],[75.7003,7.6709],[75.6998,7.677],[75.6959,7.6801],[75.6933,7.6845],[75.6927,7.6867],[75.6931,7.6939],[75.694,7.6977],[75.6993,7.6981],[75.7022,7.7013],[75.7074,7.7069],[75.7117,7.7076],[75.7188,7.7088],[75.7232,7.7109],[75.7277,7.7087],[75.7273,7.7054],[75.7337,7.7021],[75.7375,7.6997],[75.7416,7.6969],[75.7445,7.6948],[75.7453,7.6883],[75.7466,7.6844],[75.7519,7.6804],[75.754,7.6784],[75.7597,7.6739],[75.7642,7.6743],[75.7707,7.6748],[75.7735,7.6771],[75.7783,7.6785],[75.783,7.6794],[75.7841,7.6847],[75.7821,7.6889],[75.7785,7.693],[75.7755,7.6938],[75.7716,7.6937],[75.7671,7.695],[75.7616,7.6983],[75.7584,7.6999],[75.7531,7.7011],[75.7499,7.6988],[75.7474,7.6919],[75.7446,7.6887],[75.7482,7.6844],[75.7525,7.682],[75.758,7.6878],[75.7556,7.6904],[75.753,7.6968],[75.7486,7.6981],[75.7443,7.7032],[75.7449,7.7064],[75.7394,7.7101],[75.7379,7.7125],[75.7361,7.7193],[75.7325,7.7217],[75.7312,7.7254],[75.7285,7.7279],[75.7226,7.7256],[75.7178,7.7249],[75.7128,7.7284],[75.7094,7.7306],[75.7067,7.735],[75.7042,7.7384],[75.6989,7.7392],[75.6954,7.7398],[75.6907,7.74],[75.6871,7.7378],[75.6875,7.7322],[75.6888,7.7282],[75.6908,7.7212],[75.6893,7.7171],[75.6916,7.7125],[75.6919,7.708],[75.6933,7.7026],[75.6962,7.6992],[75.7009,7.6974],[75.7061,7.6989],[75.7134,7.698],[75.7171,7.6969],[75.7207,7.6933],[75.7236,7.6897],[75.7284,7.6882],[75.732,7.6878],[75.7369,7.6905],[75.7399,7.6934],[75.7425,7.6993],[75.7436,7.7021],[75.7419,7.7102],[75.7399,7.7142],[75.7375,7.719],[75.7396,7.7231],[75.7469,7.7238],[75.7486,7.7216],[75.7555,7.7185],[75.7588,7.7158],[75.7577,7.7088],[75.7527,7.7079],[75.7473,7.7042],[75.7443,7.7024],[75.7401,7.6975],[75.7365,7.6975],[75.7312,7.6921],[75.7291,7.6878],[75.7265,7.6815],[75.7253,7.6771],[75.7286,7.6742],[75.7315,7.6713],[75.7304,7.666],[75.7275,7.6624],[75.7308,7.6585],[75.7346,7.6589],[75.7386,7.6558],[75.742,7.652],[75.744,7.6458],[75.7463,7.6433],[75.7502,7.6401],[75.7553,7.6398],[75.7602,7.6445],[75.7637,7.6471],[75.7688,7.6488],[75.7721,7.6503],[75.7768,7.6504],[75.7802,7.6521],[75.7841,7.6557],[75.7872,7.656],[75.793,7.6548],[75.7959,7.6527],[75.7936,7.6463],[75.7903,7.6462],[75.7861,7.6456],[75.7834,7.6435],[75.7774,7.6429],[75.7748,7.6435],[75.7698,7.64],[75.7686,7.6362],[75.7681,7.6306],[75.7684,7.6264],[75.769,7.6223],[75.7683,7.6196],[75.7682,7.6124],[75.7701,7.6084],[75.7739,7.6043],[75.7724,7.5999],[75.7699,7.5958],[75.7668,7.5934],[75.7701,7.5896],[75.7715,7.5861],[75.7691,7.5807],[75.7659,7.5788],[75.7595,7.5768],[75.7563,7.5782],[75.7515,7.5771],[75.7499,7.58],[75.7451,7.5798],[75.7399,7.5811],[75.7352,7.583],[75.7324,7.5869],[75.7259,7.5872],[75.7228,7.5874],[75.7188,7.5865],[75.7151,7.5833],[75.7106,7.5787],[75.7097,7.5759],[75.7055,7.57],[75.7054,7.5671],[75.7076,7.5619],[75.709,7.5585],[75.7101,7.553],[75.706,7.5518],[75.7021,7.5495],[75.7009,7.547],[75.695,7.5433],[75.6925,7.5416],[75.6864,7.5382],[75.6827,7.5372],[75.6775,7.5338],[75.6739,7.5329],[75.6684,7.5348],[75.6656,7.5336],[75.6615,7.5367],[75.6592,7.5391],[75.6592,7.546],[75.6583,7.5504],[75.6542,7.5552],[75.6528,7.5598],[75.6529,7.5653],[75.6513,7.5682],[75.6464,7.5709],[75.6424,7.5703],[75.6389,7.566],[75.635,7.565],[75.6326,7.5585],[75.6295,7.557],[75.6241,7.5525],[75.6228,7.5487],[75.6224,7.5427],[75.6189,7.5393],[75.6139,7.5371],[75.6119,7.5343],[75.609,7.53],[75.6064,7.5267],[75.6043,7.5222],[75.6018,7.5183],[75.5964,7.5147],[75.5915,7.5157],[75.5864,7.5177],[75.5829,7.5197],[75.5758,7.5218],[75.5714,7.5232],[75.5711,7.5287],[75.5742,7.5302],[75.5759,7.5345],[75.5724,7.5349],[75.5714,7.5287],[75.5707,7.5252],[75.5724,7.5204],[75.577,7.5191],[75.5823,7.5208],[75.5865,7.5209],[75.5918,7.5229],[75.5963,7.5237],[75.5997,7.5266],[75.6037,7.5265],[75.6078,7.5236],[75.6109,7.5235],[75.6171,7.5239],[75.6216,7.5242],[75.6266,7.5242],[75.6309,7.5199],[75.6322,7.5149],[75.6285,7.5116],[75.6223,7.511],[75.6175,7.5113],[75.6122,7.509],[75.6092,7.5082],[75.6044,7.5071],[75.5985,7.5075],[75.5954,7.5092],[75.5962,7.5127],[75.5996,7.52],[75.601,7.5251],[75.6045,7.5308],[75.6059,7.5344],[75.6019,7.5366],[75.5975,7.5331],[75.5906,7.5313],[75.5863,7.5304],[75.581,7.5275],[75.5773,7.5273],[75.5729,7.5224],[75.5734,7.518],[75.5702,7.5129],[75.5688,7.5107],[75.5643,7.5113],[75.5606,7.5136],[75.5582,7.5177],[75.5603,7.5202],[75.5643,7.5254],[75.563,7.5288],[75.5563,7.5322],[75.556,7.5373],[75.5515,7.5425],[75.5483,7.544],[75.5454,7.5476],[75.5424,7.5511],[75.537,7.556],[75.5342,7.5584],[75.5293,7.5604],[75.5256,7.5596],[75.5198,7.5582],[75.5174,7.5551],[75.5172,7.5489],[75.5177,7.5433],[75.5144,7.5373],[75.5133,7.532],[75.5083,7.5298],[75.5046,7.5285],[75.4994,7.5306],[75.4988,7.5358],[75.5027,7.5409],[75.5075,7.5424],[75.513,7.5423],[75.5167,7.5425],[75.5221,7.5394],[75.5267,7.5392],[75.5319,7.5365],[75.5324,7.5336],[75.5305,7.5274],[75.5314,7.5252],[75.5355,7.5184],[75.5404,7.5154],[75.5464,7.5148],[75.5504,7.5148],[75.5556,7.5188],[75.5574,7.5212],[75.5571,7.5281],[75.5548,7.5315],[75.5542,7.5372],[75.5535,7.5411],[75.5549,7.5477],[75.5552,7.5515],[75.5542,7.5565],[75.5524,7.5603],[75.5547,7.567],[75.5563,7.5703],[75.5578,7.5771],[75.5595,7.5804],[75.5639,7.579],[75.5647,7.5757],[75.563,7.5706],[75.5625,7.5675],[75.5581,7.5611],[75.5554,7.5591],[75.55,7.5537],[75.5447,7.5535],[75.5391,7.5527],[75.5353,7.5501],[75.5287,7.5486],[75.5275,7.5461],[75.5195,7.5466],[75.515,7.5463],[75.5099,7.5413],[75.5079,7.5376],[75.509,7.5324],[75.5102,7.5279],[75.5072,7.5233],[75.5042,7.5214],[75.4988,7.5219],[75.4959,7.524],[75.4902,7.5267],[75.4875,7.5259],[75.4823,7.5262],[75.4792,7.5293],[75.4779,7.535],[75.4754,7.5396],[75.4741,7.5448],[75.4738,7.5492],[75.4702,7.5554],[75.4677,7.5594],[75.4657,7.566],[75.4638,7.5663],[75.4583,7.5708],[75.4547,7.5739],[75.4515,7.5756],[75.4475,7.5763],[75.4436,7.5731],[75.4393,7.5709],[75.4349,7.5731],[75.4312,7.5754],[75.4259,7.5734],[75.4223,7.5717],[75.4229,7.5658],[75.4238,7.5611],[75.4246,7.5542],[75.4256,7.5495],[75.4291,7.5439],[75.4306,7.5398],[75.427,7.5383],[75.425,7.5408],[75.4254,7.5466],[75.4261,7.5497],[75.4303,7.552],[75.435,7.5507],[75.4408,7.5497],[75.4443,7.5488],[75.4462,7.5423],[75.4484,7.5405],[75.4497,7.5332],[75.4526,7.5298],[75.4589,7.5258]]},"properties":{"mmsi":998052995,"name":"SYN-FSH-04","role":"background","vessel_type":30,"synthetic":true,"t_offset_s":[-259200,-258960,-258600,-258360,-258000,-257760,-257400,-257160,-256800,-256560,-256200,-255960,-255600,-255360,-255000,-254760,-254400,-254160,-253800,-253560,-253200,-252960,-252600,-252360,-252000,-251760,-251400,-251160,-250800,-250560,-250200,-249960,-249600,-249360,-249000,-248760,-248400,-248160,-247800,-247560,-247200,-246960,-246600,-246360,-246000,-245760,-245400,-245160,-244800,-244560,-244200,-243960,-243600,-243360,-243000,-242760,-242400,-242160,-241800,-241560,-241200,-240960,-240600,-240360,-240000,-239760,-239400,-239160,-238800,-238560,-238200,-237960,-237600,-237360,-237000,-236760,-236400,-236160,-235800,-235560,-235200,-234960,-234600,-234360,-234000,-233760,-233400,-233160,-232800,-232560,-232200,-231960,-231600,-231360,-231000,-230760,-230400,-230160,-229800,-229560,-229200,-228960,-228600,-228360,-228000,-227760,-227400,-227160,-226800,-226560,-226200,-225960,-225600,-225360,-225000,-224760,-224400,-224160,-223800,-223560,-223200,-222960,-222600,-222360,-222000,-221760,-221400,-221160,-220800,-220560,-220200,-219960,-219600,-219360,-219000,-218760,-218400,-218160,-217800,-217560,-217200,-216960,-216600,-216360,-216000,-215760,-215400,-215160,-214800,-214560,-214200,-213960,-213600,-213360,-213000,-212760,-212400,-212160,-211800,-211560,-211200,-210960,-210600,-210360,-210000,-209760,-209400,-209160,-208800,-208560,-208200,-207960,-207600,-207360,-207000,-206760,-206400,-206160,-205800,-205560,-205200,-204960,-204600,-204360,-204000,-203760,-203400,-203160,-202800,-202560,-202200,-201960,-201600,-201360,-201000,-200760,-200400,-200160,-199800,-199560,-199200,-198960,-198600,-198360,-198000,-197760,-197400,-197160,-196800,-196560,-196200,-195960,-195600,-195360,-195000,-194760,-194400,-194160,-193800,-193560,-193200,-192960,-192600,-192360,-192000,-191760,-191400,-191160,-190800,-190560,-190200,-189960,-189600,-189360,-189000,-188760,-188400,-188160,-187800,-187560,-187200,-186960,-186600,-186360,-186000,-185760,-185400,-185160,-184800,-184560,-184200,-183960,-183600,-183360,-183000,-182760,-182400,-182160,-181800,-181560,-181200,-180960,-180600,-180360,-180000,-179760,-179400,-179160,-178800,-178560,-178200,-177960,-177600,-177360,-177000,-176760,-176400,-176160,-175800,-175560,-175200,-174960,-174600,-174360,-174000,-173760,-173400,-173160,-172800,-172560,-172200,-171960,-171600,-171360,-171000,-170760,-170400,-170160,-169800,-169560,-169200,-168960,-168600,-168360,-168000,-167760,-167400,-167160,-166800,-166560,-166200,-165960,-165600,-165360,-165000,-164760,-164400,-164160,-163800,-163560,-163200,-162960,-162600,-162360,-162000,-161760,-161400,-161160,-160800,-160560,-160200,-159960,-159600,-159360,-159000,-158760,-158400,-158160,-157800,-157560,-157200,-156960,-156600,-156360,-156000,-155760,-155400,-155160,-154800,-154560,-154200,-153960,-153600,-153360,-153000,-152760,-152400,-152160,-151800,-151560,-151200,-150960,-150600,-150360,-150000,-149760,-149400,-149160,-148800,-148560,-148200,-147960,-147600,-147360,-147000,-146760,-146400,-146160,-145800,-145560,-145200,-144960,-144600,-144360,-144000,-143760,-143400,-143160,-142800,-142560,-142200,-141960,-141600,-141360,-141000,-140760,-140400,-140160,-139800,-139560,-139200,-138960,-138600,-138360,-138000,-137760,-137400,-137160,-136800,-136560,-136200,-135960,-135600,-135360,-135000,-134760,-134400,-134160,-133800,-133560,-133200,-132960,-132600,-132360,-132000,-131760,-131400,-131160,-130800,-130560,-130200,-129960,-129600,-129360,-129000,-128760,-128400,-128160,-127800,-127560,-127200,-126960,-126600,-126360,-126000,-125760,-125400,-125160,-124800,-124560,-124200,-123960,-123600,-123360,-123000,-122760,-122400,-122160,-121800,-121560,-121200,-120960,-120600,-120360,-120000,-119760,-119400,-119160,-118800,-118560,-118200,-117960,-117600,-117360,-117000,-116760,-116400,-116160,-115800,-115560,-115200,-114960,-114600,-114360,-114000,-113760,-113400,-113160,-112800,-112560,-112200,-111960,-111600,-111360,-111000,-110760,-110400,-110160,-109800,-109560,-109200,-108960,-108600,-108360,-108000,-107760,-107400,-107160,-106800,-106560,-106200,-105960,-105600,-105360,-105000,-104760,-104400,-104160,-103800,-103560,-103200,-102960,-102600,-102360,-102000,-101760,-101400,-101160,-100800,-100560,-100200,-99960,-99600,-99360,-99000,-98760,-98400,-98160,-97800,-97560,-97200,-96960,-96600,-96360,-96000,-95760,-95400,-95160,-94800,-94560,-94200,-93960,-93600,-93360,-93000,-92760,-92400,-92160,-91800,-91560,-91200,-90960,-90600,-90360,-90000,-89760,-89400,-89160,-88800,-88560,-88200,-87960,-87600,-87360,-87000,-86760,-86400,-86160,-85800,-85560,-85200,-84960,-84600,-84360,-84000,-83760,-83400,-83160,-82800,-82560,-82200,-81960,-81600,-81360,-81000,-80760,-80400,-80160,-79800,-79560,-79200,-78960,-78600,-78360,-78000,-77760,-77400,-77160,-76800,-76560,-76200,-75960,-75600,-75360,-75000,-74760,-74400,-74160,-73800,-73560,-73200,-72960,-72600,-72360,-72000,-71760,-71400,-71160,-70800,-70560,-70200,-69960,-69600,-69360,-69000,-68760,-68400,-68160,-67800,-67560,-67200,-66960,-66600,-66360,-66000,-65760,-65400,-65160,-64800,-64560,-64200,-63960,-63600,-63360,-63000,-62760,-62400,-62160,-61800,-61560,-61200,-60960,-60600,-60360,-60000,-59760,-59400,-59160,-58800,-58560,-58200,-57960,-57600,-57360,-57000,-56760,-56400,-56160,-55800,-55560,-55200,-54960,-54600,-54360,-54000,-53760,-53400,-53160,-52800,-52560,-52200,-51960,-51600,-51360,-51000,-50760,-50400,-50160,-49800,-49560,-49200,-48960,-48600,-48360,-48000,-47760,-47400,-47160,-46800,-46560,-46200,-45960,-45600,-45360,-45000,-44760,-44400,-44160,-43800,-43560,-43200,-42960,-42600,-42360,-42000,-41760,-41400,-41160,-40800,-40560,-40200,-39960,-39600,-39360,-39000,-38760,-38400,-38160,-37800,-37560,-37200,-36960,-36600,-36360,-36000,-35760,-35400,-35160,-34800,-34560,-34200,-33960,-33600,-33360,-33000,-32760,-32400,-32160,-31800,-31560,-31200,-30960,-30600,-30360,-30000,-29760,-29400,-29160,-28800,-28560,-28200,-27960,-27600,-27360,-27000,-26760,-26400,-26160,-25800,-25560,-25200,-24960,-24600,-24360,-24000,-23760,-23400,-23160,-22800,-22560,-22200,-21960,-21600,-21360,-21000,-20760,-20400,-20160,-19800,-19560,-19200,-18960,-18600,-18360,-18000,-17760,-17400,-17160,-16800,-16560,-16200,-15960,-15600,-15360,-15000,-14760,-14400,-14160,-13800,-13560,-13200,-12960,-12600,-12360,-12000,-11760,-11400,-11160,-10800,-10560,-10200,-9960,-9600,-9360,-9000,-8760,-8400,-8160,-7800,-7560,-7200,-6960,-6600,-6360,-6000,-5760,-5400,-5160,-4800,-4560,-4200,-3960,-3600,-3360,-3000,-2760,-2400,-2160,-1800,-1560,-1200,-960,-600,-360,0,240,600,840,1200,1440,1800,2040,2400,2640,3000,3240,3600,3840,4200,4440,4800,5040,5400,5640,6000,6240,6600,6840,7200,7440,7800,8040,8400,8640,9000,9240,9600,9840,10200,10440,10800,11040,11400,11640,12000,12240,12600,12840,13200,13440,13800,14040,14400,14640,15000,15240,15600,15840,16200,16440,16800,17040,17400,17640,18000,18240,18600,18840,19200,19440,19800,20040,20400,20640,21000,21240,21600,21840,22200,22440,22800,23040,23400,23640,24000,24240,24600,24840,25200,25440,25800,26040,26400,26640,27000,27240,27600,27840,28200,28440,28800,29040,29400,29640,30000,30240,30600,30840,31200,31440,31800,32040,32400,32640,33000,33240,33600,33840,34200,34440,34800,35040,35400,35640,36000,36240,36600,36840,37200,37440,37800,38040,38400,38640,39000,39240,39600,39840,40200,40440,40800,41040,41400,41640,42000,42240,42600,42840,43200,43440,43800,44040,44400,44640,45000,45240,45600,45840,46200,46440,46800,47040,47400,47640,48000,48240,48600,48840,49200,49440,49800,50040,50400,50640,51000,51240,51600,51840,52200,52440,52800,53040,53400,53640,54000,54240,54600,54840,55200,55440,55800,56040,56400,56640,57000,57240,57600,57840,58200,58440,58800,59040,59400,59640,60000,60240,60600,60840,61200,61440,61800,62040,62400,62640,63000,63240,63600,63840,64200,64440,64800,65040,65400,65640,66000,66240,66600,66840,67200,67440,67800,68040,68400,68640,69000,69240,69600,69840,70200,70440,70800,71040,71400,71640,72000,72240,72600,72840,73200,73440,73800,74040,74400,74640,75000,75240,75600,75840,76200,76440,76800,77040,77400,77640,78000,78240,78600,78840,79200,79440,79800,80040,80400,80640,81000,81240,81600,81840,82200,82440,82800,83040,83400,83640,84000,84240,84600,84840,85200,85440,85800,86040,86400],"sog":[3.1,3.5,5.0,5.4,4.1,4.6,3.7,3.6,2.9,3.4,3.5,2.9,2.6,5.3,2.7,1.2,4.2,3.6,2.8,4.5,3.7,5.1,3.9,3.0,3.2,3.6,4.7,4.0,4.2,3.0,4.6,3.8,3.6,4.2,3.4,1.6,2.5,5.1,5.3,2.8,3.2,5.2,3.1,3.9,2.7,5.4,4.4,3.5,3.1,1.6,3.2,4.5,1.3,4.0,5.1,2.7,4.3,2.6,4.1,5.4,4.2,2.9,2.9,5.0,3.5,4.0,3.7,4.4,2.8,4.1,3.4,6.0,3.3,5.3,4.0,4.5,2.4,5.3,2.5,3.2,4.2,3.2,2.8,3.3,3.8,4.0,5.1,1.8,2.6,2.4,6.2,2.6,2.8,4.3,1.7,3.1,3.3,4.9,3.6,4.0,5.8,3.7,4.9,3.8,3.1,4.0,0.3,3.9,2.6,3.7,3.8,4.6,4.2,3.7,4.3,4.0,3.3,2.1,4.3,2.7,3.8,5.6,2.9,3.5,4.1,3.9,2.3,3.5,4.6,4.5,4.4,2.4,3.6,2.3,5.3,2.7,2.9,5.3,3.4,2.4,4.9,3.6,3.6,2.7,3.4,4.2,4.4,2.1,2.2,3.7,3.1,3.6,4.0,3.4,3.4,0.8,4.1,3.0,3.9,2.6,3.9,4.4,3.9,3.5,3.7,3.6,1.6,2.0,4.0,3.6,3.6,5.1,4.3,4.0,3.3,4.0,2.8,5.4,4.4,2.0,4.7,4.4,2.6,3.8,3.4,5.2,1.7,4.4,4.4,4.2,3.9,4.9,5.6,2.3,4.9,4.2,3.3,4.3,4.6,1.9,3.6,4.0,4.4,5.3,5.3,2.8,6.1,2.9,3.0,5.6,4.3,3.5,4.6,5.4,3.4,4.5,3.3,3.8,4.7,1.9,4.3,3.5,4.9,1.8,3.3,5.5,3.8,4.7,2.4,3.5,6.3,5.1,2.9,4.1,2.1,3.0,5.2,2.3,5.2,2.3,3.1,3.1,4.0,3.7,3.2,3.0,3.8,3.3,3.2,2.4,3.5,5.9,3.5,5.0,2.4,4.4,3.1,2.4,3.7,4.3,3.8,3.2,4.3,2.9,3.1,4.9,4.2,3.6,4.0,4.7,4.5,2.4,3.7,4.0,3.2,2.0,2.7,4.3,4.0,3.0,2.9,4.6,2.7,3.3,4.3,3.7,4.1,2.6,4.4,4.5,2.2,1.9,3.9,4.6,4.2,3.2,3.7,5.1,4.7,4.8,2.1,2.1,3.5,4.6,3.1,3.3,3.5,3.4,3.2,3.6,5.1,3.2,3.6,3.7,3.9,3.2,4.0,3.9,4.2,4.6,4.0,3.9,4.1,3.4,4.0,4.0,3.6,3.8,3.9,4.3,5.3,4.9,2.9,4.5,3.8,5.3,3.3,2.6,3.1,4.4,2.9,4.8,5.4,1.9,4.4,3.5,4.5,3.7,3.9,5.0,5.1,3.1,3.4,4.9,1.0,4.4,3.5,5.1,3.9,5.0,2.9,0.6,0.6,3.6,2.5,5.7,5.4,2.6,2.6,4.1,4.9,3.2,4.7,4.8,3.3,2.2,2.4,4.0,1.9,4.1,3.8,4.9,6.2,4.2,2.7,2.3,3.4,4.8,4.0,3.6,3.0,5.5,3.6,1.8,4.5,4.4,2.8,3.2,2.6,1.3,3.4,4.4,4.1,5.3,4.1,3.1,2.4,3.3,1.9,3.1,3.0,5.2,2.5,3.4,2.0,2.9,3.1,5.7,3.1,3.6,3.6,3.9,3.1,3.4,3.8,4.2,2.3,3.7,3.8,4.0,3.0,4.6,3.9,4.6,5.7,3.6,3.8,2.9,3.7,3.2,4.3,5.0,3.8,4.6,4.7,3.7,4.7,3.8,5.5,4.8,3.4,4.7,4.0,3.7,4.1,4.8,3.7,3.0,3.2,3.6,3.8,2.9,4.1,2.7,2.5,4.1,4.4,4.4,4.8,4.1,4.2,6.1,4.4,3.9,4.1,3.7,4.0,4.2,2.5,4.1,3.3,2.5,2.5,4.2,3.4,2.4,3.5,1.7,3.8,4.2,3.1,4.9,4.3,4.9,3.2,3.7,3.9,3.8,6.7,3.9,3.3,4.1,4.0,3.3,4.3,4.6,2.0,4.3,3.5,3.9,4.0,2.8,3.3,4.5,3.4,3.0,3.9,3.7,3.2,5.4,4.1,3.3,3.6,3.0,3.0,3.2,4.8,3.3,4.9,4.0,4.5,2.9,4.4,1.7,4.8,4.3,2.3,2.5,4.8,4.2,4.5,4.8,5.4,3.7,3.7,3.3,4.5,2.9,4.7,4.0,6.0,2.7,3.5,4.0,5.4,3.8,2.8,3.2,5.0,3.2,3.8,3.4,2.8,2.3,4.2,5.4,3.3,3.0,3.9,3.4,4.3,5.1,2.6,3.6,5.0,2.8,3.8,3.6,3.4,3.1,4.5,4.4,2.3,3.1,2.7,4.4,4.3,3.2,5.3,3.4,3.9,3.5,2.3,5.3,3.2,2.9,4.9,3.8,3.5,2.8,3.4,5.3,2.8,5.7,3.3,3.5,0.3,3.6,4.2,3.4,3.4,2.8,3.9,1.8,4.8,5.5,3.9,3.7,2.4,3.4,2.5,4.3,1.4,3.7,3.7,4.4,4.2,3.0,3.4,3.3,2.1,3.3,2.2,5.0,3.8,3.0,1.8,2.8,3.6,1.8,4.9,2.8,2.6,4.2,3.8,2.0,3.1,2.8,3.0,2.8,3.1,3.4,4.1,4.3,3.2,3.7,4.2,3.3,3.3,3.3,5.9,3.8,4.8,2.8,4.5,3.1,3.8,4.1,3.5,3.4,3.0,1.4,2.7,3.1,3.1,4.5,3.5,4.3,4.5,1.7,4.6,3.1,2.7,4.9,3.6,4.5,3.1,3.2,4.8,2.3,4.8,4.1,5.7,4.9,3.0,4.9,4.2,4.3,1.8,3.3,2.7,2.2,5.6,4.0,3.6,5.2,4.3,4.5,3.2,2.9,3.8,3.6,4.3,3.7,3.7,3.3,5.5,6.0,2.4,4.5,3.9,4.3,4.2,3.5,2.7,4.8,3.8,3.2,3.4,3.9,5.3,5.4,3.5,2.0,3.7,2.4,3.7,4.4,2.8,3.7,4.7,3.3,4.1,4.7,6.2,3.0,4.3,5.5,2.2,1.6,4.2,4.5,3.2,3.7,3.5,3.8,3.1,3.5,4.3,5.2,3.7,2.2,3.6,2.8,3.3,3.9,4.7,4.0,3.4,4.3,4.1,3.8,1.9,2.3,5.0,3.5,2.3,4.5,2.4,3.1,4.0,1.7,3.7,3.8,4.2,2.4,3.9,4.9,2.7,2.5,4.5,3.1,2.3,4.5,4.6,5.1,4.8,3.9,2.9,4.0,5.6,3.9,3.5,3.8,3.9,4.6,4.3,3.5,4.2,3.9,4.3,3.7,2.1,3.6,3.8,2.9,2.1,2.0,2.0,3.3,2.7,2.5,3.0,3.3,4.0,3.3,3.7,4.4,3.3,3.0,3.6,3.5,4.8,2.0,5.2,1.9,4.1,4.6,4.0,2.4,3.9,4.4,4.1,4.4,5.1,2.7,3.2,2.3,2.5,3.9,3.9,3.7,5.3,4.9,3.0,4.2,3.5,4.1,4.4,5.8,5.4,2.9,3.2,3.5,3.4,3.6,3.3,4.1,3.1,2.5,4.7,4.1,2.8,4.2,5.3,2.4,3.0,3.5,4.9,4.0,5.2,3.6,3.6,3.5,1.6,4.2,5.2,4.1,0.8,1.7,3.6,3.9,4.4,3.6,4.6,5.6,3.4,2.4,3.1,5.7,4.8,3.2,4.8,3.6,2.3,3.8,3.4,2.9,3.1,3.4,4.0,2.4,2.8,3.7,3.5,2.2,5.5,4.1,4.7,4.9,3.4,3.3,5.8,3.6,3.6,4.7,1.5,3.5,2.6,2.0,3.5,2.6,4.3,2.8,2.8,2.6,3.7,4.4,2.7,4.7,3.2,3.4,1.0,4.6,3.1,3.2,5.2,2.6,3.6,2.4,2.9,3.7,2.5,2.7,5.7,1.7,3.5,3.5,3.2,3.8,3.3,2.4,3.2,2.4,4.2,3.6,3.6,3.9,3.0,2.9,3.6,2.8,3.6,2.7,3.8,2.8,4.9,4.3,2.5,5.3,4.1,3.0,2.6,3.0,4.2,4.7,3.2,4.6,4.0,4.7,4.1,2.4,4.1,2.3,2.9,3.3,3.1,2.3,4.4,5.0,4.5,3.7,4.2,3.5,3.9,4.1,3.2,3.2,4.4,4.4,4.1,5.6,3.6,4.1,3.8,5.4,3.9,3.0,3.0,4.2,1.3,3.6,4.4,4.7,4.3,4.7,3.5,5.4,4.6,4.0,3.9,4.0,4.0,5.2,4.4,1.5,1.5,5.0,3.7,3.1,2.5,3.2,4.9,4.7,3.7,2.8,4.8,4.8,4.5,4.4,5.0,3.9,4.1,3.0,5.2,5.3,5.7,3.6,4.0,2.7,4.3,4.7,3.2,4.6,2.9,3.6,4.6,4.0,2.9,2.6,2.9,2.5,4.2,4.2,0.8,3.8,4.7,3.2,3.9,4.3,2.6,3.7,3.4,2.8,3.6,4.1,5.2,4.6,4.0,3.4,3.5,3.3,0.6,2.3,4.4,3.4,4.3,4.1,4.2,4.2,4.0,3.7,5.6,2.7,3.5,3.4,5.3,4.3,3.5,3.6,2.6,3.4,4.9,3.3,3.7,4.4,2.5,4.2,4.2,3.9,4.7,5.5,4.3,1.8,3.7,3.3,2.6,4.2,4.3,4.4,2.9,4.5,4.5,3.2,4.7,3.4,3.5,3.3,4.1,3.0,3.8,4.0,3.3,3.9,3.5,5.1,4.4,3.1,5.2,2.2,4.2,3.0,4.9]}},{"type":"Feature","geometry":{"type":"LineString","coordinates":[[76.1479,7.0198],[76.1479,7.0246],[76.1461,7.0314],[76.1474,7.0358],[76.1491,7.0414],[76.149,7.0448],[76.1521,7.051],[76.1533,7.0558],[76.1601,7.058],[76.1633,7.0578],[76.1692,7.0517],[76.1714,7.0492],[76.172,7.0416],[76.1723,7.0393],[76.1757,7.0363],[76.1786,7.0358],[76.1853,7.035],[76.1896,7.0329],[76.1946,7.0317],[76.1981,7.0322],[76.2037,7.0355],[76.2059,7.0367],[76.2109,7.0396],[76.214,7.0363],[76.2173,7.0356],[76.2219,7.0351],[76.2257,7.0323],[76.2294,7.0306],[76.2311,7.0238],[76.2346,7.0203],[76.2399,7.0193],[76.2446,7.0224],[76.2505,7.026],[76.2541,7.0289],[76.2612,7.0272],[76.2636,7.0311],[76.2623,7.0369],[76.2621,7.0428],[76.2608,7.0497],[76.2589,7.0536],[76.255,7.0593],[76.2575,7.0629],[76.2586,7.0689],[76.2596,7.0727],[76.2592,7.079],[76.2601,7.0836],[76.2574,7.0884],[76.2535,7.0907],[76.2454,7.0916],[76.2406,7.0928],[76.235,7.0937],[76.2304,7.0919],[76.2284,7.0858],[76.2284,7.0816],[76.2332,7.079],[76.237,7.081],[76.242,7.0858],[76.2464,7.088],[76.2536,7.0873],[76.258,7.088],[76.2649,7.0917],[76.2703,7.0943],[76.2793,7.0922],[76.2823,7.0953],[76.2839,7.1037],[76.2832,7.1074],[76.2785,7.112],[76.2765,7.1144],[76.2735,7.1209],[76.2695,7.1227],[76.2628,7.1257],[76.2586,7.1283],[76.2536,7.1316],[76.2502,7.1341],[76.2437,7.1366],[76.2438,7.1407],[76.2423,7.1472],[76.2373,7.1476],[76.2329,7.148],[76.2303,7.1455],[76.2267,7.1402],[76.2234,7.1377],[76.2176,7.1345],[76.2142,7.1322],[76.21,7.1274],[76.2101,7.123],[76.2133,7.1159],[76.2153,7.1123],[76.2197,7.1082],[76.2225,7.1071],[76.2279,7.107],[76.2317,7.1053],[76.2376,7.1017],[76.2341,7.0993],[76.2306,7.0949],[76.2275,7.0911],[76.2229,7.0884],[76.2212,7.0838],[76.2153,7.0807],[76.2123,7.0791],[76.2063,7.0783],[76.202,7.0784],[76.2013,7.0733],[76.1979,7.0694],[76.1943,7.064],[76.1902,7.0642],[76.1842,7.0648],[76.1796,7.0664],[76.1744,7.0692],[76.1718,7.0697],[76.1673,7.0725],[76.1648,7.0764],[76.1629,7.0812],[76.1616,7.0847],[76.1599,7.0896],[76.1599,7.0943],[76.161,7.0987],[76.1618,7.1033],[76.1557,7.1065],[76.1538,7.1099],[76.153,7.1153],[76.1557,7.1199],[76.1604,7.127],[76.1628,7.1314],[76.1686,7.1331],[76.1727,7.1353],[76.1772,7.1394],[76.178,7.1429],[76.1797,7.1482],[76.1835,7.1507],[76.188,7.1566],[76.1865,7.1608],[76.1862,7.1653],[76.1905,7.1657],[76.1976,7.1658],[76.1984,7.1602],[76.1948,7.1554],[76.1927,7.1519],[76.1907,7.1455],[76.1878,7.1439],[76.1817,7.142],[76.1788,7.1408],[76.1735,7.1417],[76.1686,7.1395],[76.1626,7.1361],[76.1582,7.1364],[76.1564,7.1425],[76.1568,7.148],[76.1564,7.1543],[76.1578,7.1584],[76.1615,7.1643],[76.1658,7.1661],[76.1707,7.1712],[76.1756,7.1709],[76.1814,7.1681],[76.1855,7.1666],[76.1877,7.1611],[76.1865,7.1577],[76.1851,7.1521],[76.1858,7.1479],[76.1846,7.1428],[76.1842,7.1382],[76.184,7.1325],[76.1845,7.1296],[76.1909,7.1258],[76.1947,7.1241],[76.201,7.1229],[76.203,7.1198],[76.2034,7.1136],[76.2045,7.1087],[76.2114,7.107],[76.2155,7.104],[76.2239,7.1044],[76.2296,7.104],[76.2355,7.1049],[76.2399,7.1063],[76.2458,7.1106],[76.2471,7.1146],[76.2436,7.1202],[76.2409,7.1198],[76.2345,7.1198],[76.2301,7.1198],[76.2237,7.1167],[76.2201,7.1175],[76.2161,7.1219],[76.216,7.1243],[76.2123,7.1283],[76.2077,7.1283],[76.2041,7.1304],[76.2019,7.1342],[76.2014,7.1418],[76.2002,7.1458],[76.2019,7.1516],[76.2,7.1569],[76.1977,7.1621],[76.1955,7.1659],[76.1956,7.1721],[76.1944,7.1766],[76.19,7.1806],[76.1844,7.1822],[76.1778,7.184],[76.1739,7.1853],[76.1676,7.1837],[76.1659,7.1807],[76.1614,7.1767],[76.1595,7.1752],[76.1559,7.1699],[76.1516,7.1663],[76.1482,7.1638],[76.1466,7.1606],[76.1482,7.1538],[76.1478,7.1484],[76.1449,7.1426],[76.1429,7.1392],[76.1443,7.1319],[76.1432,7.1287],[76.136,7.1245],[76.1334,7.1282],[76.135,7.133],[76.1335,7.1357],[76.1297,7.1356],[76.1237,7.1366],[76.1176,7.1362],[76.1122,7.1367],[76.1057,7.1389],[76.1017,7.1409],[76.0935,7.1427],[76.0903,7.1432],[76.085,7.1449],[76.0818,7.1473],[76.0779,7.149],[76.0739,7.1477],[76.0702,7.1488],[76.0678,7.1523],[76.0621,7.152],[76.0585,7.1501],[76.0574,7.1421],[76.0572,7.1382],[76.056,7.1328],[76.0544,7.1294],[76.0554,7.123],[76.0528,7.1187],[76.0499,7.1124],[76.0456,7.1083],[76.0408,7.1067],[76.0357,7.1077],[76.0285,7.109],[76.0259,7.1122],[76.0225,7.1173],[76.0236,7.1225],[76.0263,7.1269],[76.029,7.128],[76.0351,7.1318],[76.0359,7.1355],[76.0411,7.1367],[76.0435,7.1333],[76.0377,7.129],[76.0341,7.129],[76.0286,7.1261],[76.025,7.1288],[76.0216,7.1333],[76.0183,7.1344],[76.0123,7.1336],[76.0084,7.1322],[76.0059,7.1265],[76.0062,7.1217],[76.0041,7.1158],[76.0012,7.1143],[75.9973,7.1109],[75.9932,7.1088],[75.9867,7.1064],[75.9829,7.1035],[75.9782,7.0979],[75.9755,7.0945],[75.9708,7.0889],[75.969,7.0841],[75.9658,7.0785],[75.965,7.0748],[75.9631,7.0669],[75.963,7.0622],[75.9629,7.0546],[75.9616,7.0502],[75.9595,7.0459],[75.9584,7.0415],[75.9589,7.0354],[75.9594,7.0312],[75.9622,7.0254],[75.9655,7.0232],[75.9716,7.0201],[75.9757,7.0185],[75.981,7.0204],[75.9849,7.0195],[75.9911,7.0166],[75.9954,7.0148],[76.001,7.0152],[76.0047,7.0144],[76.0075,7.0077],[76.0075,7.004],[76.0026,6.9977],[76.0025,6.9936],[76.0002,6.9883],[75.9977,6.9838],[75.9983,6.9775],[76.0003,6.9736],[76.0034,6.9698],[76.0083,6.9683],[76.0145,6.9677],[76.0176,6.9697],[76.0183,6.9751],[76.0192,6.978],[76.0194,6.9833],[76.0166,6.9861],[76.0136,6.9927],[76.0133,6.9972],[76.0108,7.002],[76.006,7.0043],[75.9992,7.0071],[75.9952,7.0073],[75.9885,7.0059],[75.9868,7.0045],[75.981,7.0009],[75.9793,6.9969],[75.9781,6.9917],[75.978,6.9879],[75.9757,6.9814],[75.9713,6.9799],[75.964,6.9789],[75.9594,6.9761],[75.958,6.9712],[75.9557,6.9669],[75.9523,6.9628],[75.9488,6.9626],[75.9437,6.9609],[75.9388,6.9632],[75.934,6.9628],[75.9308,6.9628],[75.9239,6.964],[75.9206,6.9684],[75.9189,6.9747],[75.9164,6.9778],[75.9132,6.9821],[75.9139,6.9856],[75.9134,6.9911],[75.916,6.9948],[75.9185,7.0],[75.9141,6.9993],[75.9086,7.0029],[75.9036,7.0023],[75.897,7.0009],[75.8962,6.9966],[75.8932,6.9912],[75.888,6.9905],[75.8827,6.9879],[75.8785,6.9874],[75.8746,6.9826],[75.8737,6.9774],[75.8732,6.9697],[75.8729,6.967],[75.8703,6.961],[75.8717,6.9572],[75.8779,6.9527],[75.8806,6.9552],[75.884,6.9588],[75.8864,6.9631],[75.8858,6.9683],[75.887,6.9734],[75.8907,6.9805],[75.8943,6.9829],[75.8966,6.9889],[75.8971,6.9924],[75.8939,6.9972],[75.8901,7.0009],[75.8856,7.0032],[75.8795,7.004],[75.8727,7.0017],[75.8697,6.9995],[75.863,7.0003],[75.861,7.0033],[75.8577,7.0086],[75.8567,7.0114],[75.8561,7.0182],[75.8546,7.023],[75.8504,7.0276],[75.8497,7.0329],[75.8506,7.037],[75.8489,7.0393],[75.8516,7.0452],[75.8552,7.0466],[75.8606,7.0478],[75.8634,7.0478],[75.8682,7.0449],[75.8686,7.04],[75.8723,7.0346],[75.8736,7.0309],[75.8771,7.026],[75.8793,7.0227],[75.8803,7.0171],[75.8836,7.0156],[75.8896,7.0133],[75.8913,7.0088],[75.8929,7.0049],[75.8932,6.9993],[75.8874,6.9932],[75.8848,6.9905],[75.88,6.9852],[75.8767,6.9846],[75.8718,6.9832],[75.8704,6.9786],[75.8642,6.9769],[75.8609,6.9787],[75.8556,6.982],[75.8504,6.9811],[75.8448,6.98],[75.8407,6.98],[75.8352,6.9813],[75.8321,6.9832],[75.8298,6.9876],[75.8287,6.9926],[75.827,6.9971],[75.8237,6.9993],[75.8192,7.0019],[75.8179,7.0049],[75.8139,7.0099],[75.8123,7.0152],[75.8093,7.0209],[75.8087,7.0239],[75.8057,7.0285],[75.8034,7.0277],[75.7992,7.0238],[75.7988,7.021],[75.7986,7.0128],[75.7961,7.01],[75.7995,7.0064],[75.804,7.0092],[75.8028,7.0146],[75.798,7.0144],[75.791,7.0141],[75.7877,7.0171],[75.7815,7.0208],[75.7793,7.0199],[75.7736,7.0185],[75.7689,7.0147],[75.7646,7.0102],[75.7612,7.0063],[75.7556,7.004],[75.75,7.0038],[75.7424,7.0039],[75.7378,7.0067],[75.7319,7.0077],[75.7281,7.0052],[75.7269,6.9982],[75.7296,6.997],[75.7361,6.9961],[75.7382,6.992],[75.7399,6.9862],[75.7414,6.9816],[75.7462,6.978],[75.7478,6.9743],[75.7514,6.9671],[75.7506,6.9642],[75.743,6.9633],[75.7394,6.9623],[75.7339,6.962],[75.7309,6.9589],[75.7257,6.956],[75.7209,6.9541],[75.716,6.9574],[75.7138,6.9597],[75.7145,6.9656],[75.714,6.9691],[75.7164,6.9754],[75.7171,6.979],[75.7159,6.9855],[75.7157,6.9896],[75.7188,6.9954],[75.7185,6.9988],[75.7183,7.003],[75.7189,7.007],[75.7204,7.0142],[75.7236,7.0162],[75.7287,7.0178],[75.7329,7.0171],[75.7377,7.0181],[75.7402,7.0199],[75.7419,7.0257],[75.7393,7.0278],[75.7321,7.0223],[75.7294,7.0199],[75.726,7.0151],[75.7243,7.0116],[75.7246,7.0083],[75.727,7.0052],[75.7283,7.0016],[75.7318,6.9993],[75.7334,6.994],[75.7347,6.991],[75.7347,6.9847],[75.7371,6.9819],[75.7434,6.9795],[75.7459,6.9753],[75.7449,6.9695],[75.7442,6.9654],[75.739,6.962],[75.7353,6.9626],[75.7309,6.9588],[75.7288,6.9554],[75.7222,6.9528],[75.7187,6.9516],[75.714,6.9467],[75.7103,6.9445],[75.7051,6.9437],[75.7013,6.9457],[75.6988,6.9491],[75.6966,6.9532],[75.6908,6.9535],[75.6855,6.9527],[75.6818,6.9491],[75.6792,6.9474],[75.674,6.9438],[75.6692,6.9417],[75.6642,6.9383],[75.6596,6.9364],[75.6544,6.9307],[75.6501,6.9297],[75.6417,6.9293],[75.637,6.9294],[75.6292,6.9296],[75.6248,6.9302],[75.6205,6.9357],[75.6175,6.9374],[75.6118,6.935],[75.6111,6.9293],[75.6136,6.9231],[75.6139,6.919],[75.6129,6.9146],[75.6118,6.911],[75.6124,6.9042],[75.6123,6.8983],[75.6115,6.8919],[75.6124,6.888],[75.6145,6.8827],[75.6181,6.8792],[75.6235,6.8768],[75.6263,6.8761],[75.6299,6.8718],[75.6348,6.8696],[75.6384,6.8672],[75.6419,6.8645],[75.6407,6.8588],[75.636,6.856],[75.6311,6.854],[75.6258,6.8526],[75.6179,6.8517],[75.6131,6.8478],[75.6058,6.847],[75.6029,6.8512],[75.5966,6.8526],[75.5923,6.8522],[75.5865,6.8514],[75.5829,6.8533],[75.5782,6.8511],[75.5796,6.8478],[75.586,6.8448],[75.5883,6.8433],[75.5893,6.8378],[75.5865,6.8342],[75.5854,6.8294],[75.5862,6.8252],[75.5869,6.8186],[75.5871,6.8153],[75.5906,6.8099],[75.5954,6.8077],[75.5933,6.8037],[75.5899,6.8035],[75.5831,6.8052],[75.579,6.8058],[75.5727,6.807],[75.5689,6.8075],[75.563,6.8088],[75.5587,6.8086],[75.5535,6.8101],[75.5514,6.8136],[75.553,6.8189],[75.553,6.8232],[75.5463,6.8273],[75.5425,6.8288],[75.5369,6.8273],[75.5336,6.8274],[75.5281,6.8285],[75.5245,6.829],[75.5224,6.8346],[75.5224,6.8389],[75.5239,6.8445],[75.5266,6.8463],[75.5308,6.8497],[75.5291,6.8535],[75.5261,6.8584],[75.5228,6.8594],[75.522,6.8649],[75.5258,6.867],[75.5318,6.87],[75.5306,6.875],[75.5354,6.88],[75.5367,6.8841],[75.5429,6.8877],[75.5476,6.8874],[75.5533,6.8851],[75.5553,6.8821],[75.5572,6.8753],[75.5575,6.8723],[75.5537,6.8679],[75.5494,6.865],[75.5418,6.8642],[75.5387,6.8604],[75.5401,6.8536],[75.5444,6.8517],[75.5499,6.8505],[75.554,6.849],[75.554,6.8416],[75.5513,6.8389],[75.5461,6.8348],[75.5414,6.8313],[75.5368,6.8263],[75.5328,6.8243],[75.5286,6.8207],[75.5252,6.818],[75.5201,6.8133],[75.516,6.8096],[75.5114,6.8047],[75.5096,6.802],[75.5042,6.7971],[75.5009,6.7971],[75.4974,6.8043],[75.4928,6.8069],[75.4885,6.8077],[75.4841,6.808],[75.4792,6.8136],[75.4764,6.8157],[75.4712,6.8196],[75.4706,6.8231],[75.4697,6.8293],[75.4673,6.8339],[75.4595,6.8361],[75.4549,6.836],[75.449,6.8353],[75.4464,6.8319],[75.444,6.8269],[75.4425,6.8221],[75.4399,6.8169],[75.4377,6.8131],[75.4334,6.811],[75.4321,6.8072],[75.4265,6.8032],[75.4248,6.7984],[75.4219,6.7939],[75.4174,6.7949],[75.4133,6.7964],[75.4146,6.8002],[75.4203,6.8049],[75.4248,6.8055],[75.4317,6.8037],[75.4356,6.8027],[75.44,6.7998],[75.4434,6.7976],[75.4431,6.7911],[75.4418,6.7865],[75.4384,6.7842],[75.4366,6.7806],[75.4392,6.774],[75.4392,6.7705],[75.4389,6.7629],[75.4371,6.759],[75.4366,6.7521],[75.4385,6.7488],[75.4403,6.743],[75.4437,6.7403],[75.4503,6.7385],[75.4538,6.7373],[75.4587,6.74],[75.4634,6.7399],[75.471,6.7406],[75.4737,6.7371],[75.4798,6.7336],[75.4836,6.7314],[75.4883,6.7279],[75.491,6.7247],[75.4982,6.723],[75.5004,6.7266],[75.5038,6.7321],[75.5058,6.7352],[75.509,6.7409],[75.5065,6.7446],[75.5021,6.7488],[75.499,6.7488],[75.4976,6.7546],[75.4968,6.7587],[75.4978,6.7643],[75.4986,6.7684],[75.5024,6.7757],[75.5073,6.7774],[75.5117,6.7818],[75.511,6.7837],[75.5065,6.7865],[75.5035,6.7882],[75.499,6.7937],[75.496,6.7959],[75.4907,6.7977],[75.4867,6.7995],[75.4806,6.8001],[75.4777,6.7983],[75.4773,6.7914],[75.4799,6.7868],[75.4797,6.7799],[75.4811,6.7742],[75.4793,6.7671],[75.4758,6.7637],[75.4706,6.7635],[75.4663,6.7613],[75.4593,6.7618],[75.4568,6.7655],[75.455,6.7706],[75.452,6.7733],[75.446,6.7694],[75.4489,6.7668],[75.4553,6.7683],[75.46,6.768],[75.4609,6.7637],[75.4623,6.7593],[75.4573,6.7556],[75.4543,6.7564],[75.4501,6.7608],[75.4452,6.7615],[75.4423,6.7665],[75.4406,6.7701],[75.4344,6.7734],[75.4303,6.7721],[75.4239,6.7745],[75.4195,6.7766],[75.4122,6.7819],[75.4084,6.7838],[75.4049,6.7876],[75.4026,6.7899],[75.4,6.7951],[75.4017,6.8012],[75.403,6.8077],[75.4036,6.8108],[75.4023,6.8177],[75.4027,6.8237],[75.4032,6.8294],[75.4011,6.8328],[75.394,6.8329],[75.3911,6.8353],[75.3904,6.8396],[75.392,6.8423],[75.396,6.8469],[75.3983,6.8497],[75.3991,6.8545],[75.3978,6.8577],[75.3957,6.864],[75.3929,6.8663],[75.391,6.871],[75.391,6.8748],[75.3882,6.881],[75.3874,6.8844],[75.392,6.8886],[75.396,6.8905],[75.4025,6.8918],[75.4052,6.8886],[75.4057,6.8827],[75.4059,6.879],[75.4035,6.8737],[75.3986,6.8759],[75.3928,6.8785],[75.3929,6.8823],[75.3962,6.8883],[75.3978,6.893],[75.4027,6.8992],[75.4053,6.8993],[75.4117,6.8989],[75.4171,6.9013],[75.4172,6.8949],[75.4164,6.8911],[75.4158,6.8847],[75.4129,6.8804],[75.409,6.8772],[75.4065,6.8716],[75.4002,6.8698],[75.3954,6.8697],[75.3897,6.8672],[75.387,6.8642],[75.3835,6.8596],[75.3825,6.856],[75.3818,6.8491],[75.3794,6.8452],[75.3733,6.8427],[75.3697,6.8389],[75.3703,6.8342],[75.3686,6.8294],[75.3736,6.8268],[75.378,6.8265],[75.382,6.8295],[75.3822,6.8353],[75.3855,6.8409],[75.3874,6.8445],[75.3846,6.85],[75.3816,6.8536],[75.3735,6.857],[75.3713,6.8556],[75.3659,6.853],[75.3615,6.8516],[75.3532,6.85],[75.3498,6.8515],[75.3436,6.8539],[75.3389,6.8541],[75.3359,6.8598],[75.3309,6.8631],[75.3287,6.8681],[75.3308,6.871],[75.3352,6.872],[75.3389,6.8708],[75.3429,6.8662],[75.3455,6.8654],[75.3498,6.8697],[75.3539,6.8718],[75.3586,6.875],[75.3584,6.8793],[75.3633,6.8818],[75.3679,6.8837],[75.3718,6.8892],[75.3726,6.8923],[75.3713,6.8976],[75.3689,6.9008],[75.3634,6.9005],[75.3585,6.899],[75.3534,6.8963],[75.351,6.8941],[75.3487,6.8896],[75.3466,6.886],[75.3439,6.8823],[75.3425,6.8778],[75.3375,6.8718],[75.3379,6.8665],[75.3373,6.8607],[75.3353,6.8587],[75.3287,6.8545],[75.3253,6.8517],[75.3191,6.8523],[75.3179,6.8561],[75.3196,6.8599],[75.3217,6.8632],[75.3228,6.8677],[75.3253,6.8696],[75.3301,6.8752],[75.3321,6.8783],[75.3398,6.8743],[75.3452,6.8732],[75.35,6.872],[75.3512,6.8761],[75.3502,6.881],[75.3466,6.8833],[75.345,6.8883],[75.3479,6.8927],[75.353,6.8964],[75.3544,6.8998],[75.356,6.9047],[75.3589,6.9082],[75.3603,6.9146],[75.3584,6.9171],[75.355,6.922],[75.355,6.9265],[75.3568,6.9329],[75.3581,6.9367],[75.3643,6.9408],[75.3686,6.9428],[75.3762,6.9414],[75.3794,6.9408],[75.3822,6.9348],[75.3832,6.9322],[75.3828,6.926],[75.3813,6.9222],[75.3774,6.9176],[75.3736,6.9158],[75.3677,6.9119],[75.3633,6.9115],[75.3625,6.9056],[75.3645,6.902],[75.3691,6.8973],[75.3713,6.8919],[75.3741,6.8876],[75.3768,6.8848],[75.3827,6.8836],[75.3858,6.8839],[75.3883,6.89],[75.3886,6.8938],[75.3935,6.8965],[75.3979,6.8961],[75.4038,6.8927],[75.4042,6.8891],[75.3996,6.8858],[75.396,6.886],[75.389,6.8846],[75.386,6.8871],[75.3806,6.8912],[75.3759,6.8937],[75.3688,6.8972],[75.3712,6.9],[75.3746,6.9052],[75.3755,6.9096],[75.3772,6.915],[75.3785,6.9191],[75.3747,6.9258],[75.3744,6.9306],[75.3768,6.9375],[75.376,6.9415],[75.3709,6.9428],[75.3672,6.9412],[75.3663,6.9364],[75.3674,6.9323],[75.3671,6.9259],[75.3646,6.9215],[75.3599,6.925],[75.3569,6.9266],[75.3498,6.9265],[75.347,6.9267],[75.3401,6.9267],[75.3357,6.927],[75.3294,6.9295],[75.3274,6.9314],[75.3234,6.9332],[75.3189,6.9348],[75.3121,6.9372],[75.3114,6.9422],[75.3133,6.9469],[75.3139,6.9503],[75.3152,6.9568],[75.3167,6.9611],[75.3181,6.9668],[75.3164,6.9707],[75.3094,6.9692],[75.3071,6.9653],[75.3033,6.9597],[75.2986,6.957],[75.2947,6.9512],[75.2917,6.9485],[75.2872,6.9473],[75.2891,6.9504],[75.2891,6.9579],[75.2894,6.9627],[75.2937,6.9657],[75.2977,6.9652],[75.3044,6.9645],[75.3095,6.9637],[75.3142,6.9595],[75.3168,6.9564],[75.3206,6.9506],[75.3234,6.9492],[75.3306,6.9506],[75.3352,6.9498],[75.3413,6.9448],[75.3393,6.94],[75.3379,6.9355],[75.3362,6.9306],[75.3327,6.9241],[75.3321,6.9203],[75.3283,6.9178],[75.3263,6.9154],[75.3215,6.9096],[75.3186,6.9073],[75.3153,6.9105],[75.3098,6.9123],[75.3027,6.912],[75.2988,6.9139],[75.2976,6.9197],[75.3006,6.9223],[75.3087,6.921],[75.3121,6.9205],[75.3166,6.9235],[75.3178,6.9275],[75.3203,6.9333],[75.3198,6.9372],[75.3154,6.9423],[75.3093,6.9426],[75.3037,6.9388],[75.2999,6.9359],[75.2951,6.9327],[75.2892,6.9318],[75.2842,6.9288],[75.2797,6.9267],[75.2709,6.9269],[75.2675,6.926],[75.2611,6.9274],[75.2597,6.9314],[75.2593,6.9385],[75.2581,6.9418],[75.254,6.9467],[75.2508,6.9466],[75.2444,6.9471],[75.2435,6.9496],[75.2444,6.956],[75.2435,6.9606],[75.2447,6.9655],[75.2473,6.9677],[75.25,6.9751],[75.2498,6.9791],[75.2484,6.9838],[75.2464,6.9882],[75.2414,6.9919],[75.2393,6.9958],[75.2318,6.9982],[75.2276,6.9989],[75.2209,7.0014],[75.2165,7.003],[75.2107,7.0042],[75.2061,7.0042],[75.2005,7.0034],[75.1965,7.0027],[75.1912,7.0049],[75.186,7.005],[75.1854,6.9992],[75.1871,6.996],[75.189,6.9904],[75.1916,6.9876],[75.1919,6.9814],[75.1948,6.9794],[75.1993,6.976],[75.2041,6.9743],[75.211,6.9737],[75.2148,6.9755],[75.2216,6.9767],[75.2253,6.9788],[75.2296,6.9826],[75.2326,6.9817],[75.237,6.9783],[75.2411,6.9772],[75.2485,6.9763],[75.2518,6.975],[75.2573,6.9748],[75.2621,6.974],[75.267,6.9708],[75.2713,6.9702],[75.2771,6.9698],[75.2805,6.9725],[75.2803,6.979],[75.2831,6.983],[75.283,6.9893],[75.2817,6.9932],[75.278,6.9984],[75.2777,7.001],[75.2779,7.0083],[75.2771,7.0119],[75.2783,7.0193],[75.2779,7.0236],[75.28,7.0284],[75.2821,7.0333],[75.2839,7.0402],[75.2799,7.0431],[75.2741,7.0504],[75.2739,7.0529],[75.274,7.0599],[75.2705,7.0624],[75.2627,7.0635],[75.2615,7.0677],[75.2581,7.0701],[75.2582,7.0742],[75.2609,7.0806],[75.2638,7.084],[75.2647,7.0916],[75.2663,7.0956],[75.2667,7.1015],[75.2635,7.1016],[75.2596,7.0979],[75.26,7.0934],[75.2623,7.0872],[75.2631,7.0828],[75.2629,7.0778],[75.2637,7.0737],[75.2679,7.0705],[75.2727,7.0702],[75.2783,7.0673],[75.2809,7.064],[75.2829,7.0561],[75.2829,7.0532],[75.2853,7.047],[75.2861,7.0427],[75.2843,7.0383],[75.2795,7.039],[75.2744,7.0365],[75.2701,7.0349],[75.2668,7.0315],[75.2647,7.0294],[75.2613,7.0273],[75.2571,7.0284],[75.2507,7.0276],[75.2459,7.0277],[75.24,7.0327],[75.2376,7.0344],[75.2315,7.0366],[75.2273,7.0368],[75.2204,7.0377],[75.2161,7.036],[75.211,7.0335],[75.2068,7.0371],[75.2002,7.0365],[75.1973,7.036],[75.1922,7.0358],[75.19,7.0326],[75.1835,7.0322],[75.1799,7.0307],[75.1729,7.0339],[75.1699,7.038],[75.165,7.0433],[75.1604,7.0446],[75.1533,7.0445],[75.1475,7.0437],[75.142,7.0479],[75.1381,7.0479],[75.1326,7.0523],[75.1304,7.0557],[75.1331,7.061],[75.1334,7.0647],[75.1311,7.0723],[75.1306,7.0773],[75.1292,7.0832],[75.1288,7.088],[75.1265,7.0925],[75.1215,7.0954],[75.119,7.0919],[75.1173,7.0868],[75.1185,7.082],[75.123,7.0831],[75.1237,7.0897],[75.1191,7.0926],[75.1141,7.0977],[75.1152,7.1021],[75.1161,7.1078],[75.117,7.1117],[75.1218,7.1156],[75.1197,7.121],[75.1168,7.128],[75.1195,7.1324],[75.1254,7.137],[75.1277,7.1398],[75.1334,7.1443],[75.1345,7.1481],[75.1359,7.1534],[75.1336,7.1579],[75.1288,7.1619],[75.1285,7.1685],[75.1252,7.173],[75.1274,7.1773],[75.1335,7.1807],[75.1375,7.1824],[75.1396,7.1895]]},"properties":{"mmsi":998248285,"name":"SYN-FSH-01","role":"background","vessel_type":30,"synthetic":true,"t_offset_s":[-259200,-258960,-258600,-258360,-258000,-257760,-257400,-257160,-256800,-256560,-256200,-255960,-255600,-255360,-255000,-254760,-254400,-254160,-253800,-253560,-253200,-252960,-252600,-252360,-252000,-251760,-251400,-251160,-250800,-250560,-250200,-249960,-249600,-249360,-249000,-248760,-248400,-248160,-247800,-247560,-247200,-246960,-246600,-246360,-246000,-245760,-245400,-245160,-244800,-244560,-244200,-243960,-243600,-243360,-243000,-242760,-242400,-242160,-241800,-241560,-241200,-240960,-240600,-240360,-240000,-239760,-239400,-239160,-238800,-238560,-238200,-237960,-237600,-237360,-237000,-236760,-236400,-236160,-235800,-235560,-235200,-234960,-234600,-234360,-234000,-233760,-233400,-233160,-232800,-232560,-232200,-231960,-231600,-231360,-231000,-230760,-230400,-230160,-229800,-229560,-229200,-228960,-228600,-228360,-228000,-227760,-227400,-227160,-226800,-226560,-226200,-225960,-225600,-225360,-225000,-224760,-224400,-224160,-223800,-223560,-223200,-222960,-222600,-222360,-222000,-221760,-221400,-221160,-220800,-220560,-220200,-219960,-219600,-219360,-219000,-218760,-218400,-218160,-217800,-217560,-217200,-216960,-216600,-216360,-216000,-215760,-215400,-215160,-214800,-214560,-214200,-213960,-213600,-213360,-213000,-212760,-212400,-212160,-211800,-211560,-211200,-210960,-210600,-210360,-210000,-209760,-209400,-209160,-208800,-208560,-208200,-207960,-207600,-207360,-207000,-206760,-206400,-206160,-205800,-205560,-205200,-204960,-204600,-204360,-204000,-203760,-203400,-203160,-202800,-202560,-202200,-201960,-201600,-201360,-201000,-200760,-200400,-200160,-199800,-199560,-199200,-198960,-198600,-198360,-198000,-197760,-197400,-197160,-196800,-196560,-196200,-195960,-195600,-195360,-195000,-194760,-194400,-194160,-193800,-193560,-193200,-192960,-192600,-192360,-192000,-191760,-191400,-191160,-190800,-190560,-190200,-189960,-189600,-189360,-189000,-188760,-188400,-188160,-187800,-187560,-187200,-186960,-186600,-186360,-186000,-185760,-185400,-185160,-184800,-184560,-184200,-183960,-183600,-183360,-183000,-182760,-182400,-182160,-181800,-181560,-181200,-180960,-180600,-180360,-180000,-179760,-179400,-179160,-178800,-178560,-178200,-177960,-177600,-177360,-177000,-176760,-176400,-176160,-175800,-175560,-175200,-174960,-174600,-174360,-174000,-173760,-173400,-173160,-172800,-172560,-172200,-171960,-171600,-171360,-171000,-170760,-170400,-170160,-169800,-169560,-169200,-168960,-168600,-168360,-168000,-167760,-167400,-167160,-166800,-166560,-166200,-165960,-165600,-165360,-165000,-164760,-164400,-164160,-163800,-163560,-163200,-162960,-162600,-162360,-162000,-161760,-161400,-161160,-160800,-160560,-160200,-159960,-159600,-159360,-159000,-158760,-158400,-158160,-157800,-157560,-157200,-156960,-156600,-156360,-156000,-155760,-155400,-155160,-154800,-154560,-154200,-153960,-153600,-153360,-153000,-152760,-152400,-152160,-151800,-151560,-151200,-150960,-150600,-150360,-150000,-149760,-149400,-149160,-148800,-148560,-148200,-147960,-147600,-147360,-147000,-146760,-146400,-146160,-145800,-145560,-145200,-144960,-144600,-144360,-144000,-143760,-143400,-143160,-142800,-142560,-142200,-141960,-141600,-141360,-141000,-140760,-140400,-140160,-139800,-139560,-139200,-138960,-138600,-138360,-138000,-137760,-137400,-137160,-136800,-136560,-136200,-135960,-135600,-135360,-135000,-134760,-134400,-134160,-133800,-133560,-133200,-132960,-132600,-132360,-132000,-131760,-131400,-131160,-130800,-130560,-130200,-129960,-129600,-129360,-129000,-128760,-128400,-128160,-127800,-127560,-127200,-126960,-126600,-126360,-126000,-125760,-125400,-125160,-124800,-124560,-124200,-123960,-123600,-123360,-123000,-122760,-122400,-122160,-121800,-121560,-121200,-120960,-120600,-120360,-120000,-119760,-119400,-119160,-118800,-118560,-118200,-117960,-117600,-117360,-117000,-116760,-116400,-116160,-115800,-115560,-115200,-114960,-114600,-114360,-114000,-113760,-113400,-113160,-112800,-112560,-112200,-111960,-111600,-111360,-111000,-110760,-110400,-110160,-109800,-109560,-109200,-108960,-108600,-108360,-108000,-107760,-107400,-107160,-106800,-106560,-106200,-105960,-105600,-105360,-105000,-104760,-104400,-104160,-103800,-103560,-103200,-102960,-102600,-102360,-102000,-101760,-101400,-101160,-100800,-100560,-100200,-99960,-99600,-99360,-99000,-98760,-98400,-98160,-97800,-97560,-97200,-96960,-96600,-96360,-96000,-95760,-95400,-95160,-94800,-94560,-94200,-93960,-93600,-93360,-93000,-92760,-92400,-92160,-91800,-91560,-91200,-90960,-90600,-90360,-90000,-89760,-89400,-89160,-88800,-88560,-88200,-87960,-87600,-87360,-87000,-86760,-86400,-86160,-85800,-85560,-85200,-84960,-84600,-84360,-84000,-83760,-83400,-83160,-82800,-82560,-82200,-81960,-81600,-81360,-81000,-80760,-80400,-80160,-79800,-79560,-79200,-78960,-78600,-78360,-78000,-77760,-77400,-77160,-76800,-76560,-76200,-75960,-75600,-75360,-75000,-74760,-74400,-74160,-73800,-73560,-73200,-72960,-72600,-72360,-72000,-71760,-71400,-71160,-70800,-70560,-70200,-69960,-69600,-69360,-69000,-68760,-68400,-68160,-67800,-67560,-67200,-66960,-66600,-66360,-66000,-65760,-65400,-65160,-64800,-64560,-64200,-63960,-63600,-63360,-63000,-62760,-62400,-62160,-61800,-61560,-61200,-60960,-60600,-60360,-60000,-59760,-59400,-59160,-58800,-58560,-58200,-57960,-57600,-57360,-57000,-56760,-56400,-56160,-55800,-55560,-55200,-54960,-54600,-54360,-54000,-53760,-53400,-53160,-52800,-52560,-52200,-51960,-51600,-51360,-51000,-50760,-50400,-50160,-49800,-49560,-49200,-48960,-48600,-48360,-48000,-47760,-47400,-47160,-46800,-46560,-46200,-45960,-45600,-45360,-45000,-44760,-44400,-44160,-43800,-43560,-43200,-42960,-42600,-42360,-42000,-41760,-41400,-41160,-40800,-40560,-40200,-39960,-39600,-39360,-39000,-38760,-38400,-38160,-37800,-37560,-37200,-36960,-36600,-36360,-36000,-35760,-35400,-35160,-34800,-34560,-34200,-33960,-33600,-33360,-33000,-32760,-32400,-32160,-31800,-31560,-31200,-30960,-30600,-30360,-30000,-29760,-29400,-29160,-28800,-28560,-28200,-27960,-27600,-27360,-27000,-26760,-26400,-26160,-25800,-25560,-25200,-24960,-24600,-24360,-24000,-23760,-23400,-23160,-22800,-22560,-22200,-21960,-21600,-21360,-21000,-20760,-20400,-20160,-19800,-19560,-19200,-18960,-18600,-18360,-18000,-17760,-17400,-17160,-16800,-16560,-16200,-15960,-15600,-15360,-15000,-14760,-14400,-14160,-13800,-13560,-13200,-12960,-12600,-12360,-12000,-11760,-11400,-11160,-10800,-10560,-10200,-9960,-9600,-9360,-9000,-8760,-8400,-8160,-7800,-7560,-7200,-6960,-6600,-6360,-6000,-5760,-5400,-5160,-4800,-4560,-4200,-3960,-3600,-3360,-3000,-2760,-2400,-2160,-1800,-1560,-1200,-960,-600,-360,0,240,600,840,1200,1440,1800,2040,2400,2640,3000,3240,3600,3840,4200,4440,4800,5040,5400,5640,6000,6240,6600,6840,7200,7440,7800,8040,8400,8640,9000,9240,9600,9840,10200,10440,10800,11040,11400,11640,12000,12240,12600,12840,13200,13440,13800,14040,14400,14640,15000,15240,15600,15840,16200,16440,16800,17040,17400,17640,18000,18240,18600,18840,19200,19440,19800,20040,20400,20640,21000,21240,21600,21840,22200,22440,22800,23040,23400,23640,24000,24240,24600,24840,25200,25440,25800,26040,26400,26640,27000,27240,27600,27840,28200,28440,28800,29040,29400,29640,30000,30240,30600,30840,31200,31440,31800,32040,32400,32640,33000,33240,33600,33840,34200,34440,34800,35040,35400,35640,36000,36240,36600,36840,37200,37440,37800,38040,38400,38640,39000,39240,39600,39840,40200,40440,40800,41040,41400,41640,42000,42240,42600,42840,43200,43440,43800,44040,44400,44640,45000,45240,45600,45840,46200,46440,46800,47040,47400,47640,48000,48240,48600,48840,49200,49440,49800,50040,50400,50640,51000,51240,51600,51840,52200,52440,52800,53040,53400,53640,54000,54240,54600,54840,55200,55440,55800,56040,56400,56640,57000,57240,57600,57840,58200,58440,58800,59040,59400,59640,60000,60240,60600,60840,61200,61440,61800,62040,62400,62640,63000,63240,63600,63840,64200,64440,64800,65040,65400,65640,66000,66240,66600,66840,67200,67440,67800,68040,68400,68640,69000,69240,69600,69840,70200,70440,70800,71040,71400,71640,72000,72240,72600,72840,73200,73440,73800,74040,74400,74640,75000,75240,75600,75840,76200,76440,76800,77040,77400,77640,78000,78240,78600,78840,79200,79440,79800,80040,80400,80640,81000,81240,81600,81840,82200,82440,82800,83040,83400,83640,84000,84240,84600,84840,85200,85440,85800,86040,86400],"sog":[4.4,4.1,4.2,3.4,3.9,2.6,3.4,3.8,4.6,3.1,5.8,2.0,4.0,2.9,2.9,2.4,4.4,4.2,3.9,2.2,4.4,2.0,5.2,3.9,1.5,3.7,3.9,4.3,4.1,5.0,3.7,5.6,3.1,4.2,5.1,4.2,5.0,6.8,4.9,4.2,4.9,4.1,2.1,4.0,3.0,4.7,3.3,3.8,5.5,4.2,2.8,4.5,4.6,3.4,3.0,2.9,5.3,7.3,3.8,4.5,7.2,6.6,4.6,4.3,4.9,3.7,4.6,3.2,4.2,3.8,4.1,3.6,2.6,4.3,3.8,3.8,3.0,3.4,2.7,2.3,3.8,4.0,4.0,3.8,3.7,4.6,3.4,4.9,2.6,2.3,2.6,3.7,5.5,3.4,1.1,4.1,3.1,3.8,3.6,3.1,4.2,4.0,1.7,5.6,3.2,5.2,2.5,3.9,3.0,1.6,2.1,3.9,3.4,2.4,3.4,5.0,2.3,4.7,3.1,4.0,3.4,4.2,5.0,4.9,2.9,3.1,4.3,3.3,2.4,3.8,4.4,4.0,2.5,3.8,5.4,4.8,4.2,4.6,2.4,3.0,3.4,3.0,3.2,5.6,4.8,4.7,3.6,5.1,4.3,3.2,5.4,3.4,5.0,3.7,2.4,3.2,2.8,4.1,3.5,4.1,3.6,5.7,4.4,1.8,4.4,3.9,4.5,3.0,3.2,4.0,4.6,3.5,5.1,5.5,4.1,3.6,3.4,4.9,4.2,2.7,4.7,4.5,4.9,2.7,3.7,2.3,3.9,4.2,2.8,4.8,5.2,3.8,5.1,4.5,3.1,2.9,3.4,4.5,4.9,4.3,4.3,4.8,3.5,2.8,3.2,2.7,4.4,5.9,1.8,4.2,4.7,4.8,3.2,3.3,4.5,4.3,5.1,4.1,3.2,2.4,3.3,6.0,5.3,4.0,5.8,4.3,4.3,3.6,3.3,3.0,4.0,5.0,0.9,5.0,2.9,4.2,4.0,3.0,2.7,3.0,4.2,5.0,4.1,5.5,3.4,4.3,4.1,3.7,3.4,5.2,2.6,3.0,4.6,3.5,3.5,3.6,4.5,3.4,3.9,3.3,2.3,2.1,2.6,3.1,5.3,4.7,5.1,2.1,3.8,4.3,2.5,3.2,5.6,4.0,5.9,4.1,4.6,2.4,4.6,5.2,5.1,3.7,3.6,4.1,2.9,4.9,4.0,4.1,3.8,3.5,3.9,3.7,4.6,3.6,3.6,4.3,6.4,3.8,2.9,4.6,5.4,3.4,4.8,3.7,4.1,4.8,3.7,4.8,2.1,3.5,4.8,2.2,5.4,2.6,3.9,4.5,5.0,4.5,4.1,2.4,4.9,3.0,3.3,3.9,4.4,3.9,3.7,4.0,2.7,6.4,4.4,2.9,3.9,5.4,4.2,3.9,3.1,4.6,3.1,4.2,1.0,3.4,3.6,5.1,2.7,3.6,4.7,5.4,4.6,2.7,3.6,5.2,4.3,3.3,4.5,4.5,4.2,3.3,1.5,3.6,5.2,3.8,2.4,3.3,2.5,4.8,4.7,3.9,3.8,3.8,4.0,3.5,2.9,4.9,3.9,2.9,3.1,4.4,4.4,2.4,2.9,4.3,4.6,3.7,1.9,2.1,3.3,3.6,3.1,2.4,4.0,4.2,4.6,4.3,3.7,3.1,4.0,2.2,4.8,4.7,3.2,6.1,5.6,2.8,2.9,2.2,2.5,4.5,3.9,2.8,1.6,4.4,4.1,3.5,2.6,2.9,3.2,5.2,0.8,3.8,2.8,3.2,3.8,5.1,3.7,4.1,2.3,1.6,3.7,3.2,5.2,2.8,3.6,2.7,4.1,5.0,4.7,4.3,4.1,3.5,4.7,5.6,4.1,3.5,3.7,4.1,4.6,4.3,3.7,2.4,5.2,3.4,5.6,3.8,4.9,3.7,4.7,5.4,4.2,2.8,3.2,4.0,4.4,3.0,3.6,5.0,3.2,2.0,4.9,3.5,4.9,2.6,4.6,3.8,4.8,4.0,1.2,3.8,5.1,3.4,1.8,4.1,3.6,2.7,5.1,2.9,5.8,3.8,4.7,4.6,1.3,2.5,1.9,3.1,4.1,4.2,2.9,3.5,4.1,3.5,3.7,3.5,3.1,3.5,2.6,3.1,3.3,3.9,4.1,3.3,3.9,2.6,2.3,5.2,4.4,4.0,2.5,2.6,3.5,4.0,3.8,4.6,5.4,3.1,5.3,4.9,5.2,4.2,4.4,1.1,4.3,5.4,3.9,3.9,2.2,3.8,4.0,5.6,4.5,3.6,4.5,4.2,3.3,2.9,2.0,4.4,2.2,3.3,4.9,4.3,1.9,4.3,5.6,5.5,3.6,3.9,3.6,2.7,4.3,3.2,3.4,4.0,3.5,1.3,3.6,3.0,3.1,4.6,3.6,1.8,3.6,3.6,4.3,3.4,4.2,3.9,4.4,5.1,4.6,4.4,2.8,3.5,3.4,3.6,5.6,3.5,4.4,1.4,4.6,4.0,2.5,5.4,3.7,2.5,1.6,3.3,4.4,3.7,5.3,4.3,3.9,5.1,4.2,2.3,5.4,4.0,4.1,3.5,3.3,3.4,2.8,3.8,4.4,3.9,3.6,4.0,3.3,3.9,5.6,3.9,5.4,5.2,4.1,3.5,4.1,4.4,3.4,6.5,2.8,3.8,4.5,2.4,4.8,3.6,2.1,4.7,3.7,3.7,3.7,4.1,4.5,4.5,4.4,4.3,2.4,3.9,3.6,3.5,2.9,3.5,3.5,2.9,4.3,5.6,3.0,4.3,3.2,4.2,4.0,5.9,4.8,3.7,2.5,3.5,5.5,4.1,3.0,2.2,4.0,2.4,5.0,4.4,4.7,3.8,2.6,3.2,3.2,4.2,3.2,5.1,3.4,3.7,3.8,3.7,6.4,4.6,5.0,5.7,5.2,2.7,4.8,4.0,5.0,3.7,2.0,3.3,3.0,4.7,5.1,4.9,3.8,2.4,2.4,3.1,3.8,4.2,4.3,3.4,3.3,2.3,3.0,5.0,2.5,4.4,4.2,5.4,3.9,3.6,3.7,5.3,2.9,3.3,4.7,2.7,5.2,3.7,4.4,4.1,3.3,2.7,2.6,5.1,3.0,4.0,4.6,4.6,4.8,3.2,5.0,4.1,2.9,4.9,3.9,6.5,5.2,4.0,3.6,5.4,2.7,3.8,4.3,3.3,2.7,2.3,3.6,3.3,3.5,3.9,4.0,3.5,1.7,4.0,4.0,2.6,4.5,3.5,3.3,4.0,3.9,3.6,3.5,5.4,4.4,3.6,4.1,5.2,4.0,1.7,2.6,5.1,5.5,3.3,4.5,4.2,2.7,4.9,4.4,3.7,4.3,3.7,3.8,4.1,4.4,2.9,4.2,5.5,3.0,4.5,3.7,4.2,3.4,4.5,4.3,3.8,3.3,3.6,4.9,2.9,3.3,4.6,5.0,2.7,3.8,3.1,3.4,4.8,2.8,4.3,3.0,2.8,2.8,1.6,4.4,5.2,3.3,3.4,3.4,4.2,2.4,3.3,4.3,3.1,2.7,4.0,5.0,3.8,2.5,4.7,3.1,3.8,3.1,4.3,4.1,2.9,4.7,3.7,4.3,4.1,0.7,4.8,4.1,4.3,3.1,3.5,4.3,4.6,4.3,4.6,3.4,3.2,3.0,3.9,3.3,2.2,3.2,4.7,3.9,1.7,3.9,3.9,5.3,3.8,5.5,4.5,4.0,3.8,5.4,0.6,5.0,3.3,2.9,5.3,4.7,4.3,2.8,3.0,5.4,5.8,2.7,3.6,4.1,3.1,4.5,3.4,3.6,4.4,2.5,3.0,5.5,2.4,3.1,3.5,4.3,5.3,4.6,3.8,4.1,4.4,5.0,3.6,4.9,5.0,3.6,3.4,4.1,3.5,3.1,3.1,4.1,4.8,3.8,3.3,2.9,3.3,4.8,3.8,4.8,2.8,2.0,4.1,5.2,5.9,2.9,3.2,3.8,3.8,4.1,3.4,4.5,4.6,5.0,4.6,3.9,4.0,2.2,4.1,4.2,4.5,2.6,3.4,3.9,4.3,4.8,3.0,3.7,3.4,2.8,5.1,4.8,4.1,3.3,4.4,4.8,3.5,2.5,4.2,4.7,3.9,4.3,5.5,3.8,3.9,3.5,4.3,4.9,3.1,1.7,3.4,2.8,3.5,4.8,4.3,4.3,4.4,3.0,4.3,4.0,3.0,5.4,2.8,3.7,5.4,4.3,2.7,4.2,2.9,5.1,2.7,3.9,4.7,3.0,3.5,3.8,3.2,4.6,5.5,3.2,4.4,4.1,4.3,6.2,5.0,4.7,3.0,4.3,3.2,3.1,6.1,3.7,2.4,2.7,4.1,4.8,3.3,3.9,4.2,3.3,3.8,2.9,3.8,2.7,3.2,2.4,3.1,3.9,4.5,5.0,4.5,4.6,3.2,3.9,4.6,3.7,5.3,4.4,3.4,4.2,1.9,3.7,4.2,5.1,4.9,4.0,6.1,5.1,4.1,5.4,2.4,6.4,3.8,3.7,4.6,2.7,5.1,4.4,5.1,6.2,5.0,2.7,2.5,4.5,3.5,2.7,4.6,2.6,3.3,4.3,4.5,1.5,2.3,5.4,3.7,4.4,2.8,2.2,4.7,3.1,2.6,3.1,3.2,2.5,2.6,3.8,4.5,5.4,3.0,4.2,3.0,4.5,4.3,4.1,4.9,4.3,2.7,2.8,4.9,3.3,2.7,5.3,5.2,2.9,4.3,5.0,5.3,5.1,2.5,5.5,3.5,4.0,4.2,3.5,4.8,3.9,5.6,3.5,5.2,3.8,4.5,2.3,4.8,4.0,4.7,3.4,4.9,4.1,4.2,3.0,5.1,4.1,4.5,4.9,2.7,3.7,4.6,4.4,5.0,3.6,5.7,4.7,4.0,3.6,2.8,4.5]}},{"type":"Feature","geometry":{"type":"LineString","coordinates":[[76.907,8.1348],[76.9127,8.1248],[76.9208,8.1101],[76.9261,8.1],[76.9348,8.0851],[76.9405,8.0755],[76.9483,8.061],[76.9536,8.0518],[76.962,8.0369],[76.9677,8.0271],[76.9756,8.0124],[76.9809,8.0031],[76.9891,7.9882],[76.9948,7.9784],[77.003,7.9642],[77.0079,7.9545],[77.0166,7.9401],[77.0224,7.9301],[77.0312,7.9155],[77.0375,7.9057],[77.0457,7.8924],[77.0513,7.8829],[77.06,7.8684],[77.0659,7.8587],[77.0746,7.8434],[77.0806,7.8341],[77.09,7.8198],[77.0959,7.8106],[77.1049,7.7962],[77.1111,7.7867],[77.1205,7.7727],[77.1265,7.7638],[77.1357,7.7494],[77.1421,7.7399],[77.1515,7.7254],[77.1575,7.7165],[77.1669,7.7026],[77.1729,7.693],[77.1818,7.6789],[77.1879,7.6694],[77.1969,7.6557],[77.2029,7.6461],[77.2122,7.6321],[77.2182,7.6235],[77.2275,7.6088],[77.2336,7.5995],[77.2425,7.5857],[77.2491,7.5755],[77.2581,7.5614],[77.264,7.5523],[77.2728,7.5382],[77.2787,7.5284],[77.2878,7.5139],[77.2941,7.5041],[77.3033,7.4897],[77.3093,7.4802],[77.3186,7.4666],[77.325,7.4572],[77.3338,7.4432],[77.3399,7.4342],[77.3482,7.4202],[77.3539,7.4111],[77.3626,7.3971],[77.3685,7.3874],[77.3782,7.3731],[77.3847,7.3638],[77.3946,7.3497],[77.4008,7.3407],[77.4105,7.3266],[77.4165,7.3172],[77.4255,7.3034],[77.4322,7.2939],[77.4418,7.2798],[77.4477,7.2709],[77.4573,7.256],[77.4631,7.247],[77.4726,7.2329],[77.4791,7.2242],[77.4884,7.2101],[77.4952,7.2008],[77.5051,7.1874],[77.5115,7.1787],[77.5216,7.1645],[77.5283,7.1554],[77.5384,7.1416],[77.5449,7.1321],[77.5542,7.1188],[77.5606,7.1093],[77.57,7.0955],[77.5766,7.0859],[77.5862,7.0715],[77.5921,7.0619],[77.6014,7.0476],[77.6076,7.0384],[77.6173,7.0238],[77.6233,7.0144],[77.6329,7.0007],[77.6392,6.9914],[77.6488,6.977],[77.6551,6.9674],[77.6651,6.9532],[77.6717,6.9436],[77.6811,6.9299],[77.6875,6.9203],[77.6965,6.9066],[77.7027,6.8969],[77.7121,6.8827],[77.7187,6.8733],[77.7281,6.859],[77.7347,6.8503],[77.744,6.8365],[77.7506,6.8273],[77.7597,6.8135],[77.7666,6.8038],[77.7761,6.7899],[77.7822,6.7803],[77.7916,6.7662],[77.7981,6.7567],[77.8074,6.7425],[77.8139,6.7333],[77.8228,6.7189],[77.829,6.7097],[77.8392,6.6955],[77.8458,6.6863],[77.8558,6.6727],[77.8627,6.6636],[77.8722,6.6505],[77.8789,6.6413],[77.8892,6.6274],[77.8958,6.6188],[77.9059,6.6052],[77.9125,6.5962],[77.9227,6.5831],[77.9296,6.5735],[77.9398,6.5599],[77.9464,6.5506],[77.9564,6.537],[77.9633,6.5278],[77.9734,6.5147],[77.9802,6.505],[77.9905,6.491],[77.9975,6.4814],[78.0068,6.468],[78.0129,6.4586],[78.0224,6.4442],[78.0288,6.4352],[78.0386,6.4201],[78.0441,6.4112],[78.0532,6.3964],[78.0597,6.3869],[78.069,6.3729],[78.075,6.3636],[78.0837,6.3497],[78.0906,6.3401],[78.0999,6.3265],[78.106,6.3168],[78.1155,6.3034],[78.1217,6.2937],[78.13,6.2795],[78.1368,6.2697],[78.1453,6.2559],[78.1514,6.2465],[78.1604,6.2316],[78.1664,6.2218],[78.1755,6.2067],[78.1812,6.1974],[78.19,6.1822],[78.1956,6.1726],[78.2039,6.1581],[78.2092,6.1484],[78.2171,6.134],[78.2224,6.1239],[78.2304,6.1091],[78.2359,6.0993],[78.2438,6.0842],[78.249,6.0738],[78.2571,6.0592],[78.2625,6.049],[78.2707,6.0337],[78.276,6.0241],[78.2836,6.0095],[78.2891,5.9993],[78.2969,5.9844],[78.3021,5.9747],[78.3101,5.9595],[78.3152,5.9489],[78.3233,5.9339],[78.3283,5.9237],[78.3366,5.9086],[78.3418,5.8985],[78.35,5.8835],[78.3554,5.8738],[78.3636,5.8591],[78.3689,5.8493],[78.3776,5.8345],[78.3838,5.8243],[78.3925,5.8099],[78.3984,5.8004],[78.4078,5.7862],[78.4138,5.777],[78.4223,5.7619],[78.4284,5.7524],[78.4378,5.7381],[78.444,5.7286],[78.4524,5.714],[78.4587,5.7043],[78.4673,5.6897],[78.4733,5.6805],[78.4822,5.6659],[78.4874,5.6562],[78.4964,5.6419],[78.5025,5.632],[78.5105,5.6181],[78.5161,5.6082],[78.5244,5.5936],[78.5304,5.584],[78.5387,5.5684],[78.5445,5.5586],[78.5533,5.5438],[78.5593,5.5341],[78.5686,5.5198],[78.5744,5.5102],[78.5837,5.4963],[78.5902,5.4867],[78.5996,5.4726],[78.6058,5.463],[78.6146,5.4496],[78.621,5.439],[78.6303,5.4248],[78.6363,5.4153],[78.6445,5.4015],[78.6501,5.3917],[78.6585,5.3769],[78.6643,5.3678],[78.6727,5.3525],[78.6783,5.3429],[78.6869,5.3282],[78.6924,5.3181],[78.7006,5.3034],[78.706,5.2935],[78.714,5.279],[78.7193,5.2689],[78.7276,5.2544],[78.7331,5.2443],[78.7412,5.2302],[78.7468,5.2202],[78.7549,5.2053],[78.7604,5.1958],[78.7676,5.1804],[78.7731,5.1708],[78.7804,5.1553],[78.7854,5.1448],[78.7923,5.1304],[78.7972,5.1204],[78.8043,5.1049],[78.8087,5.0954],[78.8159,5.0799],[78.8205,5.0692],[78.8271,5.0541],[78.8316,5.044],[78.8382,5.028],[78.8429,5.0179],[78.8496,5.0024],[78.8544,4.9918],[78.861,4.976],[78.8655,4.9656],[78.872,4.9507],[78.8767,4.94],[78.884,4.9243],[78.8883,4.9135],[78.895,4.8982],[78.8994,4.8873],[78.9051,4.8721],[78.9099,4.8612],[78.9157,4.8455],[78.9199,4.8347],[78.9262,4.819],[78.9303,4.8082],[78.9359,4.7923],[78.9403,4.7817],[78.9467,4.7662],[78.9505,4.756],[78.9567,4.7402],[78.9606,4.7296],[78.9662,4.7139],[78.9702,4.703],[78.9758,4.6868],[78.9796,4.6764],[78.9853,4.6604],[78.989,4.6492],[78.995,4.6338],[78.9987,4.6225],[79.0048,4.6073],[79.0089,4.597],[79.0155,4.5802],[79.0192,4.5693],[79.0251,4.5539],[79.029,4.5431],[79.0348,4.5275],[79.0387,4.5166],[79.0451,4.5011],[79.0491,4.4903],[79.0556,4.4741],[79.0592,4.4642],[79.0651,4.4483],[79.0688,4.4382],[79.0744,4.4221],[79.0779,4.4116],[79.0835,4.3955],[79.0877,4.3848],[79.0928,4.3685],[79.0964,4.358],[79.1016,4.3416],[79.1051,4.331],[79.1104,4.3153],[79.1138,4.305],[79.1191,4.2887],[79.1225,4.2784],[79.1283,4.2625],[79.1317,4.2523],[79.1374,4.2367],[79.141,4.2261],[79.1472,4.21],[79.1507,4.1996],[79.1569,4.1836],[79.1602,4.1728],[79.1663,4.1564],[79.1703,4.1458],[79.1757,4.1309],[79.1799,4.1204],[79.1855,4.105],[79.1899,4.094],[79.1959,4.0785],[79.1999,4.0681],[79.2057,4.0528],[79.2097,4.0421],[79.2162,4.0271],[79.2202,4.0174],[79.2267,4.0015],[79.2308,3.9915],[79.2373,3.9761],[79.2414,3.9655],[79.2477,3.9495],[79.2512,3.9391],[79.2568,3.9233],[79.2606,3.9127],[79.2657,3.8971],[79.2689,3.8854],[79.2739,3.8693],[79.2772,3.8583],[79.2822,3.8418],[79.2849,3.8308],[79.2896,3.8148]]},"properties":{"mmsi":998338256,"name":"SYN-CAR-06","role":"candidate","vessel_type":70,"synthetic":true,"t_offset_s":[-225934,-225694,-225334,-225094,-224734,-224494,-224134,-223894,-223534,-223294,-222934,-222694,-222334,-222094,-221734,-221494,-221134,-220894,-220534,-220294,-219934,-219694,-219334,-219094,-218734,-218494,-218134,-217894,-217534,-217294,-216934,-216694,-216334,-216094,-215734,-215494,-215134,-214894,-214534,-214294,-213934,-213694,-213334,-213094,-212734,-212494,-212134,-211894,-211534,-211294,-210934,-210694,-210334,-210094,-209734,-209494,-209134,-208894,-208534,-208294,-207934,-207694,-207334,-207094,-206734,-206494,-206134,-205894,-205534,-205294,-204934,-204694,-204334,-204094,-203734,-203494,-203134,-202894,-202534,-202294,-201934,-201694,-201334,-201094,-200734,-200494,-200134,-199894,-199534,-199294,-198934,-198694,-198334,-198094,-197734,-197494,-197134,-196894,-196534,-196294,-195934,-195694,-195334,-195094,-194734,-194494,-194134,-193894,-193534,-193294,-192934,-192694,-192334,-192094,-191734,-191494,-191134,-190894,-190534,-190294,-189934,-189694,-189334,-189094,-188734,-188494,-188134,-187894,-187534,-187294,-186934,-186694,-186334,-186094,-185734,-185494,-185134,-184894,-184534,-184294,-183934,-183694,-183334,-183094,-182734,-182494,-182134,-181894,-181534,-181294,-180934,-180694,-180334,-180094,-179734,-179494,-179134,-178894,-178534,-178294,-177934,-177694,-177334,-177094,-176734,-176494,-176134,-175894,-175534,-175294,-174934,-174694,-174334,-174094,-173734,-173494,-173134,-172894,-172534,-172294,-171934,-171694,-171334,-171094,-170734,-170494,-170134,-169894,-169534,-169294,-168934,-168694,-168334,-168094,-167734,-167494,-167134,-166894,-166534,-166294,-165934,-165694,-165334,-165094,-164734,-164494,-164134,-163894,-163534,-163294,-162934,-162694,-162334,-162094,-161734,-161494,-161134,-160894,-160534,-160294,-159934,-159694,-159334,-159094,-158734,-158494,-158134,-157894,-157534,-157294,-156934,-156694,-156334,-156094,-155734,-155494,-155134,-154894,-154534,-154294,-153934,-153694,-153334,-153094,-152734,-152494,-152134,-151894,-151534,-151294,-150934,-150694,-150334,-150094,-149734,-149494,-149134,-148894,-148534,-148294,-147934,-147694,-147334,-147094,-146734,-146494,-146134,-145894,-145534,-145294,-144934,-144694,-144334,-144094,-143734,-143494,-143134,-142894,-142534,-142294,-141934,-141694,-141334,-141094,-140734,-140494,-140134,-139894,-139534,-139294,-138934,-138694,-138334,-138094,-137734,-137494,-137134,-136894,-136534,-136294,-135934,-135694,-135334,-135094,-134734,-134494,-134134,-133894,-133534,-133294,-132934,-132694,-132334,-132094,-131734,-131494,-131134,-130894,-130534,-130294,-129934,-129694,-129334,-129094,-128734,-128494,-128134,-127894,-127534,-127294,-126934,-126694,-126334,-126094,-125734,-125494,-125134,-124894,-124534,-124294,-123934,-123694,-123334,-123094,-122734,-122494,-122134,-121894,-121534,-121294,-120934,-120694,-120334],"sog":[9.8,10.8,10.5,10.2,10.0,10.3,10.1,9.5,9.8,10.1,9.7,9.7,10.2,9.7,9.9,9.6,10.3,10.1,10.0,10.0,9.7,10.2,10.1,10.3,10.8,10.3,9.8,10.0,10.7,9.9,9.7,9.6,10.2,10.3,10.6,9.8,9.7,9.6,10.2,10.0,9.5,10.1,9.8,9.6,10.4,10.1,10.0,10.3,10.2,9.6,10.3,10.2,10.0,10.4,10.6,10.6,9.5,9.7,10.1,9.6,10.1,10.2,10.1,10.1,10.6,10.2,10.0,9.7,10.0,9.9,9.7,10.0,10.2,9.8,10.5,10.1,10.3,9.3,10.0,10.1,10.0,9.7,10.4,9.8,10.8,9.8,9.9,10.1,10.1,10.2,10.3,10.4,10.5,10.4,10.3,9.5,9.8,10.4,10.5,10.5,9.9,10.1,10.3,10.1,10.1,10.2,10.5,10.0,10.3,10.0,9.9,10.3,9.7,10.9,10.3,10.3,10.2,10.3,9.7,9.8,10.3,10.3,10.6,10.2,10.1,9.9,9.6,9.8,10.0,9.7,10.2,10.2,9.7,10.1,10.4,10.4,10.1,10.2,9.8,10.5,10.5,10.3,9.8,10.2,10.3,9.8,10.0,9.9,10.5,10.4,10.1,10.0,10.3,9.8,10.1,10.0,10.2,10.1,9.6,10.7,9.9,10.0,10.4,10.2,10.2,9.9,10.2,10.2,9.9,9.6,9.9,10.3,10.2,10.2,10.4,10.6,9.8,10.2,10.0,9.9,10.0,10.4,10.3,10.1,10.3,10.6,10.3,10.2,10.6,10.1,10.2,9.7,10.2,10.3,10.3,10.2,10.2,10.0,10.2,10.2,10.5,9.8,9.8,10.1,10.7,10.1,10.0,9.7,10.0,9.8,9.5,10.0,9.8,10.6,10.0,10.0,10.1,10.3,10.5,10.1,10.2,10.5,10.4,10.0,10.5,10.1,10.1,10.4,9.9,9.8,9.4,10.0,10.6,9.7,9.9,10.1,9.9,10.3,9.7,10.1,10.4,10.2,9.8,10.1,9.8,10.2,10.1,9.8,10.5,9.7,10.5,10.1,9.5,9.9,10.1,9.7,10.5,9.8,9.5,9.7,10.5,10.4,10.0,10.4,9.8,10.3,10.0,10.4,10.1,9.7,10.3,10.7,9.9,10.4,10.2,10.1,10.1,9.9,10.1,10.1,9.9,9.8,10.1,10.2,10.4,10.4,10.1,10.1,10.1,10.4,9.8,10.5,9.7,10.0,10.8,10.0,9.8,10.3,10.3,10.7,10.1,10.2,10.5,9.9,10.2,9.8,9.6,10.1,10.6,10.3,10.2,10.4,10.0,9.5,10.3,10.1,9.8,10.2,10.3,9.5,10.5,10.1,9.8,9.7,10.0,10.4,10.4,9.8,10.0,9.9,10.0,10.6,10.4,10.2,9.7,10.2,10.2,9.6,9.7,10.4,9.6,9.8,10.5,9.6,9.7,9.8,9.8,10.7,10.2,9.7,10.5,10.3,9.9]}},{"type":"Feature","geometry":{"type":"LineString","coordinates":[[75.8624,7.3254],[75.8585,7.33],[75.8506,7.3411],[75.8387,7.3574],[75.831,7.3685],[75.8196,7.3845],[75.812,7.3954],[75.8007,7.4118],[75.7932,7.4225],[75.7816,7.4389],[75.7736,7.4496],[75.7618,7.4661],[75.7544,7.4765],[75.7427,7.4924],[75.7349,7.5028],[75.7232,7.5192],[75.7148,7.5293],[75.7028,7.5454],[75.6946,7.5557],[75.6828,7.5715],[75.6747,7.5822],[75.6625,7.5977],[75.6542,7.6082],[75.6419,7.6237],[75.6334,7.6339],[75.6214,7.6499],[75.6132,7.6604],[75.601,7.6757],[75.5925,7.6867],[75.5807,7.7021],[75.573,7.7126],[75.5604,7.7283],[75.5523,7.7383],[75.5401,7.7539],[75.5321,7.765],[75.5204,7.781],[75.5128,7.792],[75.5012,7.8079],[75.4932,7.8188],[75.4819,7.8349],[75.4741,7.8454],[75.4627,7.8615],[75.4545,7.8725],[75.4427,7.8878],[75.4349,7.8988],[75.4232,7.9147],[75.4148,7.9255],[75.4032,7.9419],[75.3954,7.9527],[75.3842,7.9691],[75.3767,7.9801],[75.3656,7.9968],[75.3584,8.0076],[75.3475,8.0242],[75.3405,8.0353],[75.3295,8.0522],[75.3221,8.0634],[75.3114,8.0805],[75.3047,8.0917],[75.2944,8.1086],[75.2874,8.1205],[75.2774,8.1377],[75.2712,8.149],[75.2608,8.1665],[75.2544,8.178],[75.2438,8.1956],[75.2374,8.2072],[75.2266,8.2242],[75.2193,8.2355],[75.2087,8.2519],[75.2022,8.2633],[75.1918,8.2803],[75.1845,8.2915],[75.1736,8.3086],[75.1666,8.3197],[75.1558,8.3368],[75.1491,8.3485],[75.1385,8.365],[75.1318,8.3765],[75.1214,8.3936],[75.114,8.4053],[75.1042,8.4221],[75.0971,8.4338],[75.0867,8.4508],[75.0799,8.4626],[75.0698,8.4788],[75.0632,8.4904],[75.0528,8.5079],[75.0458,8.5196],[75.0359,8.5371],[75.0298,8.5484],[75.0201,8.5667],[75.0142,8.5785],[75.0052,8.5965],[74.9993,8.6088],[74.9905,8.6263],[74.9845,8.6378],[74.9757,8.6556],[74.9696,8.6675],[74.9603,8.6858],[74.9541,8.6977],[74.9453,8.7152],[74.9389,8.7269],[74.9295,8.7446],[74.9229,8.7564],[74.9131,8.7735],[74.9069,8.785],[74.8974,8.8023],[74.8904,8.8143],[74.8809,8.8309],[74.8742,8.8426],[74.8639,8.86],[74.8567,8.8713],[74.8465,8.8886],[74.8392,8.8995],[74.8288,8.917],[74.8219,8.928],[74.8118,8.9446],[74.8048,8.9563],[74.7946,8.9733],[74.7875,8.9851],[74.7776,9.0016],[74.7705,9.0128],[74.7606,9.03],[74.7533,9.041],[74.7416,9.0582],[74.7342,9.0692],[74.723,9.086],[74.7155,9.0967],[74.7041,9.1125],[74.6965,9.1238],[74.6854,9.1394],[74.6778,9.1503],[74.6668,9.1665],[74.6585,9.1781],[74.6469,9.1941],[74.6394,9.2049],[74.6278,9.2216],[74.6202,9.2318],[74.6087,9.2479],[74.6007,9.2591],[74.5901,9.275],[74.5828,9.2864],[74.5717,9.3033],[74.5643,9.3143],[74.5535,9.3308],[74.546,9.3418],[74.5348,9.3589],[74.5277,9.37],[74.5168,9.387],[74.5103,9.3984],[74.4996,9.4148],[74.4927,9.4263],[74.4824,9.4431],[74.4756,9.4548],[74.4652,9.4721],[74.4578,9.4837],[74.448,9.5013],[74.4413,9.5126],[74.4318,9.5302],[74.4251,9.5417],[74.4153,9.559],[74.4086,9.5704],[74.3984,9.5878],[74.3914,9.5995],[74.3813,9.617],[74.3746,9.6283],[74.3646,9.6455],[74.3579,9.6566],[74.3484,9.6736],[74.3415,9.6855],[74.3315,9.7025],[74.3245,9.7143],[74.3141,9.7312],[74.3071,9.7433],[74.2967,9.7606],[74.2901,9.7718],[74.2801,9.7888],[74.2736,9.7998],[74.2631,9.817],[74.2562,9.828],[74.2458,9.8454],[74.2389,9.8566],[74.229,9.8736],[74.2222,9.8853],[74.2121,9.9021],[74.2055,9.9131],[74.1955,9.9301],[74.1885,9.9415],[74.1779,9.9588],[74.171,9.9698],[74.1606,9.9873],[74.1535,9.9986],[74.1431,10.0156],[74.1359,10.0267],[74.1253,10.0439],[74.1186,10.0548],[74.108,10.0719],[74.1004,10.0834],[74.0905,10.1004],[74.0833,10.1119],[74.0731,10.1286],[73.8351,10.5131],[73.8282,10.5245],[73.8216,10.5361],[73.8112,10.5528],[73.8041,10.5645],[73.7939,10.581],[73.7871,10.5923],[73.7769,10.6088],[73.7698,10.6205],[73.7594,10.6374],[73.7525,10.6487],[73.7421,10.6656],[73.7355,10.6763],[73.7246,10.6936],[73.7179,10.7048],[73.7074,10.7214],[73.7002,10.7324],[73.6896,10.7493],[73.6824,10.7605],[73.6721,10.7772],[73.6654,10.7883],[73.6542,10.806],[73.6479,10.8173],[73.6372,10.8338],[73.6301,10.8451],[73.6193,10.862],[73.6119,10.8736],[73.6012,10.8905],[73.5944,10.9015],[73.5836,10.9183],[73.5762,10.9303],[73.5655,10.946],[73.5579,10.9577],[73.5471,10.9744],[73.5401,10.9852],[73.5287,11.0024],[73.5218,11.0133],[73.5107,11.0301],[73.5035,11.0411],[73.4925,11.0577],[73.485,11.0685],[73.4733,11.0853],[73.4655,11.096],[73.4536,11.1124],[73.4457,11.1231],[73.4348,11.1396],[73.4274,11.1503],[73.4165,11.167],[73.4092,11.1787],[73.3986,11.1954],[73.3917,11.2061],[73.3815,11.2231],[73.3745,11.2341],[73.3638,11.2517],[73.3568,11.2627],[73.3462,11.2797],[73.3391,11.291],[73.3287,11.3088],[73.3218,11.3203],[73.3116,11.3371],[73.3045,11.3487],[73.2949,11.3657],[73.2884,11.3777],[73.2789,11.3951],[73.2731,11.4062],[73.2635,11.424],[73.257,11.4358],[73.2472,11.4534],[73.2409,11.4648],[73.2317,11.4825],[73.2254,11.4936],[73.216,11.5111],[73.2095,11.5225],[73.1999,11.5402],[73.1937,11.5519],[73.184,11.57],[73.1775,11.5818],[73.1676,11.5991],[73.1608,11.6106],[73.1509,11.6281],[73.1445,11.6397],[73.1346,11.6573],[73.1283,11.6686],[73.1179,11.6859],[73.1114,11.6976],[73.1018,11.7152],[73.0951,11.7268],[73.0853,11.7446],[73.0786,11.7561],[73.0683,11.7735],[73.0618,11.7846],[73.0515,11.8017],[73.0448,11.8133],[73.0346,11.8305],[73.0282,11.8418],[73.0176,11.8585],[73.0109,11.87],[73.0003,11.8868],[72.9936,11.8986],[72.9834,11.9155],[72.9766,11.9265],[72.9658,11.9441],[72.9592,11.9556],[72.949,11.9732],[72.9429,11.9847],[72.9319,12.0018],[72.9249,12.0131],[72.9147,12.0302],[72.9079,12.0413],[72.8973,12.0584],[72.8908,12.0695],[72.8801,12.0865],[72.8733,12.0973],[72.8627,12.114],[72.8557,12.1254],[72.8449,12.1427],[72.8373,12.154],[72.8262,12.1706],[72.819,12.1818],[72.8081,12.1984],[72.8007,12.2095],[72.7891,12.2265],[72.7814,12.2374],[72.7701,12.2539],[72.7628,12.2655],[72.752,12.2828],[72.7447,12.2936],[72.7346,12.3111],[72.7275,12.322],[72.7172,12.3394],[72.7106,12.3507],[72.7009,12.3674],[72.6939,12.3786],[72.6839,12.3957],[72.6769,12.4067],[72.6662,12.4234],[72.6593,12.4344]]},"properties":{"mmsi":998540422,"name":"SYN-CAR-22","role":"candidate","vessel_type":70,"synthetic":true,"t_offset_s":[-34638,-34518,-34278,-33918,-33678,-33318,-33078,-32718,-32478,-32118,-31878,-31518,-31278,-30918,-30678,-30318,-30078,-29718,-29478,-29118,-28878,-28518,-28278,-27918,-27678,-27318,-27078,-26718,-26478,-26118,-25878,-25518,-25278,-24918,-24678,-24318,-24078,-23718,-23478,-23118,-22878,-22518,-22278,-21918,-21678,-21318,-21078,-20718,-20478,-20118,-19878,-19518,-19278,-18918,-18678,-18318,-18078,-17718,-17478,-17118,-16878,-16518,-16278,-15918,-15678,-15318,-15078,-14718,-14478,-14118,-13878,-13518,-13278,-12918,-12678,-12318,-12078,-11718,-11478,-11118,-10878,-10518,-10278,-9918,-9678,-9318,-9078,-8718,-8478,-8118,-7878,-7518,-7278,-6918,-6678,-6318,-6078,-5718,-5478,-5118,-4878,-4518,-4278,-3918,-3678,-3318,-3078,-2718,-2478,-2118,-1878,-1518,-1278,-918,-678,-318,-78,282,522,882,1122,1482,1722,2082,2322,2682,2922,3282,3522,3882,4122,4482,4722,5082,5322,5682,5922,6282,6522,6882,7122,7482,7722,8082,8322,8682,8922,9282,9522,9882,10122,10482,10722,11082,11322,11682,11922,12282,12522,12882,13122,13482,13722,14082,14322,14682,14922,15282,15522,15882,16122,16482,16722,17082,17322,17682,17922,18282,18522,18882,19122,19482,19722,20082,20322,20682,20922,21282,21522,21882,22122,22482,22722,23082,23322,23682,23922,24282,24522,24882,25122,25482,33642,33882,34122,34482,34722,35082,35322,35682,35922,36282,36522,36882,37122,37482,37722,38082,38322,38682,38922,39282,39522,39882,40122,40482,40722,41082,41322,41682,41922,42282,42522,42882,43122,43482,43722,44082,44322,44682,44922,45282,45522,45882,46122,46482,46722,47082,47322,47682,47922,48282,48522,48882,49122,49482,49722,50082,50322,50682,50922,51282,51522,51882,52122,52482,52722,53082,53322,53682,53922,54282,54522,54882,55122,55482,55722,56082,56322,56682,56922,57282,57522,57882,58122,58482,58722,59082,59322,59682,59922,60282,60522,60882,61122,61482,61722,62082,62322,62682,62922,63282,63522,63882,64122,64482,64722,65082,65322,65682,65922,66282,66522,66882,67122,67482,67722,68082,68322,68682,68922,69282,69522,69882,70122,70482,70722,71082,71322,71682,71922,72282,72522,72882,73122,73482,73722,74082,74322],"sog":[12.1,11.6,12.3,12.0,12.3,11.9,11.5,12.4,11.4,12.0,12.1,12.0,11.8,11.5,11.9,11.8,11.6,11.9,11.8,11.9,11.7,11.6,12.0,11.6,11.8,12.2,11.6,11.8,12.6,11.9,11.6,11.3,11.6,11.7,12.4,11.9,12.0,11.7,11.7,12.0,11.6,11.7,11.9,11.5,12.3,11.8,11.9,12.4,12.5,11.6,12.0,12.0,11.8,11.9,11.3,12.1,12.1,11.9,12.3,11.9,12.1,12.2,11.7,11.6,12.2,11.8,11.7,12.0,12.2,12.1,12.1,11.8,12.4,11.9,12.0,11.9,12.1,11.4,12.2,12.0,12.3,11.8,11.7,11.9,12.5,11.3,11.9,12.0,12.4,12.0,11.5,11.7,12.1,11.3,12.0,12.0,11.6,11.9,11.9,12.2,11.9,11.7,11.9,12.2,12.1,11.9,11.4,11.9,12.1,11.4,12.0,12.1,12.1,11.5,11.6,11.7,11.6,11.8,12.7,11.6,12.4,11.5,11.4,11.8,11.8,12.0,12.6,12.1,11.8,11.6,11.9,11.5,11.7,12.0,12.0,11.8,11.9,12.2,12.2,11.4,11.9,11.1,12.3,11.7,11.8,11.8,12.0,11.9,11.7,11.8,11.5,11.6,12.0,11.7,12.1,12.0,12.2,11.9,11.6,12.0,11.8,11.7,12.3,11.7,12.0,12.2,11.3,11.8,11.7,11.7,12.0,12.3,11.7,12.0,12.5,12.4,11.8,11.5,11.0,12.3,11.9,11.8,11.9,12.0,12.0,12.1,11.4,11.9,11.7,12.2,12.0,11.7,12.2,12.0,11.5,12.5,11.8,11.8,12.2,11.9,12.0,11.5,12.0,11.7,12.0,11.7,12.1,12.1,11.2,11.5,12.0,12.1,11.6,12.1,12.0,12.0,11.9,11.7,11.5,11.8,11.9,11.7,12.2,12.0,11.5,11.7,11.9,12.0,12.0,11.4,12.0,11.5,11.8,11.3,12.4,12.0,11.6,12.2,11.8,11.8,12.0,12.3,11.3,12.1,11.9,11.8,12.0,11.7,12.1,11.7,12.0,11.4,11.5,11.4,12.1,12.0,11.7,12.1,12.0,12.2,11.7,11.6,12.0,12.2,12.2,12.4,11.8,11.7,11.8,12.3,11.5,12.2,11.5,11.4,11.9,12.0,12.0,12.0,12.1,12.5,12.1,11.7,11.4,11.7,11.7,12.0,11.7,12.5,11.8,11.9,12.2,12.0,11.6,12.0,11.7,11.8,11.9,11.2,11.8,12.3,11.9,11.6,11.7,11.7,12.1,11.8,11.9,12.2,11.5,12.1,11.9,11.8,11.6,11.9,11.1,12.1,11.7,12.2,12.2,11.7,11.9,11.7,12.1,12.1,12.2,12.2,11.9,12.0,12.0,12.0,11.7,12.1,11.6,11.2,11.9,12.2,11.4,11.8,11.5]}},{"type":"Feature","geometry":{"type":"LineString","coordinates":[[76.2468,8.1419],[76.2525,8.1403],[76.2592,8.1376],[76.2629,8.1336],[76.2563,8.1312],[76.2519,8.1348],[76.2492,8.1416],[76.2494,8.147],[76.2503,8.154],[76.2461,8.1573],[76.2411,8.1605],[76.2354,8.1617],[76.2309,8.1668],[76.2306,8.1722],[76.2344,8.175],[76.2376,8.1768],[76.2377,8.183],[76.2357,8.1853],[76.2311,8.1882],[76.2262,8.1904],[76.2204,8.1928],[76.2213,8.1981],[76.2245,8.206],[76.2279,8.2101],[76.2303,8.2164],[76.234,8.2191],[76.2407,8.2148],[76.2432,8.2103],[76.2461,8.2024],[76.2458,8.1975],[76.2454,8.1899],[76.2482,8.1867],[76.2542,8.1815],[76.2556,8.1773],[76.2611,8.1713],[76.2651,8.1708],[76.27,8.1734],[76.2752,8.1751],[76.2768,8.1836],[76.2764,8.1884],[76.2762,8.1953],[76.2769,8.1996],[76.2777,8.2066],[76.2752,8.2107],[76.2739,8.2178],[76.2726,8.2224],[76.2733,8.2285],[76.276,8.2325],[76.2765,8.2397],[76.2785,8.2436],[76.2795,8.2512],[76.2811,8.2556],[76.2861,8.2615],[76.2904,8.2641],[76.2957,8.2671],[76.3002,8.2691],[76.3045,8.2755],[76.3027,8.2789],[76.3025,8.2871],[76.3008,8.2922],[76.302,8.2982],[76.3054,8.3023],[76.3127,8.303],[76.3163,8.2983],[76.3242,8.296],[76.3301,8.295],[76.3372,8.2944],[76.3424,8.294],[76.3494,8.2959],[76.3549,8.296],[76.3596,8.3006],[76.3571,8.3049],[76.3558,8.3126],[76.3536,8.3162],[76.3489,8.3217],[76.3441,8.3236],[76.3372,8.3209],[76.3325,8.317],[76.3265,8.3194],[76.3261,8.3252],[76.3263,8.332],[76.3288,8.3369],[76.3347,8.3401],[76.3384,8.3422],[76.3452,8.3469],[76.3461,8.3514],[76.3469,8.3598],[76.3529,8.3617],[76.36,8.3619],[76.3653,8.364],[76.3736,8.3654],[76.3794,8.363],[76.3853,8.3678],[76.3898,8.372],[76.3963,8.3753],[76.3983,8.3809],[76.405,8.384],[76.4082,8.382],[76.4116,8.3773],[76.4102,8.3711],[76.407,8.3634],[76.4073,8.3574],[76.4128,8.3523],[76.4138,8.3479],[76.4116,8.3411],[76.4111,8.3373],[76.4177,8.3324],[76.4209,8.327],[76.4261,8.3301],[76.4288,8.335],[76.4297,8.3408],[76.427,8.3438],[76.4224,8.3495],[76.4224,8.3537],[76.4184,8.3606],[76.4134,8.3632],[76.409,8.3696],[76.4042,8.3705],[76.4002,8.3766],[76.3969,8.3797],[76.3956,8.3866],[76.3954,8.3915],[76.3935,8.3988],[76.3936,8.4034],[76.396,8.4095],[76.3999,8.4113],[76.4059,8.4073],[76.4103,8.4036],[76.4158,8.3991],[76.4204,8.399],[76.4273,8.3978],[76.4323,8.3954],[76.4393,8.3967],[76.4399,8.4],[76.4404,8.4095],[76.4388,8.4129],[76.4378,8.4205],[76.4341,8.4244],[76.4296,8.4309],[76.4285,8.4362],[76.4235,8.4407],[76.4203,8.4441],[76.4207,8.4516],[76.4214,8.4567],[76.4214,8.4651],[76.4235,8.4686],[76.4292,8.469],[76.4332,8.4661],[76.4391,8.4612],[76.4406,8.4555],[76.4408,8.4479],[76.4429,8.4442],[76.4449,8.4377],[76.45,8.436],[76.4563,8.4388],[76.4621,8.4397],[76.4684,8.4395],[76.4722,8.4398],[76.4786,8.4451],[76.478,8.4506],[76.475,8.4584],[76.4762,8.4631],[76.4756,8.4708],[76.4716,8.4726],[76.4653,8.4694],[76.4612,8.4675],[76.4551,8.4643],[76.451,8.4646],[76.4452,8.461],[76.4402,8.4604],[76.436,8.455],[76.4347,8.4512],[76.4336,8.4455],[76.4293,8.4412],[76.4224,8.4382],[76.4182,8.4404],[76.4121,8.4423],[76.4087,8.4467],[76.4096,8.4525],[76.412,8.4568],[76.4169,8.4597],[76.4204,8.459],[76.4254,8.4528],[76.4287,8.4469],[76.4249,8.4403],[76.4229,8.4366],[76.4166,8.4323],[76.4183,8.428],[76.4222,8.4213],[76.4235,8.4177],[76.4248,8.4096],[76.4248,8.4041],[76.4256,8.397],[76.4256,8.3932],[76.425,8.3857],[76.4263,8.3812],[76.4221,8.3755],[76.4174,8.3714],[76.4112,8.3659],[76.4104,8.361],[76.4101,8.3534],[76.4139,8.3502],[76.4163,8.3433],[76.4171,8.3373],[76.4246,8.3335],[76.4297,8.3329],[76.4353,8.3373],[76.4375,8.3418],[76.4413,8.3474],[76.4423,8.3524],[76.4396,8.3594],[76.4343,8.3619],[76.4373,8.3698],[76.4403,8.3734],[76.4448,8.3787],[76.4495,8.378],[76.4553,8.3739],[76.4579,8.3793],[76.4524,8.3838],[76.4517,8.3879],[76.45,8.3949],[76.4517,8.3999],[76.4514,8.4081],[76.4531,8.4106],[76.4522,8.417],[76.4507,8.4206],[76.4447,8.4234],[76.443,8.4267],[76.4378,8.4312],[76.4339,8.4321],[76.4281,8.4368],[76.4261,8.4414],[76.4232,8.4476],[76.4192,8.4475],[76.4134,8.4506],[76.4092,8.4532],[76.4029,8.4527],[76.3985,8.4514],[76.3891,8.4498],[76.3854,8.4499],[76.3776,8.4475],[76.3734,8.4451],[76.3682,8.448],[76.3678,8.453],[76.3636,8.4601],[76.3592,8.4651],[76.3558,8.4707],[76.3512,8.4745],[76.3429,8.4727],[76.3401,8.4698],[76.3361,8.4631],[76.3332,8.4599],[76.3245,8.4565],[76.3192,8.4552],[76.3118,8.4565],[76.308,8.4587],[76.3058,8.4673],[76.3063,8.4705],[76.3032,8.4771],[76.3058,8.4814],[76.313,8.4788],[76.3183,8.4756],[76.3223,8.4703],[76.3261,8.4672],[76.3318,8.4673],[76.3358,8.4678],[76.3383,8.4741],[76.3374,8.4789],[76.3384,8.4859],[76.3379,8.491],[76.3389,8.497],[76.3402,8.5018],[76.3374,8.5068],[76.3366,8.5134],[76.3324,8.5196],[76.329,8.5233],[76.3215,8.5255],[76.316,8.5255],[76.3082,8.5224],[76.303,8.5226],[76.2986,8.528],[76.2993,8.534],[76.2955,8.5394],[76.2925,8.5433],[76.2949,8.5513],[76.2948,8.5565],[76.2919,8.564],[76.2885,8.569],[76.2856,8.577],[76.2831,8.5815],[76.2799,8.5881],[76.2764,8.5917],[76.2731,8.5987],[76.2697,8.6022],[76.2688,8.6096],[76.2672,8.6142],[76.2641,8.6202],[76.2612,8.6247],[76.2557,8.6287],[76.2499,8.6322],[76.2442,8.6363],[76.2427,8.6409],[76.2367,8.6453],[76.2313,8.6474],[76.2243,8.6506],[76.219,8.6524],[76.2115,8.6546],[76.2055,8.6558],[76.2008,8.6589],[76.2002,8.6639],[76.2053,8.6697],[76.2083,8.6739],[76.2164,8.6746],[76.2209,8.675],[76.2282,8.6778],[76.2345,8.678],[76.2406,8.6786],[76.2432,8.6758],[76.2444,8.6657],[76.2431,8.6624],[76.2393,8.6562],[76.2357,8.6533],[76.2291,8.6482],[76.2246,8.6454],[76.2163,8.6421],[76.2133,8.6398],[76.209,8.6332],[76.2103,8.629],[76.2178,8.6282],[76.2211,8.6326],[76.226,8.6369],[76.2309,8.6419],[76.2352,8.6473],[76.24,8.648],[76.2466,8.6426],[76.2469,8.6388],[76.2523,8.6361],[76.2586,8.633],[76.2656,8.6323],[76.2706,8.6303],[76.2755,8.6246],[76.2787,8.6213],[76.2828,8.6135],[76.2845,8.6091],[76.2837,8.603],[76.2788,8.5991],[76.2715,8.6031],[76.2672,8.6026],[76.2617,8.6061],[76.2601,8.6099],[76.2647,8.6145],[76.2675,8.6181],[76.2694,8.6268],[76.266,8.6309],[76.2605,8.6333],[76.2553,8.6353],[76.2481,8.6371],[76.244,8.6362],[76.2416,8.6279],[76.2402,8.623],[76.2345,8.6216],[76.2334,8.6265],[76.2274,8.6305],[76.2231,8.6342],[76.2227,8.641],[76.2267,8.6416],[76.2322,8.6386],[76.2363,8.6391],[76.2431,8.6397],[76.2466,8.6413],[76.2519,8.6464],[76.2564,8.6493],[76.2624,8.6551],[76.2669,8.6593],[76.274,8.6649],[76.2786,8.667],[76.2799,8.6715],[76.2827,8.673],[76.2888,8.6697],[76.2943,8.6702],[76.299,8.6733],[76.2986,8.6779],[76.2972,8.6858],[76.295,8.6899],[76.2956,8.6962],[76.2974,8.7003],[76.3016,8.7064],[76.3009,8.7119],[76.3023,8.7179],[76.3065,8.7196],[76.3129,8.7206],[76.3181,8.7214],[76.3249,8.7248],[76.3269,8.7293],[76.3292,8.7365],[76.3321,8.7399],[76.3346,8.7456],[76.3327,8.7512],[76.331,8.7571],[76.3261,8.7617],[76.3184,8.7611],[76.3143,8.7639],[76.3112,8.7708],[76.3059,8.7728],[76.3023,8.7672],[76.3016,8.7618],[76.3069,8.7557],[76.3119,8.7537],[76.319,8.7506],[76.3225,8.7479],[76.331,8.7508],[76.3353,8.7541],[76.3404,8.76],[76.3439,8.7625],[76.3462,8.7713],[76.3476,8.7764],[76.3488,8.7838],[76.3504,8.789],[76.3449,8.7931],[76.339,8.7929],[76.3314,8.7951],[76.3266,8.7979],[76.3231,8.8018],[76.319,8.8034],[76.3116,8.8014],[76.3072,8.7999],[76.3036,8.8031],[76.3021,8.8065],[76.3022,8.8141],[76.303,8.8196],[76.3039,8.827],[76.3056,8.8304],[76.3097,8.8357],[76.3141,8.8365],[76.319,8.8285],[76.3226,8.8238],[76.3271,8.8181],[76.3301,8.814],[76.3321,8.8086],[76.3301,8.8044],[76.3238,8.7976],[76.3221,8.7956],[76.3168,8.7917],[76.3103,8.792],[76.302,8.7914],[76.2971,8.7902],[76.2915,8.7919],[76.2873,8.7913],[76.2819,8.786],[76.2792,8.7808],[76.2788,8.7712],[76.2781,8.7673],[76.2805,8.7606],[76.2814,8.7563],[76.2856,8.7491],[76.286,8.7438],[76.2799,8.7397],[76.28,8.7356],[76.2767,8.7296],[76.2718,8.7264],[76.2651,8.7218],[76.2636,8.7168],[76.256,8.7179],[76.2526,8.7216],[76.2486,8.727],[76.2447,8.7297],[76.2372,8.7325],[76.2334,8.7319],[76.2261,8.7285],[76.2244,8.7236],[76.2233,8.7157],[76.2236,8.71],[76.2229,8.7028],[76.2228,8.6976],[76.2171,8.6955],[76.2118,8.6923],[76.2045,8.6888],[76.2,8.6886],[76.1949,8.6855],[76.1904,8.6868],[76.186,8.6922],[76.185,8.6969],[76.1855,8.7042],[76.1874,8.7083],[76.1919,8.7167],[76.1893,8.7198],[76.1865,8.7281],[76.1851,8.7331],[76.1819,8.7387],[76.1799,8.741],[76.1738,8.7412],[76.1712,8.7405],[76.1637,8.739],[76.16,8.7357],[76.1578,8.73],[76.1606,8.7258],[76.169,8.7266],[76.1756,8.728],[76.1809,8.7256],[76.1862,8.7234],[76.1931,8.724],[76.1983,8.7269],[76.2044,8.7308],[76.2053,8.7262],[76.204,8.7189],[76.2068,8.7136],[76.2129,8.7099],[76.2157,8.7055],[76.2147,8.6998],[76.2135,8.6955],[76.2103,8.6884],[76.2075,8.6856],[76.2035,8.6817],[76.1995,8.6832],[76.1928,8.6891],[76.1892,8.6888],[76.1837,8.6923],[76.1792,8.6942],[76.1762,8.6995],[76.1727,8.7017],[76.1648,8.7028],[76.1597,8.7019],[76.1535,8.7047],[76.149,8.7057],[76.1457,8.6988],[76.1457,8.6942],[76.1474,8.6878],[76.1502,8.6833],[76.1515,8.6766],[76.1481,8.6718],[76.1407,8.6688],[76.137,8.6741],[76.1336,8.6807],[76.1277,8.6801],[76.1213,8.6778],[76.1175,8.6765],[76.1139,8.6699],[76.115,8.665],[76.1107,8.6581],[76.1067,8.6556],[76.1029,8.6497],[76.0997,8.6472],[76.0923,8.6449],[76.0867,8.6456],[76.0804,8.6496],[76.0771,8.6529],[76.0729,8.6584],[76.0698,8.6623],[76.0626,8.6628],[76.0604,8.6662],[76.054,8.6681],[76.0493,8.6693],[76.0423,8.6704],[76.0393,8.6657],[76.0356,8.6594],[76.0327,8.657],[76.0274,8.6519],[76.0281,8.6474],[76.034,8.6417],[76.0396,8.6394],[76.0476,8.64],[76.0504,8.6425],[76.0486,8.6497],[76.0477,8.6545],[76.0484,8.6616],[76.0461,8.666],[76.04,8.6691],[76.0366,8.6744],[76.0322,8.6791],[76.0288,8.6834],[76.023,8.6848],[76.0186,8.6837],[76.0137,8.6794],[76.0092,8.6764],[76.0021,8.6751],[75.9977,8.672],[75.99,8.6669],[75.9861,8.6645],[75.9774,8.6646],[75.9728,8.6673],[75.9666,8.6647],[75.9647,8.6591],[75.9623,8.6528],[75.9617,8.6478],[75.9611,8.6396],[75.9644,8.637],[75.969,8.6406],[75.9709,8.6442],[75.9746,8.6499],[75.9808,8.6519],[75.9879,8.653],[75.992,8.6571],[75.9983,8.6607],[76.0026,8.6579],[76.0082,8.6578],[76.01,8.6513],[76.0134,8.6446],[76.0177,8.6417],[76.0224,8.6369],[76.0247,8.6339],[76.0271,8.6284],[76.0256,8.6218],[76.025,8.6146],[76.0207,8.6101],[76.019,8.6035],[76.0173,8.6003],[76.0134,8.5934],[76.0127,8.5895],[76.01,8.5822],[76.0048,8.5803],[75.9995,8.5826],[76.0004,8.588],[75.9943,8.5926],[75.9911,8.5968],[75.9909,8.6029],[75.992,8.6071],[75.9888,8.6128],[75.9875,8.6181],[75.9807,8.6184],[75.9756,8.6187],[75.97,8.6233],[75.9646,8.6256],[75.963,8.6325],[75.9646,8.6368],[75.9667,8.6444],[75.969,8.6484],[75.9763,8.6491],[75.9796,8.6486],[75.9853,8.6536],[75.9907,8.6537],[75.9964,8.6491],[75.9998,8.6466],[76.005,8.6509],[76.005,8.6536],[76.0009,8.6625],[76.0018,8.6674],[76.0034,8.6764],[76.0039,8.6812],[76.0044,8.687],[76.008,8.6902],[76.009,8.6982],[76.0114,8.7017],[76.0187,8.705],[76.023,8.7044],[76.0281,8.7051],[76.0319,8.7052],[76.0387,8.7094],[76.0379,8.7143],[76.0374,8.7218],[76.0394,8.728],[76.0414,8.7349],[76.0446,8.7364],[76.0532,8.7327],[76.0582,8.7298],[76.0654,8.7286],[76.0689,8.731],[76.0747,8.7339],[76.0795,8.7332],[76.0868,8.7345],[76.0893,8.737],[76.0897,8.744],[76.0901,8.7475],[76.089,8.754],[76.0907,8.7596],[76.0947,8.767],[76.096,8.7718],[76.0927,8.7793],[76.0928,8.7838],[76.0905,8.791],[76.0865,8.7943],[76.0836,8.8003],[76.0789,8.805],[76.0765,8.8108],[76.0763,8.8157],[76.0719,8.8227],[76.0686,8.8263],[76.067,8.8352],[76.0697,8.8388],[76.0724,8.8447],[76.0776,8.8476],[76.0835,8.8516],[76.0877,8.8528],[76.0939,8.8546],[76.0976,8.8577],[76.1035,8.8598],[76.1078,8.8563],[76.1079,8.85],[76.107,8.8445],[76.1102,8.8376],[76.1117,8.8346],[76.1125,8.8289],[76.1146,8.826],[76.1127,8.8183],[76.1084,8.8146],[76.104,8.8073],[76.1007,8.8035],[76.0936,8.7981],[76.0891,8.7966],[76.0846,8.7996],[76.0867,8.8045],[76.0916,8.8092],[76.0936,8.8122],[76.1003,8.8169],[76.1058,8.8185],[76.1137,8.8201],[76.1175,8.8208],[76.1246,8.8202],[76.1278,8.8183],[76.133,8.8111],[76.1379,8.8092],[76.1428,8.8133],[76.1442,8.8185],[76.1427,8.8256],[76.1445,8.8301],[76.1462,8.8357],[76.1466,8.8411],[76.1488,8.8479],[76.1525,8.8507],[76.1569,8.8592],[76.1591,8.8643],[76.1603,8.8712],[76.1614,8.8757],[76.1621,8.8831],[76.1657,8.8871],[76.1687,8.8964],[76.1697,8.902],[76.1688,8.91],[76.1636,8.9121],[76.1564,8.9119],[76.1504,8.9103],[76.1423,8.9111],[76.1341,8.9087],[76.1313,8.9134],[76.1284,8.9184],[76.1247,8.9225],[76.1196,8.9243],[76.1139,8.9262],[76.1109,8.9224],[76.1138,8.9162],[76.1171,8.9138],[76.1225,8.9128],[76.1266,8.9147],[76.1327,8.9186],[76.1355,8.9216],[76.1406,8.9261],[76.1433,8.9301],[76.1451,8.9379],[76.1453,8.9408],[76.1394,8.9459],[76.1394,8.95],[76.1431,8.9581],[76.1475,8.9606],[76.1513,8.965],[76.154,8.9709],[76.1566,8.9769],[76.159,8.9818],[76.1568,8.9892],[76.1514,8.9898],[76.1437,8.9881],[76.1407,8.9867],[76.1355,8.9823],[76.1299,8.9843],[76.1235,8.9825],[76.1208,8.9757],[76.1246,8.9704],[76.1293,8.9699],[76.136,8.9744],[76.1393,8.979],[76.1379,8.9848],[76.1344,8.9885],[76.1304,8.995],[76.1312,8.9993],[76.1333,9.0046],[76.1375,9.0067],[76.1396,9.0133],[76.1391,9.0193],[76.1337,9.0237],[76.1328,9.0287],[76.1344,9.0365],[76.1295,9.0386],[76.1234,9.0345],[76.1184,9.034],[76.1112,9.0322],[76.1077,9.0304],[76.0999,9.0292],[76.0955,9.0317],[76.0886,9.0359],[76.0846,9.0363],[76.0841,9.0442],[76.0861,9.0484],[76.0919,9.0559],[76.0915,9.0612],[76.0861,9.0669],[76.0821,9.0706],[76.0795,9.0765],[76.0823,9.0827],[76.088,9.0856],[76.0924,9.0882],[76.096,9.0954],[76.0959,9.1005],[76.1008,9.1057],[76.1045,9.1066],[76.1121,9.1045],[76.1163,9.1021],[76.1237,9.0981],[76.1287,9.0985],[76.1344,9.1037],[76.1369,9.107],[76.1378,9.1147],[76.1346,9.1174],[76.1315,9.1223],[76.1278,9.1261],[76.126,9.1326],[76.13,9.1385],[76.1368,9.1434],[76.1398,9.148],[76.1381,9.1551],[76.1367,9.1602],[76.1341,9.1673],[76.1383,9.1717],[76.1456,9.1753],[76.1506,9.1734],[76.1546,9.1666],[76.1532,9.1609],[76.1559,9.1535],[76.1581,9.1498],[76.1575,9.144],[76.153,9.1423],[76.1455,9.1424],[76.1388,9.1424],[76.1365,9.1383],[76.1334,9.1342],[76.1268,9.1365],[76.1208,9.1373],[76.1138,9.1401],[76.1102,9.1402],[76.1034,9.1365],[76.0996,9.1335],[76.0924,9.1339],[76.087,9.1357],[76.0831,9.1418],[76.0793,9.1413],[76.072,9.1388],[76.0677,9.1375],[76.0603,9.1373],[76.0558,9.1405],[76.0474,9.1404],[76.0411,9.1395],[76.0348,9.1371],[76.0305,9.1327],[76.0302,9.1258],[76.0302,9.1211],[76.0323,9.1132],[76.0304,9.1083],[76.0369,9.1021],[76.0407,9.101],[76.0473,9.098],[76.0514,9.0959],[76.0564,9.102],[76.0545,9.106],[76.0492,9.1087],[76.0439,9.1101],[76.0383,9.1149],[76.0344,9.1186],[76.0312,9.1265],[76.0249,9.1288],[76.0245,9.135],[76.0284,9.14],[76.0341,9.1442],[76.0398,9.1459],[76.0471,9.1455],[76.0498,9.1496],[76.0586,9.1506],[76.0645,9.1519],[76.0724,9.1488],[76.0757,9.1466],[76.0817,9.1422],[76.0841,9.1389],[76.0802,9.1361],[76.0756,9.1342],[76.0702,9.1386],[76.0668,9.1412],[76.06,9.1433],[76.0554,9.1448],[76.0494,9.1482],[76.0461,9.145],[76.0457,9.1373],[76.0409,9.1356],[76.0333,9.1362],[76.0275,9.1345],[76.0202,9.1286],[76.0148,9.1257],[76.0083,9.1255],[76.0024,9.1254],[75.9947,9.1232],[75.9901,9.1224],[75.985,9.1247],[75.9799,9.125],[75.9731,9.1193],[75.9695,9.1209],[75.9622,9.1179],[75.9578,9.1159],[75.9505,9.1156],[75.9449,9.1151],[75.94,9.1122],[75.9366,9.1157],[75.9346,9.1222],[75.9336,9.1275],[75.935,9.1335],[75.9391,9.1369],[75.9462,9.1383],[75.9496,9.1347],[75.9564,9.137],[75.9607,9.1395],[75.963,9.147],[75.9662,9.1496],[75.9715,9.1526],[75.977,9.1498],[75.9836,9.1452],[75.9886,9.1413],[75.9939,9.1378],[75.9996,9.1381],[76.0028,9.1443],[76.0064,9.1461],[76.0139,9.1479],[76.0151,9.1519],[76.0145,9.1589],[76.0112,9.1631],[76.004,9.1639],[75.9983,9.1649],[75.9924,9.1687],[75.9896,9.1738],[75.9844,9.1737],[75.9798,9.1711],[75.9771,9.1661],[75.9763,9.1609],[75.9749,9.1523],[75.9708,9.1482],[75.9646,9.1469],[75.9666,9.1427],[75.9729,9.1412],[75.9769,9.1415],[75.9838,9.1444],[75.9878,9.1453],[75.9953,9.1486],[76.0,9.151],[76.0002,9.1578],[76.0019,9.1609],[76.0084,9.1653],[76.0132,9.168],[76.0196,9.1693],[76.0233,9.1729],[76.0286,9.1785],[76.031,9.1824],[76.0366,9.1853],[76.0437,9.1858],[76.0501,9.1873],[76.0537,9.1888],[76.0607,9.1907],[76.0628,9.1932],[76.0706,9.1973],[76.0746,9.195],[76.0808,9.1922],[76.0814,9.1865],[76.076,9.1821],[76.0742,9.1764],[76.0727,9.17],[76.0758,9.1656],[76.0756,9.1579],[76.0779,9.1529],[76.0818,9.1466],[76.0779,9.1436],[76.0755,9.138],[76.0717,9.1363],[76.0637,9.1374],[76.0601,9.1382],[76.0543,9.1351],[76.0545,9.1303],[76.0501,9.1252],[76.0451,9.1273],[76.0408,9.1325],[76.0361,9.1337],[76.0302,9.1383],[76.0275,9.1433],[76.0212,9.1479],[76.0218,9.1524],[76.0204,9.1603],[76.0183,9.1642],[76.0128,9.1679],[76.0083,9.169],[76.0002,9.1695],[75.9957,9.1713],[75.9874,9.174],[75.9845,9.1732],[75.9826,9.1672],[75.9815,9.1621],[75.9799,9.1564],[75.9817,9.1505],[75.9858,9.1432],[75.9876,9.1401],[75.9913,9.1335],[75.9955,9.1307],[76.0018,9.1306],[76.007,9.1332],[76.0145,9.1333],[76.0175,9.1349],[76.0255,9.1372],[76.0309,9.135],[76.0394,9.1332],[76.0445,9.1367],[76.0496,9.1353],[76.0501,9.1305],[76.0524,9.1241],[76.052,9.1187],[76.053,9.1105],[76.0514,9.1075],[76.0443,9.1051],[76.0384,9.1093],[76.031,9.1126],[76.0243,9.1139],[76.0217,9.1194],[76.0174,9.1224],[76.0163,9.1296],[76.0159,9.1347],[76.0228,9.1364],[76.0281,9.1365],[76.0343,9.1365],[76.0377,9.1348],[76.0451,9.1341],[76.0491,9.1383],[76.0559,9.1416],[76.0593,9.1416],[76.0629,9.1353],[76.0653,9.131],[76.0695,9.1258],[76.0715,9.1213],[76.0716,9.1129],[76.0689,9.1102],[76.0614,9.1139],[76.0606,9.1189],[76.0657,9.1256],[76.071,9.1256],[76.0766,9.1212],[76.0786,9.1181],[76.0813,9.1093],[76.0842,9.1067],[76.0904,9.1015],[76.0961,9.1003],[76.1012,9.0958],[76.1056,9.0925],[76.1111,9.0873],[76.1144,9.0863],[76.1225,9.0835],[76.1264,9.08],[76.1289,9.0727],[76.1303,9.066],[76.1321,9.0591],[76.1367,9.0556],[76.1395,9.0497],[76.1406,9.0464],[76.1448,9.0429],[76.1498,9.0418],[76.1575,9.0438],[76.1622,9.0439],[76.17,9.0432],[76.1753,9.0433],[76.1824,9.0411],[76.1884,9.0399],[76.1947,9.0428],[76.2003,9.0432],[76.2085,9.0394],[76.2121,9.0354],[76.2155,9.0292],[76.2156,9.0239],[76.2113,9.0191],[76.2066,9.017],[76.2008,9.0158],[76.1979,9.015],[76.1921,9.0127],[76.1878,9.0092],[76.1888,9.0033],[76.187,8.9993],[76.1801,8.9951],[76.1766,8.9961],[76.1704,9.0009],[76.1663,9.0044],[76.1636,9.0099],[76.1612,9.0164],[76.1654,9.0206],[76.17,9.0211],[76.1717,9.0265],[76.1703,9.0313],[76.1667,9.0378],[76.1623,9.0408],[76.1569,9.0419],[76.1531,9.0443],[76.147,9.047],[76.1473,9.0515],[76.1462,9.0602],[76.1434,9.0639],[76.1391,9.0703],[76.1342,9.0724],[76.1299,9.0685],[76.1312,9.0631],[76.1328,9.0584],[76.1366,9.0534],[76.1401,9.0468],[76.1403,9.0425],[76.14,9.0348],[76.1415,9.0303],[76.1437,9.0242],[76.1432,9.0186],[76.1469,9.0118],[76.1487,9.0078],[76.1478,8.9986],[76.1451,8.9929],[76.1402,8.9875],[76.1378,8.9822],[76.135,8.9776],[76.1283,8.9779],[76.1264,8.9719],[76.1268,8.9675],[76.1201,8.9644],[76.1147,8.9615],[76.1079,8.9596],[76.1046,8.9573],[76.0972,8.9566],[76.0924,8.9573],[76.0852,8.9564],[76.0808,8.9563],[76.0752,8.9619],[76.0773,8.9662],[76.0847,8.9662],[76.0882,8.9644],[76.0886,8.9584],[76.0846,8.9555],[76.0777,8.9528],[76.0727,8.9529],[76.0692,8.9594],[76.0725,8.9608],[76.0801,8.9645],[76.0831,8.9678],[76.0842,8.9745],[76.0841,8.9793],[76.0799,8.9864],[76.075,8.9879],[76.0692,8.9921],[76.066,8.9949],[76.0609,8.9988],[76.0558,8.9992],[76.0482,8.9997],[76.0442,9.0005],[76.0381,8.9986]]},"properties":{"mmsi":998770485,"name":"SYN-FSH-03","role":"candidate","vessel_type":30,"synthetic":true,"t_offset_s":[-259200,-258960,-258600,-258360,-258000,-257760,-257400,-257160,-256800,-256560,-256200,-255960,-255600,-255360,-255000,-254760,-254400,-254160,-253800,-253560,-253200,-252960,-252600,-252360,-252000,-251760,-251400,-251160,-250800,-250560,-250200,-249960,-249600,-249360,-249000,-248760,-248400,-248160,-247800,-247560,-247200,-246960,-246600,-246360,-246000,-245760,-245400,-245160,-244800,-244560,-244200,-243960,-243600,-243360,-243000,-242760,-242400,-242160,-241800,-241560,-241200,-240960,-240600,-240360,-240000,-239760,-239400,-239160,-238800,-238560,-238200,-237960,-237600,-237360,-237000,-236760,-236400,-236160,-235800,-235560,-235200,-234960,-234600,-234360,-234000,-233760,-233400,-233160,-232800,-232560,-232200,-231960,-231600,-231360,-231000,-230760,-230400,-230160,-229800,-229560,-229200,-228960,-228600,-228360,-228000,-227760,-227400,-227160,-226800,-226560,-226200,-225960,-225600,-225360,-225000,-224760,-224400,-224160,-223800,-223560,-223200,-222960,-222600,-222360,-222000,-221760,-221400,-221160,-220800,-220560,-220200,-219960,-219600,-219360,-219000,-218760,-218400,-218160,-217800,-217560,-217200,-216960,-216600,-216360,-216000,-215760,-215400,-215160,-214800,-214560,-214200,-213960,-213600,-213360,-213000,-212760,-212400,-212160,-211800,-211560,-211200,-210960,-210600,-210360,-210000,-209760,-209400,-209160,-208800,-208560,-208200,-207960,-207600,-207360,-207000,-206760,-206400,-206160,-205800,-205560,-205200,-204960,-204600,-204360,-204000,-203760,-203400,-203160,-202800,-202560,-202200,-201960,-201600,-201360,-201000,-200760,-200400,-200160,-199800,-199560,-199200,-198960,-198600,-198360,-198000,-197760,-197400,-197160,-196800,-196560,-196200,-195960,-195600,-195360,-195000,-194760,-194400,-194160,-193800,-193560,-193200,-192960,-192600,-192360,-192000,-191760,-191400,-191160,-190800,-190560,-190200,-189960,-189600,-189360,-189000,-188760,-188400,-188160,-187800,-187560,-187200,-186960,-186600,-186360,-186000,-185760,-185400,-185160,-184800,-184560,-184200,-183960,-183600,-183360,-183000,-182760,-182400,-182160,-181800,-181560,-181200,-180960,-180600,-180360,-180000,-179760,-179400,-179160,-178800,-178560,-178200,-177960,-177600,-177360,-177000,-176760,-176400,-176160,-175800,-175560,-175200,-174960,-174600,-174360,-174000,-173760,-173400,-173160,-172800,-172560,-172200,-171960,-171600,-171360,-171000,-170760,-170400,-170160,-169800,-169560,-169200,-168960,-168600,-168360,-168000,-167760,-167400,-167160,-166800,-166560,-166200,-165960,-165600,-165360,-165000,-164760,-164400,-164160,-163800,-163560,-163200,-162960,-162600,-162360,-162000,-161760,-161400,-161160,-160800,-160560,-160200,-159960,-159600,-159360,-159000,-158760,-158400,-158160,-157800,-157560,-157200,-156960,-156600,-156360,-156000,-155760,-155400,-155160,-154800,-154560,-154200,-153960,-153600,-153360,-153000,-152760,-152400,-152160,-151800,-151560,-151200,-150960,-150600,-150360,-150000,-149760,-149400,-149160,-148800,-148560,-148200,-147960,-147600,-147360,-147000,-146760,-146400,-146160,-145800,-145560,-145200,-144960,-144600,-144360,-144000,-143760,-143400,-143160,-142800,-142560,-142200,-141960,-141600,-141360,-141000,-140760,-140400,-140160,-139800,-139560,-139200,-138960,-138600,-138360,-138000,-137760,-137400,-137160,-136800,-136560,-136200,-135960,-135600,-135360,-135000,-134760,-134400,-134160,-133800,-133560,-133200,-132960,-132600,-132360,-132000,-131760,-131400,-131160,-130800,-130560,-130200,-129960,-129600,-129360,-129000,-128760,-128400,-128160,-127800,-127560,-127200,-126960,-126600,-126360,-126000,-125760,-125400,-125160,-124800,-124560,-124200,-123960,-123600,-123360,-123000,-122760,-122400,-122160,-121800,-121560,-121200,-120960,-120600,-120360,-120000,-119760,-119400,-119160,-118800,-118560,-118200,-117960,-117600,-117360,-117000,-116760,-116400,-116160,-115800,-115560,-115200,-114960,-114600,-114360,-114000,-113760,-113400,-113160,-112800,-112560,-112200,-111960,-111600,-111360,-111000,-110760,-110400,-110160,-109800,-109560,-109200,-108960,-108600,-108360,-108000,-107760,-107400,-107160,-106800,-106560,-106200,-105960,-105600,-105360,-105000,-104760,-104400,-104160,-103800,-103560,-103200,-102960,-102600,-102360,-102000,-101760,-101400,-101160,-100800,-100560,-100200,-99960,-99600,-99360,-99000,-98760,-98400,-98160,-97800,-97560,-97200,-96960,-96600,-96360,-96000,-95760,-95400,-95160,-94800,-94560,-94200,-93960,-93600,-93360,-93000,-92760,-92400,-92160,-91800,-91560,-91200,-90960,-90600,-90360,-90000,-89760,-89400,-89160,-88800,-88560,-88200,-87960,-87600,-87360,-87000,-86760,-86400,-86160,-85800,-85560,-85200,-84960,-84600,-84360,-84000,-83760,-83400,-83160,-82800,-82560,-82200,-81960,-81600,-81360,-81000,-80760,-80400,-80160,-79800,-79560,-79200,-78960,-78600,-78360,-78000,-77760,-77400,-77160,-76800,-76560,-76200,-75960,-75600,-75360,-75000,-74760,-74400,-74160,-73800,-73560,-73200,-72960,-72600,-72360,-72000,-71760,-71400,-71160,-70800,-70560,-70200,-69960,-69600,-69360,-69000,-68760,-68400,-68160,-67800,-67560,-67200,-66960,-66600,-66360,-66000,-65760,-65400,-65160,-64800,-64560,-64200,-63960,-63600,-63360,-63000,-62760,-62400,-62160,-61800,-61560,-61200,-60960,-60600,-60360,-60000,-59760,-59400,-59160,-58800,-58560,-58200,-57960,-57600,-57360,-57000,-56760,-56400,-56160,-55800,-55560,-55200,-54960,-54600,-54360,-54000,-53760,-53400,-53160,-52800,-52560,-52200,-51960,-51600,-51360,-51000,-50760,-50400,-50160,-49800,-49560,-49200,-48960,-48600,-48360,-48000,-47760,-47400,-47160,-46800,-46560,-46200,-45960,-45600,-45360,-45000,-44760,-44400,-44160,-43800,-43560,-43200,-42960,-42600,-42360,-42000,-41760,-41400,-41160,-40800,-40560,-40200,-39960,-39600,-39360,-39000,-38760,-38400,-38160,-37800,-37560,-37200,-36960,-36600,-36360,-36000,-35760,-35400,-35160,-34800,-34560,-34200,-33960,-33600,-33360,-33000,-32760,-32400,-32160,-31800,-31560,-31200,-30960,-30600,-30360,-30000,-29760,-29400,-29160,-28800,-28560,-28200,-27960,-27600,-27360,-27000,-26760,-26400,-26160,-25800,-25560,-25200,-24960,-24600,-24360,-24000,-23760,-23400,-23160,-22800,-22560,-22200,-21960,-21600,-21360,-21000,-20760,-20400,-20160,-19800,-19560,-19200,-18960,-18600,-18360,-18000,-17760,-17400,-17160,-16800,-16560,-16200,-15960,-15600,-15360,-15000,-14760,-14400,-14160,-13800,-13560,-13200,-12960,-12600,-12360,-12000,-11760,-11400,-11160,-10800,-10560,-10200,-9960,-9600,-9360,-9000,-8760,-8400,-8160,-7800,-7560,-7200,-6960,-6600,-6360,-6000,-5760,-5400,-5160,-4800,-4560,-4200,-3960,-3600,-3360,-3000,-2760,-2400,-2160,-1800,-1560,-1200,-960,-600,-360,0,240,600,840,1200,1440,1800,2040,2400,2640,3000,3240,3600,3840,4200,4440,4800,5040,5400,5640,6000,6240,6600,6840,7200,7440,7800,8040,8400,8640,9000,9240,9600,9840,10200,10440,10800,11040,11400,11640,12000,12240,12600,12840,13200,13440,13800,14040,14400,14640,15000,15240,15600,15840,16200,16440,16800,17040,17400,17640,18000,18240,18600,18840,19200,19440,19800,20040,20400,20640,21000,21240,21600,21840,22200,22440,22800,23040,23400,23640,24000,24240,24600,24840,25200,25440,25800,26040,26400,26640,27000,27240,27600,27840,28200,28440,28800,29040,29400,29640,30000,30240,30600,30840,31200,31440,31800,32040,32400,32640,33000,33240,33600,33840,34200,34440,34800,35040,35400,35640,36000,36240,36600,36840,37200,37440,37800,38040,38400,38640,39000,39240,39600,39840,40200,40440,40800,41040,41400,41640,42000,42240,42600,42840,43200,43440,43800,44040,44400,44640,45000,45240,45600,45840,46200,46440,46800,47040,47400,47640,48000,48240,48600,48840,49200,49440,49800,50040,50400,50640,51000,51240,51600,51840,52200,52440,52800,53040,53400,53640,54000,54240,54600,54840,55200,55440,55800,56040,56400,56640,57000,57240,57600,57840,58200,58440,58800,59040,59400,59640,60000,60240,60600,60840,61200,61440,61800,62040,62400,62640,63000,63240,63600,63840,64200,64440,64800,65040,65400,65640,66000,66240,66600,66840,67200,67440,67800,68040,68400,68640,69000,69240,69600,69840,70200,70440,70800,71040,71400,71640,72000,72240,72600,72840,73200,73440,73800,74040,74400,74640,75000,75240,75600,75840,76200,76440,76800,77040,77400,77640,78000,78240,78600,78840,79200,79440,79800,80040,80400,80640,81000,81240,81600,81840,82200,82440,82800,83040,83400,83640,84000,84240,84600,84840,85200,85440,85800,86040,86400],"sog":[3.8,5.4,4.1,4.4,6.0,5.5,5.7,6.4,4.5,4.0,4.3,3.4,4.2,5.4,4.1,3.3,5.3,3.0,2.7,5.2,4.6,4.8,4.7,4.4,5.0,5.3,3.7,3.7,5.3,3.7,3.8,3.0,6.2,4.0,5.0,4.2,2.8,5.1,5.0,4.5,3.7,4.8,4.7,3.8,3.3,4.8,2.6,4.8,4.4,3.1,3.6,5.3,5.0,4.2,2.4,4.5,5.3,4.5,5.7,4.6,5.0,4.9,3.8,4.5,6.0,4.7,5.1,4.7,4.8,3.8,4.7,5.4,4.1,4.9,4.5,5.6,4.3,6.0,5.2,4.3,3.3,4.0,5.1,4.0,6.9,3.8,4.7,5.3,4.3,5.7,5.4,6.2,4.2,5.4,5.6,5.8,3.9,2.5,3.7,4.9,6.8,5.8,5.8,5.1,3.8,1.9,6.5,6.1,4.3,6.2,4.6,4.3,4.3,2.8,4.3,3.6,3.4,5.1,3.7,4.5,3.7,2.9,4.8,5.2,4.6,3.0,2.7,5.9,3.1,4.2,2.9,5.1,6.0,4.2,6.4,3.7,4.0,4.0,6.5,5.5,3.9,4.4,4.6,4.9,6.3,1.7,5.3,4.7,4.4,4.6,5.1,2.8,4.1,5.6,4.6,4.4,4.0,2.0,3.6,4.3,4.8,4.7,4.4,3.2,4.5,3.9,4.5,2.6,4.3,4.7,4.5,3.1,3.6,5.4,3.7,5.1,1.8,5.4,3.4,3.7,3.7,3.9,4.3,4.8,4.6,4.5,6.4,4.3,4.0,3.5,5.3,6.5,5.8,3.2,4.8,4.8,4.7,5.2,4.3,4.4,3.8,4.9,4.4,5.5,5.5,5.4,5.0,5.0,2.1,4.4,6.0,5.0,4.8,5.5,4.3,3.9,5.1,5.6,4.0,2.9,5.5,4.3,5.8,2.8,4.4,3.2,3.4,1.9,6.8,3.0,3.9,5.1,3.8,2.8,4.4,4.6,5.6,4.5,5.1,3.3,5.1,5.0,3.8,5.0,6.0,6.2,3.0,4.8,4.6,2.9,3.9,2.3,5.2,5.7,5.6,2.9,5.1,1.9,3.5,4.5,3.3,5.1,3.0,3.5,3.1,3.9,3.0,3.2,3.8,3.9,6.8,3.5,4.7,6.4,4.0,5.0,6.1,4.4,4.8,3.6,5.2,5.3,4.7,3.6,4.1,5.1,5.8,5.3,3.3,4.5,4.9,4.6,4.7,4.3,3.3,4.2,4.6,4.8,4.1,6.0,5.9,3.9,3.5,4.7,4.4,5.7,4.3,6.0,5.3,4.7,4.2,3.1,4.1,3.8,5.4,7.3,3.6,3.6,7.5,3.6,5.3,4.9,4.6,5.4,6.4,4.5,3.2,3.5,5.5,5.7,2.6,6.8,4.0,5.6,4.7,4.7,4.9,5.8,5.1,3.7,5.5,4.4,5.0,4.5,2.9,5.3,4.2,3.8,4.3,4.5,4.2,4.3,3.9,5.2,5.6,4.0,5.1,4.1,5.8,3.6,5.0,4.6,4.2,5.4,4.6,3.3,2.8,3.5,4.9,3.4,4.1,4.8,4.9,4.1,6.6,4.5,4.6,2.6,4.5,5.1,2.4,3.1,4.0,4.9,4.4,5.6,4.4,5.2,3.7,4.8,3.7,5.2,4.2,3.5,4.4,2.8,4.1,4.9,5.4,8.7,4.3,4.1,3.1,5.0,3.5,3.9,5.1,4.2,3.8,4.9,7.3,6.2,3.7,4.7,5.8,4.7,4.9,5.5,5.5,4.2,4.5,5.4,2.7,4.2,5.5,3.7,2.2,4.0,3.6,5.8,3.0,5.6,2.9,3.0,7.1,4.5,5.2,3.2,5.3,5.6,5.2,2.4,3.2,5.1,5.9,3.3,4.4,4.0,4.1,5.3,7.3,2.7,4.2,4.9,5.7,3.6,5.1,3.6,5.2,5.1,5.0,3.9,4.3,5.0,4.2,3.5,5.5,4.1,4.8,4.2,4.9,2.3,4.2,5.6,4.5,4.7,5.9,4.5,4.4,3.2,2.2,5.7,4.1,4.1,5.1,4.1,6.1,4.8,2.9,3.0,3.7,1.6,5.0,4.5,3.7,3.7,5.3,6.3,3.3,4.4,3.3,6.4,5.2,3.2,4.6,4.2,5.7,5.8,3.2,3.7,5.5,4.0,2.8,3.0,6.2,3.0,4.2,3.6,2.9,4.7,6.4,5.3,4.7,3.6,6.2,5.3,5.5,4.1,3.6,4.8,3.7,6.1,4.0,6.0,4.7,4.0,6.0,4.5,4.3,4.3,4.9,4.9,4.8,4.8,5.6,3.7,3.8,5.2,3.1,3.2,4.6,4.3,4.4,4.1,4.4,3.9,5.1,3.8,6.6,5.7,4.2,3.9,3.9,3.8,5.1,4.4,4.0,5.8,3.6,4.1,3.3,2.9,3.5,3.1,4.3,5.5,7.4,4.0,4.6,5.2,6.2,4.7,5.0,5.3,4.7,2.5,2.8,3.5,4.0,5.1,2.9,4.7,4.7,4.0,3.4,5.5,4.9,6.4,4.0,4.8,4.5,6.0,4.9,4.9,2.5,2.9,2.8,2.8,5.1,4.7,3.4,4.4,4.4,4.5,3.7,5.0,3.5,4.5,6.3,4.3,4.5,4.7,5.7,4.6,6.0,3.9,4.2,3.9,4.7,3.3,4.1,3.1,5.0,1.3,5.8,5.1,6.8,5.1,4.2,4.4,6.1,2.7,3.7,3.3,3.6,3.4,6.6,5.4,4.9,5.8,6.9,2.5,6.0,3.8,4.3,4.6,3.7,4.1,4.4,2.5,3.8,4.1,2.4,5.2,3.4,4.3,5.5,4.4,4.3,5.9,2.6,5.9,4.7,3.5,4.6,4.9,6.2,5.2,4.5,5.6,4.2,2.8,4.2,4.7,4.2,4.9,4.0,3.9,4.7,3.8,3.9,2.5,4.2,4.5,5.1,4.1,4.6,4.8,5.3,5.0,3.9,5.4,5.4,4.3,5.5,3.1,4.8,3.9,6.8,4.4,4.5,4.9,3.1,4.7,3.5,4.1,3.6,3.3,5.6,6.3,5.1,4.2,5.4,4.6,4.4,5.5,6.2,3.6,4.0,5.8,5.0,7.3,4.2,4.7,4.2,4.2,2.6,4.0,3.6,3.6,3.5,4.7,4.3,3.9,3.5,4.3,4.6,2.8,4.1,5.7,6.3,4.3,3.4,4.9,4.0,6.3,4.4,5.7,4.2,2.7,4.4,5.5,3.3,7.2,3.8,3.3,5.0,5.1,4.2,4.9,2.4,2.2,3.3,5.1,4.3,5.9,5.6,4.6,4.6,4.7,4.6,5.1,4.9,2.8,6.2,4.0,5.5,5.2,5.2,4.5,7.1,4.6,6.1,4.7,4.4,4.9,3.2,5.7,6.4,5.1,5.1,3.3,5.5,4.6,6.1,4.3,4.4,4.3,5.5,3.5,2.8,6.4,3.4,6.8,6.3,4.8,5.6,5.3,3.4,6.3,5.8,5.5,4.1,5.1,4.7,4.8,4.0,4.9,4.4,6.3,3.8,5.2,4.9,5.3,4.9,3.1,5.0,4.4,3.5,5.6,3.7,3.7,4.4,4.9,5.4,3.8,4.2,6.1,4.0,5.7,4.0,5.9,5.9,4.5,5.1,3.5,4.4,3.9,5.0,4.5,3.1,5.2,4.3,4.6,5.4,6.4,4.2,5.6,5.8,5.1,4.2,4.6,5.0,5.8,4.2,4.8,2.8,3.1,3.4,4.2,5.4,2.6,3.7,4.4,4.7,4.9,5.0,4.9,6.3,4.4,5.1,6.3,2.9,5.1,5.9,4.0,3.2,5.6,5.1,4.1,5.8,4.3,3.9,5.4,4.2,4.7,4.4,4.7,4.2,4.5,4.4,4.5,3.7,4.2,5.4,2.4,4.7,5.4,5.9,5.2,4.0,5.2,5.6,4.2,4.5,5.0,5.2,4.9,4.5,6.3,3.5,4.2,4.0,5.1,5.1,4.4,4.4,5.6,4.6,3.9,2.9,3.8,5.0,4.8,4.0,4.8,4.2,3.8,4.6,5.4,3.0,5.9,5.1,3.1,4.2,7.0,4.8,3.4,4.9,3.8,4.8,4.1,4.8,4.3,3.4,4.6,3.9,5.0,4.4,3.8,3.6,4.0,3.1,4.4,5.5,3.5,4.4,3.6,3.0,5.5,3.2,4.3,5.0,6.0,5.3,4.4,5.6,4.1,2.7,4.9,5.1,5.2,5.4,3.1,4.4,6.3,4.0,5.5,3.9,2.7,3.6,5.5,3.8,4.8,4.3,2.1,5.5,3.7,6.3,5.6,5.4,4.1,4.8,5.2,5.3,2.9,4.6,7.6,6.0,4.9,3.1,4.1,4.8,5.2,5.1,5.1,3.6,3.0,5.2,4.6,4.3,2.8,4.8,4.5,3.9,3.7,5.5,3.3,5.2,4.4,4.9,4.4,4.0,3.6,5.1,3.3,6.6,5.0,3.8,4.6,4.2,1.8,4.3,4.2,3.2,5.5,5.6,5.4,3.5,3.8,3.4,3.3,4.1,4.4,4.4,3.7,4.0,5.3,5.1,6.0,5.2,5.8,4.6,3.6,2.7,4.2,3.4,3.8,3.3,4.5,3.4,3.5,5.7,4.1,5.4,5.8,4.7,6.8,3.6,5.1,3.4,5.5,4.2,4.7,2.4,4.2,4.5,4.2,4.6,4.4,3.8,3.2,5.0,4.1,3.6,5.7,5.6,4.4,5.1,4.5,2.8,5.5,5.7,3.8,6.9,5.7,5.1,5.5,4.0,6.3,4.0,4.8,3.3,6.4,3.5,1.8,4.0,5.0,5.6,4.1,5.4,5.7,4.1,2.1,4.8,5.1,3.9,3.6,5.5,3.4,4.6,4.3,3.3,4.9,5.4,4.3,3.8,4.2,3.6,4.7,4.5,4.1,4.3]}},{"type":"Feature","geometry":{"type":"LineString","coordinates":[[77.68,6.7515],[77.6829,6.7458],[77.6892,6.7342],[77.6986,6.7165],[77.7045,6.7047],[77.7143,6.6867],[77.7207,6.6753],[77.7301,6.6579],[77.737,6.6459],[77.7464,6.6282],[77.7526,6.6164],[77.7623,6.5987],[77.7679,6.5868],[77.777,6.569],[77.7836,6.5569],[77.7933,6.5388],[77.7996,6.527],[77.8096,6.5087],[77.8161,6.4977],[77.8263,6.4803],[77.8331,6.4688],[77.8429,6.451],[77.8497,6.4393],[77.8602,6.4221],[77.8669,6.4104],[77.8762,6.393],[77.8829,6.3813],[77.8926,6.3633],[77.899,6.3518],[77.9085,6.3343],[77.9146,6.322],[77.9243,6.3038],[77.9307,6.2919],[77.9393,6.2745],[77.9455,6.2626],[77.9545,6.2443],[77.9598,6.2324],[77.9681,6.2135],[77.9749,6.2012],[77.9833,6.1827],[77.9894,6.1707],[77.9981,6.1526],[78.004,6.141],[78.0129,6.1225],[78.019,6.1107],[78.0276,6.0931],[78.0332,6.0808],[78.0414,6.0626],[78.0477,6.0506],[78.0559,6.0322],[78.0619,6.0202],[78.0708,6.0022],[78.0767,5.9904],[78.0853,5.9724],[78.0913,5.9602],[78.0999,5.9424],[78.1059,5.9305],[78.1145,5.9125],[78.1199,5.9011],[78.1285,5.8827],[78.1344,5.8707],[78.1434,5.8529],[78.1492,5.8411],[78.1583,5.8228],[78.1642,5.8112],[78.1737,5.7934],[78.1799,5.7815],[78.1887,5.7634],[78.1948,5.7513],[78.2043,5.7336],[78.2103,5.7221],[78.2196,5.7043],[78.2258,5.6929],[78.2349,5.675],[78.241,5.6633],[78.2503,5.6454],[78.256,5.633],[78.265,5.6155],[78.271,5.6034],[78.2792,5.5853],[78.285,5.5735],[78.2935,5.5552],[78.2993,5.5427],[78.3081,5.5242],[78.3144,5.5119],[78.3233,5.4939],[78.3292,5.4818],[78.3377,5.4638],[78.3439,5.4516],[78.3522,5.434],[78.3585,5.4212],[78.3675,5.4039],[78.3731,5.3918],[78.382,5.3737],[78.3878,5.3611],[78.3961,5.343],[78.4015,5.3304],[78.4102,5.312],[78.4158,5.2998],[78.4243,5.281],[78.4303,5.2691],[78.4384,5.2505],[78.4439,5.2387],[78.4526,5.2207],[78.4575,5.2086],[78.4662,5.1902],[78.4715,5.1777],[78.4795,5.1596],[78.4849,5.1477],[78.4926,5.1291],[78.498,5.1167],[78.506,5.0981],[78.511,5.0853],[78.519,5.0668],[78.524,5.0546],[78.5319,5.0354],[78.5368,5.0228],[78.5444,5.0043],[78.5501,4.9913],[78.5579,4.9727],[78.5632,4.9609],[78.5716,4.9421],[78.577,4.9301],[78.5854,4.9122],[78.5912,4.9002],[78.5993,4.8825],[78.6052,4.8695],[78.6138,4.8515],[78.6194,4.8393],[78.6277,4.8206],[78.6333,4.8088],[78.6422,4.7903],[78.6479,4.7783],[78.656,4.7601],[78.6623,4.748],[78.6712,4.7309],[78.6774,4.7187],[78.6864,4.7007],[78.6927,4.6885],[78.7021,4.6705],[78.708,4.6585],[78.7165,4.6408],[78.7227,4.6286],[78.7312,4.611],[78.7368,4.5989],[78.7451,4.5807],[78.7503,4.5687],[78.7591,4.5507],[78.7649,4.5382],[78.7735,4.52],[78.7799,4.5076],[78.7887,4.4894],[78.7948,4.4779],[78.8037,4.4595],[78.81,4.4477],[78.8189,4.4298],[78.8251,4.4177],[78.8342,4.4],[78.8404,4.3881],[78.8495,4.3704],[78.8553,4.3586],[78.8649,4.3399],[78.8711,4.3277],[78.8802,4.3101],[78.8866,4.2985],[78.8954,4.2806],[78.9018,4.2684],[78.9118,4.2508],[78.9178,4.239],[78.9274,4.2217],[78.9339,4.2101],[78.9438,4.1923],[78.9505,4.1805],[78.9605,4.1634],[78.9679,4.1518],[78.9778,4.1347],[78.9852,4.1232],[78.9957,4.1054],[79.0025,4.094],[79.0127,4.0763],[79.0194,4.0649],[79.0298,4.047],[79.0367,4.0353],[79.0466,4.0177],[79.0538,4.0063],[79.0637,3.9894],[79.0703,3.9781],[79.0803,3.961],[79.0871,3.9493],[79.0966,3.9322],[79.1034,3.9206],[79.1132,3.903],[79.1194,3.8914],[79.1293,3.8742],[79.1361,3.8624],[79.1449,3.8448],[79.1515,3.8331],[79.1604,3.8154]]},"properties":{"mmsi":998883224,"name":"SYN-CAR-24","role":"background","vessel_type":70,"synthetic":true,"t_offset_s":[5862,5982,6222,6582,6822,7182,7422,7782,8022,8382,8622,8982,9222,9582,9822,10182,10422,10782,11022,11382,11622,11982,12222,12582,12822,13182,13422,13782,14022,14382,14622,14982,15222,15582,15822,16182,16422,16782,17022,17382,17622,17982,18222,18582,18822,19182,19422,19782,20022,20382,20622,20982,21222,21582,21822,22182,22422,22782,23022,23382,23622,23982,24222,24582,24822,25182,25422,25782,26022,26382,26622,26982,27222,27582,27822,28182,28422,28782,29022,29382,29622,29982,30222,30582,30822,31182,31422,31782,32022,32382,32622,32982,33222,33582,33822,34182,34422,34782,35022,35382,35622,35982,36222,36582,36822,37182,37422,37782,38022,38382,38622,38982,39222,39582,39822,40182,40422,40782,41022,41382,41622,41982,42222,42582,42822,43182,43422,43782,44022,44382,44622,44982,45222,45582,45822,46182,46422,46782,47022,47382,47622,47982,48222,48582,48822,49182,49422,49782,50022,50382,50622,50982,51222,51582,51822,52182,52422,52782,53022,53382,53622,53982,54222,54582,54822,55182,55422,55782,56022,56382,56622,56982,57222,57582,57822,58182,58422,58782,59022,59382,59622,59982,60222,60582,60822,61182,61422,61782,62022,62382,62622,62982,63222,63582,63822,64182,64422,64782],"sog":[11.9,11.2,12.3,12.3,11.7,12.3,11.9,11.8,12.1,11.9,12.0,11.9,11.6,12.0,12.3,12.5,12.0,12.2,11.7,12.0,11.8,11.8,12.1,12.1,12.2,12.0,12.0,12.6,12.1,11.5,11.9,12.0,12.5,11.5,12.0,12.4,11.7,12.7,12.2,12.3,11.5,12.2,11.7,12.3,11.9,11.5,12.4,12.3,12.1,12.2,11.8,11.9,11.7,12.5,12.4,12.6,11.8,11.6,12.1,12.1,12.3,12.3,12.1,12.3,11.7,12.3,12.0,12.6,11.9,11.6,11.7,12.0,11.5,11.5,11.5,11.8,12.1,12.3,11.4,11.9,11.7,12.3,12.4,12.5,12.4,11.8,12.1,11.8,11.8,11.9,12.1,11.8,11.6,11.7,12.8,11.9,12.3,11.7,12.1,11.6,12.2,12.0,12.4,11.7,11.9,12.1,12.2,12.2,11.8,11.7,12.1,12.0,12.0,12.1,12.3,12.4,12.2,12.3,12.4,11.8,11.6,12.2,12.3,11.7,11.9,11.6,12.7,12.3,12.0,12.4,11.4,12.5,12.2,11.9,12.1,11.8,11.9,12.1,12.2,12.0,11.7,11.9,12.1,11.8,12.1,11.6,11.4,11.7,12.2,12.1,12.2,12.3,11.6,11.9,12.0,12.2,12.2,12.1,12.1,11.9,11.9,12.1,12.0,12.1,12.0,12.0,11.9,11.9,11.8,12.1,11.7,12.0,12.0,12.1,12.0,12.0,12.1,12.4,12.1,11.8,12.1,12.2,12.3,12.4,12.2,11.8,11.4,12.3,11.9,11.8,11.8,12.1,11.8,11.6,12.2,11.9,11.6,11.8]}}],"properties":{"t_image":"2025-03-29T00:41:38Z","step_s":300,"source":"synthetic AIS (PS-permitted)"}}