{"type":"FeatureCollection","features":[{"id":"0","type":"Feature","properties":{},"geometry":{"type":"MultiPolygon","coordinates":[[[[-81.32702173399991,31.49834238300008],[-81.33143251899992,31.46723435000007],[-81.36527667299993,31.437886972000058],[-81.32565726799993,31.34892851400008],[-81.49242102799991,31.367661851000037],[-81.42650305899991,31.332953192000048],[-81.32827714799993,31.315252997000073],[-81.26988684799994,31.27484772300005],[-81.26768958199995,31.258734442000048],[-81.28856360599991,31.22093333500004],[-81.30748450399994,31.230454820000034],[-81.38597571499992,31.141750393000052],[-81.41795813699991,31.148993231000077],[-81.42300370999993,31.219631252000056],[-81.45482337099992,31.206000067000048],[-81.45173092399995,31.11709219000005],[-81.49583899599992,31.126206773000035],[-81.43028723899994,31.073431708000044],[-81.42491614499994,31.104722398000035],[-81.40367591099994,31.12128327000005],[-81.42414303299995,31.025051174000055],[-81.51353919199994,31.09332916900007],[-81.45079505099994,31.021918036000045],[-81.45677649599992,31.001654364000046],[-81.51968339799993,30.976629950000074],[-81.45079505099994,30.96356842700004],[-81.49925696499992,30.905585028000075],[-81.49242102799991,30.846869208000044],[-81.53335527299993,30.846869208000044],[-81.51903235599991,30.841782945000034],[-81.49242102799991,30.77179596600007],[-81.49925696499992,30.704331773000035],[-81.4402563139999,30.70075104400007],[-81.42857825399994,30.681708075000074],[-81.43781490799995,30.52411530200004],[-81.48900305899991,30.62099844000005],[-81.50031490799995,30.551255601000037],[-81.40982011599993,30.45648834800005],[-81.40982011599993,30.411444403000075],[-81.38939368399991,30.38422272300005],[-81.39492753799993,30.298570054000038],[-81.28766842399995,29.926174221000053],[-81.29381262899994,29.89411041900007],[-81.2737610019999,29.889873650000084],[-81.25013011399994,29.76959159900008],[-81.17829342399995,29.58551666900007],[-80.96266758099995,29.152056322000078],[-80.91454985199994,29.08745048700007],[-80.92210852799991,29.068304755000042],[-80.89175370999993,29.04555898600006],[-80.62706458199995,28.650864976000037],[-80.52822831899994,28.472601630000042],[-80.59406490799995,28.401597398000035],[-80.59219316299993,28.207912502000056],[-80.55329342399995,28.06159088700008],[-80.45189368399991,27.909409898000035],[-80.45091712099992,27.866359768000052],[-80.58063717399995,28.08543528900009],[-80.6199438139999,28.206976630000042],[-80.61790930899991,28.379339911000045],[-80.58788001199991,28.50576406500005],[-80.6004125639999,28.60028717700004],[-80.65664628799993,28.620754299000055],[-80.67503821499992,28.59560781500005],[-80.76593990799995,28.61229075700004],[-80.78425045499995,28.661281643000052],[-80.75234941299993,28.741929429000038],[-80.84813391799992,28.79059479400007],[-80.82823645699995,28.661444403000075],[-80.79747473899994,28.608303127000056],[-80.73827063699991,28.373480536000045],[-80.38097083199995,27.666083075000074],[-80.34536699099993,27.514593817000048],[-80.19782467399995,27.19599030200004],[-80.19701087099992,27.180487372000073],[-80.21715247299994,27.209418036000045],[-80.31432044199994,27.242580471000053],[-80.26016191299993,27.196966864000046],[-80.22126217399995,27.201605536000045],[-80.14879309799994,27.13825104400007],[-80.07555091099994,26.973211981000077],[-80.08128821499992,26.950425523000035],[-80.11510169199994,26.934719143000052],[-80.07070878799993,26.91697825700004],[-80.03823808499993,26.81118398600006],[-80.05361894399994,26.762152411000045],[-80.03453528599994,26.715318101000037],[-80.03237870999993,26.58734772300005],[-80.03807532499991,26.558539130000042],[-80.05361894399994,26.556708075000074],[-80.10265051999994,26.139960028000075],[-80.12877356699994,26.09861888200004],[-80.11278235599991,26.068833726000037],[-80.12877356699994,25.77529531500005],[-80.12926184799994,25.887884833000044],[-80.14061438699991,25.900824286000045],[-80.1765844389999,25.85838450700004],[-80.19619706899994,25.75381094000005],[-80.25161699099993,25.72060781500005],[-80.27757727799991,25.644232489000046],[-80.30687415299991,25.61823151200008],[-80.3113500639999,25.54979075700004],[-80.34430904899995,25.47524648600006],[-80.32567298099991,25.438666083000044],[-80.34105383999992,25.405951239000046],[-80.31432044199994,25.371161200000074],[-80.42300370999993,25.252386786000045],[-80.42690995999993,25.22174713700008],[-80.40249589799993,25.18622467700004],[-80.45079505099994,25.242987372000073],[-80.49864661399994,25.220363674000055],[-80.45872962099992,25.20917389500005],[-80.4434301419999,25.173163153000075],[-80.46914628799993,25.20807526200008],[-80.50617428299995,25.200506903000075],[-80.52599036399994,25.220363674000055],[-80.50617428299995,25.23460521000004],[-80.51231848899994,25.24827708500004],[-80.56550045499995,25.24599844000005],[-80.60651607999995,25.188666083000044],[-80.62222245999993,25.19367096600007],[-80.61473548099991,25.200506903000075],[-80.65135657499991,25.193060614000046],[-80.65697180899991,25.159491278000075],[-80.67813066299993,25.16787344000005],[-80.71092688699991,25.14524974200009],[-80.76561438699991,25.159491278000075],[-80.77301998599995,25.14524974200009],[-80.79352779899995,25.159491278000075],[-80.80524654899995,25.14911530200004],[-80.81053626199991,25.167792059000078],[-80.85496985599991,25.18622467700004],[-80.9102270169999,25.14524974200009],[-81.10195878799993,25.124741929000038],[-81.14915930899991,25.165716864000046],[-81.17711341099994,25.227769273000035],[-81.1648656889999,25.298081773000035],[-81.12995357999995,25.34446849200009],[-81.13609778599994,25.330226955000057],[-81.10191809799994,25.311712958000044],[-81.07787024599992,25.27285390800006],[-80.98525956899994,25.23460521000004],[-81.00576738199993,25.214178778000075],[-80.9446508449999,25.21230703300006],[-80.91722571499992,25.245754299000055],[-80.98078365799995,25.318304755000042],[-81.09512285099993,25.351304429000038],[-81.14134680899991,25.38475169500009],[-81.17088782499991,25.47483958500004],[-81.21467037699995,25.52757396000004],[-81.18765214799993,25.560207424000055],[-81.23167883999992,25.563625393000052],[-81.27953040299991,25.70416901200008],[-81.32168535099993,25.707586981000077],[-81.35724850199995,25.75348541900007],[-81.32168535099993,25.78270091400009],[-81.3484594389999,25.816839911000045],[-81.39614824099993,25.851629950000074],[-81.45079505099994,25.86587148600006],[-81.48558508999992,25.89940013200004],[-81.49876868399991,25.88670482000009],[-81.56407630099994,25.920477606000077],[-81.58800208199995,25.90688711100006],[-81.58800208199995,25.92609284100007],[-81.62271074099993,25.94717031500005],[-81.65005449099993,25.920477606000077],[-81.69102942599994,25.933539130000042],[-81.70531165299991,25.90688711100006],[-81.73200436099995,25.920477606000077],[-81.74254309799994,25.957464911000045],[-81.69444739499994,25.940375067000048],[-81.66437740799995,25.981350002000056],[-81.71149654899995,25.981350002000056],[-81.73167883999992,26.00063711100006],[-81.72573808499993,26.022284247000073],[-81.77009029899995,26.06777578300006],[-81.78722083199995,26.139593817000048],[-81.80089270699995,26.09861888200004],[-81.82754472599993,26.248846747000073],[-81.82140051999994,26.289618231000077],[-81.8555395169999,26.358710028000075],[-81.8418676419999,26.35187409100007],[-81.85594641799992,26.448879299000055],[-81.88280188699991,26.495835679000038],[-81.88731848899994,26.44476959800005],[-82.00865637899994,26.484523830000057],[-82.00011145699995,26.523179429000038],[-81.97447669199994,26.51044342700004],[-81.91177324099993,26.558661200000074],[-81.89305579299992,26.58612702000005],[-81.89708411399994,26.611273505000042],[-81.78038489499994,26.714992580000057],[-81.85460364499994,26.688421942000048],[-81.90672766799992,26.642645575000074],[-81.95173092399995,26.54364655200004],[-82.03905188699991,26.527899481000077],[-82.06309973899994,26.560980536000045],[-82.0547582669999,26.611273505000042],[-82.0821020169999,26.680243231000077],[-82.05703691299993,26.865790106000077],[-82.0969945949999,26.909369208000044],[-81.99640865799995,26.958238023000035],[-81.97838294199994,26.996161200000074],[-82.01683508999992,26.97296784100007],[-82.11558997299994,26.961371161000045],[-82.15518144399994,26.92763906500005],[-82.18443762899994,26.955145575000074],[-82.18073482999995,26.972357489000046],[-82.22232011599993,26.96515534100007],[-82.27383378799993,27.016017971000053],[-82.23021399599992,26.956854559000078],[-82.20128333199995,26.944159247000073],[-82.15990149599992,26.862250067000048],[-82.15025794199994,26.803168036000045],[-82.16559811099995,26.78579336100006],[-82.17764238199993,26.82485586100006],[-82.19810950399994,26.803127346000053],[-82.31383216099994,26.849351304000038],[-82.34292558499993,26.934881903000075],[-82.37002519399994,26.961371161000045],[-82.3489477199999,26.906805731000077],[-82.37002519399994,26.920396226000037],[-82.46715247299994,27.102036851000037],[-82.50088456899994,27.179022528000075],[-82.49632727799991,27.211493231000077],[-82.51341712099992,27.228908596000053],[-82.52086341099994,27.215277411000045],[-82.5618383449999,27.276271877000056],[-82.56187903599994,27.297796942000048],[-82.54076087099992,27.28351471600007],[-82.54190019399994,27.308539130000042],[-82.57363847599993,27.395086981000077],[-82.64541581899994,27.44293854400007],[-82.69839433499993,27.454820054000038],[-82.72915605399993,27.51471588700008],[-82.72569739499994,27.530585028000075],[-82.70523027299993,27.489569403000075],[-82.65746008999992,27.46165599200009],[-82.64439856699994,27.495835679000038],[-82.67788652299993,27.503241278000075],[-82.66075598899994,27.520331122000073],[-82.5891820949999,27.503241278000075],[-82.63695227799991,27.52374909100007],[-82.57860266799992,27.547308661000045],[-82.57241777299993,27.559515692000048],[-82.62267005099994,27.544175523000035],[-82.5891820949999,27.56468333500004],[-82.59601803299995,27.57770416900007],[-82.54417883999992,27.650051174000055],[-82.3899633449999,27.811102606000077],[-82.42174231699994,27.917181708000044],[-82.45116126199991,27.93073151200008],[-82.47183183499993,27.920355536000045],[-82.48273678299995,27.82135651200008],[-82.52708899599992,27.824774481000077],[-82.53962154899995,27.84398021000004],[-82.54112708199995,27.94277578300006],[-82.61644446499992,27.961330471000053],[-82.59601803299995,27.98305898600006],[-82.64439856699994,28.016546942000048],[-82.65062415299991,28.00291575700004],[-82.69098873599995,28.037665106000077],[-82.67788652299993,28.006293036000045],[-82.69033769399994,27.970851955000057],[-82.64439856699994,27.96873607000009],[-82.71886145699995,27.927801825000074],[-82.60472571499992,27.88149648600006],[-82.56187903599994,27.88617584800005],[-82.6028539699999,27.862982489000046],[-82.59601803299995,27.81793854400007],[-82.63011633999992,27.75031159100007],[-82.62657630099994,27.71580638200004],[-82.65404212099992,27.695054429000038],[-82.68472245999993,27.701239325000074],[-82.68785559799994,27.736029364000046],[-82.7215063139999,27.74510325700004],[-82.81509355399993,27.83222077000005],[-82.81069902299993,27.804429429000038],[-82.73936926999994,27.728583075000074],[-82.71886145699995,27.65965403900009],[-82.74254309799994,27.679754950000074],[-82.76748613199993,27.75153229400007],[-82.84239661399994,27.828517971000053],[-82.85228430899991,27.90818919500009],[-82.82188880099994,27.94830963700008],[-82.83556067599994,27.88617584800005],[-82.76732337099992,28.105902411000045],[-82.78734290299991,28.193752346000053],[-82.75991777299993,28.214667059000078],[-82.71678626199991,28.29832591400009],[-82.71886145699995,28.311428127000056],[-82.73253333199995,28.30459219000005],[-82.66421464799993,28.44794342700004],[-82.63194739499994,28.69529857000009],[-82.64020748599995,28.75495026200008],[-82.68472245999993,28.804836330000057],[-82.67100989499994,28.82021719000005],[-82.63011633999992,28.784369208000044],[-82.6336156889999,28.887640692000048],[-82.68517005099994,28.91307200700004],[-82.72716223899994,28.95917389500005],[-82.72569739499994,28.996649481000077],[-82.75511633999992,29.010158596000053],[-82.74620520699995,29.064886786000045],[-82.79474850199995,29.10805898600006],[-82.7735082669999,29.119533596000053],[-82.79849199099993,29.139064846000053],[-82.8008520169999,29.174750067000048],[-82.82872473899994,29.16111888200004],[-82.84923255099994,29.182196356000077],[-82.86888587099992,29.169623114000046],[-82.93175208199995,29.188421942000048],[-83.04067949099993,29.180121161000045],[-83.04605058499993,29.203558661000045],[-83.07371985599991,29.21824778900009],[-83.06151282499991,29.236802476000037],[-83.0847875639999,29.27220286700009],[-83.15770423099991,29.305121161000045],[-83.16515051999994,29.342678127000056],[-83.21568762899994,29.410589911000045],[-83.25328528599994,29.442287502000056],[-83.27818762899994,29.43854401200008],[-83.35631262899994,29.510565497000073],[-83.40477454299992,29.531683661000045],[-83.41152910099993,29.57949453300006],[-83.39297441299993,29.633734442000048],[-83.40892493399991,29.667303778000075],[-83.46617591099994,29.68183014500005],[-83.54381262899994,29.72809479400007],[-83.57677161399994,29.764960028000075],[-83.59337317599994,29.826157945000034],[-83.68057206899994,29.92129140800006],[-83.78770911399994,29.98969147300005],[-83.85643469999991,30.002386786000045],[-84.02403723899994,30.106594143000052],[-84.17833411399994,30.072821356000077],[-84.2031957669999,30.105902411000045],[-84.26065019399994,30.099554755000042],[-84.2852270169999,30.066066799000055],[-84.32852128799993,30.06598541900007],[-84.36436926999994,30.048529364000046],[-84.37051347599993,30.02448151200008],[-84.39102128799993,30.02448151200008],[-84.3836156889999,29.98969147300005],[-84.37051347599993,30.004055080000057],[-84.34630286399994,29.969875393000052],[-84.45352128799993,30.005194403000075],[-84.4661352199999,29.98969147300005],[-84.44994055899991,29.988836981000077],[-84.43569902299993,29.963039455000057],[-84.34300696499992,29.94676341400009],[-84.34898841099994,29.902044989000046],[-84.37734941299993,29.88735586100006],[-84.36367753799993,29.90778229400007],[-84.50837154899995,29.92206452000005],[-84.60435950399994,29.86469147300005],[-84.65318762899994,29.852769273000035],[-84.73363196499992,29.79169342700004],[-84.87535559799994,29.733221747000073],[-84.89126542899993,29.747381903000075],[-84.85716712099992,29.79791901200008],[-84.87328040299991,29.804632880000042],[-85.00426184799994,29.716009833000044],[-85.12425696499992,29.721828518000052],[-85.24071204299992,29.688706773000035],[-85.30785071499992,29.693426825000074],[-85.34609941299993,29.67837148600006],[-85.39159094999991,29.716009833000044],[-85.41348222599993,29.851385809000078],[-85.39842688699991,29.873602606000077],[-85.39586341099994,29.771877346000053],[-85.37779700399994,29.728176174000055],[-85.35147050699993,29.693426825000074],[-85.32054602799991,29.693304755000042],[-85.30186926999994,29.711859442000048],[-85.30215410099993,29.79791901200008],[-85.35651607999995,29.888739325000074],[-85.40518144399994,29.93512604400007],[-85.54918372299994,30.004055080000057],[-85.56285559799994,30.03192780200004],[-85.52342688699991,29.996893622000073],[-85.48033606699994,29.983547268000052],[-85.67955481699994,30.13434479400007],[-85.6106664699999,30.126898505000042],[-85.61143958199995,30.10846588700008],[-85.54600989499994,30.091009833000044],[-85.51268469999991,30.05532461100006],[-85.44237219999991,30.02016836100006],[-85.39049231699994,30.044745184000078],[-85.39500891799992,30.055568752000056],[-85.4309789699999,30.07050202000005],[-85.46206620999993,30.034898179000038],[-85.48591061099995,30.05817291900007],[-85.48778235599991,30.107082424000055],[-85.51268469999991,30.108343817000048],[-85.49461829299992,30.140570380000042],[-85.56285559799994,30.13434479400007],[-85.56969153599994,30.11391836100006],[-85.64541581899994,30.140570380000042],[-85.72052975199995,30.195786851000037],[-85.65729732999995,30.252101955000057],[-85.61807206899994,30.245835679000038],[-85.57921301999994,30.28611888200004],[-85.5554906889999,30.285142320000034],[-85.58678137899994,30.326117255000042],[-85.62075761599993,30.282049872000073],[-85.63857988199993,30.271470445000034],[-85.65489661399994,30.283596096000053],[-85.70864824099993,30.247015692000048],[-85.7547094389999,30.319281317000048],[-85.77757727799991,30.29441966400009],[-85.82555091099994,30.287176825000074],[-85.85435950399994,30.264837958000044],[-85.83177649599992,30.23590729400007],[-85.78571529899995,30.244208075000074],[-85.75597083199995,30.231594143000052],[-85.73420162699995,30.209418036000045],[-85.74913489499994,30.19049713700008],[-85.74136308499993,30.17837148600006],[-85.70628821499992,30.154852606000077],[-85.71373450399994,30.140570380000042],[-85.7344457669999,30.150213934000078],[-85.72052975199995,30.13434479400007],[-86.06598873599995,30.30605703300006],[-86.51089433499993,30.40761953300006],[-86.34715735599991,30.395005601000037],[-86.31167558499993,30.436468817000048],[-86.2871801419999,30.404689846000053],[-86.24193274599992,30.395005601000037],[-86.22630774599992,30.412054755000042],[-86.25845292899993,30.423041083000044],[-86.24815833199995,30.435980536000045],[-86.11742102799991,30.379339911000045],[-86.10777747299994,30.386704820000034],[-86.15147864499994,30.45726146000004],[-86.13825436099995,30.48314036700009],[-86.18203691299993,30.468817450000074],[-86.20714270699995,30.50486888200004],[-86.22325598899994,30.492254950000074],[-86.36790930899991,30.48314036700009],[-86.40835527299993,30.461411851000037],[-86.43980872299994,30.47614166900007],[-86.41266842399995,30.517971096000053],[-86.44640051999994,30.51634349200009],[-86.46043860599991,30.50023021000004],[-86.4883520169999,30.52411530200004],[-86.48460852799991,30.48004791900007],[-86.55406653599994,30.44550202000005],[-86.5899145169999,30.44521719000005],[-86.60228430899991,30.41828034100007],[-86.7825414699999,30.422308661000045],[-87.19408118399991,30.360296942000048],[-87.13809160099993,30.392645575000074],[-87.00523841099994,30.410223700000074],[-86.94017493399991,30.45648834800005],[-86.89378821499992,30.43891022300005],[-86.90453040299991,30.46161530200004],[-86.96442623599995,30.476996161000045],[-87.01353919199994,30.51129791900007],[-87.00934811099995,30.53538646000004],[-86.96068274599992,30.559515692000048],[-86.96812903599994,30.573187567000048],[-86.98721269399994,30.562567450000074],[-87.02961178299995,30.60732656500005],[-87.02122962099992,30.57965729400007],[-87.07738196499992,30.449652411000045],[-87.09837805899991,30.46051666900007],[-87.09097245999993,30.490627346000053],[-87.10960852799991,30.535956122000073],[-87.13133704299992,30.538397528000075],[-87.12511145699995,30.559515692000048],[-87.18057206899994,30.58466217700004],[-87.15680904899995,30.47451406500005],[-87.20238196499992,30.41893138200004],[-87.26292883999992,30.401271877000056],[-87.26602128799993,30.357163804000038],[-87.31012936099995,30.346625067000048],[-87.30654863199993,30.328558661000045],[-87.32884680899991,30.31972890800006],[-87.52920488199993,30.277736721000053],[-87.49571692599994,30.30565013200004],[-87.4473363919999,30.31313711100006],[-87.48204505099994,30.326117255000042],[-87.42145748599995,30.34003327000005],[-87.42682857999995,30.37457916900007],[-87.34561113199993,30.427679755000042],[-87.35850989499994,30.463324286000045],[-87.42682857999995,30.48314036700009],[-87.39207923099991,30.449652411000045],[-87.47370357999995,30.359198309000078],[-87.55719967399995,30.319281317000048],[-87.61180579299992,30.360296942000048],[-87.60558020699995,30.30565013200004],[-87.56456458199995,30.31313711100006],[-87.59015865799995,30.275376695000034],[-87.65453040299991,30.252101955000057],[-88.03014075399994,30.223781643000052],[-87.93578040299991,30.264593817000048],[-87.8750707669999,30.241522528000075],[-87.76423092399995,30.27952708500004],[-87.77623450399994,30.31313711100006],[-87.8308813139999,30.36399974200009],[-87.82127844999991,30.404689846000053],[-87.83446204299992,30.412502346000053],[-87.86563066299993,30.387600002000056],[-87.91136633999992,30.41356028900009],[-87.9407445949999,30.48314036700009],[-87.91030839799993,30.548976955000057],[-87.91246497299994,30.583726304000038],[-87.94253495999993,30.65973541900007],[-88.00625566299993,30.68781159100007],[-88.00987708199995,30.726629950000074],[-88.03014075399994,30.73769765800006],[-88.02301998599995,30.709377346000053],[-88.04381262899994,30.689195054000038],[-88.06289628799993,30.60447825700004],[-88.08458411399994,30.576157945000034],[-88.12010657499991,30.338324286000045],[-88.13768469999991,30.31976959800005],[-88.19408118399991,30.337103583000044],[-88.18712317599994,30.367743231000077],[-88.30382239499994,30.401271877000056],[-88.31749426999994,30.38076406500005],[-88.33543860599991,30.40387604400007],[-88.4031469389999,30.387600002000056],[-88.4075414699999,30.359320380000042],[-88.47057044199994,30.323879299000055],[-88.56773841099994,30.353583075000074],[-88.59121660099993,30.395005601000037],[-88.66222083199995,30.35455963700008],[-88.74205481699994,30.354071356000077],[-88.84585527299993,30.42259349200009],[-88.92764238199993,30.442206122000073],[-88.98228919199994,30.422308661000045],[-88.85936438699991,30.40810781500005],[-88.87608801999994,30.39520905200004],[-88.96861731699994,30.395005601000037],[-89.25348873599995,30.319281317000048],[-89.27334550699993,30.33079661700009],[-89.24974524599992,30.346625067000048],[-89.30016028599994,30.37653229400007],[-89.33193925699993,30.37714264500005],[-89.35558020699995,30.35032786700009],[-89.31867428299995,30.34320709800005],[-89.32054602799991,30.31207916900007],[-89.42105058499993,30.257798570000034],[-89.41380774599992,30.244696356000077],[-89.44253495999993,30.18976471600007],[-89.45518958199995,30.18154531500005],[-89.46825110599991,30.203273830000057],[-89.49107825399994,30.188666083000044],[-89.5235082669999,30.195786851000037],[-89.59593665299991,30.155910549000055],[-89.61290442599994,30.168524481000077],[-89.58556067599994,30.17527903900009],[-89.59601803299995,30.18699778900009],[-89.64329993399991,30.17527903900009],[-89.73607337099992,30.18496328300006],[-89.75145423099991,30.23737213700008],[-89.8262426419999,30.231594143000052],[-89.88377844999991,30.26471588700008],[-89.96914628799993,30.26471588700008],[-90.00389563699991,30.322699286000045],[-90.05850175699993,30.360296942000048],[-90.18944251199991,30.39081452000005],[-90.24547278599994,30.37372467700004],[-90.33116614499994,30.27602773600006],[-90.40501868399991,30.22016022300005],[-90.42845618399991,30.18895091400009],[-90.43297278599994,30.14329661700009],[-90.41405188699991,30.106594143000052],[-90.33910071499992,30.066066799000055],[-90.26622473899994,30.06012604400007],[-90.16836503799993,30.02448151200008],[-89.99644934799994,30.052435614000046],[-89.92731686099995,30.095526434000078],[-89.88044186099995,30.154852606000077],[-89.78880774599992,30.098863023000035],[-89.7363988919999,30.17527903900009],[-89.72891191299993,30.16168854400007],[-89.75690670499995,30.11391836100006],[-89.74323482999995,30.099554755000042],[-89.72891191299993,30.126898505000042],[-89.68342037699995,30.14004140800006],[-89.68358313699991,30.154242255000042],[-89.70645097599993,30.150213934000078],[-89.70840410099993,30.16168854400007],[-89.66738847599993,30.164007880000042],[-89.63955644399994,30.140570380000042],[-89.68114173099991,30.07636139500005],[-89.71898352799991,30.062323309000078],[-89.71792558499993,30.033270575000074],[-89.72891191299993,30.02448151200008],[-89.80044511599993,30.051214911000045],[-89.84040279899995,30.011419989000046],[-89.81114661399994,29.94717031500005],[-89.70840410099993,29.956203518000052],[-89.72891191299993,29.92206452000005],[-89.66454016799992,29.875474351000037],[-89.60240637899994,29.890773830000057],[-89.57559160099993,29.93105703300006],[-89.56558183499993,30.000921942000048],[-89.50308183499993,30.03074778900009],[-89.48623613199993,30.07636139500005],[-89.42731686099995,30.058661200000074],[-89.42731686099995,30.03807200700004],[-89.38634192599994,30.058661200000074],[-89.3660375639999,30.048651434000078],[-89.38011633999992,30.03192780200004],[-89.43472245999993,30.02448151200008],[-89.43472245999993,29.98969147300005],[-89.45470130099994,29.976385809000078],[-89.38634192599994,29.969875393000052],[-89.37022864499994,29.95075104400007],[-89.38174394399994,29.935532945000034],[-89.40078691299993,29.932114976000037],[-89.40746008999992,29.94879791900007],[-89.43472245999993,29.928900458000044],[-89.41364498599995,29.901556708000044],[-89.36953691299993,29.91864655200004],[-89.39378821499992,29.87986888200004],[-89.36644446499992,29.89411041900007],[-89.33169511599993,29.87986888200004],[-89.38011633999992,29.833319403000075],[-89.34532630099994,29.79169342700004],[-89.38634192599994,29.79791901200008],[-89.41364498599995,29.76439036700009],[-89.40746008999992,29.79169342700004],[-89.48253333199995,29.833319403000075],[-89.47809811099995,29.815659898000035],[-89.5325414699999,29.75584544500009],[-89.58556067599994,29.750799872000073],[-89.60147050699993,29.734849351000037],[-89.58556067599994,29.688706773000035],[-89.52212480399993,29.687323309000078],[-89.51048743399991,29.675034898000035],[-89.53091386599993,29.675034898000035],[-89.48253333199995,29.634100653000075],[-89.70225989499994,29.709784247000073],[-89.61969967399995,29.62726471600007],[-89.75690670499995,29.634100653000075],[-89.72276770699995,29.623195705000057],[-89.67804928299995,29.527899481000077],[-89.5235082669999,29.469631252000056],[-89.53742428299995,29.43500397300005],[-89.51667232999995,29.434800523000035],[-89.51895097599993,29.41815827000005],[-89.54458574099993,29.408148505000042],[-89.5398656889999,29.397772528000075],[-89.33678137899994,29.390570380000042],[-89.3809301419999,29.362941799000055],[-89.34227454299992,29.346096096000053],[-89.28136145699995,29.35761139500005],[-89.24445553299995,29.31598541900007],[-89.19709225199995,29.353461005000042],[-89.18834387899994,29.318793036000045],[-89.17406165299991,29.32562897300005],[-89.15355383999992,29.290838934000078],[-89.13988196499992,29.29828522300005],[-89.1126195949999,29.264146226000037],[-89.14736894399994,29.236802476000037],[-89.07135982999995,29.202826239000046],[-89.05797278599994,29.202093817000048],[-89.06480872299994,29.21637604400007],[-89.03246008999992,29.216620184000078],[-89.01016191299993,29.195868231000077],[-89.03062903599994,29.188421942000048],[-89.01016191299993,29.174750067000048],[-89.05113684799994,29.167914130000042],[-89.05113684799994,29.188421942000048],[-89.0969945949999,29.15961334800005],[-89.0989477199999,29.147406317000048],[-89.02318274599992,29.147406317000048],[-89.06480872299994,29.086004950000074],[-89.07152258999992,29.112494208000044],[-89.0989477199999,29.119533596000053],[-89.08462480399993,29.078558661000045],[-89.10578365799995,29.099676825000074],[-89.15050208199995,29.048163153000075],[-89.13365637899994,28.996242580000057],[-89.15778561099995,28.99746328300006],[-89.24767005099994,29.105902411000045],[-89.24974524599992,29.064886786000045],[-89.30955969999991,29.05019765800006],[-89.37401282499991,28.94745514500005],[-89.41364498599995,28.92837148600006],[-89.40746008999992,28.969305731000077],[-89.35558020699995,29.02049388200004],[-89.35216223899994,29.05805084800005],[-89.3118383449999,29.072333075000074],[-89.2761938139999,29.160101630000042],[-89.29067949099993,29.16111888200004],[-89.30435136599993,29.12693919500009],[-89.32176673099991,29.18195221600007],[-89.32485917899993,29.119533596000053],[-89.38365637899994,29.087836005000042],[-89.40489661399994,29.122870184000078],[-89.3985082669999,29.141913153000075],[-89.42731686099995,29.15493398600006],[-89.48253333199995,29.243068752000056],[-89.45518958199995,29.250474351000037],[-89.49510657499991,29.259507554000038],[-89.50609290299991,29.250148830000057],[-89.49620520699995,29.229396877000056],[-89.6082250639999,29.25604889500005],[-89.62267005099994,29.28514232000009],[-89.6620041509999,29.300930209000057],[-89.81814592099994,29.31615996000005],[-89.7577051049999,29.343163106000077],[-89.7438055799999,29.369842817000062],[-89.75009984499991,29.39219522800005],[-89.77733313699991,29.380194403000075],[-89.77550208199995,29.420803127000056],[-89.81981360599991,29.41705963700008],[-89.83193925699993,29.442287502000056],[-89.81631425699993,29.474351304000038],[-89.85171464799993,29.48004791900007],[-89.86025956899994,29.443752346000053],[-89.90770423099991,29.477036851000037],[-89.94163977799991,29.46442291900007],[-90.09947669199994,29.544663804000038],[-90.1297094389999,29.544663804000038],[-90.12743079299992,29.524237372000073],[-90.18203691299993,29.57949453300006],[-90.20933997299994,29.53847890800006],[-90.18203691299993,29.531683661000045],[-90.21556555899991,29.524237372000073],[-90.2102758449999,29.51512278900009],[-90.02375240799995,29.428615627000056],[-90.05052649599992,29.40729401200008],[-90.03742428299995,29.33926015800006],[-90.05850175699993,29.359767971000053],[-90.04751542899993,29.325018622000073],[-90.01756751199991,29.29828522300005],[-90.03742428299995,29.290838934000078],[-90.06745357999995,29.31012604400007],[-90.06476803299995,29.28461334800005],[-90.0950414699999,29.28384023600006],[-90.09996497299994,29.253851630000042],[-90.08385169199994,29.225409247000073],[-90.05109615799995,29.229396877000056],[-90.11388098899994,29.144191799000055],[-90.19847571499992,29.09829336100006],[-90.24404863199993,29.091498114000046],[-90.23973548099991,29.13182200700004],[-90.27131100199995,29.16742584800005],[-90.25035559799994,29.236802476000037],[-90.26081295499995,29.269476630000042],[-90.28746497299994,29.235174872000073],[-90.33910071499992,29.31126536700009],[-90.35985266799992,29.30337148600006],[-90.39370683499993,29.243068752000056],[-90.39956620999993,29.31159088700008],[-90.44424394399994,29.35765208500004],[-90.48306230399993,29.290838934000078],[-90.49644934799994,29.30613841400009],[-90.52745520699995,29.290838934000078],[-90.56200110599991,29.300726630000042],[-90.56932532499991,29.320705471000053],[-90.60277258999992,29.307562567000048],[-90.60724850199995,29.290838934000078],[-90.57925370999993,29.28461334800005],[-90.59821529899995,29.24433014500005],[-90.58551998599995,29.229396877000056],[-90.59528561099995,29.218573309000078],[-90.6270238919999,29.23574453300006],[-90.64073645699995,29.14061107000009],[-90.66368567599994,29.164618231000077],[-90.69786536399994,29.12177155200004],[-90.74323482999995,29.13084544500009],[-90.75796464799993,29.11591217700004],[-90.80524654899995,29.12693919500009],[-90.76984615799995,29.14911530200004],[-90.77725175699993,29.167914130000042],[-90.79531816299993,29.160630601000037],[-90.84618079299992,29.182196356000077],[-90.84414628799993,29.15729401200008],[-90.88402258999992,29.13377513200004],[-90.95518958199995,29.18573639500005],[-91.01065019399994,29.182196356000077],[-90.99014238199993,29.208929755000042],[-91.01549231699994,29.223537502000056],[-91.03795325399994,29.21979401200008],[-91.0501195949999,29.197007554000038],[-91.07957923099991,29.195868231000077],[-91.12393144399994,29.223211981000077],[-91.28514563699991,29.260891018000052],[-91.32799231699994,29.294867255000042],[-91.33967037699995,29.33926015800006],[-91.32949785099993,29.323919989000046],[-91.29312089799993,29.32322825700004],[-91.24657141799992,29.378119208000044],[-91.22297115799995,29.380194403000075],[-91.2149145169999,29.34332916900007],[-91.19131425699993,29.33144765800006],[-91.16148841099994,29.33926015800006],[-91.17577063699991,29.277777411000045],[-91.15404212099992,29.250474351000037],[-91.11310787699995,29.27098216400009],[-91.12734941299993,29.28461334800005],[-91.10985266799992,29.316555080000057],[-91.12157141799992,29.33812083500004],[-91.21983801999994,29.404445705000057],[-91.22297115799995,29.434800523000035],[-91.26256262899994,29.46906159100007],[-91.26329505099994,29.522284247000073],[-91.22008216099994,29.56940338700008],[-91.22838294199994,29.60805898600006],[-91.25767981699994,29.61359284100007],[-91.24779212099992,29.59052155200004],[-91.28189042899993,29.555568752000056],[-91.27818762899994,29.524237372000073],[-91.29865475199995,29.48383209800005],[-91.4238988919999,29.521185614000046],[-91.41515051999994,29.55683014500005],[-91.4290258449999,29.56582265800006],[-91.49323482999995,29.539618231000077],[-91.55931555899991,29.53847890800006],[-91.54124915299991,29.56903717700004],[-91.56078040299991,29.64248281500005],[-91.6133520169999,29.634100653000075],[-91.64415442599994,29.64516836100006],[-91.63792883999992,29.74209219000005],[-91.77843176999994,29.748480536000045],[-91.85846920499995,29.71906159100007],[-91.87441972599993,29.778143622000073],[-91.8535863919999,29.80536530200004],[-91.82945716099994,29.784409898000035],[-91.82628333199995,29.801703192000048],[-91.84752356699994,29.831244208000044],[-91.90672766799992,29.837103583000044],[-91.93350175699993,29.81940338700008],[-91.9844457669999,29.831976630000042],[-92.00047766799992,29.798895575000074],[-92.08641516799992,29.771470445000034],[-92.13463294199994,29.736151434000078],[-92.14899654899995,29.736476955000057],[-92.13646399599992,29.745306708000044],[-92.14146887899994,29.766913153000075],[-92.15831458199995,29.771226304000038],[-92.17568925699993,29.750799872000073],[-92.20238196499992,29.76439036700009],[-92.17227128799993,29.69550202000005],[-92.09996497299994,29.709784247000073],[-92.14150956899994,29.688706773000035],[-92.10741126199991,29.620428778000075],[-92.06017005099994,29.63694896000004],[-92.02489173099991,29.62726471600007],[-92.06737219999991,29.616156317000048],[-92.07331295499995,29.60614655200004],[-92.0528051419999,29.59992096600007],[-92.06590735599991,29.587836005000042],[-92.13686501599994,29.586862460000077],[-92.27649313299992,29.533836437000048],[-92.31430732699994,29.53436857400004],[-92.6830579459999,29.604132864000064],[-93.02684485599991,29.732855536000045],[-93.1995929499999,29.77281118800005],[-93.55851309299993,29.76312099100005],[-93.73937984299994,29.737247514000046],[-93.8310278269999,29.700134882000043],[-93.8791551839999,29.749883544000056],[-93.89369709399995,29.79081447300007],[-93.8882383909999,29.807175275000077],[-93.82066781899994,29.82421374800009],[-93.78194133199992,29.85651491100009],[-93.75995235399995,29.960576139000068],[-93.78890095999992,29.98506584900008],[-93.85407467399995,29.98655833500004],[-93.92439858799992,29.865621589000057],[-93.93811194999995,29.80590269000004],[-93.9327117119999,29.776194375000046],[-93.85993404899995,29.692572333000044],[-93.8758031889999,29.675034898000035],[-94.03758704299992,29.684027411000045],[-94.10195878799993,29.67059967700004],[-94.65428626199991,29.45189036700009],[-94.76276607999995,29.366522528000075],[-94.79063880099994,29.380031643000052],[-94.70099850199995,29.46279531500005],[-94.63003495999993,29.485663153000075],[-94.5808813139999,29.524237372000073],[-94.50446529899995,29.52602773600006],[-94.48595130099994,29.566107489000046],[-94.51012122299994,29.54901764500005],[-94.56143144399994,29.574611721000053],[-94.6054481779999,29.552650016000086],[-94.77905017199993,29.529876915000045],[-94.78508043599993,29.54693368800008],[-94.7612740749999,29.543918331000043],[-94.71613838999991,29.61140815600004],[-94.69274089399994,29.696340139000085],[-94.70353180799992,29.75136155200005],[-94.73405499899991,29.782240880000074],[-94.7947923609999,29.771705170000075],[-94.80674323599993,29.781989296000063],[-94.87607624399993,29.665842342000076],[-94.91959650099994,29.655327353000075],[-94.9383167599999,29.68965262100005],[-95.05228023199993,29.74974817000009],[-95.06407630099994,29.71287669500009],[-94.9858013839999,29.674985390000074],[-95.0157232649999,29.64452245700005],[-94.98451850799995,29.60612019000007],[-95.02391516799992,29.542181708000044],[-94.98391111199993,29.513819470000044],[-94.90779828199993,29.496309994000057],[-94.92350621799994,29.475557837000053],[-94.96507727799991,29.469631252000056],[-94.9429418609999,29.422023830000057],[-94.9173070949999,29.421128648000035],[-94.9173070949999,29.442287502000056],[-94.88955644399994,29.400824286000045],[-94.8211156889999,29.373968817000048],[-94.88882402299993,29.37596263200004],[-94.9129125639999,29.315578518000052],[-94.95079505099994,29.318793036000045],[-94.99917558499993,29.28461334800005],[-95.06517493399991,29.20416901200008],[-95.11587480399993,29.174750067000048],[-95.12425696499992,29.19354889500005],[-95.17052161399994,29.208929755000042],[-95.15001380099994,29.174750067000048],[-95.15892493399991,29.045721747000073],[-95.25999915299991,28.981756903000075],[-95.36774654899995,28.887152411000045],[-95.41917883999992,28.872300523000035],[-95.64488684799994,28.745917059000078],[-95.81737219999991,28.732489325000074],[-95.9519750639999,28.688706773000035],[-95.95592200399994,28.632635809000078],[-95.94017493399991,28.62571849200009],[-95.79344641799992,28.69944896000004],[-95.71922766799992,28.71548086100006],[-95.83714758999992,28.64647044500009],[-96.00511633999992,28.596502997000073],[-96.06627356699994,28.553859768000052],[-96.21886145699995,28.489488023000035],[-96.16087805899991,28.537258205000057],[-95.98493404899995,28.613104559000078],[-95.98778235599991,28.64484284100007],[-96.02643795499995,28.65102773600006],[-96.22647050699993,28.587144273000035],[-96.20474199099993,28.610581773000035],[-96.13687089799993,28.626654364000046],[-96.21544348899994,28.629380601000037],[-96.18805904899995,28.69086334800005],[-96.23082434799994,28.69281647300005],[-96.26667232999995,28.675116278000075],[-96.26040605399993,28.688706773000035],[-96.3457738919999,28.635321356000077],[-96.3902074859999,28.688706773000035],[-96.38329016799992,28.73004791900007],[-96.39761308499993,28.743394273000035],[-96.41685950399994,28.729722398000035],[-96.44481360599991,28.76386139500005],[-96.42430579299992,28.708644924000055],[-96.39761308499993,28.712062893000052],[-96.41685950399994,28.688706773000035],[-96.4168188139999,28.643703518000052],[-96.36969967399995,28.626654364000046],[-96.42764238199993,28.595404364000046],[-96.49323482999995,28.578924872000073],[-96.44481360599991,28.597357489000046],[-96.44713294199994,28.635646877000056],[-96.48468990799995,28.612616278000075],[-96.4973852199999,28.64476146000004],[-96.55467688699991,28.64716217700004],[-96.57852128799993,28.712062893000052],[-96.65086829299992,28.729722398000035],[-96.64565995999993,28.68707916900007],[-96.60488847599993,28.630560614000046],[-96.60863196499992,28.578924872000073],[-96.52037512899994,28.549221096000053],[-96.49323482999995,28.510646877000056],[-96.55467688699991,28.486070054000038],[-96.54759680899991,28.469305731000077],[-96.47350012899994,28.49355703300006],[-96.40680904899995,28.458726304000038],[-96.40379798099991,28.434881903000075],[-96.65371660099993,28.319484768000052],[-96.69831295499995,28.335882880000042],[-96.70921790299991,28.39984772300005],[-96.7417699859999,28.410589911000045],[-96.74644934799994,28.434881903000075],[-96.79332434799994,28.479722398000035],[-96.8133031889999,28.45799388200004],[-96.77745520699995,28.43740469000005],[-96.76695716099994,28.410711981000077],[-96.77513587099992,28.400458075000074],[-96.82835852799991,28.42869700700004],[-96.84447180899991,28.41559479400007],[-96.78115800699993,28.331854559000078],[-96.80125891799992,28.279120184000078],[-96.78233801999994,28.24160390800006],[-96.88023841099994,28.15062083500004],[-96.94505774599992,28.12645091400009],[-96.91030839799993,28.195257880000042],[-96.92471269399994,28.214097398000035],[-96.91030839799993,28.263617255000042],[-96.95933997299994,28.215765692000048],[-96.9434301419999,28.191351630000042],[-96.97301184799994,28.133937893000052],[-97.02017167899993,28.14008209800005],[-97.00649980399993,28.15375397300005],[-97.01398678299995,28.20897044500009],[-97.11021887899994,28.153631903000075],[-97.1375219389999,28.14752838700008],[-97.13084876199991,28.15778229400007],[-97.15265865799995,28.169256903000075],[-97.17324785099993,28.159002997000073],[-97.17320716099994,28.138373114000046],[-97.15733801999994,28.13385651200008],[-97.21751868399991,28.074774481000077],[-97.15428626199991,28.044623114000046],[-97.14907792899993,28.005519924000055],[-97.10610917899993,28.07094961100006],[-97.0574438139999,28.088812567000048],[-97.03441321499992,28.119574286000045],[-97.0210668609999,28.10032786700009],[-97.02749589799993,28.03668854400007],[-97.18407141799992,27.83661530200004],[-97.2324926419999,27.824774481000077],[-97.21198482999995,27.83222077000005],[-97.26720130099994,27.879380601000037],[-97.35594641799992,27.85956452000005],[-97.34227454299992,27.879380601000037],[-97.45213782499991,27.873195705000057],[-97.46580969999991,27.85956452000005],[-97.50059973899994,27.879380601000037],[-97.5210668609999,27.873195705000057],[-97.48704993399991,27.835272528000075],[-97.40982011599993,27.83234284100007],[-97.39073645699995,27.84589264500005],[-97.39403235599991,27.801703192000048],[-97.37181555899991,27.75531647300005],[-97.25959225199995,27.695054429000038],[-97.41120357999995,27.33502838700008],[-97.50841223899994,27.282416083000044],[-97.54157467399995,27.290350653000075],[-97.49315344999991,27.317694403000075],[-97.50674394399994,27.331284898000035],[-97.46129309799994,27.34365469000005],[-97.48936926999994,27.35065338700008],[-97.48692786399994,27.400213934000078],[-97.54157467399995,27.36546458500004],[-97.53408769399994,27.35175202000005],[-97.56883704299992,27.331284898000035],[-97.58470618399991,27.34178294500009],[-97.60619055899991,27.299709377000056],[-97.63023841099994,27.30023834800005],[-97.71764075399994,27.427435614000046],[-97.77428137899994,27.468491929000038],[-97.7259008449999,27.393377997000073],[-97.74014238199993,27.393377997000073],[-97.69176184799994,27.34048086100006],[-97.7122289699999,27.331284898000035],[-97.70665442599994,27.317694403000075],[-97.6870824859999,27.325140692000048],[-97.66763261599993,27.31085846600007],[-97.70069803299992,27.285942942000077],[-97.77428137899994,27.297796942000048],[-97.7605688139999,27.279120184000078],[-97.65888531899992,27.27412188900007],[-97.62952235699993,27.24466093500007],[-97.52112737399995,27.232190847000084],[-97.44011763799995,27.272232046000056],[-97.42609615799995,27.26365794500009],[-97.45836341099994,27.17479075700004],[-97.44595292899993,27.13271719000005],[-97.49819902299993,27.100734768000052],[-97.48155676999994,27.074286200000074],[-97.49315344999991,27.063788153000075],[-97.48070227799991,27.021958726000037],[-97.55020097599993,27.00918203300006],[-97.56281490799995,26.99371979400007],[-97.54552161399994,26.91864655200004],[-97.48131262899994,26.87763092700004],[-97.49315344999991,26.858343817000048],[-97.5484106109999,26.89988841400009],[-97.56200110599991,26.83787669500009],[-97.49303137899994,26.79173411700009],[-97.41860917899993,26.502020575000074],[-97.4317113919999,26.523179429000038],[-97.47264563699991,26.495835679000038],[-97.43854732999995,26.485296942000048],[-97.44786536399994,26.42015208500004],[-97.41706295499995,26.415187893000052],[-97.40501868399991,26.378566799000055],[-97.37022864499994,26.372300523000035],[-97.37706458199995,26.337591864000046],[-97.35191809799994,26.35382721600007],[-97.34019934799994,26.341620184000078],[-97.36107337099992,26.28579336100006],[-97.31578528599994,26.264878648000035],[-97.32925370999993,26.242010809000078],[-97.30874589799993,26.20107656500005],[-97.31053626199991,26.12327708500004],[-97.27623450399994,26.10065338700008],[-97.21198482999995,26.09121328300006],[-97.22215735599991,26.06708405200004],[-97.24669348899994,26.070705471000053],[-97.25560462099992,25.998928127000056],[-97.23623613199993,25.984198309000078],[-97.19261633999992,26.011542059000078],[-97.1753637359999,26.070868231000077],[-97.15184485599991,26.075018622000073],[-97.1375219389999,25.97451406500005],[-97.16746985599991,25.828599351000037],[-97.16515051999994,25.72333405200004],[-97.31944739499994,25.389960028000075],[-97.45897376199991,25.179388739000046],[-97.65143795499995,24.51585521000004],[-97.71666419199994,24.00812409100007],[-97.72520911399994,23.80565013200004],[-97.75096594999991,23.78192780200004],[-97.82209225199995,23.788397528000075],[-97.75885982999995,23.76902903900009],[-97.76060950399994,23.65192291900007],[-97.73330644399994,23.77480703300006],[-97.7222387359999,23.73932526200008],[-97.76854407499991,23.26007721600007],[-97.74233964799993,22.97207265800006],[-97.75381425699993,22.849310614000046],[-97.75389563699991,22.92324453300006],[-97.79478919199994,22.808335679000038],[-97.83824622299994,22.73969147300005],[-97.87669837099992,22.739447333000044],[-97.8550512359999,22.698553778000075],[-97.89321855399993,22.610256252000056],[-97.88198808499993,22.58787669500009],[-97.85838782499991,22.593451239000046],[-97.85000566299993,22.657538153000075],[-97.83429928299995,22.669745184000078],[-97.83006751199991,22.616400458000044],[-97.85000566299993,22.53461334800005],[-97.80907141799992,22.340318101000037],[-97.77428137899994,22.25348541900007],[-97.76060950399994,22.095851955000057],[-97.61046301999994,21.835760809000078],[-97.50812740799995,21.722805080000057],[-97.34227454299992,21.60297272300005],[-97.31623287699995,21.560939846000053],[-97.34788977799991,21.417914130000042],[-97.39818274599992,21.341620184000078],[-97.41860917899993,21.273382880000042],[-97.4722387359999,21.43781159100007],[-97.41942298099991,21.47675202000005],[-97.39073645699995,21.47264232000009],[-97.37022864499994,21.537502346000053],[-97.48688717399995,21.636419989000046],[-97.6250707669999,21.79441966400009],[-97.65884355399993,21.907456773000035],[-97.68590247299994,21.92450592700004],[-97.78111731699994,22.095851955000057],[-97.71971594999991,21.95180898600006],[-97.70836341099994,21.827460028000075],[-97.65758216099994,21.636542059000078],[-97.56200110599991,21.485663153000075],[-97.53066972599993,21.476263739000046],[-97.50059973899994,21.493109442000048],[-97.48940995999993,21.48078034100007],[-97.49681555899991,21.40062083500004],[-97.42829342399995,21.26040273600006],[-97.40489661399994,21.241888739000046],[-97.33804277299993,21.05499909100007],[-97.19717363199993,20.810207424000055],[-97.17784583199995,20.759466864000046],[-97.19831295499995,20.73895905200004],[-97.15054277299993,20.647040106000077],[-97.03441321499992,20.514553127000056],[-96.94033769399994,20.449164130000042],[-96.91087805899991,20.39280833500004],[-96.67601477799991,20.157863674000055],[-96.45612545499995,19.868801174000055],[-96.40514075399994,19.741848049000055],[-96.36001542899993,19.536851304000038],[-96.31550045499995,19.482245184000078],[-96.3191625639999,19.424709377000056],[-96.2903539699999,19.332586981000077],[-96.15737870999993,19.225165106000077],[-96.13194739499994,19.23590729400007],[-96.06143144399994,19.078517971000053],[-95.97716223899994,19.058254299000055],[-95.94176184799994,18.93895091400009],[-95.90355383999992,18.88190338700008],[-95.84434973899994,18.83340078300006],[-95.7527563139999,18.799994208000044],[-95.7527563139999,18.76581452000005],[-95.82457434799994,18.813299872000073],[-95.87950598899994,18.828517971000053],[-95.91478430899991,18.862494208000044],[-95.95885169199994,18.856390692000048],[-95.88243567599994,18.81704336100006],[-95.80736243399991,18.75214264500005],[-95.86632239499994,18.758978583000044],[-95.87730872299994,18.752386786000045],[-95.86188717399995,18.72337474200009],[-95.82433020699995,18.72011953300006],[-95.7747289699999,18.74404531500005],[-95.64688066299993,18.710598049000055],[-95.58503170499995,18.669663804000038],[-95.56834876199991,18.683294989000046],[-95.72838294199994,18.75722890800006],[-95.73281816299993,18.799994208000044],[-95.66417395699995,18.75104401200008],[-95.58360755099994,18.72166575700004],[-95.49518795499995,18.70734284100007],[-95.19005286399994,18.705145575000074],[-95.05142167899993,18.612250067000048],[-95.0242406889999,18.56403229400007],[-94.78693600199995,18.51194896000004],[-94.73859615799995,18.406805731000077],[-94.62828528599994,18.28534577000005],[-94.5808813139999,18.189846096000053],[-94.46694902299993,18.144232489000046],[-94.13487708199995,18.20799388200004],[-93.86148027299993,18.30654531500005],[-93.88540605399993,18.27606842700004],[-93.87828528599994,18.25690338700008],[-93.78111731699994,18.272772528000075],[-93.7591039699999,18.292222398000092],[-93.7625219389999,18.323919989000046],[-93.73859615799995,18.340643622000073],[-93.68394934799994,18.35492584800005],[-93.67756100199995,18.336411851000037],[-93.65721594999991,18.333319403000075],[-93.59284420499995,18.344956773000092],[-93.56663977799991,18.389064846000053],[-93.57640540299991,18.411851304000038],[-93.84780839799993,18.299709377000056],[-93.83958899599992,18.31854889500005],[-93.78197180899991,18.35297272300005],[-93.55235755099994,18.429388739000046],[-93.15575110599991,18.443060614000046],[-93.18309485599991,18.40892161700009],[-93.17642167899993,18.37767161700009],[-93.16047115799995,18.368963934000078],[-93.12165279899995,18.389064846000053],[-93.1284887359999,18.340643622000073],[-93.1148168609999,18.374823309000078],[-93.08836829299992,18.39276764500005],[-93.13760331899994,18.428859768000052],[-92.85573099599992,18.466046608000056],[-92.7593073939999,18.53667241700009],[-92.71690833199995,18.592189846000053],[-92.6902563139999,18.55292389500005],[-92.66909745999993,18.429388739000046],[-92.66226152299993,18.53583405200004],[-92.69587154899995,18.615627346000053],[-92.58897864499994,18.62490469000005],[-92.4051404139999,18.671062566000046],[-92.0601326439999,18.70161721700009],[-91.94806007299991,18.69122495000005],[-91.86042232999995,18.62181224200009],[-91.86656653599994,18.59837474200009],[-91.93236243399991,18.593898830000057],[-91.95018469999991,18.62954336100006],[-91.97606360599991,18.61155833500004],[-92.00820878799993,18.612982489000046],[-91.99071204299992,18.593898830000057],[-92.0391332669999,18.601304429000038],[-92.03164628799993,18.58079661700009],[-92.0528051419999,18.546698309000078],[-92.03164628799993,18.560370184000078],[-91.99071204299992,18.53925202000005],[-91.95518958199995,18.547674872000073],[-91.88829505099994,18.50576406500005],[-91.9641820949999,18.562323309000078],[-91.9702856109999,18.593898830000057],[-91.92625891799992,18.572333075000074],[-91.90196692599994,18.58079661700009],[-91.91502844999991,18.560370184000078],[-91.87401282499991,18.52558014500005],[-91.89452063699991,18.52558014500005],[-91.82628333199995,18.491441148000092],[-91.86042232999995,18.43317291900007],[-91.81427975199995,18.38865794500009],[-91.79234778599994,18.401556708000044],[-91.81261145699995,18.450506903000075],[-91.77159583199995,18.436835028000075],[-91.80516516799992,18.475897528000075],[-91.79832923099991,18.491441148000092],[-91.68224036399994,18.450506903000075],[-91.59288489499994,18.443060614000046],[-91.50405839799993,18.464178778000075],[-91.48648027299993,18.436428127000056],[-91.4754125639999,18.45465729400007],[-91.48363196499992,18.49827708500004],[-91.49730383999992,18.477769273000092],[-91.53888912699995,18.47101471600007],[-91.50405839799993,18.51194896000004],[-91.39488684799994,18.560370184000078],[-91.3450414699999,18.565619208000044],[-91.30174719999991,18.62181224200009],[-91.25133216099994,18.619696356000077],[-91.18199622299994,18.65656159100007],[-91.21231035099993,18.661322333000044],[-91.29865475199995,18.628648179000038],[-91.26553300699993,18.735663153000075],[-91.30235755099994,18.780951239000046],[-91.36701412699995,18.771226304000038],[-91.41470292899993,18.813625393000052],[-91.38072669199994,18.859442450000074],[-91.31110592399995,18.89081452000005],[-91.23721269399994,18.957586981000077],[-91.39126542899993,18.87128327000005],[-91.4168188139999,18.850165106000077],[-91.41470292899993,18.826646226000037],[-91.46426347599993,18.808294989000046],[-91.50527910099993,18.816555080000057],[-91.43118799199993,18.880117173000087],[-91.16161048099991,19.01626211100006],[-91.07957923099991,19.08734772300005],[-90.93553626199991,19.16307200700004],[-90.85655676999994,19.258286851000037],[-90.80308997299994,19.282904364000046],[-90.74242102799991,19.342962958000044],[-90.70278886599993,19.71112702000005],[-90.66454016799992,19.78192780200004],[-90.47782273799993,19.92210102300004],[-90.46385657499991,19.977850653000075],[-90.50023352799991,20.079250393000052],[-90.47447669199994,20.40851471600007],[-90.48989824099993,20.534125067000048],[-90.45938066299993,20.71552155200004],[-90.37905839799993,20.827460028000075],[-90.33910071499992,20.972357489000046],[-90.39806067599994,20.820746161000045],[-90.41755123599995,20.79710521000004],[-90.44212805899991,20.794256903000075],[-90.3496801419999,21.016750393000052],[-90.19945227799991,21.114162502000056],[-90.07774817599994,21.17373281500005],[-89.98216712099992,21.198919989000046],[-89.92153886599993,21.240668036000045],[-89.7859594389999,21.28457265800006],[-89.26915442599994,21.343003648000035],[-89.14736894399994,21.370266018000052],[-89.1126195949999,21.36277903900009],[-88.70270748599995,21.45856354400007],[-88.60545813699991,21.534084377000056],[-88.44782467399995,21.575100002000056],[-88.36929277299993,21.575100002000056],[-88.30040442599994,21.55459219000005],[-88.14928137899994,21.591131903000075],[-88.0847875639999,21.58930084800005],[-88.15221106699994,21.60114166900007],[-88.23509680899991,21.57379791900007],[-88.12946529899995,21.616034247000073],[-87.96206620999993,21.600083726000037],[-87.70628821499992,21.53343333500004],[-87.7376195949999,21.522406317000048],[-87.86563066299993,21.55459219000005],[-87.77806555899991,21.510646877000056],[-87.62840735599991,21.49949778900009],[-87.61180579299992,21.506781317000048],[-87.69058183499993,21.523586330000057],[-87.61856035099993,21.520453192000048],[-87.50194251199991,21.499335028000075],[-87.47459876199991,21.480129299000055],[-87.50194251199991,21.480129299000055],[-87.49274654899995,21.468491929000038],[-87.40835527299993,21.47028229400007],[-87.25694739499994,21.440619208000044],[-87.1555883449999,21.481756903000075],[-87.12999426999994,21.51943594000005],[-87.13833574099993,21.563055731000077],[-87.19985917899993,21.562323309000078],[-87.25658118399991,21.52802155200004],[-87.33120683499993,21.534084377000056],[-87.33747311099995,21.55459219000005],[-87.40233313699991,21.509466864000046],[-87.41315670499995,21.534084377000056],[-87.3653051419999,21.573960679000038],[-87.27212480399993,21.56077708500004],[-87.13418535099993,21.61945221600007],[-87.04332434799994,21.602118231000077],[-86.99791419199994,21.56590403900009],[-86.91852779899995,21.439601955000057],[-86.82795162699995,21.433294989000046],[-86.81045488199993,21.370266018000052],[-86.82347571499992,21.31834544500009],[-86.81505286399994,21.204779364000046],[-86.79092363199993,21.158351955000057],[-86.74156653599994,21.164129950000074],[-86.78994706899994,21.064886786000045],[-86.78368079299992,21.035956122000073],[-86.82774817599994,21.012640692000048],[-86.87531490799995,20.85504791900007],[-87.06745357999995,20.619208075000074],[-87.18040930899991,20.54718659100007],[-87.23497473899994,20.492580471000053],[-87.36534583199995,20.29393138200004],[-87.38467363199993,20.28416575700004],[-87.37901770699995,20.26666901200008],[-87.4304906889999,20.22101471600007],[-87.47130286399994,20.06903717700004],[-87.46776282499991,19.984849351000037],[-87.43419348899994,19.889227606000077],[-87.4798070949999,19.784328518000052],[-87.4817602199999,19.83665599200009],[-87.4473363919999,19.86196523600006],[-87.44391842399995,19.91347890800006],[-87.47801673099991,19.96482982000009],[-87.48827063699991,19.954413153000075],[-87.47459876199991,19.87563711100006],[-87.45470130099994,19.88930898600006],[-87.52525794199994,19.802883205000057],[-87.54967200399994,19.817613023000035],[-87.57994544199994,19.79901764500005],[-87.66734778599994,19.63377513200004],[-87.68004309799994,19.635972398000035],[-87.65884355399993,19.655462958000044],[-87.66014563699991,19.68378327000005],[-87.73468990799995,19.68378327000005],[-87.74120032499991,19.671698309000078],[-87.73151607999995,19.600531317000048],[-87.69310462099992,19.570135809000078],[-87.66014563699991,19.56777578300006],[-87.67381751199991,19.505682684000078],[-87.56456458199995,19.56777578300006],[-87.50938880099994,19.546616929000038],[-87.49571692599994,19.56777578300006],[-87.45470130099994,19.560288804000038],[-87.46776282499991,19.546616929000038],[-87.44139563699991,19.553656317000048],[-87.42577063699991,19.59210846600007],[-87.44041907499991,19.595038153000075],[-87.44391842399995,19.573919989000046],[-87.52920488199993,19.587591864000046],[-87.4473363919999,19.58079661700009],[-87.44041907499991,19.635972398000035],[-87.41274980399993,19.57762278900009],[-87.43301347599993,19.492010809000078],[-87.45840410099993,19.455023505000042],[-87.53477942599994,19.402044989000046],[-87.57079016799992,19.396429755000042],[-87.55256100199995,19.401597398000035],[-87.53669186099995,19.437445380000042],[-87.61766516799992,19.405462958000044],[-87.65566972599993,19.37323639500005],[-87.66706295499995,19.334377346000053],[-87.6465551419999,19.35488515800006],[-87.6758520169999,19.31118398600006],[-87.66014563699991,19.307033596000053],[-87.68785559799994,19.242132880000042],[-87.63898678299995,19.22093333500004],[-87.56712805899991,19.317206122000073],[-87.49571692599994,19.32758209800005],[-87.51618404899995,19.28656647300005],[-87.46092688699991,19.320705471000053],[-87.53343665299991,19.22809479400007],[-87.55719967399995,19.15623607000009],[-87.5488988919999,19.13304271000004],[-87.60619055899991,19.020412502000056],[-87.66201738199993,18.766831773000035],[-87.73704993399991,18.644964911000045],[-87.73924719999991,18.535956122000073],[-87.75804602799991,18.49945709800005],[-87.76256262899994,18.429388739000046],[-87.84142005099994,18.27765534100007],[-87.8445531889999,18.19668203300006],[-87.85879472599993,18.245062567000048],[-87.88719641799992,18.23004791900007],[-87.86563066299993,18.32758209800005],[-87.88548743399991,18.292222398000092],[-87.87930253799993,18.340643622000073],[-87.89976966099994,18.389064846000053],[-87.93529212099992,18.400051174000055],[-87.93517005099994,18.443101304000038],[-88.07778886599993,18.498602606000077],[-88.07725989499994,18.53583405200004],[-88.04381262899994,18.573431708000044],[-88.05052649599992,18.595770575000074],[-88.00218665299991,18.69013092700004],[-88.01646887899994,18.707180080000057],[-88.00454667899993,18.786851304000038],[-88.03628495999993,18.87498607000009],[-88.10391191299993,18.80272044500009],[-88.12730872299994,18.730210679000038],[-88.14293372299994,18.731634833000044],[-88.13467363199993,18.76951732000009],[-88.14915930899991,18.74998607000009],[-88.19880123599995,18.739935614000046],[-88.24779212099992,18.69627513200004],[-88.25548255099994,18.67645905200004],[-88.18712317599994,18.73851146000004],[-88.1946508449999,18.67645905200004],[-88.17076575399994,18.70140208500004],[-88.15074622299994,18.698553778000075],[-88.17349199099993,18.683294989000046],[-88.28331458199995,18.491441148000092],[-88.30382239499994,18.484035549000055],[-88.28661048099991,18.46279531500005],[-88.39098059799994,18.37059153900009],[-88.36538652299993,18.354071356000077],[-88.31749426999994,18.374823309000078],[-88.35798092399995,18.30369700700004],[-88.27574622299994,18.358221747000073],[-88.1946508449999,18.340643622000073],[-88.09154212099992,18.37173086100006],[-88.14647376199991,18.30927155200004],[-88.09166419199994,18.32835521000004],[-88.09479732999995,18.102769273000092],[-88.14964758999992,17.97134023600006],[-88.2083227199999,17.881984768000052],[-88.21434485599991,17.773098049000055],[-88.23875891799992,17.690375067000048],[-88.28770911399994,17.60423411700009],[-88.27122962099992,17.568101304000038],[-88.21857662699995,17.527289130000042],[-88.17666581899994,17.52024974200009],[-88.17477246382164,17.5],[-98.5,17.5],[-98.5,31.5],[-81.32702173399991,31.49834238300008]]],[[[-79.5,21.6296571536449],[-79.51528886599993,21.648586330000057],[-79.53966223899994,21.621975002000056],[-79.61367753799993,21.651312567000048],[-79.63927161399994,21.68773021000004],[-79.79010982999995,21.71161530200004],[-79.81578528599994,21.71124909100007],[-79.83385169199994,21.677679755000042],[-79.85081946499992,21.680080471000053],[-79.89537512899994,21.698553778000075],[-79.87486731699994,21.712836005000042],[-79.89037024599992,21.722398179000038],[-79.89537512899994,21.75999583500004],[-79.93000240799995,21.743312893000052],[-80.01268469999991,21.75381094000005],[-79.99095618399991,21.733343817000048],[-80.0032445949999,21.72089264500005],[-80.02179928299995,21.72919342700004],[-80.06725012899994,21.81704336100006],[-80.26992753799993,21.88703034100007],[-80.41673743399991,22.04120514500005],[-80.44810950399994,22.05027903900009],[-80.45091712099992,22.068508205000057],[-80.41934160099993,22.06663646000004],[-80.38878333199995,22.082180080000057],[-80.40990149599992,22.075995184000078],[-80.39631100199995,22.109523830000057],[-80.45653235599991,22.13043854400007],[-80.4434301419999,22.157904364000046],[-80.4844457669999,22.19204336100006],[-80.50357011599993,22.178208726000037],[-80.53282630099994,22.18577708500004],[-80.53823808499993,22.164455471000053],[-80.47085527299993,22.089097398000035],[-80.4707738919999,22.04120514500005],[-80.5137426419999,22.056341864000046],[-80.76109778599994,22.061102606000077],[-80.90526282499991,22.046128648000035],[-80.99209550699993,22.05426666900007],[-81.08844967399995,22.08584219000005],[-81.14297441299993,22.171535549000055],[-81.13609778599994,22.22988515800006],[-81.19395911399994,22.28156159100007],[-81.21182206899994,22.26776764500005],[-81.19758053299995,22.21246979400007],[-81.20470130099994,22.060288804000038],[-81.22549394399994,22.061672268000052],[-81.21544348899994,22.114976304000038],[-81.23912512899994,22.15106842700004],[-81.27330481699994,22.13739655200004],[-81.27953040299991,22.10260651200008],[-81.31427975199995,22.109523830000057],[-81.33788001199991,22.089016018000052],[-81.37409420499995,22.10415273600006],[-81.39610755099994,22.170721747000073],[-81.5235082669999,22.205023505000042],[-81.57119706899994,22.17837148600006],[-81.63955644399994,22.212713934000078],[-81.66661536399994,22.19790273600006],[-81.73200436099995,22.205023505000042],[-81.74107825399994,22.189601955000057],[-81.75991777299993,22.19204336100006],[-81.75251217399995,22.17837148600006],[-81.82445227799991,22.18891022300005],[-81.8797094389999,22.26040273600006],[-82.08824622299994,22.342230536000045],[-82.10562089799993,22.37018463700008],[-82.15453040299991,22.37986888200004],[-82.16397050699993,22.396877346000053],[-82.11873706799992,22.431827964000036],[-81.84113834399994,22.430757290000088],[-81.68350178299994,22.463594853000075],[-81.6515626449999,22.487827104000075],[-81.64325500399991,22.57273673600008],[-81.6726311779999,22.577679783000065],[-81.75338596299991,22.63803690600008],[-81.87750093499994,22.679730389000042],[-82.09879344699993,22.65492148800007],[-82.19885519799993,22.685773595000057],[-82.45735629099994,22.68038488600007],[-82.50999915299991,22.692287502000056],[-82.63294536299992,22.68018494900008],[-82.75987708199995,22.705959377000056],[-82.79088294199994,22.67987702000005],[-82.80068925699993,22.622748114000046],[-82.92125403599994,22.54828522300005],[-83.05870520699995,22.489447333000044],[-83.16685950399994,22.339544989000046],[-83.26012122299994,22.342230536000045],[-83.2617895169999,22.321966864000046],[-83.28579667899993,22.322699286000045],[-83.28742428299995,22.301906643000052],[-83.33580481699994,22.26776764500005],[-83.35411536399994,22.225775458000044],[-83.37555904899995,22.206976630000042],[-83.39822260799991,22.21928046000005],[-83.41547243699995,22.186093371000084],[-83.51695716099994,22.18821849200009],[-83.56114661399994,22.205023505000042],[-83.5554906889999,22.22361888200004],[-83.57542883999992,22.246649481000077],[-83.61436926999994,22.195746161000045],[-83.67100989499994,22.171535549000055],[-83.66478430899991,22.18577708500004],[-83.78087317599994,22.171535549000055],[-83.78770911399994,22.19204336100006],[-83.82555091099994,22.171535549000055],[-83.92544511599993,22.171535549000055],[-83.96646074099993,22.133978583000044],[-83.97264563699991,22.061672268000052],[-83.98399817599994,22.07054271000004],[-84.00177975199995,22.057562567000048],[-83.99303137899994,22.02798086100006],[-83.95897376199991,22.034979559000078],[-83.96467037699995,22.013332424000055],[-83.99925696499992,21.989488023000035],[-83.99746660099993,21.941839911000045],[-84.02940833199995,21.919867255000042],[-84.1204320949999,21.945013739000046],[-84.19920813699991,21.91083405200004],[-84.24014238199993,21.91083405200004],[-84.30516516799992,21.884507554000038],[-84.42324785099993,21.792303778000075],[-84.50837154899995,21.766831773000035],[-84.52135169199994,21.78656647300005],[-84.47354081899994,21.90460846600007],[-84.4961645169999,21.93378327000005],[-84.53604081899994,21.94017161700009],[-84.65998287699995,21.912054755000042],[-84.8399145169999,21.82290273600006],[-84.92540442599994,21.835760809000078],[-84.94961503799993,21.876776434000078],[-84.93122311099995,21.91474030200004],[-84.87759355399993,21.890326239000046],[-84.84874426999994,21.90839264500005],[-84.86461341099994,21.93195221600007],[-84.84756425699993,21.940619208000044],[-84.82290605399993,21.930894273000035],[-84.82298743399991,21.91083405200004],[-84.5833227199999,22.007513739000046],[-84.52135169199994,22.048041083000044],[-84.46263587099992,22.022040106000077],[-84.38731848899994,22.048041083000044],[-84.33096269399994,22.00458405200004],[-84.28856360599991,22.020697333000044],[-84.27432206899994,22.075995184000078],[-84.30817623599995,22.03668854400007],[-84.33018958199995,22.09332916900007],[-84.35000566299993,22.10260651200008],[-84.33580481699994,22.130560614000046],[-84.39281165299991,22.148504950000074],[-84.44566809799994,22.205023505000042],[-84.4153539699999,22.247381903000075],[-84.39102128799993,22.352769273000035],[-84.28856360599991,22.465765692000048],[-84.30907141799992,22.473211981000077],[-84.23029537699995,22.503607489000046],[-84.20579993399991,22.541164455000057],[-84.21288001199991,22.58307526200008],[-84.16462154899995,22.587632554000038],[-84.1446020169999,22.56940338700008],[-84.13036048099991,22.616522528000075],[-84.08934485599991,22.627101955000057],[-84.07827714799993,22.66620514500005],[-84.04161536399994,22.65843333500004],[-84.02110755099994,22.678656317000048],[-84.02867591099994,22.69009023600006],[-84.06883704299992,22.698472398000035],[-84.04800370999993,22.71824778900009],[-83.98403886599993,22.68707916900007],[-83.91124426999994,22.733303127000056],[-83.89757239499994,22.72020091400009],[-83.87279212099992,22.750799872000073],[-83.81265214799993,22.756740627000056],[-83.70913652299993,22.80068594000005],[-83.65111243399991,22.796820380000042],[-83.63003495999993,22.808335679000038],[-83.6511938139999,22.81582265800006],[-83.62987219999991,22.82831452000005],[-83.55801347599993,22.83624909100007],[-83.53498287699995,22.877020575000074],[-83.49351966099994,22.87726471600007],[-83.50035559799994,22.86359284100007],[-83.48082434799994,22.860256252000056],[-83.4375707669999,22.903469143000052],[-83.39346269399994,22.876898505000042],[-83.32966061099995,22.95107656500005],[-83.22618567599994,23.00185781500005],[-83.17821204299992,22.98651764500005],[-83.18932044199994,22.947821356000077],[-83.16942298099991,22.930121161000045],[-83.14342200399994,22.95302969000005],[-83.16051184799994,22.97996653900009],[-83.06114661399994,23.019598700000074],[-83.02057857999995,23.007635809000078],[-83.0020238919999,23.019232489000046],[-82.98631751199991,23.00409577000005],[-83.00279700399994,22.983587958000044],[-82.97960364499994,22.993963934000078],[-82.98167883999992,22.97418854400007],[-82.96422278599994,22.97288646000004],[-82.91759192599994,23.032456773000035],[-82.71271725199995,23.034898179000038],[-82.5755102199999,23.054022528000075],[-82.40689042899993,23.14744700700004],[-82.21934973899994,23.194240627000056],[-82.15029863199993,23.178900458000044],[-82.03319251199991,23.200506903000075],[-81.98582923099991,23.17145416900007],[-81.86237545499995,23.15102773600006],[-81.58116614499994,23.15778229400007],[-81.53555253799993,23.129380601000037],[-81.55256100199995,23.054348049000055],[-81.52879798099991,23.04718659100007],[-81.50267493399991,23.05536530200004],[-81.48070227799991,23.10032786700009],[-81.27139238199993,23.149562893000052],[-81.14915930899991,23.21238841400009],[-81.13060462099992,23.205633856000077],[-81.28628495999993,23.130519924000055],[-81.24193274599992,23.113714911000045],[-81.1848852199999,23.052069403000075],[-81.14915930899991,23.034898179000038],[-81.12071692599994,23.03896719000005],[-81.07811438699991,23.10382721600007],[-81.03990637899994,23.110663153000075],[-80.98753821499992,23.105861721000053],[-80.97777258999992,23.06443919500009],[-80.95938066299993,23.059027411000045],[-80.75934811099995,23.096991278000075],[-80.66315670499995,23.089544989000046],[-80.62352454299992,23.112941799000055],[-80.61803137899994,23.131740627000056],[-80.63646399599992,23.15102773600006],[-80.60985266799992,23.15818919500009],[-80.58747311099995,23.14476146000004],[-80.62222245999993,23.089544989000046],[-80.55679277299993,23.00739166900007],[-80.46450761599993,22.980292059000078],[-80.43150794199994,22.94993724200009],[-80.35692298099991,22.94562409100007],[-80.29670162699995,22.915676174000055],[-80.24669348899994,22.911037502000056],[-80.15607662699995,22.938706773000035],[-80.16356360599991,22.962551174000055],[-80.07005774599992,22.931789455000057],[-80.05003821499992,22.935248114000046],[-80.0462133449999,22.95917389500005],[-80.01610266799992,22.938055731000077],[-79.98786373599995,22.884100653000075],[-79.91649329299992,22.849310614000046],[-79.86314856699994,22.883693752000056],[-79.79295813699991,22.897772528000075],[-79.82091223899994,22.870428778000075],[-79.85496985599991,22.87254466400009],[-79.86803137899994,22.83624909100007],[-79.85716712099992,22.820705471000053],[-79.77188066299993,22.796616929000038],[-79.70018469999991,22.746893622000073],[-79.65172278599994,22.75877513200004],[-79.6270238919999,22.657497463000084],[-79.58853105399993,22.638495184000078],[-79.54283606699994,22.565659898000035],[-79.5,22.532512355548334],[-79.5,21.6296571536449]]]]},"bbox":[-98.5,17.5,-79.5,31.5]},{"id":"2","type":"Feature","properties":{},"geometry":{"type":"MultiPolygon","coordinates":[[[[-87.82774817599994,17.54555898600006],[-87.78921464799993,17.53196849200009],[-87.78633674379279,17.5],[-87.80322499542065,17.5],[-87.81041419199994,17.52562083500004],[-87.83828691299993,17.51203034100007],[-87.82774817599994,17.54555898600006]]],[[[-87.90721594999991,18.025946356000077],[-87.93455969999991,17.94293854400007],[-87.96580969999991,17.913763739000046],[-88.00902258999992,17.902492580000057],[-87.94591223899994,17.95180898600006],[-87.95230058499993,18.007757880000042],[-87.90485592399995,18.153225002000056],[-87.85728919199994,18.169663804000038],[-87.84898841099994,18.13377513200004],[-87.89976966099994,18.039007880000042],[-87.91344153599994,18.04645416900007],[-87.93390865799995,18.01911041900007],[-87.92650305899991,17.997992255000042],[-87.90721594999991,18.025946356000077]]],[[[-91.55573482999995,18.79169342700004],[-91.53246008999992,18.78534577000005],[-91.52456620999993,18.75214264500005],[-91.62083899599992,18.744696356000077],[-91.68887285099993,18.66941966400009],[-91.72321529899995,18.66278717700004],[-91.70274817599994,18.69749583500004],[-91.7859594389999,18.654364325000074],[-91.84268144399994,18.651190497000073],[-91.81216386599993,18.679754950000074],[-91.55573482999995,18.79169342700004]]],[[[-81.11754309799994,19.352769273000035],[-81.08950761599993,19.33539459800005],[-81.08658644399992,19.309926720000078],[-81.10667716099994,19.295317337000085],[-81.21450913599995,19.292671674000076],[-81.27635657499991,19.264837958000044],[-81.3874861669999,19.263863615000048],[-81.39793860599991,19.27415599200009],[-81.3855032479999,19.33885820100005],[-81.41654202099994,19.370027621000077],[-81.40834634899994,19.39021230700007],[-81.37572180899991,19.38898346600007],[-81.34971793699992,19.30211449600006],[-81.30349769499992,19.30905467100007],[-81.29381262899994,19.334377346000053],[-81.27330481699994,19.32758209800005],[-81.28628495999993,19.368475653000075],[-81.21182206899994,19.348049221000053],[-81.11754309799994,19.352769273000035]]],[[[-86.7468969389999,20.59589264500005],[-86.73534094999991,20.58535390800006],[-86.79710852799991,20.477484442000048],[-86.84398352799991,20.437323309000078],[-86.88980058499993,20.353664455000057],[-86.99526933499993,20.26080963700008],[-87.0188695949999,20.332464911000045],[-87.01968339799993,20.39744700700004],[-86.96812903599994,20.506252346000053],[-86.90542558499993,20.567694403000075],[-86.83714758999992,20.54718659100007],[-86.77131100199995,20.566107489000046],[-86.7468969389999,20.59589264500005]]],[[[-79.5,22.708644694508656],[-79.57176673099991,22.788275458000044],[-79.63365637899994,22.78384023600006],[-79.63532467399995,22.80215078300006],[-79.56997636599993,22.80410390800006],[-79.5,22.735929426603608],[-79.5,22.708644694508656]]],[[[-81.50601152299993,24.631333726000037],[-81.56505286399994,24.60224030200004],[-81.63646399599992,24.58356354400007],[-81.55451412699995,24.631333726000037],[-81.58116614499994,24.65180084800005],[-81.52717037699995,24.62449778900009],[-81.52570553299995,24.64789459800005],[-81.55451412699995,24.65180084800005],[-81.55052649599992,24.668768622000073],[-81.56749426999994,24.672308661000045],[-81.56065833199995,24.693426825000074],[-81.50601152299993,24.631333726000037]]],[[[-81.09276282499991,24.700873114000046],[-81.13609778599994,24.70701732000009],[-81.03990637899994,24.73436107000009],[-81.08771725199995,24.685939846000053],[-81.09276282499991,24.700873114000046]]],[[[-81.42747962099992,24.75136953300006],[-81.35545813699991,24.68618398600006],[-81.34056555899991,24.64671458500004],[-81.36266028599994,24.631333726000037],[-81.36424719999991,24.66120026200008],[-81.42747962099992,24.75136953300006]]],[[[-80.92381751199991,24.775336005000042],[-80.95889238199993,24.749335028000075],[-81.03307044199994,24.72068919500009],[-80.95555579299992,24.768744208000044],[-80.92381751199991,24.775336005000042]]],[[[-80.35334225199995,25.205552476000037],[-80.36148027299993,25.159491278000075],[-80.44277910099993,25.086411851000037],[-80.46450761599993,25.083807684000078],[-80.48814856699994,25.039455471000053],[-80.57860266799992,24.95026276200008],[-80.59801184799994,24.950100002000056],[-80.60350501199991,24.96112702000005],[-80.56761633999992,24.973944403000075],[-80.55565344999991,25.009019273000035],[-80.4876195949999,25.06659577000005],[-80.4844457669999,25.09125397300005],[-80.43724524599992,25.11859772300005],[-80.43903561099995,25.139797268000052],[-80.46450761599993,25.138413804000038],[-80.45856686099995,25.156195380000042],[-80.4134008449999,25.147406317000048],[-80.35732988199993,25.227362372000073],[-80.35024980399993,25.262844143000052],[-80.36896725199995,25.28611888200004],[-80.31745357999995,25.30695221600007],[-80.27342688699991,25.35260651200008],[-80.25161699099993,25.34446849200009],[-80.35334225199995,25.205552476000037]]],[[[-97.18267985699993,26.231154556000035],[-97.1663792359999,26.10284657300008],[-97.26036536399994,26.467962958000044],[-97.36339270699995,26.721177476000037],[-97.37022864499994,26.755926825000074],[-97.3570043609999,26.771551825000074],[-97.39753170499995,26.831000067000048],[-97.38540605399993,26.90037669500009],[-97.40501868399991,27.12523021000004],[-97.39159094999991,27.193101304000038],[-97.37706458199995,27.207831122000073],[-97.3762914699999,26.93162669500009],[-97.34288489499994,26.756740627000056],[-97.18267985699993,26.231154556000035]]],[[[-97.06753495999993,27.84088776200008],[-97.04401607999995,27.835272528000075],[-97.1780072169999,27.65284366900005],[-97.25935460499994,27.49617465500006],[-97.32025632199992,27.357574337000074],[-97.35164248799992,27.23517058100009],[-97.39753170499995,27.228908596000053],[-97.37025264099992,27.34836641800007],[-97.24510657499991,27.623195705000057],[-97.25413977799991,27.65965403900009],[-97.20571855399993,27.632961330000057],[-97.15103105399993,27.739894924000055],[-97.08185787699995,27.80414459800005],[-97.06753495999993,27.84088776200008]]],[[[-80.29259192599994,27.417303778000075],[-80.44456946499992,27.857489325000074],[-80.36148027299993,27.701239325000074],[-80.33763587099992,27.606634833000044],[-80.1629125639999,27.173651434000078],[-80.29259192599994,27.417303778000075]]],[[[-96.86758378799993,28.135565497000073],[-96.84264075399994,28.11277903900009],[-96.85008704299992,28.071193752000056],[-96.93822180899991,27.98305898600006],[-97.03441321499992,27.852036851000037],[-97.0430395169999,27.870306708000044],[-97.02977454299992,27.90058014500005],[-96.95303300699993,27.994208075000074],[-96.97256425699993,28.009914455000057],[-96.91405188699991,28.09910716400009],[-96.86758378799993,28.135565497000073]]],[[[-96.44322669199994,28.34137604400007],[-96.40758216099994,28.39638906500005],[-96.40298417899993,28.36078522300005],[-96.41685950399994,28.32876211100006],[-96.52232825399994,28.289618231000077],[-96.70262610599991,28.18553294500009],[-96.83580481699994,28.071193752000056],[-96.80166581899994,28.13385651200008],[-96.80776933499993,28.187648830000057],[-96.71035722599993,28.213364976000037],[-96.5149633449999,28.336818752000056],[-96.44322669199994,28.34137604400007]]],[[[-91.84048417899993,29.48383209800005],[-92.02049719999991,29.568752346000053],[-92.03538977799991,29.596177476000037],[-91.91710364499994,29.648138739000046],[-91.71397864499994,29.57371653900009],[-91.77310136599993,29.530991929000038],[-91.7808324859999,29.493353583000044],[-91.84048417899993,29.48383209800005]]],[[[-81.32945716099994,24.70331452000005],[-81.31777910099993,24.674953518000052],[-81.34089107999995,24.700100002000056],[-81.32945716099994,24.70331452000005]]]]},"bbox":[-97.40501868399991,17.5,-79.5,29.648138739000046]},{"id":"4","type":"Feature","properties":{},"geometry":{"type":"MultiPolygon","coordinates":[[[[-86.70059160099993,21.198919989000046],[-86.74986731699994,21.273138739000046],[-86.74156653599994,21.287665106000077],[-86.70059160099993,21.198919989000046]]],[[[-81.74087480399993,24.573187567000048],[-81.73200436099995,24.55621979400007],[-81.75251217399995,24.56989166900007],[-81.76939856699994,24.55019765800006],[-81.81456458199995,24.54254791900007],[-81.81029212099992,24.55817291900007],[-81.74087480399993,24.573187567000048]]],[[[-80.80036373599995,24.843573309000078],[-80.78709876199991,24.825995184000078],[-80.80215410099993,24.809881903000075],[-80.85496985599991,24.803290106000077],[-80.80036373599995,24.843573309000078]]],[[[-82.09626217399995,26.45453522300005],[-82.0684301419999,26.467962958000044],[-82.02684485599991,26.44745514500005],[-82.08824622299994,26.41950104400007],[-82.16392981699994,26.454291083000044],[-82.19131425699993,26.488430080000057],[-82.20494544199994,26.550482489000046],[-82.1641332669999,26.47955963700008],[-82.09626217399995,26.45453522300005]]],[[[-82.13243567599994,26.609808661000045],[-82.17764238199993,26.701320705000057],[-82.14391028599994,26.694647528000075],[-82.11363684799994,26.654364325000074],[-82.12319902299993,26.61871979400007],[-82.08824622299994,26.56045156500005],[-82.08202063699991,26.491522528000075],[-82.10850989499994,26.51630280200004],[-82.13670813699991,26.58466217700004],[-82.13243567599994,26.609808661000045]]],[[[-94.72440897099995,29.333154895000064],[-95.1082810499999,29.088597249000088],[-95.11654359099992,29.088992912000037],[-95.08128077599991,29.136083932000076],[-94.82803300699993,29.317613023000035],[-94.83409583199995,29.359767971000053],[-94.72440897099995,29.333154895000064]]],[[[-84.98745683499993,29.620428778000075],[-84.6926977199999,29.76439036700009],[-84.7063695949999,29.743963934000078],[-84.78823808499993,29.69550202000005],[-84.96947180899991,29.611761786000045],[-85.04918372299994,29.605861721000053],[-85.09732011599993,29.62726471600007],[-85.0540258449999,29.609442450000074],[-84.98745683499993,29.620428778000075]]],[[[-88.85045325399994,30.046820380000042],[-88.81777910099993,29.983547268000052],[-88.81094316299993,29.915228583000044],[-88.82103430899991,29.83266836100006],[-88.85456295499995,29.769191799000055],[-88.85936438699991,29.79169342700004],[-88.82396399599992,29.860663153000075],[-88.81777910099993,29.93512604400007],[-88.84801184799994,30.03310781500005],[-88.87242591099994,30.058661200000074],[-88.85045325399994,30.046820380000042]]],[[[-89.18740800699993,30.06321849200009],[-89.22207597599993,30.033758856000077],[-89.26036536399994,30.07290273600006],[-89.3321020169999,30.048976955000057],[-89.34532630099994,30.066066799000055],[-89.28490149599992,30.083970445000034],[-89.28392493399991,30.107082424000055],[-89.18081620999993,30.168524481000077],[-89.24990800699993,30.101996161000045],[-89.21861731699994,30.086737372000073],[-89.2156469389999,30.058661200000074],[-89.19448808499993,30.079738674000055],[-89.18740800699993,30.06321849200009]]],[[[-88.62120520699995,30.23151276200008],[-88.5379125639999,30.224432684000078],[-88.55626380099994,30.216742255000042],[-88.75633704299992,30.250433661000045],[-88.69782467399995,30.257879950000074],[-88.62120520699995,30.23151276200008]]],[[[-88.0711156889999,30.257798570000034],[-88.09097245999993,30.244696356000077],[-88.31126868399991,30.236761786000045],[-88.13463294199994,30.25999583500004],[-88.10903886599993,30.27610911700009],[-88.0711156889999,30.257798570000034]]],[[[-81.46165930899991,30.725816148000035],[-81.49242102799991,30.874212958000044],[-81.48216712099992,30.904364325000074],[-81.43268795499995,30.938788153000075],[-81.4173070949999,30.970404364000046],[-81.46165930899991,30.725816148000035]]],[[[-80.62547766799992,24.93622467700004],[-80.62621008999992,24.92413971600007],[-80.65713456899994,24.90110911700009],[-80.62547766799992,24.93622467700004]]],[[[-88.93883216099994,29.67328522300005],[-88.87409420499995,29.74746328300006],[-88.92540442599994,29.68309153900009],[-88.93883216099994,29.67328522300005]]]]},"bbox":[-95.11654359099992,21.198919989000046,-80.62547766799992,30.970404364000046]},{"id":"7","type":"Feature","properties":{},"geometry":{"type":"MultiPolygon","coordinates":[[[[-88.15925045499995,17.52208079600007],[-88.14366614499994,17.51520416900007],[-88.1467585929999,17.50153229400007],[-88.15925045499995,17.52208079600007]]],[[[-88.18724524599992,17.54637278900009],[-88.17634029899995,17.534491278000075],[-88.18415279899995,17.52830638200004],[-88.18724524599992,17.54637278900009]]],[[[-88.17357337099992,17.57127513200004],[-88.1784968739999,17.551336981000077],[-88.18415279899995,17.546983140000066],[-88.17357337099992,17.57127513200004]]],[[[-88.04702714799993,17.67967357000009],[-88.0464167959999,17.696112372000073],[-88.04084225199995,17.712062893000052],[-88.04084225199995,17.69395579600007],[-88.04702714799993,17.67967357000009]]],[[[-88.02114824099993,17.788316148000092],[-88.0237117179999,17.743841864000046],[-88.03897050699993,17.72760651200008],[-88.03119869699992,17.778509833000044],[-88.02114824099993,17.788316148000092]]],[[[-88.05577551999994,17.852403062000064],[-88.04487057199992,17.85069407800006],[-88.07135982999995,17.853623765000066],[-88.05577551999994,17.852403062000064]]],[[[-88.02395585799991,18.02952708500004],[-88.03213456899994,18.013617255000042],[-88.02977454299992,18.031195380000042],[-88.02395585799991,18.02952708500004]]],[[[-91.96625729099992,20.207505601000037],[-91.96507727799991,20.203640041000085],[-91.96723385299993,20.20388418200008],[-91.96625729099992,20.207505601000037]]],[[[-91.97431393099993,20.213446356000077],[-91.9702856109999,20.209133205000057],[-91.9719539049999,20.207953192000048],[-91.97431393099993,20.213446356000077]]],[[[-92.24400794199994,20.90110911700009],[-92.23859615799995,20.899440822000088],[-92.2422582669999,20.896958726000037],[-92.24400794199994,20.90110911700009]]],[[[-92.30996660099993,20.97870514500005],[-92.30435136599993,20.97520579600007],[-92.30890865799995,20.972276109000063],[-92.30996660099993,20.97870514500005]]],[[[-86.80117753799993,21.52806224200009],[-86.79010982999995,21.46120840100008],[-86.8066707019999,21.531642971000053],[-86.80117753799993,21.52806224200009]]],[[[-82.42495683499993,21.570664781000062],[-82.4284968739999,21.554307359000063],[-82.46190344999991,21.57127513200004],[-82.45282955599993,21.577500718000067],[-82.42495683499993,21.570664781000062]]],[[[-82.2815242179999,21.583034572000088],[-82.30329342399995,21.57249583500004],[-82.33678137899994,21.568711656000062],[-82.28750566299993,21.592678127000056],[-82.2815242179999,21.583034572000088]]],[[[-82.52159583199995,21.711289781000062],[-82.57083085799991,21.716050523000035],[-82.56110592399995,21.72679271000004],[-82.57587643099993,21.761786200000074],[-82.55776933499993,21.735663153000075],[-82.5305883449999,21.735663153000075],[-82.52159583199995,21.711289781000062]]],[[[-83.19652258999992,21.810695705000057],[-83.18419348899994,21.77334219000005],[-83.20604407499991,21.825344143000052],[-83.19652258999992,21.810695705000057]]],[[[-81.83254960799991,21.878607489000046],[-81.81676184799994,21.874212958000044],[-81.83971106699994,21.86859772300005],[-81.83254960799991,21.878607489000046]]],[[[-82.59056555899991,21.878973700000074],[-82.6133113269999,21.897365627000056],[-82.59813391799992,21.894639390000066],[-82.59056555899991,21.878973700000074]]],[[[-82.63223222599993,21.90180084800005],[-82.62555904899995,21.895860093000067],[-82.63923092399995,21.90338776200008],[-82.63223222599993,21.90180084800005]]],[[[-83.38955644399994,21.955471096000053],[-83.34906979099992,21.948594468000067],[-83.43643144399994,21.942206122000073],[-83.38955644399994,21.955471096000053]]],[[[-81.31680253799993,22.035305080000057],[-81.34601803299995,22.019680080000057],[-81.3887426419999,22.023098049000055],[-81.45547441299993,22.071315822000088],[-81.4356176419999,22.07168203300006],[-81.38573157499991,22.029445705000057],[-81.36554928299995,22.03339264500005],[-81.36701412699995,22.058701890000066],[-81.35220292899993,22.06631094000005],[-81.34194902299993,22.037176825000074],[-81.31680253799993,22.035305080000057]]],[[[-91.40601084899993,22.121421229000077],[-91.39714138399995,22.121459838000078],[-91.3973968709999,22.113793198000053],[-91.40601084899993,22.121421229000077]]],[[[-84.3855688139999,22.40818919500009],[-84.38276119699992,22.394191799000055],[-84.40786699099993,22.387844143000052],[-84.44688880099994,22.402411200000074],[-84.4324438139999,22.420436916000085],[-84.3855688139999,22.40818919500009]]],[[[-89.7488500639999,22.445868231000077],[-89.74238033799992,22.441799221000053],[-89.74510657499991,22.440456447000088],[-89.7488500639999,22.445868231000077]]],[[[-82.36945553299995,22.504014390000066],[-82.3703914049999,22.472683010000083],[-82.38141842399995,22.48200104400007],[-82.36945553299995,22.504014390000066]]],[[[-89.78685462099992,22.57811107000009],[-89.78091386599993,22.574693101000037],[-89.7961726549999,22.57245514500005],[-89.78685462099992,22.57811107000009]]],[[[-89.77192135299993,22.58038971600007],[-89.77436275899993,22.576198635000083],[-89.77676347599993,22.579860744000086],[-89.77192135299993,22.58038971600007]]],[[[-82.68651282499991,22.59674713700008],[-82.6790258449999,22.580959377000056],[-82.68960527299993,22.573106187000064],[-82.6985164049999,22.58535390800006],[-82.68651282499991,22.59674713700008]]],[[[-79.51280676999994,22.68891022300005],[-79.5054011709999,22.64325592700004],[-79.51545162699995,22.644232489000046],[-79.52717037699995,22.66624583500004],[-79.51280676999994,22.68891022300005]]],[[[-83.80488033799992,22.806992906000062],[-83.7624812489999,22.806789455000057],[-83.80052649599992,22.80528392100007],[-83.81867428299995,22.78038157800006],[-83.80488033799992,22.806992906000062]]],[[[-79.84219316299993,22.905462958000044],[-79.83197994699992,22.894883531000062],[-79.84829667899993,22.89093659100007],[-79.84219316299993,22.905462958000044]]],[[[-79.97227942599994,22.98338450700004],[-79.94456946499992,22.96308014500005],[-79.96524003799993,22.954738674000055],[-79.97227942599994,22.98338450700004]]],[[[-79.99742591099994,23.03620026200008],[-80.01231848899994,23.010280666000085],[-80.02924557199992,23.002875067000048],[-80.02110755099994,23.044175523000035],[-79.99742591099994,23.03620026200008]]],[[[-81.00361080599993,23.252101955000057],[-80.99547278599994,23.243312893000052],[-81.01195227799991,23.22760651200008],[-81.00361080599993,23.252101955000057]]],[[[-79.69090735599991,23.69285716400009],[-79.68927975199995,23.695664781000062],[-79.68793697799993,23.688747463000084],[-79.69090735599991,23.69285716400009]]],[[[-80.40489661399994,23.70766836100006],[-80.40851803299995,23.705877997000073],[-80.41519120999993,23.70644765800006],[-80.40489661399994,23.70766836100006]]],[[[-79.75141354099992,23.817287502000056],[-79.7468562489999,23.81793854400007],[-79.74958248599995,23.81582265800006],[-79.75141354099992,23.817287502000056]]],[[[-80.4616999989999,23.95107656500005],[-80.46841386599993,23.94594961100006],[-80.45962480399993,23.954860744000086],[-80.4616999989999,23.95107656500005]]],[[[-80.36558997299994,23.98659902600008],[-80.36253821499992,23.984198309000078],[-80.36933346299992,23.982041734000063],[-80.36558997299994,23.98659902600008]]],[[[-80.35293535099993,23.989081122000073],[-80.34788977799991,23.98741282800006],[-80.35440019399994,23.98391347900008],[-80.35293535099993,23.989081122000073]]],[[[-80.29401607999995,24.00922272300005],[-80.28677324099993,24.01316966400009],[-80.2871394519999,24.007595119000086],[-80.29401607999995,24.00922272300005]]],[[[-80.25597083199995,24.01593659100007],[-80.25361080599993,24.010280666000085],[-80.2578832669999,24.008815822000088],[-80.25597083199995,24.01593659100007]]],[[[-80.18199622299994,24.03066640800006],[-80.17918860599991,24.02928294500009],[-80.1804499989999,24.028672593000067],[-80.18199622299994,24.03066640800006]]],[[[-82.15160071499992,24.55076732000009],[-82.14879309799994,24.549343166000085],[-82.15005449099993,24.54873281500005],[-82.15160071499992,24.55076732000009]]],[[[-82.16519120999993,24.55154043200008],[-82.16112219999991,24.55101146000004],[-82.16274980399993,24.549221096000053],[-82.16519120999993,24.55154043200008]]],[[[-82.16429602799991,24.56553782800006],[-82.16417395699995,24.559800523000035],[-82.1653539699999,24.561428127000056],[-82.16429602799991,24.56553782800006]]],[[[-82.15501868399991,24.573960679000038],[-82.15330969999991,24.572007554000038],[-82.15550696499992,24.57184479400007],[-82.15501868399991,24.573960679000038]]],[[[-82.86465410099993,24.624253648000035],[-82.86489824099993,24.626979885000083],[-82.86294511599993,24.626572984000063],[-82.86465410099993,24.624253648000035]]],[[[-82.8745417959999,24.62962474200009],[-82.87393144399994,24.62571849200009],[-82.87523352799991,24.624253648000035],[-82.8745417959999,24.62962474200009]]],[[[-82.86778723899994,24.628078518000052],[-82.86900794199994,24.62881094000005],[-82.86782792899993,24.63157786700009],[-82.86778723899994,24.628078518000052]]],[[[-82.92398027299993,24.636053778000075],[-82.92084713399993,24.63308340100008],[-82.9250789049999,24.630519924000055],[-82.92398027299993,24.636053778000075]]],[[[-82.85545813699991,24.648586330000057],[-82.85269120999993,24.64716217700004],[-82.85391191299993,24.646551825000074],[-82.85545813699991,24.648586330000057]]],[[[-80.69957434799994,24.901312567000048],[-80.70038814999992,24.906398830000057],[-80.69570878799993,24.902451890000066],[-80.69957434799994,24.901312567000048]]],[[[-80.78416907499991,24.936428127000056],[-80.78807532499991,24.940456447000088],[-80.78359941299993,24.937323309000078],[-80.78416907499991,24.936428127000056]]],[[[-80.72565670499995,25.000555731000077],[-80.7324926419999,24.995428778000075],[-80.73208574099993,25.00193919500009],[-80.72565670499995,25.000555731000077]]],[[[-80.86388098899994,25.03188711100006],[-80.86518307199992,25.031032619000086],[-80.86750240799995,25.03461334800005],[-80.86388098899994,25.03188711100006]]],[[[-80.75991777299993,25.037909247000073],[-80.75641842399995,25.041489976000037],[-80.75304114499994,25.02794017100007],[-80.75991777299993,25.037909247000073]]],[[[-80.6440730459999,25.084499416000085],[-80.64574133999992,25.075873114000046],[-80.64854895699995,25.08189524900007],[-80.6440730459999,25.084499416000085]]],[[[-80.67955481699994,25.103257554000038],[-80.6692602199999,25.102036851000037],[-80.66584225199995,25.095770575000074],[-80.67955481699994,25.103257554000038]]],[[[-80.6457820299999,25.10419342700004],[-80.65278072799993,25.09719472900008],[-80.6584773429999,25.10956452000005],[-80.6457820299999,25.10419342700004]]],[[[-80.67914791599992,25.116156317000048],[-80.68578040299991,25.11387767100007],[-80.68451900899993,25.12372467700004],[-80.67914791599992,25.116156317000048]]],[[[-80.4802546869999,25.125148830000057],[-80.47740637899994,25.111395575000074],[-80.49583899599992,25.09829336100006],[-80.49575761599993,25.105088609000063],[-80.4802546869999,25.125148830000057]]],[[[-80.64000403599994,25.13475169500009],[-80.6418757799999,25.11241282800006],[-80.64081783799992,25.136745510000083],[-80.64000403599994,25.13475169500009]]],[[[-80.70759029899995,25.129461981000077],[-80.71304277299993,25.137193101000037],[-80.70596269399994,25.13743724200009],[-80.70759029899995,25.129461981000077]]],[[[-80.60175533799992,25.174627997000073],[-80.5911352199999,25.16120026200008],[-80.60578365799995,25.170070705000057],[-80.60175533799992,25.174627997000073]]],[[[-80.5398656889999,25.187241929000038],[-80.53868567599994,25.183335679000038],[-80.54731197799993,25.182196356000077],[-80.5398656889999,25.187241929000038]]],[[[-80.93866939999992,25.232814846000053],[-80.96060136599993,25.221502997000073],[-80.94009355399993,25.238430080000057],[-80.93866939999992,25.232814846000053]]],[[[-80.97793535099993,25.263413804000038],[-80.9661352199999,25.255560614000046],[-80.97915605399993,25.25018952000005],[-80.97793535099993,25.263413804000038]]],[[[-80.9317113919999,25.24559153900009],[-80.93370520699995,25.265733140000066],[-80.92813066299993,25.231797593000067],[-80.9317113919999,25.24559153900009]]],[[[-81.06073971299992,25.31207916900007],[-81.06037350199995,25.329046942000048],[-81.04084225199995,25.32099030200004],[-81.06073971299992,25.31207916900007]]],[[[-81.10846920499995,25.35447825700004],[-81.07494055899991,25.342678127000056],[-81.11762447799993,25.346909898000035],[-81.10846920499995,25.35447825700004]]],[[[-81.38988196499992,25.793117580000057],[-81.3523656889999,25.79905833500004],[-81.34862219999991,25.791896877000056],[-81.38988196499992,25.793117580000057]]],[[[-81.56908118399991,25.877061265000066],[-81.5740046869999,25.88580963700008],[-81.56615149599992,25.885891018000052],[-81.56908118399991,25.877061265000066]]],[[[-82.65571041599992,28.554022528000075],[-82.65941321499992,28.550563869000086],[-82.66454016799992,28.553534247000073],[-82.65571041599992,28.554022528000075]]],[[[-82.66816158799992,28.635606187000064],[-82.65546627499992,28.63698965100008],[-82.65562903599994,28.62681712400007],[-82.66816158799992,28.635606187000064]]],[[[-82.6843969389999,28.665269273000035],[-82.68203691299993,28.66746653900009],[-82.68024654899995,28.660589911000045],[-82.6843969389999,28.665269273000035]]],[[[-82.67373613199993,28.69822825700004],[-82.66901607999995,28.69948965100008],[-82.6709285149999,28.697373765000066],[-82.67373613199993,28.69822825700004]]],[[[-82.7031957669999,28.722601630000042],[-82.71226966099994,28.722398179000038],[-82.70221920499995,28.72451406500005],[-82.7031957669999,28.722601630000042]]],[[[-82.64785722599993,28.75027090100008],[-82.66592363199993,28.746568101000037],[-82.66836503799993,28.751003322000088],[-82.66010494699992,28.753851630000042],[-82.64785722599993,28.75027090100008]]],[[[-82.74364173099991,28.788275458000044],[-82.74693762899994,28.78701406500005],[-82.74250240799995,28.79177480700008],[-82.74364173099991,28.788275458000044]]],[[[-82.7058813139999,28.81903717700004],[-82.72866777299993,28.81549713700008],[-82.73070227799991,28.81826406500005],[-82.7058813139999,28.81903717700004]]],[[[-82.72793535099993,28.856268622000073],[-82.73224850199995,28.85606517100007],[-82.73078365799995,28.861151434000078],[-82.72793535099993,28.856268622000073]]],[[[-82.72130286399994,28.87018463700008],[-82.70750891799992,28.871608791000085],[-82.72166907499991,28.865586656000062],[-82.72130286399994,28.87018463700008]]],[[[-82.6916804679999,28.86631907800006],[-82.67935136599993,28.87486399900007],[-82.6655574209999,28.86985911700009],[-82.6916804679999,28.86631907800006]]],[[[-82.64378821499992,28.853135484000063],[-82.65339107999995,28.87726471600007],[-82.66315670499995,28.88357168200008],[-82.64740963399993,28.88222890800006],[-82.64378821499992,28.853135484000063]]],[[[-82.67007402299993,28.88939036700009],[-82.6887914699999,28.896429755000042],[-82.66649329299992,28.891628322000088],[-82.67007402299993,28.88939036700009]]],[[[-90.8408503899999,29.05337148600006],[-90.82929439999992,29.039455471000053],[-90.8450414699999,29.049831447000088],[-90.8408503899999,29.05337148600006]]],[[[-90.7996313139999,29.048203843000067],[-90.7883601549999,29.04596588700008],[-90.8010554679999,29.040676174000055],[-90.7996313139999,29.048203843000067]]],[[[-82.81802324099993,29.10382721600007],[-82.8034968739999,29.098781643000052],[-82.81623287699995,29.092922268000052],[-82.81802324099993,29.10382721600007]]],[[[-90.34764563699991,29.132839260000083],[-90.3457738919999,29.11863841400009],[-90.40025794199994,29.10655345300006],[-90.3594457669999,29.119208075000074],[-90.34764563699991,29.132839260000083]]],[[[-89.87075761599993,29.325547593000067],[-89.87523352799991,29.304714260000083],[-89.90485592399995,29.316148179000038],[-89.89167232999995,29.331813869000086],[-89.87075761599993,29.325547593000067]]],[[[-89.00023352799991,29.620754299000055],[-88.99600175699993,29.61933014500005],[-88.99823971299992,29.61859772300005],[-89.00023352799991,29.620754299000055]]],[[[-88.99604244699992,29.62185293200008],[-88.99201412699995,29.62335846600007],[-88.99388587099992,29.620469468000067],[-88.99604244699992,29.62185293200008]]],[[[-89.50763912699995,29.695705471000053],[-89.53026282499991,29.69358958500004],[-89.53307044199994,29.72138092700004],[-89.52330481699994,29.71942780200004],[-89.50763912699995,29.695705471000053]]],[[[-88.97826087099992,29.815456447000088],[-88.98420162699995,29.79210032800006],[-88.97874915299991,29.81940338700008],[-88.97826087099992,29.815456447000088]]],[[[-88.86709550699993,29.856268622000073],[-88.86493893099993,29.846584377000056],[-88.87018795499995,29.861395575000074],[-88.86709550699993,29.856268622000073]]],[[[-88.91633053299995,29.871649481000077],[-88.90664628799993,29.867621161000045],[-88.9265844389999,29.860622463000084],[-88.91633053299995,29.871649481000077]]],[[[-88.88300533799992,29.874050197000088],[-88.8828425769999,29.89004140800006],[-88.8809301419999,29.888373114000046],[-88.88300533799992,29.874050197000088]]],[[[-88.8867488269999,29.88617584800005],[-88.9063207669999,29.875474351000037],[-88.8828832669999,29.89557526200008],[-88.8867488269999,29.88617584800005]]],[[[-89.26634680899991,29.948065497000073],[-89.22704016799992,29.96816640800006],[-89.26829993399991,29.94395579600007],[-89.26634680899991,29.948065497000073]]],[[[-88.89452063699991,30.236721096000053],[-88.87645423099991,30.23969147300005],[-88.90265865799995,30.227728583000044],[-88.89452063699991,30.236721096000053]]]]},"bbox":[-92.30996660099993,17.50153229400007,-79.5054011709999,30.23969147300005]},{"id":"5","type":"Feature","properties":{},"geometry":{"type":"Polygon","coordinates":[[[-82.57518469999991,21.624701239000046],[-82.54076087099992,21.595526434000078],[-82.59463456899994,21.541815497000073],[-82.83556067599994,21.44472890800006],[-82.90623938699991,21.43748607000009],[-83.07852128799993,21.469224351000037],[-83.16209876199991,21.549261786000045],[-83.19180253799993,21.63031647300005],[-83.08202063699991,21.55145905200004],[-83.02391516799992,21.54840729400007],[-82.96593176999994,21.599269924000055],[-82.95909583199995,21.56199778900009],[-82.9461156889999,21.604641018000052],[-82.98766028599994,21.61977773600006],[-83.08560136599993,21.80027903900009],[-83.07518469999991,21.84316640800006],[-83.01866614499994,21.897691148000035],[-82.95909583199995,21.925116278000075],[-83.0047094389999,21.937648830000057],[-82.98949133999992,21.948431708000044],[-82.85899817599994,21.933661200000074],[-82.70372473899994,21.89280833500004],[-82.68472245999993,21.866156317000048],[-82.69253495999993,21.824042059000078],[-82.60293535099993,21.75849030200004],[-82.59235592399995,21.729071356000077],[-82.61644446499992,21.698553778000075],[-82.61644446499992,21.664455471000053],[-82.56802324099993,21.64394765800006],[-82.57518469999991,21.624701239000046]]]},"bbox":[-83.19180253799993,21.43748607000009,-82.54076087099992,21.948431708000044]},{"id":"1","type":"Feature","properties":{},"geometry":{"type":"MultiPolygon","coordinates":[[[[-86.65925045499995,30.415838934000078],[-86.52183997299994,30.401271877000056],[-87.24120032499991,30.326117255000042],[-87.29649817599994,30.33234284100007],[-86.65925045499995,30.415838934000078]]],[[[-89.68458230099992,22.380737837000083],[-89.69797173799992,22.417544062000047],[-89.65710439999992,22.446689219000064],[-89.65516467999993,22.472001270000078],[-89.71401664199993,22.541046090000066],[-89.73876902099994,22.54938823000009],[-89.77075566699995,22.533241273000044],[-89.72972515299995,22.582868579000035],[-89.65824757199994,22.54066988900007],[-89.6101519099999,22.461080928000058],[-89.63427615599994,22.37889104900006],[-89.65057469399994,22.367576495000037],[-89.68458230099992,22.380737837000083]]],[[[-81.18780908463009,31.5],[-81.26171836599991,31.387792473000047],[-81.29121018299992,31.39521708600006],[-81.3003204389999,31.41151639700007],[-81.25330644387775,31.5],[-81.18780908463009,31.5]]]]},"bbox":[-89.77075566699995,22.367576495000037,-81.18780908463009,31.5]},{"id":"3","type":"Feature","properties":{},"geometry":{"type":"MultiPolygon","coordinates":[[[[-88.07725989499994,17.641791083000044],[-88.05361894399994,17.606268622000073],[-88.04381262899994,17.55296458500004],[-88.07725989499994,17.641791083000044]]],[[[-88.1673070949999,17.669094143000052],[-88.08275305899991,17.72923411700009],[-88.0711156889999,17.73427969000005],[-88.10366777299993,17.68183014500005],[-88.1673070949999,17.669094143000052]]],[[[-87.3281550769999,18.54124583500004],[-87.31012936099995,18.567206122000073],[-87.3281550769999,18.53270091400009],[-87.33450273299991,18.454372463000084],[-87.37942460799991,18.402492580000057],[-87.34361731699994,18.452337958000044],[-87.3281550769999,18.54124583500004]]],[[[-87.25548255099994,18.724269924000055],[-87.24986731699994,18.650864976000037],[-87.26292883999992,18.628648179000038],[-87.26915442599994,18.73851146000004],[-87.25548255099994,18.724269924000055]]],[[[-80.06208774699991,19.70068152400006],[-79.96426347599993,19.704901434000078],[-80.07796825799994,19.654020437000042],[-80.11315546199995,19.65866019300006],[-80.06208774699991,19.70068152400006]]],[[[-79.87188918099991,19.704636140000048],[-79.74589952199995,19.75763083700008],[-79.72664269199993,19.737063377000084],[-79.89375366899992,19.679672759000084],[-79.87188918099991,19.704636140000048]]],[[[-81.37653561099995,21.703070380000042],[-81.49669348899994,21.618475653000075],[-81.56065833199995,21.60297272300005],[-81.55138098899994,21.62759023600006],[-81.5235082669999,21.623439846000053],[-81.49351966099994,21.657049872000073],[-81.45449785099993,21.65180084800005],[-81.4173070949999,21.697211005000042],[-81.37767493399991,21.71893952000005],[-81.37653561099995,21.703070380000042]]],[[[-97.65143795499995,21.787909247000073],[-97.60171464799993,21.75193919500009],[-97.61046301999994,21.740179755000042],[-97.6399633449999,21.74510325700004],[-97.66348222599993,21.778469143000052],[-97.68492591099994,21.862453518000052],[-97.65143795499995,21.787909247000073]]],[[[-97.84316972599993,22.684881903000075],[-97.78856360599991,22.77484772300005],[-97.79613196499992,22.723781643000052],[-97.84316972599993,22.684881903000075]]],[[[-79.88711503799993,22.95970286700009],[-79.89854895699995,22.936712958000044],[-79.91982988199993,22.949286200000074],[-79.94969641799992,22.92841217700004],[-79.95742753799993,22.95302969000005],[-79.92723548099991,22.96629466400009],[-79.88711503799993,22.95970286700009]]],[[[-80.27188066299993,23.008693752000056],[-80.23180091099994,23.000148830000057],[-80.25161699099993,22.98651764500005],[-80.23180091099994,22.95917389500005],[-80.34780839799993,22.98651764500005],[-80.27188066299993,23.008693752000056]]],[[[-80.20445716099994,23.124253648000035],[-80.16649329299992,23.09247467700004],[-80.13125566299993,23.08698151200008],[-80.16242428299995,23.067328192000048],[-80.22496497299994,23.089544989000046],[-80.20445716099994,23.124253648000035]]],[[[-80.82079016799992,23.178900458000044],[-80.80483964799993,23.152899481000077],[-80.83063717399995,23.135646877000056],[-80.89781653599994,23.141750393000052],[-80.97166907499991,23.110663153000075],[-80.89981035099993,23.15916575700004],[-80.84129798099991,23.15778229400007],[-80.84813391799992,23.18512604400007],[-80.82823645699995,23.165228583000044],[-80.82079016799992,23.178900458000044]]],[[[-80.55968176999994,23.20506419500009],[-80.47337805899991,23.19603099200009],[-80.47301184799994,23.18154531500005],[-80.49522864499994,23.168361721000053],[-80.58063717399995,23.178900458000044],[-80.55968176999994,23.20506419500009]]],[[[-81.71149654899995,24.597805080000057],[-81.65684973899994,24.597805080000057],[-81.65005449099993,24.576117255000042],[-81.72573808499993,24.55621979400007],[-81.71149654899995,24.597805080000057]]],[[[-80.18822180899991,25.49835846600007],[-80.21690833199995,25.41547272300005],[-80.23802649599992,25.405951239000046],[-80.18822180899991,25.49835846600007]]],[[[-80.17560787699995,25.67340729400007],[-80.16974850199995,25.70075104400007],[-80.18333899599992,25.713812567000048],[-80.15607662699995,25.734930731000077],[-80.15831458199995,25.67926666900007],[-80.17560787699995,25.67340729400007]]],[[[-82.25548255099994,26.701239325000074],[-82.24596106699994,26.694525458000044],[-82.22545325399994,26.611273505000042],[-82.24767005099994,26.654364325000074],[-82.25548255099994,26.701239325000074]]],[[[-82.28148352799991,26.809475002000056],[-82.2591039699999,26.737250067000048],[-82.2664281889999,26.714992580000057],[-82.28148352799991,26.809475002000056]]],[[[-82.5891820949999,27.32444896000004],[-82.6809789699999,27.434068101000037],[-82.65428626199991,27.419663804000038],[-82.5891820949999,27.32444896000004]]],[[[-80.62901770699995,28.18105703300006],[-80.6406957669999,28.20416901200008],[-80.64858964799993,28.222723700000074],[-80.62901770699995,28.18105703300006]]],[[[-96.36969967399995,28.414455471000053],[-96.31289628799993,28.45856354400007],[-96.23253333199995,28.489488023000035],[-96.35008704299992,28.40888092700004],[-96.36969967399995,28.414455471000053]]],[[[-80.65550696499992,28.59332916900007],[-80.62901770699995,28.598781643000052],[-80.61217200399994,28.568833726000037],[-80.65819251199991,28.43748607000009],[-80.6699926419999,28.287502346000053],[-80.64976966099994,28.225165106000077],[-80.71471106699994,28.36977773600006],[-80.73989824099993,28.51748281500005],[-80.73228919199994,28.544623114000046],[-80.71092688699991,28.544134833000044],[-80.65550696499992,28.59332916900007]]],[[[-90.90318762899994,29.057196356000077],[-90.87962805899991,29.051255601000037],[-90.94371497299994,29.06077708500004],[-90.90318762899994,29.057196356000077]]],[[[-90.34654700399994,29.05805084800005],[-90.30256100199995,29.084906317000048],[-90.28384355399993,29.086004950000074],[-90.34654700399994,29.05805084800005]]],[[[-89.95547441299993,29.27098216400009],[-89.95547441299993,29.25731028900009],[-90.03062903599994,29.21637604400007],[-90.02428137899994,29.23847077000005],[-89.95547441299993,29.27098216400009]]],[[[-89.16315670499995,29.504461981000077],[-89.16624915299991,29.482367255000042],[-89.22183183499993,29.469631252000056],[-89.18781490799995,29.48037344000005],[-89.16315670499995,29.504461981000077]]],[[[-85.1504613919999,29.644476630000042],[-85.21279863199993,29.688706773000035],[-85.08608964799993,29.68573639500005],[-85.1087133449999,29.634019273000035],[-85.1504613919999,29.644476630000042]]],[[[-89.44131425699993,29.78461334800005],[-89.42731686099995,29.743963934000078],[-89.45860755099994,29.771226304000038],[-89.48997962099992,29.736476955000057],[-89.49058997299994,29.793768622000073],[-89.47569739499994,29.80536530200004],[-89.44131425699993,29.78461334800005]]],[[[-89.33702551999994,29.806626695000034],[-89.27717037699995,29.81207916900007],[-89.29067949099993,29.771226304000038],[-89.33702551999994,29.806626695000034]]],[[[-84.66470292899993,29.77871328300006],[-84.57640540299991,29.81976959800005],[-84.58633378799993,29.799953518000052],[-84.66470292899993,29.77871328300006]]],[[[-89.23875891799992,29.941351630000042],[-89.24058997299994,29.929348049000055],[-89.29393469999991,29.920070705000057],[-89.27904212099992,29.937201239000046],[-89.23875891799992,29.941351630000042]]],[[[-89.27293860599991,29.982082424000055],[-89.30410722599993,29.93235911700009],[-89.32787024599992,29.91592031500005],[-89.27293860599991,29.982082424000055]]],[[[-89.43301347599993,30.145697333000044],[-89.43126380099994,30.133368231000077],[-89.43936113199993,30.136542059000078],[-89.43301347599993,30.145697333000044]]],[[[-88.92784583199995,30.217596747000073],[-88.94273841099994,30.213812567000048],[-88.96930904899995,30.210638739000046],[-88.96735592399995,30.21430084800005],[-88.92784583199995,30.217596747000073]]],[[[-88.50304114499994,30.223781643000052],[-88.42735755099994,30.21625397300005],[-88.46971594999991,30.21084219000005],[-88.50304114499994,30.223781643000052]]],[[[-89.05748450399994,30.25267161700009],[-89.08462480399993,30.195786851000037],[-89.0989477199999,30.203273830000057],[-89.09215247299994,30.223781643000052],[-89.15355383999992,30.22992584800005],[-89.05748450399994,30.25267161700009]]],[[[-79.51402747299994,23.49567291900007],[-79.53661048099991,23.50649648600006],[-79.5384008449999,23.510239976000037],[-79.51402747299994,23.49567291900007]]],[[[-79.56334387899994,23.546698309000078],[-79.55455481699994,23.533148505000042],[-79.59434973899994,23.574652411000045],[-79.56334387899994,23.546698309000078]]],[[[-88.07701575399994,17.503729559000078],[-88.10669849817789,17.5],[-88.11717688699991,17.518784898000092],[-88.11046301999994,17.52301666900007],[-88.07701575399994,17.503729559000078]]],[[[-87.96328691299993,18.09320709800005],[-87.96251380099994,18.07998281500005],[-87.98143469999991,18.07127513200004],[-87.97716223899994,18.08746979400007],[-87.96328691299993,18.09320709800005]]],[[[-87.93712317599994,18.11465078300006],[-87.94225012899994,18.093491929000038],[-87.95400956899994,18.088283596000053],[-87.95523027299993,18.100816148000092],[-87.93712317599994,18.11465078300006]]],[[[-87.87474524599992,18.20648834800005],[-87.87828528599994,18.187323309000078],[-87.88780676999994,18.175604559000078],[-87.89077714799993,18.19745514500005],[-87.87474524599992,18.20648834800005]]],[[[-81.98119055899991,21.647772528000075],[-81.98981686099995,21.60883209800005],[-82.11424719999991,21.57029857000009],[-81.99665279899995,21.626613674000055],[-81.98119055899991,21.647772528000075]]],[[[-81.83901933499993,21.66620514500005],[-81.90135657499991,21.615627346000053],[-81.93236243399991,21.62848541900007],[-81.93569902299993,21.641913153000075],[-81.90562903599994,21.631008205000057],[-81.83901933499993,21.66620514500005]]],[[[-82.66808020699995,21.94912344000005],[-82.59117591099994,21.926662502000056],[-82.63011633999992,21.920721747000073],[-82.66808020699995,21.94912344000005]]],[[[-83.60781816299993,21.966498114000046],[-83.54531816299993,21.96124909100007],[-83.5926000639999,21.960109768000052],[-83.60781816299993,21.966498114000046]]],[[[-81.54938717399995,22.058417059000078],[-81.54702714799993,22.044582424000055],[-81.58185787699995,22.050604559000078],[-81.58885657499991,22.072699286000045],[-81.54938717399995,22.058417059000078]]],[[[-82.52830969999991,22.64004140800006],[-82.50772050699993,22.59007396000004],[-82.52285722599993,22.55931224200009],[-82.52830969999991,22.64004140800006]]],[[[-79.66637122299994,22.852118231000077],[-79.68529212099992,22.833685614000046],[-79.73086503799993,22.866115627000056],[-79.72752844999991,22.903957424000055],[-79.71833248599995,22.880031643000052],[-79.66637122299994,22.852118231000077]]],[[[-79.81847083199995,22.954331773000035],[-79.84215247299994,22.931789455000057],[-79.83495032499991,22.911810614000046],[-79.85802161399994,22.916937567000048],[-79.85293535099993,22.94163646000004],[-79.8711645169999,22.947699286000045],[-79.86107337099992,22.962591864000046],[-79.81847083199995,22.954331773000035]]],[[[-80.08763587099992,23.06745026200008],[-80.05630449099993,23.026678778000075],[-80.09121660099993,23.04287344000005],[-80.08763587099992,23.06745026200008]]],[[[-80.24217688699991,23.104315497000073],[-80.25031490799995,23.084865627000056],[-80.30573482999995,23.134507554000038],[-80.27245032499991,23.14004140800006],[-80.24217688699991,23.104315497000073]]],[[[-80.4461156889999,23.15062083500004],[-80.3762914699999,23.152167059000078],[-80.45807857999995,23.126776434000078],[-80.4622289699999,23.135199286000045],[-80.4461156889999,23.15062083500004]]],[[[-80.66588294199994,23.20917389500005],[-80.67467200399994,23.186835028000075],[-80.70425370999993,23.18032461100006],[-80.69489498599995,23.203924872000073],[-80.66588294199994,23.20917389500005]]],[[[-80.71247311099995,23.19989655200004],[-80.74083411399994,23.18427155200004],[-80.86143958199995,23.220363674000055],[-80.83788001199991,23.223537502000056],[-80.71247311099995,23.19989655200004]]],[[[-80.87413489499994,23.248968817000048],[-80.87857011599993,23.232123114000046],[-80.9426977199999,23.25726959800005],[-80.91299394399994,23.265570380000042],[-80.87413489499994,23.248968817000048]]],[[[-82.12828528599994,24.55369700700004],[-82.11880449099993,24.553615627000056],[-82.12877356699994,24.550848700000074],[-82.12828528599994,24.55369700700004]]],[[[-82.11046301999994,24.56549713700008],[-82.14574133999992,24.592718817000048],[-82.11937415299991,24.594671942000048],[-82.10960852799991,24.58612702000005],[-82.11046301999994,24.56549713700008]]],[[[-81.42446855399993,24.65497467700004],[-81.41063391799992,24.655422268000052],[-81.41478430899991,24.647691148000035],[-81.42446855399993,24.65497467700004]]],[[[-81.26520748599995,24.67129140800006],[-81.25837154899995,24.667629299000055],[-81.27603105399993,24.655585028000075],[-81.26520748599995,24.67129140800006]]],[[[-81.45543372299994,24.681341864000046],[-81.44139563699991,24.650539455000057],[-81.44684811099995,24.650783596000053],[-81.46198482999995,24.67096588700008],[-81.45543372299994,24.681341864000046]]],[[[-81.47972571499992,24.67251211100006],[-81.48131262899994,24.64984772300005],[-81.51113847599993,24.661322333000044],[-81.51500403599994,24.697739976000037],[-81.47972571499992,24.67251211100006]]],[[[-80.69933020699995,24.876288153000075],[-80.71825110599991,24.859442450000074],[-80.7383520169999,24.850734768000052],[-80.72972571499992,24.86277903900009],[-80.69933020699995,24.876288153000075]]],[[[-81.04279537699995,25.307440497000073],[-81.05174719999991,25.27830638200004],[-81.06688391799992,25.27676015800006],[-81.07286536399994,25.31004466400009],[-81.04279537699995,25.307440497000073]]],[[[-81.08901933499993,25.33885325700004],[-81.09072831899994,25.31281159100007],[-81.12222245999993,25.33657461100006],[-81.08901933499993,25.33885325700004]]],[[[-81.37319902299993,25.816107489000046],[-81.3997289699999,25.791815497000073],[-81.42516028599994,25.811468817000048],[-81.43956458199995,25.803900458000044],[-81.44050045499995,25.84243398600006],[-81.42951412699995,25.850897528000075],[-81.37319902299993,25.816107489000046]]],[[[-81.45962480399993,25.822821356000077],[-81.50283769399994,25.85545482000009],[-81.51203365799995,25.83612702000005],[-81.5169164699999,25.859767971000053],[-81.47435462099992,25.87246328300006],[-81.4505102199999,25.83234284100007],[-81.45962480399993,25.822821356000077]]],[[[-81.6634008449999,25.896918036000045],[-81.67739824099993,25.861476955000057],[-81.71076412699995,25.88971588700008],[-81.70840410099993,25.89866771000004],[-81.6634008449999,25.896918036000045]]],[[[-81.55833899599992,25.90338776200008],[-81.53355872299994,25.878648179000038],[-81.54576575399994,25.853664455000057],[-81.55833899599992,25.90338776200008]]],[[[-82.67271887899994,28.73704661700009],[-82.67821204299992,28.71426015800006],[-82.69587154899995,28.728949286000045],[-82.67271887899994,28.73704661700009]]],[[[-82.68219967399995,28.760321356000077],[-82.69493567599994,28.787583726000037],[-82.67349199099993,28.777085679000038],[-82.68219967399995,28.760321356000077]]],[[[-90.76716061099995,29.04706452000005],[-90.64220130099994,29.07294342700004],[-90.6563207669999,29.06321849200009],[-90.67275956899994,29.05727773600006],[-90.74941972599993,29.040961005000042],[-90.76716061099995,29.04706452000005]]],[[[-90.41397050699993,29.052435614000046],[-90.46458899599992,29.057806708000044],[-90.51097571499992,29.08030833500004],[-90.45230058499993,29.069566148000035],[-90.41397050699993,29.052435614000046]]],[[[-83.03294837099992,29.14126211100006],[-83.04995683499993,29.131984768000052],[-83.05752519399994,29.150091864000046],[-83.05028235599991,29.15570709800005],[-83.03294837099992,29.14126211100006]]],[[[-90.45254472599993,29.22402578300006],[-90.44627844999991,29.260321356000077],[-90.43455969999991,29.264471747000073],[-90.43382727799991,29.255113023000035],[-90.45254472599993,29.22402578300006]]],[[[-89.93382727799991,29.28457265800006],[-89.91315670499995,29.290228583000044],[-89.93895423099991,29.27724844000005],[-89.93382727799991,29.28457265800006]]],[[[-89.99323482999995,29.45844147300005],[-89.99583899599992,29.44481028900009],[-90.01573645699995,29.443793036000045],[-90.05882727799991,29.47801341400009],[-90.10179602799991,29.478338934000078],[-90.11986243399991,29.505519924000055],[-90.06110592399995,29.50454336100006],[-90.02041581899994,29.48663971600007],[-90.01805579299992,29.461330471000053],[-89.99323482999995,29.45844147300005]]],[[[-89.05703691299993,29.56207916900007],[-89.04991614499994,29.565008856000077],[-89.09850012899994,29.52094147300005],[-89.05703691299993,29.56207916900007]]],[[[-88.97008216099994,29.639797268000052],[-88.96450761599993,29.64276764500005],[-88.97960364499994,29.632879950000074],[-88.97008216099994,29.639797268000052]]]]},"bbox":[-97.84316972599993,17.5,-79.51402747299994,30.25267161700009]}],"bbox":[-98.5,17.5,-79.5,31.5]}