{"type":"FeatureCollection","features":[{"id":"0","type":"Feature","properties":{},"geometry":{"type":"MultiPolygon","coordinates":[[[[95.5,15.787381475284],[95.39649498800003,15.716376044000071],[95.31055748800003,15.723211981000077],[95.28793379000007,15.74013906500005],[95.28256269600007,15.838324286000045],[95.31267337300005,15.866522528000075],[95.31397545700003,15.90070221600007],[95.33855228000004,15.922023830000057],[95.36426842500003,15.984564520000049],[95.36850019600007,16.038804429000038],[95.34546959700003,16.10496653900009],[95.36158287900008,16.148382880000042],[95.32748457100007,16.10740794500009],[95.34864342500003,16.041571356000077],[95.34180748800003,15.983872789000088],[95.29712975400008,15.90298086100006],[95.25163821700005,15.86823151200008],[95.23878014400003,15.893947658000059],[95.27588951900003,15.970648505000042],[95.27295983200003,16.003729559000078],[95.22396894600007,15.91860586100006],[95.21273847700007,15.78656647300005],[95.17359459700003,15.777818101000037],[95.12574303500003,15.817613023000092],[95.11524498800003,15.893947658000059],[95.13754316500007,16.006659247000073],[95.12891686300003,16.03851959800005],[95.10775800900007,15.983872789000088],[95.09766686300003,16.025132554000038],[95.13795006600003,16.10032786700009],[95.22592207100007,16.119940497000073],[95.18360436300003,16.14093659100007],[95.14869225400008,16.132025458000044],[95.13575280000003,16.148382880000042],[95.07056725400008,16.07485586100006],[95.07292728000004,15.970648505000042],[95.05502363400007,15.846136786000045],[95.03394616000003,15.80573151200008],[94.99756920700003,15.795314846000053],[94.97559655000003,15.764146226000037],[94.84685306100005,15.790594794000071],[94.89633222700007,15.847398179000038],[94.88257897200003,15.86717357000009],[94.85320071700005,15.840277411000045],[94.83472741000003,15.949164130000042],[94.86280358200003,15.991766669000071],[94.92066491000003,16.01862213700008],[94.92408287900008,16.03851959800005],[94.88933353000004,16.017401434000078],[94.86312910200007,16.127752997000073],[94.90007571700005,16.18378327000005],[94.95923912900008,16.200873114000046],[94.99244225400008,16.250799872000073],[94.96697024800005,16.220404364000046],[94.89307701900003,16.20575592700004],[94.85466556100005,16.160223700000074],[94.84839928500003,16.096502997000073],[94.86939537900008,16.040961005000042],[94.84620201900003,15.99998607000009],[94.78687584700003,15.962144273000092],[94.72120201900003,15.856675523000092],[94.65870201900003,15.85447825700004],[94.63550866000003,15.908148505000042],[94.62240644600007,15.891546942000048],[94.60132897200003,15.921210028000075],[94.70313561300003,15.982367255000042],[94.73226972700007,16.017401434000078],[94.74170983200003,16.067287502000056],[94.79371178500003,16.16201406500005],[94.76596113400007,16.139471747000073],[94.70533287900008,16.020656643000052],[94.61475670700003,15.94367096600007],[94.56657962300005,15.935492255000042],[94.56234785200007,15.961859442000048],[94.64234459700003,16.044663804000038],[94.67888431100005,16.12128327000005],[94.68384850400008,16.20917389500005],[94.66521243600005,16.257635809000078],[94.70492597700007,16.353216864000046],[94.73226972700007,16.360663153000075],[94.70582116000003,16.473089911000045],[94.73226972700007,16.524562893000052],[94.69727623800003,16.508368231000077],[94.67701256600003,16.53196849200009],[94.68384850400008,16.364081122000073],[94.62794030000003,16.260199286000045],[94.58399498800003,16.23651764500005],[94.63550866000003,16.32648346600007],[94.62973066500007,16.344183661000045],[94.58366946700005,16.27484772300005],[94.52116946700005,16.295477606000077],[94.50700931100005,16.189601955000057],[94.42807050900007,16.074164130000042],[94.36060631600003,16.049261786000045],[94.34001712300005,15.996242580000057],[94.28663170700003,15.99750397300005],[94.25147545700003,15.968451239000046],[94.21461022200003,16.014797268000052],[94.21509850400008,16.15766022300005],[94.23780358200003,16.273138739000046],[94.23536217500003,16.34837474200009],[94.25863691500007,16.38735586100006],[94.27312259200005,16.466498114000046],[94.26832116000003,16.527492580000057],[94.27312259200005,16.53815338700008],[94.33106530000003,16.528631903000075],[94.34131920700003,16.54840729400007],[94.34620201900003,16.59243398600006],[94.32764733200003,16.60643138200004],[94.36198978000004,16.63548411700009],[94.36443118600005,16.701117255000042],[94.40267988400007,16.788275458000044],[94.38233483200003,16.901271877000056],[94.42318769600007,16.901271877000056],[94.46469160200007,16.949652411000045],[94.44434655000003,16.949652411000045],[94.45785566500007,17.05955638200004],[94.48878014400003,17.124212958000044],[94.48568769600007,17.141017971000053],[94.45777428500003,17.15375397300005],[94.45435631600003,17.180080471000053],[94.46469160200007,17.189276434000078],[94.51091556100005,17.16901276200008],[94.53785241000003,17.18740469000005],[94.50863691500007,17.230129299000055],[94.51197350400008,17.275213934000078],[94.54542076900003,17.296087958000044],[94.54615319100003,17.319647528000075],[94.59449303500003,17.292303778000075],[94.57683353000004,17.358343817000048],[94.57032311300003,17.505194403000075],[94.55388431100005,17.54360586100006],[94.56031334700003,17.582098700000074],[94.61500084700003,17.54555898600006],[94.59066816500007,17.59324778900009],[94.59522545700003,17.61546458500004],[94.56299889400003,17.66168854400007],[94.54395592500003,17.74803294500009],[94.50171959700003,17.78660716400009],[94.48340905000003,17.902289130000042],[94.44743899800005,17.97333405200004],[94.45085696700005,18.002427476000037],[94.49219811300003,18.025946356000077],[94.49488366000003,18.04881419500009],[94.45785566500007,18.15570709800005],[94.42286217500003,18.24249909100007],[94.32764733200003,18.258734442000048],[94.33106530000003,18.303127346000053],[94.38917076900003,18.286037502000056],[94.41700280000003,18.31395091400009],[94.38965905000003,18.36269765800006],[94.35059655000003,18.37523021000004],[94.33106530000003,18.42597077000005],[94.25896243600005,18.509019273000092],[94.24496504000007,18.53925202000005],[94.26221764400003,18.54511139500005],[94.24878991000003,18.63886139500005],[94.14893639400003,18.731024481000077],[94.21159915500004,18.725531317000048],[94.27930748800003,18.73851146000004],[94.25245201900003,18.75214264500005],[94.21241295700003,18.741848049000055],[94.15308678500003,18.82103099200009],[94.14893639400003,18.86823151200008],[94.13510175900007,18.820461330000057],[94.11963951900003,18.81663646000004],[94.03809655000003,18.859116929000038],[94.03663170700003,18.918036200000074],[94.05323326900003,18.93650950700004],[94.04118899800005,18.99762604400007],[94.06609134200005,19.04287344000005],[94.06006920700003,19.063706773000035],[94.09424889400003,19.08734772300005],[94.04656009200005,19.08112213700008],[94.02906334700003,19.095404364000046],[94.03272545700003,19.169256903000075],[94.05323326900003,19.22138092700004],[94.04590905000003,19.30467357000009],[94.06967207100007,19.350897528000075],[94.06690514400003,19.38898346600007],[94.02523847700007,19.28656647300005],[94.03337649800005,19.20453522300005],[93.97348066500007,19.146307684000078],[93.94711347700007,19.15965403900009],[93.93726647200003,19.20465729400007],[93.92546634200005,19.210272528000075],[93.91041100400008,19.19098541900007],[93.95541425900007,19.126898505000042],[93.95248457100007,19.032049872000073],[93.98438561300003,18.96784088700008],[93.97388756600003,18.922796942000048],[93.93726647200003,18.88934967700004],[93.94410241000003,18.86823151200008],[93.93043053500003,18.858628648000035],[93.81373131600003,18.94399648600006],[93.73462975400008,18.98118724200009],[93.70386803500003,19.018459377000056],[93.67888431100005,19.019598700000074],[93.64234459700003,19.13422272300005],[93.59400475400008,19.176703192000048],[93.48324629000007,19.35065338700008],[93.49089603000004,19.40761953300006],[93.55298912900008,19.430568752000056],[93.56804446700005,19.406724351000037],[93.61133873800003,19.403265692000048],[93.63697350400008,19.34906647300005],[93.62134850400008,19.334377346000053],[93.71753991000003,19.293402411000045],[93.72291100400008,19.268459377000056],[93.79688561300003,19.235174872000073],[93.83423912900008,19.23818594000005],[93.92994225400008,19.299750067000048],[93.98096764400003,19.372259833000044],[93.99105879000007,19.457180080000057],[93.92383873800003,19.46238841400009],[93.91920006600003,19.48427969000005],[93.93726647200003,19.492010809000078],[93.88209069100003,19.501898505000042],[93.73121178500003,19.632554429000038],[93.75611412900008,19.661078192000048],[93.80005944100003,19.65648021000004],[93.79444420700008,19.673570054000038],[93.82740319100003,19.718573309000078],[93.80681399800005,19.745835679000038],[93.78386478000004,19.691107489000046],[93.76107832100007,19.67487213700008],[93.72095787900008,19.685288804000038],[93.70948326900003,19.71352773600006],[93.71876061300003,19.74359772300005],[93.75163821700005,19.765692450000074],[93.72193444100003,19.76898834800005],[93.69353274800005,19.72479889500005],[93.64844811300003,19.725165106000077],[93.63550866000003,19.759507554000038],[93.60141035200007,19.718573309000078],[93.60645592500003,19.796128648000035],[93.66065514400003,19.870835679000038],[93.73804772200003,19.882473049000055],[93.72559655000003,19.905585028000075],[93.74000084700003,19.925116278000075],[93.71753991000003,19.93768952000005],[93.70753014400003,19.916571356000077],[93.61133873800003,19.91034577000005],[93.58073978000004,19.881333726000037],[93.54672285200007,19.902899481000077],[93.56592858200008,19.916571356000077],[93.51832116000003,19.939601955000057],[93.53191165500004,19.95136139500005],[93.51197350400008,19.970445054000038],[93.53191165500004,19.984849351000037],[93.52564537900008,19.999172268000052],[93.49219811300003,19.964992580000057],[93.47046959700003,19.984849351000037],[93.45704186300003,19.954250393000052],[93.42318769600007,19.965318101000037],[93.38233483200008,20.08852773600006],[93.36182701900003,20.02643463700008],[93.34066816500007,20.10219961100006],[93.31275475400008,20.065375067000048],[93.27247155000003,20.04751211100006],[93.19027754000007,20.06443919500009],[93.17628014400003,20.05369700700004],[93.12842858200008,20.094671942000048],[93.23829186300003,19.82099030200004],[93.20142662900008,19.86277903900009],[93.13152103000004,20.00657786700009],[93.10914147200003,19.993801174000055],[93.10613040500004,19.93065013200004],[93.13453209700003,19.84829336100006],[93.16879316500007,19.80731842700004],[93.13453209700003,19.834051825000074],[93.05941816500007,19.951117255000042],[93.03842207100007,20.012925523000035],[92.98072350400008,20.077948309000078],[92.97022545700008,20.129461981000077],[93.04249108200008,20.129461981000077],[93.08008873800003,20.170477606000077],[93.09424889400003,20.14996979400007],[93.12094160200007,20.21198151200008],[93.08920332100007,20.21035390800006],[93.01856530000003,20.14996979400007],[92.99048912900008,20.15493398600006],[93.00123131600003,20.23932526200008],[93.04127037900008,20.33201732000009],[93.09131920700008,20.381008205000057],[93.10043379000007,20.43109772300005],[93.05958092500003,20.362250067000048],[93.04322350400008,20.364935614000046],[93.03101647200003,20.40965403900009],[93.08562259200005,20.532945054000038],[93.07325280000003,20.554632880000042],[93.02263431100005,20.45254140800006],[93.01628665500004,20.32485586100006],[92.89844811300003,20.135687567000048],[92.86036217500003,20.124945380000042],[92.77214603000004,20.20148346600007],[92.79948978000004,20.25918203300006],[92.86402428500003,20.30076732000009],[92.94288170700008,20.321234442000048],[92.89332116000003,20.32953522300005],[92.84693444100003,20.377346096000053],[92.82691491000003,20.495062567000048],[92.79265384200005,20.506252346000053],[92.79656009200005,20.48383209800005],[92.76929772200003,20.45506419500009],[92.75855553500003,20.47211334800005],[92.77898196700005,20.478257554000038],[92.75098717500003,20.498521226000037],[92.72071373800003,20.592230536000045],[92.63502037900008,20.69798411700009],[92.70826256600003,20.578680731000077],[92.73747806100005,20.44476959800005],[92.73121178500003,20.25918203300006],[92.65316816500007,20.41828034100007],[92.53988691500007,20.52753327000005],[92.50700931100005,20.60927969000005],[92.45362389400003,20.668524481000077],[92.38111412900008,20.700140692000048],[92.28101647200003,20.959418036000045],[92.26514733200008,21.061102606000077],[92.26148522200003,20.940252997000073],[92.33326256600003,20.767726955000057],[92.32553144600007,20.738714911000045],[92.20972741000003,20.930812893000052],[92.18628991000003,21.00584544500009],[92.13412519600007,21.04751211100006],[92.04542076900003,21.17096588700008],[92.04525800900007,21.29954661700009],[91.94971764400003,21.45840078300006],[91.96338951900003,21.45213450700004],[91.99903405000003,21.49949778900009],[92.01791425900007,21.493109442000048],[91.99000084700003,21.56199778900009],[92.03581790500004,21.640448309000078],[92.02930748800003,21.704901434000078],[92.00074303500003,21.64980703300006],[91.98389733200008,21.650132554000038],[91.98389733200008,21.70538971600007],[91.96265709700003,21.689520575000074],[91.94971764400003,21.715969143000052],[91.95297285200007,21.738348700000074],[91.99000084700003,21.75999583500004],[91.96029707100007,21.763820705000057],[91.99000084700003,21.79482656500005],[91.89926191500007,21.789496161000045],[91.91138756600003,21.83470286700009],[91.92937259200005,21.84316640800006],[91.92554772200003,21.86286041900007],[91.94971764400003,21.88418203300006],[91.91570071700005,21.862453518000052],[91.85523522200003,22.109198309000078],[91.85352623800003,22.14362213700008],[91.86719811300003,22.13739655200004],[91.85328209700003,22.14874909100007],[91.83985436300003,22.116888739000046],[91.81299889400003,22.18032461100006],[91.81690514400003,22.22028229400007],[91.83985436300003,22.246649481000077],[91.80884850400008,22.306341864000046],[91.87403405000003,22.336004950000074],[91.90805097700007,22.424750067000048],[91.88770592500003,22.424750067000048],[91.87745201900003,22.363348700000074],[91.79135175900007,22.301906643000052],[91.82634524800005,22.26776764500005],[91.82593834700003,22.248480536000045],[91.78711998800003,22.237941799000055],[91.74366295700008,22.411078192000048],[91.67603600400008,22.53461334800005],[91.54810631600003,22.700344143000052],[91.46241295700008,22.76190827000005],[91.45834394600007,22.79706452000005],[91.49048912900008,22.90452708500004],[91.46241295700008,22.83344147300005],[91.41675866000003,22.799994208000044],[91.41472415500004,22.753729559000078],[91.34644616000003,22.77484772300005],[91.36744225400008,22.761664130000042],[91.36011803500003,22.743394273000035],[91.29078209700003,22.738430080000057],[91.33277428500003,22.72020091400009],[91.31739342500003,22.697211005000042],[91.24480228000004,22.698391018000052],[91.24341881600003,22.72020091400009],[91.18189537900008,22.72646719000005],[91.19922936300003,22.69879791900007],[91.16895592500003,22.684881903000075],[91.25342858200008,22.660711981000077],[91.26449629000007,22.64081452000005],[91.24156880000004,22.575395765000053],[91.20274304600008,22.543219639000085],[91.12734345800004,22.527025948000073],[91.08920058200005,22.544430256000055],[91.01832116000003,22.68309153900009],[91.00375410200007,22.678656317000048],[91.03223717500003,22.636867580000057],[91.03793379000007,22.58860911700009],[90.98511803500003,22.574367580000057],[90.94174238400007,22.585882880000042],[90.87647545700008,22.682806708000044],[90.83594811300003,22.684881903000075],[90.81950931100005,22.72646719000005],[90.79493248800003,22.741359768000052],[90.71745853000004,22.940619208000044],[90.62940514400003,23.064398505000042],[90.64014733200008,23.18886953300006],[90.66732832100007,23.267645575000074],[90.65088951900003,23.30023834800005],[90.66114342500003,23.32225169500009],[90.62842858200008,23.321519273000035],[90.61133873800003,23.34247467700004],[90.60027103000004,23.44993724200009],[90.63331139400003,23.486761786000045],[90.71501712300005,23.49835846600007],[90.71119225400008,23.54881419500009],[90.67546634200005,23.550930080000057],[90.70215905000003,23.52838776200008],[90.69532311300003,23.507879950000074],[90.66675866000003,23.51821523600006],[90.60775800900007,23.491115627000056],[90.59205162900008,23.56248607000009],[90.63331139400003,23.596625067000048],[90.62712649800005,23.603461005000042],[90.55876712300005,23.590399481000077],[90.56446373800003,23.57640208500004],[90.54721113400007,23.563788153000075],[90.47632897200003,23.582953192000048],[90.49838300900007,23.55727773600006],[90.57683353000004,23.539496161000045],[90.57894941500007,23.44985586100006],[90.55193118600005,23.38495514500005],[90.32243899800005,23.433294989000046],[90.25033613400007,23.466945705000057],[90.24935957100007,23.45538971600007],[90.38851972700007,23.372381903000075],[90.42847741000003,23.326117255000042],[90.56910241000003,23.294989325000074],[90.60661868600005,23.247219143000052],[90.61451256600003,23.195461330000057],[90.59351647200003,23.219875393000052],[90.59913170700008,23.11749909100007],[90.57195071700005,23.081732489000046],[90.55372155000003,23.078558661000045],[90.55876712300005,23.110663153000075],[90.52279707100007,23.080145575000074],[90.45362389400003,23.072333075000074],[90.44890384200005,23.05573151200008],[90.51042728000004,22.91819896000004],[90.54004967500003,22.896551825000074],[90.52003014400003,22.880194403000075],[90.47632897200003,22.884100653000075],[90.43604576900003,22.800604559000078],[90.40796959700003,22.794663804000038],[90.41993248800003,22.76825592700004],[90.39429772200003,22.77484772300005],[90.37256920700008,22.761419989000046],[90.43523196700005,22.733303127000056],[90.44459069100003,22.751654364000046],[90.46168053500003,22.748846747000073],[90.48991946700005,22.72020091400009],[90.51270592500003,22.611476955000057],[90.45923912900008,22.579291083000044],[90.44206790500004,22.49363841400009],[90.47250410200007,22.57558828300006],[90.50513756600003,22.58624909100007],[90.55974368600005,22.562323309000078],[90.60661868600005,22.465765692000048],[90.58619225400008,22.473211981000077],[90.61841881600003,22.376654364000046],[90.61345462300005,22.314886786000045],[90.55795332100007,22.20335521000004],[90.50114993600005,22.176703192000048],[90.43864993600005,22.075995184000078],[90.38746178500003,22.10260651200008],[90.42164147200003,22.198879299000055],[90.41089928500003,22.28424713700008],[90.39429772200003,22.288234768000052],[90.39087975400008,22.208807684000078],[90.41285241000003,22.17804596600007],[90.38005618600005,22.14362213700008],[90.36988366000003,22.08982982000009],[90.30860436300003,21.984035549000055],[90.28288821700005,21.870794989000046],[90.21762129000007,21.81346263200004],[90.18482506600003,21.80097077000005],[90.09294681100005,21.83026764500005],[90.09538821700005,21.859442450000074],[90.11247806100005,21.856268622000073],[90.12623131600003,21.93195221600007],[90.09848066500007,21.878607489000046],[90.06690514400003,21.85342031500005],[90.02442467500003,21.862453518000052],[90.04493248800003,21.966131903000075],[90.07715905000003,21.987982489000046],[90.10564212300005,22.05426666900007],[90.16407311300003,22.113226630000042],[90.21615644600007,22.12323639500005],[90.23609459700003,22.198879299000055],[90.20582116000003,22.132961330000057],[90.14828535200007,22.11078522300005],[90.05241946700005,21.98899974200009],[89.99634850400008,22.00023021000004],[90.01075280000003,22.04120514500005],[90.03541100400008,22.059800523000035],[90.04273522200003,22.131252346000053],[90.07837975400008,22.16404857000009],[90.05258222700007,22.155462958000044],[90.02442467500003,22.089016018000052],[89.98275800900007,22.044623114000046],[89.98275800900007,21.98655833500004],[89.96778405000003,21.974554755000042],[89.93441816500007,21.997707424000055],[89.91749108200008,22.04987213700008],[89.90088951900003,22.201971747000073],[89.87680097700007,22.274725653000075],[89.90015709700003,22.333929755000042],[90.01010175900007,22.49022044500009],[89.94743899800005,22.43968333500004],[89.92042076900003,22.391831773000035],[89.87289472700007,22.41860586100006],[89.88038170700008,22.342230536000045],[89.83871504000007,22.26776764500005],[89.86133873800003,22.211004950000074],[89.87134850400008,22.091864325000074],[89.84620201900003,22.07062409100007],[89.79721113400007,22.075995184000078],[89.84791100400008,22.03388092700004],[89.84620201900003,21.972316799000055],[89.88721764400003,21.900091864000046],[89.88038170700008,21.88418203300006],[89.78638756600003,21.828924872000073],[89.76587975400008,21.84674713700008],[89.70915774800005,21.83006419500009],[89.66130618600005,21.849351304000038],[89.66334069100003,21.896307684000078],[89.64698326900003,21.925116278000075],[89.61898847700007,21.86985911700009],[89.70069420700008,21.784857489000046],[89.66822350400008,21.750881252000056],[89.59546959700003,21.75999583500004],[89.60596764400003,21.71906159100007],[89.58692467500003,21.700832424000055],[89.53711998800003,21.75381094000005],[89.52735436300003,21.81281159100007],[89.56446373800003,21.88418203300006],[89.57129967500003,22.03123607000009],[89.60596764400003,22.113226630000042],[89.56723066500007,22.202826239000046],[89.60596764400003,22.25690338700008],[89.62647545700008,22.336004950000074],[89.58082116000003,22.27724844000005],[89.58619225400008,22.245428778000075],[89.54916425900007,22.20526764500005],[89.57935631600003,22.113226630000042],[89.55144290500004,21.99404531500005],[89.53288821700005,21.98468659100007],[89.52344811300003,22.044623114000046],[89.53711998800003,22.089016018000052],[89.49203535200007,22.188381252000056],[89.49301191500007,22.273504950000074],[89.47575931100005,22.295070705000057],[89.47575931100005,22.10260651200008],[89.49415123800003,22.136867580000057],[89.51832116000003,22.081000067000048],[89.49040774800005,22.023993231000077],[89.52182050900007,21.96230703300006],[89.51254316500007,21.909125067000048],[89.46461022200003,21.859198309000078],[89.46583092500003,21.781317450000074],[89.40642337300005,21.717352606000077],[89.36426842500003,21.758205471000053],[89.38697350400008,21.901190497000073],[89.35222415500004,21.972316799000055],[89.35596764400003,21.892523505000042],[89.30128014400003,21.809393622000073],[89.28394616000003,21.822088934000078],[89.29468834700003,21.75779857000009],[89.27369225400008,21.69879791900007],[89.29753665500004,21.678127346000053],[89.24870853000004,21.64590078300006],[89.21045983200008,21.654120184000078],[89.22071373800003,21.709418036000045],[89.18767337300005,21.81150950700004],[89.15455162900008,21.786851304000038],[89.10466556100005,21.81586334800005],[89.07781009200005,21.91425202000005],[89.09148196700005,22.00023021000004],[89.05738366000003,22.06509023600006],[89.06031334700003,22.130601304000038],[89.04371178500003,22.13739655200004],[89.03687584700003,22.085598049000055],[89.05738366000003,22.03123607000009],[89.06088300900007,21.93846263200004],[89.01303144600007,21.929429429000038],[89.00953209700003,21.90460846600007],[88.94467207100007,21.938788153000075],[88.92872155000003,21.98655833500004],[88.90503991000003,21.96942780200004],[88.92408287900008,21.926336981000077],[88.99586022200003,21.88418203300006],[89.01587975400008,21.853338934000078],[89.04371178500003,21.733343817000048],[89.08521569100003,21.674709377000056],[89.08269290500004,21.617336330000057],[89.05323326900003,21.609808661000045],[89.03394616000003,21.633246161000045],[89.01978600400008,21.60610586100006],[89.00025475400008,21.60342031500005],[88.89161217500003,21.653509833000044],[88.85865319100003,21.766831773000035],[88.83822675900007,21.701971747000073],[88.85865319100003,21.636542059000078],[88.84424889400003,21.622219143000052],[88.80583743600005,21.622870184000078],[88.81088300900007,21.69171784100007],[88.77711022200003,21.64354075700004],[88.79053795700008,21.56826406500005],[88.72787519600007,21.559881903000075],[88.70753014400003,21.57831452000005],[88.72217858200008,21.609198309000078],[88.68490644600007,21.697211005000042],[88.71697024800005,21.951971747000073],[88.76303144600007,22.017279364000046],[88.70850670700008,22.072211005000042],[88.76303144600007,22.130560614000046],[88.72657311300003,22.121161200000074],[88.69483483200008,22.08152903900009],[88.69947350400008,22.053208726000037],[88.73072350400008,22.037176825000074],[88.68995201900003,21.94599030200004],[88.63086998800003,21.945461330000057],[88.62745201900003,21.970404364000046],[88.65349368600005,22.018011786000045],[88.63949629000007,22.109523830000057],[88.68311608200008,22.18496328300006],[88.67994225400008,22.204413153000075],[88.66016686300003,22.205023505000042],[88.61915123800003,22.109523830000057],[88.62598717500003,22.048041083000044],[88.60254967500003,22.006415106000077],[88.59839928500003,21.929348049000055],[88.56706790500004,21.850816148000035],[88.56462649800005,21.766831773000035],[88.62403405000003,21.77802155200004],[88.63282311300003,21.750067450000074],[88.61264082100007,21.69749583500004],[88.59180748800003,21.70538971600007],[88.59961998800003,21.637274481000077],[88.59506269600007,21.612127997000073],[88.57813561300003,21.623439846000053],[88.57227623800003,21.557928778000075],[88.53646894600007,21.575100002000056],[88.52963300900007,21.55337148600006],[88.54395592500003,21.534084377000056],[88.51295006600003,21.524644273000035],[88.48796634200005,21.55654531500005],[88.52963300900007,21.65761953300006],[88.50489342500003,21.741522528000075],[88.53288821700005,21.795314846000053],[88.53101647200003,21.82412344000005],[88.49561608200008,21.876695054000038],[88.51498457100007,21.937201239000046],[88.49561608200008,21.95180898600006],[88.47445722700007,21.890326239000046],[88.49350019600007,21.805161851000037],[88.47445722700007,21.80097077000005],[88.45337975400008,21.74176666900007],[88.47217858200008,21.663275458000044],[88.45630944100003,21.62400950700004],[88.39307701900003,21.60024648600006],[88.39258873800003,21.698553778000075],[88.35572350400008,21.68496328300006],[88.33122806100005,21.71906159100007],[88.32471764400003,21.70136139500005],[88.34880618600005,21.65029531500005],[88.33545983200008,21.615790106000077],[88.30974368600005,21.610174872000073],[88.29818769600007,21.764105536000045],[88.26156660200007,21.798651434000078],[88.29542076900003,21.676581122000073],[88.28337649800005,21.609198309000078],[88.30583743600005,21.57168203300006],[88.25440514400003,21.55467357000009],[88.23747806100005,21.601711330000057],[88.22437584700003,21.613023179000038],[88.20826256600003,21.60297272300005],[88.18189537900008,21.665228583000044],[88.20972741000003,21.78856028900009],[88.15406334700003,21.88808828300006],[88.14673912900008,21.95921458500004],[88.22242272200003,22.077948309000078],[88.19800866000003,22.167792059000078],[88.08130944100003,22.217352606000077],[88.07732181100005,22.24042389500005],[88.04346764400003,22.224758205000057],[88.00904381600003,22.24042389500005],[87.97266686300003,22.28318919500009],[87.94044030000003,22.413031317000048],[87.90658613400007,22.424750067000048],[87.96534264400003,22.24481842700004],[88.00847415500004,22.204901434000078],[88.13257897200003,22.17914459800005],[88.16098066500007,22.15656159100007],[88.17351321700005,22.116888739000046],[88.16431725400008,22.089789130000042],[88.11117597700007,22.034857489000046],[88.04314212300005,22.017279364000046],[88.05079186300003,21.98501211100006],[87.98365319100003,21.85419342700004],[87.83399498800003,21.729315497000073],[87.70378665500004,21.655503648000035],[87.62134850400008,21.65062083500004],[87.46876061300003,21.611395575000074],[87.34180748800003,21.56240469000005],[87.20093834700003,21.551988023000035],[87.06373131600003,21.475002346000053],[86.91765384200005,21.327378648000035],[86.86695397200003,21.25604889500005],[86.83725019600007,21.174709377000056],[86.84400475400008,21.08222077000005],[86.96566816500007,20.805975653000075],[86.95386803500003,20.780585028000075],[86.87875410200007,20.780585028000075],[86.91065514400003,20.756415106000077],[86.98658287900008,20.75185781500005],[86.99870853000004,20.71112702000005],[86.94019616000003,20.69798411700009],[86.99488366000003,20.670721747000073],[87.04322350400008,20.69798411700009],[87.00359134200005,20.657049872000073],[86.92318769600007,20.62173086100006],[86.75147545700008,20.489162502000056],[86.72461998800003,20.43195221600007],[86.72046959700003,20.368475653000075],[86.76978600400008,20.40070221600007],[86.78874759200005,20.39012278900009],[86.79615319100003,20.437323309000078],[86.80982506600003,20.41510651200008],[86.76832116000003,20.343451239000046],[86.69369550900007,20.29393138200004],[86.70167076900003,20.28465403900009],[86.75464928500003,20.31443919500009],[86.62818444100003,20.235256252000056],[86.49512780000003,20.184068101000037],[86.46713300900007,20.094671942000048],[86.39144941500007,20.02020905200004],[86.42628014400003,19.999172268000052],[86.39722741000003,19.982855536000045],[86.27540123800003,20.06736888200004],[86.20915774800005,20.06663646000004],[86.15251712300005,20.143133856000077],[86.14503014400003,20.122015692000048],[86.16773522200003,20.07294342700004],[86.23023522200003,20.035305080000057],[86.28907311300003,20.02643463700008],[86.31495201900003,19.986883856000077],[86.37240644600007,19.964992580000057],[86.08904056100005,19.844224351000037],[86.05665123800003,19.85687897300005],[85.78882897200003,19.765692450000074],[85.73438561300003,19.763617255000042],[85.48047936300003,19.66632721600007],[85.44988040500004,19.66669342700004],[85.42701256600003,19.70408763200004],[85.52198326900003,19.739081122000073],[85.51498457100007,19.71112702000005],[85.57650800900007,19.745835679000038],[85.56324303500003,19.75690338700008],[85.57032311300003,19.87563711100006],[85.47681725400008,19.90102773600006],[85.44011478000004,19.896226304000038],[85.31959069100003,19.79364655200004],[85.26807701900003,19.78001536700009],[85.22095787900008,19.736029364000046],[85.20655358200008,19.68378327000005],[85.14014733200008,19.596584377000056],[85.15137780000003,19.560288804000038],[85.10287519600007,19.52960846600007],[85.10873457100007,19.506781317000048],[85.12403405000003,19.519354559000078],[85.12875410200007,19.509507554000038],[85.12403405000003,19.478338934000078],[85.20289147200003,19.51715729400007],[85.19922936300003,19.55410390800006],[85.23324629000007,19.55410390800006],[85.19304446700005,19.58079661700009],[85.24756920700008,19.608710028000075],[85.23324629000007,19.632554429000038],[85.24756920700008,19.65648021000004],[85.30909264400003,19.642238674000055],[85.39144941500007,19.690619208000044],[85.40528405000003,19.64594147300005],[85.37794030000003,19.614935614000046],[85.33676191500007,19.596096096000053],[85.31836998800003,19.619533596000053],[85.30909264400003,19.595038153000075],[85.28842207100007,19.601263739000046],[85.30290774800005,19.573919989000046],[85.33057701900003,19.57640208500004],[85.57650800900007,19.690619208000044],[85.33668053500003,19.57518138200004],[85.18043053500003,19.475002346000053],[84.87208092500003,19.219875393000052],[84.79102623800003,19.12059153900009],[84.77515709700003,19.115301825000074],[84.73878014400003,19.147650458000044],[84.71998131600003,19.101629950000074],[84.74048912900008,19.07367584800005],[84.76099694100003,19.101629950000074],[84.78003991000003,19.09707265800006],[84.74105879000007,19.028143622000073],[84.66504967500003,18.930121161000045],[84.63086998800003,18.915716864000046],[84.54184004000007,18.775783596000053],[84.42367597700007,18.636460679000038],[84.33285566500007,18.55369700700004],[84.28174889400003,18.52558014500005],[84.24691816500007,18.52558014500005],[84.23764082100007,18.510931708000044],[84.27100670700008,18.50018952000005],[84.34994550900007,18.55292389500005],[84.14389082100007,18.374823309000078],[84.11312910200007,18.29828522300005],[83.77515709700003,18.139593817000048],[83.61394290500004,18.04515208500004],[83.47291100400008,17.902492580000057],[83.45191491000003,17.92291901200008],[83.45297285200007,17.868475653000075],[83.34131920700008,17.71743398600006],[83.29859459700003,17.69013092700004],[83.26823978000004,17.71747467700004],[83.24691816500007,17.71625397300005],[83.24927819100003,17.695379950000074],[83.29908287900008,17.66429271000004],[83.24691816500007,17.63422272300005],[83.21290123800003,17.634914455000057],[83.23894290500004,17.592962958000044],[83.08822675900007,17.53070709800005],[82.89682050900007,17.409328518000052],[82.88331139400003,17.42206452000005],[82.71851647200003,17.34861888200004],[82.47486412900008,17.205959377000056],[82.42286217500003,17.139960028000075],[82.38770592500003,17.12693919500009],[82.29932701900003,17.03034088700008],[82.25269616000008,16.92918528900009],[82.26791425900007,16.86749909100007],[82.31421959700003,16.846625067000048],[82.35206139400003,16.845404364000046],[82.36247806100005,16.859076239000046],[82.34888756600003,16.95648834800005],[82.36654707100007,16.908636786000045],[82.36557050900007,16.81159088700008],[82.33814537900008,16.67841217700004],[82.31283613400007,16.60814036700009],[82.28093509200005,16.620835679000038],[82.30738366000008,16.579779364000046],[82.25904381600003,16.56549713700008],[82.20346113400007,16.51268138200004],[82.06861412900008,16.444281317000048],[82.03736412900008,16.447658596000053],[81.99268639400003,16.40843333500004],[81.86166425900007,16.375392971000053],[81.76295006600003,16.32257721600007],[81.71159915500004,16.312201239000046],[81.65626061300003,16.33734772300005],[81.58497155000003,16.34210846600007],[81.55697675900007,16.37303294500009],[81.54021243600005,16.37368398600006],[81.54908287900008,16.352362372000073],[81.49586022200003,16.360663153000075],[81.41667728000004,16.34015534100007],[81.42823326900003,16.365668036000045],[81.41138756600003,16.382513739000046],[81.31739342500003,16.36749909100007],[81.25961347700007,16.33270905200004],[81.25416100400008,16.271307684000078],[81.23031660200007,16.24359772300005],[81.15601647200003,16.03851959800005],[81.14975019600007,15.969631252000056],[80.99887129000007,15.84674713700008],[81.01254316500007,15.777818101000037],[80.91000410200007,15.852687893000052],[80.89649498800003,16.031073309000078],[80.88900800900007,16.003729559000078],[80.87533613400007,16.017401434000078],[80.89128665500004,15.978257554000038],[80.89014733200008,15.89524974200009],[80.80713951900003,15.716376044000071],[80.80274498800003,15.84243398600006],[80.77613366000008,15.884263414000088],[80.67017662900008,15.907700914000088],[80.66285241000008,15.889349677000041],[80.57113691500007,15.868719794000071],[80.55388431100005,15.88084544500009],[80.39332116000008,15.797023830000057],[80.27963300900007,15.700669664000088],[80.20134524800005,15.51829661700009],[80.21119225400008,15.496649481000077],[80.12680097700007,15.38812897300005],[80.09058678500008,15.304877020000049],[80.05298912900008,15.092596747000073],[80.10816491000008,14.714341539000088],[80.15984134200005,14.662665106000077],[80.17847741000008,14.60578034100007],[80.14185631600003,14.571234442000048],[80.19695071700005,14.565008856000077],[80.17595462300005,14.46873607000009],[80.17497806100005,14.344549872000073],[80.12818444100003,14.256537177000041],[80.08716881600003,14.25031159100007],[80.04664147200003,14.206610419000071],[80.07349694100003,14.201849677000041],[80.12110436300003,14.242010809000078],[80.13559004000007,14.229193427000041],[80.12582441500007,14.148504950000074],[80.14966881600003,14.027736721000053],[80.24927819100003,13.800279039000088],[80.22095787900008,13.696966864000046],[80.31373131600003,13.440904039000088],[80.24545332100007,13.591742255000042],[80.14185631600003,13.728949286000045],[80.13559004000007,13.619086005000042],[80.12126712300005,13.62726471600007],[80.11784915500004,13.674505927000041],[80.09400475400008,13.69476959800005],[80.09131920700008,13.659125067000048],[80.05298912900008,13.619086005000042],[80.11939537900008,13.500677802000041],[80.26587975400008,13.468247789000088],[80.26238040500004,13.451239325000074],[80.30689537900008,13.413031317000048],[80.32699629000007,13.430365302000041],[80.34782962300005,13.34906647300005],[80.33415774800005,13.24290599200009],[80.31983483200008,13.249172268000052],[80.31373131600003,13.215033270000049],[80.33415774800005,13.221177476000037],[80.33277428500008,13.198146877000056],[80.30689537900008,13.146063544000071],[80.31373131600003,13.10578034100007],[80.28581790500004,13.067572333000044],[80.25171959700003,12.762518622000073],[80.17969811300003,12.532619533000059],[80.09595787900008,12.362250067000048],[80.00513756600003,12.256048895000049],[79.94385826900003,12.21784088700008],[80.00513756600003,12.241766669000071],[79.86182701900003,12.022040106000077],[79.86182701900003,11.97797272300005],[79.78589928500008,11.769191799000055],[79.75196373800003,11.576971747000073],[79.78598066500007,11.426174221000053],[79.79297936300003,11.453517971000053],[79.81666100400008,11.443060614000046],[79.81934655000003,11.38149648600006],[79.74984785200007,11.37368398600006],[79.67628014400003,11.296454169000071],[79.75928795700008,11.358343817000048],[79.83301842500003,11.341986395000049],[79.85531660200007,11.159857489000046],[79.84066816500007,10.950140692000048],[79.85670006600003,10.29328034100007],[79.79509524800005,10.269232489000046],[79.75709069100003,10.309068101000037],[79.63314863400007,10.328599351000037],[79.61410566500007,10.30955638200004],[79.75896243600005,10.28221263200004],[79.77369225400008,10.27366771000004],[79.75977623800003,10.258246161000045],[79.55665123800003,10.298651434000078],[79.55176842500003,10.313299872000073],[79.60401451900003,10.32908763200004],[79.58692467500003,10.343695380000042],[79.52857506600003,10.338324286000045],[79.53223717500003,10.323187567000048],[79.45972741000008,10.308294989000046],[79.39812259200005,10.324652411000045],[79.28614342500003,10.252834377000056],[79.26921634200005,10.197821356000077],[79.23633873800003,10.166571356000077],[79.25416100400008,10.054266669000071],[79.27906334700003,10.035834052000041],[79.20036868600005,9.970282294000071],[79.09408613400007,9.802313544000071],[78.98080488400007,9.667181708000044],[78.97730553500008,9.637925523000092],[78.93832441500007,9.583685614000046],[78.91325931100005,9.474269924000055],[78.95972741000008,9.384955145000049],[79.07471764400003,9.29987213700008],[79.25171959700003,9.28851959800005],[79.32007897200003,9.32330963700008],[79.34107506600003,9.31586334800005],[79.33366946700005,9.278265692000048],[79.35352623800003,9.240912177000041],[79.45362389400003,9.159002997000073],[79.42400149800005,9.159084377000056],[79.29273522200003,9.25031159100007],[79.16537519600007,9.274237372000073],[79.08716881600003,9.25381094000005],[78.98894290500004,9.278265692000048],[78.92896569100003,9.25381094000005],[78.84376061300003,9.243963934000078],[78.72779381600003,9.187445380000042],[78.67628014400003,9.184149481000077],[78.63477623800003,9.144598700000074],[78.41211998800003,9.09983958500004],[78.23975670700008,8.96556224200009],[78.18279056100005,8.877101955000057],[78.16236412900008,8.753485419000071],[78.21021569100003,8.788275458000044],[78.21517988400007,8.765448309000078],[78.16920006600003,8.733628648000092],[78.14258873800003,8.657904364000046],[78.11459394600007,8.657904364000046],[78.14234459700003,8.593085028000075],[78.12826582100007,8.488023179000038],[78.07984459700003,8.43195221600007],[78.05591881600003,8.363714911000045],[77.99976647200003,8.344916083000044],[77.80616295700008,8.228664455000057],[77.76832116000008,8.18154531500005],[77.59522545700008,8.13898346600007],[77.56104576900003,8.114569403000075],[77.56527754000007,8.082505601000037],[77.44971764400003,8.087469794000071],[77.30860436300003,8.130926825000074],[76.99586022200003,8.368109442000048],[76.64454186300003,8.81899648600006],[76.54395592500003,8.912502346000053],[76.55909264400003,8.92523834800005],[76.57325280000003,8.904445705000057],[76.62061608200008,8.925441799000055],[76.58155358200008,8.91990794500009],[76.57398522200003,8.942572333000044],[76.60328209700003,8.973211981000077],[76.65756269600007,8.966376044000071],[76.63428795700008,8.986883856000077],[76.66846764400003,9.007391669000071],[76.62061608200008,8.987127997000073],[76.58277428500008,9.000555731000077],[76.55860436300003,8.952093817000048],[76.56544030000003,8.994330145000049],[76.53882897200003,8.972601630000042],[76.53809655000003,8.939113674000055],[76.52808678500008,8.946966864000046],[76.46045983200008,9.114935614000046],[76.46241295700008,9.138332424000055],[76.47657311300003,9.116603908000059],[76.48275800900007,9.171820380000042],[76.46241295700008,9.15135325700004],[76.42823326900003,9.245347398000092],[76.41456139400003,9.246975002000056],[76.44255618600005,9.14516836100006],[76.36296634200005,9.32518138200004],[76.31177819100003,9.492987372000073],[76.27735436300003,9.809271552000041],[76.23633873800003,9.952704169000071],[76.25147545700008,9.96312083500004],[76.29102623800003,9.908596096000053],[76.25684655000003,9.908596096000053],[76.26685631600003,9.87604401200008],[76.27735436300003,9.870754299000055],[76.28419030000003,9.891180731000077],[76.28077233200008,9.84284088700008],[76.29997806100005,9.847805080000057],[76.30860436300003,9.87962474200009],[76.33887780000003,9.699408270000049],[76.34620201900003,9.816107489000046],[76.32007897200003,9.86163971600007],[76.33269290500004,9.870754299000055],[76.35922285200007,9.816107489000046],[76.36801191500007,9.71556224200009],[76.39405358200008,9.678941148000092],[76.35743248800003,9.520697333000044],[76.45899498800003,9.497300523000092],[76.50326582100007,9.534979559000078],[76.40699303500008,9.56907786700009],[76.41968834700003,9.594183661000045],[76.41456139400003,9.68268463700008],[76.39405358200008,9.706244208000044],[76.38038170700008,9.785101630000042],[76.39405358200008,9.84284088700008],[76.35922285200007,9.915432033000059],[76.31153405000003,9.966945705000057],[76.29428144600007,9.951320705000057],[76.27816816500007,9.977932033000059],[76.27393639400003,10.035834052000041],[76.25505618600005,10.047674872000073],[76.24512780000003,10.10219961100006],[76.21534264400003,10.138251044000071],[76.20753014400003,10.117132880000042],[76.24268639400003,9.987453518000052],[76.18238366000008,10.105658270000049],[76.17750084700003,10.17064036700009],[76.22413170700008,10.196926174000055],[76.24024498800003,10.238959052000041],[76.22282962300005,10.234442450000074],[76.19483483200008,10.26862213700008],[76.20167076900003,10.199693101000037],[76.17058353000004,10.193752346000053],[76.15316816500007,10.22016022300005],[76.05241946700005,10.51398346600007],[76.00806725400008,10.567084052000041],[75.92204837300005,10.765570380000042],[75.94157962300005,10.796210028000075],[75.91114342500003,10.80923086100006],[75.89454186300003,10.849758205000057],[75.83277428500008,11.097845770000049],[75.73080488400007,11.331732489000046],[75.73552493600005,11.371527411000045],[75.72217858200008,11.36749909100007],[75.66480553500008,11.462632554000038],[75.60889733200008,11.484930731000077],[75.50611412900008,11.727240302000041],[75.37973066500007,11.864976304000038],[75.35580488400007,11.85765208500004],[75.32455488400007,11.899115302000041],[75.30762780000003,11.932196356000077],[75.40023847700007,11.92023346600007],[75.38282311300003,11.945502020000049],[75.39340254000007,11.97483958500004],[75.34913170700008,11.94757721600007],[75.30225670700008,11.966050523000092],[75.28109785200007,12.010646877000056],[75.32976321700005,12.012640692000048],[75.30420983200008,12.043158270000049],[75.26433353000004,12.013332424000055],[75.27670332100007,11.96743398600006],[75.22217858200008,12.022040106000077],[75.20850670700008,12.008368231000077],[75.19369550900007,12.022284247000073],[75.13086998800003,12.207831122000073],[75.13965905000003,12.248602606000077],[75.10547936300003,12.221258856000077],[75.08285566500007,12.305894273000092],[74.99203535200007,12.461737372000073],[74.85572350400008,12.759426174000055],[74.85230553500008,12.797308661000045],[74.82764733200008,12.824652411000045],[74.82496178500008,12.83820221600007],[74.85914147200003,12.824611721000053],[74.94092858200008,12.878607489000046],[74.81755618600005,12.861761786000045],[74.77027428500008,13.052435614000046],[74.78337649800005,13.084662177000041],[74.68946373800003,13.38157786700009],[74.68091881600003,13.468247789000088],[74.69369550900007,13.415269273000092],[74.70826256600003,13.413031317000048],[74.66667728000004,13.632757880000042],[74.73560631600003,13.653794664000088],[74.71290123800003,13.656195380000042],[74.68832441500007,13.685939846000053],[74.70142662900008,13.69476959800005],[74.68775475400008,13.711818752000056],[74.66049238400007,13.66006094000005],[74.61459394600007,13.835516669000071],[74.49537194100003,14.030585028000075],[74.46745853000004,14.181382554000038],[74.42904707100007,14.240423895000049],[74.43336022200003,14.263373114000046],[74.50896243600005,14.25031159100007],[74.41537519600007,14.30109284100007],[74.35189863400007,14.530218817000048],[74.38884524800005,14.462713934000078],[74.40723717500003,14.46198151200008],[74.40113366000008,14.479722398000092],[74.42774498800003,14.476263739000046],[74.37240644600007,14.530218817000048],[74.37924238400007,14.544582424000055],[74.35873457100007,14.544582424000055],[74.35873457100007,14.571234442000048],[74.34294681100005,14.563666083000044],[74.33904056100005,14.523993231000077],[74.30054772200003,14.527411200000074],[74.29517662900008,14.587307033000059],[74.33904056100005,14.612779039000088],[74.27588951900003,14.610174872000073],[74.25294030000003,14.718939520000049],[74.22046959700003,14.738104559000078],[74.19434655000003,14.71580638200004],[74.17383873800003,14.749945380000042],[74.15333092500003,14.749945380000042],[74.09644616000008,14.793361721000053],[74.09131920700008,14.811428127000056],[74.10914147200003,14.80263906500005],[74.11866295700008,14.831854559000078],[74.14047285200007,14.838771877000056],[74.15951582100007,14.825669664000088],[74.17896569100003,14.856268622000073],[74.23308353000004,14.864569403000075],[74.23519941500007,14.876532294000071],[74.20801842500003,14.900824286000045],[74.11182701900003,14.846177476000037],[74.09115644600007,14.887600002000056],[74.03598066500007,14.921291408000059],[74.03126061300003,14.995306708000044],[73.99577884200005,15.010687567000048],[73.96436608200008,15.064642645000049],[73.91309655000003,15.078924872000073],[73.92896569100003,15.120591539000088],[73.96216881600003,15.152044989000046],[73.94727623800003,15.160834052000041],[73.89128665500004,15.34320709800005],[73.82740319100003,15.365179755000042],[73.78288821700005,15.407904364000046],[73.89958743600005,15.407904364000046],[73.93336022200003,15.395412502000056],[73.95411217500003,15.36627838700008],[73.96778405000003,15.37376536700009],[73.92758222700007,15.417385158000059],[73.84156334700003,15.448879299000055],[73.79639733200008,15.448879299000055],[73.81755618600005,15.496649481000077],[73.87224368600005,15.510931708000044],[73.85954837300005,15.521144924000055],[73.86597741000008,15.537583726000037],[73.78638756600003,15.49217357000009],[73.76628665500004,15.497259833000044],[73.73682701900003,15.57172272300005],[73.76042728000004,15.632025458000044],[73.83814537900008,15.66111888200004],[73.78386478000004,15.659125067000048],[73.72828209700003,15.619574286000045],[73.71827233200008,15.627142645000049],[73.68588300900007,15.704291083000044],[73.70085696700005,15.723211981000077],[73.64625084700003,15.736883856000077],[73.64625084700003,15.792141018000052],[73.60466556100005,15.88084544500009],[73.49097741000008,15.993475653000075],[73.48731530000003,16.014227606000077],[73.51596113400007,16.02484772300005],[73.48389733200008,16.028225002000056],[73.44703209700003,16.068915106000077],[73.46070397200003,16.086330471000053],[73.46338951900003,16.15957265800006],[73.48796634200005,16.18935781500005],[73.45281009200005,16.166571356000077],[73.44703209700003,16.11359284100007],[73.43523196700005,16.21784088700008],[73.41358483200008,16.223944403000075],[73.37867272200003,16.35691966400009],[73.35824629000007,16.36749909100007],[73.38493899800005,16.401597398000092],[73.34131920700008,16.432074286000045],[73.30298912900008,16.533026434000078],[73.30730228000004,16.56317780200004],[73.34400475400008,16.523586330000057],[73.37867272200003,16.51829661700009],[73.35084069100003,16.53815338700008],[73.37126712300005,16.55927155200004],[73.33643639400003,16.565619208000044],[73.31462649800005,16.599432684000078],[73.35824629000007,16.62067291900007],[73.36304772200003,16.596828518000052],[73.37126712300005,16.610174872000073],[73.35425866000008,16.63467031500005],[73.32349694100003,16.62067291900007],[73.31218509200005,16.64472077000005],[73.32162519600007,16.69245026200008],[73.28956139400003,16.74022044500009],[73.30372155000003,16.81313711100006],[73.28663170700008,16.820868231000077],[73.26937910200007,16.87563711100006],[73.27051842500003,16.945013739000046],[73.28939863400007,16.98383209800005],[73.25456790500004,17.006740627000056],[73.25123131600003,17.032171942000048],[73.25896243600005,17.044094143000052],[73.26937910200007,17.031642971000053],[73.27572675900007,17.078599351000037],[73.23601321700005,17.22060781500005],[73.18702233200008,17.305975653000075],[73.23121178500008,17.27928294500009],[73.24903405000003,17.284857489000046],[73.17058353000004,17.38971588700008],[73.18067467500003,17.477687893000052],[73.12598717500003,17.55654531500005],[73.20069420700008,17.586493231000077],[73.13917076900003,17.600775458000044],[73.12134850400008,17.62641022300005],[73.12614993600005,17.655422268000052],[73.10547936300003,17.68891022300005],[73.12330162900008,17.73578522300005],[73.01856530000003,17.951727606000077],[73.03541100400008,17.991848049000055],[73.00521894600007,18.01235586100006],[73.04346764400003,18.066961981000077],[73.00879967500003,18.039007880000042],[72.98731530000003,18.066555080000057],[72.96729576900003,18.19599030200004],[72.95484459700003,18.21751536700009],[72.92693118600005,18.223944403000075],[72.93995201900003,18.286037502000056],[72.97266686300003,18.244696356000077],[73.05095462300005,18.227484442000048],[73.05746504000007,18.185614325000074],[73.07154381600003,18.20408763200004],[73.07154381600003,18.27301666900007],[72.97738691500007,18.295070705000057],[72.97478274800005,18.32758209800005],[72.91260826900003,18.361151434000078],[72.89144941500007,18.429388739000046],[72.89576256600003,18.50299713700008],[72.92465254000007,18.535630601000037],[72.94678795700008,18.532416083000044],[73.00879967500003,18.450506903000075],[73.01498457100007,18.469956773000092],[72.98878014400003,18.489935614000046],[72.96029707100007,18.55467357000009],[72.91016686300003,18.558986721000053],[72.86451256600003,18.648911851000037],[72.85173587300005,18.719671942000048],[72.86557050900007,18.799383856000077],[72.91260826900003,18.799994208000044],[72.92693118600005,18.826646226000037],[72.97478274800005,18.77948639500005],[72.96957441500007,18.746975002000056],[72.99512780000003,18.731024481000077],[72.99170983200008,18.779364325000074],[73.01628665500004,18.813625393000052],[72.98129316500007,18.83270905200004],[72.98170006600003,18.871486721000053],[72.94613691500007,18.858303127000056],[72.89682050900007,18.894476630000042],[72.91260826900003,18.923488674000055],[72.92807050900007,18.911363023000035],[72.93677819100003,18.947414455000057],[72.97722415500004,18.948431708000044],[72.98829186300003,18.96442291900007],[72.95362389400003,18.971258856000077],[73.04664147200003,18.99518463700008],[73.05681399800005,19.015326239000046],[72.98829186300003,18.998602606000077],[72.99187259200005,19.067206122000073],[72.96729576900003,19.091009833000044],[72.97478274800005,19.16307200700004],[72.93555748800003,19.115057684000078],[72.93425540500004,19.034084377000056],[72.89144941500007,18.99176666900007],[72.88526451900003,19.025864976000037],[72.86931399800005,19.011419989000046],[72.82129967500003,18.90330638200004],[72.80274498800003,18.909816799000055],[72.80274498800003,18.957586981000077],[72.77540123800003,18.93650950700004],[72.77035566500007,18.948187567000048],[72.80241946700005,18.999660549000055],[72.80274498800003,19.040187893000052],[72.81706790500004,19.03270091400009],[72.82422936300003,19.053534247000073],[72.80958092500003,19.066839911000045],[72.82309004000007,19.10846588700008],[72.80958092500003,19.146307684000078],[72.82309004000007,19.169256903000075],[72.81120853000004,19.175523179000038],[72.79216556100005,19.150458075000074],[72.78158613400007,19.15965403900009],[72.83008873800003,19.252427476000037],[72.81511478000004,19.253648179000038],[72.77540123800003,19.20465729400007],[72.78541100400008,19.31391022300005],[72.86703535200007,19.316799221000053],[72.90056399800005,19.290757554000038],[72.97266686300003,19.29368724200009],[73.02662194100003,19.205511786000045],[73.04965254000007,19.217718817000048],[72.98780358200008,19.30068594000005],[72.89893639400003,19.307033596000053],[72.83692467500003,19.348049221000053],[72.80209394600007,19.33193594000005],[72.76343834700003,19.380194403000075],[72.75440514400003,19.481756903000075],[72.87916100400008,19.532375393000052],[72.85670006600003,19.54132721600007],[72.79590905000003,19.52680084800005],[72.74195397200003,19.58079661700009],[72.73454837300005,19.546616929000038],[72.75562584700003,19.519354559000078],[72.72250410200007,19.536281643000052],[72.68669681100005,19.72479889500005],[72.70777428500008,19.69745514500005],[72.72641035200007,19.70579661700009],[72.71404056100005,19.745835679000038],[72.73129316500007,19.75458405200004],[72.73275800900007,19.779730536000045],[72.72828209700003,19.79364655200004],[72.67790774800005,19.746568101000037],[72.67986087300005,19.800482489000046],[72.64918053500008,19.851996161000045],[72.66423587300005,19.88157786700009],[72.66521243600005,19.952948309000078],[72.70337975400008,19.99762604400007],[72.71029707100007,20.082912502000056],[72.75562584700003,20.21515534100007],[72.74195397200003,20.225043036000045],[72.74822024800005,20.28034088700008],[72.78158613400007,20.35228099200009],[72.81706790500004,20.375921942000048],[72.82943769600007,20.437933661000045],[72.88648522200003,20.53156159100007],[72.88526451900003,20.619208075000074],[72.90943444100003,20.69867584800005],[72.89893639400003,20.732163804000038],[72.94678795700008,20.759466864000046],[72.91944420700008,20.78742096600007],[72.91944420700008,20.821519273000035],[72.90023847700007,20.79913971600007],[72.88575280000003,20.807114976000037],[72.88013756600003,20.829901434000078],[72.90040123800003,20.868109442000048],[72.83692467500003,20.83584219000005],[72.86491946700005,20.897284247000073],[72.83668053500008,20.92991771000004],[72.88648522200003,20.962103583000044],[72.88843834700003,20.98261139500005],[72.83269290500004,20.972357489000046],[72.77198326900003,21.023871161000045],[72.76685631600003,21.03856028900009],[72.82309004000007,21.03384023600006],[72.84986412900008,21.048000393000052],[72.80958092500003,21.130031643000052],[72.75562584700003,21.10956452000005],[72.74195397200003,21.12323639500005],[72.73454837300005,21.09247467700004],[72.70036868600005,21.074774481000077],[72.72868899800005,21.148098049000055],[72.71404056100005,21.164129950000074],[72.67644290500004,21.153631903000075],[72.67123457100007,21.09979889500005],[72.63786868600005,21.08539459800005],[72.61500084700003,21.105861721000053],[72.63038170700008,21.135972398000035],[72.73454837300005,21.198919989000046],[72.64698326900003,21.253607489000046],[72.64576256600003,21.273382880000042],[72.61841881600003,21.25291575700004],[72.58676191500007,21.34121328300006],[72.64576256600003,21.36277903900009],[72.57886803500008,21.367010809000078],[72.56462649800005,21.38580963700008],[72.63510175900007,21.407456773000035],[72.72828209700003,21.46580638200004],[72.74708092500003,21.452866929000038],[72.73829186300003,21.482855536000045],[72.58366946700005,21.41742584800005],[72.61963951900003,21.48737213700008],[72.77320397200003,21.580511786000045],[72.82309004000007,21.64394765800006],[72.88965905000003,21.64052969000005],[73.11695397200003,21.737250067000048],[73.13200931100005,21.75779857000009],[73.11882571700005,21.76471588700008],[72.92693118600005,21.68496328300006],[72.85816491000008,21.694973049000055],[72.79810631600003,21.673529364000046],[72.61605879000007,21.68545156500005],[72.55030358200008,21.66669342700004],[72.52849368600005,21.695135809000078],[72.56690514400003,21.849351304000038],[72.61841881600003,21.925116278000075],[72.69011478000004,21.938788153000075],[72.73454837300005,21.99404531500005],[72.70777428500008,21.99404531500005],[72.69353274800005,21.972316799000055],[72.62305748800003,21.966620184000078],[72.54273522200003,21.91083405200004],[72.50171959700003,21.97601959800005],[72.53589928500008,22.14052969000005],[72.57545006600003,22.194525458000044],[72.63445071700005,22.21039459800005],[72.74822024800005,22.16404857000009],[72.81226647200003,22.234116929000038],[72.84742272200003,22.24042389500005],[72.89722741000008,22.213039455000057],[72.91602623800003,22.223089911000045],[72.91749108200008,22.271429755000042],[72.81820722700007,22.27342357000009],[72.75660241000008,22.24371979400007],[72.57374108200008,22.288234768000052],[72.46615644600007,22.232570705000057],[72.45484459700003,22.245306708000044],[72.46387780000003,22.26398346600007],[72.41374759200005,22.24632396000004],[72.39185631600003,22.25348541900007],[72.38038170700008,22.31240469000005],[72.40495853000004,22.332953192000048],[72.39722741000008,22.36676666900007],[72.36101321700005,22.343451239000046],[72.32829837300005,22.26072825700004],[72.27515709700003,22.260321356000077],[72.26465905000003,22.29523346600007],[72.24040774800005,22.301906643000052],[72.20850670700008,22.300441799000055],[72.20630944100003,22.273911851000037],[72.14877363400007,22.277899481000077],[72.19068444100003,22.251288153000075],[72.24040774800005,22.288234768000052],[72.23910566500007,22.23891836100006],[72.30648847700007,22.22955963700008],[72.31723066500007,22.184881903000075],[72.30762780000003,22.079006252000056],[72.25766035200007,22.012152411000045],[72.22095787900008,22.010972398000035],[72.21436608200008,21.99404531500005],[72.19988040500004,22.006984768000052],[72.17310631600003,21.97565338700008],[72.13428795700008,22.00458405200004],[72.09701582100007,22.007025458000044],[72.12810306100005,21.983547268000052],[72.11491946700005,21.96938711100006],[72.07650800900007,21.979722398000035],[72.10450280000003,21.95921458500004],[72.10206139400003,21.945054429000038],[72.05518639400003,21.953517971000053],[72.02865644600007,21.938788153000075],[72.10450280000003,21.917669989000046],[72.15650475400008,21.925848700000074],[72.14535566500007,21.91083405200004],[72.16976972700007,21.890448309000078],[72.16944420700008,21.84137604400007],[72.13086998800003,21.846258856000077],[72.05795332100007,21.89874909100007],[72.04932701900003,21.88043854400007],[72.08643639400003,21.865627346000053],[72.10450280000003,21.835760809000078],[72.06283613400007,21.834377346000053],[72.00416100400008,21.85773346600007],[71.99610436300003,21.79950592700004],[72.00147545700008,21.787909247000073],[72.02182050900007,21.80097077000005],[72.02182050900007,21.774318752000056],[72.07390384200005,21.788723049000055],[72.11744225400008,21.776597398000035],[72.16602623800003,21.79393138200004],[72.22380618600005,21.70058828300006],[72.27173912900008,21.69090403900009],[72.29883873800003,21.626288153000075],[72.21989993600005,21.44472890800006],[72.10450280000003,21.315008856000077],[72.11150149800005,21.296087958000044],[72.09083092500003,21.25291575700004],[72.10474694100003,21.20506419500009],[71.99073326900003,21.136379299000055],[71.92628014400003,21.130031643000052],[71.76295006600003,21.03229401200008],[71.71762129000007,21.032049872000073],[71.58350670700008,20.958238023000035],[71.54957116000008,20.951239325000074],[71.56934655000003,20.97919342700004],[71.55111738400007,20.973578192000048],[71.46225019600007,20.885321356000077],[71.31861412900008,20.849310614000046],[71.14063561300009,20.765692450000074],[71.09546959700003,20.763739325000074],[71.06234785200007,20.73895905200004],[71.00766035200007,20.74160390800006],[70.98243248800009,20.710150458000044],[70.84017988400007,20.70189036700009],[70.77458743600005,20.727362372000073],[70.74024498800009,20.718491929000038],[70.54151451900003,20.807847398000035],[70.45142662900008,20.855902411000045],[70.39877363400007,20.903509833000044],[70.33668053500008,20.927069403000075],[70.05444521916755,21.15315547561164],[69.84498131600003,21.389593817000048],[69.80860436300009,21.46580638200004],[69.75635826900003,21.49042389500005],[69.62973066500007,21.616034247000073],[69.56820722700007,21.650132554000038],[69.47852623800009,21.75263092700004],[69.42741946700005,21.78123607000009],[69.39771569100003,21.815252997000073],[69.39087975400008,21.876695054000038],[69.36784915500004,21.85610586100006],[69.33619225400008,21.862453518000052],[69.19841556100005,21.979722398000035],[68.99415123800009,22.203924872000073],[68.94459069100003,22.295070705000057],[68.98324629000007,22.41937897300005],[69.07357832100007,22.48187897300005],[69.08228600400008,22.459540106000077],[69.04818769600007,22.431586005000042],[69.07178795700008,22.39948151200008],[69.14698326900003,22.404852606000077],[69.17855879000007,22.42763906500005],[69.20215905000003,22.414862372000073],[69.16968834700003,22.327948309000078],[69.21208743600005,22.273911851000037],[69.28646894600007,22.28461334800005],[69.35987389400003,22.32916901200008],[69.47966556100005,22.342230536000045],[69.52564537900008,22.39207591400009],[69.51596113400007,22.448146877000056],[69.54786217500003,22.452093817000048],[69.55469811300009,22.37763092700004],[69.61605879000007,22.355902411000045],[69.62973066500007,22.38377513200004],[69.64039147200003,22.37596263200004],[69.66944420700008,22.40924713700008],[69.69939212300005,22.40428294500009],[69.73340905000003,22.48004791900007],[69.79493248800009,22.41860586100006],[69.83326256600003,22.463812567000048],[69.88477623800009,22.473578192000048],[69.97299238400007,22.541449286000045],[70.05909264400003,22.558417059000078],[70.14470462300005,22.547796942000048],[70.17847741000008,22.56195709800005],[70.31910241000008,22.778265692000048],[70.32252037900008,22.822658596000053],[70.37525475400008,22.90265534100007],[70.45337975400008,22.966620184000078],[70.48633873800009,22.963690497000073],[70.50473066500007,22.97955963700008],[70.52849368600005,23.04706452000005],[70.50294030000003,23.104396877000056],[70.46713300900007,23.129706122000073],[70.39877363400007,23.06903717700004],[70.41098066500007,23.023179429000038],[70.39242597700007,22.94086334800005],[70.30347741000008,22.93813711100006],[70.23308353000004,23.000148830000057],[70.22201582100007,22.95917389500005],[70.16309655000003,22.948960679000038],[70.12907962300005,22.969305731000077],[70.13062584700003,22.993963934000078],[70.10954837300005,22.95917389500005],[70.13542728000004,22.92999909100007],[69.83318118600005,22.85846588700008],[69.78012129000007,22.827460028000075],[69.71583092500003,22.746893622000073],[69.58570397200003,22.76117584800005],[69.33814537900008,22.83307526200008],[69.20191491000008,22.85224030200004],[69.03988691500007,22.950506903000075],[68.86622155000003,23.019964911000045],[68.65406334700003,23.15778229400007],[68.64966881600003,23.180853583000044],[68.62256920700008,23.191555080000057],[68.59994550900007,23.225043036000045],[68.59571373800009,23.240383205000057],[68.60938561300009,23.226711330000057],[68.62305748800009,23.267645575000074],[68.55225670700008,23.259711005000042],[68.54102623800009,23.278225002000056],[68.56104576900003,23.316107489000046],[68.60303795700008,23.332831122000073],[68.56104576900003,23.36391836100006],[68.52068118600005,23.369208075000074],[68.51514733200008,23.399318752000056],[68.54102623800009,23.41168854400007],[68.53012129000007,23.42568594000005],[68.47535241000008,23.404852606000077],[68.45883222700007,23.41982656500005],[68.46550540500004,23.445786851000037],[68.44044030000003,23.43427155200004],[68.42367597700007,23.445786851000037],[68.44743899800005,23.487453518000052],[68.48585045700008,23.514105536000045],[68.48129316500007,23.525132554000038],[68.45866946700005,23.52147044500009],[68.43734785200007,23.54881419500009],[68.44695071700005,23.50299713700008],[68.41163170700008,23.494696356000077],[68.40609785200007,23.508734442000048],[68.40886478000004,23.62132396000004],[68.42750084700003,23.631415106000077],[68.49146569100003,23.618841864000046],[68.49268639400003,23.637600002000056],[68.46876061300009,23.64081452000005],[68.46941165500004,23.65924713700008],[68.53353925900007,23.67918528900009],[68.58350670700008,23.735296942000048],[68.63786868600005,23.761542059000078],[68.67074629000007,23.815741278000075],[68.72559655000003,23.818915106000077],[68.82162519600007,23.87840403900009],[68.76693769600007,23.87840403900009],[68.71778405000003,23.841009833000044],[68.63347415500004,23.83307526200008],[68.59888756600003,23.78188711100006],[68.42774498800009,23.71430084800005],[68.34197024800005,23.623968817000048],[68.34888756600003,23.60342031500005],[68.31763756600003,23.58612702000005],[68.18140709700003,23.59406159100007],[68.14340254000007,23.61269765800006],[68.19809004000007,23.659084377000056],[68.23267662900008,23.645005601000037],[68.27588951900003,23.665838934000078],[68.28044681100005,23.685980536000045],[68.24097741000008,23.67401764500005],[68.20875084700003,23.696234442000048],[68.19776451900003,23.77480703300006],[68.16814212300005,23.74746328300006],[68.18311608200008,23.843451239000046],[68.15748131600003,23.905096747000073],[68.17058353000004,23.839911200000074],[68.14332116000008,23.76113515800006],[68.14909915500004,23.694525458000044],[68.10222415500004,23.73383209800005],[68.09888756600003,23.70929596600007],[68.06275475400008,23.723130601000037],[68.05388431100005,23.74371979400007],[68.07439212300005,23.764837958000044],[68.08171634200005,23.80565013200004],[68.10222415500004,23.815741278000075],[68.05941816500007,23.861883856000077],[68.06373131600003,23.923163153000075],[68.01351972700007,23.939276434000078],[68.05388431100005,23.829413153000075],[68.01351972700007,23.76854075700004],[67.99415123800009,23.81118398600006],[67.95085696700005,23.80890534100007],[67.93425540500004,23.83299388200004],[67.90992272200003,23.83624909100007],[67.89991295700008,23.867580471000053],[67.86890709700003,23.850490627000056],[67.85523522200003,23.911932684000078],[67.83171634200005,23.809515692000048],[67.71859785200007,23.843695380000042],[67.74366295700008,23.80878327000005],[67.71566816500007,23.79169342700004],[67.63160241000008,23.80345286700009],[67.65040123800009,23.93305084800005],[67.63738040500004,23.874253648000035],[67.61451256600003,23.850083726000037],[67.58936608200008,23.866522528000075],[67.58838951900003,23.88467031500005],[67.57455488400007,23.87177155200004],[67.54664147200003,23.898260809000078],[67.53012129000007,23.89126211100006],[67.54664147200003,23.87099844000005],[67.47852623800009,23.891506252000056],[67.51254316500007,23.898260809000078],[67.54053795700008,23.939276434000078],[67.49887129000007,23.925604559000078],[67.50635826900003,23.97402578300006],[67.45118248800009,23.98769765800006],[67.47820071700005,24.032416083000044],[67.51986738400007,24.045070705000057],[67.53305097700007,24.070257880000042],[67.50977623800009,24.052069403000075],[67.35401451900003,24.070868231000077],[67.34131920700008,24.086371161000045],[67.27914472700007,24.28123607000009],[67.29281660200007,24.30296458500004],[67.28598066500007,24.32957591400009],[67.36247806100005,24.34393952000005],[67.27165774800005,24.369086005000042],[67.28663170700008,24.439520575000074],[67.25879967500003,24.419094143000052],[67.24683678500008,24.467962958000044],[67.21094811300009,24.50844961100006],[67.23080488400007,24.525091864000046],[67.19459069100003,24.547267971000053],[67.18360436300009,24.590318101000037],[67.25261478000004,24.590318101000037],[67.20899498800009,24.613755601000037],[67.15211022200003,24.615708726000037],[67.17554772200003,24.688706773000035],[67.25554446700005,24.747992255000042],[67.23267662900008,24.770738023000035],[67.16732832100007,24.760158596000053],[67.13965905000003,24.803290106000077],[67.08122806100005,24.803290106000077],[67.08253014400003,24.77415599200009],[66.96509850400008,24.843573309000078],[66.96509850400008,24.81004466400009],[66.88209069100003,24.85101959800005],[66.65414472700007,24.839178778000075],[66.65674889400003,24.858710028000075],[66.70443769600007,24.89203522300005],[66.68132571700005,24.910549221000053],[66.68132571700005,24.948879299000055],[66.69955488400007,25.085272528000075],[66.73715254000007,25.18109772300005],[66.71021569100003,25.23924388200004],[66.54786217500003,25.365627346000053],[66.55372155000003,25.38544342700004],[66.57927493600005,25.379380601000037],[66.58708743600005,25.426214911000045],[66.55054772200003,25.457098700000074],[66.53101647200003,25.518133856000077],[66.49284915500004,25.518052476000037],[66.43702233200008,25.597723700000074],[66.38770592500003,25.59243398600006],[66.37256920700008,25.603908596000053],[66.37549889400003,25.62567780200004],[66.33855228000004,25.60809967700004],[66.25814863400007,25.61200592700004],[66.20394941500007,25.59320709800005],[66.09441165500004,25.47483958500004],[66.21306399800005,25.491359768000052],[66.25879967500003,25.52484772300005],[66.25814863400007,25.543117580000057],[66.33643639400003,25.55337148600006],[66.42318769600007,25.481024481000077],[66.45622806100005,25.496039130000042],[66.49219811300009,25.481024481000077],[66.45753014400003,25.45376211100006],[66.51156660200007,25.414211330000057],[66.49838300900007,25.398504950000074],[66.35954837300005,25.465236721000053],[66.25180097700007,25.47288646000004],[66.15919030000003,25.446926174000055],[65.85840905000003,25.41754791900007],[65.65211022200003,25.34446849200009],[65.46778405000003,25.38544342700004],[65.38233483200008,25.371161200000074],[65.39535566500007,25.392279364000046],[65.29232832100007,25.364976304000038],[65.25977623800009,25.38043854400007],[65.23226972700007,25.37067291900007],[65.18799889400003,25.311021226000037],[65.15528405000003,25.296087958000044],[64.92066491000008,25.327053127000056],[64.74439537900008,25.324042059000078],[64.69597415500004,25.29759349200009],[64.66863040500004,25.255113023000035],[64.66863040500004,25.206732489000046],[64.71021569100003,25.179388739000046],[64.65503991000008,25.165716864000046],[64.60035241000008,25.173163153000075],[64.62769616000008,25.228461005000042],[64.56544030000003,25.27024974200009],[64.51840254000007,25.27558014500005],[64.49203535200007,25.24567291900007],[64.43930097700007,25.23460521000004],[64.36068769600007,25.283026434000078],[64.26579837300005,25.298651434000078],[64.24463951900003,25.31659577000005],[64.09449303500008,25.335882880000042],[64.10694420700008,25.38544342700004],[64.08350670700008,25.403509833000044],[64.08375084700003,25.42674388200004],[64.14087975400008,25.428859768000052],[64.15528405000003,25.446926174000055],[64.04542076900003,25.450344143000052],[63.976573113000086,25.41278717700004],[63.997080925000034,25.419623114000046],[64.01172936300009,25.397284247000073],[64.04883873800009,25.416489976000037],[64.07960045700008,25.364976304000038],[64.05974368600005,25.344549872000073],[63.944102410000085,25.334906317000048],[63.73780358200008,25.385321356000077],[63.57252037900008,25.364976304000038],[63.49577884200005,25.291408596000053],[63.469493035000085,25.28925202000005],[63.51872806100005,25.220851955000057],[63.50049889400003,25.19367096600007],[63.411143425000034,25.222479559000078],[63.30811608200008,25.220363674000055],[63.14405358200008,25.260931708000044],[63.02784264400003,25.220363674000055],[62.770518425000034,25.26190827000005],[62.477178930000036,25.259063576000074],[62.46762129000007,25.223537502000056],[62.48943118600005,25.214178778000075],[62.41382897200003,25.20652903900009],[62.34310957100007,25.155462958000044],[62.33912194100003,25.124741929000038],[62.38724312900007,25.101574720000087],[62.38105164800004,25.08757219800009],[62.25605540600009,25.098627452000073],[62.31527754000007,25.130194403000075],[62.297479277000036,25.185132715000066],[62.254221821000044,25.21203210100009],[62.145192905000044,25.218410549000055],[62.08003090800008,25.197152448000054],[62.05898864100004,25.161635844000045],[62.09717858200008,25.107123114000046],[61.88111412900008,25.10301341400009],[61.84734134200005,25.037909247000073],[61.75486833000008,25.013467337000066],[61.720064069000045,25.037436401000036],[61.732432488000086,25.091620184000078],[61.78012129000007,25.162543036000045],[61.77955162900008,25.191066799000055],[61.74952233200008,25.173163153000075],[61.69418379000007,25.200506903000075],[61.588226759000065,25.202093817000048],[61.55445397200003,25.25409577000005],[61.53728274800005,25.220363674000055],[61.55836022200003,25.200506903000075],[61.504242384000065,25.208807684000078],[61.48259524800005,25.19367096600007],[61.524180535000085,25.173163153000075],[61.48951256600003,25.11859772300005],[61.420583530000044,25.096869208000044],[61.43506920700008,25.087713934000078],[61.41171650300004,25.059408165000036],[61.18506823800004,25.123249171000055],[61.17026860900006,25.164440118000073],[61.03060957100007,25.209784247000073],[60.633474155000044,25.27496979400007],[60.61695397200003,25.28318919500009],[60.63233483200008,25.296087958000044],[60.608164910000085,25.32758209800005],[60.601573113000086,25.405951239000046],[60.54965254000007,25.446926174000055],[60.445648634000065,25.428168036000045],[60.395274285000085,25.377875067000048],[60.40202884200005,25.344671942000048],[60.43767337300005,25.333929755000042],[60.46724586900007,25.29027590600009],[60.36255944100009,25.330552476000037],[60.31922334500007,25.329851431000066],[60.29029381600009,25.351304429000038],[60.30396569100009,25.371161200000074],[60.27125084700003,25.37958405200004],[60.201508009000065,25.371161200000074],[60.19255618600005,25.35614655200004],[60.21597377000006,25.338280241000064],[60.20920955000008,25.319688555000084],[60.181976759000065,25.31989166900007],[60.08203819300007,25.365949817000057],[59.94082283800003,25.354911352000045],[59.90380595600004,25.32986334900005],[59.77487302600008,25.389868583000066],[59.61399704300004,25.38377666000008],[59.53798983300004,25.399749989000043],[59.5,25.434679765332863],[59.5,26.5],[95.5,26.5],[95.5,15.787381475284]]],[[[59.506846550000034,22.600083726000037],[59.535492384000065,22.58307526200008],[59.53044681100005,22.570054429000038],[59.515635613000086,22.57558828300006],[59.52312259200005,22.555121161000045],[59.62680097700007,22.579820054000038],[59.69385826900003,22.541449286000045],[59.72120201900003,22.541449286000045],[59.72803795700008,22.507635809000078],[59.746104363000086,22.49559153900009],[59.76254316500007,22.498602606000077],[59.74577884200005,22.538234768000052],[59.80323326900003,22.53473541900007],[59.84457441500007,22.445257880000042],[59.81177819100009,22.23737213700008],[59.734711134000065,22.123114325000074],[59.688161655000044,22.08270905200004],[59.645274285000085,21.925848700000074],[59.60564212300005,21.910223700000074],[59.5,21.758993474180986],[59.506846550000034,22.600083726000037]]],[[[95.5,4.741976319009009],[95.42628014400003,4.827337958000044],[95.34888756600003,5.037502346000053],[95.27979576900003,5.12250397300005],[95.29916425900007,5.150336005000042],[95.29127037900008,5.191636460000041],[95.24870853000004,5.231024481000077],[95.23194420700003,5.282294012000079],[95.19898522200003,5.292873440000051],[95.25359134200005,5.41156647300005],[95.23194420700003,5.4507510440000715],[95.24545332100007,5.4605166690000715],[95.19727623800003,5.546372789000088],[95.21273847700007,5.573146877000056],[95.27979576900003,5.574367580000057],[95.43189537900008,5.654689846000053],[95.5,5.607432814083811],[95.5,4.741976319009009]]],[[[90.76694021600008,22.51753139100009],[90.85502409100008,22.43466514000005],[90.83502200900006,22.339615964000075],[90.82789147200003,22.152411200000074],[90.77475019600007,22.075913804000038],[90.75733483200008,22.061672268000052],[90.75001061300003,22.075995184000078],[90.69166100400008,22.007025458000044],[90.64747155000003,21.99404531500005],[90.63941491000003,22.016099351000037],[90.68181399800005,22.10260651200008],[90.62598717500003,22.027167059000078],[90.61003665500004,22.02411530200004],[90.60352623800003,22.04401276200008],[90.63331139400003,22.123114325000074],[90.62224368600005,22.145086981000077],[90.63184655000003,22.182114976000037],[90.67847741000003,22.28278229400007],[90.68799889400003,22.37763092700004],[90.64747155000003,22.54828522300005],[90.55876712300005,22.60293203300006],[90.55632571700005,22.674709377000056],[90.58545983200008,22.768052476000037],[90.65056399800005,22.78742096600007],[90.68409525200008,22.694372801000043],[90.74697855800008,22.59690680300008],[90.76694021600008,22.51753139100009]]]]},"bbox":[59.5,4.741976319009009,95.5,26.5]},{"id":"2","type":"Feature","properties":{},"geometry":{"type":"MultiPolygon","coordinates":[[[[95.35132897200003,5.88703034100007],[95.38282311300003,5.841864325000074],[95.38282311300003,5.807074286000045],[95.35547936300003,5.82758209800005],[95.35043379000007,5.783636786000045],[95.32032311300003,5.780747789000088],[95.27295983200003,5.807074286000045],[95.21461022200003,5.910101630000042],[95.24781334700003,5.905218817000048],[95.28386478000004,5.857407945000091],[95.32496178500003,5.8980166690000715],[95.35132897200003,5.88703034100007]]],[[[93.73438561300003,7.350816148000092],[93.64421634200005,7.257513739000046],[93.61793053500003,7.259955145000049],[93.59400475400008,7.31476471600007],[93.61670983200008,7.367254950000074],[93.66724694100003,7.382757880000042],[93.69695071700005,7.445054429000038],[93.69947350400008,7.39874909100007],[93.73438561300003,7.350816148000092]]],[[[93.43311608200008,7.954291083000044],[93.45980879000007,7.91079336100006],[93.45443769600007,7.869289455000057],[93.42123457100007,7.891791083000044],[93.35425866000003,7.883286851000037],[93.34034264400003,7.901271877000056],[93.34815514400003,7.924872137000079],[93.31364993600005,7.929185289000088],[93.30502363400007,7.9499372420000896],[93.32260175900007,8.002101955000057],[93.37029056100005,8.017320054000038],[93.39136803500003,8.015570380000042],[93.40121504000007,7.967962958000044],[93.43311608200008,7.954291083000044]]],[[[93.53760826900003,8.057318427000041],[93.48438561300003,7.991888739000046],[93.48080488400007,8.040513414000088],[93.51693769600007,8.063299872000073],[93.49781334700003,8.082505601000037],[93.49219811300003,8.063625393000052],[93.46631920700008,8.074408270000049],[93.44662519600007,8.154364325000074],[93.48585045700008,8.220119533000059],[93.50464928500003,8.226996161000045],[93.53166751400005,8.21320221600007],[93.50521894600007,8.147040106000077],[93.53760826900003,8.057318427000041]]],[[[94.66749108200003,16.171942450000074],[94.62964928500003,16.07518138200004],[94.56959069100003,16.005194403000075],[94.47803795700003,15.966131903000075],[94.47836347700007,15.942328192000048],[94.40267988400007,15.839260158000059],[94.41724694100003,15.871771552000041],[94.38233483200003,15.969631252000056],[94.38965905000003,16.000921942000048],[94.48536217500003,16.058986721000053],[94.51880944100003,16.120428778000075],[94.64283287900008,16.24551015800006],[94.66211998800003,16.221869208000044],[94.66749108200003,16.171942450000074]]],[[[93.74244225400008,18.872300523000035],[93.75603274800005,18.73151276200008],[93.73194420700008,18.68968333500004],[93.69312584700003,18.673773505000042],[93.64527428500003,18.679348049000055],[93.49781334700003,18.84088776200008],[93.48414147200003,18.87498607000009],[93.57715905000003,18.88190338700008],[93.62175540500004,18.91034577000005],[93.66334069100003,18.873195705000057],[93.74244225400008,18.872300523000035]]],[[[93.97364342500003,19.402736721000053],[93.96583092500003,19.363023179000038],[93.89893639400003,19.303290106000077],[93.87517337300005,19.31391022300005],[93.86491946700005,19.282863674000055],[93.80274498800003,19.276678778000075],[93.74984785200007,19.333319403000075],[93.72535241000003,19.386867580000057],[93.73047936300003,19.419256903000075],[93.66911868600005,19.446478583000044],[93.64177493600005,19.492010809000078],[93.68816165500004,19.559475002000056],[93.72364342500003,19.556382554000038],[93.81999759200005,19.471502997000073],[93.88021894600007,19.47919342700004],[93.95622806100005,19.432521877000056],[93.97364342500003,19.402736721000053]]],[[[93.49878991000003,19.88703034100007],[93.51197350400008,19.745835679000038],[93.44068444100003,19.810939846000053],[93.40284264400003,19.953070380000042],[93.44263756600003,19.93813711100006],[93.49878991000003,19.88703034100007]]],[[[92.95289147200003,20.063055731000077],[93.01465905000003,19.905585028000075],[93.02491295700008,19.827826239000046],[93.00123131600003,19.906642971000053],[92.90943444100003,20.06509023600006],[92.91684004000007,20.08893463700008],[92.95289147200003,20.063055731000077]]],[[[91.93873131600003,21.71482982000009],[91.98389733200008,21.609198309000078],[91.97022545700008,21.523586330000057],[91.96111087300005,21.50617096600007],[91.89454186300003,21.506781317000048],[91.89966881600003,21.486029364000046],[91.87712649800005,21.481024481000077],[91.85523522200003,21.519476630000042],[91.87403405000003,21.581854559000078],[91.84791100400008,21.688788153000075],[91.85352623800003,21.725816148000035],[91.87232506600003,21.754828192000048],[91.89795983200008,21.743312893000052],[91.88770592500003,21.68496328300006],[91.90951582100007,21.72679271000004],[91.90121504000007,21.774318752000056],[91.93555748800003,21.78115469000005],[91.93873131600003,21.71482982000009]]],[[[91.12689879300007,22.37486481800005],[91.18140709700003,22.283596096000053],[91.18678466200004,22.22775746500008],[91.17057633900004,22.197170808000067],[91.14146765000004,22.146201361000067],[91.08240771900006,22.10138252300004],[91.02247155000003,22.094875393000052],[91.00511111500003,22.116821943000048],[91.05909264400003,22.19204336100006],[91.07480066300008,22.38858982700009],[91.12689879300007,22.37486481800005]]],[[[91.55636062500008,22.478210170000068],[91.55517907800004,22.402031244000057],[91.50751921700004,22.396796588000086],[91.47605216500006,22.413317257000074],[91.42378639900005,22.525301950000085],[91.44676458700008,22.57630398300006],[91.46755661400005,22.58630965100008],[91.55636062500008,22.478210170000068]]]]},"bbox":[91.00511111500003,5.780747789000088,95.38282311300003,22.58630965100008]},{"id":"4","type":"Feature","properties":{},"geometry":{"type":"MultiPolygon","coordinates":[[[[73.04835045700008,8.26756419500009],[73.08399498800003,8.30849844000005],[73.05665123800003,8.25999583500004],[73.02409915500004,8.255438544000071],[73.02247155000003,8.274359442000048],[73.02930748800003,8.25999583500004],[73.04835045700008,8.26756419500009]]],[[[93.10401451900003,8.275580145000049],[93.17628014400003,8.21287669500009],[93.16732832100007,8.20453522300005],[93.10254967500003,8.221502997000073],[93.08155358200008,8.242377020000049],[93.05958092500003,8.291408596000053],[93.06983483200008,8.346625067000048],[93.09506269600007,8.355169989000046],[93.10401451900003,8.275580145000049]]],[[[79.70297285200007,9.07998281500005],[79.70118248800003,9.099188544000071],[79.75879967500003,9.103583075000074],[79.84164472700007,9.07721588700008],[79.91643313900005,9.02102285400008],[79.85434004000007,9.041489976000037],[79.90967858200008,8.973211981000077],[79.88575280000003,8.976223049000055],[79.79981530000003,9.048976955000057],[79.70297285200007,9.07998281500005]]],[[[92.83384929400006,9.202359329000046],[92.83198132300004,9.145025417000056],[92.79956466200008,9.110154001000069],[92.73121178500003,9.13084544500009],[92.72022545700008,9.14712148600006],[92.70850670700008,9.201605536000045],[92.74512780000003,9.229071356000077],[92.75098717500003,9.261216539000088],[92.77271569100003,9.25922272300005],[92.83384929400006,9.202359329000046]]],[[[79.89584394600007,9.61749909100007],[79.84066816500007,9.699408270000049],[79.86052493600005,9.756252346000053],[79.88233483200008,9.760891018000052],[79.89405358200008,9.757391669000071],[79.89470462300005,9.688177802000041],[79.92644290500004,9.678941148000092],[79.93360436300003,9.654730536000045],[79.97787519600007,9.624335028000075],[79.89584394600007,9.61749909100007]]],[[[92.67969811300003,11.429388739000046],[92.69988040500004,11.384426174000055],[92.64600670700008,11.359076239000046],[92.59351647200003,11.37836334800005],[92.60084069100003,11.406317450000074],[92.63721764400003,11.430161851000037],[92.63559004000007,11.50804271000004],[92.67505944100003,11.490423895000049],[92.69629967500003,11.454413153000075],[92.67969811300003,11.429388739000046]]],[[[93.01465905000003,12.037176825000074],[93.06641686300003,11.899115302000041],[93.04932701900003,11.896144924000055],[93.02491295700008,11.940130927000041],[92.94703209700003,11.98969147300005],[92.98072350400008,12.036322333000044],[93.01465905000003,12.037176825000074]]],[[[92.73747806100005,12.961737372000073],[92.72437584700003,12.872381903000075],[92.68279056100005,12.797308661000045],[92.67025800900007,12.867661851000037],[92.68279056100005,12.961737372000073],[92.70834394600007,12.988674221000053],[92.73747806100005,12.961737372000073]]],[[[94.82325280000003,15.945786851000037],[94.84156334700003,15.877427476000037],[94.80372155000003,15.796576239000046],[94.72486412900008,15.81195709800005],[94.82325280000003,15.945786851000037]]],[[[91.88445071700005,21.85028717700004],[91.84107506600003,21.73541901200008],[91.83253014400003,21.725816148000035],[91.83253014400003,21.876695054000038],[91.86719811300003,21.93195221600007],[91.88445071700005,21.85028717700004]]],[[[90.64161217500003,22.952297268000052],[90.66732832100007,22.91819896000004],[90.62712649800005,22.925034898000035],[90.58871504000007,22.962062893000052],[90.52409915500004,22.95302969000005],[90.50806725400008,22.975775458000044],[90.52800540500004,23.007635809000078],[90.58619225400008,23.034898179000038],[90.66732832100007,22.95917389500005],[90.64161217500003,22.952297268000052]]],[[[72.77035566500007,11.203640041000085],[72.79558353000004,11.257228908000059],[72.77540123800003,11.18659088700008],[72.77035566500007,11.203640041000085]]],[[[73.55288301214804,4.236798811854472],[73.53817420541161,4.183312241903804],[73.51089134292747,4.162087459716128],[73.43120106551027,4.1846494061525705],[73.51201489529225,4.186300883534724],[73.5332712698328,4.23100443344315],[73.55288301214804,4.236798811854472]]]]},"bbox":[72.77035566500007,4.162087459716128,94.84156334700003,23.034898179000038]},{"id":"6","type":"Feature","properties":{},"geometry":{"type":"Polygon","coordinates":[[[81.88070722700007,7.327093817000048],[81.88461347700007,6.980169989000046],[81.83155358200008,6.765366929000038],[81.77979576900003,6.6636416690000715],[81.77564537900008,6.610419012000079],[81.68148847700007,6.462144273000092],[81.32496178500008,6.20538971600007],[81.20435631600003,6.16274648600006],[81.18767337300005,6.181586005000042],[81.17644290500004,6.150376695000091],[81.11255944100003,6.120306708000044],[80.90267988400007,6.0707868510000935],[80.86231530000003,6.039862372000073],[80.80909264400003,6.035101630000042],[80.71436608200008,5.957912502000056],[80.65626061300003,5.957912502000056],[80.59083092500003,5.923732815000051],[80.53956139400003,5.944281317000048],[80.46517988400007,5.940659898000092],[80.44402103000004,5.970933335000041],[80.41195722700007,5.959947007000039],[80.35840905000003,5.978420315000051],[80.34099368600005,5.970933335000041],[80.20386803500008,6.026190497000073],[80.09400475400008,6.1360537780000755],[80.03199303500008,6.2663434920000896],[80.01205488400007,6.361314195000091],[79.96420332100007,6.471869208000044],[79.97787519600007,6.478705145000049],[79.96957441500007,6.535345770000049],[79.86304772200003,6.807196356000077],[79.84815514400003,6.8902041690000715],[79.86158287900008,7.011867580000057],[79.81373131600003,7.180731512000079],[79.82032311300003,7.205511786000045],[79.84815514400003,7.122951565000051],[79.86158287900008,7.16742584800005],[79.82634524800005,7.21039459800005],[79.83383222700007,7.232814846000053],[79.77857506600003,7.602728583000044],[79.79297936300003,7.602728583000044],[79.80201256600003,7.659328518000052],[79.69678795700008,8.09829336100006],[79.70720462300005,8.142075914000088],[79.69678795700008,8.21906159100007],[79.72877037900008,8.249701239000046],[79.77857506600003,8.350043036000045],[79.74447675900007,8.28115469000005],[79.77857506600003,8.25999583500004],[79.74610436300003,8.20612213700008],[79.72754967500003,8.110907294000071],[79.72950280000003,8.08112213700008],[79.75196373800003,8.054632880000042],[79.73194420700008,8.01312897300005],[79.76384524800005,7.990139065000051],[79.81023196700005,7.986517645000049],[79.83383222700007,8.003078518000052],[79.79346764400003,8.072821356000077],[79.82715905000003,8.136542059000078],[79.80665123800003,8.240179755000042],[79.82715905000003,8.277736721000053],[79.87378991000008,8.53807200700004],[79.91651451900003,8.575995184000078],[79.94166100400008,8.64248281500005],[79.95053144600007,8.739813544000071],[79.92644290500004,8.801906643000052],[79.93018639400003,8.884426174000055],[79.91553795700008,8.93854401200008],[80.04802493600005,9.026271877000056],[80.10564212300005,9.192857164000088],[80.11817467500003,9.300441799000055],[80.06617272200003,9.332586981000077],[80.05298912900008,9.391546942000048],[80.19703209700003,9.473456122000073],[80.16130618600005,9.52057526200008],[80.05298912900008,9.596380927000041],[80.23340905000003,9.53424713700008],[80.27222741000008,9.50413646000004],[80.26587975400008,9.46670156500005],[80.28687584700003,9.452704169000071],[80.42660566500007,9.500189520000049],[80.61475670700008,9.446193752000056],[80.47144616000008,9.52806224200009],[80.42896569100003,9.517767645000049],[80.36866295700008,9.530218817000048],[80.29753665500004,9.59125397300005],[80.18604576900003,9.648504950000074],[80.17359459700003,9.64866771000004],[80.17595462300005,9.624335028000075],[80.19996178500008,9.599188544000071],[80.18604576900003,9.584133205000057],[80.11548912900008,9.63572825700004],[80.09400475400008,9.64484284100007],[80.13559004000007,9.60382721600007],[79.95801842500003,9.685736395000049],[79.90967858200008,9.76829661700009],[79.97071373800003,9.815130927000041],[80.12232506600003,9.818915106000077],[80.13013756600003,9.77732982000009],[80.22234134200005,9.754461981000077],[80.33855228000004,9.62921784100007],[80.44402103000004,9.575913804000038],[80.31983483200008,9.672756252000056],[80.24781334700003,9.755072333000044],[80.13868248800003,9.79873281500005],[80.13672936300003,9.81391022300005],[80.15772545700008,9.822943427000041],[80.24675540500004,9.825873114000046],[80.40992272200003,9.61749909100007],[80.74439537900008,9.35968659100007],[80.79883873800003,9.294867255000042],[80.73650149800005,9.308986721000053],[80.79363040500004,9.250555731000077],[80.81389407600005,9.239528713000084],[80.80355879000007,9.271633205000057],[80.82390384200005,9.27049388200004],[80.88217207100007,9.145209052000041],[80.84009850400008,9.155991929000038],[80.83448326900003,9.141750393000052],[80.87305748800003,9.126450914000088],[80.87533613400007,9.103583075000074],[80.89649498800003,9.116603908000059],[80.91635175900007,9.062160549000055],[80.95834394600007,9.01788971600007],[80.94434655000003,9.000555731000077],[80.93067467500003,9.020982164000088],[80.87533613400007,9.041489976000037],[80.93506920700008,8.964911200000074],[80.91488691500007,8.943915106000077],[80.94760175900007,8.932928778000075],[80.97852623800003,8.979966539000088],[81.04672285200007,8.882147528000075],[81.09278405000003,8.851629950000074],[81.11426842500003,8.799994208000044],[81.15015709700003,8.777167059000078],[81.17652428500008,8.698879299000055],[81.18230228000004,8.712225653000075],[81.19752037900008,8.70571523600006],[81.23170006600003,8.651068427000041],[81.20435631600003,8.61009349200009],[81.22494550900007,8.616848049000055],[81.24976647200003,8.545803127000056],[81.22486412900008,8.541815497000073],[81.22999108200008,8.557928778000075],[81.21225019600007,8.572699286000045],[81.21062259200005,8.507106838000084],[81.15902754000007,8.534572658000059],[81.13396243600005,8.501288153000075],[81.17025800900007,8.520697333000044],[81.21314537900008,8.472398179000038],[81.28109785200007,8.46702708500004],[81.29664147200003,8.47679271000004],[81.28638756600003,8.50023021000004],[81.33415774800005,8.514553127000056],[81.36573326900003,8.482163804000038],[81.38941491000008,8.363714911000045],[81.35181725400008,8.404689846000053],[81.35661868600005,8.362494208000044],[81.39926191500007,8.339260158000059],[81.44849694100003,8.12799713700008],[81.43034915500004,8.103013414000088],[81.40357506600003,8.191799221000053],[81.39625084700003,8.136542059000078],[81.43555748800003,8.093166408000059],[81.46436608200008,8.116034247000073],[81.51970462300005,7.9993350280000755],[81.53394616000008,8.013617255000042],[81.54021243600005,7.986314195000091],[81.56072024800005,7.999253648000092],[81.56072024800005,7.958400783000059],[81.59546959700003,7.91742584800005],[81.57585696700005,7.8893903670000896],[81.58757571700005,7.855292059000078],[81.60824629000007,7.831691799000055],[81.63640384200005,7.8355166690000715],[81.71314537900008,7.711818752000056],[81.69092858200008,7.705145575000074],[81.62663821700005,7.760199286000045],[81.59546959700003,7.726263739000046],[81.65902754000007,7.723334052000041],[81.71151777400007,7.650498765000066],[81.71159915500004,7.622544664000088],[81.71404056100005,7.6436628280000605],[81.74903405000003,7.622544664000088],[81.77295983200008,7.567979234000063],[81.77295983200008,7.5239118510000935],[81.75757897200003,7.5054385440000715],[81.77979576900003,7.472357489000046],[81.77100670700008,7.456976630000042],[81.79330488400007,7.4655622420000896],[81.80779056100005,7.410345770000049],[81.82601972700007,7.4741885440000715],[81.85572350400008,7.412176825000074],[81.88070722700007,7.327093817000048]]]},"bbox":[79.69678795700008,5.923732815000051,81.88461347700007,9.825873114000046]},{"id":"7","type":"Feature","properties":{},"geometry":{"type":"MultiPolygon","coordinates":[[[[93.24105879000007,8.262925523000092],[93.25082441500007,8.245428778000075],[93.24944095100005,8.218044338000084],[93.22266686300003,8.251654364000046],[93.24105879000007,8.262925523000092]]],[[[93.06194095100005,8.45604075700004],[93.07903079500005,8.449977932000081],[93.07886803500003,8.428615627000056],[93.06226647200003,8.437689520000049],[93.06194095100005,8.45604075700004]]],[[[79.91089928500008,8.95302969000005],[79.91586347700007,8.946844794000071],[79.90723717500003,8.935695705000057],[79.91089928500008,8.95302969000005]]],[[[79.64364668100006,9.07485586100006],[79.66472415500004,9.07021719000005],[79.63119550900007,9.067084052000041],[79.64364668100006,9.07485586100006]]],[[[79.55144290500004,9.093125718000067],[79.55420983200008,9.08539459800005],[79.55331464900007,9.084458726000037],[79.55144290500004,9.093125718000067]]],[[[79.06381269600007,9.204860744000086],[79.08814537900008,9.19432200700004],[79.05860436300003,9.20062897300005],[79.06381269600007,9.204860744000086]]],[[[79.99000084700003,9.299709377000056],[79.99130293100006,9.288275458000044],[79.98007246200007,9.27765534100007],[79.97160892000005,9.29287344000005],[79.99000084700003,9.299709377000056]]],[[[79.84953860800005,9.612941799000055],[79.86345462300005,9.59178294500009],[79.85767662900008,9.565985419000071],[79.81584720100005,9.571193752000056],[79.81446373800003,9.622788804000038],[79.83399498800003,9.593166408000059],[79.84953860800005,9.612941799000055]]],[[[92.54257246200007,11.60154857000009],[92.57186933700007,11.571071682000081],[92.53866621200007,11.55227285400008],[92.54257246200007,11.60154857000009]]],[[[93.02548261800007,12.141099351000037],[93.05339603000004,12.046942450000074],[93.01563561300003,12.082505601000037],[93.01360110800005,12.144883531000062],[93.03223717500003,12.161810614000046],[93.02548261800007,12.141099351000037]]],[[[93.01368248800003,12.985663153000075],[92.98715254000007,12.924709377000056],[92.96501712300005,12.93508535400008],[92.97893313900005,12.948635158000059],[92.96273847700007,12.976629950000074],[92.97307376400005,12.986273505000042],[92.98495527400007,12.967067776000079],[92.99512780000003,12.989406643000052],[93.01368248800003,12.985663153000075]]],[[[92.69752037900008,13.09568919500009],[92.73300214900007,13.091538804000038],[92.71810957100007,13.061061916000085],[92.69752037900008,13.09568919500009]]],[[[93.23829186300003,13.969224351000037],[93.23047936300003,13.994289455000057],[93.23642011800007,14.012111721000053],[93.23829186300003,13.969224351000037]]],[[[95.05250084700003,15.750677802000041],[95.06584720100005,15.736354885000083],[95.05901126400005,15.719509182000081],[95.02629642000005,15.714341539000088],[95.02214603000004,15.727728583000044],[95.05250084700003,15.750677802000041]]]]},"bbox":[79.05860436300003,8.218044338000084,95.06584720100005,15.750677802000041]},{"id":"5","type":"Feature","properties":{},"geometry":{"type":"MultiPolygon","coordinates":[[[[93.92872155000003,7.01235586100006],[93.92986087300005,6.959051825000074],[93.89356530000003,6.876776434000078],[93.90308678500003,6.808294989000046],[93.85938561300003,6.8042666690000715],[93.83423912900008,6.74555084800005],[93.81267337300005,6.753973700000074],[93.81373131600003,6.808294989000046],[93.78443444100003,6.8364118510000935],[93.79322350400008,6.8491885440000715],[93.77572675900007,6.867377020000049],[93.76531009200005,6.9243024760000935],[93.74805748800003,6.923570054000038],[93.70362389400003,7.006293036000045],[93.66456139400003,7.026516018000052],[93.64918053500003,7.013088283000059],[93.64966881600003,7.1196149760000935],[93.67644290500004,7.181870835000041],[93.71729576900003,7.187689520000049],[93.81397545700008,7.241848049000055],[93.83082116000003,7.2359072940000715],[93.86500084700003,7.200669664000088],[93.88705488400007,7.08930084800005],[93.92872155000003,7.01235586100006]]],[[[92.56505953100003,10.849308437000047],[92.59590764100005,10.678363602000047],[92.53983511800004,10.620669338000084],[92.54175975000004,10.591720078000037],[92.57421307300007,10.580623724000077],[92.53542331400007,10.52486095100005],[92.51302707600007,10.507968928000082],[92.42178793400006,10.546203260000084],[92.38411072300005,10.529328010000086],[92.41700341400008,10.629058572000076],[92.37948613800006,10.672121597000057],[92.37672144300006,10.784019970000088],[92.41541966300008,10.79886279100009],[92.42896569100003,10.850816148000092],[92.52759174000005,10.89546557400007],[92.56505953100003,10.849308437000047]]],[[[93.07569420700008,13.269110419000071],[93.05689537900008,13.224798895000049],[93.03679446700005,13.062160549000055],[93.01954186300003,13.033636786000045],[92.99057050900007,13.04368724200009],[92.97934004000007,13.02952708500004],[92.96404056100005,13.036851304000038],[92.96404056100005,13.084662177000041],[92.95655358200008,13.064154364000046],[92.93702233200008,13.067084052000041],[92.92839603000004,13.027492580000057],[92.95264733200008,12.970770575000074],[92.93604576900003,12.954291083000044],[92.92741946700005,12.981024481000077],[92.90528405000003,12.982245184000078],[92.87631269600007,12.91665273600006],[92.89633222700007,12.899725653000075],[92.92448978000004,12.91437409100007],[92.96404056100005,12.864935614000046],[92.95655358200008,12.783026434000078],[92.99048912900008,12.724310614000046],[92.97291100400008,12.628119208000044],[92.98902428500003,12.59210846600007],[92.99057050900007,12.519232489000046],[92.95590254000007,12.477443752000056],[92.97022545700008,12.468329169000071],[92.93604576900003,12.41990794500009],[92.89503014400003,12.454657294000071],[92.90186608200008,12.433539130000042],[92.84669030000003,12.433539130000042],[92.86361738400007,12.38548411700009],[92.91504967500003,12.338364976000037],[92.87924238400007,12.312974351000037],[92.90015709700003,12.28318919500009],[92.87989342500003,12.24359772300005],[92.89421634200005,12.205023505000042],[92.87256920700008,12.20148346600007],[92.87452233200008,12.183742580000057],[92.82740319100003,12.140122789000088],[92.83366946700005,12.11823151200008],[92.75749759200005,12.077460028000075],[92.79265384200005,12.036322333000044],[92.76368248800003,12.030951239000046],[92.74057050900007,11.983628648000092],[92.73747806100005,11.878648179000038],[92.76197350400008,11.940130927000041],[92.78793379000007,11.934515692000048],[92.79948978000004,11.899115302000041],[92.76002037900008,11.708685614000046],[92.72291100400008,11.693793036000045],[92.68392988400007,11.649888414000088],[92.68279056100005,11.615179755000042],[92.69678795700008,11.61123281500005],[92.71070397200003,11.62173086100006],[92.71070397200003,11.659572658000059],[92.73121178500003,11.652736721000053],[92.73601321700005,11.682440497000073],[92.76148522200003,11.663641669000071],[92.76539147200003,11.61859772300005],[92.71697024800005,11.49445221600007],[92.62566165500004,11.595404364000046],[92.62134850400008,11.61859772300005],[92.64869225400008,11.638495184000078],[92.61963951900003,11.651312567000048],[92.60377037900008,11.718898830000057],[92.56324303500003,11.72557200700004],[92.56666100400008,11.82713450700004],[92.52491295700008,11.857489325000074],[92.57056725400008,11.93260325700004],[92.59473717500003,11.89874909100007],[92.61451256600003,11.899115302000041],[92.61768639400003,11.866400458000044],[92.64014733200008,12.136135158000059],[92.68181399800005,12.219631252000056],[92.69711347700007,12.20766836100006],[92.72095787900008,12.22654857000009],[92.72779381600003,12.17283763200004],[92.78402754000007,12.18935781500005],[92.79265384200005,12.20766836100006],[92.78239993600005,12.248602606000077],[92.75855553500003,12.26593659100007],[92.79420006600003,12.28318919500009],[92.79265384200005,12.296372789000088],[92.73365319100003,12.318060614000046],[92.71778405000003,12.362494208000044],[92.72169030000003,12.599432684000078],[92.75473066500007,12.649562893000052],[92.78321373800003,12.664984442000048],[92.74773196700005,12.692694403000075],[92.73747806100005,12.807196356000077],[92.76539147200003,12.845119533000059],[92.78565514400003,12.840033270000049],[92.80030358200008,12.857814846000053],[92.81324303500003,12.95807526200008],[92.83472741000003,13.002020575000074],[92.80795332100007,13.020086981000077],[92.85417728000004,13.146063544000071],[92.83366946700005,13.174017645000049],[92.84278405000003,13.226996161000045],[92.86402428500003,13.235500393000052],[92.84742272200003,13.344916083000044],[92.89136803500003,13.400946356000077],[92.89503014400003,13.454575914000088],[92.94288170700008,13.50922272300005],[92.94971764400003,13.544623114000046],[93.01172936300003,13.55076732000009],[93.01172936300003,13.57811107000009],[93.04997806100005,13.56639232000009],[93.06641686300003,13.53709544500009],[93.05372155000003,13.47142161700009],[93.05958092500003,13.406805731000077],[93.08008873800003,13.413031317000048],[93.07837975400008,13.39712148600006],[93.00424238400007,13.33104075700004],[93.00367272200003,13.34861888200004],[92.98438561300003,13.35643138200004],[92.97934004000007,13.329779364000046],[93.00456790500004,13.311835028000075],[93.02556399800005,13.316148179000038],[93.07569420700008,13.269110419000071]]]]},"bbox":[92.37672144300006,6.74555084800005,93.92986087300005,13.57811107000009]},{"id":"1","type":"Feature","properties":{},"geometry":{"type":"MultiPolygon","coordinates":[[[[80.98316491000008,15.780747789000088],[80.98487389400003,15.761786200000074],[80.94255618600005,15.741074937000064],[80.86850019600007,15.81195709800005],[80.87916100400008,15.84007396000004],[80.93726647200003,15.818915106000077],[80.98316491000008,15.780747789000088]]],[[[95.12696373800003,5.702053127000056],[95.12208092500003,5.6692569030000755],[95.09473717500003,5.683579820000091],[95.06072024800005,5.656236070000091],[95.04786217500003,5.689642645000049],[95.06072024800005,5.7320010440000715],[95.01465905000003,5.7446149760000935],[95.05827884200005,5.757310289000088],[95.12696373800003,5.702053127000056]]],[[[81.73707116000008,7.670965887000079],[81.72510826900003,7.739935614000046],[81.80632571700005,7.598578192000048],[81.82325280000003,7.5112979190000715],[81.80779056100005,7.479193427000041],[81.78736412900008,7.4968122420000896],[81.78736412900008,7.593451239000046],[81.73707116000008,7.670965887000079]]],[[[88.84131920700008,21.61399974200009],[88.91130618600005,21.566880601000037],[88.90796959700003,21.53070709800005],[88.83871504000007,21.53192780200004],[88.84131920700008,21.61399974200009]]],[[[89.13900800900007,21.766831773000035],[89.13249759200005,21.721625067000048],[89.05152428500003,21.79319896000004],[89.06381269600007,21.841457424000055],[89.04566491000003,21.91705963700008],[89.06763756600003,21.904364325000074],[89.09278405000003,21.793402411000045],[89.13900800900007,21.766831773000035]]],[[[88.65015709700003,21.927435614000046],[88.67058353000004,21.907416083000044],[88.64633222700007,21.787909247000073],[88.59180748800003,21.804388739000046],[88.58432050900007,21.835760809000078],[88.61646569100003,21.89793528900009],[88.65015709700003,21.927435614000046]]],[[[90.50611412900008,23.314195054000038],[90.46876061300003,23.33161041900007],[90.42969811300003,23.385158596000053],[90.53939863400007,23.350002346000053],[90.58619225400008,23.30174388200004],[90.52955162900008,23.33356354400007],[90.50611412900008,23.314195054000038]]]]},"bbox":[80.86850019600007,5.656236070000091,95.12696373800003,23.385158596000053]},{"id":"3","type":"Feature","properties":{},"geometry":{"type":"MultiPolygon","coordinates":[[[[73.64389082100007,10.094549872000073],[73.63705488400007,10.062567450000074],[73.63257897200003,10.05727773600006],[73.64389082100007,10.094549872000073]]],[[[73.65560957100007,10.14476146000004],[73.65788821700005,10.139064846000053],[73.65463300900007,10.141506252000056],[73.65560957100007,10.14476146000004]]],[[[72.64975019600007,10.566839911000045],[72.62745201900003,10.554754950000074],[72.65056399800005,10.57257721600007],[72.64975019600007,10.566839911000045]]],[[[72.54875735800005,10.779323635000083],[72.54118899800005,10.77289459800005],[72.54249108200008,10.777899481000077],[72.54875735800005,10.779323635000083]]],[[[73.68124433700007,10.828070380000042],[73.67286217500003,10.824693101000037],[73.67139733200008,10.829738674000055],[73.68124433700007,10.828070380000042]]],[[[72.75001061300003,11.119086005000042],[72.74496504000007,11.109523830000057],[72.73951256600003,11.10883209800005],[72.75001061300003,11.119086005000042]]],[[[73.01091556100005,11.49013906500005],[73.00562584700003,11.479641018000052],[73.01319420700008,11.50218333500004],[73.01091556100005,11.49013906500005]]],[[[72.71607506600003,11.69407786700009],[72.70525149800005,11.687323309000078],[72.70093834700003,11.686428127000056],[72.70508873800003,11.692328192000048],[72.71607506600003,11.69407786700009]]],[[[93.85377037900008,12.260565497000073],[93.85189863400007,12.271551825000074],[93.86060631600003,12.281195380000042],[93.87281334700003,12.268866278000075],[93.85377037900008,12.260565497000073]]],[[[94.29078209700003,13.42291901200008],[94.27491295700003,13.420314846000053],[94.26189212300005,13.429266669000071],[94.28093509200005,13.443548895000049],[94.29078209700003,13.42291901200008]]],[[[95.19109134200005,5.608465887000079],[95.15626061300003,5.594794012000079],[95.10914147200003,5.622015692000048],[95.14177493600005,5.664129950000074],[95.19109134200005,5.608465887000079]]],[[[93.54835045700008,8.020086981000077],[93.57422936300003,7.968817450000074],[93.57398522200003,7.924872137000079],[93.51075280000003,7.980169989000046],[93.54835045700008,8.020086981000077]]],[[[93.60767662900008,8.569159247000073],[93.62517337300005,8.47361888200004],[93.60141035200007,8.438177802000041],[93.59498131600003,8.558010158000059],[93.60767662900008,8.569159247000073]]],[[[79.72282962300005,9.492621161000045],[79.66602623800003,9.49127838700008],[79.65870201900003,9.555365302000041],[79.67628014400003,9.534979559000078],[79.71924889400003,9.524359442000048],[79.72282962300005,9.492621161000045]]],[[[92.27808678500003,11.583807684000078],[92.28500410200007,11.54401276200008],[92.25212649800005,11.529242255000042],[92.23454837300005,11.540350653000075],[92.21729576900003,11.598089911000045],[92.27808678500003,11.583807684000078]]],[[[93.10377037900008,12.187933661000045],[93.10328209700003,12.102036851000037],[93.09424889400003,12.090969143000052],[93.05933678500003,12.153550523000092],[93.07325280000003,12.200832424000055],[93.09107506600003,12.204250393000052],[93.10377037900008,12.187933661000045]]],[[[93.03321373800003,13.680243231000077],[93.05274498800003,13.640204169000071],[92.99057050900007,13.667466539000088],[93.03321373800003,13.680243231000077]]],[[[93.40015709700003,14.095648505000042],[93.37484785200007,14.06468333500004],[93.39031009200005,14.15375397300005],[93.39600670700008,14.140448309000078],[93.40015709700003,14.095648505000042]]],[[[93.67579186300003,14.859198309000078],[93.70386803500003,14.904445705000057],[93.72437584700003,14.913804429000038],[93.70443769600007,14.87099844000005],[93.67579186300003,14.859198309000078]]],[[[88.04314212300005,21.65761953300006],[88.11931399800005,21.859523830000057],[88.14673912900008,21.86985911700009],[88.16342207100007,21.705471096000053],[88.13257897200003,21.68496328300006],[88.14600670700008,21.643744208000044],[88.13005618600005,21.625921942000048],[88.06348717500003,21.636664130000042],[88.04314212300005,21.65761953300006]]],[[[88.07227623800003,21.856756903000075],[88.08472741000003,21.921576239000046],[88.11890709700003,21.945013739000046],[88.13257897200003,21.920477606000077],[88.12501061300003,21.88865794500009],[88.10499108200008,21.861151434000078],[88.07227623800003,21.856756903000075]]],[[[90.59351647200003,21.98655833500004],[90.60661868600005,21.938788153000075],[90.58082116000003,21.912502346000053],[90.56560306100005,21.917669989000046],[90.54078209700003,21.875921942000048],[90.50359134200005,21.862453518000052],[90.53150475400008,21.876695054000038],[90.51042728000004,21.89785390800006],[90.52198326900003,21.938788153000075],[90.59351647200003,21.98655833500004]]],[[[90.35401451900003,21.97675202000005],[90.39429772200003,22.00023021000004],[90.34156334700003,21.860296942000048],[90.32292728000004,21.843898830000057],[90.32252037900008,21.91669342700004],[90.35401451900003,21.97675202000005]]],[[[90.38746178500003,22.048041083000044],[90.34595787900008,21.972316799000055],[90.33961022200003,21.972316799000055],[90.35865319100003,22.022691148000035],[90.38746178500003,22.048041083000044]]],[[[90.42847741000003,22.048041083000044],[90.48617597700007,21.97679271000004],[90.47632897200003,21.945013739000046],[90.43189537900008,21.90778229400007],[90.40235436300003,21.90688711100006],[90.39429772200003,21.938788153000075],[90.41553795700008,22.038316148000035],[90.42847741000003,22.048041083000044]]],[[[90.53834069100003,22.068508205000057],[90.48365319100003,22.034979559000078],[90.50310306100005,22.09634023600006],[90.61345462300005,22.16404857000009],[90.59351647200003,22.10260651200008],[90.58619225400008,22.130560614000046],[90.55974368600005,22.02374909100007],[90.51954186300003,21.994696356000077],[90.50359134200005,22.02411530200004],[90.53834069100003,22.068508205000057]]],[[[90.94711347700007,22.21161530200004],[90.95671634200005,22.14484284100007],[90.94898522200003,22.121649481000077],[90.92937259200005,22.116888739000046],[90.92025800900007,22.16006094000005],[90.93555748800003,22.21246979400007],[90.94711347700007,22.21161530200004]]],[[[90.97641035200007,22.18577708500004],[90.98292076900003,22.25918203300006],[90.99691816500007,22.25348541900007],[90.97641035200007,22.18577708500004]]],[[[90.93718509200005,22.23273346600007],[90.95671634200005,22.27765534100007],[90.97641035200007,22.363348700000074],[90.99350019600007,22.322333075000074],[90.99008222700007,22.281398830000057],[90.95289147200003,22.22675202000005],[90.93718509200005,22.23273346600007]]],[[[90.61361738400007,22.428615627000056],[90.60141035200007,22.42918528900009],[90.60157311300003,22.44830963700008],[90.63314863400007,22.43162669500009],[90.65870201900003,22.37954336100006],[90.66114342500003,22.355902411000045],[90.64747155000003,22.38377513200004],[90.64039147200003,22.366034247000073],[90.64014733200008,22.308742580000057],[90.61361738400007,22.428615627000056]]],[[[90.65349368600005,22.48346588700008],[90.66732832100007,22.43903229400007],[90.64747155000003,22.424750067000048],[90.65349368600005,22.48346588700008]]],[[[91.19998796600004,22.514694415000065],[91.21083048600008,22.495521457000052],[91.18024445400005,22.45923875300008],[91.13416328800008,22.449480400000084],[91.11370966000004,22.46141485000004],[91.12356215000005,22.48914556400007],[91.19998796600004,22.514694415000065]]],[[[90.59229576900003,22.88190338700008],[90.67823326900003,22.808335679000038],[90.59095563400007,22.813918922000084],[90.54656009200005,22.783677476000037],[90.52099282900008,22.71176534400007],[90.49284915500004,22.753241278000075],[90.45573978000004,22.767401434000078],[90.46607506600003,22.85175202000005],[90.48682701900003,22.870428778000075],[90.59229576900003,22.88190338700008]]],[[[90.45573978000004,23.06281159100007],[90.51563561300003,23.051947333000044],[90.46949303500003,23.007635809000078],[90.45573978000004,23.06281159100007]]],[[[73.44304446700005,-0.29273853999995936],[73.44450931100005,-0.3042945289999466],[73.43506920700008,-0.2836239559999285],[73.44304446700005,-0.29273853999995936]]],[[[73.09546959700003,0.22801341400008823],[73.10434004000007,0.21963125200005607],[73.10287519600007,0.21344635600007678],[73.09546959700003,0.22801341400008823]]],[[[73.21737714900007,0.2376976580000587],[73.21094811300003,0.232163804000038],[73.20899498800003,0.239976304000038],[73.21737714900007,0.2376976580000587]]],[[[73.03614342500003,0.2609317080000437],[73.04037519600007,0.25946686400004637],[73.04037519600007,0.2593447940000715],[73.03614342500003,0.2609317080000437]]],[[[73.36963951900003,0.28001536700008955],[73.37110436300003,0.2859561220000728],[73.37907962300005,0.2851830100000825],[73.36963951900003,0.28001536700008955]]],[[[72.98096764400003,0.30361562700005607],[72.98812910200007,0.3019066430000521],[72.98601321700005,0.2996279970000728],[72.98096764400003,0.30361562700005607]]],[[[73.50660241000008,0.3877627620000794],[73.50863691500007,0.3806826840000781],[73.50855553500008,0.38056061400004637],[73.50660241000008,0.3877627620000794]]],[[[72.95777428500008,0.39679596600007017],[72.96111087300005,0.394273179000038],[72.96119225400008,0.39402903900008823],[72.95777428500008,0.39679596600007017]]],[[[72.94060306100005,0.4872907570000393],[72.93702233200008,0.49363841400008823],[72.94092858200008,0.49632396000004064],[72.94060306100005,0.4872907570000393]]],[[[73.49203535200007,0.5077985700000909],[73.49463951900003,0.4989688170000477],[73.48975670700008,0.50259023600006],[73.49203535200007,0.5077985700000909]]],[[[73.38428795700008,0.6403262390000464],[73.38672936300003,0.63540273600006],[73.38477623800003,0.6355654970000728],[73.38428795700008,0.6403262390000464]]],[[[73.36882571700005,0.7604434270000411],[73.37183678500008,0.7565778670000896],[73.36996504000007,0.7570254580000437],[73.36882571700005,0.7604434270000411]]],[[[73.34978274800005,0.8440615910000702],[73.35287519600007,0.841538804000038],[73.35108483200008,0.8406436220000728],[73.34978274800005,0.8440615910000702]]],[[[72.82797285200007,3.5054385440000715],[72.83505293100006,3.5054385440000715],[72.83106530000003,3.5035667990000547],[72.82797285200007,3.5054385440000715]]],[[[72.79118899800005,3.510891018000052],[72.79517662900008,3.5146345070000393],[72.79883873800003,3.5119489600000406],[72.79118899800005,3.510891018000052]]],[[[72.91179446700005,3.5417341170000896],[72.91993248800003,3.5521507830000587],[72.92839603000004,3.551906643000052],[72.91179446700005,3.5417341170000896]]],[[[72.94190514400003,3.6188418640000464],[72.94556725400008,3.613714911000045],[72.93848717500003,3.613714911000045],[72.94190514400003,3.6188418640000464]]],[[[72.68970787900008,3.7179629580000437],[72.69735761800007,3.718817450000074],[72.69459069100003,3.7149925800000574],[72.68970787900008,3.7179629580000437]]],[[[73.46924889400003,3.9369570980000503],[73.46998131600003,3.9351260440000715],[73.46753991000008,3.933661200000074],[73.46924889400003,3.9369570980000503]]],[[[72.70313561300003,4.003322658000059],[72.70460045700008,3.99640534100007],[72.69939212300005,3.9981957050000574],[72.70313561300003,4.003322658000059]]],[[[73.50831139400003,4.0933291690000715],[73.50228925900007,4.100775458000044],[73.50814863400007,4.103583075000074],[73.50831139400003,4.0933291690000715]]],[[[72.97250410200007,4.26040273600006],[72.97559655000003,4.26235586100006],[72.97575931100005,4.26040273600006],[72.97250410200007,4.26040273600006]]],[[[73.70281009200005,4.434719143000052],[73.69760175900007,4.431463934000078],[73.69743899800005,4.431382554000038],[73.70281009200005,4.434719143000052]]],[[[73.70264733200008,4.4529076190000865],[73.69988040500004,4.449164130000042],[73.69996178500008,4.4516462260000935],[73.70264733200008,4.4529076190000865]]],[[[73.37728925900007,4.465277411000045],[73.37387129000007,4.466986395000049],[73.37671959700003,4.474432684000078],[73.37728925900007,4.465277411000045]]],[[[73.40121504000007,4.629828192000048],[73.40528405000003,4.628404039000088],[73.40300540500004,4.6274274760000935],[73.40121504000007,4.629828192000048]]],[[[73.49048912900008,4.723334052000041],[73.49073326900003,4.716742255000042],[73.48845462300005,4.715969143000052],[73.49048912900008,4.723334052000041]]],[[[72.96965579500005,4.88072337400007],[72.97266686300003,4.894354559000078],[72.97934004000007,4.895453192000048],[72.96965579500005,4.88072337400007]]],[[[72.92286217500003,4.89907461100006],[72.92090905000003,4.897853908000059],[72.91749108200008,4.898586330000057],[72.92286217500003,4.89907461100006]]],[[[73.43653405000003,4.969875393000052],[73.44117272200003,4.97492096600007],[73.44727623800003,4.97134023600006],[73.43653405000003,4.969875393000052]]],[[[72.90943444100003,5.03078847900008],[72.91016686300003,5.032700914000088],[72.91285241000008,5.034084377000056],[72.90943444100003,5.03078847900008]]],[[[72.92774498800003,5.036525783000059],[72.92709394600007,5.0339216170000896],[72.92432701900003,5.033026434000078],[72.92774498800003,5.036525783000059]]],[[[73.04476972700007,5.1218122420000896],[73.04346764400003,5.118841864000046],[73.04127037900008,5.118394273000092],[73.04476972700007,5.1218122420000896]]],[[[73.04525800900007,5.128892320000091],[73.05144290500004,5.126654364000046],[73.04761803500008,5.126369533000059],[73.04525800900007,5.128892320000091]]],[[[73.09131920700008,5.161363023000092],[73.08790123800003,5.1579857440000865],[73.08773847700007,5.157945054000038],[73.09131920700008,5.161363023000092]]],[[[73.10710696700005,5.170965887000079],[73.10694420700008,5.171779690000051],[73.11052493600005,5.170314846000053],[73.10710696700005,5.170965887000079]]],[[[72.86011803500008,5.237941799000055],[72.85922285200007,5.235500393000052],[72.85661868600005,5.234442450000074],[72.86011803500008,5.237941799000055]]],[[[73.13184655000003,5.24249909100007],[73.12842858200008,5.241156317000048],[73.13184655000003,5.244574286000045],[73.13184655000003,5.24249909100007]]],[[[73.49976647200003,5.246893622000073],[73.49724368600005,5.245021877000056],[73.49382571700005,5.245998440000051],[73.49976647200003,5.246893622000073]]],[[[73.59359785200007,5.282700914000088],[73.57764733200008,5.274562893000052],[73.56999759200005,5.276760158000059],[73.59359785200007,5.282700914000088]]],[[[73.11264082100007,5.298447984000063],[73.10922285200007,5.295152085000041],[73.10922285200007,5.296698309000078],[73.11264082100007,5.298447984000063]]],[[[73.46436608200008,5.306870835000041],[73.46705162900008,5.308335679000038],[73.47014407600005,5.3077253280000605],[73.46436608200008,5.306870835000041]]],[[[73.62956790500004,5.332831122000073],[73.62720787900008,5.331122137000079],[73.62330162900008,5.331854559000078],[73.62956790500004,5.332831122000073]]],[[[73.64340254000007,5.343939520000049],[73.64006595100005,5.342189846000053],[73.63990319100003,5.342189846000053],[73.64340254000007,5.343939520000049]]],[[[72.95240319100003,5.3500837260000935],[72.94955488400007,5.349310614000046],[72.95313561300003,5.352769273000092],[72.95240319100003,5.3500837260000935]]],[[[73.39616946700005,5.357123114000046],[73.40064537900008,5.357652085000041],[73.40121504000007,5.356146552000041],[73.39616946700005,5.357123114000046]]],[[[73.32325280000003,5.368231512000079],[73.33008873800003,5.366848049000055],[73.31771894600007,5.365790106000077],[73.32325280000003,5.368231512000079]]],[[[73.34489993600005,5.426825262000079],[73.34750410200007,5.428778387000079],[73.35075931100005,5.427679755000042],[73.34489993600005,5.426825262000079]]],[[[73.53492272200003,5.44985586100006],[73.53126061300003,5.450425523000092],[73.53744550900007,5.451402085000041],[73.53492272200003,5.44985586100006]]],[[[73.36296634200005,5.463080145000049],[73.36312910200007,5.459377346000053],[73.36068769600007,5.457831122000073],[73.36296634200005,5.463080145000049]]],[[[72.93702233200008,5.4655622420000896],[72.94027754000007,5.462144273000092],[72.93824303500008,5.461493231000077],[72.93702233200008,5.4655622420000896]]],[[[73.00977623800003,5.49087148600006],[73.01303144600007,5.487453518000052],[73.01099694100003,5.4868024760000935],[73.00977623800003,5.49087148600006]]],[[[73.45932050900007,5.5417341170000896],[73.45630944100003,5.542669989000046],[73.46241295700008,5.54360586100006],[73.45932050900007,5.5417341170000896]]],[[[72.99878991000008,5.711981512000079],[73.00228925900007,5.707098700000074],[72.99976647200003,5.706976630000042],[72.99878991000008,5.711981512000079]]],[[[72.94849694100003,6.344427802000041],[72.95394941500007,6.345607815000051],[72.95313561300003,6.343491929000038],[72.94849694100003,6.344427802000041]]],[[[72.89087975400008,6.448228257000039],[72.89722741000008,6.44790273600006],[72.89633222700007,6.4457868510000935],[72.89087975400008,6.448228257000039]]],[[[72.17269941500007,10.80923086100006],[72.17904707100007,10.84870026200008],[72.20004316500007,10.878119208000044],[72.17269941500007,10.80923086100006]]],[[[67.39039147200003,24.049261786000045],[67.45801842500003,24.06273021000004],[67.48528079500005,24.048488674000055],[67.45394941500007,24.013413804000038],[67.42693118600005,24.007513739000046],[67.39340254000007,24.02806224200009],[67.37549889400003,24.06273021000004],[67.39039147200003,24.049261786000045]]],[[[73.36516360800005,1.7910423850000825],[73.37582441500007,1.7885602890000882],[73.36817467500003,1.782945054000038],[73.36516360800005,1.7910423850000825]]],[[[73.39478600400008,1.7987735050000424],[73.40211022200003,1.795599677000041],[73.39437910200007,1.794745184000078],[73.39478600400008,1.7987735050000424]]],[[[73.45264733200008,1.82680898600006],[73.45671634200005,1.8203799500000741],[73.45411217500003,1.8205427100000406],[73.45264733200008,1.82680898600006]]],[[[73.51807701900003,1.8427188170000477],[73.49919681100005,1.8277041690000715],[73.49805748800003,1.828802802000041],[73.51807701900003,1.8427188170000477]]],[[[73.53150475400008,1.863470770000049],[73.53296959700003,1.8616397160000702],[73.53239993600005,1.8600934920000896],[73.53150475400008,1.863470770000049]]],[[[73.24366295700008,1.8887393250000741],[73.24398847700007,1.8941104190000715],[73.25171959700003,1.892401434000078],[73.24366295700008,1.8887393250000741]]],[[[73.54883873800003,1.9113630230000922],[73.54086347700007,1.892401434000078],[73.55307050900007,1.9324404970000728],[73.54883873800003,1.9113630230000922]]],[[[73.54981530000003,1.9656843120000644],[73.54769941500007,1.9683291690000715],[73.55005944100003,1.976385809000078],[73.54981530000003,1.9656843120000644]]],[[[73.31723066500007,1.9914004580000437],[73.32325280000003,1.9864769550000574],[73.31836998800003,1.983099677000041],[73.31723066500007,1.9914004580000437]]],[[[73.54297936300003,2.022162177000041],[73.54029381600003,2.0225283870000794],[73.54420006600003,2.026597398000092],[73.54297936300003,2.022162177000041]]],[[[73.38697350400008,2.0286319030000755],[73.38624108200008,2.0303408870000794],[73.38697350400008,2.033026434000078],[73.38697350400008,2.0286319030000755]]],[[[73.55144290500004,2.07257721600007],[73.55128014400003,2.0780703800000424],[73.55567467500003,2.0825056010000935],[73.55144290500004,2.07257721600007]]],[[[73.56763756600003,2.1099307310000768],[73.58041425900007,2.10578034100007],[73.56177819100003,2.0947126320000393],[73.56763756600003,2.1099307310000768]]],[[[73.04371178500008,2.166449286000045],[73.03980553500008,2.1646182310000768],[73.03825931100005,2.1645368510000935],[73.04371178500008,2.166449286000045]]],[[[73.09978274800005,2.185532945000091],[73.10230553500008,2.1809756530000755],[73.09945722700007,2.18195221600007],[73.09978274800005,2.185532945000091]]],[[[73.11687259200005,2.1976585960000534],[73.12086022200003,2.1917992210000534],[73.11500084700003,2.1917992210000534],[73.11687259200005,2.1976585960000534]]],[[[72.94629967500003,2.272365627000056],[72.94312584700003,2.2730166690000715],[72.94841556100005,2.2748884140000882],[72.94629967500003,2.272365627000056]]],[[[72.92701256600003,2.3160667990000547],[72.92253665500004,2.319566148000092],[72.92611738400007,2.3274600280000755],[72.92701256600003,2.3160667990000547]]],[[[73.34400475400008,2.3480492210000534],[73.34359785200007,2.344183661000045],[73.34205162900008,2.34210846600007],[73.34400475400008,2.3480492210000534]]],[[[73.35425866000008,2.4372012390000464],[73.36703535200007,2.3980166690000715],[73.36255944100003,2.3849144550000574],[73.35425866000008,2.4372012390000464]]],[[[73.31519616000008,2.494126695000091],[73.31153405000003,2.499253648000092],[73.31478925900007,2.5058047550000424],[73.31519616000008,2.494126695000091]]],[[[73.14380944100003,2.5503604190000715],[73.14096113400007,2.5503604190000715],[73.14551842500003,2.5532901060000768],[73.14380944100003,2.5503604190000715]]],[[[72.90056399800005,2.677557684000078],[72.90642337300005,2.679673570000091],[72.90447024800005,2.6757266300000424],[72.90056399800005,2.677557684000078]]],[[[72.87370853000004,2.683661200000074],[72.86695397200003,2.6889509140000882],[72.87256920700008,2.694159247000073],[72.87370853000004,2.683661200000074]]],[[[73.03223717500003,2.745021877000056],[73.02800540500004,2.7382266300000424],[73.02230879000007,2.7416852890000882],[73.03223717500003,2.745021877000056]]],[[[73.34848066500007,2.775376695000091],[73.35352623800003,2.771918036000045],[73.35141035200007,2.7706973330000437],[73.34848066500007,2.775376695000091]]],[[[73.39063561300003,2.775376695000091],[73.39185631600003,2.7814802100000406],[73.39926191500007,2.7857119810000768],[73.39063561300003,2.775376695000091]]],[[[73.54859459700003,2.8927269550000574],[73.55103600400008,2.890611070000091],[73.54908287900008,2.8881289730000503],[73.54859459700003,2.8927269550000574]]],[[[73.36036217500003,2.9038760440000715],[73.36280358200008,2.8983828800000424],[73.35726972700007,2.8998070330000587],[73.36036217500003,2.9038760440000715]]],[[[73.01490319100003,2.9474144550000574],[73.00904381600003,2.946437893000052],[73.00847415500004,2.953314520000049],[73.01490319100003,2.9474144550000574]]],[[[73.56421959700003,2.95461660400008],[73.56202233200008,2.946112372000073],[73.56177819100003,2.9503848330000437],[73.56421959700003,2.95461660400008]]],[[[73.58586673300005,2.9615339210000684],[73.57748457100007,2.951157945000091],[73.57846113400007,2.95734284100007],[73.58586673300005,2.9615339210000684]]],[[[72.86491946700005,2.9608828800000424],[72.86768639400003,2.9608828800000424],[72.86508222700007,2.958156643000052],[72.86491946700005,2.9608828800000424]]],[[[72.90162194100003,3.083807684000078],[72.90447024800005,3.077378648000092],[72.89991295700008,3.076849677000041],[72.90162194100003,3.083807684000078]]],[[[73.61255944100003,3.1029727230000503],[73.60840905000003,3.100409247000073],[73.61304772200003,3.1067569030000755],[73.61255944100003,3.1029727230000503]]],[[[72.97510826900003,3.104193427000041],[72.98178144600007,3.1050479190000715],[72.97820071700005,3.1027285830000437],[72.97510826900003,3.104193427000041]]],[[[73.04224694100003,3.2054710960000534],[73.04688561300003,3.202053127000056],[73.04070071700005,3.198472398000092],[73.04224694100003,3.2054710960000534]]],[[[73.02898196700005,3.246893622000073],[73.03565514400003,3.247788804000038],[73.03199303500008,3.2455508480000503],[73.02898196700005,3.246893622000073]]],[[[72.83326256600003,3.312486070000091],[72.83611087300005,3.3059756530000755],[72.83139082100007,3.3056094420000477],[72.83326256600003,3.312486070000091]]],[[[73.51636803500008,3.3612328150000508],[73.51880944100003,3.359116929000038],[73.51921634200005,3.3563906920000477],[73.51636803500008,3.3612328150000508]]],[[[73.74854576900003,3.4481875670000477],[73.75310306100005,3.446437893000052],[73.75318444100003,3.4463565120000794],[73.74854576900003,3.4481875670000477]]],[[[73.50847415500004,3.4965681010000935],[73.50611412900008,3.4977074240000547],[73.50586998800003,3.501206773000092],[73.50847415500004,3.4965681010000935]]],[[[72.95240319100003,3.7338320980000503],[72.95582116000008,3.728705145000049],[72.94898522200003,3.728583075000074],[72.95240319100003,3.7338320980000503]]],[[[72.94581139400003,3.77212148600006],[72.94939212300005,3.7669945330000587],[72.94239342500003,3.7669945330000587],[72.94581139400003,3.77212148600006]]],[[[72.94459069100003,3.8368594420000477],[72.94809004000007,3.8316917990000547],[72.94117272200003,3.8316917990000547],[72.94459069100003,3.8368594420000477]]],[[[73.43246504000007,3.846828518000052],[73.43344160200007,3.8427188170000477],[73.43230228000004,3.8417015650000508],[73.43246504000007,3.846828518000052]]],[[[73.44353274800005,3.92055898600006],[73.44304446700005,3.918768622000073],[73.43816165500004,3.916449286000045],[73.44353274800005,3.92055898600006]]],[[[73.34489993600005,3.944566148000092],[73.34148196700005,3.94204336100006],[73.34148196700005,3.943101304000038],[73.34489993600005,3.944566148000092]]],[[[73.42261803500008,4.118353583000044],[73.42139733200008,4.116359768000052],[73.41895592500003,4.1157087260000935],[73.42261803500008,4.118353583000044]]],[[[72.95858808700007,4.262518622000073],[72.95435631600003,4.261460679000038],[72.94516035200007,4.266302802000041],[72.95858808700007,4.262518622000073]]],[[[73.59587649800005,4.3422712260000935],[73.59245853000004,4.34015534100007],[73.58912194100003,4.3405622420000896],[73.59587649800005,4.3422712260000935]]],[[[73.60767662900008,4.358099677000041],[73.61182701900003,4.356512762000079],[73.60954837300005,4.355617580000057],[73.60767662900008,4.358099677000041]]],[[[73.63168379000007,4.3684756530000755],[73.63705488400007,4.363959052000041],[73.63363691500007,4.36469147300005],[73.63168379000007,4.3684756530000755]]],[[[73.66797936300003,4.393500067000048],[73.66830488400007,4.386867580000057],[73.66618899800005,4.385931708000044],[73.66797936300003,4.393500067000048]]],[[[72.95606530000003,4.422105210000041],[72.94336998800003,4.431586005000042],[72.95704186300003,4.438299872000073],[72.95606530000003,4.422105210000041]]],[[[73.54981530000003,4.615383205000057],[73.55388431100005,4.61391836100006],[73.55160566500007,4.612982489000046],[73.54981530000003,4.615383205000057]]],[[[73.62956790500004,5.418524481000077],[73.63672936300003,5.402899481000077],[73.63249759200005,5.3860537780000755],[73.62956790500004,5.418524481000077]]],[[[72.99903405000003,5.461086330000057],[73.00261478000004,5.457586981000077],[73.00098717500003,5.456244208000044],[72.99903405000003,5.461086330000057]]],[[[72.87769616000008,5.492092190000051],[72.88111412900008,5.488470770000049],[72.87916100400008,5.4878604190000715],[72.87769616000008,5.492092190000051]]],[[[73.01286868600005,5.6157087260000935],[73.01612389400003,5.612250067000048],[73.01400800900007,5.611558335000041],[73.01286868600005,5.6157087260000935]]],[[[73.00855553500008,5.674994208000044],[73.01189212300005,5.671535549000055],[73.00977623800003,5.670843817000048],[73.00855553500008,5.674994208000044]]],[[[73.39283287900008,5.737697658000059],[73.38070722700007,5.714585679000038],[73.37956790500004,5.71515534100007],[73.39283287900008,5.737697658000059]]],[[[72.98585045700008,5.765570380000042],[72.98275800900007,5.762518622000073],[72.98682701900003,5.770738023000092],[72.98585045700008,5.765570380000042]]],[[[73.37680097700007,5.787339585000041],[73.38453209700003,5.786932684000078],[73.38070722700007,5.784125067000048],[73.37680097700007,5.787339585000041]]],[[[72.97510826900003,5.80455149900007],[72.97103925900007,5.810451565000051],[72.97657311300003,5.813625393000052],[72.97510826900003,5.80455149900007]]],[[[73.43376712300005,5.830877997000073],[73.44312584700003,5.84125397300005],[73.44979902400007,5.840725002000056],[73.43376712300005,5.830877997000073]]],[[[72.96371504000007,5.864040432000081],[72.96648196700005,5.85024648600006],[72.96192467500003,5.856675523000092],[72.96371504000007,5.864040432000081]]],[[[73.42318769600007,5.90688711100006],[73.42847741000008,5.904445705000057],[73.42628014400003,5.903265692000048],[73.42318769600007,5.90688711100006]]],[[[72.93018639400003,5.956935940000051],[72.92579186300003,5.963283596000053],[72.93165123800003,5.96906159100007],[72.93018639400003,5.956935940000051]]],[[[73.39533279100004,5.957801545000052],[73.38453209700003,5.964748440000051],[73.38982181100005,5.9702822940000715],[73.39533279100004,5.957801545000052]]],[[[72.90967858200008,5.982123114000046],[72.91285241000008,5.976304429000038],[72.90984134200005,5.977932033000059],[72.90967858200008,5.982123114000046]]],[[[73.25074303500008,6.083400783000059],[73.24903405000003,6.07953522300005],[73.24545332100007,6.079779364000046],[73.25074303500008,6.083400783000059]]],[[[73.24887129000007,6.110174872000073],[73.24724368600005,6.107977606000077],[73.24683678500008,6.10773346600007],[73.24887129000007,6.110174872000073]]],[[[73.22046959700003,6.132066148000092],[73.21900475400008,6.129299221000053],[73.21517988400007,6.128566799000055],[73.22046959700003,6.132066148000092]]],[[[73.26539147200003,6.153550523000092],[73.26726321700005,6.150946356000077],[73.26514733200008,6.150620835000041],[73.26539147200003,6.153550523000092]]],[[[73.21892337300005,6.172267971000053],[73.21404056100005,6.168768622000073],[73.21583092500003,6.1712100280000755],[73.21892337300005,6.172267971000053]]],[[[73.26807701900003,6.178697007000039],[73.26596113400007,6.18500397300005],[73.27084394600007,6.189439195000091],[73.26807701900003,6.178697007000039]]],[[[73.03044681100005,6.22101471600007],[73.02914472700007,6.218980210000041],[73.02898196700005,6.218817450000074],[73.03044681100005,6.22101471600007]]],[[[73.23633873800003,6.232123114000046],[73.24390709700003,6.231634833000044],[73.24024498800003,6.228949286000045],[73.23633873800003,6.232123114000046]]],[[[73.12614993600005,6.284002997000073],[73.12289472700007,6.283351955000057],[73.12842858200008,6.286851304000038],[73.12614993600005,6.284002997000073]]],[[[73.20932050900007,6.286851304000038],[73.21306399800005,6.289211330000057],[73.20875084700003,6.2864444030000755],[73.20932050900007,6.286851304000038]]],[[[73.08334394600007,6.308579820000091],[73.08139082100007,6.305609442000048],[73.07813561300003,6.305080471000053],[73.08334394600007,6.308579820000091]]],[[[73.19418379000007,6.3216006530000755],[73.20191491000008,6.322170315000051],[73.20101972700007,6.318264065000051],[73.19418379000007,6.3216006530000755]]],[[[73.12094160200007,6.331040757000039],[73.11963951900003,6.329169012000079],[73.11931399800005,6.328924872000073],[73.12094160200007,6.331040757000039]]],[[[73.18726647200003,6.350775458000044],[73.18213951900003,6.34634023600006],[73.18018639400003,6.34711334800005],[73.18726647200003,6.350775458000044]]],[[[73.01929772200003,6.36359284100007],[73.02491295700008,6.3648135440000715],[73.02418053500008,6.362697658000059],[73.01929772200003,6.36359284100007]]],[[[72.68588300900007,6.411607164000088],[72.68718509200005,6.407416083000044],[72.68588300900007,6.406480210000041],[72.68588300900007,6.411607164000088]]],[[[72.90113366000008,6.436346747000073],[72.90748131600003,6.43585846600007],[72.90658613400007,6.433823960000041],[72.90113366000008,6.436346747000073]]],[[[73.04623457100007,6.4362653670000896],[73.04314212300005,6.433701890000066],[73.04881327800007,6.4413421960000505],[73.04623457100007,6.4362653670000896]]],[[[72.95679772200003,6.56000397300005],[72.95801842500003,6.554348049000055],[72.95582116000008,6.55532461100006],[72.95679772200003,6.56000397300005]]],[[[72.92310631600003,6.5598819030000755],[72.92872155000003,6.561102606000077],[72.92774498800003,6.558946031000062],[72.92310631600003,6.5598819030000755]]],[[[73.02556399800005,6.579250393000052],[73.03036543100006,6.576117255000042],[73.02816816500007,6.575181382000039],[73.02556399800005,6.579250393000052]]],[[[73.03939863400007,6.622870184000078],[73.04070071700005,6.617173570000091],[73.03842207100007,6.618150132000039],[73.03939863400007,6.622870184000078]]],[[[73.06177819100003,6.660956122000073],[73.06226647200003,6.666896877000056],[73.06950931100005,6.667954820000091],[73.06177819100003,6.660956122000073]]],[[[73.09929446700005,6.708929755000042],[73.10043379000007,6.699774481000077],[73.09587649800005,6.698431708000044],[73.09929446700005,6.708929755000042]]],[[[73.03199303500008,6.7565778670000896],[73.03687584700003,6.7534854190000715],[73.03467858200008,6.75259023600006],[73.03199303500008,6.7565778670000896]]],[[[72.91325931100005,6.764878648000092],[72.91431725400008,6.75922272300005],[72.91228274800005,6.760158596000053],[72.91325931100005,6.764878648000092]]],[[[73.15951582100007,6.786525783000059],[73.15284264400003,6.749212958000044],[73.13168379000007,6.725043036000045],[73.15951582100007,6.786525783000059]]],[[[73.19727623800003,6.828111070000091],[73.18376712300005,6.821153062000064],[73.18083743600005,6.823431708000044],[73.18165123800003,6.830511786000045],[73.19727623800003,6.828111070000091]]],[[[72.99024498800003,6.84243398600006],[72.99154707100007,6.836737372000073],[72.98943118600005,6.837632554000038],[72.99024498800003,6.84243398600006]]],[[[73.13900800900007,6.844427802000041],[73.14031009200005,6.838690497000073],[73.13803144600007,6.839667059000078],[73.13900800900007,6.844427802000041]]],[[[72.97152754000007,6.849758205000057],[72.97632897200003,6.846665757000039],[72.97413170700008,6.845851955000057],[72.97152754000007,6.849758205000057]]],[[[73.09294681100005,6.8530947940000715],[73.09400475400008,6.847560940000051],[73.09180748800003,6.848334052000041],[73.09294681100005,6.8530947940000715]]],[[[72.95923912900008,6.86163971600007],[72.96062259200005,6.856024481000077],[72.95834394600007,6.8570010440000715],[72.95923912900008,6.86163971600007]]],[[[73.10173587300005,6.893540757000039],[73.10661868600005,6.890448309000078],[73.10434004000007,6.889553127000056],[73.10173587300005,6.893540757000039]]],[[[73.20915774800005,6.91828034100007],[73.20875084700003,6.8910993510000935],[73.20394941500007,6.884955145000049],[73.20915774800005,6.91828034100007]]],[[[72.92595462300005,6.957424221000053],[72.92628014400003,6.953802802000041],[72.92458500800007,6.951704061000044],[72.92595462300005,6.957424221000053]]],[[[73.19467207100007,6.951239325000074],[73.19190514400003,6.967596747000073],[73.19849694100003,6.97134023600006],[73.19467207100007,6.951239325000074]]],[[[72.89193769600007,6.987697658000059],[72.89047285200007,6.985419012000079],[72.89193769600007,6.991034247000073],[72.89193769600007,6.987697658000059]]],[[[72.97974694100003,7.027533270000049],[72.98145592500003,7.01398346600007],[72.97730553500008,7.019029039000088],[72.97974694100003,7.027533270000049]]],[[[72.94996178500008,7.0564232440000865],[72.94849694100003,7.050848700000074],[72.94776451900003,7.053900458000044],[72.94996178500008,7.0564232440000865]]],[[[72.91285241000008,7.092596747000073],[72.91187584700003,7.083197333000044],[72.90658613400007,7.091009833000044],[72.91285241000008,7.092596747000073]]],[[[72.88379967500003,7.107245184000078],[72.88453209700003,7.103705145000049],[72.88249759200005,7.101629950000074],[72.88379967500003,7.107245184000078]]]]},"bbox":[67.37549889400003,-0.3042945289999466,95.19109134200005,24.06273021000004]}],"bbox":[59.5,-0.3042945289999466,95.5,26.5]}