{"type":"FeatureCollection","features":[{"type":"Feature","geometry":{"type":"Point","coordinates":[-97.0547,26.1207]},"properties":{"name":null,"operator":null}},{"type":"Feature","geometry":{"type":"Point","coordinates":[-89.2655,28.9914]},"properties":{"name":null,"operator":null}},{"type":"Feature","geometry":{"type":"Point","coordinates":[-89.2643,28.998]},"properties":{"name":null,"operator":null}},{"type":"Feature","geometry":{"type":"Point","coordinates":[-89.2483,28.9981]},"properties":{"name":null,"operator":null}},{"type":"Feature","geometry":{"type":"Point","coordinates":[-89.2477,28.9979]},"properties":{"name":null,"operator":null}},{"type":"Feature","geometry":{"type":"Point","coordinates":[-89.2811,28.9985]},"properties":{"name":null,"operator":null}},{"type":"Feature","geometry":{"type":"Point","coordinates":[-89.28,29.0358]},"properties":{"name":null,"operator":null}},{"type":"Feature","geometry":{"type":"Point","coordinates":[-89.2636,29.0351]},"properties":{"name":null,"operator":null}},{"type":"Feature","geometry":{"type":"Point","coordinates":[-89.2631,29.0511]},"properties":{"name":null,"operator":null}},{"type":"Feature","geometry":{"type":"Point","coordinates":[-89.2497,29.0317]},"properties":{"name":null,"operator":null}},{"type":"Feature","geometry":{"type":"Point","coordinates":[-89.2822,29.0281]},"properties":{"name":null,"operator":null}},{"type":"Feature","geometry":{"type":"Point","coordinates":[-89.2904,29.0328]},"properties":{"name":null,"operator":null}},{"type":"Feature","geometry":{"type":"Point","coordinates":[-89.2794,29.0129]},"properties":{"name":null,"operator":null}},{"type":"Feature","geometry":{"type":"Point","coordinates":[-93.6675,29.6599]},"properties":{"name":null,"operator":null}},{"type":"Feature","geometry":{"type":"Point","coordinates":[-92.4972,29.44]},"properties":{"name":null,"operator":"EPL Oil & Gas, Inc."}},{"type":"Feature","geometry":{"type":"Point","coordinates":[-88.8489,29.1176]},"properties":{"name":null,"operator":"Fieldwood Energy LLC"}},{"type":"Feature","geometry":{"type":"Point","coordinates":[-90.9088,28.5202]},"properties":{"name":null,"operator":"Energy XXI Gulf of Mexico, LLC"}},{"type":"Feature","geometry":{"type":"Point","coordinates":[-91.4035,28.7614]},"properties":{"name":null,"operator":"Tc Offshore LLC"}},{"type":"Feature","geometry":{"type":"Point","coordinates":[-90.4809,28.8587]},"properties":{"name":null,"operator":"Chevron USA Inc."}},{"type":"Feature","geometry":{"type":"Point","coordinates":[-89.7019,28.7116]},"properties":{"name":null,"operator":"Arena Offshore, Lp"}},{"type":"Feature","geometry":{"type":"Point","coordinates":[-90.8282,28.8617]},"properties":{"name":null,"operator":"Stone Energy Corporation"}},{"type":"Feature","geometry":{"type":"Point","coordinates":[-91.8973,28.8688]},"properties":{"name":null,"operator":"Black Elk Energy Offshore Operations, LLC"}},{"type":"Feature","geometry":{"type":"Point","coordinates":[-88.2652,29.3581]},"properties":{"name":null,"operator":"Energy XXI Gulf of Mexico, LLC"}},{"type":"Feature","geometry":{"type":"Point","coordinates":[-91.4503,28.9835]},"properties":{"name":null,"operator":"Fieldwood Energy LLC"}},{"type":"Feature","geometry":{"type":"Point","coordinates":[-95.8723,28.058]},"properties":{"name":null,"operator":"Fieldwood Energy LLC"}},{"type":"Feature","geometry":{"type":"Point","coordinates":[-88.7711,29.2839]},"properties":{"name":null,"operator":"Chevron USA Inc."}},{"type":"Feature","geometry":{"type":"Point","coordinates":[-91.2117,28.7352]},"properties":{"name":null,"operator":"W & T Offshore, Inc."}},{"type":"Feature","geometry":{"type":"Point","coordinates":[-92.1739,28.4712]},"properties":{"name":null,"operator":"Fieldwood Energy Offshore LLC"}},{"type":"Feature","geometry":{"type":"Point","coordinates":[-92.2977,28.9878]},"properties":{"name":null,"operator":"Sea Robin Pipeline Co., LLC"}},{"type":"Feature","geometry":{"type":"Point","coordinates":[-89.6174,29.1071]},"properties":{"name":null,"operator":"Cochon Properties, LLC"}},{"type":"Feature","geometry":{"type":"Point","coordinates":[-92.0841,29.3234]},"properties":{"name":null,"operator":"Mcmoran Oil & Gas LLC"}},{"type":"Feature","geometry":{"type":"Point","coordinates":[-92.0094,29.3242]},"properties":{"name":null,"operator":"Chevron USA Inc."}},{"type":"Feature","geometry":{"type":"Point","coordinates":[-90.4859,28.8825]},"properties":{"name":null,"operator":"Chevron USA Inc."}},{"type":"Feature","geometry":{"type":"Point","coordinates":[-89.2573,28.9729]},"properties":{"name":null,"operator":"Whitney Oil & Gas, LLC"}},{"type":"Feature","geometry":{"type":"Point","coordinates":[-88.3524,29.3642]},"properties":{"name":null,"operator":"Tana Exploration Co. LLC"}},{"type":"Feature","geometry":{"type":"Point","coordinates":[-88.7679,29.2626]},"properties":{"name":null,"operator":"Freeport-mcmoran Energy LLC"}},{"type":"Feature","geometry":{"type":"Point","coordinates":[-91.4722,28.9787]},"properties":{"name":null,"operator":"Fieldwood Energy LLC"}},{"type":"Feature","geometry":{"type":"Point","coordinates":[-92.862,29.0814]},"properties":{"name":null,"operator":"Virgin Offshore USA, Inc."}},{"type":"Feature","geometry":{"type":"Point","coordinates":[-94.4384,28.0493]},"properties":{"name":null,"operator":"Mcmoran Oil & Gas LLC"}},{"type":"Feature","geometry":{"type":"Point","coordinates":[-90.6423,28.9365]},"properties":{"name":null,"operator":"Ankor Energy LLC"}},{"type":"Feature","geometry":{"type":"Point","coordinates":[-96.3919,28.0901]},"properties":{"name":null,"operator":"Fieldwood Energy LLC"}},{"type":"Feature","geometry":{"type":"Point","coordinates":[-88.6499,29.5453]},"properties":{"name":null,"operator":"W & T Offshore, Inc."}},{"type":"Feature","geometry":{"type":"Point","coordinates":[-92.3398,28.4978]},"properties":{"name":null,"operator":"Stone Energy Corporation"}},{"type":"Feature","geometry":{"type":"Point","coordinates":[-92.5364,29.443]},"properties":{"name":null,"operator":"EPL Oil & Gas, Inc."}},{"type":"Feature","geometry":{"type":"Point","coordinates":[-92.2095,28.2651]},"properties":{"name":null,"operator":"Fieldwood Energy Offshore LLC"}},{"type":"Feature","geometry":{"type":"Point","coordinates":[-91.536,29.3114]},"properties":{"name":null,"operator":"Energy XXI Gulf of Mexico, LLC"}},{"type":"Feature","geometry":{"type":"Point","coordinates":[-91.7531,29.3789]},"properties":{"name":null,"operator":"Contango Operators, Inc."}},{"type":"Feature","geometry":{"type":"Point","coordinates":[-91.0293,28.632]},"properties":{"name":null,"operator":"Fieldwood Energy LLC"}},{"type":"Feature","geometry":{"type":"Point","coordinates":[-90.9605,28.955]},"properties":{"name":null,"operator":"Petroquest Energy, LLC"}},{"type":"Feature","geometry":{"type":"Point","coordinates":[-88.4416,29.2587]},"properties":{"name":null,"operator":"Fieldwood Energy LLC"}},{"type":"Feature","geometry":{"type":"Point","coordinates":[-90.366,28.9455]},"properties":{"name":null,"operator":"Chevron USA Inc."}},{"type":"Feature","geometry":{"type":"Point","coordinates":[-93.7401,28.4706]},"properties":{"name":null,"operator":"High Island Offshore System, LLC"}},{"type":"Feature","geometry":{"type":"Point","coordinates":[-91.602,28.4262]},"properties":{"name":null,"operator":"Apache Corporation"}},{"type":"Feature","geometry":{"type":"Point","coordinates":[-91.4795,28.1084]},"properties":{"name":null,"operator":"Energy XXI Gulf of Mexico, LLC"}},{"type":"Feature","geometry":{"type":"Point","coordinates":[-90.8389,28.9776]},"properties":{"name":null,"operator":"Mcmoran Oil & Gas LLC"}},{"type":"Feature","geometry":{"type":"Point","coordinates":[-92.3519,28.2418]},"properties":{"name":null,"operator":"Stone Energy Corporation"}},{"type":"Feature","geometry":{"type":"Point","coordinates":[-88.9346,29.3595]},"properties":{"name":null,"operator":"Chevron USA Inc."}},{"type":"Feature","geometry":{"type":"Point","coordinates":[-91.5162,27.7676]},"properties":{"name":"JOLLIET","operator":"Mc Offshore Petroleum, LLC"}},{"type":"Feature","geometry":{"type":"Point","coordinates":[-88.7598,29.2874]},"properties":{"name":null,"operator":"Chevron USA Inc."}},{"type":"Feature","geometry":{"type":"Point","coordinates":[-93.0537,28.4675]},"properties":{"name":null,"operator":"Fieldwood Energy Offshore LLC"}},{"type":"Feature","geometry":{"type":"Point","coordinates":[-93.0859,28.7072]},"properties":{"name":null,"operator":"ATP Oil & Gas Corporation"}},{"type":"Feature","geometry":{"type":"Point","coordinates":[-90.8048,28.5868]},"properties":{"name":null,"operator":"Walter Oil & Gas Corporation"}},{"type":"Feature","geometry":{"type":"Point","coordinates":[-93.1652,29.4221]},"properties":{"name":null,"operator":"Fieldwood Energy LLC"}},{"type":"Feature","geometry":{"type":"Point","coordinates":[-91.7449,28.9111]},"properties":{"name":null,"operator":"Fieldwood Energy LLC"}},{"type":"Feature","geometry":{"type":"Point","coordinates":[-90.8727,28.4895]},"properties":{"name":null,"operator":"W & T Offshore, Inc."}},{"type":"Feature","geometry":{"type":"Point","coordinates":[-87.7576,30.1047]},"properties":{"name":null,"operator":"Spn Resources, LLC"}},{"type":"Feature","geometry":{"type":"Point","coordinates":[-89.5653,29.177]},"properties":{"name":null,"operator":"Mcmoran Oil & Gas LLC"}},{"type":"Feature","geometry":{"type":"Point","coordinates":[-91.2232,28.7334]},"properties":{"name":null,"operator":"W & T Offshore, Inc."}},{"type":"Feature","geometry":{"type":"Point","coordinates":[-92.0719,28.8049]},"properties":{"name":null,"operator":"Black Elk Energy Offshore Operations, LLC"}},{"type":"Feature","geometry":{"type":"Point","coordinates":[-91.0884,28.6171]},"properties":{"name":null,"operator":"Chevron USA Inc."}},{"type":"Feature","geometry":{"type":"Point","coordinates":[-89.6316,29.1073]},"properties":{"name":null,"operator":"Cochon Properties, LLC"}},{"type":"Feature","geometry":{"type":"Point","coordinates":[-88.9954,28.2352]},"properties":{"name":"GULFSTAR 1","operator":"Hess Corporation"}},{"type":"Feature","geometry":{"type":"Point","coordinates":[-88.7973,29.6068]},"properties":{"name":null,"operator":"W & T Offshore, Inc."}},{"type":"Feature","geometry":{"type":"Point","coordinates":[-90.8674,28.5217]},"properties":{"name":null,"operator":"Energy XXI Gulf of Mexico, LLC"}},{"type":"Feature","geometry":{"type":"Point","coordinates":[-91.5172,28.9972]},"properties":{"name":"CAIS.#37","operator":"Fieldwood Energy LLC"}},{"type":"Feature","geometry":{"type":"Point","coordinates":[-90.8722,28.8142]},"properties":{"name":null,"operator":"Stone Energy Corporation"}},{"type":"Feature","geometry":{"type":"Point","coordinates":[-91.4565,28.4538]},"properties":{"name":null,"operator":"Energy XXI Gulf of Mexico, LLC"}},{"type":"Feature","geometry":{"type":"Point","coordinates":[-88.8054,29.3361]},"properties":{"name":null,"operator":"Mcmoran Oil & Gas LLC"}},{"type":"Feature","geometry":{"type":"Point","coordinates":[-91.5028,29.1684]},"properties":{"name":null,"operator":"Fieldwood Energy Offshore LLC"}},{"type":"Feature","geometry":{"type":"Point","coordinates":[-89.0451,29.3045]},"properties":{"name":null,"operator":"Medco Energi Us LLC"}},{"type":"Feature","geometry":{"type":"Point","coordinates":[-90.0309,28.9458]},"properties":{"name":null,"operator":"GOM Shelf LLC"}},{"type":"Feature","geometry":{"type":"Point","coordinates":[-90.5121,29.0034]},"properties":{"name":null,"operator":"Talos Energy Offshore LLC"}},{"type":"Feature","geometry":{"type":"Point","coordinates":[-89.0583,29.315]},"properties":{"name":null,"operator":"Medco Energi Us LLC"}},{"type":"Feature","geometry":{"type":"Point","coordinates":[-92.2027,27.2041]},"properties":{"name":"MAGNOLI","operator":"Conocophillips Co."}},{"type":"Feature","geometry":{"type":"Point","coordinates":[-90.9788,28.5281]},"properties":{"name":"MANTIS","operator":"Fieldwood Energy LLC"}},{"type":"Feature","geometry":{"type":"Point","coordinates":[-89.1081,29.3466]},"properties":{"name":"PIG-TRAP","operator":"Medco Energi Us LLC"}},{"type":"Feature","geometry":{"type":"Point","coordinates":[-91.9703,28.6707]},"properties":{"name":null,"operator":"Energy XXI Gulf of Mexico, LLC"}},{"type":"Feature","geometry":{"type":"Point","coordinates":[-90.9576,28.9806]},"properties":{"name":null,"operator":"Petroquest Energy, LLC"}},{"type":"Feature","geometry":{"type":"Point","coordinates":[-91.9099,27.9593]},"properties":{"name":null,"operator":"Poseidon Oil Pipeline Co., LLC"}},{"type":"Feature","geometry":{"type":"Point","coordinates":[-89.2461,28.9748]},"properties":{"name":null,"operator":"Whitney Oil & Gas, LLC"}},{"type":"Feature","geometry":{"type":"Point","coordinates":[-93.3037,29.4081]},"properties":{"name":null,"operator":"Energy Resource Technology Gulf of Mexico, Inc."}},{"type":"Feature","geometry":{"type":"Point","coordinates":[-91.2632,29.0976]},"properties":{"name":null,"operator":"W & T Offshore, Inc."}},{"type":"Feature","geometry":{"type":"Point","coordinates":[-89.2652,28.971]},"properties":{"name":null,"operator":"Whitney Oil & Gas, LLC"}},{"type":"Feature","geometry":{"type":"Point","coordinates":[-90.3945,28.8529]},"properties":{"name":null,"operator":"Energy XXI Gulf of Mexico, LLC"}},{"type":"Feature","geometry":{"type":"Point","coordinates":[-89.4061,28.8309]},"properties":{"name":null,"operator":"Energy XXI Gulf of Mexico, LLC"}},{"type":"Feature","geometry":{"type":"Point","coordinates":[-89.6598,28.9381]},"properties":{"name":null,"operator":"Fieldwood Energy LLC"}},{"type":"Feature","geometry":{"type":"Point","coordinates":[-88.7551,29.6334]},"properties":{"name":null,"operator":"W & T Offshore, Inc."}},{"type":"Feature","geometry":{"type":"Point","coordinates":[-91.4848,28.9758]},"properties":{"name":null,"operator":"Fieldwood Energy LLC"}},{"type":"Feature","geometry":{"type":"Point","coordinates":[-90.173,28.5703]},"properties":{"name":null,"operator":"Ankor Energy LLC"}},{"type":"Feature","geometry":{"type":"Point","coordinates":[-93.4716,28.4534]},"properties":{"name":null,"operator":"Energy XXI Gulf of Mexico, LLC"}},{"type":"Feature","geometry":{"type":"Point","coordinates":[-90.8943,28.5289]},"properties":{"name":null,"operator":"Energy XXI Gulf of Mexico, LLC"}},{"type":"Feature","geometry":{"type":"Point","coordinates":[-91.0645,28.6287]},"properties":{"name":null,"operator":"Chevron USA Inc."}},{"type":"Feature","geometry":{"type":"Point","coordinates":[-91.5058,29.1582]},"properties":{"name":null,"operator":"Fieldwood Energy Offshore LLC"}},{"type":"Feature","geometry":{"type":"Point","coordinates":[-93.1971,29.6255]},"properties":{"name":"CAIS.#8","operator":"Fieldwood Energy LLC"}},{"type":"Feature","geometry":{"type":"Point","coordinates":[-88.9821,29.3514]},"properties":{"name":null,"operator":"Chevron USA Inc."}},{"type":"Feature","geometry":{"type":"Point","coordinates":[-88.3331,29.7818]},"properties":{"name":null,"operator":"Energy Resource Technology Gulf of Mexico, Inc."}},{"type":"Feature","geometry":{"type":"Point","coordinates":[-90.8666,28.4863]},"properties":{"name":null,"operator":"W & T Offshore, Inc."}},{"type":"Feature","geometry":{"type":"Point","coordinates":[-91.6032,29.2272]},"properties":{"name":null,"operator":"Fieldwood Energy LLC"}},{"type":"Feature","geometry":{"type":"Point","coordinates":[-92.5465,28.0731]},"properties":{"name":null,"operator":"Black Elk Energy Offshore Operations, LLC"}},{"type":"Feature","geometry":{"type":"Point","coordinates":[-93.5573,28.2423]},"properties":{"name":null,"operator":"Fieldwood Energy Offshore LLC"}},{"type":"Feature","geometry":{"type":"Point","coordinates":[-96.0129,27.8354]},"properties":{"name":null,"operator":"GOM Shelf LLC"}},{"type":"Feature","geometry":{"type":"Point","coordinates":[-90.2775,28.5159]},"properties":{"name":null,"operator":"Fieldwood Energy Offshore LLC"}},{"type":"Feature","geometry":{"type":"Point","coordinates":[-89.1396,28.8415]},"properties":{"name":null,"operator":"Apache Corporation"}},{"type":"Feature","geometry":{"type":"Point","coordinates":[-91.0995,28.5295]},"properties":{"name":null,"operator":"Fieldwood Energy LLC"}},{"type":"Feature","geometry":{"type":"Point","coordinates":[-88.2888,28.5212]},"properties":{"name":null,"operator":"BP Exploration & Production Inc."}},{"type":"Feature","geometry":{"type":"Point","coordinates":[-90.8766,28.5295]},"properties":{"name":null,"operator":"Energy XXI Gulf of Mexico, LLC;EPL Oil & Gas, Inc."}},{"type":"Feature","geometry":{"type":"Point","coordinates":[-91.1308,28.8596]},"properties":{"name":null,"operator":"Energy XXI Gulf of Mexico, LLC"}},{"type":"Feature","geometry":{"type":"Point","coordinates":[-93.5983,29.694]},"properties":{"name":null,"operator":"Northstar Offshore Group, LLC"}},{"type":"Feature","geometry":{"type":"Point","coordinates":[-90.7175,28.9623]},"properties":{"name":null,"operator":"Fieldwood Energy LLC"}},{"type":"Feature","geometry":{"type":"Point","coordinates":[-88.971,28.9383]},"properties":{"name":null,"operator":"Taylor Energy Co. LLC"}},{"type":"Feature","geometry":{"type":"Point","coordinates":[-89.7156,28.9422]},"properties":{"name":null,"operator":"Energy XXI Gulf of Mexico, LLC"}},{"type":"Feature","geometry":{"type":"Point","coordinates":[-91.5722,28.7614]},"properties":{"name":null,"operator":"Transcontinental Gas Pipe Line Co., LLC"}},{"type":"Feature","geometry":{"type":"Point","coordinates":[-88.7595,29.2659]},"properties":{"name":null,"operator":"Freeport-mcmoran Energy LLC"}},{"type":"Feature","geometry":{"type":"Point","coordinates":[-93.8766,29.2346]},"properties":{"name":null,"operator":"Apache Shelf, Inc."}},{"type":"Feature","geometry":{"type":"Point","coordinates":[-91.4731,28.979]},"properties":{"name":null,"operator":"Fieldwood Energy LLC"}},{"type":"Feature","geometry":{"type":"Point","coordinates":[-92.0962,28.3106]},"properties":{"name":null,"operator":"Fieldwood Energy LLC"}},{"type":"Feature","geometry":{"type":"Point","coordinates":[-95.5869,28.1808]},"properties":{"name":null,"operator":"Shell Offshore Inc."}},{"type":"Feature","geometry":{"type":"Point","coordinates":[-96.2539,27.6079]},"properties":{"name":null,"operator":"Fieldwood Energy LLC"}},{"type":"Feature","geometry":{"type":"Point","coordinates":[-90.9016,27.8834]},"properties":{"name":"BULLWINKLE","operator":"Fieldwood Energy Offshore LLC"}},{"type":"Feature","geometry":{"type":"Point","coordinates":[-91.5314,29.3079]},"properties":{"name":null,"operator":"Energy XXI Gulf of Mexico, LLC"}},{"type":"Feature","geometry":{"type":"Point","coordinates":[-93.2958,29.5006]},"properties":{"name":null,"operator":"Fieldwood Energy LLC"}},{"type":"Feature","geometry":{"type":"Point","coordinates":[-92.8999,29.5886]},"properties":{"name":"CF#2","operator":"Forest Oil Corporation"}},{"type":"Feature","geometry":{"type":"Point","coordinates":[-92.0627,29.4416]},"properties":{"name":"SEPARATOR","operator":"Chevron USA Inc."}},{"type":"Feature","geometry":{"type":"Point","coordinates":[-91.9641,28.6063]},"properties":{"name":null,"operator":"Fieldwood Energy LLC"}},{"type":"Feature","geometry":{"type":"Point","coordinates":[-90.8592,28.478]},"properties":{"name":null,"operator":"W & T Offshore, Inc."}},{"type":"Feature","geometry":{"type":"Point","coordinates":[-91.0289,28.6321]},"properties":{"name":null,"operator":"Fieldwood Energy LLC"}},{"type":"Feature","geometry":{"type":"Point","coordinates":[-89.6441,28.8657]},"properties":{"name":null,"operator":"Fieldwood Energy LLC"}},{"type":"Feature","geometry":{"type":"Point","coordinates":[-91.4777,28.9923]},"properties":{"name":"CAIS.#35","operator":"Fieldwood Energy LLC"}},{"type":"Feature","geometry":{"type":"Point","coordinates":[-91.5225,28.581]},"properties":{"name":null,"operator":"Chevron USA Inc."}},{"type":"Feature","geometry":{"type":"Point","coordinates":[-92.373,29.4453]},"properties":{"name":null,"operator":"Apache Shelf, Inc."}},{"type":"Feature","geometry":{"type":"Point","coordinates":[-90.1739,28.9387]},"properties":{"name":null,"operator":"Energy XXI Gulf of Mexico, LLC"}},{"type":"Feature","geometry":{"type":"Point","coordinates":[-90.8023,28.5906]},"properties":{"name":null,"operator":"Walter Oil & Gas Corporation"}},{"type":"Feature","geometry":{"type":"Point","coordinates":[-91.9011,28.3081]},"properties":{"name":null,"operator":"Fieldwood Energy LLC"}},{"type":"Feature","geometry":{"type":"Point","coordinates":[-93.2073,28.2327]},"properties":{"name":null,"operator":"Apache Corporation"}},{"type":"Feature","geometry":{"type":"Point","coordinates":[-91.4617,28.613]},"properties":{"name":null,"operator":"Chevron USA Inc."}},{"type":"Feature","geometry":{"type":"Point","coordinates":[-93.5478,29.3785]},"properties":{"name":null,"operator":"Fieldwood Energy LLC"}},{"type":"Feature","geometry":{"type":"Point","coordinates":[-93.1548,28.9243]},"properties":{"name":null,"operator":"Black Elk Energy Offshore Operations, LLC"}},{"type":"Feature","geometry":{"type":"Point","coordinates":[-90.5773,28.577]},"properties":{"name":null,"operator":"Stone Energy Corporation"}},{"type":"Feature","geometry":{"type":"Point","coordinates":[-89.7985,28.8175]},"properties":{"name":null,"operator":"Anglo-suisse Offshore Partners, LLC"}},{"type":"Feature","geometry":{"type":"Point","coordinates":[-93.6384,29.4785]},"properties":{"name":null,"operator":"Renaissance Offshore, LLC"}},{"type":"Feature","geometry":{"type":"Point","coordinates":[-92.4618,29.4912]},"properties":{"name":null,"operator":"Chevron USA Inc."}},{"type":"Feature","geometry":{"type":"Point","coordinates":[-89.9672,28.9938]},"properties":{"name":null,"operator":"GOM Shelf LLC"}},{"type":"Feature","geometry":{"type":"Point","coordinates":[-91.9759,28.8132]},"properties":{"name":null,"operator":"Fieldwood Energy Offshore LLC"}},{"type":"Feature","geometry":{"type":"Point","coordinates":[-91.8857,29.3121]},"properties":{"name":null,"operator":"EPL Oil & Gas, Inc."}},{"type":"Feature","geometry":{"type":"Point","coordinates":[-90.2014,28.9869]},"properties":{"name":null,"operator":"Energy XXI Gulf of Mexico, LLC"}},{"type":"Feature","geometry":{"type":"Point","coordinates":[-87.9529,30.189]},"properties":{"name":null,"operator":"Legacy Resources Co., Lp"}},{"type":"Feature","geometry":{"type":"Point","coordinates":[-91.8738,29.086]},"properties":{"name":null,"operator":"Fieldwood Energy LLC"}},{"type":"Feature","geometry":{"type":"Point","coordinates":[-88.8305,29.4576]},"properties":{"name":null,"operator":"Fieldwood Energy Offshore LLC"}},{"type":"Feature","geometry":{"type":"Point","coordinates":[-90.1293,28.6703]},"properties":{"name":null,"operator":"Chevron USA Inc."}},{"type":"Feature","geometry":{"type":"Point","coordinates":[-91.5271,28.5198]},"properties":{"name":null,"operator":"Chevron USA Inc."}},{"type":"Feature","geometry":{"type":"Point","coordinates":[-94.4678,27.3674]},"properties":{"name":"NANSEN","operator":"Anadarko Petroleum Corporation"}},{"type":"Feature","geometry":{"type":"Point","coordinates":[-91.2395,28.7509]},"properties":{"name":null,"operator":"Fieldwood Energy LLC"}},{"type":"Feature","geometry":{"type":"Point","coordinates":[-90.2602,28.6554]},"properties":{"name":null,"operator":"Arena Offshore, Lp"}},{"type":"Feature","geometry":{"type":"Point","coordinates":[-91.4495,28.4491]},"properties":{"name":null,"operator":"Union Oil Co. Of California"}},{"type":"Feature","geometry":{"type":"Point","coordinates":[-90.7049,28.9462]},"properties":{"name":null,"operator":"Fieldwood Energy LLC"}},{"type":"Feature","geometry":{"type":"Point","coordinates":[-90.1423,29.0262]},"properties":{"name":null,"operator":"Chevron USA Inc."}},{"type":"Feature","geometry":{"type":"Point","coordinates":[-93.3827,29.6213]},"properties":{"name":"B 1FS/BRIDGE","operator":"Enven Energy Ventures, LLC"}},{"type":"Feature","geometry":{"type":"Point","coordinates":[-91.3893,28.7541]},"properties":{"name":null,"operator":"Fieldwood Energy LLC"}},{"type":"Feature","geometry":{"type":"Point","coordinates":[-90.9546,28.9826]},"properties":{"name":"CAIS.#14","operator":"Petroquest Energy, LLC"}},{"type":"Feature","geometry":{"type":"Point","coordinates":[-89.2594,28.982]},"properties":{"name":null,"operator":"Whitney Oil & Gas, LLC"}},{"type":"Feature","geometry":{"type":"Point","coordinates":[-92.3569,28.4893]},"properties":{"name":null,"operator":"Stone Energy Corporation"}},{"type":"Feature","geometry":{"type":"Point","coordinates":[-92.0477,29.4804]},"properties":{"name":null,"operator":"Chevron USA Inc."}},{"type":"Feature","geometry":{"type":"Point","coordinates":[-92.952,28.2087]},"properties":{"name":null,"operator":"Medco Energi Us LLC"}},{"type":"Feature","geometry":{"type":"Point","coordinates":[-89.0266,29.4102]},"properties":{"name":null,"operator":"Chevron USA Inc."}},{"type":"Feature","geometry":{"type":"Point","coordinates":[-94.7864,27.9168]},"properties":{"name":null,"operator":"Williams Oil Gathering, LLC"}},{"type":"Feature","geometry":{"type":"Point","coordinates":[-91.7244,28.7962]},"properties":{"name":null,"operator":"Fieldwood Energy LLC"}},{"type":"Feature","geometry":{"type":"Point","coordinates":[-91.17,29.1117]},"properties":{"name":null,"operator":"W & T Offshore, Inc."}},{"type":"Feature","geometry":{"type":"Point","coordinates":[-94.0359,29.3459]},"properties":{"name":null,"operator":"W & T Offshore, Inc."}},{"type":"Feature","geometry":{"type":"Point","coordinates":[-91.4723,28.7313]},"properties":{"name":null,"operator":"Fieldwood Energy LLC"}},{"type":"Feature","geometry":{"type":"Point","coordinates":[-90.9663,28.9589]},"properties":{"name":null,"operator":"Petroquest Energy, LLC"}},{"type":"Feature","geometry":{"type":"Point","coordinates":[-94.3446,29.2914]},"properties":{"name":null,"operator":"Black Elk Energy Offshore Operations, LLC"}},{"type":"Feature","geometry":{"type":"Point","coordinates":[-89.7368,28.9999]},"properties":{"name":null,"operator":"W & T Offshore, Inc."}},{"type":"Feature","geometry":{"type":"Point","coordinates":[-88.7581,29.2795]},"properties":{"name":null,"operator":"Freeport-mcmoran Energy LLC"}},{"type":"Feature","geometry":{"type":"Point","coordinates":[-90.2304,28.7955]},"properties":{"name":"MANIFOLD","operator":"Trunkline Gas Co., LLC"}},{"type":"Feature","geometry":{"type":"Point","coordinates":[-90.2103,28.7951]},"properties":{"name":null,"operator":"Energy Resource Technology Gulf of Mexico, Inc."}},{"type":"Feature","geometry":{"type":"Point","coordinates":[-90.1708,28.9656]},"properties":{"name":null,"operator":"Energy XXI Gulf of Mexico, LLC"}},{"type":"Feature","geometry":{"type":"Point","coordinates":[-91.9727,28.9645]},"properties":{"name":null,"operator":"Fieldwood Energy LLC"}},{"type":"Feature","geometry":{"type":"Point","coordinates":[-89.1769,28.7954]},"properties":{"name":null,"operator":"Apache Corporation"}},{"type":"Feature","geometry":{"type":"Point","coordinates":[-92.4629,29.4878]},"properties":{"name":null,"operator":"Chevron USA Inc."}},{"type":"Feature","geometry":{"type":"Point","coordinates":[-89.2646,28.9769]},"properties":{"name":null,"operator":"Whitney Oil & Gas, LLC"}},{"type":"Feature","geometry":{"type":"Point","coordinates":[-91.4605,29.2606]},"properties":{"name":null,"operator":"Energy XXI Gulf of Mexico, LLC"}},{"type":"Feature","geometry":{"type":"Point","coordinates":[-88.4559,29.1676]},"properties":{"name":null,"operator":"Flextrend Development Co., LLC"}},{"type":"Feature","geometry":{"type":"Point","coordinates":[-93.2814,29.4968]},"properties":{"name":null,"operator":"Fieldwood Energy LLC"}},{"type":"Feature","geometry":{"type":"Point","coordinates":[-92.0533,29.4399]},"properties":{"name":null,"operator":"Chevron USA Inc."}},{"type":"Feature","geometry":{"type":"Point","coordinates":[-89.2467,28.9721]},"properties":{"name":null,"operator":"Whitney Oil & Gas, LLC"}},{"type":"Feature","geometry":{"type":"Point","coordinates":[-93.7848,29.272]},"properties":{"name":null,"operator":"Fieldwood Energy LLC"}},{"type":"Feature","geometry":{"type":"Point","coordinates":[-93.9846,27.8864]},"properties":{"name":null,"operator":"Fieldwood Energy LLC"}},{"type":"Feature","geometry":{"type":"Point","coordinates":[-88.4414,29.2487]},"properties":{"name":null,"operator":"Fieldwood Energy LLC"}},{"type":"Feature","geometry":{"type":"Point","coordinates":[-92.219,28.5745]},"properties":{"name":null,"operator":"Maritech Resources, Inc."}},{"type":"Feature","geometry":{"type":"Point","coordinates":[-91.2494,28.7704]},"properties":{"name":null,"operator":"Fieldwood Energy LLC"}},{"type":"Feature","geometry":{"type":"Point","coordinates":[-91.3477,28.7609]},"properties":{"name":"CAIS.#22","operator":"Fieldwood Energy LLC"}},{"type":"Feature","geometry":{"type":"Point","coordinates":[-88.8097,29.5065]},"properties":{"name":null,"operator":"Fieldwood Energy Offshore LLC"}},{"type":"Feature","geometry":{"type":"Point","coordinates":[-91.1308,28.8602]},"properties":{"name":null,"operator":"Energy XXI Gulf of Mexico, LLC"}},{"type":"Feature","geometry":{"type":"Point","coordinates":[-92.0664,29.4763]},"properties":{"name":"48 (TSB)","operator":"Chevron USA Inc."}},{"type":"Feature","geometry":{"type":"Point","coordinates":[-90.7112,28.9432]},"properties":{"name":null,"operator":"Fieldwood Energy LLC"}},{"type":"Feature","geometry":{"type":"Point","coordinates":[-88.5116,29.9855]},"properties":{"name":null,"operator":"Chevron USA Inc."}},{"type":"Feature","geometry":{"type":"Point","coordinates":[-89.641,29.1106]},"properties":{"name":null,"operator":"Cochon Properties, LLC"}},{"type":"Feature","geometry":{"type":"Point","coordinates":[-93.952,27.9107]},"properties":{"name":"HIOS HIA573","operator":"High Island Offshore System, LLC"}},{"type":"Feature","geometry":{"type":"Point","coordinates":[-90.2583,28.9982]},"properties":{"name":null,"operator":"Energy XXI Gulf of Mexico, LLC"}},{"type":"Feature","geometry":{"type":"Point","coordinates":[-92.8419,28.7262]},"properties":{"name":null,"operator":"Castex Offshore, Inc."}},{"type":"Feature","geometry":{"type":"Point","coordinates":[-90.3353,28.9437]},"properties":{"name":null,"operator":"Chevron USA Inc."}},{"type":"Feature","geometry":{"type":"Point","coordinates":[-90.0888,28.9552]},"properties":{"name":null,"operator":"EPL Oil & Gas, Inc."}},{"type":"Feature","geometry":{"type":"Point","coordinates":[-90.7407,28.978]},"properties":{"name":null,"operator":"Fieldwood Energy LLC"}},{"type":"Feature","geometry":{"type":"Point","coordinates":[-90.1626,29.0473]},"properties":{"name":null,"operator":"Chevron USA Inc."}},{"type":"Feature","geometry":{"type":"Point","coordinates":[-88.922,29.3062]},"properties":{"name":null,"operator":"Energy XXI Gulf of Mexico, LLC"}},{"type":"Feature","geometry":{"type":"Point","coordinates":[-94.0897,28.2912]},"properties":{"name":null,"operator":"Energy XXI Gulf of Mexico, LLC"}},{"type":"Feature","geometry":{"type":"Point","coordinates":[-92.0612,29.4407]},"properties":{"name":null,"operator":"Chevron USA Inc."}},{"type":"Feature","geometry":{"type":"Point","coordinates":[-92.0508,29.4639]},"properties":{"name":null,"operator":"Chevron USA Inc."}},{"type":"Feature","geometry":{"type":"Point","coordinates":[-88.6094,29.4003]},"properties":{"name":null,"operator":"Petro Ventures, Inc."}},{"type":"Feature","geometry":{"type":"Point","coordinates":[-91.7798,29.3555]},"properties":{"name":null,"operator":"Union Oil Co. Of California"}},{"type":"Feature","geometry":{"type":"Point","coordinates":[-89.507,28.9572]},"properties":{"name":null,"operator":"Fieldwood Energy Offshore LLC"}},{"type":"Feature","geometry":{"type":"Point","coordinates":[-88.1583,29.746]},"properties":{"name":null,"operator":"Chevron USA Inc."}},{"type":"Feature","geometry":{"type":"Point","coordinates":[-91.1103,28.2236]},"properties":{"name":null,"operator":"W & T Offshore, Inc."}},{"type":"Feature","geometry":{"type":"Point","coordinates":[-93.303,29.6277]},"properties":{"name":null,"operator":"Energy XXI Gulf of Mexico, LLC"}},{"type":"Feature","geometry":{"type":"Point","coordinates":[-93.1695,29.4037]},"properties":{"name":null,"operator":"Black Elk Energy Offshore Operations, LLC"}},{"type":"Feature","geometry":{"type":"Point","coordinates":[-89.5518,29.1782]},"properties":{"name":null,"operator":"Mcmoran Oil & Gas LLC"}},{"type":"Feature","geometry":{"type":"Point","coordinates":[-91.0161,28.7945]},"properties":{"name":null,"operator":"Contango Operators, Inc."}},{"type":"Feature","geometry":{"type":"Point","coordinates":[-89.5206,28.9778]},"properties":{"name":null,"operator":"Fieldwood Energy Offshore LLC"}},{"type":"Feature","geometry":{"type":"Point","coordinates":[-89.2366,28.965]},"properties":{"name":null,"operator":"Whitney Oil & Gas, LLC"}},{"type":"Feature","geometry":{"type":"Point","coordinates":[-91.2931,29.0617]},"properties":{"name":null,"operator":"W & T Offshore, Inc."}},{"type":"Feature","geometry":{"type":"Point","coordinates":[-93.4417,29.3879]},"properties":{"name":null,"operator":"High Island Offshore System, LLC"}},{"type":"Feature","geometry":{"type":"Point","coordinates":[-92.1109,28.584]},"properties":{"name":null,"operator":"Ankor Energy LLC"}},{"type":"Feature","geometry":{"type":"Point","coordinates":[-88.2657,28.3418]},"properties":{"name":"BLIND FAITH","operator":"Chevron USA Inc."}},{"type":"Feature","geometry":{"type":"Point","coordinates":[-92.567,29.442]},"properties":{"name":null,"operator":"EPL Oil & Gas, Inc."}},{"type":"Feature","geometry":{"type":"Point","coordinates":[-91.0261,28.645]},"properties":{"name":null,"operator":"Fieldwood Energy LLC"}},{"type":"Feature","geometry":{"type":"Point","coordinates":[-89.8593,29.0015]},"properties":{"name":null,"operator":"GOM Shelf LLC"}},{"type":"Feature","geometry":{"type":"Point","coordinates":[-89.1239,29.4316]},"properties":{"name":null,"operator":"Century Exploration New Orleans, LLC"}},{"type":"Feature","geometry":{"type":"Point","coordinates":[-88.3549,29.5783]},"properties":{"name":null,"operator":"Tana Exploration Co. LLC"}},{"type":"Feature","geometry":{"type":"Point","coordinates":[-92.1758,29.0659]},"properties":{"name":null,"operator":"Talos Energy Offshore LLC"}},{"type":"Feature","geometry":{"type":"Point","coordinates":[-94.6071,29.1321]},"properties":{"name":null,"operator":"Fieldwood Energy LLC"}},{"type":"Feature","geometry":{"type":"Point","coordinates":[-90.0116,28.7238]},"properties":{"name":null,"operator":"Fieldwood Energy Offshore LLC"}},{"type":"Feature","geometry":{"type":"Point","coordinates":[-92.5203,29.4519]},"properties":{"name":null,"operator":"EPL Oil & Gas, Inc."}},{"type":"Feature","geometry":{"type":"Point","coordinates":[-92.5114,29.4241]},"properties":{"name":null,"operator":"EPL Oil & Gas, Inc."}},{"type":"Feature","geometry":{"type":"Point","coordinates":[-91.4835,28.9643]},"properties":{"name":null,"operator":"Fieldwood Energy LLC"}},{"type":"Feature","geometry":{"type":"Point","coordinates":[-89.2683,28.9864]},"properties":{"name":null,"operator":"Whitney Oil & Gas, LLC"}},{"type":"Feature","geometry":{"type":"Point","coordinates":[-91.1027,28.1926]},"properties":{"name":null,"operator":"W & T Offshore, Inc."}},{"type":"Feature","geometry":{"type":"Point","coordinates":[-90.9703,28.5058]},"properties":{"name":null,"operator":"Fieldwood Energy LLC"}},{"type":"Feature","geometry":{"type":"Point","coordinates":[-91.9479,28.7963]},"properties":{"name":null,"operator":"Fieldwood Energy Offshore LLC"}},{"type":"Feature","geometry":{"type":"Point","coordinates":[-92.5271,29.4411]},"properties":{"name":null,"operator":"EPL Oil & Gas, Inc."}},{"type":"Feature","geometry":{"type":"Point","coordinates":[-89.9693,29.1089]},"properties":{"name":null,"operator":"Energy XXI Gulf of Mexico, LLC"}},{"type":"Feature","geometry":{"type":"Point","coordinates":[-91.2972,29.0623]},"properties":{"name":null,"operator":"W & T Offshore, Inc."}},{"type":"Feature","geometry":{"type":"Point","coordinates":[-93.7508,29.6247]},"properties":{"name":null,"operator":"Energy XXI Gulf of Mexico, LLC"}},{"type":"Feature","geometry":{"type":"Point","coordinates":[-91.4739,28.9612]},"properties":{"name":null,"operator":"Fieldwood Energy LLC"}},{"type":"Feature","geometry":{"type":"Point","coordinates":[-94.9769,28.577]},"properties":{"name":null,"operator":"Black Elk Energy Offshore Operations, LLC"}},{"type":"Feature","geometry":{"type":"Point","coordinates":[-91.5357,29.3117]},"properties":{"name":"CAIS.#29","operator":"Energy XXI Gulf of Mexico, LLC"}},{"type":"Feature","geometry":{"type":"Point","coordinates":[-90.9951,28.6186]},"properties":{"name":null,"operator":"Chevron USA Inc."}},{"type":"Feature","geometry":{"type":"Point","coordinates":[-91.7801,29.3825]},"properties":{"name":null,"operator":"Contango Operators, Inc."}},{"type":"Feature","geometry":{"type":"Point","coordinates":[-88.7369,29.1836]},"properties":{"name":null,"operator":"GOM Shelf LLC"}},{"type":"Feature","geometry":{"type":"Point","coordinates":[-89.0584,29.3123]},"properties":{"name":null,"operator":"Medco Energi Us LLC"}},{"type":"Feature","geometry":{"type":"Point","coordinates":[-89.2376,28.985]},"properties":{"name":null,"operator":"Whitney Oil & Gas, LLC"}},{"type":"Feature","geometry":{"type":"Point","coordinates":[-92.4664,28.5897]},"properties":{"name":null,"operator":"Kinetica Partners, LLC"}},{"type":"Feature","geometry":{"type":"Point","coordinates":[-89.6632,28.8807]},"properties":{"name":null,"operator":"Fieldwood Energy LLC"}},{"type":"Feature","geometry":{"type":"Point","coordinates":[-91.0428,28.8705]},"properties":{"name":null,"operator":"Talos Energy Offshore LLC"}},{"type":"Feature","geometry":{"type":"Point","coordinates":[-93.2515,29.3965]},"properties":{"name":null,"operator":"Conn Energy, Inc."}},{"type":"Feature","geometry":{"type":"Point","coordinates":[-93.1314,29.6491]},"properties":{"name":null,"operator":"Fieldwood Energy LLC"}},{"type":"Feature","geometry":{"type":"Point","coordinates":[-95.6208,28.3149]},"properties":{"name":null,"operator":"Transcontinental Gas Pipe Line Co., LLC"}},{"type":"Feature","geometry":{"type":"Point","coordinates":[-90.5477,28.0538]},"properties":{"name":null,"operator":"W & T Offshore, Inc."}},{"type":"Feature","geometry":{"type":"Point","coordinates":[-94.0776,28.2654]},"properties":{"name":null,"operator":"Energy XXI Gulf of Mexico, LLC"}},{"type":"Feature","geometry":{"type":"Point","coordinates":[-88.7748,29.261]},"properties":{"name":null,"operator":"Freeport-mcmoran Energy LLC"}},{"type":"Feature","geometry":{"type":"Point","coordinates":[-92.9866,29.3816]},"properties":{"name":null,"operator":"Stone Energy Corporation"}},{"type":"Feature","geometry":{"type":"Point","coordinates":[-90.5312,28.8246]},"properties":{"name":null,"operator":"Arena Offshore, Lp"}},{"type":"Feature","geometry":{"type":"Point","coordinates":[-91.5729,29.0181]},"properties":{"name":null,"operator":"Fieldwood Energy LLC"}},{"type":"Feature","geometry":{"type":"Point","coordinates":[-92.3443,28.5597]},"properties":{"name":null,"operator":"Stone Energy Corporation"}},{"type":"Feature","geometry":{"type":"Point","coordinates":[-93.2872,29.5007]},"properties":{"name":null,"operator":"Fieldwood Energy LLC"}},{"type":"Feature","geometry":{"type":"Point","coordinates":[-91.6607,28.2532]},"properties":{"name":null,"operator":"Fieldwood Energy LLC"}},{"type":"Feature","geometry":{"type":"Point","coordinates":[-91.6693,28.1183]},"properties":{"name":null,"operator":"Chevron USA Inc."}},{"type":"Feature","geometry":{"type":"Point","coordinates":[-93.4281,29.4415]},"properties":{"name":null,"operator":"Energy XXI Gulf of Mexico, LLC"}},{"type":"Feature","geometry":{"type":"Point","coordinates":[-88.0467,29.5966]},"properties":{"name":null,"operator":"Enven Energy Ventures, LLC"}},{"type":"Feature","geometry":{"type":"Point","coordinates":[-89.2248,28.9827]},"properties":{"name":"271(SL 1012)M","operator":"Whitney Oil & Gas, LLC"}},{"type":"Feature","geometry":{"type":"Point","coordinates":[-92.3733,29.4033]},"properties":{"name":null,"operator":"Talos Energy Offshore LLC"}},{"type":"Feature","geometry":{"type":"Point","coordinates":[-91.6712,28.7447]},"properties":{"name":null,"operator":"Arena Offshore, Lp"}},{"type":"Feature","geometry":{"type":"Point","coordinates":[-94.0273,27.9559]},"properties":{"name":null,"operator":"Northstar Offshore Group, LLC"}},{"type":"Feature","geometry":{"type":"Point","coordinates":[-91.0928,28.2749]},"properties":{"name":null,"operator":"Monforte Exploration LLC"}},{"type":"Feature","geometry":{"type":"Point","coordinates":[-93.7912,29.2291]},"properties":{"name":null,"operator":"Fieldwood Energy LLC"}},{"type":"Feature","geometry":{"type":"Point","coordinates":[-90.4916,28.8665]},"properties":{"name":null,"operator":"Chevron USA Inc."}},{"type":"Feature","geometry":{"type":"Point","coordinates":[-89.6262,29.1773]},"properties":{"name":null,"operator":"Energy XXI Gulf of Mexico, LLC"}},{"type":"Feature","geometry":{"type":"Point","coordinates":[-91.2787,28.4742]},"properties":{"name":null,"operator":"Energy Resource Technology Gulf of Mexico, Inc."}},{"type":"Feature","geometry":{"type":"Point","coordinates":[-91.9182,27.9799]},"properties":{"name":null,"operator":"Arena Offshore, Lp"}},{"type":"Feature","geometry":{"type":"Point","coordinates":[-89.8223,28.9524]},"properties":{"name":null,"operator":"GOM Shelf LLC"}},{"type":"Feature","geometry":{"type":"Point","coordinates":[-89.5546,29.1366]},"properties":{"name":null,"operator":"Energy XXI Gulf of Mexico, LLC"}},{"type":"Feature","geometry":{"type":"Point","coordinates":[-91.2287,28.7415]},"properties":{"name":null,"operator":"W & T Offshore, Inc."}},{"type":"Feature","geometry":{"type":"Point","coordinates":[-91.5177,29.1835]},"properties":{"name":null,"operator":"Fieldwood Energy Offshore LLC"}},{"type":"Feature","geometry":{"type":"Point","coordinates":[-90.1704,29.0206]},"properties":{"name":null,"operator":"Chevron USA Inc."}},{"type":"Feature","geometry":{"type":"Point","coordinates":[-91.5953,29.2116]},"properties":{"name":null,"operator":"Fieldwood Energy LLC"}},{"type":"Feature","geometry":{"type":"Point","coordinates":[-87.8832,30.094]},"properties":{"name":null,"operator":"Union Oil Co. Of California"}},{"type":"Feature","geometry":{"type":"Point","coordinates":[-92.4609,28.5776]},"properties":{"name":null,"operator":"Chevron USA Inc."}},{"type":"Feature","geometry":{"type":"Point","coordinates":[-93.1491,29.5614]},"properties":{"name":null,"operator":"Hoactzin Partners, Lp"}},{"type":"Feature","geometry":{"type":"Point","coordinates":[-91.8874,29.3285]},"properties":{"name":null,"operator":"EPL Oil & Gas, Inc."}},{"type":"Feature","geometry":{"type":"Point","coordinates":[-93.1711,29.359]},"properties":{"name":null,"operator":"W & T Offshore, Inc."}},{"type":"Feature","geometry":{"type":"Point","coordinates":[-94.37,29.1818]},"properties":{"name":null,"operator":"Castex Offshore, Inc."}},{"type":"Feature","geometry":{"type":"Point","coordinates":[-91.0877,28.2996]},"properties":{"name":null,"operator":"Monforte Exploration LLC"}},{"type":"Feature","geometry":{"type":"Point","coordinates":[-89.6786,29.1464]},"properties":{"name":null,"operator":"Energy XXI Gulf of Mexico, LLC"}},{"type":"Feature","geometry":{"type":"Point","coordinates":[-88.7185,29.5554]},"properties":{"name":null,"operator":"W & T Offshore, Inc."}},{"type":"Feature","geometry":{"type":"Point","coordinates":[-93.5117,29.4862]},"properties":{"name":null,"operator":"ENI US Operating Co. Inc."}},{"type":"Feature","geometry":{"type":"Point","coordinates":[-92.1648,29.3312]},"properties":{"name":null,"operator":"Arena Offshore, Lp"}},{"type":"Feature","geometry":{"type":"Point","coordinates":[-91.4892,28.635]},"properties":{"name":null,"operator":"Arena Offshore, Lp"}},{"type":"Feature","geometry":{"type":"Point","coordinates":[-90.7745,28.9195]},"properties":{"name":null,"operator":"Fieldwood Energy LLC"}},{"type":"Feature","geometry":{"type":"Point","coordinates":[-91.2088,28.75]},"properties":{"name":null,"operator":"W & T Offshore, Inc."}},{"type":"Feature","geometry":{"type":"Point","coordinates":[-93.953,28.2081]},"properties":{"name":null,"operator":"Rooster Petroleum, LLC"}},{"type":"Feature","geometry":{"type":"Point","coordinates":[-95.6786,28.1941]},"properties":{"name":null,"operator":"Mcmoran Oil & Gas LLC"}},{"type":"Feature","geometry":{"type":"Point","coordinates":[-90.9532,28.956]},"properties":{"name":null,"operator":"Petroquest Energy, LLC"}},{"type":"Feature","geometry":{"type":"Point","coordinates":[-91.5348,29.3073]},"properties":{"name":null,"operator":"Energy XXI Gulf of Mexico, LLC"}},{"type":"Feature","geometry":{"type":"Point","coordinates":[-89.0235,29.2833]},"properties":{"name":null,"operator":"W & T Offshore, Inc."}},{"type":"Feature","geometry":{"type":"Point","coordinates":[-91.6172,29.1903]},"properties":{"name":null,"operator":"Chevron USA Inc."}},{"type":"Feature","geometry":{"type":"Point","coordinates":[-90.7597,28.9462]},"properties":{"name":null,"operator":"Apache Corporation"}},{"type":"Feature","geometry":{"type":"Point","coordinates":[-92.0954,28.7765]},"properties":{"name":null,"operator":"Black Elk Energy Offshore Operations, LLC"}},{"type":"Feature","geometry":{"type":"Point","coordinates":[-88.9891,29.3761]},"properties":{"name":null,"operator":"Chevron USA Inc."}},{"type":"Feature","geometry":{"type":"Point","coordinates":[-93.6464,29.1749]},"properties":{"name":null,"operator":"Fieldwood Energy LLC"}},{"type":"Feature","geometry":{"type":"Point","coordinates":[-90.7294,28.9795]},"properties":{"name":null,"operator":"Fieldwood Energy LLC"}},{"type":"Feature","geometry":{"type":"Point","coordinates":[-92.1014,28.8564]},"properties":{"name":null,"operator":"Ankor Energy LLC"}},{"type":"Feature","geometry":{"type":"Point","coordinates":[-90.9947,28.0668]},"properties":{"name":null,"operator":"Bennu Oil & Gas, LLC"}},{"type":"Feature","geometry":{"type":"Point","coordinates":[-89.8975,29.1501]},"properties":{"name":null,"operator":"Energy XXI Gulf of Mexico, LLC"}},{"type":"Feature","geometry":{"type":"Point","coordinates":[-90.4146,28.7992]},"properties":{"name":null,"operator":"Energy XXI Gulf of Mexico, LLC"}},{"type":"Feature","geometry":{"type":"Point","coordinates":[-93.0026,28.2681]},"properties":{"name":null,"operator":"ATP Oil & Gas Corporation"}},{"type":"Feature","geometry":{"type":"Point","coordinates":[-95.8801,27.6717]},"properties":{"name":null,"operator":"Enterprise Field Services, LLC"}},{"type":"Feature","geometry":{"type":"Point","coordinates":[-92.452,28.5119]},"properties":{"name":null,"operator":"Fieldwood Energy LLC"}},{"type":"Feature","geometry":{"type":"Point","coordinates":[-91.7033,29.0685]},"properties":{"name":null,"operator":"Fieldwood Energy LLC"}},{"type":"Feature","geometry":{"type":"Point","coordinates":[-90.3527,28.929]},"properties":{"name":null,"operator":"Chevron USA Inc."}},{"type":"Feature","geometry":{"type":"Point","coordinates":[-91.2628,28.7269]},"properties":{"name":null,"operator":"Century Exploration New Orleans, LLC"}},{"type":"Feature","geometry":{"type":"Point","coordinates":[-92.9075,29.5943]},"properties":{"name":null,"operator":"Fieldwood Energy LLC"}},{"type":"Feature","geometry":{"type":"Point","coordinates":[-89.2628,28.9678]},"properties":{"name":null,"operator":"Whitney Oil & Gas, LLC"}},{"type":"Feature","geometry":{"type":"Point","coordinates":[-91.8917,29.0836]},"properties":{"name":null,"operator":"Fieldwood Energy LLC"}},{"type":"Feature","geometry":{"type":"Point","coordinates":[-91.0906,28.3918]},"properties":{"name":null,"operator":"Fieldwood Energy Offshore LLC"}},{"type":"Feature","geometry":{"type":"Point","coordinates":[-89.6106,29.1427]},"properties":{"name":null,"operator":"EPL Oil & Gas, Inc."}},{"type":"Feature","geometry":{"type":"Point","coordinates":[-90.0993,29.0821]},"properties":{"name":null,"operator":"Chevron USA Inc."}},{"type":"Feature","geometry":{"type":"Point","coordinates":[-91.5703,28.4974]},"properties":{"name":null,"operator":"Arena Offshore, Lp"}},{"type":"Feature","geometry":{"type":"Point","coordinates":[-90.2019,28.3662]},"properties":{"name":null,"operator":"Llog Exploration Offshore, LLC"}},{"type":"Feature","geometry":{"type":"Point","coordinates":[-94.5515,27.833]},"properties":{"name":"CERVEZ","operator":"Fieldwood Sd Offshore LLC"}},{"type":"Feature","geometry":{"type":"Point","coordinates":[-92.0736,28.6068]},"properties":{"name":null,"operator":"Ankor Energy LLC"}},{"type":"Feature","geometry":{"type":"Point","coordinates":[-89.5515,28.6613]},"properties":{"name":null,"operator":"Shell Offshore Inc."}},{"type":"Feature","geometry":{"type":"Point","coordinates":[-92.804,29.5007]},"properties":{"name":null,"operator":"Mcmoran Oil & Gas LLC"}},{"type":"Feature","geometry":{"type":"Point","coordinates":[-88.6375,29.5492]},"properties":{"name":null,"operator":"W & T Offshore, Inc."}},{"type":"Feature","geometry":{"type":"Point","coordinates":[-88.1084,29.2375]},"properties":{"name":"SPIRIT","operator":"Fieldwood Energy LLC"}},{"type":"Feature","geometry":{"type":"Point","coordinates":[-91.4485,29.0634]},"properties":{"name":null,"operator":"Arena Offshore, Lp"}},{"type":"Feature","geometry":{"type":"Point","coordinates":[-93.1459,29.5596]},"properties":{"name":null,"operator":"Fieldwood Energy LLC"}},{"type":"Feature","geometry":{"type":"Point","coordinates":[-90.9784,28.6564]},"properties":{"name":null,"operator":"Chevron USA Inc."}},{"type":"Feature","geometry":{"type":"Point","coordinates":[-92.2935,28.2935]},"properties":{"name":null,"operator":"Fieldwood Energy Offshore LLC"}},{"type":"Feature","geometry":{"type":"Point","coordinates":[-94.4539,29.222]},"properties":{"name":null,"operator":"EPL Oil & Gas, Inc."}},{"type":"Feature","geometry":{"type":"Point","coordinates":[-89.02,29.4065]},"properties":{"name":null,"operator":"Chevron USA Inc."}},{"type":"Feature","geometry":{"type":"Point","coordinates":[-90.2234,28.7749]},"properties":{"name":null,"operator":"Energy Resource Technology Gulf of Mexico, Inc."}},{"type":"Feature","geometry":{"type":"Point","coordinates":[-92.0617,29.4411]},"properties":{"name":null,"operator":"Chevron USA Inc."}},{"type":"Feature","geometry":{"type":"Point","coordinates":[-88.4018,29.6112]},"properties":{"name":null,"operator":"Fieldwood Energy LLC"}},{"type":"Feature","geometry":{"type":"Point","coordinates":[-92.4904,29.4521]},"properties":{"name":null,"operator":"EPL Oil & Gas, Inc."}},{"type":"Feature","geometry":{"type":"Point","coordinates":[-94.1858,28.228]},"properties":{"name":null,"operator":"Mcmoran Oil & Gas LLC"}},{"type":"Feature","geometry":{"type":"Point","coordinates":[-94.323,27.819]},"properties":{"name":null,"operator":"Fieldwood Sd Offshore LLC"}},{"type":"Feature","geometry":{"type":"Point","coordinates":[-89.7659,29.1636]},"properties":{"name":null,"operator":"Fieldwood Energy LLC"}},{"type":"Feature","geometry":{"type":"Point","coordinates":[-90.1586,28.6752]},"properties":{"name":null,"operator":"Arena Offshore, Lp"}},{"type":"Feature","geometry":{"type":"Point","coordinates":[-92.1283,28.2421]},"properties":{"name":null,"operator":"Fieldwood Energy LLC"}},{"type":"Feature","geometry":{"type":"Point","coordinates":[-92.6961,28.1794]},"properties":{"name":null,"operator":"Maritech Resources, Inc."}},{"type":"Feature","geometry":{"type":"Point","coordinates":[-89.2468,28.9756]},"properties":{"name":null,"operator":"Whitney Oil & Gas, LLC"}},{"type":"Feature","geometry":{"type":"Point","coordinates":[-93.5966,29.165]},"properties":{"name":null,"operator":"EPL Oil & Gas, Inc."}},{"type":"Feature","geometry":{"type":"Point","coordinates":[-89.3876,28.6807]},"properties":{"name":null,"operator":"Fieldwood Energy LLC"}},{"type":"Feature","geometry":{"type":"Point","coordinates":[-88.9561,29.4084]},"properties":{"name":null,"operator":"Chevron USA Inc."}},{"type":"Feature","geometry":{"type":"Point","coordinates":[-89.6121,29.1118]},"properties":{"name":null,"operator":"EPL Oil & Gas, Inc."}},{"type":"Feature","geometry":{"type":"Point","coordinates":[-91.9003,29.3071]},"properties":{"name":null,"operator":"EPL Oil & Gas, Inc."}},{"type":"Feature","geometry":{"type":"Point","coordinates":[-88.8494,29.6531]},"properties":{"name":null,"operator":"Apache Corporation"}},{"type":"Feature","geometry":{"type":"Point","coordinates":[-90.16,28.9343]},"properties":{"name":null,"operator":"Energy XXI Gulf of Mexico, LLC"}},{"type":"Feature","geometry":{"type":"Point","coordinates":[-92.3724,29.2979]},"properties":{"name":null,"operator":"Cochon Properties, LLC"}},{"type":"Feature","geometry":{"type":"Point","coordinates":[-92.1879,29.4333]},"properties":{"name":null,"operator":"EPL Oil & Gas, Inc."}},{"type":"Feature","geometry":{"type":"Point","coordinates":[-89.2392,28.1601]},"properties":{"name":"OLYMPUS","operator":"Shell Offshore Inc."}},{"type":"Feature","geometry":{"type":"Point","coordinates":[-96.0284,27.8391]},"properties":{"name":null,"operator":"GOM Shelf LLC"}},{"type":"Feature","geometry":{"type":"Point","coordinates":[-91.5095,27.8992]},"properties":{"name":null,"operator":"Mc Offshore Petroleum, LLC"}},{"type":"Feature","geometry":{"type":"Point","coordinates":[-90.1442,29.0314]},"properties":{"name":null,"operator":"Chevron USA Inc."}},{"type":"Feature","geometry":{"type":"Point","coordinates":[-93.2331,29.5577]},"properties":{"name":null,"operator":"Fieldwood Energy Offshore LLC"}},{"type":"Feature","geometry":{"type":"Point","coordinates":[-92.9611,28.1756]},"properties":{"name":null,"operator":"Energy XXI Gulf of Mexico, LLC"}},{"type":"Feature","geometry":{"type":"Point","coordinates":[-91.0874,28.4705]},"properties":{"name":null,"operator":"Ankor Energy LLC"}},{"type":"Feature","geometry":{"type":"Point","coordinates":[-93.3988,29.4453]},"properties":{"name":null,"operator":"W & T Offshore, Inc."}},{"type":"Feature","geometry":{"type":"Point","coordinates":[-93.2313,28.2982]},"properties":{"name":null,"operator":"Black Elk Energy Offshore Operations, LLC"}},{"type":"Feature","geometry":{"type":"Point","coordinates":[-90.5829,28.4576]},"properties":{"name":null,"operator":"EPL Oil & Gas, Inc."}},{"type":"Feature","geometry":{"type":"Point","coordinates":[-89.6904,29.1288]},"properties":{"name":null,"operator":"Energy XXI Gulf of Mexico, LLC"}},{"type":"Feature","geometry":{"type":"Point","coordinates":[-91.6514,29.3007]},"properties":{"name":null,"operator":"Sojitz Energy Venture, Inc."}},{"type":"Feature","geometry":{"type":"Point","coordinates":[-91.6108,29.2192]},"properties":{"name":null,"operator":"Fieldwood Energy LLC"}},{"type":"Feature","geometry":{"type":"Point","coordinates":[-90.2603,28.9968]},"properties":{"name":null,"operator":"Energy XXI Gulf of Mexico, LLC"}},{"type":"Feature","geometry":{"type":"Point","coordinates":[-91.2378,28.7102]},"properties":{"name":null,"operator":"Century Exploration New Orleans, LLC"}},{"type":"Feature","geometry":{"type":"Point","coordinates":[-92.0789,29.3621]},"properties":{"name":null,"operator":"Mcmoran Oil & Gas LLC"}},{"type":"Feature","geometry":{"type":"Point","coordinates":[-91.9732,28.4224]},"properties":{"name":null,"operator":"Talos Energy Offshore LLC"}},{"type":"Feature","geometry":{"type":"Point","coordinates":[-92.3742,29.4157]},"properties":{"name":null,"operator":"Apache Shelf, Inc."}},{"type":"Feature","geometry":{"type":"Point","coordinates":[-92.2341,28.0988]},"properties":{"name":null,"operator":"Rooster Petroleum, LLC"}},{"type":"Feature","geometry":{"type":"Point","coordinates":[-92.5238,29.4315]},"properties":{"name":null,"operator":"EPL Oil & Gas, Inc."}},{"type":"Feature","geometry":{"type":"Point","coordinates":[-90.7679,28.7845]},"properties":{"name":null,"operator":"Trunkline Gas Co., LLC"}},{"type":"Feature","geometry":{"type":"Point","coordinates":[-92.9506,29.299]},"properties":{"name":null,"operator":"Enven Energy Ventures, LLC"}},{"type":"Feature","geometry":{"type":"Point","coordinates":[-93.0384,29.6731]},"properties":{"name":null,"operator":"Fieldwood Energy LLC"}},{"type":"Feature","geometry":{"type":"Point","coordinates":[-90.7099,28.9585]},"properties":{"name":null,"operator":"Fieldwood Energy LLC"}},{"type":"Feature","geometry":{"type":"Point","coordinates":[-88.2816,29.3469]},"properties":{"name":null,"operator":"Tana Exploration Co. LLC"}},{"type":"Feature","geometry":{"type":"Point","coordinates":[-89.9855,28.9932]},"properties":{"name":null,"operator":"GOM Shelf LLC"}},{"type":"Feature","geometry":{"type":"Point","coordinates":[-88.1901,29.2693]},"properties":{"name":null,"operator":"W & T Offshore, Inc."}},{"type":"Feature","geometry":{"type":"Point","coordinates":[-92.8626,28.1643]},"properties":{"name":null,"operator":"Fieldwood Energy Offshore LLC"}},{"type":"Feature","geometry":{"type":"Point","coordinates":[-91.5342,29.3068]},"properties":{"name":null,"operator":"Energy XXI Gulf of Mexico, LLC"}},{"type":"Feature","geometry":{"type":"Point","coordinates":[-89.628,29.1809]},"properties":{"name":null,"operator":"Energy XXI Gulf of Mexico, LLC"}},{"type":"Feature","geometry":{"type":"Point","coordinates":[-91.8634,28.2518]},"properties":{"name":null,"operator":"Fieldwood Energy Offshore LLC"}},{"type":"Feature","geometry":{"type":"Point","coordinates":[-91.3124,28.6287]},"properties":{"name":null,"operator":"Fieldwood Energy LLC"}},{"type":"Feature","geometry":{"type":"Point","coordinates":[-91.7673,28.5821]},"properties":{"name":null,"operator":"Fieldwood Energy LLC"}},{"type":"Feature","geometry":{"type":"Point","coordinates":[-88.9643,29.0582]},"properties":{"name":null,"operator":"Fieldwood Energy Offshore LLC"}},{"type":"Feature","geometry":{"type":"Point","coordinates":[-92.0638,28.4313]},"properties":{"name":null,"operator":"Fieldwood Energy LLC"}},{"type":"Feature","geometry":{"type":"Point","coordinates":[-90.7375,28.9419]},"properties":{"name":null,"operator":"Fieldwood Energy LLC"}},{"type":"Feature","geometry":{"type":"Point","coordinates":[-93.0501,29.6684]},"properties":{"name":null,"operator":"Fieldwood Energy LLC"}},{"type":"Feature","geometry":{"type":"Point","coordinates":[-92.3179,28.5413]},"properties":{"name":null,"operator":"Stone Energy Corporation"}},{"type":"Feature","geometry":{"type":"Point","coordinates":[-91.3124,28.4166]},"properties":{"name":null,"operator":"Fieldwood Energy Offshore LLC"}},{"type":"Feature","geometry":{"type":"Point","coordinates":[-90.1697,29.0266]},"properties":{"name":null,"operator":"Chevron USA Inc."}},{"type":"Feature","geometry":{"type":"Point","coordinates":[-90.6853,28.4495]},"properties":{"name":null,"operator":"Probe Resources Us Ltd."}},{"type":"Feature","geometry":{"type":"Point","coordinates":[-90.7123,28.9304]},"properties":{"name":null,"operator":"Fieldwood Energy LLC"}},{"type":"Feature","geometry":{"type":"Point","coordinates":[-90.4411,27.6251]},"properties":{"name":"FRONT RUNNER","operator":"Murphy Exploration & Production Co. - USA"}},{"type":"Feature","geometry":{"type":"Point","coordinates":[-91.0449,28.6133]},"properties":{"name":null,"operator":"Chevron USA Inc."}},{"type":"Feature","geometry":{"type":"Point","coordinates":[-92.2637,28.2705]},"properties":{"name":null,"operator":"Energy Resource Technology Gulf of Mexico, Inc."}},{"type":"Feature","geometry":{"type":"Point","coordinates":[-88.5758,29.4344]},"properties":{"name":null,"operator":"Arena Offshore, Lp"}},{"type":"Feature","geometry":{"type":"Point","coordinates":[-91.8801,29.2982]},"properties":{"name":null,"operator":"EPL Oil & Gas, Inc."}},{"type":"Feature","geometry":{"type":"Point","coordinates":[-88.7342,29.087]},"properties":{"name":null,"operator":"Fieldwood Energy LLC"}},{"type":"Feature","geometry":{"type":"Point","coordinates":[-91.4033,28.7615]},"properties":{"name":null,"operator":"Tc Offshore LLC"}},{"type":"Feature","geometry":{"type":"Point","coordinates":[-89.2606,28.9823]},"properties":{"name":"102(T)","operator":"Whitney Oil & Gas, LLC"}},{"type":"Feature","geometry":{"type":"Point","coordinates":[-93.2001,29.3793]},"properties":{"name":null,"operator":"W & T Offshore, Inc."}},{"type":"Feature","geometry":{"type":"Point","coordinates":[-93.3894,29.6681]},"properties":{"name":null,"operator":"Virgin Offshore USA, Inc."}},{"type":"Feature","geometry":{"type":"Point","coordinates":[-94.2191,29.3138]},"properties":{"name":null,"operator":"W & T Offshore, Inc."}},{"type":"Feature","geometry":{"type":"Point","coordinates":[-88.7462,29.1644]},"properties":{"name":null,"operator":"GOM Shelf LLC"}},{"type":"Feature","geometry":{"type":"Point","coordinates":[-96.235,27.6386]},"properties":{"name":null,"operator":"Apache Corporation"}},{"type":"Feature","geometry":{"type":"Point","coordinates":[-93.2204,28.4504]},"properties":{"name":null,"operator":"Enven Energy Ventures, LLC"}},{"type":"Feature","geometry":{"type":"Point","coordinates":[-89.2625,28.9787]},"properties":{"name":null,"operator":"Whitney Oil & Gas, LLC"}},{"type":"Feature","geometry":{"type":"Point","coordinates":[-90.1812,28.9376]},"properties":{"name":null,"operator":"Energy XXI Gulf of Mexico, LLC"}},{"type":"Feature","geometry":{"type":"Point","coordinates":[-91.7401,28.2562]},"properties":{"name":null,"operator":"Arena Offshore, Lp"}},{"type":"Feature","geometry":{"type":"Point","coordinates":[-88.6859,29.4646]},"properties":{"name":null,"operator":"Arena Offshore, Lp"}},{"type":"Feature","geometry":{"type":"Point","coordinates":[-90.0262,28.7385]},"properties":{"name":null,"operator":"Fieldwood Energy LLC"}},{"type":"Feature","geometry":{"type":"Point","coordinates":[-90.8052,28.575]},"properties":{"name":null,"operator":"Walter Oil & Gas Corporation"}},{"type":"Feature","geometry":{"type":"Point","coordinates":[-88.9345,29.3546]},"properties":{"name":null,"operator":"Chevron USA Inc."}},{"type":"Feature","geometry":{"type":"Point","coordinates":[-92.4782,29.4924]},"properties":{"name":null,"operator":"Chevron USA Inc."}},{"type":"Feature","geometry":{"type":"Point","coordinates":[-89.6194,29.1163]},"properties":{"name":null,"operator":"Energy XXI Gulf of Mexico, LLC"}},{"type":"Feature","geometry":{"type":"Point","coordinates":[-88.2401,29.3275]},"properties":{"name":null,"operator":"Renaissance Offshore, LLC"}},{"type":"Feature","geometry":{"type":"Point","coordinates":[-90.5731,28.515]},"properties":{"name":null,"operator":"Mcmoran Oil & Gas LLC"}},{"type":"Feature","geometry":{"type":"Point","coordinates":[-93.5995,29.6915]},"properties":{"name":null,"operator":"Northstar Offshore Group, LLC"}},{"type":"Feature","geometry":{"type":"Point","coordinates":[-93.435,28.6926]},"properties":{"name":null,"operator":"Monforte Exploration LLC"}},{"type":"Feature","geometry":{"type":"Point","coordinates":[-92.5497,29.4696]},"properties":{"name":null,"operator":"Probe Resources Us Ltd."}},{"type":"Feature","geometry":{"type":"Point","coordinates":[-94.5214,29.1808]},"properties":{"name":null,"operator":"Fieldwood Energy LLC"}},{"type":"Feature","geometry":{"type":"Point","coordinates":[-93.9353,27.9135]},"properties":{"name":null,"operator":"Fieldwood Energy LLC"}},{"type":"Feature","geometry":{"type":"Point","coordinates":[-91.1606,29.1116]},"properties":{"name":null,"operator":"Shell Pipeline Co. Lp"}},{"type":"Feature","geometry":{"type":"Point","coordinates":[-91.5294,29.3027]},"properties":{"name":null,"operator":"Energy XXI Gulf of Mexico, LLC"}},{"type":"Feature","geometry":{"type":"Point","coordinates":[-93.3815,29.4112]},"properties":{"name":null,"operator":"Energy Resource Technology Gulf of Mexico, Inc."}},{"type":"Feature","geometry":{"type":"Point","coordinates":[-92.4452,28.108]},"properties":{"name":null,"operator":"Fieldwood Energy Offshore LLC"}},{"type":"Feature","geometry":{"type":"Point","coordinates":[-93.1936,28.5494]},"properties":{"name":null,"operator":"ATP Oil & Gas Corporation"}},{"type":"Feature","geometry":{"type":"Point","coordinates":[-91.5368,29.311]},"properties":{"name":null,"operator":"Energy XXI Gulf of Mexico, LLC"}},{"type":"Feature","geometry":{"type":"Point","coordinates":[-92.7871,28.18]},"properties":{"name":null,"operator":"Fieldwood Energy Offshore LLC"}},{"type":"Feature","geometry":{"type":"Point","coordinates":[-91.2906,29.0914]},"properties":{"name":null,"operator":"W & T Offshore, Inc."}},{"type":"Feature","geometry":{"type":"Point","coordinates":[-91.5978,29.199]},"properties":{"name":null,"operator":"Chevron USA Inc."}},{"type":"Feature","geometry":{"type":"Point","coordinates":[-89.5547,29.1366]},"properties":{"name":null,"operator":"Energy XXI Gulf of Mexico, LLC"}},{"type":"Feature","geometry":{"type":"Point","coordinates":[-91.6274,29.2987]},"properties":{"name":null,"operator":"Sojitz Energy Venture, Inc."}},{"type":"Feature","geometry":{"type":"Point","coordinates":[-91.029,28.4553]},"properties":{"name":null,"operator":"Ankor Energy LLC"}},{"type":"Feature","geometry":{"type":"Point","coordinates":[-93.3438,29.4977]},"properties":{"name":null,"operator":"Apache Shelf, Inc."}},{"type":"Feature","geometry":{"type":"Point","coordinates":[-91.2643,28.8308]},"properties":{"name":null,"operator":"Fieldwood Energy LLC"}},{"type":"Feature","geometry":{"type":"Point","coordinates":[-91.3867,29.2441]},"properties":{"name":null,"operator":"Arena Offshore, Lp"}},{"type":"Feature","geometry":{"type":"Point","coordinates":[-92.7824,28.5681]},"properties":{"name":null,"operator":"Tarpon Operating & Development, LLC"}},{"type":"Feature","geometry":{"type":"Point","coordinates":[-91.4713,28.9651]},"properties":{"name":null,"operator":"Fieldwood Energy LLC"}},{"type":"Feature","geometry":{"type":"Point","coordinates":[-90.9018,28.4919]},"properties":{"name":null,"operator":"Energy XXI Gulf of Mexico, LLC"}},{"type":"Feature","geometry":{"type":"Point","coordinates":[-93.3219,27.8399]},"properties":{"name":null,"operator":"Tarpon Operating & Development, LLC"}},{"type":"Feature","geometry":{"type":"Point","coordinates":[-94.5462,29.1302]},"properties":{"name":null,"operator":"Exxon Mobil Corporation"}},{"type":"Feature","geometry":{"type":"Point","coordinates":[-91.2129,28.3211]},"properties":{"name":null,"operator":"Fieldwood Energy LLC"}},{"type":"Feature","geometry":{"type":"Point","coordinates":[-91.8431,28.4763]},"properties":{"name":null,"operator":"Petroquest Energy, LLC"}},{"type":"Feature","geometry":{"type":"Point","coordinates":[-90.4593,28.8575]},"properties":{"name":null,"operator":"Fieldwood Energy LLC"}},{"type":"Feature","geometry":{"type":"Point","coordinates":[-92.1768,29.4385]},"properties":{"name":null,"operator":"EPL Oil & Gas, Inc."}},{"type":"Feature","geometry":{"type":"Point","coordinates":[-89.5575,29.1802]},"properties":{"name":null,"operator":"Mcmoran Oil & Gas LLC"}},{"type":"Feature","geometry":{"type":"Point","coordinates":[-88.2118,29.2891]},"properties":{"name":null,"operator":"Enven Energy Ventures, LLC"}},{"type":"Feature","geometry":{"type":"Point","coordinates":[-91.8722,29.3025]},"properties":{"name":null,"operator":"EPL Oil & Gas, Inc."}},{"type":"Feature","geometry":{"type":"Point","coordinates":[-92.5218,28.9099]},"properties":{"name":null,"operator":"Energy XXI Gulf of Mexico, LLC"}},{"type":"Feature","geometry":{"type":"Point","coordinates":[-92.0969,28.6745]},"properties":{"name":null,"operator":"Fieldwood Energy LLC"}},{"type":"Feature","geometry":{"type":"Point","coordinates":[-89.6761,29.1485]},"properties":{"name":null,"operator":"Energy XXI Gulf of Mexico, LLC"}},{"type":"Feature","geometry":{"type":"Point","coordinates":[-91.1021,28.661]},"properties":{"name":null,"operator":"Bois D' Arc Exploration LLC"}},{"type":"Feature","geometry":{"type":"Point","coordinates":[-91.3363,28.6506]},"properties":{"name":null,"operator":"Fieldwood Energy LLC"}},{"type":"Feature","geometry":{"type":"Point","coordinates":[-89.959,28.9987]},"properties":{"name":null,"operator":"GOM Shelf LLC"}},{"type":"Feature","geometry":{"type":"Point","coordinates":[-93.9319,28.1062]},"properties":{"name":null,"operator":"Mcmoran Oil & Gas LLC"}},{"type":"Feature","geometry":{"type":"Point","coordinates":[-91.2639,29.103]},"properties":{"name":null,"operator":"W & T Offshore, Inc."}},{"type":"Feature","geometry":{"type":"Point","coordinates":[-91.5331,29.1746]},"properties":{"name":null,"operator":"Fieldwood Energy Offshore LLC"}},{"type":"Feature","geometry":{"type":"Point","coordinates":[-89.3681,28.8996]},"properties":{"name":null,"operator":"Fieldwood Energy Offshore LLC"}},{"type":"Feature","geometry":{"type":"Point","coordinates":[-90.4609,28.8935]},"properties":{"name":null,"operator":"Talos Energy Offshore LLC"}},{"type":"Feature","geometry":{"type":"Point","coordinates":[-89.0509,29.3054]},"properties":{"name":null,"operator":"Medco Energi Us LLC"}},{"type":"Feature","geometry":{"type":"Point","coordinates":[-90.044,28.9614]},"properties":{"name":null,"operator":"Wild Well Control, Inc."}},{"type":"Feature","geometry":{"type":"Point","coordinates":[-92.5027,29.4262]},"properties":{"name":null,"operator":"EPL Oil & Gas, Inc."}},{"type":"Feature","geometry":{"type":"Point","coordinates":[-91.5247,28.5681]},"properties":{"name":null,"operator":"Chevron USA Inc."}},{"type":"Feature","geometry":{"type":"Point","coordinates":[-92.9379,29.4766]},"properties":{"name":null,"operator":"Stone Energy Corporation"}},{"type":"Feature","geometry":{"type":"Point","coordinates":[-90.421,28.5887]},"properties":{"name":null,"operator":"Mcmoran Oil & Gas LLC"}},{"type":"Feature","geometry":{"type":"Point","coordinates":[-92.2039,29.2608]},"properties":{"name":null,"operator":"Arena Offshore, Lp"}},{"type":"Feature","geometry":{"type":"Point","coordinates":[-91.9086,28.317]},"properties":{"name":null,"operator":"Fieldwood Energy LLC"}},{"type":"Feature","geometry":{"type":"Point","coordinates":[-92.1673,28.5025]},"properties":{"name":null,"operator":"Enven Energy Ventures, LLC"}},{"type":"Feature","geometry":{"type":"Point","coordinates":[-90.513,28.988]},"properties":{"name":null,"operator":"Talos Energy Offshore LLC"}},{"type":"Feature","geometry":{"type":"Point","coordinates":[-89.246,28.9784]},"properties":{"name":null,"operator":"Whitney Oil & Gas, LLC"}},{"type":"Feature","geometry":{"type":"Point","coordinates":[-91.2908,28.3883]},"properties":{"name":null,"operator":"Fieldwood Energy Offshore LLC"}},{"type":"Feature","geometry":{"type":"Point","coordinates":[-93.1827,29.366]},"properties":{"name":null,"operator":"W & T Offshore, Inc."}},{"type":"Feature","geometry":{"type":"Point","coordinates":[-92.0708,28.7706]},"properties":{"name":null,"operator":"Fieldwood Energy Offshore LLC"}},{"type":"Feature","geometry":{"type":"Point","coordinates":[-89.0564,28.7912]},"properties":{"name":"COGNAC","operator":"Enven Energy Ventures, LLC"}},{"type":"Feature","geometry":{"type":"Point","coordinates":[-89.6072,29.1474]},"properties":{"name":null,"operator":"EPL Oil & Gas, Inc."}},{"type":"Feature","geometry":{"type":"Point","coordinates":[-88.1133,29.3477]},"properties":{"name":null,"operator":"Transcontinental Gas Pipe Line Co., LLC"}},{"type":"Feature","geometry":{"type":"Point","coordinates":[-88.0786,30.1397]},"properties":{"name":null,"operator":"Mobil Oil Exploration & Producing Southeast Inc."}},{"type":"Feature","geometry":{"type":"Point","coordinates":[-91.2584,28.5639]},"properties":{"name":null,"operator":"Talos Energy Offshore LLC"}},{"type":"Feature","geometry":{"type":"Point","coordinates":[-93.1703,29.6091]},"properties":{"name":null,"operator":"Fieldwood Energy Offshore LLC"}},{"type":"Feature","geometry":{"type":"Point","coordinates":[-91.9937,27.7336]},"properties":{"name":"BALDPATE","operator":"Hess Corporation"}},{"type":"Feature","geometry":{"type":"Point","coordinates":[-91.1929,28.6977]},"properties":{"name":null,"operator":"Century Exploration New Orleans, LLC"}},{"type":"Feature","geometry":{"type":"Point","coordinates":[-92.5856,28.7636]},"properties":{"name":null,"operator":"W & T Offshore, Inc."}},{"type":"Feature","geometry":{"type":"Point","coordinates":[-88.9795,29.4454]},"properties":{"name":null,"operator":"Chevron USA Inc."}},{"type":"Feature","geometry":{"type":"Point","coordinates":[-92.1687,29.4454]},"properties":{"name":null,"operator":"EPL Oil & Gas, Inc."}},{"type":"Feature","geometry":{"type":"Point","coordinates":[-89.0277,29.4235]},"properties":{"name":null,"operator":"Chevron USA Inc."}},{"type":"Feature","geometry":{"type":"Point","coordinates":[-94.6702,29.1425]},"properties":{"name":null,"operator":"Black Elk Energy Offshore Operations, LLC"}},{"type":"Feature","geometry":{"type":"Point","coordinates":[-88.7932,29.2199]},"properties":{"name":null,"operator":"Walter Oil & Gas Corporation"}},{"type":"Feature","geometry":{"type":"Point","coordinates":[-90.6688,28.3496]},"properties":{"name":null,"operator":"Fieldwood Energy Offshore LLC"}},{"type":"Feature","geometry":{"type":"Point","coordinates":[-90.8177,28.8944]},"properties":{"name":null,"operator":"Stone Energy Corporation"}},{"type":"Feature","geometry":{"type":"Point","coordinates":[-92.9713,29.447]},"properties":{"name":null,"operator":"Stone Energy Corporation"}},{"type":"Feature","geometry":{"type":"Point","coordinates":[-93.9447,27.9262]},"properties":{"name":null,"operator":"Fieldwood Energy LLC"}},{"type":"Feature","geometry":{"type":"Point","coordinates":[-94.8839,27.8592]},"properties":{"name":"TEQUIL","operator":"Fieldwood Sd Offshore LLC"}},{"type":"Feature","geometry":{"type":"Point","coordinates":[-88.2423,30.1758]},"properties":{"name":null,"operator":"Fieldwood Energy LLC"}},{"type":"Feature","geometry":{"type":"Point","coordinates":[-92.5364,29.4433]},"properties":{"name":null,"operator":"EPL Oil & Gas, Inc."}},{"type":"Feature","geometry":{"type":"Point","coordinates":[-90.2142,28.7845]},"properties":{"name":null,"operator":"Energy Resource Technology Gulf of Mexico, Inc."}},{"type":"Feature","geometry":{"type":"Point","coordinates":[-91.146,28.473]},"properties":{"name":null,"operator":"Enven Energy Ventures, LLC"}},{"type":"Feature","geometry":{"type":"Point","coordinates":[-90.1764,28.9787]},"properties":{"name":null,"operator":"Energy XXI Gulf of Mexico, LLC"}},{"type":"Feature","geometry":{"type":"Point","coordinates":[-88.768,29.4183]},"properties":{"name":null,"operator":"Xto Offshore Inc."}},{"type":"Feature","geometry":{"type":"Point","coordinates":[-92.193,29.4481]},"properties":{"name":null,"operator":"EPL Oil & Gas, Inc."}},{"type":"Feature","geometry":{"type":"Point","coordinates":[-90.8399,28.9826]},"properties":{"name":null,"operator":"Mcmoran Oil & Gas LLC"}},{"type":"Feature","geometry":{"type":"Point","coordinates":[-89.614,29.1296]},"properties":{"name":null,"operator":"Energy XXI Gulf of Mexico, LLC"}},{"type":"Feature","geometry":{"type":"Point","coordinates":[-92.5157,28.2558]},"properties":{"name":null,"operator":"Fieldwood Energy LLC"}},{"type":"Feature","geometry":{"type":"Point","coordinates":[-93.7395,28.4714]},"properties":{"name":null,"operator":"High Island Offshore System, LLC"}},{"type":"Feature","geometry":{"type":"Point","coordinates":[-91.8701,28.7394]},"properties":{"name":null,"operator":"Mcmoran Oil & Gas LLC"}},{"type":"Feature","geometry":{"type":"Point","coordinates":[-93.8697,28.0956]},"properties":{"name":null,"operator":"Fieldwood Energy LLC"}},{"type":"Feature","geometry":{"type":"Point","coordinates":[-93.9913,27.867]},"properties":{"name":null,"operator":"Fieldwood Energy LLC"}},{"type":"Feature","geometry":{"type":"Point","coordinates":[-91.2796,28.5839]},"properties":{"name":null,"operator":"Renaissance Offshore, LLC"}},{"type":"Feature","geometry":{"type":"Point","coordinates":[-95.4361,28.6429]},"properties":{"name":null,"operator":"EPL Oil & Gas, Inc."}},{"type":"Feature","geometry":{"type":"Point","coordinates":[-90.6751,28.7618]},"properties":{"name":null,"operator":"Fairways Offshore Exploration, Inc."}},{"type":"Feature","geometry":{"type":"Point","coordinates":[-93.4081,29.4189]},"properties":{"name":null,"operator":"Energy XXI Gulf of Mexico, LLC"}},{"type":"Feature","geometry":{"type":"Point","coordinates":[-89.2525,28.9625]},"properties":{"name":null,"operator":"Whitney Oil & Gas, LLC"}},{"type":"Feature","geometry":{"type":"Point","coordinates":[-93.9766,27.9961]},"properties":{"name":null,"operator":"Arena Offshore, Lp"}},{"type":"Feature","geometry":{"type":"Point","coordinates":[-92.0612,29.4415]},"properties":{"name":"DIESEL","operator":"Chevron USA Inc."}},{"type":"Feature","geometry":{"type":"Point","coordinates":[-91.3772,28.1502]},"properties":{"name":null,"operator":"Arena Offshore, Lp"}},{"type":"Feature","geometry":{"type":"Point","coordinates":[-92.2713,28.0603]},"properties":{"name":null,"operator":"Fieldwood Energy LLC"}},{"type":"Feature","geometry":{"type":"Point","coordinates":[-93.332,29.4007]},"properties":{"name":null,"operator":"Energy Resource Technology Gulf of Mexico, Inc."}},{"type":"Feature","geometry":{"type":"Point","coordinates":[-89.7881,28.8098]},"properties":{"name":null,"operator":"Anglo-suisse Offshore Partners, LLC"}},{"type":"Feature","geometry":{"type":"Point","coordinates":[-91.0049,28.67]},"properties":{"name":null,"operator":"Fieldwood Energy LLC"}},{"type":"Feature","geometry":{"type":"Point","coordinates":[-90.9468,28.842]},"properties":{"name":null,"operator":"Talos Energy Offshore LLC"}},{"type":"Feature","geometry":{"type":"Point","coordinates":[-90.258,28.9998]},"properties":{"name":null,"operator":"Energy XXI Gulf of Mexico, LLC"}},{"type":"Feature","geometry":{"type":"Point","coordinates":[-92.1954,28.472]},"properties":{"name":null,"operator":"Fieldwood Energy Offshore LLC"}},{"type":"Feature","geometry":{"type":"Point","coordinates":[-91.3869,29.2444]},"properties":{"name":null,"operator":"Arena Offshore, Lp"}},{"type":"Feature","geometry":{"type":"Point","coordinates":[-91.2611,26.2353]},"properties":{"name":"JACK ST. MALO","operator":"Chevron USA Inc."}},{"type":"Feature","geometry":{"type":"Point","coordinates":[-92.4455,28.5711]},"properties":{"name":null,"operator":"Chevron USA Inc."}},{"type":"Feature","geometry":{"type":"Point","coordinates":[-89.5147,28.9718]},"properties":{"name":null,"operator":"Fieldwood Energy Offshore LLC"}},{"type":"Feature","geometry":{"type":"Point","coordinates":[-90.3961,28.4585]},"properties":{"name":null,"operator":"Enven Energy Ventures, LLC"}},{"type":"Feature","geometry":{"type":"Point","coordinates":[-90.6085,28.7895]},"properties":{"name":null,"operator":"Trunkline Gas Co., LLC"}},{"type":"Feature","geometry":{"type":"Point","coordinates":[-90.2473,28.9949]},"properties":{"name":null,"operator":"Energy XXI Gulf of Mexico, LLC"}},{"type":"Feature","geometry":{"type":"Point","coordinates":[-91.2016,28.7472]},"properties":{"name":null,"operator":"W & T Offshore, Inc."}},{"type":"Feature","geometry":{"type":"Point","coordinates":[-90.6069,28.5547]},"properties":{"name":null,"operator":"Arena Offshore, Lp"}},{"type":"Feature","geometry":{"type":"Point","coordinates":[-91.9079,28.1482]},"properties":{"name":null,"operator":"Mcmoran Oil & Gas LLC"}},{"type":"Feature","geometry":{"type":"Point","coordinates":[-90.6476,27.7955]},"properties":{"name":"BRUTUS","operator":"Shell Offshore Inc."}},{"type":"Feature","geometry":{"type":"Point","coordinates":[-90.1162,29.0565]},"properties":{"name":null,"operator":"Chevron USA Inc."}},{"type":"Feature","geometry":{"type":"Point","coordinates":[-91.9162,29.3189]},"properties":{"name":null,"operator":"EPL Oil & Gas, Inc."}},{"type":"Feature","geometry":{"type":"Point","coordinates":[-90.9792,28.5295]},"properties":{"name":"DWPF","operator":"Fieldwood Energy LLC"}},{"type":"Feature","geometry":{"type":"Point","coordinates":[-91.444,28.3087]},"properties":{"name":null,"operator":"Ridgelake Energy, Inc."}},{"type":"Feature","geometry":{"type":"Point","coordinates":[-91.3961,29.2479]},"properties":{"name":null,"operator":"Arena Offshore, Lp"}},{"type":"Feature","geometry":{"type":"Point","coordinates":[-89.5726,29.1458]},"properties":{"name":null,"operator":"Energy XXI Gulf of Mexico, LLC"}},{"type":"Feature","geometry":{"type":"Point","coordinates":[-88.7473,29.2607]},"properties":{"name":null,"operator":"Chevron USA Inc."}},{"type":"Feature","geometry":{"type":"Point","coordinates":[-90.156,28.6666]},"properties":{"name":null,"operator":"Arena Offshore, Lp"}},{"type":"Feature","geometry":{"type":"Point","coordinates":[-90.8536,28.5495]},"properties":{"name":null,"operator":"Energy XXI Gulf of Mexico, LLC"}},{"type":"Feature","geometry":{"type":"Point","coordinates":[-91.5477,29.3204]},"properties":{"name":null,"operator":"Energy XXI Gulf of Mexico, LLC"}},{"type":"Feature","geometry":{"type":"Point","coordinates":[-89.244,28.9766]},"properties":{"name":null,"operator":"Whitney Oil & Gas, LLC"}},{"type":"Feature","geometry":{"type":"Point","coordinates":[-90.6368,28.7649]},"properties":{"name":null,"operator":"ATP Oil & Gas Corporation"}},{"type":"Feature","geometry":{"type":"Point","coordinates":[-90.7049,28.9462]},"properties":{"name":null,"operator":"Fieldwood Energy LLC"}},{"type":"Feature","geometry":{"type":"Point","coordinates":[-91.0872,28.3699]},"properties":{"name":null,"operator":"Fieldwood Energy Offshore LLC"}},{"type":"Feature","geometry":{"type":"Point","coordinates":[-93.2781,29.5146]},"properties":{"name":null,"operator":"Fieldwood Energy LLC"}},{"type":"Feature","geometry":{"type":"Point","coordinates":[-93.7947,29.2406]},"properties":{"name":null,"operator":"W & T Offshore, Inc."}},{"type":"Feature","geometry":{"type":"Point","coordinates":[-89.2483,28.9841]},"properties":{"name":null,"operator":"Whitney Oil & Gas, LLC"}},{"type":"Feature","geometry":{"type":"Point","coordinates":[-92.6688,29.0571]},"properties":{"name":"SEAHORSE","operator":"Rooster Petroleum, LLC"}},{"type":"Feature","geometry":{"type":"Point","coordinates":[-91.321,28.4859]},"properties":{"name":null,"operator":"Energy Resource Technology Gulf of Mexico, Inc."}},{"type":"Feature","geometry":{"type":"Point","coordinates":[-93.6447,27.9624]},"properties":{"name":null,"operator":"Fieldwood Energy LLC"}},{"type":"Feature","geometry":{"type":"Point","coordinates":[-89.0603,29.3179]},"properties":{"name":null,"operator":"Medco Energi Us LLC"}},{"type":"Feature","geometry":{"type":"Point","coordinates":[-91.7321,28.7911]},"properties":{"name":null,"operator":"Fieldwood Energy LLC"}},{"type":"Feature","geometry":{"type":"Point","coordinates":[-91.404,28.7609]},"properties":{"name":null,"operator":"Tc Offshore LLC"}},{"type":"Feature","geometry":{"type":"Point","coordinates":[-91.4959,28.5334]},"properties":{"name":null,"operator":"Chevron USA Inc."}},{"type":"Feature","geometry":{"type":"Point","coordinates":[-92.0624,29.4621]},"properties":{"name":null,"operator":"Chevron USA Inc."}},{"type":"Feature","geometry":{"type":"Point","coordinates":[-93.54,29.7029]},"properties":{"name":null,"operator":"Northstar Offshore Group, LLC"}},{"type":"Feature","geometry":{"type":"Point","coordinates":[-92.175,29.0677]},"properties":{"name":null,"operator":"Talos Energy Offshore LLC"}},{"type":"Feature","geometry":{"type":"Point","coordinates":[-90.902,28.5212]},"properties":{"name":null,"operator":"Energy XXI Gulf of Mexico, LLC"}},{"type":"Feature","geometry":{"type":"Point","coordinates":[-96.4302,28.1069]},"properties":{"name":null,"operator":"Fieldwood Energy LLC"}},{"type":"Feature","geometry":{"type":"Point","coordinates":[-93.4477,28.7666]},"properties":{"name":null,"operator":"Petroquest Energy, LLC"}},{"type":"Feature","geometry":{"type":"Point","coordinates":[-88.6042,29.9732]},"properties":{"name":null,"operator":"Chevron USA Inc."}},{"type":"Feature","geometry":{"type":"Point","coordinates":[-90.2494,28.6177]},"properties":{"name":null,"operator":"Arena Offshore, Lp"}},{"type":"Feature","geometry":{"type":"Point","coordinates":[-91.0217,28.7268]},"properties":{"name":null,"operator":"Hoactzin Partners, Lp"}},{"type":"Feature","geometry":{"type":"Point","coordinates":[-92.3006,28.9881]},"properties":{"name":null,"operator":"Sea Robin Pipeline Co., LLC"}},{"type":"Feature","geometry":{"type":"Point","coordinates":[-91.7762,29.3891]},"properties":{"name":null,"operator":"Contango Operators, Inc."}},{"type":"Feature","geometry":{"type":"Point","coordinates":[-91.8712,29.1161]},"properties":{"name":null,"operator":"Apache Corporation"}},{"type":"Feature","geometry":{"type":"Point","coordinates":[-90.7175,28.9622]},"properties":{"name":null,"operator":"Fieldwood Energy LLC"}},{"type":"Feature","geometry":{"type":"Point","coordinates":[-88.9031,29.181]},"properties":{"name":null,"operator":"Chevron USA Inc."}},{"type":"Feature","geometry":{"type":"Point","coordinates":[-91.4463,29.2552]},"properties":{"name":null,"operator":"Energy XXI Gulf of Mexico, LLC"}},{"type":"Feature","geometry":{"type":"Point","coordinates":[-89.2462,28.9676]},"properties":{"name":null,"operator":"Whitney Oil & Gas, LLC"}},{"type":"Feature","geometry":{"type":"Point","coordinates":[-90.7053,28.6748]},"properties":{"name":null,"operator":"Rooster Petroleum, LLC"}},{"type":"Feature","geometry":{"type":"Point","coordinates":[-91.4736,28.9792]},"properties":{"name":"FIRE ST","operator":"Fieldwood Energy LLC"}},{"type":"Feature","geometry":{"type":"Point","coordinates":[-87.9858,28.0853]},"properties":{"name":"INDEPENDENCE","operator":"Anadarko Petroleum Corporation"}},{"type":"Feature","geometry":{"type":"Point","coordinates":[-90.6426,28.9359]},"properties":{"name":null,"operator":"Ankor Energy LLC"}},{"type":"Feature","geometry":{"type":"Point","coordinates":[-94.3891,27.9643]},"properties":{"name":null,"operator":"Chevron USA Inc."}},{"type":"Feature","geometry":{"type":"Point","coordinates":[-96.9803,26.8425]},"properties":{"name":null,"operator":"Peregrine Oil & Gas Ii, LLC"}},{"type":"Feature","geometry":{"type":"Point","coordinates":[-88.4965,30.0841]},"properties":{"name":null,"operator":"Union Oil Co. Of California"}},{"type":"Feature","geometry":{"type":"Point","coordinates":[-92.5357,29.4433]},"properties":{"name":null,"operator":"EPL Oil & Gas, Inc."}},{"type":"Feature","geometry":{"type":"Point","coordinates":[-88.0921,29.6367]},"properties":{"name":null,"operator":"Chevron USA Inc."}},{"type":"Feature","geometry":{"type":"Point","coordinates":[-91.9621,29.34]},"properties":{"name":null,"operator":"Chevron USA Inc."}},{"type":"Feature","geometry":{"type":"Point","coordinates":[-91.5357,29.3116]},"properties":{"name":null,"operator":"Energy XXI Gulf of Mexico, LLC"}},{"type":"Feature","geometry":{"type":"Point","coordinates":[-88.6487,29.5181]},"properties":{"name":null,"operator":"Xto Offshore Inc."}},{"type":"Feature","geometry":{"type":"Point","coordinates":[-92.0121,29.3355]},"properties":{"name":null,"operator":"Chevron USA Inc."}},{"type":"Feature","geometry":{"type":"Point","coordinates":[-89.0605,29.3062]},"properties":{"name":null,"operator":"Medco Energi Us LLC"}},{"type":"Feature","geometry":{"type":"Point","coordinates":[-89.0045,29.4041]},"properties":{"name":null,"operator":"Chevron USA Inc."}},{"type":"Feature","geometry":{"type":"Point","coordinates":[-91.5802,29.2238]},"properties":{"name":null,"operator":"Fieldwood Energy LLC"}},{"type":"Feature","geometry":{"type":"Point","coordinates":[-93.7398,28.4714]},"properties":{"name":null,"operator":"High Island Offshore System, LLC"}},{"type":"Feature","geometry":{"type":"Point","coordinates":[-90.9271,28.8228]},"properties":{"name":null,"operator":"Stone Energy Corporation"}},{"type":"Feature","geometry":{"type":"Point","coordinates":[-90.2512,28.9955]},"properties":{"name":null,"operator":"Energy XXI Gulf of Mexico, LLC"}},{"type":"Feature","geometry":{"type":"Point","coordinates":[-91.5863,29.2075]},"properties":{"name":null,"operator":"Chevron USA Inc."}},{"type":"Feature","geometry":{"type":"Point","coordinates":[-93.1726,29.6278]},"properties":{"name":null,"operator":"Fieldwood Energy LLC"}},{"type":"Feature","geometry":{"type":"Point","coordinates":[-92.0628,29.5227]},"properties":{"name":null,"operator":"Chevron USA Inc."}},{"type":"Feature","geometry":{"type":"Point","coordinates":[-90.7598,28.9718]},"properties":{"name":null,"operator":"Fieldwood Energy LLC"}},{"type":"Feature","geometry":{"type":"Point","coordinates":[-88.9748,29.4048]},"properties":{"name":null,"operator":"Chevron USA Inc."}},{"type":"Feature","geometry":{"type":"Point","coordinates":[-91.786,29.3575]},"properties":{"name":null,"operator":"Union Oil Co. Of California"}},{"type":"Feature","geometry":{"type":"Point","coordinates":[-93.7885,29.4386]},"properties":{"name":null,"operator":"Tammany Oil & Gas LLC"}},{"type":"Feature","geometry":{"type":"Point","coordinates":[-93.1651,29.4233]},"properties":{"name":null,"operator":"Fieldwood Energy LLC"}},{"type":"Feature","geometry":{"type":"Point","coordinates":[-91.8591,28.4027]},"properties":{"name":null,"operator":"Llog Exploration Offshore, LLC"}},{"type":"Feature","geometry":{"type":"Point","coordinates":[-91.8637,28.9895]},"properties":{"name":null,"operator":"Chevron USA Inc."}},{"type":"Feature","geometry":{"type":"Point","coordinates":[-89.395,28.8225]},"properties":{"name":null,"operator":"Energy XXI Gulf of Mexico, LLC"}},{"type":"Feature","geometry":{"type":"Point","coordinates":[-89.2667,28.9788]},"properties":{"name":null,"operator":"Whitney Oil & Gas, LLC"}},{"type":"Feature","geometry":{"type":"Point","coordinates":[-93.5481,29.3512]},"properties":{"name":null,"operator":"Apache Corporation"}},{"type":"Feature","geometry":{"type":"Point","coordinates":[-91.4849,28.9758]},"properties":{"name":null,"operator":"Fieldwood Energy LLC"}},{"type":"Feature","geometry":{"type":"Point","coordinates":[-90.616,28.83]},"properties":{"name":null,"operator":"Talos Energy Offshore LLC"}},{"type":"Feature","geometry":{"type":"Point","coordinates":[-93.4245,29.5599]},"properties":{"name":null,"operator":"Castex Offshore, Inc."}},{"type":"Feature","geometry":{"type":"Point","coordinates":[-93.2054,29.5838]},"properties":{"name":null,"operator":"Walter Oil & Gas Corporation"}},{"type":"Feature","geometry":{"type":"Point","coordinates":[-89.0123,29.3986]},"properties":{"name":null,"operator":"Chevron USA Inc."}},{"type":"Feature","geometry":{"type":"Point","coordinates":[-88.797,29.6064]},"properties":{"name":null,"operator":"W & T Offshore, Inc."}},{"type":"Feature","geometry":{"type":"Point","coordinates":[-93.3218,29.3934]},"properties":{"name":null,"operator":"Energy Resource Technology Gulf of Mexico, Inc."}},{"type":"Feature","geometry":{"type":"Point","coordinates":[-91.5457,28.5342]},"properties":{"name":null,"operator":"Chevron USA Inc."}},{"type":"Feature","geometry":{"type":"Point","coordinates":[-92.1814,29.319]},"properties":{"name":null,"operator":"Transcontinental Gas Pipe Line Co., LLC"}},{"type":"Feature","geometry":{"type":"Point","coordinates":[-91.441,28.4778]},"properties":{"name":null,"operator":"Energy XXI Gulf of Mexico, LLC"}},{"type":"Feature","geometry":{"type":"Point","coordinates":[-93.4954,28.0436]},"properties":{"name":null,"operator":"Energy XXI Gulf of Mexico, LLC"}},{"type":"Feature","geometry":{"type":"Point","coordinates":[-92.4312,28.6561]},"properties":{"name":null,"operator":"W & T Offshore, Inc."}},{"type":"Feature","geometry":{"type":"Point","coordinates":[-91.9928,29.3569]},"properties":{"name":null,"operator":"Chevron USA Inc."}},{"type":"Feature","geometry":{"type":"Point","coordinates":[-90.169,28.9922]},"properties":{"name":null,"operator":"Chevron USA Inc."}},{"type":"Feature","geometry":{"type":"Point","coordinates":[-92.2694,28.7065]},"properties":{"name":null,"operator":"Chevron USA Inc."}},{"type":"Feature","geometry":{"type":"Point","coordinates":[-90.4648,28.4461]},"properties":{"name":null,"operator":"Black Elk Energy Offshore Operations, LLC"}},{"type":"Feature","geometry":{"type":"Point","coordinates":[-89.0124,29.374]},"properties":{"name":null,"operator":"Chevron USA Inc."}},{"type":"Feature","geometry":{"type":"Point","coordinates":[-92.6617,28.6507]},"properties":{"name":null,"operator":"Virgin Offshore USA, Inc."}},{"type":"Feature","geometry":{"type":"Point","coordinates":[-89.2459,28.9851]},"properties":{"name":null,"operator":"Whitney Oil & Gas, LLC"}},{"type":"Feature","geometry":{"type":"Point","coordinates":[-91.9698,28.6712]},"properties":{"name":null,"operator":"Energy XXI Gulf of Mexico, LLC"}},{"type":"Feature","geometry":{"type":"Point","coordinates":[-96.5436,28.0876]},"properties":{"name":null,"operator":"Matagorda Island Gas Operations,llc"}},{"type":"Feature","geometry":{"type":"Point","coordinates":[-92.1202,28.9012]},"properties":{"name":null,"operator":"Energy Resource Technology Gulf of Mexico, Inc."}},{"type":"Feature","geometry":{"type":"Point","coordinates":[-89.2668,28.9715]},"properties":{"name":null,"operator":"Whitney Oil & Gas, LLC"}},{"type":"Feature","geometry":{"type":"Point","coordinates":[-91.1489,28.9742]},"properties":{"name":null,"operator":"Mcmoran Oil & Gas LLC"}},{"type":"Feature","geometry":{"type":"Point","coordinates":[-90.8137,28.8809]},"properties":{"name":null,"operator":"Stone Energy Corporation"}},{"type":"Feature","geometry":{"type":"Point","coordinates":[-89.8561,29.0378]},"properties":{"name":null,"operator":"GOM Shelf LLC"}},{"type":"Feature","geometry":{"type":"Point","coordinates":[-91.2832,29.0935]},"properties":{"name":null,"operator":"W & T Offshore, Inc."}},{"type":"Feature","geometry":{"type":"Point","coordinates":[-91.4201,29.2578]},"properties":{"name":null,"operator":"Ankor E&p Holdings Corporation"}},{"type":"Feature","geometry":{"type":"Point","coordinates":[-89.9945,29.101]},"properties":{"name":null,"operator":"Energy XXI Gulf of Mexico, LLC"}},{"type":"Feature","geometry":{"type":"Point","coordinates":[-89.5317,28.9049]},"properties":{"name":null,"operator":"Fieldwood Energy Offshore LLC"}},{"type":"Feature","geometry":{"type":"Point","coordinates":[-91.4526,29.0556]},"properties":{"name":null,"operator":"Arena Offshore, Lp"}},{"type":"Feature","geometry":{"type":"Point","coordinates":[-88.7543,29.7017]},"properties":{"name":null,"operator":"Tengasco, Inc."}},{"type":"Feature","geometry":{"type":"Point","coordinates":[-92.0359,28.5142]},"properties":{"name":null,"operator":"Chevron USA Inc."}},{"type":"Feature","geometry":{"type":"Point","coordinates":[-91.2755,28.4118]},"properties":{"name":null,"operator":"Fieldwood Energy Offshore LLC"}},{"type":"Feature","geometry":{"type":"Point","coordinates":[-90.9451,28.8026]},"properties":{"name":null,"operator":"Stone Energy Corporation"}},{"type":"Feature","geometry":{"type":"Point","coordinates":[-92.3843,29.4625]},"properties":{"name":null,"operator":"Apache Shelf, Inc."}},{"type":"Feature","geometry":{"type":"Point","coordinates":[-89.0527,29.3109]},"properties":{"name":null,"operator":"Medco Energi Us LLC"}},{"type":"Feature","geometry":{"type":"Point","coordinates":[-88.9209,29.427]},"properties":{"name":null,"operator":"Chevron USA Inc."}},{"type":"Feature","geometry":{"type":"Point","coordinates":[-91.6147,28.6712]},"properties":{"name":null,"operator":"Sea Robin Pipeline Co., LLC"}},{"type":"Feature","geometry":{"type":"Point","coordinates":[-88.3079,29.7791]},"properties":{"name":null,"operator":"Energy Resource Technology Gulf of Mexico, Inc."}},{"type":"Feature","geometry":{"type":"Point","coordinates":[-91.3903,28.4652]},"properties":{"name":null,"operator":"Energy XXI Gulf of Mexico, LLC"}},{"type":"Feature","geometry":{"type":"Point","coordinates":[-91.3602,28.9336]},"properties":{"name":null,"operator":"Marlin Coastal, LLC"}},{"type":"Feature","geometry":{"type":"Point","coordinates":[-93.9591,27.9037]},"properties":{"name":null,"operator":"Fieldwood Energy LLC"}},{"type":"Feature","geometry":{"type":"Point","coordinates":[-92.5027,29.1208]},"properties":{"name":null,"operator":"Black Elk Energy Offshore Operations, LLC"}},{"type":"Feature","geometry":{"type":"Point","coordinates":[-94.6262,27.8277]},"properties":{"name":null,"operator":"Fieldwood Sd Offshore LLC"}},{"type":"Feature","geometry":{"type":"Point","coordinates":[-91.4844,28.9793]},"properties":{"name":"33 AUX","operator":"Fieldwood Energy LLC"}},{"type":"Feature","geometry":{"type":"Point","coordinates":[-91.6567,28.5792]},"properties":{"name":null,"operator":"Arena Offshore, Lp"}},{"type":"Feature","geometry":{"type":"Point","coordinates":[-91.0991,28.5295]},"properties":{"name":null,"operator":"Fieldwood Energy LLC"}},{"type":"Feature","geometry":{"type":"Point","coordinates":[-91.0698,28.5935]},"properties":{"name":null,"operator":"Fieldwood Energy LLC"}},{"type":"Feature","geometry":{"type":"Point","coordinates":[-91.1308,28.8599]},"properties":{"name":null,"operator":"Energy XXI Gulf of Mexico, LLC"}},{"type":"Feature","geometry":{"type":"Point","coordinates":[-88.6768,29.4765]},"properties":{"name":null,"operator":"Arena Offshore, Lp"}},{"type":"Feature","geometry":{"type":"Point","coordinates":[-90.6664,28.1599]},"properties":{"name":null,"operator":"Shell Offshore Inc."}},{"type":"Feature","geometry":{"type":"Point","coordinates":[-90.4869,28.9142]},"properties":{"name":null,"operator":"Talos Energy Offshore LLC"}},{"type":"Feature","geometry":{"type":"Point","coordinates":[-89.5183,28.9485]},"properties":{"name":null,"operator":"Fieldwood Energy Offshore LLC"}},{"type":"Feature","geometry":{"type":"Point","coordinates":[-93.6026,29.279]},"properties":{"name":null,"operator":"Fieldwood Energy Offshore LLC"}},{"type":"Feature","geometry":{"type":"Point","coordinates":[-89.2407,28.9881]},"properties":{"name":"225 (SL 1012)T","operator":"Whitney Oil & Gas, LLC"}},{"type":"Feature","geometry":{"type":"Point","coordinates":[-93.5977,29.6938]},"properties":{"name":null,"operator":"Northstar Offshore Group, LLC"}},{"type":"Feature","geometry":{"type":"Point","coordinates":[-91.0103,28.571]},"properties":{"name":null,"operator":"Fieldwood Energy LLC"}},{"type":"Feature","geometry":{"type":"Point","coordinates":[-90.724,28.9482]},"properties":{"name":null,"operator":"Fieldwood Energy LLC"}},{"type":"Feature","geometry":{"type":"Point","coordinates":[-94.4228,29.2385]},"properties":{"name":"MOPU","operator":"Rooster Petroleum, LLC"}},{"type":"Feature","geometry":{"type":"Point","coordinates":[-96.3701,28.1024]},"properties":{"name":null,"operator":"Fieldwood Energy LLC"}},{"type":"Feature","geometry":{"type":"Point","coordinates":[-90.161,29.0255]},"properties":{"name":null,"operator":"Chevron USA Inc."}},{"type":"Feature","geometry":{"type":"Point","coordinates":[-91.5298,29.3072]},"properties":{"name":null,"operator":"Energy XXI Gulf of Mexico, LLC"}},{"type":"Feature","geometry":{"type":"Point","coordinates":[-88.4687,29.8835]},"properties":{"name":null,"operator":"Fieldwood Energy Offshore LLC"}},{"type":"Feature","geometry":{"type":"Point","coordinates":[-92.1903,28.5442]},"properties":{"name":null,"operator":"Castex Offshore, Inc."}},{"type":"Feature","geometry":{"type":"Point","coordinates":[-92.0488,29.4732]},"properties":{"name":null,"operator":"Chevron USA Inc."}},{"type":"Feature","geometry":{"type":"Point","coordinates":[-92.0093,28.3103]},"properties":{"name":null,"operator":"Energy Resource Technology Gulf of Mexico, Inc."}},{"type":"Feature","geometry":{"type":"Point","coordinates":[-91.7408,28.7779]},"properties":{"name":null,"operator":"Fieldwood Energy LLC"}},{"type":"Feature","geometry":{"type":"Point","coordinates":[-91.5564,28.5153]},"properties":{"name":null,"operator":"Chevron USA Inc."}},{"type":"Feature","geometry":{"type":"Point","coordinates":[-94.0232,28.0569]},"properties":{"name":null,"operator":"Fieldwood Energy LLC"}},{"type":"Feature","geometry":{"type":"Point","coordinates":[-88.6691,29.2926]},"properties":{"name":null,"operator":"Chevron USA Inc."}},{"type":"Feature","geometry":{"type":"Point","coordinates":[-90.8804,28.8338]},"properties":{"name":null,"operator":"Stone Energy Corporation"}},{"type":"Feature","geometry":{"type":"Point","coordinates":[-92.526,29.0843]},"properties":{"name":null,"operator":"Black Elk Energy Offshore Operations, LLC"}},{"type":"Feature","geometry":{"type":"Point","coordinates":[-91.3875,28.3943]},"properties":{"name":null,"operator":"Energy XXI Gulf of Mexico, LLC"}},{"type":"Feature","geometry":{"type":"Point","coordinates":[-91.8814,29.3023]},"properties":{"name":"CAIS.#191","operator":"EPL Oil & Gas, Inc."}},{"type":"Feature","geometry":{"type":"Point","coordinates":[-90.9608,28.9543]},"properties":{"name":null,"operator":"Petroquest Energy, LLC"}},{"type":"Feature","geometry":{"type":"Point","coordinates":[-91.7962,28.5913]},"properties":{"name":null,"operator":"Castex Offshore, Inc."}},{"type":"Feature","geometry":{"type":"Point","coordinates":[-91.2859,29.0886]},"properties":{"name":null,"operator":"W & T Offshore, Inc."}},{"type":"Feature","geometry":{"type":"Point","coordinates":[-92.9149,28.4722]},"properties":{"name":null,"operator":"Fieldwood Energy LLC"}},{"type":"Feature","geometry":{"type":"Point","coordinates":[-91.9925,29.4089]},"properties":{"name":null,"operator":"Chevron USA Inc."}},{"type":"Feature","geometry":{"type":"Point","coordinates":[-92.9991,28.1732]},"properties":{"name":null,"operator":"Black Elk Energy Offshore Operations, LLC"}},{"type":"Feature","geometry":{"type":"Point","coordinates":[-91.7391,28.8138]},"properties":{"name":null,"operator":"Fieldwood Energy LLC"}},{"type":"Feature","geometry":{"type":"Point","coordinates":[-94.8857,28.6943]},"properties":{"name":null,"operator":"Knight Resources, LLC"}},{"type":"Feature","geometry":{"type":"Point","coordinates":[-93.2773,29.5048]},"properties":{"name":null,"operator":"Fieldwood Energy LLC"}},{"type":"Feature","geometry":{"type":"Point","coordinates":[-90.8268,28.9769]},"properties":{"name":null,"operator":"Mcmoran Oil & Gas LLC"}},{"type":"Feature","geometry":{"type":"Point","coordinates":[-93.6521,28.1042]},"properties":{"name":null,"operator":"Fieldwood Energy LLC"}},{"type":"Feature","geometry":{"type":"Point","coordinates":[-91.5419,29.006]},"properties":{"name":null,"operator":"Black Elk Energy Offshore Operations, LLC"}},{"type":"Feature","geometry":{"type":"Point","coordinates":[-92.0347,28.4819]},"properties":{"name":null,"operator":"Chevron USA Inc."}},{"type":"Feature","geometry":{"type":"Point","coordinates":[-94.6072,29.1321]},"properties":{"name":null,"operator":"Fieldwood Energy LLC"}},{"type":"Feature","geometry":{"type":"Point","coordinates":[-90.4901,28.8664]},"properties":{"name":null,"operator":"Chevron USA Inc."}},{"type":"Feature","geometry":{"type":"Point","coordinates":[-91.7518,28.2534]},"properties":{"name":null,"operator":"Arena Offshore, Lp"}},{"type":"Feature","geometry":{"type":"Point","coordinates":[-92.473,28.8481]},"properties":{"name":null,"operator":"Energy XXI Gulf of Mexico, LLC"}},{"type":"Feature","geometry":{"type":"Point","coordinates":[-90.5414,28.1958]},"properties":{"name":null,"operator":"Fieldwood Energy LLC"}},{"type":"Feature","geometry":{"type":"Point","coordinates":[-93.7169,29.6784]},"properties":{"name":null,"operator":"Chevron USA Inc."}},{"type":"Feature","geometry":{"type":"Point","coordinates":[-94.4391,28.1339]},"properties":{"name":null,"operator":"Fieldwood Energy Offshore LLC"}},{"type":"Feature","geometry":{"type":"Point","coordinates":[-90.5334,28.9413]},"properties":{"name":null,"operator":"Walter Oil & Gas Corporation"}},{"type":"Feature","geometry":{"type":"Point","coordinates":[-88.9936,29.3923]},"properties":{"name":null,"operator":"Chevron USA Inc."}},{"type":"Feature","geometry":{"type":"Point","coordinates":[-91.3778,28.6805]},"properties":{"name":null,"operator":"Helis Oil & Gas Company, LLC"}},{"type":"Feature","geometry":{"type":"Point","coordinates":[-90.7445,28.9458]},"properties":{"name":null,"operator":"Fieldwood Energy LLC"}},{"type":"Feature","geometry":{"type":"Point","coordinates":[-90.1355,29.0267]},"properties":{"name":null,"operator":"Chevron USA Inc."}},{"type":"Feature","geometry":{"type":"Point","coordinates":[-93.0842,29.4255]},"properties":{"name":null,"operator":"Black Elk Energy Offshore Operations, LLC"}},{"type":"Feature","geometry":{"type":"Point","coordinates":[-90.4958,28.8584]},"properties":{"name":null,"operator":"Chevron USA Inc."}},{"type":"Feature","geometry":{"type":"Point","coordinates":[-91.7832,29.3165]},"properties":{"name":null,"operator":"EPL Oil & Gas, Inc."}},{"type":"Feature","geometry":{"type":"Point","coordinates":[-91.7026,29.0809]},"properties":{"name":null,"operator":"Fieldwood Energy LLC"}},{"type":"Feature","geometry":{"type":"Point","coordinates":[-94.74,28.1608]},"properties":{"name":null,"operator":"Peregrine Oil & Gas, Lp"}},{"type":"Feature","geometry":{"type":"Point","coordinates":[-92.9762,28.1222]},"properties":{"name":null,"operator":"Energy Resource Technology Gulf of Mexico, Inc."}},{"type":"Feature","geometry":{"type":"Point","coordinates":[-92.3389,28.5213]},"properties":{"name":null,"operator":"Stone Energy Corporation"}},{"type":"Feature","geometry":{"type":"Point","coordinates":[-95.5776,28.1718]},"properties":{"name":null,"operator":"Shell Offshore Inc."}},{"type":"Feature","geometry":{"type":"Point","coordinates":[-89.2462,28.9712]},"properties":{"name":null,"operator":"Whitney Oil & Gas, LLC"}},{"type":"Feature","geometry":{"type":"Point","coordinates":[-90.7206,28.9413]},"properties":{"name":null,"operator":"Fieldwood Energy LLC"}},{"type":"Feature","geometry":{"type":"Point","coordinates":[-89.8213,28.9052]},"properties":{"name":null,"operator":"GOM Shelf LLC"}},{"type":"Feature","geometry":{"type":"Point","coordinates":[-93.5307,29.7061]},"properties":{"name":null,"operator":"Northstar Offshore Group, LLC"}},{"type":"Feature","geometry":{"type":"Point","coordinates":[-90.236,28.4752]},"properties":{"name":null,"operator":"Black Elk Energy Offshore Operations, LLC"}},{"type":"Feature","geometry":{"type":"Point","coordinates":[-90.7976,28.895]},"properties":{"name":null,"operator":"Stone Energy Corporation"}},{"type":"Feature","geometry":{"type":"Point","coordinates":[-95.7157,28.1274]},"properties":{"name":null,"operator":"Mcmoran Oil & Gas LLC"}},{"type":"Feature","geometry":{"type":"Point","coordinates":[-92.8774,27.944]},"properties":{"name":null,"operator":"Enterprise Field Services, LLC"}},{"type":"Feature","geometry":{"type":"Point","coordinates":[-88.6992,29.5117]},"properties":{"name":null,"operator":"Fieldwood Energy Offshore LLC"}},{"type":"Feature","geometry":{"type":"Point","coordinates":[-93.7304,29.686]},"properties":{"name":null,"operator":"Chevron USA Inc."}},{"type":"Feature","geometry":{"type":"Point","coordinates":[-91.0298,28.0345]},"properties":{"name":null,"operator":"Bennu Oil & Gas, LLC"}},{"type":"Feature","geometry":{"type":"Point","coordinates":[-88.8514,29.3457]},"properties":{"name":null,"operator":"ENI US Operating Co. Inc."}},{"type":"Feature","geometry":{"type":"Point","coordinates":[-90.2853,28.507]},"properties":{"name":null,"operator":"Black Elk Energy Offshore Operations, LLC"}},{"type":"Feature","geometry":{"type":"Point","coordinates":[-93.1408,28.9442]},"properties":{"name":null,"operator":"Tarpon Operating & Development, LLC"}},{"type":"Feature","geometry":{"type":"Point","coordinates":[-89.5115,28.9124]},"properties":{"name":null,"operator":"Fieldwood Energy Offshore LLC"}},{"type":"Feature","geometry":{"type":"Point","coordinates":[-90.8385,28.9758]},"properties":{"name":null,"operator":"Mcmoran Oil & Gas LLC"}},{"type":"Feature","geometry":{"type":"Point","coordinates":[-88.993,29.3673]},"properties":{"name":null,"operator":"Chevron USA Inc."}},{"type":"Feature","geometry":{"type":"Point","coordinates":[-94.4152,29.2635]},"properties":{"name":null,"operator":"Rooster Petroleum, LLC"}},{"type":"Feature","geometry":{"type":"Point","coordinates":[-89.5579,28.8318]},"properties":{"name":null,"operator":"Walter Oil & Gas Corporation"}},{"type":"Feature","geometry":{"type":"Point","coordinates":[-89.7317,29.004]},"properties":{"name":null,"operator":"Peregrine Oil & Gas, Lp"}},{"type":"Feature","geometry":{"type":"Point","coordinates":[-90.8318,28.8335]},"properties":{"name":null,"operator":"Stone Energy Corporation"}},{"type":"Feature","geometry":{"type":"Point","coordinates":[-90.3951,28.591]},"properties":{"name":null,"operator":"Chevron USA Inc."}},{"type":"Feature","geometry":{"type":"Point","coordinates":[-95.9879,27.9031]},"properties":{"name":null,"operator":"Fieldwood Energy LLC"}},{"type":"Feature","geometry":{"type":"Point","coordinates":[-96.7006,27.2944]},"properties":{"name":null,"operator":"Black Elk Energy Offshore Operations, LLC"}},{"type":"Feature","geometry":{"type":"Point","coordinates":[-88.9593,29.3411]},"properties":{"name":null,"operator":"Chevron USA Inc."}},{"type":"Feature","geometry":{"type":"Point","coordinates":[-91.2793,28.4748]},"properties":{"name":null,"operator":"Energy Resource Technology Gulf of Mexico, Inc."}},{"type":"Feature","geometry":{"type":"Point","coordinates":[-90.3835,28.454]},"properties":{"name":null,"operator":"Fieldwood Energy LLC"}},{"type":"Feature","geometry":{"type":"Point","coordinates":[-91.7222,28.8022]},"properties":{"name":null,"operator":"Fieldwood Energy LLC"}},{"type":"Feature","geometry":{"type":"Point","coordinates":[-91.1318,28.8594]},"properties":{"name":null,"operator":"Energy XXI Gulf of Mexico, LLC"}},{"type":"Feature","geometry":{"type":"Point","coordinates":[-92.9688,29.0325]},"properties":{"name":null,"operator":"Helis Oil & Gas Company, LLC"}},{"type":"Feature","geometry":{"type":"Point","coordinates":[-91.7329,28.1781]},"properties":{"name":null,"operator":"Fieldwood Energy LLC"}},{"type":"Feature","geometry":{"type":"Point","coordinates":[-91.8715,29.3283]},"properties":{"name":null,"operator":"EPL Oil & Gas, Inc."}},{"type":"Feature","geometry":{"type":"Point","coordinates":[-89.6523,29.1056]},"properties":{"name":null,"operator":"Cochon Properties, LLC"}},{"type":"Feature","geometry":{"type":"Point","coordinates":[-93.7606,29.6752]},"properties":{"name":null,"operator":"Chevron USA Inc."}},{"type":"Feature","geometry":{"type":"Point","coordinates":[-88.1989,30.1624]},"properties":{"name":null,"operator":"Transcontinental Gas Pipe Line Co., LLC"}},{"type":"Feature","geometry":{"type":"Point","coordinates":[-90.245,28.9935]},"properties":{"name":null,"operator":"Energy XXI Gulf of Mexico, LLC"}},{"type":"Feature","geometry":{"type":"Point","coordinates":[-91.0718,28.5093]},"properties":{"name":null,"operator":"Ankor Energy LLC"}},{"type":"Feature","geometry":{"type":"Point","coordinates":[-90.9275,28.3582]},"properties":{"name":null,"operator":"Contango Operators, Inc."}},{"type":"Feature","geometry":{"type":"Point","coordinates":[-90.7237,28.9484]},"properties":{"name":null,"operator":"Fieldwood Energy LLC"}},{"type":"Feature","geometry":{"type":"Point","coordinates":[-91.2338,28.5445]},"properties":{"name":null,"operator":"Northstar Offshore Group, LLC"}},{"type":"Feature","geometry":{"type":"Point","coordinates":[-92.1207,28.0069]},"properties":{"name":null,"operator":"Tarpon Operating & Development, LLC"}},{"type":"Feature","geometry":{"type":"Point","coordinates":[-89.0386,29.4138]},"properties":{"name":null,"operator":"Chevron USA Inc."}},{"type":"Feature","geometry":{"type":"Point","coordinates":[-93.9619,29.3036]},"properties":{"name":null,"operator":"Fieldwood Energy LLC"}},{"type":"Feature","geometry":{"type":"Point","coordinates":[-92.0803,29.4438]},"properties":{"name":null,"operator":"Chevron USA Inc."}},{"type":"Feature","geometry":{"type":"Point","coordinates":[-88.7668,29.4212]},"properties":{"name":null,"operator":"Fieldwood Energy Offshore LLC"}},{"type":"Feature","geometry":{"type":"Point","coordinates":[-89.2594,28.9802]},"properties":{"name":"267(V)","operator":"Whitney Oil & Gas, LLC"}},{"type":"Feature","geometry":{"type":"Point","coordinates":[-89.3966,28.8441]},"properties":{"name":null,"operator":"Energy XXI Gulf of Mexico, LLC"}},{"type":"Feature","geometry":{"type":"Point","coordinates":[-89.7098,29.1161]},"properties":{"name":null,"operator":"Energy XXI Gulf of Mexico, LLC"}},{"type":"Feature","geometry":{"type":"Point","coordinates":[-87.8779,29.3323]},"properties":{"name":null,"operator":"Dauphin Island Gathering Partners"}},{"type":"Feature","geometry":{"type":"Point","coordinates":[-91.6081,28.7327]},"properties":{"name":null,"operator":"Northstar Offshore Group, LLC"}},{"type":"Feature","geometry":{"type":"Point","coordinates":[-93.2842,29.5185]},"properties":{"name":null,"operator":"Fieldwood Energy LLC"}},{"type":"Feature","geometry":{"type":"Point","coordinates":[-89.6357,29.0075]},"properties":{"name":null,"operator":"Tengasco, Inc."}},{"type":"Feature","geometry":{"type":"Point","coordinates":[-90.4462,28.4665]},"properties":{"name":null,"operator":"Black Elk Energy Offshore Operations, LLC"}},{"type":"Feature","geometry":{"type":"Point","coordinates":[-91.061,28.2595]},"properties":{"name":null,"operator":"Ankor Energy LLC"}},{"type":"Feature","geometry":{"type":"Point","coordinates":[-90.8336,28.8902]},"properties":{"name":null,"operator":"Stone Energy Corporation"}},{"type":"Feature","geometry":{"type":"Point","coordinates":[-92.5296,29.449]},"properties":{"name":null,"operator":"EPL Oil & Gas, Inc."}},{"type":"Feature","geometry":{"type":"Point","coordinates":[-90.9053,28.5273]},"properties":{"name":null,"operator":"Unocal Pipeline Co."}},{"type":"Feature","geometry":{"type":"Point","coordinates":[-93.4433,29.3879]},"properties":{"name":null,"operator":"High Island Offshore System, LLC"}},{"type":"Feature","geometry":{"type":"Point","coordinates":[-93.7907,28.3643]},"properties":{"name":null,"operator":"Tarpon Operating & Development, LLC"}},{"type":"Feature","geometry":{"type":"Point","coordinates":[-91.0699,28.3566]},"properties":{"name":null,"operator":"Renaissance Offshore, LLC"}},{"type":"Feature","geometry":{"type":"Point","coordinates":[-91.1147,29.1311]},"properties":{"name":null,"operator":"W & T Offshore, Inc."}},{"type":"Feature","geometry":{"type":"Point","coordinates":[-90.8381,28.9768]},"properties":{"name":null,"operator":"Mcmoran Oil & Gas LLC"}},{"type":"Feature","geometry":{"type":"Point","coordinates":[-91.5264,29.1933]},"properties":{"name":null,"operator":"Contango Operators, Inc."}},{"type":"Feature","geometry":{"type":"Point","coordinates":[-89.8584,29.0009]},"properties":{"name":null,"operator":"GOM Shelf LLC"}},{"type":"Feature","geometry":{"type":"Point","coordinates":[-91.8632,28.8656]},"properties":{"name":null,"operator":"Black Elk Energy Offshore Operations, LLC"}},{"type":"Feature","geometry":{"type":"Point","coordinates":[-92.452,28.5127]},"properties":{"name":null,"operator":"Fieldwood Energy LLC"}},{"type":"Feature","geometry":{"type":"Point","coordinates":[-94.0485,29.1845]},"properties":{"name":null,"operator":"Energy XXI Gulf of Mexico, LLC"}},{"type":"Feature","geometry":{"type":"Point","coordinates":[-90.9077,28.81]},"properties":{"name":null,"operator":"Stone Energy Corporation"}},{"type":"Feature","geometry":{"type":"Point","coordinates":[-91.673,28.2834]},"properties":{"name":null,"operator":"Tana Exploration Co. LLC"}},{"type":"Feature","geometry":{"type":"Point","coordinates":[-91.8283,29.289]},"properties":{"name":null,"operator":"Castex Offshore, Inc."}},{"type":"Feature","geometry":{"type":"Point","coordinates":[-89.2734,28.9818]},"properties":{"name":"35(SL 1011)","operator":"Whitney Oil & Gas, LLC"}},{"type":"Feature","geometry":{"type":"Point","coordinates":[-92.3607,28.7658]},"properties":{"name":null,"operator":"Fieldwood Energy Offshore LLC"}},{"type":"Feature","geometry":{"type":"Point","coordinates":[-91.2859,29.1163]},"properties":{"name":null,"operator":"W & T Offshore, Inc."}},{"type":"Feature","geometry":{"type":"Point","coordinates":[-92.7393,28.938]},"properties":{"name":null,"operator":"Black Elk Energy Offshore Operations, LLC"}},{"type":"Feature","geometry":{"type":"Point","coordinates":[-90.2692,28.9051]},"properties":{"name":null,"operator":"EPL Oil & Gas, Inc."}},{"type":"Feature","geometry":{"type":"Point","coordinates":[-89.1353,29.4288]},"properties":{"name":null,"operator":"Century Exploration New Orleans, LLC"}},{"type":"Feature","geometry":{"type":"Point","coordinates":[-89.9422,29.095]},"properties":{"name":null,"operator":"Energy XXI Gulf of Mexico, LLC"}},{"type":"Feature","geometry":{"type":"Point","coordinates":[-93.5388,29.3579]},"properties":{"name":null,"operator":"Apache Corporation"}},{"type":"Feature","geometry":{"type":"Point","coordinates":[-90.6885,28.847]},"properties":{"name":null,"operator":"Talos Energy Offshore LLC"}},{"type":"Feature","geometry":{"type":"Point","coordinates":[-90.2022,28.7938]},"properties":{"name":null,"operator":"Energy Resource Technology Gulf of Mexico, Inc."}},{"type":"Feature","geometry":{"type":"Point","coordinates":[-92.2802,28.6881]},"properties":{"name":null,"operator":"Chevron USA Inc."}},{"type":"Feature","geometry":{"type":"Point","coordinates":[-89.2557,28.9829]},"properties":{"name":null,"operator":"Whitney Oil & Gas, LLC"}},{"type":"Feature","geometry":{"type":"Point","coordinates":[-93.5509,29.5185]},"properties":{"name":null,"operator":"Tana Exploration Co. LLC"}},{"type":"Feature","geometry":{"type":"Point","coordinates":[-92.035,28.4656]},"properties":{"name":null,"operator":"Chevron USA Inc."}},{"type":"Feature","geometry":{"type":"Point","coordinates":[-89.0596,29.3036]},"properties":{"name":null,"operator":"Medco Energi Us LLC"}},{"type":"Feature","geometry":{"type":"Point","coordinates":[-89.2446,28.9659]},"properties":{"name":null,"operator":"Whitney Oil & Gas, LLC"}},{"type":"Feature","geometry":{"type":"Point","coordinates":[-91.6452,28.5222]},"properties":{"name":null,"operator":"Tennessee Gas Pipeline Co."}},{"type":"Feature","geometry":{"type":"Point","coordinates":[-89.0169,29.28]},"properties":{"name":null,"operator":"W & T Offshore, Inc."}},{"type":"Feature","geometry":{"type":"Point","coordinates":[-91.7033,29.0716]},"properties":{"name":null,"operator":"W & T Offshore, Inc."}},{"type":"Feature","geometry":{"type":"Point","coordinates":[-92.0113,28.2429]},"properties":{"name":null,"operator":"Fieldwood Energy Offshore LLC"}},{"type":"Feature","geometry":{"type":"Point","coordinates":[-88.9088,29.2671]},"properties":{"name":null,"operator":"Energy XXI Gulf of Mexico, LLC"}},{"type":"Feature","geometry":{"type":"Point","coordinates":[-94.34,29.2667]},"properties":{"name":null,"operator":"Black Elk Energy Offshore Operations, LLC"}},{"type":"Feature","geometry":{"type":"Point","coordinates":[-96.3817,28.1017]},"properties":{"name":null,"operator":"Fieldwood Energy LLC"}},{"type":"Feature","geometry":{"type":"Point","coordinates":[-92.9866,28.8834]},"properties":{"name":null,"operator":"Fieldwood Energy LLC"}},{"type":"Feature","geometry":{"type":"Point","coordinates":[-88.7721,29.2649]},"properties":{"name":null,"operator":"Freeport-mcmoran Energy LLC"}},{"type":"Feature","geometry":{"type":"Point","coordinates":[-91.1021,28.507]},"properties":{"name":null,"operator":"Renaissance Offshore, LLC"}},{"type":"Feature","geometry":{"type":"Point","coordinates":[-92.1558,28.4884]},"properties":{"name":null,"operator":"Fieldwood Energy Offshore LLC"}},{"type":"Feature","geometry":{"type":"Point","coordinates":[-90.8194,28.0843]},"properties":{"name":null,"operator":"Fieldwood Energy LLC"}},{"type":"Feature","geometry":{"type":"Point","coordinates":[-93.8881,28.4116]},"properties":{"name":null,"operator":"Peregrine Oil & Gas, Lp"}},{"type":"Feature","geometry":{"type":"Point","coordinates":[-92.9751,28.3826]},"properties":{"name":null,"operator":"Stone Energy Corporation"}},{"type":"Feature","geometry":{"type":"Point","coordinates":[-88.7793,29.1267]},"properties":{"name":null,"operator":"Chevron USA Inc."}},{"type":"Feature","geometry":{"type":"Point","coordinates":[-92.9842,28.3012]},"properties":{"name":null,"operator":"Apache Corporation"}},{"type":"Feature","geometry":{"type":"Point","coordinates":[-90.516,28.9559]},"properties":{"name":null,"operator":"Walter Oil & Gas Corporation"}},{"type":"Feature","geometry":{"type":"Point","coordinates":[-92.8036,29.5084]},"properties":{"name":null,"operator":"Merit Energy Co., LLC"}},{"type":"Feature","geometry":{"type":"Point","coordinates":[-89.0273,29.2742]},"properties":{"name":null,"operator":"W & T Offshore, Inc."}},{"type":"Feature","geometry":{"type":"Point","coordinates":[-91.7645,28.705]},"properties":{"name":null,"operator":"Tc Offshore LLC"}},{"type":"Feature","geometry":{"type":"Point","coordinates":[-89.8526,29.0079]},"properties":{"name":null,"operator":"Enterprise Field Services, LLC"}},{"type":"Feature","geometry":{"type":"Point","coordinates":[-92.5501,29.4699]},"properties":{"name":null,"operator":"Probe Resources Us Ltd."}},{"type":"Feature","geometry":{"type":"Point","coordinates":[-93.8995,28.3954]},"properties":{"name":null,"operator":"Black Elk Energy Offshore Operations, LLC"}},{"type":"Feature","geometry":{"type":"Point","coordinates":[-93.7556,29.2815]},"properties":{"name":null,"operator":"Fieldwood Energy LLC"}},{"type":"Feature","geometry":{"type":"Point","coordinates":[-91.0292,27.944]},"properties":{"name":null,"operator":"Whistler Energy Ii, LLC"}},{"type":"Feature","geometry":{"type":"Point","coordinates":[-91.2723,28.4909]},"properties":{"name":null,"operator":"Energy Resource Technology Gulf of Mexico, Inc."}},{"type":"Feature","geometry":{"type":"Point","coordinates":[-93.3028,29.3911]},"properties":{"name":null,"operator":"Energy Resource Technology Gulf of Mexico, Inc."}},{"type":"Feature","geometry":{"type":"Point","coordinates":[-92.4709,28.1189]},"properties":{"name":null,"operator":"Fieldwood Energy Offshore LLC"}},{"type":"Feature","geometry":{"type":"Point","coordinates":[-89.7064,28.9466]},"properties":{"name":null,"operator":"Energy XXI Gulf of Mexico, LLC"}},{"type":"Feature","geometry":{"type":"Point","coordinates":[-92.0103,29.2155]},"properties":{"name":null,"operator":"Helis Oil & Gas Company, LLC"}},{"type":"Feature","geometry":{"type":"Point","coordinates":[-91.2548,28.5849]},"properties":{"name":null,"operator":"Renaissance Offshore, LLC"}},{"type":"Feature","geometry":{"type":"Point","coordinates":[-88.6324,29.3797]},"properties":{"name":null,"operator":"Petro Ventures, Inc."}},{"type":"Feature","geometry":{"type":"Point","coordinates":[-90.1591,29.0071]},"properties":{"name":null,"operator":"Chevron USA Inc."}},{"type":"Feature","geometry":{"type":"Point","coordinates":[-91.719,29.1267]},"properties":{"name":"CAIS.#23","operator":"Fieldwood Energy LLC"}},{"type":"Feature","geometry":{"type":"Point","coordinates":[-88.7593,29.2634]},"properties":{"name":null,"operator":"Freeport-mcmoran Energy LLC"}},{"type":"Feature","geometry":{"type":"Point","coordinates":[-93.1217,29.6186]},"properties":{"name":null,"operator":"Fieldwood Energy LLC"}},{"type":"Feature","geometry":{"type":"Point","coordinates":[-90.2577,29.0228]},"properties":{"name":null,"operator":"Energy XXI Gulf of Mexico, LLC"}},{"type":"Feature","geometry":{"type":"Point","coordinates":[-91.8771,29.0022]},"properties":{"name":"CD(FMER CAIS.#1","operator":"Chevron USA Inc."}},{"type":"Feature","geometry":{"type":"Point","coordinates":[-92.1625,28.9044]},"properties":{"name":null,"operator":"Energy Resource Technology Gulf of Mexico, Inc."}},{"type":"Feature","geometry":{"type":"Point","coordinates":[-96.3914,28.1183]},"properties":{"name":null,"operator":"Fieldwood Energy LLC"}},{"type":"Feature","geometry":{"type":"Point","coordinates":[-90.8335,28.9838]},"properties":{"name":null,"operator":"Mcmoran Oil & Gas LLC"}},{"type":"Feature","geometry":{"type":"Point","coordinates":[-90.902,28.5212]},"properties":{"name":null,"operator":"Energy XXI Gulf of Mexico, LLC"}},{"type":"Feature","geometry":{"type":"Point","coordinates":[-92.2059,28.293]},"properties":{"name":null,"operator":"Fieldwood Energy Offshore LLC"}},{"type":"Feature","geometry":{"type":"Point","coordinates":[-93.7739,27.8892]},"properties":{"name":null,"operator":"W & T Offshore, Inc."}},{"type":"Feature","geometry":{"type":"Point","coordinates":[-91.4889,28.6345]},"properties":{"name":null,"operator":"Arena Offshore, Lp"}},{"type":"Feature","geometry":{"type":"Point","coordinates":[-93.4739,28.84]},"properties":{"name":null,"operator":"Petsec Energy Inc."}},{"type":"Feature","geometry":{"type":"Point","coordinates":[-93.2018,27.9458]},"properties":{"name":null,"operator":"Mcmoran Oil & Gas LLC"}},{"type":"Feature","geometry":{"type":"Point","coordinates":[-89.055,29.3019]},"properties":{"name":null,"operator":"Medco Energi Us LLC"}},{"type":"Feature","geometry":{"type":"Point","coordinates":[-94.7517,29.0141]},"properties":{"name":null,"operator":"Fieldwood Energy Offshore LLC"}},{"type":"Feature","geometry":{"type":"Point","coordinates":[-91.8904,28.2631]},"properties":{"name":null,"operator":"Mcmoran Oil & Gas LLC"}},{"type":"Feature","geometry":{"type":"Point","coordinates":[-91.8774,29.3007]},"properties":{"name":null,"operator":"EPL Oil & Gas, Inc."}},{"type":"Feature","geometry":{"type":"Point","coordinates":[-91.5298,29.3013]},"properties":{"name":null,"operator":"Energy XXI Gulf of Mexico, LLC"}},{"type":"Feature","geometry":{"type":"Point","coordinates":[-92.3705,29.0827]},"properties":{"name":null,"operator":"Talos Energy Offshore LLC"}},{"type":"Feature","geometry":{"type":"Point","coordinates":[-88.3399,29.5259]},"properties":{"name":null,"operator":"Tana Exploration Co. LLC"}},{"type":"Feature","geometry":{"type":"Point","coordinates":[-91.6174,29.1903]},"properties":{"name":null,"operator":"Chevron USA Inc."}},{"type":"Feature","geometry":{"type":"Point","coordinates":[-90.7925,28.1043]},"properties":{"name":null,"operator":"Manta Ray Gathering Co., LLC"}},{"type":"Feature","geometry":{"type":"Point","coordinates":[-89.5562,29.0042]},"properties":{"name":null,"operator":"Tana Exploration Co. LLC"}},{"type":"Feature","geometry":{"type":"Point","coordinates":[-92.6639,28.4436]},"properties":{"name":null,"operator":"Apache Corporation"}},{"type":"Feature","geometry":{"type":"Point","coordinates":[-90.8431,28.8635]},"properties":{"name":null,"operator":"Stone Energy Corporation"}},{"type":"Feature","geometry":{"type":"Point","coordinates":[-91.954,28.6631]},"properties":{"name":null,"operator":"Energy XXI Gulf of Mexico, LLC"}},{"type":"Feature","geometry":{"type":"Point","coordinates":[-89.8357,29.1278]},"properties":{"name":null,"operator":"Northstar Offshore Group, LLC"}},{"type":"Feature","geometry":{"type":"Point","coordinates":[-90.8734,28.4251]},"properties":{"name":null,"operator":"W & T Offshore, Inc."}},{"type":"Feature","geometry":{"type":"Point","coordinates":[-91.9886,29.3491]},"properties":{"name":null,"operator":"Chevron USA Inc."}},{"type":"Feature","geometry":{"type":"Point","coordinates":[-90.1654,28.9955]},"properties":{"name":null,"operator":"Chevron USA Inc."}},{"type":"Feature","geometry":{"type":"Point","coordinates":[-93.3019,28.909]},"properties":{"name":null,"operator":"Century Exploration New Orleans, LLC"}},{"type":"Feature","geometry":{"type":"Point","coordinates":[-93.1882,29.3645]},"properties":{"name":null,"operator":"W & T Offshore, Inc."}},{"type":"Feature","geometry":{"type":"Point","coordinates":[-88.9613,29.3156]},"properties":{"name":"CAIS.#3","operator":"Energy XXI Gulf of Mexico, LLC"}},{"type":"Feature","geometry":{"type":"Point","coordinates":[-90.7869,28.9747]},"properties":{"name":null,"operator":"Talos Energy Offshore LLC"}},{"type":"Feature","geometry":{"type":"Point","coordinates":[-92.564,29.3404]},"properties":{"name":null,"operator":"Fieldwood Energy Offshore LLC"}},{"type":"Feature","geometry":{"type":"Point","coordinates":[-88.6871,29.5547]},"properties":{"name":null,"operator":"Energy XXI Gulf of Mexico, LLC"}},{"type":"Feature","geometry":{"type":"Point","coordinates":[-91.8848,29.2991]},"properties":{"name":null,"operator":"EPL Oil & Gas, Inc."}},{"type":"Feature","geometry":{"type":"Point","coordinates":[-88.9669,29.0443]},"properties":{"name":null,"operator":"Fieldwood Energy Offshore LLC"}},{"type":"Feature","geometry":{"type":"Point","coordinates":[-92.1966,29.4487]},"properties":{"name":null,"operator":"EPL Oil & Gas, Inc."}},{"type":"Feature","geometry":{"type":"Point","coordinates":[-91.2885,29.1177]},"properties":{"name":null,"operator":"W & T Offshore, Inc."}},{"type":"Feature","geometry":{"type":"Point","coordinates":[-92.8771,28.9451]},"properties":{"name":null,"operator":"GOM ex Energy Offshore, Ltd."}},{"type":"Feature","geometry":{"type":"Point","coordinates":[-91.1772,29.1196]},"properties":{"name":null,"operator":"W & T Offshore, Inc."}},{"type":"Feature","geometry":{"type":"Point","coordinates":[-91.1762,29.1131]},"properties":{"name":null,"operator":"W & T Offshore, Inc."}},{"type":"Feature","geometry":{"type":"Point","coordinates":[-89.561,29.0113]},"properties":{"name":null,"operator":"Tana Exploration Co. LLC"}},{"type":"Feature","geometry":{"type":"Point","coordinates":[-90.5241,28.8479]},"properties":{"name":null,"operator":"Arena Offshore, Lp"}},{"type":"Feature","geometry":{"type":"Point","coordinates":[-89.978,29.1017]},"properties":{"name":null,"operator":"Energy XXI Gulf of Mexico, LLC"}},{"type":"Feature","geometry":{"type":"Point","coordinates":[-89.2423,28.7836]},"properties":{"name":null,"operator":"Arena Offshore, Lp"}},{"type":"Feature","geometry":{"type":"Point","coordinates":[-90.2822,28.658]},"properties":{"name":null,"operator":"Arena Offshore, Lp"}},{"type":"Feature","geometry":{"type":"Point","coordinates":[-91.7775,28.1346]},"properties":{"name":null,"operator":"Fieldwood Energy Offshore LLC"}},{"type":"Feature","geometry":{"type":"Point","coordinates":[-91.0619,28.0617]},"properties":{"name":"MAHOGANY","operator":"W & T Offshore, Inc."}},{"type":"Feature","geometry":{"type":"Point","coordinates":[-93.1264,29.5621]},"properties":{"name":null,"operator":"Fieldwood Energy LLC"}},{"type":"Feature","geometry":{"type":"Point","coordinates":[-93.0251,28.798]},"properties":{"name":null,"operator":"Tarpon Operating & Development, LLC"}},{"type":"Feature","geometry":{"type":"Point","coordinates":[-90.8395,28.8247]},"properties":{"name":null,"operator":"Stone Energy Corporation"}},{"type":"Feature","geometry":{"type":"Point","coordinates":[-92.1764,29.4715]},"properties":{"name":null,"operator":"EPL Oil & Gas, Inc."}},{"type":"Feature","geometry":{"type":"Point","coordinates":[-89.0145,29.4088]},"properties":{"name":null,"operator":"Chevron USA Inc."}},{"type":"Feature","geometry":{"type":"Point","coordinates":[-93.0049,28.433]},"properties":{"name":null,"operator":"Stingray Pipeline Co., LLC"}},{"type":"Feature","geometry":{"type":"Point","coordinates":[-90.7454,28.6748]},"properties":{"name":null,"operator":"Rooster Petroleum, LLC"}},{"type":"Feature","geometry":{"type":"Point","coordinates":[-91.7598,29.0854]},"properties":{"name":null,"operator":"W & T Offshore, Inc."}},{"type":"Feature","geometry":{"type":"Point","coordinates":[-90.741,28.7698]},"properties":{"name":null,"operator":"Talos Energy Offshore LLC"}},{"type":"Feature","geometry":{"type":"Point","coordinates":[-93.6742,28.1198]},"properties":{"name":null,"operator":"Fieldwood Energy LLC"}},{"type":"Feature","geometry":{"type":"Point","coordinates":[-88.9307,29.2535]},"properties":{"name":null,"operator":"Energy XXI Gulf of Mexico, LLC"}},{"type":"Feature","geometry":{"type":"Point","coordinates":[-96.5864,28.0415]},"properties":{"name":null,"operator":"Matagorda Island Gas Operations,llc"}},{"type":"Feature","geometry":{"type":"Point","coordinates":[-88.7673,29.2071]},"properties":{"name":null,"operator":"Walter Oil & Gas Corporation"}},{"type":"Feature","geometry":{"type":"Point","coordinates":[-90.5355,27.3215]},"properties":{"name":"HOLSTEIN SPAR","operator":"Freeport-mcmoran Oil & Gas LLC"}},{"type":"Feature","geometry":{"type":"Point","coordinates":[-90.1583,28.6749]},"properties":{"name":null,"operator":"Arena Offshore, Lp"}},{"type":"Feature","geometry":{"type":"Point","coordinates":[-90.6666,28.9558]},"properties":{"name":null,"operator":"Fieldwood Energy LLC"}},{"type":"Feature","geometry":{"type":"Point","coordinates":[-91.5365,29.311]},"properties":{"name":null,"operator":"Energy XXI Gulf of Mexico, LLC"}},{"type":"Feature","geometry":{"type":"Point","coordinates":[-93.0289,29.3769]},"properties":{"name":null,"operator":"Stone Energy Corporation"}},{"type":"Feature","geometry":{"type":"Point","coordinates":[-92.193,29.4481]},"properties":{"name":null,"operator":"EPL Oil & Gas, Inc."}},{"type":"Feature","geometry":{"type":"Point","coordinates":[-92.1692,29.4383]},"properties":{"name":null,"operator":"EPL Oil & Gas, Inc."}},{"type":"Feature","geometry":{"type":"Point","coordinates":[-89.5792,29.1401]},"properties":{"name":null,"operator":"Energy XXI Gulf of Mexico, LLC"}},{"type":"Feature","geometry":{"type":"Point","coordinates":[-88.3352,29.3066]},"properties":{"name":null,"operator":"Enven Energy Ventures, LLC"}},{"type":"Feature","geometry":{"type":"Point","coordinates":[-92.8965,29.4068]},"properties":{"name":null,"operator":"Kinetica Partners, LLC"}},{"type":"Feature","geometry":{"type":"Point","coordinates":[-92.3728,29.2979]},"properties":{"name":null,"operator":"Cochon Properties, LLC"}},{"type":"Feature","geometry":{"type":"Point","coordinates":[-90.7999,28.757]},"properties":{"name":null,"operator":"ENI US Operating Co. Inc."}},{"type":"Feature","geometry":{"type":"Point","coordinates":[-93.1422,29.6465]},"properties":{"name":null,"operator":"Fieldwood Energy LLC"}},{"type":"Feature","geometry":{"type":"Point","coordinates":[-93.5252,28.0017]},"properties":{"name":null,"operator":"Energy XXI Gulf of Mexico, LLC"}},{"type":"Feature","geometry":{"type":"Point","coordinates":[-94.3514,29.1914]},"properties":{"name":null,"operator":"Hoactzin Partners, Lp"}},{"type":"Feature","geometry":{"type":"Point","coordinates":[-91.4795,28.9829]},"properties":{"name":null,"operator":"Fieldwood Energy LLC"}},{"type":"Feature","geometry":{"type":"Point","coordinates":[-89.0078,29.373]},"properties":{"name":null,"operator":"Chevron USA Inc."}},{"type":"Feature","geometry":{"type":"Point","coordinates":[-92.0473,29.5097]},"properties":{"name":null,"operator":"Pogo Producing Co."}},{"type":"Feature","geometry":{"type":"Point","coordinates":[-93.7468,27.9171]},"properties":{"name":null,"operator":"W & T Offshore, Inc."}},{"type":"Feature","geometry":{"type":"Point","coordinates":[-88.0012,30.1616]},"properties":{"name":null,"operator":"Fieldwood Energy LLC"}},{"type":"Feature","geometry":{"type":"Point","coordinates":[-92.0622,29.4415]},"properties":{"name":null,"operator":"Chevron USA Inc."}},{"type":"Feature","geometry":{"type":"Point","coordinates":[-93.7811,29.4977]},"properties":{"name":null,"operator":"Fieldwood Energy LLC"}},{"type":"Feature","geometry":{"type":"Point","coordinates":[-88.8304,29.4576]},"properties":{"name":null,"operator":"Fieldwood Energy Offshore LLC"}},{"type":"Feature","geometry":{"type":"Point","coordinates":[-87.9436,29.1078]},"properties":{"name":"MARLIN TLP","operator":"Freeport-mcmoran Oil & Gas LLC"}},{"type":"Feature","geometry":{"type":"Point","coordinates":[-92.6903,29.3399]},"properties":{"name":null,"operator":"EC Offshore Properties, Inc."}},{"type":"Feature","geometry":{"type":"Point","coordinates":[-91.4609,28.9113]},"properties":{"name":null,"operator":"Marlin Coastal, LLC"}},{"type":"Feature","geometry":{"type":"Point","coordinates":[-90.2421,29.0011]},"properties":{"name":null,"operator":"Energy XXI Gulf of Mexico, LLC"}},{"type":"Feature","geometry":{"type":"Point","coordinates":[-96.7805,27.8097]},"properties":{"name":null,"operator":"Tarpon Operating & Development, LLC"}},{"type":"Feature","geometry":{"type":"Point","coordinates":[-89.5265,28.8301]},"properties":{"name":null,"operator":"Walter Oil & Gas Corporation"}},{"type":"Feature","geometry":{"type":"Point","coordinates":[-88.9428,29.0297]},"properties":{"name":null,"operator":"Fieldwood Energy LLC"}},{"type":"Feature","geometry":{"type":"Point","coordinates":[-94.7642,28.1944]},"properties":{"name":null,"operator":"Peregrine Oil & Gas Ii, LLC"}},{"type":"Feature","geometry":{"type":"Point","coordinates":[-93.0861,29.3575]},"properties":{"name":null,"operator":"Black Elk Energy Offshore Operations, LLC"}},{"type":"Feature","geometry":{"type":"Point","coordinates":[-91.2866,28.4776]},"properties":{"name":null,"operator":"Energy Resource Technology Gulf of Mexico, Inc."}},{"type":"Feature","geometry":{"type":"Point","coordinates":[-93.9094,29.4698]},"properties":{"name":null,"operator":"EPL Oil & Gas, Inc."}},{"type":"Feature","geometry":{"type":"Point","coordinates":[-91.2693,28.5734]},"properties":{"name":null,"operator":"Kinetica Partners, LLC"}},{"type":"Feature","geometry":{"type":"Point","coordinates":[-92.0699,28.6182]},"properties":{"name":null,"operator":"Ankor Energy LLC"}},{"type":"Feature","geometry":{"type":"Point","coordinates":[-90.135,27.3009]},"properties":{"name":"MTLP SHENZI","operator":"BHP Billiton Petroleum (gom) Inc."}},{"type":"Feature","geometry":{"type":"Point","coordinates":[-91.5274,29.0267]},"properties":{"name":null,"operator":"Fieldwood Energy LLC"}},{"type":"Feature","geometry":{"type":"Point","coordinates":[-92.4727,29.4851]},"properties":{"name":null,"operator":"Chevron USA Inc."}},{"type":"Feature","geometry":{"type":"Point","coordinates":[-93.6695,27.9339]},"properties":{"name":null,"operator":"Fieldwood Energy LLC"}},{"type":"Feature","geometry":{"type":"Point","coordinates":[-89.7155,28.7512]},"properties":{"name":null,"operator":"Fieldwood Energy LLC"}},{"type":"Feature","geometry":{"type":"Point","coordinates":[-89.3931,28.7186]},"properties":{"name":null,"operator":"Northstar Offshore Group, LLC"}},{"type":"Feature","geometry":{"type":"Point","coordinates":[-90.3227,28.9476]},"properties":{"name":null,"operator":"Talos Energy Offshore LLC"}},{"type":"Feature","geometry":{"type":"Point","coordinates":[-90.9783,28.5281]},"properties":{"name":null,"operator":"Fieldwood Energy LLC"}},{"type":"Feature","geometry":{"type":"Point","coordinates":[-91.9091,28.3174]},"properties":{"name":null,"operator":"Fieldwood Energy LLC"}},{"type":"Feature","geometry":{"type":"Point","coordinates":[-88.9898,29.542]},"properties":{"name":null,"operator":"Tana Exploration Co. LLC"}},{"type":"Feature","geometry":{"type":"Point","coordinates":[-91.6731,28.2425]},"properties":{"name":null,"operator":"Fieldwood Energy LLC"}},{"type":"Feature","geometry":{"type":"Point","coordinates":[-88.9643,29.057]},"properties":{"name":null,"operator":"Fieldwood Energy Offshore LLC"}},{"type":"Feature","geometry":{"type":"Point","coordinates":[-93.4767,28.4933]},"properties":{"name":null,"operator":"Virgin Offshore USA, Inc."}},{"type":"Feature","geometry":{"type":"Point","coordinates":[-91.02,28.5933]},"properties":{"name":null,"operator":"Fieldwood Energy LLC"}},{"type":"Feature","geometry":{"type":"Point","coordinates":[-90.2595,29.0246]},"properties":{"name":null,"operator":"Energy XXI Gulf of Mexico, LLC"}},{"type":"Feature","geometry":{"type":"Point","coordinates":[-91.7689,29.3838]},"properties":{"name":null,"operator":"Contango Operators, Inc."}},{"type":"Feature","geometry":{"type":"Point","coordinates":[-92.2548,28.0187]},"properties":{"name":null,"operator":"Tc Offshore LLC"}},{"type":"Feature","geometry":{"type":"Point","coordinates":[-90.1549,29.0279]},"properties":{"name":null,"operator":"Chevron USA Inc."}},{"type":"Feature","geometry":{"type":"Point","coordinates":[-89.6638,29.0224]},"properties":{"name":null,"operator":"Tana Exploration Co. LLC"}},{"type":"Feature","geometry":{"type":"Point","coordinates":[-91.4838,28.9828]},"properties":{"name":null,"operator":"Fieldwood Energy LLC"}},{"type":"Feature","geometry":{"type":"Point","coordinates":[-88.7722,29.5711]},"properties":{"name":null,"operator":"Fieldwood Energy Offshore LLC"}},{"type":"Feature","geometry":{"type":"Point","coordinates":[-91.7013,29.0698]},"properties":{"name":null,"operator":"Fieldwood Energy LLC"}},{"type":"Feature","geometry":{"type":"Point","coordinates":[-93.1966,28.2824]},"properties":{"name":null,"operator":"Black Elk Energy Offshore Operations, LLC"}},{"type":"Feature","geometry":{"type":"Point","coordinates":[-92.4958,29.4404]},"properties":{"name":null,"operator":"EPL Oil & Gas, Inc."}},{"type":"Feature","geometry":{"type":"Point","coordinates":[-92.0715,29.3924]},"properties":{"name":null,"operator":"Chevron USA Inc."}},{"type":"Feature","geometry":{"type":"Point","coordinates":[-91.4035,28.7623]},"properties":{"name":null,"operator":"Tc Offshore LLC"}},{"type":"Feature","geometry":{"type":"Point","coordinates":[-90.4161,28.5977]},"properties":{"name":null,"operator":"Mcmoran Oil & Gas LLC"}},{"type":"Feature","geometry":{"type":"Point","coordinates":[-88.773,29.2575]},"properties":{"name":null,"operator":"Chevron USA Inc."}},{"type":"Feature","geometry":{"type":"Point","coordinates":[-90.8285,28.8615]},"properties":{"name":null,"operator":"Stone Energy Corporation"}},{"type":"Feature","geometry":{"type":"Point","coordinates":[-94.2709,29.1262]},"properties":{"name":null,"operator":"Virgin Offshore USA, Inc."}},{"type":"Feature","geometry":{"type":"Point","coordinates":[-90.8308,28.8841]},"properties":{"name":null,"operator":"Stone Energy Corporation"}},{"type":"Feature","geometry":{"type":"Point","coordinates":[-89.6107,29.1362]},"properties":{"name":null,"operator":"EPL Oil & Gas, Inc."}},{"type":"Feature","geometry":{"type":"Point","coordinates":[-94.7529,29.0543]},"properties":{"name":null,"operator":"Rooster Petroleum, LLC"}},{"type":"Feature","geometry":{"type":"Point","coordinates":[-90.6338,28.8397]},"properties":{"name":null,"operator":"Talos Energy Offshore LLC"}},{"type":"Feature","geometry":{"type":"Point","coordinates":[-89.5791,29.1314]},"properties":{"name":null,"operator":"Energy XXI Gulf of Mexico, LLC"}},{"type":"Feature","geometry":{"type":"Point","coordinates":[-90.8711,28.5289]},"properties":{"name":null,"operator":"Energy XXI Gulf of Mexico, LLC"}},{"type":"Feature","geometry":{"type":"Point","coordinates":[-90.694,28.8451]},"properties":{"name":null,"operator":"Talos Energy Offshore LLC"}},{"type":"Feature","geometry":{"type":"Point","coordinates":[-92.2982,28.9881]},"properties":{"name":null,"operator":"Sea Robin Pipeline Co., LLC"}},{"type":"Feature","geometry":{"type":"Point","coordinates":[-92.2624,28.6965]},"properties":{"name":null,"operator":"Chevron USA Inc."}},{"type":"Feature","geometry":{"type":"Point","coordinates":[-91.8397,28.5924]},"properties":{"name":null,"operator":"Mcmoran Oil & Gas LLC"}},{"type":"Feature","geometry":{"type":"Point","coordinates":[-90.7163,28.1616]},"properties":{"name":null,"operator":"Shell Offshore Inc."}},{"type":"Feature","geometry":{"type":"Point","coordinates":[-90.6127,28.7772]},"properties":{"name":null,"operator":"ATP Oil & Gas Corporation"}},{"type":"Feature","geometry":{"type":"Point","coordinates":[-89.0353,29.401]},"properties":{"name":null,"operator":"Chevron USA Inc."}},{"type":"Feature","geometry":{"type":"Point","coordinates":[-91.8858,29.2924]},"properties":{"name":"CAIS.#200","operator":"EPL Oil & Gas, Inc."}},{"type":"Feature","geometry":{"type":"Point","coordinates":[-90.1362,28.3858]},"properties":{"name":null,"operator":"W & T Offshore, Inc."}},{"type":"Feature","geometry":{"type":"Point","coordinates":[-91.4753,28.428]},"properties":{"name":null,"operator":"Union Oil Co. Of California"}},{"type":"Feature","geometry":{"type":"Point","coordinates":[-91.4728,28.9793]},"properties":{"name":null,"operator":"Fieldwood Energy LLC"}},{"type":"Feature","geometry":{"type":"Point","coordinates":[-91.2784,28.5846]},"properties":{"name":null,"operator":"Renaissance Offshore, LLC"}},{"type":"Feature","geometry":{"type":"Point","coordinates":[-94.4385,28.0494]},"properties":{"name":null,"operator":"Mcmoran Oil & Gas LLC"}},{"type":"Feature","geometry":{"type":"Point","coordinates":[-96.5907,27.9143]},"properties":{"name":null,"operator":"Black Elk Energy Offshore Operations, LLC"}},{"type":"Feature","geometry":{"type":"Point","coordinates":[-88.6601,29.553]},"properties":{"name":null,"operator":"W & T Offshore, Inc."}},{"type":"Feature","geometry":{"type":"Point","coordinates":[-91.5322,29.3103]},"properties":{"name":null,"operator":"Energy XXI Gulf of Mexico, LLC"}},{"type":"Feature","geometry":{"type":"Point","coordinates":[-93.4001,29.6739]},"properties":{"name":null,"operator":"Virgin Offshore USA, Inc."}},{"type":"Feature","geometry":{"type":"Point","coordinates":[-92.8487,28.2134]},"properties":{"name":null,"operator":"Fieldwood Energy Offshore LLC"}},{"type":"Feature","geometry":{"type":"Point","coordinates":[-91.5365,29.3108]},"properties":{"name":null,"operator":"Energy XXI Gulf of Mexico, LLC"}},{"type":"Feature","geometry":{"type":"Point","coordinates":[-91.753,29.3792]},"properties":{"name":null,"operator":"Contango Operators, Inc."}},{"type":"Feature","geometry":{"type":"Point","coordinates":[-93.0601,27.9472]},"properties":{"name":null,"operator":"Apache Corporation"}},{"type":"Feature","geometry":{"type":"Point","coordinates":[-90.8497,28.8392]},"properties":{"name":null,"operator":"Stone Energy Corporation"}},{"type":"Feature","geometry":{"type":"Point","coordinates":[-90.0436,28.9344]},"properties":{"name":null,"operator":"GOM Shelf LLC"}},{"type":"Feature","geometry":{"type":"Point","coordinates":[-94.6889,26.9394]},"properties":{"name":"HOOVER SPAR","operator":"Exxon Mobil Corporation"}},{"type":"Feature","geometry":{"type":"Point","coordinates":[-90.9468,28.8419]},"properties":{"name":null,"operator":"Talos Energy Offshore LLC"}},{"type":"Feature","geometry":{"type":"Point","coordinates":[-91.5097,28.6649]},"properties":{"name":null,"operator":"Ankor Energy LLC"}},{"type":"Feature","geometry":{"type":"Point","coordinates":[-93.4065,29.6627]},"properties":{"name":null,"operator":"Virgin Offshore USA, Inc."}},{"type":"Feature","geometry":{"type":"Point","coordinates":[-90.8262,28.9789]},"properties":{"name":null,"operator":"Mcmoran Oil & Gas LLC"}},{"type":"Feature","geometry":{"type":"Point","coordinates":[-93.159,28.5094]},"properties":{"name":null,"operator":"Tarpon Operating & Development, LLC"}},{"type":"Feature","geometry":{"type":"Point","coordinates":[-90.4776,28.8601]},"properties":{"name":null,"operator":"Chevron USA Inc."}},{"type":"Feature","geometry":{"type":"Point","coordinates":[-91.1219,28.8602]},"properties":{"name":null,"operator":"Energy XXI Gulf of Mexico, LLC"}},{"type":"Feature","geometry":{"type":"Point","coordinates":[-91.3915,28.9136]},"properties":{"name":null,"operator":"Marlin Coastal, LLC"}},{"type":"Feature","geometry":{"type":"Point","coordinates":[-88.7817,29.264]},"properties":{"name":null,"operator":"Chevron USA Inc."}},{"type":"Feature","geometry":{"type":"Point","coordinates":[-93.0718,28.477]},"properties":{"name":null,"operator":"Fieldwood Energy Offshore LLC"}},{"type":"Feature","geometry":{"type":"Point","coordinates":[-91.0345,28.4346]},"properties":{"name":null,"operator":"Shell Pipeline Co. Lp"}},{"type":"Feature","geometry":{"type":"Point","coordinates":[-91.8666,28.5708]},"properties":{"name":null,"operator":"Arena Offshore, Lp"}},{"type":"Feature","geometry":{"type":"Point","coordinates":[-91.0199,28.6464]},"properties":{"name":null,"operator":"Fieldwood Energy LLC"}},{"type":"Feature","geometry":{"type":"Point","coordinates":[-90.829,28.8863]},"properties":{"name":null,"operator":"Stone Energy Corporation"}},{"type":"Feature","geometry":{"type":"Point","coordinates":[-89.534,29.1785]},"properties":{"name":null,"operator":"Mcmoran Oil & Gas LLC"}},{"type":"Feature","geometry":{"type":"Point","coordinates":[-91.4891,29.0064]},"properties":{"name":"CAIS.#36","operator":"Fieldwood Energy LLC"}},{"type":"Feature","geometry":{"type":"Point","coordinates":[-91.4853,29.0094]},"properties":{"name":null,"operator":"Fieldwood Energy LLC"}},{"type":"Feature","geometry":{"type":"Point","coordinates":[-91.9571,28.4238]},"properties":{"name":null,"operator":"Stone Energy Corporation"}},{"type":"Feature","geometry":{"type":"Point","coordinates":[-92.6852,29.3557]},"properties":{"name":null,"operator":"EC Offshore Properties, Inc."}},{"type":"Feature","geometry":{"type":"Point","coordinates":[-89.6317,29.1059]},"properties":{"name":null,"operator":"Cochon Properties, LLC"}},{"type":"Feature","geometry":{"type":"Point","coordinates":[-93.2511,29.3964]},"properties":{"name":null,"operator":"Conn Energy, Inc."}},{"type":"Feature","geometry":{"type":"Point","coordinates":[-91.2512,28.5916]},"properties":{"name":null,"operator":"Talos Energy Offshore LLC"}},{"type":"Feature","geometry":{"type":"Point","coordinates":[-92.3306,28.5349]},"properties":{"name":null,"operator":"Stone Energy Corporation"}},{"type":"Feature","geometry":{"type":"Point","coordinates":[-90.3259,27.9929]},"properties":{"name":"PRINCE","operator":"Enven Energy Ventures, LLC"}},{"type":"Feature","geometry":{"type":"Point","coordinates":[-90.8721,28.8142]},"properties":{"name":null,"operator":"Stone Energy Corporation"}},{"type":"Feature","geometry":{"type":"Point","coordinates":[-96.576,28.0421]},"properties":{"name":null,"operator":"Matagorda Island Gas Operations,llc"}},{"type":"Feature","geometry":{"type":"Point","coordinates":[-91.6071,29.1907]},"properties":{"name":null,"operator":"Chevron USA Inc."}},{"type":"Feature","geometry":{"type":"Point","coordinates":[-90.9491,28.9804]},"properties":{"name":null,"operator":"Petroquest Energy, LLC"}},{"type":"Feature","geometry":{"type":"Point","coordinates":[-89.0495,29.3009]},"properties":{"name":null,"operator":"Medco Energi Us LLC"}},{"type":"Feature","geometry":{"type":"Point","coordinates":[-90.0312,28.9458]},"properties":{"name":null,"operator":"GOM Shelf LLC"}},{"type":"Feature","geometry":{"type":"Point","coordinates":[-87.9394,30.1778]},"properties":{"name":null,"operator":"Exxon Mobil Corporation"}},{"type":"Feature","geometry":{"type":"Point","coordinates":[-89.2487,28.9843]},"properties":{"name":null,"operator":"Whitney Oil & Gas, LLC"}},{"type":"Feature","geometry":{"type":"Point","coordinates":[-94.3859,29.0938]},"properties":{"name":null,"operator":"Fieldwood Energy LLC"}},{"type":"Feature","geometry":{"type":"Point","coordinates":[-89.2384,28.9626]},"properties":{"name":null,"operator":"Whitney Oil & Gas, LLC"}},{"type":"Feature","geometry":{"type":"Point","coordinates":[-91.8686,29.1011]},"properties":{"name":null,"operator":"Apache Corporation"}},{"type":"Feature","geometry":{"type":"Point","coordinates":[-94.2491,29.273]},"properties":{"name":null,"operator":"Energy XXI Gulf of Mexico, LLC"}},{"type":"Feature","geometry":{"type":"Point","coordinates":[-92.8022,29.5299]},"properties":{"name":null,"operator":"Apex Oil & Gas, Inc."}},{"type":"Feature","geometry":{"type":"Point","coordinates":[-89.262,28.9768]},"properties":{"name":null,"operator":"Whitney Oil & Gas, LLC"}},{"type":"Feature","geometry":{"type":"Point","coordinates":[-94.1188,29.4493]},"properties":{"name":null,"operator":"Fieldwood Energy Offshore LLC"}},{"type":"Feature","geometry":{"type":"Point","coordinates":[-91.7646,29.0903]},"properties":{"name":null,"operator":"W & T Offshore, Inc."}},{"type":"Feature","geometry":{"type":"Point","coordinates":[-89.2642,28.9709]},"properties":{"name":null,"operator":"Whitney Oil & Gas, LLC"}},{"type":"Feature","geometry":{"type":"Point","coordinates":[-93.4286,28.7839]},"properties":{"name":null,"operator":"Petroquest Energy, LLC"}},{"type":"Feature","geometry":{"type":"Point","coordinates":[-90.4323,28.9234]},"properties":{"name":null,"operator":"Chevron USA Inc."}},{"type":"Feature","geometry":{"type":"Point","coordinates":[-89.6603,28.9386]},"properties":{"name":null,"operator":"Fieldwood Energy LLC"}},{"type":"Feature","geometry":{"type":"Point","coordinates":[-88.6724,29.5523]},"properties":{"name":null,"operator":"W & T Offshore, Inc."}},{"type":"Feature","geometry":{"type":"Point","coordinates":[-89.5218,29.1392]},"properties":{"name":null,"operator":"Energy XXI Gulf of Mexico, LLC"}},{"type":"Feature","geometry":{"type":"Point","coordinates":[-91.4831,28.9789]},"properties":{"name":null,"operator":"Fieldwood Energy LLC"}},{"type":"Feature","geometry":{"type":"Point","coordinates":[-93.4719,28.4541]},"properties":{"name":null,"operator":"Energy XXI Gulf of Mexico, LLC"}},{"type":"Feature","geometry":{"type":"Point","coordinates":[-91.2033,28.6896]},"properties":{"name":null,"operator":"Century Exploration New Orleans, LLC"}},{"type":"Feature","geometry":{"type":"Point","coordinates":[-91.9605,29.2466]},"properties":{"name":null,"operator":"Mcmoran Oil & Gas LLC"}},{"type":"Feature","geometry":{"type":"Point","coordinates":[-91.0651,28.6284]},"properties":{"name":null,"operator":"Chevron USA Inc."}},{"type":"Feature","geometry":{"type":"Point","coordinates":[-91.0351,28.611]},"properties":{"name":null,"operator":"Fieldwood Energy LLC"}},{"type":"Feature","geometry":{"type":"Point","coordinates":[-89.0912,29.3999]},"properties":{"name":null,"operator":"Chevron USA Inc."}},{"type":"Feature","geometry":{"type":"Point","coordinates":[-91.871,29.3064]},"properties":{"name":"CAIS.#202","operator":"EPL Oil & Gas, Inc."}},{"type":"Feature","geometry":{"type":"Point","coordinates":[-88.2074,30.1801]},"properties":{"name":null,"operator":"Dauphin Island Gathering Partners"}},{"type":"Feature","geometry":{"type":"Point","coordinates":[-90.8841,28.4814]},"properties":{"name":null,"operator":"W & T Offshore, Inc."}},{"type":"Feature","geometry":{"type":"Point","coordinates":[-96.7696,27.1976]},"properties":{"name":null,"operator":"Mcmoran Oil & Gas LLC"}},{"type":"Feature","geometry":{"type":"Point","coordinates":[-89.2579,28.975]},"properties":{"name":null,"operator":"Whitney Oil & Gas, LLC"}},{"type":"Feature","geometry":{"type":"Point","coordinates":[-93.4587,28.0191]},"properties":{"name":null,"operator":"Apache Corporation"}},{"type":"Feature","geometry":{"type":"Point","coordinates":[-96.0142,27.8355]},"properties":{"name":null,"operator":"GOM Shelf LLC"}},{"type":"Feature","geometry":{"type":"Point","coordinates":[-91.3256,28.7194]},"properties":{"name":null,"operator":"Enven Energy Ventures, LLC"}},{"type":"Feature","geometry":{"type":"Point","coordinates":[-88.3262,30.1087]},"properties":{"name":null,"operator":"Callon Petroleum Operating Co."}},{"type":"Feature","geometry":{"type":"Point","coordinates":[-91.2118,28.7354]},"properties":{"name":null,"operator":"W & T Offshore, Inc."}},{"type":"Feature","geometry":{"type":"Point","coordinates":[-91.8845,28.5276]},"properties":{"name":null,"operator":"Energy Resource Technology Gulf of Mexico, Inc."}},{"type":"Feature","geometry":{"type":"Point","coordinates":[-90.794,28.9853]},"properties":{"name":null,"operator":"Talos Energy Offshore LLC"}},{"type":"Feature","geometry":{"type":"Point","coordinates":[-89.8409,29.0507]},"properties":{"name":null,"operator":"Energy XXI Gulf of Mexico, LLC"}},{"type":"Feature","geometry":{"type":"Point","coordinates":[-90.1751,28.9823]},"properties":{"name":null,"operator":"Energy XXI Gulf of Mexico, LLC"}},{"type":"Feature","geometry":{"type":"Point","coordinates":[-92.0123,29.3354]},"properties":{"name":null,"operator":"Chevron USA Inc."}},{"type":"Feature","geometry":{"type":"Point","coordinates":[-90.4807,28.904]},"properties":{"name":null,"operator":"Chevron USA Inc."}},{"type":"Feature","geometry":{"type":"Point","coordinates":[-91.369,28.1641]},"properties":{"name":"TANZANITE","operator":"Fieldwood Energy LLC"}},{"type":"Feature","geometry":{"type":"Point","coordinates":[-89.6796,28.9419]},"properties":{"name":null,"operator":"Energy XXI Gulf of Mexico, LLC"}},{"type":"Feature","geometry":{"type":"Point","coordinates":[-88.7619,29.2677]},"properties":{"name":null,"operator":"Freeport-mcmoran Energy LLC"}},{"type":"Feature","geometry":{"type":"Point","coordinates":[-90.2516,28.9888]},"properties":{"name":null,"operator":"Energy XXI Gulf of Mexico, LLC"}},{"type":"Feature","geometry":{"type":"Point","coordinates":[-91.7844,29.3761]},"properties":{"name":null,"operator":"Contango Operators, Inc."}},{"type":"Feature","geometry":{"type":"Point","coordinates":[-91.5576,28.4811]},"properties":{"name":null,"operator":"Merit Energy Co., LLC"}},{"type":"Feature","geometry":{"type":"Point","coordinates":[-95.5881,28.1804]},"properties":{"name":null,"operator":"Shell Offshore Inc."}},{"type":"Feature","geometry":{"type":"Point","coordinates":[-95.3951,28.6668]},"properties":{"name":null,"operator":"EPL Oil & Gas, Inc."}},{"type":"Feature","geometry":{"type":"Point","coordinates":[-91.2625,29.1073]},"properties":{"name":null,"operator":"W & T Offshore, Inc."}},{"type":"Feature","geometry":{"type":"Point","coordinates":[-91.3681,28.7481]},"properties":{"name":null,"operator":"Fieldwood Energy LLC"}},{"type":"Feature","geometry":{"type":"Point","coordinates":[-91.5913,28.5103]},"properties":{"name":null,"operator":"Arena Offshore, Lp"}},{"type":"Feature","geometry":{"type":"Point","coordinates":[-93.7882,29.4385]},"properties":{"name":null,"operator":"Tammany Oil & Gas LLC"}},{"type":"Feature","geometry":{"type":"Point","coordinates":[-92.0622,29.4409]},"properties":{"name":"COMPLEXFLARE","operator":"Chevron USA Inc."}},{"type":"Feature","geometry":{"type":"Point","coordinates":[-89.6114,29.148]},"properties":{"name":null,"operator":"EPL Oil & Gas, Inc."}},{"type":"Feature","geometry":{"type":"Point","coordinates":[-89.8019,28.8051]},"properties":{"name":null,"operator":"Anglo-suisse Offshore Partners, LLC"}},{"type":"Feature","geometry":{"type":"Point","coordinates":[-91.6305,28.5629]},"properties":{"name":null,"operator":"Black Elk Energy Offshore Operations, LLC"}},{"type":"Feature","geometry":{"type":"Point","coordinates":[-89.632,28.8617]},"properties":{"name":null,"operator":"Fieldwood Energy LLC"}},{"type":"Feature","geometry":{"type":"Point","coordinates":[-88.0671,29.3432]},"properties":{"name":null,"operator":"Destin Pipeline Company, LLC"}},{"type":"Feature","geometry":{"type":"Point","coordinates":[-91.4717,28.3807]},"properties":{"name":null,"operator":"Fieldwood Energy LLC"}},{"type":"Feature","geometry":{"type":"Point","coordinates":[-90.1736,28.9384]},"properties":{"name":null,"operator":"Energy XXI Gulf of Mexico, LLC"}},{"type":"Feature","geometry":{"type":"Point","coordinates":[-93.5816,29.6936]},"properties":{"name":null,"operator":"Northstar Offshore Group, LLC"}},{"type":"Feature","geometry":{"type":"Point","coordinates":[-91.5641,28.503]},"properties":{"name":null,"operator":"Chevron USA Inc."}},{"type":"Feature","geometry":{"type":"Point","coordinates":[-89.9723,28.7702]},"properties":{"name":null,"operator":"Rooster Petroleum, LLC"}},{"type":"Feature","geometry":{"type":"Point","coordinates":[-93.4051,29.4073]},"properties":{"name":null,"operator":"Linder Oil Co., A Partnership"}},{"type":"Feature","geometry":{"type":"Point","coordinates":[-89.6633,28.96]},"properties":{"name":null,"operator":"Fieldwood Energy LLC"}},{"type":"Feature","geometry":{"type":"Point","coordinates":[-91.6423,28.9601]},"properties":{"name":null,"operator":"Transcontinental Gas Pipe Line Co., LLC"}},{"type":"Feature","geometry":{"type":"Point","coordinates":[-93.5019,28.3493]},"properties":{"name":null,"operator":"Arena Offshore, Lp"}},{"type":"Feature","geometry":{"type":"Point","coordinates":[-90.577,28.577]},"properties":{"name":null,"operator":"Stone Energy Corporation"}},{"type":"Feature","geometry":{"type":"Point","coordinates":[-90.9703,28.861]},"properties":{"name":null,"operator":"Talos Energy Offshore LLC"}},{"type":"Feature","geometry":{"type":"Point","coordinates":[-93.6388,29.478]},"properties":{"name":null,"operator":"Renaissance Offshore, LLC"}},{"type":"Feature","geometry":{"type":"Point","coordinates":[-92.4623,29.4907]},"properties":{"name":null,"operator":"Chevron USA Inc."}},{"type":"Feature","geometry":{"type":"Point","coordinates":[-89.9378,28.999]},"properties":{"name":null,"operator":"GOM Shelf LLC"}},{"type":"Feature","geometry":{"type":"Point","coordinates":[-91.9748,28.804]},"properties":{"name":null,"operator":"Fieldwood Energy Offshore LLC"}},{"type":"Feature","geometry":{"type":"Point","coordinates":[-92.4429,28.6694]},"properties":{"name":null,"operator":"W & T Offshore, Inc."}},{"type":"Feature","geometry":{"type":"Point","coordinates":[-90.2022,28.9867]},"properties":{"name":null,"operator":"Energy XXI Gulf of Mexico, LLC"}},{"type":"Feature","geometry":{"type":"Point","coordinates":[-88.8819,29.5586]},"properties":{"name":null,"operator":"Petsec Energy Inc."}},{"type":"Feature","geometry":{"type":"Point","coordinates":[-90.2363,28.7259]},"properties":{"name":null,"operator":"EPL Oil & Gas, Inc."}},{"type":"Feature","geometry":{"type":"Point","coordinates":[-92.0111,28.2992]},"properties":{"name":null,"operator":"Energy Resource Technology Gulf of Mexico, Inc."}},{"type":"Feature","geometry":{"type":"Point","coordinates":[-90.9051,28.8278]},"properties":{"name":null,"operator":"Stone Energy Corporation"}},{"type":"Feature","geometry":{"type":"Point","coordinates":[-91.5062,28.7072]},"properties":{"name":null,"operator":"Mcmoran Oil & Gas LLC"}},{"type":"Feature","geometry":{"type":"Point","coordinates":[-91.5269,28.5199]},"properties":{"name":null,"operator":"Chevron USA Inc."}},{"type":"Feature","geometry":{"type":"Point","coordinates":[-90.9061,28.8281]},"properties":{"name":null,"operator":"Stone Energy Corporation"}},{"type":"Feature","geometry":{"type":"Point","coordinates":[-88.956,29.064]},"properties":{"name":null,"operator":"Fieldwood Energy Offshore LLC"}},{"type":"Feature","geometry":{"type":"Point","coordinates":[-90.2784,29.0167]},"properties":{"name":null,"operator":"Energy XXI Gulf of Mexico, LLC"}},{"type":"Feature","geometry":{"type":"Point","coordinates":[-90.7048,28.9462]},"properties":{"name":"9-1-","operator":"Fieldwood Energy LLC"}},{"type":"Feature","geometry":{"type":"Point","coordinates":[-90.1683,29.0364]},"properties":{"name":null,"operator":"Chevron USA Inc."}},{"type":"Feature","geometry":{"type":"Point","coordinates":[-93.3828,29.6217]},"properties":{"name":null,"operator":"Enven Energy Ventures, LLC"}},{"type":"Feature","geometry":{"type":"Point","coordinates":[-91.3896,28.7539]},"properties":{"name":null,"operator":"Fieldwood Energy LLC"}},{"type":"Feature","geometry":{"type":"Point","coordinates":[-88.99,29.478]},"properties":{"name":null,"operator":"Fieldwood Energy Offshore LLC"}},{"type":"Feature","geometry":{"type":"Point","coordinates":[-90.5291,28.837]},"properties":{"name":null,"operator":"Arena Offshore, Lp"}},{"type":"Feature","geometry":{"type":"Point","coordinates":[-92.2667,28.6894]},"properties":{"name":null,"operator":"Chevron USA Inc."}},{"type":"Feature","geometry":{"type":"Point","coordinates":[-92.0516,29.4805]},"properties":{"name":null,"operator":"Chevron USA Inc."}},{"type":"Feature","geometry":{"type":"Point","coordinates":[-89.6554,28.976]},"properties":{"name":null,"operator":"Fieldwood Energy LLC"}},{"type":"Feature","geometry":{"type":"Point","coordinates":[-89.0264,29.4101]},"properties":{"name":null,"operator":"Chevron USA Inc."}},{"type":"Feature","geometry":{"type":"Point","coordinates":[-92.1077,29.4686]},"properties":{"name":null,"operator":"Chevron USA Inc."}},{"type":"Feature","geometry":{"type":"Point","coordinates":[-90.5302,29.0073]},"properties":{"name":null,"operator":"Talos Energy Offshore LLC"}},{"type":"Feature","geometry":{"type":"Point","coordinates":[-90.434,28.9347]},"properties":{"name":null,"operator":"Walter Oil & Gas Corporation"}},{"type":"Feature","geometry":{"type":"Point","coordinates":[-91.1185,29.1239]},"properties":{"name":null,"operator":"W & T Offshore, Inc."}},{"type":"Feature","geometry":{"type":"Point","coordinates":[-90.7488,28.9309]},"properties":{"name":null,"operator":"Fieldwood Energy LLC"}},{"type":"Feature","geometry":{"type":"Point","coordinates":[-93.9559,28.0151]},"properties":{"name":null,"operator":"Arena Offshore, Lp"}},{"type":"Feature","geometry":{"type":"Point","coordinates":[-90.6787,28.5108]},"properties":{"name":null,"operator":"Fieldwood Energy Offshore LLC"}},{"type":"Feature","geometry":{"type":"Point","coordinates":[-96.7949,27.0217]},"properties":{"name":null,"operator":"Williams Gulf Coast Gathering Co., LLC"}},{"type":"Feature","geometry":{"type":"Point","coordinates":[-88.756,29.2689]},"properties":{"name":null,"operator":"Freeport-mcmoran Energy LLC"}},{"type":"Feature","geometry":{"type":"Point","coordinates":[-90.2496,28.6164]},"properties":{"name":null,"operator":"Arena Offshore, Lp"}},{"type":"Feature","geometry":{"type":"Point","coordinates":[-93.7773,29.268]},"properties":{"name":null,"operator":"Helis Oil & Gas Company, LLC"}},{"type":"Feature","geometry":{"type":"Point","coordinates":[-89.1036,28.1543]},"properties":{"name":null,"operator":"Shell Offshore Inc."}},{"type":"Feature","geometry":{"type":"Point","coordinates":[-90.4906,28.8482]},"properties":{"name":null,"operator":"Chevron USA Inc."}},{"type":"Feature","geometry":{"type":"Point","coordinates":[-92.9885,29.4015]},"properties":{"name":null,"operator":"Stone Energy Corporation"}},{"type":"Feature","geometry":{"type":"Point","coordinates":[-88.9163,29.2447]},"properties":{"name":null,"operator":"Energy XXI Gulf of Mexico, LLC"}},{"type":"Feature","geometry":{"type":"Point","coordinates":[-92.195,29.4387]},"properties":{"name":null,"operator":"EPL Oil & Gas, Inc."}},{"type":"Feature","geometry":{"type":"Point","coordinates":[-89.2605,28.9768]},"properties":{"name":null,"operator":"Whitney Oil & Gas, LLC"}},{"type":"Feature","geometry":{"type":"Point","coordinates":[-92.2042,28.5306]},"properties":{"name":null,"operator":"Castex Offshore, Inc."}},{"type":"Feature","geometry":{"type":"Point","coordinates":[-89.2229,28.1698]},"properties":{"name":"MARS TLP","operator":"Shell Offshore Inc."}},{"type":"Feature","geometry":{"type":"Point","coordinates":[-90.8748,28.4814]},"properties":{"name":null,"operator":"W & T Offshore, Inc."}},{"type":"Feature","geometry":{"type":"Point","coordinates":[-91.3736,29.2497]},"properties":{"name":null,"operator":"Tana Exploration Co. LLC"}},{"type":"Feature","geometry":{"type":"Point","coordinates":[-94.2243,29.2988]},"properties":{"name":null,"operator":"W & T Offshore, Inc."}},{"type":"Feature","geometry":{"type":"Point","coordinates":[-91.6152,28.3196]},"properties":{"name":null,"operator":"Fieldwood Energy Offshore LLC"}},{"type":"Feature","geometry":{"type":"Point","coordinates":[-96.3363,27.9357]},"properties":{"name":null,"operator":"Fieldwood Energy LLC"}},{"type":"Feature","geometry":{"type":"Point","coordinates":[-88.4966,30.0849]},"properties":{"name":null,"operator":"Union Oil Co. Of California"}},{"type":"Feature","geometry":{"type":"Point","coordinates":[-92.7422,28.4852]},"properties":{"name":null,"operator":"Fieldwood Energy Offshore LLC"}},{"type":"Feature","geometry":{"type":"Point","coordinates":[-92.219,28.5747]},"properties":{"name":null,"operator":"Maritech Resources, Inc."}},{"type":"Feature","geometry":{"type":"Point","coordinates":[-91.3477,28.7609]},"properties":{"name":null,"operator":"Fieldwood Energy LLC"}},{"type":"Feature","geometry":{"type":"Point","coordinates":[-91.5358,29.3116]},"properties":{"name":null,"operator":"Energy XXI Gulf of Mexico, LLC"}},{"type":"Feature","geometry":{"type":"Point","coordinates":[-91.9766,28.964]},"properties":{"name":null,"operator":"Fieldwood Energy LLC"}},{"type":"Feature","geometry":{"type":"Point","coordinates":[-92.077,29.4502]},"properties":{"name":null,"operator":"Chevron USA Inc."}},{"type":"Feature","geometry":{"type":"Point","coordinates":[-89.0653,29.3109]},"properties":{"name":null,"operator":"Medco Energi Us LLC"}},{"type":"Feature","geometry":{"type":"Point","coordinates":[-88.6652,29.2906]},"properties":{"name":null,"operator":"Chevron USA Inc."}},{"type":"Feature","geometry":{"type":"Point","coordinates":[-90.7428,28.939]},"properties":{"name":null,"operator":"Fieldwood Energy LLC"}},{"type":"Feature","geometry":{"type":"Point","coordinates":[-93.7437,28.091]},"properties":{"name":null,"operator":"High Island Offshore System, LLC"}},{"type":"Feature","geometry":{"type":"Point","coordinates":[-90.2503,28.9921]},"properties":{"name":null,"operator":"Energy XXI Gulf of Mexico, LLC"}},{"type":"Feature","geometry":{"type":"Point","coordinates":[-91.9931,29.394]},"properties":{"name":null,"operator":"Energy XXI Gulf of Mexico, LLC"}},{"type":"Feature","geometry":{"type":"Point","coordinates":[-91.4808,28.9857]},"properties":{"name":null,"operator":"Fieldwood Energy LLC"}},{"type":"Feature","geometry":{"type":"Point","coordinates":[-93.3602,28.1485]},"properties":{"name":null,"operator":"Apache Shelf, Inc."}},{"type":"Feature","geometry":{"type":"Point","coordinates":[-96.4933,28.0747]},"properties":{"name":null,"operator":"Tana Exploration Co. LLC"}},{"type":"Feature","geometry":{"type":"Point","coordinates":[-90.7597,28.9718]},"properties":{"name":null,"operator":"Fieldwood Energy LLC"}},{"type":"Feature","geometry":{"type":"Point","coordinates":[-90.1626,29.0472]},"properties":{"name":null,"operator":"Chevron USA Inc."}},{"type":"Feature","geometry":{"type":"Point","coordinates":[-88.4956,28.1909]},"properties":{"name":"THUNDER HORSE","operator":"BP Exploration & Production Inc."}},{"type":"Feature","geometry":{"type":"Point","coordinates":[-93.9336,28.3905]},"properties":{"name":null,"operator":"Black Elk Energy Offshore Operations, LLC"}},{"type":"Feature","geometry":{"type":"Point","coordinates":[-90.983,28.8101]},"properties":{"name":null,"operator":"Talos Energy Offshore LLC"}},{"type":"Feature","geometry":{"type":"Point","coordinates":[-92.0621,29.4418]},"properties":{"name":"HP VENT SCRUB","operator":"Chevron USA Inc."}},{"type":"Feature","geometry":{"type":"Point","coordinates":[-90.8637,28.5065]},"properties":{"name":null,"operator":"W & T Offshore, Inc."}},{"type":"Feature","geometry":{"type":"Point","coordinates":[-90.7459,28.9545]},"properties":{"name":null,"operator":"Fieldwood Energy LLC"}},{"type":"Feature","geometry":{"type":"Point","coordinates":[-91.744,28.783]},"properties":{"name":null,"operator":"Fieldwood Energy LLC"}},{"type":"Feature","geometry":{"type":"Point","coordinates":[-89.5004,28.9709]},"properties":{"name":null,"operator":"Fieldwood Energy Offshore LLC"}},{"type":"Feature","geometry":{"type":"Point","coordinates":[-91.1326,28.2484]},"properties":{"name":null,"operator":"W & T Offshore, Inc."}},{"type":"Feature","geometry":{"type":"Point","coordinates":[-93.1488,29.5927]},"properties":{"name":null,"operator":"Fieldwood Energy LLC"}},{"type":"Feature","geometry":{"type":"Point","coordinates":[-93.3034,29.6276]},"properties":{"name":null,"operator":"Energy XXI Gulf of Mexico, LLC"}},{"type":"Feature","geometry":{"type":"Point","coordinates":[-89.5533,29.1789]},"properties":{"name":null,"operator":"Mcmoran Oil & Gas LLC"}},{"type":"Feature","geometry":{"type":"Point","coordinates":[-90.7833,28.5742]},"properties":{"name":null,"operator":"Mcmoran Oil & Gas LLC"}},{"type":"Feature","geometry":{"type":"Point","coordinates":[-90.0725,28.5754]},"properties":{"name":null,"operator":"Fieldwood Energy LLC"}},{"type":"Feature","geometry":{"type":"Point","coordinates":[-89.2377,28.965]},"properties":{"name":null,"operator":"Whitney Oil & Gas, LLC"}},{"type":"Feature","geometry":{"type":"Point","coordinates":[-89.5316,29.0209]},"properties":{"name":null,"operator":"Tana Exploration Co. LLC"}},{"type":"Feature","geometry":{"type":"Point","coordinates":[-93.0385,29.6328]},"properties":{"name":null,"operator":"Kinetica Partners, LLC"}},{"type":"Feature","geometry":{"type":"Point","coordinates":[-92.0929,28.5865]},"properties":{"name":null,"operator":"Ankor Energy LLC"}},{"type":"Feature","geometry":{"type":"Point","coordinates":[-93.7968,29.5326]},"properties":{"name":null,"operator":"Apache Corporation"}},{"type":"Feature","geometry":{"type":"Point","coordinates":[-92.567,29.442]},"properties":{"name":null,"operator":"EPL Oil & Gas, Inc."}},{"type":"Feature","geometry":{"type":"Point","coordinates":[-92.0667,29.4444]},"properties":{"name":null,"operator":"Chevron USA Inc."}},{"type":"Feature","geometry":{"type":"Point","coordinates":[-89.859,29.0015]},"properties":{"name":null,"operator":"GOM Shelf LLC"}},{"type":"Feature","geometry":{"type":"Point","coordinates":[-92.9567,29.2807]},"properties":{"name":null,"operator":"Enven Energy Ventures, LLC"}},{"type":"Feature","geometry":{"type":"Point","coordinates":[-88.6654,29.1642]},"properties":{"name":null,"operator":"Fieldwood Energy LLC"}},{"type":"Feature","geometry":{"type":"Point","coordinates":[-90.3428,28.9673]},"properties":{"name":null,"operator":"Talos Energy Offshore LLC"}},{"type":"Feature","geometry":{"type":"Point","coordinates":[-92.1758,29.0656]},"properties":{"name":null,"operator":"Talos Energy Offshore LLC"}},{"type":"Feature","geometry":{"type":"Point","coordinates":[-90.4134,28.9333]},"properties":{"name":null,"operator":"Chevron USA Inc."}},{"type":"Feature","geometry":{"type":"Point","coordinates":[-91.3417,28.9491]},"properties":{"name":null,"operator":"Marlin Coastal, LLC"}},{"type":"Feature","geometry":{"type":"Point","coordinates":[-90.9971,27.9461]},"properties":{"name":"BOXER","operator":"Shell Offshore Inc."}},{"type":"Feature","geometry":{"type":"Point","coordinates":[-89.2627,28.9715]},"properties":{"name":null,"operator":"Whitney Oil & Gas, LLC"}},{"type":"Feature","geometry":{"type":"Point","coordinates":[-92.5389,28.0858]},"properties":{"name":null,"operator":"Renaissance Offshore, LLC"}},{"type":"Feature","geometry":{"type":"Point","coordinates":[-90.6208,28.8258]},"properties":{"name":null,"operator":"Talos Energy Offshore LLC"}},{"type":"Feature","geometry":{"type":"Point","coordinates":[-91.2829,29.093]},"properties":{"name":null,"operator":"W & T Offshore, Inc."}},{"type":"Feature","geometry":{"type":"Point","coordinates":[-91.2881,28.9701]},"properties":{"name":null,"operator":"Xto Offshore Inc."}},{"type":"Feature","geometry":{"type":"Point","coordinates":[-90.5452,28.5697]},"properties":{"name":null,"operator":"Stone Energy Corporation"}},{"type":"Feature","geometry":{"type":"Point","coordinates":[-89.9898,29.0948]},"properties":{"name":null,"operator":"Energy XXI Gulf of Mexico, LLC"}},{"type":"Feature","geometry":{"type":"Point","coordinates":[-90.5044,28.8989]},"properties":{"name":null,"operator":"Chevron USA Inc."}},{"type":"Feature","geometry":{"type":"Point","coordinates":[-87.8848,29.3608]},"properties":{"name":null,"operator":"W & T Energy Vi, LLC"}},{"type":"Feature","geometry":{"type":"Point","coordinates":[-91.4485,29.0634]},"properties":{"name":null,"operator":"Arena Offshore, Lp"}},{"type":"Feature","geometry":{"type":"Point","coordinates":[-93.6732,29.6249]},"properties":{"name":null,"operator":"Chevron USA Inc."}},{"type":"Feature","geometry":{"type":"Point","coordinates":[-92.991,28.172]},"properties":{"name":null,"operator":"Energy XXI Gulf of Mexico, LLC"}},{"type":"Feature","geometry":{"type":"Point","coordinates":[-91.7801,29.3825]},"properties":{"name":null,"operator":"Contango Operators, Inc."}},{"type":"Feature","geometry":{"type":"Point","coordinates":[-90.9951,28.6188]},"properties":{"name":null,"operator":"Chevron USA Inc."}},{"type":"Feature","geometry":{"type":"Point","coordinates":[-90.4676,28.8694]},"properties":{"name":null,"operator":"Fieldwood Energy LLC"}},{"type":"Feature","geometry":{"type":"Point","coordinates":[-89.0543,29.316]},"properties":{"name":null,"operator":"Medco Energi Us LLC"}},{"type":"Feature","geometry":{"type":"Point","coordinates":[-92.466,28.5907]},"properties":{"name":null,"operator":"Kinetica Partners, LLC"}},{"type":"Feature","geometry":{"type":"Point","coordinates":[-88.8445,29.1176]},"properties":{"name":null,"operator":"Fieldwood Energy LLC"}},{"type":"Feature","geometry":{"type":"Point","coordinates":[-87.8555,30.0917]},"properties":{"name":null,"operator":"Union Oil Co. Of California"}},{"type":"Feature","geometry":{"type":"Point","coordinates":[-93.2512,29.3965]},"properties":{"name":null,"operator":"Conn Energy, Inc."}},{"type":"Feature","geometry":{"type":"Point","coordinates":[-90.4089,28.4823]},"properties":{"name":null,"operator":"Arena Offshore, Lp"}},{"type":"Feature","geometry":{"type":"Point","coordinates":[-92.4785,28.0921]},"properties":{"name":null,"operator":"Renaissance Offshore, LLC"}},{"type":"Feature","geometry":{"type":"Point","coordinates":[-92.4891,28.415]},"properties":{"name":null,"operator":"Tana Exploration Co. LLC"}},{"type":"Feature","geometry":{"type":"Point","coordinates":[-94.196,29.1336]},"properties":{"name":null,"operator":"Mariner Gulf Of Mexico LLC"}},{"type":"Feature","geometry":{"type":"Point","coordinates":[-93.3126,29.3959]},"properties":{"name":null,"operator":"Energy Resource Technology Gulf of Mexico, Inc."}},{"type":"Feature","geometry":{"type":"Point","coordinates":[-88.7632,29.2678]},"properties":{"name":null,"operator":"Freeport-mcmoran Energy LLC"}},{"type":"Feature","geometry":{"type":"Point","coordinates":[-92.9867,29.3819]},"properties":{"name":null,"operator":"Stone Energy Corporation"}},{"type":"Feature","geometry":{"type":"Point","coordinates":[-94.153,29.4504]},"properties":{"name":null,"operator":"Transcontinental Gas Pipe Line Co., LLC"}},{"type":"Feature","geometry":{"type":"Point","coordinates":[-90.6406,28.8494]},"properties":{"name":null,"operator":"Talos Energy Offshore LLC"}},{"type":"Feature","geometry":{"type":"Point","coordinates":[-93.122,29.6523]},"properties":{"name":null,"operator":"Fieldwood Energy LLC"}},{"type":"Feature","geometry":{"type":"Point","coordinates":[-93.4228,29.4078]},"properties":{"name":"CASSION #5","operator":"Linder Oil Co., A Partnership"}},{"type":"Feature","geometry":{"type":"Point","coordinates":[-90.4766,28.898]},"properties":{"name":null,"operator":"Chevron USA Inc."}},{"type":"Feature","geometry":{"type":"Point","coordinates":[-91.6696,28.1174]},"properties":{"name":null,"operator":"Chevron USA Inc."}},{"type":"Feature","geometry":{"type":"Point","coordinates":[-93.1664,29.3743]},"properties":{"name":"CAIS.F","operator":"W & T Offshore, Inc."}},{"type":"Feature","geometry":{"type":"Point","coordinates":[-91.8308,28.849]},"properties":{"name":null,"operator":"Black Elk Energy Offshore Operations, LLC"}},{"type":"Feature","geometry":{"type":"Point","coordinates":[-89.2658,28.982]},"properties":{"name":"98(SL 1012)(M)","operator":"Whitney Oil & Gas, LLC"}},{"type":"Feature","geometry":{"type":"Point","coordinates":[-93.8504,29.4055]},"properties":{"name":null,"operator":"ATP Oil & Gas Corporation"}},{"type":"Feature","geometry":{"type":"Point","coordinates":[-92.3735,29.4033]},"properties":{"name":null,"operator":"Talos Energy Offshore LLC"}},{"type":"Feature","geometry":{"type":"Point","coordinates":[-90.7234,28.9481]},"properties":{"name":null,"operator":"Fieldwood Energy LLC"}},{"type":"Feature","geometry":{"type":"Point","coordinates":[-94.4229,29.2378]},"properties":{"name":null,"operator":"Rooster Petroleum, LLC"}},{"type":"Feature","geometry":{"type":"Point","coordinates":[-95.0377,28.8805]},"properties":{"name":null,"operator":"W & T Offshore, Inc."}},{"type":"Feature","geometry":{"type":"Point","coordinates":[-88.0025,30.138]},"properties":{"name":null,"operator":"Ankor Energy LLC"}},{"type":"Feature","geometry":{"type":"Point","coordinates":[-91.5298,29.3111]},"properties":{"name":null,"operator":"Energy XXI Gulf of Mexico, LLC"}},{"type":"Feature","geometry":{"type":"Point","coordinates":[-91.887,29.0794]},"properties":{"name":null,"operator":"Fieldwood Energy LLC"}},{"type":"Feature","geometry":{"type":"Point","coordinates":[-92.3342,29.4167]},"properties":{"name":null,"operator":"Union Oil Co. Of California"}},{"type":"Feature","geometry":{"type":"Point","coordinates":[-89.7923,28.8106]},"properties":{"name":null,"operator":"Anglo-suisse Offshore Partners, LLC"}},{"type":"Feature","geometry":{"type":"Point","coordinates":[-96.6052,28.0424]},"properties":{"name":null,"operator":"Matagorda Island Gas Operations,llc"}},{"type":"Feature","geometry":{"type":"Point","coordinates":[-93.6155,29.2925]},"properties":{"name":null,"operator":"Fieldwood Energy LLC"}},{"type":"Feature","geometry":{"type":"Point","coordinates":[-91.983,29.3272]},"properties":{"name":null,"operator":"Chevron USA Inc."}},{"type":"Feature","geometry":{"type":"Point","coordinates":[-90.3773,28.8559]},"properties":{"name":null,"operator":"Energy XXI Gulf of Mexico, LLC"}},{"type":"Feature","geometry":{"type":"Point","coordinates":[-90.7751,28.9482]},"properties":{"name":null,"operator":"Fieldwood Energy LLC"}},{"type":"Feature","geometry":{"type":"Point","coordinates":[-91.2188,28.9827]},"properties":{"name":null,"operator":"Mcmoran Oil & Gas LLC"}},{"type":"Feature","geometry":{"type":"Point","coordinates":[-92.4613,28.5771]},"properties":{"name":null,"operator":"Chevron USA Inc."}},{"type":"Feature","geometry":{"type":"Point","coordinates":[-93.7919,29.2823]},"properties":{"name":null,"operator":"W & T Offshore, Inc."}},{"type":"Feature","geometry":{"type":"Point","coordinates":[-92.8378,28.0743]},"properties":{"name":null,"operator":"W & T Offshore, Inc."}},{"type":"Feature","geometry":{"type":"Point","coordinates":[-94.3701,29.182]},"properties":{"name":null,"operator":"Castex Offshore, Inc."}},{"type":"Feature","geometry":{"type":"Point","coordinates":[-93.1715,29.359]},"properties":{"name":null,"operator":"W & T Offshore, Inc."}},{"type":"Feature","geometry":{"type":"Point","coordinates":[-90.8251,28.8736]},"properties":{"name":null,"operator":"Stone Energy Corporation"}},{"type":"Feature","geometry":{"type":"Point","coordinates":[-93.1866,29.3453]},"properties":{"name":null,"operator":"W & T Offshore, Inc."}},{"type":"Feature","geometry":{"type":"Point","coordinates":[-89.2387,28.9631]},"properties":{"name":null,"operator":"Whitney Oil & Gas, LLC"}},{"type":"Feature","geometry":{"type":"Point","coordinates":[-93.5116,29.486]},"properties":{"name":null,"operator":"ENI US Operating Co. Inc."}},{"type":"Feature","geometry":{"type":"Point","coordinates":[-91.7268,28.8155]},"properties":{"name":null,"operator":"Fieldwood Energy LLC"}},{"type":"Feature","geometry":{"type":"Point","coordinates":[-96.8547,26.4766]},"properties":{"name":null,"operator":"Prime Offshore LLC"}},{"type":"Feature","geometry":{"type":"Point","coordinates":[-91.2783,28.6026]},"properties":{"name":null,"operator":"W & T Offshore, Inc."}},{"type":"Feature","geometry":{"type":"Point","coordinates":[-89.1578,28.6629]},"properties":{"name":"LEN CT","operator":"Exxon Mobil Corporation"}},{"type":"Feature","geometry":{"type":"Point","coordinates":[-94.6661,29.0462]},"properties":{"name":null,"operator":"Walter Oil & Gas Corporation"}},{"type":"Feature","geometry":{"type":"Point","coordinates":[-89.6098,29.0127]},"properties":{"name":null,"operator":"Tana Exploration Co. LLC"}},{"type":"Feature","geometry":{"type":"Point","coordinates":[-90.9027,28.507]},"properties":{"name":null,"operator":"Energy XXI Gulf of Mexico, LLC"}},{"type":"Feature","geometry":{"type":"Point","coordinates":[-90.491,28.8681]},"properties":{"name":null,"operator":"Chevron USA Inc."}},{"type":"Feature","geometry":{"type":"Point","coordinates":[-93.3165,29.4098]},"properties":{"name":null,"operator":"Nexen Petroleum USA Inc."}},{"type":"Feature","geometry":{"type":"Point","coordinates":[-91.6171,29.1905]},"properties":{"name":null,"operator":"Chevron USA Inc."}},{"type":"Feature","geometry":{"type":"Point","coordinates":[-90.3323,28.6894]},"properties":{"name":null,"operator":"Walter Oil & Gas Corporation"}},{"type":"Feature","geometry":{"type":"Point","coordinates":[-90.4912,28.8893]},"properties":{"name":null,"operator":"Chevron USA Inc."}},{"type":"Feature","geometry":{"type":"Point","coordinates":[-89.2464,28.9618]},"properties":{"name":null,"operator":"Whitney Oil & Gas, LLC"}},{"type":"Feature","geometry":{"type":"Point","coordinates":[-92.8645,29.182]},"properties":{"name":null,"operator":"Virgin Offshore USA, Inc."}},{"type":"Feature","geometry":{"type":"Point","coordinates":[-90.6949,28.9051]},"properties":{"name":null,"operator":"Energy Resource Technology Gulf of Mexico, Inc."}},{"type":"Feature","geometry":{"type":"Point","coordinates":[-96.5525,28.0617]},"properties":{"name":null,"operator":"Matagorda Island Gas Operations,llc"}},{"type":"Feature","geometry":{"type":"Point","coordinates":[-88.8617,29.2941]},"properties":{"name":null,"operator":"Apache Corporation"}},{"type":"Feature","geometry":{"type":"Point","coordinates":[-90.7445,28.9458]},"properties":{"name":null,"operator":"Fieldwood Energy LLC"}},{"type":"Feature","geometry":{"type":"Point","coordinates":[-90.3944,28.8137]},"properties":{"name":null,"operator":"Energy XXI Gulf of Mexico, LLC"}},{"type":"Feature","geometry":{"type":"Point","coordinates":[-93.6368,29.3833]},"properties":{"name":null,"operator":"Fieldwood Energy LLC"}},{"type":"Feature","geometry":{"type":"Point","coordinates":[-90.2023,28.7937]},"properties":{"name":null,"operator":"Energy Resource Technology Gulf of Mexico, Inc."}},{"type":"Feature","geometry":{"type":"Point","coordinates":[-94.0084,29.301]},"properties":{"name":null,"operator":"Rooster Petroleum, LLC"}},{"type":"Feature","geometry":{"type":"Point","coordinates":[-91.6505,29.3062]},"properties":{"name":"2(PLTF.B)","operator":"Sojitz Energy Venture, Inc."}},{"type":"Feature","geometry":{"type":"Point","coordinates":[-90.3534,28.9287]},"properties":{"name":null,"operator":"Chevron USA Inc."}},{"type":"Feature","geometry":{"type":"Point","coordinates":[-88.6848,29.5529]},"properties":{"name":null,"operator":"W & T Offshore, Inc."}},{"type":"Feature","geometry":{"type":"Point","coordinates":[-91.8805,28.6001]},"properties":{"name":null,"operator":"Energy XXI Gulf of Mexico, LLC"}},{"type":"Feature","geometry":{"type":"Point","coordinates":[-89.2669,28.9687]},"properties":{"name":"21(V)","operator":"Whitney Oil & Gas, LLC"}},{"type":"Feature","geometry":{"type":"Point","coordinates":[-90.4737,28.9329]},"properties":{"name":null,"operator":"Talos Energy Offshore LLC"}},{"type":"Feature","geometry":{"type":"Point","coordinates":[-91.4699,29.0581]},"properties":{"name":null,"operator":"Arena Offshore, Lp"}},{"type":"Feature","geometry":{"type":"Point","coordinates":[-89.6081,29.141]},"properties":{"name":null,"operator":"EPL Oil & Gas, Inc."}},{"type":"Feature","geometry":{"type":"Point","coordinates":[-91.8305,28.2907]},"properties":{"name":null,"operator":"Fieldwood Energy Offshore LLC"}},{"type":"Feature","geometry":{"type":"Point","coordinates":[-92.1777,28.5269]},"properties":{"name":null,"operator":"Castex Offshore, Inc."}},{"type":"Feature","geometry":{"type":"Point","coordinates":[-92.3929,29.4675]},"properties":{"name":null,"operator":"Apache Shelf, Inc."}},{"type":"Feature","geometry":{"type":"Point","coordinates":[-97.0739,26.9121]},"properties":{"name":null,"operator":"Transcontinental Gas Pipe Line Co., LLC"}},{"type":"Feature","geometry":{"type":"Point","coordinates":[-89.2747,28.9602]},"properties":{"name":null,"operator":"Whitney Oil & Gas, LLC"}},{"type":"Feature","geometry":{"type":"Point","coordinates":[-89.5514,28.662]},"properties":{"name":null,"operator":"Shell Offshore Inc."}},{"type":"Feature","geometry":{"type":"Point","coordinates":[-90.1814,27.3624]},"properties":{"name":"MARCO POLO","operator":"Anadarko Petroleum Corporation"}},{"type":"Feature","geometry":{"type":"Point","coordinates":[-92.9862,29.3974]},"properties":{"name":null,"operator":"Stone Energy Corporation"}},{"type":"Feature","geometry":{"type":"Point","coordinates":[-90.4335,28.4798]},"properties":{"name":null,"operator":"Black Elk Energy Offshore Operations, LLC"}},{"type":"Feature","geometry":{"type":"Point","coordinates":[-93.1458,29.5594]},"properties":{"name":null,"operator":"Fieldwood Energy LLC"}},{"type":"Feature","geometry":{"type":"Point","coordinates":[-93.4252,28.9875]},"properties":{"name":null,"operator":"Century Exploration New Orleans, LLC"}},{"type":"Feature","geometry":{"type":"Point","coordinates":[-88.9607,29.4003]},"properties":{"name":null,"operator":"Chevron USA Inc."}},{"type":"Feature","geometry":{"type":"Point","coordinates":[-89.6139,29.1771]},"properties":{"name":null,"operator":"Energy XXI Gulf of Mexico, LLC"}},{"type":"Feature","geometry":{"type":"Point","coordinates":[-89.0103,29.3939]},"properties":{"name":null,"operator":"Chevron USA Inc."}},{"type":"Feature","geometry":{"type":"Point","coordinates":[-91.8594,29.2872]},"properties":{"name":"CAIS.#203","operator":"EPL Oil & Gas, Inc."}},{"type":"Feature","geometry":{"type":"Point","coordinates":[-90.2213,28.7826]},"properties":{"name":null,"operator":"Energy Resource Technology Gulf of Mexico, Inc."}},{"type":"Feature","geometry":{"type":"Point","coordinates":[-92.0617,29.4415]},"properties":{"name":null,"operator":"Chevron USA Inc."}},{"type":"Feature","geometry":{"type":"Point","coordinates":[-90.3643,28.5269]},"properties":{"name":null,"operator":"Arena Offshore, Lp"}},{"type":"Feature","geometry":{"type":"Point","coordinates":[-92.4906,29.4521]},"properties":{"name":null,"operator":"EPL Oil & Gas, Inc."}},{"type":"Feature","geometry":{"type":"Point","coordinates":[-96.0367,27.8548]},"properties":{"name":null,"operator":"GOM Shelf LLC"}},{"type":"Feature","geometry":{"type":"Point","coordinates":[-94.4378,28.014]},"properties":{"name":null,"operator":"Energy Resource Technology Gulf of Mexico, Inc."}},{"type":"Feature","geometry":{"type":"Point","coordinates":[-89.3,28.8019]},"properties":{"name":null,"operator":"GOM Shelf LLC"}},{"type":"Feature","geometry":{"type":"Point","coordinates":[-90.1618,28.9856]},"properties":{"name":null,"operator":"Energy XXI Gulf of Mexico, LLC"}},{"type":"Feature","geometry":{"type":"Point","coordinates":[-89.8584,29.0958]},"properties":{"name":null,"operator":"Apache Corporation"}},{"type":"Feature","geometry":{"type":"Point","coordinates":[-90.8943,28.5256]},"properties":{"name":null,"operator":"Energy XXI Gulf of Mexico, LLC"}},{"type":"Feature","geometry":{"type":"Point","coordinates":[-91.6885,28.8576]},"properties":{"name":null,"operator":"Llog Exploration Offshore, LLC"}},{"type":"Feature","geometry":{"type":"Point","coordinates":[-91.1224,28.8565]},"properties":{"name":null,"operator":"Energy XXI Gulf of Mexico, LLC"}},{"type":"Feature","geometry":{"type":"Point","coordinates":[-91.2553,28.5844]},"properties":{"name":null,"operator":"Renaissance Offshore, LLC"}},{"type":"Feature","geometry":{"type":"Point","coordinates":[-88.6835,29.1877]},"properties":{"name":null,"operator":"Fieldwood Energy LLC"}},{"type":"Feature","geometry":{"type":"Point","coordinates":[-93.2786,29.5095]},"properties":{"name":"CAIS.#15","operator":"Fieldwood Energy LLC"}},{"type":"Feature","geometry":{"type":"Point","coordinates":[-89.6052,29.1299]},"properties":{"name":null,"operator":"EPL Oil & Gas, Inc."}},{"type":"Feature","geometry":{"type":"Point","coordinates":[-88.0428,29.4]},"properties":{"name":null,"operator":"Dauphin Island Gathering Partners"}},{"type":"Feature","geometry":{"type":"Point","coordinates":[-90.2577,29.0229]},"properties":{"name":null,"operator":"Energy XXI Gulf of Mexico, LLC"}},{"type":"Feature","geometry":{"type":"Point","coordinates":[-92.9255,28.2191]},"properties":{"name":null,"operator":"Medco Energi Us LLC"}},{"type":"Feature","geometry":{"type":"Point","coordinates":[-90.7237,28.9484]},"properties":{"name":"B-25","operator":"Fieldwood Energy LLC"}},{"type":"Feature","geometry":{"type":"Point","coordinates":[-91.7289,29.2978]},"properties":{"name":"CAISSON #6","operator":"Rooster Petroleum, LLC"}},{"type":"Feature","geometry":{"type":"Point","coordinates":[-91.5103,27.8998]},"properties":{"name":null,"operator":"Mc Offshore Petroleum, LLC"}},{"type":"Feature","geometry":{"type":"Point","coordinates":[-89.0538,29.4181]},"properties":{"name":null,"operator":"Chevron USA Inc."}},{"type":"Feature","geometry":{"type":"Point","coordinates":[-94.0194,29.4933]},"properties":{"name":null,"operator":"Fieldwood Energy Offshore LLC"}},{"type":"Feature","geometry":{"type":"Point","coordinates":[-93.9618,29.3037]},"properties":{"name":null,"operator":"Fieldwood Energy LLC"}},{"type":"Feature","geometry":{"type":"Point","coordinates":[-92.1012,29.4317]},"properties":{"name":null,"operator":"Chevron USA Inc."}},{"type":"Feature","geometry":{"type":"Point","coordinates":[-93.3245,29.1915]},"properties":{"name":null,"operator":"Tarpon Operating & Development, LLC"}},{"type":"Feature","geometry":{"type":"Point","coordinates":[-90.6151,28.5263]},"properties":{"name":null,"operator":"Stone Energy Corporation"}},{"type":"Feature","geometry":{"type":"Point","coordinates":[-89.0547,29.3022]},"properties":{"name":null,"operator":"Medco Energi Us LLC"}},{"type":"Feature","geometry":{"type":"Point","coordinates":[-89.6907,29.1288]},"properties":{"name":null,"operator":"Energy XXI Gulf of Mexico, LLC"}},{"type":"Feature","geometry":{"type":"Point","coordinates":[-93.0019,29.2753]},"properties":{"name":null,"operator":"Merit Energy Co., LLC"}},{"type":"Feature","geometry":{"type":"Point","coordinates":[-91.6108,29.2192]},"properties":{"name":null,"operator":"Fieldwood Energy LLC"}},{"type":"Feature","geometry":{"type":"Point","coordinates":[-93.2014,29.5803]},"properties":{"name":null,"operator":"Fieldwood Energy Offshore LLC"}},{"type":"Feature","geometry":{"type":"Point","coordinates":[-90.2337,28.9868]},"properties":{"name":null,"operator":"Energy XXI Gulf of Mexico, LLC"}},{"type":"Feature","geometry":{"type":"Point","coordinates":[-90.9638,28.9722]},"properties":{"name":null,"operator":"Petroquest Energy, LLC"}},{"type":"Feature","geometry":{"type":"Point","coordinates":[-90.8793,28.8141]},"properties":{"name":null,"operator":"Stone Energy Corporation"}},{"type":"Feature","geometry":{"type":"Point","coordinates":[-89.3935,28.6699]},"properties":{"name":null,"operator":"Energy XXI Gulf of Mexico, LLC"}},{"type":"Feature","geometry":{"type":"Point","coordinates":[-92.5235,29.4315]},"properties":{"name":null,"operator":"EPL Oil & Gas, Inc."}},{"type":"Feature","geometry":{"type":"Point","coordinates":[-91.8962,29.1094]},"properties":{"name":"CAIS.F","operator":"Fieldwood Energy LLC"}},{"type":"Feature","geometry":{"type":"Point","coordinates":[-90.8866,28.9706]},"properties":{"name":null,"operator":"Transcontinental Gas Pipe Line Co., LLC"}},{"type":"Feature","geometry":{"type":"Point","coordinates":[-92.9504,29.2989]},"properties":{"name":null,"operator":"Enven Energy Ventures, LLC"}},{"type":"Feature","geometry":{"type":"Point","coordinates":[-92.0536,29.4399]},"properties":{"name":null,"operator":"Chevron USA Inc."}},{"type":"Feature","geometry":{"type":"Point","coordinates":[-90.7099,28.9584]},"properties":{"name":"2(2924)","operator":"Fieldwood Energy LLC"}},{"type":"Feature","geometry":{"type":"Point","coordinates":[-90.0263,28.9331]},"properties":{"name":null,"operator":"GOM Shelf LLC"}},{"type":"Feature","geometry":{"type":"Point","coordinates":[-89.883,28.9985]},"properties":{"name":null,"operator":"GOM Shelf LLC"}},{"type":"Feature","geometry":{"type":"Point","coordinates":[-93.2436,29.4074]},"properties":{"name":null,"operator":"Apache Shelf, Inc."}},{"type":"Feature","geometry":{"type":"Point","coordinates":[-93.0039,29.6597]},"properties":{"name":null,"operator":"Virgin Offshore USA, Inc."}},{"type":"Feature","geometry":{"type":"Point","coordinates":[-91.5348,29.3068]},"properties":{"name":null,"operator":"Energy XXI Gulf of Mexico, LLC"}},{"type":"Feature","geometry":{"type":"Point","coordinates":[-93.472,29.5575]},"properties":{"name":null,"operator":"Energy XXI Gulf of Mexico, LLC"}},{"type":"Feature","geometry":{"type":"Point","coordinates":[-89.9396,28.9223]},"properties":{"name":null,"operator":"Fieldwood Energy LLC"}},{"type":"Feature","geometry":{"type":"Point","coordinates":[-91.8824,28.2887]},"properties":{"name":null,"operator":"Fieldwood Energy LLC"}},{"type":"Feature","geometry":{"type":"Point","coordinates":[-91.4951,28.6493]},"properties":{"name":null,"operator":"Arena Offshore, Lp"}},{"type":"Feature","geometry":{"type":"Point","coordinates":[-90.4124,28.4642]},"properties":{"name":null,"operator":"Enven Energy Ventures, LLC"}},{"type":"Feature","geometry":{"type":"Point","coordinates":[-89.2525,28.9658]},"properties":{"name":null,"operator":"Whitney Oil & Gas, LLC"}},{"type":"Feature","geometry":{"type":"Point","coordinates":[-91.7095,29.0916]},"properties":{"name":null,"operator":"W & T Offshore, Inc."}},{"type":"Feature","geometry":{"type":"Point","coordinates":[-92.7469,28.9396]},"properties":{"name":null,"operator":"Black Elk Energy Offshore Operations, LLC"}},{"type":"Feature","geometry":{"type":"Point","coordinates":[-93.8722,29.2387]},"properties":{"name":null,"operator":"Apache Shelf, Inc."}},{"type":"Feature","geometry":{"type":"Point","coordinates":[-92.5928,28.5342]},"properties":{"name":null,"operator":"Fieldwood Energy LLC"}},{"type":"Feature","geometry":{"type":"Point","coordinates":[-89.9783,29.1017]},"properties":{"name":null,"operator":"Energy XXI Gulf of Mexico, LLC"}},{"type":"Feature","geometry":{"type":"Point","coordinates":[-90.2714,29.0221]},"properties":{"name":null,"operator":"Energy XXI Gulf of Mexico, LLC"}},{"type":"Feature","geometry":{"type":"Point","coordinates":[-90.712,28.9305]},"properties":{"name":null,"operator":"Fieldwood Energy LLC"}},{"type":"Feature","geometry":{"type":"Point","coordinates":[-93.5384,27.3041]},"properties":{"name":"GUNNISON SPAR","operator":"Anadarko Petroleum Corporation"}},{"type":"Feature","geometry":{"type":"Point","coordinates":[-92.9917,29.3044]},"properties":{"name":null,"operator":"Black Elk Energy Offshore Operations, LLC"}},{"type":"Feature","geometry":{"type":"Point","coordinates":[-92.0545,28.4114]},"properties":{"name":"JUNCTION","operator":"Fieldwood Energy LLC"}},{"type":"Feature","geometry":{"type":"Point","coordinates":[-88.5931,29.4201]},"properties":{"name":null,"operator":"Arena Offshore, Lp"}},{"type":"Feature","geometry":{"type":"Point","coordinates":[-89.0605,29.3086]},"properties":{"name":null,"operator":"Medco Energi Us LLC"}},{"type":"Feature","geometry":{"type":"Point","coordinates":[-88.7339,29.0878]},"properties":{"name":null,"operator":"Fieldwood Energy LLC"}},{"type":"Feature","geometry":{"type":"Point","coordinates":[-91.5262,29.1936]},"properties":{"name":null,"operator":"Contango Operators, Inc."}},{"type":"Feature","geometry":{"type":"Point","coordinates":[-88.626,28.9733]},"properties":{"name":null,"operator":"Stone Energy Corporation"}},{"type":"Feature","geometry":{"type":"Point","coordinates":[-93.4348,29.6836]},"properties":{"name":null,"operator":"Virgin Offshore USA, Inc."}},{"type":"Feature","geometry":{"type":"Point","coordinates":[-89.6114,29.143]},"properties":{"name":null,"operator":"EPL Oil & Gas, Inc."}},{"type":"Feature","geometry":{"type":"Point","coordinates":[-93.1943,28.4529]},"properties":{"name":null,"operator":"Enven Energy Ventures, LLC"}},{"type":"Feature","geometry":{"type":"Point","coordinates":[-94.1224,29.2601]},"properties":{"name":null,"operator":"Mc Offshore Petroleum, LLC"}},{"type":"Feature","geometry":{"type":"Point","coordinates":[-91.5922,29.2164]},"properties":{"name":null,"operator":"Fieldwood Energy LLC"}},{"type":"Feature","geometry":{"type":"Point","coordinates":[-95.1666,28.6132]},"properties":{"name":null,"operator":"Transcontinental Gas Pipe Line Co., LLC"}},{"type":"Feature","geometry":{"type":"Point","coordinates":[-90.235,28.7859]},"properties":{"name":null,"operator":"Energy Resource Technology Gulf of Mexico, Inc."}},{"type":"Feature","geometry":{"type":"Point","coordinates":[-91.7401,28.2565]},"properties":{"name":null,"operator":"Arena Offshore, Lp"}},{"type":"Feature","geometry":{"type":"Point","coordinates":[-91.6132,28.4154]},"properties":{"name":null,"operator":"Apache Shelf, Inc."}},{"type":"Feature","geometry":{"type":"Point","coordinates":[-89.6802,29.1571]},"properties":{"name":null,"operator":"Energy XXI Gulf of Mexico, LLC"}},{"type":"Feature","geometry":{"type":"Point","coordinates":[-90.098,28.526]},"properties":{"name":null,"operator":"Fieldwood Energy LLC"}},{"type":"Feature","geometry":{"type":"Point","coordinates":[-91.9791,28.9656]},"properties":{"name":null,"operator":"Fieldwood Energy LLC"}},{"type":"Feature","geometry":{"type":"Point","coordinates":[-89.4127,28.8394]},"properties":{"name":null,"operator":"EPL Oil & Gas, Inc."}},{"type":"Feature","geometry":{"type":"Point","coordinates":[-91.5932,28.3839]},"properties":{"name":null,"operator":"Apache Shelf, Inc."}},{"type":"Feature","geometry":{"type":"Point","coordinates":[-89.6499,29.1203]},"properties":{"name":null,"operator":"Energy XXI Gulf of Mexico, LLC"}},{"type":"Feature","geometry":{"type":"Point","coordinates":[-90.5136,28.9923]},"properties":{"name":null,"operator":"Talos Energy Offshore LLC"}},{"type":"Feature","geometry":{"type":"Point","coordinates":[-88.0917,29.0609]},"properties":{"name":"RAM POWELL","operator":"Shell Offshore Inc."}},{"type":"Feature","geometry":{"type":"Point","coordinates":[-91.4466,29.0622]},"properties":{"name":null,"operator":"Arena Offshore, Lp"}},{"type":"Feature","geometry":{"type":"Point","coordinates":[-93.6865,29.2869]},"properties":{"name":null,"operator":"W & T Offshore, Inc."}},{"type":"Feature","geometry":{"type":"Point","coordinates":[-93.9553,28.3562]},"properties":{"name":null,"operator":"Northstar Offshore Group, LLC"}},{"type":"Feature","geometry":{"type":"Point","coordinates":[-92.5497,29.4699]},"properties":{"name":null,"operator":"Probe Resources Us Ltd."}},{"type":"Feature","geometry":{"type":"Point","coordinates":[-96.7369,27.2892]},"properties":{"name":null,"operator":"Black Elk Energy Offshore Operations, LLC"}},{"type":"Feature","geometry":{"type":"Point","coordinates":[-91.1605,29.1115]},"properties":{"name":null,"operator":"Shell Pipeline Co. Lp"}},{"type":"Feature","geometry":{"type":"Point","coordinates":[-91.7891,29.3645]},"properties":{"name":"CAIS.B","operator":"Union Oil Co. Of California"}},{"type":"Feature","geometry":{"type":"Point","coordinates":[-91.5273,29.3117]},"properties":{"name":null,"operator":"Energy XXI Gulf of Mexico, LLC"}},{"type":"Feature","geometry":{"type":"Point","coordinates":[-92.0585,28.8097]},"properties":{"name":null,"operator":"Fieldwood Energy Offshore LLC"}},{"type":"Feature","geometry":{"type":"Point","coordinates":[-89.7063,28.9477]},"properties":{"name":null,"operator":"Energy XXI Gulf of Mexico, LLC"}},{"type":"Feature","geometry":{"type":"Point","coordinates":[-93.6372,29.3776]},"properties":{"name":null,"operator":"Mariner Energy, Inc."}},{"type":"Feature","geometry":{"type":"Point","coordinates":[-90.4163,28.8332]},"properties":{"name":null,"operator":"Energy XXI Gulf of Mexico, LLC"}},{"type":"Feature","geometry":{"type":"Point","coordinates":[-91.1721,29.1392]},"properties":{"name":null,"operator":"W & T Offshore, Inc."}},{"type":"Feature","geometry":{"type":"Point","coordinates":[-92.6905,29.3394]},"properties":{"name":null,"operator":"EC Offshore Properties, Inc."}},{"type":"Feature","geometry":{"type":"Point","coordinates":[-90.529,28.3844]},"properties":{"name":null,"operator":"Walter Oil & Gas Corporation"}},{"type":"Feature","geometry":{"type":"Point","coordinates":[-91.2487,28.6186]},"properties":{"name":null,"operator":"W & T Offshore, Inc."}},{"type":"Feature","geometry":{"type":"Point","coordinates":[-90.2656,29.0172]},"properties":{"name":null,"operator":"Energy XXI Gulf of Mexico, LLC"}},{"type":"Feature","geometry":{"type":"Point","coordinates":[-88.912,28.9375]},"properties":{"name":null,"operator":"Ankor Energy LLC"}},{"type":"Feature","geometry":{"type":"Point","coordinates":[-90.6851,28.6452]},"properties":{"name":null,"operator":"Bois D'arc Offshore Ltd."}},{"type":"Feature","geometry":{"type":"Point","coordinates":[-91.387,29.2446]},"properties":{"name":null,"operator":"Arena Offshore, Lp"}},{"type":"Feature","geometry":{"type":"Point","coordinates":[-90.8099,28.8941]},"properties":{"name":null,"operator":"Stone Energy Corporation"}},{"type":"Feature","geometry":{"type":"Point","coordinates":[-92.5289,29.0798]},"properties":{"name":null,"operator":"Black Elk Energy Offshore Operations, LLC"}},{"type":"Feature","geometry":{"type":"Point","coordinates":[-90.9021,28.5212]},"properties":{"name":null,"operator":"Energy XXI Gulf of Mexico, LLC"}},{"type":"Feature","geometry":{"type":"Point","coordinates":[-91.6995,29.0432]},"properties":{"name":null,"operator":"Energy XXI Gulf of Mexico, LLC"}},{"type":"Feature","geometry":{"type":"Point","coordinates":[-94.5468,29.1305]},"properties":{"name":null,"operator":"Exxon Mobil Corporation"}},{"type":"Feature","geometry":{"type":"Point","coordinates":[-91.7071,29.2995]},"properties":{"name":null,"operator":"Zenergy, Inc."}},{"type":"Feature","geometry":{"type":"Point","coordinates":[-91.0813,28.4554]},"properties":{"name":null,"operator":"Ankor Energy LLC"}},{"type":"Feature","geometry":{"type":"Point","coordinates":[-90.4595,28.8581]},"properties":{"name":null,"operator":"Fieldwood Energy LLC"}},{"type":"Feature","geometry":{"type":"Point","coordinates":[-92.7954,28.2002]},"properties":{"name":null,"operator":"W & T Offshore, Inc."}},{"type":"Feature","geometry":{"type":"Point","coordinates":[-92.3855,29.2284]},"properties":{"name":null,"operator":"Talos Energy Offshore LLC"}},{"type":"Feature","geometry":{"type":"Point","coordinates":[-89.5572,29.1841]},"properties":{"name":null,"operator":"Mcmoran Oil & Gas LLC"}},{"type":"Feature","geometry":{"type":"Point","coordinates":[-91.8776,29.3007]},"properties":{"name":"DOLPHIN","operator":"EPL Oil & Gas, Inc."}},{"type":"Feature","geometry":{"type":"Point","coordinates":[-92.0954,28.6741]},"properties":{"name":null,"operator":"Fieldwood Energy LLC"}},{"type":"Feature","geometry":{"type":"Point","coordinates":[-90.1657,28.9366]},"properties":{"name":null,"operator":"Energy XXI Gulf of Mexico, LLC"}},{"type":"Feature","geometry":{"type":"Point","coordinates":[-91.8747,28.9909]},"properties":{"name":null,"operator":"Chevron USA Inc."}},{"type":"Feature","geometry":{"type":"Point","coordinates":[-90.726,28.767]},"properties":{"name":null,"operator":"Contango Operators, Inc."}},{"type":"Feature","geometry":{"type":"Point","coordinates":[-91.2065,28.5992]},"properties":{"name":null,"operator":"Fieldwood Energy LLC"}},{"type":"Feature","geometry":{"type":"Point","coordinates":[-91.699,29.0877]},"properties":{"name":null,"operator":"W & T Offshore, Inc."}},{"type":"Feature","geometry":{"type":"Point","coordinates":[-90.7916,28.3119]},"properties":{"name":null,"operator":"Fairways Offshore Exploration, Inc."}},{"type":"Feature","geometry":{"type":"Point","coordinates":[-91.6145,29.2081]},"properties":{"name":null,"operator":"Chevron USA Inc."}},{"type":"Feature","geometry":{"type":"Point","coordinates":[-91.5336,29.1744]},"properties":{"name":null,"operator":"Fieldwood Energy Offshore LLC"}},{"type":"Feature","geometry":{"type":"Point","coordinates":[-93.0154,29.6816]},"properties":{"name":null,"operator":"Apache Corporation"}},{"type":"Feature","geometry":{"type":"Point","coordinates":[-91.6252,28.3023]},"properties":{"name":null,"operator":"Fieldwood Energy Offshore LLC"}},{"type":"Feature","geometry":{"type":"Point","coordinates":[-91.9831,29.3272]},"properties":{"name":null,"operator":"Chevron USA Inc."}},{"type":"Feature","geometry":{"type":"Point","coordinates":[-89.7819,28.9269]},"properties":{"name":null,"operator":"GOM Shelf LLC"}},{"type":"Feature","geometry":{"type":"Point","coordinates":[-92.5025,29.4261]},"properties":{"name":null,"operator":"EPL Oil & Gas, Inc."}},{"type":"Feature","geometry":{"type":"Point","coordinates":[-88.7327,29.5808]},"properties":{"name":null,"operator":"Fieldwood Energy Offshore LLC"}},{"type":"Feature","geometry":{"type":"Point","coordinates":[-91.5377,28.3428]},"properties":{"name":null,"operator":"Apache Corporation"}},{"type":"Feature","geometry":{"type":"Point","coordinates":[-90.4119,28.6168]},"properties":{"name":null,"operator":"Mcmoran Oil & Gas LLC"}},{"type":"Feature","geometry":{"type":"Point","coordinates":[-92.4961,29.4401]},"properties":{"name":null,"operator":"EPL Oil & Gas, Inc."}},{"type":"Feature","geometry":{"type":"Point","coordinates":[-88.6901,29.5471]},"properties":{"name":null,"operator":"Energy XXI Gulf of Mexico, LLC"}},{"type":"Feature","geometry":{"type":"Point","coordinates":[-92.8858,28.4004]},"properties":{"name":null,"operator":"Fieldwood Energy LLC"}},{"type":"Feature","geometry":{"type":"Point","coordinates":[-91.7177,28.8022]},"properties":{"name":null,"operator":"Fieldwood Energy LLC"}},{"type":"Feature","geometry":{"type":"Point","coordinates":[-94.7044,28.8941]},"properties":{"name":null,"operator":"Blue Dolphin Pipe Line Co."}},{"type":"Feature","geometry":{"type":"Point","coordinates":[-91.1631,29.1345]},"properties":{"name":null,"operator":"W & T Offshore, Inc."}},{"type":"Feature","geometry":{"type":"Point","coordinates":[-91.1776,29.1205]},"properties":{"name":null,"operator":"W & T Offshore, Inc."}},{"type":"Feature","geometry":{"type":"Point","coordinates":[-89.8045,28.9505]},"properties":{"name":null,"operator":"GOM Shelf LLC"}},{"type":"Feature","geometry":{"type":"Point","coordinates":[-90.9744,28.9542]},"properties":{"name":null,"operator":"Petroquest Energy, LLC"}},{"type":"Feature","geometry":{"type":"Point","coordinates":[-89.6554,28.9689]},"properties":{"name":null,"operator":"Fieldwood Energy LLC"}},{"type":"Feature","geometry":{"type":"Point","coordinates":[-91.8762,29.2952]},"properties":{"name":null,"operator":"EPL Oil & Gas, Inc."}},{"type":"Feature","geometry":{"type":"Point","coordinates":[-88.6047,29.9764]},"properties":{"name":null,"operator":"Chevron USA Inc."}},{"type":"Feature","geometry":{"type":"Point","coordinates":[-91.2581,28.5639]},"properties":{"name":null,"operator":"Talos Energy Offshore LLC"}},{"type":"Feature","geometry":{"type":"Point","coordinates":[-93.1703,29.6091]},"properties":{"name":null,"operator":"Fieldwood Energy Offshore LLC"}},{"type":"Feature","geometry":{"type":"Point","coordinates":[-91.7598,29.1513]},"properties":{"name":null,"operator":"ATP Oil & Gas Corporation"}},{"type":"Feature","geometry":{"type":"Point","coordinates":[-92.3839,29.2065]},"properties":{"name":null,"operator":"Talos Energy Offshore LLC"}},{"type":"Feature","geometry":{"type":"Point","coordinates":[-91.2154,28.6803]},"properties":{"name":null,"operator":"Century Exploration New Orleans, LLC"}},{"type":"Feature","geometry":{"type":"Point","coordinates":[-89.4532,28.8343]},"properties":{"name":null,"operator":"Chevron USA Inc."}},{"type":"Feature","geometry":{"type":"Point","coordinates":[-92.4632,29.4926]},"properties":{"name":null,"operator":"Chevron USA Inc."}},{"type":"Feature","geometry":{"type":"Point","coordinates":[-93.0059,28.432]},"properties":{"name":null,"operator":"Stingray Pipeline Co., LLC"}},{"type":"Feature","geometry":{"type":"Point","coordinates":[-89.0255,29.4506]},"properties":{"name":null,"operator":"Chevron USA Inc."}},{"type":"Feature","geometry":{"type":"Point","coordinates":[-90.4708,28.8459]},"properties":{"name":null,"operator":"Fieldwood Energy LLC"}},{"type":"Feature","geometry":{"type":"Point","coordinates":[-90.9919,28.6363]},"properties":{"name":null,"operator":"Chevron USA Inc."}},{"type":"Feature","geometry":{"type":"Point","coordinates":[-90.1594,28.93]},"properties":{"name":null,"operator":"Energy XXI Gulf of Mexico, LLC"}},{"type":"Feature","geometry":{"type":"Point","coordinates":[-92.9713,29.4473]},"properties":{"name":null,"operator":"Stone Energy Corporation"}},{"type":"Feature","geometry":{"type":"Point","coordinates":[-94.7648,29.0005]},"properties":{"name":null,"operator":"Fieldwood Energy Offshore LLC"}},{"type":"Feature","geometry":{"type":"Point","coordinates":[-94.0304,29.515]},"properties":{"name":null,"operator":"W & T Offshore, Inc."}},{"type":"Feature","geometry":{"type":"Point","coordinates":[-88.9308,28.8649]},"properties":{"name":"AMBERJACK","operator":"Stone Energy Corporation"}},{"type":"Feature","geometry":{"type":"Point","coordinates":[-92.3311,28.7181]},"properties":{"name":null,"operator":"Mcmoran Oil & Gas LLC"}},{"type":"Feature","geometry":{"type":"Point","coordinates":[-88.4728,29.5769]},"properties":{"name":null,"operator":"Tana Exploration Co. LLC"}},{"type":"Feature","geometry":{"type":"Point","coordinates":[-90.646,28.9279]},"properties":{"name":null,"operator":"Enven Energy Ventures, LLC"}},{"type":"Feature","geometry":{"type":"Point","coordinates":[-92.7807,28.1302]},"properties":{"name":null,"operator":"Energy Resource Technology Gulf of Mexico, Inc."}},{"type":"Feature","geometry":{"type":"Point","coordinates":[-92.193,29.4478]},"properties":{"name":null,"operator":"EPL Oil & Gas, Inc."}},{"type":"Feature","geometry":{"type":"Point","coordinates":[-92.0137,29.3679]},"properties":{"name":null,"operator":"Chevron USA Inc."}},{"type":"Feature","geometry":{"type":"Point","coordinates":[-89.6638,29.1327]},"properties":{"name":null,"operator":"Energy XXI Gulf of Mexico, LLC"}},{"type":"Feature","geometry":{"type":"Point","coordinates":[-92.4467,28.6724]},"properties":{"name":null,"operator":"Castex Offshore, Inc."}},{"type":"Feature","geometry":{"type":"Point","coordinates":[-93.7395,28.4697]},"properties":{"name":"HIOSLIQ","operator":"High Island Offshore System, LLC"}},{"type":"Feature","geometry":{"type":"Point","coordinates":[-91.4338,28.2555]},"properties":{"name":null,"operator":"Arena Offshore, Lp"}},{"type":"Feature","geometry":{"type":"Point","coordinates":[-92.3893,29.3091]},"properties":{"name":null,"operator":"Cochon Properties, LLC"}},{"type":"Feature","geometry":{"type":"Point","coordinates":[-90.4351,28.9389]},"properties":{"name":null,"operator":"Chevron USA Inc."}},{"type":"Feature","geometry":{"type":"Point","coordinates":[-93.9912,27.8675]},"properties":{"name":null,"operator":"Fieldwood Energy LLC"}},{"type":"Feature","geometry":{"type":"Point","coordinates":[-94.3712,29.1755]},"properties":{"name":null,"operator":"Hoactzin Partners, Lp"}},{"type":"Feature","geometry":{"type":"Point","coordinates":[-90.4618,28.8457]},"properties":{"name":null,"operator":"Fieldwood Energy LLC"}},{"type":"Feature","geometry":{"type":"Point","coordinates":[-88.7421,29.2755]},"properties":{"name":null,"operator":"Chevron USA Inc."}},{"type":"Feature","geometry":{"type":"Point","coordinates":[-89.4535,28.3927]},"properties":{"name":"MEDUS SPAR","operator":"Murphy Exploration & Production Co. - USA"}},{"type":"Feature","geometry":{"type":"Point","coordinates":[-95.4375,28.6486]},"properties":{"name":null,"operator":"EPL Oil & Gas, Inc."}},{"type":"Feature","geometry":{"type":"Point","coordinates":[-92.0622,29.4418]},"properties":{"name":null,"operator":"Chevron USA Inc."}},{"type":"Feature","geometry":{"type":"Point","coordinates":[-91.9674,29.2233]},"properties":{"name":null,"operator":"Mcmoran Oil & Gas LLC"}},{"type":"Feature","geometry":{"type":"Point","coordinates":[-92.0357,28.4408]},"properties":{"name":"NORTH","operator":"Fieldwood Energy LLC"}},{"type":"Feature","geometry":{"type":"Point","coordinates":[-88.9875,29.3817]},"properties":{"name":null,"operator":"Chevron USA Inc."}},{"type":"Feature","geometry":{"type":"Point","coordinates":[-89.6931,28.7318]},"properties":{"name":null,"operator":"Fieldwood Energy LLC"}},{"type":"Feature","geometry":{"type":"Point","coordinates":[-91.045,28.4311]},"properties":{"name":null,"operator":"Ankor Energy LLC"}},{"type":"Feature","geometry":{"type":"Point","coordinates":[-91.5248,28.5885]},"properties":{"name":null,"operator":"Chevron USA Inc."}},{"type":"Feature","geometry":{"type":"Point","coordinates":[-90.276,29.0197]},"properties":{"name":null,"operator":"Energy XXI Gulf of Mexico, LLC"}},{"type":"Feature","geometry":{"type":"Point","coordinates":[-92.1955,28.4719]},"properties":{"name":null,"operator":"Fieldwood Energy Offshore LLC"}},{"type":"Feature","geometry":{"type":"Point","coordinates":[-93.277,29.3821]},"properties":{"name":null,"operator":"Conn Energy, Inc."}},{"type":"Feature","geometry":{"type":"Point","coordinates":[-91.3869,29.2447]},"properties":{"name":null,"operator":"Arena Offshore, Lp"}},{"type":"Feature","geometry":{"type":"Point","coordinates":[-93.4742,29.1657]},"properties":{"name":null,"operator":"Fieldwood Energy LLC"}},{"type":"Feature","geometry":{"type":"Point","coordinates":[-90.3965,28.4591]},"properties":{"name":null,"operator":"Enven Energy Ventures, LLC"}},{"type":"Feature","geometry":{"type":"Point","coordinates":[-89.9646,29.0971]},"properties":{"name":null,"operator":"Energy XXI Gulf of Mexico, LLC"}},{"type":"Feature","geometry":{"type":"Point","coordinates":[-90.4997,28.8343]},"properties":{"name":null,"operator":"Trunkline Gas Co., LLC"}},{"type":"Feature","geometry":{"type":"Point","coordinates":[-93.1666,29.4315]},"properties":{"name":null,"operator":"Fieldwood Energy LLC"}},{"type":"Feature","geometry":{"type":"Point","coordinates":[-93.8818,29.236]},"properties":{"name":null,"operator":"Apache Shelf, Inc."}},{"type":"Feature","geometry":{"type":"Point","coordinates":[-90.0235,28.7202]},"properties":{"name":null,"operator":"Fieldwood Energy Offshore LLC"}},{"type":"Feature","geometry":{"type":"Point","coordinates":[-91.6966,28.761]},"properties":{"name":null,"operator":"Arena Offshore, Lp"}},{"type":"Feature","geometry":{"type":"Point","coordinates":[-90.121,29.0433]},"properties":{"name":null,"operator":"Chevron USA Inc."}},{"type":"Feature","geometry":{"type":"Point","coordinates":[-91.657,28.6058]},"properties":{"name":null,"operator":"Arena Offshore, Lp"}},{"type":"Feature","geometry":{"type":"Point","coordinates":[-91.9155,28.8777]},"properties":{"name":null,"operator":"Black Elk Energy Offshore Operations, LLC"}},{"type":"Feature","geometry":{"type":"Point","coordinates":[-90.9784,28.5293]},"properties":{"name":null,"operator":"Fieldwood Energy LLC"}},{"type":"Feature","geometry":{"type":"Point","coordinates":[-89.6186,29.1543]},"properties":{"name":null,"operator":"Energy XXI Gulf of Mexico, LLC"}},{"type":"Feature","geometry":{"type":"Point","coordinates":[-89.676,29.1487]},"properties":{"name":null,"operator":"Energy XXI Gulf of Mexico, LLC"}},{"type":"Feature","geometry":{"type":"Point","coordinates":[-90.1797,28.9848]},"properties":{"name":null,"operator":"Energy XXI Gulf of Mexico, LLC"}},{"type":"Feature","geometry":{"type":"Point","coordinates":[-91.8708,29.3324]},"properties":{"name":"EQUIPT","operator":"EPL Oil & Gas, Inc."}},{"type":"Feature","geometry":{"type":"Point","coordinates":[-90.1349,28.6751]},"properties":{"name":null,"operator":"Arena Offshore, Lp"}},{"type":"Feature","geometry":{"type":"Point","coordinates":[-89.9349,29.0451]},"properties":{"name":null,"operator":"Fieldwood Energy LLC"}},{"type":"Feature","geometry":{"type":"Point","coordinates":[-91.4205,28.7443]},"properties":{"name":null,"operator":"Fieldwood Energy LLC"}},{"type":"Feature","geometry":{"type":"Point","coordinates":[-94.8979,26.1286]},"properties":{"name":"PERIDIDO","operator":"Shell Offshore Inc."}},{"type":"Feature","geometry":{"type":"Point","coordinates":[-89.2626,28.9751]},"properties":{"name":null,"operator":"Whitney Oil & Gas, LLC"}},{"type":"Feature","geometry":{"type":"Point","coordinates":[-91.3062,29.0694]},"properties":{"name":null,"operator":"W & T Offshore, Inc."}},{"type":"Feature","geometry":{"type":"Point","coordinates":[-91.9376,28.647]},"properties":{"name":null,"operator":"Fieldwood Energy LLC"}},{"type":"Feature","geometry":{"type":"Point","coordinates":[-93.0734,29.3386]},"properties":{"name":null,"operator":"Black Elk Energy Offshore Operations, LLC"}},{"type":"Feature","geometry":{"type":"Point","coordinates":[-91.4753,28.9907]},"properties":{"name":null,"operator":"Fieldwood Energy LLC"}},{"type":"Feature","geometry":{"type":"Point","coordinates":[-92.1046,28.2028]},"properties":{"name":null,"operator":"Virgin Offshore USA, Inc."}},{"type":"Feature","geometry":{"type":"Point","coordinates":[-91.0759,28.2288]},"properties":{"name":null,"operator":"Fieldwood Energy Offshore LLC"}},{"type":"Feature","geometry":{"type":"Point","coordinates":[-91.2874,28.4014]},"properties":{"name":null,"operator":"Fieldwood Energy Offshore LLC"}},{"type":"Feature","geometry":{"type":"Point","coordinates":[-93.3028,29.2419]},"properties":{"name":null,"operator":"Tarpon Operating & Development, LLC"}},{"type":"Feature","geometry":{"type":"Point","coordinates":[-89.0607,29.3011]},"properties":{"name":null,"operator":"Medco Energi Us LLC"}},{"type":"Feature","geometry":{"type":"Point","coordinates":[-90.8622,28.5226]},"properties":{"name":null,"operator":"Energy XXI Gulf of Mexico, LLC"}},{"type":"Feature","geometry":{"type":"Point","coordinates":[-91.4037,28.7611]},"properties":{"name":null,"operator":"Tc Offshore LLC"}},{"type":"Feature","geometry":{"type":"Point","coordinates":[-90.4808,28.8587]},"properties":{"name":null,"operator":"Chevron USA Inc."}},{"type":"Feature","geometry":{"type":"Point","coordinates":[-90.8285,28.8618]},"properties":{"name":null,"operator":"Stone Energy Corporation"}},{"type":"Feature","geometry":{"type":"Point","coordinates":[-93.5656,29.6469]},"properties":{"name":null,"operator":"Northstar Offshore Group, LLC"}},{"type":"Feature","geometry":{"type":"Point","coordinates":[-92.057,29.4454]},"properties":{"name":null,"operator":"Chevron USA Inc."}},{"type":"Feature","geometry":{"type":"Point","coordinates":[-93.1023,29.6602]},"properties":{"name":null,"operator":"Fieldwood Energy LLC"}},{"type":"Feature","geometry":{"type":"Point","coordinates":[-95.8719,28.0581]},"properties":{"name":null,"operator":"Fieldwood Energy LLC"}},{"type":"Feature","geometry":{"type":"Point","coordinates":[-88.4848,29.9033]},"properties":{"name":null,"operator":"EPL Oil & Gas, Inc."}},{"type":"Feature","geometry":{"type":"Point","coordinates":[-88.1631,30.1892]},"properties":{"name":null,"operator":"Mobil Oil Exploration & Producing Southeast Inc."}},{"type":"Feature","geometry":{"type":"Point","coordinates":[-88.3794,29.2672]},"properties":{"name":null,"operator":"Stone Energy Corporation"}},{"type":"Feature","geometry":{"type":"Point","coordinates":[-90.2491,28.6174]},"properties":{"name":null,"operator":"Arena Offshore, Lp"}},{"type":"Feature","geometry":{"type":"Point","coordinates":[-92.2994,28.9881]},"properties":{"name":null,"operator":"Sea Robin Pipeline Co., LLC"}},{"type":"Feature","geometry":{"type":"Point","coordinates":[-91.8715,29.1161]},"properties":{"name":null,"operator":"Apache Corporation"}},{"type":"Feature","geometry":{"type":"Point","coordinates":[-92.95,28.5256]},"properties":{"name":null,"operator":"Probe Resources Us Ltd."}},{"type":"Feature","geometry":{"type":"Point","coordinates":[-92.1938,29.4475]},"properties":{"name":null,"operator":"EPL Oil & Gas, Inc."}},{"type":"Feature","geometry":{"type":"Point","coordinates":[-91.6601,28.8002]},"properties":{"name":null,"operator":"Fieldwood Energy LLC"}},{"type":"Feature","geometry":{"type":"Point","coordinates":[-89.2625,28.9688]},"properties":{"name":null,"operator":"Whitney Oil & Gas, LLC"}},{"type":"Feature","geometry":{"type":"Point","coordinates":[-93.0496,29.6685]},"properties":{"name":null,"operator":"Fieldwood Energy LLC"}},{"type":"Feature","geometry":{"type":"Point","coordinates":[-88.0201,29.326]},"properties":{"name":null,"operator":"Fieldwood Energy LLC"}},{"type":"Feature","geometry":{"type":"Point","coordinates":[-91.4736,28.9787]},"properties":{"name":null,"operator":"Fieldwood Energy LLC"}},{"type":"Feature","geometry":{"type":"Point","coordinates":[-91.8249,28.2148]},"properties":{"name":null,"operator":"Fieldwood Energy LLC"}},{"type":"Feature","geometry":{"type":"Point","coordinates":[-90.6421,28.936]},"properties":{"name":null,"operator":"Ankor Energy LLC"}},{"type":"Feature","geometry":{"type":"Point","coordinates":[-94.3973,28.0585]},"properties":{"name":null,"operator":"Mcmoran Oil & Gas LLC"}},{"type":"Feature","geometry":{"type":"Point","coordinates":[-96.6246,27.9309]},"properties":{"name":null,"operator":"Black Elk Energy Offshore Operations, LLC"}},{"type":"Feature","geometry":{"type":"Point","coordinates":[-88.4965,30.0847]},"properties":{"name":null,"operator":"Union Oil Co. Of California"}},{"type":"Feature","geometry":{"type":"Point","coordinates":[-92.5357,29.443]},"properties":{"name":null,"operator":"EPL Oil & Gas, Inc."}},{"type":"Feature","geometry":{"type":"Point","coordinates":[-94.3966,27.9105]},"properties":{"name":"CYRUS","operator":"Chevron USA Inc."}},{"type":"Feature","geometry":{"type":"Point","coordinates":[-92.5541,27.9229]},"properties":{"name":null,"operator":"Flextrend Development Co., LLC"}},{"type":"Feature","geometry":{"type":"Point","coordinates":[-93.5603,29.7067]},"properties":{"name":null,"operator":"Helis Oil & Gas Company, LLC"}},{"type":"Feature","geometry":{"type":"Point","coordinates":[-91.5358,29.3115]},"properties":{"name":null,"operator":"Energy XXI Gulf of Mexico, LLC"}},{"type":"Feature","geometry":{"type":"Point","coordinates":[-91.0293,28.6316]},"properties":{"name":null,"operator":"Fieldwood Energy LLC"}},{"type":"Feature","geometry":{"type":"Point","coordinates":[-90.6802,28.6736]},"properties":{"name":null,"operator":"Talos Energy Offshore LLC"}},{"type":"Feature","geometry":{"type":"Point","coordinates":[-91.2533,28.7394]},"properties":{"name":null,"operator":"Century Exploration New Orleans, LLC"}},{"type":"Feature","geometry":{"type":"Point","coordinates":[-88.7575,29.253]},"properties":{"name":null,"operator":"Chevron USA Inc."}},{"type":"Feature","geometry":{"type":"Point","coordinates":[-93.7396,28.4714]},"properties":{"name":null,"operator":"High Island Offshore System, LLC"}},{"type":"Feature","geometry":{"type":"Point","coordinates":[-91.7406,28.2484]},"properties":{"name":null,"operator":"Renaissance Offshore, LLC"}},{"type":"Feature","geometry":{"type":"Point","coordinates":[-92.3884,29.0093]},"properties":{"name":null,"operator":"Remington Oil And Gas Corporation"}},{"type":"Feature","geometry":{"type":"Point","coordinates":[-91.2801,28.8292]},"properties":{"name":null,"operator":"Fieldwood Energy LLC"}},{"type":"Feature","geometry":{"type":"Point","coordinates":[-92.2176,28.3094]},"properties":{"name":null,"operator":"Fieldwood Energy Offshore LLC"}},{"type":"Feature","geometry":{"type":"Point","coordinates":[-92.446,28.5897]},"properties":{"name":null,"operator":"Chevron USA Inc."}},{"type":"Feature","geometry":{"type":"Point","coordinates":[-90.7598,28.9718]},"properties":{"name":null,"operator":"Fieldwood Energy LLC"}},{"type":"Feature","geometry":{"type":"Point","coordinates":[-88.9656,29.393]},"properties":{"name":null,"operator":"Chevron USA Inc."}},{"type":"Feature","geometry":{"type":"Point","coordinates":[-88.7375,28.209]},"properties":{"name":"DEVILS TOWER","operator":"ENI US Operating Co. Inc."}},{"type":"Feature","geometry":{"type":"Point","coordinates":[-93.4155,29.4445]},"properties":{"name":null,"operator":"Energy XXI Gulf of Mexico, LLC"}},{"type":"Feature","geometry":{"type":"Point","coordinates":[-93.1653,29.423]},"properties":{"name":null,"operator":"Fieldwood Energy LLC"}},{"type":"Feature","geometry":{"type":"Point","coordinates":[-91.4698,28.4306]},"properties":{"name":null,"operator":"Union Oil Co. Of California"}},{"type":"Feature","geometry":{"type":"Point","coordinates":[-89.0638,28.8857]},"properties":{"name":null,"operator":"Energy XXI Gulf of Mexico, LLC"}},{"type":"Feature","geometry":{"type":"Point","coordinates":[-92.4624,29.4912]},"properties":{"name":null,"operator":"Chevron USA Inc."}},{"type":"Feature","geometry":{"type":"Point","coordinates":[-89.7585,29.0932]},"properties":{"name":null,"operator":"Apache Corporation"}},{"type":"Feature","geometry":{"type":"Point","coordinates":[-89.8194,29.1007]},"properties":{"name":null,"operator":"Northstar Offshore Group, LLC"}},{"type":"Feature","geometry":{"type":"Point","coordinates":[-90.7958,28.8928]},"properties":{"name":null,"operator":"Stone Energy Corporation"}},{"type":"Feature","geometry":{"type":"Point","coordinates":[-92.7715,28.6347]},"properties":{"name":null,"operator":"Petroquest Energy, LLC"}},{"type":"Feature","geometry":{"type":"Point","coordinates":[-90.2508,28.9868]},"properties":{"name":null,"operator":"Energy XXI Gulf of Mexico, LLC"}},{"type":"Feature","geometry":{"type":"Point","coordinates":[-89.6313,29.1073]},"properties":{"name":null,"operator":"Cochon Properties, LLC"}},{"type":"Feature","geometry":{"type":"Point","coordinates":[-90.8663,28.4218]},"properties":{"name":null,"operator":"Petroquest Energy, LLC"}},{"type":"Feature","geometry":{"type":"Point","coordinates":[-88.7974,29.6063]},"properties":{"name":null,"operator":"W & T Offshore, Inc."}},{"type":"Feature","geometry":{"type":"Point","coordinates":[-91.5451,28.5345]},"properties":{"name":null,"operator":"Chevron USA Inc."}},{"type":"Feature","geometry":{"type":"Point","coordinates":[-91.5172,28.9971]},"properties":{"name":"CAIS.#37-H","operator":"Fieldwood Energy LLC"}},{"type":"Feature","geometry":{"type":"Point","coordinates":[-93.8188,29.5274]},"properties":{"name":null,"operator":"Kinetica Partners, LLC"}},{"type":"Feature","geometry":{"type":"Point","coordinates":[-91.465,28.4593]},"properties":{"name":null,"operator":"Energy XXI Gulf of Mexico, LLC"}},{"type":"Feature","geometry":{"type":"Point","coordinates":[-93.6078,28.0145]},"properties":{"name":null,"operator":"Mcmoran Oil & Gas LLC"}},{"type":"Feature","geometry":{"type":"Point","coordinates":[-89.7742,29.1621]},"properties":{"name":null,"operator":"Fieldwood Energy LLC"}},{"type":"Feature","geometry":{"type":"Point","coordinates":[-91.5035,29.1723]},"properties":{"name":null,"operator":"Fieldwood Energy Offshore LLC"}},{"type":"Feature","geometry":{"type":"Point","coordinates":[-90.0312,28.9458]},"properties":{"name":null,"operator":"GOM Shelf LLC"}},{"type":"Feature","geometry":{"type":"Point","coordinates":[-91.9799,28.7978]},"properties":{"name":null,"operator":"Fieldwood Energy Offshore LLC"}},{"type":"Feature","geometry":{"type":"Point","coordinates":[-90.6296,28.5079]},"properties":{"name":null,"operator":"Mcmoran Oil & Gas LLC"}},{"type":"Feature","geometry":{"type":"Point","coordinates":[-90.4876,28.8758]},"properties":{"name":null,"operator":"Chevron USA Inc."}},{"type":"Feature","geometry":{"type":"Point","coordinates":[-91.2378,28.7062]},"properties":{"name":null,"operator":"Century Exploration New Orleans, LLC"}},{"type":"Feature","geometry":{"type":"Point","coordinates":[-89.25,28.9852]},"properties":{"name":null,"operator":"Whitney Oil & Gas, LLC"}},{"type":"Feature","geometry":{"type":"Point","coordinates":[-92.6398,29.4935]},"properties":{"name":null,"operator":"Probe Resources Us Ltd."}},{"type":"Feature","geometry":{"type":"Point","coordinates":[-91.9709,28.6704]},"properties":{"name":null,"operator":"Energy XXI Gulf of Mexico, LLC"}},{"type":"Feature","geometry":{"type":"Point","coordinates":[-91.9916,29.3261]},"properties":{"name":null,"operator":"Chevron USA Inc."}},{"type":"Feature","geometry":{"type":"Point","coordinates":[-92.6598,28.0683]},"properties":{"name":null,"operator":"Renaissance Offshore, LLC"}},{"type":"Feature","geometry":{"type":"Point","coordinates":[-89.2453,28.97]},"properties":{"name":null,"operator":"Whitney Oil & Gas, LLC"}},{"type":"Feature","geometry":{"type":"Point","coordinates":[-90.6513,28.9278]},"properties":{"name":null,"operator":"Enven Energy Ventures, LLC"}},{"type":"Feature","geometry":{"type":"Point","coordinates":[-91.5013,28.646]},"properties":{"name":null,"operator":"Black Elk Energy Offshore Operations, LLC"}},{"type":"Feature","geometry":{"type":"Point","coordinates":[-90.5319,28.6243]},"properties":{"name":null,"operator":"Monforte Exploration LLC"}},{"type":"Feature","geometry":{"type":"Point","coordinates":[-93.0853,29.108]},"properties":{"name":null,"operator":"ATP Oil & Gas Corporation"}},{"type":"Feature","geometry":{"type":"Point","coordinates":[-93.1655,29.3736]},"properties":{"name":null,"operator":"W & T Offshore, Inc."}},{"type":"Feature","geometry":{"type":"Point","coordinates":[-88.7552,29.6333]},"properties":{"name":null,"operator":"W & T Offshore, Inc."}},{"type":"Feature","geometry":{"type":"Point","coordinates":[-91.4488,29.0516]},"properties":{"name":null,"operator":"Arena Offshore, Lp"}},{"type":"Feature","geometry":{"type":"Point","coordinates":[-93.4521,29.6069]},"properties":{"name":null,"operator":"Virgin Offshore USA, Inc."}},{"type":"Feature","geometry":{"type":"Point","coordinates":[-93.1788,28.5971]},"properties":{"name":null,"operator":"ATP Oil & Gas Corporation"}},{"type":"Feature","geometry":{"type":"Point","coordinates":[-90.8943,28.5292]},"properties":{"name":null,"operator":"Energy XXI Gulf of Mexico, LLC"}},{"type":"Feature","geometry":{"type":"Point","coordinates":[-90.4189,28.9093]},"properties":{"name":null,"operator":"Fieldwood Energy LLC"}},{"type":"Feature","geometry":{"type":"Point","coordinates":[-90.9489,28.9803]},"properties":{"name":null,"operator":"Petroquest Energy, LLC"}},{"type":"Feature","geometry":{"type":"Point","coordinates":[-90.7021,28.9411]},"properties":{"name":null,"operator":"Fieldwood Energy LLC"}},{"type":"Feature","geometry":{"type":"Point","coordinates":[-88.9947,29.3727]},"properties":{"name":null,"operator":"Chevron USA Inc."}},{"type":"Feature","geometry":{"type":"Point","coordinates":[-93.3496,29.4203]},"properties":{"name":null,"operator":"Natural Gas Pipeline Co. Of America LLC"}},{"type":"Feature","geometry":{"type":"Point","coordinates":[-88.3492,29.7869]},"properties":{"name":null,"operator":"Energy Resource Technology Gulf of Mexico, Inc."}},{"type":"Feature","geometry":{"type":"Point","coordinates":[-92.179,29.2955]},"properties":{"name":null,"operator":"Arena Offshore, Lp"}},{"type":"Feature","geometry":{"type":"Point","coordinates":[-91.3498,28.4839]},"properties":{"name":null,"operator":"Energy XXI Gulf of Mexico, LLC"}},{"type":"Feature","geometry":{"type":"Point","coordinates":[-92.5195,28.0849]},"properties":{"name":null,"operator":"Renaissance Offshore, LLC"}},{"type":"Feature","geometry":{"type":"Point","coordinates":[-93.6761,28.1329]},"properties":{"name":null,"operator":"Fieldwood Energy LLC"}},{"type":"Feature","geometry":{"type":"Point","coordinates":[-91.4844,28.9794]},"properties":{"name":"CAIS.#33","operator":"Fieldwood Energy LLC"}},{"type":"Feature","geometry":{"type":"Point","coordinates":[-96.4298,28.0028]},"properties":{"name":null,"operator":"Arena Offshore, Lp"}},{"type":"Feature","geometry":{"type":"Point","coordinates":[-89.9297,28.5467]},"properties":{"name":"ALABASTER","operator":"Energy XXI Gulf of Mexico, LLC"}},{"type":"Feature","geometry":{"type":"Point","coordinates":[-91.0998,28.5295]},"properties":{"name":null,"operator":"Fieldwood Energy LLC"}},{"type":"Feature","geometry":{"type":"Point","coordinates":[-91.6303,28.6077]},"properties":{"name":null,"operator":"Arena Offshore, Lp"}},{"type":"Feature","geometry":{"type":"Point","coordinates":[-90.022,28.3079]},"properties":{"name":"SEAHORSE PRO","operator":"Llog Exploration Offshore, LLC"}},{"type":"Feature","geometry":{"type":"Point","coordinates":[-91.1305,28.8596]},"properties":{"name":null,"operator":"Energy XXI Gulf of Mexico, LLC"}},{"type":"Feature","geometry":{"type":"Point","coordinates":[-91.6841,29.2359]},"properties":{"name":null,"operator":"Gulf South Pipeline Company, LP"}},{"type":"Feature","geometry":{"type":"Point","coordinates":[-90.7175,28.9623]},"properties":{"name":null,"operator":"Fieldwood Energy LLC"}},{"type":"Feature","geometry":{"type":"Point","coordinates":[-90.4869,28.9144]},"properties":{"name":null,"operator":"Talos Energy Offshore LLC"}},{"type":"Feature","geometry":{"type":"Point","coordinates":[-89.6838,28.9525]},"properties":{"name":null,"operator":"Energy XXI Gulf of Mexico, LLC"}},{"type":"Feature","geometry":{"type":"Point","coordinates":[-92.3582,28.5106]},"properties":{"name":null,"operator":"Stone Energy Corporation"}},{"type":"Feature","geometry":{"type":"Point","coordinates":[-89.2466,28.9876]},"properties":{"name":"257(SL 1012)","operator":"Whitney Oil & Gas, LLC"}},{"type":"Feature","geometry":{"type":"Point","coordinates":[-93.5801,29.6971]},"properties":{"name":null,"operator":"Northstar Offshore Group, LLC"}},{"type":"Feature","geometry":{"type":"Point","coordinates":[-90.7142,27.3262]},"properties":{"name":"TAHITI-SPAR","operator":"Chevron USA Inc."}},{"type":"Feature","geometry":{"type":"Point","coordinates":[-95.5885,28.1795]},"properties":{"name":null,"operator":"Shell Offshore Inc."}},{"type":"Feature","geometry":{"type":"Point","coordinates":[-90.7241,28.9479]},"properties":{"name":null,"operator":"Fieldwood Energy LLC"}},{"type":"Feature","geometry":{"type":"Point","coordinates":[-96.4173,27.9189]},"properties":{"name":null,"operator":"Apache Corporation"}},{"type":"Feature","geometry":{"type":"Point","coordinates":[-90.8106,28.3849]},"properties":{"name":null,"operator":"Fieldwood Energy LLC"}},{"type":"Feature","geometry":{"type":"Point","coordinates":[-93.5366,29.4973]},"properties":{"name":null,"operator":"Tana Exploration Co. LLC"}},{"type":"Feature","geometry":{"type":"Point","coordinates":[-91.5258,29.3074]},"properties":{"name":null,"operator":"Energy XXI Gulf of Mexico, LLC"}},{"type":"Feature","geometry":{"type":"Point","coordinates":[-91.8687,29.3324]},"properties":{"name":null,"operator":"EPL Oil & Gas, Inc."}},{"type":"Feature","geometry":{"type":"Point","coordinates":[-92.0621,29.4416]},"properties":{"name":null,"operator":"Chevron USA Inc."}},{"type":"Feature","geometry":{"type":"Point","coordinates":[-93.5658,29.6325]},"properties":{"name":null,"operator":"Northstar Offshore Group, LLC"}},{"type":"Feature","geometry":{"type":"Point","coordinates":[-89.7865,28.6524]},"properties":{"name":null,"operator":"Grand Isle Corridor, Lp"}},{"type":"Feature","geometry":{"type":"Point","coordinates":[-90.2688,28.6763]},"properties":{"name":null,"operator":"Arena Offshore, Lp"}},{"type":"Feature","geometry":{"type":"Point","coordinates":[-89.6569,28.8622]},"properties":{"name":null,"operator":"Fieldwood Energy LLC"}},{"type":"Feature","geometry":{"type":"Point","coordinates":[-88.1456,30.1492]},"properties":{"name":"BB(FMR CAIS.#1)","operator":"Exxon Mobil Corporation"}},{"type":"Feature","geometry":{"type":"Point","coordinates":[-90.8912,28.0362]},"properties":{"name":null,"operator":"Mcmoran Oil & Gas LLC"}},{"type":"Feature","geometry":{"type":"Point","coordinates":[-92.5054,29.0874]},"properties":{"name":null,"operator":"Black Elk Energy Offshore Operations, LLC"}},{"type":"Feature","geometry":{"type":"Point","coordinates":[-94.1194,29.1521]},"properties":{"name":null,"operator":"Apache Shelf, Inc."}},{"type":"Feature","geometry":{"type":"Point","coordinates":[-90.6166,28.5455]},"properties":{"name":null,"operator":"Stone Energy Corporation"}},{"type":"Feature","geometry":{"type":"Point","coordinates":[-92.7541,29.527]},"properties":{"name":null,"operator":"Apex Oil & Gas, Inc."}},{"type":"Feature","geometry":{"type":"Point","coordinates":[-93.0708,29.3713]},"properties":{"name":null,"operator":"Black Elk Energy Offshore Operations, LLC"}},{"type":"Feature","geometry":{"type":"Point","coordinates":[-93.5479,29.3782]},"properties":{"name":null,"operator":"Fieldwood Energy LLC"}},{"type":"Feature","geometry":{"type":"Point","coordinates":[-91.9925,29.4087]},"properties":{"name":null,"operator":"Chevron USA Inc."}},{"type":"Feature","geometry":{"type":"Point","coordinates":[-93.1367,29.6858]},"properties":{"name":null,"operator":"Apache Corporation"}},{"type":"Feature","geometry":{"type":"Point","coordinates":[-90.2422,28.9921]},"properties":{"name":null,"operator":"Energy XXI Gulf of Mexico, LLC"}},{"type":"Feature","geometry":{"type":"Point","coordinates":[-91.7391,28.8141]},"properties":{"name":null,"operator":"Fieldwood Energy LLC"}},{"type":"Feature","geometry":{"type":"Point","coordinates":[-89.2397,28.9671]},"properties":{"name":null,"operator":"Whitney Oil & Gas, LLC"}},{"type":"Feature","geometry":{"type":"Point","coordinates":[-91.5071,28.5658]},"properties":{"name":null,"operator":"Chevron USA Inc."}},{"type":"Feature","geometry":{"type":"Point","coordinates":[-89.5164,29.1601]},"properties":{"name":null,"operator":"Energy XXI Gulf of Mexico, LLC"}},{"type":"Feature","geometry":{"type":"Point","coordinates":[-93.8046,27.919]},"properties":{"name":null,"operator":"W & T Offshore, Inc."}},{"type":"Feature","geometry":{"type":"Point","coordinates":[-92.0013,28.9247]},"properties":{"name":null,"operator":"Fieldwood Energy LLC"}},{"type":"Feature","geometry":{"type":"Point","coordinates":[-90.4907,28.8675]},"properties":{"name":null,"operator":"Chevron USA Inc."}},{"type":"Feature","geometry":{"type":"Point","coordinates":[-90.7217,28.573]},"properties":{"name":null,"operator":"Mcmoran Oil & Gas LLC"}},{"type":"Feature","geometry":{"type":"Point","coordinates":[-91.7129,28.2937]},"properties":{"name":null,"operator":"Apache Shelf, Inc."}},{"type":"Feature","geometry":{"type":"Point","coordinates":[-90.6199,28.8775]},"properties":{"name":null,"operator":"Castex Offshore, Inc."}},{"type":"Feature","geometry":{"type":"Point","coordinates":[-90.5413,28.1965]},"properties":{"name":null,"operator":"Fieldwood Energy LLC"}},{"type":"Feature","geometry":{"type":"Point","coordinates":[-93.7166,29.6784]},"properties":{"name":null,"operator":"Chevron USA Inc."}},{"type":"Feature","geometry":{"type":"Point","coordinates":[-94.6255,27.3539]},"properties":{"name":"BOOMVANG","operator":"Anadarko Petroleum Corporation"}},{"type":"Feature","geometry":{"type":"Point","coordinates":[-91.2395,28.7509]},"properties":{"name":null,"operator":"Fieldwood Energy LLC"}},{"type":"Feature","geometry":{"type":"Point","coordinates":[-91.6942,28.2233]},"properties":{"name":null,"operator":"Fieldwood Energy LLC"}},{"type":"Feature","geometry":{"type":"Point","coordinates":[-94.9049,28.7218]},"properties":{"name":null,"operator":"Helis Oil & Gas Company, LLC"}},{"type":"Feature","geometry":{"type":"Point","coordinates":[-90.7445,28.9457]},"properties":{"name":null,"operator":"Fieldwood Energy LLC"}},{"type":"Feature","geometry":{"type":"Point","coordinates":[-90.1426,29.0263]},"properties":{"name":null,"operator":"Chevron USA Inc."}},{"type":"Feature","geometry":{"type":"Point","coordinates":[-93.2915,29.5134]},"properties":{"name":null,"operator":"Fieldwood Energy LLC"}},{"type":"Feature","geometry":{"type":"Point","coordinates":[-96.8058,27.1866]},"properties":{"name":null,"operator":"Mcmoran Oil & Gas LLC"}},{"type":"Feature","geometry":{"type":"Point","coordinates":[-90.9627,28.9383]},"properties":{"name":null,"operator":"Petroquest Energy, LLC"}},{"type":"Feature","geometry":{"type":"Point","coordinates":[-89.9241,28.7301]},"properties":{"name":null,"operator":"Arena Offshore, Lp"}},{"type":"Feature","geometry":{"type":"Point","coordinates":[-91.2745,29.0699]},"properties":{"name":null,"operator":"W & T Offshore, Inc."}},{"type":"Feature","geometry":{"type":"Point","coordinates":[-92.0478,29.4805]},"properties":{"name":null,"operator":"Chevron USA Inc."}},{"type":"Feature","geometry":{"type":"Point","coordinates":[-91.9863,29.3182]},"properties":{"name":null,"operator":"Chevron USA Inc."}},{"type":"Feature","geometry":{"type":"Point","coordinates":[-92.5173,29.0954]},"properties":{"name":null,"operator":"Black Elk Energy Offshore Operations, LLC"}},{"type":"Feature","geometry":{"type":"Point","coordinates":[-90.3813,28.444]},"properties":{"name":null,"operator":"Fieldwood Energy LLC"}},{"type":"Feature","geometry":{"type":"Point","coordinates":[-91.6981,29.0616]},"properties":{"name":null,"operator":"Fieldwood Energy LLC"}},{"type":"Feature","geometry":{"type":"Point","coordinates":[-89.8208,28.9061]},"properties":{"name":null,"operator":"GOM Shelf LLC"}},{"type":"Feature","geometry":{"type":"Point","coordinates":[-92.8788,28.4442]},"properties":{"name":null,"operator":"Fieldwood Energy LLC"}},{"type":"Feature","geometry":{"type":"Point","coordinates":[-91.297,28.4776]},"properties":{"name":null,"operator":"Energy Resource Technology Gulf of Mexico, Inc."}},{"type":"Feature","geometry":{"type":"Point","coordinates":[-91.9437,29.1895]},"properties":{"name":null,"operator":"Hall-Houston Exploration Iv, Lp"}},{"type":"Feature","geometry":{"type":"Point","coordinates":[-96.5718,28.0665]},"properties":{"name":null,"operator":"Matagorda Island Gas Operations,llc"}},{"type":"Feature","geometry":{"type":"Point","coordinates":[-90.519,27.7795]},"properties":{"name":"GENESIS SPAR","operator":"Chevron USA Inc."}},{"type":"Feature","geometry":{"type":"Point","coordinates":[-88.7582,29.2659]},"properties":{"name":null,"operator":"Freeport-mcmoran Energy LLC"}},{"type":"Feature","geometry":{"type":"Point","coordinates":[-93.7292,29.6863]},"properties":{"name":null,"operator":"Chevron USA Inc."}},{"type":"Feature","geometry":{"type":"Point","coordinates":[-91.0257,28.8565]},"properties":{"name":null,"operator":"Talos Energy Offshore LLC"}},{"type":"Feature","geometry":{"type":"Point","coordinates":[-94.5785,29.2257]},"properties":{"name":null,"operator":"Fieldwood Energy LLC"}},{"type":"Feature","geometry":{"type":"Point","coordinates":[-88.9554,29.0642]},"properties":{"name":null,"operator":"Ankor Energy LLC"}},{"type":"Feature","geometry":{"type":"Point","coordinates":[-89.2754,28.9722]},"properties":{"name":null,"operator":"Whitney Oil & Gas, LLC"}},{"type":"Feature","geometry":{"type":"Point","coordinates":[-91.5005,29.1601]},"properties":{"name":null,"operator":"Fieldwood Energy Offshore LLC"}},{"type":"Feature","geometry":{"type":"Point","coordinates":[-90.2388,28.9969]},"properties":{"name":null,"operator":"Energy XXI Gulf of Mexico, LLC"}},{"type":"Feature","geometry":{"type":"Point","coordinates":[-89.6747,29.0109]},"properties":{"name":null,"operator":"Tana Exploration Co. LLC"}},{"type":"Feature","geometry":{"type":"Point","coordinates":[-88.9701,29.4002]},"properties":{"name":null,"operator":"Chevron USA Inc."}},{"type":"Feature","geometry":{"type":"Point","coordinates":[-90.7107,28.6689]},"properties":{"name":null,"operator":"Rooster Petroleum, LLC"}},{"type":"Feature","geometry":{"type":"Point","coordinates":[-90.832,28.8334]},"properties":{"name":null,"operator":"Stone Energy Corporation"}},{"type":"Feature","geometry":{"type":"Point","coordinates":[-88.7661,29.4596]},"properties":{"name":null,"operator":"Fieldwood Energy Offshore LLC"}},{"type":"Feature","geometry":{"type":"Point","coordinates":[-92.9665,29.4087]},"properties":{"name":null,"operator":"Apache Corporation"}},{"type":"Feature","geometry":{"type":"Point","coordinates":[-93.7848,29.272]},"properties":{"name":null,"operator":"Fieldwood Energy LLC"}},{"type":"Feature","geometry":{"type":"Point","coordinates":[-93.9561,29.3206]},"properties":{"name":null,"operator":"Castex Offshore, Inc."}},{"type":"Feature","geometry":{"type":"Point","coordinates":[-88.9502,29.4688]},"properties":{"name":null,"operator":"Chevron USA Inc."}},{"type":"Feature","geometry":{"type":"Point","coordinates":[-92.2188,28.5737]},"properties":{"name":null,"operator":"Maritech Resources, Inc."}},{"type":"Feature","geometry":{"type":"Point","coordinates":[-94.0895,28.2502]},"properties":{"name":null,"operator":"Mcmoran Oil & Gas LLC"}},{"type":"Feature","geometry":{"type":"Point","coordinates":[-90.9788,28.5281]},"properties":{"name":null,"operator":"Fieldwood Energy LLC"}},{"type":"Feature","geometry":{"type":"Point","coordinates":[-91.1307,28.8597]},"properties":{"name":null,"operator":"Energy XXI Gulf of Mexico, LLC"}},{"type":"Feature","geometry":{"type":"Point","coordinates":[-91.3894,28.6923]},"properties":{"name":null,"operator":"Murphy Exploration & Production Co. - USA"}},{"type":"Feature","geometry":{"type":"Point","coordinates":[-91.4449,28.4307]},"properties":{"name":null,"operator":"Union Oil Co. Of California"}},{"type":"Feature","geometry":{"type":"Point","coordinates":[-89.9241,29.0317]},"properties":{"name":null,"operator":"Fieldwood Energy LLC"}},{"type":"Feature","geometry":{"type":"Point","coordinates":[-89.6438,29.1088]},"properties":{"name":null,"operator":"Cochon Properties, LLC"}},{"type":"Feature","geometry":{"type":"Point","coordinates":[-91.1797,29.1327]},"properties":{"name":"CAIS.#39","operator":"W & T Offshore, Inc."}},{"type":"Feature","geometry":{"type":"Point","coordinates":[-94.3892,27.9489]},"properties":{"name":"HIOS HIA582","operator":"High Island Offshore System, LLC"}},{"type":"Feature","geometry":{"type":"Point","coordinates":[-94.0377,29.1959]},"properties":{"name":null,"operator":"Energy XXI Gulf of Mexico, LLC"}},{"type":"Feature","geometry":{"type":"Point","coordinates":[-90.2576,28.9993]},"properties":{"name":null,"operator":"Energy XXI Gulf of Mexico, LLC"}},{"type":"Feature","geometry":{"type":"Point","coordinates":[-90.2342,28.7837]},"properties":{"name":null,"operator":"Energy Resource Technology Gulf of Mexico, Inc."}},{"type":"Feature","geometry":{"type":"Point","coordinates":[-91.4884,29.0818]},"properties":{"name":null,"operator":"Arena Offshore, Lp"}},{"type":"Feature","geometry":{"type":"Point","coordinates":[-89.9775,28.9814]},"properties":{"name":null,"operator":"GOM Shelf LLC"}},{"type":"Feature","geometry":{"type":"Point","coordinates":[-89.2387,28.9626]},"properties":{"name":null,"operator":"Whitney Oil & Gas, LLC"}},{"type":"Feature","geometry":{"type":"Point","coordinates":[-94.8372,28.7198]},"properties":{"name":null,"operator":"Black Elk Energy Offshore Operations, LLC"}},{"type":"Feature","geometry":{"type":"Point","coordinates":[-95.6856,28.1713]},"properties":{"name":null,"operator":"Mcmoran Oil & Gas LLC"}},{"type":"Feature","geometry":{"type":"Point","coordinates":[-92.0962,29.431]},"properties":{"name":null,"operator":"Chevron USA Inc."}},{"type":"Feature","geometry":{"type":"Point","coordinates":[-92.0535,29.4876]},"properties":{"name":null,"operator":"Chevron USA Inc."}},{"type":"Feature","geometry":{"type":"Point","coordinates":[-89.2389,28.9827]},"properties":{"name":"235 T","operator":"Whitney Oil & Gas, LLC"}},{"type":"Feature","geometry":{"type":"Point","coordinates":[-91.78,29.3555]},"properties":{"name":null,"operator":"Union Oil Co. Of California"}},{"type":"Feature","geometry":{"type":"Point","coordinates":[-89.6874,29.1419]},"properties":{"name":null,"operator":"Energy XXI Gulf of Mexico, LLC"}},{"type":"Feature","geometry":{"type":"Point","coordinates":[-88.1589,29.7467]},"properties":{"name":null,"operator":"Chevron USA Inc."}},{"type":"Feature","geometry":{"type":"Point","coordinates":[-91.4234,28.5049]},"properties":{"name":null,"operator":"EPL Oil & Gas, Inc."}},{"type":"Feature","geometry":{"type":"Point","coordinates":[-93.2845,29.5185]},"properties":{"name":null,"operator":"Fieldwood Energy LLC"}},{"type":"Feature","geometry":{"type":"Point","coordinates":[-88.6634,29.56]},"properties":{"name":null,"operator":"W & T Offshore, Inc."}},{"type":"Feature","geometry":{"type":"Point","coordinates":[-89.5424,29.1344]},"properties":{"name":null,"operator":"Energy XXI Gulf of Mexico, LLC"}},{"type":"Feature","geometry":{"type":"Point","coordinates":[-90.961,28.9541]},"properties":{"name":null,"operator":"Petroquest Energy, LLC"}},{"type":"Feature","geometry":{"type":"Point","coordinates":[-92.8783,28.4292]},"properties":{"name":null,"operator":"Fieldwood Energy LLC"}},{"type":"Feature","geometry":{"type":"Point","coordinates":[-93.9416,28.4051]},"properties":{"name":null,"operator":"Black Elk Energy Offshore Operations, LLC"}},{"type":"Feature","geometry":{"type":"Point","coordinates":[-92.8999,29.5886]},"properties":{"name":null,"operator":"Fieldwood Energy LLC"}},{"type":"Feature","geometry":{"type":"Point","coordinates":[-93.4425,29.3879]},"properties":{"name":null,"operator":"High Island Offshore System, LLC"}},{"type":"Feature","geometry":{"type":"Point","coordinates":[-91.0884,28.3572]},"properties":{"name":null,"operator":"Renaissance Offshore, LLC"}},{"type":"Feature","geometry":{"type":"Point","coordinates":[-90.9524,28.9735]},"properties":{"name":null,"operator":"Petroquest Energy, LLC"}},{"type":"Feature","geometry":{"type":"Point","coordinates":[-92.1631,28.8411]},"properties":{"name":null,"operator":"Ankor Energy LLC"}},{"type":"Feature","geometry":{"type":"Point","coordinates":[-92.1832,29.4706]},"properties":{"name":null,"operator":"EPL Oil & Gas, Inc."}},{"type":"Feature","geometry":{"type":"Point","coordinates":[-89.8584,29.0015]},"properties":{"name":null,"operator":"GOM Shelf LLC"}},{"type":"Feature","geometry":{"type":"Point","coordinates":[-91.8834,29.304]},"properties":{"name":"CAIS.#201","operator":"EPL Oil & Gas, Inc."}},{"type":"Feature","geometry":{"type":"Point","coordinates":[-91.9034,29.3326]},"properties":{"name":null,"operator":"EPL Oil & Gas, Inc."}},{"type":"Feature","geometry":{"type":"Point","coordinates":[-92.1762,29.0657]},"properties":{"name":null,"operator":"Talos Energy Offshore LLC"}},{"type":"Feature","geometry":{"type":"Point","coordinates":[-94.6069,29.1321]},"properties":{"name":null,"operator":"Fieldwood Energy LLC"}},{"type":"Feature","geometry":{"type":"Point","coordinates":[-92.5199,29.4519]},"properties":{"name":null,"operator":"EPL Oil & Gas, Inc."}},{"type":"Feature","geometry":{"type":"Point","coordinates":[-90.9428,28.8624]},"properties":{"name":null,"operator":"Stone Energy Corporation"}},{"type":"Feature","geometry":{"type":"Point","coordinates":[-91.5068,28.1847]},"properties":{"name":null,"operator":"Fieldwood Energy LLC"}},{"type":"Feature","geometry":{"type":"Point","coordinates":[-89.2628,28.9846]},"properties":{"name":"85W(SL 1012)","operator":"Whitney Oil & Gas, LLC"}},{"type":"Feature","geometry":{"type":"Point","coordinates":[-88.4434,29.2848]},"properties":{"name":null,"operator":"Fieldwood Energy LLC"}},{"type":"Feature","geometry":{"type":"Point","coordinates":[-90.936,28.8257]},"properties":{"name":null,"operator":"Stone Energy Corporation"}},{"type":"Feature","geometry":{"type":"Point","coordinates":[-94.3239,27.8934]},"properties":{"name":null,"operator":"Bennu Oil & Gas, LLC"}},{"type":"Feature","geometry":{"type":"Point","coordinates":[-92.3596,28.5225]},"properties":{"name":null,"operator":"Stone Energy Corporation"}},{"type":"Feature","geometry":{"type":"Point","coordinates":[-93.1524,29.6006]},"properties":{"name":null,"operator":"Fieldwood Energy LLC"}},{"type":"Feature","geometry":{"type":"Point","coordinates":[-91.1792,29.1202]},"properties":{"name":null,"operator":"W & T Offshore, Inc."}},{"type":"Feature","geometry":{"type":"Point","coordinates":[-89.9663,29.1229]},"properties":{"name":null,"operator":"Energy XXI Gulf of Mexico, LLC"}},{"type":"Feature","geometry":{"type":"Point","coordinates":[-93.1881,27.7881]},"properties":{"name":null,"operator":"Triton Gathering, LLC"}},{"type":"Feature","geometry":{"type":"Point","coordinates":[-91.4464,29.0612]},"properties":{"name":null,"operator":"Arena Offshore, Lp"}},{"type":"Feature","geometry":{"type":"Point","coordinates":[-90.7371,28.0893]},"properties":{"name":null,"operator":"W & T Offshore, Inc."}},{"type":"Feature","geometry":{"type":"Point","coordinates":[-91.6999,29.0673]},"properties":{"name":null,"operator":"Fieldwood Energy LLC"}},{"type":"Feature","geometry":{"type":"Point","coordinates":[-90.9949,28.6194]},"properties":{"name":null,"operator":"Chevron USA Inc."}},{"type":"Feature","geometry":{"type":"Point","coordinates":[-88.8855,29.3532]},"properties":{"name":null,"operator":"Enven Energy Ventures, LLC"}},{"type":"Feature","geometry":{"type":"Point","coordinates":[-90.8936,28.4461]},"properties":{"name":null,"operator":"W & T Offshore, Inc."}},{"type":"Feature","geometry":{"type":"Point","coordinates":[-89.0501,29.3034]},"properties":{"name":null,"operator":"Medco Energi Us LLC"}},{"type":"Feature","geometry":{"type":"Point","coordinates":[-89.2631,28.9631]},"properties":{"name":null,"operator":"Whitney Oil & Gas, LLC"}},{"type":"Feature","geometry":{"type":"Point","coordinates":[-92.4668,28.5905]},"properties":{"name":null,"operator":"Kinetica Partners, LLC"}},{"type":"Feature","geometry":{"type":"Point","coordinates":[-90.2217,28.7822]},"properties":{"name":null,"operator":"Energy Resource Technology Gulf of Mexico, Inc."}},{"type":"Feature","geometry":{"type":"Point","coordinates":[-93.2518,29.3965]},"properties":{"name":null,"operator":"Conn Energy, Inc."}},{"type":"Feature","geometry":{"type":"Point","coordinates":[-92.0523,29.4299]},"properties":{"name":null,"operator":"Chevron USA Inc."}},{"type":"Feature","geometry":{"type":"Point","coordinates":[-94.1579,29.4491]},"properties":{"name":null,"operator":"Apache Corporation"}},{"type":"Feature","geometry":{"type":"Point","coordinates":[-88.908,29.2667]},"properties":{"name":null,"operator":"Energy XXI Gulf of Mexico, LLC"}},{"type":"Feature","geometry":{"type":"Point","coordinates":[-96.3813,28.1021]},"properties":{"name":null,"operator":"Fieldwood Energy LLC"}},{"type":"Feature","geometry":{"type":"Point","coordinates":[-91.9972,29.3447]},"properties":{"name":"CAIS.#198","operator":"Chevron USA Inc."}},{"type":"Feature","geometry":{"type":"Point","coordinates":[-89.3114,28.6012]},"properties":{"name":"CORRAL","operator":"ENI US Operating Co. Inc."}},{"type":"Feature","geometry":{"type":"Point","coordinates":[-88.6189,29.5568]},"properties":{"name":null,"operator":"W & T Offshore, Inc."}},{"type":"Feature","geometry":{"type":"Point","coordinates":[-91.1021,28.5073]},"properties":{"name":null,"operator":"Renaissance Offshore, LLC"}},{"type":"Feature","geometry":{"type":"Point","coordinates":[-91.453,28.5292]},"properties":{"name":null,"operator":"Fieldwood Energy Offshore LLC"}},{"type":"Feature","geometry":{"type":"Point","coordinates":[-92.9754,28.3826]},"properties":{"name":null,"operator":"Stone Energy Corporation"}},{"type":"Feature","geometry":{"type":"Point","coordinates":[-91.2393,28.7704]},"properties":{"name":null,"operator":"Fieldwood Energy LLC"}},{"type":"Feature","geometry":{"type":"Point","coordinates":[-90.3809,28.5013]},"properties":{"name":null,"operator":"Arena Offshore, Lp"}},{"type":"Feature","geometry":{"type":"Point","coordinates":[-92.9835,28.3017]},"properties":{"name":null,"operator":"Apache Corporation"}},{"type":"Feature","geometry":{"type":"Point","coordinates":[-92.8917,28.6255]},"properties":{"name":null,"operator":"Conn Energy, Inc."}},{"type":"Feature","geometry":{"type":"Point","coordinates":[-91.9489,29.3431]},"properties":{"name":"CAIS.#206","operator":"Chevron USA Inc."}},{"type":"Feature","geometry":{"type":"Point","coordinates":[-89.4308,28.7203]},"properties":{"name":null,"operator":"Fieldwood Energy LLC"}},{"type":"Feature","geometry":{"type":"Point","coordinates":[-91.1135,28.8582]},"properties":{"name":null,"operator":"Energy XXI Gulf of Mexico, LLC"}},{"type":"Feature","geometry":{"type":"Point","coordinates":[-89.7028,28.9988]},"properties":{"name":null,"operator":"Peregrine Oil & Gas, Lp"}},{"type":"Feature","geometry":{"type":"Point","coordinates":[-91.5375,28.2233]},"properties":{"name":null,"operator":"Energy XXI Gulf of Mexico, LLC"}},{"type":"Feature","geometry":{"type":"Point","coordinates":[-94.0276,27.9567]},"properties":{"name":null,"operator":"Northstar Offshore Group, LLC"}},{"type":"Feature","geometry":{"type":"Point","coordinates":[-95.262,28.7323]},"properties":{"name":null,"operator":"Black Elk Energy Offshore Operations, LLC"}},{"type":"Feature","geometry":{"type":"Point","coordinates":[-90.4743,28.8817]},"properties":{"name":null,"operator":"Chevron USA Inc."}},{"type":"Feature","geometry":{"type":"Point","coordinates":[-91.2728,28.4915]},"properties":{"name":null,"operator":"Energy Resource Technology Gulf of Mexico, Inc."}},{"type":"Feature","geometry":{"type":"Point","coordinates":[-91.8647,29.3172]},"properties":{"name":"CAIS.#217","operator":"EPL Oil & Gas, Inc."}},{"type":"Feature","geometry":{"type":"Point","coordinates":[-91.9126,28.8516]},"properties":{"name":null,"operator":"Black Elk Energy Offshore Operations, LLC"}},{"type":"Feature","geometry":{"type":"Point","coordinates":[-93.3203,29.2052]},"properties":{"name":null,"operator":"Tarpon Operating & Development, LLC"}},{"type":"Feature","geometry":{"type":"Point","coordinates":[-89.8231,28.9524]},"properties":{"name":null,"operator":"GOM Shelf LLC"}},{"type":"Feature","geometry":{"type":"Point","coordinates":[-91.2287,28.7414]},"properties":{"name":null,"operator":"W & T Offshore, Inc."}},{"type":"Feature","geometry":{"type":"Point","coordinates":[-88.6494,29.4622]},"properties":{"name":null,"operator":"Arena Offshore, Lp"}},{"type":"Feature","geometry":{"type":"Point","coordinates":[-91.5954,29.2117]},"properties":{"name":null,"operator":"Fieldwood Energy LLC"}},{"type":"Feature","geometry":{"type":"Point","coordinates":[-90.1478,29.0128]},"properties":{"name":null,"operator":"Chevron USA Inc."}},{"type":"Feature","geometry":{"type":"Point","coordinates":[-87.8832,30.0946]},"properties":{"name":null,"operator":"Union Oil Co. Of California"}},{"type":"Feature","geometry":{"type":"Point","coordinates":[-89.2667,28.9751]},"properties":{"name":null,"operator":"Whitney Oil & Gas, LLC"}},{"type":"Feature","geometry":{"type":"Point","coordinates":[-90.5304,28.8332]},"properties":{"name":null,"operator":"Arena Offshore, Lp"}},{"type":"Feature","geometry":{"type":"Point","coordinates":[-91.8815,29.3144]},"properties":{"name":"CAIS.#193","operator":"EPL Oil & Gas, Inc."}},{"type":"Feature","geometry":{"type":"Point","coordinates":[-93.2686,29.3055]},"properties":{"name":null,"operator":"W & T Offshore, Inc."}},{"type":"Feature","geometry":{"type":"Point","coordinates":[-90.5617,28.6003]},"properties":{"name":null,"operator":"Mcmoran Oil & Gas LLC"}},{"type":"Feature","geometry":{"type":"Point","coordinates":[-91.4574,28.2446]},"properties":{"name":null,"operator":"Apache Shelf, Inc."}},{"type":"Feature","geometry":{"type":"Point","coordinates":[-90.902,28.5213]},"properties":{"name":null,"operator":"Energy XXI Gulf of Mexico, LLC"}},{"type":"Feature","geometry":{"type":"Point","coordinates":[-88.8771,29.3263]},"properties":{"name":null,"operator":"Energy XXI Gulf of Mexico, LLC"}},{"type":"Feature","geometry":{"type":"Point","coordinates":[-93.3143,29.182]},"properties":{"name":null,"operator":"Tarpon Operating & Development, LLC"}},{"type":"Feature","geometry":{"type":"Point","coordinates":[-91.4892,28.6346]},"properties":{"name":null,"operator":"Arena Offshore, Lp"}},{"type":"Feature","geometry":{"type":"Point","coordinates":[-90.714,28.852]},"properties":{"name":null,"operator":"Talos Energy Offshore LLC"}},{"type":"Feature","geometry":{"type":"Point","coordinates":[-89.7524,29.1619]},"properties":{"name":null,"operator":"Fieldwood Energy LLC"}},{"type":"Feature","geometry":{"type":"Point","coordinates":[-92.1733,29.4487]},"properties":{"name":null,"operator":"EPL Oil & Gas, Inc."}},{"type":"Feature","geometry":{"type":"Point","coordinates":[-94.9089,28.965]},"properties":{"name":null,"operator":"Merit Energy Co., LLC"}},{"type":"Feature","geometry":{"type":"Point","coordinates":[-93.3522,28.0577]},"properties":{"name":null,"operator":"W & T Offshore, Inc."}},{"type":"Feature","geometry":{"type":"Point","coordinates":[-91.8776,29.3007]},"properties":{"name":null,"operator":"EPL Oil & Gas, Inc."}},{"type":"Feature","geometry":{"type":"Point","coordinates":[-93.0625,29.0986]},"properties":{"name":null,"operator":"ATP Oil & Gas Corporation"}},{"type":"Feature","geometry":{"type":"Point","coordinates":[-91.5298,29.301]},"properties":{"name":null,"operator":"Energy XXI Gulf of Mexico, LLC"}},{"type":"Feature","geometry":{"type":"Point","coordinates":[-91.6167,29.1902]},"properties":{"name":null,"operator":"Chevron USA Inc."}},{"type":"Feature","geometry":{"type":"Point","coordinates":[-91.0673,28.6372]},"properties":{"name":null,"operator":"Bois D' Arc Exploration LLC"}},{"type":"Feature","geometry":{"type":"Point","coordinates":[-88.7907,29.6199]},"properties":{"name":null,"operator":"W & T Offshore, Inc."}},{"type":"Feature","geometry":{"type":"Point","coordinates":[-92.346,28.5054]},"properties":{"name":null,"operator":"Stone Energy Corporation"}},{"type":"Feature","geometry":{"type":"Point","coordinates":[-92.9252,28.4523]},"properties":{"name":null,"operator":"Fieldwood Energy LLC"}},{"type":"Feature","geometry":{"type":"Point","coordinates":[-93.0318,28.921]},"properties":{"name":null,"operator":"Texas Eastern Transmission, Lp"}},{"type":"Feature","geometry":{"type":"Point","coordinates":[-91.954,28.6633]},"properties":{"name":null,"operator":"Energy XXI Gulf of Mexico, LLC"}},{"type":"Feature","geometry":{"type":"Point","coordinates":[-92.2062,29.286]},"properties":{"name":null,"operator":"Arena Offshore, Lp"}},{"type":"Feature","geometry":{"type":"Point","coordinates":[-90.8736,28.4253]},"properties":{"name":null,"operator":"W & T Offshore, Inc."}},{"type":"Feature","geometry":{"type":"Point","coordinates":[-90.0835,28.9488]},"properties":{"name":null,"operator":"GOM Shelf LLC"}},{"type":"Feature","geometry":{"type":"Point","coordinates":[-90.1283,29.0373]},"properties":{"name":null,"operator":"Chevron USA Inc."}},{"type":"Feature","geometry":{"type":"Point","coordinates":[-92.6991,28.0743]},"properties":{"name":null,"operator":"Energy Resource Technology Gulf of Mexico, Inc."}},{"type":"Feature","geometry":{"type":"Point","coordinates":[-93.1885,29.3645]},"properties":{"name":null,"operator":"W & T Offshore, Inc."}},{"type":"Feature","geometry":{"type":"Point","coordinates":[-94.2571,29.1598]},"properties":{"name":null,"operator":"Virgin Offshore USA, Inc."}},{"type":"Feature","geometry":{"type":"Point","coordinates":[-91.4992,28.6646]},"properties":{"name":null,"operator":"Ankor Energy LLC"}},{"type":"Feature","geometry":{"type":"Point","coordinates":[-90.5084,26.6965]},"properties":{"name":"CASCADE","operator":"Petrobras America Inc."}},{"type":"Feature","geometry":{"type":"Point","coordinates":[-90.0687,28.5491]},"properties":{"name":null,"operator":"Fieldwood Energy LLC"}},{"type":"Feature","geometry":{"type":"Point","coordinates":[-92.0167,28.228]},"properties":{"name":null,"operator":"Fieldwood Energy Offshore LLC"}},{"type":"Feature","geometry":{"type":"Point","coordinates":[-88.1019,29.331]},"properties":{"name":null,"operator":"Williams Field Services - Gulf Coast Co., Lp"}},{"type":"Feature","geometry":{"type":"Point","coordinates":[-88.9666,29.0445]},"properties":{"name":null,"operator":"Fieldwood Energy Offshore LLC"}},{"type":"Feature","geometry":{"type":"Point","coordinates":[-91.3564,28.7694]},"properties":{"name":null,"operator":"Fieldwood Energy LLC"}},{"type":"Feature","geometry":{"type":"Point","coordinates":[-89.6106,29.1399]},"properties":{"name":null,"operator":"EPL Oil & Gas, Inc."}},{"type":"Feature","geometry":{"type":"Point","coordinates":[-93.5503,28.2602]},"properties":{"name":null,"operator":"Fieldwood Energy Offshore LLC"}},{"type":"Feature","geometry":{"type":"Point","coordinates":[-91.5379,28.2027]},"properties":{"name":null,"operator":"Arena Offshore, Lp"}},{"type":"Feature","geometry":{"type":"Point","coordinates":[-92.0091,28.9794]},"properties":{"name":null,"operator":"Byron Energy Inc."}},{"type":"Feature","geometry":{"type":"Point","coordinates":[-96.4282,27.8959]},"properties":{"name":null,"operator":"Fieldwood Energy LLC"}},{"type":"Feature","geometry":{"type":"Point","coordinates":[-91.8661,28.2733]},"properties":{"name":null,"operator":"Fieldwood Energy Offshore LLC"}},{"type":"Feature","geometry":{"type":"Point","coordinates":[-89.5521,28.6619]},"properties":{"name":null,"operator":"Shell Offshore Inc."}},{"type":"Feature","geometry":{"type":"Point","coordinates":[-91.1,28.4925]},"properties":{"name":null,"operator":"Renaissance Offshore, LLC"}},{"type":"Feature","geometry":{"type":"Point","coordinates":[-90.1896,28.9817]},"properties":{"name":null,"operator":"Energy XXI Gulf of Mexico, LLC"}},{"type":"Feature","geometry":{"type":"Point","coordinates":[-90.0229,28.0351]},"properties":{"name":"MORPETH EAST","operator":"ENI US Operating Co. Inc."}},{"type":"Feature","geometry":{"type":"Point","coordinates":[-93.146,29.5592]},"properties":{"name":null,"operator":"Fieldwood Energy LLC"}},{"type":"Feature","geometry":{"type":"Point","coordinates":[-92.2677,28.6706]},"properties":{"name":null,"operator":"Fieldwood Energy Offshore LLC"}},{"type":"Feature","geometry":{"type":"Point","coordinates":[-93.1787,29.2429]},"properties":{"name":null,"operator":"Energy Resource Technology Gulf of Mexico, Inc."}},{"type":"Feature","geometry":{"type":"Point","coordinates":[-92.2939,28.2935]},"properties":{"name":null,"operator":"Fieldwood Energy Offshore LLC"}},{"type":"Feature","geometry":{"type":"Point","coordinates":[-89.0348,29.4098]},"properties":{"name":null,"operator":"Chevron USA Inc."}},{"type":"Feature","geometry":{"type":"Point","coordinates":[-92.8024,28.7559]},"properties":{"name":null,"operator":"Sea Robin Pipeline Co., LLC"}},{"type":"Feature","geometry":{"type":"Point","coordinates":[-88.2355,29.6566]},"properties":{"name":null,"operator":"Chevron USA Inc."}},{"type":"Feature","geometry":{"type":"Point","coordinates":[-92.7853,28.6986]},"properties":{"name":null,"operator":"Castex Offshore, Inc."}},{"type":"Feature","geometry":{"type":"Point","coordinates":[-91.7605,29.0897]},"properties":{"name":null,"operator":"W & T Offshore, Inc."}},{"type":"Feature","geometry":{"type":"Point","coordinates":[-92.3668,29.4591]},"properties":{"name":null,"operator":"Apache Shelf, Inc."}},{"type":"Feature","geometry":{"type":"Point","coordinates":[-93.6741,28.1203]},"properties":{"name":null,"operator":"Fieldwood Energy LLC"}},{"type":"Feature","geometry":{"type":"Point","coordinates":[-96.3817,28.1031]},"properties":{"name":null,"operator":"Fieldwood Energy LLC"}},{"type":"Feature","geometry":{"type":"Point","coordinates":[-88.7517,29.2833]},"properties":{"name":null,"operator":"Chevron USA Inc."}},{"type":"Feature","geometry":{"type":"Point","coordinates":[-90.158,28.6752]},"properties":{"name":null,"operator":"Arena Offshore, Lp"}},{"type":"Feature","geometry":{"type":"Point","coordinates":[-94.2845,29.1644]},"properties":{"name":null,"operator":"Apache Shelf, Inc."}},{"type":"Feature","geometry":{"type":"Point","coordinates":[-91.47,29.0582]},"properties":{"name":null,"operator":"Arena Offshore, Lp"}},{"type":"Feature","geometry":{"type":"Point","coordinates":[-89.2501,28.9796]},"properties":{"name":"229 T","operator":"Whitney Oil & Gas, LLC"}},{"type":"Feature","geometry":{"type":"Point","coordinates":[-91.7818,29.3706]},"properties":{"name":null,"operator":"Contango Operators, Inc."}},{"type":"Feature","geometry":{"type":"Point","coordinates":[-89.7801,28.832]},"properties":{"name":null,"operator":"Energy XXI Gulf of Mexico, LLC"}},{"type":"Feature","geometry":{"type":"Point","coordinates":[-89.5474,29.1217]},"properties":{"name":null,"operator":"Energy XXI Gulf of Mexico, LLC"}},{"type":"Feature","geometry":{"type":"Point","coordinates":[-89.602,29.1198]},"properties":{"name":null,"operator":"EPL Oil & Gas, Inc."}},{"type":"Feature","geometry":{"type":"Point","coordinates":[-92.3875,29.3441]},"properties":{"name":null,"operator":"Energy XXI Gulf of Mexico, LLC"}},{"type":"Feature","geometry":{"type":"Point","coordinates":[-92.8962,29.4071]},"properties":{"name":null,"operator":"Kinetica Partners, LLC"}},{"type":"Feature","geometry":{"type":"Point","coordinates":[-92.3724,29.2981]},"properties":{"name":null,"operator":"Cochon Properties, LLC"}},{"type":"Feature","geometry":{"type":"Point","coordinates":[-93.4183,27.8601]},"properties":{"name":null,"operator":"ATP Oil & Gas Corporation"}},{"type":"Feature","geometry":{"type":"Point","coordinates":[-92.6947,28.1803]},"properties":{"name":null,"operator":"Arena Offshore, Lp"}},{"type":"Feature","geometry":{"type":"Point","coordinates":[-89.1071,29.3971]},"properties":{"name":null,"operator":"Chevron USA Inc."}},{"type":"Feature","geometry":{"type":"Point","coordinates":[-95.8622,28.3969]},"properties":{"name":null,"operator":"Fieldwood Energy LLC"}},{"type":"Feature","geometry":{"type":"Point","coordinates":[-90.9012,28.8249]},"properties":{"name":null,"operator":"Stone Energy Corporation"}},{"type":"Feature","geometry":{"type":"Point","coordinates":[-93.6675,29.6599]},"properties":{"name":null,"operator":"Energy XXI Gulf of Mexico, LLC"}},{"type":"Feature","geometry":{"type":"Point","coordinates":[-90.1433,29.0311]},"properties":{"name":null,"operator":"Chevron USA Inc."}},{"type":"Feature","geometry":{"type":"Point","coordinates":[-91.8994,29.0739]},"properties":{"name":null,"operator":"Fieldwood Energy LLC"}},{"type":"Feature","geometry":{"type":"Point","coordinates":[-91.0814,28.4561]},"properties":{"name":null,"operator":"Ankor Energy LLC"}},{"type":"Feature","geometry":{"type":"Point","coordinates":[-91.1086,27.73]},"properties":{"name":"HELIX","operator":"Energy Resource Technology Gulf of Mexico, Inc."}},{"type":"Feature","geometry":{"type":"Point","coordinates":[-93.2314,28.2983]},"properties":{"name":null,"operator":"Black Elk Energy Offshore Operations, LLC"}},{"type":"Feature","geometry":{"type":"Point","coordinates":[-88.665,29.2338]},"properties":{"name":null,"operator":"GOM Shelf LLC"}},{"type":"Feature","geometry":{"type":"Point","coordinates":[-89.6902,29.1288]},"properties":{"name":null,"operator":"Energy XXI Gulf of Mexico, LLC"}},{"type":"Feature","geometry":{"type":"Point","coordinates":[-91.6515,29.3007]},"properties":{"name":null,"operator":"Sojitz Energy Venture, Inc."}},{"type":"Feature","geometry":{"type":"Point","coordinates":[-91.7152,29.3019]},"properties":{"name":null,"operator":"Rooster Petroleum, LLC"}},{"type":"Feature","geometry":{"type":"Point","coordinates":[-90.242,29.0011]},"properties":{"name":null,"operator":"Energy XXI Gulf of Mexico, LLC"}},{"type":"Feature","geometry":{"type":"Point","coordinates":[-96.781,27.8097]},"properties":{"name":null,"operator":"Tarpon Operating & Development, LLC"}},{"type":"Feature","geometry":{"type":"Point","coordinates":[-91.9732,28.4221]},"properties":{"name":null,"operator":"Talos Energy Offshore LLC"}},{"type":"Feature","geometry":{"type":"Point","coordinates":[-89.0162,28.4156]},"properties":{"name":"WHO DAT","operator":"Llog Exploration Offshore, LLC"}},{"type":"Feature","geometry":{"type":"Point","coordinates":[-91.6477,28.2628]},"properties":{"name":null,"operator":"Fieldwood Energy LLC"}},{"type":"Feature","geometry":{"type":"Point","coordinates":[-89.784,28.9644]},"properties":{"name":null,"operator":"GOM Shelf LLC"}},{"type":"Feature","geometry":{"type":"Point","coordinates":[-88.8818,29.6419]},"properties":{"name":null,"operator":"Apache Corporation"}},{"type":"Feature","geometry":{"type":"Point","coordinates":[-90.7685,28.7845]},"properties":{"name":"TRIMARS","operator":"Trunkline Gas Co., LLC"}},{"type":"Feature","geometry":{"type":"Point","coordinates":[-92.2017,28.9162]},"properties":{"name":null,"operator":"Energy Resource Technology Gulf of Mexico, Inc."}},{"type":"Feature","geometry":{"type":"Point","coordinates":[-91.8906,28.7703]},"properties":{"name":null,"operator":"Fieldwood Energy LLC"}},{"type":"Feature","geometry":{"type":"Point","coordinates":[-88.5844,29.4056]},"properties":{"name":null,"operator":"Petro Ventures, Inc."}},{"type":"Feature","geometry":{"type":"Point","coordinates":[-90.8295,28.8973]},"properties":{"name":null,"operator":"Stone Energy Corporation"}},{"type":"Feature","geometry":{"type":"Point","coordinates":[-88.2375,29.2696]},"properties":{"name":null,"operator":"W & T Offshore, Inc."}},{"type":"Feature","geometry":{"type":"Point","coordinates":[-94.9108,28.9573]},"properties":{"name":null,"operator":"Merit Energy Co., LLC"}},{"type":"Feature","geometry":{"type":"Point","coordinates":[-93.014,29.658]},"properties":{"name":null,"operator":"Virgin Offshore USA, Inc."}},{"type":"Feature","geometry":{"type":"Point","coordinates":[-91.5447,28.5425]},"properties":{"name":null,"operator":"Chevron USA Inc."}},{"type":"Feature","geometry":{"type":"Point","coordinates":[-92.8251,29.4873]},"properties":{"name":null,"operator":"Mcmoran Oil & Gas LLC"}},{"type":"Feature","geometry":{"type":"Point","coordinates":[-91.9091,28.317]},"properties":{"name":null,"operator":"Fieldwood Energy LLC"}},{"type":"Feature","geometry":{"type":"Point","coordinates":[-91.8761,28.7291]},"properties":{"name":null,"operator":"Tarpon Operating & Development, LLC"}},{"type":"Feature","geometry":{"type":"Point","coordinates":[-90.8032,28.5647]},"properties":{"name":null,"operator":"Fieldwood Energy LLC"}},{"type":"Feature","geometry":{"type":"Point","coordinates":[-88.9637,29.0572]},"properties":{"name":null,"operator":"Fieldwood Energy Offshore LLC"}},{"type":"Feature","geometry":{"type":"Point","coordinates":[-91.2736,28.4385]},"properties":{"name":null,"operator":"Fieldwood Energy Offshore LLC"}},{"type":"Feature","geometry":{"type":"Point","coordinates":[-91.4647,28.7416]},"properties":{"name":null,"operator":"Fieldwood Energy LLC"}},{"type":"Feature","geometry":{"type":"Point","coordinates":[-90.2421,28.9951]},"properties":{"name":null,"operator":"Energy XXI Gulf of Mexico, LLC"}},{"type":"Feature","geometry":{"type":"Point","coordinates":[-90.1848,28.9511]},"properties":{"name":null,"operator":"EPL Oil & Gas, Inc."}},{"type":"Feature","geometry":{"type":"Point","coordinates":[-92.1848,29.0658]},"properties":{"name":null,"operator":"Talos Energy Offshore LLC"}},{"type":"Feature","geometry":{"type":"Point","coordinates":[-90.1825,29.0201]},"properties":{"name":null,"operator":"Chevron USA Inc."}},{"type":"Feature","geometry":{"type":"Point","coordinates":[-89.6145,28.9013]},"properties":{"name":null,"operator":"ENI US Operating Co. Inc."}},{"type":"Feature","geometry":{"type":"Point","coordinates":[-88.512,29.6472]},"properties":{"name":null,"operator":"Tana Exploration Co. LLC"}},{"type":"Feature","geometry":{"type":"Point","coordinates":[-91.4711,28.9626]},"properties":{"name":null,"operator":"Fieldwood Energy LLC"}},{"type":"Feature","geometry":{"type":"Point","coordinates":[-92.2073,28.0131]},"properties":{"name":null,"operator":"Mcmoran Oil & Gas LLC"}},{"type":"Feature","geometry":{"type":"Point","coordinates":[-90.4964,28.8749]},"properties":{"name":null,"operator":"Chevron USA Inc."}},{"type":"Feature","geometry":{"type":"Point","coordinates":[-92.6157,28.4111]},"properties":{"name":null,"operator":"GOM ex Energy Offshore, Ltd."}},{"type":"Feature","geometry":{"type":"Point","coordinates":[-92.9575,29.3009]},"properties":{"name":null,"operator":"Enven Energy Ventures, LLC"}},{"type":"Feature","geometry":{"type":"Point","coordinates":[-88.8574,29.1073]},"properties":{"name":null,"operator":"Fieldwood Energy LLC"}},{"type":"Feature","geometry":{"type":"Point","coordinates":[-91.4041,28.7629]},"properties":{"name":null,"operator":"Tc Offshore LLC"}},{"type":"Feature","geometry":{"type":"Point","coordinates":[-89.2358,28.9872]},"properties":{"name":null,"operator":"Whitney Oil & Gas, LLC"}},{"type":"Feature","geometry":{"type":"Point","coordinates":[-90.8423,28.836]},"properties":{"name":null,"operator":"Stone Energy Corporation"}},{"type":"Feature","geometry":{"type":"Point","coordinates":[-90.4189,28.9459]},"properties":{"name":null,"operator":"Chevron USA Inc."}},{"type":"Feature","geometry":{"type":"Point","coordinates":[-89.7943,28.6429]},"properties":{"name":null,"operator":"Fieldwood Energy LLC"}},{"type":"Feature","geometry":{"type":"Point","coordinates":[-93.8727,29.2843]},"properties":{"name":null,"operator":"Castex Offshore, Inc."}},{"type":"Feature","geometry":{"type":"Point","coordinates":[-93.5774,27.9008]},"properties":{"name":null,"operator":"W & T Offshore, Inc."}},{"type":"Feature","geometry":{"type":"Point","coordinates":[-88.1677,29.1822]},"properties":{"name":"VIRGO","operator":"W & T Energy Vi, LLC"}},{"type":"Feature","geometry":{"type":"Point","coordinates":[-90.314,28.937]},"properties":{"name":null,"operator":"Chevron USA Inc."}},{"type":"Feature","geometry":{"type":"Point","coordinates":[-90.8708,28.5289]},"properties":{"name":null,"operator":"Energy XXI Gulf of Mexico, LLC"}},{"type":"Feature","geometry":{"type":"Point","coordinates":[-93.8089,29.243]},"properties":{"name":null,"operator":"Fieldwood Energy LLC"}},{"type":"Feature","geometry":{"type":"Point","coordinates":[-92.2977,28.9885]},"properties":{"name":null,"operator":"Sea Robin Pipeline Co., LLC"}},{"type":"Feature","geometry":{"type":"Point","coordinates":[-90.5684,28.5995]},"properties":{"name":null,"operator":"Mcmoran Oil & Gas LLC"}},{"type":"Feature","geometry":{"type":"Point","coordinates":[-93.2038,27.9721]},"properties":{"name":null,"operator":"Mcmoran Oil & Gas LLC"}},{"type":"Feature","geometry":{"type":"Point","coordinates":[-88.9586,29.4089]},"properties":{"name":null,"operator":"Chevron USA Inc."}},{"type":"Feature","geometry":{"type":"Point","coordinates":[-90.6127,28.7778]},"properties":{"name":null,"operator":"ATP Oil & Gas Corporation"}},{"type":"Feature","geometry":{"type":"Point","coordinates":[-89.0134,29.418]},"properties":{"name":"CAIS.#5","operator":"Chevron USA Inc."}},{"type":"Feature","geometry":{"type":"Point","coordinates":[-89.035,29.401]},"properties":{"name":null,"operator":"Chevron USA Inc."}},{"type":"Feature","geometry":{"type":"Point","coordinates":[-87.9878,29.1637]},"properties":{"name":"NEPTUNE SPAR","operator":"Noble Energy, Inc."}},{"type":"Feature","geometry":{"type":"Point","coordinates":[-91.4728,28.9795]},"properties":{"name":null,"operator":"Fieldwood Energy LLC"}},{"type":"Feature","geometry":{"type":"Point","coordinates":[-91.3777,29.2409]},"properties":{"name":null,"operator":"Arena Offshore, Lp"}},{"type":"Feature","geometry":{"type":"Point","coordinates":[-91.2786,28.5846]},"properties":{"name":null,"operator":"Renaissance Offshore, LLC"}},{"type":"Feature","geometry":{"type":"Point","coordinates":[-94.4441,28.0849]},"properties":{"name":null,"operator":"Mcmoran Oil & Gas LLC"}},{"type":"Feature","geometry":{"type":"Point","coordinates":[-96.9402,26.833]},"properties":{"name":null,"operator":"Peregrine Oil & Gas Ii, LLC"}},{"type":"Feature","geometry":{"type":"Point","coordinates":[-87.8937,30.154]},"properties":{"name":null,"operator":"Union Oil Co. Of California"}},{"type":"Feature","geometry":{"type":"Point","coordinates":[-90.0536,28.9452]},"properties":{"name":null,"operator":"GOM Shelf LLC"}},{"type":"Feature","geometry":{"type":"Point","coordinates":[-90.9786,28.6327]},"properties":{"name":null,"operator":"Chevron USA Inc."}},{"type":"Feature","geometry":{"type":"Point","coordinates":[-92.2303,28.3054]},"properties":{"name":null,"operator":"Fieldwood Energy Offshore LLC"}},{"type":"Feature","geometry":{"type":"Point","coordinates":[-91.5362,29.311]},"properties":{"name":null,"operator":"Energy XXI Gulf of Mexico, LLC"}},{"type":"Feature","geometry":{"type":"Point","coordinates":[-94.3605,29.2801]},"properties":{"name":null,"operator":"Black Elk Energy Offshore Operations, LLC"}},{"type":"Feature","geometry":{"type":"Point","coordinates":[-92.1868,29.4475]},"properties":{"name":null,"operator":"EPL Oil & Gas, Inc."}},{"type":"Feature","geometry":{"type":"Point","coordinates":[-90.8259,28.8919]},"properties":{"name":null,"operator":"Stone Energy Corporation"}},{"type":"Feature","geometry":{"type":"Point","coordinates":[-89.5546,29.1366]},"properties":{"name":null,"operator":"Energy XXI Gulf of Mexico, LLC"}},{"type":"Feature","geometry":{"type":"Point","coordinates":[-91.4863,28.9739]},"properties":{"name":"CAIS.#34","operator":"Fieldwood Energy LLC"}},{"type":"Feature","geometry":{"type":"Point","coordinates":[-91.6044,29.217]},"properties":{"name":null,"operator":"Fieldwood Energy LLC"}},{"type":"Feature","geometry":{"type":"Point","coordinates":[-95.8796,28.3929]},"properties":{"name":null,"operator":"Fieldwood Energy LLC"}},{"type":"Feature","geometry":{"type":"Point","coordinates":[-91.5099,28.6648]},"properties":{"name":null,"operator":"Ankor Energy LLC"}},{"type":"Feature","geometry":{"type":"Point","coordinates":[-90.84,28.9732]},"properties":{"name":null,"operator":"Mcmoran Oil & Gas LLC"}},{"type":"Feature","geometry":{"type":"Point","coordinates":[-91.3865,29.2443]},"properties":{"name":null,"operator":"Arena Offshore, Lp"}},{"type":"Feature","geometry":{"type":"Point","coordinates":[-88.601,29.5764]},"properties":{"name":null,"operator":"W & T Offshore, Inc."}},{"type":"Feature","geometry":{"type":"Point","coordinates":[-91.1743,28.8793]},"properties":{"name":null,"operator":"Energy XXI Gulf of Mexico, LLC"}},{"type":"Feature","geometry":{"type":"Point","coordinates":[-90.8901,28.5359]},"properties":{"name":null,"operator":"Energy XXI Gulf of Mexico, LLC"}},{"type":"Feature","geometry":{"type":"Point","coordinates":[-91.1892,28.9903]},"properties":{"name":null,"operator":"Mcmoran Oil & Gas LLC"}},{"type":"Feature","geometry":{"type":"Point","coordinates":[-93.2414,29.3287]},"properties":{"name":null,"operator":"W & T Offshore, Inc."}},{"type":"Feature","geometry":{"type":"Point","coordinates":[-91.2016,28.282]},"properties":{"name":null,"operator":"Apache Corporation"}},{"type":"Feature","geometry":{"type":"Point","coordinates":[-91.2931,28.8388]},"properties":{"name":null,"operator":"Samson Offshore, LLC"}},{"type":"Feature","geometry":{"type":"Point","coordinates":[-90.7417,28.9824]},"properties":{"name":null,"operator":"Fieldwood Energy LLC"}},{"type":"Feature","geometry":{"type":"Point","coordinates":[-92.1854,29.4753]},"properties":{"name":null,"operator":"EPL Oil & Gas, Inc."}},{"type":"Feature","geometry":{"type":"Point","coordinates":[-89.5561,29.1728]},"properties":{"name":null,"operator":"Mcmoran Oil & Gas LLC"}},{"type":"Feature","geometry":{"type":"Point","coordinates":[-90.3448,28.1978]},"properties":{"name":null,"operator":"Fieldwood Energy LLC"}},{"type":"Feature","geometry":{"type":"Point","coordinates":[-91.8888,29.3126]},"properties":{"name":null,"operator":"EPL Oil & Gas, Inc."}},{"type":"Feature","geometry":{"type":"Point","coordinates":[-91.9619,28.9735]},"properties":{"name":null,"operator":"Fieldwood Energy LLC"}},{"type":"Feature","geometry":{"type":"Point","coordinates":[-92.7159,29.347]},"properties":{"name":null,"operator":"EC Offshore Properties, Inc."}},{"type":"Feature","geometry":{"type":"Point","coordinates":[-93.0355,29.379]},"properties":{"name":null,"operator":"Stone Energy Corporation"}},{"type":"Feature","geometry":{"type":"Point","coordinates":[-89.7065,28.9477]},"properties":{"name":null,"operator":"Energy XXI Gulf of Mexico, LLC"}},{"type":"Feature","geometry":{"type":"Point","coordinates":[-92.5466,29.4435]},"properties":{"name":null,"operator":"EPL Oil & Gas, Inc."}},{"type":"Feature","geometry":{"type":"Point","coordinates":[-92.6316,28.0864]},"properties":{"name":null,"operator":"Energy Resource Technology Gulf of Mexico, Inc."}},{"type":"Feature","geometry":{"type":"Point","coordinates":[-92.5451,29.4151]},"properties":{"name":null,"operator":"EPL Oil & Gas, Inc."}},{"type":"Feature","geometry":{"type":"Point","coordinates":[-91.4497,28.7409]},"properties":{"name":null,"operator":"Fieldwood Energy LLC"}},{"type":"Feature","geometry":{"type":"Point","coordinates":[-91.5327,29.1746]},"properties":{"name":null,"operator":"Fieldwood Energy Offshore LLC"}},{"type":"Feature","geometry":{"type":"Point","coordinates":[-92.4671,29.4895]},"properties":{"name":null,"operator":"Chevron USA Inc."}},{"type":"Feature","geometry":{"type":"Point","coordinates":[-91.8994,28.2485]},"properties":{"name":null,"operator":"Mcmoran Oil & Gas LLC"}},{"type":"Feature","geometry":{"type":"Point","coordinates":[-89.0569,29.307]},"properties":{"name":null,"operator":"Medco Energi Us LLC"}},{"type":"Feature","geometry":{"type":"Point","coordinates":[-90.0004,28.9699]},"properties":{"name":null,"operator":"GOM Shelf LLC"}},{"type":"Feature","geometry":{"type":"Point","coordinates":[-90.4273,28.804]},"properties":{"name":null,"operator":"Fieldwood Energy LLC"}},{"type":"Feature","geometry":{"type":"Point","coordinates":[-91.525,28.5681]},"properties":{"name":null,"operator":"Chevron USA Inc."}},{"type":"Feature","geometry":{"type":"Point","coordinates":[-90.2688,27.1887]},"properties":{"name":"MAD DOG SPAR","operator":"BP Exploration & Production Inc."}},{"type":"Feature","geometry":{"type":"Point","coordinates":[-90.3469,28.9157]},"properties":{"name":null,"operator":"Chevron USA Inc."}},{"type":"Feature","geometry":{"type":"Point","coordinates":[-92.1042,28.2741]},"properties":{"name":null,"operator":"Fieldwood Energy LLC"}},{"type":"Feature","geometry":{"type":"Point","coordinates":[-90.949,28.9805]},"properties":{"name":null,"operator":"Petroquest Energy, LLC"}},{"type":"Feature","geometry":{"type":"Point","coordinates":[-91.8699,28.595]},"properties":{"name":null,"operator":"Energy XXI Gulf of Mexico, LLC"}},{"type":"Feature","geometry":{"type":"Point","coordinates":[-89.2481,28.9767]},"properties":{"name":null,"operator":"Whitney Oil & Gas, LLC"}},{"type":"Feature","geometry":{"type":"Point","coordinates":[-88.9205,29.3165]},"properties":{"name":null,"operator":"Energy XXI Gulf of Mexico, LLC"}},{"type":"Feature","geometry":{"type":"Point","coordinates":[-90.9225,28.8232]},"properties":{"name":null,"operator":"Stone Energy Corporation"}},{"type":"Feature","geometry":{"type":"Point","coordinates":[-93.5983,29.6939]},"properties":{"name":null,"operator":"Northstar Offshore Group, LLC"}},{"type":"Feature","geometry":{"type":"Point","coordinates":[-93.0349,29.6267]},"properties":{"name":null,"operator":"Fieldwood Energy LLC"}},{"type":"Feature","geometry":{"type":"Point","coordinates":[-93.2424,29.309]},"properties":{"name":null,"operator":"W & T Offshore, Inc."}},{"type":"Feature","geometry":{"type":"Point","coordinates":[-91.4492,28.9885]},"properties":{"name":null,"operator":"Fieldwood Energy LLC"}},{"type":"Feature","geometry":{"type":"Point","coordinates":[-89.6606,28.9386]},"properties":{"name":null,"operator":"Fieldwood Energy LLC"}},{"type":"Feature","geometry":{"type":"Point","coordinates":[-90.347,28.4339]},"properties":{"name":null,"operator":"Fieldwood Energy LLC"}},{"type":"Feature","geometry":{"type":"Point","coordinates":[-90.2498,28.6174]},"properties":{"name":null,"operator":"Arena Offshore, Lp"}},{"type":"Feature","geometry":{"type":"Point","coordinates":[-91.4541,28.9937]},"properties":{"name":null,"operator":"Fieldwood Energy LLC"}},{"type":"Feature","geometry":{"type":"Point","coordinates":[-94.3336,29.266]},"properties":{"name":null,"operator":"Black Elk Energy Offshore Operations, LLC"}},{"type":"Feature","geometry":{"type":"Point","coordinates":[-91.1932,28.6977]},"properties":{"name":null,"operator":"Century Exploration New Orleans, LLC"}},{"type":"Feature","geometry":{"type":"Point","coordinates":[-92.9884,29.3368]},"properties":{"name":null,"operator":"Petroquest Energy, LLC"}},{"type":"Feature","geometry":{"type":"Point","coordinates":[-91.0658,28.6282]},"properties":{"name":null,"operator":"Chevron USA Inc."}},{"type":"Feature","geometry":{"type":"Point","coordinates":[-91.5109,29.1789]},"properties":{"name":null,"operator":"Fieldwood Energy Offshore LLC"}},{"type":"Feature","geometry":{"type":"Point","coordinates":[-88.9944,29.406]},"properties":{"name":null,"operator":"Chevron USA Inc."}},{"type":"Feature","geometry":{"type":"Point","coordinates":[-91.4454,28.9992]},"properties":{"name":null,"operator":"Fieldwood Energy LLC"}},{"type":"Feature","geometry":{"type":"Point","coordinates":[-87.8125,29.3206]},"properties":{"name":null,"operator":"Fieldwood Energy LLC"}},{"type":"Feature","geometry":{"type":"Point","coordinates":[-90.8099,28.8941]},"properties":{"name":null,"operator":"Stone Energy Corporation"}},{"type":"Feature","geometry":{"type":"Point","coordinates":[-94.0111,29.2155]},"properties":{"name":null,"operator":"Fieldwood Energy LLC"}},{"type":"Feature","geometry":{"type":"Point","coordinates":[-93.4585,27.9857]},"properties":{"name":null,"operator":"Black Elk Energy Offshore Operations, LLC"}},{"type":"Feature","geometry":{"type":"Point","coordinates":[-91.898,28.8674]},"properties":{"name":null,"operator":"Black Elk Energy Offshore Operations, LLC"}},{"type":"Feature","geometry":{"type":"Point","coordinates":[-96.0133,27.8354]},"properties":{"name":null,"operator":"GOM Shelf LLC"}},{"type":"Feature","geometry":{"type":"Point","coordinates":[-94.4645,29.2291]},"properties":{"name":null,"operator":"Fairways Offshore Exploration, Inc."}},{"type":"Feature","geometry":{"type":"Point","coordinates":[-88.3258,30.1084]},"properties":{"name":null,"operator":"Callon Petroleum Operating Co."}},{"type":"Feature","geometry":{"type":"Point","coordinates":[-91.8651,29.3174]},"properties":{"name":"CAIS.#212","operator":"EPL Oil & Gas, Inc."}},{"type":"Feature","geometry":{"type":"Point","coordinates":[-91.212,28.7352]},"properties":{"name":null,"operator":"W & T Offshore, Inc."}},{"type":"Feature","geometry":{"type":"Point","coordinates":[-91.137,28.4258]},"properties":{"name":null,"operator":"Walter Oil & Gas Corporation"}},{"type":"Feature","geometry":{"type":"Point","coordinates":[-90.1759,28.9796]},"properties":{"name":null,"operator":"Energy XXI Gulf of Mexico, LLC"}},{"type":"Feature","geometry":{"type":"Point","coordinates":[-91.8374,28.9916]},"properties":{"name":null,"operator":"Llog Exploration Offshore, LLC"}},{"type":"Feature","geometry":{"type":"Point","coordinates":[-92.0123,29.3346]},"properties":{"name":null,"operator":"Chevron USA Inc."}},{"type":"Feature","geometry":{"type":"Point","coordinates":[-93.6345,29.3452]},"properties":{"name":null,"operator":"Apache Shelf, Inc."}},{"type":"Feature","geometry":{"type":"Point","coordinates":[-89.6247,29.1227]},"properties":{"name":null,"operator":"Energy XXI Gulf of Mexico, LLC"}},{"type":"Feature","geometry":{"type":"Point","coordinates":[-90.0706,28.3095]},"properties":{"name":"HICKORY","operator":"Fieldwood Energy LLC"}},{"type":"Feature","geometry":{"type":"Point","coordinates":[-88.7608,29.2667]},"properties":{"name":"BS-Y","operator":"Freeport-mcmoran Energy LLC"}},{"type":"Feature","geometry":{"type":"Point","coordinates":[-90.3927,28.5807]},"properties":{"name":null,"operator":"Arena Offshore, Lp"}},{"type":"Feature","geometry":{"type":"Point","coordinates":[-88.8779,29.4723]},"properties":{"name":null,"operator":"Fieldwood Energy Offshore LLC"}},{"type":"Feature","geometry":{"type":"Point","coordinates":[-92.9968,29.3822]},"properties":{"name":"42528","operator":"Stone Energy Corporation"}},{"type":"Feature","geometry":{"type":"Point","coordinates":[-94.3978,27.9466]},"properties":{"name":null,"operator":"Chevron USA Inc."}},{"type":"Feature","geometry":{"type":"Point","coordinates":[-95.395,28.667]},"properties":{"name":null,"operator":"EPL Oil & Gas, Inc."}},{"type":"Feature","geometry":{"type":"Point","coordinates":[-91.304,28.9272]},"properties":{"name":null,"operator":"Fieldwood Energy Offshore LLC"}},{"type":"Feature","geometry":{"type":"Point","coordinates":[-89.2423,28.9761]},"properties":{"name":null,"operator":"Whitney Oil & Gas, LLC"}},{"type":"Feature","geometry":{"type":"Point","coordinates":[-89.396,28.6976]},"properties":{"name":null,"operator":"Proteus Oil Pipeline Co., LLC"}},{"type":"Feature","geometry":{"type":"Point","coordinates":[-95.5855,28.2549]},"properties":{"name":null,"operator":"ATP Oil & Gas Corporation"}},{"type":"Feature","geometry":{"type":"Point","coordinates":[-91.39,29.2492]},"properties":{"name":null,"operator":"Arena Offshore, Lp"}},{"type":"Feature","geometry":{"type":"Point","coordinates":[-92.0613,29.441]},"properties":{"name":"AMINE","operator":"Chevron USA Inc."}},{"type":"Feature","geometry":{"type":"Point","coordinates":[-90.7,28.9411]},"properties":{"name":null,"operator":"Fieldwood Energy LLC"}},{"type":"Feature","geometry":{"type":"Point","coordinates":[-92.3925,28.462]},"properties":{"name":null,"operator":"Stone Energy Corporation"}},{"type":"Feature","geometry":{"type":"Point","coordinates":[-89.8193,29.1007]},"properties":{"name":null,"operator":"Northstar Offshore Group, LLC"}},{"type":"Feature","geometry":{"type":"Point","coordinates":[-89.6074,28.8651]},"properties":{"name":null,"operator":"Fieldwood Energy LLC"}},{"type":"Feature","geometry":{"type":"Point","coordinates":[-90.9464,28.8421]},"properties":{"name":null,"operator":"Talos Energy Offshore LLC"}},{"type":"Feature","geometry":{"type":"Point","coordinates":[-90.2505,28.9868]},"properties":{"name":null,"operator":"Energy XXI Gulf of Mexico, LLC"}},{"type":"Feature","geometry":{"type":"Point","coordinates":[-90.1738,28.9388]},"properties":{"name":null,"operator":"Energy XXI Gulf of Mexico, LLC"}},{"type":"Feature","geometry":{"type":"Point","coordinates":[-91.8725,29.066]},"properties":{"name":null,"operator":"Fieldwood Energy LLC"}},{"type":"Feature","geometry":{"type":"Point","coordinates":[-89.6217,28.9204]},"properties":{"name":null,"operator":"Petroquest Energy, LLC"}},{"type":"Feature","geometry":{"type":"Point","coordinates":[-93.5962,29.3298]},"properties":{"name":null,"operator":"Fieldwood Energy Offshore LLC"}},{"type":"Feature","geometry":{"type":"Point","coordinates":[-89.514,28.9718]},"properties":{"name":null,"operator":"Fieldwood Energy Offshore LLC"}},{"type":"Feature","geometry":{"type":"Point","coordinates":[-92.1809,28.1503]},"properties":{"name":null,"operator":"Enven Energy Ventures, LLC"}},{"type":"Feature","geometry":{"type":"Point","coordinates":[-90.4358,28.5413]},"properties":{"name":null,"operator":"Trunkline Gas Co., LLC"}},{"type":"Feature","geometry":{"type":"Point","coordinates":[-91.2015,28.7473]},"properties":{"name":"CAIS.#19","operator":"W & T Offshore, Inc."}},{"type":"Feature","geometry":{"type":"Point","coordinates":[-89.6945,29.0305]},"properties":{"name":null,"operator":"Peregrine Oil & Gas, Lp"}},{"type":"Feature","geometry":{"type":"Point","coordinates":[-91.7308,28.2701]},"properties":{"name":null,"operator":"Arena Offshore, Lp"}},{"type":"Feature","geometry":{"type":"Point","coordinates":[-91.5045,29.1632]},"properties":{"name":null,"operator":"Fieldwood Energy Offshore LLC"}},{"type":"Feature","geometry":{"type":"Point","coordinates":[-89.8196,28.9699]},"properties":{"name":null,"operator":"GOM Shelf LLC"}},{"type":"Feature","geometry":{"type":"Point","coordinates":[-94.6602,29.0511]},"properties":{"name":"CAIS.#4","operator":"Walter Oil & Gas Corporation"}},{"type":"Feature","geometry":{"type":"Point","coordinates":[-92.489,28.903]},"properties":{"name":null,"operator":"Energy XXI Gulf of Mexico, LLC"}},{"type":"Feature","geometry":{"type":"Point","coordinates":[-88.8819,29.5591]},"properties":{"name":null,"operator":"Petsec Energy Inc."}},{"type":"Feature","geometry":{"type":"Point","coordinates":[-90.2345,28.9965]},"properties":{"name":null,"operator":"Energy XXI Gulf of Mexico, LLC"}},{"type":"Feature","geometry":{"type":"Point","coordinates":[-92.0119,28.2982]},"properties":{"name":null,"operator":"Energy Resource Technology Gulf of Mexico, Inc."}},{"type":"Feature","geometry":{"type":"Point","coordinates":[-89.5612,29.1195]},"properties":{"name":null,"operator":"Renaissance Offshore, LLC"}},{"type":"Feature","geometry":{"type":"Point","coordinates":[-92.5173,29.0869]},"properties":{"name":null,"operator":"Black Elk Energy Offshore Operations, LLC"}},{"type":"Feature","geometry":{"type":"Point","coordinates":[-90.2455,28.6676]},"properties":{"name":null,"operator":"Arena Offshore, Lp"}},{"type":"Feature","geometry":{"type":"Point","coordinates":[-88.0563,28.8663]},"properties":{"name":"HORN MOUNTAIN","operator":"Freeport-mcmoran Oil & Gas LLC"}},{"type":"Feature","geometry":{"type":"Point","coordinates":[-90.8378,28.9762]},"properties":{"name":null,"operator":"Mcmoran Oil & Gas LLC"}},{"type":"Feature","geometry":{"type":"Point","coordinates":[-89.2627,28.9775]},"properties":{"name":"201 (V)","operator":"Whitney Oil & Gas, LLC"}},{"type":"Feature","geometry":{"type":"Point","coordinates":[-96.5839,28.0272]},"properties":{"name":null,"operator":"Matagorda Island Gas Operations,llc"}},{"type":"Feature","geometry":{"type":"Point","coordinates":[-90.7048,28.9462]},"properties":{"name":"42651","operator":"Fieldwood Energy LLC"}},{"type":"Feature","geometry":{"type":"Point","coordinates":[-91.0639,28.3714]},"properties":{"name":null,"operator":"Fieldwood Energy Offshore LLC"}},{"type":"Feature","geometry":{"type":"Point","coordinates":[-93.3096,27.7788]},"properties":{"name":"TICK","operator":"Chevron USA Inc."}},{"type":"Feature","geometry":{"type":"Point","coordinates":[-92.7945,28.2201]},"properties":{"name":null,"operator":"W & T Offshore, Inc."}},{"type":"Feature","geometry":{"type":"Point","coordinates":[-92.0648,28.7951]},"properties":{"name":null,"operator":"Fieldwood Energy Offshore LLC"}},{"type":"Feature","geometry":{"type":"Point","coordinates":[-92.5101,28.4488]},"properties":{"name":null,"operator":"W & T Offshore, Inc."}},{"type":"Feature","geometry":{"type":"Point","coordinates":[-90.8091,28.6051]},"properties":{"name":null,"operator":"W & T Offshore, Inc."}},{"type":"Feature","geometry":{"type":"Point","coordinates":[-92.9796,28.1459]},"properties":{"name":null,"operator":"Energy XXI Gulf of Mexico, LLC"}},{"type":"Feature","geometry":{"type":"Point","coordinates":[-89.6891,28.9174]},"properties":{"name":null,"operator":"Energy XXI Gulf of Mexico, LLC"}},{"type":"Feature","geometry":{"type":"Point","coordinates":[-91.5386,29.3138]},"properties":{"name":null,"operator":"Gulf South Pipeline Company, LP"}},{"type":"Feature","geometry":{"type":"Point","coordinates":[-89.0739,29.4007]},"properties":{"name":null,"operator":"Chevron USA Inc."}},{"type":"Feature","geometry":{"type":"Point","coordinates":[-90.6521,28.846]},"properties":{"name":null,"operator":"Talos Energy Offshore LLC"}},{"type":"Feature","geometry":{"type":"Point","coordinates":[-91.3649,28.475]},"properties":{"name":null,"operator":"Energy XXI Gulf of Mexico, LLC"}},{"type":"Feature","geometry":{"type":"Point","coordinates":[-93.5402,29.7028]},"properties":{"name":null,"operator":"Northstar Offshore Group, LLC"}},{"type":"Feature","geometry":{"type":"Point","coordinates":[-92.1746,29.0675]},"properties":{"name":null,"operator":"Talos Energy Offshore LLC"}},{"type":"Feature","geometry":{"type":"Point","coordinates":[-92.0401,26.1323]},"properties":{"name":"LUCIUS","operator":"Anadarko Petroleum Corporation"}},{"type":"Feature","geometry":{"type":"Point","coordinates":[-96.4305,28.1065]},"properties":{"name":null,"operator":"Fieldwood Energy LLC"}},{"type":"Feature","geometry":{"type":"Point","coordinates":[-93.4479,28.7667]},"properties":{"name":null,"operator":"Petroquest Energy, LLC"}},{"type":"Feature","geometry":{"type":"Point","coordinates":[-88.4784,29.9261]},"properties":{"name":null,"operator":"Fieldwood Energy LLC"}},{"type":"Feature","geometry":{"type":"Point","coordinates":[-90.2494,28.6172]},"properties":{"name":null,"operator":"Arena Offshore, Lp"}},{"type":"Feature","geometry":{"type":"Point","coordinates":[-91.9895,29.4025]},"properties":{"name":"#219","operator":"Chevron USA Inc."}},{"type":"Feature","geometry":{"type":"Point","coordinates":[-89.9656,28.7218]},"properties":{"name":null,"operator":"Arena Offshore, Lp"}},{"type":"Feature","geometry":{"type":"Point","coordinates":[-91.8923,29.1314]},"properties":{"name":null,"operator":"Fieldwood Energy LLC"}},{"type":"Feature","geometry":{"type":"Point","coordinates":[-92.0539,29.3445]},"properties":{"name":null,"operator":"Mcmoran Oil & Gas LLC"}},{"type":"Feature","geometry":{"type":"Point","coordinates":[-91.5727,28.4328]},"properties":{"name":null,"operator":"Apache Corporation"}},{"type":"Feature","geometry":{"type":"Point","coordinates":[-91.0502,28.4959]},"properties":{"name":null,"operator":"Ankor Energy LLC"}},{"type":"Feature","geometry":{"type":"Point","coordinates":[-89.2599,28.9714]},"properties":{"name":null,"operator":"Whitney Oil & Gas, LLC"}},{"type":"Feature","geometry":{"type":"Point","coordinates":[-93.1971,29.6254]},"properties":{"name":"CAIS.#9","operator":"Fieldwood Energy LLC"}},{"type":"Feature","geometry":{"type":"Point","coordinates":[-90.7314,28.6618]},"properties":{"name":null,"operator":"Rooster Petroleum, LLC"}},{"type":"Feature","geometry":{"type":"Point","coordinates":[-96.4649,28.0412]},"properties":{"name":null,"operator":"Tana Exploration Co. LLC"}},{"type":"Feature","geometry":{"type":"Point","coordinates":[-90.8746,28.4811]},"properties":{"name":null,"operator":"W & T Offshore, Inc."}},{"type":"Feature","geometry":{"type":"Point","coordinates":[-90.2784,29.0161]},"properties":{"name":null,"operator":"Energy XXI Gulf of Mexico, LLC"}},{"type":"Feature","geometry":{"type":"Point","coordinates":[-96.1913,27.7274]},"properties":{"name":null,"operator":"Enven Energy Ventures, LLC"}},{"type":"Feature","geometry":{"type":"Point","coordinates":[-96.5266,27.9518]},"properties":{"name":null,"operator":"GOM Shelf LLC"}},{"type":"Feature","geometry":{"type":"Point","coordinates":[-88.4965,30.0836]},"properties":{"name":null,"operator":"Union Oil Co. Of California"}},{"type":"Feature","geometry":{"type":"Point","coordinates":[-92.5342,29.4433]},"properties":{"name":null,"operator":"EPL Oil & Gas, Inc."}},{"type":"Feature","geometry":{"type":"Point","coordinates":[-93.1891,29.634]},"properties":{"name":"CAIS.F","operator":"Fieldwood Energy LLC"}},{"type":"Feature","geometry":{"type":"Point","coordinates":[-90.9031,28.5086]},"properties":{"name":null,"operator":"Energy XXI Gulf of Mexico, LLC"}},{"type":"Feature","geometry":{"type":"Point","coordinates":[-91.5355,29.3117]},"properties":{"name":null,"operator":"Energy XXI Gulf of Mexico, LLC"}},{"type":"Feature","geometry":{"type":"Point","coordinates":[-90.5428,28.7956]},"properties":{"name":null,"operator":"Mcmoran Oil & Gas LLC"}},{"type":"Feature","geometry":{"type":"Point","coordinates":[-92.0124,29.335]},"properties":{"name":null,"operator":"Chevron USA Inc."}},{"type":"Feature","geometry":{"type":"Point","coordinates":[-90.8366,28.9816]},"properties":{"name":null,"operator":"Mcmoran Oil & Gas LLC"}},{"type":"Feature","geometry":{"type":"Point","coordinates":[-88.6654,29.2902]},"properties":{"name":null,"operator":"Chevron USA Inc."}},{"type":"Feature","geometry":{"type":"Point","coordinates":[-92.0501,28.3366]},"properties":{"name":null,"operator":"Castex Offshore, Inc."}},{"type":"Feature","geometry":{"type":"Point","coordinates":[-93.5029,28.0976]},"properties":{"name":null,"operator":"High Island Offshore System, LLC"}},{"type":"Feature","geometry":{"type":"Point","coordinates":[-90.2526,29.0018]},"properties":{"name":null,"operator":"Energy XXI Gulf of Mexico, LLC"}},{"type":"Feature","geometry":{"type":"Point","coordinates":[-92.1655,29.3839]},"properties":{"name":null,"operator":"Talos Energy Offshore LLC"}},{"type":"Feature","geometry":{"type":"Point","coordinates":[-91.4494,28.985]},"properties":{"name":null,"operator":"Fieldwood Energy LLC"}},{"type":"Feature","geometry":{"type":"Point","coordinates":[-91.3958,28.324]},"properties":{"name":null,"operator":"Energy Resource Technology Gulf of Mexico, Inc."}},{"type":"Feature","geometry":{"type":"Point","coordinates":[-93.1723,29.628]},"properties":{"name":null,"operator":"Fieldwood Energy LLC"}},{"type":"Feature","geometry":{"type":"Point","coordinates":[-90.7597,28.9718]},"properties":{"name":null,"operator":"Fieldwood Energy LLC"}},{"type":"Feature","geometry":{"type":"Point","coordinates":[-93.3688,28.6888]},"properties":{"name":null,"operator":"Monforte Exploration LLC"}},{"type":"Feature","geometry":{"type":"Point","coordinates":[-90.154,29.0441]},"properties":{"name":"28 & 23","operator":"Chevron USA Inc."}},{"type":"Feature","geometry":{"type":"Point","coordinates":[-94.1295,29.2422]},"properties":{"name":null,"operator":"Mc Offshore Petroleum, LLC"}},{"type":"Feature","geometry":{"type":"Point","coordinates":[-93.1653,29.4229]},"properties":{"name":null,"operator":"Fieldwood Energy LLC"}},{"type":"Feature","geometry":{"type":"Point","coordinates":[-93.2648,28.9295]},"properties":{"name":null,"operator":"Century Exploration New Orleans, LLC"}},{"type":"Feature","geometry":{"type":"Point","coordinates":[-93.3197,28.2507]},"properties":{"name":null,"operator":"Arena Offshore, Lp"}},{"type":"Feature","geometry":{"type":"Point","coordinates":[-90.4673,28.8467]},"properties":{"name":null,"operator":"Fieldwood Energy LLC"}},{"type":"Feature","geometry":{"type":"Point","coordinates":[-89.2775,28.9789]},"properties":{"name":"37 (SL1011)","operator":"Whitney Oil & Gas, LLC"}},{"type":"Feature","geometry":{"type":"Point","coordinates":[-90.2756,27.6918]},"properties":{"name":null,"operator":"ENI US Operating Co. Inc."}},{"type":"Feature","geometry":{"type":"Point","coordinates":[-91.2416,28.7234]},"properties":{"name":null,"operator":"Century Exploration New Orleans, LLC"}},{"type":"Feature","geometry":{"type":"Point","coordinates":[-93.1489,29.593]},"properties":{"name":null,"operator":"Fieldwood Energy LLC"}},{"type":"Feature","geometry":{"type":"Point","coordinates":[-94.0283,29.1895]},"properties":{"name":null,"operator":"Energy XXI Gulf of Mexico, LLC"}},{"type":"Feature","geometry":{"type":"Point","coordinates":[-89.0123,29.3986]},"properties":{"name":null,"operator":"Chevron USA Inc."}},{"type":"Feature","geometry":{"type":"Point","coordinates":[-91.6781,28.7471]},"properties":{"name":null,"operator":"Mcmoran Oil & Gas LLC"}},{"type":"Feature","geometry":{"type":"Point","coordinates":[-93.6336,29.3734]},"properties":{"name":null,"operator":"Fieldwood Energy LLC"}},{"type":"Feature","geometry":{"type":"Point","coordinates":[-89.2381,28.9609]},"properties":{"name":null,"operator":"Whitney Oil & Gas, LLC"}},{"type":"Feature","geometry":{"type":"Point","coordinates":[-89.9542,28.9739]},"properties":{"name":null,"operator":"GOM Shelf LLC"}},{"type":"Feature","geometry":{"type":"Point","coordinates":[-92.3946,29.2915]},"properties":{"name":null,"operator":"Transcontinental Gas Pipe Line Co., LLC"}},{"type":"Feature","geometry":{"type":"Point","coordinates":[-93.5074,29.4751]},"properties":{"name":null,"operator":"ENI US Operating Co. Inc."}},{"type":"Feature","geometry":{"type":"Point","coordinates":[-90.5767,28.577]},"properties":{"name":null,"operator":"Stone Energy Corporation"}},{"type":"Feature","geometry":{"type":"Point","coordinates":[-90.6894,28.9415]},"properties":{"name":null,"operator":"Fieldwood Energy LLC"}},{"type":"Feature","geometry":{"type":"Point","coordinates":[-93.528,29.368]},"properties":{"name":null,"operator":"Fieldwood Energy LLC"}},{"type":"Feature","geometry":{"type":"Point","coordinates":[-93.518,27.972]},"properties":{"name":null,"operator":"Energy XXI Gulf of Mexico, LLC"}},{"type":"Feature","geometry":{"type":"Point","coordinates":[-89.859,29.0012]},"properties":{"name":null,"operator":"GOM Shelf LLC"}},{"type":"Feature","geometry":{"type":"Point","coordinates":[-89.0397,29.2957]},"properties":{"name":null,"operator":"Medco Energi Us LLC"}},{"type":"Feature","geometry":{"type":"Point","coordinates":[-91.8798,28.8609]},"properties":{"name":null,"operator":"Black Elk Energy Offshore Operations, LLC"}},{"type":"Feature","geometry":{"type":"Point","coordinates":[-90.027,27.1957]},"properties":{"name":"ATLANTIS","operator":"BP Exploration & Production Inc."}},{"type":"Feature","geometry":{"type":"Point","coordinates":[-91.9708,28.6711]},"properties":{"name":null,"operator":"Energy XXI Gulf of Mexico, LLC"}},{"type":"Feature","geometry":{"type":"Point","coordinates":[-93.3726,28.2916]},"properties":{"name":null,"operator":"Arena Offshore, Lp"}},{"type":"Feature","geometry":{"type":"Point","coordinates":[-92.8223,29.519]},"properties":{"name":null,"operator":"Mcmoran Oil & Gas LLC"}},{"type":"Feature","geometry":{"type":"Point","coordinates":[-89.242,28.9747]},"properties":{"name":null,"operator":"Whitney Oil & Gas, LLC"}},{"type":"Feature","geometry":{"type":"Point","coordinates":[-93.295,29.5055]},"properties":{"name":null,"operator":"Fieldwood Energy LLC"}},{"type":"Feature","geometry":{"type":"Point","coordinates":[-90.8334,28.8926]},"properties":{"name":null,"operator":"Stone Energy Corporation"}},{"type":"Feature","geometry":{"type":"Point","coordinates":[-91.2834,29.0934]},"properties":{"name":null,"operator":"W & T Offshore, Inc."}},{"type":"Feature","geometry":{"type":"Point","coordinates":[-90.7337,28.7748]},"properties":{"name":null,"operator":"Talos Energy Offshore LLC"}},{"type":"Feature","geometry":{"type":"Point","coordinates":[-88.4095,29.2401]},"properties":{"name":null,"operator":"Stone Energy Corporation"}},{"type":"Feature","geometry":{"type":"Point","coordinates":[-90.024,29.1112]},"properties":{"name":null,"operator":"Energy XXI Gulf of Mexico, LLC"}},{"type":"Feature","geometry":{"type":"Point","coordinates":[-87.8858,29.3611]},"properties":{"name":null,"operator":"W & T Energy Vi, LLC"}},{"type":"Feature","geometry":{"type":"Point","coordinates":[-91.7612,29.0929]},"properties":{"name":null,"operator":"W & T Offshore, Inc."}},{"type":"Feature","geometry":{"type":"Point","coordinates":[-91.4526,29.0598]},"properties":{"name":null,"operator":"Arena Offshore, Lp"}},{"type":"Feature","geometry":{"type":"Point","coordinates":[-91.2579,28.8189]},"properties":{"name":null,"operator":"Fieldwood Energy LLC"}},{"type":"Feature","geometry":{"type":"Point","coordinates":[-91.1943,28.335]},"properties":{"name":null,"operator":"Renaissance Offshore, LLC"}},{"type":"Feature","geometry":{"type":"Point","coordinates":[-87.7938,30.1682]},"properties":{"name":null,"operator":"Apache Corporation"}},{"type":"Feature","geometry":{"type":"Point","coordinates":[-88.849,29.4554]},"properties":{"name":null,"operator":"Fieldwood Energy Offshore LLC"}},{"type":"Feature","geometry":{"type":"Point","coordinates":[-89.0532,29.2971]},"properties":{"name":null,"operator":"Medco Energi Us LLC"}},{"type":"Feature","geometry":{"type":"Point","coordinates":[-88.9698,29.4002]},"properties":{"name":null,"operator":"Chevron USA Inc."}},{"type":"Feature","geometry":{"type":"Point","coordinates":[-91.9665,28.8226]},"properties":{"name":null,"operator":"Sea Robin Pipeline Co., LLC"}},{"type":"Feature","geometry":{"type":"Point","coordinates":[-88.2887,29.7963]},"properties":{"name":null,"operator":"Energy Resource Technology Gulf of Mexico, Inc."}},{"type":"Feature","geometry":{"type":"Point","coordinates":[-91.3906,28.4652]},"properties":{"name":null,"operator":"Energy XXI Gulf of Mexico, LLC"}},{"type":"Feature","geometry":{"type":"Point","coordinates":[-93.4148,29.408]},"properties":{"name":null,"operator":"Linder Oil Co., A Partnership"}},{"type":"Feature","geometry":{"type":"Point","coordinates":[-91.5832,29.0366]},"properties":{"name":null,"operator":"Fieldwood Energy LLC"}},{"type":"Feature","geometry":{"type":"Point","coordinates":[-90.6289,28.8006]},"properties":{"name":null,"operator":"Walter Oil & Gas Corporation"}},{"type":"Feature","geometry":{"type":"Point","coordinates":[-93.9372,28.2287]},"properties":{"name":null,"operator":"Rooster Petroleum, LLC"}},{"type":"Feature","geometry":{"type":"Point","coordinates":[-91.7531,28.9268]},"properties":{"name":null,"operator":"Fieldwood Energy LLC"}},{"type":"Feature","geometry":{"type":"Point","coordinates":[-87.8832,30.0944]},"properties":{"name":null,"operator":"Union Oil Co. Of California"}},{"type":"Feature","geometry":{"type":"Point","coordinates":[-92.9867,29.3816]},"properties":{"name":null,"operator":"Stone Energy Corporation"}},{"type":"Feature","geometry":{"type":"Point","coordinates":[-93.567,29.6612]},"properties":{"name":null,"operator":"Northstar Offshore Group, LLC"}},{"type":"Feature","geometry":{"type":"Point","coordinates":[-91.5668,29.0107]},"properties":{"name":null,"operator":"Apache Corporation"}},{"type":"Feature","geometry":{"type":"Point","coordinates":[-88.3989,28.2675]},"properties":{"name":"THUNDER HAWK","operator":"Murphy Exploration & Production Co. - USA"}},{"type":"Feature","geometry":{"type":"Point","coordinates":[-93.0756,28.4815]},"properties":{"name":null,"operator":"Fieldwood Energy Offshore LLC"}},{"type":"Feature","geometry":{"type":"Point","coordinates":[-90.4766,28.898]},"properties":{"name":null,"operator":"Chevron USA Inc."}},{"type":"Feature","geometry":{"type":"Point","coordinates":[-90.4865,28.9145]},"properties":{"name":null,"operator":"Talos Energy Offshore LLC"}},{"type":"Feature","geometry":{"type":"Point","coordinates":[-89.0722,29.4133]},"properties":{"name":null,"operator":"Chevron USA Inc."}},{"type":"Feature","geometry":{"type":"Point","coordinates":[-93.1662,29.3738]},"properties":{"name":null,"operator":"W & T Offshore, Inc."}},{"type":"Feature","geometry":{"type":"Point","coordinates":[-89.2628,28.9846]},"properties":{"name":"85(SL 1012)(W)","operator":"Whitney Oil & Gas, LLC"}},{"type":"Feature","geometry":{"type":"Point","coordinates":[-92.3731,29.4033]},"properties":{"name":null,"operator":"Talos Energy Offshore LLC"}},{"type":"Feature","geometry":{"type":"Point","coordinates":[-90.4742,28.8732]},"properties":{"name":null,"operator":"Chevron USA Inc."}},{"type":"Feature","geometry":{"type":"Point","coordinates":[-90.7236,28.9482]},"properties":{"name":null,"operator":"Fieldwood Energy LLC"}},{"type":"Feature","geometry":{"type":"Point","coordinates":[-94.4227,29.2382]},"properties":{"name":null,"operator":"Rooster Petroleum, LLC"}},{"type":"Feature","geometry":{"type":"Point","coordinates":[-96.3987,28.0898]},"properties":{"name":null,"operator":"Fieldwood Energy LLC"}},{"type":"Feature","geometry":{"type":"Point","coordinates":[-88.7575,29.6366]},"properties":{"name":null,"operator":"W & T Offshore, Inc."}},{"type":"Feature","geometry":{"type":"Point","coordinates":[-91.523,29.3127]},"properties":{"name":null,"operator":"Energy XXI Gulf of Mexico, LLC"}},{"type":"Feature","geometry":{"type":"Point","coordinates":[-88.9205,29.2978]},"properties":{"name":null,"operator":"Energy XXI Gulf of Mexico, LLC"}},{"type":"Feature","geometry":{"type":"Point","coordinates":[-91.9862,27.8755]},"properties":{"name":"ENCHILAD","operator":"Shell Offshore Inc."}},{"type":"Feature","geometry":{"type":"Point","coordinates":[-91.9926,28.2999]},"properties":{"name":null,"operator":"Energy Resource Technology Gulf of Mexico, Inc."}},{"type":"Feature","geometry":{"type":"Point","coordinates":[-92.0488,29.4735]},"properties":{"name":null,"operator":"Chevron USA Inc."}},{"type":"Feature","geometry":{"type":"Point","coordinates":[-91.3145,28.457]},"properties":{"name":null,"operator":"Energy Resource Technology Gulf of Mexico, Inc."}},{"type":"Feature","geometry":{"type":"Point","coordinates":[-88.9367,29.055]},"properties":{"name":null,"operator":"Fieldwood Energy Offshore LLC"}},{"type":"Feature","geometry":{"type":"Point","coordinates":[-88.7439,29.0797]},"properties":{"name":null,"operator":"Fieldwood Energy LLC"}},{"type":"Feature","geometry":{"type":"Point","coordinates":[-90.7751,28.9482]},"properties":{"name":null,"operator":"Fieldwood Energy LLC"}},{"type":"Feature","geometry":{"type":"Point","coordinates":[-91.2191,28.983]},"properties":{"name":null,"operator":"Mcmoran Oil & Gas LLC"}},{"type":"Feature","geometry":{"type":"Point","coordinates":[-90.2277,28.1617]},"properties":{"name":"TARANTUL","operator":"Fieldwood Energy LLC"}},{"type":"Feature","geometry":{"type":"Point","coordinates":[-89.2543,28.9786]},"properties":{"name":null,"operator":"Whitney Oil & Gas, LLC"}},{"type":"Feature","geometry":{"type":"Point","coordinates":[-91.9879,27.8406]},"properties":{"name":"SALS","operator":"Shell Offshore Inc."}},{"type":"Feature","geometry":{"type":"Point","coordinates":[-90.9609,28.9545]},"properties":{"name":null,"operator":"Petroquest Energy, LLC"}},{"type":"Feature","geometry":{"type":"Point","coordinates":[-88.6031,29.1718]},"properties":{"name":null,"operator":"Fieldwood Energy LLC;Apache Corporation"}},{"type":"Feature","geometry":{"type":"Point","coordinates":[-91.7177,29.3004]},"properties":{"name":null,"operator":"Rooster Petroleum, LLC"}},{"type":"Feature","geometry":{"type":"Point","coordinates":[-92.902,29.6059]},"properties":{"name":null,"operator":"Fieldwood Energy LLC"}},{"type":"Feature","geometry":{"type":"Point","coordinates":[-91.9925,29.4092]},"properties":{"name":"B (HEADER PLTF.","operator":"Chevron USA Inc."}},{"type":"Feature","geometry":{"type":"Point","coordinates":[-93.5111,29.4861]},"properties":{"name":null,"operator":"ENI US Operating Co. Inc."}},{"type":"Feature","geometry":{"type":"Point","coordinates":[-91.7357,28.8189]},"properties":{"name":null,"operator":"Fieldwood Energy LLC"}},{"type":"Feature","geometry":{"type":"Point","coordinates":[-93.5524,29.3596]},"properties":{"name":null,"operator":"Apache Corporation"}},{"type":"Feature","geometry":{"type":"Point","coordinates":[-90.2331,28.6274]},"properties":{"name":null,"operator":"Arena Offshore, Lp"}},{"type":"Feature","geometry":{"type":"Point","coordinates":[-90.4823,28.8589]},"properties":{"name":null,"operator":"Chevron USA Inc."}},{"type":"Feature","geometry":{"type":"Point","coordinates":[-94.6959,28.8174]},"properties":{"name":null,"operator":"Black Elk Energy Offshore Operations, LLC"}},{"type":"Feature","geometry":{"type":"Point","coordinates":[-92.2154,28.0575]},"properties":{"name":null,"operator":"Ankor Energy LLC"}},{"type":"Feature","geometry":{"type":"Point","coordinates":[-91.8768,29.3248]},"properties":{"name":null,"operator":"EPL Oil & Gas, Inc."}},{"type":"Feature","geometry":{"type":"Point","coordinates":[-90.4913,28.8672]},"properties":{"name":null,"operator":"Chevron USA Inc."}},{"type":"Feature","geometry":{"type":"Point","coordinates":[-88.8051,29.7068]},"properties":{"name":null,"operator":"Fairways Offshore Exploration, Inc."}},{"type":"Feature","geometry":{"type":"Point","coordinates":[-90.22,28.2203]},"properties":{"name":null,"operator":"Discovery Gas Transmission LLC"}},{"type":"Feature","geometry":{"type":"Point","coordinates":[-89.5525,29.1786]},"properties":{"name":null,"operator":"Mcmoran Oil & Gas LLC"}},{"type":"Feature","geometry":{"type":"Point","coordinates":[-89.9695,28.666]},"properties":{"name":null,"operator":"Talos Energy Offshore LLC"}},{"type":"Feature","geometry":{"type":"Point","coordinates":[-89.2294,28.9664]},"properties":{"name":null,"operator":"Whitney Oil & Gas, LLC"}},{"type":"Feature","geometry":{"type":"Point","coordinates":[-90.5333,28.9412]},"properties":{"name":null,"operator":"Walter Oil & Gas Corporation"}},{"type":"Feature","geometry":{"type":"Point","coordinates":[-89.0513,29.3921]},"properties":{"name":null,"operator":"Chevron USA Inc."}},{"type":"Feature","geometry":{"type":"Point","coordinates":[-90.6591,28.9684]},"properties":{"name":null,"operator":"Fieldwood Energy LLC"}},{"type":"Feature","geometry":{"type":"Point","coordinates":[-90.7444,28.9457]},"properties":{"name":null,"operator":"Fieldwood Energy LLC"}},{"type":"Feature","geometry":{"type":"Point","coordinates":[-90.1376,29.0218]},"properties":{"name":null,"operator":"Chevron USA Inc."}},{"type":"Feature","geometry":{"type":"Point","coordinates":[-93.637,29.3832]},"properties":{"name":null,"operator":"Fieldwood Energy LLC"}},{"type":"Feature","geometry":{"type":"Point","coordinates":[-90.2098,28.8024]},"properties":{"name":null,"operator":"Energy Resource Technology Gulf of Mexico, Inc."}},{"type":"Feature","geometry":{"type":"Point","coordinates":[-91.003,28.6006]},"properties":{"name":null,"operator":"Chevron USA Inc."}},{"type":"Feature","geometry":{"type":"Point","coordinates":[-90.9742,28.9401]},"properties":{"name":null,"operator":"Petroquest Energy, LLC"}},{"type":"Feature","geometry":{"type":"Point","coordinates":[-88.7046,29.0848]},"properties":{"name":null,"operator":"Chevron USA Inc."}},{"type":"Feature","geometry":{"type":"Point","coordinates":[-92.8959,29.5917]},"properties":{"name":null,"operator":"Fieldwood Energy LLC"}},{"type":"Feature","geometry":{"type":"Point","coordinates":[-91.9869,29.3321]},"properties":{"name":null,"operator":"Chevron USA Inc."}},{"type":"Feature","geometry":{"type":"Point","coordinates":[-89.2502,28.9749]},"properties":{"name":null,"operator":"Whitney Oil & Gas, LLC"}},{"type":"Feature","geometry":{"type":"Point","coordinates":[-88.4877,29.6369]},"properties":{"name":null,"operator":"Tana Exploration Co. LLC"}},{"type":"Feature","geometry":{"type":"Point","coordinates":[-90.8732,28.576]},"properties":{"name":null,"operator":"Fieldwood Energy LLC"}},{"type":"Feature","geometry":{"type":"Point","coordinates":[-93.4318,29.5603]},"properties":{"name":null,"operator":"BHP Billiton Petroleum (americas) Inc."}},{"type":"Feature","geometry":{"type":"Point","coordinates":[-89.6084,29.141]},"properties":{"name":null,"operator":"EPL Oil & Gas, Inc."}},{"type":"Feature","geometry":{"type":"Point","coordinates":[-89.6417,29.0064]},"properties":{"name":null,"operator":"Tana Exploration Co. LLC"}},{"type":"Feature","geometry":{"type":"Point","coordinates":[-90.5349,28.3814]},"properties":{"name":null,"operator":"Walter Oil & Gas Corporation"}},{"type":"Feature","geometry":{"type":"Point","coordinates":[-95.5653,28.2566]},"properties":{"name":null,"operator":"ATP Oil & Gas Corporation"}},{"type":"Feature","geometry":{"type":"Point","coordinates":[-93.671,27.9622]},"properties":{"name":null,"operator":"Fieldwood Energy LLC"}},{"type":"Feature","geometry":{"type":"Point","coordinates":[-88.7199,29.5059]},"properties":{"name":null,"operator":"Fieldwood Energy Offshore LLC"}},{"type":"Feature","geometry":{"type":"Point","coordinates":[-93.7294,29.6862]},"properties":{"name":null,"operator":"Chevron USA Inc."}},{"type":"Feature","geometry":{"type":"Point","coordinates":[-93.4316,27.8083]},"properties":{"name":null,"operator":"ATP Oil & Gas Corporation"}},{"type":"Feature","geometry":{"type":"Point","coordinates":[-87.781,29.2292]},"properties":{"name":"PETRONIUS CT","operator":"Chevron USA Inc."}},{"type":"Feature","geometry":{"type":"Point","coordinates":[-90.2032,28.4958]},"properties":{"name":null,"operator":"Black Elk Energy Offshore Operations, LLC"}},{"type":"Feature","geometry":{"type":"Point","coordinates":[-88.3833,29.72]},"properties":{"name":null,"operator":"Fieldwood Energy LLC"}},{"type":"Feature","geometry":{"type":"Point","coordinates":[-89.5313,29.0204]},"properties":{"name":null,"operator":"Palm Energy Offshore, LLC"}},{"type":"Feature","geometry":{"type":"Point","coordinates":[-90.8377,28.9758]},"properties":{"name":null,"operator":"Mcmoran Oil & Gas LLC"}},{"type":"Feature","geometry":{"type":"Point","coordinates":[-88.9824,29.4098]},"properties":{"name":null,"operator":"Chevron USA Inc."}},{"type":"Feature","geometry":{"type":"Point","coordinates":[-89.5438,29.0129]},"properties":{"name":null,"operator":"Tana Exploration Co. LLC"}},{"type":"Feature","geometry":{"type":"Point","coordinates":[-90.0127,28.9917]},"properties":{"name":null,"operator":"GOM Shelf LLC"}},{"type":"Feature","geometry":{"type":"Point","coordinates":[-92.0617,29.4418]},"properties":{"name":null,"operator":"Chevron USA Inc."}},{"type":"Feature","geometry":{"type":"Point","coordinates":[-90.7405,28.1803]},"properties":{"name":null,"operator":"Mcmoran Oil & Gas LLC"}},{"type":"Feature","geometry":{"type":"Point","coordinates":[-94.209,28.2554]},"properties":{"name":null,"operator":"Mcmoran Oil & Gas LLC"}},{"type":"Feature","geometry":{"type":"Point","coordinates":[-93.1511,29.6171]},"properties":{"name":null,"operator":"Fieldwood Energy LLC"}},{"type":"Feature","geometry":{"type":"Point","coordinates":[-94.1025,28.0066]},"properties":{"name":null,"operator":"Fieldwood Energy Offshore LLC"}},{"type":"Feature","geometry":{"type":"Point","coordinates":[-89.6011,28.8516]},"properties":{"name":null,"operator":"Fieldwood Energy LLC"}},{"type":"Feature","geometry":{"type":"Point","coordinates":[-91.8927,29.3265]},"properties":{"name":"CAIS.#216","operator":"EPL Oil & Gas, Inc."}},{"type":"Feature","geometry":{"type":"Point","coordinates":[-90.1615,28.9856]},"properties":{"name":null,"operator":"Energy XXI Gulf of Mexico, LLC"}},{"type":"Feature","geometry":{"type":"Point","coordinates":[-91.7172,28.1553]},"properties":{"name":null,"operator":"Fieldwood Energy LLC"}},{"type":"Feature","geometry":{"type":"Point","coordinates":[-91.1226,28.8566]},"properties":{"name":null,"operator":"Energy XXI Gulf of Mexico, LLC"}},{"type":"Feature","geometry":{"type":"Point","coordinates":[-89.1008,28.0339]},"properties":{"name":"MIRAGE/TITAN","operator":"Bennu Oil & Gas, LLC"}},{"type":"Feature","geometry":{"type":"Point","coordinates":[-89.0765,28.8787]},"properties":{"name":null,"operator":"Energy XXI Gulf of Mexico, LLC"}},{"type":"Feature","geometry":{"type":"Point","coordinates":[-91.8808,29.3259]},"properties":{"name":null,"operator":"EPL Oil & Gas, Inc."}},{"type":"Feature","geometry":{"type":"Point","coordinates":[-89.596,29.138]},"properties":{"name":null,"operator":"EPL Oil & Gas, Inc."}},{"type":"Feature","geometry":{"type":"Point","coordinates":[-91.8861,28.5779]},"properties":{"name":"LYNX","operator":"Energy XXI Gulf of Mexico, LLC"}},{"type":"Feature","geometry":{"type":"Point","coordinates":[-90.0733,29.0061]},"properties":{"name":null,"operator":"GOM Shelf LLC"}},{"type":"Feature","geometry":{"type":"Point","coordinates":[-90.2427,28.992]},"properties":{"name":null,"operator":"Energy XXI Gulf of Mexico, LLC"}},{"type":"Feature","geometry":{"type":"Point","coordinates":[-95.8878,28.3906]},"properties":{"name":null,"operator":"Fieldwood Energy LLC"}},{"type":"Feature","geometry":{"type":"Point","coordinates":[-90.7241,28.9479]},"properties":{"name":null,"operator":"Fieldwood Energy LLC"}},{"type":"Feature","geometry":{"type":"Point","coordinates":[-89.752,28.9568]},"properties":{"name":"B (NEWFIELD)","operator":"W & T Offshore, Inc."}},{"type":"Feature","geometry":{"type":"Point","coordinates":[-91.209,28.3113]},"properties":{"name":null,"operator":"Fieldwood Energy LLC"}},{"type":"Feature","geometry":{"type":"Point","coordinates":[-92.9175,29.365]},"properties":{"name":null,"operator":"Apache Corporation"}},{"type":"Feature","geometry":{"type":"Point","coordinates":[-93.3616,28.0714]},"properties":{"name":null,"operator":"W & T Offshore, Inc."}},{"type":"Feature","geometry":{"type":"Point","coordinates":[-93.962,29.3036]},"properties":{"name":null,"operator":"Fieldwood Energy LLC"}},{"type":"Feature","geometry":{"type":"Point","coordinates":[-96.5667,28.0733]},"properties":{"name":null,"operator":"Matagorda Island Gas Operations,llc"}},{"type":"Feature","geometry":{"type":"Point","coordinates":[-92.075,29.4469]},"properties":{"name":null,"operator":"Chevron USA Inc."}},{"type":"Feature","geometry":{"type":"Point","coordinates":[-89.7524,29.1617]},"properties":{"name":null,"operator":"Fieldwood Energy LLC"}},{"type":"Feature","geometry":{"type":"Point","coordinates":[-93.1781,29.399]},"properties":{"name":null,"operator":"Black Elk Energy Offshore Operations, LLC"}},{"type":"Feature","geometry":{"type":"Point","coordinates":[-91.465,28.987]},"properties":{"name":null,"operator":"Fieldwood Energy LLC"}},{"type":"Feature","geometry":{"type":"Point","coordinates":[-89.6939,29.1187]},"properties":{"name":null,"operator":"Energy XXI Gulf of Mexico, LLC"}},{"type":"Feature","geometry":{"type":"Point","coordinates":[-90.8306,28.8926]},"properties":{"name":null,"operator":"Stone Energy Corporation"}},{"type":"Feature","geometry":{"type":"Point","coordinates":[-93.2842,29.5193]},"properties":{"name":null,"operator":"Fieldwood Energy LLC"}},{"type":"Feature","geometry":{"type":"Point","coordinates":[-91.9096,28.4307]},"properties":{"name":null,"operator":"Fieldwood Energy Offshore LLC"}},{"type":"Feature","geometry":{"type":"Point","coordinates":[-91.2801,29.0689]},"properties":{"name":null,"operator":"W & T Offshore, Inc."}},{"type":"Feature","geometry":{"type":"Point","coordinates":[-91.6667,28.1964]},"properties":{"name":null,"operator":"Arena Offshore, Lp"}},{"type":"Feature","geometry":{"type":"Point","coordinates":[-91.8907,29.3382]},"properties":{"name":"129/130","operator":"EPL Oil & Gas, Inc."}},{"type":"Feature","geometry":{"type":"Point","coordinates":[-92.52,29.4519]},"properties":{"name":null,"operator":"EPL Oil & Gas, Inc."}},{"type":"Feature","geometry":{"type":"Point","coordinates":[-90.5174,28.9968]},"properties":{"name":null,"operator":"Talos Energy Offshore LLC"}},{"type":"Feature","geometry":{"type":"Point","coordinates":[-93.0253,29.3059]},"properties":{"name":null,"operator":"Kinetica Partners, LLC"}},{"type":"Feature","geometry":{"type":"Point","coordinates":[-90.1282,29.05]},"properties":{"name":null,"operator":"Chevron USA Inc."}},{"type":"Feature","geometry":{"type":"Point","coordinates":[-90.3906,28.8623]},"properties":{"name":null,"operator":"Energy XXI Gulf of Mexico, LLC"}},{"type":"Feature","geometry":{"type":"Point","coordinates":[-90.7741,28.9189]},"properties":{"name":null,"operator":"Fieldwood Energy LLC"}},{"type":"Feature","geometry":{"type":"Point","coordinates":[-91.712,29.1002]},"properties":{"name":null,"operator":"W & T Offshore, Inc."}},{"type":"Feature","geometry":{"type":"Point","coordinates":[-89.7981,28.9707]},"properties":{"name":null,"operator":"GOM Shelf LLC"}},{"type":"Feature","geometry":{"type":"Point","coordinates":[-88.1853,30.1638]},"properties":{"name":null,"operator":"Mobil Oil Exploration & Producing Southeast Inc."}},{"type":"Feature","geometry":{"type":"Point","coordinates":[-92.4434,27.5462]},"properties":{"name":"AUGER TLP","operator":"Shell Offshore Inc."}},{"type":"Feature","geometry":{"type":"Point","coordinates":[-90.9061,28.8081]},"properties":{"name":null,"operator":"Stone Energy Corporation"}},{"type":"Feature","geometry":{"type":"Point","coordinates":[-91.5345,29.3068]},"properties":{"name":null,"operator":"Energy XXI Gulf of Mexico, LLC"}},{"type":"Feature","geometry":{"type":"Point","coordinates":[-89.9445,29.0038]},"properties":{"name":null,"operator":"GOM Shelf LLC"}},{"type":"Feature","geometry":{"type":"Point","coordinates":[-91.3961,29.2479]},"properties":{"name":null,"operator":"Arena Offshore, Lp"}},{"type":"Feature","geometry":{"type":"Point","coordinates":[-91.9908,29.3277]},"properties":{"name":null,"operator":"Chevron USA Inc."}},{"type":"Feature","geometry":{"type":"Point","coordinates":[-89.242,28.9711]},"properties":{"name":null,"operator":"Whitney Oil & Gas, LLC"}},{"type":"Feature","geometry":{"type":"Point","coordinates":[-91.321,28.9462]},"properties":{"name":null,"operator":"Fieldwood Energy Offshore LLC"}},{"type":"Feature","geometry":{"type":"Point","coordinates":[-91.4153,28.4777]},"properties":{"name":null,"operator":"Energy XXI Gulf of Mexico, LLC"}},{"type":"Feature","geometry":{"type":"Point","coordinates":[-92.7468,28.9393]},"properties":{"name":null,"operator":"Black Elk Energy Offshore Operations, LLC"}},{"type":"Feature","geometry":{"type":"Point","coordinates":[-92.6857,28.1742]},"properties":{"name":null,"operator":"Arena Offshore, Lp"}},{"type":"Feature","geometry":{"type":"Point","coordinates":[-92.5924,28.5338]},"properties":{"name":null,"operator":"Fieldwood Energy LLC"}},{"type":"Feature","geometry":{"type":"Point","coordinates":[-89.7617,28.9379]},"properties":{"name":null,"operator":"Energy XXI Gulf of Mexico, LLC"}},{"type":"Feature","geometry":{"type":"Point","coordinates":[-90.3587,28.1635]},"properties":{"name":null,"operator":"Fieldwood Energy LLC"}},{"type":"Feature","geometry":{"type":"Point","coordinates":[-90.7118,28.9305]},"properties":{"name":null,"operator":"Fieldwood Energy LLC"}},{"type":"Feature","geometry":{"type":"Point","coordinates":[-93.9992,29.1356]},"properties":{"name":null,"operator":"Manta Ray Gathering Co., LLC"}},{"type":"Feature","geometry":{"type":"Point","coordinates":[-92.0118,29.3269]},"properties":{"name":null,"operator":"Chevron USA Inc."}},{"type":"Feature","geometry":{"type":"Point","coordinates":[-92.0436,29.458]},"properties":{"name":null,"operator":"Chevron USA Inc."}},{"type":"Feature","geometry":{"type":"Point","coordinates":[-91.4579,28.9877]},"properties":{"name":null,"operator":"Fieldwood Energy LLC"}},{"type":"Feature","geometry":{"type":"Point","coordinates":[-93.1785,29.2436]},"properties":{"name":null,"operator":"Energy Resource Technology Gulf of Mexico, Inc."}},{"type":"Feature","geometry":{"type":"Point","coordinates":[-89.059,29.2987]},"properties":{"name":null,"operator":"Medco Energi Us LLC"}},{"type":"Feature","geometry":{"type":"Point","coordinates":[-91.645,28.5219]},"properties":{"name":null,"operator":"Tennessee Gas Pipeline Co."}},{"type":"Feature","geometry":{"type":"Point","coordinates":[-89.2647,28.9799]},"properties":{"name":null,"operator":"Whitney Oil & Gas, LLC"}},{"type":"Feature","geometry":{"type":"Point","coordinates":[-90.2022,28.1013]},"properties":{"name":"LOBSTER","operator":"Enven Energy Ventures, LLC"}},{"type":"Feature","geometry":{"type":"Point","coordinates":[-91.7029,29.0753]},"properties":{"name":null,"operator":"W & T Offshore, Inc."}},{"type":"Feature","geometry":{"type":"Point","coordinates":[-90.9681,27.2925]},"properties":{"name":"CONSTITUTION","operator":"Anadarko Petroleum Corporation"}},{"type":"Feature","geometry":{"type":"Point","coordinates":[-93.1948,28.4527]},"properties":{"name":null,"operator":"Enven Energy Ventures, LLC"}},{"type":"Feature","geometry":{"type":"Point","coordinates":[-94.3399,29.2665]},"properties":{"name":null,"operator":"Black Elk Energy Offshore Operations, LLC"}},{"type":"Feature","geometry":{"type":"Point","coordinates":[-96.3816,28.1027]},"properties":{"name":null,"operator":"Fieldwood Energy LLC"}},{"type":"Feature","geometry":{"type":"Point","coordinates":[-91.873,27.8765]},"properties":{"name":"CINNAMON","operator":"Apache Corporation"}},{"type":"Feature","geometry":{"type":"Point","coordinates":[-89.0515,29.3074]},"properties":{"name":null,"operator":"Medco Energi Us LLC"}},{"type":"Feature","geometry":{"type":"Point","coordinates":[-91.1024,28.5073]},"properties":{"name":null,"operator":"Renaissance Offshore, LLC"}},{"type":"Feature","geometry":{"type":"Point","coordinates":[-88.7522,29.7605]},"properties":{"name":null,"operator":"Forest Oil Corporation"}},{"type":"Feature","geometry":{"type":"Point","coordinates":[-91.769,28.5729]},"properties":{"name":null,"operator":"Fieldwood Energy LLC"}},{"type":"Feature","geometry":{"type":"Point","coordinates":[-91.8485,28.2486]},"properties":{"name":null,"operator":"Fieldwood Energy LLC"}},{"type":"Feature","geometry":{"type":"Point","coordinates":[-93.4255,28.8849]},"properties":{"name":null,"operator":"Century Exploration New Orleans, LLC"}},{"type":"Feature","geometry":{"type":"Point","coordinates":[-88.6608,29.2577]},"properties":{"name":null,"operator":"GOM Shelf LLC"}},{"type":"Feature","geometry":{"type":"Point","coordinates":[-90.4203,28.2144]},"properties":{"name":null,"operator":"Manta Ray Offshore Gathering Co., LLC"}},{"type":"Feature","geometry":{"type":"Point","coordinates":[-92.3156,28.7044]},"properties":{"name":null,"operator":"Mcmoran Oil & Gas LLC"}},{"type":"Feature","geometry":{"type":"Point","coordinates":[-90.2156,28.4837]},"properties":{"name":null,"operator":"EPL Oil & Gas, Inc."}},{"type":"Feature","geometry":{"type":"Point","coordinates":[-87.8641,30.0442]},"properties":{"name":null,"operator":"Union Oil Co. Of California"}},{"type":"Feature","geometry":{"type":"Point","coordinates":[-89.9241,27.3704]},"properties":{"name":"NEPTUNE TLP","operator":"BHP Billiton Petroleum (gom) Inc."}},{"type":"Feature","geometry":{"type":"Point","coordinates":[-91.4466,29.0622]},"properties":{"name":null,"operator":"Arena Offshore, Lp"}},{"type":"Feature","geometry":{"type":"Point","coordinates":[-92.5501,29.4696]},"properties":{"name":null,"operator":"Probe Resources Us Ltd."}},{"type":"Feature","geometry":{"type":"Point","coordinates":[-96.5595,27.9575]},"properties":{"name":null,"operator":"GOM Shelf LLC"}},{"type":"Feature","geometry":{"type":"Point","coordinates":[-94.0193,29.5109]},"properties":{"name":null,"operator":"W & T Offshore, Inc."}},{"type":"Feature","geometry":{"type":"Point","coordinates":[-90.9083,28.8286]},"properties":{"name":null,"operator":"Stone Energy Corporation"}},{"type":"Feature","geometry":{"type":"Point","coordinates":[-90.3801,28.5099]},"properties":{"name":null,"operator":"Arena Offshore, Lp"}},{"type":"Feature","geometry":{"type":"Point","coordinates":[-90.6723,28.0883]},"properties":{"name":null,"operator":"Renaissance Offshore, LLC"}},{"type":"Feature","geometry":{"type":"Point","coordinates":[-92.0248,29.3677]},"properties":{"name":null,"operator":"Chevron USA Inc."}},{"type":"Feature","geometry":{"type":"Point","coordinates":[-89.7066,28.9471]},"properties":{"name":null,"operator":"Energy XXI Gulf of Mexico, LLC"}},{"type":"Feature","geometry":{"type":"Point","coordinates":[-90.2992,28.4954]},"properties":{"name":null,"operator":"Energy XXI Gulf of Mexico, LLC"}},{"type":"Feature","geometry":{"type":"Point","coordinates":[-90.4168,28.8337]},"properties":{"name":null,"operator":"Energy XXI Gulf of Mexico, LLC"}},{"type":"Feature","geometry":{"type":"Point","coordinates":[-91.9891,28.31]},"properties":{"name":null,"operator":"Energy Resource Technology Gulf of Mexico, Inc."}},{"type":"Feature","geometry":{"type":"Point","coordinates":[-90.1467,29.0096]},"properties":{"name":null,"operator":"Chevron USA Inc."}},{"type":"Feature","geometry":{"type":"Point","coordinates":[-88.5518,30.0016]},"properties":{"name":null,"operator":"Chevron USA Inc."}},{"type":"Feature","geometry":{"type":"Point","coordinates":[-91.6112,28.6398]},"properties":{"name":null,"operator":"Arena Offshore, Lp"}},{"type":"Feature","geometry":{"type":"Point","coordinates":[-90.259,29.0138]},"properties":{"name":null,"operator":"Energy XXI Gulf of Mexico, LLC"}},{"type":"Feature","geometry":{"type":"Point","coordinates":[-89.6308,29.0037]},"properties":{"name":null,"operator":"Tana Exploration Co. LLC"}},{"type":"Feature","geometry":{"type":"Point","coordinates":[-92.9641,27.9389]},"properties":{"name":null,"operator":"Energy Resource Technology Gulf of Mexico, Inc."}},{"type":"Feature","geometry":{"type":"Point","coordinates":[-92.227,28.921]},"properties":{"name":null,"operator":"Contango Operators, Inc."}},{"type":"Feature","geometry":{"type":"Point","coordinates":[-91.8153,29.2878]},"properties":{"name":null,"operator":"Castex Offshore, Inc."}},{"type":"Feature","geometry":{"type":"Point","coordinates":[-90.8449,28.8173]},"properties":{"name":null,"operator":"Stone Energy Corporation"}},{"type":"Feature","geometry":{"type":"Point","coordinates":[-88.5271,29.334]},"properties":{"name":null,"operator":"ENI US Operating Co. Inc."}},{"type":"Feature","geometry":{"type":"Point","coordinates":[-90.902,28.5211]},"properties":{"name":null,"operator":"Energy XXI Gulf of Mexico, LLC"}},{"type":"Feature","geometry":{"type":"Point","coordinates":[-93.8317,27.9561]},"properties":{"name":null,"operator":"W & T Offshore, Inc."}},{"type":"Feature","geometry":{"type":"Point","coordinates":[-91.7303,28.8327]},"properties":{"name":null,"operator":"Fieldwood Energy LLC"}},{"type":"Feature","geometry":{"type":"Point","coordinates":[-93.2919,29.5025]},"properties":{"name":null,"operator":"Fieldwood Energy LLC"}},{"type":"Feature","geometry":{"type":"Point","coordinates":[-90.5729,28.5796]},"properties":{"name":null,"operator":"Stone Energy Corporation"}},{"type":"Feature","geometry":{"type":"Point","coordinates":[-89.0552,29.302]},"properties":{"name":null,"operator":"Medco Energi Us LLC"}},{"type":"Feature","geometry":{"type":"Point","coordinates":[-95.9658,27.8825]},"properties":{"name":null,"operator":"Fieldwood Energy LLC"}},{"type":"Feature","geometry":{"type":"Point","coordinates":[-88.1795,29.2857]},"properties":{"name":null,"operator":"Enven Energy Ventures, LLC"}},{"type":"Feature","geometry":{"type":"Point","coordinates":[-91.8775,29.3006]},"properties":{"name":null,"operator":"EPL Oil & Gas, Inc."}},{"type":"Feature","geometry":{"type":"Point","coordinates":[-91.5296,29.3008]},"properties":{"name":null,"operator":"Energy XXI Gulf of Mexico, LLC"}},{"type":"Feature","geometry":{"type":"Point","coordinates":[-92.3401,28.7754]},"properties":{"name":null,"operator":"Energy Resource Technology Gulf of Mexico, Inc."}},{"type":"Feature","geometry":{"type":"Point","coordinates":[-91.8746,28.991]},"properties":{"name":null,"operator":"Chevron USA Inc."}},{"type":"Feature","geometry":{"type":"Point","coordinates":[-92.5304,28.229]},"properties":{"name":null,"operator":"Arena Offshore, Lp"}},{"type":"Feature","geometry":{"type":"Point","coordinates":[-90.7934,28.1046]},"properties":{"name":null,"operator":"Manta Ray Gathering Co., LLC"}},{"type":"Feature","geometry":{"type":"Point","coordinates":[-90.9807,28.5369]},"properties":{"name":null,"operator":"Fieldwood Energy LLC"}},{"type":"Feature","geometry":{"type":"Point","coordinates":[-92.7245,28.9488]},"properties":{"name":null,"operator":"EPL Oil & Gas, Inc."}},{"type":"Feature","geometry":{"type":"Point","coordinates":[-91.6144,29.208]},"properties":{"name":null,"operator":"Chevron USA Inc."}},{"type":"Feature","geometry":{"type":"Point","coordinates":[-96.5767,28.0342]},"properties":{"name":null,"operator":"Matagorda Island Gas Operations,llc"}},{"type":"Feature","geometry":{"type":"Point","coordinates":[-92.8237,28.1177]},"properties":{"name":null,"operator":"W & T Offshore, Inc."}},{"type":"Feature","geometry":{"type":"Point","coordinates":[-91.6572,28.1159]},"properties":{"name":null,"operator":"Chevron USA Inc."}},{"type":"Feature","geometry":{"type":"Point","coordinates":[-90.8378,28.9727]},"properties":{"name":null,"operator":"Mcmoran Oil & Gas LLC"}},{"type":"Feature","geometry":{"type":"Point","coordinates":[-89.8419,29.0145]},"properties":{"name":null,"operator":"GOM Shelf LLC"}},{"type":"Feature","geometry":{"type":"Point","coordinates":[-92.4538,29.2829]},"properties":{"name":null,"operator":"Fieldwood Energy LLC"}},{"type":"Feature","geometry":{"type":"Point","coordinates":[-91.0737,28.3759]},"properties":{"name":null,"operator":"Fieldwood Energy Offshore LLC"}},{"type":"Feature","geometry":{"type":"Point","coordinates":[-93.5692,29.6527]},"properties":{"name":null,"operator":"Northstar Offshore Group, LLC"}},{"type":"Feature","geometry":{"type":"Point","coordinates":[-87.9772,30.1961]},"properties":{"name":null,"operator":"Exxon Mobil Corporation"}},{"type":"Feature","geometry":{"type":"Point","coordinates":[-92.4958,29.4401]},"properties":{"name":null,"operator":"EPL Oil & Gas, Inc."}},{"type":"Feature","geometry":{"type":"Point","coordinates":[-90.8008,28.817]},"properties":{"name":null,"operator":"Stone Energy Corporation"}},{"type":"Feature","geometry":{"type":"Point","coordinates":[-91.4673,28.9881]},"properties":{"name":null,"operator":"Fieldwood Energy LLC"}},{"type":"Feature","geometry":{"type":"Point","coordinates":[-89.2783,28.8658]},"properties":{"name":null,"operator":"Tennessee Gas Pipeline Co."}},{"type":"Feature","geometry":{"type":"Point","coordinates":[-93.6056,29.2513]},"properties":{"name":null,"operator":"Fieldwood Energy Offshore LLC"}},{"type":"Feature","geometry":{"type":"Point","coordinates":[-91.3991,28.4866]},"properties":{"name":null,"operator":"Energy XXI Gulf of Mexico, LLC"}},{"type":"Feature","geometry":{"type":"Point","coordinates":[-91.177,29.121]},"properties":{"name":null,"operator":"W & T Offshore, Inc."}},{"type":"Feature","geometry":{"type":"Point","coordinates":[-93.4152,28.7568]},"properties":{"name":null,"operator":"Petroquest Energy, LLC"}},{"type":"Feature","geometry":{"type":"Point","coordinates":[-91.8514,28.9622]},"properties":{"name":null,"operator":"Northstar Offshore Group, LLC"}},{"type":"Feature","geometry":{"type":"Point","coordinates":[-89.4082,28.6632]},"properties":{"name":null,"operator":"Energy XXI Gulf of Mexico, LLC"}},{"type":"Feature","geometry":{"type":"Point","coordinates":[-89.9786,29.1017]},"properties":{"name":null,"operator":"Energy XXI Gulf of Mexico, LLC"}},{"type":"Feature","geometry":{"type":"Point","coordinates":[-92.9895,28.1616]},"properties":{"name":null,"operator":"Energy XXI Gulf of Mexico, LLC"}},{"type":"Feature","geometry":{"type":"Point","coordinates":[-90.3082,28.4301]},"properties":{"name":null,"operator":"Fieldwood Energy LLC"}},{"type":"Feature","geometry":{"type":"Point","coordinates":[-93.5139,29.4827]},"properties":{"name":null,"operator":"ENI US Operating Co. Inc."}},{"type":"Feature","geometry":{"type":"Point","coordinates":[-90.2423,28.6183]},"properties":{"name":null,"operator":"Arena Offshore, Lp"}},{"type":"Feature","geometry":{"type":"Point","coordinates":[-91.9596,28.5727]},"properties":{"name":null,"operator":"Garden Banks Gas Pipeline, LLC"}},{"type":"Feature","geometry":{"type":"Point","coordinates":[-93.3712,28.2588]},"properties":{"name":null,"operator":"Peregrine Oil & Gas Ii, LLC"}},{"type":"Feature","geometry":{"type":"Point","coordinates":[-92.8142,29.2293]},"properties":{"name":null,"operator":"Stone Energy Corporation"}},{"type":"Feature","geometry":{"type":"Point","coordinates":[-92.0697,28.8854]},"properties":{"name":null,"operator":"Ankor Energy LLC"}},{"type":"Feature","geometry":{"type":"Point","coordinates":[-91.8909,29.3016]},"properties":{"name":null,"operator":"EPL Oil & Gas, Inc."}},{"type":"Feature","geometry":{"type":"Point","coordinates":[-89.0353,29.401]},"properties":{"name":null,"operator":"Chevron USA Inc."}},{"type":"Feature","geometry":{"type":"Point","coordinates":[-93.0054,28.4329]},"properties":{"name":null,"operator":"Stingray Pipeline Co., LLC"}},{"type":"Feature","geometry":{"type":"Point","coordinates":[-88.6486,29.4192]},"properties":{"name":null,"operator":"Arena Offshore, Lp"}},{"type":"Feature","geometry":{"type":"Point","coordinates":[-91.7056,29.0852]},"properties":{"name":null,"operator":"W & T Offshore, Inc."}},{"type":"Feature","geometry":{"type":"Point","coordinates":[-93.7014,29.3177]},"properties":{"name":null,"operator":"Fieldwood Energy LLC"}},{"type":"Feature","geometry":{"type":"Point","coordinates":[-93.3314,29.26]},"properties":{"name":null,"operator":"Forest Oil Corporation"}},{"type":"Feature","geometry":{"type":"Point","coordinates":[-93.7926,29.245]},"properties":{"name":null,"operator":"Fieldwood Energy LLC"}},{"type":"Feature","geometry":{"type":"Point","coordinates":[-96.4528,27.9935]},"properties":{"name":null,"operator":"Arena Offshore, Lp"}},{"type":"Feature","geometry":{"type":"Point","coordinates":[-88.0097,30.135]},"properties":{"name":null,"operator":"Ankor Energy LLC"}},{"type":"Feature","geometry":{"type":"Point","coordinates":[-92.3314,28.7181]},"properties":{"name":null,"operator":"Mcmoran Oil & Gas LLC"}},{"type":"Feature","geometry":{"type":"Point","coordinates":[-92.528,27.9696]},"properties":{"name":null,"operator":"Renaissance Offshore, LLC"}},{"type":"Feature","geometry":{"type":"Point","coordinates":[-91.6983,29.0569]},"properties":{"name":null,"operator":"Fieldwood Energy LLC"}},{"type":"Feature","geometry":{"type":"Point","coordinates":[-91.2359,28.7082]},"properties":{"name":null,"operator":"Century Exploration New Orleans, LLC"}},{"type":"Feature","geometry":{"type":"Point","coordinates":[-88.8423,29.2958]},"properties":{"name":null,"operator":"Apache Corporation"}},{"type":"Feature","geometry":{"type":"Point","coordinates":[-92.193,29.4464]},"properties":{"name":null,"operator":"EPL Oil & Gas, Inc."}},{"type":"Feature","geometry":{"type":"Point","coordinates":[-91.667,28.1363]},"properties":{"name":null,"operator":"Chevron USA Inc."}},{"type":"Feature","geometry":{"type":"Point","coordinates":[-93.7475,29.6832]},"properties":{"name":null,"operator":"Chevron USA Inc."}},{"type":"Feature","geometry":{"type":"Point","coordinates":[-89.6721,29.1404]},"properties":{"name":null,"operator":"Energy XXI Gulf of Mexico, LLC"}},{"type":"Feature","geometry":{"type":"Point","coordinates":[-92.9794,28.5478]},"properties":{"name":null,"operator":"Texas Eastern Transmission, Lp"}},{"type":"Feature","geometry":{"type":"Point","coordinates":[-92.3765,29.3008]},"properties":{"name":null,"operator":"Cochon Properties, LLC"}},{"type":"Feature","geometry":{"type":"Point","coordinates":[-96.884,26.1567]},"properties":{"name":null,"operator":"Prime Offshore LLC"}},{"type":"Feature","geometry":{"type":"Point","coordinates":[-90.1298,29.065]},"properties":{"name":null,"operator":"Chevron USA Inc."}},{"type":"Feature","geometry":{"type":"Point","coordinates":[-94.097,28.3532]},"properties":{"name":null,"operator":"Bandon Oil And Gas, Lp"}},{"type":"Feature","geometry":{"type":"Point","coordinates":[-94.5462,29.1306]},"properties":{"name":null,"operator":"Exxon Mobil Corporation"}},{"type":"Feature","geometry":{"type":"Point","coordinates":[-90.7746,28.3804]},"properties":{"name":null,"operator":"Fieldwood Energy LLC"}},{"type":"Feature","geometry":{"type":"Point","coordinates":[-88.628,29.3984]},"properties":{"name":null,"operator":"Petro Ventures, Inc."}},{"type":"Feature","geometry":{"type":"Point","coordinates":[-88.8257,28.7425]},"properties":{"name":"MATTERHORN","operator":"W & T Energy Vi, LLC"}},{"type":"Feature","geometry":{"type":"Point","coordinates":[-93.8016,27.93]},"properties":{"name":null,"operator":"W & T Offshore, Inc."}},{"type":"Feature","geometry":{"type":"Point","coordinates":[-92.0622,29.4411]},"properties":{"name":null,"operator":"Chevron USA Inc."}},{"type":"Feature","geometry":{"type":"Point","coordinates":[-92.1246,28.2161]},"properties":{"name":null,"operator":"Fieldwood Energy LLC"}},{"type":"Feature","geometry":{"type":"Point","coordinates":[-93.7808,29.4984]},"properties":{"name":null,"operator":"Fieldwood Energy LLC"}},{"type":"Feature","geometry":{"type":"Point","coordinates":[-88.8305,29.4576]},"properties":{"name":null,"operator":"Fieldwood Energy Offshore LLC"}},{"type":"Feature","geometry":{"type":"Point","coordinates":[-89.6999,28.5875]},"properties":{"name":null,"operator":"Renaissance Offshore, LLC"}},{"type":"Feature","geometry":{"type":"Point","coordinates":[-90.5274,29.0085]},"properties":{"name":null,"operator":"Talos Energy Offshore LLC"}},{"type":"Feature","geometry":{"type":"Point","coordinates":[-91.8018,28.2808]},"properties":{"name":null,"operator":"Fieldwood Energy LLC"}},{"type":"Feature","geometry":{"type":"Point","coordinates":[-88.7312,29.5948]},"properties":{"name":null,"operator":"Fieldwood Energy Offshore LLC"}},{"type":"Feature","geometry":{"type":"Point","coordinates":[-90.276,29.0197]},"properties":{"name":null,"operator":"Energy XXI Gulf of Mexico, LLC"}},{"type":"Feature","geometry":{"type":"Point","coordinates":[-89.5388,28.8171]},"properties":{"name":null,"operator":"Walter Oil & Gas Corporation"}},{"type":"Feature","geometry":{"type":"Point","coordinates":[-88.9437,29.0292]},"properties":{"name":null,"operator":"Fieldwood Energy LLC"}},{"type":"Feature","geometry":{"type":"Point","coordinates":[-88.6422,29.5559]},"properties":{"name":null,"operator":"W & T Offshore, Inc."}},{"type":"Feature","geometry":{"type":"Point","coordinates":[-93.5478,29.3554]},"properties":{"name":null,"operator":"Apache Corporation"}},{"type":"Feature","geometry":{"type":"Point","coordinates":[-92.5451,29.4147]},"properties":{"name":null,"operator":"EPL Oil & Gas, Inc."}},{"type":"Feature","geometry":{"type":"Point","coordinates":[-90.3973,28.4593]},"properties":{"name":null,"operator":"Enven Energy Ventures, LLC"}},{"type":"Feature","geometry":{"type":"Point","coordinates":[-90.8849,28.5164]},"properties":{"name":null,"operator":"Transcontinental Gas Pipe Line Co., LLC"}},{"type":"Feature","geometry":{"type":"Point","coordinates":[-91.8905,28.7421]},"properties":{"name":null,"operator":"Maritech Resources, Inc."}},{"type":"Feature","geometry":{"type":"Point","coordinates":[-91.826,29.2439]},"properties":{"name":null,"operator":"Helis Oil & Gas Company, LLC"}},{"type":"Feature","geometry":{"type":"Point","coordinates":[-91.5273,29.0268]},"properties":{"name":null,"operator":"Fieldwood Energy LLC"}},{"type":"Feature","geometry":{"type":"Point","coordinates":[-92.4587,29.4925]},"properties":{"name":null,"operator":"Chevron USA Inc."}},{"type":"Feature","geometry":{"type":"Point","coordinates":[-90.1256,29.041]},"properties":{"name":null,"operator":"Chevron USA Inc."}},{"type":"Feature","geometry":{"type":"Point","coordinates":[-96.0845,28.3791]},"properties":{"name":null,"operator":"Fieldwood Energy LLC"}},{"type":"Feature","geometry":{"type":"Point","coordinates":[-90.6055,28.5149]},"properties":{"name":null,"operator":"Mcmoran Oil & Gas LLC"}},{"type":"Feature","geometry":{"type":"Point","coordinates":[-90.9789,28.5287]},"properties":{"name":null,"operator":"Fieldwood Energy LLC"}},{"type":"Feature","geometry":{"type":"Point","coordinates":[-90.9819,28.7103]},"properties":{"name":null,"operator":"Tengasco, Inc."}},{"type":"Feature","geometry":{"type":"Point","coordinates":[-92.0702,28.6498]},"properties":{"name":null,"operator":"Ankor Energy LLC"}},{"type":"Feature","geometry":{"type":"Point","coordinates":[-89.6757,29.1485]},"properties":{"name":null,"operator":"Energy XXI Gulf of Mexico, LLC"}},{"type":"Feature","geometry":{"type":"Point","coordinates":[-91.8708,29.3324]},"properties":{"name":null,"operator":"EPL Oil & Gas, Inc."}},{"type":"Feature","geometry":{"type":"Point","coordinates":[-93.4009,28.9171]},"properties":{"name":null,"operator":"Black Elk Energy Offshore Operations, LLC"}},{"type":"Feature","geometry":{"type":"Point","coordinates":[-90.2356,28.6571]},"properties":{"name":null,"operator":"Arena Offshore, Lp"}},{"type":"Feature","geometry":{"type":"Point","coordinates":[-91.015,28.5934]},"properties":{"name":null,"operator":"Fieldwood Energy LLC"}},{"type":"Feature","geometry":{"type":"Point","coordinates":[-89.2585,28.975]},"properties":{"name":null,"operator":"Whitney Oil & Gas, LLC"}},{"type":"Feature","geometry":{"type":"Point","coordinates":[-90.0189,28.9596]},"properties":{"name":null,"operator":"GOM Shelf LLC"}},{"type":"Feature","geometry":{"type":"Point","coordinates":[-91.179,29.1274]},"properties":{"name":null,"operator":"W & T Offshore, Inc."}},{"type":"Feature","geometry":{"type":"Point","coordinates":[-91.9483,28.6444]},"properties":{"name":null,"operator":"Fieldwood Energy LLC"}},{"type":"Feature","geometry":{"type":"Point","coordinates":[-93.1563,29.4289]},"properties":{"name":null,"operator":"Fieldwood Energy LLC"}},{"type":"Feature","geometry":{"type":"Point","coordinates":[-91.4754,28.9906]},"properties":{"name":null,"operator":"Fieldwood Energy LLC"}},{"type":"Feature","geometry":{"type":"Point","coordinates":[-93.216,29.6074]},"properties":{"name":null,"operator":"Mcmoran Oil & Gas LLC"}},{"type":"Feature","geometry":{"type":"Point","coordinates":[-91.0003,28.5507]},"properties":{"name":null,"operator":"Fieldwood Energy LLC"}},{"type":"Feature","geometry":{"type":"Point","coordinates":[-90.748,28.7787]},"properties":{"name":null,"operator":"Stone Energy Corporation"}},{"type":"Feature","geometry":{"type":"Point","coordinates":[-91.2096,29.6912]},"properties":{"name":"The Rig Museum","operator":"International Petroleum Museum and Exposition"}},{"type":"Feature","geometry":{"type":"Point","coordinates":[-91.2099,29.6911]},"properties":{"name":"Mr Charlie","operator":null}},{"type":"Feature","geometry":{"type":"Point","coordinates":[-94.7906,29.3114]},"properties":{"name":"Ocean Star Offshore Drilling Rig Museum","operator":null}},{"type":"Feature","geometry":{"type":"Point","coordinates":[-97.1485,27.8353]},"properties":{"name":null,"operator":null}},{"type":"Feature","geometry":{"type":"Point","coordinates":[-97.1496,27.8352]},"properties":{"name":null,"operator":null}},{"type":"Feature","geometry":{"type":"Point","coordinates":[-97.1451,27.8369]},"properties":{"name":null,"operator":null}},{"type":"Feature","geometry":{"type":"Point","coordinates":[-97.1391,27.8367]},"properties":{"name":null,"operator":null}},{"type":"Feature","geometry":{"type":"Point","coordinates":[-87.9958,30.2502]},"properties":{"name":null,"operator":null}},{"type":"Feature","geometry":{"type":"Point","coordinates":[-88.0166,30.2408]},"properties":{"name":null,"operator":null}},{"type":"Feature","geometry":{"type":"Point","coordinates":[-88.0239,30.2615]},"properties":{"name":null,"operator":null}},{"type":"Feature","geometry":{"type":"Point","coordinates":[-88.0451,30.2964]},"properties":{"name":null,"operator":null}},{"type":"Feature","geometry":{"type":"Point","coordinates":[-88.2132,30.2583]},"properties":{"name":null,"operator":null}},{"type":"Feature","geometry":{"type":"Point","coordinates":[-88.226,30.254]},"properties":{"name":null,"operator":null}},{"type":"Feature","geometry":{"type":"Point","coordinates":[-88.2266,30.2581]},"properties":{"name":null,"operator":null}},{"type":"Feature","geometry":{"type":"Point","coordinates":[-89.0306,29.2612]},"properties":{"name":"Main Pass 69P","operator":null}},{"type":"Feature","geometry":{"type":"Point","coordinates":[-91.9624,20.1644]},"properties":{"name":null,"operator":null}},{"type":"Feature","geometry":{"type":"Point","coordinates":[-91.9624,20.1656]},"properties":{"name":null,"operator":null}},{"type":"Feature","geometry":{"type":"Point","coordinates":[-91.9632,20.1645]},"properties":{"name":null,"operator":null}},{"type":"Feature","geometry":{"type":"Point","coordinates":[-88.0216,30.189]},"properties":{"name":null,"operator":null}},{"type":"Feature","geometry":{"type":"Point","coordinates":[72.8545,18.8647]},"properties":{"name":null,"operator":null}},{"type":"Feature","geometry":{"type":"Point","coordinates":[72.855,18.8651]},"properties":{"name":null,"operator":null}}],"properties":{"source":"OpenStreetMap man_made=offshore_platform (ODbL)","note":"Indian offshore platforms are barely mapped in OSM"}}