{"type":"FeatureCollection","features":[{"type":"Feature","geometry":{"type":"LineString","coordinates":[[71.1634,18.1647],[71.1617,18.1568],[71.1556,18.132],[71.1514,18.1156],[71.1447,18.0907],[71.1402,18.0736],[71.1336,18.0489],[71.1288,18.0322],[71.1217,18.0074],[71.1171,17.9911],[71.11,17.967],[71.1057,17.9505],[71.0989,17.9262],[71.0939,17.9103],[71.0869,17.8861],[71.0821,17.8697],[71.0747,17.8452],[71.0697,17.8287],[71.0628,17.8049],[71.0572,17.7879],[71.0491,17.7645],[71.0439,17.7474],[71.0368,17.7231],[71.0327,17.7068],[71.026,17.6823],[71.0225,17.6656],[71.0164,17.6408],[71.0126,17.6243],[71.0072,17.6001],[71.0034,17.5837],[70.9981,17.5591],[70.9946,17.5426],[70.9887,17.5174],[70.9846,17.5006],[70.9789,17.4764],[70.9746,17.4595],[70.9687,17.4352],[70.9652,17.4186],[70.9599,17.3932],[70.9565,17.377],[70.9502,17.3519],[70.9462,17.3355],[70.9402,17.3108],[70.9363,17.2941],[70.9304,17.2689],[70.927,17.2527],[70.9208,17.2279],[70.9177,17.2115],[70.9126,17.1868],[70.9091,17.1705],[70.9039,17.1456],[70.8998,17.1288],[70.8946,17.1047],[70.8913,17.0882],[70.8862,17.0634],[70.883,17.0469],[70.8778,17.0221],[70.8749,17.0057],[70.8699,16.9807],[70.8673,16.964],[70.8624,16.9394],[70.8591,16.9228],[70.8539,16.8982],[70.8507,16.8815],[70.8453,16.8564],[70.8419,16.84],[70.8368,16.8148],[70.8338,16.7982],[70.8291,16.7726],[70.8259,16.7565],[70.8216,16.7311],[70.8186,16.7144],[70.8143,16.6899],[70.8112,16.6731],[70.8061,16.6486],[70.8024,16.6316],[70.7968,16.6067],[70.7926,16.5905],[70.7861,16.5661],[70.7825,16.549],[70.7769,16.5249],[70.7733,16.5082],[70.7677,16.4836],[70.7639,16.4668],[70.7588,16.4424],[70.7551,16.426],[70.7499,16.4011],[70.746,16.384],[70.7411,16.36],[70.7381,16.343],[70.7333,16.3186],[70.7299,16.3024],[70.7246,16.2778],[70.7205,16.2612],[70.7147,16.2365],[70.7107,16.2193],[70.7051,16.1942],[70.7014,16.1782],[70.6956,16.1534],[70.692,16.1371],[70.6867,16.1121],[70.683,16.0953],[70.6777,16.0708],[70.6743,16.054],[70.6692,16.029],[70.6657,16.0125],[70.661,15.9883],[70.6578,15.9717],[70.6526,15.9469],[70.6494,15.9306],[70.6444,15.9058],[70.641,15.8898],[70.6349,15.865],[70.6311,15.8482],[70.6248,15.8231],[70.6211,15.8066],[70.6155,15.7819],[70.6119,15.7651],[70.6063,15.7402],[70.6033,15.7239],[70.5974,15.6989],[70.5937,15.6822],[70.5874,15.6577],[70.5838,15.6416],[70.5782,15.6168],[70.575,15.6004],[70.57,15.5755],[70.5663,15.5588],[70.5613,15.5345],[70.5575,15.5177],[70.5525,15.493],[70.5493,15.4771],[70.5441,15.4524],[70.5413,15.4356],[70.536,15.4108],[70.5326,15.3944],[70.5271,15.3695],[70.5241,15.3524],[70.519,15.3273],[70.5161,15.3108],[70.5116,15.2858],[70.5085,15.2695],[70.5033,15.2445],[70.5,15.2275],[70.4955,15.2024],[70.4924,15.1863],[70.4874,15.1612],[70.4843,15.1448],[70.4797,15.12],[70.4764,15.1033],[70.4713,15.0787],[70.4681,15.062],[70.4631,15.0368],[70.4595,15.0206],[70.4545,14.9957],[70.4512,14.9789],[70.4469,14.9541],[70.4439,14.9374],[70.4395,14.9128],[70.4364,14.8958],[70.4317,14.8712],[70.4288,14.855],[70.4243,14.8302],[70.4213,14.8131],[70.4165,14.7887],[70.4136,14.7718],[70.4087,14.7471],[70.4054,14.7303],[70.4006,14.7054],[70.3973,14.6886],[70.3923,14.6638],[70.389,14.647],[70.3848,14.6222],[70.3822,14.6056],[70.3783,14.5812],[70.3759,14.5644],[70.3718,14.5389],[70.3696,14.5228],[70.3658,14.4973],[70.3641,14.4811],[70.3601,14.4561],[70.3574,14.4402],[70.3532,14.4148],[70.3505,14.3985],[70.3463,14.3738],[70.3436,14.3563],[70.3396,14.3319],[70.3373,14.3148],[70.3333,14.29],[70.3309,14.2735],[70.3279,14.2485],[70.3257,14.2321],[70.3215,14.2072],[70.3185,14.1898],[70.3146,14.1652],[70.3118,14.1485],[70.308,14.1238],[70.3049,14.107],[70.3008,14.0824],[70.2977,14.0658],[70.2947,14.0406],[70.2926,14.0241]]},"properties":{"mmsi":991609176,"name":"Tanker 9176","role":"candidate","vessel_type":80,"synthetic":true,"t_offset_s":[-23187,-23067,-22707,-22467,-22107,-21867,-21507,-21267,-20907,-20667,-20307,-20067,-19707,-19467,-19107,-18867,-18507,-18267,-17907,-17667,-17307,-17067,-16707,-16467,-16107,-15867,-15507,-15267,-14907,-14667,-14307,-14067,-13707,-13467,-13107,-12867,-12507,-12267,-11907,-11667,-11307,-11067,-10707,-10467,-10107,-9867,-9507,-9267,-8907,-8667,-8307,-8067,-7707,-7467,-7107,-6867,-6507,-6267,-5907,-5667,-5307,-5067,-4707,-4467,-4107,-3867,-3507,-3267,-2907,-2667,-2307,-2067,-1707,-1467,-1107,-867,-507,-267,93,333,693,933,1293,1533,1893,2133,2493,2733,3093,3333,3693,3933,4293,4533,4893,5133,5493,5733,6093,6333,6693,6933,7293,7533,7893,8133,8493,8733,9093,9333,9693,9933,10293,10533,10893,11133,11493,11733,12093,12333,12693,12933,13293,13533,13893,14133,14493,14733,15093,15333,15693,15933,16293,16533,16893,17133,17493,17733,18093,18333,18693,18933,19293,19533,19893,20133,20493,20733,21093,21333,21693,21933,22293,22533,22893,23133,23493,23733,24093,24333,24693,24933,25293,25533,25893,26133,26493,26733,27093,27333,27693,27933,28293,28533,28893,29133,29493,29733,30093,30333,30693,30933,31293,31533,31893,32133,32493,32733,33093,33333,33693,33933,34293,34533,34893,35133,35493,35733,36093,36333,36693,36933],"sog":[15,15,14.9,15.1,15.4,15.7,15.3,15.7,15.2,15,15,15.1,15.4,15.1,15.1,15.1,14.7,15.1,15.3,15.4,14.9,15.9,14.9,15.1,15.1,15.3,15.3,14.9,14.9,14.6,15.5,15.4,15,15.2,15.2,15.6,14.6,15.2,15.2,15.3,15.6,15.2,14.8,15.6,15.6,14.9,15,14.8,15,15.3,15.4,15.3,14.9,14.9,15.2,15.6,14.8,14.8,15.6,15.2,15.3,15.2,15,15.2,15.2,15.2,15.2,15.1,15.2,15,15.4,14.8,15.1,14.8,15.1,15.8,15.2,14.8,15.1,15.2,15,15.2,15.3,15.2,14.9,14.6,15.4,15.2,14.5,15.2,15,14.8,15.1,15.2,15.4,15.7,15.4,14.9,14.8,15.5,15.4,15.5,15.2,14.9,15.2,14.7,14.9,14.7,15.1,14.7,14.5,15.4,14.6,14.8,15.2,14.8,15.1,15.2,14.9,15.3,15,15.2,15.6,14.8,15.2,15.1,15.1,15.7,15,14.9,14.8,14.7,15.1,15.5,15.2,15.1,15,15.1,15.1,15.2,15.2,14.7,15.5,15.1,14.8,14.9,14.6,15.3,14.9,14.9,14.9,15,15.3,14.9,14.7,15.7,15.2,15.3,14.8,15.2,14.8,14.9,15.5,15,15.1,15.2,15.3,15.4,15.4,15.4,15.3,15.3,14.7,14.9,14.8,15.2,15.1,14.5,15.4,14.9,15,14.2,14.8,14.8,15.3,15.2,15,14.7,14.9,15.3,14.8,14.9,14.9,15.1,14.9,14.8,15,14.7,14.7,15.3,15.3,15.2]}},{"type":"Feature","geometry":{"type":"LineString","coordinates":[[70.9666,17.3883],[70.9686,17.395],[70.9735,17.4154],[70.9766,17.429],[70.981,17.4499],[70.9844,17.4638],[70.9888,17.4841],[70.9912,17.497],[70.9959,17.5178],[70.9991,17.5315],[71.0036,17.552],[71.0058,17.5659],[71.0099,17.5864],[71.012,17.5997],[71.0163,17.6206],[71.0187,17.6339],[71.0224,17.6544],[71.0246,17.6682],[71.0284,17.6892],[71.0306,17.7028],[71.0337,17.7234],[71.0358,17.7369],[71.0385,17.7575],[71.0405,17.7712],[71.0435,17.7915],[71.0453,17.8057],[71.0483,17.8264],[71.05,17.8403],[71.0528,17.8603],[71.0546,17.8742],[71.0577,17.8952],[71.0593,17.9086],[71.0623,17.9289],[71.0647,17.9428],[71.0684,17.9632],[71.0706,17.9771],[71.0741,17.9975],[71.0759,18.0109],[71.0792,18.0311],[71.0819,18.045],[71.0849,18.0653],[71.0871,18.0793],[71.0905,18.0997],[71.0931,18.1138],[71.0964,18.1344],[71.0985,18.1484],[71.1019,18.1684],[71.1041,18.182],[71.1073,18.203],[71.1097,18.2167],[71.1124,18.2369],[71.1145,18.2506],[71.1183,18.2709],[71.1209,18.2848],[71.1244,18.3051],[71.1266,18.3192],[71.1302,18.3396],[71.1326,18.353],[71.136,18.3729],[71.1377,18.3867],[71.1413,18.4075],[71.1432,18.4207],[71.1462,18.4414],[71.1486,18.4557],[71.1519,18.4763],[71.1539,18.4903],[71.1575,18.5109],[71.1596,18.5244],[71.163,18.5447],[71.165,18.5573],[71.1683,18.5777],[71.1703,18.5915],[71.1733,18.6122],[71.1751,18.6259],[71.1779,18.6467],[71.1797,18.6602],[71.1827,18.6806],[71.1842,18.6943],[71.1874,18.7148],[71.1891,18.7288],[71.1919,18.7485],[71.1941,18.7625],[71.1969,18.783],[71.1991,18.797],[71.2021,18.8173],[71.2044,18.8313],[71.2072,18.8515],[71.209,18.8659],[71.2118,18.8857],[71.2143,18.8999],[71.2172,18.92],[71.219,18.934],[71.2217,18.9544],[71.2232,18.9683],[71.2256,18.9894],[71.2273,19.0032],[71.2293,19.0235],[71.2306,19.0376],[71.2331,19.0584],[71.2336,19.0715],[71.2358,19.0926],[71.2368,19.1066],[71.2386,19.1273],[71.2394,19.1411],[71.2401,19.1618],[71.2407,19.1749],[71.2415,19.1966],[71.2419,19.2105],[71.2425,19.2319],[71.2432,19.2453],[71.2437,19.2667],[71.2439,19.2803],[71.2445,19.301],[71.2457,19.315],[71.2467,19.3364],[71.2474,19.3501],[71.2486,19.3712],[71.2495,19.3849],[71.251,19.4053],[71.2523,19.4199],[71.2539,19.4393],[71.255,19.4534],[71.2565,19.4738],[71.2569,19.4879],[71.2573,19.5093],[71.2577,19.5228],[71.2587,19.5436],[71.2588,19.5572],[71.2594,19.5779],[71.2598,19.5917],[71.2603,19.6127],[71.2609,19.6264],[71.2621,19.6473],[71.2626,19.6612],[71.2639,19.6822],[71.2649,19.6955],[71.266,19.7169],[71.2669,19.7314],[71.2686,19.7521],[71.2687,19.7661],[71.2698,19.7863],[71.27,19.8005],[71.2711,19.8209],[71.2714,19.8348],[71.2731,19.8557],[71.2739,19.8689],[71.2751,19.8902],[71.2758,19.9041],[71.2773,19.9247],[71.2783,19.9388],[71.2792,19.9594],[71.2795,19.973],[71.2809,19.9939],[71.2812,20.0079],[71.282,20.0286],[71.2829,20.042],[71.2838,20.0634],[71.2841,20.0771],[71.2849,20.0975],[71.2849,20.1109],[71.2854,20.132],[71.2855,20.1458],[71.2855,20.1665],[71.2853,20.1806],[71.2849,20.2014],[71.2851,20.2154],[71.2848,20.2364],[71.2846,20.25],[71.2837,20.2714],[71.283,20.2857],[71.2819,20.3066],[71.2811,20.3205],[71.2798,20.3412],[71.2787,20.3554],[71.2774,20.3768],[71.2767,20.3902],[71.2761,20.4105],[71.2753,20.4244],[71.2747,20.4452],[71.2738,20.4585],[71.2726,20.4791],[71.2715,20.4929],[71.2695,20.5137],[71.2682,20.5278],[71.2666,20.5476],[71.2658,20.5611],[71.2643,20.582],[71.2631,20.5951],[71.2616,20.616],[71.2608,20.6301],[71.2592,20.6512],[71.2583,20.6647],[71.2574,20.685],[71.2568,20.6986],[71.2558,20.7191],[71.2551,20.7326],[71.2545,20.7536],[71.2538,20.7676],[71.2524,20.7884],[71.2526,20.8023]]},"properties":{"mmsi":991735575,"name":"Tanker 5575","role":"candidate","vessel_type":80,"synthetic":true,"t_offset_s":[-183402,-183282,-182922,-182682,-182322,-182082,-181722,-181482,-181122,-180882,-180522,-180282,-179922,-179682,-179322,-179082,-178722,-178482,-178122,-177882,-177522,-177282,-176922,-176682,-176322,-176082,-175722,-175482,-175122,-174882,-174522,-174282,-173922,-173682,-173322,-173082,-172722,-172482,-172122,-171882,-171522,-171282,-170922,-170682,-170322,-170082,-169722,-169482,-169122,-168882,-168522,-168282,-167922,-167682,-167322,-167082,-166722,-166482,-166122,-165882,-165522,-165282,-164922,-164682,-164322,-164082,-163722,-163482,-163122,-162882,-162522,-162282,-161922,-161682,-161322,-161082,-160722,-160482,-160122,-159882,-159522,-159282,-158922,-158682,-158322,-158082,-157722,-157482,-157122,-156882,-156522,-156282,-155922,-155682,-155322,-155082,-154722,-154482,-154122,-153882,-153522,-153282,-152922,-152682,-152322,-152082,-151722,-151482,-151122,-150882,-150522,-150282,-149922,-149682,-149322,-149082,-148722,-148482,-148122,-147882,-147522,-147282,-146922,-146682,-146322,-146082,-145722,-145482,-145122,-144882,-144522,-144282,-143922,-143682,-143322,-143082,-142722,-142482,-142122,-141882,-141522,-141282,-140922,-140682,-140322,-140082,-139722,-139482,-139122,-138882,-138522,-138282,-137922,-137682,-137322,-137082,-136722,-136482,-136122,-135882,-135522,-135282,-134922,-134682,-134322,-134082,-133722,-133482,-133122,-132882,-132522,-132282,-131922,-131682,-131322,-131082,-130722,-130482,-130122,-129882,-129522,-129282,-128922,-128682,-128322,-128082,-127722,-127482,-127122,-126882,-126522,-126282,-125922,-125682,-125322,-125082,-124722,-124482,-124122,-123882],"sog":[12.4,12.4,12.6,12.8,12.2,12.7,12.4,12,12.9,12.5,13,12.2,12.8,12.1,12.3,12.4,12.6,12.3,12.9,12.3,12.2,12.3,12.3,12.6,12.4,12.4,12.4,12.3,12.2,12.7,11.9,12.7,12.1,12.4,12.8,12.3,12.3,12.3,12.3,12,12.7,12.6,12.4,12.8,12.8,12.4,12.2,12.8,12.5,12.2,12.4,12.4,12.5,12.4,12.4,12.5,12.4,12.3,12.5,12.7,11.8,12.4,12.6,12.8,12.8,12.6,12.4,12.3,12.2,11.9,12,12.4,12.7,12.5,12.9,12.3,12.4,12.3,12.3,12.4,12.3,12.8,12.5,12.5,12.1,12.2,12.8,12.6,11.7,12.3,12.7,12.4,12.4,12.1,12.4,12.5,12.1,12.4,12.9,12,12.5,12.3,12.5,12.5,12.1,12.5,12.3,12.4,12.1,12.9,12.3,12.2,12.4,12.5,12.7,12.2,12.4,11.7,12.5,12.9,12.2,12.1,12.8,12.6,12.6,12.6,12.7,12.5,12.3,12.4,12.7,12.3,12.6,13.1,12.3,11.8,12.4,13,12.5,12.5,12.5,12.7,12,12.7,12.7,12.2,12.6,12.1,12.2,12.3,12.1,12.7,12.3,12.6,12.5,11.9,13.1,12.1,12.3,12.4,12.7,12.6,12.2,12.4,12.5,12.6,12.9,12.4,12.7,12.9,12.3,12.4,12.3,12.7,12.6,12.4,12,12.7,12.2,12.1,12.6,12,12.6,12.3,12.4,12,12.4,12.4,12.8,12.6,12.8,11.7,12.3,11.9,11.9,12,12.2,13,12.3,12.4]}},{"type":"Feature","geometry":{"type":"LineString","coordinates":[[70.2936,16.711],[70.288,16.7143],[70.2707,16.7244],[70.2593,16.7305],[70.2419,16.7402],[70.2307,16.7467],[70.213,16.7572],[70.202,16.7637],[70.185,16.7734],[70.1731,16.7802],[70.1559,16.7901],[70.1446,16.7968],[70.1273,16.8063],[70.1158,16.8129],[70.099,16.8226],[70.0874,16.8287],[70.0708,16.8385],[70.0592,16.8451],[70.0423,16.8553],[70.0305,16.8621]]},"properties":{"mmsi":991958112,"name":"Cargo 8112","role":"background","vessel_type":70,"synthetic":true,"t_offset_s":[80631,80751,81111,81351,81711,81951,82311,82551,82911,83151,83511,83751,84111,84351,84711,84951,85311,85551,85911,86151],"sog":[11.2,11.7,11.6,11.4,11.3,11.3,11.6,11.4,11,12.2,11.5,10.9,11.2,11.6,11.3,11.6,11.5,11.6,11.4,11.7]}},{"type":"Feature","geometry":{"type":"LineString","coordinates":[[73.3268,16.4879],[73.3042,16.4926],[73.2883,16.4961],[73.2662,16.5005],[73.251,16.5036],[73.2289,16.508],[73.2144,16.511],[73.1919,16.5155],[73.1766,16.5185],[73.154,16.523],[73.1391,16.5265],[73.1172,16.5313],[73.1023,16.5338],[73.0798,16.5385],[73.0648,16.5412],[73.0418,16.5456],[73.027,16.5488],[73.0046,16.5538],[72.9901,16.5573],[72.9677,16.5627],[72.9526,16.5664],[72.9302,16.5716],[72.9153,16.5749],[72.8932,16.5807],[72.8785,16.5845],[72.8564,16.5901],[72.8413,16.5932],[72.8191,16.5989],[72.805,16.6029],[72.7826,16.6076],[72.7674,16.6112],[72.7454,16.6163],[72.7307,16.62],[72.7083,16.6248],[72.6931,16.6283],[72.6714,16.6337],[72.6568,16.6371],[72.6352,16.6429],[72.6207,16.6466],[72.5986,16.6528],[72.5839,16.6566],[72.562,16.6624],[72.5482,16.6666],[72.5261,16.6728],[72.5115,16.6768],[72.4896,16.683],[72.4753,16.6871],[72.4537,16.6933],[72.4393,16.6976],[72.4173,16.7042],[72.403,16.708],[72.3811,16.7133],[72.3662,16.7174],[72.3446,16.7236],[72.3297,16.728],[72.3073,16.7345],[72.2928,16.7385],[72.2715,16.7448],[72.2567,16.7491],[72.2347,16.7557],[72.2201,16.7598],[72.1981,16.7668],[72.1838,16.7711],[72.1612,16.7784],[72.1466,16.7829],[72.1256,16.7904],[72.1111,16.795],[72.0898,16.8027],[72.0754,16.8078],[72.0544,16.8153],[72.0403,16.8204],[72.0185,16.8284],[72.0044,16.8336],[71.9838,16.8415],[71.969,16.8471],[71.9475,16.8552],[71.933,16.8609],[71.9111,16.8688],[71.8975,16.8742],[71.8756,16.8822],[71.8615,16.8877],[71.8401,16.8956],[71.8263,16.9008],[71.8049,16.9086],[71.7907,16.9144],[71.7692,16.9227],[71.7553,16.9284],[71.7343,16.9364],[71.7199,16.9416],[71.6987,16.9503],[71.685,16.9559],[71.6634,16.9643],[71.6497,16.97],[71.6289,16.978],[71.6148,16.9834],[71.5939,16.9925],[71.5798,16.9978],[71.5591,17.0061],[71.5451,17.0116],[71.5234,17.0204],[71.5094,17.0259],[71.4889,17.0344],[71.4752,17.04],[71.4542,17.0484],[71.4402,17.0541],[71.4188,17.0626],[71.4047,17.0676],[71.3837,17.0763],[71.3698,17.0818],[71.3483,17.0902],[71.3343,17.0954],[71.3132,17.104],[71.2985,17.1093],[71.2775,17.1175],[71.2638,17.1234],[71.2426,17.1317],[71.229,17.1372],[71.2077,17.1463],[71.1936,17.1522],[71.1728,17.1606],[71.1589,17.166],[71.1384,17.1743],[71.1244,17.18],[71.1031,17.188],[71.0892,17.1935],[71.0685,17.2023],[71.0545,17.2084],[71.0336,17.2165],[71.0197,17.2221],[70.9984,17.2309],[70.9843,17.2369],[70.9626,17.2447],[70.9482,17.2501],[70.9274,17.2581],[70.9137,17.2635],[70.8923,17.2718],[70.8782,17.2774],[70.857,17.2862],[70.8436,17.2918],[70.8223,17.3006],[70.8079,17.3064],[70.7871,17.3148],[70.7726,17.3208],[70.7515,17.329],[70.7373,17.3349],[70.7163,17.3436],[70.7018,17.3495],[70.6814,17.3584],[70.6675,17.3641],[70.6468,17.3731],[70.633,17.3791],[70.6126,17.3878],[70.5986,17.394],[70.5774,17.4033],[70.5636,17.4096],[70.5436,17.4191],[70.5295,17.4252],[70.509,17.4346],[70.4954,17.4411],[70.4749,17.4505],[70.4614,17.457],[70.4409,17.4666],[70.4274,17.4727],[70.4072,17.4817],[70.3934,17.4875],[70.3726,17.4968],[70.3584,17.5027],[70.337,17.5113],[70.3233,17.517],[70.3028,17.5251],[70.2887,17.5309],[70.2669,17.54],[70.2528,17.546],[70.232,17.5552],[70.218,17.5606],[70.1978,17.5694],[70.1842,17.5751],[70.1635,17.5843],[70.1498,17.5904],[70.1279,17.5998],[70.114,17.605],[70.0931,17.6147],[70.0795,17.6198],[70.0588,17.6291],[70.0452,17.6349],[70.0237,17.6432],[70.0097,17.6489],[69.9884,17.6576],[69.9742,17.6635],[69.9534,17.6724],[69.9395,17.678],[69.9174,17.6868],[69.9036,17.6928],[69.8829,17.7014],[69.8685,17.7072],[69.8475,17.7155],[69.8331,17.721],[69.8123,17.7291],[69.798,17.7345],[69.7767,17.7432],[69.7632,17.749],[69.742,17.7576],[69.7278,17.763],[69.7068,17.771],[69.6923,17.7762],[69.6712,17.7841],[69.6568,17.7893],[69.6355,17.7966],[69.6211,17.8022],[69.5997,17.8103],[69.5859,17.8157],[69.5647,17.8242],[69.5506,17.8298],[69.5297,17.8384],[69.5159,17.844],[69.4949,17.8528],[69.4812,17.8582],[69.4603,17.8667],[69.4468,17.872],[69.4261,17.8803],[69.4114,17.8859],[69.3896,17.8937],[69.3751,17.8989],[69.3537,17.907],[69.3398,17.9118],[69.3184,17.9197],[69.3041,17.9247],[69.2826,17.9325],[69.2687,17.9377],[69.2468,17.9449],[69.2332,17.9499],[69.2118,17.9572],[69.1972,17.9618],[69.1755,17.9686],[69.161,17.9733],[69.1394,17.9799],[69.1247,17.9845],[69.1026,17.9911],[69.0877,17.9958],[69.0662,18.0025],[69.0514,18.0072],[69.0292,18.0139],[69.0148,18.0176],[68.9933,18.0235],[68.9786,18.0276],[68.9564,18.0335],[68.9414,18.0377],[68.9193,18.0444],[68.9044,18.0487],[68.8831,18.0552],[68.8684,18.0596],[68.8469,18.0656],[68.8325,18.0695],[68.8104,18.0759],[68.7956,18.0798],[68.774,18.0855],[68.7595,18.0897],[68.7379,18.0952],[68.7232,18.099],[68.7013,18.1046],[68.6872,18.1089],[68.6652,18.1151],[68.6502,18.119],[68.6285,18.1248],[68.6144,18.1286],[68.5919,18.1345],[68.5763,18.1381],[68.5545,18.1433],[68.5385,18.1471],[68.5171,18.1528],[68.5019,18.1564],[68.4799,18.1619],[68.4649,18.1655],[68.4426,18.171],[68.4281,18.1745],[68.4054,18.1797],[68.3906,18.1824],[68.3682,18.1869],[68.3533,18.1904],[68.3311,18.1952],[68.3162,18.1985],[68.294,18.2035],[68.2794,18.2067],[68.2576,18.2117],[68.2428,18.2147],[68.2214,18.2203],[68.2064,18.2247],[68.184,18.2303],[68.1694,18.2344],[68.1482,18.2404],[68.1332,18.2447],[68.1113,18.2512],[68.0966,18.2553],[68.0744,18.2611],[68.0598,18.2646],[68.0377,18.2701],[68.0226,18.2738],[68.0003,18.2792],[67.9849,18.2829],[67.9633,18.2885],[67.9482,18.292],[67.9254,18.2972],[67.9105,18.3004],[67.888,18.3054],[67.873,18.3087],[67.8507,18.3132],[67.8357,18.3165],[67.8137,18.3205],[67.7987,18.3235],[67.7769,18.3283],[67.762,18.3313],[67.7402,18.3366],[67.7258,18.34],[67.7032,18.3453],[67.6884,18.3489],[67.6664,18.354],[67.6512,18.3575],[67.6286,18.3629],[67.6137,18.3665],[67.5912,18.3718],[67.5761,18.3751],[67.5541,18.38],[67.5392,18.3835],[67.5165,18.3883],[67.5011,18.3915],[67.4784,18.3964],[67.4639,18.3995],[67.4415,18.4034],[67.4264,18.4063],[67.4042,18.411],[67.3898,18.4138],[67.3667,18.4183],[67.3515,18.4212],[67.3299,18.4259],[67.3147,18.4287],[67.2925,18.433],[67.2769,18.4355],[67.2552,18.4395],[67.2397,18.4422],[67.2173,18.4459],[67.2026,18.4489],[67.1801,18.4525],[67.1651,18.4547],[67.1421,18.4584],[67.127,18.4609],[67.1037,18.4646],[67.0886,18.4672],[67.0667,18.4712],[67.0518,18.4741],[67.0295,18.4784],[67.0145,18.4816],[66.9924,18.4865],[66.9773,18.4892],[66.9549,18.4937],[66.9401,18.4967],[66.918,18.5013],[66.9029,18.5039],[66.881,18.5082],[66.8659,18.5109],[66.844,18.5149],[66.8296,18.518],[66.8065,18.523],[66.7921,18.5256],[66.7694,18.5307],[66.754,18.5342],[66.7317,18.5388],[66.7164,18.5421],[66.6938,18.5463],[66.6788,18.5495],[66.6557,18.5541],[66.6413,18.5578],[66.6183,18.5626],[66.6036,18.5658],[66.5812,18.5707],[66.566,18.5741],[66.5432,18.5789],[66.5283,18.5821],[66.5059,18.5873]]},"properties":{"mmsi":992229051,"name":"Cargo 9051","role":"candidate","vessel_type":70,"synthetic":true,"t_offset_s":[-43800,-43440,-43200,-42840,-42600,-42240,-42000,-41640,-41400,-41040,-40800,-40440,-40200,-39840,-39600,-39240,-39000,-38640,-38400,-38040,-37800,-37440,-37200,-36840,-36600,-36240,-36000,-35640,-35400,-35040,-34800,-34440,-34200,-33840,-33600,-33240,-33000,-32640,-32400,-32040,-31800,-31440,-31200,-30840,-30600,-30240,-30000,-29640,-29400,-29040,-28800,-28440,-28200,-27840,-27600,-27240,-27000,-26640,-26400,-26040,-25800,-25440,-25200,-24840,-24600,-24240,-24000,-23640,-23400,-23040,-22800,-22440,-22200,-21840,-21600,-21240,-21000,-20640,-20400,-20040,-19800,-19440,-19200,-18840,-18600,-18240,-18000,-17640,-17400,-17040,-16800,-16440,-16200,-15840,-15600,-15240,-15000,-14640,-14400,-14040,-13800,-13440,-13200,-12840,-12600,-12240,-12000,-11640,-11400,-11040,-10800,-10440,-10200,-9840,-9600,-9240,-9000,-8640,-8400,-8040,-7800,-7440,-7200,-6840,-6600,-6240,-6000,-5640,-5400,-5040,-4800,-4440,-4200,-3840,-3600,-3240,-3000,-2640,-2400,-2040,-1800,-1440,-1200,-840,-600,-240,0,360,600,960,1200,1560,1800,2160,2400,2760,3000,3360,3600,3960,4200,4560,4800,5160,5400,5760,6000,6360,6600,6960,7200,7560,7800,8160,8400,8760,9000,9360,9600,9960,10200,10560,10800,11160,11400,11760,12000,12360,12600,12960,13200,13560,13800,14160,14400,14760,15000,15360,15600,15960,16200,16560,16800,17160,17400,17760,18000,18360,18600,18960,19200,19560,19800,20160,20400,20760,21000,21360,21600,21960,22200,22560,22800,23160,23400,23760,24000,24360,24600,24960,25200,25560,25800,26160,26400,26760,27000,27360,27600,27960,28200,28560,28800,29160,29400,29760,30000,30360,30600,30960,31200,31560,31800,32160,32400,32760,33000,33360,33600,33960,34200,34560,34800,35160,35400,35760,36000,36360,36600,36960,37200,37560,37800,38160,38400,38760,39000,39360,39600,39960,40200,40560,40800,41160,41400,41760,42000,42360,42600,42960,43200,43560,43800,44160,44400,44760,45000,45360,45600,45960,46200,46560,46800,47160,47400,47760,48000,48360,48600,48960,49200,49560,49800,50160,50400,50760,51000,51360,51600,51960,52200,52560,52800,53160,53400,53760,54000,54360,54600,54960,55200,55560,55800,56160,56400,56760,57000,57360,57600,57960,58200,58560,58800,59160,59400,59760,60000,60360,60600,60960,61200,61560,61800,62160,62400,62760,63000,63360,63600,63960,64200,64560,64800,65160,65400,65760,66000,66360,66600,66960,67200,67560,67800,68160,68400,68760,69000,69360],"sog":[12.8,13.2,13.7,13.2,13.3,12.6,12.1,13.4,13.3,13.4,13.3,12.9,13.1,13,13.2,13.2,13.3,13.1,13.3,13,13,13,12.7,12.9,13.1,13,13.6,12.5,12.9,12.9,13.4,13.4,13.2,12.7,13.1,13.1,12.9,12.5,12.4,13,13.4,12.8,12.9,12.5,12.9,13.2,12.6,12.7,13.2,13.1,12.9,12.8,13.1,12.7,13.2,13.5,13.4,12.9,13.1,13.5,12.4,13.3,12.7,13.5,13.1,12.6,12.7,12.9,12.9,12.6,12.7,13.8,13.1,12.8,13.6,13.3,13.4,13.1,12.6,13.5,12.9,13,12.9,13.3,12.7,13.5,13.4,13,12.9,13.1,13,13.3,12.7,12.9,12.7,13.4,12.7,12.9,13.3,13.4,12.8,12.8,12.5,12.7,12.9,13.1,12.7,12.9,13.2,12.9,13,12.7,13.1,12.9,12.4,13,12.8,13.6,12.8,13,12.9,12.5,13.2,13,12.6,12.8,13,12.8,13.3,13.2,13.1,13.2,13,13.6,13,13,13,12.8,12.9,13.1,13.3,12.9,13,13.5,13.2,13.1,13.5,12.6,13.3,13,12.8,13.2,12.8,13.3,13.1,13.1,13.3,12.5,13.3,13.1,12.8,13.2,13.2,13.3,13.4,13.2,13.2,13.3,13.1,13,13,13.3,13.2,12.8,12.8,12.6,12.8,13.1,12.9,13.5,12.9,12.8,12.4,13,12.6,13.1,12.9,13.5,13.1,13.1,13.4,13.7,12.8,13.2,13.1,12.7,12.9,12.6,12.9,13,12.7,12.7,13.3,13,13.2,12.9,13,13.1,13.3,13,12.9,13,12.9,13,12.7,13,12.9,12.5,12.5,12.8,13,13.4,13.2,13.3,12.9,13.1,13.1,12.9,13.2,13.8,12.7,12.5,12.5,12.7,13,12.5,13.2,12.8,13.7,12.9,13.3,13.1,13.1,12.5,12.9,13.1,13.1,13.3,13.1,12.5,13,12.5,12.5,12.9,13.1,13.1,12.6,12.7,12.6,12.5,12.9,13.1,13.4,12.6,12.8,13,13.4,13.1,13.9,12.5,13.3,13,14,13.2,13.2,13,13,12.7,13,13,13,12.7,12.6,12.9,12.9,13.1,13,13.2,12.7,12.4,13.4,13,12.9,12.8,12.8,13.1,13.2,12.9,13.4,13,13.3,13.5,12.9,13,13,12.9,13.2,13.5,13.1,13,12.9,12.8,12.8,13.1,12.8,13.3,12.8,13.3,13.4,13,13.5,13.1,13,12.7,13.3,14,12.4,12.9,13,13.4,13.1,13.1,13.3,13.1,13.2,12.9,13.3,12.4,13.2,13,13,12.7,13,13,12.8,13.1,13.2,12.8,12.9,12.7,12.9,13.2,13.1,13.3,13,12.4,13.5,12.6,13,12.9,13,13.3,12.6,13.4,13.2,13.1,13.4,13.2,13.7,13,12.6,13.5,12.8,13.5,13.5,13.6,13.1,13.2]}},{"type":"Feature","geometry":{"type":"LineString","coordinates":[[72.3295,18.9252],[72.3294,18.917],[72.3297,18.9007],[72.3298,18.8769],[72.3299,18.8606],[72.3301,18.8361],[72.3304,18.8196],[72.3311,18.7952],[72.3311,18.7792],[72.3318,18.7549],[72.3322,18.7382],[72.3326,18.713],[72.3323,18.6971],[72.3317,18.6724],[72.3313,18.6565],[72.3312,18.6316],[72.3309,18.6155],[72.3309,18.5904],[72.3305,18.5745],[72.3298,18.55],[72.3294,18.5341],[72.3295,18.5097],[72.3291,18.493],[72.3301,18.4689],[72.3297,18.453],[72.3302,18.4283],[72.3303,18.4122],[72.3308,18.3877],[72.3317,18.3712],[72.3324,18.347],[72.3335,18.3303],[72.3354,18.3058],[72.3362,18.2898],[72.3377,18.2648],[72.3386,18.2487],[72.3404,18.2245],[72.3412,18.2082],[72.3436,18.1834],[72.3443,18.1673],[72.346,18.1432],[72.3471,18.1266],[72.349,18.1025],[72.3505,18.0858],[72.3518,18.0616],[72.3529,18.0456],[72.3548,18.0212],[72.3556,18.0045],[72.3567,17.9798],[72.3577,17.9634],[72.3588,17.9392],[72.3594,17.9224],[72.3604,17.8983],[72.3611,17.882],[72.3624,17.8568],[72.3633,17.8409],[72.3648,17.8159],[72.3653,17.7994],[72.3667,17.7751],[72.3678,17.759],[72.3687,17.7343],[72.3695,17.7179],[72.3704,17.6938],[72.3708,17.6779],[72.3727,17.6533],[72.3738,17.6367],[72.3754,17.6121],[72.3764,17.5961],[72.3776,17.5716],[72.3787,17.5554],[72.3797,17.531],[72.3805,17.5146],[72.3816,17.4897],[72.3825,17.474],[72.3839,17.4495],[72.3852,17.4333],[72.3869,17.4087],[72.3881,17.3925],[72.39,17.3681],[72.391,17.3515],[72.3938,17.3277],[72.3948,17.3116],[72.3969,17.2871],[72.3986,17.2706],[72.4013,17.2467],[72.4027,17.2301],[72.4049,17.206],[72.4063,17.1901],[72.4081,17.1654],[72.4091,17.1491],[72.4098,17.1244],[72.4101,17.1086],[72.4113,17.0839],[72.412,17.0671],[72.4134,17.0431],[72.4143,17.0268],[72.4152,17.0028],[72.416,16.9862],[72.4169,16.961],[72.4172,16.9451],[72.4174,16.9209],[72.4183,16.9046],[72.4181,16.8809],[72.4179,16.8649],[72.418,16.8406],[72.4182,16.8237],[72.4183,16.7999],[72.4182,16.7838],[72.4184,16.759],[72.4181,16.743],[72.419,16.7181],[72.4195,16.7021],[72.4206,16.6776],[72.4212,16.6618],[72.4224,16.6369],[72.423,16.6207],[72.4237,16.596],[72.4241,16.5794],[72.4247,16.5553],[72.4248,16.539],[72.4259,16.5146],[72.4267,16.4981],[72.4273,16.4733],[72.4279,16.4573],[72.4289,16.4332],[72.4296,16.417],[72.4302,16.3925],[72.4306,16.3762],[72.4313,16.3521],[72.4323,16.3358],[72.4335,16.3115],[72.4343,16.295],[72.4347,16.2702],[72.435,16.2545],[72.4361,16.2306],[72.4364,16.2146],[72.4375,16.1906],[72.4376,16.1743],[72.4382,16.1498],[72.4387,16.1333],[72.439,16.109],[72.4393,16.0924],[72.4397,16.0679],[72.4399,16.0519],[72.4406,16.0276],[72.441,16.0109],[72.4416,15.9866],[72.4423,15.9711],[72.4434,15.9468],[72.444,15.93],[72.4452,15.906],[72.4459,15.8902],[72.4466,15.8659],[72.4468,15.8495],[72.4473,15.8252],[72.4472,15.8091],[72.4472,15.7845],[72.4477,15.7683],[72.4482,15.7439],[72.4482,15.727],[72.4479,15.7024],[72.4483,15.6862],[72.4488,15.6621],[72.4487,15.6462],[72.4498,15.6212],[72.45,15.6054],[72.4511,15.5809],[72.4517,15.5645],[72.4529,15.54],[72.4536,15.5239],[72.4552,15.499],[72.4561,15.4823],[72.4579,15.4574],[72.4586,15.4408],[72.46,15.4167],[72.4611,15.4009],[72.4619,15.3763],[72.4629,15.3601],[72.4642,15.3359],[72.4649,15.3191],[72.4663,15.2949],[72.4666,15.2781],[72.4672,15.2542],[72.4681,15.2377],[72.4692,15.2128],[72.4699,15.1967],[72.4709,15.1722],[72.4713,15.1558],[72.472,15.1316],[72.4722,15.1156],[72.4731,15.091],[72.4734,15.0749],[72.4742,15.0499],[72.4747,15.0331],[72.4758,15.0087],[72.4765,14.9924],[72.4775,14.9685],[72.4779,14.952],[72.4791,14.9273],[72.4791,14.9115],[72.4805,14.8869],[72.481,14.8709],[72.4827,14.8464],[72.4838,14.83],[72.4852,14.8057],[72.4863,14.7899],[72.4885,14.765],[72.4897,14.7488],[72.4914,14.7244],[72.4926,14.7077],[72.4942,14.6835],[72.4959,14.6671],[72.4979,14.6424],[72.4995,14.626],[72.5012,14.602],[72.5025,14.5859],[72.5046,14.5615],[72.506,14.5457],[72.5079,14.521],[72.5095,14.505],[72.512,14.4805],[72.5138,14.4644],[72.5164,14.4409],[72.5187,14.4248],[72.5222,14.4005],[72.5245,14.3841],[72.5278,14.3598],[72.5299,14.3436],[72.5326,14.3195],[72.5341,14.3031],[72.5366,14.2783],[72.5377,14.2625],[72.5402,14.2378],[72.5418,14.2218],[72.5447,14.1971],[72.5467,14.1806],[72.55,14.1562],[72.5524,14.1402],[72.5554,14.1161],[72.558,14.1003],[72.5621,14.0756],[72.565,14.0598],[72.5693,14.0356],[72.5718,14.0197]]},"properties":{"mmsi":992393685,"name":"Tanker 3685","role":"background","vessel_type":80,"synthetic":true,"t_offset_s":[-8705,-8585,-8345,-7985,-7745,-7385,-7145,-6785,-6545,-6185,-5945,-5585,-5345,-4985,-4745,-4385,-4145,-3785,-3545,-3185,-2945,-2585,-2345,-1985,-1745,-1385,-1145,-785,-545,-185,55,415,655,1015,1255,1615,1855,2215,2455,2815,3055,3415,3655,4015,4255,4615,4855,5215,5455,5815,6055,6415,6655,7015,7255,7615,7855,8215,8455,8815,9055,9415,9655,10015,10255,10615,10855,11215,11455,11815,12055,12415,12655,13015,13255,13615,13855,14215,14455,14815,15055,15415,15655,16015,16255,16615,16855,17215,17455,17815,18055,18415,18655,19015,19255,19615,19855,20215,20455,20815,21055,21415,21655,22015,22255,22615,22855,23215,23455,23815,24055,24415,24655,25015,25255,25615,25855,26215,26455,26815,27055,27415,27655,28015,28255,28615,28855,29215,29455,29815,30055,30415,30655,31015,31255,31615,31855,32215,32455,32815,33055,33415,33655,34015,34255,34615,34855,35215,35455,35815,36055,36415,36655,37015,37255,37615,37855,38215,38455,38815,39055,39415,39655,40015,40255,40615,40855,41215,41455,41815,42055,42415,42655,43015,43255,43615,43855,44215,44455,44815,45055,45415,45655,46015,46255,46615,46855,47215,47455,47815,48055,48415,48655,49015,49255,49615,49855,50215,50455,50815,51055,51415,51655,52015,52255,52615,52855,53215,53455,53815,54055,54415,54655,55015,55255,55615,55855,56215,56455,56815,57055,57415,57655,58015,58255,58615,58855,59215,59455,59815,60055,60415,60655,61015,61255,61615,61855,62215,62455,62815,63055,63415,63655],"sog":[14.5,14.5,14.7,14.3,14.2,15,15,14.8,14.3,13.8,14.7,15,14.7,14.8,14.1,14.7,14.6,15.1,14.2,14.4,14.2,15,14.8,14.5,14.4,14.6,15,14.5,14.8,14.7,14.5,14.3,14.4,15.1,14.3,15.1,14.3,15,14.1,14.7,14.9,14.3,15.1,14.4,14.3,14.6,14.7,14.8,15.1,14.8,14.9,14.1,14.7,15.6,14.7,14.2,14.9,14.8,14.6,14.8,14.3,14.1,14.4,14.3,14.6,14.9,14.7,14.4,14.5,14.4,15,14.9,14.2,14.6,14.6,14.5,14.8,14.4,15.1,14.9,14.5,14.5,14.9,14.9,14.9,14.3,14.3,14.5,14.8,14.3,14.5,15.1,14.6,15,14.5,14.3,15,14.8,14.4,14.2,14.7,14.4,14.4,14.5,14.6,14.3,14.4,14.9,14.4,14.8,14.7,14.5,14.2,14.3,14.5,14.2,15.4,14.9,14.8,15,14.4,14.3,14.7,14.5,14.8,14,14.2,14.9,14.6,14.4,15,14.7,14,14.3,14.1,14.4,14.8,14.5,15.2,14.4,14.7,14.1,14.4,13.9,14.7,14.6,14.1,14.3,14.6,14.2,14.7,14.5,14.3,14.5,14.5,14.9,14.6,15,14.8,14.9,14.6,14.3,14.6,15,14.7,14.8,14.9,14.6,14.7,14.9,15,15.1,14.4,14.1,14.9,15,15.3,14.2,14.9,14.7,14.5,14.8,14.7,14.9,14.3,14.4,14.6,14.4,14.8,14.5,14.8,15.1,14.8,14.5,14.2,14.1,14.2,14.6,14.3,14.6,14.7,14.5,14.4,14.2,14.6,15,14.2,15.1,14.7,14.5,14.4,15.1,14.6,14.3,14.7,14.9,14.6,14.7,14.6,14.7,14.3,14.4,14.3,14.4,14.9,14.8,14.7,14.5,14.6,14.8,14.3,14.7,14.6,14.7,14.6,14.8,14.4,14.5,14.3,14.9,14.5,14.6,14.1]}},{"type":"Feature","geometry":{"type":"LineString","coordinates":[[71.0123,17.7666],[71.0144,17.7724],[71.0173,17.7837],[71.0219,17.8007],[71.0249,17.8119],[71.0298,17.8285],[71.0332,17.8398],[71.0382,17.8571],[71.0421,17.8683],[71.0474,17.8857],[71.0506,17.8963],[71.0551,17.9134],[71.0584,17.9245],[71.0628,17.9422],[71.0659,17.9542],[71.07,17.9708],[71.0733,17.9818],[71.0781,17.9994],[71.0814,18.0105],[71.0861,18.0273],[71.0894,18.0391],[71.0942,18.0566],[71.0977,18.0678],[71.1024,18.085],[71.1055,18.0963],[71.11,18.1137],[71.1132,18.125],[71.1176,18.142],[71.1208,18.1531],[71.1257,18.1701],[71.1292,18.1813],[71.1339,18.1983],[71.1372,18.2095],[71.1424,18.2262],[71.1458,18.2371],[71.1513,18.2536],[71.1547,18.2654],[71.1598,18.2821],[71.1632,18.2933],[71.1687,18.3103],[71.1725,18.3219],[71.1784,18.3387],[71.1819,18.35],[71.1874,18.3669],[71.1917,18.3786],[71.1972,18.3958],[71.201,18.4068],[71.2059,18.4239],[71.2097,18.4351],[71.2146,18.4522],[71.2182,18.4638],[71.2233,18.4808],[71.2266,18.4921],[71.2315,18.5089],[71.2351,18.5199],[71.2407,18.5369],[71.2442,18.5476],[71.2493,18.5648],[71.2527,18.5761],[71.2572,18.5932],[71.2605,18.6045],[71.2653,18.6219],[71.2684,18.6329],[71.2725,18.6503],[71.2753,18.6615],[71.279,18.6791],[71.2813,18.6904],[71.2853,18.7075],[71.2876,18.7192],[71.2911,18.7362],[71.2935,18.7478],[71.2969,18.7652],[71.2994,18.7769],[71.3028,18.7939],[71.3051,18.8056],[71.3085,18.823],[71.3106,18.8343],[71.314,18.8518],[71.316,18.8636],[71.3193,18.8802],[71.3215,18.892],[71.3248,18.9093],[71.3269,18.9203],[71.3302,18.9367],[71.3323,18.9479],[71.3356,18.9652],[71.3384,18.9769],[71.3423,18.9944],[71.3448,19.0055],[71.3496,19.0227],[71.3523,19.0343],[71.3563,19.0516],[71.359,19.0635],[71.3629,19.0806],[71.3654,19.0918],[71.3694,19.1094],[71.372,19.1209],[71.376,19.1387],[71.3782,19.1507],[71.3824,19.1675],[71.3846,19.1788],[71.3889,19.1956],[71.3913,19.2066],[71.395,19.2241],[71.3973,19.2355],[71.4006,19.2533]]},"properties":{"mmsi":992719499,"name":"Cargo 9499","role":"background","vessel_type":70,"synthetic":true,"t_offset_s":[54853,54973,55213,55573,55813,56173,56413,56773,57013,57373,57613,57973,58213,58573,58813,59173,59413,59773,60013,60373,60613,60973,61213,61573,61813,62173,62413,62773,63013,63373,63613,63973,64213,64573,64813,65173,65413,65773,66013,66373,66613,66973,67213,67573,67813,68173,68413,68773,69013,69373,69613,69973,70213,70573,70813,71173,71413,71773,72013,72373,72613,72973,73213,73573,73813,74173,74413,74773,75013,75373,75613,75973,76213,76573,76813,77173,77413,77773,78013,78373,78613,78973,79213,79573,79813,80173,80413,80773,81013,81373,81613,81973,82213,82573,82813,83173,83413,83773,84013,84373,84613,84973,85213,85573,85813,86173],"sog":[10.9,10.5,10.2,9.9,10.4,10.1,10.4,10.4,11.1,10.5,10.1,9.9,10.3,10.8,11,10.9,10.4,10.4,10.1,10.6,10.6,10.6,10.5,10.7,10.4,10.2,10.5,10.6,10.3,10.2,10.3,9.8,10.7,10,10.2,10.3,10.5,10.7,10.8,10.8,11.1,10.5,10.1,10.6,10.7,10.6,10.6,10.8,10.7,9.9,10.8,10.2,10.5,10.9,10.1,10.6,10.6,10.6,10.4,10.3,10.6,10.4,10.6,10.5,10.2,10.7,10.4,10.3,10.4,10.6,11,10.7,10.8,10.5,10.7,10.9,9.7,10.4,10.2,10.3,10.6,10.6,10.2,9.5,10.7,10.2,11,10.7,10,10.8,10.6,10.4,10.7,10.4,10.4,11.1,10.6,10.6,10.9,10.8,10.2,10.1,10.4,10.5,10.5,10.7]}},{"type":"Feature","geometry":{"type":"LineString","coordinates":[[71.183,18.4631],[71.1865,18.4759],[71.19,18.4894],[71.1957,18.5087],[71.1992,18.5219],[71.2042,18.5408],[71.2077,18.5538],[71.213,18.5733],[71.2164,18.5867],[71.2214,18.6061],[71.2249,18.619],[71.23,18.6384],[71.2338,18.651],[71.2393,18.6702],[71.243,18.6833],[71.2483,18.7024],[71.2523,18.7154],[71.2576,18.7359],[71.2611,18.7489],[71.2666,18.7679],[71.2704,18.7806],[71.2757,18.7996],[71.2802,18.8129],[71.286,18.8313],[71.2904,18.8443],[71.2968,18.8632],[71.3011,18.8762],[71.3072,18.8952],[71.3114,18.9082],[71.3171,18.9272],[71.3214,18.9402],[71.3269,18.9595],[71.3302,18.9724],[71.3359,18.9917],[71.3397,19.0049],[71.3456,19.0244],[71.3495,19.0371],[71.356,19.0564],[71.3601,19.0692],[71.3661,19.0885],[71.3708,19.1015],[71.3775,19.1206],[71.3826,19.133],[71.3894,19.152],[71.3939,19.1652],[71.4006,19.1848],[71.405,19.1974],[71.4122,19.2168],[71.4165,19.2295],[71.423,19.2488],[71.4275,19.2614],[71.4335,19.2804],[71.4377,19.2929],[71.4444,19.3124],[71.4488,19.3254],[71.4554,19.344],[71.4596,19.3563],[71.4663,19.3754],[71.4709,19.3884],[71.4777,19.4075],[71.4823,19.4196],[71.4898,19.4384],[71.4948,19.4511],[71.5024,19.4699],[71.5074,19.4825],[71.5152,19.5009],[71.5206,19.5133],[71.5278,19.5322],[71.5331,19.5447],[71.5407,19.5641],[71.5459,19.5767],[71.5538,19.5953],[71.5592,19.6075],[71.5672,19.6254],[71.5729,19.6379],[71.5817,19.6556],[71.5877,19.6674],[71.5966,19.686],[71.6026,19.6979],[71.6114,19.7159],[71.6178,19.7282],[71.6262,19.7468],[71.6316,19.7587],[71.6405,19.7769],[71.6465,19.7885],[71.6552,19.8064],[71.6616,19.8186],[71.6708,19.8369],[71.6768,19.8488],[71.6867,19.867],[71.6926,19.8796],[71.7017,19.8974],[71.7082,19.9096],[71.7175,19.928],[71.7234,19.9399],[71.7326,19.9581],[71.7384,19.9703],[71.7475,19.9885],[71.7537,19.9999],[71.7621,20.0186],[71.768,20.0308],[71.777,20.049],[71.7831,20.0609],[71.7913,20.0792],[71.7976,20.0919],[71.8062,20.1103],[71.8123,20.1224],[71.8213,20.1401],[71.8273,20.1521],[71.8367,20.1707],[71.8426,20.1825],[71.8514,20.2],[71.8571,20.2122],[71.8658,20.2309],[71.8711,20.2427],[71.879,20.2612],[71.8844,20.274],[71.8921,20.2922],[71.8973,20.3051],[71.9052,20.3236],[71.911,20.3359],[71.9189,20.3547],[71.924,20.3669],[71.9321,20.3862],[71.9377,20.3986],[71.9459,20.417],[71.9513,20.4287],[71.9595,20.4469],[71.9651,20.4589],[71.9733,20.4776],[71.9784,20.4898],[71.9871,20.508],[71.9923,20.5201],[72.0011,20.5386],[72.0068,20.5508],[72.0153,20.569],[72.0211,20.581],[72.0296,20.5999],[72.0354,20.6119],[72.0439,20.6298],[72.0495,20.6421],[72.0582,20.6603],[72.0641,20.6722],[72.0727,20.6904],[72.0789,20.7029],[72.0877,20.7209],[72.0941,20.733],[72.1024,20.7514],[72.108,20.7632],[72.1164,20.7815],[72.1221,20.7939],[72.1303,20.8115],[72.136,20.8238],[72.1447,20.8428],[72.1503,20.855],[72.1584,20.873],[72.1643,20.885],[72.1731,20.904],[72.1789,20.9158],[72.1879,20.9338],[72.1938,20.9462],[72.2027,20.9641],[72.209,20.9765],[72.2184,20.9946],[72.2247,21.0064],[72.2341,21.0246],[72.2402,21.0359],[72.2495,21.0539],[72.2559,21.0655],[72.2657,21.0832],[72.272,21.0953],[72.2815,21.1133],[72.2878,21.125],[72.2973,21.143],[72.3036,21.1551],[72.3127,21.1728],[72.3189,21.1849],[72.3284,21.203],[72.3347,21.215],[72.3439,21.2327],[72.3503,21.2448],[72.3597,21.2634],[72.366,21.2753],[72.3758,21.293],[72.382,21.3049],[72.3918,21.3235],[72.3982,21.3355],[72.4077,21.3534],[72.4141,21.3661],[72.4235,21.3836],[72.4295,21.3953],[72.4384,21.4131],[72.4446,21.4253],[72.4533,21.4432],[72.4594,21.4549],[72.4688,21.473],[72.4747,21.4852],[72.4833,21.5027],[72.4891,21.5152],[72.4975,21.5328],[72.5033,21.5451],[72.512,21.5634],[72.5172,21.5759],[72.5256,21.5945],[72.5314,21.6071],[72.5396,21.6254],[72.5454,21.6377],[72.5542,21.6563],[72.6884,21.9428],[72.696,21.9621],[72.7809,22.2039],[72.7885,22.2297],[72.7944,22.2499]]},"properties":{"mmsi":993496553,"name":"Cargo 6553","role":"candidate","vessel_type":70,"synthetic":true,"t_offset_s":[-207753,-207513,-207273,-206913,-206673,-206313,-206073,-205713,-205473,-205113,-204873,-204513,-204273,-203913,-203673,-203313,-203073,-202713,-202473,-202113,-201873,-201513,-201273,-200913,-200673,-200313,-200073,-199713,-199473,-199113,-198873,-198513,-198273,-197913,-197673,-197313,-197073,-196713,-196473,-196113,-195873,-195513,-195273,-194913,-194673,-194313,-194073,-193713,-193473,-193113,-192873,-192513,-192273,-191913,-191673,-191313,-191073,-190713,-190473,-190113,-189873,-189513,-189273,-188913,-188673,-188313,-188073,-187713,-187473,-187113,-186873,-186513,-186273,-185913,-185673,-185313,-185073,-184713,-184473,-184113,-183873,-183513,-183273,-182913,-182673,-182313,-182073,-181713,-181473,-181113,-180873,-180513,-180273,-179913,-179673,-179313,-179073,-178713,-178473,-178113,-177873,-177513,-177273,-176913,-176673,-176313,-176073,-175713,-175473,-175113,-174873,-174513,-174273,-173913,-173673,-173313,-173073,-172713,-172473,-172113,-171873,-171513,-171273,-170913,-170673,-170313,-170073,-169713,-169473,-169113,-168873,-168513,-168273,-167913,-167673,-167313,-167073,-166713,-166473,-166113,-165873,-165513,-165273,-164913,-164673,-164313,-164073,-163713,-163473,-163113,-162873,-162513,-162273,-161913,-161673,-161313,-161073,-160713,-160473,-160113,-159873,-159513,-159273,-158913,-158673,-158313,-158073,-157713,-157473,-157113,-156873,-156513,-156273,-155913,-155673,-155313,-155073,-154713,-154473,-154113,-153873,-153513,-153273,-152913,-152673,-152313,-152073,-151713,-151473,-151113,-150873,-150513,-150273,-149913,-149673,-149313,-149073,-148713,-148473,-148113,-147873,-147513,-147273,-146913,-146673,-146313,-146073,-145713,-140073,-139713,-135153,-134673,-134313],"sog":[11.9,12,12.1,12.2,12.1,11.4,12.7,11.7,12.1,12.1,12.1,12,12.1,12.3,12.1,11.8,12,12.5,12,11.7,11.8,11.7,12.3,12.1,11.9,12.2,12.1,12,12.3,11.7,12.2,12.1,11.8,12,11.5,12.1,11.9,12.2,12.5,12.1,12.1,12,11.5,12.1,12.5,12.3,12.3,12,12.2,12,11.7,11.7,12.1,11.9,12.3,11.8,11.6,12.2,12.3,11.5,11.9,11.8,12.6,11.9,12,12.5,11.4,12,11.9,12.4,11.6,12,11.6,11.7,12.1,11.5,12,12,11.9,12,12.3,11.9,11.6,12,11.7,12.2,12.1,12.1,12.3,12.5,11.7,12.1,12.5,12.3,11.7,11.6,12.2,12.4,12.1,12.1,12.1,12.3,11.9,11.9,12.4,12.3,11.7,11.7,11.9,12.6,12,11.8,12,12.4,11.4,12,12.2,11.8,12.5,12.1,11.6,12.1,11.9,12.3,12,12.2,11.4,11.3,12.3,11.5,11.6,11.8,11.7,11.9,12,11.6,12.1,12,12.1,11.7,12.1,11.8,11.8,12.3,12.2,11.8,12.1,11.9,11.8,12.1,11.8,11.3,11.8,12,12.7,12.1,12.1,11.6,12.1,11.6,12.4,11.9,12.2,12.1,11.7,11.8,11.8,11.7,12,11.9,11.8,11.9,12.1,11.8,11.8,11.5,11.7,12.1,12.1,11.7,11.7,11.9,12.1,12.1,12,12.3,12.2,12.3,12.3,12.1,11.7,11.9,12.1,12,11.5,11.9,12.2,11.9,12.1,11.2,12.5,11.7,12.1,12.4,12.4,12,12.3,12.2,12.3,12,12.3,12.4,12.4]}},{"type":"Feature","geometry":{"type":"LineString","coordinates":[[69.7718,17.0904],[69.7899,17.0794],[69.8017,17.0721],[69.8201,17.0603],[69.832,17.0525],[69.8493,17.0414],[69.8611,17.0337],[69.8784,17.0225],[69.8903,17.0143],[69.907,17.0026],[69.9187,16.9948],[69.9363,16.9827],[69.9475,16.9747],[69.9648,16.9634],[69.9759,16.956],[69.9935,16.9442],[70.005,16.9368],[70.0224,16.9252],[70.0341,16.9173],[70.0519,16.9055],[70.0634,16.8977],[70.0804,16.8864],[70.0924,16.8787],[70.1099,16.8666],[70.1212,16.8588],[70.138,16.8468],[70.1498,16.8384],[70.1668,16.8262],[70.1776,16.8182],[70.1945,16.8053],[70.2059,16.7971],[70.223,16.784],[70.2346,16.7759],[70.2508,16.7633],[70.2619,16.7547],[70.278,16.7418],[70.2888,16.7334],[70.3048,16.7208],[70.3157,16.7115],[70.3319,16.6987],[70.3428,16.6897],[70.3593,16.6769],[70.3702,16.6682],[70.3866,16.6545],[70.3976,16.6461],[70.4143,16.6335],[70.425,16.6246],[70.4414,16.6119],[70.4521,16.6038],[70.4685,16.5915],[70.4799,16.5831],[70.497,16.5712],[70.5085,16.5633],[70.5261,16.551],[70.5377,16.5432],[70.5542,16.5315],[70.5651,16.5237],[70.5824,16.5113],[70.5938,16.5031],[70.6107,16.4901],[70.6218,16.4823],[70.6386,16.4699],[70.6496,16.4613],[70.6665,16.4486],[70.6775,16.4403],[70.6939,16.4272],[70.7045,16.419],[70.7215,16.406],[70.7323,16.398],[70.7495,16.3856],[70.7603,16.3775],[70.7777,16.3646],[70.7889,16.356],[70.8053,16.3442],[70.8175,16.3355],[70.8343,16.3235],[70.8454,16.315],[70.8621,16.3025],[70.8733,16.2942],[70.8908,16.2815],[70.9017,16.2741],[70.9183,16.2619],[70.9296,16.2538],[70.947,16.2422],[70.9589,16.2344],[70.9766,16.2228],[70.9883,16.2149],[71.0057,16.204],[71.0181,16.1963],[71.0356,16.1845],[71.0473,16.1765],[71.0647,16.1649],[71.0768,16.1573],[71.0942,16.1458],[71.106,16.1385],[71.1238,16.1272],[71.1349,16.1196],[71.1523,16.1078],[71.1641,16.0994],[71.181,16.0872],[71.1923,16.0795],[71.21,16.0676],[71.2221,16.0601],[71.2391,16.0491],[71.2516,16.0411],[71.269,16.03],[71.2807,16.0223],[71.2979,16.0108],[71.3092,16.0029],[71.3266,15.9907],[71.3384,15.9824],[71.3557,15.9704],[71.3667,15.9626],[71.3834,15.9501],[71.3947,15.942],[71.4116,15.9297],[71.4228,15.9214],[71.4392,15.9091],[71.4504,15.9008],[71.4669,15.8879],[71.4781,15.8792],[71.4949,15.8662],[71.506,15.8575],[71.5227,15.8443],[71.5331,15.8358],[71.5495,15.8225],[71.5608,15.814],[71.5773,15.8008],[71.5877,15.7914],[71.6033,15.7785],[71.6137,15.7695],[71.6303,15.7562],[71.6413,15.7472],[71.6578,15.7344],[71.6684,15.7257],[71.6851,15.7129],[71.6955,15.7045],[71.7125,15.6912],[71.7231,15.6821],[71.7393,15.6687],[71.7499,15.6597],[71.7661,15.6464],[71.7766,15.6375],[71.7924,15.6241],[71.8033,15.6153],[71.8191,15.6022],[71.8298,15.5931],[71.846,15.5797],[71.8566,15.5707],[71.8728,15.557],[71.8832,15.5482],[71.8992,15.5341],[71.9096,15.5252],[71.9256,15.5113],[71.9356,15.5024],[71.951,15.4892],[71.9616,15.4802],[71.9774,15.4667],[71.9875,15.4585],[72.0031,15.445],[72.0133,15.4363],[72.0291,15.4233],[72.0398,15.4138],[72.0557,15.4005],[72.0663,15.3912],[72.082,15.3781],[72.0924,15.3691],[72.1082,15.3557],[72.1189,15.3467],[72.1346,15.3333],[72.1454,15.3243],[72.1614,15.3118],[72.1719,15.3033],[72.1882,15.2905],[72.1989,15.2811],[72.2149,15.2679],[72.2251,15.259],[72.2405,15.2452],[72.2509,15.2355],[72.2657,15.2214],[72.2756,15.212],[72.2907,15.1976],[72.3016,15.1876],[72.3164,15.1736],[72.3266,15.1642],[72.3419,15.1499],[72.3519,15.1398],[72.3672,15.1252],[72.3771,15.1156],[72.3919,15.1012],[72.4025,15.0915],[72.4169,15.0777],[72.4272,15.0682],[72.4428,15.0544],[72.453,15.0452],[72.4685,15.0324],[72.4792,15.0232],[72.4956,15.0096],[72.5061,15.0006],[72.5222,14.9868],[72.5326,14.9777],[72.5484,14.9639],[72.5594,14.9546],[72.5751,14.9409],[72.5854,14.9315],[72.6011,14.917],[72.6114,14.908],[72.6268,14.8934],[72.6372,14.8843],[72.6527,14.871],[72.6635,14.8619],[72.6798,14.8483],[72.6899,14.839],[72.7057,14.8254],[72.7166,14.8159],[72.7318,14.8023],[72.7421,14.7931],[72.7582,14.7798],[72.7689,14.7706],[72.7846,14.757],[72.795,14.7481],[72.8111,14.7351],[72.8219,14.7264],[72.8385,14.7136],[72.8492,14.7048],[72.8658,14.6922],[72.8771,14.6837],[72.8935,14.6708],[72.9053,14.6626],[72.9215,14.6503],[72.933,14.6417],[72.9496,14.6292],[72.9606,14.6212],[72.9785,14.608],[72.9894,14.6002],[73.0067,14.5879],[73.0178,14.5799],[73.0352,14.5673],[73.0462,14.5589],[73.0632,14.546],[73.0743,14.5376],[73.0915,14.525],[73.1029,14.5169],[73.12,14.5047],[73.1312,14.4966],[73.1477,14.484],[73.1589,14.476],[73.1748,14.463],[73.1855,14.4544],[73.2022,14.4416],[73.213,14.4333],[73.2302,14.42],[73.2416,14.4118],[73.2585,14.3991],[73.2697,14.3905],[73.2862,14.3776],[73.2966,14.3696],[73.3132,14.357],[73.3244,14.3489],[73.3414,14.3367],[73.3529,14.3281],[73.3701,14.3156],[73.3815,14.3076],[73.3986,14.2956],[73.4097,14.2868],[73.4262,14.2748],[73.437,14.2661],[73.4532,14.2532],[73.4637,14.2449],[73.4801,14.2321],[73.491,14.2235],[73.5076,14.2103],[73.5186,14.2014],[73.5348,14.1892],[73.5455,14.1808],[73.562,14.1678],[73.573,14.1595],[73.5897,14.1467],[73.6006,14.1377],[73.6172,14.1246],[73.628,14.1157],[73.6443,14.1028],[73.6546,14.0936],[73.6706,14.0797],[73.6809,14.0709],[73.6966,14.0576],[73.707,14.0487],[73.7237,14.0344],[73.7337,14.0252],[73.7496,14.0113],[73.7606,14.0022]]},"properties":{"mmsi":993616615,"name":"Cargo 6615","role":"candidate","vessel_type":70,"synthetic":true,"t_offset_s":[-44676,-44316,-44076,-43716,-43476,-43116,-42876,-42516,-42276,-41916,-41676,-41316,-41076,-40716,-40476,-40116,-39876,-39516,-39276,-38916,-38676,-38316,-38076,-37716,-37476,-37116,-36876,-36516,-36276,-35916,-35676,-35316,-35076,-34716,-34476,-34116,-33876,-33516,-33276,-32916,-32676,-32316,-32076,-31716,-31476,-31116,-30876,-30516,-30276,-29916,-29676,-29316,-29076,-28716,-28476,-28116,-27876,-27516,-27276,-26916,-26676,-26316,-26076,-25716,-25476,-25116,-24876,-24516,-24276,-23916,-23676,-23316,-23076,-22716,-22476,-22116,-21876,-21516,-21276,-20916,-20676,-20316,-20076,-19716,-19476,-19116,-18876,-18516,-18276,-17916,-17676,-17316,-17076,-16716,-16476,-16116,-15876,-15516,-15276,-14916,-14676,-14316,-14076,-13716,-13476,-13116,-12876,-12516,-12276,-11916,-11676,-11316,-11076,-10716,-10476,-10116,-9876,-9516,-9276,-8916,-8676,-8316,-8076,-7716,-7476,-7116,-6876,-6516,-6276,-5916,-5676,-5316,-5076,-4716,-4476,-4116,-3876,-3516,-3276,-2916,-2676,-2316,-2076,-1716,-1476,-1116,-876,-516,-276,84,324,684,924,1284,1524,1884,2124,2484,2724,3084,3324,3684,3924,4284,4524,4884,5124,5484,5724,6084,6324,6684,6924,7284,7524,7884,8124,8484,8724,9084,9324,9684,9924,10284,10524,10884,11124,11484,11724,12084,12324,12684,12924,13284,13524,13884,14124,14484,14724,15084,15324,15684,15924,16284,16524,16884,17124,17484,17724,18084,18324,18684,18924,19284,19524,19884,20124,20484,20724,21084,21324,21684,21924,22284,22524,22884,23124,23484,23724,24084,24324,24684,24924,25284,25524,25884,26124,26484,26724,27084,27324,27684,27924,28284,28524,28884,29124,29484,29724,30084,30324,30684,30924,31284,31524,31884,32124,32484,32724,33084,33324,33684,33924,34284,34524,34884,35124,35484,35724,36084,36324,36684,36924,37284,37524,37884,38124,38484,38724,39084,39324,39684,39924,40284,40524,40884,41124,41484,41724,42084,42324],"sog":[11.4,11.7,12.2,12.9,11.9,11.8,12,11.7,12.5,11.6,12.3,12.3,11.7,11.8,11.4,12,12.2,12.3,11.8,12.4,12,11.8,12.4,12.6,12.3,12,12.5,11.8,12,12.3,12,12.3,12.1,11.4,12.8,12,12,12,12.4,11.8,12.1,11.9,11.9,12.3,11.6,12.3,11.9,11.9,11.8,11.6,12.3,11.8,12.3,12.1,11.9,11.7,11.4,12,12,12.2,11.7,12,12.1,12.3,11.7,12,11.7,12.2,11.3,12,12.5,12.3,12.7,12.1,12.3,11.7,12.2,12,12.6,11.9,11.9,11.9,12,12,12.4,12.4,11.8,11.9,12.3,12.1,12.3,12.4,11.9,12.2,12.4,12.4,11.7,11.8,12,12,12.1,12.3,12.1,11.4,12.8,12.4,12.2,11.8,11.9,12.3,12.3,11.8,12.3,12.7,12.3,12.1,12.3,11.7,11.7,12.2,12.4,12.7,12,12.4,11.7,12.6,12.2,12.4,11.8,12.1,11.9,12.6,12.2,12.2,11.9,12.2,11.9,12.3,12,12.2,12.2,12.1,12.2,12,12.1,11.7,12.2,12.3,12.3,12.4,11.9,12.6,11.9,12.1,11.8,11.8,12.2,12.3,11.4,11.7,11.9,11.8,12.3,11.8,11.9,11.9,12,11.9,12.1,12.4,11.9,11.7,11.7,11.5,12.7,12,11.9,11.7,12.4,11.7,12,12.2,12.4,12.7,12,12.3,12.3,12.4,12,12.1,12.3,11.7,11.9,12,11.7,11.4,12,12.3,12.6,12.6,11.7,12.4,11.8,12.4,12.3,11.9,11.5,12,12.1,11.9,12.2,12.3,12.3,12.2,12.5,11.7,12.2,11.7,12.3,12.4,12.2,12.3,12.1,12.2,12,12.1,12.1,12.3,12.7,12,12.3,12.2,11.9,12.9,11.7,12.4,11.8,12.2,11.8,12,12.3,12.2,11.9,11.9,12.2,12.3,11.5,12,11.6,11.9,12.2,13,11.9,12.1,12.4,12,11.6,12.2,11.7,12.1,12.2,12.7,11.6,11.8,12.2,12,11.8,12.1,11.8,12,12.3,11.9,11.9,12.1,12.2,12.4,11.9,12.4,12,12.6,11.4,12.4,11.7,12.1,12.3,12.1,12.1,12.6,11.9,11.8,12.2]}},{"type":"Feature","geometry":{"type":"LineString","coordinates":[[72.2357,20.3418],[72.2355,20.3262],[72.2358,20.3106],[72.2356,20.287],[72.2357,20.2711],[72.2354,20.2473],[72.2351,20.2317],[72.2354,20.2079],[72.2349,20.1922],[72.2352,20.1681],[72.235,20.1521],[72.2351,20.1278],[72.2355,20.1119],[72.2355,20.088],[72.2362,20.0724],[72.2366,20.0485],[72.2367,20.0328],[72.2361,20.0087],[72.2356,19.9925],[72.2348,19.9682],[72.2346,19.9524],[72.2346,19.9284],[72.2346,19.9122],[72.2353,19.8885],[72.2354,19.8729],[72.2358,19.849],[72.236,19.8331],[72.2364,19.8091],[72.2367,19.7925],[72.2375,19.7695],[72.2386,19.7533],[72.2393,19.7295],[72.2402,19.7133],[72.2413,19.6899],[72.2419,19.6737],[72.2424,19.6494],[72.2425,19.6336],[72.2431,19.6099],[72.2437,19.5937],[72.2445,19.5699],[72.2444,19.5543],[72.2458,19.5307],[72.2463,19.5143],[72.2471,19.4907],[72.2475,19.4746],[72.2484,19.4511],[72.2487,19.4343],[72.2493,19.4108],[72.2497,19.3949],[72.2497,19.3714],[72.2497,19.3552],[72.2497,19.3312],[72.2499,19.3152],[72.25,19.2914],[72.2502,19.2754],[72.2501,19.2521],[72.2503,19.2361],[72.2499,19.2124],[72.25,19.1962],[72.2497,19.1723],[72.25,19.1565],[72.2502,19.1326],[72.2501,19.1174],[72.2496,19.0942],[72.2494,19.078],[72.2489,19.055],[72.2488,19.0393],[72.2489,19.0155],[72.2491,18.999],[72.2492,18.9756],[72.2494,18.96],[72.2494,18.9367],[72.249,18.9205],[72.2495,18.8968],[72.2493,18.8809],[72.2489,18.8567],[72.2488,18.8412],[72.2483,18.817],[72.248,18.801],[72.2475,18.7768],[72.2472,18.7608],[72.2465,18.7368],[72.2464,18.7205],[72.2469,18.6963],[72.2466,18.6799],[72.2462,18.6564],[72.2457,18.6407],[72.2455,18.6173],[72.2449,18.6014],[72.2439,18.577],[72.2427,18.5616],[72.2416,18.5379],[72.2407,18.5222],[72.2391,18.4981],[72.238,18.4824],[72.237,18.4582],[72.2357,18.4422],[72.2347,18.4181],[72.2337,18.4023],[72.2316,18.3785],[72.2299,18.3626],[72.228,18.3389],[72.227,18.3229],[72.2245,18.2991],[72.223,18.2837],[72.2205,18.2601],[72.2189,18.2446],[72.2171,18.221],[72.2159,18.205],[72.2141,18.1812],[72.2128,18.1656],[72.2113,18.1413],[72.2095,18.1258],[72.2074,18.1026],[72.2059,18.0866],[72.2047,18.0629],[72.2032,18.0467],[72.202,18.0238],[72.2009,18.0076],[72.2003,17.9837],[72.1999,17.9679],[72.1985,17.9445],[72.1976,17.9285],[72.196,17.9045],[72.1951,17.8896],[72.193,17.865],[72.192,17.8499],[72.1899,17.8256],[72.1884,17.8098],[72.1861,17.7856],[72.1842,17.7698],[72.1815,17.7464],[72.1796,17.7306],[72.1765,17.7069],[72.1744,17.691],[72.1709,17.6673],[72.1687,17.6523],[72.1651,17.6284],[72.163,17.6128],[72.1588,17.5895],[72.1561,17.5737],[72.1523,17.5499],[72.1499,17.5342],[72.146,17.5106],[72.1425,17.4953],[72.1381,17.4724],[72.1352,17.4569],[72.1304,17.433],[72.1271,17.4179],[72.1222,17.3942],[72.1194,17.3785],[72.1152,17.3554],[72.1126,17.3394],[72.1087,17.3165],[72.1061,17.3008],[72.1029,17.2772],[72.1003,17.2615],[72.0968,17.2379],[72.0946,17.2217],[72.0904,17.1986],[72.0884,17.183],[72.0838,17.1598],[72.0814,17.1437],[72.0779,17.1204],[72.0756,17.1049],[72.0718,17.0815],[72.0696,17.0655],[72.0655,17.0416],[72.0626,17.0257],[72.0591,17.0023],[72.0565,16.9862],[72.0523,16.9631],[72.0496,16.9476],[72.0449,16.9243],[72.0416,16.9095],[72.0372,16.8858],[72.0343,16.87],[72.0303,16.8466],[72.0272,16.8311],[72.0232,16.807],[72.0206,16.7911],[72.0175,16.7684],[72.0146,16.7527],[72.0114,16.7288],[72.0087,16.7131],[72.0056,16.6894],[72.0035,16.6734],[72.0004,16.6498],[71.9984,16.6334],[71.9951,16.6101],[71.9929,16.5942],[71.9896,16.5713],[71.9869,16.5549],[71.9833,16.5318],[71.9809,16.5159],[71.9776,16.4921],[71.9751,16.4765],[71.9719,16.4527],[71.9696,16.4369],[71.9667,16.4132],[71.9648,16.3975],[71.9613,16.3735],[71.9593,16.3576],[71.9566,16.3335],[71.9548,16.3178],[71.9519,16.2938],[71.9498,16.2784],[71.9464,16.2547],[71.9442,16.2394],[71.9407,16.2158],[71.9382,16.2],[71.9345,16.1768],[71.9323,16.1613],[71.9291,16.1371],[71.9265,16.1215],[71.9227,16.0983],[71.92,16.0823],[71.9163,16.0591],[71.9144,16.0431],[71.911,16.019],[71.9086,16.0034],[71.9053,15.9797],[71.9022,15.9637],[71.8986,15.9402],[71.8963,15.925],[71.8917,15.9013],[71.8888,15.886],[71.8844,15.8631],[71.8809,15.8476],[71.8755,15.8237],[71.8719,15.8081],[71.8662,15.7846],[71.8624,15.7694],[71.8567,15.7465],[71.8526,15.7312],[71.847,15.708],[71.8423,15.6929],[71.835,15.6699],[71.8303,15.655],[71.8226,15.6329],[71.8175,15.6173],[71.8104,15.594],[71.8052,15.5795],[71.798,15.5563],[71.7929,15.5409],[71.7861,15.5182],[71.7816,15.5031],[71.775,15.48],[71.7706,15.4643],[71.7639,15.4412],[71.7598,15.4254],[71.7534,15.402],[71.7489,15.3868],[71.7421,15.3642],[71.7374,15.3485],[71.7305,15.3254],[71.726,15.3101],[71.7193,15.2872],[71.7149,15.2721],[71.7087,15.2482],[71.7043,15.233],[71.6976,15.2097],[71.6932,15.1946],[71.6863,15.1712],[71.6816,15.1558],[71.6743,15.1326],[71.6699,15.1172],[71.6622,15.0944],[71.6573,15.0792],[71.6496,15.0565],[71.6444,15.0414],[71.6365,15.0183],[71.6312,15.0036],[71.623,14.9808],[71.6169,14.9659],[71.6086,14.9436],[71.6027,14.9286],[71.5941,14.9063],[71.5884,14.8913],[71.5795,14.8684],[71.5737,14.8534],[71.5658,14.8308],[71.5606,14.8159],[71.5521,14.7932],[71.5466,14.7784],[71.5381,14.7562],[71.5318,14.7412],[71.5227,14.7188],[71.5166,14.7046],[71.5072,14.6812],[71.5007,14.6664],[71.4909,14.6443],[71.4849,14.6294],[71.4754,14.6073],[71.4686,14.5932],[71.4593,14.5705],[71.453,14.5558],[71.4439,14.5338],[71.4377,14.519],[71.4283,14.4966],[71.4224,14.4816],[71.413,14.4597],[71.4072,14.4448],[71.3982,14.4219],[71.3921,14.4073],[71.3829,14.3854],[71.3773,14.3706],[71.3681,14.348],[71.3624,14.3335],[71.3535,14.3111],[71.3472,14.296],[71.338,14.2738],[71.3319,14.2589],[71.3226,14.2362],[71.3168,14.2217],[71.3079,14.1994],[71.3016,14.1846],[71.2929,14.1623],[71.2874,14.1475],[71.2781,14.1253],[71.2718,14.1104],[71.2622,14.0883],[71.256,14.073],[71.2467,14.0505],[71.2405,14.0355],[71.2316,14.0128]]},"properties":{"mmsi":993694551,"name":"Cargo 4551","role":"candidate","vessel_type":70,"synthetic":true,"t_offset_s":[-245827,-245587,-245347,-244987,-244747,-244387,-244147,-243787,-243547,-243187,-242947,-242587,-242347,-241987,-241747,-241387,-241147,-240787,-240547,-240187,-239947,-239587,-239347,-238987,-238747,-238387,-238147,-237787,-237547,-237187,-236947,-236587,-236347,-235987,-235747,-235387,-235147,-234787,-234547,-234187,-233947,-233587,-233347,-232987,-232747,-232387,-232147,-231787,-231547,-231187,-230947,-230587,-230347,-229987,-229747,-229387,-229147,-228787,-228547,-228187,-227947,-227587,-227347,-226987,-226747,-226387,-226147,-225787,-225547,-225187,-224947,-224587,-224347,-223987,-223747,-223387,-223147,-222787,-222547,-222187,-221947,-221587,-221347,-220987,-220747,-220387,-220147,-219787,-219547,-219187,-218947,-218587,-218347,-217987,-217747,-217387,-217147,-216787,-216547,-216187,-215947,-215587,-215347,-214987,-214747,-214387,-214147,-213787,-213547,-213187,-212947,-212587,-212347,-211987,-211747,-211387,-211147,-210787,-210547,-210187,-209947,-209587,-209347,-208987,-208747,-208387,-208147,-207787,-207547,-207187,-206947,-206587,-206347,-205987,-205747,-205387,-205147,-204787,-204547,-204187,-203947,-203587,-203347,-202987,-202747,-202387,-202147,-201787,-201547,-201187,-200947,-200587,-200347,-199987,-199747,-199387,-199147,-198787,-198547,-198187,-197947,-197587,-197347,-196987,-196747,-196387,-196147,-195787,-195547,-195187,-194947,-194587,-194347,-193987,-193747,-193387,-193147,-192787,-192547,-192187,-191947,-191587,-191347,-190987,-190747,-190387,-190147,-189787,-189547,-189187,-188947,-188587,-188347,-187987,-187747,-187387,-187147,-186787,-186547,-186187,-185947,-185587,-185347,-184987,-184747,-184387,-184147,-183787,-183547,-183187,-182947,-182587,-182347,-181987,-181747,-181387,-181147,-180787,-180547,-180187,-179947,-179587,-179347,-178987,-178747,-178387,-178147,-177787,-177547,-177187,-176947,-176587,-176347,-175987,-175747,-175387,-175147,-174787,-174547,-174187,-173947,-173587,-173347,-172987,-172747,-172387,-172147,-171787,-171547,-171187,-170947,-170587,-170347,-169987,-169747,-169387,-169147,-168787,-168547,-168187,-167947,-167587,-167347,-166987,-166747,-166387,-166147,-165787,-165547,-165187,-164947,-164587,-164347,-163987,-163747,-163387,-163147,-162787,-162547,-162187,-161947,-161587,-161347,-160987,-160747,-160387,-160147,-159787,-159547,-159187,-158947,-158587,-158347,-157987,-157747,-157387,-157147,-156787,-156547,-156187,-155947,-155587,-155347,-154987,-154747,-154387,-154147,-153787,-153547,-153187,-152947,-152587,-152347,-151987,-151747,-151387,-151147,-150787,-150547,-150187,-149947,-149587,-149347,-148987,-148747,-148387],"sog":[14,14,14.1,14.4,13.9,13.7,14.1,14.1,14.1,14.7,14.1,14.6,14.1,14.4,14.1,14.2,14,14.3,14.9,14.3,14.2,14.9,14.4,14.2,14.1,14.8,14.2,14.1,14.7,14.1,14.2,14.3,14.3,14.1,14.4,14.7,14.6,14.5,14.4,14.1,14.3,14.7,14.3,14.3,14.6,14.8,14.3,13.7,14.7,14.2,14.3,14.1,14.4,13.9,14.3,14.2,14.2,14.2,14.6,13.8,14.3,14,14.5,14,14.3,14.4,14.2,14.6,14.3,14.1,13.5,14.2,14.2,14.2,14.5,14.6,14.1,14.3,14.5,14.6,14.5,14.5,14.5,14.9,14.4,14.4,14,14.2,14.1,14.5,14.4,14.2,14,14,14.3,14.3,14,14.9,14.3,14.2,14.7,14.3,14.4,14.5,13.7,13.4,13.8,14.1,14.8,14,14,14.6,14.2,14.2,14.2,14.1,14.4,14.1,14.8,13.9,14.3,14,13.9,14.2,13.8,14.2,13.9,14.4,14.5,14.3,14.6,14.3,14.4,13.8,14.9,14.3,13.9,14.6,13.9,14.3,14.4,14.6,13.8,14.2,14.2,13.9,13.9,14.3,14.2,14.6,14.3,14.2,14.2,14.3,13.8,14.2,14.2,14.5,14.5,14,14.1,14.1,14.3,13.9,14.3,14.2,13.9,14.9,14.4,14,14.1,14.7,14.1,14.3,14.1,14.1,14.2,14.3,14.1,13.7,14.4,14.4,13.6,14.4,14.5,14.3,14.3,14.4,14.4,14.1,13.9,14.3,14.4,13.8,14.3,14.6,14.1,14,14.8,14.3,14.2,14.3,14,14.6,14.2,14.3,14.2,13.8,13.7,14.5,13.9,13.9,14.2,14,14.2,14.3,14.1,14.5,14.9,14.2,13.7,14.2,14.8,14.1,13.8,14.4,13.2,13.9,14.5,13.9,14.4,14.1,14,14.1,14.2,14.2,14.2,13.8,14.7,14.1,14.3,14.4,13.9,14.2,14.1,13.8,13.7,14.5,14.5,14.5,14.6,14.1,14.5,14.1,14.4,14.2,14.3,14.3,14.4,14.5,14.5,14.1,14.2,14.2,14.8,14.4,14,14.2,14.3,14,14.4,14.3,14.1,14.4,13.7,14.4,14.4,14.1,14.4,14.8,14.4,14.1,14.3,14.3,14.2,14.2,14.1,14.5,14.1,14.7,14.5,14.5,14.5,14.1,14.2,14.5,14.2,14.4,15,14.6,14.4,14.1,13.9,14.5,14.8,13.8,14.2,14.1,14,14.5,14.7,14.1,14.1,14.4,14.3,14,14.2,14.5,13.9,13.9,14.5,14.7,14.8,14.5,14.2,15.1]}},{"type":"Feature","geometry":{"type":"LineString","coordinates":[[70.7857,16.5981],[70.7931,16.6229],[70.7979,16.6391],[70.805,16.6639],[70.8097,16.6802],[70.8167,16.7054],[70.8213,16.7216],[70.8281,16.7463],[70.8325,16.7622],[70.8389,16.7873],[70.8434,16.8038],[70.85,16.8281],[70.8543,16.8461],[70.8611,16.8703],[70.8653,16.8869],[70.8714,16.9123],[70.8754,16.9282],[70.8815,16.9527],[70.885,16.9697],[70.8905,16.9951],[70.8942,17.0117],[70.8997,17.0369],[70.9034,17.0539],[70.9092,17.0784],[70.9131,17.095],[70.9181,17.1198],[70.9216,17.1365],[70.9271,17.1617],[70.9303,17.178],[70.9359,17.2035],[70.9388,17.22],[70.9438,17.2448],[70.9478,17.2619],[70.9531,17.2874],[70.9567,17.3038],[70.962,17.3288],[70.9656,17.3463],[70.9711,17.3705],[70.9746,17.3876],[70.9799,17.4128],[70.9835,17.4293],[70.9878,17.4545],[70.9913,17.4713],[70.9962,17.4966],[70.9995,17.5132],[71.0041,17.5387],[71.0072,17.5553],[71.0119,17.5801],[71.0147,17.5971],[71.0188,17.6219],[71.0221,17.639],[71.0266,17.6644],[71.0297,17.6812],[71.0342,17.7069],[71.0372,17.7233]]},"properties":{"mmsi":993780561,"name":"Tanker 0561","role":"background","vessel_type":80,"synthetic":true,"t_offset_s":[69945,70305,70545,70905,71145,71505,71745,72105,72345,72705,72945,73305,73545,73905,74145,74505,74745,75105,75345,75705,75945,76305,76545,76905,77145,77505,77745,78105,78345,78705,78945,79305,79545,79905,80145,80505,80745,81105,81345,81705,81945,82305,82545,82905,83145,83505,83745,84105,84345,84705,84945,85305,85545,85905,86145],"sog":[15.2,15,15.1,15.2,15.2,15.4,15,14.9,15,15.9,14.8,15.7,16.1,15.1,15.3,15.6,15.2,14.9,15.3,15.4,15.3,15.8,15.5,15.5,14.9,14.9,14.9,15.4,15.7,15.2,14.9,14.7,15.7,15.9,15.2,15.3,15.5,15.3,15.6,15.1,15.2,15.2,15.2,15.1,15.7,15.4,15,15.1,15.2,14.9,15.5,15.5,15.4,15.3,14.8]}},{"type":"Feature","geometry":{"type":"LineString","coordinates":[[69.4669,17.6145],[69.4605,17.6162],[69.461,17.6203],[69.4643,17.6248],[69.4687,17.6263],[69.474,17.6243],[69.4773,17.6217],[69.4784,17.6149],[69.4784,17.6106],[69.4796,17.6032],[69.4805,17.599],[69.4807,17.5923],[69.4804,17.5867],[69.4871,17.5828],[69.4895,17.578],[69.4913,17.5711],[69.4948,17.5671],[69.4972,17.5602],[69.5,17.5578],[69.5074,17.5571],[69.5114,17.5571],[69.5197,17.5574],[69.5228,17.5562],[69.5296,17.5565],[69.5336,17.5542],[69.5384,17.5491],[69.5412,17.5447],[69.5434,17.5385],[69.5449,17.5343],[69.5425,17.5294],[69.5412,17.524],[69.5423,17.5168],[69.5427,17.5134],[69.5426,17.5069],[69.5408,17.5027],[69.5374,17.4981],[69.5397,17.4945],[69.5465,17.4915],[69.5499,17.4896],[69.5536,17.486],[69.5526,17.4821],[69.5457,17.4831],[69.5406,17.4812],[69.5371,17.4752],[69.5358,17.4717],[69.5299,17.4676],[69.5263,17.4637],[69.524,17.4598],[69.5262,17.4562],[69.5308,17.4526],[69.5334,17.4482],[69.5403,17.4456],[69.5466,17.4432],[69.5518,17.4403],[69.5547,17.4367],[69.5551,17.4309],[69.5512,17.4272],[69.5446,17.4251],[69.5402,17.4238],[69.5335,17.4218],[69.5304,17.4198],[69.5239,17.4195],[69.521,17.4205],[69.5147,17.4235],[69.5095,17.4223],[69.5037,17.4229],[69.5,17.4223],[69.4944,17.4261],[69.4915,17.4283],[69.4831,17.4234],[69.4774,17.4218],[69.4716,17.4208],[69.4702,17.4238],[69.4744,17.4284],[69.4777,17.4312],[69.4835,17.4341],[69.4889,17.4349],[69.4953,17.4334],[69.5003,17.4325],[69.5057,17.435],[69.5086,17.4386],[69.5143,17.443],[69.5171,17.441],[69.5225,17.4391],[69.5268,17.4417],[69.5299,17.4479],[69.5334,17.4464],[69.5401,17.4484],[69.5445,17.445],[69.5498,17.4487],[69.5529,17.4502],[69.5596,17.453],[69.5625,17.455],[69.5687,17.4584],[69.5728,17.4557],[69.5781,17.4522],[69.5808,17.4485],[69.5762,17.4441],[69.5729,17.4409],[69.5722,17.4363],[69.5712,17.4312],[69.5685,17.4253],[69.5672,17.4224],[69.5624,17.4202],[69.559,17.416],[69.557,17.4106],[69.553,17.4074],[69.5477,17.405],[69.5444,17.4066],[69.5401,17.4067],[69.5383,17.4087],[69.5303,17.4097],[69.527,17.4118],[69.5242,17.4174],[69.5207,17.4193],[69.5154,17.425],[69.5109,17.4265],[69.5041,17.4261],[69.5028,17.4307],[69.5038,17.4357],[69.4999,17.4392],[69.502,17.4442],[69.5028,17.4456],[69.5027,17.4501],[69.5008,17.4551],[69.5032,17.4621],[69.507,17.4634],[69.5146,17.4642],[69.5176,17.4675],[69.5174,17.473],[69.5213,17.4781],[69.525,17.4816],[69.528,17.484],[69.5331,17.4883],[69.5377,17.4878],[69.5392,17.4811],[69.5381,17.4767],[69.5316,17.473],[69.5293,17.4717],[69.5243,17.4679],[69.5202,17.4656],[69.5121,17.4634],[69.5082,17.4615],[69.5007,17.4585],[69.4972,17.4556],[69.497,17.4498],[69.4976,17.4475],[69.5028,17.443],[69.5078,17.4398],[69.5098,17.434],[69.5092,17.4284],[69.5102,17.4218],[69.5131,17.4176],[69.5146,17.4119],[69.5159,17.4062],[69.5171,17.4006],[69.5173,17.3961],[69.5145,17.3905],[69.51,17.3889],[69.5051,17.3868],[69.5006,17.3883],[69.4954,17.3934],[69.4912,17.3961],[69.4831,17.3953],[69.478,17.3944],[69.4715,17.3921],[69.4694,17.3888],[69.4671,17.3855],[69.464,17.3803],[69.4568,17.3794],[69.4522,17.3809],[69.4478,17.3831],[69.4435,17.382],[69.4358,17.382],[69.4313,17.3799],[69.4246,17.3797],[69.4191,17.3819],[69.4122,17.3798],[69.4094,17.3807],[69.4013,17.3809],[69.3978,17.3786],[69.3906,17.3766],[69.3898,17.3728],[69.3853,17.3687],[69.3821,17.3646],[69.3856,17.3587],[69.3894,17.355],[69.3897,17.3467],[69.3877,17.3437],[69.3828,17.3408],[69.3776,17.3381],[69.3707,17.3339],[69.3678,17.3296],[69.3641,17.325],[69.364,17.321],[69.3656,17.3149],[69.3683,17.3129],[69.3696,17.3072],[69.3709,17.3042],[69.3735,17.2971],[69.3707,17.2935],[69.3662,17.2951],[69.3651,17.3],[69.3637,17.3054],[69.3591,17.3101],[69.3556,17.3162],[69.3538,17.3196],[69.3516,17.3242],[69.3457,17.3256],[69.3393,17.3212],[69.3358,17.3188],[69.3302,17.3166],[69.3252,17.3179],[69.32,17.3127],[69.3242,17.3085],[69.3299,17.3064],[69.3345,17.3063],[69.3394,17.3057],[69.344,17.3077],[69.3509,17.3074],[69.3517,17.3118],[69.3551,17.3178],[69.3566,17.3216],[69.3577,17.328],[69.3591,17.3323],[69.3562,17.3366],[69.3525,17.3374],[69.345,17.338],[69.34,17.3373],[69.3381,17.33],[69.3379,17.327],[69.3343,17.3194],[69.3349,17.3148],[69.3407,17.3132],[69.3465,17.3126],[69.3504,17.3079],[69.3521,17.3036],[69.3536,17.2971],[69.353,17.2941],[69.3554,17.2881],[69.3587,17.2858],[69.3634,17.2834],[69.3683,17.2853],[69.3707,17.2912],[69.3671,17.2937],[69.3613,17.2938],[69.3591,17.294],[69.3523,17.2956],[69.3469,17.2955],[69.3406,17.2911],[69.3383,17.2851],[69.3355,17.2808],[69.3342,17.2769],[69.3324,17.2696],[69.3301,17.2676],[69.3236,17.2655],[69.3242,17.2624],[69.3269,17.2566],[69.3268,17.2514],[69.3277,17.2452],[69.3265,17.2389],[69.3197,17.2381],[69.3146,17.2381],[69.3087,17.2414],[69.306,17.2455],[69.3057,17.2535],[69.3036,17.2583],[69.3017,17.2644],[69.305,17.2687],[69.3122,17.2716],[69.3174,17.2722],[69.3242,17.2669],[69.3271,17.2633],[69.3302,17.2566],[69.3278,17.2541],[69.3254,17.2459],[69.3238,17.2413],[69.3183,17.2408],[69.3146,17.2406],[69.3129,17.2359],[69.3083,17.2334],[69.3002,17.2355],[69.2954,17.2388],[69.29,17.2394],[69.2854,17.2411],[69.282,17.2446],[69.2845,17.2495],[69.29,17.2527],[69.2942,17.253],[69.2988,17.2486],[69.3043,17.2487],[69.3103,17.2504],[69.3148,17.2505],[69.3185,17.2448],[69.3167,17.2393],[69.3168,17.2332],[69.3173,17.2308],[69.3157,17.2258],[69.3141,17.2228],[69.3133,17.2174],[69.3132,17.2137],[69.3075,17.2077],[69.3058,17.2017],[69.3031,17.1977],[69.3017,17.194],[69.3005,17.1877],[69.299,17.1834],[69.2955,17.1761],[69.2959,17.1741],[69.2967,17.1663],[69.3002,17.1645],[69.3047,17.1579],[69.3017,17.154],[69.3006,17.1475],[69.2993,17.1418],[69.2927,17.1396],[69.2886,17.1381],[69.2832,17.1362],[69.2807,17.133],[69.2819,17.1274],[69.2856,17.1246],[69.2931,17.125],[69.2976,17.1305],[69.2966,17.1363],[69.2991,17.139],[69.3061,17.1419],[69.3113,17.143],[69.318,17.142],[69.3222,17.1387],[69.3263,17.1325],[69.3273,17.1286],[69.3292,17.1238],[69.3332,17.1242],[69.3398,17.127],[69.342,17.1321],[69.3402,17.1392],[69.3385,17.143],[69.3346,17.1467],[69.331,17.1492],[69.3235,17.1475],[69.322,17.1444],[69.3216,17.1365],[69.3193,17.1332],[69.3182,17.1266],[69.3197,17.1224],[69.3203,17.1149],[69.3233,17.1113],[69.3281,17.1072],[69.3329,17.107],[69.3395,17.107],[69.3401,17.1011],[69.3402,17.0953],[69.3385,17.0917],[69.3383,17.0841],[69.3385,17.0793],[69.3379,17.0731],[69.3352,17.0693],[69.3293,17.0653],[69.3281,17.0605],[69.3253,17.0558],[69.3205,17.0572],[69.3136,17.0537],[69.3112,17.0509],[69.3111,17.0455],[69.3149,17.0423],[69.3131,17.0359],[69.3114,17.0311],[69.3105,17.024],[69.3091,17.02],[69.3058,17.0131],[69.3092,17.0098],[69.3126,17.0038],[69.3146,16.9996],[69.3205,16.9966],[69.3239,16.997],[69.3295,16.9979],[69.3336,17.0017],[69.3394,17.004],[69.3427,17.0017],[69.3497,16.9997],[69.3545,16.9969],[69.3579,16.9907],[69.3641,16.9909],[69.3716,16.9915],[69.3754,16.988],[69.38,16.9811],[69.3807,16.9776],[69.3835,16.9717],[69.3854,16.9677],[69.39,16.96],[69.3939,16.9583],[69.4012,16.9552],[69.4029,16.9524],[69.403,16.9469],[69.3996,16.9434],[69.3929,16.9407],[69.3892,16.9381],[69.3847,16.9343],[69.3816,16.9312],[69.374,16.9299],[69.3712,16.928],[69.3674,16.9244],[69.3635,16.9214],[69.3586,16.9166],[69.3591,16.9122],[69.3635,16.9081],[69.3612,16.9043],[69.36,16.8985],[69.3545,16.8971],[69.3473,16.8974],[69.3433,16.8967],[69.3439,16.9029],[69.3456,16.9067],[69.3506,16.9095],[69.3552,16.912],[69.3596,16.918],[69.3628,16.9217],[69.3664,16.9276],[69.3705,16.9278],[69.3788,16.929],[69.3824,16.9323],[69.3856,16.9377],[69.3863,16.9422],[69.3893,16.9489],[69.3892,16.9523],[69.3903,16.9585],[69.3937,16.9601],[69.4001,16.96],[69.4041,16.9615],[69.4089,16.9585],[69.4121,16.9608],[69.4163,16.9662],[69.417,16.9696],[69.4215,16.9755],[69.4235,16.9794],[69.4302,16.9798],[69.4344,16.9802],[69.4403,16.9844],[69.4436,16.9887],[69.4467,16.9945],[69.4475,16.9995],[69.4453,17.0046],[69.443,17.0071],[69.44,17.0111],[69.4346,17.0094],[69.4289,17.0047],[69.4284,16.9998],[69.4286,16.9926],[69.4302,16.9902],[69.4344,16.9861],[69.4359,16.9814],[69.4364,16.9753],[69.4398,16.9717],[69.442,16.9678],[69.4423,16.9623],[69.4367,16.9567],[69.4345,16.9521],[69.4282,16.9474],[69.4242,16.9447],[69.4193,16.9411],[69.4161,16.9388],[69.4121,16.9362],[69.408,16.9369],[69.4012,16.9397],[69.3984,16.943],[69.3914,16.9439],[69.3891,16.9488],[69.389,16.9549],[69.3901,16.9586],[69.385,16.9652],[69.3862,16.9695],[69.387,16.9787],[69.3868,16.9833],[69.3852,16.9898],[69.3873,16.9947],[69.3825,16.9998],[69.3772,17.0023],[69.3749,17.0082],[69.3745,17.0132],[69.3791,17.0144],[69.3823,17.0117],[69.3802,17.0067],[69.3777,17.0033],[69.3742,16.9982],[69.372,16.9949],[69.3723,16.9878],[69.3736,16.984],[69.3774,16.9786],[69.3808,16.9766],[69.3862,16.9755],[69.3899,16.9732],[69.3957,16.9743],[69.3995,16.972],[69.4058,16.968],[69.4096,16.9678],[69.4174,16.9691],[69.4222,16.9687],[69.4288,16.9621],[69.4301,16.9563],[69.4307,16.9503],[69.4327,16.9457],[69.436,16.9402],[69.4388,16.9346],[69.4448,16.9286],[69.4457,16.9243],[69.4469,16.9171],[69.4459,16.9135],[69.4467,16.9082],[69.4469,16.9029],[69.4445,16.8966],[69.4442,16.8926],[69.4444,16.8839],[69.4412,16.8802],[69.4375,16.8818],[69.4352,16.8855],[69.4335,16.8913],[69.4298,16.8933],[69.4227,16.8939],[69.4192,16.8968],[69.4186,16.902],[69.4162,16.905],[69.412,16.9105],[69.4078,16.9137],[69.4049,16.9182],[69.3994,16.9174],[69.3929,16.9118],[69.3942,16.907],[69.3962,16.9023],[69.3976,16.8989],[69.3991,16.8918],[69.4027,16.8878],[69.4068,16.8837],[69.4072,16.8807],[69.4108,16.8744],[69.4132,16.8729],[69.4198,16.8671],[69.4236,16.8641],[69.4267,16.8585],[69.431,16.8597],[69.4392,16.8592],[69.4421,16.8615],[69.4452,16.8673],[69.4494,16.87],[69.4577,16.8695],[69.4597,16.867],[69.4562,16.8608],[69.4528,16.8575],[69.4464,16.8533],[69.4449,16.8493],[69.4437,16.8432],[69.441,16.8395],[69.4339,16.8393],[69.4292,16.84],[69.4261,16.8364],[69.4246,16.832],[69.4223,16.8271],[69.4187,16.8275],[69.4161,16.8327],[69.4136,16.8348],[69.4097,16.8365],[69.4071,16.8376],[69.41,16.8427],[69.4135,16.8457],[69.4165,16.8508],[69.4205,16.8535],[69.4231,16.8609],[69.4229,16.8654],[69.4159,16.8678],[69.4129,16.8704],[69.4121,16.8769],[69.4085,16.8799],[69.4007,16.881],[69.397,16.8795],[69.3913,16.8761],[69.3864,16.8734],[69.3837,16.868],[69.3817,16.8638],[69.3812,16.8566],[69.3813,16.8528],[69.3851,16.8479],[69.3874,16.8429],[69.3918,16.8373],[69.3922,16.8324],[69.3923,16.828],[69.3918,16.8241],[69.3968,16.8191],[69.4011,16.8183],[69.4025,16.8127],[69.4033,16.8062],[69.402,16.8013],[69.3982,16.7984],[69.3921,16.7911],[69.3891,16.7879],[69.3862,16.7828],[69.3838,16.7799],[69.381,16.7736],[69.3813,16.7689],[69.3855,16.7637],[69.3864,16.7592],[69.3834,16.7563],[69.3806,16.7539],[69.3766,16.747],[69.3761,16.7432],[69.3762,16.7373],[69.3746,16.7325],[69.3776,16.7267],[69.3766,16.7202],[69.3709,16.7153],[69.3675,16.7135],[69.3638,16.7094],[69.361,16.7065],[69.3583,16.7007],[69.3567,16.6977],[69.3604,16.6919],[69.3634,16.6879],[69.3709,16.6861],[69.376,16.6866],[69.3814,16.6884],[69.3856,16.6899],[69.3908,16.696],[69.3891,16.7002],[69.3881,16.7069],[69.3922,16.7103],[69.3952,16.7158],[69.3936,16.7208],[69.3924,16.7275],[69.3922,16.7327],[69.3875,16.7381],[69.3812,16.7394],[69.3737,16.7418],[69.3721,16.7451],[69.3742,16.7533],[69.3797,16.7546],[69.3859,16.7499],[69.3886,16.7461],[69.3929,16.7418],[69.3933,16.7374],[69.3952,16.7303],[69.3967,16.7258],[69.403,16.7278],[69.4072,16.7287],[69.4129,16.7285],[69.4155,16.7292],[69.4209,16.7349],[69.4249,16.7382],[69.4301,16.7429],[69.4335,16.7453],[69.4387,16.7469],[69.4415,16.7434],[69.4442,16.7395],[69.4428,16.7353],[69.4423,16.7285],[69.4394,16.7257],[69.4374,16.7199],[69.4361,16.7157],[69.4339,16.7097],[69.4335,16.7066],[69.4346,16.6996],[69.4357,16.6962],[69.4377,16.6892],[69.4416,16.6859],[69.445,16.6806],[69.4459,16.6757],[69.4503,16.6721],[69.4549,16.6676],[69.4631,16.665],[69.4675,16.6621],[69.4729,16.6586],[69.4764,16.6539],[69.4812,16.6504],[69.4809,16.645],[69.4752,16.6426],[69.472,16.6418],[69.4668,16.6383],[69.4632,16.6378],[69.4577,16.6419],[69.4572,16.6465],[69.4595,16.6515],[69.4616,16.6573],[69.4587,16.6634],[69.4552,16.6654],[69.449,16.6677],[69.4473,16.6704],[69.4446,16.6756],[69.4426,16.6795],[69.4386,16.6849],[69.4378,16.6894],[69.4367,16.6958],[69.4347,16.6983],[69.4293,16.7024],[69.4287,16.707],[69.432,16.7137],[69.4368,16.7165],[69.437,16.7232],[69.4337,16.7273],[69.4282,16.7298],[69.4256,16.7317],[69.4184,16.7324],[69.4142,16.734],[69.4091,16.7393],[69.4046,16.7412],[69.3994,16.7473],[69.3952,16.75],[69.3893,16.7548],[69.3882,16.7593],[69.3834,16.7618],[69.3812,16.7658],[69.3747,16.7694],[69.3689,16.7718],[69.3667,16.7772],[69.3696,16.7815],[69.3698,16.7882],[69.3688,16.7932],[69.3649,16.798],[69.361,16.8013],[69.3579,16.8081],[69.3543,16.8113],[69.3481,16.8145],[69.3488,16.8185],[69.347,16.8229],[69.3425,16.8257],[69.3393,16.8282],[69.3356,16.8309],[69.3301,16.8353],[69.3278,16.8341],[69.3246,16.8288],[69.3242,16.8242],[69.3269,16.8173],[69.33,16.8155],[69.3374,16.8165],[69.342,16.8171],[69.3471,16.8215],[69.3506,16.8236],[69.3546,16.8289],[69.356,16.8325],[69.3615,16.8372],[69.365,16.8414],[69.3673,16.8478],[69.3658,16.8532],[69.3694,16.8581],[69.3744,16.8574],[69.3814,16.8581],[69.3853,16.8588],[69.391,16.8545],[69.3922,16.8509],[69.3932,16.8431],[69.3937,16.8387],[69.3953,16.8333],[69.3986,16.8292],[69.4048,16.8275],[69.409,16.8251],[69.4116,16.8204],[69.41,16.8147],[69.4153,16.8117],[69.42,16.8125],[69.4248,16.8138],[69.4285,16.8146],[69.4308,16.8194],[69.4315,16.8245],[69.4324,16.831],[69.4305,16.833],[69.4263,16.8384],[69.4286,16.8413],[69.4286,16.8464],[69.4329,16.8513],[69.4338,16.8574],[69.4307,16.8605],[69.4301,16.8675],[69.4309,16.8717],[69.431,16.8797],[69.4274,16.882],[69.4199,16.8831],[69.4183,16.8863],[69.4195,16.8931],[69.4227,16.8952],[69.4283,16.8914],[69.4293,16.8873],[69.4301,16.8817],[69.4314,16.8761],[69.4285,16.8714],[69.4254,16.8695],[69.423,16.8637],[69.4222,16.8589],[69.4195,16.852],[69.4183,16.847],[69.4173,16.8401],[69.4144,16.8354],[69.4121,16.8292],[69.4122,16.8251],[69.4094,16.8204],[69.4073,16.8163],[69.4036,16.8105],[69.4023,16.8061],[69.4071,16.8028],[69.4105,16.8013],[69.417,16.8017],[69.421,16.8002],[69.4226,16.7941],[69.4212,16.7897],[69.4257,16.7855],[69.4305,16.7869],[69.4374,16.7927],[69.4366,16.7971],[69.4308,16.8],[69.4264,16.8028],[69.4198,16.805],[69.4151,16.8043],[69.4074,16.8034],[69.4035,16.8058],[69.3979,16.8089],[69.396,16.8118],[69.394,16.8177],[69.3956,16.8213],[69.3968,16.8275],[69.397,16.8313],[69.4035,16.8313],[69.4064,16.8289],[69.4123,16.8253],[69.4148,16.8231],[69.4177,16.8269],[69.4151,16.8315],[69.4123,16.8364],[69.4107,16.8415],[69.4056,16.8457],[69.4012,16.8446],[69.4003,16.8383],[69.4027,16.8331],[69.4065,16.8277],[69.4085,16.8232],[69.413,16.8259],[69.417,16.8292],[69.4221,16.8337],[69.4263,16.8375],[69.432,16.8335],[69.4309,16.8296],[69.4243,16.8244],[69.422,16.8197],[69.4161,16.8163],[69.4124,16.8118],[69.4055,16.8092],[69.4001,16.8095],[69.3935,16.809],[69.389,16.8062],[69.386,16.8004],[69.3824,16.7985],[69.3768,16.7955],[69.373,16.7952],[69.3656,16.7928],[69.3626,16.7911],[69.358,16.7861],[69.3542,16.7899],[69.3486,16.7924],[69.3449,16.795],[69.341,16.8019],[69.338,16.8041],[69.3303,16.8022],[69.3263,16.8],[69.3216,16.7934],[69.3186,16.7894],[69.3162,16.7863],[69.3102,16.7866],[69.306,16.7919],[69.3031,16.7959],[69.2998,16.7993],[69.2966,16.801],[69.2893,16.8045],[69.2849,16.8062],[69.278,16.8101],[69.2742,16.8123],[69.2668,16.8091],[69.2628,16.8064],[69.2595,16.8006],[69.2617,16.7968],[69.2681,16.7955],[69.2727,16.7978],[69.2788,16.7981],[69.2822,16.7981],[69.2887,16.8038],[69.2927,16.8062],[69.2981,16.8079],[69.3029,16.8088],[69.31,16.8089],[69.315,16.8062],[69.324,16.8039],[69.3288,16.803],[69.3367,16.8034],[69.3401,16.805],[69.3462,16.8084],[69.3488,16.8105],[69.354,16.8122],[69.3581,16.8105],[69.3646,16.806],[69.3654,16.8011],[69.3696,16.7965],[69.3737,16.7951],[69.3793,16.7923],[69.3809,16.7893],[69.3805,16.7837],[69.3794,16.781],[69.3757,16.7749],[69.3754,16.771],[69.3789,16.7663],[69.3841,16.7657],[69.3892,16.7615],[69.3919,16.7575],[69.3935,16.7516],[69.3932,16.7474],[69.3905,16.7419],[69.393,16.7372],[69.3998,16.7364],[69.4042,16.7361],[69.4096,16.7396],[69.4083,16.7438],[69.402,16.745],[69.3966,16.7466],[69.3898,16.7471],[69.3847,16.749],[69.3808,16.7535],[69.3812,16.7566],[69.3766,16.7636],[69.3725,16.7672],[69.37,16.774],[69.3676,16.7792],[69.3741,16.7859],[69.3771,16.784],[69.3809,16.7781],[69.3837,16.774],[69.3879,16.7691],[69.3873,16.7637],[69.3865,16.7574],[69.3841,16.7537],[69.3773,16.7474],[69.3735,16.7448],[69.3715,16.7394],[69.3718,16.7356],[69.3697,16.7287],[69.3693,16.724],[69.3702,16.7184],[69.3674,16.7137],[69.3634,16.7086],[69.3609,16.7112],[69.3571,16.7175],[69.3545,16.7223],[69.3538,16.7294],[69.3525,16.735],[69.3537,16.7428],[69.3552,16.7473],[69.3514,16.7562],[69.3512,16.7604],[69.3547,16.766],[69.3549,16.7709],[69.3553,16.776],[69.3521,16.7805],[69.3465,16.7859],[69.3427,16.7891],[69.3378,16.7915],[69.3335,16.7916],[69.3265,16.7895],[69.3221,16.7867],[69.3185,16.7821],[69.3157,16.7786],[69.3163,16.7719],[69.3168,16.7678],[69.3138,16.7626],[69.3091,16.7624],[69.3043,16.7649],[69.2988,16.7674],[69.2941,16.7663],[69.2923,16.7637],[69.2876,16.7598],[69.2859,16.7544],[69.286,16.7471],[69.2853,16.7441],[69.282,16.7386],[69.2791,16.7366],[69.2723,16.7388],[69.2678,16.7404],[69.2616,16.7432],[69.2589,16.7457],[69.2616,16.7519],[69.2663,16.7531],[69.2731,16.7548],[69.2769,16.756],[69.2833,16.7555],[69.287,16.7553],[69.2938,16.7585],[69.2982,16.7588],[69.2999,16.7671],[69.3033,16.7703],[69.302,16.7773],[69.301,16.7821],[69.3066,16.7877],[69.3104,16.7859],[69.3175,16.7816],[69.3218,16.7789],[69.3265,16.7757],[69.3298,16.7699],[69.3319,16.7638],[69.3332,16.7578],[69.3353,16.7544],[69.3341,16.7486],[69.3397,16.7431],[69.3449,16.7434],[69.3533,16.7424],[69.3559,16.7384],[69.3623,16.7347],[69.3612,16.7315],[69.3643,16.7265],[69.3693,16.724],[69.375,16.7208],[69.3792,16.7198],[69.382,16.714],[69.3847,16.7108],[69.3896,16.7059],[69.3924,16.7023],[69.3934,16.6961],[69.3917,16.6931],[69.3844,16.6899],[69.3783,16.6916],[69.371,16.6897],[69.3681,16.6874],[69.3636,16.6876],[69.3616,16.6911],[69.3576,16.6959],[69.3552,16.7011],[69.3567,16.706],[69.3599,16.7079],[69.3608,16.7036],[69.3594,16.698],[69.3539,16.6942],[69.3495,16.6905],[69.3501,16.6855],[69.352,16.6821],[69.352,16.6747],[69.3502,16.6715],[69.3505,16.6663],[69.3528,16.6622],[69.3533,16.6555],[69.3493,16.6534],[69.3476,16.6476],[69.3433,16.6435],[69.3378,16.6409],[69.3343,16.6433],[69.3312,16.6482],[69.3315,16.6523],[69.3277,16.6578],[69.3286,16.6637],[69.3352,16.6678],[69.3391,16.6695],[69.3396,16.6744],[69.3386,16.6797],[69.3393,16.686],[69.3381,16.6909],[69.3342,16.6964],[69.3291,16.6993],[69.3213,16.7023],[69.3174,16.7051],[69.3166,16.7093],[69.319,16.7115],[69.3171,16.7184],[69.3163,16.721],[69.3136,16.7288],[69.3133,16.7332],[69.3147,16.74],[69.3189,16.7411],[69.3228,16.7347],[69.3236,16.73],[69.3175,16.7279],[69.3162,16.7262],[69.3213,16.7224],[69.3253,16.7235],[69.3293,16.7278],[69.3262,16.7289],[69.3184,16.731],[69.3146,16.7304],[69.3085,16.728],[69.3039,16.729],[69.2977,16.7309],[69.2952,16.7335],[69.2882,16.7369],[69.2849,16.7382],[69.2819,16.7425],[69.2796,16.7474],[69.2744,16.7515],[69.2711,16.7549],[69.2678,16.7622],[69.2675,16.7664],[69.2712,16.7712],[69.2742,16.775],[69.2776,16.7808],[69.2806,16.7806],[69.2883,16.7788],[69.2928,16.7789],[69.2991,16.7818],[69.3037,16.7828],[69.3093,16.7862],[69.3121,16.7914],[69.3146,16.796],[69.3142,16.7999],[69.311,16.8055],[69.3083,16.8085],[69.3052,16.8149],[69.3027,16.8192],[69.3018,16.8261],[69.3042,16.829],[69.3094,16.8345],[69.314,16.8344],[69.32,16.8348],[69.3241,16.8324],[69.3269,16.8281],[69.3317,16.8255],[69.3374,16.8272],[69.3405,16.8268],[69.3458,16.8261],[69.3498,16.8244],[69.3543,16.8213],[69.3583,16.8231],[69.365,16.8227],[69.3691,16.8223],[69.3751,16.8183],[69.3764,16.8136],[69.3831,16.8141],[69.3871,16.8177],[69.3938,16.8208],[69.3965,16.8182],[69.3956,16.8117],[69.3974,16.8071],[69.403,16.8039],[69.4038,16.8001],[69.4089,16.7951],[69.4072,16.791],[69.4006,16.7848],[69.3989,16.7812],[69.401,16.7741],[69.4022,16.7707],[69.4014,16.7642],[69.4018,16.7595],[69.4063,16.7588],[69.4112,16.7606],[69.4158,16.7578],[69.4177,16.7549],[69.4238,16.7524],[69.4256,16.7483],[69.4297,16.7457],[69.4352,16.745],[69.4418,16.7428],[69.4458,16.7417],[69.4511,16.743],[69.4538,16.7465],[69.455,16.7526],[69.4583,16.7565],[69.4633,16.762],[69.4671,16.763]]},"properties":{"mmsi":994206555,"name":"Fishing 6555","role":"background","vessel_type":30,"synthetic":true,"t_offset_s":[-259200,-258840,-258600,-258240,-258000,-257640,-257400,-257040,-256800,-256440,-256200,-255840,-255600,-255240,-255000,-254640,-254400,-254040,-253800,-253440,-253200,-252840,-252600,-252240,-252000,-251640,-251400,-251040,-250800,-250440,-250200,-249840,-249600,-249240,-249000,-248640,-248400,-248040,-247800,-247440,-247200,-246840,-246600,-246240,-246000,-245640,-245400,-245040,-244800,-244440,-244200,-243840,-243600,-243240,-243000,-242640,-242400,-242040,-241800,-241440,-241200,-240840,-240600,-240240,-240000,-239640,-239400,-239040,-238800,-238440,-238200,-237840,-237600,-237240,-237000,-236640,-236400,-236040,-235800,-235440,-235200,-234840,-234600,-234240,-234000,-233640,-233400,-233040,-232800,-232440,-232200,-231840,-231600,-231240,-231000,-230640,-230400,-230040,-229800,-229440,-229200,-228840,-228600,-228240,-228000,-227640,-227400,-227040,-226800,-226440,-226200,-225840,-225600,-225240,-225000,-224640,-224400,-224040,-223800,-223440,-223200,-222840,-222600,-222240,-222000,-221640,-221400,-221040,-220800,-220440,-220200,-219840,-219600,-219240,-219000,-218640,-218400,-218040,-217800,-217440,-217200,-216840,-216600,-216240,-216000,-215640,-215400,-215040,-214800,-214440,-214200,-213840,-213600,-213240,-213000,-212640,-212400,-212040,-211800,-211440,-211200,-210840,-210600,-210240,-210000,-209640,-209400,-209040,-208800,-208440,-208200,-207840,-207600,-207240,-207000,-206640,-206400,-206040,-205800,-205440,-205200,-204840,-204600,-204240,-204000,-203640,-203400,-203040,-202800,-202440,-202200,-201840,-201600,-201240,-201000,-200640,-200400,-200040,-199800,-199440,-199200,-198840,-198600,-198240,-198000,-197640,-197400,-197040,-196800,-196440,-196200,-195840,-195600,-195240,-195000,-194640,-194400,-194040,-193800,-193440,-193200,-192840,-192600,-192240,-192000,-191640,-191400,-191040,-190800,-190440,-190200,-189840,-189600,-189240,-189000,-188640,-188400,-188040,-187800,-187440,-187200,-186840,-186600,-186240,-186000,-185640,-185400,-185040,-184800,-184440,-184200,-183840,-183600,-183240,-183000,-182640,-182400,-182040,-181800,-181440,-181200,-180840,-180600,-180240,-180000,-179640,-179400,-179040,-178800,-178440,-178200,-177840,-177600,-177240,-177000,-176640,-176400,-176040,-175800,-175440,-175200,-174840,-174600,-174240,-174000,-173640,-173400,-173040,-172800,-172440,-172200,-171840,-171600,-171240,-171000,-170640,-170400,-170040,-169800,-169440,-169200,-168840,-168600,-168240,-168000,-167640,-167400,-167040,-166800,-166440,-166200,-165840,-165600,-165240,-165000,-164640,-164400,-164040,-163800,-163440,-163200,-162840,-162600,-162240,-162000,-161640,-161400,-161040,-160800,-160440,-160200,-159840,-159600,-159240,-159000,-158640,-158400,-158040,-157800,-157440,-157200,-156840,-156600,-156240,-156000,-155640,-155400,-155040,-154800,-154440,-154200,-153840,-153600,-153240,-153000,-152640,-152400,-152040,-151800,-151440,-151200,-150840,-150600,-150240,-150000,-149640,-149400,-149040,-148800,-148440,-148200,-147840,-147600,-147240,-147000,-146640,-146400,-146040,-145800,-145440,-145200,-144840,-144600,-144240,-144000,-143640,-143400,-143040,-142800,-142440,-142200,-141840,-141600,-141240,-141000,-140640,-140400,-140040,-139800,-139440,-139200,-138840,-138600,-138240,-138000,-137640,-137400,-137040,-136800,-136440,-136200,-135840,-135600,-135240,-135000,-134640,-134400,-134040,-133800,-133440,-133200,-132840,-132600,-132240,-132000,-131640,-131400,-131040,-130800,-130440,-130200,-129840,-129600,-129240,-129000,-128640,-128400,-128040,-127800,-127440,-127200,-126840,-126600,-126240,-126000,-125640,-125400,-125040,-124800,-124440,-124200,-123840,-123600,-123240,-123000,-122640,-122400,-122040,-121800,-121440,-121200,-120840,-120600,-120240,-120000,-119640,-119400,-119040,-118800,-118440,-118200,-117840,-117600,-117240,-117000,-116640,-116400,-116040,-115800,-115440,-115200,-114840,-114600,-114240,-114000,-113640,-113400,-113040,-112800,-112440,-112200,-111840,-111600,-111240,-111000,-110640,-110400,-110040,-109800,-109440,-109200,-108840,-108600,-108240,-108000,-107640,-107400,-107040,-106800,-106440,-106200,-105840,-105600,-105240,-105000,-104640,-104400,-104040,-103800,-103440,-103200,-102840,-102600,-102240,-102000,-101640,-101400,-101040,-100800,-100440,-100200,-99840,-99600,-99240,-99000,-98640,-98400,-98040,-97800,-97440,-97200,-96840,-96600,-96240,-96000,-95640,-95400,-95040,-94800,-94440,-94200,-93840,-93600,-93240,-93000,-92640,-92400,-92040,-91800,-91440,-91200,-90840,-90600,-90240,-90000,-89640,-89400,-89040,-88800,-88440,-88200,-87840,-87600,-87240,-87000,-86640,-86400,-86040,-85800,-85440,-85200,-84840,-84600,-84240,-84000,-83640,-83400,-83040,-82800,-82440,-82200,-81840,-81600,-81240,-81000,-80640,-80400,-80040,-79800,-79440,-79200,-78840,-78600,-78240,-78000,-77640,-77400,-77040,-76800,-76440,-76200,-75840,-75600,-75240,-75000,-74640,-74400,-74040,-73800,-73440,-73200,-72840,-72600,-72240,-72000,-71640,-71400,-71040,-70800,-70440,-70200,-69840,-69600,-69240,-69000,-68640,-68400,-68040,-67800,-67440,-67200,-66840,-66600,-66240,-66000,-65640,-65400,-65040,-64800,-64440,-64200,-63840,-63600,-63240,-63000,-62640,-62400,-62040,-61800,-61440,-61200,-60840,-60600,-60240,-60000,-59640,-59400,-59040,-58800,-58440,-58200,-57840,-57600,-57240,-57000,-56640,-56400,-56040,-55800,-55440,-55200,-54840,-54600,-54240,-54000,-53640,-53400,-53040,-52800,-52440,-52200,-51840,-51600,-51240,-51000,-50640,-50400,-50040,-49800,-49440,-49200,-48840,-48600,-48240,-48000,-47640,-47400,-47040,-46800,-46440,-46200,-45840,-45600,-45240,-45000,-44640,-44400,-44040,-43800,-43440,-43200,-42840,-42600,-42240,-42000,-41640,-41400,-41040,-40800,-40440,-40200,-39840,-39600,-39240,-39000,-38640,-38400,-38040,-37800,-37440,-37200,-36840,-36600,-36240,-36000,-35640,-35400,-35040,-34800,-34440,-34200,-33840,-33600,-33240,-33000,-32640,-32400,-32040,-31800,-31440,-31200,-30840,-30600,-30240,-30000,-29640,-29400,-29040,-28800,-28440,-28200,-27840,-27600,-27240,-27000,-26640,-26400,-26040,-25800,-25440,-25200,-24840,-24600,-24240,-24000,-23640,-23400,-23040,-22800,-22440,-22200,-21840,-21600,-21240,-21000,-20640,-20400,-20040,-19800,-19440,-19200,-18840,-18600,-18240,-18000,-17640,-17400,-17040,-16800,-16440,-16200,-15840,-15600,-15240,-15000,-14640,-14400,-14040,-13800,-13440,-13200,-12840,-12600,-12240,-12000,-11640,-11400,-11040,-10800,-10440,-10200,-9840,-9600,-9240,-9000,-8640,-8400,-8040,-7800,-7440,-7200,-6840,-6600,-6240,-6000,-5640,-5400,-5040,-4800,-4440,-4200,-3840,-3600,-3240,-3000,-2640,-2400,-2040,-1800,-1440,-1200,-840,-600,-240,0,360,600,960,1200,1560,1800,2160,2400,2760,3000,3360,3600,3960,4200,4560,4800,5160,5400,5760,6000,6360,6600,6960,7200,7560,7800,8160,8400,8760,9000,9360,9600,9960,10200,10560,10800,11160,11400,11760,12000,12360,12600,12960,13200,13560,13800,14160,14400,14760,15000,15360,15600,15960,16200,16560,16800,17160,17400,17760,18000,18360,18600,18960,19200,19560,19800,20160,20400,20760,21000,21360,21600,21960,22200,22560,22800,23160,23400,23760,24000,24360,24600,24960,25200,25560,25800,26160,26400,26760,27000,27360,27600,27960,28200,28560,28800,29160,29400,29760,30000,30360,30600,30960,31200,31560,31800,32160,32400,32760,33000,33360,33600,33960,34200,34560,34800,35160,35400,35760,36000,36360,36600,36960,37200,37560,37800,38160,38400,38760,39000,39360,39600,39960,40200,40560,40800,41160,41400,41760,42000,42360,42600,42960,43200,43560,43800,44160,44400,44760,45000,45360,45600,45960,46200,46560,46800,47160,47400,47760,48000,48360,48600,48960,49200,49560,49800,50160,50400,50760,51000,51360,51600,51960,52200,52560,52800,53160,53400,53760,54000,54360,54600,54960,55200,55560,55800,56160,56400,56760,57000,57360,57600,57960,58200,58560,58800,59160,59400,59760,60000,60360,60600,60960,61200,61560,61800,62160,62400,62760,63000,63360,63600,63960,64200,64560,64800,65160,65400,65760,66000,66360,66600,66960,67200,67560,67800,68160,68400,68760,69000,69360,69600,69960,70200,70560,70800,71160,71400,71760,72000,72360,72600,72960,73200,73560,73800,74160,74400,74760,75000,75360,75600,75960,76200,76560,76800,77160,77400,77760,78000,78360,78600,78960,79200,79560,79800,80160,80400,80760,81000,81360,81600,81960,82200,82560,82800,83160,83400,83760,84000,84360,84600,84960,85200,85560,85800,86160,86400],"sog":[4,4.8,3.2,2.3,3.8,2,4.1,2.7,3.2,2.7,3.3,3.5,5.5,2.3,4.9,3.1,5.4,4.1,3.5,4.6,4,5.1,2,3.5,3.6,3,4.9,3.3,4.4,3.9,6,5.1,3.8,5.4,4.6,4.8,4,5.3,2.7,3.4,4.8,4.3,4.1,3,3.8,6.3,4.3,3.1,4.2,4.1,4.2,4.5,5.4,3.6,3.9,5.3,4.1,3.8,3.8,3.9,3.8,2.3,2.2,3,4.2,2.7,2.7,4.9,3.8,6.5,4.1,3.4,2,4.6,2.7,4.3,4.6,3.5,5,3.2,3.8,4.1,3.3,4.1,3.9,3.8,3.4,4,4.2,5.6,2.8,6.3,3.4,4.2,4.3,3.5,4,4,4,2.1,5.3,4.6,3,2.8,4.3,3.3,3.6,3.6,3.8,1.5,3,3.6,3.8,2.5,3.3,3.2,6.1,4,6.1,4.3,4.6,2.6,1.1,4,5.2,6.3,4.3,4.7,4.7,3.3,5.1,2.8,3.7,4.4,4.2,3.4,4.9,6,2.4,4.3,5.3,6.6,4.9,5.3,5.5,3.8,1.9,4.4,4.8,3.9,3.6,4.5,5.2,5.4,4.8,4.5,5.1,4.7,4,2.3,5,5.5,4.6,4.2,2.5,4.1,4,1.5,5.7,3.3,4.2,3.3,3.9,4.6,6.2,3.9,5.9,4.1,2.5,4.3,2.8,2.7,3.6,3.3,5.7,3,4.6,5.1,3,2.8,4.4,5.3,3.5,1.7,4.3,4,3,3.3,1.9,3.5,3,4.4,5.5,4,5,3.3,2.8,2.2,6.5,5,3.9,5,3.5,6.1,6.4,3,5.6,4.4,3.9,2.9,4.5,4.2,3.8,3.6,4.3,2.5,3.6,3.7,3.8,3.6,2,4.3,4.5,4,4.4,4.3,4.3,3.5,3.1,5.4,5.3,2.5,5.8,4.2,4,2.7,1.4,3.6,4.9,5.6,6.1,1.7,3.7,4.9,2.1,3.1,3.9,2.9,4.5,3.9,5.2,4,4,4.3,5.3,4.8,3.4,5,5.1,5,6.4,5.4,3.2,5.9,3.5,4.9,3.7,2.5,3.1,2.6,4.9,5.1,5.7,2.7,5.3,4.3,4.5,4,4.9,4,5.2,4.8,5.3,3.1,5.2,3.5,2.3,2.8,2.7,3.3,3.1,5.2,5.8,3.8,3.7,2,4.6,6.8,2.2,3,4.9,5.6,5.2,4.9,5.6,4.6,3.4,1.9,3.7,3.8,5.1,4.4,5.1,3.5,2.4,6.4,4.6,3.5,5,5.1,3.7,2.5,3.9,3.8,4.9,5.2,4.1,2.7,1.9,6,2.9,3.5,3.1,3.7,5.1,3.8,4.1,4.7,4,2.8,4.1,4.7,3.8,4,5,3.9,5,4.8,5,3.9,3.6,5.1,3.4,4.4,4.9,4.1,4.5,5.1,3.3,3.4,5.6,5,4.9,2.4,2.8,4.1,4.5,3.6,3.3,4.2,4.9,3.7,5.7,5.2,4.6,3.8,3.2,4.9,4.2,5.9,4,3.2,4,3.5,4.6,3.8,3.6,3.2,2.3,5.4,3.8,3,5.1,3.8,3.7,3.3,4.7,3.1,4.4,4,3,3.9,3.2,3.5,5.4,5.1,4.2,4.5,2.9,4.1,4.3,4.8,4.7,3.5,1.8,4.6,3.6,3.2,3.7,4.1,4.4,4,1.8,3.3,4.3,4.7,2.5,4.2,3.6,3.9,3.6,2.9,3.6,2.9,6,5.4,4.6,4.4,3,3.7,4.4,3.1,3.7,3.8,3.9,5.9,4.2,5.8,3.3,4.3,4.3,2.5,2.7,4.9,4.1,3.2,3.8,3,3.2,6.9,4.4,4.3,4.4,4.8,5.3,3.2,5.4,2.9,3.2,2.6,2.4,3.8,5,4.7,3.9,5.1,4.6,3,2.7,2.9,3.1,3.5,4.7,4.3,3.2,5.8,5.2,7,5.6,4.7,4.4,3.4,6.9,5.9,4.6,4.3,3.9,4.1,4.2,4,2.9,6.2,3.6,2,4.4,3.6,3.7,5.1,4.9,3.6,2.6,3.7,3.3,4.3,5.8,3.3,3.9,2.6,4.5,4.3,5.2,3.9,2.7,5.7,1.1,5.7,3.5,3.3,4,4.5,3.5,3.4,4.7,5.2,4,4.7,4,5.7,4.2,3.1,4.8,4,3.5,1.6,4.8,2.7,4.7,2.9,2.9,2.5,3.4,4.4,3.5,3.5,3.4,4.7,4.3,2.9,3.8,4.1,3.4,4,1.5,4.2,5.7,5.3,4.8,3.9,3.8,4.3,6.3,3.5,5.3,1.8,2.2,3.9,3.7,2.6,6.3,3,2.7,5.6,4.4,3.2,4.4,4.5,4.7,3.9,3.5,3.5,2.6,3.6,2.9,3.8,3.7,2.9,6.1,3,3.5,2.7,5,3.3,3.2,3.4,4.1,4.2,5.2,2.8,3.9,5.2,4,4.6,3.7,3.5,5.8,6.1,5.6,4.2,5.1,4.8,2.6,5.4,5.4,4.8,3.9,2.8,4.4,3.8,5.9,4.2,4.3,3.8,2.7,6.1,4.3,3,3.1,3.3,4,3.9,3.8,2.6,4.3,4.1,3,4,2.7,5.1,4,4,4.7,5.5,3.5,4.6,5.4,4.3,5.6,3.9,5,1.7,3.6,4.3,1,3.3,2.8,4.3,4.1,2.5,5.6,3.5,3.4,4.3,2.3,2.5,5.4,4.2,4.2,4.3,3.7,3.9,5.1,3.4,4.8,5.6,4.5,3,2.5,4.4,4.2,4.3,3.2,4,3.6,4.8,3.7,1.5,3.8,4.5,5.9,4.6,4,4.2,3.5,2.9,4.6,4.1,3.6,4.3,5.2,3.4,4.8,2.9,4.5,4.4,2.1,5.2,4.6,5.9,4.1,4,4.8,3.9,3.3,2.7,3.4,4.6,4.2,5.5,3.6,5.4,4,4.3,3.9,4.6,3.4,4.6,4,4.2,4,3.3,4,1.7,4.8,1.9,3.9,3.3,3.9,3.4,3.9,4.1,2.7,4,1.7,2.2,5.1,5.9,4.4,5.6,4.2,5.3,3.1,4.9,3,5.1,2.9,5.2,3.9,3.8,4.6,3.9,3.5,4.4,4.8,3.8,4.4,4,4.6,4.5,4.1,3.3,5.1,3.1,3.2,4.2,3,3.1,3.2,4.4,5.6,3.8,3.2,5.4,3.6,3.4,5.2,3.8,5.1,5.7,4.2,3.6,4.2,3,3,4.2,3.1,4.4,4.1,3.5,2.2,3.3,4.1,4.1,4.2,4.2,5.3,4.3,5.2,4.2,2.8,4.6,4.9,4,4.9,4,4.5,4.3,4.3,4.9,5.3,4.3,4.1,3.7,5.3,4.3,5.2,3.6,3.3,5.3,3.5,4.3,4.5,4.3,4,5.2,3.6,5.5,4.2,4.5,5.1,2.5,5.1,4.9,3.9,2.5,3.2,4.4,3.8,3.7,4.3,5,5.1,5.5,4.3,3.7,4.4,3.1,4.4,4.3,5.6,3.4,3.4,4.9,5.5,4.1,4,4.6,3.2,4.7,3.3,3.8,4.2,5.4,4.6,4,3.4,2.9,3.6,4.9,4.1,2.9,4.1,3.3,4.3,4.3,4.1,3.2,3.8,4,3.7,3,3.3,3.7,2.4,4.6,6.2,3.1,4.6,4.2,2.2,5,5.3,4.3,4.8,5.8,3.2,4.9,3.8,3.2,5,3.2,4.7,5.4,4.3,2.1,3.9,3,4.9,3.1,5.3,3.4,3.9,4.9,5.2,5.1,3.9,6.7,4.1,4.7,2.4,3.1,5.6,2.4,4.9,4.9,4.3,3.2,4,4,3.5,3.5,4.9,4.7,4.9,3.8,5,4.2,4.5,4,2.4,4.2,4.8,4.1,2.8,3.9,2.7,4.2,4.8,2.3,3.2,4.7,4.3,3,3,3.8,1.8,4.1,3,6,4.8,3.6,4.9,4.4,3.4,3.8,4,3.2,6.5,2.9,4.9,1.3,4.9,4.2,3.2,3.9,4.3,3.4,4.6,4.6,4.6,4,2.9,4.7,1.9,4.4,3.3,3.8,4,5.4,4,4.5,3.8,4,2.8,4.4,5.7,3.3,4.8,3.5,6.1,4,3.7,3.1,2.4,4.6,2.4,1.6,5.3,3.8,3.9,2.6,5.5,4.3,3.4,2.7,3.6,3.1,4.5,4.4,5.1,4.1,4.1,3.3,3.1,5.6,5.1,4.6,5.2,2.1,4.1,5.5,3.1,2.8,4.5,3.7,4.9,2.9,5.3,2.8,2.1,4.3,3.6,4,3.9,4.3,4.6,4.4,4.4,5.2,3,3.5,2.8,2.6,5.9,2.5,4.3,3.5,4.8,3.7,3.8,3.8,3.6,5.6,3.4,3.2,3.6,4.2,5.8,3.3,3.5,3.7,3.7,4.6,5.1,4.5,3.8,4.9,4,3.4,3.8,3.4,5,3.4,2.3,4.2,3.6,2.8,5.9,4.4,3.3,4.8,4.5,5.1,4.5,5.1,4,4.3,4.9,3.5,4.6,5.6,3.8,6.3,3.3,3.7,3.7,3.5,4.2,3.5,4.7,3.2,2.8,4.4,3.7,3.3,5.8,5.2,3.5,4.5,4.2,2.9,2.7,5.7,4.9]}},{"type":"Feature","geometry":{"type":"LineString","coordinates":[[72.3644,18.9504],[72.3646,18.9368],[72.3647,18.924],[72.3654,18.9043],[72.3651,18.892],[72.3653,18.8727],[72.3657,18.8597],[72.366,18.8404],[72.366,18.8277],[72.3658,18.8084],[72.3659,18.7954],[72.3654,18.7765],[72.3651,18.7636],[72.3644,18.7441],[72.3638,18.7309],[72.3629,18.7118],[72.3622,18.6984],[72.3607,18.6793],[72.3594,18.6662],[72.3575,18.6473],[72.3562,18.6345],[72.3543,18.6155],[72.3528,18.6029],[72.3505,18.5839],[72.3491,18.5704],[72.3468,18.5519],[72.3457,18.5385],[72.3441,18.519],[72.343,18.5063],[72.3417,18.4872],[72.3408,18.4744],[72.3391,18.4553],[72.3387,18.4426],[72.3373,18.4233],[72.3364,18.4107],[72.3353,18.391],[72.3342,18.3781],[72.3323,18.3592],[72.3314,18.3461],[72.3305,18.3266],[72.3293,18.3138],[72.3284,18.2949],[72.3273,18.2817],[72.3266,18.2629],[72.326,18.2501],[72.3251,18.2312],[72.3242,18.2178],[72.3226,18.1989],[72.3213,18.1863],[72.3193,18.1672],[72.3182,18.1545],[72.3166,18.135],[72.3152,18.1217],[72.3136,18.1026],[72.3124,18.0897],[72.3112,18.07],[72.3099,18.0571],[72.3082,18.0375],[72.3068,18.0245],[72.3048,18.0051],[72.3033,17.9923],[72.3007,17.973],[72.2995,17.9605],[72.2962,17.942],[72.2946,17.9287],[72.2922,17.9092],[72.2905,17.8968],[72.288,17.8775],[72.2869,17.8646],[72.2846,17.8448],[72.2831,17.8323],[72.2812,17.8135],[72.2793,17.8006],[72.2768,17.7813],[72.2757,17.769],[72.2738,17.75],[72.2726,17.7371],[72.2705,17.7179],[72.2692,17.7048],[72.2669,17.6855],[72.2657,17.6733],[72.264,17.6541],[72.263,17.6412],[72.2617,17.6219],[72.2605,17.6088],[72.2592,17.5899],[72.2582,17.5771],[72.2569,17.5583],[72.2554,17.5459],[72.2532,17.5265],[72.2517,17.5141],[72.2496,17.4947],[72.2482,17.4821],[72.2461,17.4632],[72.2449,17.4506],[72.242,17.4307],[72.2404,17.4174],[72.2371,17.3988],[72.2349,17.3858],[72.232,17.3667],[72.23,17.3542],[72.2272,17.3351],[72.2252,17.3223],[72.2221,17.303],[72.2204,17.29],[72.2177,17.2709],[72.2157,17.2584],[72.2128,17.239],[72.2105,17.226],[72.2075,17.2074],[72.2053,17.1946],[72.2017,17.1756],[72.1996,17.1627],[72.1959,17.1431],[72.1936,17.1308],[72.1901,17.1115],[72.1879,17.0986],[72.185,17.0802],[72.1828,17.0676],[72.1797,17.0489],[72.1771,17.0358],[72.1734,17.0172],[72.171,17.0046],[72.1669,16.9856],[72.1638,16.973],[72.1601,16.954],[72.157,16.9416],[72.1532,16.9224],[72.1504,16.9095],[72.1468,16.8898],[72.1442,16.8773],[72.1404,16.8584],[72.1378,16.8458],[72.1334,16.8265],[72.131,16.8138],[72.1268,16.795],[72.1244,16.7825],[72.1206,16.7641],[72.1182,16.7506],[72.1143,16.7317],[72.1118,16.7194],[72.1077,16.7006],[72.105,16.6876],[72.1008,16.6695],[72.0984,16.6569],[72.0947,16.6379],[72.0923,16.626],[72.0883,16.6075],[72.0856,16.5948],[72.0814,16.5755],[72.0786,16.5631],[72.0742,16.5443],[72.0711,16.5319],[72.0663,16.5134],[72.0633,16.5009],[72.0585,16.4823],[72.0551,16.4704],[72.0506,16.4513],[72.0476,16.4392],[72.0429,16.4205],[72.04,16.408],[72.0357,16.389],[72.0331,16.3767],[72.0296,16.3584],[72.027,16.3467],[72.0232,16.327],[72.0206,16.3145],[72.0163,16.2957],[72.0137,16.2829],[72.01,16.2642],[72.0072,16.2509],[72.003,16.2323],[72.0002,16.2201],[71.9961,16.2009],[71.9936,16.1882],[71.9902,16.1694],[71.9877,16.1564],[71.9847,16.1376],[71.9826,16.1245],[71.9789,16.105],[71.9761,16.0922],[71.9725,16.0729],[71.9704,16.0603],[71.9667,16.0409],[71.965,16.0284],[71.9614,16.0088],[71.9593,15.996],[71.9559,15.9775],[71.9533,15.9646],[71.9502,15.9455],[71.9481,15.9332],[71.9445,15.9142],[71.9427,15.9011],[71.9399,15.882],[71.9384,15.8696],[71.9361,15.8501],[71.9343,15.8373],[71.9309,15.8184],[71.9288,15.8053],[71.925,15.7863],[71.923,15.7736],[71.9195,15.7548],[71.9174,15.7422],[71.9139,15.7235],[71.9116,15.7112],[71.9081,15.692],[71.9049,15.6791],[71.901,15.6601],[71.8991,15.6476],[71.8953,15.6285],[71.8931,15.6155],[71.8893,15.5964],[71.887,15.5837],[71.8839,15.5649],[71.8812,15.5516],[71.8779,15.5323],[71.8762,15.5195],[71.8734,15.5006],[71.8717,15.4878],[71.8695,15.468],[71.8681,15.4552],[71.8661,15.436],[71.8643,15.4234],[71.8619,15.4041],[71.8599,15.3909],[71.8568,15.3724],[71.8551,15.3596],[71.8522,15.3399],[71.8503,15.3274],[71.8467,15.3084],[71.8445,15.2954],[71.8406,15.2764],[71.8386,15.2636],[71.8351,15.2448],[71.8325,15.2315],[71.8287,15.2131],[71.8258,15.2005],[71.8215,15.1812],[71.8187,15.1693],[71.8148,15.1501],[71.812,15.1375],[71.8081,15.1185],[71.8051,15.106],[71.8011,15.087],[71.7983,15.074],[71.7942,15.0551],[71.7917,15.043],[71.7878,15.0236],[71.7854,15.0105],[71.7817,14.9917],[71.7792,14.9786],[71.7749,14.9599],[71.7726,14.9477],[71.7689,14.9284],[71.7666,14.9153],[71.7631,14.8963],[71.7607,14.8837],[71.7571,14.8652],[71.7547,14.8524],[71.7516,14.8334],[71.7497,14.8205],[71.7468,14.8016],[71.7454,14.7885],[71.7424,14.7698],[71.741,14.7567],[71.7386,14.7379],[71.7371,14.725],[71.7351,14.7056],[71.7333,14.6923],[71.7313,14.6743],[71.7301,14.6613],[71.7285,14.6419],[71.7272,14.6288],[71.7258,14.6105],[71.7252,14.5981],[71.7241,14.5787],[71.7236,14.5658],[71.7225,14.5468],[71.7218,14.5336],[71.72,14.5145],[71.719,14.5018],[71.7178,14.4821],[71.7169,14.4692],[71.7155,14.4502],[71.7145,14.4369],[71.7134,14.4177],[71.7124,14.405],[71.7107,14.3853],[71.7099,14.3721],[71.7084,14.3528],[71.7074,14.3397],[71.7058,14.3203],[71.7046,14.3079],[71.703,14.2888],[71.7018,14.2761],[71.6995,14.2571],[71.6977,14.2438],[71.6962,14.225],[71.6953,14.2123],[71.6935,14.1929],[71.6925,14.1798],[71.6909,14.1608],[71.6898,14.1478],[71.6879,14.1291],[71.6867,14.1169],[71.6846,14.0967],[71.6829,14.0838],[71.6801,14.0644],[71.6786,14.0517],[71.6761,14.0326],[71.6744,14.0196],[71.6718,14.0006]]},"properties":{"mmsi":994407652,"name":"Tanker 7652","role":"candidate","vessel_type":80,"synthetic":true,"t_offset_s":[-225445,-225205,-224965,-224605,-224365,-224005,-223765,-223405,-223165,-222805,-222565,-222205,-221965,-221605,-221365,-221005,-220765,-220405,-220165,-219805,-219565,-219205,-218965,-218605,-218365,-218005,-217765,-217405,-217165,-216805,-216565,-216205,-215965,-215605,-215365,-215005,-214765,-214405,-214165,-213805,-213565,-213205,-212965,-212605,-212365,-212005,-211765,-211405,-211165,-210805,-210565,-210205,-209965,-209605,-209365,-209005,-208765,-208405,-208165,-207805,-207565,-207205,-206965,-206605,-206365,-206005,-205765,-205405,-205165,-204805,-204565,-204205,-203965,-203605,-203365,-203005,-202765,-202405,-202165,-201805,-201565,-201205,-200965,-200605,-200365,-200005,-199765,-199405,-199165,-198805,-198565,-198205,-197965,-197605,-197365,-197005,-196765,-196405,-196165,-195805,-195565,-195205,-194965,-194605,-194365,-194005,-193765,-193405,-193165,-192805,-192565,-192205,-191965,-191605,-191365,-191005,-190765,-190405,-190165,-189805,-189565,-189205,-188965,-188605,-188365,-188005,-187765,-187405,-187165,-186805,-186565,-186205,-185965,-185605,-185365,-185005,-184765,-184405,-184165,-183805,-183565,-183205,-182965,-182605,-182365,-182005,-181765,-181405,-181165,-180805,-180565,-180205,-179965,-179605,-179365,-179005,-178765,-178405,-178165,-177805,-177565,-177205,-176965,-176605,-176365,-176005,-175765,-175405,-175165,-174805,-174565,-174205,-173965,-173605,-173365,-173005,-172765,-172405,-172165,-171805,-171565,-171205,-170965,-170605,-170365,-170005,-169765,-169405,-169165,-168805,-168565,-168205,-167965,-167605,-167365,-167005,-166765,-166405,-166165,-165805,-165565,-165205,-164965,-164605,-164365,-164005,-163765,-163405,-163165,-162805,-162565,-162205,-161965,-161605,-161365,-161005,-160765,-160405,-160165,-159805,-159565,-159205,-158965,-158605,-158365,-158005,-157765,-157405,-157165,-156805,-156565,-156205,-155965,-155605,-155365,-155005,-154765,-154405,-154165,-153805,-153565,-153205,-152965,-152605,-152365,-152005,-151765,-151405,-151165,-150805,-150565,-150205,-149965,-149605,-149365,-149005,-148765,-148405,-148165,-147805,-147565,-147205,-146965,-146605,-146365,-146005,-145765,-145405,-145165,-144805,-144565,-144205,-143965,-143605,-143365,-143005,-142765,-142405,-142165,-141805,-141565,-141205,-140965,-140605,-140365,-140005,-139765,-139405,-139165,-138805,-138565,-138205,-137965,-137605,-137365,-137005,-136765,-136405,-136165,-135805,-135565,-135205,-134965,-134605,-134365,-134005,-133765,-133405,-133165,-132805,-132565,-132205],"sog":[11.9,11.9,11.3,11.2,11.5,11.2,11.7,11.2,11.5,11.6,11.4,11.4,11.5,11.7,11.7,11.8,11.9,11.1,11.5,11.6,11,11.2,11.7,11.1,12.1,11.9,11.5,11.7,11.5,11.2,11.6,11,11.4,11.4,11.5,11.4,11.7,11.4,11.7,11.5,11.3,11.1,11.4,11.6,11.3,11,11.5,11.8,11.3,11.3,12.1,11.5,11.6,11.1,11.5,12.1,11.8,11.8,11.8,12.1,12.1,11.6,11.3,11.5,12,11.9,11.5,11.7,11.8,11.5,11.1,11,11.9,11.4,10.7,11,11.5,11.2,11.5,11.6,11.3,11.2,11.3,12,11.1,11.2,11.5,11.5,11.2,11.6,11.4,11.7,11.4,12,11.3,11.7,11.9,11.4,11.6,11.5,11.1,11.7,11.8,11.7,11.7,11,11.6,11.3,11.7,11.6,11.9,11.1,11.8,12.2,11.7,11.8,11.5,11,11.9,11.1,12,11.4,11.8,11.6,11.3,11.5,11.6,11.6,11.8,11.8,11.3,11.7,11.2,11.7,11.9,11.3,11.5,11.7,11.7,11.3,11.2,11.2,11.7,10.8,11.8,11.5,11.1,11.3,11.6,12.1,11.3,11.5,11.8,11.6,11,11.4,11,11.5,11.3,11.8,11.2,11.4,11.3,10.8,10.7,11.9,11.4,11.9,11.5,11.1,11.7,11.4,11.4,11.8,11.4,11.4,11.6,11.2,12,12,11,11.6,11.3,12.2,10.9,11.7,11.3,11.1,11.3,11.9,11.2,11.7,11.8,11,11.3,11.2,11.8,11.2,12,11.6,11.4,11.5,11.1,11.8,11.2,11.4,12,11.1,11.5,11.8,12,11.6,11.1,11.9,11.8,11.6,11.5,11.8,11.5,12,11.5,11.5,11.5,10.9,11.9,11.4,12,11.5,11.3,11.6,11.6,11.7,11.5,11.3,11.5,11.5,11.1,12,11.2,11.2,11.4,11.6,11.5,12,11.9,11.3,11.7,11.5,12,11.6,12.3,11.4,11,11.5,12.1,11.3,11.6,10.9,11.8,11.2,11.3,11.4,11.9,11,11.8,11.4,11.5,11.7,11.8,10.8,11.6,11.5,11.7,11.2,11.1,11.5,11.5,11.3,12.1,11.5,11.7,11.7,11.2,11.5,11.6,11.4,11.3,12,11.5,11.5,11.3,11.4,11.4,11.7,11.4,11.4,11.4,11.1,11.2,12,12,11.5,11.2,11.1,11.3,12,11.7,11.4,11.5,11.7,11.8,11.8]}},{"type":"Feature","geometry":{"type":"LineString","coordinates":[[72.3311,18.245],[72.3313,18.2292],[72.3315,18.2132],[72.3317,18.19],[72.3322,18.1745],[72.3325,18.1504],[72.3328,18.1345],[72.3329,18.1106],[72.333,18.0951],[72.3337,18.0717],[72.3339,18.0559],[72.3348,18.0322],[72.3352,18.0163],[72.3357,17.9932],[72.3366,17.9776],[72.3371,17.9547],[72.3379,17.9388],[72.3385,17.9154],[72.3386,17.8995],[72.3388,17.8764],[72.339,17.8606],[72.3389,17.8367],[72.3385,17.821],[72.3377,17.7972],[72.3372,17.7816],[72.3374,17.7579],[72.3374,17.7418],[72.3373,17.718],[72.337,17.7024],[72.3362,17.6784],[72.3361,17.6624],[72.3356,17.6384],[72.3353,17.6231],[72.3348,17.5997],[72.3345,17.5842],[72.3341,17.5612],[72.3339,17.5456],[72.3335,17.5221],[72.333,17.5063],[72.3326,17.4826],[72.3325,17.4668],[72.3325,17.4428],[72.3323,17.4274],[72.3313,17.4043],[72.331,17.3881],[72.33,17.3645],[72.3293,17.348],[72.3286,17.3245],[72.3286,17.309],[72.3285,17.285],[72.3292,17.2694],[72.329,17.2455],[72.3294,17.2299],[72.3295,17.2057],[72.3295,17.1899],[72.3296,17.1665],[72.3297,17.1513],[72.3298,17.128],[72.3299,17.1125],[72.3307,17.0892],[72.331,17.0738],[72.3318,17.0503],[72.3325,17.0353],[72.3333,17.0112],[72.3345,16.9957],[72.3354,16.9723],[72.3361,16.9564],[72.3374,16.9329],[72.3377,16.9169],[72.3386,16.8939],[72.339,16.8784],[72.3391,16.8548],[72.3393,16.8392],[72.3394,16.8153],[72.3401,16.7995],[72.3398,16.7754],[72.3395,16.7594],[72.3398,16.736],[72.3398,16.7206],[72.3395,16.697],[72.3393,16.6812],[72.3392,16.6576],[72.3392,16.6422],[72.3391,16.619],[72.3386,16.6025],[72.3376,16.5789],[72.3372,16.5627],[72.3366,16.5392],[72.3365,16.5232],[72.3358,16.4999],[72.335,16.4838],[72.3346,16.4599],[72.3341,16.4444],[72.333,16.4203],[72.3325,16.4049],[72.3311,16.3811],[72.3303,16.3652],[72.329,16.3409],[72.3278,16.3255],[72.326,16.3023],[72.3249,16.2862],[72.3236,16.2625],[72.3233,16.2467],[72.322,16.2233],[72.3218,16.2076],[72.3208,16.1844],[72.3202,16.1688],[72.3202,16.1452],[72.3207,16.1293],[72.3208,16.1056],[72.3213,16.0899],[72.3218,16.0666],[72.3226,16.0506],[72.3236,16.027],[72.324,16.0109],[72.3246,15.9874],[72.3249,15.9719],[72.3252,15.9483],[72.3254,15.9329],[72.3247,15.9095],[72.3242,15.8942],[72.3231,15.8701],[72.3221,15.8539],[72.3206,15.8306],[72.3196,15.8149],[72.3187,15.7914],[72.3181,15.7757],[72.3172,15.7516],[72.3164,15.7363],[72.3149,15.7127],[72.3139,15.6971],[72.312,15.6728],[72.3106,15.6572],[72.3083,15.6337],[72.3071,15.618],[72.3047,15.5954],[72.3028,15.5792],[72.3002,15.5557],[72.2983,15.54],[72.2958,15.5169],[72.2945,15.5007],[72.2915,15.4773],[72.2897,15.4619],[72.2871,15.438],[72.2849,15.4224],[72.2822,15.3986],[72.2806,15.3832],[72.2779,15.3595],[72.2765,15.344],[72.2741,15.3199],[72.273,15.3044],[72.2713,15.2813],[72.2701,15.2653],[72.2687,15.2422],[72.2678,15.2267],[72.266,15.203],[72.2652,15.1872],[72.2635,15.164],[72.2623,15.1482],[72.2613,15.1247],[72.2608,15.1091],[72.2605,15.0855],[72.2607,15.0696],[72.2605,15.046],[72.2606,15.0308],[72.2604,15.0068],[72.261,14.9913],[72.2604,14.9675],[72.2603,14.9525],[72.2608,14.9294],[72.2605,14.9134],[72.2601,14.8893],[72.2603,14.8734],[72.2609,14.8498],[72.2612,14.8333],[72.2621,14.8102],[72.2627,14.7942],[72.2636,14.7701],[72.2639,14.7547],[72.264,14.7307],[72.264,14.7151],[72.2649,14.6917],[72.2651,14.6758],[72.2659,14.6521],[72.2669,14.6365],[72.2675,14.6128],[72.2686,14.5969],[72.2691,14.5726],[72.2697,14.5569],[72.2701,14.5326],[72.2709,14.5168],[72.2707,14.4934],[72.2709,14.4779],[72.2711,14.4539],[72.2715,14.4382],[72.2713,14.4149],[72.271,14.3992],[72.2713,14.3752],[72.2714,14.3594],[72.2724,14.3358],[72.273,14.3197],[72.2739,14.296],[72.2743,14.2802],[72.2751,14.2569],[72.275,14.2413],[72.2758,14.2181],[72.2763,14.2024],[72.2766,14.1791],[72.2768,14.163],[72.277,14.139],[72.2773,14.1235],[72.2779,14.1002],[72.278,14.0845],[72.2785,14.061],[72.2782,14.0451],[72.2786,14.0215],[72.2789,14.006]]},"properties":{"mmsi":994541160,"name":"Tanker 1160","role":"candidate","vessel_type":80,"synthetic":true,"t_offset_s":[-43935,-43695,-43455,-43095,-42855,-42495,-42255,-41895,-41655,-41295,-41055,-40695,-40455,-40095,-39855,-39495,-39255,-38895,-38655,-38295,-38055,-37695,-37455,-37095,-36855,-36495,-36255,-35895,-35655,-35295,-35055,-34695,-34455,-34095,-33855,-33495,-33255,-32895,-32655,-32295,-32055,-31695,-31455,-31095,-30855,-30495,-30255,-29895,-29655,-29295,-29055,-28695,-28455,-28095,-27855,-27495,-27255,-26895,-26655,-26295,-26055,-25695,-25455,-25095,-24855,-24495,-24255,-23895,-23655,-23295,-23055,-22695,-22455,-22095,-21855,-21495,-21255,-20895,-20655,-20295,-20055,-19695,-19455,-19095,-18855,-18495,-18255,-17895,-17655,-17295,-17055,-16695,-16455,-16095,-15855,-15495,-15255,-14895,-14655,-14295,-14055,-13695,-13455,-13095,-12855,-12495,-12255,-11895,-11655,-11295,-11055,-10695,-10455,-10095,-9855,-9495,-9255,-8895,-8655,-8295,-8055,-7695,-7455,-7095,-6855,-6495,-6255,-5895,-5655,-5295,-5055,-4695,-4455,-4095,-3855,-3495,-3255,-2895,-2655,-2295,-2055,-1695,-1455,-1095,-855,-495,-255,105,345,705,945,1305,1545,1905,2145,2505,2745,3105,3345,3705,3945,4305,4545,4905,5145,5505,5745,6105,6345,6705,6945,7305,7545,7905,8145,8505,8745,9105,9345,9705,9945,10305,10545,10905,11145,11505,11745,12105,12345,12705,12945,13305,13545,13905,14145,14505,14745,15105,15345,15705,15945,16305,16545,16905,17145,17505,17745,18105,18345,18705,18945,19305,19545,19905,20145,20505,20745],"sog":[13.8,14.4,14.1,13.5,14.4,14.2,14,14.5,14,14,14.3,14,13.8,13.5,14.5,14.2,14.3,14,14.4,13.7,14.3,14.2,14.2,14.2,13.5,13.9,14,13.9,14.3,14.2,14.1,13.9,14.2,13.8,13.7,13.6,14,14.1,13.7,14.1,13.9,14.3,13.8,13.5,14.1,14.7,14.6,14.3,14.4,14.1,14,14.1,14,14.1,14.1,13.8,13.9,13.8,13.3,14.1,13.8,14.2,13.4,14.5,13.7,14.1,14.4,14.4,14.1,13.9,14.1,14.4,13.7,14.3,14.6,13.7,14.5,14.1,13.9,13.9,13.9,13.9,13.9,14.2,14.4,13.9,14.4,14.5,14.5,13.7,14.1,13.8,14.1,13.9,14.1,14.5,14.5,14.1,14,13.6,14.3,14.1,14.4,14.2,14.2,14.4,13.8,14,14.1,13.9,14.1,13.6,14.2,14.2,14.3,14,13.7,13.7,13.8,14.2,14.2,14.7,14.3,13.7,13.8,14.6,14.3,14.7,13.9,13.8,14.3,14.6,14.1,13.7,14,13.9,14.2,14.5,14.2,14.2,14.2,14.2,14.1,14.3,14.3,13.8,14.1,14.2,14.7,14.5,13.8,13.8,13.9,14.4,13.9,14.2,14.2,13.8,13.6,14.1,13.9,13.6,14.2,14.2,13.8,14.6,14,13.4,14,14.1,13.9,14.2,14.2,14.4,14.3,14.2,14.3,14.4,14.4,14.3,13.7,14.2,14,13.9,14.4,14.6,14.2,14.5,13.9,13.9,14,13.9,13.8,14,13.8,13.9,14.1,13.9,14,13.8,14,14.4,14.1,13.9,14.1,13.9,14.2,14,14.3,14.6,13.8,14,13.8,13.8,14.3,14.3,13.9]}},{"type":"Feature","geometry":{"type":"LineString","coordinates":[[69.7713,17.0562],[69.76,17.0633],[69.749,17.0704],[69.7321,17.081],[69.7213,17.0876],[69.7042,17.0983],[69.6928,17.1055],[69.676,17.1163],[69.6653,17.1224],[69.6485,17.133],[69.6374,17.1401],[69.6208,17.1504],[69.6095,17.1571],[69.5926,17.1675],[69.5812,17.1738],[69.5651,17.1837],[69.5533,17.1908],[69.5368,17.2007],[69.5254,17.2078],[69.5083,17.218],[69.4972,17.2251],[69.4806,17.2353],[69.4693,17.2424],[69.4522,17.253],[69.441,17.26],[69.4243,17.2702],[69.413,17.2774],[69.3962,17.287],[69.3851,17.294],[69.3682,17.3037],[69.3569,17.3104],[69.3393,17.3203],[69.3282,17.327],[69.3118,17.3373],[69.3005,17.3445],[69.2835,17.3553],[69.2727,17.3623],[69.2559,17.373],[69.245,17.3797],[69.2284,17.3899],[69.217,17.3974],[69.2011,17.4075],[69.1897,17.4147],[69.1731,17.4261],[69.1623,17.4332],[69.146,17.4446],[69.1353,17.4516],[69.1192,17.4628],[69.108,17.4705],[69.0921,17.4813],[69.0813,17.4892],[69.0644,17.5001],[69.0541,17.5076],[69.0371,17.5181],[69.0266,17.5252],[69.0101,17.5358],[68.9994,17.543],[68.9825,17.5538],[68.9715,17.5604],[68.9544,17.571],[68.9436,17.5781],[68.9266,17.5888],[68.916,17.5957],[68.8992,17.6068],[68.8885,17.6141],[68.8718,17.6243],[68.8605,17.6317],[68.8434,17.6422],[68.8325,17.6491],[68.8153,17.6588],[68.8042,17.666],[68.7876,17.6765],[68.7765,17.6832],[68.7601,17.6939],[68.7491,17.7005],[68.7323,17.7111],[68.7212,17.718],[68.7045,17.7284],[68.694,17.7356],[68.6775,17.7454],[68.6663,17.7522],[68.6499,17.7631],[68.6386,17.7701],[68.6219,17.7812],[68.6109,17.7885],[68.5941,17.7986],[68.5831,17.8059],[68.5661,17.816],[68.5551,17.8228],[68.5375,17.8336],[68.5264,17.8407],[68.51,17.8513],[68.4991,17.8586],[68.4831,17.8697],[68.4719,17.8769],[68.4555,17.8889],[68.4449,17.8959],[68.4288,17.9073],[68.4179,17.9147],[68.4018,17.9256],[68.3911,17.9333],[68.3752,17.9449],[68.3642,17.953],[68.3479,17.9651],[68.3368,17.9728],[68.3214,17.9843],[68.3109,17.992],[68.2951,18.0038],[68.2843,18.0121],[68.2681,18.0229],[68.2573,18.031],[68.242,18.0424],[68.2316,18.0502],[68.2158,18.0623],[68.2053,18.0696],[68.1893,18.0818],[68.1788,18.0895],[68.1631,18.1016],[68.1525,18.1091],[68.1362,18.121],[68.1253,18.1285],[68.1095,18.1394],[68.0987,18.1467],[68.082,18.1574],[68.0713,18.1644],[68.0547,18.1757],[68.0435,18.1825],[68.0268,18.1932],[68.0157,18.2009],[67.9993,18.2113],[67.9882,18.2189],[67.9716,18.2298],[67.9603,18.2368],[67.9441,18.2475],[67.9331,18.2546],[67.9167,18.2659],[67.9063,18.2732],[67.89,18.2845],[67.8792,18.2922],[67.8634,18.3037],[67.8523,18.3106],[67.8365,18.3215],[67.8255,18.3294],[67.8095,18.3406],[67.7987,18.3479],[67.7822,18.3593],[67.7713,18.3667],[67.7549,18.3778],[67.745,18.3851],[67.7287,18.3959],[67.7177,18.4035],[67.7017,18.4143],[67.6909,18.4219],[67.6751,18.4329],[67.6642,18.4408],[67.6477,18.4516],[67.6369,18.4588],[67.6209,18.4695],[67.6104,18.477],[67.5947,18.4879],[67.5839,18.4954],[67.5675,18.5067],[67.5574,18.5144],[67.5418,18.5254],[67.5309,18.5328],[67.515,18.5437],[67.504,18.5506],[67.488,18.5613],[67.477,18.5687],[67.4602,18.5795],[67.4493,18.5866],[67.433,18.5969],[67.4219,18.604],[67.405,18.6149],[67.3937,18.6218],[67.3765,18.6321],[67.3658,18.6385],[67.3484,18.649],[67.3373,18.6555],[67.3203,18.6658],[67.3087,18.672],[67.2919,18.6823],[67.2808,18.6887],[67.2637,18.699],[67.2525,18.7053],[67.235,18.7153],[67.2236,18.7224],[67.2059,18.7329],[67.1946,18.7393],[67.1781,18.7499],[67.1671,18.7567],[67.1505,18.767],[67.1386,18.7741],[67.1212,18.784],[67.1102,18.79],[67.0934,18.7992],[67.0813,18.8053],[67.0643,18.8144],[67.0525,18.8204],[67.0353,18.8298],[67.0232,18.8364],[67.0057,18.8458],[66.9939,18.8523],[66.976,18.8615],[66.9651,18.8675],[66.9481,18.8771],[66.9368,18.8836],[66.9194,18.8938],[66.9089,18.8998],[66.8918,18.9099],[66.8802,18.9169],[66.8632,18.9272],[66.852,18.9338],[66.8347,18.944],[66.8236,18.9507],[66.8063,18.9611],[66.795,18.9678],[66.7782,18.9778],[66.7673,18.9846],[66.7502,18.9944],[66.7391,19.001],[66.7223,19.0111],[66.7113,19.018],[66.6944,19.0275],[66.6832,19.0346],[66.6666,19.0449],[66.6552,19.0518],[66.639,19.0617],[66.6275,19.0683],[66.6112,19.0783],[66.6003,19.0849],[66.5833,19.095],[66.5718,19.1016],[66.5549,19.1109],[66.5431,19.1177],[66.5252,19.128],[66.514,19.134]]},"properties":{"mmsi":994719801,"name":"Tanker 9801","role":"candidate","vessel_type":80,"synthetic":true,"t_offset_s":[-11832,-11592,-11352,-10992,-10752,-10392,-10152,-9792,-9552,-9192,-8952,-8592,-8352,-7992,-7752,-7392,-7152,-6792,-6552,-6192,-5952,-5592,-5352,-4992,-4752,-4392,-4152,-3792,-3552,-3192,-2952,-2592,-2352,-1992,-1752,-1392,-1152,-792,-552,-192,48,408,648,1008,1248,1608,1848,2208,2448,2808,3048,3408,3648,4008,4248,4608,4848,5208,5448,5808,6048,6408,6648,7008,7248,7608,7848,8208,8448,8808,9048,9408,9648,10008,10248,10608,10848,11208,11448,11808,12048,12408,12648,13008,13248,13608,13848,14208,14448,14808,15048,15408,15648,16008,16248,16608,16848,17208,17448,17808,18048,18408,18648,19008,19248,19608,19848,20208,20448,20808,21048,21408,21648,22008,22248,22608,22848,23208,23448,23808,24048,24408,24648,25008,25248,25608,25848,26208,26448,26808,27048,27408,27648,28008,28248,28608,28848,29208,29448,29808,30048,30408,30648,31008,31248,31608,31848,32208,32448,32808,33048,33408,33648,34008,34248,34608,34848,35208,35448,35808,36048,36408,36648,37008,37248,37608,37848,38208,38448,38808,39048,39408,39648,40008,40248,40608,40848,41208,41448,41808,42048,42408,42648,43008,43248,43608,43848,44208,44448,44808,45048,45408,45648,46008,46248,46608,46848,47208,47448,47808,48048,48408,48648,49008,49248,49608,49848,50208,50448,50808,51048,51408,51648,52008,52248,52608,52848,53208,53448,53808,54048,54408,54648,55008,55248,55608,55848,56208,56448,56808,57048,57408,57648,58008,58248,58608,58848],"sog":[11.1,11.4,11.2,11.7,11,11.6,11.7,11.2,11,11.1,11.3,11,11.8,11.5,11.4,11.3,11.8,11.1,11.8,11.1,11.6,11.3,11.4,11.3,11.6,11.5,11.9,11,11,10.9,11.3,11.7,11.5,11.2,12.3,11.5,11.4,11.4,11.3,11.1,12,10.8,11.1,11.6,11.2,11.5,11.1,11.3,11.6,11.1,12,11.8,11.7,11.7,11.2,11.1,11.3,11.4,11.3,12.2,11.3,11.3,11.1,11.5,11.5,11.7,11.7,11.5,11,11.4,11.1,11.5,11.4,11.1,11.5,11.2,11.7,11.3,11,11,11.3,11.2,11.2,11.9,11.3,11,11.4,11.5,11.5,11.6,11.3,11.4,11.5,11.1,11.7,11.3,11.3,11.3,11.2,11.5,11.3,11.1,12.1,11.7,11.9,11,11.3,11.6,11.5,11.6,11.5,11.3,10.9,11.3,12,11.5,11.1,11.5,11.3,11.8,11.7,11.5,11.6,10.8,11,11.7,11,12,11,11.7,11.2,11.3,11.3,11.5,11.1,11.5,11.4,11.6,10.9,11.8,11.3,11.2,11.6,11.3,11.4,11.4,11.5,11.3,11.5,10.9,11.6,11.2,11.6,11.4,10.9,11.6,11,10.8,11.2,11.1,11.4,11.5,10.9,11.3,10.7,11.4,11.2,11.4,11.5,11.8,10.9,11.3,11.2,11.5,11.3,11.4,11.2,11.3,11.1,11.8,11.6,10.9,10.8,11.5,11.3,11.8,12.4,11.8,10.9,11.5,11.1,11.5,11.8,11.8,11.6,10.5,10.9,10.9,11.5,11.4,11.8,11,11.3,11.6,10.9,11.2,10.9,11.4,10.7,11.6,11.7,11.3,11.4,11.7,11.6,11.4,11.2,11,11.4,11,11.3,11.2,11.1,11.2,11.2,11,11.7,11,11.4,10.9,11.1,11.3,11.8,10.8,11.2,11.5,11.2]}},{"type":"Feature","geometry":{"type":"LineString","coordinates":[[71.0608,17.7826],[71.0571,17.7763],[71.0524,17.7744],[71.0479,17.7809],[71.0468,17.7854],[71.0461,17.7913],[71.0444,17.7933],[71.0394,17.7973],[71.0368,17.8017],[71.0382,17.8081],[71.0387,17.8129],[71.0462,17.8144],[71.0507,17.8167],[71.0539,17.8218],[71.0541,17.8259],[71.0587,17.8318],[71.0628,17.8357],[71.0619,17.8415],[71.0562,17.8433],[71.0494,17.8452],[71.0444,17.8456],[71.0386,17.843],[71.0346,17.8381],[71.0293,17.8349],[71.0263,17.8331],[71.0203,17.8283],[71.0168,17.8299],[71.0108,17.8279],[71.0091,17.8234],[71.0021,17.8248],[70.9993,17.8293],[70.9941,17.8285],[70.9897,17.8263],[70.981,17.8273],[70.975,17.8282],[70.9699,17.8271],[70.9666,17.8256],[70.9611,17.8232],[70.9569,17.8254],[70.9513,17.8298],[70.947,17.8276],[70.9416,17.8228],[70.9383,17.8191],[70.9379,17.8113],[70.9395,17.8056],[70.937,17.8001],[70.9358,17.7965],[70.9316,17.7903],[70.9284,17.7866],[70.927,17.7786],[70.9267,17.7745],[70.9249,17.7699],[70.921,17.767],[70.9163,17.7695],[70.9128,17.7715],[70.908,17.7671],[70.9042,17.7634],[70.8986,17.7613],[70.8945,17.7645],[70.8876,17.7675],[70.8821,17.7686],[70.8748,17.7691],[70.8736,17.7666],[70.871,17.7618],[70.8693,17.7583],[70.8646,17.7529],[70.8605,17.7528],[70.8563,17.7563],[70.853,17.7607],[70.8461,17.7641],[70.8405,17.7626],[70.8384,17.7552],[70.8383,17.7507],[70.8354,17.7456],[70.8312,17.7434],[70.8256,17.7428],[70.8217,17.7456],[70.8173,17.7516],[70.8164,17.7556],[70.8142,17.7611],[70.8115,17.7655],[70.8045,17.7691],[70.8004,17.7709],[70.7966,17.7763],[70.7975,17.78],[70.8028,17.7822],[70.8068,17.7802],[70.8139,17.7761],[70.8171,17.7735],[70.8191,17.7677],[70.8156,17.7633],[70.8113,17.76],[70.8087,17.7587],[70.8007,17.7589],[70.7958,17.7585],[70.7886,17.7526],[70.7852,17.7553],[70.7791,17.7579],[70.7751,17.7601],[70.7691,17.7572],[70.7699,17.7523],[70.7762,17.7489],[70.7801,17.7443],[70.7882,17.7434],[70.7929,17.7428],[70.7975,17.7482],[70.7983,17.7519],[70.7986,17.7585],[70.8038,17.7606],[70.8092,17.766],[70.8116,17.7701],[70.8168,17.7744],[70.8188,17.7775],[70.8213,17.7845],[70.8213,17.7883],[70.8233,17.7946],[70.8235,17.7997],[70.8266,17.8054],[70.8279,17.8117],[70.8304,17.8173],[70.8303,17.8205],[70.8333,17.8258],[70.8352,17.8297],[70.8402,17.8365],[70.8445,17.8391],[70.8505,17.8431],[70.851,17.8469],[70.8507,17.8547],[70.8518,17.8577],[70.8599,17.8597],[70.8657,17.8594],[70.8732,17.8568],[70.8767,17.8566],[70.8808,17.8634],[70.8842,17.8687],[70.8796,17.8738],[70.8752,17.8774],[70.8676,17.8785],[70.8634,17.8795],[70.8564,17.8802],[70.8518,17.8815],[70.8488,17.8883],[70.8497,17.8935],[70.8515,17.9021],[70.8478,17.9049],[70.84,17.903],[70.8357,17.9018],[70.8294,17.9022],[70.8242,17.9052],[70.8209,17.911],[70.821,17.9168],[70.819,17.9228],[70.8159,17.9265],[70.8151,17.9337],[70.8197,17.9363],[70.8259,17.9371],[70.8306,17.9362],[70.8381,17.9327],[70.8403,17.9284],[70.8411,17.9211],[70.843,17.9177],[70.8445,17.9109],[70.8485,17.9123],[70.8483,17.9183],[70.8494,17.9233],[70.8498,17.9314],[70.8471,17.9363],[70.8444,17.9421],[70.8443,17.9454],[70.8403,17.9483],[70.8358,17.9519],[70.8303,17.9566],[70.8265,17.9572],[70.8203,17.9602],[70.8173,17.9631],[70.8104,17.9659],[70.8069,17.964],[70.8049,17.9566],[70.8033,17.9516],[70.8001,17.9438],[70.7987,17.9387],[70.797,17.9317],[70.7968,17.9287],[70.7973,17.9231],[70.8026,17.9216],[70.8092,17.9221],[70.8126,17.9258],[70.8164,17.9303],[70.8157,17.9332],[70.8097,17.9359],[70.8072,17.9351],[70.8051,17.9412],[70.8076,17.9448],[70.8067,17.9506],[70.8024,17.9539],[70.7957,17.9527],[70.7957,17.9487],[70.7916,17.9422],[70.7868,17.9411],[70.7813,17.9424],[70.7766,17.9425],[70.7686,17.9457],[70.7651,17.9485],[70.7598,17.9528],[70.7596,17.9576],[70.7535,17.961],[70.7502,17.9623],[70.7421,17.9649],[70.7417,17.9697],[70.736,17.9745],[70.7325,17.9748],[70.7267,17.9794],[70.7222,17.9817],[70.7149,17.9791],[70.712,17.9777],[70.7053,17.975],[70.7007,17.9715],[70.6956,17.9711],[70.694,17.9687],[70.6901,17.9642],[70.6907,17.9594],[70.6934,17.9523],[70.694,17.9474],[70.6911,17.9436],[70.6907,17.9389],[70.684,17.9345],[70.678,17.9344],[70.6742,17.9302],[70.6755,17.9247],[70.6798,17.9196],[70.6813,17.9153],[70.6842,17.9089],[70.6865,17.9056],[70.6855,17.8986],[70.6898,17.896],[70.6969,17.8934],[70.7017,17.8934],[70.7087,17.8956],[70.7121,17.8981],[70.7181,17.8983],[70.7229,17.8973],[70.7269,17.8927],[70.7318,17.8909],[70.7393,17.8888],[70.7421,17.8854],[70.7476,17.8855],[70.7516,17.8869],[70.7573,17.8878],[70.7609,17.8842],[70.7656,17.8806],[70.7706,17.8799],[70.775,17.8837],[70.7773,17.8859],[70.7839,17.8875],[70.7866,17.8916],[70.7938,17.8937],[70.7987,17.8962],[70.8013,17.9011],[70.8,17.9044],[70.7979,17.9094],[70.7934,17.9089],[70.7878,17.9116],[70.7864,17.9161],[70.7896,17.9212],[70.7931,17.9253],[70.7983,17.9303],[70.7968,17.9341],[70.7914,17.9374],[70.7883,17.9391],[70.7802,17.937],[70.776,17.9358],[70.7701,17.9323],[70.7682,17.9291],[70.7618,17.9253],[70.7595,17.9222],[70.7543,17.9182],[70.7507,17.9154],[70.7452,17.9129],[70.7466,17.9082],[70.7516,17.9029],[70.753,17.8994],[70.7576,17.8918],[70.7622,17.8873],[70.7678,17.8828],[70.7723,17.8804],[70.7725,17.8747],[70.7686,17.8717],[70.7624,17.8738],[70.7612,17.8779],[70.7583,17.8823],[70.757,17.8861],[70.7611,17.8915],[70.7629,17.8937],[70.7665,17.8999],[70.7656,17.9035],[70.7597,17.9033],[70.7555,17.9023],[70.7485,17.9006],[70.7445,17.8986],[70.7375,17.897],[70.732,17.8935],[70.7325,17.8881],[70.732,17.8844],[70.7289,17.8793],[70.725,17.88],[70.7198,17.8798],[70.7149,17.8764],[70.7064,17.8803],[70.7055,17.8845],[70.7013,17.8901],[70.6969,17.8925],[70.6916,17.896],[70.6853,17.8983],[70.6823,17.9043],[70.6806,17.909],[70.681,17.9144],[70.6835,17.9171],[70.691,17.918],[70.6964,17.918],[70.7021,17.9174],[70.7022,17.9123],[70.7073,17.9057],[70.7121,17.9033],[70.7163,17.8991],[70.7148,17.8948],[70.7159,17.886],[70.7157,17.8822],[70.7156,17.8767],[70.7191,17.8735],[70.7272,17.8725],[70.731,17.8738],[70.7375,17.8762],[70.7406,17.8806],[70.7403,17.8858],[70.7423,17.8915],[70.7399,17.8986],[70.7381,17.9035],[70.7314,17.9087],[70.7276,17.9076],[70.7224,17.9087],[70.717,17.9087],[70.7103,17.9124],[70.7061,17.9158],[70.7056,17.922],[70.7071,17.9256],[70.7138,17.9252],[70.7183,17.9242],[70.7246,17.9259],[70.7277,17.9291],[70.7351,17.9305],[70.739,17.9298],[70.7441,17.9265],[70.746,17.9248],[70.7484,17.9194],[70.7521,17.9172],[70.7607,17.9175],[70.7646,17.9176],[70.7712,17.9156],[70.7748,17.9114],[70.7807,17.908],[70.7863,17.9075],[70.7931,17.9033],[70.7957,17.8995],[70.8024,17.9017],[70.8059,17.9056],[70.8047,17.9125],[70.8041,17.9169],[70.7998,17.9248],[70.7988,17.9279],[70.793,17.9304],[70.7883,17.93],[70.7802,17.9315],[70.7774,17.9342],[70.7718,17.9384],[70.7671,17.936],[70.7601,17.9316],[70.7562,17.9298],[70.7506,17.9342],[70.7506,17.9387],[70.7498,17.9462],[70.7484,17.9503],[70.7473,17.9567],[70.7486,17.9605],[70.7554,17.9649],[70.7591,17.9618],[70.7554,17.956],[70.7546,17.9515],[70.7564,17.9436],[70.758,17.9402],[70.755,17.9347],[70.7531,17.9308],[70.7556,17.925],[70.7571,17.9208],[70.7555,17.9146],[70.7571,17.9093],[70.7566,17.9015],[70.7569,17.8961],[70.7539,17.8905],[70.7483,17.8888],[70.7414,17.8884],[70.7358,17.8897],[70.7301,17.887],[70.7251,17.8883],[70.7166,17.8918],[70.7161,17.8957],[70.7191,17.9017],[70.7235,17.9036],[70.7304,17.9066],[70.7324,17.9105],[70.7357,17.9177],[70.7389,17.9211],[70.7414,17.9269],[70.7466,17.928],[70.7546,17.9298],[70.7585,17.9329],[70.7569,17.9396],[70.7556,17.9436],[70.7555,17.9493],[70.7559,17.9535],[70.7539,17.9601],[70.7511,17.9626],[70.7432,17.9649],[70.7432,17.9694],[70.7484,17.9732],[70.752,17.9738],[70.7584,17.9711],[70.7624,17.9697],[70.769,17.9669],[70.7739,17.9673],[70.7777,17.9737],[70.7794,17.9779],[70.7829,17.9826],[70.7863,17.9837],[70.7914,17.9896],[70.7924,17.9953],[70.7863,17.9971],[70.7812,17.9993],[70.7748,17.9958],[70.7749,17.9916],[70.7756,17.9858],[70.775,17.9814],[70.7708,17.9775],[70.7663,17.9758],[70.7618,17.9786],[70.7626,17.9839],[70.7572,17.9881],[70.7513,17.9882],[70.7453,17.9845],[70.7417,17.9821],[70.7368,17.9789],[70.7352,17.9756],[70.729,17.97],[70.7264,17.9661],[70.7256,17.9592],[70.7287,17.9536],[70.7323,17.9471],[70.7354,17.9445],[70.7365,17.9377],[70.734,17.933],[70.7339,17.9259],[70.7345,17.9209],[70.7331,17.9147],[70.7327,17.9089],[70.7275,17.9041],[70.7241,17.9003],[70.7177,17.8962],[70.7114,17.8959],[70.7065,17.8898],[70.7063,17.8847],[70.7015,17.8788],[70.6955,17.8761],[70.6885,17.8753],[70.6842,17.8744],[70.6777,17.8727],[70.6761,17.8682],[70.672,17.8635],[70.6677,17.8616],[70.6608,17.8594],[70.6564,17.8591],[70.6495,17.8533],[70.6456,17.8514],[70.643,17.8455],[70.641,17.841],[70.641,17.8329],[70.6437,17.829],[70.6476,17.8236],[70.6493,17.8185],[70.648,17.8121],[70.648,17.8083],[70.6459,17.8028],[70.6425,17.7999],[70.6389,17.7932],[70.636,17.7905],[70.6337,17.7848],[70.6325,17.7791],[70.6299,17.7728],[70.6268,17.7704],[70.6207,17.7685],[70.6164,17.7654],[70.6113,17.7603],[70.6114,17.7559],[70.6134,17.7509],[70.6182,17.7479],[70.6246,17.7451],[70.6259,17.7406],[70.6295,17.7347],[70.6332,17.7316],[70.6362,17.7264],[70.6411,17.727],[70.6474,17.7301],[70.6523,17.7319],[70.6588,17.7328],[70.6633,17.7294],[70.667,17.7234],[70.6715,17.725],[70.6742,17.7297],[70.6758,17.7337],[70.6807,17.738],[70.686,17.7392],[70.6899,17.7346],[70.6918,17.7311],[70.699,17.7274],[70.703,17.7257],[70.7123,17.7231],[70.7134,17.719],[70.7102,17.7133],[70.709,17.7088],[70.7029,17.7051],[70.6996,17.7027],[70.6946,17.6974],[70.6901,17.695],[70.6837,17.6905],[70.6788,17.6882],[70.6702,17.6879],[70.6671,17.6852],[70.659,17.6845],[70.6551,17.6874],[70.6466,17.6883],[70.6428,17.6912],[70.6367,17.6969],[70.6317,17.6974],[70.6242,17.7006],[70.6219,17.7019],[70.616,17.7065],[70.6185,17.7097],[70.6236,17.716],[70.6277,17.7185],[70.6234,17.7249],[70.6226,17.7292],[70.6251,17.7349],[70.6296,17.7374],[70.6369,17.7355],[70.6385,17.7391],[70.635,17.7449],[70.6341,17.7486],[70.6329,17.7557],[70.6295,17.7596],[70.6241,17.7626],[70.6199,17.7657],[70.6147,17.7684],[70.6106,17.7698],[70.6053,17.7682],[70.6023,17.7642],[70.6023,17.7567],[70.6067,17.7532],[70.6142,17.7548],[70.6189,17.7563],[70.6235,17.7589],[70.6259,17.7618],[70.6325,17.7654],[70.6357,17.77],[70.6408,17.7746],[70.6378,17.7788],[70.6377,17.785],[70.6386,17.7902],[70.6377,17.796],[70.636,17.8007],[70.6324,17.8078],[70.6368,17.81],[70.6448,17.8103],[70.6475,17.8075],[70.6485,17.802],[70.6458,17.7979],[70.6432,17.7929],[70.6403,17.7887],[70.6353,17.7841],[70.6327,17.7808],[70.6321,17.7743],[70.6373,17.7705],[70.6413,17.7651],[70.6425,17.7612],[70.6424,17.7555],[70.6408,17.7524],[70.6387,17.7455],[70.638,17.7411],[70.6343,17.7364],[70.63,17.734],[70.6257,17.7296],[70.6222,17.7273],[70.617,17.7221],[70.613,17.7201],[70.6124,17.7153],[70.6133,17.7097],[70.6136,17.702],[70.6143,17.6978],[70.6185,17.6911],[70.618,17.6867],[70.6142,17.6818],[70.6106,17.6775],[70.6127,17.6726],[70.6133,17.6687],[70.6111,17.6633],[70.6084,17.6587],[70.6089,17.6524],[70.6054,17.6482],[70.6022,17.6409],[70.6016,17.6366],[70.6057,17.6354],[70.6099,17.6378],[70.6086,17.6459],[70.6091,17.6512],[70.6112,17.6585],[70.6146,17.661],[70.6216,17.6621],[70.6275,17.6639],[70.633,17.6645],[70.637,17.6612],[70.6419,17.6561],[70.6419,17.652],[70.6386,17.6469],[70.6354,17.6438],[70.6287,17.6463],[70.6257,17.6457],[70.6233,17.6406],[70.6197,17.6373],[70.6131,17.6326],[70.6082,17.6304],[70.6045,17.6255],[70.6021,17.6205],[70.5991,17.6145],[70.6,17.6111],[70.6059,17.6072],[70.609,17.6024],[70.6117,17.5961],[70.6136,17.593],[70.6182,17.5878],[70.623,17.5841],[70.6293,17.5799],[70.6346,17.5785],[70.6376,17.5722],[70.638,17.568],[70.6383,17.5602],[70.6358,17.5569],[70.6305,17.5511],[70.6266,17.549],[70.6181,17.5471],[70.614,17.5456],[70.6098,17.5413],[70.6059,17.5394],[70.6018,17.5335],[70.6035,17.5297],[70.6022,17.5244],[70.5968,17.5244],[70.5929,17.5202],[70.5906,17.516],[70.5843,17.5176],[70.5812,17.5157],[70.5745,17.5107],[70.5727,17.5067],[70.5691,17.502],[70.5695,17.4977],[70.5749,17.4903],[70.5743,17.4857],[70.5725,17.4802],[70.5697,17.4767],[70.5622,17.4733],[70.5583,17.4701],[70.5558,17.4636],[70.5537,17.4668],[70.5542,17.4723],[70.5542,17.4768],[70.5508,17.4843],[70.5484,17.488],[70.5449,17.4925],[70.5415,17.494],[70.5331,17.4952],[70.53,17.4992],[70.5262,17.5054],[70.5241,17.5088],[70.524,17.5152],[70.5264,17.5185],[70.5319,17.5214],[70.537,17.5208],[70.5447,17.5185],[70.5486,17.5158],[70.5531,17.5108],[70.5588,17.5096],[70.5624,17.5018],[70.5632,17.497],[70.5693,17.4917],[70.5662,17.4892],[70.5595,17.4876],[70.5553,17.4856],[70.5498,17.4801],[70.545,17.4804],[70.5391,17.4774],[70.5393,17.4734],[70.5471,17.4717],[70.5517,17.4704],[70.5582,17.4659],[70.5561,17.462],[70.5536,17.4565],[70.5539,17.4516],[70.5529,17.4463],[70.5472,17.4473],[70.546,17.4544],[70.5428,17.4596],[70.5365,17.4627],[70.5341,17.458],[70.5318,17.4528],[70.5274,17.4495],[70.5218,17.4521],[70.522,17.4557],[70.5211,17.4629],[70.5187,17.4674],[70.5156,17.4739],[70.5134,17.4789],[70.5188,17.4819],[70.5248,17.4811],[70.532,17.4841],[70.5352,17.4828],[70.5383,17.4785],[70.5412,17.4732],[70.5393,17.4669],[70.5358,17.4624],[70.532,17.4578],[70.5288,17.4539],[70.5221,17.4491],[70.5187,17.446],[70.5145,17.4401],[70.5099,17.4382],[70.5016,17.4363],[70.4973,17.4386],[70.4915,17.44],[70.486,17.439],[70.4806,17.4357],[70.4798,17.4315],[70.4791,17.4244],[70.4789,17.4195],[70.4799,17.413],[70.4765,17.4109],[70.4701,17.4088],[70.4663,17.4077],[70.465,17.4026],[70.4651,17.3982],[70.4688,17.3919],[70.4713,17.389],[70.4786,17.3848],[70.4814,17.3803],[70.4879,17.3797],[70.4926,17.3813],[70.4991,17.3828],[70.4997,17.387],[70.4982,17.394],[70.4947,17.3976],[70.4915,17.4042],[70.4893,17.4094],[70.4844,17.4167],[70.4834,17.4213],[70.4788,17.426],[70.4751,17.4297],[70.4679,17.4292],[70.4642,17.4267],[70.4577,17.4251],[70.4537,17.4267],[70.4461,17.4254],[70.4415,17.4234],[70.435,17.4212],[70.4324,17.421],[70.4233,17.4196],[70.4183,17.4197],[70.4172,17.4239],[70.4222,17.4253],[70.4284,17.4287],[70.4333,17.4303],[70.4354,17.435],[70.4364,17.441],[70.4401,17.4456],[70.4442,17.45],[70.4483,17.454],[70.451,17.4583],[70.4569,17.4638],[70.462,17.4657],[70.468,17.4622],[70.4732,17.461],[70.4781,17.4561],[70.4802,17.4534],[70.483,17.4472],[70.4862,17.4437],[70.4913,17.4404],[70.4955,17.4379],[70.4982,17.432],[70.5041,17.4296],[70.508,17.4229],[70.5127,17.4208],[70.5197,17.4181],[70.5251,17.4166],[70.5299,17.416],[70.5332,17.4138],[70.5414,17.4164],[70.5481,17.4143],[70.555,17.415],[70.5597,17.4147],[70.5691,17.416],[70.5724,17.4168],[70.5767,17.4204],[70.5776,17.4236],[70.5753,17.429],[70.5717,17.4288],[70.5655,17.4272],[70.562,17.4286],[70.5537,17.4276],[70.5487,17.427],[70.5444,17.4212],[70.5401,17.4183],[70.5374,17.4127],[70.5343,17.4094],[70.5296,17.4064],[70.5257,17.4085],[70.5192,17.413],[70.5163,17.4162],[70.5119,17.422],[70.511,17.4269],[70.5165,17.4333],[70.5222,17.4345],[70.5304,17.4371],[70.5327,17.4405],[70.5283,17.4435],[70.525,17.4444],[70.5183,17.4458],[70.5174,17.4502],[70.5198,17.4556],[70.5222,17.4582],[70.5217,17.4645],[70.5217,17.4689],[70.5272,17.4716],[70.5301,17.4683],[70.5374,17.4626],[70.5377,17.4579],[70.5329,17.4528],[70.5305,17.4485],[70.5325,17.4421],[70.5339,17.4384],[70.5359,17.4323],[70.5376,17.4289],[70.5402,17.4235],[70.5459,17.4198],[70.5491,17.4153],[70.5535,17.413],[70.5604,17.4117],[70.5632,17.4076],[70.5676,17.4019],[70.5701,17.3972],[70.5723,17.3904],[70.5761,17.3879],[70.5816,17.3851],[70.5843,17.382],[70.5824,17.3761],[70.581,17.3719],[70.5766,17.3676],[70.5709,17.3693],[70.5655,17.3659],[70.5616,17.3629],[70.5551,17.3608],[70.5522,17.3631],[70.5478,17.3682],[70.5485,17.3722],[70.5479,17.379],[70.5463,17.3842],[70.5434,17.3887],[70.5426,17.3947],[70.5423,17.401],[70.5403,17.4059],[70.5378,17.4113],[70.5348,17.4121],[70.5293,17.4172],[70.5275,17.4216],[70.5248,17.4289],[70.5293,17.4321],[70.5308,17.4388],[70.5353,17.4397],[70.5386,17.4336],[70.5432,17.4317],[70.5451,17.4361],[70.5465,17.4405],[70.5465,17.4474],[70.545,17.4519],[70.5461,17.4604],[70.5464,17.4656],[70.5491,17.4706],[70.5483,17.4745],[70.5492,17.4818],[70.5467,17.4855],[70.5414,17.4898],[70.538,17.494],[70.5325,17.4974],[70.5271,17.4971],[70.5188,17.4992],[70.5144,17.4987],[70.5086,17.4968],[70.5043,17.4991],[70.4967,17.501],[70.4914,17.5019],[70.4836,17.5051],[70.4829,17.5098],[70.4841,17.5158],[70.4871,17.5185],[70.4929,17.5234],[70.4957,17.5266],[70.4965,17.5327],[70.4917,17.5336],[70.4894,17.54],[70.4911,17.5433],[70.495,17.5499],[70.4953,17.5542],[70.5001,17.5597],[70.5008,17.5638],[70.4994,17.571],[70.496,17.5753],[70.4953,17.5838],[70.4988,17.5871],[70.5036,17.5892],[70.5076,17.5878],[70.5132,17.5835],[70.5178,17.5806],[70.5166,17.5715],[70.5183,17.5669],[70.5215,17.5598],[70.5232,17.555],[70.5282,17.5482],[70.5292,17.5435],[70.5342,17.5372],[70.5385,17.5386],[70.5435,17.5416],[70.5482,17.5443],[70.5523,17.5495],[70.5557,17.5447],[70.5537,17.5376],[70.5558,17.5332],[70.5586,17.5293],[70.5646,17.5301],[70.5692,17.5263],[70.5704,17.5219],[70.5719,17.5151],[70.5728,17.5101],[70.5768,17.5048],[70.5794,17.5017],[70.5855,17.4981],[70.5901,17.4975],[70.5959,17.5005],[70.5999,17.502],[70.6066,17.5044],[70.6117,17.5047],[70.6187,17.4999],[70.6182,17.4953],[70.6247,17.4937],[70.6282,17.496],[70.6272,17.5025],[70.6304,17.5067],[70.636,17.5124],[70.6402,17.5126],[70.648,17.5134],[70.6531,17.5149],[70.6591,17.5104],[70.6614,17.506],[70.664,17.4989],[70.6652,17.4933],[70.6715,17.4894],[70.6727,17.484],[70.6697,17.4763],[70.6668,17.4723],[70.6596,17.4699],[70.6563,17.4685],[70.6509,17.4648],[70.6491,17.4602],[70.6459,17.4539],[70.6449,17.4493],[70.6413,17.4437],[70.6385,17.44],[70.6367,17.4343],[70.6392,17.43],[70.6467,17.4275],[70.6519,17.4277],[70.6567,17.4319],[70.6583,17.4368],[70.6592,17.4436],[70.6578,17.4483],[70.6518,17.4478],[70.6468,17.4489],[70.64,17.4495],[70.6346,17.4506],[70.6275,17.4465],[70.6256,17.4426],[70.6214,17.4336],[70.6235,17.4303],[70.6228,17.4228],[70.6251,17.4187],[70.626,17.4123],[70.6292,17.409],[70.6348,17.4045],[70.6397,17.4018],[70.6437,17.3995],[70.6479,17.3959],[70.6552,17.3959],[70.6583,17.3983],[70.6643,17.3972],[70.6676,17.3955],[70.6714,17.4038],[70.6666,17.4074],[70.662,17.4108],[70.6605,17.4159],[70.6617,17.4227],[70.6615,17.4275],[70.6599,17.4342],[70.6574,17.4373],[70.6569,17.4435],[70.6592,17.4473],[70.6603,17.4544],[70.6619,17.4588],[70.6663,17.4641],[70.6717,17.4636],[70.676,17.4578],[70.6812,17.455],[70.6832,17.4493],[70.6881,17.4477],[70.6925,17.4435],[70.6989,17.4451],[70.7057,17.4458],[70.7096,17.4473],[70.7149,17.4477],[70.7192,17.4455],[70.727,17.4459],[70.73,17.4502],[70.7332,17.4566],[70.7336,17.4611],[70.733,17.4692],[70.7347,17.4745],[70.7394,17.4777],[70.743,17.4795],[70.7486,17.4829],[70.7483,17.4894],[70.7496,17.4966],[70.7466,17.4995],[70.7409,17.4964],[70.7441,17.4936],[70.7513,17.4899],[70.754,17.4856],[70.7529,17.4786],[70.748,17.4765],[70.7437,17.4695],[70.7426,17.4653],[70.7388,17.4589],[70.7333,17.4575],[70.7271,17.457],[70.7228,17.456],[70.7155,17.455],[70.7108,17.4566],[70.7035,17.459],[70.6978,17.4572],[70.6924,17.4533],[70.6958,17.4489],[70.6952,17.4429],[70.6921,17.4406],[70.6841,17.4409],[70.6812,17.4372],[70.6764,17.4317],[70.6725,17.4329],[70.6687,17.4289],[70.6664,17.4257],[70.6618,17.4192],[70.6582,17.416],[70.6578,17.4086],[70.6623,17.4069],[70.6692,17.4068],[70.6728,17.4047],[70.6792,17.4098],[70.6798,17.4132],[70.6859,17.4183],[70.6894,17.418],[70.6976,17.4145],[70.7015,17.4114],[70.7052,17.4061],[70.7103,17.4067],[70.7156,17.4095],[70.716,17.4138],[70.7225,17.412],[70.7273,17.4113],[70.7336,17.4157],[70.7358,17.4184],[70.7403,17.4223],[70.7434,17.4259],[70.7502,17.428],[70.752,17.4306],[70.7564,17.4323],[70.7611,17.4323],[70.7662,17.4376],[70.7704,17.4403],[70.7764,17.4416],[70.7807,17.4384],[70.7855,17.4319],[70.7873,17.4294],[70.7874,17.4229],[70.7836,17.4187],[70.7768,17.4152],[70.7725,17.4153],[70.7683,17.4199],[70.7675,17.424],[70.7712,17.429],[70.7766,17.4321],[70.7824,17.4367],[70.7887,17.4372],[70.7951,17.4318],[70.7967,17.4267],[70.7999,17.4203],[70.8029,17.4172],[70.8046,17.4113],[70.8055,17.4056],[70.8055,17.3991],[70.8031,17.3965],[70.7944,17.3958],[70.7896,17.3943],[70.7877,17.3879],[70.7867,17.3857],[70.7804,17.3811],[70.7763,17.3783],[70.7701,17.375],[70.7668,17.3732],[70.7602,17.3708],[70.7554,17.3736],[70.7569,17.3805],[70.7596,17.3833],[70.7597,17.3888],[70.7588,17.3929],[70.7608,17.3978],[70.7643,17.401],[70.7683,17.3967],[70.7715,17.3933],[70.7767,17.3915],[70.782,17.389],[70.7843,17.3847],[70.7832,17.3807],[70.7817,17.3748],[70.7776,17.3759]]},"properties":{"mmsi":995154125,"name":"Fishing 4125","role":"eliminated","vessel_type":30,"synthetic":true,"t_offset_s":[-259200,-258840,-258600,-258240,-258000,-257640,-257400,-257040,-256800,-256440,-256200,-255840,-255600,-255240,-255000,-254640,-254400,-254040,-253800,-253440,-253200,-252840,-252600,-252240,-252000,-251640,-251400,-251040,-250800,-250440,-250200,-249840,-249600,-249240,-249000,-248640,-248400,-248040,-247800,-247440,-247200,-246840,-246600,-246240,-246000,-245640,-245400,-245040,-244800,-244440,-244200,-243840,-243600,-243240,-243000,-242640,-242400,-242040,-241800,-241440,-241200,-240840,-240600,-240240,-240000,-239640,-239400,-239040,-238800,-238440,-238200,-237840,-237600,-237240,-237000,-236640,-236400,-236040,-235800,-235440,-235200,-234840,-234600,-234240,-234000,-233640,-233400,-233040,-232800,-232440,-232200,-231840,-231600,-231240,-231000,-230640,-230400,-230040,-229800,-229440,-229200,-228840,-228600,-228240,-228000,-227640,-227400,-227040,-226800,-226440,-226200,-225840,-225600,-225240,-225000,-224640,-224400,-224040,-223800,-223440,-223200,-222840,-222600,-222240,-222000,-221640,-221400,-221040,-220800,-220440,-220200,-219840,-219600,-219240,-219000,-218640,-218400,-218040,-217800,-217440,-217200,-216840,-216600,-216240,-216000,-215640,-215400,-215040,-214800,-214440,-214200,-213840,-213600,-213240,-213000,-212640,-212400,-212040,-211800,-211440,-211200,-210840,-210600,-210240,-210000,-209640,-209400,-209040,-208800,-208440,-208200,-207840,-207600,-207240,-207000,-206640,-206400,-206040,-205800,-205440,-205200,-204840,-204600,-204240,-204000,-203640,-203400,-203040,-202800,-202440,-202200,-201840,-201600,-201240,-201000,-200640,-200400,-200040,-199800,-199440,-199200,-198840,-198600,-198240,-198000,-197640,-197400,-197040,-196800,-196440,-196200,-195840,-195600,-195240,-195000,-194640,-194400,-194040,-193800,-193440,-193200,-192840,-192600,-192240,-192000,-191640,-191400,-191040,-190800,-190440,-190200,-189840,-189600,-189240,-189000,-188640,-188400,-188040,-187800,-187440,-187200,-186840,-186600,-186240,-186000,-185640,-185400,-185040,-184800,-184440,-184200,-183840,-183600,-183240,-183000,-182640,-182400,-182040,-181800,-181440,-181200,-180840,-180600,-180240,-180000,-179640,-179400,-179040,-178800,-178440,-178200,-177840,-177600,-177240,-177000,-176640,-176400,-176040,-175800,-175440,-175200,-174840,-174600,-174240,-174000,-173640,-173400,-173040,-172800,-172440,-172200,-171840,-171600,-171240,-171000,-170640,-170400,-170040,-169800,-169440,-169200,-168840,-168600,-168240,-168000,-167640,-167400,-167040,-166800,-166440,-166200,-165840,-165600,-165240,-165000,-164640,-164400,-164040,-163800,-163440,-163200,-162840,-162600,-162240,-162000,-161640,-161400,-161040,-160800,-160440,-160200,-159840,-159600,-159240,-159000,-158640,-158400,-158040,-157800,-157440,-157200,-156840,-156600,-156240,-156000,-155640,-155400,-155040,-154800,-154440,-154200,-153840,-153600,-153240,-153000,-152640,-152400,-152040,-151800,-151440,-151200,-150840,-150600,-150240,-150000,-149640,-149400,-149040,-148800,-148440,-148200,-147840,-147600,-147240,-147000,-146640,-146400,-146040,-145800,-145440,-145200,-144840,-144600,-144240,-144000,-143640,-143400,-143040,-142800,-142440,-142200,-141840,-141600,-141240,-141000,-140640,-140400,-140040,-139800,-139440,-139200,-138840,-138600,-138240,-138000,-137640,-137400,-137040,-136800,-136440,-136200,-135840,-135600,-135240,-135000,-134640,-134400,-134040,-133800,-133440,-133200,-132840,-132600,-132240,-132000,-131640,-131400,-131040,-130800,-130440,-130200,-129840,-129600,-129240,-129000,-128640,-128400,-128040,-127800,-127440,-127200,-126840,-126600,-126240,-126000,-125640,-125400,-125040,-124800,-124440,-124200,-123840,-123600,-123240,-123000,-122640,-122400,-122040,-121800,-121440,-121200,-120840,-120600,-120240,-120000,-119640,-119400,-119040,-118800,-118440,-118200,-117840,-117600,-117240,-117000,-116640,-116400,-116040,-115800,-115440,-115200,-114840,-114600,-114240,-114000,-113640,-113400,-113040,-112800,-112440,-112200,-111840,-111600,-111240,-111000,-110640,-110400,-110040,-109800,-109440,-109200,-108840,-108600,-108240,-108000,-107640,-107400,-107040,-106800,-106440,-106200,-105840,-105600,-105240,-105000,-104640,-104400,-104040,-103800,-103440,-103200,-102840,-102600,-102240,-102000,-101640,-101400,-101040,-100800,-100440,-100200,-99840,-99600,-99240,-99000,-98640,-98400,-98040,-97800,-97440,-97200,-96840,-96600,-96240,-96000,-95640,-95400,-95040,-94800,-94440,-94200,-93840,-93600,-93240,-93000,-92640,-92400,-92040,-91800,-91440,-91200,-90840,-90600,-90240,-90000,-89640,-89400,-89040,-88800,-88440,-88200,-87840,-87600,-87240,-87000,-86640,-86400,-86040,-85800,-85440,-85200,-84840,-84600,-84240,-84000,-83640,-83400,-83040,-82800,-82440,-82200,-81840,-81600,-81240,-81000,-80640,-80400,-80040,-79800,-79440,-79200,-78840,-78600,-78240,-78000,-77640,-77400,-77040,-76800,-76440,-76200,-75840,-75600,-75240,-75000,-74640,-74400,-74040,-73800,-73440,-73200,-72840,-72600,-72240,-72000,-71640,-71400,-71040,-70800,-70440,-70200,-69840,-69600,-69240,-69000,-68640,-68400,-68040,-67800,-67440,-67200,-66840,-66600,-66240,-66000,-65640,-65400,-65040,-64800,-64440,-64200,-63840,-63600,-63240,-63000,-62640,-62400,-62040,-61800,-61440,-61200,-60840,-60600,-60240,-60000,-59640,-59400,-59040,-58800,-58440,-58200,-57840,-57600,-57240,-57000,-56640,-56400,-56040,-55800,-55440,-55200,-54840,-54600,-54240,-54000,-53640,-53400,-53040,-52800,-52440,-52200,-51840,-51600,-51240,-51000,-50640,-50400,-50040,-49800,-49440,-49200,-48840,-48600,-48240,-48000,-47640,-47400,-47040,-46800,-46440,-46200,-45840,-45600,-45240,-45000,-44640,-44400,-44040,-43800,-43440,-43200,-42840,-42600,-42240,-42000,-41640,-41400,-41040,-40800,-40440,-40200,-39840,-39600,-39240,-39000,-38640,-38400,-38040,-37800,-37440,-37200,-36840,-36600,-36240,-36000,-35640,-35400,-35040,-34800,-34440,-34200,-33840,-33600,-33240,-33000,-32640,-32400,-32040,-31800,-31440,-31200,-30840,-30600,-30240,-30000,-29640,-29400,-29040,-28800,-28440,-28200,-27840,-27600,-27240,-27000,-26640,-26400,-26040,-25800,-25440,-25200,-24840,-24600,-24240,-24000,-23640,-23400,-23040,-22800,-22440,-22200,-21840,-21600,-21240,-21000,-20640,-20400,-20040,-19800,-19440,-19200,-18840,-18600,-18240,-18000,-17640,-17400,-17040,-16800,-16440,-16200,-15840,-15600,-15240,-15000,-14640,-14400,-14040,-13800,-13440,-13200,-12840,-12600,-12240,-12000,-11640,-11400,-11040,-10800,-10440,-10200,-9840,-9600,-9240,-9000,-8640,-8400,-8040,-7800,-7440,-7200,-6840,-6600,-6240,-6000,-5640,-5400,-5040,-4800,-4440,-4200,-3840,-3600,-3240,-3000,-2640,-2400,-2040,-1800,-1440,-1200,-840,-600,-240,0,360,600,960,1200,1560,1800,2160,2400,2760,3000,3360,3600,3960,4200,4560,4800,5160,5400,5760,6000,6360,6600,6960,7200,7560,7800,8160,8400,8760,9000,9360,9600,9960,10200,10560,10800,11160,11400,11760,12000,12360,12600,12960,13200,13560,13800,14160,14400,14760,15000,15360,15600,15960,16200,16560,16800,17160,17400,17760,18000,18360,18600,18960,19200,19560,19800,20160,20400,20760,21000,21360,21600,21960,22200,22560,22800,23160,23400,23760,24000,24360,24600,24960,25200,25560,25800,26160,26400,26760,27000,27360,27600,27960,28200,28560,28800,29160,29400,29760,30000,30360,30600,30960,31200,31560,31800,32160,32400,32760,33000,33360,33600,33960,34200,34560,34800,35160,35400,35760,36000,36360,36600,36960,37200,37560,37800,38160,38400,38760,39000,39360,39600,39960,40200,40560,40800,41160,41400,41760,42000,42360,42600,42960,43200,43560,43800,44160,44400,44760,45000,45360,45600,45960,46200,46560,46800,47160,47400,47760,48000,48360,48600,48960,49200,49560,49800,50160,50400,50760,51000,51360,51600,51960,52200,52560,52800,53160,53400,53760,54000,54360,54600,54960,55200,55560,55800,56160,56400,56760,57000,57360,57600,57960,58200,58560,58800,59160,59400,59760,60000,60360,60600,60960,61200,61560,61800,62160,62400,62760,63000,63360,63600,63960,64200,64560,64800,65160,65400,65760,66000,66360,66600,66960,67200,67560,67800,68160,68400,68760,69000,69360,69600,69960,70200,70560,70800,71160,71400,71760,72000,72360,72600,72960,73200,73560,73800,74160,74400,74760,75000,75360,75600,75960,76200,76560,76800,77160,77400,77760,78000,78360,78600,78960,79200,79560,79800,80160,80400,80760,81000,81360,81600,81960,82200,82560,82800,83160,83400,83760,84000,84360,84600,84960,85200,85560,85800,86160,86400],"sog":[4.7,3.8,5.6,4.2,3.2,4.1,2.8,2.9,4.9,3.2,4.4,3.8,4,4.5,4.2,4.8,5.1,2.9,3.7,4.8,3.4,4.7,5,4.5,3.6,3,3,3.9,4.7,4.6,4.2,3.3,1.9,5.2,4.8,3.6,0.3,3.8,4.2,4.5,4.9,5.1,4.2,4.3,5.9,3.2,3.8,5.8,4.9,5.7,4.5,3.4,5.1,5.6,3.1,3.1,4.2,3.1,4.8,4.7,5.6,4.6,3.2,2.9,2.4,4.1,4.1,3.5,4.9,3.5,5.5,5.6,4.2,2.5,4.2,4.1,5.6,2.9,4.8,3.3,5.5,4.1,4.9,2.3,3.2,1.9,4.1,4.6,2.8,4,6.8,2.1,1.9,4,4.8,5.7,5.1,3.1,3.8,5.9,4.4,5,6.3,6.1,3.6,4.2,5.1,3,5.2,3.8,4.4,5.1,2.9,5.5,4.3,4.8,3.7,4.5,5.7,3.9,2.9,4.6,4.5,4.8,5.6,5.3,3.6,4.5,2.9,5.1,5.1,4,3.4,3.7,5.8,4.7,4.8,4,3.6,4.1,3.8,4.8,5.3,5.8,3.2,4.5,4.1,3,5.5,4.3,6.7,4.8,4,4.8,3.3,4,4.3,5.3,5.4,3.9,3.1,4.2,4,3.4,4.4,4.8,4.7,4.5,3,2.3,5.2,3.9,5.4,3.2,5,3.6,3.3,5,5.3,4.9,5,3.7,3.3,2.9,5.1,5.5,4,3.9,3.4,3,2.3,3.5,4.1,4.9,5.2,5.3,3.6,5.1,3.6,4.5,3.8,5.3,5,4.9,4.3,4,3.4,4.7,3.7,4,2.4,4.1,5.1,4.1,2.1,5.3,6,2.7,2,2.4,4.7,5.2,3.9,2.8,4.1,6,6.3,4.2,4.2,4.1,3.5,3.9,3.5,3.7,3.1,4.4,5.2,5,4.7,3.8,4.9,3.2,4.1,4,4.5,3.2,4,3.6,5,3.7,5.6,4.4,1.8,5.3,3.6,5,4.8,4.1,2.3,2.6,5.4,2.6,4.5,3.5,4.9,3.3,3.9,4.4,2.2,5.3,2.9,3.6,2.9,5,3.5,5.2,5.1,5.7,4.4,4,3.8,5.1,6.2,5.5,4.8,3.7,4.8,2,4.4,3.7,3.1,3.9,2.1,4.1,5.1,3.8,3.4,3.9,3.7,4,6.5,3.7,2.8,3.8,3.7,4.1,4.3,4.3,4.9,3.1,4.7,4.8,5,3.8,3.8,4.4,2.5,4.4,4,1.7,3.6,5.5,5,4.3,2.4,5.3,3.1,3,2.4,5.8,3.3,4.6,3.4,4.2,5,5,4.7,5.2,4.2,2,4.2,5.8,3.7,3.6,3.6,3.6,3.9,3.7,3.7,5.2,3.2,3.5,2.2,4.6,2.4,4.2,1.9,5,4.2,4.4,4.4,4.9,3.2,3.1,5.1,4.6,4.6,5.3,3.7,3.9,4.6,5,5.1,1.2,5.7,5.8,4.6,5.5,4.5,5.2,3.1,4,4.4,5.5,3.2,2.4,3.2,6.4,2.8,4.2,4.1,3.6,5,4.7,5.2,5.4,4.3,3.8,5.3,4.7,4.3,4.2,3.9,3.8,4.8,3,3.6,4,4.3,4.7,5.7,6,4.4,5.7,3.7,4.9,4.6,3,3.6,5.4,3.4,4.1,3.5,4.2,2.6,2.6,4.4,2.9,4.2,4.9,4.2,3.1,2.9,4.5,5.5,4.9,4.9,5.2,3.8,5.3,3.9,2.5,4.7,3.4,4,4.4,5.7,5.2,4.8,1.9,3.9,5.1,3.7,3.4,5.2,2.6,2,4.8,4,5.7,2.8,4.7,4.7,4.2,4.1,5,3.1,5.2,4.7,4.2,5.6,5,2.8,3,4.3,3.6,3,3.9,4.1,6.5,5.1,5.9,5.1,5.6,4.5,3.7,5.2,4.2,3.3,3.9,3.4,4.6,4.1,3.8,4.4,4.2,3.4,3.3,4,5,5.3,2.7,4.1,3.4,4.8,5.1,3.3,4.6,4.8,4.8,5.2,3.2,5,5.1,5.4,3.4,3.5,4.1,3.9,3.7,3.4,4.4,3.4,5.8,3.8,3.6,5.1,4.5,2,5.1,3.7,4,5,4.8,5,5.3,3.3,4.9,4.7,5.3,4.5,4.6,1.7,6.1,4.1,3.5,2.6,6.1,2,2.7,3.5,3.8,4,2.9,2.9,4.9,4.5,2.9,4.4,3.2,3.8,4.4,4.9,4.6,4.2,2.7,4.1,3.2,3.8,4,5,4.6,4.6,4.2,4.7,4.3,4.3,5,3.9,5.1,2.7,3,4.6,3.1,5.2,4.1,3.6,4.9,5.4,4,4.3,2.5,3.3,5.3,3.8,3,3.9,3.5,4.5,4.6,3.5,3,5.1,5.9,3.8,5.2,4.6,4.6,5.5,2.9,2.2,3.5,5.6,3,3.3,4.3,3.4,1.8,4.2,7.2,5.2,4.8,3.7,4.6,6,3.9,4.2,5.2,3.6,3.4,3.4,4.9,2.4,3.3,5.2,3.9,5.2,5.8,4.1,4.2,2.6,4.7,4.7,3.3,2.6,3.6,5.3,4.7,4,3.8,3.3,5.3,3.6,5.4,4,5.1,3.7,2.8,3.5,4.1,5.1,3.6,5.6,3.9,4.1,1.9,3.6,5.7,5.3,3.1,4.1,5.7,4.5,5.3,3.5,4.7,5,4,4.3,3.9,4.1,4.8,3.8,3,2.8,4.9,4.7,4.1,3.7,3.5,3.9,4.2,4.1,5.4,3.8,4.9,5.8,4.6,3,4.6,4.3,4.2,4.8,5.3,3.6,3.9,4.7,5.9,3.2,5.2,4.3,3.5,4.5,4,5.6,5.7,5.2,3.3,5.8,2.9,4.9,4,2.9,4.6,3.4,4.2,5.8,4.4,5,3.2,2.6,3.3,5.5,4.1,4.9,2.4,3.7,4.3,3.6,4.8,4.2,4.9,4.2,4.1,4.8,5.1,3.3,4.7,5.2,5.7,4.2,2.7,2,3.6,3.6,4.2,2.9,5.4,4,2,5.5,3.1,4.8,5.6,3.9,5,6.1,4.7,5.1,4.9,4.2,4.1,2.8,6.4,4.4,4.3,4.6,5.1,2.9,4.3,3.9,2.6,4.8,3.6,4.2,5.2,5,2.5,6.1,4.2,4.2,4.6,4.5,4.9,5.4,4,3.1,2.2,2.7,4.7,4.9,3.5,5.7,4.9,4.4,5.2,3.9,3.2,4.5,5.8,6.2,4.7,4,5.6,2.8,3.9,2.6,2.6,3.5,5.1,3.9,4.8,3.9,4.4,4.9,5.3,4.1,3.4,3.8,4.2,3,4.4,6,3.6,6.1,5.3,3.1,2.5,2.6,4.1,3,5,4,3.9,3.3,5.5,5.3,5.2,4.1,5.5,4.2,4.4,3.3,4,3.3,2.3,4.7,4,2.5,4,4.4,3.4,5.7,5.2,6,3.6,3.6,5.3,3.9,4.4,5.9,4.9,4.7,3.6,4,3.4,4,3.6,4.5,3.4,6,3.9,4.7,2,2.7,3.8,3,5.5,5.5,4.4,4.4,4.7,4.9,3.2,5,3.9,5,3.3,4.4,3.6,4.6,3.5,5.2,5.1,4.5,5,3.8,4.8,3.2,3.9,4.3,3.9,4.2,6.2,4.3,4.6,2.8,4.9,3.7,4.6,3.8,2.5,2.9,4.9,4.8,4.3,3.8,6,4.8,5.8,4.1,4.6,4.1,3.1,4.8,5.6,4.3,4.9,4.4,5.7,4.7,5.4,4.6,4.3,5.1,5.3,5,4,4.9,4.1,5.3,2.5,4.7,3.9,4.8,3.4,4.4,4.2,3.8,4.4,2.9,4.6,3.2,4.3,4.8,4,3,4.9,4.6,4.4,4.3,5.2,4.1,5.7,4.2,5.1,3.8,2.4,5,5,3.6,5.5,2.3,3.4,4.3,5.2,3.1,2.4,4.9,3.7,5.2,5.2,2.3,3.6,5,4.7,5.2,4,4.6,2.2,3.3,4.9,4.9,5.9,2.9,6.1,3.8,5.5,4,4.9,4.6,2.9,3.7,3.5,4.7,4.6,2.5,6.4,6.4,3.8,4.7,4.3,4.3,4.8,4.3,5.5,4.1,4.9,5,5.4,5.1,5.6,5.2,3.6,5.5,3.1,5.9,5.4,3.6,3.1,3.4,5.5,5.2,3.2,4.3,5.1,4.8,3.3,3.3,2.3,5.9,4.7,4.4,3.4,4.6,5,4.7,5.2,6.3,4.1,4,4.2,4.5,4.8,3.7,3.2,4.6,4.6,4.5,3.8,3.3,4.9,4.5,5,5.4,5.1,4,3.4,3.9,3.8,3.1,3.4,4.4,3.5,3.4,5.4,2.7,5.7,2.7,5.1,3.4,2.7,3.7,3.2,2,3.9,3.3,5.3,3.8,2.8,5.5,3.7,1.2,3.6,4.4,5.1,4.3,2.9,4.5,5.3,3.5,4.2,4.4,3.7,3.5,4.9,3.4,4.1,5,2.6,5.4,6,5.3,3.9,4.1,2,6.2,3.1,3.1,5.4,5,3.9,1.4,7.3,4.1,2.7,4.6,3,5.1,5.5,2.6,3.9,3.4,3,5.1,4.4,4.6,4.5,4.7,2.6,4.8,4.6,2.9]}},{"type":"Feature","geometry":{"type":"LineString","coordinates":[[70.8206,16.9784],[70.8242,16.9946],[70.8283,17.0097],[70.8337,17.033],[70.8373,17.0484],[70.8428,17.0713],[70.8466,17.0871],[70.8525,17.11],[70.8562,17.1251],[70.8621,17.1488],[70.8659,17.1644],[70.8716,17.1878],[70.8748,17.2033],[70.8807,17.2261],[70.8844,17.2414],[70.8899,17.265],[70.8934,17.2804],[70.8979,17.3037],[70.9013,17.3194],[70.9061,17.343],[70.9093,17.359],[70.9135,17.382],[70.9164,17.3978],[70.9207,17.4213],[70.9236,17.4369],[70.9275,17.4599],[70.9306,17.4754],[70.9352,17.4986],[70.9384,17.5147],[70.9431,17.5387],[70.9465,17.554],[70.9512,17.5777],[70.9542,17.593],[70.9582,17.6166],[70.9607,17.6321],[70.9643,17.6552],[70.9671,17.6708],[70.9706,17.6947],[70.9727,17.71],[70.9759,17.7337],[70.9778,17.7495],[70.9808,17.7735],[70.9827,17.7895],[70.9852,17.813],[70.9864,17.829],[70.9885,17.8529],[70.9901,17.8689],[70.9919,17.8927],[70.9932,17.9088],[70.9954,17.9319],[70.9973,17.948],[70.9995,17.9714],[71.0011,17.9864],[71.0037,18.0111],[71.0053,18.0271],[71.0071,18.0502],[71.0083,18.0659],[71.0101,18.0907],[71.0111,18.1062],[71.0128,18.1298],[71.0134,18.1453],[71.0146,18.1691],[71.0156,18.1848],[71.0174,18.209],[71.0183,18.2247],[71.0198,18.2483],[71.0206,18.2645],[71.0218,18.2882],[71.0224,18.3042],[71.0237,18.3274],[71.0246,18.3435],[71.0264,18.3672],[71.0273,18.383],[71.0288,18.4063],[71.0293,18.4221],[71.0306,18.4451],[71.0316,18.4613],[71.0326,18.4847],[71.0334,18.5004],[71.0351,18.5242],[71.0366,18.54],[71.0379,18.5641],[71.0394,18.58],[71.0413,18.6043],[71.0423,18.6197],[71.0438,18.6436],[71.0447,18.6598],[71.0466,18.6832],[71.0478,18.6987],[71.0496,18.723],[71.0512,18.7384],[71.0529,18.763],[71.0546,18.7787],[71.057,18.8023],[71.0582,18.8186],[71.0604,18.8423],[71.0618,18.8582],[71.0642,18.8821],[71.0659,18.8986],[71.0684,18.9221],[71.0699,18.9382],[71.0725,18.9614],[71.0749,18.9774],[71.0783,19.0012],[71.0804,19.0172],[71.0843,19.0409],[71.0865,19.0569],[71.0901,19.0805],[71.0923,19.0966],[71.0959,19.1203],[71.0981,19.1363],[71.101,19.1605],[71.1031,19.1763],[71.1066,19.1995],[71.1088,19.2148],[71.1126,19.2387],[71.1146,19.2546],[71.1189,19.2791],[71.1206,19.2947],[71.1244,19.3184],[71.1267,19.334],[71.1304,19.3574],[71.132,19.3731],[71.1348,19.3965],[71.1369,19.4126],[71.1394,19.4367],[71.142,19.4528],[71.1452,19.4757],[71.1476,19.4918],[71.1515,19.5152],[71.1544,19.5309],[71.1582,19.5547],[71.1604,19.5702],[71.1639,19.5938],[71.1662,19.6094],[71.17,19.6328],[71.1726,19.6484],[71.1764,19.6721],[71.1793,19.6885],[71.1837,19.7118],[71.1863,19.7276],[71.1909,19.7507],[71.1935,19.7664],[71.1982,19.7897],[71.2011,19.805],[71.2051,19.8284],[71.2079,19.8441],[71.212,19.8673],[71.2149,19.8836],[71.219,19.9073],[71.2216,19.9232],[71.2252,19.9462],[71.2276,19.9616],[71.2315,19.9855],[71.2341,20.0008],[71.2377,20.0235],[71.241,20.0396],[71.2445,20.0627],[71.247,20.0782],[71.251,20.1021],[71.2543,20.1181],[71.2591,20.1419],[71.2622,20.1573],[71.267,20.1807],[71.2699,20.1962],[71.2751,20.2196],[71.2786,20.2356],[71.2836,20.2592],[71.2869,20.2745],[71.2918,20.2972],[71.2947,20.313],[71.2996,20.3365],[71.3025,20.352],[71.3069,20.3756],[71.3096,20.3905],[71.3142,20.4144],[71.3177,20.4296],[71.3225,20.4529],[71.3257,20.4689],[71.3302,20.4917],[71.3327,20.5071],[71.3374,20.5301],[71.3401,20.5458],[71.3441,20.5697],[71.3466,20.585],[71.3507,20.6091],[71.3533,20.6245],[71.3569,20.6477],[71.359,20.6631],[71.3628,20.6869],[71.3652,20.7023],[71.369,20.7262],[71.3717,20.742],[71.3746,20.7655],[71.3772,20.781],[71.3808,20.8045],[71.3825,20.8202],[71.3849,20.8437],[71.3869,20.8594]]},"properties":{"mmsi":995183132,"name":"Cargo 3132","role":"candidate","vessel_type":70,"synthetic":true,"t_offset_s":[-96434,-96194,-95954,-95594,-95354,-94994,-94754,-94394,-94154,-93794,-93554,-93194,-92954,-92594,-92354,-91994,-91754,-91394,-91154,-90794,-90554,-90194,-89954,-89594,-89354,-88994,-88754,-88394,-88154,-87794,-87554,-87194,-86954,-86594,-86354,-85994,-85754,-85394,-85154,-84794,-84554,-84194,-83954,-83594,-83354,-82994,-82754,-82394,-82154,-81794,-81554,-81194,-80954,-80594,-80354,-79994,-79754,-79394,-79154,-78794,-78554,-78194,-77954,-77594,-77354,-76994,-76754,-76394,-76154,-75794,-75554,-75194,-74954,-74594,-74354,-73994,-73754,-73394,-73154,-72794,-72554,-72194,-71954,-71594,-71354,-70994,-70754,-70394,-70154,-69794,-69554,-69194,-68954,-68594,-68354,-67994,-67754,-67394,-67154,-66794,-66554,-66194,-65954,-65594,-65354,-64994,-64754,-64394,-64154,-63794,-63554,-63194,-62954,-62594,-62354,-61994,-61754,-61394,-61154,-60794,-60554,-60194,-59954,-59594,-59354,-58994,-58754,-58394,-58154,-57794,-57554,-57194,-56954,-56594,-56354,-55994,-55754,-55394,-55154,-54794,-54554,-54194,-53954,-53594,-53354,-52994,-52754,-52394,-52154,-51794,-51554,-51194,-50954,-50594,-50354,-49994,-49754,-49394,-49154,-48794,-48554,-48194,-47954,-47594,-47354,-46994,-46754,-46394,-46154,-45794,-45554,-45194,-44954,-44594,-44354,-43994,-43754,-43394,-43154,-42794,-42554,-42194,-41954,-41594,-41354,-40994,-40754,-40394,-40154,-39794,-39554,-39194,-38954,-38594,-38354,-37994,-37754,-37394,-37154],"sog":[14.4,15,14.1,14.2,14.6,14.4,14.3,13.7,14.2,14.4,14.4,14.6,14,13.9,13.9,14.5,13.8,14.2,14.2,14.4,14.1,14,14.6,14.8,14.1,13.6,14.4,14,14.5,14.6,14.5,14.4,14,13.8,14.2,14.1,14.4,14,14.4,14.5,14.5,14.9,14.6,13.9,14.6,14.3,14.5,14.3,13.9,14,14.3,14,14,14.4,14.2,14,14,15,14.8,14.2,13.4,14.6,14.2,14.9,14.1,14,14.6,14.1,14.1,13.9,14.1,14.4,14.1,14.1,14.1,14.1,14.6,14.3,14.4,14.5,14,14.2,14.1,14.2,13.9,14.3,14.1,14.4,13.9,14.2,14.3,14.8,14.2,13.8,14.4,14,14.5,14.7,14.6,14.2,14.3,13.9,14.4,14,14.4,14.9,14.6,14.3,14.3,14.4,14.6,14.3,14.2,13.9,14.1,14.3,14.2,14.8,14.1,14.4,14.1,14.7,14.1,14.3,14.2,14.2,13.7,14.5,14.7,13.9,13.9,14.4,14.1,14.6,14.1,14.4,14.1,14.7,14.5,14.2,14.4,14.8,13.9,14.1,14,14.1,14.3,14.3,14.8,14.5,13.9,13.8,13.5,14.2,14,13.5,14.5,14,14.6,14.6,14.7,14.5,14.3,13.6,13.9,14.4,14.6,14.2,14.1,13.7,14,14.3,13.9,14.4,14.1,14.1,13.8,14.2,14.6,14.2,14.1,13.9,14.4,14.4,13.8,14.1,13.8,14.1,14.2,14.5,14.1,14.4,14.3,14.1,13.9,14.3,14,13.9,14.2]}},{"type":"Feature","geometry":{"type":"LineString","coordinates":[[69.4748,17.2001],[69.4857,17.1929],[69.5032,17.1824],[69.5141,17.1755],[69.5307,17.1648],[69.5419,17.1575],[69.5588,17.1476],[69.5703,17.1409],[69.5869,17.131],[69.5984,17.1243],[69.6158,17.1143],[69.6274,17.108],[69.6441,17.0979],[69.6554,17.0917],[69.6724,17.0818],[69.6841,17.0758],[69.7007,17.0661],[69.7126,17.0595],[69.7298,17.0498],[69.7412,17.0432],[69.7594,17.0335],[69.7707,17.0268],[69.788,17.0179],[69.7993,17.0115],[69.8172,17.0017],[69.8285,16.9957],[69.8459,16.9862],[69.8575,16.9798],[69.8748,16.9702],[69.8864,16.9638],[69.9034,16.9546],[69.9151,16.9481],[69.9323,16.9386],[69.9442,16.9322],[69.9614,16.9233],[69.9724,16.9173],[69.9899,16.9083],[70.0014,16.902],[70.019,16.8924],[70.0306,16.8861],[70.0484,16.8766],[70.0602,16.8704],[70.0773,16.8606],[70.0894,16.8542],[70.1067,16.8444],[70.1185,16.8383],[70.1356,16.8286],[70.1469,16.8226],[70.1646,16.8139],[70.1762,16.8085],[70.194,16.7995],[70.2055,16.7939],[70.223,16.7854],[70.2351,16.7798],[70.2532,16.7712],[70.2653,16.7654],[70.2832,16.7572],[70.2954,16.7518],[70.3138,16.7435],[70.3254,16.7381],[70.3438,16.7306],[70.3561,16.7251],[70.3741,16.7172],[70.3863,16.7117],[70.4037,16.703],[70.4154,16.6975],[70.4332,16.6881],[70.4443,16.6824],[70.4617,16.6736],[70.4741,16.6673],[70.4914,16.6577],[70.5024,16.6517],[70.5202,16.6426],[70.5323,16.6361],[70.5501,16.6271],[70.5618,16.6208],[70.579,16.6119],[70.5906,16.6061],[70.6087,16.5976],[70.6207,16.5916],[70.6389,16.5824],[70.6508,16.5765],[70.6683,16.5685],[70.6798,16.5631],[70.6976,16.5545],[70.7093,16.5493],[70.7269,16.5404],[70.7391,16.5346],[70.7564,16.5252],[70.7677,16.5189],[70.7852,16.5098],[70.7971,16.5035],[70.8141,16.4939],[70.8256,16.4876],[70.8429,16.4779],[70.8546,16.4718],[70.8717,16.4635],[70.8835,16.457],[70.9009,16.4481],[70.9122,16.4422],[70.9295,16.4335],[70.9417,16.4274],[70.9591,16.4185],[70.9706,16.4127],[70.9887,16.4038],[71.0001,16.3979],[71.0184,16.3889],[71.0302,16.3826],[71.0479,16.3736],[71.06,16.3676],[71.0778,16.3588],[71.0901,16.3535],[71.1081,16.3448],[71.1197,16.3392],[71.1375,16.3307],[71.1495,16.3255],[71.1677,16.3173],[71.1797,16.3114],[71.1973,16.303],[71.209,16.2975],[71.227,16.2889],[71.2388,16.2828],[71.2562,16.274],[71.2681,16.2681],[71.2865,16.2589],[71.2981,16.2525],[71.3157,16.2438],[71.3273,16.238],[71.3454,16.2291],[71.357,16.2236],[71.3752,16.2154],[71.3873,16.2099],[71.4059,16.2017],[71.4182,16.1963],[71.4358,16.1883],[71.4479,16.1822],[71.4651,16.1737],[71.4768,16.1675],[71.4943,16.1576],[71.5062,16.1514],[71.5238,16.1424],[71.5354,16.1366],[71.5529,16.1272],[71.5645,16.1209],[71.5826,16.1116],[71.5937,16.1057],[71.6111,16.0964],[71.6224,16.09],[71.6392,16.0808],[71.6508,16.0744],[71.6683,16.0648],[71.6798,16.0583],[71.6972,16.049],[71.709,16.0429],[71.7262,16.0334],[71.7379,16.0269],[71.7559,16.0176],[71.767,16.0111],[71.7851,16.0017],[71.7967,15.9953],[71.8141,15.9858],[71.8258,15.9796],[71.843,15.9699],[71.8546,15.9635],[71.8718,15.9542],[71.8832,15.948],[71.9001,15.9387],[71.9121,15.9325],[71.9295,15.9236],[71.941,15.9174],[71.9582,15.9084],[71.9701,15.9028],[71.9877,15.8938],[71.9996,15.8884],[72.0179,15.8799],[72.0297,15.8737],[72.0479,15.8657],[72.0595,15.8605],[72.078,15.8523],[72.0902,15.8465],[72.1086,15.8384],[72.12,15.8329],[72.1383,15.8247],[72.1503,15.8193],[72.1689,15.8111],[72.1805,15.8056],[72.1989,15.7977],[72.2109,15.792],[72.2288,15.7835],[72.241,15.7777],[72.2588,15.7696],[72.2708,15.764],[72.2885,15.7556],[72.3,15.7496],[72.318,15.7403],[72.3297,15.7342],[72.3465,15.7258],[72.358,15.7191],[72.3753,15.7099],[72.387,15.7036],[72.4053,15.6937],[72.4169,15.6873],[72.4347,15.6783],[72.4466,15.6717],[72.4639,15.6625],[72.4756,15.6562],[72.4932,15.6471],[72.505,15.6407],[72.5218,15.6312],[72.5339,15.6249],[72.5509,15.6157],[72.5624,15.6099],[72.5802,15.6008],[72.5915,15.595],[72.6098,15.5856],[72.621,15.5797],[72.6388,15.5711],[72.6505,15.5652],[72.6678,15.5561],[72.6799,15.5501],[72.6968,15.5407],[72.7081,15.535],[72.7256,15.5257],[72.7375,15.5194],[72.7545,15.51],[72.7664,15.5037],[72.7838,15.4939],[72.7955,15.4876],[72.8127,15.4778],[72.8244,15.4712],[72.842,15.4619],[72.853,15.4559],[72.8715,15.4463],[72.8833,15.4405],[72.9003,15.431],[72.9124,15.4248],[72.9293,15.4152],[72.9404,15.4088],[72.9571,15.399],[72.9693,15.3924],[72.9858,15.3826],[72.9974,15.3761],[73.0148,15.366],[73.0266,15.3595],[73.0436,15.3499],[73.0546,15.3431],[73.0718,15.3329],[73.0827,15.3261],[73.099,15.3159],[73.1099,15.3087],[73.1265,15.2979],[73.1377,15.2904],[73.1537,15.2798],[73.1646,15.2724],[73.1812,15.2618],[73.1921,15.2538],[73.2085,15.2436],[73.2199,15.2362],[73.2368,15.2254],[73.2476,15.2186],[73.2647,15.2077],[73.2759,15.2006],[73.2928,15.1903],[73.3042,15.1828],[73.3208,15.1726],[73.3323,15.1659],[73.3488,15.1553],[73.3603,15.1482],[73.3766,15.1373],[73.388,15.13],[73.4044,15.1192],[73.4158,15.1124],[73.4326,15.102],[73.4432,15.0951],[73.4599,15.0852],[73.4715,15.0781],[73.4885,15.0681],[73.4996,15.0613],[73.5162,15.0507],[73.5273,15.0438],[73.5439,15.0333],[73.5546,15.0267],[73.5707,15.0168],[73.5815,15.0098],[73.5981,14.9996],[73.6098,14.9926],[73.6273,14.9824],[73.6388,14.9761],[73.6563,14.967],[73.6678,14.9609],[73.6855,14.952],[73.6972,14.9462],[73.7146,14.9373],[73.7265,14.9314],[73.7445,14.923],[73.7566,14.9179],[73.7748,14.9099],[73.7876,14.9048],[73.805,14.8971],[73.8173,14.8919],[73.8358,14.8841],[73.848,14.8788],[73.8659,14.8712],[73.8784,14.8661],[73.8966,14.8582],[73.9084,14.8533],[73.9261,14.8452],[73.9381,14.8397],[73.956,14.8313],[73.9679,14.826],[73.9859,14.8176],[73.9976,14.8122],[74.0157,14.8036],[74.0275,14.7982],[74.046,14.7906],[74.0586,14.785],[74.0768,14.7771],[74.0889,14.7713],[74.1073,14.7629],[74.1194,14.7576],[74.1376,14.7497],[74.1496,14.7446],[74.1684,14.7364],[74.1804,14.731],[74.2101,14.7172],[74.2277,14.7091],[74.2399,14.7039],[74.2587,14.6948],[74.2713,14.6896]]},"properties":{"mmsi":995452190,"name":"Cargo 2190","role":"candidate","vessel_type":70,"synthetic":true,"t_offset_s":[-37408,-37168,-36808,-36568,-36208,-35968,-35608,-35368,-35008,-34768,-34408,-34168,-33808,-33568,-33208,-32968,-32608,-32368,-32008,-31768,-31408,-31168,-30808,-30568,-30208,-29968,-29608,-29368,-29008,-28768,-28408,-28168,-27808,-27568,-27208,-26968,-26608,-26368,-26008,-25768,-25408,-25168,-24808,-24568,-24208,-23968,-23608,-23368,-23008,-22768,-22408,-22168,-21808,-21568,-21208,-20968,-20608,-20368,-20008,-19768,-19408,-19168,-18808,-18568,-18208,-17968,-17608,-17368,-17008,-16768,-16408,-16168,-15808,-15568,-15208,-14968,-14608,-14368,-14008,-13768,-13408,-13168,-12808,-12568,-12208,-11968,-11608,-11368,-11008,-10768,-10408,-10168,-9808,-9568,-9208,-8968,-8608,-8368,-8008,-7768,-7408,-7168,-6808,-6568,-6208,-5968,-5608,-5368,-5008,-4768,-4408,-4168,-3808,-3568,-3208,-2968,-2608,-2368,-2008,-1768,-1408,-1168,-808,-568,-208,32,392,632,992,1232,1592,1832,2192,2432,2792,3032,3392,3632,3992,4232,4592,4832,5192,5432,5792,6032,6392,6632,6992,7232,7592,7832,8192,8432,8792,9032,9392,9632,9992,10232,10592,10832,11192,11432,11792,12032,12392,12632,12992,13232,13592,13832,14192,14432,14792,15032,15392,15632,15992,16232,16592,16832,17192,17432,17792,18032,18392,18632,18992,19232,19592,19832,20192,20432,20792,21032,21392,21632,21992,22232,22592,22832,23192,23432,23792,24032,24392,24632,24992,25232,25592,25832,26192,26432,26792,27032,27392,27632,27992,28232,28592,28832,29192,29432,29792,30032,30392,30632,30992,31232,31592,31832,32192,32432,32792,33032,33392,33632,33992,34232,34592,34832,35192,35432,35792,36032,36392,36632,36992,37232,37592,37832,38192,38432,38792,39032,39392,39632,39992,40232,40592,40832,41192,41432,41792,42032,42392,42632,42992,43232,43592,43832,44192,44432,44792,45032,45392,45632,45992,46232,46592,46832,47192,47432,47792,48032,48392,48632,48992,49232,49592,49832,50192,50432,50792,51032,51392,51632,51992,52232,52592,52832,53192,53432,53792,54032,54392,54632,54992,55232,55592,55832,56192,56432,56792,57032,57392,57632,57992,58232,58592,58832,59192,59432,60032,60392,60632,60992,61232],"sog":[11,11.8,11.4,11,11.3,11.3,11.2,11.2,11.3,11.7,11.4,11.4,11.3,11.2,11.3,11.3,11.4,11.6,11.6,11.1,12.1,11.1,11.2,11.3,11.2,10.9,11.3,11.5,11.1,11.1,11.1,11.4,11.1,11.8,11.6,11.2,10.9,11.4,11,11,11.7,11.9,11.2,11.4,11.7,11.3,10.9,11.2,11.4,11.1,11.7,10.8,10.9,11.7,11.3,10.8,11.4,11.6,11.6,11.1,11.7,11.4,11.5,11.3,11.1,11.4,11.6,11,11.8,11.8,11.5,11,11.6,11.5,11.3,11.6,11.1,11.4,11.7,11.4,12,11.5,11.1,11.1,11,11.2,11.2,11.5,11.2,11.4,11.7,11.7,11.2,11.2,11.3,11.1,11.2,11.3,10.7,10.7,11.1,12,10.8,11,11.7,10.7,11.5,12,11.4,11.9,12,11,11.4,11.4,11,11.2,12,11.1,11.1,11.1,11.7,11.4,11.4,11.8,11.6,11.1,11.2,11.6,11.1,11.7,11.4,11.5,11.5,11.3,11.3,11.2,11.2,11.9,11.5,11.3,11.5,11.4,11.3,11.4,11.7,11.4,11.6,10.9,11.4,11.6,11.3,11,11,11.5,11.2,11.6,11.6,11,11.5,11.1,11.5,11.6,11.4,11.5,11.4,11,11.1,11.3,11.2,11.2,10.9,11.4,11.3,11.4,11.2,11,11.5,11.4,11.7,11.9,11.5,11.3,11.4,11.6,11.5,11.2,11.4,11.3,11.4,11.1,11.7,11.2,11.1,11.2,11.6,10.8,11,11.1,11.4,11.9,11.7,11.5,11.5,11.6,11.1,11.4,11.4,11.3,11.4,11.3,11.2,10.8,11.5,10.8,11.6,11.2,11.7,11,10.9,11.5,11.2,11.3,11.5,11,11.4,11.8,11.4,11.2,11.7,11.4,11.5,10.7,11.4,11.6,11,11.2,11.5,11.2,11.3,11.8,10.8,11.2,11.4,11,11.4,11,11.9,11.9,11.2,11.3,11.6,11.4,11.5,11.4,11.6,11.8,10.8,11.7,11.8,11,11.4,11.3,11.2,11.7,11.1,11.5,11.5,11.4,11.1,11.8,11.5,11,11.1,10.7,11.6,11.3,11.1,11.2,11.3,11.5,11.2,11.4,10.7,11.3,11.5,11.6,11.8,12,11.4,11,11.5,11.1,11.9,11.6,11.4,11.3,11.8,11.8,11.2,10.9,11.1,11.4,11.3,11.7,11.4,10.9,11.4,11.1,11.4,11.4,11.3,10.9,11.2,11.9,11.5,11.7,11.6,11.7,11.9,11.2,11.5,11.7,11.5,11.2,11.2,11.1,11.4,11.8,11.8]}},{"type":"Feature","geometry":{"type":"LineString","coordinates":[[69.0887,14.0032],[69.0951,14.0151],[69.105,14.0326],[69.1119,14.0443],[69.1222,14.0618],[69.1294,14.0737],[69.1395,14.091],[69.1462,14.1031],[69.1563,14.1205],[69.1628,14.1322],[69.1728,14.1496],[69.1795,14.1615],[69.19,14.1793],[69.1961,14.1905],[69.2064,14.2078],[69.2131,14.2194],[69.2228,14.2365],[69.2304,14.2486],[69.2401,14.266],[69.2472,14.2774],[69.2573,14.2954],[69.264,14.3071],[69.274,14.3245],[69.281,14.3363],[69.2916,14.3536],[69.2985,14.3652],[69.3091,14.3825],[69.3165,14.394],[69.3276,14.4111],[69.3347,14.4228],[69.3458,14.4399],[69.3532,14.4508],[69.3653,14.4676],[69.3729,14.479],[69.3842,14.4959],[69.3912,14.5071],[69.403,14.5241],[69.4103,14.5354],[69.4214,14.5522],[69.4289,14.564],[69.4404,14.5809],[69.4479,14.5919],[69.4592,14.6092],[69.4668,14.6209],[69.4783,14.6378],[69.485,14.6491],[69.4956,14.6664],[69.503,14.6784],[69.5139,14.6956],[69.5211,14.7069],[69.5318,14.7246],[69.5392,14.736],[69.5502,14.7529],[69.5571,14.7647],[69.5678,14.7821],[69.5747,14.7939],[69.5854,14.8114],[69.592,14.8226],[69.6025,14.8396],[69.6094,14.8516],[69.6193,14.8696],[69.6261,14.8818],[69.6363,14.8991],[69.6426,14.9107],[69.653,14.9286],[69.6599,14.9406],[69.6703,14.9585],[69.6777,14.9701],[69.6883,14.9869],[69.6956,14.9983],[69.7072,15.0158],[69.7151,15.027],[69.7264,15.044],[69.734,15.0553],[69.7449,15.0729],[69.7516,15.0839],[69.7624,15.1014],[69.77,15.113],[69.7804,15.1299],[69.7874,15.1411],[69.7977,15.1593],[69.8045,15.1705],[69.8146,15.1887],[69.8213,15.2005],[69.8317,15.2179],[69.8382,15.2296],[69.848,15.2468],[69.8547,15.2587],[69.8642,15.2765],[69.8705,15.2885],[69.8804,15.3063],[69.8865,15.3182],[69.8962,15.3365],[69.9028,15.3485],[69.9126,15.3664],[69.9192,15.3786],[69.9292,15.396],[69.9357,15.4082],[69.9458,15.4257],[69.952,15.4374],[69.9615,15.4556],[69.9678,15.4681],[69.9769,15.4858],[69.9829,15.498],[69.9915,15.5162],[69.9976,15.5281],[70.0059,15.5465],[70.0117,15.5586],[70.0203,15.5769],[70.0264,15.5894],[70.0351,15.6074],[70.0408,15.6197],[70.0499,15.638],[70.0558,15.6501],[70.0654,15.6681],[70.0709,15.6803],[70.0801,15.6985],[70.086,15.7104],[70.0948,15.7288],[70.101,15.7405],[70.1102,15.7592],[70.1162,15.7715],[70.1248,15.7901],[70.1302,15.8027],[70.1383,15.8211],[70.1442,15.8336],[70.1524,15.8527],[70.1581,15.8647],[70.1664,15.8834],[70.1714,15.8956],[70.1801,15.914],[70.1857,15.9264],[70.1942,15.9443],[70.1997,15.9568],[70.2077,15.975],[70.2134,15.9874],[70.221,16.0057],[70.2267,16.0187],[70.2344,16.0364],[70.2398,16.0492],[70.2478,16.0678],[70.2537,16.0801],[70.262,16.0986],[70.2679,16.111],[70.2773,16.1297],[70.283,16.1419],[70.292,16.1602],[70.2984,16.1718],[70.3079,16.1898],[70.3141,16.2018],[70.3236,16.2197],[70.3295,16.2318],[70.3389,16.2502],[70.3458,16.2615],[70.3554,16.2789],[70.3622,16.2902],[70.3723,16.3084],[70.3796,16.3202],[70.3896,16.3383],[70.396,16.3498],[70.4058,16.3679],[70.4123,16.3802],[70.422,16.3987],[70.428,16.41],[70.4382,16.4287],[70.4444,16.4407],[70.4537,16.4581],[70.4604,16.4709],[70.47,16.4888],[70.4755,16.5007],[70.4853,16.519],[70.4916,16.5311],[70.5004,16.5488],[70.5063,16.5612],[70.5156,16.5793],[70.5215,16.5913],[70.5302,16.6092],[70.5367,16.6212],[70.5456,16.6391],[70.5517,16.6517],[70.5612,16.6698],[70.5672,16.682],[70.5758,16.7004],[70.5813,16.7124],[70.5901,16.7306],[70.5963,16.743],[70.6051,16.7614],[70.6111,16.7735],[70.6198,16.7912],[70.6258,16.8033],[70.6348,16.822],[70.641,16.834],[70.6496,16.8527],[70.6552,16.8646],[70.6637,16.8832],[70.6699,16.8957],[70.6787,16.9141],[70.6845,16.9259],[70.6931,16.9437],[70.6987,16.9561],[70.7075,16.9743],[70.7133,16.987],[70.7222,17.0056],[70.728,17.0173],[70.7363,17.036],[70.7417,17.0482],[70.7495,17.067],[70.7547,17.0789],[70.7627,17.0978],[70.7687,17.1109],[70.7772,17.1293],[70.783,17.1421],[70.7909,17.1601],[70.7969,17.172],[70.8057,17.1903],[70.8116,17.2022],[70.8207,17.2207],[70.8264,17.2328],[70.8357,17.2509],[70.8419,17.2631],[70.8517,17.282],[70.8576,17.2941],[70.8668,17.3124],[70.8733,17.325],[70.8832,17.343],[70.889,17.3548],[70.8988,17.3726],[70.9057,17.3844],[70.9147,17.402],[70.9213,17.4137],[70.9307,17.4321],[70.9372,17.4441],[70.947,17.462],[70.9535,17.4743],[70.9635,17.4923],[70.9694,17.5042],[70.979,17.5223],[70.9855,17.5344],[70.9955,17.5519],[71.0022,17.5638],[71.0119,17.5819],[71.0189,17.5932],[71.0289,17.6116],[71.036,17.6239],[71.0462,17.641],[71.0533,17.6529],[71.0639,17.671],[71.0714,17.6829],[71.0818,17.7003],[71.0884,17.7119],[71.0991,17.7297],[71.106,17.7406],[71.1166,17.7585],[71.1236,17.7699],[71.1343,17.7876],[71.1412,17.7997],[71.1516,17.817],[71.1583,17.8283],[71.1692,17.8458],[71.1762,17.8577],[71.187,17.8748],[71.1939,17.8863],[71.2047,17.9044],[71.2111,17.916],[71.2217,17.9334],[71.2282,17.9449],[71.2383,17.9634],[71.2453,17.975],[71.2559,17.993],[71.2629,18.0049],[71.274,18.0219],[71.2811,18.0335],[71.2927,18.0506],[71.2993,18.0625],[71.3105,18.0795],[71.3183,18.091],[71.329,18.1085],[71.3362,18.1197],[71.3478,18.1374],[71.3551,18.149],[71.3655,18.1658],[71.3735,18.1778],[71.3841,18.1945],[71.3914,18.2067],[71.4023,18.2232],[71.4094,18.2343],[71.4197,18.2516],[71.427,18.263],[71.4377,18.2802],[71.4444,18.292],[71.4551,18.3089],[71.4624,18.3202],[71.4725,18.3376],[71.4797,18.3493],[71.4899,18.3673],[71.497,18.3786],[71.5082,18.396],[71.5153,18.4073],[71.5265,18.4247],[71.5333,18.4358],[71.5441,18.4536],[71.5507,18.4648],[71.5609,18.4825],[71.5679,18.4944],[71.5781,18.5123],[71.5852,18.5239],[71.5954,18.5419],[71.6024,18.5533],[71.6127,18.5712],[71.6201,18.5832],[71.6305,18.6006],[71.6378,18.6122],[71.6488,18.6294],[71.6565,18.6404],[71.6674,18.6579],[71.6746,18.6695],[71.6855,18.687],[71.6929,18.6983],[71.7034,18.7158],[71.7104,18.7276],[71.7214,18.7444],[71.7288,18.7557],[71.7407,18.7733],[71.7481,18.7841],[71.7594,18.8004],[71.7674,18.8114],[71.7794,18.8282],[71.7872,18.839],[71.7992,18.8562],[71.807,18.8673],[71.819,18.8838],[71.8273,18.8952],[71.839,18.9116],[71.8471,18.9222],[71.8592,18.9393],[71.8675,18.9504],[71.879,18.9677],[71.8869,18.9791],[71.8988,18.9962],[71.906,19.0073],[71.9181,19.0241],[71.9259,19.0353],[71.9377,19.0518],[71.9458,19.0629],[71.9577,19.0792],[71.9658,19.0902],[71.9784,19.1073],[71.9868,19.1185],[71.9994,19.1347],[72.0077,19.1453],[72.0202,19.1612],[72.0285,19.1717],[72.0404,19.1883],[72.0485,19.1993],[72.0602,19.2157],[72.0683,19.2263],[72.0801,19.2432],[72.0882,19.2546],[72.0996,19.2716],[72.1071,19.2831],[72.1177,19.2996],[72.1251,19.3105],[72.1361,19.3275],[72.1432,19.3389],[72.154,19.3557],[72.1612,19.3672],[72.1718,19.385],[72.1788,19.3967],[72.1896,19.4138],[72.1971,19.4256],[72.2078,19.4426],[72.2155,19.4543],[72.2267,19.4707],[72.2346,19.4822],[72.2463,19.4984],[72.2533,19.5097],[72.2658,19.5266],[72.2739,19.5374],[72.2866,19.554],[72.295,19.565],[72.3066,19.5806],[72.3151,19.591],[72.3276,19.607],[72.3358,19.6174],[72.3483,19.6338],[72.3567,19.6442],[72.3693,19.6605],[72.3774,19.671],[72.3901,19.687],[72.3984,19.6976],[72.4115,19.7138],[72.4201,19.724],[72.4335,19.7399],[72.4424,19.7501],[72.4559,19.7659],[72.4644,19.7767],[72.4765,19.7928],[72.4847,19.8042],[72.4966,19.8199],[72.5052,19.8309],[72.5171,19.8471],[72.5253,19.858],[72.5377,19.8749],[72.5459,19.8859],[72.5579,19.9025],[72.5663,19.9131],[72.5785,19.9299],[72.5865,19.9407],[72.5985,19.9571],[72.6067,19.9679],[72.6191,19.9845],[72.6276,19.9957],[72.6399,20.0117],[72.6484,20.0228],[72.6612,20.0391],[72.6692,20.05],[72.6805,20.0665],[72.689,20.0777],[72.7005,20.094],[72.7084,20.1049],[72.7203,20.1215],[72.7284,20.1327],[72.7401,20.1495]]},"properties":{"mmsi":995569752,"name":"Tanker 9752","role":"candidate","vessel_type":80,"synthetic":true,"t_offset_s":[-86640,-86400,-86040,-85800,-85440,-85200,-84840,-84600,-84240,-84000,-83640,-83400,-83040,-82800,-82440,-82200,-81840,-81600,-81240,-81000,-80640,-80400,-80040,-79800,-79440,-79200,-78840,-78600,-78240,-78000,-77640,-77400,-77040,-76800,-76440,-76200,-75840,-75600,-75240,-75000,-74640,-74400,-74040,-73800,-73440,-73200,-72840,-72600,-72240,-72000,-71640,-71400,-71040,-70800,-70440,-70200,-69840,-69600,-69240,-69000,-68640,-68400,-68040,-67800,-67440,-67200,-66840,-66600,-66240,-66000,-65640,-65400,-65040,-64800,-64440,-64200,-63840,-63600,-63240,-63000,-62640,-62400,-62040,-61800,-61440,-61200,-60840,-60600,-60240,-60000,-59640,-59400,-59040,-58800,-58440,-58200,-57840,-57600,-57240,-57000,-56640,-56400,-56040,-55800,-55440,-55200,-54840,-54600,-54240,-54000,-53640,-53400,-53040,-52800,-52440,-52200,-51840,-51600,-51240,-51000,-50640,-50400,-50040,-49800,-49440,-49200,-48840,-48600,-48240,-48000,-47640,-47400,-47040,-46800,-46440,-46200,-45840,-45600,-45240,-45000,-44640,-44400,-44040,-43800,-43440,-43200,-42840,-42600,-42240,-42000,-41640,-41400,-41040,-40800,-40440,-40200,-39840,-39600,-39240,-39000,-38640,-38400,-38040,-37800,-37440,-37200,-36840,-36600,-36240,-36000,-35640,-35400,-35040,-34800,-34440,-34200,-33840,-33600,-33240,-33000,-32640,-32400,-32040,-31800,-31440,-31200,-30840,-30600,-30240,-30000,-29640,-29400,-29040,-28800,-28440,-28200,-27840,-27600,-27240,-27000,-26640,-26400,-26040,-25800,-25440,-25200,-24840,-24600,-24240,-24000,-23640,-23400,-23040,-22800,-22440,-22200,-21840,-21600,-21240,-21000,-20640,-20400,-20040,-19800,-19440,-19200,-18840,-18600,-18240,-18000,-17640,-17400,-17040,-16800,-16440,-16200,-15840,-15600,-15240,-15000,-14640,-14400,-14040,-13800,-13440,-13200,-12840,-12600,-12240,-12000,-11640,-11400,-11040,-10800,-10440,-10200,-9840,-9600,-9240,-9000,-8640,-8400,-8040,-7800,-7440,-7200,-6840,-6600,-6240,-6000,-5640,-5400,-5040,-4800,-4440,-4200,-3840,-3600,-3240,-3000,-2640,-2400,-2040,-1800,-1440,-1200,-840,-600,-240,0,360,600,960,1200,1560,1800,2160,2400,2760,3000,3360,3600,3960,4200,4560,4800,5160,5400,5760,6000,6360,6600,6960,7200,7560,7800,8160,8400,8760,9000,9360,9600,9960,10200,10560,10800,11160,11400,11760,12000,12360,12600,12960,13200,13560,13800,14160,14400,14760,15000,15360,15600,15960,16200,16560,16800,17160,17400,17760,18000,18360,18600,18960,19200,19560,19800,20160,20400,20760,21000,21360,21600,21960,22200,22560,22800,23160,23400,23760,24000,24360,24600,24960,25200,25560,25800,26160,26400,26760,27000,27360,27600,27960,28200,28560,28800,29160,29400,29760,30000,30360,30600,30960,31200,31560,31800,32160,32400,32760,33000,33360,33600,33960,34200,34560,34800,35160,35400,35760,36000,36360,36600,36960,37200,37560,37800,38160,38400,38760,39000,39360,39600,39960],"sog":[12.3,11.7,11.6,12.2,11.8,11.8,11.9,12.6,11.2,11.9,11.9,11.9,12.2,11.3,11.9,11.7,11.9,11.9,11.9,12.2,12.1,12.1,12.1,12.3,12,12.1,12,12.3,12.2,11.9,11.6,11.9,12.5,11.8,11.5,11.4,11.8,11.7,12.1,12,12,11.6,11.8,12.4,11.8,11.9,12.5,11.9,12.6,12,12.2,12.2,12.3,11.9,11.8,12,12.1,11.6,11.9,12.3,11.9,12.7,11.8,11.7,11.9,12.4,12.3,12.1,12.1,12.1,12.2,12,12,12,11.7,11.4,11.6,12.4,11.6,11.6,12.3,11.6,12,12.5,11.9,11.7,11.8,12,12.2,12.1,12.1,12,11.9,11.5,12.1,12.3,11.4,12.2,11.8,11.8,12.1,12.4,12.1,11.9,11.9,12,12,12.4,12.1,12.6,12.2,11.7,12.3,11.8,12,12,12,12.1,12.2,12.4,11.6,12.3,11.6,12.4,11.9,12.1,12.3,12.2,12,12,12,11.9,12,11.5,11.4,12,11.6,12.6,11.6,11.9,11.5,12,11.8,12.5,12.1,11.6,11.5,11.5,11.7,12.5,11.9,12.3,12.1,11.3,11.8,11.7,12.5,12.4,12.5,12.1,11.8,12.5,12.1,11.9,12.3,11.9,11.7,12.4,11.8,11.7,11.8,12.1,12.1,12.6,11.9,11.5,12,12.1,12.2,12.2,11.7,11.5,12.8,11.6,11.7,12.1,12.3,11.7,12,11.9,12.2,12.1,11.8,11.9,12.4,12.3,11.9,11.6,12.1,12,12.3,12.1,12.3,11.7,11.9,11.8,12,11.5,12.4,12.7,12.1,12.1,11.7,11.9,12.6,11.6,12.7,12.3,11.7,11.6,12.7,12.1,12.7,12.5,12.2,12.1,12,11.6,12.1,12.1,11.8,11.6,12.2,11.6,12.1,12.1,12.2,12.1,12.4,12.3,12.3,12,12.1,12.3,12.2,12,12.3,12.1,12.4,11.8,12.4,11.7,11.9,11.6,12.4,12.3,12.4,12.3,12.3,12.2,11.7,11.9,12.1,11.7,12.4,12.5,12.5,11.9,11.4,12.8,12.3,12.1,11.5,11.6,12.3,12.1,12,12,12.2,12,12.2,12.2,11.6,12.5,11.9,11.5,11.3,11.7,11.7,11.6,11.8,11.4,12.1,12.4,11.9,12,12.4,12.5,11.6,11.8,12.1,11.5,12,12.3,11.9,12.1,12.3,11.7,12.1,12,12.5,12.2,11.9,11.9,12,12.3,12.2,11.8,12,12.1,11.6,12,12.5,11.8,11.7,11.6,12.6,11.7,11.9,11.9,12.2,12.3,11.6,11.9,12.3,12.4,12.7,12.3,12.3,12.2,11.7,11.9,12.1,12.1,11.8,11.9,12.6,12,12.3,12.1,11.7,11.8,12,12.4,12.3,12.3,12,11.9,12,12.6,11.9,11.6,12.1,12,11.9,11.8,12.3,11.9,12.2,12.2,11.8,12.1,11.6,11.9,12.2,12.1,11.7,11.9,11.9,12.4,11.7,11.9,11.8,12.2,11.7,11.9,11.9,11.9,11.7,12,12.5,11.3,12.3,12,12.5,11.9,12,12.3,11.3,12.2,12,12.3,12.3,12.2,11.9,11.9,12,12.2,11.9,12.4,12.4,12.3,11.7,12,12.2,12.2,11.6,12.2,11.5,11.7,12.4,12.4,11.9]}},{"type":"Feature","geometry":{"type":"LineString","coordinates":[[69.783,17.1034],[69.7908,17.0986],[69.8135,17.085],[69.8284,17.0757],[69.8502,17.0617],[69.8649,17.0521],[69.8874,17.0368],[69.9026,17.0272],[69.9241,17.0126],[69.9391,17.0023],[69.9613,16.9873],[69.9756,16.9773],[69.9972,16.9626],[70.0118,16.9526],[70.0333,16.9365],[70.0467,16.9262],[70.0677,16.9107],[70.0816,16.8998],[70.102,16.8833],[70.1158,16.8722],[70.1367,16.8563],[70.1508,16.8453],[70.1716,16.8293],[70.1849,16.8187],[70.206,16.8029],[70.2202,16.7922],[70.2415,16.7755],[70.2554,16.7645],[70.2763,16.7487],[70.2902,16.7383],[70.3115,16.723],[70.3255,16.7125],[70.3467,16.6964],[70.3607,16.6858],[70.3816,16.6704],[70.396,16.6604],[70.4175,16.6454],[70.4324,16.6358],[70.454,16.6211],[70.469,16.6108],[70.4906,16.596],[70.5053,16.5859],[70.527,16.571],[70.5417,16.5611],[70.5639,16.5468],[70.5781,16.5374],[70.6001,16.5239],[70.6151,16.5146],[70.638,16.5005],[70.6534,16.4914],[70.6759,16.4784],[70.6907,16.4694],[70.7134,16.4561],[70.7283,16.4466],[70.7508,16.4327],[70.7662,16.4233],[70.7886,16.4096],[70.8035,16.4],[70.8261,16.3859],[70.8411,16.3763],[70.8638,16.3624],[70.8787,16.3528],[70.9014,16.3387],[70.9163,16.3291],[70.9391,16.3145],[70.9534,16.3046],[70.9757,16.2899],[70.9901,16.2799],[71.012,16.2658],[71.0264,16.2559],[71.048,16.2412],[71.063,16.2314],[71.085,16.2169],[71.0996,16.207],[71.1217,16.193],[71.1365,16.1836],[71.1586,16.1694],[71.1738,16.1601],[71.1969,16.1464],[71.2117,16.1369],[71.2344,16.1234],[71.2497,16.1135],[71.2724,16.1],[71.2875,16.0901],[71.3098,16.0758],[71.3244,16.0663],[71.3469,16.0518],[71.3622,16.0415],[71.3847,16.0267],[71.3992,16.0167],[71.4216,16.0019],[71.436,15.9922],[71.4571,15.9766],[71.4714,15.9661],[71.4931,15.951],[71.5074,15.9402],[71.5288,15.9258],[71.5433,15.9156],[71.5652,15.9006],[71.5798,15.8905],[71.6019,15.8766],[71.6166,15.8668],[71.6387,15.8529],[71.6537,15.8429],[71.676,15.8287],[71.6908,15.8196],[71.7133,15.8054],[71.7282,15.7958],[71.7503,15.7817],[71.7652,15.7723],[71.7869,15.7583],[71.8022,15.7488],[71.8249,15.7348],[71.8396,15.725],[71.8619,15.7112],[71.8771,15.7017],[71.8988,15.6877],[71.914,15.678],[71.9363,15.6639],[71.9508,15.6544],[71.9722,15.6395],[71.9871,15.6292],[72.0083,15.6141],[72.0221,15.6041],[72.0439,15.5885],[72.0582,15.5784],[72.0805,15.5629],[72.0948,15.5527],[72.1166,15.5374],[72.1314,15.5272],[72.1532,15.5119],[72.1674,15.5017],[72.1895,15.4864],[72.2038,15.4761],[72.2254,15.4612],[72.2398,15.4514],[72.2619,15.4368],[72.2759,15.4272],[72.2985,15.4128],[72.3137,15.4033],[72.3364,15.3898],[72.3516,15.3808],[72.3745,15.3672],[72.3893,15.3582],[72.4118,15.3446],[72.4273,15.3358],[72.4493,15.3219],[72.4647,15.3134],[72.4876,15.3004],[72.5036,15.2912],[72.5265,15.278],[72.5416,15.2691],[72.5642,15.2563],[72.5793,15.2473],[72.6017,15.2339],[72.617,15.225],[72.6398,15.2114],[72.655,15.2027],[72.6779,15.1897],[72.6938,15.1806],[72.7169,15.1672],[72.7321,15.1585],[72.7556,15.1453],[72.7713,15.1365],[72.7946,15.1232],[72.8101,15.1148],[72.8339,15.1016],[72.8493,15.0929],[72.8726,15.0801],[72.8882,15.0707],[72.9116,15.0581],[72.9275,15.0496],[72.9513,15.0373],[72.9674,15.029],[72.9914,15.0167],[73.0073,15.0087],[73.0309,14.9966],[73.0467,14.9886],[73.0706,14.9758],[73.0866,14.9678],[73.1103,14.9555],[73.1257,14.9476],[73.1498,14.9362],[73.1655,14.9284],[73.1899,14.9172],[73.2057,14.9098],[73.2298,14.8982],[73.2461,14.8909],[73.2704,14.8802],[73.2868,14.8729],[73.311,14.8623],[73.3269,14.8546],[73.3507,14.8437],[73.367,14.8364],[73.3915,14.8261],[73.4078,14.8187],[73.4314,14.8079],[73.4482,14.8002],[73.4716,14.7896],[73.4884,14.7817],[73.5121,14.7709],[73.5282,14.7631],[73.5528,14.7521],[73.569,14.7447],[73.5933,14.734],[73.6092,14.7261],[73.6338,14.7147],[73.6495,14.7068],[73.6732,14.6946],[73.6895,14.6868],[73.7129,14.6747],[73.729,14.6672],[73.753,14.6553],[73.7688,14.6475],[73.7927,14.6359],[73.8085,14.6282],[73.8326,14.617],[73.8491,14.6094],[73.8731,14.5978],[73.8892,14.5902],[73.9136,14.5789],[73.9298,14.5715],[73.9538,14.5608],[73.9699,14.5533],[73.9939,14.5423],[74.0105,14.534],[74.0344,14.5223],[74.0505,14.5144],[74.0743,14.5036],[74.0904,14.4957],[74.1145,14.4835],[74.1297,14.4755],[74.1528,14.4636],[74.1688,14.4549],[74.1919,14.4425],[74.2077,14.4337],[74.2305,14.421],[74.2453,14.4127],[74.2689,14.4001],[74.2843,14.3912],[74.3078,14.3782],[74.3236,14.3698],[74.3469,14.3577],[74.3628,14.3497],[74.3875,14.3377],[74.403,14.3301]]},"properties":{"mmsi":995621960,"name":"Tanker 1960","role":"background","vessel_type":80,"synthetic":true,"t_offset_s":[4127,4247,4607,4847,5207,5447,5807,6047,6407,6647,7007,7247,7607,7847,8207,8447,8807,9047,9407,9647,10007,10247,10607,10847,11207,11447,11807,12047,12407,12647,13007,13247,13607,13847,14207,14447,14807,15047,15407,15647,16007,16247,16607,16847,17207,17447,17807,18047,18407,18647,19007,19247,19607,19847,20207,20447,20807,21047,21407,21647,22007,22247,22607,22847,23207,23447,23807,24047,24407,24647,25007,25247,25607,25847,26207,26447,26807,27047,27407,27647,28007,28247,28607,28847,29207,29447,29807,30047,30407,30647,31007,31247,31607,31847,32207,32447,32807,33047,33407,33647,34007,34247,34607,34847,35207,35447,35807,36047,36407,36647,37007,37247,37607,37847,38207,38447,38807,39047,39407,39647,40007,40247,40607,40847,41207,41447,41807,42047,42407,42647,43007,43247,43607,43847,44207,44447,44807,45047,45407,45647,46007,46247,46607,46847,47207,47447,47807,48047,48407,48647,49007,49247,49607,49847,50207,50447,50807,51047,51407,51647,52007,52247,52607,52847,53207,53447,53807,54047,54407,54647,55007,55247,55607,55847,56207,56447,56807,57047,57407,57647,58007,58247,58607,58847,59207,59447,59807,60047,60407,60647,61007,61247,61607,61847,62207,62447,62807,63047,63407,63647,64007,64247,64607,64847,65207,65447,65807,66047,66407,66647,67007,67247,67607,67847,68207,68447,68807,69047,69407,69647,70007,70247,70607,70847,71207,71447,71807,72047,72407,72647,73007,73247,73607,73847,74207,74447,74807,75047,75407,75647,76007,76247,76607,76847,77207,77447],"sog":[15,15.5,15.2,15,14.8,15.2,15.3,15.2,15.3,15.2,15.7,15.2,15.1,15.2,15.2,14.8,15.6,15.2,14.6,15.3,15.2,15.2,15.2,14.8,15.6,15.9,15.9,15.5,14.9,15.2,15.3,15.1,15.4,16,14.8,14.9,15.2,15,15.1,15.8,15,15.3,14.9,15.2,15.5,15,15,15.5,15.5,15.5,15.2,15.2,15.1,15.3,15.4,15.7,14.9,15.5,15.1,15.1,15.2,15.3,15.5,15.6,15.6,15.1,15.4,15.1,15,15,14.9,15.4,15.4,15.1,15.4,14.9,15.5,15.2,15.6,15.4,15.7,16.1,15.1,15.3,15.1,15.3,15.6,15.3,15.5,15.4,15.3,15.3,14.9,15.4,15.7,15.4,14.9,15.3,15.2,15,15.1,15.1,15.3,15.3,14.7,15.1,15,15.3,15,15.9,14.9,15.1,15.2,15.1,15.6,15.4,15.1,15.7,15.2,15.1,15.1,15.1,15,14.6,16.2,15.4,15.3,15.4,15.1,15.7,15.7,15.3,15.6,14.9,15.2,15.4,15.1,15.1,15,15.3,15.3,14.4,15.4,15.2,15,15.2,15.1,14.7,15.1,16,15.3,15.1,14.6,15.4,15.1,15.1,15.6,15.1,15.7,15.4,15.6,15,15.3,15.4,15.4,15.1,15.5,15.3,15.6,15.4,15.1,15.7,15.3,15.8,15.2,15.6,15.2,15.2,15.5,15.9,15.3,14.7,15.4,14.8,15.1,15.5,15.3,15.6,15,15.5,15.4,15.9,15.2,15.4,15.3,15.2,14.9,15.5,15.2,15.3,14.9,15,15,15.5,15.1,15.2,15.4,15.8,14.9,15.2,15.1,15.7,15.4,14.6,15.5,15.2,15.3,15,15.3,15.4,15.2,15.2,15,15.9,14.7,15.7,15.3,15.7,14.9,15.5,15.7,14.7,15,15.3,15.1,15.4,14.6,14.8,15.3,15.1,15.2,15.7,15.4,15.4,15.7,15]}},{"type":"Feature","geometry":{"type":"LineString","coordinates":[[70.9426,17.422],[70.9381,17.4058],[70.9354,17.3951],[70.9308,17.3784],[70.9279,17.3675],[70.9236,17.3515],[70.9199,17.3406],[70.915,17.3245],[70.9116,17.3129],[70.907,17.2972],[70.9037,17.2862],[70.8988,17.2704],[70.8957,17.2597],[70.8903,17.2437],[70.8873,17.2332],[70.8823,17.2167],[70.8788,17.2057],[70.8732,17.1898],[70.8693,17.1788],[70.8642,17.163],[70.8608,17.1523],[70.8547,17.1369],[70.8508,17.1256],[70.845,17.1097],[70.8413,17.0992],[70.835,17.0835],[70.8309,17.0727],[70.8249,17.0574],[70.8205,17.0468],[70.8142,17.0315],[70.81,17.0202],[70.8034,17.0046],[70.799,16.9941],[70.7926,16.9782],[70.7883,16.9681],[70.782,16.9516],[70.7783,16.9408],[70.7726,16.9253],[70.7689,16.9138],[70.7638,16.8981],[70.7604,16.887],[70.7555,16.8713],[70.7525,16.8602],[70.7472,16.8435],[70.7442,16.8331],[70.7395,16.8169],[70.7362,16.8063],[70.7322,16.7901],[70.729,16.7793],[70.724,16.762],[70.7209,16.7511],[70.716,16.7345],[70.7132,16.7242],[70.7085,16.7081],[70.705,16.6974],[70.6998,16.6818],[70.6965,16.671],[70.6908,16.6545],[70.6872,16.6438],[70.6817,16.6275],[70.6778,16.6166],[70.6728,16.6005],[70.6689,16.5894],[70.6634,16.5733],[70.66,16.5633],[70.6539,16.547],[70.6503,16.5364],[70.6445,16.5203],[70.6407,16.5096],[70.635,16.4933]]},"properties":{"mmsi":996254591,"name":"Tanker 4591","role":"background","vessel_type":80,"synthetic":true,"t_offset_s":[65457,65817,66057,66417,66657,67017,67257,67617,67857,68217,68457,68817,69057,69417,69657,70017,70257,70617,70857,71217,71457,71817,72057,72417,72657,73017,73257,73617,73857,74217,74457,74817,75057,75417,75657,76017,76257,76617,76857,77217,77457,77817,78057,78417,78657,79017,79257,79617,79857,80217,80457,80817,81057,81417,81657,82017,82257,82617,82857,83217,83457,83817,84057,84417,84657,85017,85257,85617,85857,86217],"sog":[10.5,10.2,10.1,10.4,10.3,10,10,9.8,10.5,9.8,10.4,9.7,9.9,9.5,9.6,10.3,10.4,10.4,10.3,10.1,10.3,10.1,9.6,10.5,10.1,10,10.2,10,9.6,9.7,10.6,10.1,10.2,10.3,10,10,10.2,10,10.3,10.3,10,9.6,9.9,10,10.1,9.9,10.1,10,9.6,10.3,10.3,10.3,9.5,9.9,9.7,9.8,10.3,10.3,10.4,9.6,10.6,9.9,10.2,9.8,10.2,10.2,9.8,10.2,10.1,9.8]}},{"type":"Feature","geometry":{"type":"LineString","coordinates":[[72.2843,18.9755],[72.2847,18.9588],[72.2851,18.9475],[72.2857,18.9301],[72.286,18.9188],[72.2862,18.9022],[72.2868,18.8905],[72.2873,18.8733],[72.2877,18.8626],[72.288,18.8452],[72.288,18.8344],[72.2876,18.8174],[72.288,18.8065],[72.2876,18.7893],[72.2878,18.7784],[72.2876,18.761],[72.2871,18.7498],[72.2873,18.7328],[72.2869,18.7217],[72.2867,18.7045],[72.2874,18.6926],[72.2867,18.6763],[72.2862,18.6645],[72.2858,18.647],[72.2851,18.6357],[72.2851,18.6186],[72.2851,18.6076],[72.2847,18.5912],[72.2848,18.58],[72.2848,18.5633],[72.2846,18.5524],[72.2851,18.5354],[72.285,18.5243],[72.2852,18.5075],[72.2854,18.4964],[72.2857,18.4797],[72.2858,18.4682],[72.286,18.4512],[72.2861,18.4401],[72.287,18.4231],[72.2875,18.4117],[72.2877,18.3944],[72.2882,18.3833],[72.2888,18.3661],[72.2891,18.355],[72.2894,18.3378],[72.2893,18.3263],[72.2894,18.3092],[72.2891,18.298],[72.2889,18.2809],[72.2889,18.2695],[72.2884,18.2525],[72.2887,18.2416],[72.289,18.2243],[72.289,18.2134],[72.289,18.1965],[72.2892,18.1856],[72.2899,18.1684],[72.2902,18.1572],[72.291,18.1403],[72.2919,18.1291],[72.2926,18.1123],[72.2929,18.1009],[72.2939,18.0845],[72.2947,18.0729],[72.2952,18.0556],[72.2957,18.0446],[72.296,18.0274],[72.2964,18.0163],[72.2962,17.9994],[72.2966,17.9878],[72.2965,17.9704],[72.297,17.9588],[72.297,17.9421],[72.2971,17.931],[72.2974,17.9143],[72.2979,17.9026],[72.2979,17.8852],[72.2984,17.8745],[72.2984,17.8567],[72.2989,17.8456],[72.299,17.8284],[72.2991,17.8171],[72.2998,17.7999],[72.2998,17.7883],[72.3006,17.7715],[72.3005,17.7603],[72.3003,17.743],[72.3003,17.732],[72.3002,17.7144],[72.3,17.7029],[72.2995,17.686],[72.2996,17.6748],[72.2991,17.6585],[72.2988,17.6473],[72.2984,17.6302],[72.298,17.6182],[72.2981,17.6017],[72.2977,17.5907],[72.2972,17.5738],[72.2968,17.5626],[72.2967,17.5462],[72.2961,17.5347],[72.2955,17.5179],[72.2951,17.5071],[72.2946,17.4905],[72.2946,17.4786],[72.2939,17.4617],[72.2935,17.4507],[72.2937,17.4338],[72.2934,17.4222],[72.2934,17.4053],[72.293,17.3939],[72.2927,17.3771],[72.2926,17.3658],[72.2926,17.3484],[72.2926,17.3375],[72.2922,17.3204],[72.2914,17.3097],[72.2905,17.2929],[72.2896,17.2814],[72.2885,17.2646],[72.2877,17.2534],[72.2865,17.236],[72.286,17.2252],[72.2854,17.2077],[72.2844,17.1969],[72.2836,17.1802],[72.2832,17.169],[72.2821,17.1526],[72.2812,17.1419],[72.28,17.1246],[72.2786,17.1132],[72.2773,17.0967],[72.2767,17.0853],[72.2752,17.0686],[72.2744,17.0573],[72.2732,17.0401],[72.2729,17.0289],[72.2721,17.0118],[72.2713,17.0008],[72.271,16.9841],[72.2707,16.9726],[72.2705,16.9559],[72.2707,16.9441],[72.2702,16.9272],[72.2702,16.9155],[72.27,16.8989],[72.2703,16.8873],[72.2709,16.8709],[72.271,16.8591],[72.2714,16.8426],[72.2715,16.8317],[72.2716,16.8147],[72.2721,16.8031],[72.2728,16.7858],[72.2735,16.7744],[72.2744,16.757],[72.2754,16.7463],[72.276,16.7292],[72.277,16.7188],[72.2776,16.7023],[72.2784,16.6907],[72.2793,16.6739],[72.28,16.6625],[72.2812,16.6452],[72.2823,16.6345],[72.284,16.6171],[72.2852,16.6063],[72.287,16.589],[72.2879,16.578],[72.2894,16.5614],[72.2903,16.5502],[72.2917,16.5332],[72.2929,16.5217],[72.2943,16.5049],[72.295,16.4939],[72.2968,16.4768],[72.297,16.4657],[72.298,16.449],[72.2987,16.4377],[72.3004,16.4208],[72.3011,16.4097],[72.3027,16.3923],[72.3032,16.3813],[72.3047,16.365],[72.3062,16.3535],[72.3078,16.3375],[72.3094,16.3262],[72.3109,16.3099],[72.3125,16.2984],[72.3147,16.2817],[72.3161,16.2705],[72.3182,16.2541],[72.3197,16.2435],[72.3215,16.2261],[72.3229,16.2149],[72.3246,16.1984],[72.3254,16.1871],[72.327,16.1705],[72.3279,16.1586],[72.329,16.1425],[72.3292,16.1314],[72.3302,16.1149],[72.3309,16.1031],[72.3321,16.0861],[72.3325,16.0749],[72.3334,16.0574],[72.3337,16.0465],[72.3346,16.0293],[72.3348,16.018],[72.3353,16.0008],[72.3359,15.9892],[72.3361,15.9726],[72.3364,15.9612],[72.3366,15.9447],[72.3371,15.9331],[72.3376,15.9163],[72.3376,15.9046],[72.3381,15.8873],[72.3385,15.8764],[72.3392,15.8589],[72.3395,15.8479],[72.34,15.8312],[72.3405,15.8199],[72.341,15.8028],[72.3412,15.7917],[72.342,15.774],[72.3427,15.7624],[72.3436,15.746],[72.3442,15.7345],[72.3448,15.7177],[72.3453,15.7066],[72.3456,15.69],[72.3459,15.6791],[72.3466,15.6612],[72.3469,15.6504],[72.3476,15.6333],[72.3481,15.6219],[72.3487,15.6052],[72.3491,15.594],[72.3497,15.5777],[72.3501,15.5667],[72.3504,15.5495],[72.3511,15.5382],[72.3516,15.5212],[72.3523,15.5099],[72.3525,15.4935],[72.3531,15.4821],[72.3538,15.4653],[72.3538,15.4534],[72.3547,15.4358],[72.3551,15.425],[72.3559,15.4086],[72.3565,15.3974],[72.3571,15.3803],[72.3575,15.3691],[72.358,15.3515],[72.3585,15.3407],[72.3589,15.3235],[72.3587,15.3118],[72.3591,15.2954],[72.3594,15.2839],[72.3594,15.2664],[72.3595,15.2552],[72.3597,15.2378],[72.3602,15.2269],[72.3604,15.2095],[72.3609,15.1983],[72.3609,15.1813],[72.3613,15.1698],[72.3615,15.1531],[72.3617,15.1421],[72.3617,15.1251],[72.3622,15.114],[72.3623,15.097],[72.3626,15.0861],[72.3628,15.0698],[72.3634,15.0584],[72.3635,15.0412],[72.3638,15.0295],[72.3644,15.0123],[72.3644,15.0012],[72.365,14.9835],[72.3653,14.9727],[72.3657,14.9557],[72.3755,14.5871],[72.3764,14.5754],[72.3771,14.5586],[72.3778,14.5473],[72.3781,14.5304],[72.3786,14.5192],[72.3793,14.5021],[72.3794,14.4905],[72.3803,14.4736],[72.3806,14.4626],[72.3809,14.4451],[72.3813,14.4334],[72.3813,14.4166],[72.3813,14.4054],[72.3811,14.3892],[72.3812,14.3779],[72.3813,14.361],[72.3813,14.3503],[72.3812,14.3333],[72.3806,14.3227],[72.3805,14.3054],[72.38,14.2939],[72.3795,14.2772],[72.3793,14.2659],[72.379,14.2492],[72.379,14.2375],[72.379,14.2207],[72.3793,14.2093],[72.3793,14.1926],[72.3798,14.1814],[72.3806,14.1653],[72.3813,14.1541],[72.3822,14.1376],[72.3833,14.126],[72.3843,14.1087],[72.3847,14.0979],[72.3858,14.0809],[72.3861,14.0699],[72.3868,14.0535],[72.3873,14.0424],[72.3881,14.0252],[72.3884,14.0139]]},"properties":{"mmsi":996408863,"name":"Cargo 8863","role":"candidate","vessel_type":70,"synthetic":true,"t_offset_s":[-181776,-181416,-181176,-180816,-180576,-180216,-179976,-179616,-179376,-179016,-178776,-178416,-178176,-177816,-177576,-177216,-176976,-176616,-176376,-176016,-175776,-175416,-175176,-174816,-174576,-174216,-173976,-173616,-173376,-173016,-172776,-172416,-172176,-171816,-171576,-171216,-170976,-170616,-170376,-170016,-169776,-169416,-169176,-168816,-168576,-168216,-167976,-167616,-167376,-167016,-166776,-166416,-166176,-165816,-165576,-165216,-164976,-164616,-164376,-164016,-163776,-163416,-163176,-162816,-162576,-162216,-161976,-161616,-161376,-161016,-160776,-160416,-160176,-159816,-159576,-159216,-158976,-158616,-158376,-158016,-157776,-157416,-157176,-156816,-156576,-156216,-155976,-155616,-155376,-155016,-154776,-154416,-154176,-153816,-153576,-153216,-152976,-152616,-152376,-152016,-151776,-151416,-151176,-150816,-150576,-150216,-149976,-149616,-149376,-149016,-148776,-148416,-148176,-147816,-147576,-147216,-146976,-146616,-146376,-146016,-145776,-145416,-145176,-144816,-144576,-144216,-143976,-143616,-143376,-143016,-142776,-142416,-142176,-141816,-141576,-141216,-140976,-140616,-140376,-140016,-139776,-139416,-139176,-138816,-138576,-138216,-137976,-137616,-137376,-137016,-136776,-136416,-136176,-135816,-135576,-135216,-134976,-134616,-134376,-134016,-133776,-133416,-133176,-132816,-132576,-132216,-131976,-131616,-131376,-131016,-130776,-130416,-130176,-129816,-129576,-129216,-128976,-128616,-128376,-128016,-127776,-127416,-127176,-126816,-126576,-126216,-125976,-125616,-125376,-125016,-124776,-124416,-124176,-123816,-123576,-123216,-122976,-122616,-122376,-122016,-121776,-121416,-121176,-120816,-120576,-120216,-119976,-119616,-119376,-119016,-118776,-118416,-118176,-117816,-117576,-117216,-116976,-116616,-116376,-116016,-115776,-115416,-115176,-114816,-114576,-114216,-113976,-113616,-113376,-113016,-112776,-112416,-112176,-111816,-111576,-111216,-110976,-110616,-110376,-110016,-109776,-109416,-109176,-108816,-108576,-108216,-107976,-107616,-107376,-107016,-106776,-106416,-106176,-105816,-105576,-105216,-104976,-104616,-104376,-104016,-103776,-103416,-103176,-102816,-102576,-102216,-101976,-101616,-101376,-101016,-100776,-100416,-100176,-99816,-99576,-99216,-98976,-98616,-98376,-98016,-97776,-97416,-97176,-96816,-96576,-96216,-88416,-88176,-87816,-87576,-87216,-86976,-86616,-86376,-86016,-85776,-85416,-85176,-84816,-84576,-84216,-83976,-83616,-83376,-83016,-82776,-82416,-82176,-81816,-81576,-81216,-80976,-80616,-80376,-80016,-79776,-79416,-79176,-78816,-78576,-78216,-77976,-77616,-77376,-77016,-76776,-76416,-76176],"sog":[9.9,10,10.3,10.2,10.6,9.9,10.8,10.5,9.4,10.1,9.9,9.8,9.6,9.8,9.9,10,10,10.1,10.1,10.3,10.3,9.4,10.4,10.4,10.3,10,9.9,10,10,9.9,9.7,10.2,9.9,9.2,9.5,10.1,10.2,10.2,10.2,10.6,10.3,10.1,10.6,10.4,10,10.2,10.1,10,10.4,10.1,10.2,10.1,10.1,11,10.2,9.4,9.7,10.1,9.8,10,10,9.9,10.1,9.9,10.2,10.5,10.1,10.1,10.2,10.3,10.7,10.2,9.6,10.1,9.5,10,10.5,10.2,10.2,10.3,10.2,10.3,10.3,10.3,10.5,9.9,9.9,10.1,10.2,10.2,10.2,10.3,10.3,9.8,9.7,10.5,9.9,9.7,10.1,9.5,9.7,10.1,10.2,10.2,10.1,9.5,10.6,10.2,9.5,10.2,10,10.1,9.6,10.4,9.9,10.1,9.8,10.2,9.8,9.8,10.3,9.9,10.4,10.1,10,10.2,10,9.7,9.5,9.8,9.7,10.4,10.3,10.1,10.2,10.1,9.7,10.4,10.6,10.4,9.8,10.3,10.2,10.3,10.4,10.6,10.6,9.6,10.1,10,9.9,9.8,9.8,10,10.5,10.2,10.2,9.9,10.4,10.1,9.6,8.9,10.3,10.1,10.1,10.3,9.3,9.8,9.7,9.9,9.8,10.2,9.8,9.8,10.6,10.1,9.7,10.2,9.9,10.3,10.1,9.7,10.4,10.4,9.7,9.7,10.1,9.9,10.2,9.6,10.4,10,10.2,9.9,10,9.9,10.4,10.1,10.3,9.9,10.4,9.6,9.8,10.1,10.2,10.5,10.2,10.4,9.9,10,10.2,10.4,10.4,10,10.4,9.4,10.4,10.2,10.7,10.4,9.9,10.2,10.1,9.7,9.9,10.2,10.2,10.6,10.3,9.5,10.2,9.8,10.3,9.8,9.6,10.7,10.1,10.2,9.9,10.2,10,10,9.8,9.8,10.1,9.8,10.1,9.5,10.3,10.4,10.7,10.7,9.8,9.9,10,10.2,10.1,10.2,10,10.3,9.7,10,9.9,10.4,10,10.3,9.8,10.4,10.3,10.3,10.4,10,10.2,10.2,10,10.6,9.7,9.8,9.7,10.8,10.6,9.5,10.5,10.6,9.8,10.5,10.2,10.4,9.9,10.4,9.6,10.6,10.2,10.3,9.7,9.7,10.5,10.6,10.2,10.2,9.3,10.2,9.9,9.7,10.3,10.2,10,10.4,10,10.1,9.7,10.1,9.8,10,10.1,9.9,9.9,10.2,9.7,10.2,10.6,9.6,10.2,9.7,10,10,10.1,10.4]}},{"type":"Feature","geometry":{"type":"LineString","coordinates":[[69.5391,17.2427],[69.5329,17.2467],[69.5201,17.2547],[69.5019,17.2663],[69.4892,17.2735],[69.4701,17.2853],[69.4569,17.2933],[69.4382,17.305],[69.4258,17.3129],[69.4063,17.3244],[69.394,17.3315],[69.3743,17.3428],[69.3614,17.3502],[69.3422,17.3606],[69.3289,17.3673],[69.3088,17.3779],[69.296,17.3851],[69.276,17.3953],[69.2633,17.4021],[69.2439,17.4129],[69.2313,17.4195],[69.2116,17.4295],[69.1985,17.4363],[69.1792,17.4462],[69.1663,17.4527],[69.1455,17.4633],[69.1325,17.4701],[69.1128,17.481],[69.1002,17.4881],[69.0809,17.4993],[69.0683,17.506],[69.0492,17.5169],[69.0356,17.5244],[69.0164,17.5355],[69.0041,17.5429],[68.985,17.5541],[68.9722,17.5619],[68.9534,17.5725],[68.9408,17.5802],[68.9227,17.5905],[68.9097,17.5971],[68.8903,17.608],[68.8781,17.6151],[68.8588,17.6258],[68.8454,17.633],[68.8264,17.6433],[68.8134,17.6498],[68.7939,17.6605],[68.7812,17.6675],[68.761,17.6785],[68.7481,17.6854],[68.7289,17.6963],[68.716,17.7028],[68.6967,17.7131],[68.6834,17.7194],[68.6637,17.7297],[68.6513,17.7362],[68.6312,17.7466],[68.6179,17.7533],[68.5982,17.7638],[68.5852,17.7702],[68.5658,17.7802],[68.5528,17.7873],[68.5336,17.7983],[68.5207,17.8055],[68.5016,17.8166],[68.4881,17.8237],[68.4688,17.8341],[68.4561,17.8417],[68.4367,17.8523],[68.424,17.8594],[68.405,17.8702],[68.3916,17.8775],[68.3728,17.8879],[68.3598,17.895],[68.3403,17.9059],[68.3273,17.913],[68.3077,17.9239],[68.2956,17.9313],[68.2761,17.9421],[68.2637,17.9497],[68.2444,17.961],[68.232,17.9687],[68.2126,17.9792],[68.2004,17.9867],[68.1812,17.9974],[68.1686,18.0051],[68.1491,18.0163],[68.1369,18.0235],[68.1176,18.035],[68.1052,18.0425],[68.0861,18.0543],[68.0742,18.0619],[68.0552,18.0739],[68.0424,18.0821],[68.0241,18.0938],[68.0114,18.1017],[67.9927,18.1137],[67.9799,18.1211],[67.9614,18.1327],[67.9493,18.1404],[67.9308,18.1521],[67.9184,18.1598],[67.8997,18.1709],[67.8874,18.1789],[67.8682,18.1909],[67.8558,18.1989],[67.8375,18.2103],[67.8248,18.2182],[67.8056,18.2297],[67.7931,18.2375],[67.7741,18.249],[67.7617,18.2563],[67.7425,18.267],[67.7293,18.2746],[67.7102,18.2849],[67.6973,18.2922],[67.6779,18.3026],[67.6655,18.3097],[67.6464,18.3205],[67.6335,18.3275],[67.6141,18.3383],[67.601,18.3458],[67.5815,18.3561],[67.5685,18.3632],[67.549,18.3739],[67.536,18.3807],[67.5166,18.3914],[67.5037,18.3978],[67.4837,18.4086],[67.4708,18.4153],[67.452,18.4259],[67.4392,18.4333],[67.4196,18.444],[67.4074,18.4511],[67.3876,18.462],[67.3748,18.469],[67.3551,18.4796],[67.3421,18.4866],[67.3223,18.497],[67.3094,18.5039],[67.2901,18.5145],[67.2771,18.5217],[67.2573,18.5321],[67.2443,18.5384],[67.2243,18.5488],[67.2114,18.5554],[67.1919,18.5649],[67.179,18.5712],[67.1587,18.5814],[67.1462,18.5881],[67.1261,18.5986],[67.1131,18.6054],[67.0939,18.6159],[67.0811,18.6226],[67.0615,18.6334],[67.0487,18.6405],[67.0289,18.6506],[67.016,18.6575],[66.9965,18.6679],[66.9836,18.675],[66.964,18.6858],[66.9514,18.6933],[66.9322,18.7038],[66.9189,18.7111],[66.8995,18.7213],[66.8861,18.7286],[66.8674,18.7391],[66.8544,18.746],[66.8342,18.7564],[66.8215,18.7635],[66.8022,18.7739],[66.789,18.781],[66.7692,18.791],[66.7558,18.7978],[66.736,18.8078],[66.7231,18.8144],[66.7034,18.8247],[66.6903,18.8315],[66.6704,18.8412],[66.6571,18.8475],[66.6377,18.8578],[66.6244,18.8647],[66.6051,18.8745],[66.5917,18.8818],[66.5724,18.8921],[66.5588,18.8988],[66.54,18.9087],[66.5269,18.915],[66.5072,18.9253]]},"properties":{"mmsi":996901769,"name":"Cargo 1769","role":"background","vessel_type":70,"synthetic":true,"t_offset_s":[11653,11773,12013,12373,12613,12973,13213,13573,13813,14173,14413,14773,15013,15373,15613,15973,16213,16573,16813,17173,17413,17773,18013,18373,18613,18973,19213,19573,19813,20173,20413,20773,21013,21373,21613,21973,22213,22573,22813,23173,23413,23773,24013,24373,24613,24973,25213,25573,25813,26173,26413,26773,27013,27373,27613,27973,28213,28573,28813,29173,29413,29773,30013,30373,30613,30973,31213,31573,31813,32173,32413,32773,33013,33373,33613,33973,34213,34573,34813,35173,35413,35773,36013,36373,36613,36973,37213,37573,37813,38173,38413,38773,39013,39373,39613,39973,40213,40573,40813,41173,41413,41773,42013,42373,42613,42973,43213,43573,43813,44173,44413,44773,45013,45373,45613,45973,46213,46573,46813,47173,47413,47773,48013,48373,48613,48973,49213,49573,49813,50173,50413,50773,51013,51373,51613,51973,52213,52573,52813,53173,53413,53773,54013,54373,54613,54973,55213,55573,55813,56173,56413,56773,57013,57373,57613,57973,58213,58573,58813,59173,59413,59773,60013,60373,60613,60973,61213,61573,61813,62173,62413,62773,63013,63373,63613,63973,64213,64573,64813,65173,65413,65773,66013,66373,66613,66973,67213,67573,67813,68173],"sog":[12.9,12.4,13.6,12.6,12.7,12.5,13,12.6,12.8,12.9,12.7,12.9,12.8,12.8,13.2,13,13,13.2,12.7,13.1,12.8,12.6,13.4,12.4,12.6,13.5,13,13,12.6,12.8,12.2,12.7,13,12.8,12.9,12.9,12.7,12.7,12.7,12.5,12.5,12.4,12.7,12.5,13.5,12.8,12.5,12.5,12.4,13.4,12.4,12.3,12.1,12.3,12.6,13.2,12.7,12.8,12.6,12.6,12.8,12.5,12.6,12.6,13.2,13.2,12.8,12.4,12.6,12.8,12.6,12.3,12.8,12.1,13.2,12.8,12.5,12.6,12.4,12.8,12.2,12.7,12.8,12.5,12.6,13,12.8,12.8,12.7,12.7,13.3,12.8,12.5,13.6,12.6,12.6,12.9,12.9,12.9,12.9,12.5,12.6,12.4,12.4,12.8,13,12.9,12.3,12.9,12.8,12.9,12.8,12.5,12.8,12.6,12.6,12.1,12.6,13.1,12.5,12.5,12.8,13.1,12.5,12.9,12.7,13.2,13.2,13,13.1,12.5,12.7,13.1,13.3,12.6,13.3,13,13.3,13,12.7,12.5,12.3,12.7,13,12.8,13.2,12.4,12.3,12.4,12.5,12.5,13.1,12.5,12.7,13,13,12.8,12.9,12.6,13.1,12.9,12.9,13.2,12.4,12.8,13.1,12.8,12.4,12.5,12.8,12.6,13,12.9,13.1,12.7,12.4,12.3,13.1,12.9,12.3,12.4,13.1,12.9,13,12.9,13,12.8,12.5,12.6,12.5]}},{"type":"Feature","geometry":{"type":"LineString","coordinates":[[69.5959,17.1407],[69.5764,17.1526],[69.5632,17.1606],[69.5437,17.1729],[69.5298,17.1811],[69.5099,17.1937],[69.4965,17.2019],[69.4771,17.2141],[69.4639,17.2221],[69.4444,17.2344],[69.4312,17.2428],[69.4123,17.2551],[69.399,17.2637],[69.3798,17.2768],[69.3665,17.2856],[69.3475,17.2984],[69.334,17.3073],[69.3144,17.3196],[69.3018,17.3278],[69.2818,17.3396],[69.2681,17.3478],[69.2481,17.3597],[69.2345,17.3679],[69.2152,17.3795],[69.2022,17.387],[69.1825,17.3988],[69.1689,17.4071],[69.1486,17.4191],[69.1361,17.4272],[69.1172,17.4394],[69.1043,17.4477],[69.0849,17.46],[69.072,17.468],[69.0519,17.4801],[69.039,17.4883]]},"properties":{"mmsi":997095363,"name":"Cargo 5363","role":"background","vessel_type":70,"synthetic":true,"t_offset_s":[75924,76284,76524,76884,77124,77484,77724,78084,78324,78684,78924,79284,79524,79884,80124,80484,80724,81084,81324,81684,81924,82284,82524,82884,83124,83484,83724,84084,84324,84684,84924,85284,85524,85884,86124],"sog":[13,13.5,13.3,12.7,13.7,13.7,13.4,14,13.2,13.3,13.3,13.3,13.8,13.3,13.4,13.5,13.8,13.5,13,13.8,13.9,13.5,13.1,13.4,12.8,13.6,13.7,13.8,13,13.2,13.8,13.8,13.4,12.9,13.6]}},{"type":"Feature","geometry":{"type":"LineString","coordinates":[[72.3677,19.7357],[72.3675,19.7432],[72.3671,19.7665],[72.3666,19.7819],[72.366,19.8049],[72.3657,19.8203],[72.3651,19.843],[72.365,19.8587],[72.3649,19.8814],[72.3649,19.8969],[72.365,19.9212],[72.3648,19.9364],[72.3643,19.9596],[72.3633,19.9752],[72.3623,19.999],[72.3617,20.0146],[72.3607,20.0377],[72.3601,20.0533],[72.3589,20.0765],[72.358,20.0919],[72.3567,20.1158],[72.3557,20.1313],[72.3546,20.1549],[72.3533,20.1704],[72.3515,20.1944],[72.3493,20.2101],[72.347,20.2323],[72.3445,20.2478],[72.3411,20.2707],[72.3393,20.2859],[72.3369,20.3092],[72.3347,20.3247],[72.3316,20.3475],[72.3295,20.3634],[72.3256,20.386],[72.3238,20.4009],[72.3199,20.424],[72.3172,20.4392],[72.3129,20.4623],[72.3103,20.4777],[72.3057,20.5008],[72.3025,20.5165],[72.2983,20.5391],[72.2955,20.5541],[72.2916,20.5772],[72.2895,20.5923],[72.2862,20.6159],[72.2842,20.6311],[72.2813,20.6545],[72.2796,20.6701],[72.277,20.6929],[72.275,20.7083],[72.2716,20.7318],[72.2696,20.7469],[72.2666,20.7699],[72.2642,20.7852],[72.2606,20.8081],[72.258,20.8234],[72.2544,20.8461],[72.2516,20.8613],[72.2477,20.884],[72.2456,20.8992],[72.2421,20.9222],[72.2395,20.9377],[72.2365,20.9601],[72.2343,20.9761],[72.2315,20.9992],[72.2295,21.0147],[72.2263,21.0379],[72.2244,21.0535],[72.2208,21.0763],[72.2191,21.0923],[72.2157,21.1149],[72.214,21.1306],[72.2113,21.1539],[72.2093,21.169],[72.206,21.1925],[72.2039,21.2077],[72.2009,21.2306],[72.199,21.2459],[72.1952,21.2693],[72.193,21.2841],[72.1898,21.3071],[72.1876,21.3222],[72.1844,21.3453],[72.182,21.3607],[72.1784,21.3838]]},"properties":{"mmsi":997214134,"name":"Cargo 4134","role":"candidate","vessel_type":70,"synthetic":true,"t_offset_s":[-193320,-193200,-192840,-192600,-192240,-192000,-191640,-191400,-191040,-190800,-190440,-190200,-189840,-189600,-189240,-189000,-188640,-188400,-188040,-187800,-187440,-187200,-186840,-186600,-186240,-186000,-185640,-185400,-185040,-184800,-184440,-184200,-183840,-183600,-183240,-183000,-182640,-182400,-182040,-181800,-181440,-181200,-180840,-180600,-180240,-180000,-179640,-179400,-179040,-178800,-178440,-178200,-177840,-177600,-177240,-177000,-176640,-176400,-176040,-175800,-175440,-175200,-174840,-174600,-174240,-174000,-173640,-173400,-173040,-172800,-172440,-172200,-171840,-171600,-171240,-171000,-170640,-170400,-170040,-169800,-169440,-169200,-168840,-168600,-168240,-168000,-167640],"sog":[14.3,14,14.2,14.3,13.9,13.9,13.7,13.7,14.4,14,14.7,13.9,13.9,14.1,14.6,13.5,14,13.9,14,13.7,14,13.8,14.4,14,14.4,14.2,13.7,14.4,13.7,13.7,13.7,14.2,13.7,14.2,13.4,13.8,13.8,14,13.5,14.4,14,14.1,13.7,13.5,14.2,13.9,14.2,13.5,13.9,13.5,14.2,13.9,14.5,13.8,13.8,13.9,13.9,14,13.7,13.6,13.6,13.6,13.9,14,13.6,14.6,14.2,14,13.8,14.1,13.4,13.3,13.3,13.8,13.7,13.6,13.9,13.9,14.2,14.1,14.2,14,13.7,14.2,13.8,14.1,13.8]}},{"type":"Feature","geometry":{"type":"LineString","coordinates":[[70.962,17.59],[70.9667,17.5957],[70.9708,17.5984],[70.9759,17.5988],[70.9801,17.6011],[70.9865,17.6009],[70.9897,17.6065],[70.9962,17.6071],[70.9997,17.6099],[71.0043,17.6133],[71.0109,17.6139],[71.0172,17.617],[71.0204,17.6219],[71.0217,17.6286],[71.0233,17.6324],[71.025,17.6383],[71.0274,17.6435],[71.029,17.6499],[71.0315,17.6548],[71.0372,17.6577],[71.0409,17.6615],[71.0452,17.6667],[71.046,17.671],[71.0513,17.6748],[71.0561,17.6745],[71.0621,17.6764],[71.0666,17.6782],[71.073,17.676],[71.078,17.6749],[71.0843,17.6726],[71.0871,17.6743],[71.0926,17.6776],[71.0984,17.6768],[71.1066,17.6772],[71.1097,17.6817],[71.114,17.6868],[71.1163,17.6913],[71.1116,17.694],[71.1082,17.6978],[71.1087,17.7044],[71.109,17.7091],[71.1068,17.7159],[71.1036,17.719],[71.1011,17.7265],[71.1026,17.7299],[71.0982,17.7359],[71.0973,17.7412],[71.0958,17.7475],[71.0965,17.7511],[71.103,17.7549],[71.1067,17.7564],[71.1118,17.7546],[71.1136,17.7509],[71.1155,17.7437],[71.1184,17.7392],[71.1171,17.7343],[71.1124,17.7313],[71.1056,17.7295],[71.1025,17.7296],[71.0945,17.7282],[71.091,17.7246],[71.0871,17.7185],[71.0823,17.7161],[71.0768,17.7105],[71.0741,17.706],[71.0733,17.6985],[71.0749,17.6948],[71.0828,17.6937],[71.0874,17.693],[71.0924,17.6959],[71.0938,17.7005],[71.097,17.7071],[71.0988,17.71],[71.0934,17.716],[71.0889,17.7176],[71.0839,17.7172],[71.0807,17.7138],[71.0778,17.71],[71.0766,17.7046],[71.0817,17.6989],[71.083,17.6931],[71.0826,17.6865],[71.0818,17.6809],[71.0777,17.6774],[71.0729,17.673],[71.068,17.6683],[71.0633,17.6649],[71.0565,17.6621],[71.0542,17.6593],[71.0557,17.6527],[71.054,17.6484],[71.0486,17.645],[71.0447,17.646],[71.0401,17.6477],[71.0359,17.6474],[71.03,17.6453],[71.025,17.6429],[71.021,17.6376],[71.0234,17.6339],[71.0296,17.6314],[71.0328,17.6279],[71.0294,17.6222],[71.026,17.6206],[71.0219,17.6152],[71.0217,17.6107],[71.0168,17.6057],[71.0157,17.6013],[71.0138,17.5973],[71.0119,17.5935],[71.0127,17.5855],[71.0177,17.5835],[71.0219,17.5769],[71.0211,17.5735],[71.0156,17.5661],[71.012,17.5619],[71.0068,17.5589],[71.0016,17.5556],[70.9946,17.5528],[70.9905,17.5502],[70.983,17.547],[70.9783,17.5467],[70.9728,17.5434],[70.9693,17.5403],[70.9659,17.5359],[70.9612,17.5319],[70.9568,17.5278],[70.9529,17.5236],[70.9552,17.5159],[70.9597,17.5125],[70.9635,17.509],[70.9602,17.5065],[70.9548,17.5088],[70.9519,17.5123],[70.949,17.517],[70.9505,17.52],[70.9495,17.5262],[70.9513,17.5312],[70.9529,17.5365],[70.9544,17.5414],[70.9594,17.5437],[70.9628,17.5396],[70.968,17.5385],[70.972,17.5386],[70.9792,17.5378],[70.9829,17.5384],[70.9892,17.5359],[70.9945,17.535],[71.0023,17.5369],[71.0063,17.5381],[71.0125,17.5398],[71.0165,17.5386],[71.0221,17.5397],[71.0256,17.5422],[71.0216,17.5472],[71.0191,17.549],[71.0133,17.5503],[71.0115,17.5528],[71.0133,17.5583],[71.0157,17.5609],[71.0207,17.567],[71.0199,17.5719],[71.0198,17.5796],[71.0218,17.5844],[71.026,17.589],[71.0298,17.5909],[71.0339,17.595],[71.0379,17.597],[71.0433,17.6014],[71.0469,17.6032],[71.0525,17.6077],[71.0577,17.6081],[71.065,17.6067],[71.0697,17.6073],[71.0765,17.6109],[71.0799,17.6138],[71.0849,17.6186],[71.0855,17.6233],[71.0911,17.628],[71.0948,17.6305],[71.0982,17.6368],[71.099,17.6409],[71.101,17.6468],[71.1056,17.6485],[71.1106,17.6547],[71.1147,17.6578],[71.1145,17.665],[71.1117,17.6657],[71.1035,17.6641],[71.0974,17.6634],[71.0918,17.6608],[71.0914,17.6566],[71.0955,17.6515],[71.1002,17.6485],[71.1088,17.6475],[71.1133,17.6496],[71.1176,17.6523],[71.1222,17.6534],[71.127,17.6508],[71.1274,17.6467],[71.1245,17.6429],[71.1199,17.6411],[71.1139,17.6391],[71.1082,17.6374],[71.1029,17.6391],[71.1023,17.6429],[71.1042,17.6499],[71.1064,17.6544],[71.1122,17.6566],[71.1164,17.6582],[71.1232,17.6628],[71.1246,17.6669],[71.1219,17.6744],[71.1234,17.6786],[71.1296,17.6828],[71.1333,17.6811],[71.1336,17.6751],[71.1311,17.6708],[71.1303,17.6641],[71.1325,17.6597],[71.1376,17.6553],[71.1413,17.6534],[71.1478,17.6528],[71.1507,17.6514],[71.1575,17.6499],[71.1612,17.6507],[71.1692,17.6501],[71.1743,17.6508],[71.1795,17.6474],[71.1799,17.6432],[71.1843,17.6363],[71.1881,17.6354],[71.1924,17.6327],[71.1986,17.6322],[71.2069,17.6295],[71.2114,17.6311],[71.2172,17.634],[71.2212,17.6354],[71.2269,17.638],[71.2294,17.6347],[71.2319,17.6283],[71.2342,17.623],[71.2309,17.6184],[71.2254,17.617],[71.2203,17.6133],[71.2186,17.6116],[71.2195,17.6053],[71.2238,17.6017],[71.2304,17.6011],[71.2325,17.5988],[71.2381,17.5975],[71.2422,17.5953],[71.2476,17.5946],[71.2513,17.5919],[71.2539,17.5981],[71.2547,17.6016],[71.2546,17.6082],[71.2542,17.6134],[71.2497,17.6177],[71.2463,17.6176],[71.2409,17.6143],[71.2372,17.6107],[71.2355,17.6056],[71.2395,17.6059],[71.2458,17.6119],[71.2471,17.6161],[71.2442,17.6228],[71.2399,17.6265],[71.2349,17.6298],[71.2352,17.6324],[71.2353,17.6389],[71.2335,17.6435],[71.2325,17.6501],[71.2371,17.652],[71.2383,17.6593],[71.2346,17.6585],[71.2339,17.6509],[71.237,17.6469],[71.2411,17.6421],[71.244,17.637],[71.25,17.6339],[71.2547,17.6361],[71.2601,17.6396],[71.265,17.6411],[71.2731,17.6389],[71.2758,17.634],[71.2779,17.6272],[71.279,17.6221],[71.2847,17.6187],[71.2868,17.6145],[71.2919,17.6128],[71.2928,17.6173],[71.2897,17.6206],[71.2851,17.6213],[71.28,17.6214],[71.2748,17.6202],[71.2682,17.6195],[71.2642,17.6216],[71.2603,17.6259],[71.2609,17.6308],[71.2628,17.6383],[71.2647,17.6408],[71.2674,17.6456],[71.2633,17.6465],[71.2554,17.6451],[71.2506,17.6428],[71.2465,17.6375],[71.2463,17.6335],[71.2515,17.6315],[71.2565,17.6291],[71.2577,17.623],[71.2585,17.6176],[71.2597,17.6118],[71.2636,17.6096],[71.2706,17.6135],[71.2725,17.6172],[71.2768,17.6191],[71.281,17.6214],[71.282,17.6264],[71.2789,17.6297],[71.2708,17.6294],[71.2669,17.6265],[71.2629,17.6197],[71.2655,17.6136],[71.2609,17.6079],[71.2583,17.6038],[71.2539,17.6004],[71.252,17.5987],[71.2512,17.5928],[71.252,17.5883],[71.2568,17.5829],[71.2629,17.5826],[71.2686,17.5822],[71.2735,17.5826],[71.2782,17.5865],[71.2807,17.5907],[71.2843,17.5955],[71.2895,17.5939],[71.2943,17.5891],[71.2972,17.5878],[71.3029,17.5857],[71.3073,17.5851],[71.3139,17.5853],[71.3159,17.5812],[71.3177,17.5761],[71.3216,17.5762],[71.3271,17.572],[71.3316,17.5687],[71.3403,17.5686],[71.3433,17.5687],[71.3493,17.5716],[71.353,17.5728],[71.3603,17.572],[71.3652,17.574],[71.3685,17.5779],[71.3686,17.5819],[71.3705,17.5881],[71.3738,17.592],[71.3775,17.5972],[71.3779,17.6023],[71.371,17.6037],[71.3667,17.6005],[71.3615,17.5965],[71.3579,17.5926],[71.3523,17.5911],[71.3484,17.5937],[71.3451,17.6005],[71.3432,17.6051],[71.3403,17.6119],[71.3362,17.6148],[71.3291,17.6175],[71.3255,17.6186],[71.3184,17.6201],[71.3144,17.6246],[71.3095,17.6294],[71.3056,17.6307],[71.3026,17.6359],[71.3009,17.6401],[71.2974,17.6461],[71.2952,17.6482],[71.2882,17.6512],[71.2837,17.6498],[71.2826,17.6451],[71.2806,17.6396],[71.2798,17.6352],[71.279,17.6312],[71.2776,17.6237],[71.2816,17.6196],[71.2865,17.6138],[71.2874,17.6085],[71.2916,17.6018],[71.2951,17.5997],[71.2983,17.5942],[71.3006,17.5886],[71.3047,17.5864],[71.308,17.5845],[71.3078,17.5771],[71.3066,17.5711],[71.3136,17.5658],[71.3169,17.5675],[71.3163,17.5735],[71.3151,17.5775],[71.3177,17.5825],[71.3204,17.5873],[71.3233,17.5924],[71.3254,17.5957],[71.3331,17.599],[71.3371,17.6003],[71.3447,17.6008],[71.3462,17.6042],[71.3479,17.6095],[71.3515,17.6111],[71.3565,17.617],[71.3567,17.6226],[71.356,17.6296],[71.3595,17.6309],[71.3653,17.6281],[71.369,17.6262],[71.376,17.624],[71.3815,17.6235],[71.386,17.6283],[71.3877,17.6331],[71.3924,17.6391],[71.3926,17.6436],[71.3945,17.6496],[71.3979,17.6523],[71.4064,17.6532],[71.4108,17.6547],[71.4179,17.6543],[71.4231,17.6544],[71.4286,17.6526],[71.4333,17.651],[71.4389,17.6542],[71.4446,17.6566],[71.4514,17.6533],[71.455,17.6521],[71.463,17.6515],[71.4686,17.6501],[71.4774,17.6489],[71.4802,17.6477],[71.4867,17.6447],[71.4901,17.6414],[71.496,17.6394],[71.5019,17.6398],[71.507,17.639],[71.5123,17.6367],[71.5197,17.6377],[71.5243,17.639],[71.5314,17.6373],[71.5363,17.6379],[71.5428,17.6394],[71.5468,17.6428],[71.5523,17.6475],[71.5522,17.6529],[71.5521,17.6581],[71.5522,17.6629],[71.5471,17.668],[71.5428,17.6657],[71.541,17.659],[71.5408,17.6553],[71.5383,17.6493],[71.5397,17.6449],[71.5318,17.6424],[71.5271,17.6424],[71.5202,17.6426],[71.5151,17.6451],[71.5114,17.6509],[71.5101,17.6544],[71.5058,17.6602],[71.5055,17.664],[71.5062,17.6692],[71.5105,17.6719],[71.5082,17.6789],[71.5045,17.6812],[71.5005,17.6838],[71.5031,17.6877],[71.5055,17.6935],[71.5083,17.6973],[71.5148,17.6995],[71.519,17.6957],[71.5259,17.692],[71.5278,17.6873],[71.5279,17.6808],[71.5284,17.675],[71.5257,17.6672],[71.5227,17.6658],[71.5182,17.6678],[71.5129,17.667],[71.5061,17.6669],[71.5017,17.6681],[71.4983,17.6623],[71.4954,17.6584],[71.491,17.6537],[71.4879,17.6513],[71.4796,17.6479],[71.474,17.6488],[71.4669,17.65],[71.4623,17.6514],[71.4606,17.658],[71.4622,17.6618],[71.4654,17.6656],[71.4676,17.6689],[71.4721,17.6739],[71.4717,17.6766],[71.4659,17.681],[71.463,17.6847],[71.4599,17.6918],[71.4611,17.6963],[71.4612,17.7012],[71.464,17.7039],[71.47,17.708],[71.4743,17.7097],[71.4809,17.706],[71.4793,17.7037],[71.4756,17.7012],[71.4758,17.698],[71.4727,17.6937],[71.4694,17.6917],[71.4624,17.6889],[71.4587,17.6858],[71.4518,17.6834],[71.448,17.682],[71.4423,17.6777],[71.4394,17.6756],[71.4362,17.6699],[71.4363,17.6647],[71.4365,17.6589],[71.4382,17.656],[71.4411,17.6501],[71.4436,17.6476],[71.4491,17.641],[71.4536,17.6386],[71.4558,17.6333],[71.4518,17.6295],[71.4462,17.6267],[71.4435,17.6219],[71.4401,17.6172],[71.4358,17.6141],[71.4337,17.6087],[71.4352,17.6043],[71.4403,17.5995],[71.444,17.5975],[71.4516,17.5969],[71.4573,17.597],[71.4633,17.6025],[71.465,17.6072],[71.4615,17.6128],[71.4572,17.6146],[71.4518,17.6134],[71.4468,17.614],[71.4418,17.6108],[71.4371,17.61],[71.4337,17.6135],[71.4341,17.6178],[71.4322,17.6232],[71.4288,17.626],[71.4229,17.6262],[71.4178,17.6241],[71.411,17.6262],[71.4094,17.6275],[71.4099,17.6316],[71.406,17.6335],[71.3986,17.6347],[71.3929,17.6379],[71.3872,17.6403],[71.3826,17.6408],[71.3772,17.6392],[71.3724,17.6376],[71.3664,17.6354],[71.3629,17.6357],[71.3575,17.6347],[71.353,17.6306],[71.3514,17.6216],[71.3484,17.6178],[71.3424,17.617],[71.3381,17.6155],[71.3313,17.6124],[71.3273,17.6116],[71.3223,17.6062],[71.3201,17.6036],[71.3165,17.5985],[71.3104,17.5979],[71.3029,17.5972],[71.2994,17.5956],[71.2943,17.5984],[71.2969,17.6011],[71.2964,17.6087],[71.297,17.6124],[71.2986,17.6186],[71.3004,17.623],[71.2996,17.6306],[71.2962,17.6327],[71.2946,17.6374],[71.2966,17.6402],[71.3,17.6458],[71.3035,17.6489],[71.3094,17.6521],[71.3148,17.653],[71.3236,17.656],[71.3284,17.6594],[71.3346,17.6644],[71.3407,17.6646],[71.341,17.6681],[71.3369,17.6686],[71.3307,17.6719],[71.3268,17.6743],[71.3194,17.6739],[71.3145,17.6709],[71.3084,17.6672],[71.3054,17.6704],[71.2992,17.6684],[71.2968,17.6661],[71.2916,17.6649],[71.2885,17.6664],[71.2829,17.6633],[71.2804,17.6611],[71.2744,17.6576],[71.2693,17.6557],[71.2628,17.6591],[71.2593,17.6598],[71.2545,17.6574],[71.2516,17.6535],[71.2564,17.6497],[71.2617,17.6496],[71.27,17.65],[71.2739,17.6511],[71.2785,17.6537],[71.2826,17.6556],[71.2877,17.6592],[71.2923,17.6619],[71.2939,17.6695],[71.2995,17.6713],[71.3031,17.6768],[71.3046,17.6797],[71.3111,17.685],[71.3121,17.6899],[71.3173,17.693],[71.3212,17.69],[71.3264,17.6862],[71.3288,17.6828],[71.3313,17.6773],[71.3312,17.6738],[71.3331,17.6678],[71.3321,17.6656],[71.326,17.6605],[71.3223,17.6586],[71.3187,17.6533],[71.3164,17.6502],[71.3119,17.6463],[71.3098,17.6432],[71.31,17.6368],[71.3099,17.6321],[71.3122,17.6239],[71.31,17.6211],[71.3046,17.6165],[71.3002,17.6147],[71.2977,17.6211],[71.2975,17.625],[71.2943,17.6307],[71.2909,17.6328],[71.2858,17.6324],[71.2802,17.6321],[71.2738,17.6299],[71.269,17.6286],[71.2627,17.6255],[71.2609,17.6213],[71.2563,17.6143],[71.2529,17.6102],[71.2454,17.6089],[71.2405,17.6104],[71.2422,17.6162],[71.2456,17.6203],[71.2456,17.6254],[71.2424,17.6304],[71.2371,17.6333],[71.2335,17.6336],[71.2274,17.6297],[71.2258,17.6267],[71.2258,17.6189],[71.2304,17.6158],[71.2377,17.6126],[71.2415,17.6102],[71.2495,17.6062],[71.2536,17.6054],[71.2601,17.6044],[71.264,17.6075],[71.2664,17.6152],[71.266,17.6198],[71.2643,17.6269],[71.2662,17.631],[71.2705,17.6369],[71.2717,17.6418],[71.2684,17.6484],[71.2678,17.6518],[71.269,17.6584],[71.2706,17.6608],[71.2702,17.6676],[71.2695,17.6722],[71.2747,17.6765],[71.2798,17.6764],[71.2871,17.6778],[71.2921,17.6754],[71.297,17.6765],[71.3008,17.6741],[71.3075,17.6742],[71.3091,17.6782],[71.307,17.6838],[71.3047,17.6895],[71.3056,17.6947],[71.3085,17.6976],[71.316,17.6973],[71.3186,17.7002],[71.3197,17.707],[71.3241,17.7104],[71.3317,17.7138],[71.3364,17.714],[71.3431,17.7081],[71.3482,17.7058],[71.3522,17.7018],[71.356,17.6982],[71.3603,17.6922],[71.364,17.6886],[71.3697,17.6863],[71.3744,17.6835],[71.38,17.682],[71.385,17.6823],[71.3903,17.6886],[71.3954,17.6913],[71.4001,17.6977],[71.4024,17.7022],[71.4049,17.7105],[71.4064,17.7147],[71.4034,17.7211],[71.4007,17.7252],[71.3993,17.7315],[71.3998,17.737],[71.3967,17.7445],[71.3935,17.7476],[71.3904,17.7536],[71.3899,17.7587],[71.3885,17.7649],[71.3858,17.7688],[71.3821,17.7747],[71.3813,17.7788],[71.3818,17.7864],[71.3814,17.7906],[71.3799,17.7982],[71.3823,17.8014],[71.3895,17.8057],[71.3925,17.8087],[71.3942,17.8132],[71.3979,17.8161],[71.4049,17.8179],[71.4104,17.8164],[71.4137,17.8114],[71.4149,17.8087],[71.4173,17.8041],[71.4208,17.8002],[71.4266,17.7969],[71.4304,17.7983],[71.4376,17.8004],[71.443,17.8017],[71.4467,17.8066],[71.4471,17.8116],[71.4445,17.8177],[71.442,17.8193],[71.4363,17.823],[71.4302,17.8254],[71.4254,17.8204],[71.4249,17.816],[71.4232,17.8084],[71.4211,17.803],[71.417,17.7991],[71.4128,17.7972],[71.4119,17.7912],[71.4113,17.7875],[71.4123,17.7803],[71.4142,17.7773],[71.4163,17.7711],[71.4185,17.7663],[71.4197,17.7603],[71.4237,17.757],[71.4273,17.7502],[71.428,17.7464],[71.4242,17.7402],[71.4233,17.735],[71.4216,17.7281],[71.4223,17.7247],[71.4281,17.7196],[71.4304,17.721],[71.4323,17.7252],[71.4327,17.7279],[71.4355,17.7347],[71.4325,17.7387],[71.4255,17.7388],[71.4211,17.7388],[71.4146,17.7419],[71.4118,17.7431],[71.4054,17.7435],[71.4052,17.7385],[71.4041,17.7307],[71.4011,17.7255],[71.3969,17.7218],[71.3958,17.7184],[71.3911,17.7105],[71.3898,17.7069],[71.3898,17.7005],[71.3905,17.6966],[71.3974,17.6956],[71.4022,17.6934],[71.4079,17.6935],[71.4115,17.6909],[71.4152,17.6861],[71.4199,17.6828],[71.423,17.6764],[71.4265,17.6725],[71.4289,17.6672],[71.4306,17.6644],[71.4361,17.6608],[71.4361,17.6566],[71.4348,17.6495],[71.4312,17.6457],[71.4257,17.6428],[71.4208,17.6447],[71.417,17.6502],[71.4147,17.6548],[71.4101,17.6601],[71.4069,17.6647],[71.3993,17.6652],[71.3952,17.6663],[71.3871,17.664],[71.3843,17.6618],[71.3805,17.6568],[71.3812,17.6526],[71.3863,17.6476],[71.3905,17.6486],[71.3965,17.6523],[71.3959,17.6567],[71.3957,17.6633],[71.3972,17.6677],[71.4052,17.6707],[71.4086,17.6707],[71.4132,17.6756],[71.4154,17.6786],[71.4204,17.6836],[71.4246,17.6855],[71.4327,17.6874],[71.4366,17.6852],[71.4402,17.6802],[71.4438,17.6759],[71.4455,17.6693],[71.4441,17.6646],[71.4392,17.6584],[71.4359,17.6552],[71.4341,17.648],[71.4306,17.6462],[71.424,17.648],[71.4204,17.6508],[71.4162,17.6576],[71.4155,17.661],[71.4108,17.6669],[71.4086,17.6699],[71.402,17.6733],[71.3969,17.6718],[71.3916,17.675],[71.3889,17.6774],[71.3863,17.6826],[71.3823,17.6854],[71.3765,17.6871],[71.3706,17.6873],[71.3621,17.6897],[71.36,17.6939],[71.3614,17.6996],[71.3579,17.7028],[71.3548,17.7092],[71.3533,17.7156],[71.3543,17.723],[71.3534,17.7284],[71.3528,17.7362],[71.3534,17.74],[71.361,17.7444],[71.3663,17.7479],[71.3728,17.7504],[71.3763,17.7501],[71.3822,17.7455],[71.3812,17.7413],[71.381,17.7359],[71.3813,17.7308],[71.3806,17.7244],[71.3785,17.7208],[71.3793,17.7132],[71.3798,17.7075],[71.379,17.7025],[71.3769,17.6979],[71.3746,17.6916],[71.3696,17.69],[71.3634,17.6888],[71.3592,17.6914],[71.3546,17.6979],[71.353,17.701],[71.3478,17.704],[71.3447,17.7056],[71.3454,17.7127],[71.3473,17.7168],[71.3495,17.7228],[71.3529,17.7256],[71.3581,17.7301],[71.3613,17.7324],[71.3679,17.7353],[71.3725,17.734],[71.3787,17.7308],[71.3845,17.7292],[71.3907,17.7278],[71.3957,17.7278],[71.403,17.7298],[71.4075,17.7303],[71.4144,17.7339],[71.4147,17.7386],[71.4139,17.746],[71.4149,17.7498],[71.4099,17.7547],[71.4089,17.7581],[71.4109,17.7671],[71.4125,17.772],[71.4173,17.7773],[71.4164,17.7812],[71.4123,17.7875],[71.4153,17.7935],[71.4175,17.7993],[71.4159,17.8023],[71.4133,17.81],[71.4127,17.8144],[71.4133,17.8211],[71.4104,17.8239],[71.4069,17.8292],[71.4011,17.8294],[71.3933,17.8286],[71.3896,17.8296],[71.3842,17.8305],[71.3815,17.8335],[71.3836,17.8387],[71.3853,17.8428],[71.3891,17.8484],[71.3934,17.8532],[71.3979,17.8577],[71.3998,17.8634],[71.4045,17.8675],[71.4078,17.8694],[71.4149,17.8677],[71.4195,17.8671],[71.421,17.8633],[71.4219,17.8594],[71.4279,17.8533],[71.4305,17.8503],[71.4357,17.8464],[71.44,17.8441],[71.4472,17.8427],[71.4478,17.8401],[71.4443,17.8338],[71.4422,17.8307],[71.4426,17.824],[71.4454,17.8206],[71.4495,17.8174],[71.4544,17.8156],[71.4611,17.8126],[71.4657,17.8127],[71.4718,17.812],[71.4768,17.8131],[71.4848,17.8124],[71.4908,17.8132],[71.4965,17.8169],[71.4947,17.8218],[71.4955,17.8284],[71.4986,17.8263],[71.4959,17.8196],[71.4942,17.8146],[71.4936,17.8084],[71.4914,17.806],[71.4855,17.8107],[71.488,17.814],[71.4934,17.8194],[71.4998,17.8213],[71.5077,17.8234],[71.511,17.8249],[71.5157,17.8302],[71.5162,17.8342],[71.5157,17.8419],[71.5122,17.8447],[71.5063,17.849],[71.5046,17.854],[71.498,17.8535],[71.4949,17.854],[71.4888,17.8595],[71.4848,17.8578],[71.4792,17.8538],[71.4735,17.8561],[71.4668,17.8591],[71.4636,17.8602],[71.457,17.8627],[71.4539,17.8658],[71.4482,17.8708],[71.4458,17.8734],[71.4391,17.8739],[71.4328,17.8749],[71.4258,17.8731],[71.421,17.8721],[71.4164,17.8693],[71.4124,17.8653],[71.4056,17.8617],[71.407,17.8576],[71.409,17.8518],[71.4102,17.8468],[71.4063,17.8403],[71.4003,17.8401],[71.3958,17.8394],[71.3914,17.8379],[71.3852,17.8372],[71.3806,17.8383],[71.376,17.841],[71.3718,17.8432],[71.3686,17.8493],[71.3705,17.8538],[71.3737,17.8593],[71.3755,17.8646],[71.3809,17.8701],[71.3799,17.8755],[71.3822,17.8816],[71.3865,17.8863],[71.3845,17.8929],[71.3801,17.8944],[71.3793,17.889],[71.3815,17.8837],[71.3831,17.8773],[71.3877,17.8765],[71.3917,17.8701],[71.3952,17.8684],[71.4,17.8649],[71.4017,17.8593],[71.3995,17.855],[71.3946,17.854],[71.3895,17.8575],[71.3853,17.8602],[71.378,17.8649],[71.3737,17.8665],[71.3672,17.8653],[71.361,17.8657],[71.3555,17.8665],[71.3508,17.8662],[71.343,17.8652],[71.3386,17.8632],[71.3314,17.8596],[71.3277,17.8568],[71.3235,17.8506],[71.3207,17.8479],[71.3135,17.8491],[71.3092,17.851],[71.3043,17.8564],[71.3005,17.8593],[71.2942,17.8606],[71.2904,17.8631],[71.2839,17.8681],[71.2801,17.8637],[71.2734,17.8612],[71.2686,17.8579],[71.2673,17.851],[71.2703,17.8494],[71.274,17.8433],[71.2757,17.8381],[71.2699,17.8341],[71.2647,17.8333],[71.2581,17.8317],[71.2547,17.8314],[71.2494,17.8255],[71.247,17.8228],[71.2414,17.8198],[71.2366,17.8179],[71.2305,17.8134],[71.229,17.8097],[71.2301,17.804],[71.2308,17.7998],[71.2298,17.792],[71.227,17.7896],[71.2269,17.7829],[71.2288,17.7801],[71.2352,17.7771],[71.2364,17.7736],[71.2343,17.7695],[71.2287,17.7686],[71.2234,17.7648],[71.2192,17.7636],[71.2152,17.7597],[71.2118,17.7554],[71.2145,17.75],[71.2177,17.7458],[71.2244,17.745],[71.2283,17.7483],[71.2346,17.7492],[71.2382,17.7475],[71.2421,17.7413],[71.2449,17.7379],[71.2508,17.7344],[71.254,17.7369],[71.2574,17.7428],[71.256,17.7465],[71.2511,17.7518],[71.248,17.7555],[71.2465,17.7616],[71.2495,17.7639],[71.2541,17.7606],[71.2565,17.7572],[71.2644,17.7554],[71.2696,17.7547],[71.2751,17.7609],[71.2783,17.7642],[71.2835,17.7609],[71.2836,17.756],[71.2833,17.7481],[71.2834,17.7441],[71.2844,17.7372],[71.2868,17.7332],[71.2933,17.7295],[71.2959,17.7261],[71.3017,17.7268],[71.3029,17.7314],[71.3056,17.7366],[71.3082,17.7389],[71.3141,17.7425],[71.3153,17.7473],[71.3162,17.7545],[71.3163,17.76],[71.3194,17.7664],[71.3222,17.77],[71.3284,17.7688],[71.3277,17.7642],[71.3248,17.7582],[71.3264,17.753],[71.3228,17.7482],[71.3209,17.7432],[71.3144,17.7398],[71.3121,17.7371],[71.3081,17.7281],[71.3034,17.7268],[71.3011,17.7239],[71.3034,17.7199],[71.3031,17.7126],[71.3046,17.7082],[71.3025,17.701],[71.3029,17.6973],[71.3036,17.6898],[71.3013,17.6864],[71.2968,17.682],[71.2978,17.6785],[71.3042,17.6756],[71.3086,17.6757]]},"properties":{"mmsi":997316795,"name":"Fishing 6795","role":"eliminated","vessel_type":30,"synthetic":true,"t_offset_s":[-259200,-258840,-258600,-258240,-258000,-257640,-257400,-257040,-256800,-256440,-256200,-255840,-255600,-255240,-255000,-254640,-254400,-254040,-253800,-253440,-253200,-252840,-252600,-252240,-252000,-251640,-251400,-251040,-250800,-250440,-250200,-249840,-249600,-249240,-249000,-248640,-248400,-248040,-247800,-247440,-247200,-246840,-246600,-246240,-246000,-245640,-245400,-245040,-244800,-244440,-244200,-243840,-243600,-243240,-243000,-242640,-242400,-242040,-241800,-241440,-241200,-240840,-240600,-240240,-240000,-239640,-239400,-239040,-238800,-238440,-238200,-237840,-237600,-237240,-237000,-236640,-236400,-236040,-235800,-235440,-235200,-234840,-234600,-234240,-234000,-233640,-233400,-233040,-232800,-232440,-232200,-231840,-231600,-231240,-231000,-230640,-230400,-230040,-229800,-229440,-229200,-228840,-228600,-228240,-228000,-227640,-227400,-227040,-226800,-226440,-226200,-225840,-225600,-225240,-225000,-224640,-224400,-224040,-223800,-223440,-223200,-222840,-222600,-222240,-222000,-221640,-221400,-221040,-220800,-220440,-220200,-219840,-219600,-219240,-219000,-218640,-218400,-218040,-217800,-217440,-217200,-216840,-216600,-216240,-216000,-215640,-215400,-215040,-214800,-214440,-214200,-213840,-213600,-213240,-213000,-212640,-212400,-212040,-211800,-211440,-211200,-210840,-210600,-210240,-210000,-209640,-209400,-209040,-208800,-208440,-208200,-207840,-207600,-207240,-207000,-206640,-206400,-206040,-205800,-205440,-205200,-204840,-204600,-204240,-204000,-203640,-203400,-203040,-202800,-202440,-202200,-201840,-201600,-201240,-201000,-200640,-200400,-200040,-199800,-199440,-199200,-198840,-198600,-198240,-198000,-197640,-197400,-197040,-196800,-196440,-196200,-195840,-195600,-195240,-195000,-194640,-194400,-194040,-193800,-193440,-193200,-192840,-192600,-192240,-192000,-191640,-191400,-191040,-190800,-190440,-190200,-189840,-189600,-189240,-189000,-188640,-188400,-188040,-187800,-187440,-187200,-186840,-186600,-186240,-186000,-185640,-185400,-185040,-184800,-184440,-184200,-183840,-183600,-183240,-183000,-182640,-182400,-182040,-181800,-181440,-181200,-180840,-180600,-180240,-180000,-179640,-179400,-179040,-178800,-178440,-178200,-177840,-177600,-177240,-177000,-176640,-176400,-176040,-175800,-175440,-175200,-174840,-174600,-174240,-174000,-173640,-173400,-173040,-172800,-172440,-172200,-171840,-171600,-171240,-171000,-170640,-170400,-170040,-169800,-169440,-169200,-168840,-168600,-168240,-168000,-167640,-167400,-167040,-166800,-166440,-166200,-165840,-165600,-165240,-165000,-164640,-164400,-164040,-163800,-163440,-163200,-162840,-162600,-162240,-162000,-161640,-161400,-161040,-160800,-160440,-160200,-159840,-159600,-159240,-159000,-158640,-158400,-158040,-157800,-157440,-157200,-156840,-156600,-156240,-156000,-155640,-155400,-155040,-154800,-154440,-154200,-153840,-153600,-153240,-153000,-152640,-152400,-152040,-151800,-151440,-151200,-150840,-150600,-150240,-150000,-149640,-149400,-149040,-148800,-148440,-148200,-147840,-147600,-147240,-147000,-146640,-146400,-146040,-145800,-145440,-145200,-144840,-144600,-144240,-144000,-143640,-143400,-143040,-142800,-142440,-142200,-141840,-141600,-141240,-141000,-140640,-140400,-140040,-139800,-139440,-139200,-138840,-138600,-138240,-138000,-137640,-137400,-137040,-136800,-136440,-136200,-135840,-135600,-135240,-135000,-134640,-134400,-134040,-133800,-133440,-133200,-132840,-132600,-132240,-132000,-131640,-131400,-131040,-130800,-130440,-130200,-129840,-129600,-129240,-129000,-128640,-128400,-128040,-127800,-127440,-127200,-126840,-126600,-126240,-126000,-125640,-125400,-125040,-124800,-124440,-124200,-123840,-123600,-123240,-123000,-122640,-122400,-122040,-121800,-121440,-121200,-120840,-120600,-120240,-120000,-119640,-119400,-119040,-118800,-118440,-118200,-117840,-117600,-117240,-117000,-116640,-116400,-116040,-115800,-115440,-115200,-114840,-114600,-114240,-114000,-113640,-113400,-113040,-112800,-112440,-112200,-111840,-111600,-111240,-111000,-110640,-110400,-110040,-109800,-109440,-109200,-108840,-108600,-108240,-108000,-107640,-107400,-107040,-106800,-106440,-106200,-105840,-105600,-105240,-105000,-104640,-104400,-104040,-103800,-103440,-103200,-102840,-102600,-102240,-102000,-101640,-101400,-101040,-100800,-100440,-100200,-99840,-99600,-99240,-99000,-98640,-98400,-98040,-97800,-97440,-97200,-96840,-96600,-96240,-96000,-95640,-95400,-95040,-94800,-94440,-94200,-93840,-93600,-93240,-93000,-92640,-92400,-92040,-91800,-91440,-91200,-90840,-90600,-90240,-90000,-89640,-89400,-89040,-88800,-88440,-88200,-87840,-87600,-87240,-87000,-86640,-86400,-86040,-85800,-85440,-85200,-84840,-84600,-84240,-84000,-83640,-83400,-83040,-82800,-82440,-82200,-81840,-81600,-81240,-81000,-80640,-80400,-80040,-79800,-79440,-79200,-78840,-78600,-78240,-78000,-77640,-77400,-77040,-76800,-76440,-76200,-75840,-75600,-75240,-75000,-74640,-74400,-74040,-73800,-73440,-73200,-72840,-72600,-72240,-72000,-71640,-71400,-71040,-70800,-70440,-70200,-69840,-69600,-69240,-69000,-68640,-68400,-68040,-67800,-67440,-67200,-66840,-66600,-66240,-66000,-65640,-65400,-65040,-64800,-64440,-64200,-63840,-63600,-63240,-63000,-62640,-62400,-62040,-61800,-61440,-61200,-60840,-60600,-60240,-60000,-59640,-59400,-59040,-58800,-58440,-58200,-57840,-57600,-57240,-57000,-56640,-56400,-56040,-55800,-55440,-55200,-54840,-54600,-54240,-54000,-53640,-53400,-53040,-52800,-52440,-52200,-51840,-51600,-51240,-51000,-50640,-50400,-50040,-49800,-49440,-49200,-48840,-48600,-48240,-48000,-47640,-47400,-47040,-46800,-46440,-46200,-45840,-45600,-45240,-45000,-44640,-44400,-44040,-43800,-43440,-43200,-42840,-42600,-42240,-42000,-41640,-41400,-41040,-40800,-40440,-40200,-39840,-39600,-39240,-39000,-38640,-38400,-38040,-37800,-37440,-37200,-36840,-36600,-36240,-36000,-35640,-35400,-35040,-34800,-34440,-34200,-33840,-33600,-33240,-33000,-32640,-32400,-32040,-31800,-31440,-31200,-30840,-30600,-30240,-30000,-29640,-29400,-29040,-28800,-28440,-28200,-27840,-27600,-27240,-27000,-26640,-26400,-26040,-25800,-25440,-25200,-24840,-24600,-24240,-24000,-23640,-23400,-23040,-22800,-22440,-22200,-21840,-21600,-21240,-21000,-20640,-20400,-20040,-19800,-19440,-19200,-18840,-18600,-18240,-18000,-17640,-17400,-17040,-16800,-16440,-16200,-15840,-15600,-15240,-15000,-14640,-14400,-14040,-13800,-13440,-13200,-12840,-12600,-12240,-12000,-11640,-11400,-11040,-10800,-10440,-10200,-9840,-9600,-9240,-9000,-8640,-8400,-8040,-7800,-7440,-7200,-6840,-6600,-6240,-6000,-5640,-5400,-5040,-4800,-4440,-4200,-3840,-3600,-3240,-3000,-2640,-2400,-2040,-1800,-1440,-1200,-840,-600,-240,0,360,600,960,1200,1560,1800,2160,2400,2760,3000,3360,3600,3960,4200,4560,4800,5160,5400,5760,6000,6360,6600,6960,7200,7560,7800,8160,8400,8760,9000,9360,9600,9960,10200,10560,10800,11160,11400,11760,12000,12360,12600,12960,13200,13560,13800,14160,14400,14760,15000,15360,15600,15960,16200,16560,16800,17160,17400,17760,18000,18360,18600,18960,19200,19560,19800,20160,20400,20760,21000,21360,21600,21960,22200,22560,22800,23160,23400,23760,24000,24360,24600,24960,25200,25560,25800,26160,26400,26760,27000,27360,27600,27960,28200,28560,28800,29160,29400,29760,30000,30360,30600,30960,31200,31560,31800,32160,32400,32760,33000,33360,33600,33960,34200,34560,34800,35160,35400,35760,36000,36360,36600,36960,37200,37560,37800,38160,38400,38760,39000,39360,39600,39960,40200,40560,40800,41160,41400,41760,42000,42360,42600,42960,43200,43560,43800,44160,44400,44760,45000,45360,45600,45960,46200,46560,46800,47160,47400,47760,48000,48360,48600,48960,49200,49560,49800,50160,50400,50760,51000,51360,51600,51960,52200,52560,52800,53160,53400,53760,54000,54360,54600,54960,55200,55560,55800,56160,56400,56760,57000,57360,57600,57960,58200,58560,58800,59160,59400,59760,60000,60360,60600,60960,61200,61560,61800,62160,62400,62760,63000,63360,63600,63960,64200,64560,64800,65160,65400,65760,66000,66360,66600,66960,67200,67560,67800,68160,68400,68760,69000,69360,69600,69960,70200,70560,70800,71160,71400,71760,72000,72360,72600,72960,73200,73560,73800,74160,74400,74760,75000,75360,75600,75960,76200,76560,76800,77160,77400,77760,78000,78360,78600,78960,79200,79560,79800,80160,80400,80760,81000,81360,81600,81960,82200,82560,82800,83160,83400,83760,84000,84360,84600,84960,85200,85560,85800,86160,86400],"sog":[3.8,5.8,4.3,2.7,3.7,3.8,4.8,3,4.6,3.5,6.3,5,6.3,6.1,4,4.5,3.5,4.6,5.8,4.9,4.8,2.4,3.2,3.7,4.4,4.3,3.4,3.7,3.4,4.5,3.4,3.4,4.8,5.2,4.6,4,5.2,3.7,4.5,4.6,4.4,5.6,4,5,4.2,4.5,4.8,3.2,4.9,3.1,3.9,3.3,3.3,4.5,5.5,3.2,4.3,3.2,3.2,4.8,4.5,4.7,5.3,4.2,4.5,4.3,2.7,5.9,4.6,3,4.2,3.8,3.7,3.8,3.6,3.8,4.4,3.7,4.2,3.3,6.3,2.7,4.8,3.8,4.7,4.4,5.2,4.3,2.5,3.9,2.5,2.6,5.1,3.3,4.1,4.6,5,4.8,3.9,2.5,3.7,3.8,3.5,4.8,3.6,3.8,3.6,2.6,3.9,6.1,5,5.6,1.8,5.3,6,1.7,5.7,3.2,3.2,4.5,4.4,3.4,4.3,2.1,4.5,3.7,4,5.4,5.1,2.5,3.3,4.2,5.2,3.5,3.7,3.7,4.9,4.8,4.2,4.5,5.1,4.4,4.6,6.9,4.4,4.3,4.3,5.5,4.6,4.3,2.9,3.6,2.7,5.4,3.4,3.6,2.6,3.7,3.1,5.2,4.9,2.9,4.1,4.1,3.8,2,3.5,3.3,2.7,3.2,5.1,3.3,5.4,4.8,3.2,4.3,4.4,5,3.6,4.1,5.2,3.5,3.7,4.3,4,3.4,2.8,4.4,5.5,2.7,3.2,5.1,4.5,4.8,3.3,2.9,3.9,3.3,4.9,4.6,3.4,3.7,4.9,3.9,3.2,4.9,3.9,4,4.1,4.6,4,3.7,4.1,4,3.6,2.9,5.4,3,5,3.8,4.4,4.2,2.4,4,2.9,5,4.4,4.2,3.8,4.9,3.1,3.6,6.4,4.9,3.9,3.5,3.6,3.7,4.1,6.3,4.8,5,5.4,4.6,2.2,3.9,5.2,2.9,1.4,4,4.7,3,4.1,4.2,2.3,5,4.3,4,2.3,3.4,3.5,5.1,2.7,5.6,3.6,3.1,5.5,4.7,3.9,3,4.4,4.4,4.7,3.8,3,4.5,4.4,4.7,4.6,2,4,1.4,5.3,5,6,4.3,4.5,3.7,3.1,3.9,4.2,4,5.1,3.2,4.4,4.8,4.8,2.4,3.8,3.9,4,2.8,2.7,4.4,4.1,2.4,3.8,4.4,5.4,5,4.6,3.8,2.8,4.8,2.9,3.4,5.7,3.6,4.8,4.2,4.9,4.6,6.9,3.4,5.5,3.3,1.5,4.3,2.5,3.1,5.1,4.4,4.6,3.6,3.8,3.1,5.2,3.7,4.5,4.2,3.4,3.8,3.4,3.9,3.6,4.5,4.8,6.2,3.2,4.8,2.2,5.4,5.9,4.9,3.2,4.3,4.1,3.5,3.6,4.2,6.3,4.6,3.9,4.2,4.3,3.4,3.5,6.2,4,4.8,3.7,5.2,6.6,4.5,3.6,2,2.7,3.2,1.9,5.9,3.1,3.3,4.5,3.5,3.4,3,4.8,4.9,5,2.8,2.1,3.7,5.1,3.4,1.7,3.9,4.9,4.9,4,3.2,3.8,3.6,5.7,2.9,2.6,3.1,4,3.4,3,3.8,2.4,5.6,4.6,4.3,4,4.3,5,3,4.4,5,4.4,4.8,4.7,4.2,1.8,5.7,3,3.8,5.2,3,3.5,5.6,5.4,4.5,3.3,5.8,4.7,5.2,3.9,3.4,3.6,2.3,3.3,2.2,5.2,2.7,4.6,5.7,5.2,5.2,4.6,2.3,4.1,2.6,3.7,5.1,4.1,5.5,4.6,3.4,4.1,5,3.1,2.8,5.5,2.5,4.2,4.9,1.9,3.5,4,3.7,4.3,2.8,4.5,4.5,4.1,1.5,5.9,3.7,4.7,3.4,4,5.2,3.3,3.7,5.1,3.7,3.6,5.4,4.2,3.8,3.9,3.6,5.1,4.5,3.8,3.3,3.5,3.2,2.4,5,2.9,3.9,4.6,4.1,4.3,2.9,3.1,4.9,3.6,4.1,3,3.1,2.7,4.4,3.9,4,4.2,3.4,2.5,2.7,2.6,4.1,4.4,3.7,3.6,4.2,3.5,6.3,4,2.8,4.6,4,6,3.8,5,4,3.4,5.3,2.8,2.7,4.9,5.9,4.3,4.2,4.3,3.2,3.3,4.3,3.8,4.3,3.5,4.2,4.4,3.8,4.2,5.6,1.8,1.8,3.1,3.8,6,1.9,4.1,2.5,3.3,3.8,3.8,2.6,4.6,3.4,3.1,3.1,3.6,3.3,4.1,3.7,2.6,3.5,4.9,5.3,3.8,3.7,5.4,3.7,4.8,3.6,4.3,5.3,4.7,4.7,3.5,3.5,4.1,3.4,4.1,5.2,5.3,3.8,4.9,5.1,4.6,4.9,4.1,4.6,5.3,4.8,2.7,3.5,2.7,3.2,4.1,4.1,3.1,3.7,4.4,4.6,2.6,4.1,4.4,4,4.7,5.4,4,3.7,2.9,4,4.2,5.2,6,4.4,2.8,4.2,3.8,4,5.5,2.8,3.2,3.5,3,3,2,3.3,4.5,4.1,3.2,4.4,3.7,3.3,4.7,4.7,4.4,6,5.3,4.6,4.3,2.8,3.6,3.3,5.4,3.1,3.4,4.1,5,4,5.1,6.4,4.8,4.8,4.1,2.2,5.1,3.8,3.4,4.5,3.5,4.4,6.2,5.3,5.6,4.3,3.5,4.5,4.5,5.2,4.5,3.4,2.7,4,4.6,4.1,3.1,4.5,2.6,4.1,3.8,3.4,3.8,3.7,5.7,2.1,5.2,4.7,3.8,5.5,6.7,1.9,2.9,5.3,4,3.7,4.4,6.8,4.4,3.9,5.1,3.5,5.1,2.9,4.8,4,4.5,3.4,4.3,5.2,4.2,3.5,4.8,4.8,4.3,5.6,3.6,2.7,5.3,4.1,4.8,3.6,4.7,3.7,5.2,4.2,3.7,4.6,2.9,5.6,4.5,5.2,2.2,4.3,3.3,5.8,4.2,4.2,2.1,2.3,4.5,5.7,2.5,5.9,3.5,4.3,4.2,4.1,3,2.8,5.9,4,3.9,5,5,4.4,4.4,3.2,2.5,4,3.5,4.7,4.8,4.4,5,5.6,2.5,4.9,4.8,3.4,1.9,3.5,3.1,4.2,2.7,3.5,4.2,3.9,3.7,4.6,3.8,3,4.3,3.7,6.3,4.2,4.5,5.3,4.2,3.9,3.5,4.4,4.2,4.7,4,3.9,6.4,4.6,5.9,4.4,2.1,2.6,3.1,4,3.9,3.4,4.5,3.7,4.7,4.3,5.3,2.8,3.8,5.7,3.9,5.7,1.6,4.2,3.7,3.4,3.4,5.7,3.3,4.1,2.5,3.8,2.5,2.4,4.9,4.5,4.8,2.6,3.9,6.2,5.3,4,3,3.6,4,3.9,5.3,4,3.3,4.7,2.3,3.6,4.4,2.6,4.1,4.7,5,3.1,3.9,4.9,3.1,3.2,5.8,5.1,5,5.2,6.6,6.5,4.4,5.2,4.8,3.9,2.9,3.6,4.3,3.6,4.7,3.2,2.7,6.6,4.8,0.8,5.6,4.5,4.4,2.1,5.1,4.6,3.9,3.3,3.3,4.4,4.3,4.7,3.7,3.4,4.1,3.5,4.9,4,5.5,4.1,3.9,6.4,3.4,5,5.4,5.5,2.7,3.9,3.4,5.1,4.8,4.6,3.8,4.3,6.8,4.9,3.1,4.8,3.3,4,4.5,2.9,4,4,5.1,2,3.9,4.1,5,4.2,5.9,5.7,4.5,3.4,3.6,2.9,4.7,1.9,3.8,6.2,4,3.2,4.8,5.7,2.8,3.4,3.8,4.8,3.5,3.3,4.2,4.4,4.1,4,3.6,4.4,4.7,4.8,5,4.1,3.7,2.8,5.6,3.5,1.9,2.9,3.3,4.6,6.3,4.8,3.5,4.3,4.9,4.6,4.3,3.9,5.5,3.6,2.5,4.8,4.4,2.9,5.1,3.7,2.3,3.6,3.9,4.1,3.5,4,5.2,4.2,4.8,3.1,4.3,4.1,4.6,4.8,3.2,3.1,5.5,2.8,4.5,3.2,2.6,3.7,3.7,2.8,4.8,2.7,5.5,5.2,4.7,4.3,4.6,3.7,3.3,4.6,4.8,4.1,3.5,6.9,3.3,1.6,5.2,3,4.9,2.9,3.7,6.8,3.7,4.3,5.6,2.8,4,4.5,4.3,4.4,5.8,5.1,3.5,5.9,4.7,3.3,3.8,4.7,3.8,5,4.9,4.8,4.9,3.7,2.8,3.5,5,6.5,5.7,4.2,3.7,3.8,3.5,2.8,4.7,5.4,4.2,4.2,4.4,4.4,2.6,3.6,4.6,3.2,3.1,3.8,4.8,2.7,4.3,3.9,5.1,4.6,6.2,3.3,4.9,2,3,4.6,4.6,2.9,3.7,4.4,2.7,5.8,3.4,4.5,3.2,3.7,4,5.1,4.7,5.1,4,4.7,3.5,3.5,5.3,4.1,5.2,6.2,4.7,5.5,2.9,3.2,2.2,4.4,5.5,3.1,5.6,3.3,4.1,4.6,3.3,4.9,4,3.1,5.9,4.2,3.3,5.4,3.9,4.9,5,3.5,5.1,3,4,5,3.5,2,2.7,4.6,4.4]}},{"type":"Feature","geometry":{"type":"LineString","coordinates":[[70.5045,16.6493],[70.5179,16.6408],[70.5308,16.6326],[70.5511,16.6201],[70.5648,16.6117],[70.5844,16.5992],[70.5982,16.5911],[70.6183,16.5784],[70.6317,16.5705],[70.6518,16.5573],[70.6652,16.5488],[70.6847,16.5357],[70.6982,16.527],[70.7169,16.5135],[70.7297,16.5045],[70.7486,16.4911],[70.7616,16.4819],[70.7806,16.4687],[70.7931,16.4595],[70.8121,16.4458],[70.8248,16.4362],[70.8439,16.4215],[70.8566,16.4115],[70.875,16.3968],[70.8872,16.3868],[70.906,16.3722],[70.9184,16.3621],[70.9368,16.3484],[70.9492,16.3387],[70.9676,16.3247],[70.9801,16.315],[70.9981,16.3009],[71.0105,16.2918],[71.0285,16.2774],[71.0407,16.2679],[71.0587,16.2532],[71.0708,16.2437],[71.0895,16.2284],[71.1012,16.219],[71.1192,16.2041],[71.1311,16.1944],[71.1494,16.1792],[71.1614,16.1693],[71.1786,16.1544],[71.1905,16.144],[71.2083,16.1284],[71.2196,16.118],[71.237,16.1025],[71.2487,16.0926],[71.2661,16.0771],[71.2779,16.0676],[71.296,16.0521],[71.3072,16.0423],[71.3254,16.027],[71.3372,16.0175],[71.3549,16.0026],[71.3668,15.993],[71.3848,15.9782],[71.3966,15.968],[71.4152,15.9531],[71.4277,15.9428],[71.4458,15.9283],[71.4581,15.9185],[71.4757,15.9039],[71.4873,15.8942],[71.5051,15.8792],[71.5168,15.8685],[71.5342,15.8531],[71.5455,15.8428],[71.5636,15.8271],[71.575,15.8164],[71.5915,15.8006],[71.6032,15.7901],[71.6203,15.773],[71.6313,15.7624],[71.6486,15.7466],[71.6601,15.7361],[71.6775,15.7201],[71.6888,15.7103],[71.7057,15.6949],[71.7174,15.6844],[71.7346,15.6686],[71.7465,15.6577],[71.7636,15.6424],[71.7755,15.6316],[71.7933,15.6167],[71.8048,15.6062],[71.8225,15.5907],[71.834,15.5798],[71.8509,15.5644],[71.8627,15.5534],[71.8798,15.5374],[71.8916,15.5266],[71.9083,15.5106],[71.9194,15.5],[71.937,15.4839],[71.9486,15.4735],[71.966,15.4583],[71.978,15.4482],[71.9961,15.4331],[72.0085,15.4231],[72.0272,15.4087],[72.0401,15.3993],[72.0586,15.3857],[72.0713,15.3766],[72.0906,15.3627],[72.1031,15.354],[72.1228,15.3405],[72.1353,15.331],[72.154,15.3172],[72.1667,15.3078],[72.1857,15.294],[72.1985,15.2843],[72.217,15.2701],[72.2297,15.2607],[72.2474,15.2462],[72.2598,15.2365],[72.2783,15.2218],[72.2907,15.2121],[72.3089,15.1971],[72.3213,15.1871],[72.3399,15.1729],[72.3521,15.1634],[72.3707,15.1495],[72.3826,15.1404],[72.4014,15.1267],[72.414,15.1176],[72.4332,15.1042],[72.4463,15.0959],[72.4656,15.0827],[72.4787,15.074],[72.4981,15.0609],[72.5108,15.0522],[72.5302,15.0393],[72.5433,15.0307],[72.5629,15.0174],[72.5759,15.0088],[72.5949,14.9958],[72.6086,14.9874],[72.628,14.9746],[72.6412,14.9661],[72.6609,14.9536],[72.6743,14.9452],[72.6941,14.9326],[72.7075,14.9246],[72.728,14.9125],[72.7417,14.9048],[72.7623,14.8937],[72.7757,14.8864],[72.7964,14.8752],[72.8096,14.867],[72.8304,14.8551],[72.8442,14.8466],[72.8645,14.8344],[72.8785,14.8272],[72.899,14.8155],[72.913,14.8075],[72.9338,14.796],[72.9476,14.788],[72.9682,14.7764],[72.9825,14.7684],[73.003,14.7571],[73.0165,14.7498],[73.0368,14.7382],[73.0508,14.7299],[73.0713,14.719],[73.0852,14.7111],[73.1062,14.6991],[73.1197,14.6915],[73.1409,14.6805],[73.1546,14.673],[73.1756,14.6616],[73.1894,14.6547],[73.2104,14.6436],[73.2243,14.636],[73.2451,14.625],[73.259,14.6172],[73.2799,14.6055],[73.2936,14.5985],[73.3145,14.5871],[73.328,14.5797],[73.3494,14.5681],[73.3633,14.5609],[73.3842,14.5497],[73.3979,14.5424],[73.4189,14.5313],[73.433,14.5238],[73.454,14.5132],[73.4679,14.5059],[73.489,14.4953],[73.5031,14.4877],[73.5243,14.4768],[73.5384,14.4697],[73.5595,14.4589],[73.573,14.4521],[73.5941,14.4413],[73.6084,14.4341],[73.6299,14.4242],[73.6441,14.417],[73.6654,14.4071],[73.68,14.4],[73.7008,14.389],[73.7148,14.3819],[73.7359,14.371],[73.7498,14.3638],[73.7717,14.3526],[73.7852,14.3452],[73.8062,14.3348],[73.82,14.3279],[73.841,14.3173],[73.8548,14.3103],[73.8756,14.2992],[73.8891,14.2914],[73.9104,14.28],[73.9237,14.2723],[73.9441,14.261],[73.9577,14.2532],[73.9782,14.2418],[73.9916,14.2337],[74.0122,14.2225],[74.0264,14.2147],[74.0471,14.2036],[74.061,14.1958],[74.0819,14.1841],[74.0952,14.1769],[74.1157,14.1649],[74.1302,14.1572],[74.1508,14.1453],[74.1646,14.1376],[74.1854,14.1261],[74.199,14.1183],[74.2195,14.1062],[74.233,14.0981],[74.253,14.0863],[74.2665,14.0783],[74.2868,14.0661],[74.3004,14.0582],[74.3217,14.046],[74.3352,14.0376],[74.3552,14.0258],[74.3692,14.0177],[74.3891,14.0055]]},"properties":{"mmsi":997671383,"name":"Cargo 1383","role":"candidate","vessel_type":70,"synthetic":true,"t_offset_s":[-47869,-47629,-47389,-47029,-46789,-46429,-46189,-45829,-45589,-45229,-44989,-44629,-44389,-44029,-43789,-43429,-43189,-42829,-42589,-42229,-41989,-41629,-41389,-41029,-40789,-40429,-40189,-39829,-39589,-39229,-38989,-38629,-38389,-38029,-37789,-37429,-37189,-36829,-36589,-36229,-35989,-35629,-35389,-35029,-34789,-34429,-34189,-33829,-33589,-33229,-32989,-32629,-32389,-32029,-31789,-31429,-31189,-30829,-30589,-30229,-29989,-29629,-29389,-29029,-28789,-28429,-28189,-27829,-27589,-27229,-26989,-26629,-26389,-26029,-25789,-25429,-25189,-24829,-24589,-24229,-23989,-23629,-23389,-23029,-22789,-22429,-22189,-21829,-21589,-21229,-20989,-20629,-20389,-20029,-19789,-19429,-19189,-18829,-18589,-18229,-17989,-17629,-17389,-17029,-16789,-16429,-16189,-15829,-15589,-15229,-14989,-14629,-14389,-14029,-13789,-13429,-13189,-12829,-12589,-12229,-11989,-11629,-11389,-11029,-10789,-10429,-10189,-9829,-9589,-9229,-8989,-8629,-8389,-8029,-7789,-7429,-7189,-6829,-6589,-6229,-5989,-5629,-5389,-5029,-4789,-4429,-4189,-3829,-3589,-3229,-2989,-2629,-2389,-2029,-1789,-1429,-1189,-829,-589,-229,11,371,611,971,1211,1571,1811,2171,2411,2771,3011,3371,3611,3971,4211,4571,4811,5171,5411,5771,6011,6371,6611,6971,7211,7571,7811,8171,8411,8771,9011,9371,9611,9971,10211,10571,10811,11171,11411,11771,12011,12371,12611,12971,13211,13571,13811,14171,14411,14771,15011,15371,15611,15971,16211,16571,16811,17171,17411,17771,18011,18371,18611,18971,19211,19571,19811,20171,20411,20771,21011,21371,21611,21971,22211,22571,22811,23171,23411,23771,24011,24371],"sog":[13.8,13.4,13.8,13.4,14.1,13.7,13.4,13.2,13.5,14.1,13.9,13.8,13.6,12.9,13.5,13.2,13.5,13.6,13.7,13.5,13.6,13.7,13.9,13.7,13.4,14.2,13.6,13.5,13.2,13.6,13.8,13.4,13.3,13.6,13.6,13.4,13.4,14.1,13.3,13.4,13.6,13.7,13.6,12.7,13.5,13.4,13.8,13.5,13.4,13.3,13.5,13.2,13.8,13.7,13.5,13.8,13.4,13.1,13.7,14.4,13.8,13.3,13.4,13,13.3,13.4,13.5,13.3,13.6,14.2,13.6,13,14,14,13.2,13.8,13.9,13.3,13.6,13.5,13.4,13.9,14.1,13.7,14.1,13.7,13.5,13.5,13.5,13.8,13.6,13.9,14,13.2,13.7,13.8,13.7,13.5,13.3,13.8,13.8,13.8,13.9,13.6,13.4,13.9,13.3,14.1,13.5,13.4,13.7,13.4,13.7,13.9,13.6,13.4,13.8,13.4,13.7,14.2,14.2,13.1,13.6,13.4,13.1,13.9,13.1,13.9,13.5,13.6,13.5,13.6,13.1,13,14,13.3,13.6,13.3,13.8,13.5,13.6,13.9,13.7,14,13.1,13.6,13.6,13.5,13.6,13,13.7,14.2,13.9,13.5,13.6,13.8,14.1,13.6,14,13.3,13.5,13.2,13.4,13.4,13.4,13.2,13.7,13.8,12.9,13.4,13.4,13.2,13.8,13.9,13.6,13.9,13.4,13.5,13.4,13.7,13.4,13.5,13.6,13.9,13.5,13.9,13.8,13.7,13.6,13.8,13.7,13.3,13.3,13.7,13.3,13.1,13.5,13.7,13.6,13.9,13.6,13.4,13.6,14,13.6,13.7,13.2,13.3,13.1,13.4,13.6,13.7,13,14,13.6,13.3,13.2,13.6,13.6,13.7,13.5,13.7,14.2,13.4,13.2,13.9,14,13.3,13.7,13.5,13.6,13.6,13.2,13.4,13.6,14,13.8,14.1,13.4,13.7,13.6,13.3]}},{"type":"Feature","geometry":{"type":"LineString","coordinates":[[72.7797,21.0667],[72.7733,21.0549],[72.7349,20.9845],[72.7317,20.9783],[72.7253,20.9661],[72.7163,20.9479],[72.7104,20.9358],[72.7011,20.9175],[72.6952,20.9053],[72.6857,20.8868],[72.6796,20.8754],[72.6705,20.8577],[72.6644,20.8465],[72.6546,20.8281],[72.6485,20.8164],[72.6391,20.7983],[72.6328,20.7866],[72.6233,20.7687],[72.6171,20.7561],[72.6077,20.7384],[72.6016,20.7266],[72.5922,20.7084],[72.5859,20.6955],[72.5768,20.6775],[72.5708,20.6655],[72.5614,20.6474],[72.5546,20.6353],[72.5447,20.6175],[72.5381,20.6051],[72.5285,20.5875],[72.5223,20.5755],[72.512,20.5577],[72.5055,20.5454],[72.4956,20.5275],[72.4887,20.5153],[72.4789,20.498],[72.4725,20.4858],[72.4631,20.4682],[72.4567,20.4553],[72.4475,20.4373],[72.4415,20.4251],[72.4325,20.4071],[72.4263,20.3947],[72.4176,20.3758],[72.4116,20.3637],[72.4026,20.3454],[72.396,20.3338],[72.3875,20.3159],[72.3814,20.3036],[72.3731,20.2851],[72.367,20.2731],[72.3587,20.2552],[72.3528,20.2432],[72.3438,20.2253],[72.3378,20.2136],[72.3282,20.1954],[72.3213,20.1836],[72.3117,20.1647],[72.305,20.1532],[72.2959,20.1353],[72.289,20.123],[72.2793,20.1049],[72.2732,20.0923],[72.2642,20.0745],[72.2583,20.0628],[72.249,20.0448],[72.2435,20.0324],[72.2337,20.0146],[72.2284,20.0025],[72.2196,19.984],[72.2139,19.9714],[72.2048,19.9528],[72.1986,19.9411],[72.1897,19.9226],[72.1845,19.9104],[72.176,19.8916],[72.1708,19.8796],[72.1624,19.8606],[72.1566,19.8487],[72.1481,19.83],[72.1424,19.818],[72.134,19.7992],[72.1281,19.7878],[72.1197,19.7694],[72.1136,19.7568],[72.1052,19.7389],[72.0997,19.7262],[72.0914,19.7081],[72.0857,19.6955],[72.0775,19.6767],[72.0722,19.6647],[72.0646,19.6464],[72.0589,19.6342],[72.0509,19.6156],[72.0452,19.6024],[72.0376,19.5845],[72.0328,19.5725],[72.0251,19.5537],[72.0202,19.5411],[72.0124,19.5229],[72.0071,19.5104],[71.9989,19.4916],[71.994,19.4797],[71.9857,19.4607],[71.9804,19.4479],[71.972,19.4291],[71.9666,19.4165],[71.9599,19.398],[71.9544,19.3857],[71.9467,19.3668],[71.9419,19.3546],[71.9341,19.3361],[71.9294,19.3231],[71.9219,19.3047],[71.9159,19.2919],[71.9084,19.2735],[71.903,19.2613],[71.8949,19.2425],[71.8894,19.2297],[71.8814,19.2109],[71.8757,19.1984],[71.8678,19.18],[71.8621,19.1679],[71.8537,19.1494],[71.8479,19.1376],[71.8388,19.1195],[71.8329,19.107],[71.8239,19.0888],[71.8175,19.077],[71.8081,19.059],[71.8016,19.0474],[71.7912,19.0296],[71.7846,19.0179],[71.7747,19.0014],[71.7677,18.9899],[71.757,18.9726],[71.7498,18.9611],[71.7392,18.9437],[71.7325,18.932],[71.7218,18.9146],[71.7149,18.9032],[71.7041,18.8858],[71.6966,18.8738],[71.6858,18.8563],[71.6785,18.8445],[71.6677,18.8269],[71.66,18.8158],[71.6497,18.7986],[71.6428,18.7874],[71.6322,18.7698],[71.6257,18.7581],[71.6158,18.7405],[71.6087,18.7292],[71.5989,18.7112],[71.592,18.6988],[71.582,18.6815],[71.575,18.6698],[71.565,18.6521],[71.5585,18.6401],[71.5482,18.6224],[71.5419,18.6104],[71.532,18.5929],[71.5253,18.5807],[71.5152,18.5635],[71.5077,18.551],[71.4981,18.5335],[71.4915,18.522],[71.4809,18.5046],[71.4743,18.4929],[71.4638,18.4755],[71.4574,18.4636],[71.4469,18.4457],[71.44,18.4345],[71.4294,18.4176],[71.4219,18.4062],[71.411,18.389],[71.4043,18.3775],[71.3939,18.3603],[71.3873,18.3483],[71.3771,18.3307],[71.3706,18.3188],[71.3604,18.3013],[71.3533,18.2896],[71.3437,18.2729],[71.3365,18.2609],[71.3261,18.2431],[71.3195,18.2315],[71.3089,18.2145],[71.3019,18.2027],[71.2913,18.1854],[71.2845,18.174],[71.2742,18.1566],[71.2668,18.1443],[71.2574,18.1265],[71.2509,18.1156],[71.241,18.0973],[71.2344,18.0854],[71.2248,18.0673],[71.2187,18.0554],[71.2087,18.0372],[71.2026,18.0254],[71.1924,18.0078],[71.1863,17.9954],[71.1768,17.9773],[71.1704,17.9648],[71.1614,17.9473],[71.1545,17.9351],[71.1451,17.918],[71.1391,17.9062],[71.1293,17.8882],[71.1231,17.877],[71.1135,17.8593],[71.107,17.8477],[71.0975,17.8297],[71.0913,17.8175],[71.0816,17.8001],[71.0749,17.7877],[71.0654,17.7701],[71.0595,17.7579],[71.0503,17.7404],[71.0443,17.7284],[71.0354,17.7102],[71.0294,17.6985],[71.0209,17.6806],[71.0147,17.6678],[71.0065,17.6502],[71.0005,17.6384],[70.9923,17.6199],[70.9864,17.608],[70.9778,17.589],[70.9723,17.5765],[70.9642,17.5583],[70.959,17.5459],[70.9504,17.5276],[70.9446,17.5152],[70.9362,17.4961],[70.9306,17.4837],[70.9221,17.4653],[70.9166,17.4528],[70.9083,17.435],[70.9021,17.4228],[70.8932,17.4051],[70.8876,17.3926],[70.8792,17.374],[70.8735,17.3618],[70.8651,17.3436],[70.8588,17.332],[70.8502,17.314],[70.8444,17.3022],[70.835,17.2834],[70.8294,17.2711],[70.8209,17.2521],[70.8154,17.2399],[70.8069,17.2218],[70.8008,17.2095],[70.792,17.1914],[70.7858,17.1793],[70.7769,17.1616],[70.7708,17.1489],[70.7611,17.1309],[70.7554,17.1188],[70.7462,17.1008],[70.7403,17.0886],[70.731,17.0704],[70.725,17.0584],[70.7156,17.0401],[70.7094,17.0281],[70.6996,17.0102],[70.6931,16.9984],[70.6834,16.9808],[70.6768,16.9689],[70.6673,16.9512],[70.6606,16.9397],[70.6509,16.9223],[70.6441,16.9102],[70.6335,16.8931],[70.6265,16.8815],[70.6159,16.8646],[70.6088,16.8523],[70.5987,16.8352],[70.592,16.8232],[70.5819,16.8054],[70.5752,16.7938],[70.565,16.7759],[70.5588,16.7639],[70.5488,16.7462],[70.5419,16.7348],[70.5316,16.7169],[70.5251,16.7053],[70.5149,16.6874],[70.5078,16.6758],[70.4974,16.6575],[70.49,16.6454],[70.4798,16.6276],[70.4732,16.6161],[70.463,16.5981],[70.4563,16.5867],[70.4467,16.5691],[70.4402,16.5571],[70.43,16.5392],[70.4239,16.5275],[70.4132,16.509],[70.407,16.4975],[70.3967,16.4795],[70.3904,16.468],[70.3802,16.4509],[70.373,16.439],[70.3628,16.4215],[70.3564,16.4092],[70.3465,16.3915],[70.3401,16.3801],[70.3302,16.3614],[70.3236,16.3492],[70.3137,16.3312],[70.3072,16.3191],[70.2974,16.3013],[70.291,16.2893],[70.2806,16.272],[70.2737,16.2601],[70.2641,16.2426],[70.2574,16.2305],[70.2477,16.2127],[70.2419,16.2009],[70.2321,16.1829],[70.226,16.171],[70.2166,16.1528],[70.2105,16.1409],[70.2012,16.1226],[70.1947,16.1104],[70.185,16.0931],[70.1787,16.0813],[70.169,16.0638],[70.1623,16.052],[70.1524,16.0346],[70.1453,16.0229],[70.1348,16.0056],[70.1275,15.9939],[70.117,15.9759],[70.11,15.964],[70.0999,15.9468],[70.0931,15.9354],[70.0825,15.9178],[70.0755,15.9067],[70.0654,15.8891],[70.0586,15.8775],[70.0491,15.8596],[70.0426,15.8476],[70.0324,15.8298],[70.0258,15.819],[70.0154,15.8007],[70.009,15.7891],[69.9988,15.7714],[69.9922,15.7593],[69.9823,15.7419],[69.9756,15.73],[69.9657,15.712],[69.9591,15.7001],[69.9489,15.6822],[69.9429,15.6704],[69.9338,15.6524],[69.9274,15.64],[69.9183,15.6219],[69.9124,15.6099],[69.9039,15.5916],[69.898,15.5795],[69.8888,15.5607],[69.8829,15.5488],[69.8735,15.5301],[69.8674,15.5181],[69.8591,15.4997],[69.8529,15.4873],[69.8438,15.4689],[69.8382,15.4569],[69.8291,15.4388],[69.8232,15.4265],[69.8144,15.4086],[69.8084,15.3962],[69.7997,15.3777],[69.7936,15.365],[69.7851,15.3469],[69.779,15.3343],[69.771,15.3156],[69.7656,15.304],[69.7577,15.2861],[69.7525,15.2735],[69.7445,15.2546],[69.7393,15.2423],[69.732,15.2235],[69.7274,15.2107],[69.7208,15.1916],[69.7165,15.1788],[69.7094,15.1592],[69.7052,15.1465],[69.6979,15.1276],[69.6932,15.1149],[69.6859,15.0963],[69.6808,15.0831],[69.6738,15.064],[69.6692,15.0512],[69.6627,15.0327],[69.6579,15.0198],[69.6514,15.001],[69.6471,14.9882],[69.6409,14.9689],[69.6366,14.9563],[69.6301,14.9377],[69.6254,14.9244],[69.6191,14.9053],[69.6146,14.8925],[69.6074,14.8735],[69.6027,14.8612],[69.5963,14.8425],[69.5916,14.8297],[69.5852,14.8112],[69.5803,14.7985],[69.5726,14.7796],[69.5679,14.7669],[69.5597,14.7482],[69.5547,14.7353],[69.5468,14.717],[69.5417,14.7041],[69.5337,14.6848],[69.5286,14.6727],[69.5211,14.6541],[69.5163,14.6417],[69.5085,14.6224],[69.5032,14.6102],[69.4949,14.5917],[69.489,14.5791],[69.4804,14.5605],[69.4752,14.5488],[69.4665,14.5293],[69.4613,14.5174],[69.4532,14.4987],[69.4482,14.4865],[69.4399,14.468],[69.4346,14.4556],[69.4267,14.437],[69.4215,14.4243],[69.4134,14.4053],[69.4082,14.3925],[69.4003,14.3741],[69.3953,14.3613],[69.3879,14.343],[69.3835,14.3302],[69.3763,14.3116],[69.3717,14.2991],[69.3646,14.2791],[69.3604,14.2671],[69.3535,14.2483],[69.3491,14.2349],[69.3426,14.2154],[69.3388,14.2029],[69.3323,14.1833],[69.328,14.1702],[69.3218,14.1511],[69.3178,14.138],[69.3123,14.1184],[69.3083,14.1051],[69.302,14.0858],[69.2983,14.073],[69.2921,14.0539],[69.288,14.0409],[69.2814,14.0214],[69.2773,14.0085]]},"properties":{"mmsi":997780307,"name":"Tanker 0307","role":"candidate","vessel_type":80,"synthetic":true,"t_offset_s":[-112440,-112200,-110760,-110640,-110400,-110040,-109800,-109440,-109200,-108840,-108600,-108240,-108000,-107640,-107400,-107040,-106800,-106440,-106200,-105840,-105600,-105240,-105000,-104640,-104400,-104040,-103800,-103440,-103200,-102840,-102600,-102240,-102000,-101640,-101400,-101040,-100800,-100440,-100200,-99840,-99600,-99240,-99000,-98640,-98400,-98040,-97800,-97440,-97200,-96840,-96600,-96240,-96000,-95640,-95400,-95040,-94800,-94440,-94200,-93840,-93600,-93240,-93000,-92640,-92400,-92040,-91800,-91440,-91200,-90840,-90600,-90240,-90000,-89640,-89400,-89040,-88800,-88440,-88200,-87840,-87600,-87240,-87000,-86640,-86400,-86040,-85800,-85440,-85200,-84840,-84600,-84240,-84000,-83640,-83400,-83040,-82800,-82440,-82200,-81840,-81600,-81240,-81000,-80640,-80400,-80040,-79800,-79440,-79200,-78840,-78600,-78240,-78000,-77640,-77400,-77040,-76800,-76440,-76200,-75840,-75600,-75240,-75000,-74640,-74400,-74040,-73800,-73440,-73200,-72840,-72600,-72240,-72000,-71640,-71400,-71040,-70800,-70440,-70200,-69840,-69600,-69240,-69000,-68640,-68400,-68040,-67800,-67440,-67200,-66840,-66600,-66240,-66000,-65640,-65400,-65040,-64800,-64440,-64200,-63840,-63600,-63240,-63000,-62640,-62400,-62040,-61800,-61440,-61200,-60840,-60600,-60240,-60000,-59640,-59400,-59040,-58800,-58440,-58200,-57840,-57600,-57240,-57000,-56640,-56400,-56040,-55800,-55440,-55200,-54840,-54600,-54240,-54000,-53640,-53400,-53040,-52800,-52440,-52200,-51840,-51600,-51240,-51000,-50640,-50400,-50040,-49800,-49440,-49200,-48840,-48600,-48240,-48000,-47640,-47400,-47040,-46800,-46440,-46200,-45840,-45600,-45240,-45000,-44640,-44400,-44040,-43800,-43440,-43200,-42840,-42600,-42240,-42000,-41640,-41400,-41040,-40800,-40440,-40200,-39840,-39600,-39240,-39000,-38640,-38400,-38040,-37800,-37440,-37200,-36840,-36600,-36240,-36000,-35640,-35400,-35040,-34800,-34440,-34200,-33840,-33600,-33240,-33000,-32640,-32400,-32040,-31800,-31440,-31200,-30840,-30600,-30240,-30000,-29640,-29400,-29040,-28800,-28440,-28200,-27840,-27600,-27240,-27000,-26640,-26400,-26040,-25800,-25440,-25200,-24840,-24600,-24240,-24000,-23640,-23400,-23040,-22800,-22440,-22200,-21840,-21600,-21240,-21000,-20640,-20400,-20040,-19800,-19440,-19200,-18840,-18600,-18240,-18000,-17640,-17400,-17040,-16800,-16440,-16200,-15840,-15600,-15240,-15000,-14640,-14400,-14040,-13800,-13440,-13200,-12840,-12600,-12240,-12000,-11640,-11400,-11040,-10800,-10440,-10200,-9840,-9600,-9240,-9000,-8640,-8400,-8040,-7800,-7440,-7200,-6840,-6600,-6240,-6000,-5640,-5400,-5040,-4800,-4440,-4200,-3840,-3600,-3240,-3000,-2640,-2400,-2040,-1800,-1440,-1200,-840,-600,-240,0,360,600,960,1200,1560,1800,2160,2400,2760,3000,3360,3600,3960,4200,4560,4800,5160,5400,5760,6000,6360,6600,6960,7200,7560,7800,8160,8400,8760,9000,9360,9600,9960,10200,10560,10800,11160,11400,11760,12000,12360,12600,12960,13200,13560,13800,14160,14400,14760,15000,15360,15600,15960,16200,16560,16800,17160,17400,17760,18000,18360,18600,18960,19200,19560,19800,20160,20400,20760,21000,21360,21600,21960,22200,22560,22800,23160,23400,23760,24000,24360,24600,24960,25200,25560,25800,26160,26400,26760,27000,27360,27600],"sog":[11.8,11.9,12,11.9,11.9,11.9,12.3,12.2,12,12.1,11.9,11.3,11.7,12.6,11.5,12.1,12,12,12.4,12.1,12.3,11.8,12.7,11.9,11.5,11.7,12.3,12.2,12.7,11.9,11.6,11.9,12.4,12.1,12.1,12.4,11.8,11.7,12.7,12.1,12,11.8,12.5,12.2,12,11.8,12,12.1,12.4,11.9,11.7,11.7,12.4,12.1,12,12.6,12.8,12.4,12,12.2,12,12.2,11.9,11.5,11.9,12,11.5,12,11.7,12.1,12.2,11.8,12,12.7,12.8,11.8,12.3,12.3,11.9,12,11.7,12.3,11.5,12,12.4,11.8,11.9,12.5,12.2,12.3,12,12.1,12.2,12.3,12.4,11.8,11.5,12,12.1,11.9,12.1,12.1,12.1,12,12.9,12.2,11.9,12.1,12,12,11.5,11.5,11.9,11.7,12.2,12,12,11.8,12.5,12.1,12.1,11.9,12.2,11.4,12,12.1,12.3,11.9,12,11.6,11.7,12.1,12,11.4,11.8,12.3,12,12.1,11.8,11.7,11.9,12.3,11.9,12.1,12,12,12,12,11.6,12.1,12,12.3,11.6,12,12.7,11.8,11.8,11.6,12.3,12,11.7,11.7,11.9,12.2,12.2,12,12,12.7,11.8,11.7,11.9,11.7,11.9,11.6,12.2,11.9,12.1,11.9,12.1,12.1,12.1,11.8,12.1,11.4,12.3,12.5,11.9,11.8,11.3,11.9,11.7,12,12.1,11.6,11.5,11.9,12.2,12.3,11.7,12.2,12.1,11.9,12.1,12.7,12.6,12.2,12.3,11.9,11.9,11.8,11.7,11.8,11.8,11.8,12,12.2,12.1,12.1,11.8,12.3,11.9,12.1,11.7,11.8,12.4,11.3,12.1,12,12,12.3,12.2,11.9,12.2,11.9,11.7,12.4,12.2,11.6,12.1,11.7,11.9,12,12,12,11.9,11.7,11.3,12.2,11.4,12.3,12,11.7,11.9,12.2,12.1,11.9,12.3,11.3,12.3,12.3,12.1,12,12.2,12.1,11.9,12.2,12.3,11.8,12.1,11.8,11.7,11.8,11.8,12,12.2,11.8,12.2,11.9,12.4,12.1,12.3,12.7,11.8,12.4,12,12,12.2,11.7,11.9,11.7,12.2,12.7,12.7,11.8,11.8,11.8,11.4,11.7,12.1,11.5,12.3,12.4,12.3,11.9,11.7,12.1,12.1,11.8,12.3,12,11.9,12.4,12.4,11.9,12,11.9,12.3,11.6,12.6,11.5,11.5,11.8,11.8,12.1,11.9,12.3,11.6,12.1,11.9,12.3,12.2,11.6,11.4,12.2,12.1,12,12.7,12.2,12.3,12.2,11.7,12.2,11.9,11.9,12.4,11.6,11.9,11.8,11.5,12,11.6,12.2,12.1,12,12.4,12,12.2,11.8,12.2,12.1,12,11.9,11.6,12.3,11.8,12,12,12,11.9,11.9,12.1,12.2,12.2,12,11.5,11.6,12.2,12.5,12,12.3,12.6,11.8,11.5,11.9,11.9,12.2,12.3,11.7,12.1,12.1,12,12,12.4,11.5,11.9,11.3,12.8,12.2,12.5,11.5,12.6,12.1,12.1,12.1,12,11.5,12.4,11.7,12.2,11.8,12,12.3,12.1,11.8,12.5,12.2,12.3,11.9,12.5,11.7,12,12.4,11.9,12.3,12.3,12.2,12.1,11.5,12.5,12,11.6,12.9,11.3,12.1,11.6,11.4,12,12.3,12.4,12.2,12,12,12.3,11.9,12.1,12.2,12,12.4,11.8,11.7,12.4,12.1,11.4,12.1,12.2,11.9,12.7,11.9,12.2,12.1,12.1,11.9,12.3,11.9,11.7]}},{"type":"Feature","geometry":{"type":"LineString","coordinates":[[72.36,17.1396],[72.3602,17.1272],[72.3609,17.1089],[72.3616,17.0966],[72.3625,17.0777],[72.3633,17.0655],[72.3644,17.0472],[72.3648,17.0347],[72.3656,17.0167],[72.3662,17.0045],[72.3669,16.9861],[72.368,16.9742],[72.369,16.9547],[72.3702,16.943],[72.3715,16.9236],[72.3726,16.9116],[72.3746,16.893],[72.3761,16.8809],[72.3787,16.8624],[72.3801,16.8502],[72.3824,16.8318],[72.3839,16.8192],[72.3867,16.8009],[72.3879,16.7887],[72.3906,16.7703],[72.3918,16.7579],[72.3939,16.7396],[72.3951,16.7275],[72.3971,16.7087],[72.3986,16.6959],[72.4003,16.6774],[72.4014,16.6642],[72.4028,16.646],[72.4038,16.6339],[72.4058,16.6155],[72.4069,16.6029],[72.4087,16.585],[72.4095,16.573],[72.4113,16.5544],[72.412,16.5423],[72.4131,16.5231],[72.4136,16.5113],[72.4144,16.4925],[72.4148,16.4801],[72.4154,16.4621],[72.4161,16.4492],[72.4166,16.431],[72.4173,16.4193],[72.4178,16.4007],[72.4181,16.3881],[72.4178,16.3698],[72.4181,16.3569],[72.4179,16.3385],[72.4178,16.3265],[72.4181,16.3076],[72.4184,16.2953],[72.4187,16.2766],[72.4189,16.2647],[72.4187,16.2455],[72.4189,16.2331],[72.42,16.2142],[72.4204,16.2023],[72.4212,16.1835],[72.4211,16.1713],[72.4219,16.1529],[72.4225,16.1404],[72.423,16.1222],[72.4232,16.1094],[72.4241,16.0909],[72.4244,16.0784],[72.425,16.0604],[72.4249,16.0482],[72.4256,16.0294],[72.4257,16.0171],[72.4266,15.9984],[72.4269,15.986],[72.4277,15.9676],[72.4274,15.9554],[72.4274,15.937],[72.4278,15.9245],[72.4279,15.906],[72.4279,15.8938],[72.4279,15.8757],[72.4282,15.8631],[72.4282,15.8443],[72.4282,15.8322],[72.4284,15.8135],[72.4282,15.8009],[72.4282,15.7827],[72.428,15.7698],[72.4274,15.7513],[72.4275,15.7388],[72.4261,15.7201],[72.426,15.7081],[72.4256,15.6894],[72.4254,15.6772],[72.4255,15.6578],[72.4248,15.6453],[72.4248,15.6265],[72.4249,15.6137],[72.4252,15.5952],[72.4254,15.5826],[72.4262,15.5638],[72.4263,15.551],[72.4272,15.5324],[72.4275,15.5205],[72.4282,15.5017],[72.429,15.4895],[72.4306,15.4707],[72.4314,15.4583],[72.433,15.44],[72.4339,15.4276],[72.4355,15.4094],[72.437,15.3973],[72.4383,15.3782],[72.4396,15.3658],[72.4414,15.3473],[72.4422,15.3348],[72.4438,15.3163],[72.4447,15.3044],[72.447,15.2856],[72.4484,15.2735],[72.4511,15.2557],[72.4532,15.2434],[72.4564,15.225],[72.4589,15.2129],[72.4623,15.1937],[72.4643,15.1821],[72.4673,15.1644],[72.4687,15.1524],[72.4712,15.1339],[72.4728,15.1218],[72.4751,15.1031],[72.4765,15.0906],[72.4784,15.073],[72.4799,15.0605],[72.4823,15.0417],[72.4832,15.0296],[72.486,15.0115],[72.4877,14.9994],[72.4907,14.9807],[72.4923,14.9687],[72.4952,14.9504],[72.4968,14.938],[72.4996,14.9197],[72.5021,14.907],[72.5054,14.8891],[72.5075,14.8768],[72.5105,14.8588],[72.5126,14.8464]]},"properties":{"mmsi":997792766,"name":"Cargo 2766","role":"background","vessel_type":70,"synthetic":true,"t_offset_s":[41493,41733,42093,42333,42693,42933,43293,43533,43893,44133,44493,44733,45093,45333,45693,45933,46293,46533,46893,47133,47493,47733,48093,48333,48693,48933,49293,49533,49893,50133,50493,50733,51093,51333,51693,51933,52293,52533,52893,53133,53493,53733,54093,54333,54693,54933,55293,55533,55893,56133,56493,56733,57093,57333,57693,57933,58293,58533,58893,59133,59493,59733,60093,60333,60693,60933,61293,61533,61893,62133,62493,62733,63093,63333,63693,63933,64293,64533,64893,65133,65493,65733,66093,66333,66693,66933,67293,67533,67893,68133,68493,68733,69093,69333,69693,69933,70293,70533,70893,71133,71493,71733,72093,72333,72693,72933,73293,73533,73893,74133,74493,74733,75093,75333,75693,75933,76293,76533,76893,77133,77493,77733,78093,78333,78693,78933,79293,79533,79893,80133,80493,80733,81093,81333,81693,81933,82293,82533,82893,83133,83493,83733,84093,84333,84693,84933,85293,85533,85893,86133],"sog":[11.5,11,10.9,10.9,11.2,11.1,10.9,10.8,10.5,11.1,11.1,10.9,11.1,10.7,11.5,10.8,11.3,10.7,11.3,10.5,10.5,11,11.3,10.9,11,11.2,10.9,10.5,11.2,11.9,12,11.7,10.9,10.6,10.8,10.6,10.8,10.8,10.6,10.3,11.2,11.3,10.9,11.1,11,11.2,11.4,10.8,10.9,11.2,10.8,11.3,10.6,10.9,11.2,11.2,10.9,11.3,11.1,11.2,11,11,11.3,10.9,10.5,11.1,10.4,11.5,10.9,11.2,10.4,11.3,11.2,11.2,11.4,10.9,11.1,10.9,10.8,11.2,11.1,11.4,10.9,11.1,11.2,10.8,11.5,11.2,10.8,11.7,10.9,11.3,11,11,11.6,10.6,11.7,11.3,10.9,11.5,10.6,11.4,10.8,11.4,10.8,10.7,11.1,11,11.2,11.7,11,11.2,11.1,10.5,11.4,11.5,10.9,11.2,11.2,11,11.1,10.7,10.5,10.7,11.1,11.6,11.9,11,10.9,11.1,11.1,10.6,11.3,10.9,11,11.4,10.8,10.7,10.8,11,10.9,10.6,11.2,11.6,11.2,11.2,11.1,11.3,10.6,11.7]}},{"type":"Feature","geometry":{"type":"LineString","coordinates":[[70.6504,16.498],[70.6404,16.5041],[70.6302,16.5104],[70.6148,16.5193],[70.6046,16.5253],[70.5886,16.5348],[70.578,16.5411],[70.5626,16.5498],[70.5521,16.556],[70.5361,16.5659],[70.5262,16.5721],[70.5106,16.5813],[70.5004,16.5879],[70.4849,16.5976],[70.4744,16.6041],[70.4591,16.6134],[70.4483,16.6199],[70.4331,16.6291],[70.4227,16.6355],[70.4068,16.6451],[70.3972,16.6511],[70.382,16.6608],[70.3718,16.6671],[70.3563,16.6768],[70.3454,16.683],[70.3299,16.6921],[70.3194,16.6983],[70.3034,16.7083],[70.2933,16.7137],[70.2778,16.7231],[70.2676,16.7292],[70.2515,16.7381],[70.2409,16.7444],[70.2245,16.7532],[70.214,16.7591],[70.1977,16.7683],[70.1867,16.7742],[70.1707,16.7833],[70.1598,16.7898],[70.1438,16.7988],[70.1335,16.8048],[70.1181,16.8143],[70.1066,16.8206],[70.0915,16.83],[70.0807,16.8368],[70.0653,16.8462],[70.0547,16.8528],[70.039,16.8622],[70.028,16.8688],[70.0123,16.8785],[70.0017,16.8849],[69.986,16.8945],[69.9751,16.9007],[69.9601,16.9106],[69.9492,16.9173],[69.934,16.9268],[69.9239,16.9332],[69.9082,16.9429],[69.8978,16.9492],[69.8825,16.9588],[69.8718,16.9653],[69.8566,16.9752],[69.8461,16.9817],[69.831,16.992],[69.8207,16.9983],[69.8055,17.0084],[69.7951,17.0152],[69.7804,17.0252],[69.7699,17.0316],[69.7545,17.0416],[69.744,17.0482],[69.728,17.0579],[69.7176,17.0643],[69.7019,17.0737],[69.6915,17.0797],[69.676,17.0895],[69.6657,17.0955],[69.6499,17.1053],[69.6396,17.1115],[69.6244,17.1212],[69.6141,17.1276],[69.5985,17.1377],[69.5884,17.1437],[69.5731,17.1539],[69.5631,17.1603],[69.5483,17.1701],[69.5375,17.1764],[69.5218,17.1862],[69.5117,17.1924],[69.4959,17.2022],[69.4856,17.2087],[69.4701,17.219],[69.4601,17.2257],[69.4453,17.2359],[69.4353,17.2426],[69.4206,17.2526],[69.4104,17.26],[69.3957,17.2705],[69.3857,17.2774],[69.3718,17.2875],[69.3617,17.2946],[69.3468,17.3055],[69.3365,17.3132],[69.3218,17.3242],[69.3121,17.3322],[69.2979,17.3429],[69.2877,17.3508],[69.2735,17.3625],[69.2641,17.3699],[69.2502,17.3812],[69.2407,17.3888],[69.2268,17.4002],[69.2166,17.408],[69.2024,17.419],[69.1922,17.4265],[69.1783,17.4369],[69.1685,17.4443],[69.1544,17.455],[69.1451,17.4629],[69.1308,17.4738],[69.1211,17.4814],[69.1073,17.4922],[69.0974,17.4997],[69.0827,17.5109],[69.0731,17.518],[69.0589,17.5288],[69.049,17.5359],[69.0343,17.5473],[69.0241,17.5545],[69.0092,17.5654],[68.9994,17.5721],[68.9839,17.5821],[68.9741,17.589],[68.9588,17.5996],[68.949,17.6058],[68.9336,17.6161],[68.9233,17.6229],[68.9077,17.6327],[68.8978,17.6391],[68.8822,17.6487],[68.8716,17.6552],[68.8559,17.6648],[68.8465,17.6712],[68.8304,17.6807],[68.8202,17.6871],[68.8041,17.6966],[68.7942,17.7024],[68.7778,17.7118],[68.768,17.7175],[68.7519,17.7264],[68.7411,17.7321],[68.7261,17.7414],[68.7151,17.7476],[68.6996,17.7567],[68.6889,17.7631],[68.6731,17.7722],[68.6628,17.7781],[68.6472,17.7876],[68.6366,17.7938],[68.6214,17.8031],[68.6113,17.8098],[68.5963,17.8185],[68.5855,17.8254],[68.5699,17.8343],[68.5596,17.8413],[68.5442,17.8508],[68.5335,17.8572],[68.5175,17.8669],[68.5072,17.8733],[68.4918,17.8826],[68.4815,17.8881],[68.4657,17.8973],[68.4552,17.9032],[68.4389,17.9125],[68.4285,17.9186],[68.4122,17.9276],[68.402,17.9334],[68.3863,17.9419],[68.3754,17.9479],[68.3594,17.9565],[68.3486,17.9622],[68.3327,17.971],[68.322,17.9767],[68.3056,17.9853],[68.2945,17.991],[68.2782,17.9994],[68.2675,18.0054],[68.2514,18.0137],[68.2409,18.0195],[68.2249,18.0286],[68.2143,18.035],[68.1981,18.0446],[68.1874,18.0512],[68.1723,18.0609],[68.1617,18.0673],[68.1467,18.0766],[68.1364,18.083],[68.1208,18.0931],[68.1101,18.099],[68.0942,18.1089],[68.0838,18.1149],[68.0682,18.1244],[68.0574,18.1307],[68.0417,18.1396],[68.0303,18.1459],[68.0144,18.1548],[68.0034,18.161],[67.9871,18.1701],[67.9763,18.1765],[67.961,18.1856],[67.9508,18.1913],[67.9352,18.2009],[67.9247,18.2074],[67.9093,18.2172],[67.8989,18.2235],[67.8834,18.2327],[67.8732,18.239],[67.8571,18.2487],[67.8464,18.2551],[67.8306,18.2647],[67.8207,18.2708],[67.805,18.2804],[67.7943,18.2867],[67.7792,18.2963],[67.7691,18.3024],[67.7533,18.3117],[67.743,18.3179],[67.7269,18.3276],[67.7161,18.3337],[67.7011,18.3433],[67.6909,18.3497],[67.6758,18.3589],[67.6656,18.3653],[67.65,18.3756],[67.6395,18.382],[67.6238,18.3916],[67.6138,18.3982],[67.5978,18.4081],[67.5885,18.4144],[67.5733,18.4239],[67.5628,18.4306],[67.5475,18.4396],[67.5371,18.4461],[67.5215,18.4559],[67.5114,18.4617],[67.4954,18.471],[67.4844,18.4769],[67.4684,18.4861],[67.4578,18.4925],[67.4417,18.502],[67.4309,18.5082],[67.4155,18.5173],[67.4048,18.5226],[67.3888,18.5318],[67.3783,18.5373],[67.3626,18.546],[67.352,18.5518],[67.3361,18.5606],[67.3257,18.5663],[67.3097,18.5755],[67.2984,18.5812],[67.2826,18.59],[67.2721,18.596],[67.2561,18.6052],[67.2454,18.6112],[67.2299,18.62],[67.2191,18.6261],[67.2032,18.6351],[67.1928,18.6412],[67.1771,18.6498],[67.1665,18.6561],[67.1506,18.6653],[67.1397,18.671],[67.1236,18.6801],[67.1126,18.6861],[67.0962,18.6951],[67.0854,18.7009],[67.0692,18.7095],[67.0591,18.7153],[67.0426,18.723],[67.0316,18.7288],[67.0146,18.7373],[67.0037,18.7422],[66.9875,18.7502],[66.9766,18.7553],[66.9604,18.7624],[66.9486,18.7675],[66.9323,18.7753],[66.9212,18.78],[66.9048,18.7877],[66.8939,18.7926],[66.8769,18.8002],[66.866,18.8052]]},"properties":{"mmsi":998432627,"name":"Cargo 2627","role":"candidate","vessel_type":70,"synthetic":true,"t_offset_s":[-66780,-66540,-66300,-65940,-65700,-65340,-65100,-64740,-64500,-64140,-63900,-63540,-63300,-62940,-62700,-62340,-62100,-61740,-61500,-61140,-60900,-60540,-60300,-59940,-59700,-59340,-59100,-58740,-58500,-58140,-57900,-57540,-57300,-56940,-56700,-56340,-56100,-55740,-55500,-55140,-54900,-54540,-54300,-53940,-53700,-53340,-53100,-52740,-52500,-52140,-51900,-51540,-51300,-50940,-50700,-50340,-50100,-49740,-49500,-49140,-48900,-48540,-48300,-47940,-47700,-47340,-47100,-46740,-46500,-46140,-45900,-45540,-45300,-44940,-44700,-44340,-44100,-43740,-43500,-43140,-42900,-42540,-42300,-41940,-41700,-41340,-41100,-40740,-40500,-40140,-39900,-39540,-39300,-38940,-38700,-38340,-38100,-37740,-37500,-37140,-36900,-36540,-36300,-35940,-35700,-35340,-35100,-34740,-34500,-34140,-33900,-33540,-33300,-32940,-32700,-32340,-32100,-31740,-31500,-31140,-30900,-30540,-30300,-29940,-29700,-29340,-29100,-28740,-28500,-28140,-27900,-27540,-27300,-26940,-26700,-26340,-26100,-25740,-25500,-25140,-24900,-24540,-24300,-23940,-23700,-23340,-23100,-22740,-22500,-22140,-21900,-21540,-21300,-20940,-20700,-20340,-20100,-19740,-19500,-19140,-18900,-18540,-18300,-17940,-17700,-17340,-17100,-16740,-16500,-16140,-15900,-15540,-15300,-14940,-14700,-14340,-14100,-13740,-13500,-13140,-12900,-12540,-12300,-11940,-11700,-11340,-11100,-10740,-10500,-10140,-9900,-9540,-9300,-8940,-8700,-8340,-8100,-7740,-7500,-7140,-6900,-6540,-6300,-5940,-5700,-5340,-5100,-4740,-4500,-4140,-3900,-3540,-3300,-2940,-2700,-2340,-2100,-1740,-1500,-1140,-900,-540,-300,60,300,660,900,1260,1500,1860,2100,2460,2700,3060,3300,3660,3900,4260,4500,4860,5100,5460,5700,6060,6300,6660,6900,7260,7500,7860,8100,8460,8700,9060,9300,9660,9900,10260,10500,10860,11100,11460,11700,12060,12300,12660,12900,13260,13500,13860,14100,14460,14700,15060,15300,15660,15900,16260,16500,16860,17100,17460,17700,18060,18300,18660,18900,19260,19500,19860,20100,20460,20700],"sog":[10.9,10.6,10.3,10.5,10.3,10.6,10.9,10.3,10.4,10.1,10.1,10.7,10.5,10.7,10.6,10.1,10.5,10.1,10.8,10.7,10,10.8,10,10.4,10.4,10.7,10.6,10.9,10.3,10.3,10.2,10.7,10.7,10.7,10.5,10.5,10.8,11,10.7,10.1,10.4,10.5,11.2,10.2,10.4,10.9,10.8,10.6,10.9,10.1,10.5,10.5,11,10.2,11.1,10,10.3,10.8,11,9.7,10.9,10.2,10.9,10.9,10.9,10.2,11,10,10.5,10.6,10.7,10.7,10.6,10.2,10.4,10.3,10.3,10.9,10.2,10.7,10.7,10.7,10.5,10.4,10.6,10.7,10.8,10.8,10.1,10.4,10.6,10.5,10.1,10.4,10.6,10.4,10.4,10.8,10.5,10,10.6,10.8,10.7,10.7,10.9,10.3,10.9,10.6,10.4,10.8,10.4,10.5,11.4,10.3,11.2,10.4,10.9,10.2,10.5,10.7,10.6,10.4,10.8,10.7,10.4,10.1,10.7,10.4,11.1,10.5,10.9,10.4,10.5,10.7,10.8,10.2,11,10.1,10.3,10.4,10.5,10.8,10.2,11.3,10.6,10.9,10.3,10.6,10.2,10.6,10.3,10.1,10.7,10.2,10.6,10.1,10.8,10.6,10.5,10.2,10.2,9.8,11.2,10.4,10.4,10.6,10.1,11,10.3,10.2,10.6,10,10.4,10.5,10.4,10.8,10.6,10.3,10.4,10.6,10.2,10,10.2,10.6,10.4,10.6,10.8,10.8,10.5,10.5,11.2,10.5,11.3,10.6,10.7,10.4,10.4,10.7,10.5,10.8,10.8,10.8,10.5,9.8,10.9,10.3,10.6,10.7,10.9,10.4,10.1,10.6,11,10.6,10.2,10.7,10.1,11,10.7,10.3,10.4,10.4,10.3,10.3,10.3,10.7,10.6,10.5,10.8,10.7,10.3,10.5,10.6,10.2,10.7,10.7,9.8,10.4,9.7,10.3,10.7,10.7,10.5,10.6,9.9,10.5,11,10.5,10.7,10.8,10.7,10.6,10.4,10.8,10.7,10.3,10.1,10.7,10,10.7,11.1,10.1,10.9,10.5,10.7,11.3,10.4,10.9,10.2,10.2,10.8,10.6,10.7,10.3,10.9,10.7,10.4,10.5,10,10.6,10.5,10.3,10.8,10,10.1,10.5,10.9,10.6,10.7,10.5,10.5,10.6,10.4]}},{"type":"Feature","geometry":{"type":"LineString","coordinates":[[69.6933,17.2142],[69.6927,17.2184],[69.6918,17.2195],[69.6913,17.2234],[69.6936,17.2249],[69.6916,17.2287],[69.6909,17.2292],[69.6909,17.2331],[69.6889,17.2347],[69.6876,17.2362],[69.6873,17.2384],[69.6852,17.2415],[69.6855,17.2453],[69.6853,17.2473],[69.6851,17.2501],[69.6832,17.2521],[69.6815,17.2534],[69.6811,17.2569],[69.6809,17.2576],[69.6806,17.2608],[69.6807,17.2633],[69.6799,17.2664],[69.6804,17.2681],[69.6846,17.2698],[69.6851,17.2701],[69.6849,17.2742],[69.6849,17.2764],[69.6835,17.2807],[69.6827,17.2832],[69.68,17.2842],[69.6762,17.2843],[69.6725,17.2856],[69.6698,17.2867],[69.6644,17.2892],[69.6622,17.29],[69.6595,17.2926],[69.6576,17.2943],[69.6545,17.298],[69.6535,17.2993],[69.6493,17.3011],[69.6467,17.3033],[69.642,17.3034],[69.6404,17.3011],[69.6378,17.302],[69.6355,17.3029],[69.6353,17.3056],[69.6371,17.3074],[69.6334,17.3131],[69.6306,17.3132],[69.6283,17.3159],[69.6273,17.3183],[69.6264,17.3231],[69.6275,17.3244],[69.6323,17.3251],[69.634,17.324],[69.6367,17.3219],[69.6376,17.3194],[69.6417,17.3185],[69.6447,17.3188],[69.6489,17.3182],[69.6512,17.3174],[69.656,17.3164],[69.6568,17.3181],[69.659,17.3224],[69.6609,17.3234],[69.6643,17.3233],[69.667,17.3223],[69.6705,17.3214],[69.6735,17.3225],[69.6763,17.3234],[69.6774,17.3228],[69.6803,17.3211],[69.6817,17.3196],[69.6826,17.3178],[69.683,17.3162],[69.6846,17.3121],[69.6861,17.3098],[69.683,17.3083],[69.6811,17.3079],[69.6782,17.3085],[69.676,17.3094],[69.6737,17.3118],[69.6726,17.3124],[69.6699,17.3134],[69.668,17.314],[69.6643,17.3144],[69.6624,17.3125],[69.6624,17.3088],[69.6631,17.3063],[69.6653,17.3025],[69.6647,17.3011],[69.6635,17.2983],[69.6633,17.2963],[69.6631,17.2918],[69.6604,17.2909],[69.6576,17.2874],[69.6569,17.286],[69.6552,17.2834],[69.6572,17.281],[69.6601,17.2779],[69.6613,17.2756],[69.6643,17.271],[69.666,17.2702],[69.6668,17.2679],[69.6656,17.2667],[69.6639,17.2638],[69.6625,17.2623],[69.6589,17.2611],[69.6575,17.2628],[69.6559,17.2663],[69.6562,17.2684],[69.6584,17.2708],[69.6567,17.2731],[69.6559,17.2741],[69.6562,17.2755],[69.6571,17.2776],[69.6575,17.2819],[69.6582,17.2842],[69.6589,17.2868],[69.6563,17.2883],[69.6544,17.2892],[69.653,17.2914],[69.6498,17.2921],[69.6452,17.2902],[69.6425,17.2877],[69.6416,17.2839],[69.6405,17.2814],[69.6361,17.2796],[69.6348,17.2768],[69.6328,17.2744],[69.6287,17.2731],[69.6277,17.2705],[69.6281,17.2685],[69.6249,17.2634],[69.6263,17.2606],[69.6281,17.257],[69.627,17.2564],[69.6236,17.2546],[69.6218,17.2531],[69.6205,17.2484],[69.6218,17.2475],[69.6245,17.2462],[69.6236,17.2429],[69.6211,17.24],[69.6185,17.2396],[69.614,17.2384],[69.6129,17.2371],[69.6113,17.2357],[69.6089,17.2332],[69.6074,17.2277],[69.6069,17.2247],[69.6094,17.2232],[69.6107,17.224],[69.6138,17.2262],[69.6161,17.2263],[69.6204,17.2244],[69.6241,17.2267],[69.6283,17.2269],[69.6318,17.2258],[69.6349,17.2263],[69.6371,17.2289],[69.6379,17.231],[69.6375,17.233],[69.635,17.2364],[69.6326,17.2377],[69.6309,17.2413],[69.6296,17.2441],[69.6276,17.2474],[69.6277,17.2507],[69.6311,17.2526],[69.6322,17.2523],[69.6357,17.252],[69.6374,17.2526],[69.6405,17.2527],[69.6423,17.2519],[69.6447,17.2471],[69.645,17.2436],[69.6437,17.2396],[69.6458,17.2363],[69.6459,17.2341],[69.6443,17.2312],[69.6437,17.2277],[69.644,17.225],[69.6471,17.2226],[69.6495,17.2205],[69.6494,17.2168],[69.6471,17.2151],[69.6452,17.2118],[69.6441,17.211],[69.6418,17.2078],[69.6402,17.2068],[69.638,17.2092],[69.6375,17.2099],[69.6367,17.2124],[69.6371,17.2146],[69.636,17.2194],[69.6343,17.2215],[69.6373,17.2237],[69.6392,17.2268],[69.6431,17.2301],[69.6433,17.2326],[69.6429,17.2359],[69.6421,17.2373],[69.6421,17.2409],[69.6415,17.2444],[69.6387,17.2468],[69.6372,17.2482],[69.6368,17.252],[69.6378,17.2539],[69.6382,17.2583],[69.6381,17.26],[69.638,17.2631],[69.6378,17.265],[69.6356,17.2678],[69.6343,17.2694],[69.6359,17.272],[69.6365,17.2734],[69.6384,17.2747],[69.6404,17.2757],[69.6442,17.2734],[69.646,17.2722],[69.6504,17.2694],[69.6525,17.2704],[69.655,17.2704],[69.6579,17.2718],[69.6605,17.2754],[69.66,17.2778],[69.6609,17.2818],[69.6597,17.2849],[69.6566,17.2868],[69.656,17.2873],[69.6523,17.2901],[69.6505,17.2924],[69.6478,17.2942],[69.6457,17.2954],[69.6417,17.2967],[69.6403,17.2969],[69.6366,17.2991],[69.6347,17.3006],[69.6329,17.3032],[69.6307,17.3042],[69.6278,17.305],[69.625,17.303],[69.6211,17.3017],[69.6188,17.302],[69.6149,17.3006],[69.6128,17.3024],[69.6109,17.3029],[69.6112,17.3004],[69.6146,17.2999],[69.6172,17.299],[69.6189,17.2974],[69.6208,17.2963],[69.6218,17.2947],[69.6211,17.2929],[69.6218,17.2897],[69.6223,17.2877],[69.6212,17.2833],[69.6213,17.281],[69.6217,17.2784],[69.6217,17.2761],[69.6194,17.2735],[69.6178,17.2715],[69.6151,17.2676],[69.6164,17.264],[69.6173,17.2615],[69.6174,17.259],[69.6176,17.2555],[69.6202,17.2542],[69.6217,17.2519],[69.6221,17.2505],[69.6224,17.2479],[69.6235,17.246],[69.624,17.2433],[69.6231,17.2413],[69.6215,17.2383],[69.6232,17.2366],[69.626,17.2362],[69.6275,17.2357],[69.6313,17.2349],[69.6337,17.2342],[69.6346,17.2325],[69.6347,17.2304],[69.6372,17.2286],[69.6385,17.2275],[69.64,17.2247],[69.641,17.2241],[69.6451,17.2214],[69.6488,17.2217],[69.6517,17.2223],[69.6524,17.2232],[69.655,17.2253],[69.6574,17.2262],[69.6579,17.2275],[69.6598,17.2295],[69.6612,17.2304],[69.6616,17.2335],[69.6615,17.2374],[69.6633,17.2399],[69.6653,17.243],[69.6643,17.2445],[69.6628,17.2474],[69.6624,17.2498],[69.6639,17.2538],[69.6646,17.255],[69.6674,17.2562],[69.6674,17.2584],[69.6716,17.2581],[69.6737,17.2558],[69.6769,17.2523],[69.6786,17.2505],[69.6816,17.2502],[69.6825,17.251],[69.6868,17.2543],[69.6865,17.256],[69.6832,17.253],[69.6837,17.2516],[69.6864,17.2486],[69.687,17.2469],[69.6887,17.2445],[69.6916,17.2441],[69.6956,17.244],[69.7,17.2451],[69.7048,17.2453],[69.7086,17.2455],[69.7141,17.2458],[69.717,17.2462],[69.72,17.2436],[69.719,17.2416],[69.7215,17.2381],[69.7235,17.2388],[69.7246,17.2367],[69.725,17.2347],[69.7224,17.2332],[69.7192,17.2338],[69.716,17.2345],[69.713,17.2343],[69.7106,17.2362],[69.7093,17.2359],[69.7069,17.2357],[69.7049,17.2311],[69.7028,17.2294],[69.7008,17.2279],[69.6977,17.2252],[69.6965,17.2223],[69.6966,17.2198],[69.6992,17.2166],[69.6991,17.2149],[69.699,17.2134],[69.6979,17.2113],[69.6972,17.21],[69.6987,17.2066],[69.6992,17.2052],[69.7002,17.2016],[69.7011,17.1987],[69.7045,17.1969],[69.7082,17.1954],[69.7114,17.1958],[69.7138,17.1952],[69.7182,17.197],[69.7205,17.197],[69.7255,17.1961],[69.7274,17.197],[69.7299,17.1963],[69.7305,17.1938],[69.7266,17.1916],[69.7253,17.1916],[69.7216,17.1935],[69.7189,17.1933],[69.7148,17.1949],[69.7141,17.1968],[69.718,17.1992],[69.7207,17.2012],[69.7227,17.2053],[69.7231,17.2091],[69.7197,17.2112],[69.7172,17.2107],[69.7138,17.2116],[69.7108,17.2112],[69.7079,17.2118],[69.7044,17.211],[69.7023,17.2102],[69.7005,17.2086],[69.7003,17.2042],[69.6994,17.2019],[69.6992,17.1988],[69.7003,17.1963],[69.7007,17.192],[69.7002,17.1895],[69.7023,17.1852],[69.7039,17.1846],[69.7063,17.1845],[69.7081,17.1838],[69.7102,17.1803],[69.7104,17.1782],[69.7139,17.176],[69.7152,17.1735],[69.7174,17.1701],[69.7181,17.168],[69.7187,17.1644],[69.7186,17.1619],[69.717,17.1588],[69.7144,17.1574],[69.7166,17.1543],[69.7192,17.154],[69.7231,17.1503],[69.7243,17.1487],[69.7279,17.1485],[69.7297,17.1503],[69.7315,17.1511],[69.7331,17.1512],[69.7361,17.1488],[69.7373,17.1449],[69.7375,17.1422],[69.7376,17.1399],[69.7368,17.1366],[69.7341,17.1368],[69.7317,17.1375],[69.7311,17.1389],[69.7325,17.1415],[69.736,17.1402],[69.7381,17.136],[69.738,17.1337],[69.7364,17.1301],[69.7362,17.1276],[69.7351,17.1234],[69.7351,17.1217],[69.7335,17.12],[69.7332,17.1173],[69.734,17.1131],[69.7353,17.1105],[69.7381,17.1066],[69.7373,17.1033],[69.7356,17.1007],[69.7348,17.0978],[69.7374,17.0936],[69.7372,17.0927],[69.737,17.0894],[69.7374,17.0861],[69.739,17.0822],[69.7397,17.0804],[69.7421,17.0782],[69.742,17.0765],[69.7425,17.0736],[69.7425,17.0713],[69.7413,17.0684],[69.7408,17.0659],[69.7409,17.0619],[69.7407,17.0598],[69.7418,17.0571],[69.741,17.0551],[69.7379,17.0514],[69.7363,17.0492],[69.7329,17.0476],[69.7323,17.0474],[69.729,17.0468],[69.727,17.0482],[69.7238,17.0522],[69.7206,17.0521],[69.7162,17.0524],[69.7141,17.0527],[69.7112,17.0536],[69.7096,17.0549],[69.7097,17.0593],[69.7111,17.0607],[69.7132,17.0572],[69.7139,17.0542],[69.714,17.0517],[69.7116,17.0494],[69.7093,17.0508],[69.7086,17.0518],[69.7045,17.0546],[69.7022,17.0567],[69.7005,17.0574],[69.6997,17.0605],[69.6985,17.0645],[69.6978,17.0666],[69.6953,17.069],[69.6941,17.0698],[69.6912,17.0704],[69.6883,17.0711],[69.6843,17.0713],[69.6837,17.0703],[69.6829,17.0677],[69.6856,17.067],[69.69,17.0677],[69.6926,17.0685],[69.6959,17.0696],[69.6984,17.0725],[69.701,17.0728],[69.7021,17.0725],[69.7053,17.0696],[69.7072,17.0681],[69.7115,17.0656],[69.7141,17.0679],[69.7136,17.0716],[69.7125,17.0725],[69.7093,17.0714],[69.7071,17.0717],[69.7034,17.073],[69.7006,17.0737],[69.6969,17.0756],[69.6948,17.0744],[69.6905,17.0751],[69.6885,17.0758],[69.6849,17.0757],[69.6834,17.0748],[69.6796,17.0736],[69.6774,17.0715],[69.6726,17.0702],[69.6704,17.0693],[69.6657,17.0655],[69.6637,17.0636],[69.6625,17.0622],[69.6608,17.0594],[69.6568,17.0575],[69.6552,17.0542],[69.6512,17.0517],[69.6509,17.0503],[69.6511,17.0479],[69.6513,17.0467],[69.6524,17.0445],[69.6529,17.0429],[69.6554,17.041],[69.6578,17.0392],[69.659,17.0366],[69.6611,17.034],[69.6615,17.0318],[69.6628,17.0295],[69.6617,17.0265],[69.6605,17.0237],[69.6595,17.0208],[69.6605,17.0184],[69.6632,17.0134],[69.6662,17.0122],[69.6707,17.0105],[69.6728,17.0096],[69.6741,17.0055],[69.6736,17.0045],[69.6725,17.0032],[69.6707,17.001],[69.6685,16.9987],[69.665,16.9977],[69.6636,16.9948],[69.6622,16.9916],[69.6623,16.9865],[69.6635,16.985],[69.6656,16.9844],[69.6677,16.983],[69.671,16.9833],[69.6724,16.985],[69.6759,16.9869],[69.6768,16.989],[69.6756,16.9905],[69.6729,16.9906],[69.6675,16.9886],[69.6667,16.9861],[69.6691,16.9849],[69.6698,16.9829],[69.6707,16.9795],[69.6692,16.9766],[69.6673,16.9755],[69.6656,16.9758],[69.6633,16.9765],[69.6601,16.9763],[69.6554,16.9746],[69.6544,16.9725],[69.656,16.9692],[69.6578,16.9698],[69.6609,16.9701],[69.6628,16.9717],[69.6671,16.971],[69.669,16.9699],[69.6745,16.9702],[69.6751,16.97],[69.6759,16.9679],[69.6789,16.9662],[69.681,16.9641],[69.6839,16.9636],[69.6876,16.9625],[69.6901,16.9638],[69.6912,16.9673],[69.6895,16.97],[69.6868,16.9725],[69.6842,16.9737],[69.681,16.9736],[69.6804,16.9729],[69.6795,16.9696],[69.6773,16.9683],[69.6737,16.9677],[69.6717,16.9681],[69.6658,16.9693],[69.663,16.9687],[69.659,16.9681],[69.6567,16.9672],[69.6541,16.9659],[69.652,16.9662],[69.6482,16.9695],[69.6469,16.9713],[69.642,16.9716],[69.6402,16.9728],[69.6379,16.9743],[69.6362,16.9747],[69.6348,16.9755],[69.6333,16.9767],[69.6308,16.9785],[69.6281,16.979],[69.6249,16.9816],[69.6221,16.9828],[69.6194,16.9863],[69.6167,16.9882],[69.6127,16.9871],[69.6103,16.9865],[69.6058,16.9871],[69.6035,16.9881],[69.5998,16.9891],[69.5983,16.9893],[69.5934,16.9886],[69.591,16.9884],[69.5877,16.99],[69.5864,16.993],[69.5848,16.9951],[69.5841,16.9959],[69.5806,16.9965],[69.5774,16.995],[69.5733,16.9963],[69.5725,16.9986],[69.5732,17.002],[69.5732,17.0043],[69.5707,17.0066],[69.5697,17.0089],[69.569,17.0117],[69.5696,17.0143],[69.5706,17.0173],[69.5726,17.0196],[69.5772,17.0194],[69.5793,17.0183],[69.5841,17.0176],[69.5863,17.017],[69.5892,17.0187],[69.5911,17.0202],[69.5939,17.0225],[69.5936,17.0245],[69.59,17.0254],[69.5891,17.0231],[69.59,17.0224],[69.5907,17.0203],[69.5928,17.0165],[69.5939,17.0145],[69.5955,17.0119],[69.5984,17.0118],[69.6004,17.0135],[69.6022,17.0143],[69.6054,17.0133],[69.6072,17.0126],[69.6098,17.0113],[69.612,17.0124],[69.6164,17.0143],[69.6186,17.0146],[69.621,17.0142],[69.6234,17.0156],[69.6263,17.0157],[69.6277,17.0142],[69.6299,17.0108],[69.6308,17.0087],[69.6294,17.0065],[69.6298,17.0056],[69.6324,17.0052],[69.6347,17.004],[69.6361,17.002],[69.6358,16.9991],[69.6379,16.998],[69.6386,16.9956],[69.642,16.9927],[69.6451,16.9929],[69.6479,16.994],[69.6501,16.9942],[69.6544,16.9981],[69.6552,16.9993],[69.6581,17.0005],[69.6603,17.0002],[69.6633,17.001],[69.6672,16.9993],[69.6667,16.9967],[69.6667,16.9952],[69.6661,16.9921],[69.6649,16.9886],[69.6606,16.987],[69.6584,16.9878],[69.6534,16.9882],[69.6505,16.9897],[69.6472,16.9912],[69.6451,16.992],[69.6424,16.9933],[69.6428,16.995],[69.6463,16.9988],[69.6474,17.0002],[69.6506,17.0023],[69.6522,17.0028],[69.6539,17.0007],[69.6525,16.9993],[69.6528,16.9957],[69.6525,16.9939],[69.6535,16.991],[69.6537,16.988],[69.6536,16.983],[69.6519,16.9807],[69.6488,16.9783],[69.6469,16.9753],[69.6434,16.974],[69.6439,16.9718],[69.6434,16.9676],[69.6433,16.9669],[69.6393,16.9645],[69.6375,16.9628],[69.6369,16.9609],[69.6363,16.9591],[69.6364,16.9563],[69.6356,16.9544],[69.6326,16.9542],[69.6313,16.9557],[69.6275,16.9585],[69.6259,16.9593],[69.6241,16.9594],[69.6212,16.9592],[69.6155,16.9585],[69.6128,16.9572],[69.6085,16.9579],[69.607,16.9589],[69.6024,16.959],[69.6016,16.9593],[69.6007,16.9636],[69.6031,16.9659],[69.6087,16.9651],[69.6107,16.9664],[69.6137,16.9652],[69.6141,16.9625],[69.612,16.9581],[69.6114,16.9567],[69.6091,16.9544],[69.6089,16.9513],[69.6096,16.9488],[69.6099,16.9464],[69.6077,16.9435],[69.6091,16.9402],[69.6115,16.9372],[69.6123,16.9341],[69.6147,16.9309],[69.6163,16.9283],[69.6169,16.9238],[69.6171,16.9212],[69.6185,16.9179],[69.6178,16.9159],[69.6166,16.9138],[69.6155,16.9116],[69.6152,16.9073],[69.6154,16.9061],[69.6162,16.9035],[69.6185,16.9016],[69.6211,16.8983],[69.6231,16.8969],[69.6216,16.8929],[69.6197,16.8923],[69.6157,16.8903],[69.6143,16.8897],[69.612,16.8895],[69.6111,16.893],[69.6093,16.8961],[69.6094,16.8988],[69.6122,16.9011],[69.6143,16.9017],[69.6168,16.904],[69.6187,16.9071],[69.6181,16.9106],[69.6163,16.9133],[69.6117,16.9168],[69.6095,16.9176],[69.6094,16.9209],[69.6103,16.9235],[69.6127,16.9251],[69.6144,16.9269],[69.6159,16.9313],[69.617,16.9329],[69.6196,16.935],[69.6227,16.936],[69.6251,16.9387],[69.6277,16.9408],[69.629,16.942],[69.6291,16.9438],[69.6286,16.9483],[69.6262,16.9495],[69.621,16.9494],[69.6178,16.9497],[69.6148,16.9495],[69.6125,16.9514],[69.6121,16.9524],[69.6098,16.9542],[69.6082,16.9585],[69.6089,16.9597],[69.6098,16.9617],[69.6126,16.9613],[69.6142,16.9633],[69.615,16.9657],[69.6144,16.9683],[69.6135,16.9708],[69.6128,16.9742],[69.6133,16.9759],[69.613,16.9782],[69.6128,16.9798],[69.6134,16.9832],[69.6131,16.9859],[69.6121,16.9886],[69.6109,16.9911],[69.6126,16.997],[69.613,16.9992],[69.612,17.0017],[69.6119,17.0029],[69.6128,17.0072],[69.613,17.0091],[69.6106,17.0119],[69.6091,17.0117],[69.6052,17.0146],[69.6048,17.0187],[69.6029,17.0227],[69.6021,17.0248],[69.5968,17.0247],[69.5951,17.0247],[69.5906,17.027],[69.5892,17.0292],[69.5882,17.0317],[69.5876,17.0338],[69.5858,17.0362],[69.5863,17.0397],[69.585,17.0423],[69.5832,17.0443],[69.5829,17.0488],[69.5818,17.05],[69.5839,17.0527],[69.5843,17.0543],[69.5836,17.0574],[69.5832,17.0589],[69.5862,17.0604],[69.588,17.0607],[69.5913,17.0635],[69.5941,17.0647],[69.5959,17.0658],[69.5991,17.0671],[69.6037,17.0687],[69.6058,17.0705],[69.6059,17.0725],[69.6077,17.0724],[69.6109,17.0729],[69.613,17.0709],[69.6135,17.0678],[69.6136,17.0663],[69.6115,17.0636],[69.6089,17.061],[69.6059,17.0605],[69.603,17.0597],[69.6039,17.0569],[69.6031,17.0549],[69.601,17.0524],[69.6002,17.0507],[69.598,17.0491],[69.5958,17.0483],[69.593,17.0468],[69.5904,17.0445],[69.5886,17.0409],[69.5866,17.0405],[69.5844,17.0408],[69.5815,17.0399],[69.5782,17.0377],[69.577,17.0365],[69.5744,17.0339],[69.5721,17.032],[69.5674,17.0326],[69.5666,17.0324],[69.5629,17.0317],[69.5605,17.033],[69.5607,17.0366],[69.5617,17.0374],[69.5629,17.0398],[69.5648,17.0421],[69.568,17.045],[69.569,17.0458],[69.5728,17.0471],[69.5759,17.0486],[69.5806,17.0494],[69.5814,17.0502],[69.584,17.0522],[69.5871,17.0527],[69.5905,17.0527],[69.5936,17.0535],[69.5967,17.0561],[69.5986,17.0558],[69.6026,17.0564],[69.606,17.0554],[69.6092,17.0557],[69.6103,17.0595],[69.6141,17.0621],[69.6149,17.0632],[69.6169,17.0664],[69.616,17.0693],[69.615,17.0732],[69.6148,17.0753],[69.6153,17.0773],[69.6138,17.0795],[69.613,17.0835],[69.614,17.0859],[69.6156,17.0891],[69.6164,17.0899],[69.6189,17.0926],[69.6206,17.0959],[69.6193,17.0997],[69.618,17.1011],[69.6151,17.1011],[69.6118,17.1005],[69.6067,17.1027],[69.6068,17.1046],[69.6089,17.1058],[69.61,17.1074],[69.6101,17.1106],[69.61,17.1131],[69.6088,17.1143],[69.6071,17.1157],[69.6058,17.1195],[69.6061,17.1216],[69.6067,17.1235],[69.6079,17.1257],[69.6083,17.1286],[69.6084,17.1307],[69.6076,17.1324],[69.6053,17.133],[69.6007,17.1319],[69.5988,17.1316],[69.5959,17.1351],[69.5951,17.1365],[69.5909,17.1369],[69.588,17.1365],[69.584,17.1348],[69.5815,17.1336],[69.5807,17.1314],[69.5793,17.1296],[69.578,17.1253],[69.5796,17.1243],[69.5819,17.1225],[69.582,17.1201],[69.5818,17.1172],[69.5818,17.1152],[69.5822,17.112],[69.5816,17.1105],[69.5795,17.1078],[69.5772,17.1061],[69.5779,17.1031],[69.5787,17.1017],[69.5814,17.1004],[69.5839,17.0993],[69.5878,17.098],[69.5902,17.0991],[69.5948,17.0983],[69.5965,17.098],[69.6007,17.0989],[69.6016,17.1001],[69.5997,17.1027],[69.5992,17.1043],[69.6018,17.1096],[69.6043,17.1104],[69.6066,17.1108],[69.608,17.1107],[69.6126,17.111],[69.6136,17.1113],[69.6182,17.1089],[69.6193,17.1079],[69.6195,17.1042],[69.6186,17.1028],[69.6193,17.099],[69.621,17.0976],[69.6237,17.0959],[69.6268,17.0962],[69.6299,17.0989],[69.6295,17.1011],[69.6281,17.1061],[69.6296,17.1066],[69.6339,17.1082],[69.6366,17.1084],[69.6382,17.1085],[69.6401,17.1086],[69.6425,17.1079],[69.6431,17.105],[69.6432,17.1026],[69.6428,17.1009],[69.6423,17.0974],[69.6409,17.0962],[69.6404,17.0931],[69.6407,17.0897],[69.6402,17.0865],[69.6393,17.0845],[69.6358,17.0808],[69.6339,17.0783],[69.6324,17.0758],[69.6335,17.0737],[69.6331,17.0712],[69.6344,17.0699],[69.6385,17.0677],[69.6389,17.0648],[69.64,17.0609],[69.6383,17.0594],[69.6361,17.0587],[69.633,17.0585],[69.6294,17.0577],[69.6272,17.0574],[69.6255,17.0549],[69.6241,17.0524],[69.6186,17.0489],[69.618,17.0481],[69.6156,17.0464],[69.6151,17.0441],[69.6137,17.0393],[69.6135,17.0367],[69.6104,17.0331],[69.6106,17.0322],[69.6105,17.0305],[69.6122,17.0281],[69.6127,17.024],[69.6143,17.0234],[69.616,17.0209],[69.6163,17.0184],[69.6201,17.0193],[69.6203,17.0222],[69.6243,17.027],[69.6245,17.0284],[69.6229,17.0317],[69.6217,17.0338],[69.6218,17.0386],[69.6234,17.0414],[69.6252,17.0456],[69.6273,17.0472],[69.6294,17.0512],[69.6285,17.0533],[69.6264,17.0548],[69.6225,17.0535],[69.6186,17.0534],[69.6165,17.0535],[69.6143,17.0509],[69.6134,17.0483],[69.6124,17.0452],[69.6147,17.0431],[69.6182,17.0453],[69.6185,17.0468],[69.6166,17.0505],[69.6133,17.0512],[69.6112,17.051],[69.6075,17.0524],[69.6053,17.0529],[69.604,17.0544],[69.6025,17.0585],[69.5993,17.0598],[69.5973,17.0621],[69.5953,17.0633],[69.5936,17.0634],[69.5928,17.0615],[69.591,17.0578],[69.5912,17.0569],[69.589,17.0542],[69.587,17.0525],[69.5836,17.0513],[69.582,17.0511],[69.579,17.0484],[69.5773,17.0473],[69.5747,17.0473],[69.5732,17.0495],[69.5701,17.053],[69.5657,17.0529],[69.562,17.0519],[69.5597,17.0502],[69.5564,17.05],[69.5546,17.0481],[69.555,17.0457],[69.5543,17.042],[69.5528,17.0391],[69.5518,17.0366],[69.5535,17.0324],[69.5543,17.0313],[69.5588,17.0319],[69.5616,17.0321],[69.5636,17.0345],[69.5616,17.0367],[69.5594,17.0371],[69.5574,17.0359],[69.5548,17.0335],[69.5536,17.0331],[69.5527,17.0291],[69.5522,17.0254],[69.5503,17.0222],[69.5498,17.0201],[69.5485,17.0176],[69.5493,17.0154],[69.5493,17.013],[69.5491,17.0109],[69.55,17.0074],[69.5509,17.0066],[69.5521,17.0014],[69.5518,17.0002],[69.5536,16.9957],[69.5544,16.9933],[69.5527,16.9883],[69.5521,16.9874],[69.5509,16.9832],[69.5482,16.9812],[69.5474,16.9783],[69.5474,16.9758],[69.549,16.9743],[69.5491,16.9726],[69.5522,16.9712],[69.5552,16.9717],[69.5585,16.9734],[69.56,16.9728],[69.5622,16.9708],[69.5617,16.9691],[69.5598,16.968],[69.5592,16.9657],[69.5629,16.9638],[69.5657,16.9636],[69.5669,16.9621],[69.5694,16.9601],[69.5702,16.9571],[69.5715,16.954],[69.5718,16.9499],[69.5706,16.9477],[69.5694,16.9455],[69.5674,16.9441],[69.5673,16.9416],[69.565,16.9421],[69.5635,16.943],[69.561,16.9433],[69.5589,16.9452],[69.5582,16.9461],[69.5606,16.95],[69.5599,16.9506],[69.5598,16.9536],[69.562,16.9546],[69.5677,16.9546],[69.5707,16.9557],[69.5748,16.9558],[69.5769,16.955],[69.5756,16.9526],[69.5746,16.9514],[69.5716,16.9506],[69.5691,16.9488],[69.5667,16.9471],[69.5648,16.9463],[69.5611,16.946],[69.5598,16.9467]]},"properties":{"mmsi":998553095,"name":"Fishing 3095","role":"background","vessel_type":30,"synthetic":true,"t_offset_s":[-259200,-258840,-258600,-258240,-258000,-257640,-257400,-257040,-256800,-256440,-256200,-255840,-255600,-255240,-255000,-254640,-254400,-254040,-253800,-253440,-253200,-252840,-252600,-252240,-252000,-251640,-251400,-251040,-250800,-250440,-250200,-249840,-249600,-249240,-249000,-248640,-248400,-248040,-247800,-247440,-247200,-246840,-246600,-246240,-246000,-245640,-245400,-245040,-244800,-244440,-244200,-243840,-243600,-243240,-243000,-242640,-242400,-242040,-241800,-241440,-241200,-240840,-240600,-240240,-240000,-239640,-239400,-239040,-238800,-238440,-238200,-237840,-237600,-237240,-237000,-236640,-236400,-236040,-235800,-235440,-235200,-234840,-234600,-234240,-234000,-233640,-233400,-233040,-232800,-232440,-232200,-231840,-231600,-231240,-231000,-230640,-230400,-230040,-229800,-229440,-229200,-228840,-228600,-228240,-228000,-227640,-227400,-227040,-226800,-226440,-226200,-225840,-225600,-225240,-225000,-224640,-224400,-224040,-223800,-223440,-223200,-222840,-222600,-222240,-222000,-221640,-221400,-221040,-220800,-220440,-220200,-219840,-219600,-219240,-219000,-218640,-218400,-218040,-217800,-217440,-217200,-216840,-216600,-216240,-216000,-215640,-215400,-215040,-214800,-214440,-214200,-213840,-213600,-213240,-213000,-212640,-212400,-212040,-211800,-211440,-211200,-210840,-210600,-210240,-210000,-209640,-209400,-209040,-208800,-208440,-208200,-207840,-207600,-207240,-207000,-206640,-206400,-206040,-205800,-205440,-205200,-204840,-204600,-204240,-204000,-203640,-203400,-203040,-202800,-202440,-202200,-201840,-201600,-201240,-201000,-200640,-200400,-200040,-199800,-199440,-199200,-198840,-198600,-198240,-198000,-197640,-197400,-197040,-196800,-196440,-196200,-195840,-195600,-195240,-195000,-194640,-194400,-194040,-193800,-193440,-193200,-192840,-192600,-192240,-192000,-191640,-191400,-191040,-190800,-190440,-190200,-189840,-189600,-189240,-189000,-188640,-188400,-188040,-187800,-187440,-187200,-186840,-186600,-186240,-186000,-185640,-185400,-185040,-184800,-184440,-184200,-183840,-183600,-183240,-183000,-182640,-182400,-182040,-181800,-181440,-181200,-180840,-180600,-180240,-180000,-179640,-179400,-179040,-178800,-178440,-178200,-177840,-177600,-177240,-177000,-176640,-176400,-176040,-175800,-175440,-175200,-174840,-174600,-174240,-174000,-173640,-173400,-173040,-172800,-172440,-172200,-171840,-171600,-171240,-171000,-170640,-170400,-170040,-169800,-169440,-169200,-168840,-168600,-168240,-168000,-167640,-167400,-167040,-166800,-166440,-166200,-165840,-165600,-165240,-165000,-164640,-164400,-164040,-163800,-163440,-163200,-162840,-162600,-162240,-162000,-161640,-161400,-161040,-160800,-160440,-160200,-159840,-159600,-159240,-159000,-158640,-158400,-158040,-157800,-157440,-157200,-156840,-156600,-156240,-156000,-155640,-155400,-155040,-154800,-154440,-154200,-153840,-153600,-153240,-153000,-152640,-152400,-152040,-151800,-151440,-151200,-150840,-150600,-150240,-150000,-149640,-149400,-149040,-148800,-148440,-148200,-147840,-147600,-147240,-147000,-146640,-146400,-146040,-145800,-145440,-145200,-144840,-144600,-144240,-144000,-143640,-143400,-143040,-142800,-142440,-142200,-141840,-141600,-141240,-141000,-140640,-140400,-140040,-139800,-139440,-139200,-138840,-138600,-138240,-138000,-137640,-137400,-137040,-136800,-136440,-136200,-135840,-135600,-135240,-135000,-134640,-134400,-134040,-133800,-133440,-133200,-132840,-132600,-132240,-132000,-131640,-131400,-131040,-130800,-130440,-130200,-129840,-129600,-129240,-129000,-128640,-128400,-128040,-127800,-127440,-127200,-126840,-126600,-126240,-126000,-125640,-125400,-125040,-124800,-124440,-124200,-123840,-123600,-123240,-123000,-122640,-122400,-122040,-121800,-121440,-121200,-120840,-120600,-120240,-120000,-119640,-119400,-119040,-118800,-118440,-118200,-117840,-117600,-117240,-117000,-116640,-116400,-116040,-115800,-115440,-115200,-114840,-114600,-114240,-114000,-113640,-113400,-113040,-112800,-112440,-112200,-111840,-111600,-111240,-111000,-110640,-110400,-110040,-109800,-109440,-109200,-108840,-108600,-108240,-108000,-107640,-107400,-107040,-106800,-106440,-106200,-105840,-105600,-105240,-105000,-104640,-104400,-104040,-103800,-103440,-103200,-102840,-102600,-102240,-102000,-101640,-101400,-101040,-100800,-100440,-100200,-99840,-99600,-99240,-99000,-98640,-98400,-98040,-97800,-97440,-97200,-96840,-96600,-96240,-96000,-95640,-95400,-95040,-94800,-94440,-94200,-93840,-93600,-93240,-93000,-92640,-92400,-92040,-91800,-91440,-91200,-90840,-90600,-90240,-90000,-89640,-89400,-89040,-88800,-88440,-88200,-87840,-87600,-87240,-87000,-86640,-86400,-86040,-85800,-85440,-85200,-84840,-84600,-84240,-84000,-83640,-83400,-83040,-82800,-82440,-82200,-81840,-81600,-81240,-81000,-80640,-80400,-80040,-79800,-79440,-79200,-78840,-78600,-78240,-78000,-77640,-77400,-77040,-76800,-76440,-76200,-75840,-75600,-75240,-75000,-74640,-74400,-74040,-73800,-73440,-73200,-72840,-72600,-72240,-72000,-71640,-71400,-71040,-70800,-70440,-70200,-69840,-69600,-69240,-69000,-68640,-68400,-68040,-67800,-67440,-67200,-66840,-66600,-66240,-66000,-65640,-65400,-65040,-64800,-64440,-64200,-63840,-63600,-63240,-63000,-62640,-62400,-62040,-61800,-61440,-61200,-60840,-60600,-60240,-60000,-59640,-59400,-59040,-58800,-58440,-58200,-57840,-57600,-57240,-57000,-56640,-56400,-56040,-55800,-55440,-55200,-54840,-54600,-54240,-54000,-53640,-53400,-53040,-52800,-52440,-52200,-51840,-51600,-51240,-51000,-50640,-50400,-50040,-49800,-49440,-49200,-48840,-48600,-48240,-48000,-47640,-47400,-47040,-46800,-46440,-46200,-45840,-45600,-45240,-45000,-44640,-44400,-44040,-43800,-43440,-43200,-42840,-42600,-42240,-42000,-41640,-41400,-41040,-40800,-40440,-40200,-39840,-39600,-39240,-39000,-38640,-38400,-38040,-37800,-37440,-37200,-36840,-36600,-36240,-36000,-35640,-35400,-35040,-34800,-34440,-34200,-33840,-33600,-33240,-33000,-32640,-32400,-32040,-31800,-31440,-31200,-30840,-30600,-30240,-30000,-29640,-29400,-29040,-28800,-28440,-28200,-27840,-27600,-27240,-27000,-26640,-26400,-26040,-25800,-25440,-25200,-24840,-24600,-24240,-24000,-23640,-23400,-23040,-22800,-22440,-22200,-21840,-21600,-21240,-21000,-20640,-20400,-20040,-19800,-19440,-19200,-18840,-18600,-18240,-18000,-17640,-17400,-17040,-16800,-16440,-16200,-15840,-15600,-15240,-15000,-14640,-14400,-14040,-13800,-13440,-13200,-12840,-12600,-12240,-12000,-11640,-11400,-11040,-10800,-10440,-10200,-9840,-9600,-9240,-9000,-8640,-8400,-8040,-7800,-7440,-7200,-6840,-6600,-6240,-6000,-5640,-5400,-5040,-4800,-4440,-4200,-3840,-3600,-3240,-3000,-2640,-2400,-2040,-1800,-1440,-1200,-840,-600,-240,0,360,600,960,1200,1560,1800,2160,2400,2760,3000,3360,3600,3960,4200,4560,4800,5160,5400,5760,6000,6360,6600,6960,7200,7560,7800,8160,8400,8760,9000,9360,9600,9960,10200,10560,10800,11160,11400,11760,12000,12360,12600,12960,13200,13560,13800,14160,14400,14760,15000,15360,15600,15960,16200,16560,16800,17160,17400,17760,18000,18360,18600,18960,19200,19560,19800,20160,20400,20760,21000,21360,21600,21960,22200,22560,22800,23160,23400,23760,24000,24360,24600,24960,25200,25560,25800,26160,26400,26760,27000,27360,27600,27960,28200,28560,28800,29160,29400,29760,30000,30360,30600,30960,31200,31560,31800,32160,32400,32760,33000,33360,33600,33960,34200,34560,34800,35160,35400,35760,36000,36360,36600,36960,37200,37560,37800,38160,38400,38760,39000,39360,39600,39960,40200,40560,40800,41160,41400,41760,42000,42360,42600,42960,43200,43560,43800,44160,44400,44760,45000,45360,45600,45960,46200,46560,46800,47160,47400,47760,48000,48360,48600,48960,49200,49560,49800,50160,50400,50760,51000,51360,51600,51960,52200,52560,52800,53160,53400,53760,54000,54360,54600,54960,55200,55560,55800,56160,56400,56760,57000,57360,57600,57960,58200,58560,58800,59160,59400,59760,60000,60360,60600,60960,61200,61560,61800,62160,62400,62760,63000,63360,63600,63960,64200,64560,64800,65160,65400,65760,66000,66360,66600,66960,67200,67560,67800,68160,68400,68760,69000,69360,69600,69960,70200,70560,70800,71160,71400,71760,72000,72360,72600,72960,73200,73560,73800,74160,74400,74760,75000,75360,75600,75960,76200,76560,76800,77160,77400,77760,78000,78360,78600,78960,79200,79560,79800,80160,80400,80760,81000,81360,81600,81960,82200,82560,82800,83160,83400,83760,84000,84360,84600,84960,85200,85560,85800,86160,86400],"sog":[4.3,3.5,2,1.6,3,3,1.1,2.2,2.8,2.4,2,2.8,4.7,1.7,2.2,0.9,3.4,0.5,0.6,2.8,3.3,2.2,2,4.5,0.9,2.6,2,2.4,2.5,3.2,4.1,4.4,3,4.3,1.9,1.8,1.1,2.6,2.8,5,2,2.3,2,1,2.8,1.5,1.4,4,2.7,2.8,2.4,2.6,1.5,3.1,2,3.1,1.8,1.8,2.1,3.9,2.4,2.7,2.8,1.9,2.5,0.5,2.2,2,3.6,2.2,1,2.1,2.2,1.2,1.8,2.5,0.6,1.4,0.9,1.4,1.7,0.7,0.3,2.5,1.2,1.4,2.5,3.4,1.5,2.1,1.5,2.1,1.7,1.9,2.1,3.2,1.3,2.9,3.4,0.7,2.2,2.5,1.6,1.7,0.8,2.2,1.3,1,2.9,3.2,1.4,1.9,2.7,0.9,0.8,1.2,4.6,2.4,1.7,2,2.9,1.3,3.6,3.7,3.3,2.2,3.2,2.6,5,1.5,3.2,0.3,2.1,3.1,3.3,2.4,1.9,3.1,2,2.3,1.8,0.3,2.9,3.4,2.7,3.3,2,2.1,2.1,3.1,2.2,3.2,2.4,1.3,2,2.2,3.5,2.5,2.9,2.8,1.5,1.4,1.4,3.8,1.8,2.1,2.8,2.7,3.8,3.2,0.6,1.2,1.8,2.6,1.5,2.7,1.7,3.3,3.1,0.3,3.2,1.8,2.6,2.5,2.7,1.9,0.8,1.1,0.9,3.2,0.3,2.9,1.2,1.9,2,3.2,2.3,3.7,3.8,1.8,2,1.3,2,3.4,2.7,2.5,1,2.7,1.2,2.7,2.1,3,1.7,2,1.8,0.9,2,0.8,2.6,2.6,2.3,3.3,2.9,0.9,4.1,2.4,3.6,1.4,3.2,2.2,0.3,2,1.2,2.4,1.7,1.4,2.5,2.6,2.4,1.7,2.6,1.5,3.3,3,1.1,4.6,2.5,0.3,3.3,2.3,1.9,2,1.6,1.2,1.6,1.6,2.7,2.9,1.4,0.7,2,3.3,1.7,2.1,3.6,1.4,2.2,1.3,3.2,2.9,2.3,1.9,1.4,1.2,2.9,2.9,3.3,2,1.8,1.4,1.6,0.8,2.2,2.8,2.7,2.3,0.3,4.3,2.7,3.8,1,2.8,1.9,0.3,3.2,1.1,2.6,2.8,2.2,1.2,2.7,1.5,2.6,2.9,1.4,2,2.6,2.9,2.7,3.9,2.6,1.4,0.5,2.9,1,2,1.8,1.2,1.3,1.3,2.1,2,3.9,3.1,2.5,1.4,2.8,1.7,3.5,2.4,1.6,2.3,2.2,2.5,4.1,1.3,2.3,1.2,0.3,1.4,4.5,1.9,2.1,2.5,2.6,0.3,3.4,2.3,0.5,3.2,1.7,2.3,2.1,1,2.1,2.3,3.1,2.9,0.3,2.5,2,4.5,2.3,1.7,2.2,3.8,1.1,2.3,1.8,2.3,2.1,4.8,2.2,3.1,3.7,3.5,3.7,2.6,2.9,2.1,2.9,0.8,1.6,1.8,3.3,1.2,3.1,1.3,2.4,4.9,0.3,2.2,0.8,2,0.7,2.6,3.4,2.5,3.6,3.5,1.4,2.3,2.6,3.8,1.4,3.4,1.5,2.4,2.4,1.9,1,2.8,3.5,1.9,2.1,1.7,2.4,3.8,1.1,3.1,2.6,2.5,2.2,2.7,2.2,2,0.8,1,2.3,3.2,2.8,2.5,3.5,1.6,2,4.1,1.1,1.1,3.3,1.6,1.4,1.2,1.7,2.4,1.5,1.3,1.9,3.1,2.1,2.3,2.2,4,2.9,2.5,0.3,2.2,1.2,2.2,2.7,0.8,1.6,0.3,2.2,3.2,2.6,3.4,2.8,0.7,3.6,3.1,1.3,2.8,3.2,1,2.2,3.1,2.6,1.9,1.4,1.8,3,1.5,0.3,2.1,3,2.3,3.2,1,3.9,2.1,0.3,4.5,2.6,2.7,2,3.8,0.3,1.9,2.4,2.8,2.4,3.7,1.6,2.5,1.2,2.2,1.2,2.6,3.1,3.4,3.1,2.4,2.5,1.4,3.2,3.2,3.3,3.6,1.6,3,1.7,1,2.1,1.3,3.6,0.6,2.8,1.4,2.6,1.2,2.3,3.1,2.5,3.3,3.3,0.4,2.5,2.6,1.3,0.9,3.3,2.9,2.5,1.6,2.4,3.3,1.3,0.3,2.6,2,1.8,2.1,2.1,1.6,0.3,4.4,3,1.2,2.1,1.5,3.3,1,2.4,1.1,3,2.4,2.5,2.8,1,2.9,2.3,2,2.6,1.8,0.6,1,2.9,2.8,3.2,1.8,2.9,2.5,3.2,3,3.1,1.8,0.6,2.1,0.4,3,1.6,4.4,2.8,2,2.2,1.8,0.4,3.8,2.4,1.9,1.7,1.7,1,1,1.6,2.3,3,2.7,2.5,2.3,3.5,1.4,2.8,2.9,2.7,2.6,0.6,3,1.9,3.6,3,1.4,0.7,2.6,1.6,2.5,3.3,0.6,1.5,1.5,2.1,0.3,0.4,1.8,3.1,4,2.5,2.4,2.2,1.9,2.1,2,1.1,2.2,2.3,0.3,2.1,3,2.8,2,2.3,1.4,3.2,1.6,1.9,1.3,1.9,2.9,1.6,2.7,2.6,2,1.7,1.6,2,2.2,0.3,1.2,2.6,2.4,2.9,0.9,3.5,2.5,2.8,2.6,1.4,4.2,2.2,1.7,1.7,0.3,4.2,1.8,1.6,2.4,3.4,2.4,2,3.8,3.6,2.4,2.3,2.1,1,3.8,2.6,2.8,1.7,1.3,1.6,1.9,1.5,1.3,2.7,3.5,2.8,2.3,2.8,1.3,2.5,4.2,0.6,2.6,1.7,0.8,1.9,1.8,1.3,1.7,0.3,0.9,1.6,0.6,3.5,1.4,3,1.5,2.2,2.3,0.3,2.3,3.4,2.6,2.7,3.1,1.2,2.2,0.7,3.4,3.7,3.9,2.4,1.6,3.8,1.5,3.3,4.1,2.5,2.3,2.3,4.1,3,1,1.8,3.7,1.4,2.3,4,2.8,1.3,1.1,1.3,2.4,2.5,0.4,3.2,0.8,2.5,2.8,1,1.6,3.2,3.6,2.1,2.2,1.3,2.2,1.6,3.2,2.4,2.8,2,1.3,2.8,2.5,2.5,1,2.2,2.1,2.3,2.9,4.2,0.4,1.6,0.5,1.9,1.3,1.4,1.4,1,0.3,2.7,3.2,3.6,2.7,1.6,1.6,0.7,2.8,3,2.2,1.9,4.2,2.3,3.2,1.8,1.8,3.2,3.7,1.9,2.3,3,2.2,2.5,2.2,1.5,3.1,3.7,2,0.3,0.3,3.4,1.1,2.8,0.6,1.6,2.1,2,2.9,0.9,0.9,1.5,3.2,1.7,2,2.4,1.7,2.1,0.3,1.2,1.3,3,1.9,2,2.7,4,1.5,2.2,2,1.3,2.5,2,0.8,3.1,2.4,3.1,4,1.7,0.3,2.8,0.8,1.3,2.3,4.9,3.1,0.3,1.4,3.6,2.8,1,1.6,2.3,3.4,1.5,1.7,2.8,2.7,0.8,1.1,2.3,1.9,2.6,2.7,3,2.3,3.8,1.5,3.3,2.4,2.6,3.1,1.9,0.4,1.8,0.3,2.6,1.5,1.8,3.3,0.7,2.8,4,3.1,2.5,3.2,2,3.3,2.8,1.7,1.7,1,2.4,0.6,2.1,2.2,2.3,1.4,1.7,2.3,2.3,0.3,2.2,2,1,3.4,2.6,3.2,2.3,3.7,1.8,1.4,1.6,4,2.7,0.4,1.6,3.2,2.2,2.4,1.9,1.3,2.6,3.2,1.2,1.7,2.6,2.1,3.3,4.2,2.6,2.8,2,2,2,3.6,1.1,1.1,1.3,4.2,1.9,3,0.3,3.1,1.3,3.4,3.2,0.3,2.5,1.3,2.4,1.7,1.7,2.9,2.6,0.4,3,1.3,2.6,0.6,2.3,2.6,0.4,2,4.2,1.6,1.9,2.2,3.6,2.4,1.2,1.5,1.7,2.9,3.7,2.3,2.9,1.5,3.5,1.2,0.9,2.3,2.3,4.7,1,1,2.7,1.9,2.5,2.3,1.6,1.6,1.2,2,1.5,3.1,2,3,2.5,4.4,1.4,2.4,2.9,3.5,2.6,0.4,2.2,2.8,3.4,1.6,4.4,3.8,2.4,1.7,2.7,3.1,1.3,2.7,0.7,3,2.2,0.3,3.4,1.2,1.2,0.3,2.1,2.9,1.6,0.9,1,3.3,1.3,1.4,2.5,1.8,2,1.9,2.1,1.5,1.8,3.1,4.3,0.3,2.4,0.3,1.4,1.1,4.1,2.7,1.7,3.1,2.3,2.5,2.7,0.9,3.7,1.7,1.8,2.6,0.7,2.6,3.3,3.8,2.2,0.3,1.8,0.3,2,1.5,1.4,4.2,1.1,2.3,2.3,2.9,1.8,2.7,1.3,2.1,2.6,2,2.4,1.5,3.9,2.5,1.8,1.4,2.3,0.3,1.8,3,1.9,1.5,3,2.1,4,3.5,2.9,2,2.5,0.6,2.7,0.7,1.4,2.3,0.9,3.5,0.3,2,2.9,2.9,1.1,2.7,0.9,1.9,0.3,2.3,3.4,1.7,1.3,1.6,1.7]}},{"type":"Feature","geometry":{"type":"LineString","coordinates":[[69.6701,17.096],[69.6727,17.1004],[69.6729,17.1046],[69.6697,17.1095],[69.6679,17.1096],[69.6627,17.1105],[69.6614,17.1126],[69.6622,17.1166],[69.6609,17.1204],[69.6569,17.1255],[69.6534,17.1247],[69.6454,17.1223],[69.6406,17.1205],[69.6351,17.1221],[69.6322,17.1215],[69.6271,17.1184],[69.624,17.1153],[69.622,17.1108],[69.6201,17.1084],[69.618,17.1036],[69.615,17.0997],[69.6122,17.0946],[69.6086,17.0952],[69.6034,17.0974],[69.6005,17.0965],[69.5982,17.0933],[69.5954,17.0904],[69.5928,17.0861],[69.5929,17.0825],[69.596,17.0771],[69.593,17.074],[69.5946,17.0694],[69.5979,17.0691],[69.6041,17.0714],[69.6078,17.0714],[69.6118,17.0761],[69.6132,17.0794],[69.6165,17.0828],[69.6201,17.0875],[69.6238,17.0903],[69.6263,17.0932],[69.6243,17.0993],[69.6255,17.1031],[69.6285,17.1098],[69.6309,17.1116],[69.6344,17.1156],[69.6393,17.1164],[69.6447,17.1159],[69.6483,17.1181],[69.6487,17.1243],[69.6469,17.1261],[69.6415,17.1265],[69.6373,17.127],[69.6341,17.1246],[69.6305,17.1231],[69.6258,17.1267],[69.6246,17.1285],[69.6199,17.1328],[69.6167,17.1327],[69.6152,17.1277],[69.6161,17.123],[69.6171,17.1163],[69.6179,17.1112],[69.6155,17.1051],[69.6118,17.1023],[69.6077,17.1009],[69.6046,17.1001],[69.5995,17.1027],[69.5966,17.1055],[69.5968,17.1115],[69.5935,17.1112],[69.5877,17.1129],[69.5844,17.1132],[69.5842,17.1182],[69.5876,17.1197],[69.5924,17.1197],[69.5963,17.1179],[69.6035,17.1187],[69.606,17.1176],[69.6103,17.1174],[69.6134,17.1203],[69.6183,17.1243],[69.62,17.1254],[69.6228,17.131],[69.6224,17.1348],[69.6253,17.14],[69.629,17.1405],[69.6335,17.138],[69.6365,17.1383],[69.643,17.139],[69.6461,17.1404],[69.6486,17.1445],[69.6488,17.1473],[69.6451,17.1512],[69.6414,17.1532],[69.6373,17.1577],[69.6373,17.1614],[69.6399,17.1651],[69.6406,17.1696],[69.6362,17.1719],[69.6347,17.1757],[69.6318,17.1817],[69.6272,17.1822],[69.6241,17.1851],[69.6251,17.1909],[69.6245,17.1955],[69.6223,17.1991],[69.6186,17.2058],[69.6155,17.2072],[69.6139,17.2139],[69.6125,17.2167],[69.6093,17.2216],[69.6069,17.2248],[69.6025,17.2283],[69.5989,17.2297],[69.5942,17.2254],[69.5923,17.2231],[69.5898,17.2205],[69.5897,17.216],[69.5879,17.2105],[69.5853,17.2078],[69.5821,17.2021],[69.5792,17.2014],[69.5729,17.2022],[69.568,17.2025],[69.5598,17.1998],[69.5616,17.1978],[69.5675,17.1963],[69.57,17.1948],[69.5711,17.1891],[69.5725,17.1862],[69.5788,17.1842],[69.58,17.1832],[69.5813,17.1776],[69.584,17.1756],[69.5891,17.1752],[69.5927,17.174],[69.5956,17.1712],[69.5961,17.1665],[69.599,17.1623],[69.6,17.1583],[69.5995,17.153],[69.5982,17.1496],[69.6001,17.1443],[69.6011,17.1415],[69.5975,17.1366],[69.5942,17.1331],[69.5967,17.1279],[69.5989,17.1259],[69.5984,17.1203],[69.6002,17.1176],[69.603,17.1131],[69.6063,17.1111],[69.6038,17.1059],[69.6001,17.1032],[69.5963,17.1013],[69.5928,17.0984],[69.5861,17.0979],[69.5821,17.099],[69.5775,17.0996],[69.5745,17.0989],[69.5697,17.0933],[69.567,17.0915],[69.5617,17.0882],[69.5607,17.0843],[69.5601,17.0797],[69.5569,17.0772],[69.5527,17.0785],[69.5483,17.0784],[69.5431,17.081],[69.5391,17.0815],[69.5345,17.0863],[69.5319,17.0895],[69.525,17.0929],[69.5218,17.0926],[69.5165,17.0945],[69.512,17.0936],[69.5055,17.0933],[69.501,17.0918],[69.4959,17.091],[69.4902,17.094],[69.4875,17.0976],[69.4879,17.1013],[69.4858,17.1052],[69.4839,17.1073],[69.4799,17.112],[69.4763,17.1153],[69.4728,17.1201],[69.4702,17.1199],[69.4653,17.1179],[69.4634,17.1152],[69.4597,17.1129],[69.4568,17.1116],[69.4506,17.1142],[69.4468,17.1159],[69.4411,17.118],[69.4363,17.1195],[69.4304,17.119],[69.4277,17.1171],[69.4256,17.1127],[69.4269,17.1102],[69.4248,17.1057],[69.4227,17.1036],[69.4175,17.0989],[69.4153,17.0967],[69.4163,17.0914],[69.4185,17.0913],[69.4242,17.0935],[69.4269,17.0947],[69.4327,17.0943],[69.4381,17.0956],[69.4447,17.0937],[69.4485,17.0943],[69.4509,17.0978],[69.4525,17.1006],[69.4547,17.1043],[69.457,17.1066],[69.4617,17.1113],[69.4632,17.1129],[69.4679,17.1175],[69.4678,17.1209],[69.4675,17.126],[69.4658,17.1293],[69.4617,17.1341],[69.4589,17.1332],[69.4553,17.1288],[69.4549,17.124],[69.4561,17.1185],[69.4606,17.1186],[69.4661,17.1206],[69.4696,17.1212],[69.4746,17.1231],[69.4774,17.1234],[69.4819,17.1225],[69.4856,17.1218],[69.4902,17.1183],[69.4933,17.115],[69.4987,17.1107],[69.4998,17.1062],[69.4956,17.1023],[69.4956,17.1],[69.4982,17.0955],[69.4984,17.0922],[69.4989,17.0879],[69.4995,17.0846],[69.5007,17.0783],[69.5012,17.075],[69.5053,17.0718],[69.5077,17.0677],[69.5101,17.0624],[69.5134,17.0602],[69.5178,17.0556],[69.5213,17.0529],[69.526,17.0509],[69.5306,17.0501],[69.5364,17.0479],[69.5381,17.0439],[69.5424,17.0404],[69.5455,17.0401],[69.5466,17.0442],[69.5455,17.0487],[69.5396,17.0504],[69.5386,17.053],[69.5441,17.0549],[69.5474,17.0577],[69.55,17.0636],[69.5541,17.0656],[69.5578,17.0691],[69.559,17.0717],[69.5571,17.0775],[69.5585,17.0814],[69.558,17.0845],[69.5596,17.0893],[69.5578,17.0951],[69.5573,17.0989],[69.5603,17.1016],[69.5641,17.1021],[69.5731,17.1013],[69.5767,17.0994],[69.5821,17.0984],[69.5842,17.0954],[69.5852,17.0915],[69.5847,17.0888],[69.5816,17.085],[69.5775,17.0847],[69.5702,17.0831],[69.5669,17.0831],[69.5628,17.0862],[69.5586,17.0875],[69.5522,17.0879],[69.5485,17.0877],[69.5429,17.0902],[69.5386,17.0889],[69.5345,17.0841],[69.5321,17.0812],[69.5262,17.0795],[69.5222,17.0807],[69.5175,17.0844],[69.5166,17.088],[69.5104,17.0903],[69.5046,17.0891],[69.4987,17.0861],[69.4934,17.0863],[69.4886,17.09],[69.4858,17.0928],[69.4843,17.0976],[69.4823,17.1007],[69.4809,17.1059],[69.4789,17.1099],[69.4762,17.1148],[69.4738,17.1157],[69.4681,17.1154],[69.4657,17.1177],[69.4641,17.1219],[69.4604,17.1254],[69.4596,17.1298],[69.4611,17.1346],[69.4638,17.1397],[69.4659,17.1426],[69.4685,17.1468],[69.4684,17.1505],[69.4722,17.1546],[69.4775,17.1521],[69.4828,17.1499],[69.4871,17.1498],[69.4901,17.1545],[69.4918,17.1571],[69.4928,17.1639],[69.4922,17.1668],[69.4875,17.1667],[69.483,17.1652],[69.4769,17.1652],[69.4741,17.1682],[69.4695,17.1685],[69.4676,17.1666],[69.4649,17.1626],[69.4624,17.1592],[69.4587,17.1564],[69.4547,17.1575],[69.4494,17.1564],[69.4452,17.1585],[69.4435,17.1647],[69.4424,17.1692],[69.442,17.1746],[69.4445,17.1768],[69.4409,17.1811],[69.4403,17.1839],[69.4384,17.1904],[69.438,17.1947],[69.4367,17.1991],[69.433,17.2008],[69.4293,17.2005],[69.4263,17.1981],[69.4222,17.1957],[69.4174,17.1971],[69.4136,17.2005],[69.4122,17.202],[69.4071,17.2048],[69.4052,17.2054],[69.3991,17.208],[69.3974,17.211],[69.4002,17.2149],[69.4047,17.2162],[69.4086,17.2151],[69.4119,17.2127],[69.4143,17.2071],[69.4146,17.2033],[69.4113,17.1975],[69.4091,17.1949],[69.4043,17.1955],[69.3986,17.1955],[69.3915,17.1951],[69.3881,17.1954],[69.3839,17.1977],[69.3817,17.1966],[69.3751,17.1959],[69.3725,17.1977],[69.3709,17.2031],[69.3708,17.2075],[69.3746,17.209],[69.3775,17.2086],[69.3838,17.2057],[69.3882,17.2046],[69.3953,17.2052],[69.3987,17.2045],[69.4036,17.202],[69.4059,17.2002],[69.4093,17.1974],[69.4129,17.1954],[69.4155,17.196],[69.416,17.1983],[69.4145,17.2042],[69.4155,17.2083],[69.4168,17.2134],[69.4202,17.2171],[69.4234,17.2213],[69.427,17.2203],[69.4321,17.2195],[69.4364,17.2188],[69.4426,17.2196],[69.4473,17.2219],[69.4532,17.2206],[69.4566,17.2169],[69.4634,17.2123],[69.4639,17.2083],[69.4674,17.202],[69.4692,17.2002],[69.4681,17.1941],[69.4652,17.1934],[69.4628,17.189],[69.4622,17.1843],[69.4579,17.1789],[69.4563,17.1764],[69.454,17.1713],[69.4492,17.1707],[69.447,17.1685],[69.449,17.1642],[69.4518,17.1606],[69.4525,17.1564],[69.4556,17.1507],[69.4593,17.1493],[69.4637,17.147],[69.4657,17.1505],[69.4664,17.1544],[69.4665,17.156],[69.4693,17.163],[69.4718,17.1659],[69.4738,17.1734],[69.4736,17.1752],[69.4751,17.1802],[69.4745,17.1842],[69.475,17.1901],[69.4773,17.1935],[69.4804,17.1985],[69.4795,17.2023],[69.4742,17.205],[69.4721,17.2025],[69.4694,17.1969],[69.4662,17.194],[69.461,17.1933],[69.4574,17.1917],[69.4531,17.1911],[69.4504,17.1863],[69.4489,17.1801],[69.4512,17.177],[69.4562,17.179],[69.4583,17.1821],[69.4584,17.1878],[69.4609,17.1916],[69.4586,17.1972],[69.4563,17.2021],[69.4524,17.2071],[69.4541,17.2104],[69.46,17.2156],[69.4659,17.2154],[69.4721,17.2129],[69.4746,17.2107],[69.4745,17.2033],[69.4761,17.1995],[69.4812,17.198],[69.4848,17.1991],[69.4892,17.2039],[69.4923,17.208],[69.4922,17.2137],[69.4925,17.218],[69.4961,17.2212],[69.4997,17.2233],[69.5041,17.2232],[69.507,17.2215],[69.5142,17.2205],[69.5198,17.2206],[69.524,17.2209],[69.5282,17.2219],[69.5322,17.2252],[69.5358,17.2284],[69.5367,17.2334],[69.5366,17.2362],[69.5393,17.2419],[69.5388,17.2452],[69.5395,17.2521],[69.5381,17.2566],[69.5354,17.2627],[69.5312,17.2626],[69.5262,17.2612],[69.5223,17.2596],[69.5158,17.2598],[69.5111,17.26],[69.5114,17.2541],[69.5112,17.2526],[69.5145,17.2517],[69.5167,17.2536],[69.5222,17.2547],[69.5274,17.2552],[69.5328,17.2531],[69.5372,17.2556],[69.5386,17.2614],[69.5365,17.2644],[69.536,17.2698],[69.5345,17.2729],[69.5345,17.2779],[69.5384,17.2802],[69.5411,17.2832],[69.5447,17.2862],[69.5502,17.289],[69.5533,17.2888],[69.5551,17.2948],[69.5561,17.299],[69.5582,17.3046],[69.557,17.3071],[69.5519,17.3091],[69.5471,17.3074],[69.5415,17.3107],[69.5384,17.3132],[69.5313,17.3143],[69.5275,17.316],[69.5222,17.3173],[69.5176,17.3178],[69.5128,17.3141],[69.51,17.311],[69.506,17.3095],[69.5015,17.3077],[69.4954,17.3086],[69.4917,17.3071],[69.4899,17.3013],[69.4954,17.3001],[69.5013,17.3027],[69.5038,17.3046],[69.5064,17.31],[69.5046,17.3135],[69.5009,17.3176],[69.4968,17.318],[69.4902,17.3149],[69.4893,17.3105],[69.4887,17.3062],[69.4907,17.3034],[69.4937,17.2988],[69.4929,17.295],[69.493,17.2893],[69.4935,17.2859],[69.4938,17.2813],[69.4973,17.2802],[69.5033,17.277],[69.5076,17.2759],[69.5123,17.2758],[69.5155,17.2774],[69.5215,17.2801],[69.5268,17.28],[69.5266,17.2863],[69.5267,17.2905],[69.5302,17.2928],[69.5345,17.2945],[69.5382,17.2984],[69.5386,17.301],[69.5388,17.3059],[69.5368,17.3077],[69.5307,17.3073],[69.5271,17.3073],[69.5222,17.3082],[69.5204,17.3107],[69.5209,17.3173],[69.5225,17.3211],[69.5296,17.3199],[69.532,17.3188],[69.536,17.3163],[69.5387,17.3154],[69.5442,17.3142],[69.5493,17.3132],[69.555,17.3146],[69.557,17.3158],[69.5631,17.3174],[69.5667,17.3171],[69.5722,17.3127],[69.5734,17.3076],[69.5755,17.3018],[69.5757,17.2992],[69.5726,17.2928],[69.5713,17.2898],[69.5673,17.2892],[69.5633,17.291],[69.5602,17.2955],[69.5566,17.298],[69.552,17.3013],[69.5487,17.3021],[69.542,17.2993],[69.5393,17.2974],[69.535,17.2929],[69.533,17.2886],[69.5363,17.2846],[69.5412,17.2849],[69.5435,17.2872],[69.5435,17.2913],[69.5436,17.297],[69.5461,17.2993],[69.5437,17.3048],[69.5417,17.3059],[69.5368,17.3069],[69.5327,17.3047],[69.5326,17.3007],[69.5328,17.2976],[69.5293,17.2929],[69.5297,17.289],[69.5318,17.2833],[69.5337,17.2796],[69.5319,17.2759],[69.5322,17.2729],[69.5293,17.2668],[69.5285,17.2623],[69.5304,17.2576],[69.5306,17.2534],[69.5311,17.2491],[69.5301,17.2448],[69.5321,17.2394],[69.5346,17.2374],[69.5415,17.2374],[69.543,17.2396],[69.5478,17.2418],[69.5522,17.2437],[69.5581,17.2465],[69.5615,17.245],[69.5652,17.2435],[69.5687,17.2456],[69.5727,17.2504],[69.5723,17.2538],[69.5746,17.257],[69.5801,17.2568],[69.5863,17.2531],[69.5906,17.2521],[69.5966,17.2495],[69.5987,17.2465],[69.6015,17.2415],[69.6027,17.2379],[69.6038,17.2333],[69.6065,17.231],[69.6098,17.2286],[69.6118,17.2261],[69.615,17.2194],[69.6146,17.2154],[69.6139,17.209],[69.616,17.2074],[69.6212,17.2028],[69.6205,17.2001],[69.6154,17.1969],[69.614,17.1936],[69.6088,17.1903],[69.6066,17.1882],[69.6034,17.1824],[69.6005,17.18],[69.5972,17.1754],[69.5954,17.1727],[69.5926,17.1671],[69.5944,17.1636],[69.5978,17.1618],[69.6019,17.1588],[69.6024,17.1531],[69.6038,17.1493],[69.6072,17.1462],[69.6084,17.1437],[69.6129,17.1385],[69.6144,17.1356],[69.6196,17.1329],[69.6237,17.1305],[69.6258,17.1289],[69.6289,17.1291],[69.6345,17.1314],[69.6389,17.134],[69.6438,17.1336],[69.6474,17.134],[69.6548,17.1318],[69.6587,17.1315],[69.6643,17.1278],[69.6657,17.1254],[69.6696,17.1208],[69.6739,17.1196],[69.6801,17.1182],[69.6826,17.1169],[69.6826,17.1112],[69.6797,17.1091],[69.6783,17.1061],[69.6763,17.1044],[69.6716,17.1011],[69.666,17.1],[69.6638,17.0938],[69.6618,17.0897],[69.6582,17.0857],[69.656,17.0818],[69.6552,17.0765],[69.6569,17.0735],[69.6593,17.0689],[69.6614,17.0663],[69.6628,17.0638],[69.6669,17.0615],[69.6715,17.058],[69.672,17.0551],[69.6742,17.0493],[69.6733,17.0454],[69.6701,17.0401],[69.6681,17.038],[69.6616,17.0343],[69.6615,17.0306],[69.6611,17.0254],[69.6617,17.0221],[69.6612,17.0185],[69.6586,17.0153],[69.6529,17.0133],[69.6489,17.013],[69.6436,17.0121],[69.6392,17.0126],[69.6375,17.0165],[69.6372,17.02],[69.6327,17.0221],[69.6307,17.0205],[69.625,17.0188],[69.621,17.018],[69.614,17.0186],[69.6106,17.0194],[69.6059,17.0237],[69.6024,17.0259],[69.5988,17.0292],[69.596,17.0319],[69.5928,17.0368],[69.5894,17.036],[69.5852,17.0315],[69.5825,17.0311],[69.5759,17.0283],[69.5733,17.0254],[69.5722,17.0203],[69.571,17.0177],[69.573,17.0117],[69.5718,17.0105],[69.5664,17.0065],[69.5632,17.0067],[69.5578,17.0099],[69.5571,17.0141],[69.5548,17.0198],[69.5549,17.023],[69.5605,17.0291],[69.5631,17.0332],[69.5634,17.039],[69.5589,17.041],[69.5559,17.0463],[69.5558,17.0475],[69.5557,17.0517],[69.5541,17.0558],[69.5501,17.0589],[69.5467,17.0612],[69.5442,17.0675],[69.5448,17.07],[69.5475,17.0747],[69.5497,17.077],[69.5519,17.0827],[69.5526,17.0846],[69.5549,17.091],[69.5533,17.0938],[69.5479,17.0957],[69.5431,17.0978],[69.5365,17.0982],[69.5327,17.0984],[69.528,17.1013],[69.5262,17.1051],[69.5205,17.1077],[69.5156,17.1115],[69.5108,17.1157],[69.508,17.1189],[69.5069,17.1238],[69.5076,17.1276],[69.5057,17.132],[69.5075,17.1358],[69.51,17.1397],[69.5113,17.1434],[69.509,17.1485],[69.5094,17.1501],[69.5138,17.1511],[69.5173,17.1528],[69.5213,17.1553],[69.5244,17.1561],[69.5311,17.1598],[69.5328,17.1631],[69.5369,17.1688],[69.5389,17.1728],[69.5408,17.1794],[69.5408,17.1827],[69.5453,17.1858],[69.5499,17.1854],[69.5542,17.191],[69.5556,17.1948],[69.5546,17.2004],[69.549,17.2013],[69.5462,17.2057],[69.5452,17.2099],[69.5457,17.2152],[69.5503,17.2155],[69.5563,17.2177],[69.5594,17.2174],[69.5647,17.2165],[69.5689,17.2185],[69.5743,17.2185],[69.5777,17.2172],[69.5829,17.2161],[69.585,17.2197],[69.5884,17.2262],[69.5906,17.2287],[69.5947,17.2341],[69.5961,17.2378],[69.5998,17.2414],[69.6019,17.2433],[69.6076,17.2438],[69.6107,17.2405],[69.6145,17.2388],[69.6182,17.239],[69.6243,17.2415],[69.6289,17.2417],[69.6347,17.2403],[69.6388,17.2423],[69.645,17.2432],[69.6495,17.2407],[69.6546,17.2378],[69.6582,17.2407],[69.6635,17.24],[69.6675,17.2402],[69.6728,17.2399],[69.6764,17.2422],[69.6784,17.2464],[69.6791,17.2479],[69.6852,17.2498],[69.6877,17.2502],[69.6934,17.2505],[69.696,17.2522],[69.7021,17.256],[69.7034,17.2588],[69.7067,17.2611],[69.7101,17.261],[69.7141,17.2625],[69.7138,17.2662],[69.7157,17.2704],[69.7177,17.2721],[69.7207,17.2767],[69.7231,17.2796],[69.7237,17.2861],[69.7243,17.2898],[69.7265,17.2958],[69.726,17.2988],[69.7239,17.3035],[69.7235,17.3059],[69.7242,17.3104],[69.7224,17.3133],[69.7157,17.3129],[69.714,17.3105],[69.7115,17.305],[69.7112,17.3016],[69.7106,17.2953],[69.7117,17.2913],[69.7155,17.2889],[69.7182,17.2863],[69.7198,17.2829],[69.7207,17.2793],[69.7205,17.275],[69.7187,17.2701],[69.7179,17.2638],[69.7174,17.2593],[69.7161,17.2551],[69.7171,17.2511],[69.7198,17.2456],[69.7181,17.2428],[69.7122,17.2407],[69.7093,17.2401],[69.7038,17.2418],[69.7045,17.2456],[69.7098,17.2478],[69.7134,17.2492],[69.7175,17.2519],[69.7213,17.2536],[69.7288,17.2508],[69.7311,17.2471],[69.7347,17.2423],[69.7355,17.2385],[69.7386,17.2334],[69.7415,17.2314],[69.7439,17.2278],[69.7424,17.2247],[69.7439,17.2229],[69.7469,17.2228],[69.7501,17.2257],[69.7524,17.2281],[69.7574,17.2314],[69.7561,17.2364],[69.7566,17.2414],[69.7559,17.2455],[69.755,17.2511],[69.7559,17.2551],[69.7594,17.2597],[69.7607,17.2606],[69.7657,17.2611],[69.7657,17.2565],[69.7652,17.2502],[69.7679,17.2479],[69.7738,17.2473],[69.7779,17.2483],[69.7837,17.2496],[69.787,17.2505],[69.7918,17.2552],[69.794,17.2576],[69.799,17.2622],[69.8012,17.2635],[69.8031,17.2676],[69.8064,17.2675],[69.8099,17.2699],[69.8122,17.2725],[69.8091,17.2759],[69.8048,17.2765],[69.801,17.2808],[69.7979,17.2825],[69.7936,17.2829],[69.79,17.2829],[69.7845,17.2827],[69.7805,17.282],[69.775,17.2844],[69.7723,17.2862],[69.7665,17.2877],[69.7625,17.2873],[69.7595,17.2878],[69.7563,17.2914],[69.7523,17.2929],[69.7476,17.2927],[69.7415,17.2973],[69.7387,17.2995],[69.7344,17.3032],[69.7335,17.3074],[69.7335,17.3112],[69.7316,17.3157],[69.7322,17.3199],[69.734,17.3227],[69.7395,17.3238],[69.743,17.3229],[69.7477,17.3245],[69.7506,17.3226],[69.7512,17.3187],[69.752,17.3159],[69.757,17.3128],[69.7607,17.3137],[69.7627,17.3152],[69.7648,17.3193],[69.7686,17.322],[69.7701,17.3246],[69.7702,17.3286],[69.773,17.333],[69.7781,17.3304],[69.7781,17.3293],[69.7774,17.322],[69.7789,17.3179],[69.7816,17.3141],[69.7804,17.3107],[69.7759,17.3078],[69.7707,17.3075],[69.7652,17.3084],[69.7627,17.3079],[69.761,17.312],[69.764,17.3154],[69.7647,17.3196],[69.7692,17.3211],[69.7711,17.3234],[69.7727,17.3259],[69.7759,17.33],[69.7785,17.3315],[69.7814,17.3352],[69.783,17.3401],[69.7871,17.3424],[69.7868,17.347],[69.7824,17.3525],[69.7835,17.3558],[69.7853,17.361],[69.7854,17.3647],[69.7848,17.3701],[69.7867,17.373],[69.7906,17.3759],[69.7898,17.3794],[69.791,17.3858],[69.7921,17.3892],[69.7895,17.3937],[69.7866,17.396],[69.7886,17.4011],[69.7916,17.4038],[69.7948,17.4092],[69.7986,17.4109],[69.8048,17.4096],[69.8081,17.4087],[69.8133,17.4112],[69.8165,17.4128],[69.8222,17.4162],[69.8267,17.4142],[69.8298,17.4111],[69.8343,17.4095],[69.8393,17.4115],[69.8414,17.4145],[69.8452,17.4185],[69.8475,17.4213],[69.8466,17.4256],[69.8435,17.4281],[69.8402,17.4241],[69.8389,17.4216],[69.8368,17.4182],[69.8334,17.4157],[69.8287,17.4156],[69.8252,17.4184],[69.8258,17.4245],[69.8255,17.4273],[69.8209,17.4314],[69.8174,17.4303],[69.8139,17.4274],[69.8109,17.4267],[69.8059,17.428],[69.8026,17.4271],[69.7977,17.4246],[69.794,17.4239],[69.7899,17.4249],[69.7869,17.4268],[69.7791,17.4259],[69.7753,17.4248],[69.7699,17.4265],[69.7662,17.4294],[69.7607,17.4315],[69.7573,17.4319],[69.7526,17.4316],[69.7502,17.4319],[69.7446,17.4336],[69.7418,17.4328],[69.7358,17.4309],[69.7322,17.4309],[69.7257,17.4318],[69.7242,17.4351],[69.7241,17.4412],[69.7236,17.4453],[69.7241,17.4526],[69.7242,17.4551],[69.7215,17.4573],[69.7173,17.4548],[69.7144,17.4514],[69.7096,17.4512],[69.7031,17.4558],[69.7021,17.4598],[69.7004,17.4654],[69.6963,17.4665],[69.6929,17.4629],[69.6917,17.4591],[69.6888,17.4532],[69.6868,17.4515],[69.6837,17.4457],[69.6785,17.4456],[69.6785,17.4479],[69.6797,17.4523],[69.6845,17.4578],[69.6891,17.46],[69.6901,17.4577],[69.6869,17.4557],[69.6812,17.4542],[69.6774,17.4536],[69.6731,17.4582],[69.6728,17.4621],[69.6773,17.466],[69.6806,17.4673],[69.6875,17.467],[69.6908,17.4688],[69.697,17.4685],[69.6997,17.469],[69.7028,17.4646],[69.7058,17.4605],[69.7107,17.4602],[69.7143,17.4594],[69.7176,17.458],[69.7202,17.4558],[69.7236,17.4524],[69.727,17.4523],[69.7329,17.4517],[69.7373,17.4508],[69.7398,17.4467],[69.738,17.4448],[69.7347,17.4405],[69.7296,17.4393],[69.723,17.4374],[69.7187,17.4393],[69.7148,17.4407],[69.7122,17.4398],[69.7053,17.4414],[69.7014,17.4432],[69.7025,17.4492],[69.7048,17.4524],[69.7101,17.4543],[69.7103,17.4513],[69.7105,17.4447],[69.708,17.4413],[69.7026,17.4376],[69.7008,17.4362],[69.6964,17.4315],[69.6956,17.4286],[69.6965,17.4224],[69.6969,17.4197],[69.6973,17.4144],[69.6938,17.4115],[69.6921,17.4063],[69.6905,17.4048],[69.688,17.3997],[69.685,17.3985],[69.6782,17.3943],[69.6759,17.3932],[69.6699,17.3945],[69.6684,17.3992],[69.6721,17.4044],[69.6752,17.4031],[69.679,17.3992],[69.6803,17.3961],[69.6799,17.3909],[69.6802,17.387],[69.682,17.3807],[69.6837,17.3762],[69.6835,17.3727],[69.6853,17.369],[69.6903,17.3731],[69.6912,17.377],[69.6879,17.3808],[69.6857,17.3842],[69.6847,17.389],[69.6843,17.3928],[69.681,17.3977],[69.6785,17.396],[69.6764,17.3902],[69.6744,17.386],[69.6718,17.3819],[69.6701,17.3797],[69.6626,17.3791],[69.66,17.3809],[69.6555,17.3856],[69.653,17.3867],[69.6492,17.39],[69.6483,17.3926],[69.6483,17.3991],[69.6456,17.402],[69.6409,17.4029],[69.6376,17.4047],[69.6343,17.4093],[69.6315,17.4125],[69.628,17.4189],[69.628,17.4219],[69.6287,17.4281],[69.629,17.4311],[69.6255,17.4354],[69.6253,17.4403],[69.6211,17.4447],[69.6196,17.4483],[69.614,17.4508],[69.6126,17.4538],[69.6154,17.4597],[69.6185,17.4622],[69.6142,17.4637],[69.6116,17.4614]]},"properties":{"mmsi":998815625,"name":"Fishing 5625","role":"background","vessel_type":30,"synthetic":true,"t_offset_s":[-259200,-258840,-258600,-258240,-258000,-257640,-257400,-257040,-256800,-256440,-256200,-255840,-255600,-255240,-255000,-254640,-254400,-254040,-253800,-253440,-253200,-252840,-252600,-252240,-252000,-251640,-251400,-251040,-250800,-250440,-250200,-249840,-249600,-249240,-249000,-248640,-248400,-248040,-247800,-247440,-247200,-246840,-246600,-246240,-246000,-245640,-245400,-245040,-244800,-244440,-244200,-243840,-243600,-243240,-243000,-242640,-242400,-242040,-241800,-241440,-241200,-240840,-240600,-240240,-240000,-239640,-239400,-239040,-238800,-238440,-238200,-237840,-237600,-237240,-237000,-236640,-236400,-236040,-235800,-235440,-235200,-234840,-234600,-234240,-234000,-233640,-233400,-233040,-232800,-232440,-232200,-231840,-231600,-231240,-231000,-230640,-230400,-230040,-229800,-229440,-229200,-228840,-228600,-228240,-228000,-227640,-227400,-227040,-226800,-226440,-226200,-225840,-225600,-225240,-225000,-224640,-224400,-224040,-223800,-223440,-223200,-222840,-222600,-222240,-222000,-221640,-221400,-221040,-220800,-220440,-220200,-219840,-219600,-219240,-219000,-218640,-218400,-218040,-217800,-217440,-217200,-216840,-216600,-216240,-216000,-215640,-215400,-215040,-214800,-214440,-214200,-213840,-213600,-213240,-213000,-212640,-212400,-212040,-211800,-211440,-211200,-210840,-210600,-210240,-210000,-209640,-209400,-209040,-208800,-208440,-208200,-207840,-207600,-207240,-207000,-206640,-206400,-206040,-205800,-205440,-205200,-204840,-204600,-204240,-204000,-203640,-203400,-203040,-202800,-202440,-202200,-201840,-201600,-201240,-201000,-200640,-200400,-200040,-199800,-199440,-199200,-198840,-198600,-198240,-198000,-197640,-197400,-197040,-196800,-196440,-196200,-195840,-195600,-195240,-195000,-194640,-194400,-194040,-193800,-193440,-193200,-192840,-192600,-192240,-192000,-191640,-191400,-191040,-190800,-190440,-190200,-189840,-189600,-189240,-189000,-188640,-188400,-188040,-187800,-187440,-187200,-186840,-186600,-186240,-186000,-185640,-185400,-185040,-184800,-184440,-184200,-183840,-183600,-183240,-183000,-182640,-182400,-182040,-181800,-181440,-181200,-180840,-180600,-180240,-180000,-179640,-179400,-179040,-178800,-178440,-178200,-177840,-177600,-177240,-177000,-176640,-176400,-176040,-175800,-175440,-175200,-174840,-174600,-174240,-174000,-173640,-173400,-173040,-172800,-172440,-172200,-171840,-171600,-171240,-171000,-170640,-170400,-170040,-169800,-169440,-169200,-168840,-168600,-168240,-168000,-167640,-167400,-167040,-166800,-166440,-166200,-165840,-165600,-165240,-165000,-164640,-164400,-164040,-163800,-163440,-163200,-162840,-162600,-162240,-162000,-161640,-161400,-161040,-160800,-160440,-160200,-159840,-159600,-159240,-159000,-158640,-158400,-158040,-157800,-157440,-157200,-156840,-156600,-156240,-156000,-155640,-155400,-155040,-154800,-154440,-154200,-153840,-153600,-153240,-153000,-152640,-152400,-152040,-151800,-151440,-151200,-150840,-150600,-150240,-150000,-149640,-149400,-149040,-148800,-148440,-148200,-147840,-147600,-147240,-147000,-146640,-146400,-146040,-145800,-145440,-145200,-144840,-144600,-144240,-144000,-143640,-143400,-143040,-142800,-142440,-142200,-141840,-141600,-141240,-141000,-140640,-140400,-140040,-139800,-139440,-139200,-138840,-138600,-138240,-138000,-137640,-137400,-137040,-136800,-136440,-136200,-135840,-135600,-135240,-135000,-134640,-134400,-134040,-133800,-133440,-133200,-132840,-132600,-132240,-132000,-131640,-131400,-131040,-130800,-130440,-130200,-129840,-129600,-129240,-129000,-128640,-128400,-128040,-127800,-127440,-127200,-126840,-126600,-126240,-126000,-125640,-125400,-125040,-124800,-124440,-124200,-123840,-123600,-123240,-123000,-122640,-122400,-122040,-121800,-121440,-121200,-120840,-120600,-120240,-120000,-119640,-119400,-119040,-118800,-118440,-118200,-117840,-117600,-117240,-117000,-116640,-116400,-116040,-115800,-115440,-115200,-114840,-114600,-114240,-114000,-113640,-113400,-113040,-112800,-112440,-112200,-111840,-111600,-111240,-111000,-110640,-110400,-110040,-109800,-109440,-109200,-108840,-108600,-108240,-108000,-107640,-107400,-107040,-106800,-106440,-106200,-105840,-105600,-105240,-105000,-104640,-104400,-104040,-103800,-103440,-103200,-102840,-102600,-102240,-102000,-101640,-101400,-101040,-100800,-100440,-100200,-99840,-99600,-99240,-99000,-98640,-98400,-98040,-97800,-97440,-97200,-96840,-96600,-96240,-96000,-95640,-95400,-95040,-94800,-94440,-94200,-93840,-93600,-93240,-93000,-92640,-92400,-92040,-91800,-91440,-91200,-90840,-90600,-90240,-90000,-89640,-89400,-89040,-88800,-88440,-88200,-87840,-87600,-87240,-87000,-86640,-86400,-86040,-85800,-85440,-85200,-84840,-84600,-84240,-84000,-83640,-83400,-83040,-82800,-82440,-82200,-81840,-81600,-81240,-81000,-80640,-80400,-80040,-79800,-79440,-79200,-78840,-78600,-78240,-78000,-77640,-77400,-77040,-76800,-76440,-76200,-75840,-75600,-75240,-75000,-74640,-74400,-74040,-73800,-73440,-73200,-72840,-72600,-72240,-72000,-71640,-71400,-71040,-70800,-70440,-70200,-69840,-69600,-69240,-69000,-68640,-68400,-68040,-67800,-67440,-67200,-66840,-66600,-66240,-66000,-65640,-65400,-65040,-64800,-64440,-64200,-63840,-63600,-63240,-63000,-62640,-62400,-62040,-61800,-61440,-61200,-60840,-60600,-60240,-60000,-59640,-59400,-59040,-58800,-58440,-58200,-57840,-57600,-57240,-57000,-56640,-56400,-56040,-55800,-55440,-55200,-54840,-54600,-54240,-54000,-53640,-53400,-53040,-52800,-52440,-52200,-51840,-51600,-51240,-51000,-50640,-50400,-50040,-49800,-49440,-49200,-48840,-48600,-48240,-48000,-47640,-47400,-47040,-46800,-46440,-46200,-45840,-45600,-45240,-45000,-44640,-44400,-44040,-43800,-43440,-43200,-42840,-42600,-42240,-42000,-41640,-41400,-41040,-40800,-40440,-40200,-39840,-39600,-39240,-39000,-38640,-38400,-38040,-37800,-37440,-37200,-36840,-36600,-36240,-36000,-35640,-35400,-35040,-34800,-34440,-34200,-33840,-33600,-33240,-33000,-32640,-32400,-32040,-31800,-31440,-31200,-30840,-30600,-30240,-30000,-29640,-29400,-29040,-28800,-28440,-28200,-27840,-27600,-27240,-27000,-26640,-26400,-26040,-25800,-25440,-25200,-24840,-24600,-24240,-24000,-23640,-23400,-23040,-22800,-22440,-22200,-21840,-21600,-21240,-21000,-20640,-20400,-20040,-19800,-19440,-19200,-18840,-18600,-18240,-18000,-17640,-17400,-17040,-16800,-16440,-16200,-15840,-15600,-15240,-15000,-14640,-14400,-14040,-13800,-13440,-13200,-12840,-12600,-12240,-12000,-11640,-11400,-11040,-10800,-10440,-10200,-9840,-9600,-9240,-9000,-8640,-8400,-8040,-7800,-7440,-7200,-6840,-6600,-6240,-6000,-5640,-5400,-5040,-4800,-4440,-4200,-3840,-3600,-3240,-3000,-2640,-2400,-2040,-1800,-1440,-1200,-840,-600,-240,0,360,600,960,1200,1560,1800,2160,2400,2760,3000,3360,3600,3960,4200,4560,4800,5160,5400,5760,6000,6360,6600,6960,7200,7560,7800,8160,8400,8760,9000,9360,9600,9960,10200,10560,10800,11160,11400,11760,12000,12360,12600,12960,13200,13560,13800,14160,14400,14760,15000,15360,15600,15960,16200,16560,16800,17160,17400,17760,18000,18360,18600,18960,19200,19560,19800,20160,20400,20760,21000,21360,21600,21960,22200,22560,22800,23160,23400,23760,24000,24360,24600,24960,25200,25560,25800,26160,26400,26760,27000,27360,27600,27960,28200,28560,28800,29160,29400,29760,30000,30360,30600,30960,31200,31560,31800,32160,32400,32760,33000,33360,33600,33960,34200,34560,34800,35160,35400,35760,36000,36360,36600,36960,37200,37560,37800,38160,38400,38760,39000,39360,39600,39960,40200,40560,40800,41160,41400,41760,42000,42360,42600,42960,43200,43560,43800,44160,44400,44760,45000,45360,45600,45960,46200,46560,46800,47160,47400,47760,48000,48360,48600,48960,49200,49560,49800,50160,50400,50760,51000,51360,51600,51960,52200,52560,52800,53160,53400,53760,54000,54360,54600,54960,55200,55560,55800,56160,56400,56760,57000,57360,57600,57960,58200,58560,58800,59160,59400,59760,60000,60360,60600,60960,61200,61560,61800,62160,62400,62760,63000,63360,63600,63960,64200,64560,64800,65160,65400,65760,66000,66360,66600,66960,67200,67560,67800,68160,68400,68760,69000,69360,69600,69960,70200,70560,70800,71160,71400,71760,72000,72360,72600,72960,73200,73560,73800,74160,74400,74760,75000,75360,75600,75960,76200,76560,76800,77160,77400,77760,78000,78360,78600,78960,79200,79560,79800,80160,80400,80760,81000,81360,81600,81960,82200,82560,82800,83160,83400,83760,84000,84360,84600,84960,85200,85560,85800,86160,86400],"sog":[5.3,3,4.2,3.1,2.4,3.2,1.8,2.9,2.6,4.2,2.7,4.1,4.6,3,2.7,3.7,3.8,2.7,3.1,2.9,4.4,3.3,2.8,1.8,2.2,2.9,3.8,2.4,3.4,4.1,4.2,4.3,2.7,4.6,2.9,2.8,3.2,3.2,4.8,1.9,3.1,4.3,4.8,3.6,2.1,3.5,4.3,3.3,3.3,5.5,1.9,3.2,2,2.2,3.3,3.5,2.6,3.5,3.4,2.4,5.5,3.2,5.3,5.3,4.1,2.1,1.3,1.7,3.5,4.2,4.6,2.8,4,2.4,3.3,1.7,4.3,3.9,2.2,1.9,3.4,4.5,2.9,3.2,4.3,2.6,3.3,3.3,2.5,4.2,3.4,2.6,3.6,4.2,3.8,3.7,4.5,2.3,3.9,3.5,3.6,3.3,4.1,2.3,4.3,2.4,3.5,4.2,3.8,4.3,4,3.9,4.4,3.6,3.9,4.1,2.5,3.1,4.3,4.5,4.3,4.8,2.9,4.9,5.1,4,2.4,3.1,3,4.2,3.7,3.2,1.7,3.5,3.4,2.4,3.5,3,4.3,1.6,4.5,2.1,4.3,4,1.1,4.3,4.5,3.9,1.7,4.8,3.1,3.5,3.1,4.6,4.3,4.1,3.7,5,3.7,3.6,3.4,5.3,3.3,3.8,3.9,4,1.9,1.9,3.3,3.9,1.9,4.5,3.3,5.9,2.7,3,3.9,3.7,4.3,3.5,6.3,2.6,3.5,2.8,2.7,3.3,4.2,2.7,2,3.7,3.7,2.8,2.8,3.8,3.7,1.8,4.5,2.5,2.6,1.6,3.3,3.7,3.6,4.1,3.3,3.8,2.6,4.3,2.9,2.9,4.3,4.2,4.5,2,3.3,1,2.4,4.2,2.9,4.3,3.5,2.6,2.5,3.1,1.8,4.2,4.5,1.6,4.1,3.5,2.5,2.9,3.6,1.7,2.6,3.5,3.2,3.9,4.2,2.9,2.5,1.7,2.8,2.3,3.5,4.6,2.7,3.4,4.8,3.2,4.3,3.1,3.6,3.8,5.7,3.7,3,3.8,1.9,4,5.7,3.2,3.1,3.4,3.7,5.1,3.7,4.5,2.8,3.8,3.8,2.6,4.3,3.5,3.9,2.5,4,4.2,4,1.7,5.1,2.7,3.2,4.2,3,4.6,2.4,3.9,5,4.9,3.2,5.3,3.3,5.3,4.1,4.2,2.8,2.3,2.5,3.7,5.2,3.3,4.6,4.7,4.1,2.8,3.3,4.4,4.4,3.3,1.3,3.9,3.4,3.2,4.4,5.1,3.6,2.9,2.9,3.6,3.2,4.7,3.9,1.2,3.8,3.8,2.6,3.7,2.1,1.9,4.5,3.8,3.8,2.9,2.4,3.3,3.9,3,3.7,3.1,2.6,4.6,4.5,4,4.2,2.9,3.1,4.1,4.5,3,4.9,1.8,2.7,1.1,3.9,4.1,2.3,3.9,1.8,3.7,3.5,2.4,2.8,2.1,5.2,4.6,2.4,3.9,3.4,2.8,4.6,5.1,2.4,2.6,1.7,3.9,2.9,4,2.9,2.4,1.8,5.3,4.2,5.2,1.7,3,2.2,3.5,3.7,2.6,1.9,4.4,3.4,3.4,2.5,4,4.9,1,2.6,4.5,5.1,3.3,5.3,4.7,4,4.6,2.4,5.4,1.6,2.7,3.8,3.9,2.3,3.4,4.6,3.6,3.9,4.1,3.9,4,4,2.9,4.2,2.7,1.2,3.1,3.4,5.2,1.5,3.6,4.7,3.5,4,5,3.7,3.9,3.8,4,4.3,3.6,3,2.3,4.8,4.5,4,3.3,2.2,2.9,3.5,4.1,5.7,4.8,4.4,4.3,4.7,4.3,3.5,4.6,4.2,3.3,2.6,4.5,4.7,4.2,4,2.9,3.3,3.7,3,4,5.9,3.4,5.6,2.7,4.1,4.3,2,4.4,4.2,4.3,4.4,4.7,3.5,4.1,3.3,4,3.2,4.6,0.9,2,2.1,3.2,5.8,2.9,4.7,3.2,3.7,3,2.9,3,4.7,1.4,4.4,1.9,1.7,4.3,4.6,3.3,4.7,3.5,4.5,3.8,4.1,3.6,4,1.5,4.1,2.1,3.6,3.6,3.5,4.5,3.9,4,4.9,3.6,2.3,4.2,2.9,1.9,2.9,4,2.4,2.8,3.7,3.1,2.5,5.4,2.8,3.9,1.7,4,4.2,3.2,4.6,4.8,4,4.5,4,3.1,3.9,4.6,1.9,2.6,2.1,2.2,3.9,3.5,3.1,4.2,4.6,4,1.9,2.5,2.1,3.5,4,2.8,2.3,2.9,3.9,4.2,4.8,4.1,2.8,3.1,2.3,1.9,4.2,2.9,3.8,2.2,3.8,4.7,3.1,2.1,4.3,3.7,4,1.8,4.3,2.4,2.8,2.8,2.5,2.7,3.1,4.2,3.1,5,4.5,2.9,2.6,2.7,2.1,3.7,4.1,3.9,3.3,4.1,4,4,2.3,6.5,3.5,1.4,3.2,3.9,3.7,1.7,3.4,4.9,1.9,2.8,4.8,3.5,4.9,3.1,2.3,4.1,3.3,1.3,3.8,0.9,3.6,3.9,3.8,4.4,3.6,4.2,4.9,3.4,2.6,5,2.9,3,3.1,3.8,3.2,3.8,4.2,2.1,5.4,3.5,2.9,3.1,3.3,4.1,3.3,4.5,4.5,1.4,2.8,3.2,3.7,2.8,3.8,4.3,3.6,4.8,2.1,2.9,4.1,3.1,1.8,3.8,2.6,2.6,2.2,3.8,5.8,3.3,2.1,3.2,5.3,2.1,2.4,1.8,3.2,1.5,3.3,2.2,2.2,6,2.7,4.2,2,4.8,2.4,3.6,3.4,2.4,3.8,2.1,3.2,4.8,4,3,2.9,4.7,2.9,2,2.7,5.1,1.6,4.3,2.5,1.1,3.8,3.5,4.1,3.2,3.4,3.6,4.5,1,2.2,4.3,2.5,4.1,4.8,3.3,4.6,2.9,3.1,4.6,3.9,4,4.7,2.1,0.9,2.9,5,1.7,4,3.7,3.1,2.4,2.9,3.3,1,5,2.8,4,4.6,3,3.4,4.5,3.5,4,5.5,4.4,3.6,2.8,2.8,2.6,3.6,2.4,4.2,2.6,0.3,2.8,1.1,2.7,2.4,5.7,3.8,4.3,3.1,4.7,3.4,2,4,5.6,2.5,2.6,4.6,3.4,3.7,2.8,3.2,4.4,2.4,2,3.4,3.6,3.7,2.3,2.8,5.8,3.2,3.2,3.9,1.4,2.1,3.1,3.3,2.2,3.7,4.3,4.7,3.1,2.8,3.4,4,3.1,4.6,3.9,3.5,3.6,4.6,3.3,1.4,3.7,2.8,3.3,2.7,2.1,4.4,2.2,2.2,2.9,2,3.4,2.4,3.2,3.7,4.1,2.4,2.5,3.7,1.5,2,1.7,3.6,4.7,3.5,4.7,3.1,4.3,4.2,2.4,3.2,1.5,4,2.3,4.1,5.6,5,2.7,3.8,3.8,2.5,3.2,2.9,3.7,3.6,3.6,4.3,2.1,2.8,3.1,3.5,3.7,4,4.5,2.6,2.8,3.5,1.5,1.7,3.3,3.3,3.6,4.6,2.4,2.3,3.5,2.8,3.4,1.8,4.1,5.1,2.6,2.9,3.2,3.8,2.6,1.9,4.4,2.3,3.9,2.5,2.2,3,2.6,3.3,2.2,3.6,3.7,3.4,1.9,3.5,2.6,3.9,4.5,3.3,3.6,2.9,2.9,2.5,2.4,4.5,3.5,3.8,3.8,3.5,1,4.5,3.3,3.1,4.3,1.6,2.3,2.9,2.9,4.1,4.3,4,2.9,2.6,2.3,2.4,1.5,4.3,3.6,1.1,3.1,3.9,3.2,4.1,3.1,5.2,2.8,3.2,5,3.3,3.6,4.7,2.4,2.8,3.9,2.2,1.7,4.1,1.5,4.2,5.2,3.4,2.4,4.2,4.1,2.5,3.5,3.6,5,2.8,4.7,1.7,3.8,2.7,4.1,3.5,3.5,1.7,2.2,3.7,5,5.6,3.7,4.2,1.9,4.3,4.7,2.7,2.3,3.6,2.9,2,2.6,2.2,1.4,3.4,5.8,3,3.4,2.9,3,2.7,2.7,3.1,2.9,3.5,2.4,3.1,2.8,3.4,3,3.9,3.5,2.1,2.1,1.8,3.9,1.5,5.2,2.1,3.6,2,3.8,4,3.5,1.6,2.2,4.3,1.4,4.1,5.7,2.2,4.3,4.4,2.8,3.6,5.2,3.2,3.7,4.1,1.7,2.5,5.2,4.7,3.1,4,4.5,2.2,4.1,4.3,3.2,3.5,2.8,3.8,4.4,1,4.5,3.1,3,3.5,1.4,2.9,3.3,3.4,3.5,4.3,3.5,2.4,3.2,3.9,4.8,4.5,3.5,3.5,4,3,3.7,3.6,5.7,4.7,5.1,2.5,3.8,1.8,4.5,2.2,3,2.9,2.4,5.3,3.1,3,3.3,2.7,4.3,1.9,3.7,5.1,4.5,2,2.9,2.6,1.9,3.5,5.5,3,1.7,2.4,2.6,3.3,2.9,4.4,2.9,3.3,2.3,4.2,4.9,3.1,1.5,2.4,4.4,2.4,4,3.2,4,2.1,4,2.7,3.7,3.5,4,3.5,4,2.5,4.1,2.7,4.3,3.6,3.1,3.2,3.9,3.8,4.7,4.1,2.3,1.2]}}],"properties":{"t_image":"2025-01-20T01:00:00Z","step_s":300,"source":"AIS"}}