{"type":"FeatureCollection","features":[{"type":"Feature","geometry":{"type":"LineString","coordinates":[[74.2724,8.6916],[74.276,8.6854],[74.2877,8.6663],[74.2963,8.653],[74.3083,8.6337],[74.3165,8.6213],[74.3284,8.6015],[74.3367,8.5888],[74.3486,8.5691],[74.357,8.5564],[74.3694,8.5368],[74.3771,8.5243],[74.3895,8.5052],[74.3972,8.4923],[74.4094,8.473],[74.4173,8.4599],[74.4295,8.4402],[74.4377,8.427],[74.4497,8.4072],[74.4576,8.3941],[74.4694,8.3754],[74.4778,8.3621],[74.4899,8.3421],[74.4974,8.3294],[74.5092,8.31],[74.5167,8.2961],[74.5291,8.2761],[74.5363,8.2626],[74.5477,8.2419],[74.5548,8.229],[74.5654,8.2085],[74.5721,8.1945],[74.5824,8.174],[74.5894,8.1601],[74.5994,8.1396],[74.6064,8.1258],[74.6163,8.1046],[74.6229,8.0911],[74.6325,8.0703],[74.6393,8.0564],[74.649,8.0357],[74.6557,8.022],[74.6661,8.0017],[74.6729,7.9879],[74.6838,7.9671],[74.6907,7.9538],[74.7017,7.9331],[74.7084,7.9193],[74.7191,7.8985],[74.7261,7.8851],[74.7361,7.8647],[74.7432,7.8512],[74.7535,7.8309],[74.7607,7.8171],[74.7716,7.797],[74.7787,7.7831],[74.7896,7.7632],[74.7969,7.7498],[74.8083,7.7295],[74.8152,7.7158],[74.8262,7.6959],[74.8337,7.6826],[74.8454,7.6624],[74.8536,7.6483],[74.8646,7.6288],[74.872,7.6159],[74.8835,7.5956],[74.8908,7.582],[74.9022,7.5616],[74.9094,7.549],[74.9205,7.5288],[74.928,7.5155],[74.9392,7.4955],[74.9468,7.4819],[74.9588,7.4623],[74.9661,7.4493],[74.9777,7.4297],[74.9849,7.4162],[74.9962,7.396],[75.0041,7.3825],[75.0155,7.3633],[75.0237,7.35],[75.0354,7.3306],[75.0433,7.3174],[75.0553,7.2976],[75.0634,7.284],[75.0755,7.2637],[75.0831,7.2505],[75.0941,7.2307],[75.1023,7.2172],[75.1138,7.1969],[75.1217,7.1835],[75.1333,7.164],[75.1407,7.1512],[75.1532,7.1308],[75.1609,7.1179],[75.1731,7.0976],[75.1808,7.0855],[75.1932,7.0659],[75.2011,7.0529],[75.2132,7.0333],[75.2215,7.0203],[75.2333,7.0001],[75.241,6.9876],[75.2529,6.9684],[75.261,6.9552],[75.2724,6.9363],[75.2806,6.9228],[75.2927,6.9037],[75.3006,6.8909],[75.3129,6.8715],[75.3215,6.8586],[75.3335,6.8399],[75.3421,6.8265],[75.3545,6.8076],[75.3629,6.7946],[75.3753,6.7752],[75.3835,6.7625],[75.3955,6.7429],[75.4039,6.7304],[75.4154,6.7111],[75.4232,6.6982],[75.4358,6.6781],[75.444,6.6654],[75.4557,6.6459],[75.4638,6.6324],[75.476,6.6122],[75.4839,6.5989],[75.4957,6.579],[75.5041,6.5664],[75.5154,6.5468],[75.5227,6.5342],[75.5346,6.5144],[75.5424,6.5013],[75.5543,6.4819],[75.5617,6.469],[75.5734,6.4493],[75.5813,6.436],[75.593,6.4161],[75.6007,6.4029],[75.6122,6.3832],[75.6198,6.37],[75.6312,6.3505],[75.6388,6.3372],[75.6506,6.3171],[75.6577,6.304],[75.6684,6.2841],[75.6753,6.2713],[75.6865,6.2503],[75.6933,6.2371],[75.7041,6.216],[75.7111,6.2029],[75.7218,6.1826],[75.7292,6.1695],[75.7405,6.149],[75.748,6.1361],[75.7593,6.1166],[75.7665,6.1029],[75.7775,6.0836],[75.7851,6.0699],[75.7959,6.0495],[75.8033,6.0359],[75.8141,6.016],[75.8215,6.0023],[75.833,5.9826],[75.8406,5.9694],[75.8525,5.9492],[75.8603,5.9357],[75.8719,5.916],[75.8786,5.9028],[75.8897,5.883],[75.8968,5.8698],[75.908,5.8488],[75.9153,5.8358],[75.9262,5.8157],[75.9334,5.8024],[75.9441,5.7824],[75.9512,5.7688],[75.9619,5.7482],[75.9694,5.7343],[75.98,5.7137],[75.9868,5.7005],[75.9978,5.6801],[76.0052,5.6671],[76.0165,5.6465],[76.024,5.633],[76.0348,5.6134],[76.0422,5.6003],[76.0537,5.5804],[76.0613,5.5668],[76.0722,5.5466],[76.0801,5.5335],[76.0911,5.5138],[76.099,5.5002],[76.1105,5.481],[76.1184,5.4676],[76.13,5.4476],[76.1374,5.4346],[76.1487,5.4144],[76.1564,5.4008],[76.1682,5.3812],[76.1761,5.3676],[76.1872,5.3473],[76.1943,5.3337]]},"properties":{"mmsi":991125278,"name":"SYN-TAN-28","role":"candidate","vessel_type":80,"synthetic":true,"t_offset_s":[-234929,-234809,-234449,-234209,-233849,-233609,-233249,-233009,-232649,-232409,-232049,-231809,-231449,-231209,-230849,-230609,-230249,-230009,-229649,-229409,-229049,-228809,-228449,-228209,-227849,-227609,-227249,-227009,-226649,-226409,-226049,-225809,-225449,-225209,-224849,-224609,-224249,-224009,-223649,-223409,-223049,-222809,-222449,-222209,-221849,-221609,-221249,-221009,-220649,-220409,-220049,-219809,-219449,-219209,-218849,-218609,-218249,-218009,-217649,-217409,-217049,-216809,-216449,-216209,-215849,-215609,-215249,-215009,-214649,-214409,-214049,-213809,-213449,-213209,-212849,-212609,-212249,-212009,-211649,-211409,-211049,-210809,-210449,-210209,-209849,-209609,-209249,-209009,-208649,-208409,-208049,-207809,-207449,-207209,-206849,-206609,-206249,-206009,-205649,-205409,-205049,-204809,-204449,-204209,-203849,-203609,-203249,-203009,-202649,-202409,-202049,-201809,-201449,-201209,-200849,-200609,-200249,-200009,-199649,-199409,-199049,-198809,-198449,-198209,-197849,-197609,-197249,-197009,-196649,-196409,-196049,-195809,-195449,-195209,-194849,-194609,-194249,-194009,-193649,-193409,-193049,-192809,-192449,-192209,-191849,-191609,-191249,-191009,-190649,-190409,-190049,-189809,-189449,-189209,-188849,-188609,-188249,-188009,-187649,-187409,-187049,-186809,-186449,-186209,-185849,-185609,-185249,-185009,-184649,-184409,-184049,-183809,-183449,-183209,-182849,-182609,-182249,-182009,-181649,-181409,-181049,-180809,-180449,-180209,-179849,-179609,-179249,-179009,-178649,-178409,-178049,-177809,-177449,-177209,-176849,-176609,-176249,-176009,-175649,-175409,-175049,-174809,-174449,-174209],"sog":[13.7,12.8,13.7,13.8,13.8,13.3,13.5,13.5,13.9,13.3,13.6,13.3,14.0,13.7,14.0,13.4,13.9,14.0,13.4,13.7,13.5,13.8,13.8,13.2,13.6,14.3,13.7,14.1,14.2,13.6,13.6,13.7,13.7,13.7,13.7,13.5,13.9,13.4,13.9,13.0,13.6,13.4,13.3,13.5,14.0,13.8,14.0,13.9,13.5,13.7,13.5,13.9,13.6,14.1,13.7,14.2,13.0,14.2,13.9,13.8,13.6,13.4,14.1,13.8,14.0,13.4,13.5,14.2,14.0,13.5,13.8,13.6,13.9,14.1,13.6,13.4,13.6,13.7,14.0,13.5,13.4,13.7,13.6,13.6,13.9,14.4,13.8,13.8,13.9,14.1,13.9,13.6,13.3,13.2,14.4,13.4,14.2,13.0,13.7,14.0,13.1,14.4,14.0,13.5,13.6,13.7,13.2,13.6,13.8,13.7,13.8,13.8,13.1,14.2,14.2,14.0,13.8,13.8,13.7,13.0,13.5,13.5,13.9,13.8,13.8,13.7,14.0,13.9,14.2,13.6,13.4,13.4,13.4,13.8,13.8,13.7,13.5,13.9,14.1,13.4,13.5,13.6,13.5,13.9,13.7,13.4,13.8,13.0,13.9,13.7,13.8,13.8,13.8,14.1,14.1,13.0,13.5,13.6,13.5,13.6,13.6,14.1,13.5,13.5,13.3,13.7,14.3,13.3,13.9,13.2,13.4,13.5,14.3,13.7,13.6,13.7,13.7,13.5,13.5,14.2,13.9,13.8,13.3,13.6,13.7,13.6,13.2,13.7,14.1,14.1,13.9,13.4,14.0,13.8,14.0,13.5,13.8,12.9,14.1,13.7,13.9,13.7,13.7,14.1]}},{"type":"Feature","geometry":{"type":"LineString","coordinates":[[74.5179,12.1147],[74.5155,12.1095],[74.5071,12.0948],[74.5013,12.0839],[74.4924,12.0686],[74.4863,12.0582],[74.477,12.0423],[74.4715,12.0327],[74.4622,12.0171],[74.4564,12.007],[74.4469,11.9915],[74.4413,11.9815],[74.4326,11.9662],[74.4267,11.9557],[74.4182,11.9399],[74.4123,11.9296],[74.404,11.9136],[74.399,11.9032],[74.3903,11.8869],[74.3848,11.8767],[74.3765,11.8606],[74.371,11.8507],[74.3625,11.8349],[74.3563,11.8239],[74.3474,11.8087],[74.3415,11.7979],[74.3333,11.7823],[74.3271,11.7715],[74.3186,11.7557],[74.3125,11.7448],[74.3043,11.7287],[74.2987,11.7187],[74.2897,11.7026],[74.2841,11.6916],[74.2753,11.6758],[74.2699,11.6653],[74.2611,11.6494],[74.2548,11.6391],[74.2463,11.6239],[74.2406,11.6133],[74.2317,11.5972],[74.2253,11.5867],[74.2163,11.571],[74.2102,11.5611],[74.2012,11.5457],[74.1952,11.5358],[74.1865,11.5203],[74.1811,11.5102],[74.1721,11.4947],[74.1667,11.4836],[74.1586,11.4681],[74.1531,11.4578],[74.1448,11.4419],[74.1391,11.4314],[74.1307,11.4154],[74.1251,11.4048],[74.1165,11.3888],[74.1109,11.378],[74.1023,11.3624],[74.0964,11.3522],[74.0881,11.3366],[74.0824,11.326],[74.074,11.31],[74.0685,11.2997],[74.0597,11.2839],[74.0539,11.2737],[74.0447,11.2581],[74.0386,11.2484],[74.0296,11.2331],[74.0229,11.2228],[74.0136,11.207]]},"properties":{"mmsi":991187380,"name":"SYN-CAR-30","role":"background","vessel_type":70,"synthetic":true,"t_offset_s":[65334,65454,65814,66054,66414,66654,67014,67254,67614,67854,68214,68454,68814,69054,69414,69654,70014,70254,70614,70854,71214,71454,71814,72054,72414,72654,73014,73254,73614,73854,74214,74454,74814,75054,75414,75654,76014,76254,76614,76854,77214,77454,77814,78054,78414,78654,79014,79254,79614,79854,80214,80454,80814,81054,81414,81654,82014,82254,82614,82854,83214,83454,83814,84054,84414,84654,85014,85254,85614,85854,86214],"sog":[11.4,10.2,10.1,11.1,10.7,10.6,11.3,10.5,10.5,11.0,10.2,10.1,10.4,10.6,10.7,10.8,10.8,10.8,10.8,10.6,10.3,10.5,10.8,11.4,10.2,10.5,10.9,11.4,10.7,11.5,10.8,10.4,10.6,10.9,11.3,11.1,11.0,10.4,10.5,11.3,10.8,10.8,10.9,10.6,10.0,10.3,10.2,10.6,10.7,10.8,10.2,10.5,10.5,10.4,10.7,10.5,10.9,10.2,10.3,10.5,10.7,10.9,11.0,10.1,10.8,10.7,10.6,10.4,10.3,10.9,10.8]}},{"type":"Feature","geometry":{"type":"LineString","coordinates":[[74.572,11.9347],[74.5736,11.9361],[74.5766,11.9376],[74.5827,11.939],[74.5849,11.942],[74.5901,11.9437],[74.5921,11.9428],[74.5971,11.9448],[74.6011,11.9444],[74.6061,11.944],[74.6098,11.9411],[74.612,11.9367],[74.6129,11.9326],[74.613,11.9263],[74.614,11.9233],[74.6131,11.9165],[74.6121,11.9129],[74.6081,11.9103],[74.6031,11.9099],[74.5959,11.9073],[74.5915,11.9062],[74.5853,11.9061],[74.5817,11.9065],[74.5759,11.9061],[74.5718,11.9084],[74.5666,11.9042],[74.5659,11.9022],[74.5665,11.8963],[74.5694,11.8957],[74.5736,11.8973],[74.5748,11.9001],[74.5771,11.9044],[74.5755,11.9065],[74.5756,11.9114],[74.5756,11.9159],[74.5717,11.9195],[74.5706,11.9221],[74.5701,11.9281],[74.5736,11.9284],[74.5801,11.9281],[74.5825,11.931],[74.5881,11.9327],[74.5916,11.9322],[74.5967,11.9317],[74.5997,11.9314],[74.6047,11.9319],[74.6082,11.9336],[74.6118,11.9333],[74.6151,11.9324],[74.6195,11.9307],[74.6229,11.9307],[74.6293,11.9331],[74.6319,11.9355],[74.6376,11.9363],[74.6387,11.939],[74.6376,11.9432],[74.6338,11.9459],[74.6302,11.9526],[74.6315,11.9552],[74.6346,11.9602],[74.634,11.9641],[74.6345,11.9686],[74.6377,11.972],[74.6401,11.9767],[74.6423,11.9803],[74.6478,11.9814],[74.6481,11.9791],[74.6488,11.9756],[74.6514,11.9729],[74.6557,11.9711],[74.658,11.9685],[74.6577,11.9637],[74.6547,11.9612],[74.6503,11.9605],[74.6476,11.9586],[74.6476,11.9541],[74.6448,11.9506],[74.6449,11.9447],[74.6452,11.9426],[74.6509,11.9408],[74.6535,11.9414],[74.6581,11.9456],[74.6566,11.9489],[74.6594,11.9516],[74.6613,11.9521],[74.6659,11.9496],[74.6682,11.9464],[74.6724,11.9451],[74.6763,11.9442],[74.6814,11.9455],[74.6838,11.9475],[74.682,11.951],[74.6784,11.9496],[74.6745,11.9461],[74.672,11.9459],[74.6694,11.9504],[74.6703,11.9552],[74.6712,11.9606],[74.6717,11.9636],[74.6682,11.9653],[74.6637,11.9651],[74.6593,11.9675],[74.6569,11.9688],[74.6511,11.9676],[74.6485,11.9682],[74.6446,11.9715],[74.6419,11.9728],[74.6363,11.9694],[74.6344,11.9662],[74.6316,11.9638],[74.6287,11.9614],[74.6238,11.9595],[74.6205,11.9579],[74.6146,11.956],[74.6142,11.9539],[74.6144,11.9503],[74.6128,11.9484],[74.6093,11.9431],[74.6055,11.9462],[74.6014,11.948],[74.5968,11.9493],[74.5933,11.9493],[74.5899,11.9469],[74.5845,11.947],[74.5815,11.9478],[74.5778,11.9533],[74.5774,11.9573],[74.5802,11.9595],[74.582,11.9634],[74.5825,11.9692],[74.5836,11.973],[74.5878,11.9753],[74.5869,11.9775],[74.5861,11.9809],[74.5861,11.9833],[74.5879,11.9899],[74.5886,11.9918],[74.5892,11.9965],[74.5882,11.9989],[74.5922,12.0025],[74.5951,12.0016],[74.5996,11.9987],[74.6032,11.9954],[74.6042,11.9913],[74.6018,11.9875],[74.5962,11.985],[74.5934,11.9813],[74.5989,11.9764],[74.6031,11.9766],[74.6086,11.978],[74.6117,11.9793],[74.6171,11.9797],[74.6207,11.982],[74.6261,11.9818],[74.6264,11.9781],[74.6254,11.9729],[74.6235,11.9681],[74.6228,11.9644],[74.627,11.9643],[74.6299,11.9682],[74.631,11.9714],[74.6284,11.9761],[74.6257,11.9799],[74.6219,11.9828],[74.6193,11.9833],[74.6124,11.9845],[74.61,11.9871],[74.6036,11.9854],[74.6025,11.983],[74.6051,11.9767],[74.6059,11.9727],[74.6105,11.9696],[74.6121,11.9664],[74.6153,11.9607],[74.6186,11.9601],[74.623,11.9612],[74.625,11.9624],[74.6311,11.9612],[74.6327,11.963],[74.6364,11.9655],[74.6392,11.9664],[74.6419,11.9636],[74.6443,11.9614],[74.6449,11.9668],[74.6418,11.9702],[74.6366,11.9711],[74.6314,11.9701],[74.6318,11.9654],[74.6342,11.9625],[74.6388,11.9595],[74.6411,11.9566],[74.6413,11.9528],[74.6405,11.9502],[74.6358,11.9465],[74.6323,11.945],[74.6277,11.9437],[74.6254,11.9413],[74.6222,11.9385],[74.6208,11.9354],[74.6189,11.9301],[74.6184,11.9274],[74.6173,11.9237],[74.6152,11.9204],[74.6134,11.916],[74.615,11.9135],[74.619,11.9144],[74.6211,11.9167],[74.6264,11.921],[74.6298,11.9203],[74.6351,11.9186],[74.6395,11.9181],[74.645,11.9199],[74.6465,11.9211],[74.6473,11.9267],[74.6473,11.9292],[74.6519,11.9327],[74.6566,11.9344],[74.6596,11.936],[74.6632,11.9383],[74.6649,11.9427],[74.6644,11.9458],[74.6652,11.951],[74.6687,11.9529],[74.6721,11.9536],[74.6773,11.9553],[74.6812,11.9561],[74.6848,11.9558],[74.6897,11.9569],[74.6903,11.9599],[74.6896,11.9642],[74.6903,11.969],[74.6898,11.9741],[74.6904,11.978],[74.6934,11.9815],[74.6964,11.9842],[74.7027,11.9845],[74.7053,11.9848],[74.7103,11.9859],[74.7132,11.9846],[74.7147,11.9796],[74.7153,11.977],[74.7148,11.9729],[74.7175,11.9687],[74.7226,11.9657],[74.723,11.9612],[74.7212,11.9562],[74.7184,11.9537],[74.7136,11.95],[74.7108,11.9495],[74.7082,11.9456],[74.7102,11.9424],[74.7121,11.9371],[74.7112,11.935],[74.7119,11.9309],[74.7152,11.9281],[74.7132,11.923],[74.7143,11.9187],[74.718,11.9136],[74.722,11.913],[74.725,11.9156],[74.7267,11.919],[74.7213,11.9189],[74.7185,11.9164],[74.7167,11.9136],[74.713,11.914],[74.7089,11.9172],[74.7058,11.9163],[74.7011,11.9132],[74.6979,11.9126],[74.6941,11.9167],[74.692,11.9192],[74.6902,11.9245],[74.6881,11.9262],[74.6828,11.9285],[74.6798,11.9302],[74.6734,11.9295],[74.6694,11.9272],[74.6635,11.9285],[74.661,11.9303],[74.658,11.9333],[74.656,11.9364],[74.652,11.9398],[74.6521,11.9444],[74.6534,11.9482],[74.6537,11.9509],[74.6539,11.9554],[74.6547,11.9596],[74.6545,11.9642],[74.6525,11.9681],[74.6488,11.9714],[74.6445,11.9718],[74.64,11.9703],[74.6372,11.9696],[74.6343,11.9686],[74.631,11.9662],[74.6329,11.9612],[74.6315,11.9588],[74.6286,11.956],[74.6249,11.9542],[74.6189,11.9518],[74.6174,11.9487],[74.6165,11.9433],[74.6161,11.9411],[74.6152,11.9356],[74.6131,11.9326],[74.612,11.9278],[74.6108,11.9238],[74.6106,11.9186],[74.6124,11.9169],[74.6177,11.917],[74.6215,11.9163],[74.6254,11.9199],[74.6222,11.9226],[74.6204,11.9256],[74.6211,11.9293],[74.6231,11.9344],[74.6238,11.9372],[74.6218,11.9418],[74.619,11.9429],[74.6129,11.9467],[74.6101,11.9465],[74.6041,11.9458],[74.6024,11.9463],[74.5963,11.9444],[74.5933,11.9405],[74.5909,11.935],[74.5886,11.9304],[74.5898,11.9259],[74.5905,11.9225],[74.5931,11.9167],[74.5964,11.9141],[74.5975,11.9108],[74.597,11.9073],[74.5984,11.9013],[74.5996,11.8995],[74.6027,11.8943],[74.6048,11.8909],[74.6087,11.8885],[74.6104,11.886],[74.6144,11.8826],[74.6166,11.8807],[74.6214,11.8799],[74.6247,11.8823],[74.6291,11.883],[74.631,11.8836],[74.6372,11.8821],[74.6413,11.8807],[74.6449,11.8785],[74.6496,11.8776],[74.6552,11.8775],[74.6599,11.876],[74.6646,11.8766],[74.6683,11.8758],[74.6743,11.8775],[74.6774,11.8787],[74.6822,11.8785],[74.6837,11.8768],[74.6858,11.8725],[74.6886,11.8703],[74.6911,11.8657],[74.6886,11.8627],[74.6826,11.8608],[74.6787,11.8618],[74.6721,11.8645],[74.6674,11.8634],[74.6638,11.859],[74.6607,11.8558],[74.6556,11.8524],[74.6541,11.8502],[74.6537,11.8435],[74.6533,11.8412],[74.6523,11.8343],[74.6533,11.8307],[74.6549,11.8274],[74.6564,11.8244],[74.6605,11.8197],[74.6627,11.8166],[74.6615,11.8115],[74.6588,11.8101],[74.654,11.8131],[74.652,11.8161],[74.6492,11.8195],[74.6479,11.8229],[74.6495,11.8273],[74.6507,11.8307],[74.6531,11.834],[74.6558,11.8355],[74.6593,11.8364],[74.658,11.8403],[74.6531,11.8406],[74.6495,11.8383],[74.6467,11.8339],[74.6432,11.8329],[74.6396,11.8307],[74.6346,11.8306],[74.6289,11.83],[74.6269,11.8264],[74.6219,11.8252],[74.6182,11.8261],[74.6139,11.826],[74.6117,11.8251],[74.6072,11.8213],[74.6028,11.8208],[74.6,11.8159],[74.6027,11.813],[74.6067,11.8107],[74.6099,11.8125],[74.6134,11.8143],[74.616,11.8159],[74.6194,11.8222],[74.6197,11.8252],[74.6155,11.8284],[74.612,11.8258],[74.6077,11.8257],[74.6044,11.8246],[74.6013,11.819],[74.5989,11.8171],[74.5951,11.8129],[74.5939,11.8098],[74.5886,11.8074],[74.5858,11.806],[74.5828,11.8026],[74.5831,11.8011],[74.5818,11.7973],[74.58,11.7949],[74.5764,11.7914],[74.5743,11.7892],[74.5728,11.7835],[74.5715,11.7784],[74.5728,11.7744],[74.5735,11.7698],[74.5756,11.7653],[74.5774,11.7627],[74.5825,11.7605],[74.5868,11.7593],[74.5919,11.7575],[74.5938,11.7557],[74.5945,11.7498],[74.5934,11.745],[74.5938,11.7413],[74.5937,11.7389],[74.5942,11.733],[74.5931,11.7298],[74.5925,11.7234],[74.5914,11.719],[74.5926,11.7138],[74.5916,11.7109],[74.5856,11.7077],[74.5857,11.7041],[74.59,11.7003],[74.5948,11.7021],[74.6005,11.7003],[74.6038,11.697],[74.6082,11.692],[74.6123,11.6913],[74.6159,11.6879],[74.6165,11.6856],[74.6201,11.6795],[74.6215,11.6768],[74.6242,11.6723],[74.6242,11.6666],[74.6254,11.6619],[74.6284,11.6608],[74.628,11.6553],[74.6266,11.6503],[74.6251,11.6445],[74.6235,11.6443],[74.6242,11.6397],[74.6236,11.6369],[74.6215,11.635],[74.6214,11.631],[74.6222,11.6267],[74.6247,11.625],[74.6311,11.6269],[74.6335,11.6285],[74.6377,11.631],[74.6426,11.632],[74.6472,11.633],[74.6479,11.6365],[74.6441,11.639],[74.6406,11.6388],[74.6358,11.6372],[74.6344,11.6351],[74.6315,11.6307],[74.6307,11.6268],[74.6286,11.6229],[74.627,11.6205],[74.624,11.6242],[74.6254,11.627],[74.6295,11.6302],[74.632,11.6308],[74.6368,11.632],[74.6404,11.6309],[74.6449,11.6322],[74.6469,11.6358],[74.6478,11.6414],[74.6493,11.6428],[74.652,11.6477],[74.6562,11.6498],[74.6567,11.6539],[74.6548,11.6571],[74.6512,11.661],[74.6487,11.659],[74.6501,11.6541],[74.6498,11.6519],[74.6546,11.6525],[74.6574,11.654],[74.6611,11.6579],[74.6636,11.6602],[74.6687,11.6631],[74.671,11.6666],[74.6683,11.671],[74.6681,11.6738],[74.6661,11.6774],[74.6645,11.6788],[74.6598,11.6817],[74.6574,11.682],[74.6527,11.682],[74.6498,11.6802],[74.6466,11.6797],[74.6428,11.6798],[74.6396,11.6813],[74.6352,11.6827],[74.6299,11.6802],[74.6265,11.6768],[74.6254,11.6726],[74.6286,11.6721],[74.6336,11.6703],[74.6381,11.6697],[74.6438,11.6693],[74.6464,11.6683],[74.6525,11.6679],[74.6543,11.6682],[74.658,11.6728],[74.6595,11.6767],[74.6643,11.6826],[74.6665,11.6852],[74.6692,11.6901],[74.6722,11.6908],[74.6771,11.6905],[74.6803,11.6901],[74.6854,11.6905],[74.6899,11.6919],[74.6933,11.6913],[74.6964,11.689],[74.6986,11.6842],[74.6998,11.6809],[74.6979,11.6754],[74.6981,11.6731],[74.7002,11.6692],[74.7038,11.6664],[74.7071,11.6643],[74.7094,11.6619],[74.7086,11.6558],[74.7074,11.6543],[74.6999,11.6541],[74.698,11.6524],[74.7004,11.6496],[74.7027,11.6491],[74.7028,11.645],[74.703,11.6419],[74.7064,11.6371],[74.707,11.6352],[74.7061,11.6313],[74.7038,11.6277],[74.6993,11.6258],[74.6966,11.6243],[74.6922,11.6227],[74.6875,11.6219],[74.6831,11.6225],[74.6803,11.6225],[74.6743,11.624],[74.6716,11.6271],[74.6724,11.6339],[74.674,11.6377],[74.6721,11.6436],[74.6701,11.6452],[74.6657,11.6481],[74.6611,11.6482],[74.6549,11.6497],[74.6517,11.6502],[74.647,11.651],[74.644,11.6509],[74.6409,11.6464],[74.6398,11.6436],[74.6349,11.6435],[74.6318,11.6439],[74.6251,11.6469],[74.6221,11.6471],[74.6195,11.6432],[74.6177,11.6427],[74.6155,11.6375],[74.6137,11.6354],[74.6088,11.6341],[74.6058,11.6322],[74.6021,11.6267],[74.6013,11.625],[74.6012,11.6202],[74.6002,11.6183],[74.6008,11.6128],[74.6014,11.6085],[74.6012,11.6055],[74.6011,11.6021],[74.5992,11.5991],[74.5963,11.5958],[74.5923,11.5942],[74.5907,11.5907],[74.5874,11.5855],[74.5873,11.5809],[74.5861,11.574],[74.5867,11.5712],[74.5868,11.5682],[74.5834,11.5676],[74.5799,11.5715],[74.5796,11.5761],[74.58,11.5815],[74.578,11.5848],[74.5783,11.5893],[74.5801,11.5945],[74.5838,11.5976],[74.5863,11.5997],[74.5902,11.6027],[74.5948,11.6047],[74.6013,11.6033],[74.6042,11.6015],[74.6074,11.6029],[74.6111,11.605],[74.6149,11.6069],[74.6175,11.6095],[74.6208,11.6073],[74.6226,11.6046],[74.6237,11.5992],[74.6259,11.5978],[74.6282,11.5934],[74.6285,11.5886],[74.6279,11.5832],[74.6261,11.5812],[74.6235,11.5779],[74.6246,11.5748],[74.6244,11.5702],[74.625,11.5655],[74.618,11.567],[74.6152,11.5709],[74.6113,11.5753],[74.6117,11.5797],[74.611,11.583],[74.6082,11.5858],[74.6064,11.5902],[74.6062,11.5949],[74.6026,11.5987],[74.6044,11.6025],[74.6106,11.6024],[74.6141,11.6029],[74.6202,11.6042],[74.6225,11.6055],[74.6278,11.6061],[74.6314,11.6064],[74.6352,11.6095],[74.6375,11.613],[74.635,11.6178],[74.633,11.6188],[74.6294,11.6237],[74.6275,11.6277],[74.6228,11.6327],[74.6213,11.6337],[74.6164,11.6339],[74.6141,11.6341],[74.6102,11.6379],[74.6085,11.6412],[74.6075,11.6452],[74.6091,11.6476],[74.6153,11.6462],[74.6184,11.6456],[74.6222,11.6429],[74.6257,11.6446],[74.6301,11.6468],[74.6334,11.6461],[74.6393,11.6479],[74.6417,11.6468],[74.6475,11.6425],[74.65,11.6408],[74.6518,11.6357],[74.654,11.6322],[74.6536,11.6266],[74.656,11.6243],[74.6607,11.6251],[74.6637,11.6247],[74.6654,11.6199],[74.6688,11.6197],[74.6728,11.6168],[74.6755,11.6184],[74.6807,11.6208],[74.6829,11.6222],[74.6873,11.6247],[74.69,11.6249],[74.6941,11.6206],[74.6954,11.6169],[74.6935,11.6111],[74.6912,11.6079],[74.6879,11.6061],[74.6859,11.6016],[74.6828,11.5963],[74.6786,11.5941],[74.6771,11.5895],[74.6766,11.5856],[74.6742,11.581],[74.6715,11.5804],[74.6669,11.5819],[74.664,11.581],[74.6593,11.5821],[74.6565,11.5843],[74.654,11.588],[74.6531,11.5907],[74.6485,11.5936],[74.6462,11.595],[74.6417,11.596],[74.6391,11.5979],[74.6363,11.5998],[74.6321,11.6011],[74.6272,11.602],[74.6231,11.604],[74.6206,11.6047],[74.6175,11.6055],[74.6113,11.6048],[74.6089,11.6026],[74.606,11.6005],[74.6038,11.5964],[74.605,11.5928],[74.6072,11.5904],[74.6086,11.5864],[74.6061,11.5825],[74.6048,11.578],[74.6042,11.5734],[74.6024,11.5679],[74.5985,11.5664],[74.5923,11.5679],[74.5902,11.5676],[74.5859,11.5664],[74.5842,11.5625],[74.5804,11.5588],[74.5793,11.556],[74.5738,11.5549],[74.5716,11.5533],[74.568,11.5519],[74.5639,11.5515],[74.5603,11.5491],[74.5584,11.5458],[74.5538,11.5473],[74.5506,11.5476],[74.5443,11.5499],[74.5415,11.5496],[74.5386,11.546],[74.5375,11.5416],[74.537,11.5381],[74.5357,11.5348],[74.5289,11.5332],[74.5245,11.5324],[74.5209,11.5294],[74.5216,11.5241],[74.5222,11.5212],[74.5222,11.518],[74.5206,11.5124],[74.5177,11.5093],[74.5123,11.5067],[74.5082,11.5059],[74.5032,11.5051],[74.5002,11.503],[74.4947,11.5014],[74.4901,11.5015],[74.4838,11.5023],[74.4799,11.5033],[74.4753,11.5005],[74.4717,11.4989],[74.4672,11.4962],[74.4648,11.4946],[74.4591,11.4922],[74.458,11.4906],[74.4536,11.4893],[74.4515,11.4887],[74.4478,11.4873],[74.4465,11.4842],[74.4498,11.4787],[74.4485,11.4738],[74.4452,11.4704],[74.4429,11.4674],[74.4409,11.464],[74.44,11.4608],[74.4398,11.4564],[74.4388,11.4516],[74.437,11.4482],[74.4339,11.4458],[74.4313,11.4405],[74.4319,11.4372],[74.4327,11.4347],[74.4359,11.4322],[74.4402,11.4289],[74.4397,11.4258],[74.4406,11.4211],[74.4397,11.4181],[74.4377,11.4135],[74.4373,11.41],[74.4401,11.4062],[74.4431,11.4044],[74.446,11.4016],[74.4488,11.4014],[74.4508,11.4045],[74.4495,11.4068],[74.4452,11.4072],[74.442,11.4075],[74.437,11.4057],[74.4328,11.4061],[74.4296,11.4027],[74.4305,11.3988],[74.4317,11.3941],[74.4328,11.3907],[74.4329,11.3868],[74.4347,11.3825],[74.4409,11.3826],[74.4444,11.3822],[74.4474,11.3862],[74.4458,11.3898],[74.448,11.3968],[74.4511,11.3997],[74.4541,11.4051],[74.4562,11.4078],[74.4594,11.4134],[74.4581,11.4173],[74.4549,11.4165],[74.4539,11.415],[74.4475,11.4112],[74.4443,11.4119],[74.4414,11.4092],[74.4399,11.4059],[74.4382,11.4032],[74.436,11.3994],[74.4313,11.3971],[74.4285,11.3988],[74.4246,11.4025],[74.4231,11.4052],[74.4209,11.4083],[74.4171,11.4127],[74.4128,11.4137],[74.4118,11.4115],[74.4127,11.4058],[74.4145,11.4021],[74.4178,11.3974],[74.4203,11.3948],[74.4246,11.397],[74.4265,11.4005],[74.4286,11.4037],[74.431,11.4061],[74.4317,11.4116],[74.4314,11.4149],[74.4276,11.419],[74.424,11.4195],[74.4198,11.4153],[74.4173,11.4136],[74.4105,11.413],[74.4076,11.4118],[74.4049,11.4057],[74.4054,11.4016],[74.4077,11.3959],[74.4101,11.3924],[74.4097,11.3879],[74.4074,11.386],[74.4029,11.3905],[74.4023,11.3932],[74.4041,11.3981],[74.4052,11.3996],[74.4083,11.402],[74.4095,11.4044],[74.4072,11.4084],[74.4073,11.4114],[74.4043,11.4147],[74.4009,11.415],[74.3998,11.4127],[74.3974,11.4101],[74.3914,11.4058],[74.3887,11.4069],[74.3841,11.4045],[74.3843,11.4012],[74.3813,11.3972],[74.3785,11.3972],[74.3726,11.3989],[74.3694,11.4006],[74.3651,11.4038],[74.3614,11.4062],[74.3605,11.4127],[74.3631,11.4166],[74.3659,11.4202],[74.3691,11.4229],[74.374,11.4248],[74.3776,11.427],[74.3809,11.4322],[74.3823,11.4375],[74.3839,11.4412],[74.3857,11.4461],[74.3886,11.4503],[74.3906,11.4521],[74.3945,11.454],[74.3971,11.4552],[74.4012,11.4598],[74.4062,11.46],[74.412,11.4613],[74.4149,11.4622],[74.4187,11.4655],[74.4205,11.4681],[74.4196,11.474],[74.4205,11.4759],[74.4208,11.4816],[74.4174,11.4841],[74.4124,11.488],[74.4112,11.4907],[74.4101,11.4955],[74.408,11.4987],[74.4047,11.5016],[74.406,11.5038],[74.4079,11.5087],[74.409,11.5129],[74.4112,11.5169],[74.4146,11.5173],[74.4202,11.5201],[74.4207,11.5227],[74.4251,11.5254],[74.428,11.5273],[74.4313,11.5326],[74.4299,11.5348],[74.4341,11.538],[74.4368,11.5371],[74.4413,11.5329],[74.4435,11.5301],[74.4471,11.5265],[74.451,11.5237],[74.4559,11.5206],[74.4567,11.5169],[74.4593,11.5108],[74.4617,11.5099],[74.4663,11.5078],[74.4712,11.5064],[74.4753,11.5017],[74.4784,11.5015],[74.4839,11.4996],[74.4872,11.4966],[74.4885,11.4912],[74.4909,11.4874],[74.492,11.4816],[74.4898,11.4786],[74.4837,11.4782],[74.4796,11.4783],[74.4769,11.481],[74.477,11.4844],[74.4792,11.4882],[74.4795,11.4919],[74.4808,11.4957],[74.4817,11.5],[74.4755,11.5027],[74.4726,11.5017],[74.4678,11.5005],[74.4641,11.5004],[74.4575,11.5001],[74.4549,11.4995],[74.4515,11.5025],[74.4477,11.5051],[74.4429,11.5046],[74.4397,11.5023],[74.4335,11.503],[74.429,11.5055],[74.4257,11.5112],[74.4231,11.5148],[74.419,11.5196],[74.4182,11.5222],[74.4142,11.526],[74.4149,11.5282],[74.4175,11.5327],[74.4181,11.5359],[74.4209,11.5361],[74.4243,11.5372],[74.4287,11.5375],[74.4319,11.5338],[74.4387,11.5331],[74.4432,11.5349],[74.4487,11.5322],[74.4538,11.5305],[74.4575,11.5267],[74.459,11.5246],[74.4634,11.5204],[74.4649,11.5177],[74.4613,11.5125],[74.4602,11.5095],[74.4625,11.5039],[74.4621,11.5008],[74.4635,11.4965],[74.4671,11.4951],[74.4732,11.498],[74.4765,11.4991],[74.4803,11.4982],[74.4839,11.4974],[74.4873,11.4947],[74.4901,11.4944],[74.4943,11.4932],[74.4981,11.494],[74.5045,11.4949],[74.5077,11.4959],[74.5119,11.4926],[74.5112,11.4883],[74.509,11.4843],[74.508,11.4815],[74.5092,11.4764],[74.5094,11.4736],[74.5086,11.4676],[74.5083,11.4648],[74.5038,11.4625],[74.5022,11.4638],[74.4967,11.4665],[74.4945,11.4659],[74.4893,11.4637],[74.4909,11.4605],[74.4949,11.4559],[74.4988,11.457],[74.5047,11.4579],[74.5088,11.4587],[74.5141,11.4602],[74.5174,11.4601],[74.524,11.4569],[74.5282,11.4574],[74.5307,11.4604],[74.5333,11.4632],[74.5372,11.4658],[74.5393,11.4675],[74.5392,11.4725],[74.5381,11.4774],[74.5366,11.483],[74.5358,11.486],[74.5339,11.4898],[74.5309,11.4924],[74.5259,11.4958],[74.5242,11.4976],[74.5222,11.5039],[74.5205,11.5072],[74.5205,11.5118],[74.5213,11.5155],[74.5249,11.5184],[74.5294,11.5173],[74.5342,11.5185],[74.5361,11.5167],[74.5338,11.5113],[74.532,11.5095],[74.5272,11.5069],[74.5243,11.5077],[74.5194,11.5056],[74.5177,11.5042],[74.5155,11.4997],[74.5176,11.4961],[74.5164,11.4917],[74.5157,11.4883],[74.5133,11.4843],[74.5107,11.4826],[74.5063,11.4796],[74.5074,11.4767],[74.5097,11.4725],[74.5096,11.4693],[74.5068,11.4661],[74.5044,11.464],[74.5025,11.4602],[74.5066,11.458],[74.5118,11.4599],[74.5108,11.4639],[74.5098,11.4701],[74.5123,11.4721],[74.5163,11.4752],[74.5158,11.4782],[74.5133,11.4834],[74.5105,11.4825],[74.5063,11.4848],[74.5053,11.4884],[74.5051,11.4937],[74.508,11.4974],[74.5119,11.4988],[74.5173,11.4977],[74.5205,11.492],[74.5216,11.4887],[74.5203,11.4843],[74.5181,11.4808],[74.5149,11.4754],[74.516,11.4715],[74.5191,11.4675],[74.5206,11.4652],[74.5237,11.4589],[74.5263,11.4557],[74.5296,11.4522],[74.5291,11.448],[74.5303,11.4437],[74.5277,11.4413],[74.5247,11.4373],[74.5237,11.4347],[74.522,11.4299],[74.521,11.4255],[74.5165,11.4222],[74.5114,11.4213],[74.5077,11.4203],[74.5036,11.4215],[74.4995,11.4217],[74.4973,11.4204],[74.4941,11.4154],[74.4909,11.4121],[74.4914,11.4077],[74.4943,11.4054],[74.4994,11.4054],[74.5027,11.404],[74.508,11.4052],[74.5096,11.4077],[74.5079,11.4131],[74.5086,11.4168],[74.5113,11.4214],[74.512,11.4247],[74.5082,11.4282],[74.5051,11.4278],[74.4991,11.4276],[74.4958,11.4266],[74.4933,11.424],[74.495,11.4199],[74.4956,11.4147],[74.4973,11.4121],[74.5012,11.4088],[74.5042,11.4064],[74.5075,11.402],[74.5114,11.3997],[74.5127,11.3961],[74.5089,11.394],[74.5028,11.3951],[74.5013,11.398],[74.4997,11.4038],[74.4974,11.404],[74.4928,11.4044],[74.4899,11.4068],[74.4865,11.4125],[74.4852,11.4147],[74.4866,11.4198],[74.4881,11.4236],[74.4903,11.429],[74.4915,11.4319],[74.4936,11.4359],[74.4935,11.4411],[74.4934,11.4475],[74.4915,11.4513],[74.49,11.4565],[74.487,11.4595],[74.4847,11.464],[74.4848,11.467],[74.4886,11.471],[74.4904,11.4732],[74.4935,11.4767],[74.4968,11.4772]]},"properties":{"mmsi":991230295,"name":"SYN-FSH-00","role":"eliminated","vessel_type":30,"synthetic":true,"t_offset_s":[-259200,-259080,-258840,-258480,-258240,-257880,-257640,-257280,-257040,-256680,-256440,-256080,-255840,-255480,-255240,-254880,-254640,-254280,-254040,-253680,-253440,-253080,-252840,-252480,-252240,-251880,-251640,-251280,-251040,-250680,-250440,-250080,-249840,-249480,-249240,-248880,-248640,-248280,-248040,-247680,-247440,-247080,-246840,-246480,-246240,-245880,-245640,-245280,-245040,-244680,-244440,-244080,-243840,-243480,-243240,-242880,-242640,-242280,-242040,-241680,-241440,-241080,-240840,-240480,-240240,-239880,-239640,-239280,-239040,-238680,-238440,-238080,-237840,-237480,-237240,-236880,-236640,-236280,-236040,-235680,-235440,-235080,-234840,-234480,-234240,-233880,-233640,-233280,-233040,-232680,-232440,-232080,-231840,-231480,-231240,-230880,-230640,-230280,-230040,-229680,-229440,-229080,-228840,-228480,-228240,-227880,-227640,-227280,-227040,-226680,-226440,-226080,-225840,-225480,-225240,-224880,-224640,-224280,-224040,-223680,-223440,-223080,-222840,-222480,-222240,-221880,-221640,-221280,-221040,-220680,-220440,-220080,-219840,-219480,-219240,-218880,-218640,-218280,-218040,-217680,-217440,-217080,-216840,-216480,-216240,-215880,-215640,-215280,-215040,-214680,-214440,-214080,-213840,-213480,-213240,-212880,-212640,-212280,-212040,-211680,-211440,-211080,-210840,-210480,-210240,-209880,-209640,-209280,-209040,-208680,-208440,-208080,-207840,-207480,-207240,-206880,-206640,-206280,-206040,-205680,-205440,-205080,-204840,-204480,-204240,-203880,-203640,-203280,-203040,-202680,-202440,-202080,-201840,-201480,-201240,-200880,-200640,-200280,-200040,-199680,-199440,-199080,-198840,-198480,-198240,-197880,-197640,-197280,-197040,-196680,-196440,-196080,-195840,-195480,-195240,-194880,-194640,-194280,-194040,-193680,-193440,-193080,-192840,-192480,-192240,-191880,-191640,-191280,-191040,-190680,-190440,-190080,-189840,-189480,-189240,-188880,-188640,-188280,-188040,-187680,-187440,-187080,-186840,-186480,-186240,-185880,-185640,-185280,-185040,-184680,-184440,-184080,-183840,-183480,-183240,-182880,-182640,-182280,-182040,-181680,-181440,-181080,-180840,-180480,-180240,-179880,-179640,-179280,-179040,-178680,-178440,-178080,-177840,-177480,-177240,-176880,-176640,-176280,-176040,-175680,-175440,-175080,-174840,-174480,-174240,-173880,-173640,-173280,-173040,-172680,-172440,-172080,-171840,-171480,-171240,-170880,-170640,-170280,-170040,-169680,-169440,-169080,-168840,-168480,-168240,-167880,-167640,-167280,-167040,-166680,-166440,-166080,-165840,-165480,-165240,-164880,-164640,-164280,-164040,-163680,-163440,-163080,-162840,-162480,-162240,-161880,-161640,-161280,-161040,-160680,-160440,-160080,-159840,-159480,-159240,-158880,-158640,-158280,-158040,-157680,-157440,-157080,-156840,-156480,-156240,-155880,-155640,-155280,-155040,-154680,-154440,-154080,-153840,-153480,-153240,-152880,-152640,-152280,-152040,-151680,-151440,-151080,-150840,-150480,-150240,-149880,-149640,-149280,-149040,-148680,-148440,-148080,-147840,-147480,-147240,-146880,-146640,-146280,-146040,-145680,-145440,-145080,-144840,-144480,-144240,-143880,-143640,-143280,-143040,-142680,-142440,-142080,-141840,-141480,-141240,-140880,-140640,-140280,-140040,-139680,-139440,-139080,-138840,-138480,-138240,-137880,-137640,-137280,-137040,-136680,-136440,-136080,-135840,-135480,-135240,-134880,-134640,-134280,-134040,-133680,-133440,-133080,-132840,-132480,-132240,-131880,-131640,-131280,-131040,-130680,-130440,-130080,-129840,-129480,-129240,-128880,-128640,-128280,-128040,-127680,-127440,-127080,-126840,-126480,-126240,-125880,-125640,-125280,-125040,-124680,-124440,-124080,-123840,-123480,-123240,-122880,-122640,-122280,-122040,-121680,-121440,-121080,-120840,-120480,-120240,-119880,-119640,-119280,-119040,-118680,-118440,-118080,-117840,-117480,-117240,-116880,-116640,-116280,-116040,-115680,-115440,-115080,-114840,-114480,-114240,-113880,-113640,-113280,-113040,-112680,-112440,-112080,-111840,-111480,-111240,-110880,-110640,-110280,-110040,-109680,-109440,-109080,-108840,-108480,-108240,-107880,-107640,-107280,-107040,-106680,-106440,-106080,-105840,-105480,-105240,-104880,-104640,-104280,-104040,-103680,-103440,-103080,-102840,-102480,-102240,-101880,-101640,-101280,-101040,-100680,-100440,-100080,-99840,-99480,-99240,-98880,-98640,-98280,-98040,-97680,-97440,-97080,-96840,-96480,-96240,-95880,-95640,-95280,-95040,-94680,-94440,-94080,-93840,-93480,-93240,-92880,-92640,-92280,-92040,-91680,-91440,-91080,-90840,-90480,-90240,-89880,-89640,-89280,-89040,-88680,-88440,-88080,-87840,-87480,-87240,-86880,-86640,-86280,-86040,-85680,-85440,-85080,-84840,-84480,-84240,-83880,-83640,-83280,-83040,-82680,-82440,-82080,-81840,-81480,-81240,-80880,-80640,-80280,-80040,-79680,-79440,-79080,-78840,-78480,-78240,-77880,-77640,-77280,-77040,-76680,-76440,-76080,-75840,-75480,-75240,-74880,-74640,-74280,-74040,-73680,-73440,-73080,-72840,-72480,-72240,-71880,-71640,-71280,-71040,-70680,-70440,-70080,-69840,-69480,-69240,-68880,-68640,-68280,-68040,-67680,-67440,-67080,-66840,-66480,-66240,-65880,-65640,-65280,-65040,-64680,-64440,-64080,-63840,-63480,-63240,-62880,-62640,-62280,-62040,-61680,-61440,-61080,-60840,-60480,-60240,-59880,-59640,-59280,-59040,-58680,-58440,-58080,-57840,-57480,-57240,-56880,-56640,-56280,-56040,-55680,-55440,-55080,-54840,-54480,-54240,-53880,-53640,-53280,-53040,-52680,-52440,-52080,-51840,-51480,-51240,-50880,-50640,-50280,-50040,-49680,-49440,-49080,-48840,-48480,-48240,-47880,-47640,-47280,-47040,-46680,-46440,-46080,-45840,-45480,-45240,-44880,-44640,-44280,-44040,-43680,-43440,-43080,-42840,-42480,-42240,-41880,-41640,-41280,-41040,-40680,-40440,-40080,-39840,-39480,-39240,-38880,-38640,-38280,-38040,-37680,-37440,-37080,-36840,-36480,-36240,-35880,-35640,-35280,-35040,-34680,-34440,-34080,-33840,-33480,-33240,-32880,-32640,-32280,-32040,-31680,-31440,-31080,-30840,-30480,-30240,-29880,-29640,-29280,-29040,-28680,-28440,-28080,-27840,-27480,-27240,-26880,-26640,-26280,-26040,-25680,-25440,-25080,-24840,-24480,-24240,-23880,-23640,-23280,-23040,-22680,-22440,-22080,-21840,-21480,-21240,-20880,-20640,-20280,-20040,-19680,-19440,-19080,-18840,-18480,-18240,-17880,-17640,-17280,-17040,-16680,-16440,-16080,-15840,-15480,-15240,-14880,-14640,-14280,-14040,-13680,-13440,-13080,-12840,-12480,-12240,-11880,-11640,-11280,-11040,-10680,-10440,-10080,-9840,-9480,-9240,-8880,-8640,-8280,-8040,-7680,-7440,-7080,-6840,-6480,-6240,-5880,-5640,-5280,-5040,-4680,-4440,-4080,-3840,-3480,-3240,-2880,-2640,-2280,-2040,-1680,-1440,-1080,-840,-480,-240,120,360,720,960,1320,1560,1920,2160,2520,2760,3120,3360,3720,3960,4320,4560,4920,5160,5520,5760,6120,6360,6720,6960,7320,7560,7920,8160,8520,8760,9120,9360,9720,9960,10320,10560,10920,11160,11520,11760,12120,12360,12720,12960,13320,13560,13920,14160,14520,14760,15120,15360,15720,15960,16320,16560,16920,17160,17520,17760,18120,18360,18720,18960,19320,19560,19920,20160,20520,20760,21120,21360,21720,21960,22320,22560,22920,23160,23520,23760,24120,24360,24720,24960,25320,25560,25920,26160,26520,26760,27120,27360,27720,27960,28320,28560,28920,29160,29520,29760,30120,30360,30720,30960,31320,31560,31920,32160,32520,32760,33120,33360,33720,33960,34320,34560,34920,35160,35520,35760,36120,36360,36720,36960,37320,37560,37920,38160,38520,38760,39120,39360,39720,39960,40320,40560,40920,41160,41520,41760,42120,42360,42720,42960,43320,43560,43920,44160,44520,44760,45120,45360,45720,45960,46320,46560,46920,47160,47520,47760,48120,48360,48720,48960,49320,49560,49920,50160,50520,50760,51120,51360,51720,51960,52320,52560,52920,53160,53520,53760,54120,54360,54720,54960,55320,55560,55920,56160,56520,56760,57120,57360,57720,57960,58320,58560,58920,59160,59520,59760,60120,60360,60720,60960,61320,61560,61920,62160,62520,62760,63120,63360,63720,63960,64320,64560,64920,65160,65520,65760,66120,66360,66720,66960,67320,67560,67920,68160,68520,68760,69120,69360,69720,69960,70320,70560,70920,71160,71520,71760,72120,72360,72720,72960,73320,73560,73920,74160,74520,74760,75120,75360,75720,75960,76320,76560,76920,77160,77520,77760,78120,78360,78720,78960,79320,79560,79920,80160,80520,80760,81120,81360,81720,81960,82320,82560,82920,83160,83520,83760,84120,84360,84720,84960,85320,85560,85920,86160],"sog":[4.8,4.2,2.8,4.5,2.3,4.5,2.8,3.5,3.6,0.8,4.6,3.8,3.2,3.4,2.7,3.8,3.8,4.2,4.7,4.1,3.6,4.0,4.2,2.6,3.5,5.0,1.4,3.5,3.0,1.8,3.2,3.8,2.2,4.8,3.9,3.0,2.6,3.9,4.1,3.7,2.4,3.6,3.9,3.4,1.9,3.0,3.0,2.4,3.4,3.5,3.5,4.2,4.2,3.9,3.5,4.1,4.1,3.5,4.1,3.3,4.8,3.4,4.4,2.4,3.4,3.2,2.6,2.3,4.0,1.4,3.8,3.4,3.8,1.5,4.4,1.8,4.3,2.4,1.3,3.6,2.0,4.0,3.7,3.3,1.5,5.3,2.9,3.1,3.7,2.7,3.2,2.0,4.4,4.2,1.5,3.2,4.7,2.1,1.2,2.5,4.9,3.6,2.2,4.2,2.0,3.5,2.4,4.5,4.3,1.8,4.4,2.6,3.0,5.4,1.3,1.9,0.3,4.7,4.4,3.0,3.6,1.4,4.3,3.4,4.0,4.6,3.4,1.9,3.3,3.1,3.2,3.6,3.0,2.6,3.0,3.6,2.7,3.7,2.8,3.0,3.1,1.9,4.1,3.9,3.2,4.7,3.4,4.2,2.4,3.6,3.8,4.0,4.7,3.9,4.8,3.3,4.8,3.4,2.9,4.0,3.1,2.6,4.3,2.9,3.9,5.2,2.3,5.3,2.5,5.1,3.4,3.0,3.9,2.3,3.7,2.6,2.3,4.0,3.3,2.1,4.5,2.2,3.0,2.7,4.1,3.4,4.7,2.6,4.0,4.6,4.2,2.4,2.7,2.0,3.7,2.6,3.0,3.3,3.9,2.1,2.7,3.6,2.0,2.4,2.1,2.1,1.6,3.0,2.0,3.5,4.6,3.6,1.1,3.7,3.5,3.9,4.7,2.5,2.9,3.8,2.8,1.6,3.5,1.7,5.5,2.5,3.9,3.9,3.2,2.7,4.6,2.7,3.4,2.0,2.1,3.7,3.3,3.8,4.1,3.3,1.7,2.1,4.7,3.0,4.8,3.2,2.7,4.8,3.5,3.7,2.7,3.7,2.9,2.4,3.0,4.3,3.7,4.4,4.0,1.6,3.3,5.6,2.8,2.7,3.0,4.1,3.2,3.2,3.2,4.0,1.7,3.0,2.6,4.1,2.3,3.3,3.2,3.5,2.8,1.4,4.0,3.7,5.6,3.0,1.8,3.9,4.6,5.2,4.2,2.2,2.9,1.8,1.7,1.4,4.4,2.5,1.8,2.7,4.5,4.6,3.8,3.8,2.1,3.4,3.5,3.9,4.3,4.3,2.3,2.6,3.7,4.7,3.1,3.3,3.5,3.8,2.0,1.9,2.3,3.9,3.1,4.6,2.2,4.5,3.5,4.6,5.0,1.8,3.4,4.3,5.1,2.4,1.6,3.0,2.0,2.6,2.7,1.9,2.9,3.4,3.6,3.5,2.5,4.1,1.7,4.2,3.6,4.4,3.4,3.2,4.5,2.5,2.9,3.6,2.7,3.9,2.9,4.6,3.9,3.4,4.5,2.9,2.5,4.5,2.3,4.8,2.9,4.4,2.7,3.9,1.6,4.9,3.7,3.7,4.1,2.7,3.9,5.0,2.6,5.3,3.9,2.3,3.7,3.6,3.4,2.0,2.5,1.9,3.1,2.8,3.9,2.7,5.0,2.2,4.4,2.0,3.8,3.4,3.1,3.8,1.7,2.9,3.2,2.3,4.1,3.5,2.2,3.0,3.0,3.7,2.4,2.9,5.2,3.2,2.7,3.7,2.7,4.0,3.0,3.8,3.1,2.8,1.5,1.5,1.8,3.1,2.2,4.2,4.2,3.2,4.1,2.2,3.1,3.5,3.5,3.0,2.6,4.7,4.9,2.8,2.4,3.7,3.1,4.8,3.3,3.1,3.1,4.5,2.9,3.1,5.2,3.1,3.6,3.9,3.5,2.9,2.1,3.4,2.0,3.4,4.5,3.8,3.3,4.6,3.1,4.4,1.2,4.4,2.3,1.9,3.1,2.5,2.8,2.0,4.2,2.6,3.7,2.8,3.5,2.8,3.0,2.3,3.3,2.9,4.3,3.5,2.6,3.7,3.0,4.3,2.3,3.6,2.7,4.7,4.1,5.0,2.3,4.0,3.7,2.4,3.4,3.9,3.9,2.0,2.2,3.4,3.0,3.3,3.5,2.4,3.4,2.2,2.9,2.7,0.7,3.8,2.7,3.1,4.1,2.3,3.9,1.0,3.9,4.6,4.4,3.6,3.7,2.8,4.0,3.0,3.3,4.3,1.8,4.4,3.7,4.2,4.4,3.6,3.9,2.7,2.1,2.4,3.5,2.8,4.0,4.4,2.7,4.5,1.6,2.5,5.2,4.2,2.0,4.3,1.6,4.6,1.3,4.5,2.9,3.8,2.8,5.1,3.0,3.1,4.2,2.8,3.4,1.8,5.1,3.9,3.9,4.0,2.9,4.7,4.3,3.8,1.8,2.6,4.2,4.0,2.8,4.4,3.8,3.9,3.0,3.7,2.8,4.1,2.3,3.4,2.0,4.2,1.8,3.3,3.5,3.8,1.9,3.2,2.4,4.0,2.8,3.5,3.3,1.3,3.2,1.8,2.3,3.2,4.3,3.9,3.6,2.4,3.9,2.9,2.9,1.9,3.4,2.3,5.1,3.8,1.8,2.9,4.7,3.8,2.5,1.4,3.6,2.9,3.1,2.2,2.0,3.0,2.3,3.5,5.2,4.0,2.1,3.4,1.9,2.9,4.0,4.1,4.2,3.9,3.8,3.5,2.8,4.4,4.8,2.5,3.8,2.9,3.3,4.1,1.6,3.7,2.7,4.4,4.1,3.7,1.0,4.6,4.2,3.9,2.4,3.9,4.0,3.6,3.5,3.7,2.0,4.8,3.3,2.3,3.0,2.4,2.1,2.3,2.2,3.2,2.4,4.5,3.9,2.1,2.8,4.1,3.6,3.4,3.6,3.0,2.8,3.6,1.8,3.0,2.1,4.4,4.0,4.6,5.2,1.4,5.6,2.6,3.1,1.9,4.0,3.4,3.5,3.2,3.5,4.0,1.9,3.3,1.5,3.0,2.2,1.9,2.5,1.6,4.4,4.9,3.7,2.5,2.1,3.2,3.2,2.0,4.1,4.0,3.7,2.8,3.9,2.8,4.8,3.1,3.9,3.5,1.6,4.0,3.4,3.6,3.1,3.1,1.7,3.4,3.7,3.3,3.4,3.5,3.2,2.0,2.5,4.0,4.0,2.2,3.5,4.5,6.2,3.0,4.5,1.8,4.2,3.6,3.4,4.0,4.5,1.2,3.7,4.5,5.0,3.6,2.8,2.7,3.3,1.8,1.4,3.8,2.5,3.5,2.3,1.7,3.9,3.9,4.0,4.5,2.9,2.8,2.2,3.2,5.3,1.4,3.2,3.7,1.7,1.8,5.0,4.3,2.5,2.9,2.8,2.6,2.6,3.4,3.6,2.0,3.2,3.2,1.6,1.8,3.7,3.4,3.3,1.4,5.0,0.8,2.5,1.5,4.4,4.2,4.9,4.2,3.2,4.3,3.9,4.2,3.6,4.3,4.0,2.8,0.3,4.4,3.1,1.1,2.7,2.3,3.9,2.2,2.5,4.7,3.7,3.3,5.8,2.4,2.8,3.1,4.0,4.4,4.1,3.5,5.1,1.6,2.5,3.8,3.4,4.2,3.1,4.1,2.6,4.6,3.9,4.8,4.2,5.1,2.1,3.5,3.0,4.0,3.4,3.0,2.8,1.7,1.6,2.7,5.1,3.5,3.7,2.4,4.1,3.3,2.8,3.3,2.9,2.9,4.0,4.2,3.9,4.1,3.9,4.3,4.1,2.7,3.7,2.6,5.2,2.3,3.2,2.6,4.5,4.0,1.8,2.7,3.6,4.3,5.2,3.3,3.7,2.6,3.5,4.5,2.6,3.5,3.7,3.0,3.1,3.4,3.0,2.3,2.3,4.0,4.5,3.3,3.5,2.4,3.8,2.9,2.7,3.9,2.2,4.4,3.0,3.3,1.7,3.0,4.1,4.2,3.3,4.7,2.2,1.9,4.1,5.0,2.5,4.4,4.2,4.2,3.6,3.7,2.9,4.0,4.1,3.3,3.2,1.7,3.3,2.5,3.5,4.7,3.1,3.1,2.3,3.4,1.7,3.2,3.6,3.6,2.3,4.1,4.3,4.5,4.0,3.8,2.9,5.6,2.1,3.9,2.5,1.4,3.3,2.4,3.4,4.1,4.4,4.8,6.8,2.7,2.1,2.8,3.9,3.4,3.1,3.5,3.1,3.7,3.7,4.5,2.3,0.7,3.8,2.2,1.6,2.0,4.1,5.7,1.6,2.5,3.7,1.0,3.1,4.0,3.0,4.1,1.2,2.6,2.5,2.9,0.5,4.0,4.1,4.1,3.8,5.2,4.3,2.3,3.1,2.9,4.6,3.1,4.1,2.7,2.9,2.8,3.9,3.7,2.6,2.4,4.4,4.2,1.3,6.3,2.8,2.9,2.4,2.6,2.8,2.8,1.8,4.3,2.4,4.2,2.7,4.8,1.2,3.0,4.8,2.6,3.6,2.7,3.4,2.9,1.8,2.8,2.5,3.9,4.0,2.6,2.5,1.7,4.5,2.7,2.6,2.5,2.7,2.8,2.0,2.2,2.3,3.5,5.3,1.8,6.2,3.8,2.6,4.7,4.3,4.4,3.7,3.1,1.9,3.1,4.3,3.9,2.9,2.2,3.3,2.6,2.2,3.9,3.8,5.0,4.5,1.3,3.5,2.6,2.2,3.4,4.0,2.3,3.3,2.8,3.4,2.9,0.6,3.0,4.5,4.1,2.2,3.1,2.8,4.1,2.3,1.7,3.4,3.4,2.2,3.1,2.8,3.7,3.5,3.0,4.9,3.6,4.3,4.4,2.0,4.5,4.1,4.6,1.7,3.1,4.1,4.2,3.3,2.3,5.3,4.1,4.8,2.9,3.5,3.3,1.4,4.2,3.0,3.9,3.1]}},{"type":"Feature","geometry":{"type":"LineString","coordinates":[[73.883,11.1512],[73.8721,11.1362],[73.8646,11.1262],[73.854,11.1113],[73.8464,11.1013],[73.8361,11.0861],[73.8299,11.0759],[73.8191,11.0601],[73.8125,11.0499],[73.8027,11.0342],[73.7958,11.0236],[73.7862,11.0078],[73.7796,10.9975],[73.7694,10.9819],[73.7626,10.9714],[73.7525,10.9559],[73.7457,10.9456],[73.7356,10.93],[73.7289,10.9198],[73.7186,10.9047],[73.7124,10.8943],[73.7016,10.8783],[73.6946,10.8679],[73.6842,10.8528],[73.6774,10.8422],[73.667,10.8276],[73.6601,10.8167],[73.6493,10.8014],[73.6424,10.7909],[73.6326,10.7755],[73.6257,10.7652],[73.616,10.75],[73.6093,10.7392],[73.5994,10.723],[73.5926,10.7127],[73.5827,10.6964],[73.576,10.6857],[73.5663,10.6701],[73.5597,10.6597],[73.5503,10.6434],[73.544,10.6327],[73.5338,10.6172],[73.5274,10.6076],[73.5171,10.592],[73.5104,10.5819],[73.5005,10.5661],[73.4943,10.5553],[73.4846,10.5397],[73.4786,10.5292],[73.4692,10.5127],[73.4631,10.5023],[73.4545,10.486],[73.4486,10.475],[73.4398,10.4588],[73.4337,10.4481],[73.4249,10.4317],[73.4193,10.4208],[73.4108,10.4047],[73.405,10.3937],[73.3964,10.3769],[73.3906,10.3663],[73.3819,10.3497],[73.3763,10.3384],[73.368,10.3222],[73.3628,10.3114],[73.3535,10.2945],[73.3483,10.2833],[73.3402,10.2669],[73.3344,10.2558],[73.3261,10.2393],[73.3207,10.2284],[73.3124,10.2121],[73.3069,10.2013],[73.2986,10.1845],[73.2925,10.1736],[73.2842,10.1575],[73.2788,10.147],[73.2701,10.1313],[73.2646,10.12],[73.2557,10.1036],[73.2498,10.0927],[73.241,10.0762],[73.2352,10.0656],[73.2266,10.0487],[73.2213,10.0381],[73.2133,10.0216],[73.208,10.0103],[73.2006,9.994],[73.1955,9.9828],[73.1878,9.9662],[73.1823,9.9556],[73.1744,9.9386],[73.169,9.9272],[73.1611,9.9102],[73.1562,9.8992],[73.148,9.8827],[73.1427,9.872],[73.1345,9.8552],[73.129,9.8444],[73.1209,9.8282],[73.1155,9.8171],[73.1067,9.8002],[73.101,9.7893],[73.0926,9.7724],[73.0866,9.7618],[73.0779,9.7454],[73.0721,9.7343],[73.0634,9.7173],[73.0582,9.706],[73.0496,9.69],[73.0441,9.6788],[73.036,9.6625],[73.0304,9.6512],[73.022,9.635],[73.0166,9.6236],[73.0083,9.6076],[73.0026,9.5963],[72.994,9.5799],[72.9885,9.5691],[72.9799,9.5521],[72.9744,9.5409],[72.9655,9.524],[72.9598,9.5135],[72.9514,9.4969],[72.9461,9.4859],[72.9385,9.4697],[72.9333,9.4586],[72.9252,9.4411],[72.9202,9.4297],[72.9121,9.4127],[72.9068,9.4015],[72.8987,9.385],[72.8931,9.3737],[72.8849,9.3572],[72.8792,9.3453],[72.8708,9.3289],[72.8657,9.3177],[72.8577,9.3006],[72.8521,9.2895],[72.8444,9.2734],[72.8386,9.2624],[72.8306,9.2453],[72.8254,9.2342],[72.8169,9.2175],[72.8116,9.2064],[72.8032,9.1901],[72.7974,9.1794],[72.7887,9.1624],[72.783,9.1515],[72.7744,9.1349],[72.7688,9.124],[72.7607,9.1077],[72.7548,9.0967],[72.7464,9.0801],[72.7408,9.0691],[72.7322,9.0522],[72.7267,9.0411],[72.7187,9.0241],[72.7135,9.0129],[72.7061,8.9963],[72.701,8.9852],[72.6938,8.9684],[72.6888,8.9573],[72.6812,8.9407],[72.6759,8.9293],[72.6686,8.9122],[72.6636,8.9008],[72.6566,8.884],[72.6519,8.8728],[72.6447,8.855],[72.6397,8.8436],[72.6326,8.8267],[72.6283,8.8152],[72.6216,8.798],[72.617,8.787],[72.61,8.7695],[72.6054,8.7582],[72.5982,8.7408],[72.5937,8.7298],[72.5866,8.7122],[72.5822,8.7012],[72.5754,8.6837],[72.5708,8.6721],[72.564,8.655],[72.5599,8.6433],[72.5531,8.626],[72.5489,8.6143],[72.5424,8.5969],[72.5381,8.585],[72.5316,8.5674],[72.5277,8.5561],[72.5217,8.5385],[72.5177,8.5267],[72.5117,8.5092],[72.508,8.4979],[72.5026,8.4805],[72.4987,8.469],[72.4931,8.4517],[72.4889,8.4399],[72.4829,8.4226],[72.4792,8.4112],[72.4727,8.3937],[72.4685,8.3823],[72.4623,8.3649],[72.4579,8.3534],[72.4514,8.3358],[72.4478,8.3242],[72.441,8.3068],[72.4364,8.2957],[72.43,8.2786],[72.4257,8.2674],[72.4191,8.2502],[72.4145,8.2388],[72.4084,8.2214],[72.4037,8.2098],[72.3971,8.1923],[72.3927,8.181],[72.3861,8.1637],[72.3815,8.152],[72.3758,8.1353],[72.3715,8.1237],[72.3654,8.1064],[72.3617,8.095],[72.3554,8.0772],[72.3515,8.0651],[72.3458,8.048],[72.3421,8.0363],[72.3359,8.0184],[72.3321,8.0062],[72.3262,7.9896],[72.322,7.9778],[72.3154,7.9599],[72.3113,7.9482],[72.305,7.9315],[72.301,7.92],[72.2949,7.9023],[72.2909,7.8909],[72.2846,7.8735],[72.2805,7.8617],[72.2742,7.8446],[72.2702,7.8324],[72.2648,7.8149],[72.2607,7.8033],[72.2549,7.7856],[72.2512,7.7742],[72.2462,7.7566],[72.2423,7.7448],[72.2373,7.7274],[72.2335,7.7151],[72.2288,7.6974],[72.2253,7.6858],[72.2197,7.6686],[72.216,7.6568],[72.2103,7.6403],[72.2065,7.6282],[72.2008,7.6104],[72.1968,7.5988],[72.1908,7.5812],[72.1869,7.5696],[72.1805,7.552],[72.1762,7.5404],[72.1697,7.5234],[72.1658,7.5119],[72.1592,7.4949],[72.1554,7.4833],[72.149,7.4653],[72.1447,7.4536],[72.1382,7.4359],[72.1337,7.4249],[72.1274,7.4081],[72.1229,7.3958],[72.1161,7.3788],[72.1114,7.367],[72.1046,7.3498],[72.0999,7.3382],[72.0932,7.3204],[72.0885,7.3092],[72.082,7.2924],[72.0776,7.2811],[72.0707,7.2637],[72.066,7.2525],[72.0593,7.2352],[72.0549,7.2235],[72.0475,7.206],[72.0432,7.195],[72.036,7.1777],[72.0314,7.1665],[72.0241,7.1497],[72.0195,7.1384],[72.0122,7.1218],[72.0072,7.1102],[71.9999,7.0937],[71.9952,7.0827],[71.9878,7.0656],[71.983,7.0543],[71.9756,7.0374],[71.9713,7.0256],[71.9645,7.0078],[71.96,6.9964],[71.9529,6.9787],[71.9484,6.9677],[71.9415,6.9505],[71.9369,6.9389],[71.9301,6.9219],[71.9256,6.9101],[71.9189,6.8933],[71.9142,6.8818],[71.9076,6.8644],[71.9028,6.8531],[71.8968,6.8363],[71.8917,6.8245],[71.8844,6.8077],[71.8798,6.7962],[71.8723,6.7787],[71.8674,6.7675],[71.8608,6.7502],[71.8564,6.7386],[71.8498,6.7214],[71.8455,6.7096],[71.8387,6.6915],[71.8346,6.6806],[71.8277,6.663],[71.8229,6.6519],[71.8161,6.6345],[71.8116,6.6231],[71.8043,6.6063],[71.8001,6.5946],[71.7937,6.5779],[71.7894,6.5658],[71.7834,6.5484],[71.7786,6.5369],[71.7727,6.5195],[71.7682,6.508],[71.762,6.4903],[71.7583,6.4791],[71.752,6.462],[71.748,6.4498],[71.7416,6.4325],[71.7371,6.4203],[71.7307,6.4027],[71.7265,6.3911],[71.7202,6.3742],[71.7158,6.3631],[71.7097,6.3455],[71.7049,6.3338],[71.6988,6.3162],[71.6947,6.305],[71.6889,6.2877],[71.6844,6.2762],[71.6784,6.2589],[71.6738,6.2467],[71.6676,6.2294],[71.663,6.2176],[71.6565,6.2005],[71.6524,6.189],[71.6456,6.1714],[71.6415,6.1593],[71.6351,6.1419],[71.6306,6.1311],[71.6241,6.1132],[71.6199,6.1018],[71.6136,6.084],[71.6092,6.0723],[71.6026,6.0546],[71.5978,6.0426],[71.5919,6.0257],[71.5871,6.0141],[71.5799,5.9966],[71.5752,5.9854],[71.5675,5.9687],[71.5626,5.9577],[71.5551,5.9408],[71.5502,5.9297],[71.5428,5.9128],[71.5379,5.902],[71.5298,5.8854],[71.524,5.8737],[71.5163,5.8572],[71.5109,5.8466],[71.5031,5.8296],[71.4979,5.8191],[71.4903,5.8026],[71.4845,5.7914],[71.4765,5.7745],[71.4716,5.7633],[71.464,5.7465],[71.459,5.7354],[71.4514,5.7186],[71.4467,5.7075],[71.439,5.6912],[71.4339,5.68],[71.426,5.6636],[71.4208,5.652],[71.4129,5.6352],[71.4083,5.6238],[71.401,5.6067],[71.3966,5.5953],[71.3897,5.5781],[71.3852,5.5666],[71.379,5.5492],[71.3745,5.5371],[71.3677,5.5201],[71.363,5.5087],[71.3565,5.4913],[71.3519,5.48],[71.3448,5.4627],[71.3406,5.4515],[71.3335,5.434],[71.3294,5.4224],[71.323,5.405],[71.3185,5.3935],[71.3123,5.3763],[71.3082,5.3648],[71.301,5.3474],[71.2971,5.3358]]},"properties":{"mmsi":991312703,"name":"SYN-TAN-33","role":"candidate","vessel_type":80,"synthetic":true,"t_offset_s":[-259140,-258780,-258540,-258180,-257940,-257580,-257340,-256980,-256740,-256380,-256140,-255780,-255540,-255180,-254940,-254580,-254340,-253980,-253740,-253380,-253140,-252780,-252540,-252180,-251940,-251580,-251340,-250980,-250740,-250380,-250140,-249780,-249540,-249180,-248940,-248580,-248340,-247980,-247740,-247380,-247140,-246780,-246540,-246180,-245940,-245580,-245340,-244980,-244740,-244380,-244140,-243780,-243540,-243180,-242940,-242580,-242340,-241980,-241740,-241380,-241140,-240780,-240540,-240180,-239940,-239580,-239340,-238980,-238740,-238380,-238140,-237780,-237540,-237180,-236940,-236580,-236340,-235980,-235740,-235380,-235140,-234780,-234540,-234180,-233940,-233580,-233340,-232980,-232740,-232380,-232140,-231780,-231540,-231180,-230940,-230580,-230340,-229980,-229740,-229380,-229140,-228780,-228540,-228180,-227940,-227580,-227340,-226980,-226740,-226380,-226140,-225780,-225540,-225180,-224940,-224580,-224340,-223980,-223740,-223380,-223140,-222780,-222540,-222180,-221940,-221580,-221340,-220980,-220740,-220380,-220140,-219780,-219540,-219180,-218940,-218580,-218340,-217980,-217740,-217380,-217140,-216780,-216540,-216180,-215940,-215580,-215340,-214980,-214740,-214380,-214140,-213780,-213540,-213180,-212940,-212580,-212340,-211980,-211740,-211380,-211140,-210780,-210540,-210180,-209940,-209580,-209340,-208980,-208740,-208380,-208140,-207780,-207540,-207180,-206940,-206580,-206340,-205980,-205740,-205380,-205140,-204780,-204540,-204180,-203940,-203580,-203340,-202980,-202740,-202380,-202140,-201780,-201540,-201180,-200940,-200580,-200340,-199980,-199740,-199380,-199140,-198780,-198540,-198180,-197940,-197580,-197340,-196980,-196740,-196380,-196140,-195780,-195540,-195180,-194940,-194580,-194340,-193980,-193740,-193380,-193140,-192780,-192540,-192180,-191940,-191580,-191340,-190980,-190740,-190380,-190140,-189780,-189540,-189180,-188940,-188580,-188340,-187980,-187740,-187380,-187140,-186780,-186540,-186180,-185940,-185580,-185340,-184980,-184740,-184380,-184140,-183780,-183540,-183180,-182940,-182580,-182340,-181980,-181740,-181380,-181140,-180780,-180540,-180180,-179940,-179580,-179340,-178980,-178740,-178380,-178140,-177780,-177540,-177180,-176940,-176580,-176340,-175980,-175740,-175380,-175140,-174780,-174540,-174180,-173940,-173580,-173340,-172980,-172740,-172380,-172140,-171780,-171540,-171180,-170940,-170580,-170340,-169980,-169740,-169380,-169140,-168780,-168540,-168180,-167940,-167580,-167340,-166980,-166740,-166380,-166140,-165780,-165540,-165180,-164940,-164580,-164340,-163980,-163740,-163380,-163140,-162780,-162540,-162180,-161940,-161580,-161340,-160980,-160740,-160380,-160140,-159780,-159540,-159180,-158940,-158580,-158340,-157980,-157740,-157380,-157140,-156780,-156540,-156180,-155940,-155580,-155340,-154980,-154740,-154380,-154140,-153780,-153540,-153180,-152940,-152580,-152340,-151980,-151740,-151380,-151140,-150780,-150540,-150180,-149940,-149580,-149340,-148980,-148740,-148380,-148140,-147780,-147540,-147180,-146940,-146580,-146340,-145980,-145740,-145380,-145140,-144780,-144540,-144180,-143940,-143580,-143340,-142980,-142740,-142380,-142140,-141780,-141540,-141180,-140940,-140580,-140340,-139980,-139740,-139380,-139140,-138780,-138540,-138180,-137940,-137580,-137340,-136980,-136740,-136380,-136140,-135780,-135540,-135180,-134940],"sog":[11.3,11.0,10.7,11.3,11.2,10.7,11.3,11.7,11.1,11.2,11.8,10.8,11.1,10.9,11.4,10.8,11.4,10.7,10.7,11.1,11.0,11.7,11.3,10.7,11.3,10.5,11.2,11.1,11.2,10.5,11.3,10.7,11.3,11.3,10.7,11.1,11.3,11.1,11.4,11.4,11.4,11.3,10.5,10.9,11.0,10.8,11.0,10.7,10.9,11.0,11.0,11.5,11.4,10.8,11.2,11.1,11.0,10.5,11.3,11.1,10.9,11.3,11.4,11.3,10.6,10.9,10.8,11.4,11.2,11.0,10.6,10.6,10.9,11.2,10.9,10.4,10.7,10.7,10.8,11.5,11.2,11.1,11.2,11.1,10.9,10.7,11.1,11.3,10.8,10.9,10.6,11.2,11.3,10.9,10.7,10.8,10.5,10.6,10.9,11.4,11.0,11.4,11.3,11.0,11.2,11.4,11.1,11.3,10.8,10.8,10.9,11.0,10.9,10.5,11.4,10.9,11.0,11.1,10.7,11.1,11.0,11.4,10.9,11.8,11.0,10.7,11.4,11.2,11.1,11.0,11.0,11.1,11.3,11.4,11.9,10.9,10.6,11.2,11.0,10.9,10.8,11.2,10.9,11.1,11.1,11.0,11.3,11.3,11.0,11.1,11.0,10.7,11.4,10.9,11.1,11.0,11.6,11.7,11.2,11.1,10.9,10.9,10.7,10.8,10.9,11.0,10.9,10.8,10.6,11.3,10.9,11.3,10.7,11.2,10.6,11.0,11.2,11.2,10.7,11.4,11.3,10.7,11.1,11.1,10.9,11.5,11.1,11.2,10.9,11.4,10.8,11.3,11.0,10.8,10.8,10.7,11.2,10.6,11.1,10.9,10.6,11.0,11.1,11.1,11.4,10.5,10.8,10.8,11.1,10.8,11.1,10.9,10.7,11.0,11.3,11.2,10.8,11.3,11.3,10.4,11.0,11.1,10.9,11.2,11.1,10.5,11.5,11.3,10.8,10.7,11.1,11.9,11.2,10.5,11.3,10.8,11.1,10.9,11.5,11.6,10.9,10.9,10.7,10.9,11.3,11.0,11.3,10.9,10.9,11.0,10.7,10.8,11.0,11.0,11.3,11.3,11.1,11.3,11.1,10.9,10.9,10.9,11.2,10.5,10.8,11.2,11.3,11.0,11.1,11.1,11.4,11.0,10.6,11.5,10.9,11.1,11.2,11.1,10.8,10.9,11.0,10.5,11.7,11.6,11.2,11.0,11.1,10.2,11.2,10.7,11.2,10.8,10.6,11.3,10.9,10.9,11.1,11.0,10.7,10.7,11.0,11.5,10.9,10.8,11.5,10.8,11.1,10.9,11.0,11.0,11.5,11.0,11.3,10.9,10.7,11.2,10.7,10.9,11.4,11.5,10.9,10.6,11.0,11.3,10.9,11.1,11.0,10.9,10.4,11.1,11.2,11.5,11.2,11.1,10.6,10.6,11.1,11.4,11.7,11.6,10.9,11.0,10.8,10.9,11.1,10.9,11.0,10.8,10.7,11.4,10.8,10.9,11.5,10.4,11.3,11.1,11.0,10.7,11.2,10.6,11.5,11.2,11.2,10.9,11.4,11.0,11.5,10.8,11.0,10.8,10.7,10.3,11.1,10.9,10.6,10.8,11.2,11.1,10.5,11.5,10.7,11.0,11.2,11.0,11.3,11.1,10.6,10.6,10.6,11.2,11.3,10.6,11.3,10.9,10.9,10.5,11.1,11.2,11.0,11.4,11.1,11.1,11.3,11.0,11.3,11.6,10.8,11.1,11.0,11.1,10.9,10.9,11.3,11.0,10.4]}},{"type":"Feature","geometry":{"type":"LineString","coordinates":[[73.8335,11.1433],[73.8269,11.1318],[73.8174,11.1153],[73.8111,11.1044],[73.8013,11.088],[73.7951,11.0774],[73.7855,11.0607],[73.7792,11.0496],[73.7699,11.0331],[73.7637,11.0215],[73.7544,11.0044],[73.7482,10.9933],[73.7387,10.9769],[73.7323,10.9658],[73.7227,10.9492],[73.7162,10.9383],[73.706,10.9215],[73.6995,10.9102],[73.6896,10.8937],[73.6833,10.8825],[73.674,10.8669],[73.6674,10.8552],[73.6577,10.8396],[73.651,10.8288],[73.6405,10.8123],[73.6329,10.8016],[73.6219,10.7855],[73.6146,10.775],[73.6038,10.7589],[73.5971,10.7483],[73.587,10.7321],[73.5798,10.7213],[73.5695,10.7052],[73.562,10.6944],[73.5516,10.6791],[73.5443,10.6685],[73.5335,10.6527],[73.5263,10.6419],[73.5149,10.6256],[73.508,10.6144],[73.4977,10.5987],[73.4905,10.5877],[73.4804,10.5717],[73.4733,10.561],[73.4635,10.5444],[73.4567,10.5333],[73.4474,10.5171],[73.4407,10.506],[73.4312,10.4896],[73.4247,10.4783],[73.4146,10.4614],[73.4076,10.4505],[73.3979,10.434],[73.3916,10.423],[73.3814,10.4065],[73.3746,10.3954],[73.3643,10.3787],[73.3575,10.3677],[73.3475,10.351],[73.3407,10.3401],[73.3305,10.3235],[73.3234,10.3129],[73.3139,10.2967],[73.3074,10.2863],[73.2976,10.2696],[73.2908,10.2588],[73.2808,10.2427],[73.2741,10.232],[73.2642,10.2156],[73.2576,10.2043],[73.2471,10.1885],[73.2402,10.1772],[73.2298,10.1609],[73.2234,10.1505],[73.2134,10.1335],[73.2069,10.1226],[73.197,10.1065],[73.1899,10.0964],[73.1795,10.0797],[73.1728,10.0687],[73.1634,10.053],[73.1566,10.0422],[73.1472,10.0248],[73.1411,10.0142],[73.1319,9.9977],[73.1256,9.9866],[73.1165,9.9696],[73.1103,9.9584],[73.1008,9.9416],[73.0948,9.9304],[73.0861,9.9137],[73.0803,9.9021],[73.0714,9.8854],[73.065,9.8741],[73.0558,9.8566],[73.0498,9.8455],[73.0404,9.8285],[73.0342,9.8175],[73.0246,9.801],[73.018,9.7904],[73.0081,9.7737],[73.0019,9.7628],[72.9922,9.7464],[72.9857,9.7353],[72.9762,9.7185],[72.9698,9.7071],[72.9606,9.6899],[72.9542,9.6787],[72.9455,9.6614],[72.9398,9.65],[72.9314,9.6329],[72.9258,9.6217],[72.9172,9.6046],[72.9114,9.5928],[72.9035,9.5756],[72.8978,9.5637],[72.8901,9.5463],[72.8846,9.5342],[72.8769,9.5166],[72.8711,9.5052],[72.8633,9.4885],[72.8577,9.4768],[72.8499,9.4591],[72.8449,9.4472],[72.8375,9.4296],[72.8324,9.4179],[72.8252,9.4001],[72.8204,9.3884],[72.8133,9.3704],[72.8083,9.3585],[72.8012,9.3404],[72.7966,9.3286],[72.7903,9.3108],[72.7855,9.299],[72.7786,9.2816],[72.774,9.2697],[72.7668,9.2522],[72.7618,9.2403],[72.7549,9.2238],[72.7501,9.2119],[72.7439,9.194],[72.739,9.1817],[72.7329,9.1643],[72.7291,9.1523],[72.7232,9.1336],[72.7191,9.1223],[72.7137,9.1043],[72.7098,9.092],[72.7045,9.0742],[72.7008,9.0622],[72.5418,8.5916],[72.5374,8.58],[72.5312,8.5618],[72.5273,8.5494],[72.5211,8.5316],[72.5172,8.5193],[72.5115,8.5009],[72.5077,8.4895],[72.5015,8.471],[72.4969,8.4592],[72.4904,8.4415],[72.4859,8.4297],[72.4786,8.4116],[72.4741,8.3995],[72.4675,8.3816],[72.4627,8.37],[72.4557,8.3522],[72.4508,8.3406],[72.4437,8.323],[72.4389,8.3112],[72.4314,8.2932],[72.4269,8.2813],[72.4201,8.2636],[72.4149,8.2515],[72.4077,8.2338],[72.4031,8.222],[72.3959,8.2039],[72.3915,8.1926],[72.3844,8.175],[72.3792,8.163],[72.3719,8.1458],[72.3668,8.1344],[72.3592,8.1179],[72.3538,8.106],[72.346,8.0892],[72.3408,8.0777],[72.3324,8.0605],[72.3272,8.049],[72.3192,8.0314],[72.3137,8.0199],[72.3066,8.0025],[72.3016,7.9907],[72.294,7.9731]]},"properties":{"mmsi":992335202,"name":"SYN-TAN-02","role":"background","vessel_type":80,"synthetic":true,"t_offset_s":[19632,19872,20232,20472,20832,21072,21432,21672,22032,22272,22632,22872,23232,23472,23832,24072,24432,24672,25032,25272,25632,25872,26232,26472,26832,27072,27432,27672,28032,28272,28632,28872,29232,29472,29832,30072,30432,30672,31032,31272,31632,31872,32232,32472,32832,33072,33432,33672,34032,34272,34632,34872,35232,35472,35832,36072,36432,36672,37032,37272,37632,37872,38232,38472,38832,39072,39432,39672,40032,40272,40632,40872,41232,41472,41832,42072,42432,42672,43032,43272,43632,43872,44232,44472,44832,45072,45432,45672,46032,46272,46632,46872,47232,47472,47832,48072,48432,48672,49032,49272,49632,49872,50232,50472,50832,51072,51432,51672,52032,52272,52632,52872,53232,53472,53832,54072,54432,54672,55032,55272,55632,55872,56232,56472,56832,57072,57432,57672,58032,58272,58632,58872,59232,59472,59832,60072,60432,60672,61032,61272,61632,61872,62232,62472,62832,63072,63432,63672,64032,64272,73632,73872,74232,74472,74832,75072,75432,75672,76032,76272,76632,76872,77232,77472,77832,78072,78432,78672,79032,79272,79632,79872,80232,80472,80832,81072,81432,81672,82032,82272,82632,82872,83232,83472,83832,84072,84432,84672,85032,85272,85632,85872,86232],"sog":[11.5,11.4,11.3,10.9,11.3,10.9,11.4,11.3,11.6,11.8,11.7,11.2,11.2,11.2,11.3,11.2,11.9,11.8,11.6,11.6,10.5,11.5,11.2,11.2,12.0,11.6,12.1,11.5,11.6,11.1,11.4,11.7,11.6,11.7,11.3,11.1,11.5,12.0,11.8,11.9,11.1,11.6,10.7,11.9,11.5,11.4,11.2,11.0,11.1,11.5,12.0,11.6,11.3,11.7,11.9,12.0,11.8,12.1,11.5,11.3,11.9,11.3,10.4,10.6,11.8,11.3,11.3,11.0,11.9,11.6,11.4,12.0,11.6,11.2,11.2,11.6,11.2,11.7,11.8,11.6,11.3,11.3,11.2,11.0,11.0,11.4,11.5,11.7,11.6,11.3,11.3,11.4,11.6,11.5,12.1,11.5,11.3,11.4,11.1,11.0,11.6,11.4,11.9,11.1,11.1,11.6,11.5,11.0,11.0,11.2,11.4,11.7,11.7,11.7,11.1,11.6,11.2,11.6,11.2,11.5,10.9,11.7,11.3,11.2,11.2,11.7,11.6,12.0,11.2,11.6,11.4,11.3,11.8,11.1,11.2,10.9,11.6,11.5,11.0,11.0,11.5,11.7,11.3,11.0,11.5,10.8,11.5,10.7,10.8,11.6,11.7,11.1,11.8,11.6,11.3,11.8,11.4,11.1,11.9,11.4,10.9,11.3,11.4,11.6,11.7,11.4,11.3,11.2,11.3,11.5,11.6,11.3,11.5,11.4,11.3,11.0,11.6,11.8,11.8,11.1,11.3,11.1,10.6,11.8,11.4,11.7,11.7,11.5,11.4,11.7,11.2,11.4,11.6]}},{"type":"Feature","geometry":{"type":"LineString","coordinates":[[73.5023,10.2616],[73.5088,10.2747],[73.5155,10.2872],[73.5258,10.3062],[73.5326,10.3185],[73.5428,10.3379],[73.5496,10.3507],[73.5597,10.3699],[73.5661,10.3827],[73.5757,10.4024],[73.5819,10.4155],[73.5914,10.4353],[73.5976,10.4487],[73.6069,10.4681],[73.6132,10.4811],[73.6227,10.5003],[73.6292,10.5135],[73.6388,10.5333],[73.6449,10.5462],[73.6541,10.5662],[73.6601,10.5795],[73.6694,10.5993],[73.6751,10.6124],[73.6838,10.6329],[73.6894,10.6458],[73.6979,10.6656],[73.7032,10.6791],[73.7117,10.6996],[73.7169,10.7126],[73.7253,10.7328],[73.7306,10.7462],[73.7388,10.7662],[73.7443,10.7794],[73.7527,10.7994],[73.7587,10.8129],[73.7671,10.8324],[73.7729,10.8459],[73.7819,10.8656],[73.7879,10.879],[73.7972,10.8983],[73.8028,10.9114],[73.8114,10.931],[73.8176,10.9447],[73.8266,10.9645],[73.8323,10.9778],[74.0779,11.5234],[74.0846,11.5368],[74.0939,11.5568],[74.1005,11.5693],[74.1106,11.5888],[74.1171,11.6019],[74.127,11.6204],[74.1339,11.6328],[74.1443,11.6525],[74.1513,11.6655],[74.161,11.6848],[74.167,11.6977],[74.1766,11.7172],[74.1829,11.73],[74.1929,11.7496],[74.1997,11.7623],[74.2104,11.7817],[74.2168,11.794],[74.2272,11.8133],[74.2342,11.8261],[74.2447,11.8452],[74.2524,11.8585],[74.2626,11.8774],[74.2701,11.89],[74.2808,11.9093],[74.2878,11.9216],[74.2985,11.9401],[74.3054,11.9528],[74.3164,11.9715],[74.3227,11.9846],[74.3327,12.0038],[74.3394,12.0167],[74.3493,12.0364],[74.3556,12.049],[74.3655,12.0682],[74.3718,12.081],[74.3811,12.1002],[74.3875,12.1135],[74.3971,12.1326],[74.404,12.146],[74.413,12.1653]]},"properties":{"mmsi":992643508,"name":"SYN-CAR-18","role":"background","vessel_type":70,"synthetic":true,"t_offset_s":[51162,51402,51642,52002,52242,52602,52842,53202,53442,53802,54042,54402,54642,55002,55242,55602,55842,56202,56442,56802,57042,57402,57642,58002,58242,58602,58842,59202,59442,59802,60042,60402,60642,61002,61242,61602,61842,62202,62442,62802,63042,63402,63642,64002,64242,74202,74442,74802,75042,75402,75642,76002,76242,76602,76842,77202,77442,77802,78042,78402,78642,79002,79242,79602,79842,80202,80442,80802,81042,81402,81642,82002,82242,82602,82842,83202,83442,83802,84042,84402,84642,85002,85242,85602,85842,86202],"sog":[12.9,12.7,13.1,12.1,12.9,12.8,13.2,13.0,13.0,13.0,13.1,13.3,13.1,12.5,13.3,12.5,12.5,13.3,12.6,13.1,13.0,13.1,12.9,13.0,12.8,12.2,13.1,13.5,12.6,12.8,13.2,13.1,12.8,13.1,13.1,12.4,13.1,13.4,13.3,12.5,12.9,13.5,13.1,13.4,13.2,13.4,12.6,13.1,13.1,12.7,13.0,12.4,13.1,13.2,13.0,12.7,12.8,12.7,13.3,12.8,13.4,13.4,12.9,13.0,12.6,13.1,12.9,12.9,13.0,12.5,13.0,12.7,12.8,13.6,13.2,13.2,12.6,13.3,12.3,12.5,12.7,13.0,13.1,12.8,13.1,13.0]}},{"type":"Feature","geometry":{"type":"LineString","coordinates":[[73.4293,10.2179],[73.4262,10.2118],[73.4171,10.1953],[73.4104,10.1841],[73.4015,10.1669],[73.395,10.1549],[73.3854,10.1379],[73.3793,10.1269],[73.3695,10.1095],[73.3636,10.0979],[73.3544,10.0814],[73.3486,10.0701],[73.3391,10.0525],[73.3336,10.0415],[73.3245,10.0243],[73.3187,10.013],[73.3093,9.9958],[73.3033,9.984],[73.2945,9.967],[73.2886,9.9556],[73.2798,9.9383],[73.2735,9.9265],[73.2646,9.9092],[73.259,9.8974],[73.2505,9.8803],[73.2448,9.8689],[73.2361,9.8514],[73.2308,9.8398],[73.2222,9.8219],[73.2168,9.8101],[73.2086,9.7927],[73.2026,9.7815],[73.1936,9.7638],[73.1879,9.7518],[73.1791,9.734],[73.1731,9.7228],[73.1641,9.705],[73.1583,9.6932],[73.1494,9.6756],[73.1438,9.664],[73.1351,9.6455],[73.1291,9.6335],[73.1209,9.6162],[73.1153,9.6044],[73.1063,9.587],[73.1005,9.5755],[73.0921,9.5584],[73.0865,9.5465],[73.0783,9.5292],[73.0728,9.5174],[73.0646,9.5005],[73.0593,9.4887],[73.0504,9.4707],[73.0452,9.4591],[73.0368,9.441],[73.0318,9.4297],[73.0235,9.4122],[73.0177,9.3997],[73.0099,9.3822],[73.005,9.3705],[72.9966,9.3524],[72.9919,9.3403],[72.9841,9.3222],[72.9792,9.3103],[72.972,9.2925],[72.967,9.2808],[72.9597,9.2626],[72.9547,9.2508],[72.9484,9.2325],[72.9437,9.2202],[72.937,9.2024],[72.9329,9.1909],[72.9263,9.1725],[72.9221,9.1601],[72.9161,9.142],[72.9123,9.13],[72.9071,9.1114],[72.9034,9.099],[72.8987,9.0806],[72.8956,9.0683],[72.8907,9.0496],[72.8875,9.037],[72.8824,9.0183],[72.8787,9.0057],[72.8743,8.9876],[72.8707,8.9747],[72.8654,8.9559],[72.8618,8.9436],[72.8563,8.9246],[72.8525,8.9122],[72.8471,8.8936],[72.8437,8.8808],[72.8384,8.8619],[72.8347,8.85],[72.829,8.8315],[72.8252,8.8196],[72.8191,8.8009],[72.8148,8.7883],[72.8087,8.7699],[72.8044,8.7572],[72.7978,8.7394],[72.7935,8.7273],[72.7867,8.7085],[72.7825,8.6966],[72.7752,8.6786],[72.7705,8.6664],[72.7635,8.6481],[72.7585,8.636],[72.7512,8.6179],[72.7463,8.606],[72.7392,8.5876],[72.7347,8.5756],[72.7276,8.5577],[72.7231,8.5454],[72.7164,8.5272],[72.7122,8.5147],[72.7056,8.4966],[72.7011,8.4845],[72.6943,8.466],[72.6901,8.4536],[72.6832,8.435],[72.6789,8.4233],[72.6721,8.4052],[72.6678,8.3932],[72.6613,8.3746],[72.6572,8.3626],[72.6507,8.3445],[72.6462,8.3321],[72.6398,8.3142],[72.6357,8.3017],[72.6291,8.2832],[72.6245,8.2709],[72.6178,8.2528],[72.6131,8.2407],[72.6064,8.2226],[72.6016,8.2109],[72.5949,8.193],[72.5898,8.1812],[72.5818,8.1632],[72.577,8.1511],[72.5693,8.1338],[72.5637,8.1216],[72.5564,8.1041],[72.5514,8.0923],[72.5443,8.0741],[72.5394,8.0623],[72.5328,8.0441],[72.5283,8.0319],[72.5219,8.0142],[72.5178,8.0023],[72.4517,7.7722],[72.4496,7.7656],[72.4458,7.7534],[72.4396,7.7345],[72.436,7.7221],[72.43,7.7037],[72.4259,7.691],[72.4202,7.6728],[72.4154,7.6605],[72.4088,7.6416],[72.4044,7.6291],[72.398,7.6102],[72.3942,7.5982],[72.3878,7.5799],[72.384,7.5675],[72.3781,7.5494],[72.3741,7.5372],[72.3677,7.5186],[72.3635,7.5062],[72.3575,7.488],[72.3527,7.4754],[72.3463,7.4573],[72.3421,7.4453],[72.3357,7.4274],[72.3316,7.4155],[72.3251,7.3969],[72.3211,7.3849],[72.315,7.3667],[72.3107,7.3545],[72.304,7.3364],[72.2995,7.3242],[72.293,7.3062],[72.2884,7.2939],[72.2818,7.2762],[72.2774,7.2645],[72.2711,7.2461],[72.2664,7.2342],[72.2598,7.2163],[72.2558,7.2045],[72.2496,7.1856],[72.245,7.174],[72.2376,7.1555],[72.2332,7.144],[72.2259,7.1257],[72.2211,7.1138],[72.214,7.0962],[72.209,7.084],[72.2017,7.0662],[72.1967,7.0545],[72.1887,7.0359],[72.1837,7.0238],[72.1758,7.0065],[72.1713,6.9945],[72.1636,6.9771],[72.1582,6.965],[72.15,6.9471],[72.1445,6.9352],[72.1359,6.9178],[72.1303,6.9063],[72.1216,6.8887],[72.1155,6.8774],[72.1075,6.86],[72.102,6.8484],[72.0933,6.8307],[72.0875,6.8192],[72.079,6.8019],[72.0733,6.7906],[72.0649,6.7735],[72.0594,6.7613],[72.0515,6.7439],[72.0456,6.7319],[72.0376,6.714],[72.0324,6.702],[72.025,6.6842],[72.0202,6.6729],[72.0125,6.6551],[72.0071,6.6432],[71.9992,6.6248],[71.9944,6.6129],[71.9865,6.5946],[71.9815,6.5829],[71.9747,6.5653],[71.9698,6.5533],[71.9626,6.5349],[71.9577,6.5232],[71.9505,6.5051],[71.946,6.4928],[71.9394,6.475],[71.9349,6.4632],[71.9281,6.4443],[71.9239,6.4325],[71.9173,6.4142],[71.9132,6.4019],[71.9065,6.3833],[71.9027,6.371],[71.8969,6.3521],[71.893,6.3395],[71.8877,6.3204],[71.8841,6.3083],[71.8791,6.2896],[71.8759,6.2767],[71.8707,6.2586],[71.8675,6.2458],[71.8618,6.2276],[71.8584,6.2153],[71.8534,6.1963],[71.8502,6.184],[71.8446,6.1656],[71.8414,6.153],[71.836,6.1345],[71.832,6.1227],[71.826,6.1041],[71.8224,6.0919],[71.8159,6.0728],[71.8117,6.0601],[71.8049,6.0419],[71.801,6.0294]]},"properties":{"mmsi":993291348,"name":"SYN-CAR-08","role":"background","vessel_type":70,"synthetic":true,"t_offset_s":[2657,2777,3137,3377,3737,3977,4337,4577,4937,5177,5537,5777,6137,6377,6737,6977,7337,7577,7937,8177,8537,8777,9137,9377,9737,9977,10337,10577,10937,11177,11537,11777,12137,12377,12737,12977,13337,13577,13937,14177,14537,14777,15137,15377,15737,15977,16337,16577,16937,17177,17537,17777,18137,18377,18737,18977,19337,19577,19937,20177,20537,20777,21137,21377,21737,21977,22337,22577,22937,23177,23537,23777,24137,24377,24737,24977,25337,25577,25937,26177,26537,26777,27137,27377,27737,27977,28337,28577,28937,29177,29537,29777,30137,30377,30737,30977,31337,31577,31937,32177,32537,32777,33137,33377,33737,33977,34337,34577,34937,35177,35537,35777,36137,36377,36737,36977,37337,37577,37937,38177,38537,38777,39137,39377,39737,39977,40337,40577,40937,41177,41537,41777,42137,42377,42737,42977,43337,43577,43937,44177,44537,44777,45137,45377,45737,45977,46337,46577,46937,47177,51617,51737,51977,52337,52577,52937,53177,53537,53777,54137,54377,54737,54977,55337,55577,55937,56177,56537,56777,57137,57377,57737,57977,58337,58577,58937,59177,59537,59777,60137,60377,60737,60977,61337,61577,61937,62177,62537,62777,63137,63377,63737,63977,64337,64577,64937,65177,65537,65777,66137,66377,66737,66977,67337,67577,67937,68177,68537,68777,69137,69377,69737,69977,70337,70577,70937,71177,71537,71777,72137,72377,72737,72977,73337,73577,73937,74177,74537,74777,75137,75377,75737,75977,76337,76577,76937,77177,77537,77777,78137,78377,78737,78977,79337,79577,79937,80177,80537,80777,81137,81377,81737,81977,82337,82577,82937,83177,83537,83777,84137,84377,84737,84977,85337,85577,85937,86177],"sog":[11.5,11.7,11.0,11.2,11.6,11.7,11.8,11.3,11.5,11.2,11.3,11.7,11.6,11.2,11.2,11.4,11.3,11.7,11.6,11.6,11.4,12.1,12.0,11.9,11.5,11.5,11.7,11.7,12.1,11.5,11.3,11.5,11.6,11.9,11.4,11.3,11.7,11.7,11.7,11.8,12.3,12.3,11.5,11.3,11.8,11.8,11.4,11.5,11.5,11.5,11.6,11.9,12.3,11.4,11.6,11.3,11.8,11.9,11.8,11.4,11.9,11.9,12.0,11.8,11.3,11.7,11.9,11.2,11.4,11.5,11.3,11.6,11.4,11.7,11.4,11.6,11.5,11.6,11.4,11.9,11.5,11.2,11.6,11.8,11.1,11.5,11.5,11.3,11.5,11.6,11.7,11.4,11.8,11.2,11.7,11.7,11.8,11.9,11.3,11.7,11.5,11.3,11.2,11.3,11.2,12.2,11.9,11.5,11.7,11.3,11.7,11.3,11.5,11.9,11.4,11.8,12.1,11.6,11.3,11.6,12.0,11.4,11.4,11.3,12.0,11.8,11.6,11.6,11.4,11.2,12.3,12.0,11.6,11.6,11.9,11.5,11.2,11.3,11.7,12.1,11.8,11.6,11.4,11.4,11.5,11.4,11.8,11.5,11.3,11.8,11.4,12.0,11.2,12.0,11.4,11.7,11.7,11.8,12.0,11.7,11.9,11.6,11.8,11.3,11.6,11.2,11.4,11.9,11.5,11.4,11.8,11.4,11.4,11.3,11.7,11.1,11.4,11.6,11.5,11.4,11.6,11.1,11.6,11.2,11.3,11.5,11.3,11.7,11.2,11.9,11.4,11.4,11.2,11.8,11.4,11.3,11.5,11.7,11.3,11.4,11.9,11.6,11.5,11.7,12.2,11.8,11.7,11.4,11.5,12.2,11.0,11.5,11.8,11.3,11.8,11.2,11.6,11.6,11.8,11.5,11.6,12.0,11.3,11.6,11.2,11.5,11.9,11.8,11.8,11.8,11.2,11.3,11.3,12.2,11.4,11.5,12.0,11.2,11.7,11.5,10.6,11.5,11.2,11.9,11.7,11.3,11.8,12.1,11.0,11.5,11.8,11.4,11.5,11.7,11.7,12.1,11.7,11.4,11.7,11.4,11.4,11.8,11.3,11.8,11.7,11.6,11.7]}},{"type":"Feature","geometry":{"type":"LineString","coordinates":[[73.1133,10.6754],[73.1172,10.6688],[73.1295,10.6496],[73.1376,10.6364],[73.1496,10.617],[73.1571,10.6034],[73.1689,10.5833],[73.176,10.5706],[73.1871,10.5508],[73.1945,10.5368],[73.2048,10.5164],[73.212,10.5029],[73.2221,10.483],[73.2285,10.4692],[73.2381,10.4489],[73.2446,10.4354],[73.2545,10.4145],[73.2613,10.401],[73.2704,10.3805],[73.2771,10.3664],[73.2875,10.3464],[73.2942,10.3326],[73.3043,10.3115],[73.3113,10.2981],[73.3218,10.2777],[73.3291,10.2638],[73.3402,10.2439],[73.3478,10.2306],[73.3591,10.2105],[73.3665,10.1972],[73.3778,10.1771],[73.3849,10.1638],[73.3952,10.144],[73.4026,10.1307],[73.4136,10.1101],[73.4209,10.0965],[73.4318,10.0764],[73.4397,10.0631],[73.4515,10.0431],[73.4589,10.0297],[73.4704,10.0097],[73.4778,9.9961],[73.4881,9.976],[73.4953,9.963],[73.5058,9.9429],[73.5127,9.9298],[73.5231,9.9091],[73.5299,9.8955],[73.5402,9.8754],[73.5469,9.8621],[73.5567,9.8415],[73.5635,9.8276],[73.5736,9.8067],[73.5801,9.7932],[73.5897,9.773],[73.5964,9.7589],[73.6056,9.7388],[73.6123,9.7251],[73.6221,9.7039],[73.6285,9.6905],[73.6379,9.6701],[73.6444,9.6561],[73.6547,9.6358],[73.6613,9.622],[73.6712,9.6017],[73.6776,9.5878],[73.6877,9.5675],[73.6943,9.5537],[73.7037,9.5332],[73.7106,9.5197],[73.7209,9.4991],[73.7278,9.4853],[73.7378,9.4652],[73.7444,9.4514],[73.7548,9.4307],[73.7613,9.4176],[73.7708,9.3968],[73.7778,9.3833],[73.7872,9.363],[73.7942,9.3485],[73.8042,9.3279],[73.8111,9.3145],[73.8208,9.2941],[73.8273,9.28],[73.8366,9.2591],[73.8426,9.2455],[73.8519,9.2248],[73.8585,9.2109],[73.8672,9.1907],[73.8733,9.1765],[73.8829,9.1552],[73.889,9.141],[73.8979,9.1203],[73.9035,9.1063],[73.9123,9.0854],[73.9183,9.071],[73.9278,9.0497],[73.9336,9.0353],[73.943,9.0146],[73.9486,9.0008],[73.9577,8.9798],[73.9638,8.966],[73.9731,8.9458],[73.9788,8.9322],[73.9882,8.9113],[73.995,8.8978],[74.0049,8.8771],[74.0116,8.8635],[74.0217,8.8434],[74.0288,8.8296],[74.0385,8.8092],[74.0451,8.7953],[74.0552,8.7744],[74.0621,8.7606],[74.0723,8.7403],[74.0792,8.7271],[74.0895,8.7068],[74.0966,8.6934],[74.107,8.6731],[74.1142,8.6593],[74.1248,8.639],[74.1316,8.6252],[74.1425,8.605],[74.1493,8.5917],[74.1602,8.5716],[74.1667,8.5581],[74.177,8.5374],[74.1834,8.5231],[74.1936,8.5021],[74.1998,8.4887],[74.2093,8.4687],[74.2153,8.4546],[74.2252,8.4334],[74.2315,8.42],[74.2413,8.3988],[74.2479,8.3849],[74.2578,8.3645],[74.2645,8.3509],[74.2751,8.3302],[74.282,8.3169],[74.2926,8.2964],[74.2997,8.2825],[74.3103,8.2625],[74.3176,8.2487],[74.3288,8.2283],[74.3363,8.2149],[74.3476,8.1948],[74.3553,8.1817],[74.3668,8.1618],[74.375,8.1488],[74.3871,8.1294],[74.3949,8.1168],[74.407,8.0969],[74.4151,8.0844],[74.4277,8.0651],[74.4362,8.0524],[74.4492,8.0344],[74.4574,8.0216],[74.4714,8.0029],[74.4809,7.9908],[74.4948,7.9722],[74.5041,7.9606],[74.5186,7.9418],[74.5281,7.9295],[74.5416,7.9115],[74.5507,7.899],[74.564,7.8804],[74.5725,7.8684],[74.5865,7.8503],[74.5959,7.8383],[74.6093,7.8207],[74.619,7.8088],[74.6328,7.7911],[74.642,7.779],[74.6566,7.7611],[74.6663,7.7488],[74.6809,7.7316],[74.6909,7.7196],[74.7052,7.7032],[74.7151,7.6913],[74.7293,7.6734],[74.7395,7.6618],[74.7541,7.6445],[74.7637,7.6327],[74.7791,7.6156],[74.7888,7.6033],[74.8034,7.5858],[74.8131,7.5742],[74.8281,7.5564],[74.838,7.5443],[74.852,7.5271],[74.8609,7.5153],[74.875,7.4972],[74.8847,7.4852],[74.8992,7.4672],[74.9092,7.4553],[74.9237,7.4379],[74.933,7.4258],[74.9475,7.408],[74.9569,7.3963],[74.9708,7.3787],[74.98,7.3665],[74.9938,7.3482],[75.0028,7.3361],[75.016,7.318],[75.0252,7.3061],[75.0385,7.2868],[75.0473,7.2739],[75.0605,7.2551],[75.0695,7.2419],[75.0825,7.2232],[75.0909,7.2108],[75.1039,7.1921],[75.113,7.1793],[75.1259,7.1598],[75.1345,7.1472],[75.1469,7.1285],[75.1551,7.1162],[75.1676,7.097],[75.1761,7.0842],[75.1886,7.0647],[75.1966,7.052],[75.2093,7.0326],[75.217,7.02],[75.2291,7.0009],[75.2376,6.9874],[75.25,6.969],[75.258,6.9557],[75.2706,6.9368],[75.2789,6.9241],[75.2913,6.9052],[75.2995,6.8921],[75.3115,6.8732],[75.3198,6.8604],[75.3318,6.8412],[75.3397,6.8287],[75.3525,6.8099],[75.3615,6.7966],[75.3741,6.7781],[75.3824,6.7656],[75.3957,6.7469],[75.4039,6.7344],[75.4166,6.7159],[75.4254,6.7036],[75.4385,6.6846],[75.4476,6.6726],[75.4603,6.6537],[75.4685,6.6413],[75.4814,6.6226],[75.4902,6.61],[75.5026,6.5916],[75.5117,6.579],[75.5253,6.56],[75.5336,6.5476],[75.5464,6.5284],[75.5549,6.5159],[75.5678,6.4974],[75.5759,6.4845],[75.5893,6.466],[75.5979,6.4538],[75.6115,6.4344],[75.6201,6.4218],[75.6334,6.4029],[75.6425,6.3906],[75.6556,6.3718],[75.6646,6.3592],[75.6774,6.3407],[75.6856,6.3283],[75.6986,6.3095],[75.7071,6.2966],[75.7191,6.2774],[75.7274,6.2638],[75.7395,6.2449],[75.7473,6.2321],[75.759,6.2122],[75.7668,6.1987]]},"properties":{"mmsi":993416745,"name":"SYN-CAR-25","role":"background","vessel_type":70,"synthetic":true,"t_offset_s":[3843,3963,4323,4563,4923,5163,5523,5763,6123,6363,6723,6963,7323,7563,7923,8163,8523,8763,9123,9363,9723,9963,10323,10563,10923,11163,11523,11763,12123,12363,12723,12963,13323,13563,13923,14163,14523,14763,15123,15363,15723,15963,16323,16563,16923,17163,17523,17763,18123,18363,18723,18963,19323,19563,19923,20163,20523,20763,21123,21363,21723,21963,22323,22563,22923,23163,23523,23763,24123,24363,24723,24963,25323,25563,25923,26163,26523,26763,27123,27363,27723,27963,28323,28563,28923,29163,29523,29763,30123,30363,30723,30963,31323,31563,31923,32163,32523,32763,33123,33363,33723,33963,34323,34563,34923,35163,35523,35763,36123,36363,36723,36963,37323,37563,37923,38163,38523,38763,39123,39363,39723,39963,40323,40563,40923,41163,41523,41763,42123,42363,42723,42963,43323,43563,43923,44163,44523,44763,45123,45363,45723,45963,46323,46563,46923,47163,47523,47763,48123,48363,48723,48963,49323,49563,49923,50163,50523,50763,51123,51363,51723,51963,52323,52563,52923,53163,53523,53763,54123,54363,54723,54963,55323,55563,55923,56163,56523,56763,57123,57363,57723,57963,58323,58563,58923,59163,59523,59763,60123,60363,60723,60963,61323,61563,61923,62163,62523,62763,63123,63363,63723,63963,64323,64563,64923,65163,65523,65763,66123,66363,66723,66963,67323,67563,67923,68163,68523,68763,69123,69363,69723,69963,70323,70563,70923,71163,71523,71763,72123,72363,72723,72963,73323,73563,73923,74163,74523,74763,75123,75363,75723,75963,76323,76563,76923,77163,77523,77763,78123,78363,78723,78963,79323,79563,79923,80163,80523,80763,81123,81363,81723,81963,82323,82563,82923,83163,83523,83763,84123,84363,84723,84963,85323,85563,85923,86163],"sog":[14.0,13.8,13.4,14.2,13.2,14.0,14.0,13.5,13.7,13.8,14.1,13.5,13.6,13.5,13.9,13.6,13.9,13.2,12.9,13.7,13.5,13.6,14.0,13.8,13.5,14.1,13.9,13.6,13.4,14.1,13.5,13.2,13.4,13.8,13.6,14.0,13.7,13.6,13.1,14.1,13.3,12.7,13.5,13.6,13.6,13.2,13.8,13.5,13.5,13.2,13.6,13.3,14.0,13.8,13.5,14.1,12.9,14.0,13.7,13.6,13.6,13.8,13.4,13.2,13.5,14.1,13.1,13.3,13.6,14.0,14.0,13.3,13.2,13.5,13.7,13.1,13.7,13.3,13.6,13.8,13.9,13.3,13.5,13.9,13.7,13.3,13.6,14.1,13.9,13.6,13.4,13.7,13.3,13.4,13.7,14.0,13.8,13.9,13.6,13.5,13.2,13.9,12.9,12.9,13.9,13.6,14.2,13.5,13.5,14.0,13.5,14.3,13.9,13.5,13.8,13.6,13.4,13.1,13.6,13.8,13.5,13.6,13.6,14.1,13.3,13.6,13.3,13.6,14.0,13.7,13.5,13.6,14.1,14.0,13.4,13.9,13.8,13.8,13.2,13.7,14.1,13.6,13.7,13.6,13.6,13.8,13.7,13.7,14.1,13.6,14.1,13.5,13.7,13.8,13.3,14.2,13.7,13.4,14.0,13.7,13.5,13.5,14.0,13.5,13.6,14.1,13.5,13.6,13.7,13.5,13.5,13.2,13.0,13.7,13.2,14.1,13.6,13.5,13.5,14.1,13.7,13.8,13.5,13.5,13.3,14.2,13.6,13.7,13.8,14.1,13.1,13.1,13.8,13.7,13.7,13.7,13.6,13.6,13.5,13.6,13.4,13.2,13.7,13.5,13.4,13.6,14.1,14.0,13.3,14.0,13.9,13.5,13.8,13.5,14.3,13.5,13.3,13.0,13.9,13.9,13.6,13.5,13.6,12.9,13.0,13.9,13.5,13.3,13.9,13.5,13.4,13.5,13.6,13.9,13.0,13.2,13.4,14.0,13.4,13.1,13.5,13.5,13.2,13.7,13.5,13.2,13.3,13.7,13.3,13.6,13.4,13.5,13.9,13.4,13.7,13.1,13.6,13.6,13.7,13.7,13.8,13.3,13.5,13.9,13.8,13.5,13.5,13.6,13.3,13.7,12.8,14.2,13.7,13.1,13.4,13.6]}},{"type":"Feature","geometry":{"type":"LineString","coordinates":[[73.3394,10.2996],[73.3361,10.3046],[73.3298,10.3151],[73.3204,10.3312],[73.3144,10.3423],[73.3048,10.3582],[73.2984,10.3687],[73.2886,10.3843],[73.2818,10.3954],[73.2722,10.4108],[73.266,10.4212],[73.2561,10.4375],[73.2503,10.4478],[73.2404,10.4637],[73.2342,10.4747],[73.2247,10.4907],[73.2186,10.5012],[73.2089,10.5177],[73.2023,10.5285],[73.192,10.5441],[73.1854,10.5551],[73.1748,10.571],[73.1679,10.5817],[73.158,10.597],[73.1519,10.6079],[73.1425,10.6241],[73.1362,10.6351],[73.1276,10.6513],[73.1212,10.6624],[73.1126,10.6781],[73.1066,10.6888],[73.0978,10.706],[73.0915,10.7171],[73.0833,10.7334],[73.0776,10.7437],[73.0692,10.7593],[73.0628,10.7702],[73.0532,10.7864],[73.047,10.7966],[73.0371,10.8128],[73.0304,10.8236],[73.0213,10.839],[73.0149,10.8499],[73.0055,10.8657],[72.9994,10.8763],[72.9896,10.8923],[72.9828,10.9033],[72.9732,10.9193],[72.9672,10.9299],[72.9577,10.9459],[72.9518,10.9569],[72.9424,10.9731],[72.9361,10.9841],[72.9265,11.0],[72.9197,11.0107],[72.9101,11.0267],[72.904,11.0373],[72.8948,11.053],[72.8878,11.0638],[72.878,11.0799],[72.8713,11.0904],[72.8608,11.106],[72.8541,11.1169],[72.8437,11.1323],[72.8371,11.1427],[72.8266,11.1581],[72.8196,11.1681],[72.8086,11.183],[72.8017,11.1934],[72.7909,11.2086],[72.7836,11.2182],[72.7724,11.2329],[72.7648,11.2429],[72.7539,11.258],[72.7469,11.2686],[72.7362,11.2841],[72.7286,11.2942],[72.7177,11.3096],[72.7106,11.3197],[72.6997,11.3345],[72.692,11.3446],[72.6815,11.3597],[72.6737,11.37],[72.6626,11.385],[72.6549,11.3949],[72.6438,11.4098],[72.6361,11.4198],[72.6256,11.4343],[72.6183,11.4446],[72.6074,11.4597],[72.5996,11.4698],[72.5884,11.4857],[72.5811,11.4956],[72.5704,11.5101],[72.5628,11.5202],[72.5514,11.5355],[72.5441,11.5457],[72.5329,11.5605],[72.5252,11.5705],[72.5141,11.5858],[72.5068,11.5959],[72.4957,11.6107],[72.4882,11.621],[72.4774,11.6362],[72.4701,11.6464],[72.4594,11.6613],[72.4524,11.6713],[72.441,11.6865],[72.4337,11.6967],[72.4227,11.7117],[72.4154,11.7215],[72.4042,11.7361],[72.3963,11.7462],[72.3844,11.7616],[72.3761,11.7715],[72.3644,11.7857],[72.3564,11.7958],[72.3447,11.8098],[72.337,11.8198],[72.3249,11.8342],[72.317,11.844],[72.3047,11.8581],[72.2966,11.8677],[72.2846,11.8818],[72.277,11.8913],[72.2658,11.906],[72.2584,11.9159],[72.2472,11.9305],[72.2398,11.9405],[72.2285,11.9558],[72.2209,11.9651],[72.2094,11.9803],[72.2021,11.99],[72.1902,12.0055],[72.1824,12.0148],[72.1708,12.0297],[72.1632,12.0397],[72.1518,12.0545],[72.1446,12.0641],[72.1331,12.0784],[72.1251,12.0879],[72.1132,12.1025],[72.1058,12.112],[72.0941,12.1269],[72.0865,12.1364],[72.0746,12.1517],[72.0668,12.1614],[72.0553,12.1759],[72.0475,12.186],[72.0362,12.2008],[72.0288,12.2102],[72.0169,12.2248],[72.0091,12.2339],[71.9969,12.2483],[71.9888,12.2578],[71.9762,12.2724],[71.9688,12.2816],[71.9559,12.296],[71.9475,12.3062],[71.9354,12.3208],[71.9276,12.3297],[71.916,12.3442],[71.9079,12.3537],[71.8955,12.3685],[71.8872,12.3773],[71.8749,12.3916],[71.8665,12.4009],[71.8542,12.4147],[71.8464,12.4237],[71.8337,12.4375],[71.8256,12.4466],[71.8136,12.4605],[71.8055,12.47],[71.7933,12.4844],[71.785,12.4941],[71.7733,12.508],[71.7655,12.5179],[71.7537,12.5321],[71.746,12.5416],[71.7344,12.5563],[71.7275,12.566],[71.7162,12.5801],[71.7083,12.5903],[71.6967,12.6052],[71.6893,12.6148],[71.6782,12.6288],[71.6705,12.6388],[71.6591,12.6538],[71.6522,12.6631],[71.6413,12.6782],[71.6339,12.6879],[71.6231,12.7027],[71.6155,12.7134],[71.6043,12.7282],[71.5967,12.7384],[71.5859,12.7531],[71.5785,12.763],[71.5679,12.7774],[71.5604,12.7881],[71.5495,12.8038],[71.542,12.8138],[71.5311,12.8291],[71.5237,12.8393],[71.5127,12.8543],[71.5055,12.8642],[71.4949,12.8794],[71.4875,12.8892],[71.4767,12.9046],[71.4697,12.9145],[71.4586,12.9291],[71.4515,12.9393],[71.4403,12.9547],[71.4328,12.9648],[71.4219,12.9798],[71.4147,12.9903],[71.4043,13.0047],[71.3972,13.0154],[71.3861,13.0306],[71.3787,13.0405],[71.3684,13.0554],[71.361,13.0656],[71.3503,13.0809],[71.3426,13.0917],[71.3313,13.1066],[71.3239,13.1162],[71.313,13.1315],[71.305,13.1412],[71.2942,13.1558],[71.286,13.1655],[71.2746,13.18],[71.2673,13.1894],[71.2553,13.2041],[71.2475,13.2141],[71.2359,13.2288],[71.2288,13.2388],[71.2176,13.2538],[71.2102,13.2636],[71.1986,13.2785],[71.1908,13.2887],[71.1797,13.3031],[71.1723,13.3131],[71.1615,13.3279],[71.154,13.3377],[71.143,13.3532],[71.1359,13.3629],[71.1248,13.3785],[71.1175,13.3882],[71.1064,13.4038],[71.0994,13.4136],[71.0887,13.4284],[71.0813,13.4387],[71.0702,13.4535],[71.0627,13.4631],[71.0516,13.4773],[71.0442,13.4877],[71.0335,13.5024],[71.0263,13.5121],[71.0155,13.5272],[71.0082,13.5377],[70.9967,13.5526],[70.9894,13.5628],[70.9784,13.5778],[70.9712,13.5879],[70.9596,13.6032],[70.9521,13.6128],[70.9408,13.6282],[70.9327,13.6378],[70.9213,13.6527],[70.9134,13.6628],[70.9023,13.6773],[70.8944,13.6872],[70.8826,13.7023],[70.8753,13.7115],[70.8641,13.7262],[70.8565,13.7361],[70.8451,13.7505],[70.8378,13.7604],[70.826,13.7749],[70.8181,13.7845],[70.8063,13.7988],[70.7982,13.8084],[70.7863,13.8225],[70.7787,13.8318],[70.7671,13.8463],[70.759,13.8561],[70.748,13.8707],[70.7405,13.8806],[70.7291,13.895],[70.7214,13.9043],[70.7103,13.9183],[70.7026,13.9282],[70.6914,13.9428],[70.6832,13.9521],[70.6711,13.9668],[70.6634,13.9762],[70.6506,13.9902],[70.6426,13.9997],[70.63,14.0142],[70.6225,14.0231],[70.6102,14.0383]]},"properties":{"mmsi":994016939,"name":"SYN-CAR-19","role":"candidate","vessel_type":70,"synthetic":true,"t_offset_s":[-244790,-244670,-244430,-244070,-243830,-243470,-243230,-242870,-242630,-242270,-242030,-241670,-241430,-241070,-240830,-240470,-240230,-239870,-239630,-239270,-239030,-238670,-238430,-238070,-237830,-237470,-237230,-236870,-236630,-236270,-236030,-235670,-235430,-235070,-234830,-234470,-234230,-233870,-233630,-233270,-233030,-232670,-232430,-232070,-231830,-231470,-231230,-230870,-230630,-230270,-230030,-229670,-229430,-229070,-228830,-228470,-228230,-227870,-227630,-227270,-227030,-226670,-226430,-226070,-225830,-225470,-225230,-224870,-224630,-224270,-224030,-223670,-223430,-223070,-222830,-222470,-222230,-221870,-221630,-221270,-221030,-220670,-220430,-220070,-219830,-219470,-219230,-218870,-218630,-218270,-218030,-217670,-217430,-217070,-216830,-216470,-216230,-215870,-215630,-215270,-215030,-214670,-214430,-214070,-213830,-213470,-213230,-212870,-212630,-212270,-212030,-211670,-211430,-211070,-210830,-210470,-210230,-209870,-209630,-209270,-209030,-208670,-208430,-208070,-207830,-207470,-207230,-206870,-206630,-206270,-206030,-205670,-205430,-205070,-204830,-204470,-204230,-203870,-203630,-203270,-203030,-202670,-202430,-202070,-201830,-201470,-201230,-200870,-200630,-200270,-200030,-199670,-199430,-199070,-198830,-198470,-198230,-197870,-197630,-197270,-197030,-196670,-196430,-196070,-195830,-195470,-195230,-194870,-194630,-194270,-194030,-193670,-193430,-193070,-192830,-192470,-192230,-191870,-191630,-191270,-191030,-190670,-190430,-190070,-189830,-189470,-189230,-188870,-188630,-188270,-188030,-187670,-187430,-187070,-186830,-186470,-186230,-185870,-185630,-185270,-185030,-184670,-184430,-184070,-183830,-183470,-183230,-182870,-182630,-182270,-182030,-181670,-181430,-181070,-180830,-180470,-180230,-179870,-179630,-179270,-179030,-178670,-178430,-178070,-177830,-177470,-177230,-176870,-176630,-176270,-176030,-175670,-175430,-175070,-174830,-174470,-174230,-173870,-173630,-173270,-173030,-172670,-172430,-172070,-171830,-171470,-171230,-170870,-170630,-170270,-170030,-169670,-169430,-169070,-168830,-168470,-168230,-167870,-167630,-167270,-167030,-166670,-166430,-166070,-165830,-165470,-165230,-164870,-164630,-164270,-164030,-163670,-163430,-163070,-162830,-162470,-162230,-161870,-161630,-161270,-161030,-160670,-160430,-160070,-159830,-159470,-159230,-158870,-158630,-158270,-158030,-157670,-157430,-157070,-156830,-156470,-156230,-155870,-155630,-155270],"sog":[11.5,10.8,11.1,11.1,10.9,11.0,11.0,11.2,10.9,10.7,10.8,10.8,10.6,11.5,11.6,11.1,10.6,11.3,11.3,11.1,11.4,11.3,11.1,11.2,11.3,11.2,11.3,11.1,11.0,10.7,10.9,11.8,11.3,10.5,10.4,10.3,11.2,11.2,10.7,11.8,10.9,10.4,11.2,11.2,11.3,11.6,11.2,11.1,11.0,11.2,11.0,11.1,11.5,11.0,11.6,11.0,11.4,11.0,11.3,11.2,11.6,10.7,11.3,11.5,10.8,11.3,10.6,11.2,11.1,11.0,10.9,11.6,11.2,11.0,11.3,11.6,11.5,11.0,10.6,11.0,10.9,11.1,11.1,11.4,11.2,11.3,11.4,10.6,11.1,10.9,11.6,11.1,11.1,11.3,11.3,11.4,11.2,11.2,11.0,11.7,10.9,10.8,10.6,11.3,11.3,11.1,10.6,11.2,11.6,11.2,10.6,10.6,11.2,11.6,10.8,11.2,11.8,10.5,11.2,11.0,11.1,11.0,10.8,11.3,11.0,11.4,11.2,10.8,11.2,11.3,10.9,11.3,10.9,11.8,10.9,11.1,10.7,11.1,10.7,10.6,11.2,10.8,11.0,11.3,10.6,11.2,11.2,11.2,11.3,11.6,10.2,11.3,11.0,10.7,11.2,11.2,10.8,11.5,11.4,11.5,10.7,10.7,10.9,11.6,11.0,11.2,11.6,10.9,10.9,11.3,11.1,10.8,10.9,11.4,11.5,11.0,11.2,11.1,10.7,10.7,10.6,10.6,11.1,11.6,11.0,10.8,11.4,10.6,10.5,11.2,11.2,10.7,11.6,10.9,11.1,11.2,10.6,10.7,11.0,11.6,11.1,11.5,11.3,11.3,10.9,10.9,11.2,10.8,10.7,10.9,11.2,11.5,11.5,11.4,11.7,10.8,11.1,10.8,10.8,10.7,11.4,11.0,11.8,11.9,11.1,11.6,11.1,10.8,10.8,11.0,10.7,10.6,11.3,11.5,10.7,11.0,11.4,11.2,11.0,11.2,10.8,11.0,10.7,11.8,11.2,11.0,11.1,10.9,11.0,10.7,11.2,11.1,10.4,10.8,11.1,11.5,10.7,11.2,11.1,11.4,11.1,11.0,10.9,11.6,11.0,11.1,11.4,11.3,11.2,11.0,10.9,11.4,10.9,11.0,11.4,11.1,10.6,10.8,11.5,11.1,11.7,10.6,10.9,11.2,11.2,10.9,11.4,10.7,11.0,10.6,11.1,11.3,11.0,11.2,10.8,11.2,11.0,11.4,10.9,11.6]}},{"type":"Feature","geometry":{"type":"LineString","coordinates":[[73.4975,10.3587],[73.4949,10.3538],[73.4869,10.3391],[73.4812,10.3289],[73.4738,10.3138],[73.4687,10.3043],[73.4612,10.2886],[73.4557,10.2788],[73.4482,10.2638],[73.4429,10.2532],[73.435,10.2385],[73.4292,10.2283],[73.422,10.2135],[73.4172,10.2035],[73.4092,10.188],[73.4042,10.1781],[73.396,10.163],[73.391,10.1528],[73.3833,10.1374],[73.3778,10.1268],[73.3698,10.1119],[73.3649,10.1015],[73.3576,10.0864],[73.3526,10.0763],[73.3448,10.0606],[73.3402,10.0511],[73.3323,10.0363],[73.3273,10.0264],[73.3199,10.0112],[73.3151,10.0011],[73.308,9.9857],[73.3035,9.9759],[73.2959,9.9604],[73.2908,9.9502],[73.2835,9.9352],[73.2783,9.9248],[73.2712,9.9094],[73.2663,9.8991],[73.2587,9.884],[73.254,9.8736],[73.2465,9.8587],[73.2415,9.8482],[73.2342,9.8329],[73.2295,9.8225],[73.2225,9.8071],[73.2174,9.7969],[73.2108,9.7815],[73.2061,9.771],[73.1985,9.7561],[73.1933,9.7456],[73.1858,9.7303],[73.1808,9.7201],[73.173,9.7053],[73.1676,9.6953],[73.1595,9.6799],[73.1546,9.6701],[73.1468,9.6555],[73.1414,9.6451],[73.1342,9.6304],[73.1293,9.6203],[73.1218,9.6052],[73.1173,9.5955],[73.1095,9.5804],[73.1045,9.5695],[73.0971,9.5542],[73.0919,9.5442],[73.0848,9.5287],[73.0798,9.5182],[73.073,9.5026],[73.0683,9.4923],[73.0615,9.4768],[73.0567,9.4668],[73.0496,9.4513],[73.0449,9.4411],[73.0374,9.4252],[73.0323,9.4153],[73.0253,9.3998],[73.0205,9.3897],[73.0134,9.3737],[73.0084,9.3638],[73.0007,9.3485],[72.9956,9.338],[72.9884,9.3225],[72.9831,9.3122],[72.9753,9.2968],[72.9704,9.2866],[72.9638,9.2709],[72.9593,9.2601],[72.9522,9.2439],[72.9482,9.2336],[72.9417,9.2182],[72.9372,9.2075],[72.9303,9.1915],[72.926,9.1814],[72.919,9.1653],[72.9147,9.1549],[72.9077,9.1397],[72.9034,9.129],[72.8972,9.1132],[72.8932,9.1033],[72.8869,9.0871],[72.8832,9.0765],[72.8766,9.0606],[72.8727,9.0497],[72.8668,9.0339],[72.8626,9.023],[72.8564,9.0072],[72.8521,8.9965],[72.8467,8.9808],[72.8425,8.9703],[72.8361,8.9543],[72.8317,8.9438],[72.8252,8.9287],[72.8206,8.918],[72.8132,8.9023],[72.8087,8.8915],[72.8019,8.8756],[72.7973,8.8649],[72.7903,8.8492],[72.7855,8.8386]]},"properties":{"mmsi":994128386,"name":"SYN-TAN-06","role":"background","vessel_type":80,"synthetic":true,"t_offset_s":[50626,50746,51106,51346,51706,51946,52306,52546,52906,53146,53506,53746,54106,54346,54706,54946,55306,55546,55906,56146,56506,56746,57106,57346,57706,57946,58306,58546,58906,59146,59506,59746,60106,60346,60706,60946,61306,61546,61906,62146,62506,62746,63106,63346,63706,63946,64306,64546,64906,65146,65506,65746,66106,66346,66706,66946,67306,67546,67906,68146,68506,68746,69106,69346,69706,69946,70306,70546,70906,71146,71506,71746,72106,72346,72706,72946,73306,73546,73906,74146,74506,74746,75106,75346,75706,75946,76306,76546,76906,77146,77506,77746,78106,78346,78706,78946,79306,79546,79906,80146,80506,80746,81106,81346,81706,81946,82306,82546,82906,83146,83506,83746,84106,84346,84706,84946,85306,85546,85906,86146],"sog":[10.2,9.9,10.2,10.5,10.0,9.8,10.4,9.8,10.3,10.7,10.2,9.9,9.8,10.1,10.4,10.1,10.0,10.0,10.2,10.3,10.1,10.1,10.4,10.2,9.9,9.7,9.6,10.1,9.8,10.6,10.0,9.8,10.3,10.2,10.4,10.2,10.2,10.0,10.1,9.9,10.4,10.1,10.2,10.0,10.2,10.2,9.9,9.9,9.7,10.0,10.3,10.0,10.4,10.3,10.8,10.1,10.1,10.2,9.3,9.8,10.1,9.5,10.3,10.7,9.7,10.3,10.1,10.5,10.1,10.0,10.1,9.9,9.7,9.9,10.2,9.9,10.5,10.1,10.9,9.6,10.0,10.3,10.3,10.4,10.2,10.7,10.0,10.9,10.1,10.0,9.7,10.9,9.9,10.1,10.1,10.1,10.2,10.4,10.1,9.5,10.3,9.8,9.9,10.0,10.0,10.5,9.6,10.3,9.5,10.5,10.2,10.1,9.6,10.7,10.3,10.1,10.3,10.4,10.0,10.1]}},{"type":"Feature","geometry":{"type":"LineString","coordinates":[[74.7951,12.7263],[74.7864,12.7116],[74.7779,12.6963],[74.7656,12.6745],[74.7573,12.6598],[74.7451,12.6379],[74.7368,12.6236],[74.7245,12.6013],[74.7159,12.5858],[74.7039,12.5639],[74.6962,12.5494],[74.6843,12.5264],[74.6768,12.5115],[74.6654,12.4888],[74.658,12.474],[74.6471,12.4515],[74.6397,12.4365],[74.6286,12.4139],[74.6215,12.3982],[74.6106,12.3746],[74.6032,12.3594],[74.5935,12.3358],[74.587,12.3205],[74.5766,12.2969],[74.5702,12.2814],[74.5604,12.2579],[74.5538,12.2425],[74.5438,12.2184],[74.5368,12.203],[74.5263,12.1801],[74.5188,12.1641],[74.5087,12.1408],[74.5019,12.1253],[74.4916,12.1017],[74.4849,12.0863],[74.4745,12.0631],[74.4677,12.0474],[74.4567,12.024],[74.4496,12.0089],[74.438,11.9859],[74.4308,11.971],[74.4197,11.9483],[74.412,11.9329],[74.4003,11.9097],[74.3925,11.8949],[74.3806,11.8727],[74.3725,11.8575],[74.3604,11.8345],[74.3523,11.8197],[74.34,11.7966],[74.3321,11.7819],[74.3202,11.7597],[74.3121,11.7449],[74.2992,11.7227],[74.2913,11.7081],[74.2787,11.6859],[74.2707,11.6706],[74.2581,11.6477],[74.2501,11.6326],[74.2377,11.6099],[74.2298,11.5947],[74.2182,11.5725],[74.2102,11.5569],[74.1989,11.5339],[74.1918,11.5186],[74.1806,11.4961],[74.1734,11.4807],[74.1625,11.4581],[74.1551,11.443],[74.144,11.4191],[74.1369,11.404],[74.126,11.3814],[74.1195,11.3662],[74.1096,11.3428],[74.1026,11.3267],[74.0926,11.3038],[74.0853,11.2886],[74.0751,11.2656],[74.0682,11.2499],[74.0573,11.2264],[74.0503,11.2111],[74.0392,11.1876],[74.0318,11.1723],[74.0208,11.1492],[74.0137,11.1335],[74.0027,11.1099],[73.9955,11.0949],[73.9841,11.0723],[73.9769,11.0567],[73.9656,11.0342],[73.958,11.0189],[73.947,10.9961],[73.9393,10.9806],[73.9283,10.9579],[73.9211,10.9426],[73.9098,10.9192],[73.9026,10.9039],[73.8916,10.8811],[73.884,10.8657],[73.8734,10.8429],[73.8657,10.8266],[73.8547,10.8039],[73.8472,10.7889],[73.8356,10.7662],[73.8284,10.7508],[73.8166,10.7277],[73.8096,10.7125],[73.7987,10.6895],[73.7915,10.6745],[73.7814,10.6515],[73.775,10.6362],[73.7646,10.6125],[73.7576,10.5967],[73.7473,10.573],[73.7405,10.5575],[73.7302,10.5339],[73.7239,10.5188],[73.7128,10.4957],[73.7055,10.4804],[73.6943,10.4577],[73.6869,10.4423],[73.6755,10.4199],[73.6682,10.4044],[73.6561,10.381],[73.6488,10.3663],[73.6374,10.3435],[73.6293,10.3284],[73.6176,10.3059],[73.6101,10.2903],[73.5984,10.2679],[73.5902,10.253],[73.5786,10.2301],[73.5712,10.215],[73.5604,10.1922],[73.5527,10.1774],[73.541,10.1547],[73.5335,10.1392],[73.522,10.1164],[73.514,10.1014],[73.5025,10.0787],[73.495,10.0633],[73.4836,10.0408],[73.4758,10.0256],[73.4641,10.0032],[73.4558,9.988],[73.4443,9.9651],[73.4365,9.9499],[73.4248,9.9269],[73.4171,9.9125],[73.4049,9.8901],[73.3966,9.875],[73.3842,9.8527],[73.3758,9.8379],[73.363,9.8153],[73.3543,9.8005],[73.3424,9.7781],[73.3343,9.7631],[73.3226,9.7408],[73.3145,9.7261],[73.303,9.7031],[73.2949,9.6881],[73.2832,9.6654],[73.2755,9.6507],[73.263,9.6274],[73.2545,9.6127],[73.2423,9.5902],[73.2336,9.5753],[73.2214,9.5535],[73.213,9.5389],[73.2005,9.5171],[73.1913,9.5022],[73.1789,9.4805],[73.1704,9.4659],[73.1582,9.4436],[73.1499,9.4286],[73.1375,9.4057],[73.1292,9.3907],[73.1174,9.3684],[73.1095,9.3532],[73.0981,9.3308],[73.0901,9.316],[73.0777,9.2936],[73.0694,9.2788],[73.0579,9.2568],[73.0496,9.2416],[73.0378,9.2186],[73.0298,9.2034],[73.0174,9.181],[73.009,9.1655],[72.9972,9.1434],[72.9893,9.1285],[72.9781,9.1061],[72.971,9.0902],[72.961,9.0676],[72.9538,9.0518],[72.943,9.029],[72.9362,9.0137],[72.9254,8.9903],[72.9183,8.9746],[72.9076,8.9517],[72.9003,8.9362],[72.8899,8.9129],[72.8828,8.8976],[72.8726,8.8738],[72.866,8.8583],[72.8555,8.8354],[72.8487,8.8203],[72.8371,8.7974],[72.8295,8.7821],[72.8174,8.7591],[72.8098,8.7438],[72.798,8.7212],[72.7898,8.7059],[72.7778,8.6832],[72.77,8.6685],[72.7582,8.6457],[72.7501,8.6308],[72.7383,8.6084],[72.7307,8.5936],[72.7189,8.5702],[72.711,8.5547],[72.6996,8.5317],[72.6927,8.5165],[72.6819,8.4937],[72.6743,8.4781],[72.6634,8.4546],[72.6563,8.4389],[72.6463,8.4158],[72.6394,8.3997],[72.6298,8.3765],[72.624,8.3604],[72.6143,8.3367],[72.6076,8.3218],[72.5978,8.2973],[72.5912,8.2822],[72.5807,8.2584],[72.5742,8.2431],[72.5637,8.2194],[72.557,8.2038],[72.5474,8.181],[72.5402,8.1652],[72.5308,8.1416],[72.5244,8.1262],[72.5147,8.102],[72.5086,8.0862],[72.4986,8.0625],[72.4922,8.0467],[72.4818,8.0233],[72.4754,8.0073],[72.4655,7.9842],[72.4592,7.9685],[72.4498,7.9451],[72.4429,7.93],[72.4329,7.9069],[72.4266,7.891],[72.4166,7.8673],[72.4102,7.8516],[72.4006,7.8274],[72.3945,7.8117],[72.3852,7.788],[72.3792,7.772],[72.3701,7.7481]]},"properties":{"mmsi":994936372,"name":"SYN-CAR-12","role":"candidate","vessel_type":70,"synthetic":true,"t_offset_s":[-59806,-59566,-59326,-58966,-58726,-58366,-58126,-57766,-57526,-57166,-56926,-56566,-56326,-55966,-55726,-55366,-55126,-54766,-54526,-54166,-53926,-53566,-53326,-52966,-52726,-52366,-52126,-51766,-51526,-51166,-50926,-50566,-50326,-49966,-49726,-49366,-49126,-48766,-48526,-48166,-47926,-47566,-47326,-46966,-46726,-46366,-46126,-45766,-45526,-45166,-44926,-44566,-44326,-43966,-43726,-43366,-43126,-42766,-42526,-42166,-41926,-41566,-41326,-40966,-40726,-40366,-40126,-39766,-39526,-39166,-38926,-38566,-38326,-37966,-37726,-37366,-37126,-36766,-36526,-36166,-35926,-35566,-35326,-34966,-34726,-34366,-34126,-33766,-33526,-33166,-32926,-32566,-32326,-31966,-31726,-31366,-31126,-30766,-30526,-30166,-29926,-29566,-29326,-28966,-28726,-28366,-28126,-27766,-27526,-27166,-26926,-26566,-26326,-25966,-25726,-25366,-25126,-24766,-24526,-24166,-23926,-23566,-23326,-22966,-22726,-22366,-22126,-21766,-21526,-21166,-20926,-20566,-20326,-19966,-19726,-19366,-19126,-18766,-18526,-18166,-17926,-17566,-17326,-16966,-16726,-16366,-16126,-15766,-15526,-15166,-14926,-14566,-14326,-13966,-13726,-13366,-13126,-12766,-12526,-12166,-11926,-11566,-11326,-10966,-10726,-10366,-10126,-9766,-9526,-9166,-8926,-8566,-8326,-7966,-7726,-7366,-7126,-6766,-6526,-6166,-5926,-5566,-5326,-4966,-4726,-4366,-4126,-3766,-3526,-3166,-2926,-2566,-2326,-1966,-1726,-1366,-1126,-766,-526,-166,74,434,674,1034,1274,1634,1874,2234,2474,2834,3074,3434,3674,4034,4274,4634,4874,5234,5474,5834,6074,6434,6674,7034,7274,7634,7874,8234,8474,8834,9074,9434,9674,10034,10274,10634,10874,11234,11474,11834,12074,12434,12674,13034,13274,13634,13874,14234,14474,14834,15074,15434,15674,16034,16274,16634,16874,17234,17474,17834,18074,18434],"sog":[14.9,15.5,15.0,14.7,15.0,14.6,14.7,15.1,15.4,14.8,15.2,15.4,14.5,14.7,15.0,15.0,15.1,15.1,15.4,15.6,15.1,14.8,15.0,15.3,15.1,15.2,15.2,15.3,15.3,15.0,15.6,15.6,15.1,15.6,15.1,15.0,15.0,15.3,14.8,15.1,14.9,15.0,15.1,15.2,15.3,14.8,15.9,15.5,15.1,15.5,15.0,14.3,15.3,15.4,15.2,15.4,15.5,15.8,15.4,15.5,15.3,14.7,15.8,15.1,15.5,15.1,14.8,15.3,15.3,15.7,14.8,14.7,14.7,15.0,15.3,14.9,15.2,15.0,15.2,15.5,15.2,15.7,15.2,15.4,15.2,15.6,14.8,15.1,15.1,15.2,15.1,14.8,15.2,15.3,14.9,15.3,15.4,15.2,14.9,15.2,15.6,15.5,14.9,15.3,14.9,15.3,15.0,14.8,15.3,14.8,15.4,14.9,16.0,15.6,15.2,15.1,14.9,15.4,15.0,15.0,14.9,15.3,15.1,15.8,15.3,15.2,15.9,15.2,15.3,15.0,15.5,15.2,15.1,14.8,15.1,15.5,14.9,14.9,15.0,15.3,15.7,15.0,15.3,15.4,15.5,15.6,15.1,15.0,14.7,15.4,15.0,14.8,15.0,15.1,15.5,15.3,15.4,15.1,15.2,15.1,15.0,15.3,15.0,15.5,15.7,15.0,15.4,14.8,15.0,15.4,15.8,15.5,15.2,15.1,15.4,15.5,15.1,15.2,14.8,15.2,15.3,15.7,14.6,14.8,15.2,15.1,15.7,15.3,15.5,15.1,15.3,14.8,15.5,15.1,15.1,15.2,15.1,15.5,15.1,15.0,15.0,14.9,15.1,15.4,15.5,14.9,14.8,15.6,15.3,15.0,15.2,15.7,15.6,15.1,15.4,14.9,15.2,15.1,15.5,15.6,15.3,15.4,14.7,15.6,15.6,15.5,15.3,15.5,15.2,15.1,15.4,15.2,15.0,15.4,15.2,15.1,15.0,15.4,14.9,15.1,15.5,14.9,15.1,15.0,15.4,15.2,14.8,15.3,15.3,15.2,14.6,14.9,14.8,14.9,15.0,15.5,15.8,15.0,15.0,15.1,15.2,15.1]}},{"type":"Feature","geometry":{"type":"LineString","coordinates":[[74.4368,8.8822],[74.4348,8.884],[74.4307,8.886],[74.4226,8.8857],[74.4191,8.8895],[74.422,8.8931],[74.4252,8.8952],[74.4305,8.8979],[74.435,8.8978],[74.4386,8.893],[74.4424,8.8887],[74.4474,8.8849],[74.4495,8.8819],[74.4512,8.8768],[74.447,8.8757],[74.4397,8.8747],[74.4358,8.875],[74.4324,8.8784],[74.4294,8.8829],[74.4276,8.8876],[74.4273,8.8912],[74.4213,8.8949],[74.4196,8.8985],[74.4157,8.9016],[74.4104,8.902],[74.4052,8.907],[74.4021,8.9105],[74.3975,8.9149],[74.3979,8.9202],[74.3951,8.9254],[74.394,8.9296],[74.3967,8.9345],[74.4002,8.9349],[74.4001,8.9411],[74.3968,8.9438],[74.3992,8.9491],[74.4034,8.9482],[74.4102,8.9492],[74.4133,8.9532],[74.4098,8.9587],[74.4051,8.959],[74.4001,8.9599],[74.3948,8.9589],[74.3907,8.963],[74.3872,8.9663],[74.3817,8.9685],[74.3783,8.9668],[74.3773,8.9614],[74.3769,8.9574],[74.3779,8.9538],[74.3747,8.949],[74.3708,8.9449],[74.3669,8.9435],[74.3598,8.9426],[74.3568,8.9403],[74.3513,8.9367],[74.3513,8.9341],[74.3575,8.9326],[74.3622,8.9317],[74.3682,8.9293],[74.3723,8.9276],[74.3739,8.9215],[74.3771,8.9174],[74.3808,8.9142],[74.3797,8.918],[74.3751,8.9242],[74.372,8.9265],[74.3651,8.9316],[74.3631,8.936],[74.3647,8.941],[74.3676,8.9437],[74.3694,8.9486],[74.3645,8.9485],[74.3603,8.9525],[74.3577,8.9558],[74.3554,8.9623],[74.3541,8.9672],[74.3517,8.9714],[74.3463,8.9741],[74.3419,8.9733],[74.3413,8.9691],[74.3403,8.9618],[74.339,8.9569],[74.337,8.9504],[74.3361,8.9469],[74.3319,8.9441],[74.3301,8.9428],[74.3245,8.9435],[74.3203,8.9439],[74.3132,8.9429],[74.3101,8.941],[74.3047,8.942],[74.3003,8.9401],[74.2977,8.9358],[74.294,8.938],[74.2887,8.935],[74.2859,8.9308],[74.2877,8.9239],[74.288,8.9186],[74.2907,8.9142],[74.2885,8.9113],[74.2869,8.907],[74.2869,8.903],[74.284,8.8968],[74.2837,8.8943],[74.2844,8.8886],[74.2851,8.8837],[74.2844,8.8778],[74.2868,8.8723],[74.2857,8.8662],[74.2823,8.8638],[74.2747,8.8641],[74.2715,8.864],[74.2654,8.8639],[74.2616,8.864],[74.2557,8.8689],[74.251,8.8707],[74.2463,8.8756],[74.2439,8.8774],[74.2392,8.8792],[74.2357,8.8763],[74.2317,8.8727],[74.2312,8.869],[74.2349,8.8624],[74.2379,8.8603],[74.2429,8.8577],[74.2467,8.8575],[74.2524,8.8546],[74.2533,8.8503],[74.2528,8.8434],[74.2529,8.8389],[74.2504,8.8335],[74.2485,8.8283],[74.2525,8.8235],[74.2541,8.8208],[74.2522,8.8155],[74.2529,8.8101],[74.2528,8.8066],[74.2519,8.8013],[74.2488,8.7959],[74.2467,8.7925],[74.2425,8.7867],[74.2378,8.785],[74.2345,8.7809],[74.236,8.7756],[74.2401,8.7717],[74.2452,8.7714],[74.2488,8.7747],[74.2489,8.7786],[74.2459,8.7843],[74.2474,8.7872],[74.2465,8.794],[74.249,8.7971],[74.2482,8.8038],[74.2448,8.8068],[74.2378,8.8084],[74.2342,8.8064],[74.2329,8.8007],[74.2336,8.7974],[74.2371,8.7937],[74.2405,8.7915],[74.2472,8.7899],[74.2502,8.7892],[74.2557,8.7867],[74.259,8.7889],[74.262,8.7934],[74.265,8.7956],[74.2714,8.7972],[74.2739,8.7981],[74.28,8.7994],[74.285,8.7996],[74.2909,8.8032],[74.2953,8.8012],[74.2928,8.795],[74.2892,8.792],[74.284,8.7894],[74.2803,8.7887],[74.2732,8.79],[74.2689,8.7899],[74.2634,8.793],[74.2615,8.797],[74.2636,8.8034],[74.2641,8.8065],[74.2659,8.8128],[74.2642,8.8165],[74.2588,8.8185],[74.2547,8.8216],[74.2521,8.8256],[74.2506,8.8294],[74.2524,8.8357],[74.2567,8.8372],[74.2631,8.8378],[74.2668,8.8406],[74.2699,8.8434],[74.2738,8.8441],[74.2774,8.846],[74.28,8.8485],[74.284,8.8522],[74.2879,8.8547],[74.2948,8.8556],[74.2994,8.8539],[74.3036,8.8514],[74.3081,8.8497],[74.3139,8.851],[74.3177,8.8509],[74.3234,8.8482],[74.3266,8.8438],[74.3344,8.8439],[74.3397,8.8453],[74.3451,8.8442],[74.3512,8.8425],[74.3591,8.8439],[74.3638,8.8417],[74.3671,8.8377],[74.3697,8.8361],[74.376,8.8342],[74.3791,8.8314],[74.385,8.8285],[74.3892,8.8252],[74.3942,8.8203],[74.3976,8.8184],[74.4017,8.82],[74.4035,8.8247],[74.4073,8.8263],[74.4113,8.8264],[74.4193,8.8262],[74.4224,8.8258],[74.4293,8.8251],[74.4323,8.8284],[74.4378,8.8309],[74.4376,8.8345],[74.4356,8.8399],[74.4326,8.8443],[74.4267,8.8511],[74.4212,8.8534],[74.4165,8.8561],[74.4119,8.8552],[74.4064,8.8518],[74.4026,8.8545],[74.3976,8.8592],[74.3932,8.8603],[74.3929,8.866],[74.3936,8.8708],[74.3944,8.8763],[74.3963,8.8799],[74.3936,8.8864],[74.392,8.8898],[74.3908,8.8967],[74.3892,8.9008],[74.3882,8.9085],[74.3864,8.9116],[74.3855,8.9177],[74.3836,8.9204],[74.3794,8.9238],[74.3758,8.9244],[74.3671,8.9256],[74.3615,8.9261],[74.3567,8.9216],[74.3553,8.9166],[74.3581,8.9099],[74.3555,8.907],[74.356,8.9011],[74.3588,8.9035],[74.357,8.9108],[74.3579,8.9144],[74.3622,8.9198],[74.364,8.922],[74.3693,8.9276],[74.3711,8.9309],[74.3653,8.9348],[74.3638,8.936],[74.3582,8.9369],[74.3532,8.9375],[74.3479,8.9423],[74.3443,8.9447],[74.3373,8.9495],[74.3332,8.9526],[74.3299,8.9568],[74.3283,8.9594],[74.3261,8.9621],[74.3219,8.9665],[74.3186,8.972],[74.3175,8.9763],[74.3186,8.9815],[74.3216,8.9857],[74.3239,8.9903],[74.3275,8.9932],[74.3312,8.9996],[74.3287,9.003],[74.3244,9.0094],[74.3261,9.0124],[74.3334,9.0104],[74.3363,9.0055],[74.34,9.0015],[74.3439,9.002],[74.3519,9.0047],[74.3518,9.0085],[74.3481,9.0136],[74.3458,9.018],[74.3459,9.0245],[74.3497,9.0267],[74.3518,9.0323],[74.3525,9.0374],[74.3475,9.0416],[74.3455,9.0456],[74.3408,9.0478],[74.337,9.0493],[74.3312,9.0519],[74.3285,9.054],[74.3221,9.0542],[74.319,9.0506],[74.3155,9.0478],[74.3119,9.048],[74.3065,9.0471],[74.3015,9.0438],[74.2961,9.0406],[74.2922,9.0376],[74.285,9.0348],[74.2825,9.033],[74.2754,9.0342],[74.2726,9.0335],[74.2696,9.0387],[74.2673,9.0426],[74.2609,9.0471],[74.2557,9.0499],[74.248,9.0488],[74.2429,9.0496],[74.237,9.0517],[74.2368,9.0557],[74.2363,9.0608],[74.2354,9.0641],[74.2314,9.0699],[74.2298,9.0746],[74.2264,9.0787],[74.2235,9.0809],[74.2178,9.0842],[74.2139,9.0841],[74.21,9.0844],[74.2067,9.0809],[74.2104,9.0753],[74.2125,9.0724],[74.2197,9.0725],[74.2236,9.0733],[74.2275,9.0742],[74.2304,9.0714],[74.2347,9.0669],[74.2376,9.0633],[74.2425,9.0586],[74.2436,9.0546],[74.2456,9.0494],[74.2487,9.0454],[74.2516,9.0397],[74.2552,9.0358],[74.258,9.0302],[74.2541,9.028],[74.252,9.0213],[74.2483,9.0184],[74.2434,9.0151],[74.2402,9.0155],[74.2356,9.0189],[74.2327,9.0214],[74.23,9.0247],[74.229,9.0288],[74.2313,9.0352],[74.2327,9.0384],[74.2298,9.0439],[74.2261,9.0422],[74.2224,9.0387],[74.2183,9.0378],[74.2136,9.0347],[74.2102,9.0307],[74.2058,9.0271],[74.2025,9.0262],[74.1958,9.0265],[74.1911,9.0247],[74.1896,9.0176],[74.1882,9.0127],[74.184,9.0088],[74.1809,9.0095],[74.1744,9.0082],[74.1697,9.009],[74.1642,9.0073],[74.1606,9.0062],[74.1538,9.0067],[74.1484,9.0052],[74.1431,9.0008],[74.143,8.9961],[74.1437,8.9907],[74.1463,8.9876],[74.1515,8.986],[74.1516,8.9827],[74.1552,8.9773],[74.1584,8.9764],[74.1642,8.9774],[74.1672,8.9781],[74.175,8.9757],[74.18,8.9754],[74.1845,8.9798],[74.1879,8.9799],[74.1934,8.9811],[74.1989,8.9814],[74.2042,8.9768],[74.2078,8.9737],[74.2104,8.9686],[74.2066,8.9645],[74.2021,8.9591],[74.1985,8.9588],[74.1947,8.956],[74.1962,8.9512],[74.1995,8.9444],[74.2028,8.9428],[74.2093,8.9411],[74.2116,8.9375],[74.218,8.9368],[74.2213,8.9379],[74.2254,8.9374],[74.2297,8.9358],[74.2325,8.9322],[74.2366,8.9309],[74.2432,8.9291],[74.248,8.9267],[74.2546,8.9251],[74.258,8.9279],[74.253,8.9317],[74.2482,8.9297],[74.2432,8.9331],[74.2422,8.9386],[74.2449,8.9431],[74.2486,8.9447],[74.2553,8.9454],[74.2582,8.9427],[74.2586,8.9376],[74.2562,8.9331],[74.2516,8.9318],[74.2471,8.9309],[74.2409,8.9302],[74.2381,8.9276],[74.2332,8.9234],[74.2315,8.9178],[74.2325,8.9116],[74.2375,8.9107],[74.2422,8.9075],[74.2446,8.9066],[74.2503,8.9037],[74.2537,8.9008],[74.2543,8.8959],[74.2512,8.8914],[74.2453,8.8886],[74.2415,8.8912],[74.2379,8.8954],[74.237,8.9001],[74.2319,8.9059],[74.228,8.9088],[74.2232,8.9115],[74.2186,8.9098],[74.2126,8.9036],[74.2093,8.9021],[74.2041,8.9013],[74.2052,8.9056],[74.2046,8.9089],[74.1995,8.9089],[74.194,8.9074],[74.1898,8.909],[74.184,8.9121],[74.1806,8.9162],[74.1774,8.9224],[74.1747,8.9245],[74.1703,8.9282],[74.1698,8.9318],[74.1758,8.9356],[74.178,8.9361],[74.1844,8.9367],[74.1909,8.9347],[74.1976,8.9379],[74.1966,8.9413],[74.1921,8.9428],[74.1869,8.9411],[74.1806,8.9432],[74.1763,8.9459],[74.1717,8.9468],[74.1674,8.9463],[74.1629,8.9444],[74.1595,8.9432],[74.1531,8.9424],[74.1489,8.9413],[74.145,8.9383],[74.1401,8.9376],[74.1364,8.9408],[74.1353,8.9454],[74.1318,8.95],[74.1283,8.9532],[74.1242,8.9562],[74.1206,8.959],[74.1143,8.9626],[74.1127,8.966],[74.1094,8.9718],[74.1055,8.9729],[74.101,8.9737],[74.0988,8.976],[74.0928,8.9767],[74.0886,8.9779],[74.0839,8.9778],[74.079,8.9796],[74.0719,8.9841],[74.0691,8.9882],[74.0662,8.9908],[74.0619,8.9887],[74.0565,8.9864],[74.0519,8.9855],[74.049,8.9917],[74.0461,8.994],[74.0411,8.997],[74.0366,8.9987],[74.0333,9.0029],[74.0326,9.0077],[74.0379,9.0096],[74.042,9.0089],[74.0479,9.0054],[74.05,9.0035],[74.0537,9.0001],[74.0538,8.9966],[74.0518,8.9913],[74.0509,8.9889],[74.0509,8.9831],[74.053,8.9809],[74.0574,8.9778],[74.0607,8.9755],[74.0659,8.9773],[74.0702,8.9772],[74.0758,8.9787],[74.0812,8.9794],[74.0871,8.9814],[74.0928,8.9825],[74.0977,8.9807],[74.1016,8.9774],[74.1052,8.9752],[74.1104,8.975],[74.1154,8.9702],[74.1186,8.968],[74.1161,8.962],[74.1138,8.9597],[74.1137,8.9524],[74.1128,8.9473],[74.1199,8.9467],[74.1245,8.9475],[74.1268,8.9506],[74.1249,8.9546],[74.1188,8.9574],[74.1169,8.9616],[74.1148,8.9674],[74.1152,8.9727],[74.1196,8.9761],[74.1213,8.9785],[74.1246,8.9852],[74.1241,8.9893],[74.1178,8.9925],[74.1135,8.996],[74.1076,8.9976],[74.1037,8.9979],[74.0976,8.9944],[74.0944,8.9939],[74.0873,8.9926],[74.0835,8.9912],[74.0785,8.9883],[74.0763,8.9885],[74.0739,8.994],[74.0756,8.999],[74.0771,9.0071],[74.0781,9.011],[74.0837,9.0138],[74.0859,9.0167],[74.0865,9.0227],[74.0895,9.0253],[74.0941,9.022],[74.0956,9.0187],[74.1003,9.0142],[74.1043,9.0128],[74.1095,9.0152],[74.1142,9.0168],[74.1216,9.0182],[74.1247,9.0191],[74.1281,9.0259],[74.1254,9.0299],[74.1189,9.0324],[74.1143,9.0336],[74.1061,9.0314],[74.1018,9.0314],[74.0965,9.0349],[74.0965,9.0391],[74.097,9.0442],[74.097,9.0486],[74.0923,9.0527],[74.0889,9.0521],[74.0813,9.0498],[74.0774,9.0483],[74.0718,9.0485],[74.0669,9.0492],[74.0617,9.0525],[74.0587,9.0543],[74.0538,9.057],[74.0512,9.055],[74.0475,9.0474],[74.0477,9.0423],[74.0518,9.0365],[74.0535,9.0323],[74.0564,9.0266],[74.0576,9.0217],[74.0616,9.0187],[74.0669,9.0196],[74.0751,9.0198],[74.0775,9.0213],[74.0782,9.029],[74.0813,9.032],[74.0854,9.0365],[74.0876,9.0399],[74.0941,9.0416],[74.0957,9.0389],[74.0986,9.0329],[74.0989,9.0278],[74.1024,9.0228],[74.1028,9.0187],[74.1059,9.0136],[74.1084,9.0095],[74.1152,9.0069],[74.1199,9.0049],[74.1266,9.0027],[74.1297,9.0032],[74.1341,9.001],[74.1374,8.9997],[74.1434,8.9974],[74.147,8.9995],[74.1489,8.9944],[74.1464,8.9904],[74.1471,8.9851],[74.1465,8.9818],[74.1459,8.9758],[74.1419,8.973],[74.1368,8.9687],[74.1324,8.9679],[74.1256,8.971],[74.122,8.9731],[74.1193,8.9791],[74.1197,8.9837],[74.1211,8.9895],[74.1229,8.9928],[74.1229,8.9979],[74.1195,8.9988],[74.1143,9.0042],[74.1144,9.009],[74.119,9.0127],[74.1235,9.0151],[74.1307,9.0178],[74.1347,9.0201],[74.1373,9.0261],[74.1345,9.0307],[74.1337,9.0367],[74.1352,9.039],[74.1335,9.0446],[74.1336,9.0486],[74.1374,9.055],[74.1402,9.0566],[74.147,9.0539],[74.1513,9.0538],[74.1588,9.0511],[74.1633,9.0496],[74.1701,9.0524],[74.1747,9.0532],[74.1802,9.0492],[74.1833,9.0504],[74.1909,9.0506],[74.1936,9.0496],[74.1997,9.0495],[74.2036,9.0501],[74.2096,9.0551],[74.2093,9.0591],[74.2128,9.0613],[74.216,9.061],[74.223,9.0647],[74.226,9.0693],[74.2301,9.0734],[74.2317,9.0756],[74.2295,9.0808],[74.2255,9.0837],[74.2212,9.0871],[74.2166,9.0901],[74.2153,9.0961],[74.2196,9.0978],[74.2247,9.098],[74.2287,9.0986],[74.2341,9.101],[74.2364,9.1042],[74.235,9.1105],[74.2332,9.1138],[74.2309,9.1196],[74.2292,9.1249],[74.2279,9.1291],[74.2289,9.1326],[74.2281,9.1362],[74.2262,9.1411],[74.2232,9.146],[74.2196,9.1489],[74.2144,9.1462],[74.2135,9.1429],[74.2126,9.137],[74.2157,9.1329],[74.2181,9.1262],[74.2197,9.1226],[74.2198,9.1168],[74.2172,9.1128],[74.211,9.1108],[74.2101,9.1066],[74.2058,9.1016],[74.2023,9.0982],[74.1966,9.1003],[74.192,9.1005],[74.1855,9.1006],[74.1802,9.1009],[74.1736,9.1029],[74.1708,9.1071],[74.1647,9.1103],[74.1615,9.1128],[74.1548,9.1156],[74.154,9.1206],[74.1555,9.1248],[74.1599,9.1273],[74.1674,9.1265],[74.1717,9.1254],[74.1762,9.1226],[74.1779,9.1187],[74.1836,9.1215],[74.1864,9.1252],[74.1886,9.1282],[74.1907,9.1311],[74.1992,9.1327],[74.2031,9.1356],[74.2094,9.138],[74.2131,9.1411],[74.2131,9.1474],[74.212,9.1523],[74.2112,9.1585],[74.2081,9.162],[74.2024,9.1636],[74.1983,9.1631],[74.1915,9.1665],[74.1879,9.1644],[74.183,9.1687],[74.1788,9.1705],[74.1735,9.1711],[74.1702,9.1747],[74.1689,9.1803],[74.1703,9.185],[74.1765,9.1878],[74.1809,9.1877],[74.186,9.1838],[74.1909,9.1803],[74.1897,9.1769],[74.1883,9.1741],[74.1832,9.1752],[74.1788,9.1795],[74.1751,9.1866],[74.178,9.192],[74.1763,9.1968],[74.1747,9.2005],[74.1741,9.2065],[74.1719,9.2098],[74.1684,9.2171],[74.1647,9.2212],[74.1596,9.2204],[74.1564,9.2192],[74.1529,9.2225],[74.1508,9.2265],[74.1464,9.2311],[74.1432,9.2334],[74.1387,9.2369],[74.1358,9.234],[74.1301,9.2331],[74.1256,9.2352],[74.1259,9.2419],[74.1263,9.2453],[74.1236,9.251],[74.1217,9.2545],[74.1179,9.2596],[74.1151,9.2629],[74.1083,9.2689],[74.1077,9.2726],[74.1039,9.2784],[74.1025,9.2823],[74.1014,9.288],[74.1021,9.2914],[74.1063,9.297],[74.1075,9.3002],[74.1117,9.3046],[74.1149,9.3038],[74.1218,9.3044],[74.1265,9.3043],[74.1328,9.3054],[74.1377,9.3071],[74.1429,9.307],[74.1469,9.3046],[74.1521,9.301],[74.1561,9.2979],[74.1592,9.2962],[74.1632,9.294],[74.1675,9.2962],[74.1677,9.3002],[74.1689,9.3053],[74.1728,9.3068],[74.1773,9.3105],[74.1813,9.3083],[74.1846,9.3039],[74.1873,9.3024],[74.1931,9.3006],[74.1959,9.3039],[74.1969,9.309],[74.2007,9.3106],[74.2061,9.3128],[74.2094,9.3123],[74.2143,9.3146],[74.2183,9.3189],[74.2227,9.3237],[74.2255,9.3209],[74.2307,9.319],[74.236,9.3203],[74.2415,9.3207],[74.2453,9.3238],[74.2502,9.3287],[74.2507,9.3306],[74.2555,9.3373],[74.2587,9.3391],[74.2611,9.3352],[74.2578,9.3321],[74.2525,9.3315],[74.2488,9.3326],[74.2441,9.3326],[74.2372,9.3308],[74.233,9.3254],[74.235,9.3212],[74.2332,9.3164],[74.232,9.3131],[74.2307,9.3064],[74.2315,9.3018],[74.2362,9.2977],[74.2356,9.293],[74.2337,9.2857],[74.2307,9.2824],[74.2255,9.2773],[74.2215,9.2737],[74.2159,9.2731],[74.2118,9.2733],[74.2053,9.2712],[74.2007,9.2703],[74.1945,9.2671],[74.19,9.2665],[74.184,9.2626],[74.183,9.2596],[74.1782,9.2583],[74.1752,9.2575],[74.1743,9.2537],[74.1746,9.2499],[74.1719,9.2441],[74.1745,9.2406],[74.1756,9.2348],[74.1749,9.2313],[74.1747,9.2241],[74.173,9.2205],[74.175,9.2155],[74.1792,9.2118],[74.1849,9.2082],[74.1875,9.2046],[74.1918,9.1991],[74.1954,9.1988],[74.2005,9.2002],[74.2016,9.2041],[74.1997,9.2092],[74.199,9.2139],[74.1936,9.2182],[74.1884,9.2176],[74.1846,9.212],[74.1868,9.209],[74.1913,9.2052],[74.1919,9.2027],[74.1866,9.1994],[74.1822,9.2],[74.1771,9.2052],[74.1739,9.207],[74.1692,9.2107],[74.1664,9.2094],[74.1592,9.2089],[74.1549,9.2078],[74.1541,9.2008],[74.1541,9.1973],[74.1538,9.1914],[74.1554,9.1884],[74.1618,9.1904],[74.1657,9.1909],[74.1718,9.1932],[74.1763,9.1922],[74.1815,9.1883],[74.1843,9.1859],[74.1851,9.1794],[74.1834,9.1751],[74.1802,9.1718],[74.1753,9.1723],[74.1698,9.171],[74.1643,9.1691],[74.1626,9.1645],[74.1608,9.1604],[74.1549,9.158],[74.1511,9.1546],[74.1483,9.1481],[74.1434,9.1462],[74.1376,9.1438],[74.1341,9.1424],[74.1279,9.141],[74.1225,9.1421],[74.1173,9.1371],[74.114,9.1364],[74.11,9.1388],[74.1081,9.1427],[74.1108,9.1476],[74.1149,9.1489],[74.1209,9.1502],[74.124,9.1492],[74.1296,9.1448],[74.1312,9.1404],[74.131,9.1336],[74.1327,9.1284],[74.1384,9.125],[74.1415,9.1269],[74.1472,9.1296],[74.1499,9.133],[74.1528,9.1382],[74.1547,9.1402],[74.1597,9.1449],[74.1629,9.148],[74.1614,9.1549],[74.1622,9.1589],[74.1594,9.166],[74.16,9.1699],[74.1646,9.1749],[74.1672,9.1785],[74.167,9.1831],[74.1662,9.1879],[74.1728,9.1898],[74.1771,9.1927],[74.1788,9.1983],[74.1812,9.2016],[74.1877,9.205],[74.1921,9.206],[74.198,9.2047],[74.2019,9.204],[74.2073,9.2053],[74.2134,9.2039],[74.2188,9.2064],[74.2226,9.2054],[74.2279,9.2013],[74.2316,9.1998],[74.2359,9.1973],[74.2393,9.1944],[74.2416,9.1881],[74.2449,9.1853],[74.2481,9.1789],[74.2503,9.1735],[74.2535,9.1689],[74.2588,9.168],[74.2633,9.1715],[74.2647,9.1754],[74.2607,9.1795],[74.2577,9.1806],[74.2522,9.1785],[74.2488,9.1769],[74.2506,9.1702],[74.2513,9.1668],[74.2539,9.16],[74.2538,9.1553],[74.2537,9.1477],[74.2558,9.1448],[74.2576,9.1404],[74.2564,9.1363],[74.26,9.1306],[74.264,9.1312],[74.2686,9.1346],[74.2699,9.1386],[74.271,9.144],[74.2725,9.1471],[74.2708,9.1538],[74.2668,9.1563],[74.2641,9.1615],[74.2622,9.1644],[74.2575,9.1657],[74.2546,9.1677],[74.2489,9.1712],[74.2447,9.1702],[74.239,9.1678],[74.2344,9.1665],[74.2275,9.1638],[74.2224,9.1635],[74.216,9.1662],[74.214,9.1722],[74.2107,9.177],[74.2072,9.18],[74.2056,9.1872],[74.2044,9.1898],[74.1991,9.1951],[74.2009,9.1993],[74.2039,9.2044],[74.2046,9.2076],[74.2056,9.2141],[74.2065,9.218],[74.2113,9.2203],[74.2153,9.2189],[74.2197,9.2157],[74.2229,9.2152],[74.2298,9.2116],[74.2315,9.2074],[74.2331,9.201],[74.2318,9.196],[74.2318,9.1907],[74.2349,9.188],[74.2379,9.1877],[74.2412,9.1882],[74.2473,9.1873],[74.2483,9.1835],[74.2537,9.1796],[74.2578,9.1782],[74.2637,9.1823],[74.2657,9.1855],[74.2671,9.1927],[74.2676,9.1961],[74.2637,9.2016],[74.2629,9.2044],[74.258,9.2069],[74.2572,9.2103],[74.253,9.2135],[74.2484,9.2138],[74.2424,9.2097],[74.2389,9.2094],[74.2354,9.2036],[74.2341,9.2001],[74.2308,9.1955],[74.2306,9.1912],[74.2306,9.1851],[74.2306,9.1826],[74.2284,9.1767],[74.2288,9.1723],[74.2324,9.1673],[74.2367,9.1638],[74.2421,9.1612],[74.2428,9.1589],[74.2404,9.1527],[74.2363,9.1514],[74.2307,9.1492],[74.2285,9.1465],[74.2226,9.1465],[74.2198,9.1488],[74.2135,9.149],[74.2105,9.1509],[74.2044,9.1527],[74.2017,9.1556],[74.1972,9.1589],[74.1952,9.1613],[74.189,9.1631],[74.185,9.1633],[74.1793,9.1642],[74.1754,9.1628],[74.1757,9.1575],[74.1788,9.1525],[74.1833,9.1525],[74.187,9.1551],[74.1938,9.1548],[74.1993,9.1523],[74.2049,9.1484],[74.2067,9.1461],[74.2099,9.142],[74.2145,9.1395],[74.2141,9.131],[74.2116,9.1271],[74.2078,9.1203],[74.2076,9.1178],[74.2077,9.1098],[74.2106,9.1089],[74.2163,9.1069],[74.22,9.1049],[74.2206,9.0985],[74.2198,9.0944],[74.2197,9.0866],[74.2186,9.0827],[74.2232,9.0772],[74.2268,9.0748],[74.234,9.0752],[74.2381,9.0754],[74.2435,9.074],[74.2471,9.0732],[74.2531,9.0703],[74.2532,9.0649],[74.2521,9.0584],[74.2515,9.0547],[74.2466,9.0483],[74.2471,9.0453],[74.2519,9.0468],[74.257,9.0485],[74.2631,9.0471],[74.2659,9.0443],[74.2691,9.0393],[74.2738,9.0404],[74.2787,9.0416],[74.2821,9.0455],[74.2822,9.0508],[74.2848,9.0547],[74.2896,9.0588],[74.2922,9.0599],[74.2971,9.0634],[74.2995,9.0662],[74.3046,9.0713],[74.3078,9.0728],[74.3136,9.0722],[74.3175,9.071],[74.3199,9.0648],[74.3223,9.0604],[74.3281,9.057],[74.3312,9.056],[74.3366,9.053],[74.3405,9.052],[74.3464,9.0537],[74.3505,9.056],[74.3521,9.0614],[74.3548,9.0644],[74.3605,9.065],[74.3651,9.066],[74.3702,9.0654],[74.3725,9.0663],[74.375,9.0714],[74.3776,9.076],[74.3763,9.0807],[74.3744,9.0841],[74.3691,9.0876],[74.368,9.0916],[74.3672,9.0979],[74.3674,9.1024],[74.3697,9.1074],[74.3716,9.1099],[74.3784,9.1134],[74.3824,9.1144],[74.3893,9.1173],[74.392,9.1232],[74.3916,9.1294],[74.3898,9.1324],[74.3852,9.1338],[74.3819,9.1351],[74.3758,9.1316],[74.3717,9.1306],[74.3673,9.1284],[74.3659,9.1251]]},"properties":{"mmsi":995093905,"name":"SYN-FSH-02","role":"background","vessel_type":30,"synthetic":true,"t_offset_s":[-259200,-259080,-258840,-258480,-258240,-257880,-257640,-257280,-257040,-256680,-256440,-256080,-255840,-255480,-255240,-254880,-254640,-254280,-254040,-253680,-253440,-253080,-252840,-252480,-252240,-251880,-251640,-251280,-251040,-250680,-250440,-250080,-249840,-249480,-249240,-248880,-248640,-248280,-248040,-247680,-247440,-247080,-246840,-246480,-246240,-245880,-245640,-245280,-245040,-244680,-244440,-244080,-243840,-243480,-243240,-242880,-242640,-242280,-242040,-241680,-241440,-241080,-240840,-240480,-240240,-239880,-239640,-239280,-239040,-238680,-238440,-238080,-237840,-237480,-237240,-236880,-236640,-236280,-236040,-235680,-235440,-235080,-234840,-234480,-234240,-233880,-233640,-233280,-233040,-232680,-232440,-232080,-231840,-231480,-231240,-230880,-230640,-230280,-230040,-229680,-229440,-229080,-228840,-228480,-228240,-227880,-227640,-227280,-227040,-226680,-226440,-226080,-225840,-225480,-225240,-224880,-224640,-224280,-224040,-223680,-223440,-223080,-222840,-222480,-222240,-221880,-221640,-221280,-221040,-220680,-220440,-220080,-219840,-219480,-219240,-218880,-218640,-218280,-218040,-217680,-217440,-217080,-216840,-216480,-216240,-215880,-215640,-215280,-215040,-214680,-214440,-214080,-213840,-213480,-213240,-212880,-212640,-212280,-212040,-211680,-211440,-211080,-210840,-210480,-210240,-209880,-209640,-209280,-209040,-208680,-208440,-208080,-207840,-207480,-207240,-206880,-206640,-206280,-206040,-205680,-205440,-205080,-204840,-204480,-204240,-203880,-203640,-203280,-203040,-202680,-202440,-202080,-201840,-201480,-201240,-200880,-200640,-200280,-200040,-199680,-199440,-199080,-198840,-198480,-198240,-197880,-197640,-197280,-197040,-196680,-196440,-196080,-195840,-195480,-195240,-194880,-194640,-194280,-194040,-193680,-193440,-193080,-192840,-192480,-192240,-191880,-191640,-191280,-191040,-190680,-190440,-190080,-189840,-189480,-189240,-188880,-188640,-188280,-188040,-187680,-187440,-187080,-186840,-186480,-186240,-185880,-185640,-185280,-185040,-184680,-184440,-184080,-183840,-183480,-183240,-182880,-182640,-182280,-182040,-181680,-181440,-181080,-180840,-180480,-180240,-179880,-179640,-179280,-179040,-178680,-178440,-178080,-177840,-177480,-177240,-176880,-176640,-176280,-176040,-175680,-175440,-175080,-174840,-174480,-174240,-173880,-173640,-173280,-173040,-172680,-172440,-172080,-171840,-171480,-171240,-170880,-170640,-170280,-170040,-169680,-169440,-169080,-168840,-168480,-168240,-167880,-167640,-167280,-167040,-166680,-166440,-166080,-165840,-165480,-165240,-164880,-164640,-164280,-164040,-163680,-163440,-163080,-162840,-162480,-162240,-161880,-161640,-161280,-161040,-160680,-160440,-160080,-159840,-159480,-159240,-158880,-158640,-158280,-158040,-157680,-157440,-157080,-156840,-156480,-156240,-155880,-155640,-155280,-155040,-154680,-154440,-154080,-153840,-153480,-153240,-152880,-152640,-152280,-152040,-151680,-151440,-151080,-150840,-150480,-150240,-149880,-149640,-149280,-149040,-148680,-148440,-148080,-147840,-147480,-147240,-146880,-146640,-146280,-146040,-145680,-145440,-145080,-144840,-144480,-144240,-143880,-143640,-143280,-143040,-142680,-142440,-142080,-141840,-141480,-141240,-140880,-140640,-140280,-140040,-139680,-139440,-139080,-138840,-138480,-138240,-137880,-137640,-137280,-137040,-136680,-136440,-136080,-135840,-135480,-135240,-134880,-134640,-134280,-134040,-133680,-133440,-133080,-132840,-132480,-132240,-131880,-131640,-131280,-131040,-130680,-130440,-130080,-129840,-129480,-129240,-128880,-128640,-128280,-128040,-127680,-127440,-127080,-126840,-126480,-126240,-125880,-125640,-125280,-125040,-124680,-124440,-124080,-123840,-123480,-123240,-122880,-122640,-122280,-122040,-121680,-121440,-121080,-120840,-120480,-120240,-119880,-119640,-119280,-119040,-118680,-118440,-118080,-117840,-117480,-117240,-116880,-116640,-116280,-116040,-115680,-115440,-115080,-114840,-114480,-114240,-113880,-113640,-113280,-113040,-112680,-112440,-112080,-111840,-111480,-111240,-110880,-110640,-110280,-110040,-109680,-109440,-109080,-108840,-108480,-108240,-107880,-107640,-107280,-107040,-106680,-106440,-106080,-105840,-105480,-105240,-104880,-104640,-104280,-104040,-103680,-103440,-103080,-102840,-102480,-102240,-101880,-101640,-101280,-101040,-100680,-100440,-100080,-99840,-99480,-99240,-98880,-98640,-98280,-98040,-97680,-97440,-97080,-96840,-96480,-96240,-95880,-95640,-95280,-95040,-94680,-94440,-94080,-93840,-93480,-93240,-92880,-92640,-92280,-92040,-91680,-91440,-91080,-90840,-90480,-90240,-89880,-89640,-89280,-89040,-88680,-88440,-88080,-87840,-87480,-87240,-86880,-86640,-86280,-86040,-85680,-85440,-85080,-84840,-84480,-84240,-83880,-83640,-83280,-83040,-82680,-82440,-82080,-81840,-81480,-81240,-80880,-80640,-80280,-80040,-79680,-79440,-79080,-78840,-78480,-78240,-77880,-77640,-77280,-77040,-76680,-76440,-76080,-75840,-75480,-75240,-74880,-74640,-74280,-74040,-73680,-73440,-73080,-72840,-72480,-72240,-71880,-71640,-71280,-71040,-70680,-70440,-70080,-69840,-69480,-69240,-68880,-68640,-68280,-68040,-67680,-67440,-67080,-66840,-66480,-66240,-65880,-65640,-65280,-65040,-64680,-64440,-64080,-63840,-63480,-63240,-62880,-62640,-62280,-62040,-61680,-61440,-61080,-60840,-60480,-60240,-59880,-59640,-59280,-59040,-58680,-58440,-58080,-57840,-57480,-57240,-56880,-56640,-56280,-56040,-55680,-55440,-55080,-54840,-54480,-54240,-53880,-53640,-53280,-53040,-52680,-52440,-52080,-51840,-51480,-51240,-50880,-50640,-50280,-50040,-49680,-49440,-49080,-48840,-48480,-48240,-47880,-47640,-47280,-47040,-46680,-46440,-46080,-45840,-45480,-45240,-44880,-44640,-44280,-44040,-43680,-43440,-43080,-42840,-42480,-42240,-41880,-41640,-41280,-41040,-40680,-40440,-40080,-39840,-39480,-39240,-38880,-38640,-38280,-38040,-37680,-37440,-37080,-36840,-36480,-36240,-35880,-35640,-35280,-35040,-34680,-34440,-34080,-33840,-33480,-33240,-32880,-32640,-32280,-32040,-31680,-31440,-31080,-30840,-30480,-30240,-29880,-29640,-29280,-29040,-28680,-28440,-28080,-27840,-27480,-27240,-26880,-26640,-26280,-26040,-25680,-25440,-25080,-24840,-24480,-24240,-23880,-23640,-23280,-23040,-22680,-22440,-22080,-21840,-21480,-21240,-20880,-20640,-20280,-20040,-19680,-19440,-19080,-18840,-18480,-18240,-17880,-17640,-17280,-17040,-16680,-16440,-16080,-15840,-15480,-15240,-14880,-14640,-14280,-14040,-13680,-13440,-13080,-12840,-12480,-12240,-11880,-11640,-11280,-11040,-10680,-10440,-10080,-9840,-9480,-9240,-8880,-8640,-8280,-8040,-7680,-7440,-7080,-6840,-6480,-6240,-5880,-5640,-5280,-5040,-4680,-4440,-4080,-3840,-3480,-3240,-2880,-2640,-2280,-2040,-1680,-1440,-1080,-840,-480,-240,120,360,720,960,1320,1560,1920,2160,2520,2760,3120,3360,3720,3960,4320,4560,4920,5160,5520,5760,6120,6360,6720,6960,7320,7560,7920,8160,8520,8760,9120,9360,9720,9960,10320,10560,10920,11160,11520,11760,12120,12360,12720,12960,13320,13560,13920,14160,14520,14760,15120,15360,15720,15960,16320,16560,16920,17160,17520,17760,18120,18360,18720,18960,19320,19560,19920,20160,20520,20760,21120,21360,21720,21960,22320,22560,22920,23160,23520,23760,24120,24360,24720,24960,25320,25560,25920,26160,26520,26760,27120,27360,27720,27960,28320,28560,28920,29160,29520,29760,30120,30360,30720,30960,31320,31560,31920,32160,32520,32760,33120,33360,33720,33960,34320,34560,34920,35160,35520,35760,36120,36360,36720,36960,37320,37560,37920,38160,38520,38760,39120,39360,39720,39960,40320,40560,40920,41160,41520,41760,42120,42360,42720,42960,43320,43560,43920,44160,44520,44760,45120,45360,45720,45960,46320,46560,46920,47160,47520,47760,48120,48360,48720,48960,49320,49560,49920,50160,50520,50760,51120,51360,51720,51960,52320,52560,52920,53160,53520,53760,54120,54360,54720,54960,55320,55560,55920,56160,56520,56760,57120,57360,57720,57960,58320,58560,58920,59160,59520,59760,60120,60360,60720,60960,61320,61560,61920,62160,62520,62760,63120,63360,63720,63960,64320,64560,64920,65160,65520,65760,66120,66360,66720,66960,67320,67560,67920,68160,68520,68760,69120,69360,69720,69960,70320,70560,70920,71160,71520,71760,72120,72360,72720,72960,73320,73560,73920,74160,74520,74760,75120,75360,75720,75960,76320,76560,76920,77160,77520,77760,78120,78360,78720,78960,79320,79560,79920,80160,80520,80760,81120,81360,81720,81960,82320,82560,82920,83160,83520,83760,84120,84360,84720,84960,85320,85560,85920,86160],"sog":[3.8,5.2,2.6,4.3,4.0,3.7,5.1,3.8,4.6,4.3,5.2,3.6,3.0,2.6,4.7,5.5,2.9,2.5,5.1,4.8,3.1,5.2,4.4,3.0,5.6,2.7,5.1,3.4,5.5,4.6,3.3,3.4,3.7,4.4,3.4,5.4,2.9,3.8,5.1,3.9,4.3,3.0,4.1,2.3,4.8,2.9,3.5,2.2,3.6,2.2,4.0,3.6,4.5,4.6,3.4,3.8,2.0,4.7,3.3,3.0,4.4,5.1,3.0,2.4,4.7,5.7,2.5,5.8,5.3,4.4,3.0,3.8,4.5,2.4,4.4,3.8,4.8,2.6,5.5,3.8,3.6,4.8,5.7,3.9,2.2,3.3,1.9,2.6,3.1,4.7,3.2,2.9,4.4,2.4,4.4,3.2,3.7,5.6,4.5,3.2,3.7,3.2,4.0,3.6,2.4,5.2,3.3,3.9,5.3,3.8,4.6,5.8,3.2,2.7,4.6,4.4,3.9,4.3,1.8,3.6,3.8,2.2,4.2,4.7,3.6,4.4,3.0,5.7,3.3,3.8,4.5,3.2,4.4,4.3,1.6,4.7,4.5,1.0,4.7,3.7,3.4,4.6,4.8,2.8,6.5,4.0,4.5,3.5,4.7,4.3,3.6,3.2,2.6,5.9,3.6,4.5,5.1,3.5,1.4,2.5,3.5,3.7,3.5,2.7,3.7,1.6,3.0,5.0,2.6,4.0,5.4,3.0,5.0,2.7,3.1,4.0,3.5,4.3,4.2,3.8,3.6,4.9,2.5,4.6,4.4,3.3,4.2,1.8,3.1,3.2,3.6,3.6,5.2,2.9,3.4,2.5,3.6,4.1,4.2,3.0,4.8,2.3,3.4,4.6,2.7,5.1,3.9,4.7,6.4,4.2,6.2,4.4,4.9,3.5,2.7,3.7,3.8,4.1,3.8,3.8,2.9,2.6,4.6,2.6,2.7,5.1,3.2,3.9,3.7,3.4,3.1,2.4,4.7,6.6,5.2,3.3,3.3,3.5,3.3,5.5,3.6,4.3,4.1,2.0,4.2,3.9,3.6,3.0,5.5,3.3,3.2,2.6,2.4,2.5,3.2,6.0,5.5,4.0,5.5,3.7,3.0,3.3,3.7,4.6,4.0,3.7,3.3,4.4,3.7,3.8,1.4,3.2,4.1,5.9,4.5,5.3,4.0,3.4,1.8,1.3,5.9,2.9,4.5,3.6,4.7,3.0,5.5,5.0,3.9,5.1,2.6,4.2,4.3,3.7,3.9,6.3,3.3,3.9,4.3,5.3,3.9,3.2,4.9,4.4,2.2,3.6,4.3,4.4,2.9,2.4,5.2,2.9,4.1,3.9,6.4,3.4,4.1,4.4,1.7,3.7,2.9,3.4,4.5,4.8,3.9,4.3,5.4,2.2,4.5,4.8,1.3,5.6,4.9,3.9,3.1,4.2,3.7,2.1,4.5,3.8,3.1,4.7,5.2,2.6,3.0,4.2,3.2,3.1,3.6,3.2,2.1,4.5,4.7,3.9,3.2,4.8,4.8,3.7,3.4,2.7,3.1,3.4,5.0,4.3,2.5,4.0,4.6,3.4,4.0,4.4,3.6,3.0,2.1,4.5,5.1,5.4,4.1,3.0,2.3,2.8,5.1,3.2,3.4,3.7,4.6,3.6,5.4,4.4,4.9,3.0,3.4,3.1,3.7,2.7,1.9,5.5,4.9,3.9,2.4,4.7,5.0,4.8,3.9,3.1,4.7,3.3,3.6,3.3,3.3,5.9,3.3,3.4,4.6,2.7,3.4,1.6,3.8,3.7,3.8,3.4,5.6,3.7,4.3,5.0,4.8,5.2,5.2,2.8,2.9,4.8,3.0,3.9,5.2,2.3,6.3,3.5,4.8,4.4,5.3,3.8,4.2,2.8,1.4,4.7,4.7,2.5,5.2,4.6,3.9,4.6,3.0,5.5,4.6,3.1,4.7,4.9,2.9,3.6,4.7,1.4,4.0,2.9,3.3,2.7,4.2,4.7,3.6,2.4,2.4,3.3,3.2,3.5,7.0,4.9,2.9,3.7,4.6,2.7,3.2,4.9,4.7,1.7,2.0,4.5,3.2,3.4,4.7,2.7,3.4,3.8,5.1,2.1,4.5,4.7,2.5,3.1,2.8,3.9,2.8,5.3,6.2,3.1,4.6,3.4,4.6,1.8,3.0,4.6,3.0,3.3,3.6,2.3,3.7,3.0,4.0,3.2,3.2,2.9,2.5,2.4,4.0,3.1,2.9,3.1,3.2,2.6,3.0,4.1,3.8,3.7,4.6,3.9,5.5,3.6,3.0,1.8,4.3,3.2,4.1,4.2,2.5,4.9,4.9,5.1,4.1,4.0,4.6,4.4,4.4,3.5,4.1,3.7,3.7,4.9,4.0,4.6,5.0,2.2,1.5,3.3,3.1,4.5,4.6,2.4,2.2,4.0,5.4,5.3,2.8,4.0,2.2,1.6,3.0,3.2,1.7,5.4,3.7,4.7,5.2,5.1,2.5,4.5,5.0,4.7,4.5,4.9,4.0,4.0,3.7,3.2,4.1,5.1,5.1,4.4,3.5,3.2,3.9,4.1,3.3,3.5,3.4,4.4,4.5,3.9,4.7,4.9,4.9,3.9,5.5,4.5,3.0,4.4,4.5,3.5,3.2,3.9,2.7,3.6,4.8,4.1,3.9,3.8,3.8,3.9,4.6,5.0,3.0,3.6,2.6,4.0,3.2,4.3,4.3,2.9,3.0,3.1,4.5,4.4,4.2,5.1,3.5,3.2,4.0,5.1,2.8,3.3,4.2,3.6,4.1,4.0,4.8,5.1,3.1,2.6,3.7,3.9,2.9,3.2,3.0,3.4,3.2,3.7,4.2,4.9,4.0,2.7,5.7,5.3,3.7,4.0,2.0,2.6,2.4,4.4,3.0,2.8,3.6,4.5,5.1,3.8,1.6,3.9,5.1,2.9,5.7,3.6,4.8,3.2,4.0,1.1,3.4,3.6,2.3,4.3,4.7,3.2,2.3,4.3,4.4,2.4,4.5,3.7,3.1,4.5,5.7,3.0,3.5,2.9,3.2,3.5,3.3,4.4,4.9,3.2,5.4,1.9,5.4,5.5,3.9,4.3,4.4,3.2,5.8,3.5,4.0,5.6,4.0,1.2,4.4,4.6,4.0,2.1,4.0,6.1,4.0,5.8,2.5,4.6,4.2,3.4,4.9,3.3,3.0,3.5,4.2,3.6,4.2,3.7,5.0,4.5,3.7,4.3,3.9,4.4,5.3,2.4,2.4,4.3,5.6,5.6,5.0,3.0,3.2,4.9,4.8,5.3,4.7,3.8,2.6,3.8,4.6,4.7,2.7,1.5,3.5,3.7,4.0,3.8,2.8,3.4,2.4,3.4,3.8,4.9,5.0,3.9,3.8,4.1,3.0,3.2,4.0,3.4,2.8,4.0,5.2,3.7,4.6,3.3,5.0,5.2,5.1,1.9,3.6,3.2,4.3,3.6,3.2,4.4,4.7,4.6,2.5,1.9,4.5,1.9,3.8,3.3,3.3,3.2,4.5,3.3,3.4,3.4,6.3,3.6,4.0,5.1,1.4,5.7,4.4,3.2,6.2,3.4,4.0,1.8,6.3,4.2,4.1,3.9,1.7,3.9,4.5,3.6,4.4,4.7,3.0,4.6,5.6,4.3,3.2,3.6,4.2,5.3,2.1,4.5,3.3,3.2,3.2,4.5,4.3,3.2,5.4,3.5,4.2,5.7,4.1,2.8,5.1,3.4,4.0,5.0,3.2,2.2,4.3,4.0,4.4,4.0,4.1,4.4,3.9,3.1,3.0,3.5,4.6,3.3,3.5,2.6,2.3,4.4,4.5,3.7,3.2,4.2,2.5,4.3,3.5,5.1,3.2,4.4,3.6,3.0,3.0,3.3,4.8,3.1,4.5,1.9,5.0,4.5,4.5,3.2,5.6,3.8,2.9,2.7,5.6,3.4,3.3,4.3,3.9,3.2,3.8,2.5,3.1,4.3,5.2,5.1,4.9,4.6,3.1,2.9,4.8,4.8,4.1,4.6,3.4,4.8,3.5,3.5,3.6,3.2,3.7,2.6,4.3,3.3,4.6,2.7,4.1,4.5,2.8,2.7,4.3,4.3,5.6,4.0,1.9,4.5,4.2,2.5,4.1,4.8,5.0,4.1,6.3,3.6,5.4,2.4,4.0,3.2,2.3,4.5,3.5,3.8,3.9,6.2,3.0,4.6,4.2,2.0,4.2,3.7,4.5,4.7,3.9,4.1,2.4,4.3,3.6,3.3,3.3,3.0,4.0,3.3,4.5,4.0,4.6,3.6,4.9,4.1,5.0,4.4,2.3,4.7,3.3,5.5,4.7,4.1,3.9,3.8,2.5,3.7,3.4,2.5,2.4,5.6,3.5,4.6,4.1,4.2,3.6,2.4,2.3,3.5,2.8,5.5,3.5,2.9,4.1,3.8,3.8,4.6,3.7,3.4,3.9,2.9,3.8,3.9,3.3,4.7,3.5,4.9,3.7,3.7,2.8,3.8,3.1,4.4,5.6,2.6,3.8,5.2,3.7,1.7,4.7,2.2,3.6,5.3,2.9,2.4,4.3,3.5,3.5,4.5,1.9,3.5,4.5,3.7,4.8,2.1,4.1,5.1,4.5,4.3,4.1,3.4,5.1,6.1,4.4,4.8,2.2,5.9,2.3,2.9,3.4,3.3,3.9,4.7,4.0,2.3,4.7,2.8,4.3,2.8,2.6,3.1,5.0,3.0,2.5,4.3,2.4,4.5,5.0,2.9,3.9,3.5,4.9,2.2,4.7,2.4,4.1,4.4,2.9,2.7,3.3,4.7,3.1,2.0,4.0,4.8,3.9,5.0,2.1,5.0,3.3,4.7,3.8,3.6,4.2,3.8,4.8,2.7,2.1,3.4,4.2,1.7,4.1,2.9,4.4,4.9,4.2,3.2,4.5,4.4,2.9,4.8,5.7,4.8,3.3,3.2,2.5,3.0,2.1,2.4,2.4]}},{"type":"Feature","geometry":{"type":"LineString","coordinates":[[74.3298,11.7013],[74.3332,11.707],[74.3399,11.7188],[74.3498,11.7363],[74.3565,11.7481],[74.3662,11.7653],[74.3729,11.7765],[74.3832,11.7942],[74.3902,11.8059],[74.3999,11.8226],[74.4063,11.8341],[74.4158,11.8518],[74.4222,11.8631],[74.432,11.8814],[74.4386,11.8929],[74.4485,11.9104],[74.4547,11.9217],[74.4641,11.9391],[74.4708,11.9514]]},"properties":{"mmsi":995227111,"name":"SYN-TAN-21","role":"background","vessel_type":80,"synthetic":true,"t_offset_s":[81014,81134,81374,81734,81974,82334,82574,82934,83174,83534,83774,84134,84374,84734,84974,85334,85574,85934,86174],"sog":[11.5,12.1,11.8,11.8,11.5,11.8,11.7,12.0,12.2,11.6,12.1,11.6,11.8,12.3,12.3,11.3,11.9,12.1,12.1]}},{"type":"Feature","geometry":{"type":"LineString","coordinates":[[73.5066,10.407],[73.4947,10.3868],[73.4869,10.3732],[73.4753,10.3528],[73.4673,10.3397],[73.4552,10.319],[73.4473,10.3057],[73.4357,10.2864],[73.4274,10.273],[73.4159,10.253],[73.4075,10.2395],[73.3955,10.2196],[73.3872,10.2058],[73.3752,10.1861],[73.3666,10.1727],[73.3548,10.1529],[73.3472,10.1397],[73.3351,10.1196],[73.3269,10.1063],[73.3154,10.0859],[73.3081,10.0728],[73.2965,10.0525],[73.2888,10.039],[73.2776,10.0183],[73.2702,10.005],[73.259,9.9843],[73.2513,9.9706],[73.2397,9.9508],[73.232,9.9369],[73.2205,9.9173],[73.2131,9.904],[73.2007,9.8839],[73.1927,9.8707],[73.1801,9.8505],[73.172,9.8374],[73.1597,9.8177],[73.1518,9.8047],[73.1392,9.785],[73.1314,9.772],[73.1195,9.7522],[73.1119,9.7391],[73.1004,9.7191],[73.0927,9.7051],[73.0815,9.685],[73.0741,9.671],[73.0628,9.6504],[73.0551,9.637],[73.044,9.6171],[73.0362,9.6041],[73.0243,9.5837],[73.0159,9.5703],[73.0043,9.5505],[72.9958,9.537],[72.984,9.5168],[72.9767,9.5032],[72.9645,9.4831],[72.9571,9.4697],[72.9453,9.4497],[72.9372,9.4364],[72.9252,9.4167],[72.9174,9.4033],[72.9058,9.3826],[72.8978,9.3688],[72.8857,9.3487],[72.8777,9.3353],[72.8655,9.3156],[72.8575,9.3017],[72.8453,9.282],[72.8371,9.2689],[72.8249,9.2489],[72.8169,9.2362],[72.8048,9.2164],[72.7967,9.2028],[72.7843,9.1829],[72.7759,9.1699],[72.7639,9.1498],[72.7562,9.1371],[72.7446,9.1168],[72.7364,9.1034],[72.7244,9.0829],[72.7161,9.0696],[72.7039,9.0496],[72.6955,9.0367],[72.6835,9.0167],[72.6753,9.0035],[72.6634,8.9837],[72.6551,8.9705],[72.6427,8.9514],[72.6341,8.9384],[72.6216,8.9189],[72.6133,8.9059],[72.6006,8.8871],[72.5922,8.8743],[72.5794,8.8549],[72.5712,8.8417],[72.5583,8.8218],[72.5501,8.8087],[72.5374,8.7895],[72.5295,8.7766],[72.5164,8.7567],[72.5082,8.7432],[72.4955,8.724],[72.4877,8.7107],[72.4748,8.6916],[72.4656,8.6786],[72.4524,8.6597],[72.4435,8.6466],[72.4307,8.6275],[72.4219,8.6145],[72.4089,8.595],[72.4002,8.5822],[72.3872,8.5632],[72.378,8.5504],[72.3647,8.5309],[72.3556,8.5182],[72.3424,8.499],[72.3335,8.4864],[72.32,8.4668],[72.311,8.4542],[72.2977,8.4353],[72.289,8.4228],[72.2758,8.404],[72.2663,8.3915],[72.253,8.3727],[72.2442,8.3601],[72.2308,8.341],[72.2218,8.3285],[72.2084,8.3094],[72.1994,8.2964],[72.1866,8.2775],[72.1778,8.2648],[72.1644,8.2446],[72.1562,8.2319],[72.1436,8.2124],[72.1353,8.1989],[72.1223,8.1793],[72.1143,8.1663],[72.1025,8.1465],[72.0942,8.1333],[72.0822,8.1136],[72.074,8.1007],[72.0615,8.0808],[72.0534,8.0679],[72.0404,8.0482],[72.0324,8.0351],[72.0196,8.0152],[72.0114,8.0019],[71.9992,7.9822],[71.9907,7.9685],[71.979,7.9486],[71.9715,7.9345],[71.9609,7.9141],[71.9538,7.9002],[71.9436,7.8789],[71.9365,7.8651],[71.9258,7.8442],[71.9188,7.8306],[71.9084,7.8097],[71.9012,7.7956],[71.8904,7.7751],[71.8827,7.7612],[71.8716,7.7405],[71.8643,7.7275],[71.8529,7.707],[71.8454,7.6928],[71.8346,7.6727],[71.8267,7.659],[71.8162,7.6387],[71.8095,7.6245],[71.7994,7.6036],[71.7927,7.5898],[71.7825,7.5687],[71.7758,7.5552],[71.7649,7.5347],[71.7574,7.5212],[71.7466,7.5008],[71.7398,7.487],[71.7288,7.4663],[71.7221,7.4522],[71.7112,7.4316],[71.7046,7.4177],[71.6943,7.3971],[71.6876,7.3831],[71.6771,7.3622],[71.6706,7.3485],[71.6601,7.3273],[71.6532,7.3128],[71.6431,7.2919],[71.6361,7.2778],[71.6262,7.2567],[71.6193,7.2425],[71.6101,7.2218],[71.6033,7.2078],[71.5934,7.1868],[71.5866,7.1727],[71.5764,7.1518],[71.5696,7.1379],[71.5594,7.1168],[71.5524,7.1031],[71.5423,7.082],[71.5358,7.0686],[71.5257,7.0475],[71.5185,7.034],[71.5076,7.0131],[71.5012,6.9992],[71.491,6.978],[71.4848,6.9642],[71.4749,6.9426],[71.4682,6.9284],[71.4586,6.9072],[71.4525,6.8934],[71.4419,6.8722],[71.4346,6.8583],[71.4242,6.8373],[71.4175,6.8232],[71.4071,6.8024],[71.4,6.7892],[71.3897,6.7684],[71.3825,6.7546],[71.3719,6.7341],[71.3653,6.7198],[71.3553,6.6989],[71.3485,6.6846],[71.3395,6.6638],[71.3335,6.6493],[71.3242,6.6278],[71.3184,6.6137],[71.3087,6.5916],[71.3028,6.5777],[71.2939,6.5564],[71.2876,6.542],[71.2784,6.5206],[71.2719,6.5069],[71.2622,6.4856],[71.2554,6.4714],[71.2455,6.4505],[71.2393,6.4367],[71.2287,6.4153],[71.222,6.4014],[71.2116,6.3799],[71.2051,6.3662],[71.1957,6.3445],[71.1894,6.3304],[71.1792,6.3093],[71.1732,6.295],[71.1635,6.2734],[71.1574,6.2596],[71.1479,6.2381],[71.1413,6.224],[71.1315,6.2025],[71.1251,6.1881],[71.1154,6.1681],[71.1084,6.1537],[71.0982,6.1331],[71.0912,6.1192],[71.0809,6.0988],[71.0737,6.0841],[71.0632,6.0638],[71.0561,6.0494]]},"properties":{"mmsi":995588940,"name":"SYN-TAN-20","role":"candidate","vessel_type":80,"synthetic":true,"t_offset_s":[-244400,-244040,-243800,-243440,-243200,-242840,-242600,-242240,-242000,-241640,-241400,-241040,-240800,-240440,-240200,-239840,-239600,-239240,-239000,-238640,-238400,-238040,-237800,-237440,-237200,-236840,-236600,-236240,-236000,-235640,-235400,-235040,-234800,-234440,-234200,-233840,-233600,-233240,-233000,-232640,-232400,-232040,-231800,-231440,-231200,-230840,-230600,-230240,-230000,-229640,-229400,-229040,-228800,-228440,-228200,-227840,-227600,-227240,-227000,-226640,-226400,-226040,-225800,-225440,-225200,-224840,-224600,-224240,-224000,-223640,-223400,-223040,-222800,-222440,-222200,-221840,-221600,-221240,-221000,-220640,-220400,-220040,-219800,-219440,-219200,-218840,-218600,-218240,-218000,-217640,-217400,-217040,-216800,-216440,-216200,-215840,-215600,-215240,-215000,-214640,-214400,-214040,-213800,-213440,-213200,-212840,-212600,-212240,-212000,-211640,-211400,-211040,-210800,-210440,-210200,-209840,-209600,-209240,-209000,-208640,-208400,-208040,-207800,-207440,-207200,-206840,-206600,-206240,-206000,-205640,-205400,-205040,-204800,-204440,-204200,-203840,-203600,-203240,-203000,-202640,-202400,-202040,-201800,-201440,-201200,-200840,-200600,-200240,-200000,-199640,-199400,-199040,-198800,-198440,-198200,-197840,-197600,-197240,-197000,-196640,-196400,-196040,-195800,-195440,-195200,-194840,-194600,-194240,-194000,-193640,-193400,-193040,-192800,-192440,-192200,-191840,-191600,-191240,-191000,-190640,-190400,-190040,-189800,-189440,-189200,-188840,-188600,-188240,-188000,-187640,-187400,-187040,-186800,-186440,-186200,-185840,-185600,-185240,-185000,-184640,-184400,-184040,-183800,-183440,-183200,-182840,-182600,-182240,-182000,-181640,-181400,-181040,-180800,-180440,-180200,-179840,-179600,-179240,-179000,-178640,-178400,-178040,-177800,-177440,-177200,-176840,-176600,-176240,-176000,-175640,-175400,-175040,-174800,-174440,-174200,-173840,-173600,-173240,-173000,-172640,-172400,-172040,-171800,-171440,-171200,-170840,-170600,-170240,-170000,-169640,-169400,-169040,-168800,-168440,-168200,-167840,-167600,-167240,-167000],"sog":[13.6,14.0,14.1,13.7,13.9,14.5,13.8,13.1,13.7,14.1,14.3,13.8,14.1,13.4,14.2,13.8,13.9,13.9,13.7,13.9,13.5,14.2,14.1,13.9,13.6,13.6,14.5,13.5,14.4,13.7,14.0,14.0,13.3,14.1,13.9,13.4,14.0,13.5,13.5,13.7,13.9,14.0,14.1,14.2,13.8,14.3,13.9,13.3,13.4,14.1,14.0,14.1,13.6,14.1,14.0,13.6,13.4,14.0,14.2,13.7,13.9,13.8,14.3,14.6,14.0,13.5,13.8,14.2,13.8,14.3,13.0,13.6,14.0,14.2,13.7,14.0,13.4,14.0,14.2,13.9,13.9,14.0,14.1,13.6,13.7,13.7,14.0,13.8,13.6,13.9,13.8,14.0,13.4,14.4,13.6,13.9,14.1,13.4,14.1,13.9,14.1,13.7,13.5,14.1,14.0,14.1,14.5,14.0,13.9,13.7,13.4,13.8,13.9,13.8,14.0,13.9,13.9,14.2,13.7,13.1,13.6,13.9,13.7,14.0,14.0,13.7,14.0,13.4,14.2,13.8,14.0,14.2,13.6,14.4,14.1,13.9,13.3,13.7,13.7,13.2,14.2,13.4,14.0,13.4,13.8,14.2,13.8,14.1,14.0,14.0,14.0,13.9,13.7,14.4,13.7,13.8,14.1,14.2,13.8,14.1,14.1,13.6,13.6,14.1,14.2,13.4,13.6,13.7,14.5,13.8,14.0,14.0,13.4,13.6,13.8,13.8,14.4,14.3,13.9,13.7,13.9,13.6,13.5,13.9,14.1,13.9,14.0,14.2,14.2,14.0,13.9,13.9,13.6,13.9,14.1,13.9,13.6,14.1,13.8,13.5,14.0,13.7,14.1,14.2,13.5,14.0,13.9,14.0,13.8,14.1,13.6,14.2,14.2,14.1,13.9,14.5,13.6,13.3,13.4,13.9,14.0,14.0,13.9,14.0,13.7,14.0,13.8,14.4,13.6,13.8,14.1,13.6,13.9,13.2,13.9,13.8,14.4,14.1,13.8,14.4,13.8,13.8,14.0,14.4,13.6,14.0,13.5,13.3,14.0,14.1,13.7,13.9,14.0,14.1,14.0,13.6,14.4,13.5,14.1]}},{"type":"Feature","geometry":{"type":"LineString","coordinates":[[74.7892,12.5802],[74.793,12.5863],[74.7997,12.5985],[74.8098,12.6175],[74.8165,12.6302],[74.8263,12.6484],[74.8334,12.6615],[74.8437,12.6798],[74.8509,12.6925],[74.8619,12.711],[74.869,12.7238]]},"properties":{"mmsi":995617365,"name":"SYN-CAR-15","role":"candidate","vessel_type":70,"synthetic":true,"t_offset_s":[-96908,-96788,-96548,-96188,-95948,-95588,-95348,-94988,-94748,-94388,-94148],"sog":[13.0,12.8,12.5,12.6,13.2,12.3,12.8,12.6,13.1,13.2,13.1]}},{"type":"Feature","geometry":{"type":"LineString","coordinates":[[74.2451,11.7377],[74.2419,11.732],[74.235,11.7207],[74.2255,11.7034],[74.219,11.6922],[74.209,11.6754],[74.2022,11.664],[74.192,11.6471],[74.1853,11.636],[74.176,11.6197],[74.1693,11.608],[74.1595,11.591],[74.1531,11.5797],[74.1431,11.5623],[74.1369,11.5512],[74.1272,11.5343],[74.1209,11.5226],[74.1109,11.5059],[74.1046,11.4947],[74.0948,11.4785],[74.0883,11.4673],[74.0787,11.4506],[74.0722,11.4394],[74.0634,11.4227],[74.0569,11.4111],[74.0482,11.3943],[74.0419,11.3829],[74.0335,11.3658],[74.0275,11.3539],[74.0185,11.3369],[74.0131,11.3246],[74.0043,11.3073],[73.9984,11.2957],[73.9899,11.2778],[73.9844,11.266],[73.9756,11.2491],[73.9698,11.2371],[73.9607,11.2194],[73.9552,11.208],[73.9465,11.1907],[73.9404,11.1796],[73.9313,11.1619],[73.9257,11.1503],[73.9164,11.1325],[73.9105,11.1207],[73.9019,11.1031],[73.8965,11.0914],[73.8884,11.0739],[73.883,11.0624],[73.8744,11.0443],[73.8689,11.0322],[73.8602,11.0143],[73.8542,11.0017],[73.8453,10.9848],[73.8393,10.9736],[73.8304,10.9558],[73.8247,10.9436],[73.816,10.9266],[73.8105,10.9141],[73.8024,10.8975],[73.7968,10.8852],[73.7885,10.8673],[73.783,10.8559],[73.7745,10.8379],[73.7686,10.8261],[73.7603,10.8088],[73.7544,10.7965],[73.746,10.7791],[73.7404,10.7672],[73.7319,10.7494],[73.7263,10.7381],[73.7185,10.7206],[73.7121,10.709],[73.7039,10.6914],[73.6985,10.68],[73.6905,10.662],[73.685,10.6499],[73.6766,10.6322],[73.671,10.62],[73.6623,10.6027],[73.6565,10.591],[73.6487,10.5731],[73.6429,10.561],[73.635,10.5429],[73.6295,10.5316],[73.6214,10.5142],[73.6158,10.5023],[73.6076,10.4844],[73.6024,10.4726],[73.594,10.4546],[73.5886,10.4437],[73.5804,10.4261],[73.5748,10.4147],[73.5669,10.3971],[73.5616,10.3848],[73.553,10.3672],[73.5473,10.3553],[73.5393,10.3377],[73.533,10.3258],[73.5248,10.308],[73.5188,10.2964],[73.5102,10.2783],[73.5046,10.267],[73.4955,10.2496],[73.49,10.2384],[73.4817,10.2206],[73.476,10.2095],[73.467,10.192],[73.4615,10.1799],[73.4527,10.1628],[73.4472,10.1514],[73.4375,10.1339],[73.4313,10.1222],[73.4222,10.1051],[73.4163,10.0936],[73.4069,10.0759],[73.4007,10.0648],[73.3912,10.0479],[73.3847,10.0365],[73.3756,10.0187],[73.3693,10.0072],[73.36,9.9901],[73.3533,9.9785],[73.3444,9.9617],[73.3378,9.9502],[73.3285,9.9327],[73.3224,9.9211],[73.3123,9.9037],[73.3057,9.8925],[73.2963,9.8753],[73.2902,9.864],[73.281,9.8466],[73.2747,9.8351],[73.2656,9.8179],[73.2596,9.8068],[73.2507,9.7891],[73.2447,9.7778],[73.2362,9.7605],[73.2304,9.7491],[73.2229,9.7315],[73.2175,9.7198],[73.2096,9.7017],[73.2036,9.6902],[73.1957,9.6727],[73.1907,9.6617],[73.1827,9.6437],[73.1772,9.6321],[73.1691,9.6145],[73.1631,9.6032],[73.1547,9.5855],[73.1493,9.574],[73.1407,9.5565],[73.1354,9.5449],[73.1273,9.528],[73.1215,9.5154],[73.1133,9.4977],[73.1081,9.4861],[73.0998,9.4688],[73.0943,9.4572],[73.0859,9.4395],[73.0799,9.4273],[73.0715,9.4101],[73.0656,9.399],[73.0565,9.381],[73.0505,9.3691],[73.0417,9.3521],[73.0359,9.3398],[73.0269,9.3226],[73.0208,9.3109],[73.0115,9.2935],[73.0051,9.2818],[72.996,9.2647],[72.99,9.253],[72.9809,9.236]]},"properties":{"mmsi":995622904,"name":"SYN-CAR-14","role":"background","vessel_type":70,"synthetic":true,"t_offset_s":[34538,34658,34898,35258,35498,35858,36098,36458,36698,37058,37298,37658,37898,38258,38498,38858,39098,39458,39698,40058,40298,40658,40898,41258,41498,41858,42098,42458,42698,43058,43298,43658,43898,44258,44498,44858,45098,45458,45698,46058,46298,46658,46898,47258,47498,47858,48098,48458,48698,49058,49298,49658,49898,50258,50498,50858,51098,51458,51698,52058,52298,52658,52898,53258,53498,53858,54098,54458,54698,55058,55298,55658,55898,56258,56498,56858,57098,57458,57698,58058,58298,58658,58898,59258,59498,59858,60098,60458,60698,61058,61298,61658,61898,62258,62498,62858,63098,63458,63698,64058,64298,64658,64898,65258,65498,65858,66098,66458,66698,67058,67298,67658,67898,68258,68498,68858,69098,69458,69698,70058,70298,70658,70898,71258,71498,71858,72098,72458,72698,73058,73298,73658,73898,74258,74498,74858,75098,75458,75698,76058,76298,76658,76898,77258,77498,77858,78098,78458,78698,79058,79298,79658,79898,80258,80498,80858,81098,81458,81698,82058,82298,82658,82898,83258,83498,83858,84098,84458,84698,85058,85298,85658,85898,86258],"sog":[11.7,11.6,11.6,11.8,11.4,11.2,11.7,12.2,11.6,11.6,12.2,11.2,11.8,11.5,11.3,11.4,11.8,11.6,11.2,11.2,11.9,11.7,11.4,11.7,11.7,11.3,11.2,11.5,11.9,11.7,11.7,11.3,11.3,11.9,11.8,11.1,12.2,11.7,11.6,12.0,11.5,11.6,11.9,12.0,12.1,11.2,11.9,11.7,12.0,11.6,11.7,12.0,11.8,11.6,11.3,11.7,11.9,12.0,11.6,11.7,12.4,11.5,11.3,11.8,11.5,11.7,12.2,12.0,12.0,11.6,10.8,11.9,11.5,11.9,11.2,11.9,11.9,12.0,11.4,11.7,11.7,11.6,11.8,12.0,11.2,11.9,11.6,11.4,11.9,11.4,11.1,11.6,11.7,11.9,11.6,12.3,11.5,11.7,11.7,12.1,11.8,12.0,11.4,11.6,11.8,11.7,11.3,11.5,11.8,11.0,11.4,12.0,12.3,11.6,11.9,11.6,11.9,11.6,11.7,11.3,11.6,11.5,12.0,11.4,11.8,11.8,11.9,11.7,12.0,11.8,11.3,12.0,11.3,11.7,11.0,11.9,11.0,11.6,11.3,11.6,12.0,12.1,11.2,11.7,11.1,12.0,11.4,11.6,11.3,11.4,11.6,11.7,11.4,11.0,12.2,11.5,11.7,11.5,11.6,11.6,11.6,11.9,11.3,11.6,12.0,11.0,12.0,11.9,11.5,11.8,12.1,11.4,12.0,11.5]}},{"type":"Feature","geometry":{"type":"LineString","coordinates":[[74.7513,12.6817],[74.7479,12.6756],[74.7405,12.6629],[74.7292,12.6434],[74.7216,12.6314],[74.7101,12.6123],[74.7028,12.6001],[74.6918,12.5813],[74.6842,12.5686],[74.6731,12.5504],[74.6658,12.5379],[74.654,12.5191],[74.6459,12.5066],[74.6347,12.4876],[74.6272,12.4754],[74.6153,12.4564],[74.6075,12.4439],[74.5953,12.4248],[74.5873,12.4127],[74.5745,12.3946],[74.5659,12.3824],[74.553,12.3643],[74.5442,12.3523],[74.5318,12.3345],[74.523,12.3227],[74.51,12.3054],[74.5016,12.2936],[74.4888,12.2764],[74.48,12.2645],[74.467,12.2472],[74.4583,12.2353],[74.4452,12.2177],[74.436,12.2059],[74.4228,12.188],[74.414,12.1764],[74.4011,12.1585],[74.3929,12.1466],[74.3796,12.1288],[74.3713,12.1166],[74.3595,12.0987],[74.3511,12.0871],[74.3385,12.0688],[74.3301,12.0564],[74.3179,12.039],[74.31,12.0273],[74.2971,12.0086],[74.2889,11.9964],[74.2765,11.9787],[74.268,11.9666],[74.2559,11.9489],[74.2477,11.9368],[74.2357,11.919],[74.2278,11.9066],[74.2156,11.8886],[74.2079,11.8762],[74.1962,11.8578],[74.1886,11.8453],[74.176,11.8265],[74.1682,11.8141],[74.1559,11.7952],[74.1479,11.7833],[74.136,11.7647],[74.1284,11.7522],[74.1168,11.7339],[74.109,11.7212],[74.0966,11.7027],[74.0885,11.6908],[74.0759,11.6726],[74.0678,11.6607],[74.0555,11.6423],[74.0474,11.6298],[74.036,11.6114],[74.0278,11.5992],[74.0159,11.5798],[74.0074,11.5675],[73.9963,11.5482],[73.9891,11.5356],[73.9777,11.5157],[73.9709,11.5034],[73.9605,11.4839],[73.9534,11.471],[73.9418,11.4514],[73.935,11.4391],[73.9242,11.4199],[73.9173,11.4071],[73.9066,11.3881],[73.8999,11.3748],[73.8897,11.3562],[73.8833,11.3437],[73.872,11.3245],[73.8647,11.3116],[73.8539,11.2925],[73.8465,11.28],[73.8357,11.2607],[73.828,11.2481],[73.8178,11.2287],[73.8108,11.2157],[73.8005,11.1968],[73.7939,11.1838],[73.7837,11.1643],[73.7767,11.1513],[73.7658,11.1331],[73.758,11.1202],[73.746,11.1011],[73.7384,11.0887],[73.7269,11.0702],[73.7193,11.0574],[73.7087,11.039],[73.7015,11.0261],[73.6912,11.0066],[73.6843,10.9935],[73.6736,10.9745],[73.6667,10.9617],[73.6566,10.9425],[73.6495,10.93],[73.6389,10.9109],[73.6317,10.8978],[73.6211,10.8779],[73.6136,10.8653],[73.6026,10.8459],[73.5957,10.8332],[73.5848,10.8135],[73.5773,10.8012],[73.5669,10.7825],[73.5593,10.7696],[73.5485,10.7503],[73.5411,10.7372],[73.5302,10.7186],[73.5232,10.7057],[73.5123,10.6864],[73.5051,10.6738],[73.494,10.6546],[73.4868,10.642],[73.4754,10.623],[73.4683,10.6104],[73.4566,10.5921],[73.4492,10.5792],[73.4379,10.5605],[73.4301,10.5483],[73.419,10.5293],[73.4118,10.5166],[73.4005,10.498],[73.3931,10.4853],[73.3824,10.4661],[73.3748,10.4537],[73.3637,10.4349],[73.3567,10.4223],[73.3461,10.4031],[73.3389,10.3902],[73.329,10.3716],[73.3218,10.3579],[73.3116,10.3377],[73.3053,10.325],[73.2947,10.3052],[73.288,10.2921],[73.279,10.2726],[73.2729,10.2596],[73.2631,10.2401],[73.2572,10.227],[73.2476,10.2073],[73.2409,10.1933],[73.2317,10.1736],[73.2252,10.1608],[73.215,10.1409],[73.2085,10.1277],[73.1984,10.1077],[73.1917,10.0948],[73.1817,10.0746],[73.1753,10.0617],[73.1653,10.0422],[73.1588,10.0288],[73.149,10.0085],[73.1427,9.9957],[73.1331,9.9758],[73.1265,9.9628],[73.1163,9.9423],[73.1099,9.9294],[73.1007,9.9092],[73.0944,9.8958],[73.085,9.8763],[73.0788,9.8632],[73.0693,9.8432],[73.0629,9.8306],[73.0535,9.8105],[73.0468,9.7976],[73.0365,9.7772],[73.0299,9.7646],[73.0199,9.7445],[73.0134,9.7316],[73.0038,9.7128],[72.9972,9.699],[72.9875,9.6789],[72.9809,9.6661],[72.9713,9.6462],[72.9647,9.6332],[72.9547,9.6139],[72.949,9.6005],[72.9395,9.5807],[72.9332,9.567],[72.9244,9.547],[72.9179,9.5339],[72.9083,9.5134],[72.902,9.4999],[72.8928,9.4797],[72.8867,9.4666],[72.8777,9.4464],[72.8707,9.4335],[72.861,9.4142],[72.8541,9.4008],[72.8446,9.381],[72.8372,9.368],[72.8272,9.3484],[72.8207,9.3355],[72.8106,9.3156],[72.8038,9.302],[72.7939,9.2822],[72.7875,9.2688],[72.7779,9.2492],[72.7717,9.2361],[72.7623,9.2161],[72.7557,9.2025],[72.746,9.1824],[72.7394,9.1692],[72.7295,9.1498],[72.723,9.1362],[72.7129,9.1164],[72.7068,9.1037],[72.6968,9.084],[72.6902,9.0708],[72.6801,9.0512],[72.6734,9.0379],[72.6634,9.0179],[72.6569,9.0048],[72.647,8.9847],[72.6402,8.9714],[72.631,8.9518],[72.6253,8.9396],[72.6154,8.9195],[72.6089,8.9064],[72.599,8.8869],[72.5926,8.8735],[72.5829,8.8539],[72.5765,8.8406],[72.5664,8.8209],[72.56,8.8071],[72.5497,8.7876],[72.5428,8.7744],[72.5332,8.7548],[72.5263,8.7427],[72.5152,8.7234],[72.5082,8.7106],[72.497,8.6915],[72.49,8.6789],[72.4791,8.6601],[72.4714,8.6478],[72.4606,8.6293],[72.4531,8.6161],[72.4415,8.5977],[72.4339,8.585],[72.4223,8.5664],[72.4142,8.5535],[72.4029,8.5348],[72.3961,8.522],[72.3847,8.5023],[72.3772,8.4906],[72.366,8.4719],[72.3583,8.4594],[72.3468,8.4403],[72.3391,8.4278],[72.3269,8.4088],[72.3193,8.3964],[72.3081,8.3779],[72.3005,8.3654],[72.288,8.347],[72.2801,8.3345],[72.2683,8.3154],[72.2608,8.3031],[72.2493,8.2836],[72.2418,8.2718],[72.2302,8.2527],[72.2229,8.2398],[72.2121,8.2206],[72.2047,8.2078],[72.1935,8.1884],[72.1864,8.1758],[72.1757,8.1568],[72.1684,8.1441],[72.1577,8.125],[72.1498,8.1122],[72.1397,8.0931],[72.1322,8.0803],[72.1217,8.0615],[72.1149,8.0482],[72.1047,8.0286],[72.0983,8.0158],[72.0882,7.9963],[72.0819,7.9831],[72.0718,7.9637],[72.0658,7.9507],[72.0567,7.9305],[72.0499,7.917],[72.0405,7.8971],[72.0336,7.8836],[72.0242,7.8637],[72.0178,7.8508],[72.0087,7.8309],[72.002,7.8179],[71.9921,7.7983],[71.9857,7.7849],[71.9764,7.7655],[71.9698,7.7522],[71.9601,7.7328],[71.9545,7.7195],[71.9449,7.6995],[71.939,7.6862],[71.9303,7.6658],[71.9246,7.6524],[71.9154,7.6322],[71.9096,7.619],[71.9005,7.5986],[71.8943,7.5847],[71.8854,7.5643],[71.8796,7.5506],[71.8711,7.5309],[71.8655,7.5174],[71.8573,7.4974],[71.8516,7.4837],[71.8429,7.4634],[71.8374,7.4497],[71.8289,7.4295],[71.8241,7.4158],[71.8157,7.3955],[71.8104,7.3815],[71.8025,7.3606],[71.7973,7.3467],[71.79,7.3251],[71.7846,7.3112],[71.7774,7.2906],[71.7725,7.2765],[71.7655,7.2556],[71.7613,7.2422],[71.7544,7.2209],[71.7504,7.2065],[71.7442,7.1853],[71.74,7.1714],[71.7338,7.1507],[71.7295,7.1364],[71.7236,7.1148],[71.7197,7.1015],[71.7138,7.0801],[71.7104,7.0657],[71.7054,7.0439],[71.7015,7.0296],[71.6968,7.0081],[71.6935,6.9936],[71.6889,6.9722],[71.6857,6.9578],[71.6812,6.9357],[71.6786,6.9213],[71.6748,6.8995],[71.6717,6.885],[71.6673,6.8632],[71.6649,6.8491],[71.6607,6.8271],[71.6578,6.8122],[71.654,6.7908]]},"properties":{"mmsi":995753529,"name":"SYN-CAR-29","role":"candidate","vessel_type":70,"synthetic":true,"t_offset_s":[-143708,-143588,-143348,-142988,-142748,-142388,-142148,-141788,-141548,-141188,-140948,-140588,-140348,-139988,-139748,-139388,-139148,-138788,-138548,-138188,-137948,-137588,-137348,-136988,-136748,-136388,-136148,-135788,-135548,-135188,-134948,-134588,-134348,-133988,-133748,-133388,-133148,-132788,-132548,-132188,-131948,-131588,-131348,-130988,-130748,-130388,-130148,-129788,-129548,-129188,-128948,-128588,-128348,-127988,-127748,-127388,-127148,-126788,-126548,-126188,-125948,-125588,-125348,-124988,-124748,-124388,-124148,-123788,-123548,-123188,-122948,-122588,-122348,-121988,-121748,-121388,-121148,-120788,-120548,-120188,-119948,-119588,-119348,-118988,-118748,-118388,-118148,-117788,-117548,-117188,-116948,-116588,-116348,-115988,-115748,-115388,-115148,-114788,-114548,-114188,-113948,-113588,-113348,-112988,-112748,-112388,-112148,-111788,-111548,-111188,-110948,-110588,-110348,-109988,-109748,-109388,-109148,-108788,-108548,-108188,-107948,-107588,-107348,-106988,-106748,-106388,-106148,-105788,-105548,-105188,-104948,-104588,-104348,-103988,-103748,-103388,-103148,-102788,-102548,-102188,-101948,-101588,-101348,-100988,-100748,-100388,-100148,-99788,-99548,-99188,-98948,-98588,-98348,-97988,-97748,-97388,-97148,-96788,-96548,-96188,-95948,-95588,-95348,-94988,-94748,-94388,-94148,-93788,-93548,-93188,-92948,-92588,-92348,-91988,-91748,-91388,-91148,-90788,-90548,-90188,-89948,-89588,-89348,-88988,-88748,-88388,-88148,-87788,-87548,-87188,-86948,-86588,-86348,-85988,-85748,-85388,-85148,-84788,-84548,-84188,-83948,-83588,-83348,-82988,-82748,-82388,-82148,-81788,-81548,-81188,-80948,-80588,-80348,-79988,-79748,-79388,-79148,-78788,-78548,-78188,-77948,-77588,-77348,-76988,-76748,-76388,-76148,-75788,-75548,-75188,-74948,-74588,-74348,-73988,-73748,-73388,-73148,-72788,-72548,-72188,-71948,-71588,-71348,-70988,-70748,-70388,-70148,-69788,-69548,-69188,-68948,-68588,-68348,-67988,-67748,-67388,-67148,-66788,-66548,-66188,-65948,-65588,-65348,-64988,-64748,-64388,-64148,-63788,-63548,-63188,-62948,-62588,-62348,-61988,-61748,-61388,-61148,-60788,-60548,-60188,-59948,-59588,-59348,-58988,-58748,-58388,-58148,-57788,-57548,-57188,-56948,-56588,-56348,-55988,-55748,-55388,-55148,-54788,-54548,-54188,-53948,-53588,-53348,-52988,-52748,-52388,-52148,-51788,-51548,-51188,-50948,-50588,-50348,-49988,-49748,-49388,-49148,-48788,-48548,-48188,-47948,-47588,-47348,-46988,-46748,-46388,-46148,-45788,-45548,-45188,-44948,-44588,-44348,-43988,-43748,-43388,-43148,-42788,-42548,-42188,-41948,-41588,-41348,-40988,-40748,-40388,-40148,-39788,-39548,-39188,-38948,-38588,-38348,-37988,-37748,-37388,-37148,-36788,-36548,-36188,-35948,-35588,-35348,-34988,-34748,-34388],"sog":[13.3,12.9,13.0,13.0,12.8,13.1,12.7,12.9,12.5,12.8,13.2,12.9,13.2,12.9,13.2,13.5,12.9,13.1,13.2,12.8,13.3,13.3,13.1,12.9,13.0,12.7,13.1,13.0,12.9,13.0,13.5,13.2,13.6,13.2,13.2,13.0,12.9,13.4,13.6,12.9,13.3,13.2,13.1,13.1,13.1,13.3,13.2,12.7,13.0,12.8,12.9,13.0,13.1,12.4,13.2,12.4,13.2,13.7,13.2,13.5,12.9,13.1,13.0,13.0,13.2,13.4,12.8,13.1,13.2,13.7,13.4,13.0,12.9,13.0,13.7,13.1,13.4,13.6,12.9,13.2,13.3,13.4,12.6,13.4,13.4,12.5,13.3,12.7,12.8,13.0,13.7,12.9,13.1,13.0,13.5,13.5,12.9,12.8,13.0,13.0,13.3,12.8,13.6,13.4,13.2,12.9,13.4,13.0,12.5,13.5,13.1,13.1,13.2,12.8,13.0,12.9,13.2,13.3,12.9,13.3,13.1,12.9,12.8,12.9,13.0,13.5,13.2,13.3,12.7,13.2,13.4,13.3,12.8,13.1,13.1,12.9,12.9,13.4,13.2,13.3,13.2,13.2,12.6,13.5,12.4,13.2,12.7,12.9,13.1,13.0,13.4,13.5,13.1,13.1,12.8,12.8,12.7,13.1,12.8,13.4,13.5,13.5,13.1,13.5,12.9,13.0,13.2,13.2,13.3,12.9,13.4,13.2,13.1,13.3,13.0,13.3,13.5,13.0,13.2,12.9,12.9,12.9,12.8,13.0,13.4,13.3,13.1,13.5,12.9,12.4,13.3,13.4,12.9,13.5,13.0,13.0,13.3,13.3,13.3,13.1,13.2,13.1,13.4,13.4,12.8,12.8,13.2,13.0,13.2,13.3,13.0,13.6,13.1,13.0,13.6,12.9,12.9,12.9,12.9,13.4,13.1,13.1,13.3,13.1,12.9,12.8,12.9,12.8,13.5,13.2,13.1,13.1,13.3,13.0,12.6,12.9,12.1,13.4,12.7,13.2,13.2,13.2,12.8,13.2,13.7,12.8,13.1,12.6,12.3,13.3,13.3,12.8,13.4,12.8,13.0,12.9,13.0,12.7,13.3,12.7,13.0,12.8,13.5,13.4,12.5,12.6,13.0,13.3,13.0,13.3,12.6,13.2,13.0,13.7,13.3,13.3,12.7,13.5,12.6,13.6,12.8,12.9,13.4,13.6,13.1,12.9,12.9,13.1,13.3,13.3,13.3,12.5,13.7,12.9,12.9,13.0,13.0,13.3,13.3,13.0,13.1,12.9,13.8,13.5,12.7,12.8,13.5,13.1,13.1,13.4,13.0,13.2,13.2,13.0,12.9,13.5,13.0,12.8,12.8,13.2,13.7,13.3,13.6,12.5,12.8,13.0,13.1,13.2,12.9,13.2,13.3,12.8,13.4,13.4,13.1,13.7,13.2,13.1,13.2,13.0,12.7,13.8,13.6,12.8,13.4,12.7,12.8,12.8,12.3,13.2,13.4,13.2,13.3,13.7,13.1,13.5,13.3,13.5,13.5,13.1,12.9,13.1,13.0,13.4,12.9,13.2]}},{"type":"Feature","geometry":{"type":"LineString","coordinates":[[73.6966,10.8598],[73.7052,10.8744],[73.7174,10.8968],[73.7252,10.9115],[73.738,10.9336],[73.7467,10.9487],[73.7588,10.9701],[73.767,10.9848],[73.7793,11.0065],[73.7872,11.0211],[73.7994,11.043],[73.8075,11.0581],[73.8194,11.0803],[73.8271,11.095],[73.8388,11.1172],[73.8468,11.1317],[73.8585,11.1537],[73.8668,11.1687],[73.8785,11.1913],[73.8862,11.2061],[73.8973,11.2286],[73.9046,11.2438],[73.9155,11.2672],[73.9225,11.2822],[73.9334,11.305],[73.9412,11.3206],[73.9517,11.3431],[73.9588,11.3581],[73.9691,11.3805],[73.9761,11.3963],[73.9869,11.4192],[73.9943,11.4341],[74.0054,11.4574],[74.0127,11.4725],[74.0244,11.4955],[74.0316,11.5104],[74.0436,11.5326],[74.0515,11.5477],[74.0634,11.5694],[74.0714,11.5844],[74.0829,11.6066],[74.0908,11.6212],[74.1029,11.6435],[74.1107,11.6579],[74.1227,11.6807],[74.13,11.6952],[74.142,11.7173],[74.1498,11.7321],[74.1619,11.7543],[74.1698,11.7694],[74.1816,11.7919],[74.1898,11.8065],[74.2015,11.8285],[74.2102,11.8431],[74.2225,11.8658],[74.2307,11.8802],[74.2429,11.9019],[74.251,11.9169],[74.2634,11.9388],[74.2717,11.9537],[74.2845,11.9756],[74.2924,11.9901],[74.3049,12.0119],[74.3139,12.0267],[74.3272,12.0483],[74.336,12.0634],[74.349,12.0844],[74.3571,12.0987],[74.3696,12.1208],[74.3778,12.1354],[74.3901,12.1574],[74.3982,12.1718],[74.4108,12.194],[74.4194,12.2082],[74.4318,12.2304],[74.4401,12.2444],[74.4525,12.266],[74.4606,12.2806],[74.4734,12.3025],[74.4816,12.3168],[74.494,12.3385],[74.5024,12.3529],[74.5147,12.3747],[74.523,12.3888],[74.5355,12.4106],[74.5442,12.4251],[74.5576,12.4467],[74.5664,12.4608],[74.58,12.4819],[74.5891,12.496],[74.6027,12.5177],[74.612,12.5323],[74.6251,12.5537],[74.6339,12.5679],[74.647,12.5897],[74.6559,12.6043],[74.6687,12.6261],[74.6778,12.6405],[74.6903,12.6626],[74.6988,12.6764],[74.7113,12.6978],[74.7193,12.7119],[74.7323,12.7338],[74.7411,12.7486],[74.7548,12.7698],[74.7636,12.7846],[74.777,12.8061],[74.7863,12.8204],[74.7997,12.8414],[74.8091,12.8555],[74.8227,12.8777]]},"properties":{"mmsi":996304902,"name":"SYN-CAR-32","role":"candidate","vessel_type":70,"synthetic":true,"t_offset_s":[-78153,-77913,-77553,-77313,-76953,-76713,-76353,-76113,-75753,-75513,-75153,-74913,-74553,-74313,-73953,-73713,-73353,-73113,-72753,-72513,-72153,-71913,-71553,-71313,-70953,-70713,-70353,-70113,-69753,-69513,-69153,-68913,-68553,-68313,-67953,-67713,-67353,-67113,-66753,-66513,-66153,-65913,-65553,-65313,-64953,-64713,-64353,-64113,-63753,-63513,-63153,-62913,-62553,-62313,-61953,-61713,-61353,-61113,-60753,-60513,-60153,-59913,-59553,-59313,-58953,-58713,-58353,-58113,-57753,-57513,-57153,-56913,-56553,-56313,-55953,-55713,-55353,-55113,-54753,-54513,-54153,-53913,-53553,-53313,-52953,-52713,-52353,-52113,-51753,-51513,-51153,-50913,-50553,-50313,-49953,-49713,-49353,-49113,-48753,-48513,-48153,-47913,-47553,-47313,-46953,-46713,-46353,-46113,-45753,-45513,-45153],"sog":[15.1,15.0,15.4,15.0,15.3,15.4,14.8,15.0,14.9,14.9,14.9,15.4,15.1,14.9,14.9,14.9,15.0,15.2,15.1,15.5,15.4,14.7,15.0,15.3,14.7,16.1,14.7,14.9,14.8,14.5,15.0,14.8,15.3,15.3,15.2,14.9,15.2,14.8,14.7,15.0,14.9,15.0,15.0,14.8,14.7,14.5,15.0,14.6,15.1,15.1,15.2,15.3,14.7,15.3,15.3,14.6,14.7,15.0,15.3,15.4,15.3,14.4,14.7,15.2,15.6,15.7,14.7,15.0,14.6,14.7,15.2,14.9,15.5,14.8,14.8,14.8,14.7,14.2,15.2,14.9,15.0,14.9,14.2,14.5,14.6,14.7,15.3,14.7,15.1,15.2,15.0,14.9,15.0,15.1,15.5,15.3,15.5,14.9,15.0,14.4,14.4,14.8,15.4,15.3,15.3,15.2,14.9,14.9,15.0,15.8,15.1]}},{"type":"Feature","geometry":{"type":"LineString","coordinates":[[74.476,12.1886],[74.4721,12.181],[74.464,12.1655],[74.4517,12.1428],[74.4444,12.1273],[74.4325,12.1044],[74.4251,12.0892],[74.4133,12.067],[74.4053,12.052],[74.3929,12.0286],[74.3849,12.0136],[74.3732,11.9912],[74.3653,11.9759],[74.3533,11.9541],[74.3454,11.939],[74.3333,11.9158],[74.3256,11.9007],[74.3139,11.8778],[74.3054,11.8629],[74.2941,11.8405],[74.2858,11.8255],[74.2733,11.8033],[74.2653,11.7884],[74.2531,11.7663],[74.2448,11.7512],[74.232,11.7292],[74.2233,11.7141],[74.2101,11.6917],[74.2013,11.6773],[74.1876,11.6561],[74.179,11.6421],[74.1656,11.6201],[74.157,11.6059],[74.1437,11.5836],[74.1353,11.5686],[74.1221,11.5465],[74.1136,11.5324],[74.1001,11.5102],[74.0911,11.4959],[74.0774,11.4745],[74.068,11.4597],[74.055,11.4387],[74.0462,11.4239],[74.0323,11.4028],[74.0233,11.3891],[74.0086,11.3675],[73.9994,11.3532],[73.985,11.3323],[73.9756,11.318],[73.9609,11.2968],[73.9516,11.2831],[73.9369,11.262],[73.9269,11.2478],[73.9124,11.2267],[73.9031,11.2127],[73.889,11.1917],[73.8796,11.1777],[73.8651,11.1566],[73.855,11.1423],[73.8404,11.1216],[73.8308,11.1073],[73.8165,11.0863],[73.8069,11.0723],[73.7924,11.0512],[73.7823,11.037],[73.7671,11.0167],[73.7568,11.0028],[73.7414,10.9825],[73.7305,10.969],[73.7143,10.9489],[73.7043,10.9358],[73.6883,10.9159],[73.6776,10.9028],[73.6621,10.8827],[73.6514,10.8691],[73.6355,10.8485],[73.625,10.8344],[73.6094,10.8141],[73.5987,10.8007],[73.5833,10.7796],[73.5732,10.7652],[73.5584,10.7444],[73.5485,10.7304],[73.5337,10.7097],[73.5242,10.695],[73.5096,10.6745],[73.4993,10.6606],[73.4849,10.6396],[73.4756,10.6257],[73.4621,10.6043],[73.4522,10.5893],[73.4386,10.5682],[73.429,10.5541],[73.4146,10.5323],[73.4051,10.518],[73.3908,10.4966],[73.3815,10.4824],[73.3677,10.4609],[73.3583,10.4466],[73.344,10.4251],[73.3342,10.4109],[73.32,10.3902],[73.3107,10.3764],[73.2958,10.3554],[73.2859,10.3417],[73.2715,10.3206],[73.2619,10.3066],[73.2473,10.285],[73.2379,10.2711],[73.2231,10.2497],[73.2128,10.236],[73.1983,10.2155],[73.188,10.2016],[73.1726,10.1807],[73.1625,10.1676],[73.1469,10.1469],[73.1357,10.1332],[73.1195,10.1135],[73.1087,10.1005],[73.0921,10.081],[73.081,10.0679],[73.0644,10.0481],[73.0535,10.0352],[73.0364,10.0159],[73.025,10.0029],[73.0081,9.9838],[72.9963,9.9709],[72.9792,9.9521],[72.9678,9.9397],[72.9497,9.9207],[72.9383,9.9082],[72.9218,9.8894],[72.9105,9.8764],[72.8943,9.8568],[72.8833,9.8438],[72.8668,9.824],[72.8559,9.8114],[72.8397,9.792],[72.8289,9.779],[72.8126,9.7591],[72.8013,9.7459],[72.7845,9.7273],[72.7734,9.7139],[72.7568,9.6932],[72.7454,9.6799],[72.7293,9.6601],[72.718,9.6468],[72.7023,9.6266],[72.6923,9.6132],[72.6764,9.5932],[72.6662,9.5799],[72.6503,9.56],[72.64,9.547],[72.6242,9.5267],[72.613,9.513],[72.5971,9.4933],[72.5859,9.4804],[72.5697,9.4604],[72.5585,9.4471],[72.5424,9.4275],[72.5316,9.4144],[72.5148,9.3944],[72.5041,9.3813],[72.4877,9.3619],[72.4765,9.3494],[72.4597,9.3306],[72.4486,9.318],[72.4317,9.2996],[72.4202,9.2865],[72.4032,9.2676],[72.3921,9.2551],[72.375,9.2355],[72.3638,9.2226],[72.3469,9.204],[72.3356,9.1913],[72.3186,9.1712],[72.3076,9.158],[72.2905,9.1381],[72.2793,9.1252],[72.2629,9.1057],[72.2521,9.0927],[72.2354,9.0727],[72.2243,9.0598],[72.2079,9.0397],[72.1968,9.027],[72.1807,9.0073],[72.17,8.9939],[72.1538,8.9739],[72.1433,8.96],[72.1271,8.9394],[72.117,8.9262],[72.1017,8.9056],[72.0908,8.8919],[72.0746,8.8725],[72.0638,8.859],[72.0483,8.8388],[72.0377,8.8255],[72.0222,8.8054],[72.0113,8.7921],[71.9956,8.7718],[71.9849,8.7582],[71.9689,8.7382],[71.9583,8.7252],[71.9425,8.7051],[71.9318,8.6918],[71.9157,8.6714],[71.905,8.6579],[71.8893,8.6378],[71.8788,8.6243],[71.8632,8.604],[71.8522,8.5904],[71.837,8.5705],[71.8264,8.5567],[71.8107,8.5369],[71.8001,8.5237],[71.7839,8.5034],[71.7726,8.4907],[71.7562,8.4711],[71.7449,8.4576],[71.7289,8.4383],[71.7179,8.4252],[71.7013,8.4059],[71.6904,8.3927],[71.6738,8.3733],[71.6624,8.3601],[71.6468,8.3406],[71.6357,8.3274],[71.62,8.3075],[71.6098,8.2946],[71.5933,8.274],[71.5822,8.261],[71.5662,8.2408],[71.5553,8.2282],[71.5388,8.2083],[71.528,8.1949],[71.5109,8.1746],[71.5001,8.1615],[71.4838,8.1419],[71.4728,8.1286],[71.4561,8.1087],[71.4445,8.0952],[71.429,8.0759],[71.418,8.063],[71.4013,8.0435],[71.3899,8.03],[71.3727,8.0106],[71.361,7.9974],[71.344,7.9786],[71.3324,7.9659],[71.3151,7.9466],[71.3034,7.9341],[71.2865,7.9157],[71.2746,7.9032],[71.2573,7.8847],[71.2454,7.8723],[71.2277,7.8537],[71.2157,7.8413],[71.1976,7.8236],[71.1859,7.8116],[71.1683,7.7936],[71.156,7.7814],[71.1378,7.7633],[71.1257,7.7519],[71.1074,7.7337],[71.0953,7.7217],[71.0772,7.704],[71.0648,7.6923],[71.0465,7.6747],[71.0342,7.6629],[71.016,7.6447],[71.0035,7.633],[70.9844,7.6149],[70.9724,7.6036],[70.9536,7.5861],[70.9405,7.5745],[70.9215,7.5562],[70.9092,7.545],[70.8903,7.5274],[70.8778,7.5158],[70.8604,7.4979],[70.8475,7.4861],[70.8293,7.4691],[70.8171,7.4575],[70.7975,7.4403],[70.7854,7.4287],[70.7667,7.4107],[70.7549,7.3992],[70.7358,7.3814],[70.723,7.3691],[70.7043,7.3511],[70.6918,7.3393],[70.6736,7.3221],[70.6614,7.3105],[70.642,7.2933],[70.6296,7.282],[70.6106,7.2647],[70.5983,7.2526],[70.5797,7.2347],[70.5676,7.2228],[70.549,7.2053],[70.5368,7.1934],[70.5178,7.1756]]},"properties":{"mmsi":996353024,"name":"SYN-CAR-24","role":"candidate","vessel_type":70,"synthetic":true,"t_offset_s":[-8089,-7969,-7729,-7369,-7129,-6769,-6529,-6169,-5929,-5569,-5329,-4969,-4729,-4369,-4129,-3769,-3529,-3169,-2929,-2569,-2329,-1969,-1729,-1369,-1129,-769,-529,-169,71,431,671,1031,1271,1631,1871,2231,2471,2831,3071,3431,3671,4031,4271,4631,4871,5231,5471,5831,6071,6431,6671,7031,7271,7631,7871,8231,8471,8831,9071,9431,9671,10031,10271,10631,10871,11231,11471,11831,12071,12431,12671,13031,13271,13631,13871,14231,14471,14831,15071,15431,15671,16031,16271,16631,16871,17231,17471,17831,18071,18431,18671,19031,19271,19631,19871,20231,20471,20831,21071,21431,21671,22031,22271,22631,22871,23231,23471,23831,24071,24431,24671,25031,25271,25631,25871,26231,26471,26831,27071,27431,27671,28031,28271,28631,28871,29231,29471,29831,30071,30431,30671,31031,31271,31631,31871,32231,32471,32831,33071,33431,33671,34031,34271,34631,34871,35231,35471,35831,36071,36431,36671,37031,37271,37631,37871,38231,38471,38831,39071,39431,39671,40031,40271,40631,40871,41231,41471,41831,42071,42431,42671,43031,43271,43631,43871,44231,44471,44831,45071,45431,45671,46031,46271,46631,46871,47231,47471,47831,48071,48431,48671,49031,49271,49631,49871,50231,50471,50831,51071,51431,51671,52031,52271,52631,52871,53231,53471,53831,54071,54431,54671,55031,55271,55631,55871,56231,56471,56831,57071,57431,57671,58031,58271,58631,58871,59231,59471,59831,60071,60431,60671,61031,61271,61631,61871,62231,62471,62831,63071,63431,63671,64031,64271,64631,64871,65231,65471,65831,66071,66431,66671,67031,67271,67631,67871,68231,68471,68831,69071,69431,69671,70031,70271,70631,70871,71231,71471,71831,72071,72431,72671,73031,73271,73631,73871,74231,74471,74831,75071,75431,75671,76031,76271,76631,76871,77231,77471,77831,78071,78431,78671,79031,79271,79631,79871,80231,80471,80831,81071,81431,81671,82031],"sog":[15.1,15.3,15.1,15.5,15.6,15.6,14.8,15.1,15.3,15.4,14.9,15.1,15.2,15.0,14.8,15.6,15.2,15.0,15.3,14.9,14.9,14.8,15.1,15.0,15.4,15.2,15.1,15.1,15.1,15.1,14.9,15.5,15.1,15.7,15.0,15.4,14.8,15.5,15.5,14.8,15.6,14.8,14.7,14.9,15.0,15.1,15.6,15.4,14.9,14.7,14.9,15.3,15.8,15.1,15.2,15.4,14.7,15.3,15.2,15.6,15.0,15.1,15.1,15.4,15.4,15.3,14.9,15.1,15.2,15.3,15.1,15.1,15.4,15.6,15.3,15.3,15.5,15.4,15.0,15.8,15.9,15.2,15.0,15.2,15.4,15.1,15.1,15.4,15.1,15.3,15.7,15.2,15.1,15.6,15.6,15.2,15.6,15.1,15.2,15.0,15.7,15.2,14.5,15.4,15.6,15.1,15.5,15.1,14.7,14.9,15.6,14.9,15.1,15.4,14.9,15.4,15.5,15.3,14.7,15.0,15.0,15.3,15.2,15.1,15.5,15.4,15.8,14.8,15.4,15.2,15.2,15.0,15.4,15.4,15.2,15.0,15.3,14.7,15.3,15.4,15.0,14.8,15.6,15.9,15.9,15.3,15.2,15.1,15.1,15.7,15.3,14.9,15.0,15.2,15.7,15.6,15.4,15.4,15.4,15.3,14.8,15.5,14.9,14.5,15.1,15.5,15.2,14.7,15.0,15.1,15.0,15.2,15.3,15.5,15.3,15.1,15.7,16.0,15.1,15.6,15.1,15.2,15.5,14.9,15.3,14.9,15.2,15.0,15.4,15.3,15.3,15.4,15.5,14.9,14.9,15.1,15.1,15.7,15.1,15.4,15.5,15.8,14.8,15.2,15.2,15.3,15.2,15.2,15.5,14.9,15.5,14.9,15.0,14.8,15.0,15.7,15.5,15.1,15.2,14.7,15.2,14.9,15.2,15.0,15.2,14.5,15.8,15.0,14.9,15.5,15.0,15.2,15.0,15.0,15.3,15.6,15.1,15.0,15.7,15.1,15.7,14.4,14.8,15.3,15.7,15.4,16.3,14.9,14.8,15.9,15.8,14.9,15.2,15.0,15.2,15.5,15.6,14.8,15.1,14.7,15.4,14.9,15.4,15.0,15.5,14.6,14.9,15.0,15.4,15.6,15.6,15.7,15.0,14.8,15.3,15.9,14.7,15.1,15.0,15.3,15.6,14.9,14.8,15.6,15.2,15.1,15.3,15.6,15.5,15.5,15.4,14.8,15.0,15.3,15.3,14.8,15.4,15.6,15.2,14.8,15.1,15.1]}},{"type":"Feature","geometry":{"type":"LineString","coordinates":[[74.4012,11.8381],[74.3906,11.8189],[74.3835,11.8067],[74.3733,11.7885],[74.3659,11.7758],[74.3557,11.7581],[74.3484,11.7462],[74.3378,11.7273],[74.3306,11.7156],[74.3201,11.6973],[74.3132,11.6849],[74.303,11.6669],[74.296,11.6546],[74.2859,11.6362],[74.2794,11.6234],[74.2689,11.6056],[74.2617,11.5932],[74.2513,11.575],[74.2441,11.5632],[74.2327,11.5447],[74.2259,11.5326],[74.2149,11.5136],[74.2082,11.5017],[74.1971,11.4831],[74.1902,11.4712],[74.1797,11.4529],[74.1724,11.4405],[74.1617,11.4224],[74.1543,11.4097],[74.1436,11.3915],[74.1365,11.3791],[74.126,11.3614],[74.1191,11.3493],[74.1085,11.3307],[74.1011,11.3178],[74.0908,11.2998],[74.0838,11.2882],[74.0731,11.2703],[74.066,11.2579],[74.0558,11.2394],[74.0489,11.227],[74.0387,11.2086],[74.0318,11.1959],[74.0222,11.1775],[74.0156,11.1647],[74.0061,11.146],[74.0001,11.1334],[73.99,11.1147],[73.9835,11.1017],[73.9736,11.0828],[73.9674,11.0705],[73.9582,11.0516],[73.9522,11.0387],[73.9432,11.0198],[73.937,11.0072],[73.928,10.9881],[73.9227,10.9753],[73.9135,10.9559],[73.9077,10.9435],[73.8986,10.9238],[73.8929,10.9112],[73.884,10.8914],[73.8775,10.8791],[73.8687,10.8591],[73.8632,10.8461],[73.8548,10.8269],[73.8489,10.814],[73.8405,10.7948],[73.8351,10.7823],[73.8268,10.7628],[73.821,10.75],[73.8131,10.7303],[73.8078,10.717],[73.8001,10.697],[73.7947,10.684],[73.7866,10.6643],[73.7811,10.6514],[73.7729,10.6315],[73.7674,10.6183],[73.7596,10.5985],[73.7545,10.5856],[73.7461,10.5661],[73.7407,10.5524],[73.7328,10.5334],[73.7279,10.5205],[73.7198,10.5007],[73.7148,10.4876],[73.7068,10.4682]]},"properties":{"mmsi":996738417,"name":"SYN-CAR-27","role":"background","vessel_type":70,"synthetic":true,"t_offset_s":[60096,60456,60696,61056,61296,61656,61896,62256,62496,62856,63096,63456,63696,64056,64296,64656,64896,65256,65496,65856,66096,66456,66696,67056,67296,67656,67896,68256,68496,68856,69096,69456,69696,70056,70296,70656,70896,71256,71496,71856,72096,72456,72696,73056,73296,73656,73896,74256,74496,74856,75096,75456,75696,76056,76296,76656,76896,77256,77496,77856,78096,78456,78696,79056,79296,79656,79896,80256,80496,80856,81096,81456,81696,82056,82296,82656,82896,83256,83496,83856,84096,84456,84696,85056,85296,85656,85896,86256],"sog":[12.5,12.7,12.6,12.7,12.7,12.3,12.9,12.4,12.5,12.1,13.0,12.7,12.3,12.5,12.2,12.5,12.5,12.9,12.8,12.7,12.6,12.9,13.0,12.3,12.5,12.6,12.8,12.5,12.9,12.4,12.4,12.2,12.8,12.6,13.0,12.3,12.4,12.4,12.6,12.8,12.7,12.4,12.5,12.0,12.9,12.4,12.2,12.6,12.8,12.6,12.4,12.5,12.5,12.6,12.6,12.2,12.1,12.3,12.5,12.7,12.6,12.7,12.7,13.2,12.5,12.3,12.7,12.6,12.3,12.7,13.0,13.1,12.5,12.9,12.3,12.4,12.4,13.5,13.2,12.1,12.5,12.3,12.8,12.3,12.9,12.7,12.7,12.7]}},{"type":"Feature","geometry":{"type":"LineString","coordinates":[[74.1197,11.4215],[74.1144,11.4115],[74.1065,11.3968],[74.1011,11.3864],[74.0937,11.3715],[74.0887,11.3617],[74.0809,11.346],[74.0767,11.3359],[74.0685,11.3201],[74.0637,11.3096],[74.0564,11.2942],[74.0515,11.2842],[74.0441,11.2687],[74.0397,11.258],[74.0325,11.2429],[74.0275,11.2329],[74.0201,11.2174],[74.0151,11.2069],[74.0074,11.1922],[74.0023,11.1821],[73.9949,11.1676],[73.9896,11.1572],[73.9817,11.1423],[73.976,11.1324],[73.9682,11.1171],[73.9634,11.1073],[73.9556,11.0924],[73.9507,11.0825],[73.943,11.0681],[73.9377,11.0583],[73.9297,11.0433],[73.9236,11.0333],[73.9161,11.0182],[73.9107,11.0085],[73.9019,10.9933],[73.8963,10.9829],[73.8881,10.9683],[73.8828,10.9587],[73.8741,10.944],[73.8687,10.9344],[73.8598,10.92],[73.8541,10.9099],[73.8448,10.8957],[73.8387,10.8863],[73.8295,10.8714],[73.8238,10.8629],[73.8144,10.848],[73.8083,10.8387],[73.799,10.8242],[73.7933,10.8143],[73.784,10.8001],[73.7778,10.7905],[73.7686,10.7756],[73.7627,10.7663],[73.754,10.7517],[73.7483,10.7419],[73.7392,10.7279],[73.7337,10.7186],[73.7244,10.704],[73.7182,10.6942],[73.7094,10.6799],[73.7033,10.67],[73.6945,10.6563],[73.6884,10.6467],[73.6796,10.6323],[73.673,10.6222],[73.6642,10.6077],[73.6586,10.5979],[73.6498,10.5835],[73.644,10.5743],[73.6347,10.5595],[73.6287,10.5495],[73.62,10.5347],[73.6139,10.5256],[73.6056,10.5114],[73.5996,10.5017],[73.5905,10.4872],[73.5848,10.4779],[73.5759,10.4634],[73.5696,10.4536],[73.5611,10.4393],[73.5555,10.4302],[73.5471,10.4154],[73.5418,10.4058],[73.5335,10.3909],[73.5281,10.3808],[73.52,10.3659],[73.5143,10.3555],[73.5065,10.34],[73.501,10.3299],[73.4934,10.3158],[73.4881,10.306],[73.4804,10.2903],[73.4755,10.2797],[73.4682,10.2647],[73.4633,10.2549],[73.4552,10.2398],[73.4501,10.2296],[73.4427,10.2145],[73.4378,10.2052],[73.4307,10.1901],[73.426,10.1795],[73.4189,10.1648],[73.4139,10.155],[73.4067,10.1398],[73.4016,10.1303],[73.3946,10.1148],[73.3899,10.105],[73.3829,10.0901],[73.378,10.0796],[73.3713,10.0648],[73.3666,10.0545],[73.3599,10.0394],[73.3549,10.029],[73.3478,10.0135],[73.3435,10.0034],[73.3369,9.9875],[73.332,9.977],[73.326,9.9614],[73.3217,9.9509],[73.315,9.9354],[73.3107,9.9252],[73.304,9.9096],[73.2996,9.8995],[73.2927,9.8836],[73.288,9.8733],[73.2817,9.8578],[73.2776,9.8476],[73.2713,9.8306],[73.2674,9.8202],[73.2606,9.8042],[73.2567,9.7943],[73.2499,9.7784],[73.2457,9.768],[73.2394,9.7523],[73.2348,9.7416],[73.2284,9.726],[73.2238,9.7156],[73.2171,9.7001],[73.2123,9.69],[73.2057,9.6745],[73.2012,9.6642],[73.1945,9.6492],[73.1902,9.6387],[73.1832,9.6234],[73.1788,9.6132],[73.1717,9.5979],[73.1668,9.5874],[73.1598,9.572],[73.1557,9.5619],[73.1484,9.5464],[73.1441,9.5364],[73.1368,9.521],[73.1326,9.5112],[73.1256,9.4958],[73.1207,9.4859],[73.1138,9.4699],[73.1092,9.4597],[73.1027,9.4442],[73.0981,9.4337],[73.0923,9.4183],[73.0879,9.4085],[73.0818,9.3931],[73.0775,9.3829],[73.0718,9.3673],[73.0669,9.3567],[73.0612,9.3415],[73.0568,9.331],[73.051,9.3147],[73.0474,9.3044],[73.0414,9.2885],[73.0375,9.2773],[73.0322,9.2621],[73.0288,9.2513],[73.0239,9.2348],[73.0199,9.2239],[73.0147,9.2082],[73.0113,9.1973],[73.0063,9.1812],[73.0026,9.17],[72.9984,9.1544],[72.9956,9.1431],[72.9919,9.127],[72.9896,9.1158],[72.9856,9.0988],[72.9831,9.0882],[72.9794,9.0716],[72.9772,9.0614],[72.9734,9.0445],[72.9711,9.0333],[72.9678,9.0167],[72.9656,9.006],[72.9618,8.9889],[72.9591,8.978],[72.9552,8.9615],[72.9525,8.9503],[72.9486,8.9342],[72.9453,8.9228],[72.9414,8.9065],[72.9389,8.8953],[72.9352,8.8793],[72.9327,8.8685],[72.9285,8.852],[72.9257,8.841],[72.9217,8.8245],[72.9189,8.8138],[72.9154,8.7975],[72.913,8.7865],[72.9092,8.7699],[72.907,8.7586],[72.9034,8.7416],[72.9008,8.7305],[72.8971,8.714],[72.8943,8.7031],[72.891,8.6872],[72.8885,8.6763],[72.8843,8.6601],[72.8817,8.6492],[72.8785,8.6326],[72.8766,8.6217],[72.8732,8.6052],[72.8709,8.594],[72.8677,8.5771],[72.8654,8.5657],[72.8623,8.5483],[72.8602,8.5372],[72.8568,8.5209],[72.855,8.51],[72.8513,8.493],[72.8487,8.482],[72.8452,8.4655],[72.843,8.4537],[72.8397,8.4378],[72.8377,8.4266],[72.8344,8.4104],[72.8325,8.3991],[72.8294,8.3828],[72.8278,8.3715],[72.8248,8.3546],[72.8232,8.3437],[72.8207,8.3266],[72.8188,8.3152],[72.8164,8.2987],[72.8144,8.2876],[72.8118,8.2707],[72.8099,8.2594],[72.8076,8.2425],[72.8062,8.2317],[72.8035,8.2148],[72.802,8.2039],[72.7996,8.1868],[72.798,8.1754],[72.7952,8.1582],[72.7937,8.1474],[72.7912,8.13],[72.7897,8.1188],[72.7869,8.1023],[72.7854,8.0906],[72.7833,8.0734],[72.7824,8.0623],[72.7804,8.0459],[72.7791,8.0343],[72.777,8.0181],[72.7758,8.0069],[72.7737,7.9906],[72.7726,7.9792],[72.7701,7.9627],[72.7692,7.9515],[72.7674,7.9346],[72.7661,7.923],[72.7646,7.9062],[72.7634,7.8952],[72.7617,7.8792],[72.7607,7.8677],[72.7589,7.851],[72.7583,7.8391],[72.7577,7.8224],[72.7565,7.8115],[72.7553,7.795],[72.7541,7.7836],[72.7524,7.7665],[72.7518,7.7549],[72.7502,7.738],[72.7491,7.7267],[72.7474,7.7096],[72.7461,7.6985],[72.7438,7.6827],[72.7422,7.671],[72.7398,7.6544],[72.7386,7.6434],[72.7368,7.6266],[72.7353,7.6159],[72.7331,7.599],[72.7316,7.5879],[72.7298,7.571],[72.7287,7.5596],[72.7267,7.5431],[72.7254,7.5318],[72.7242,7.5145],[72.7228,7.5034],[72.7214,7.4863],[72.7203,7.4745],[72.719,7.4583],[72.7184,7.4467],[72.7169,7.4299],[72.7159,7.4186],[72.7142,7.4014],[72.7133,7.3902],[72.7113,7.3723],[72.7106,7.3607],[72.7084,7.3441],[72.7072,7.333],[72.7053,7.3158],[72.7041,7.3049],[72.7018,7.2885],[72.7009,7.2775],[72.699,7.261],[72.6975,7.2496],[72.6958,7.2327],[72.6945,7.2215],[72.6926,7.205],[72.6913,7.1935],[72.6898,7.177],[72.6885,7.1654],[72.6874,7.1485],[72.686,7.137],[72.6846,7.1206],[72.6834,7.1094],[72.6813,7.0927],[72.6799,7.0811],[72.6773,7.0636],[72.6757,7.0525],[72.6733,7.0358],[72.6717,7.0252],[72.6693,7.0076],[72.6679,6.9964],[72.6657,6.9793],[72.6643,6.968],[72.6616,6.951],[72.6599,6.9399],[72.6573,6.9236],[72.656,6.9122],[72.6534,6.8956],[72.6521,6.8846],[72.6496,6.8673],[72.6481,6.8559],[72.6455,6.8399],[72.6435,6.8285],[72.6411,6.8119],[72.6393,6.801],[72.6363,6.7843],[72.6343,6.773],[72.6316,6.7564],[72.6297,6.7452],[72.6268,6.7286],[72.6245,6.7175],[72.622,6.7011],[72.6209,6.69],[72.6185,6.6734],[72.6173,6.6619],[72.6152,6.645],[72.6144,6.6333],[72.6127,6.6165],[72.6117,6.6051],[72.61,6.5883],[72.6089,6.5772],[72.6077,6.5601],[72.607,6.5487],[72.6054,6.5318],[72.6045,6.5204],[72.6027,6.5041],[72.6018,6.4928],[72.5998,6.4757],[72.5984,6.4644],[72.5969,6.4481],[72.5958,6.4368],[72.5941,6.4206],[72.5931,6.4092],[72.5909,6.392],[72.5892,6.381],[72.5871,6.3645],[72.5852,6.3539],[72.5833,6.337],[72.5818,6.3258],[72.5792,6.3092],[72.5777,6.2983],[72.5751,6.2812],[72.5734,6.2695],[72.5708,6.2531],[72.5692,6.2422],[72.5664,6.2252],[72.5648,6.2138],[72.5624,6.1975],[72.5606,6.1864],[72.5581,6.1694],[72.5561,6.1581],[72.5536,6.1419],[72.552,6.131],[72.5492,6.1141],[72.5476,6.1026],[72.5448,6.086],[72.543,6.0746],[72.5403,6.0576],[72.5383,6.0465],[72.5356,6.0298],[72.5337,6.0194],[72.5311,6.0023],[72.5291,5.9915],[72.5256,5.9746],[72.5234,5.9636],[72.5199,5.947],[72.5174,5.9361],[72.5142,5.9192],[72.5122,5.908],[72.5088,5.8916],[72.5058,5.8803],[72.5025,5.8643],[72.5003,5.853],[72.4971,5.8364],[72.4946,5.8256],[72.4918,5.8091],[72.4893,5.7985],[72.4865,5.7822],[72.4838,5.7709],[72.4801,5.7539],[72.4776,5.7431],[72.4739,5.7273],[72.4714,5.7161],[72.4683,5.6993],[72.4658,5.6886],[72.4627,5.672],[72.4603,5.6613],[72.4567,5.6447],[72.4547,5.6337],[72.451,5.6165],[72.4492,5.6054],[72.4467,5.5892],[72.4444,5.5779],[72.4408,5.5614],[72.4382,5.5506],[72.4351,5.534],[72.4324,5.5233],[72.4292,5.5066],[72.4269,5.4958],[72.4241,5.4789],[72.422,5.4675],[72.4193,5.451],[72.4176,5.44],[72.4144,5.4233],[72.4126,5.4121],[72.4102,5.3956],[72.4079,5.3845],[72.4055,5.3678],[72.4037,5.3568],[72.4013,5.3403],[72.3996,5.3293]]},"properties":{"mmsi":996755293,"name":"SYN-TAN-03","role":"candidate","vessel_type":80,"synthetic":true,"t_offset_s":[-222463,-222223,-221863,-221623,-221263,-221023,-220663,-220423,-220063,-219823,-219463,-219223,-218863,-218623,-218263,-218023,-217663,-217423,-217063,-216823,-216463,-216223,-215863,-215623,-215263,-215023,-214663,-214423,-214063,-213823,-213463,-213223,-212863,-212623,-212263,-212023,-211663,-211423,-211063,-210823,-210463,-210223,-209863,-209623,-209263,-209023,-208663,-208423,-208063,-207823,-207463,-207223,-206863,-206623,-206263,-206023,-205663,-205423,-205063,-204823,-204463,-204223,-203863,-203623,-203263,-203023,-202663,-202423,-202063,-201823,-201463,-201223,-200863,-200623,-200263,-200023,-199663,-199423,-199063,-198823,-198463,-198223,-197863,-197623,-197263,-197023,-196663,-196423,-196063,-195823,-195463,-195223,-194863,-194623,-194263,-194023,-193663,-193423,-193063,-192823,-192463,-192223,-191863,-191623,-191263,-191023,-190663,-190423,-190063,-189823,-189463,-189223,-188863,-188623,-188263,-188023,-187663,-187423,-187063,-186823,-186463,-186223,-185863,-185623,-185263,-185023,-184663,-184423,-184063,-183823,-183463,-183223,-182863,-182623,-182263,-182023,-181663,-181423,-181063,-180823,-180463,-180223,-179863,-179623,-179263,-179023,-178663,-178423,-178063,-177823,-177463,-177223,-176863,-176623,-176263,-176023,-175663,-175423,-175063,-174823,-174463,-174223,-173863,-173623,-173263,-173023,-172663,-172423,-172063,-171823,-171463,-171223,-170863,-170623,-170263,-170023,-169663,-169423,-169063,-168823,-168463,-168223,-167863,-167623,-167263,-167023,-166663,-166423,-166063,-165823,-165463,-165223,-164863,-164623,-164263,-164023,-163663,-163423,-163063,-162823,-162463,-162223,-161863,-161623,-161263,-161023,-160663,-160423,-160063,-159823,-159463,-159223,-158863,-158623,-158263,-158023,-157663,-157423,-157063,-156823,-156463,-156223,-155863,-155623,-155263,-155023,-154663,-154423,-154063,-153823,-153463,-153223,-152863,-152623,-152263,-152023,-151663,-151423,-151063,-150823,-150463,-150223,-149863,-149623,-149263,-149023,-148663,-148423,-148063,-147823,-147463,-147223,-146863,-146623,-146263,-146023,-145663,-145423,-145063,-144823,-144463,-144223,-143863,-143623,-143263,-143023,-142663,-142423,-142063,-141823,-141463,-141223,-140863,-140623,-140263,-140023,-139663,-139423,-139063,-138823,-138463,-138223,-137863,-137623,-137263,-137023,-136663,-136423,-136063,-135823,-135463,-135223,-134863,-134623,-134263,-134023,-133663,-133423,-133063,-132823,-132463,-132223,-131863,-131623,-131263,-131023,-130663,-130423,-130063,-129823,-129463,-129223,-128863,-128623,-128263,-128023,-127663,-127423,-127063,-126823,-126463,-126223,-125863,-125623,-125263,-125023,-124663,-124423,-124063,-123823,-123463,-123223,-122863,-122623,-122263,-122023,-121663,-121423,-121063,-120823,-120463,-120223,-119863,-119623,-119263,-119023,-118663,-118423,-118063,-117823,-117463,-117223,-116863,-116623,-116263,-116023,-115663,-115423,-115063,-114823,-114463,-114223,-113863,-113623,-113263,-113023,-112663,-112423,-112063,-111823,-111463,-111223,-110863,-110623,-110263,-110023,-109663,-109423,-109063,-108823,-108463,-108223,-107863,-107623,-107263,-107023,-106663,-106423,-106063,-105823,-105463,-105223,-104863,-104623,-104263,-104023,-103663,-103423,-103063,-102823,-102463,-102223,-101863,-101623,-101263,-101023,-100663,-100423,-100063,-99823,-99463,-99223,-98863,-98623,-98263,-98023,-97663,-97423,-97063,-96823,-96463,-96223,-95863,-95623,-95263,-95023,-94663,-94423,-94063,-93823,-93463,-93223,-92863,-92623,-92263,-92023,-91663,-91423,-91063,-90823,-90463,-90223,-89863,-89623,-89263,-89023,-88663,-88423,-88063,-87823,-87463,-87223,-86863,-86623,-86263,-86023],"sog":[10.2,9.7,10.1,9.9,9.9,10.1,10.4,9.7,10.1,10.1,10.3,10.0,10.5,10.1,10.2,10.2,10.0,10.0,9.8,10.5,9.9,10.1,10.6,10.1,10.1,9.8,10.7,9.3,9.8,10.1,9.8,10.5,10.3,10.4,10.2,10.4,9.9,9.5,10.1,10.3,10.0,10.2,10.5,10.1,10.4,9.6,10.1,10.3,9.9,10.1,10.1,10.4,10.4,10.1,10.4,9.7,10.1,9.4,10.6,10.5,10.5,9.6,10.0,9.8,9.8,10.8,10.1,10.1,10.0,9.7,10.4,9.8,10.5,10.0,9.7,10.1,9.9,10.2,9.8,10.5,9.7,9.8,10.2,10.0,10.5,10.4,10.2,10.2,10.2,10.2,9.5,10.0,10.5,10.2,9.9,10.3,10.5,9.8,9.8,10.0,9.7,9.9,9.5,9.8,9.8,9.9,10.1,9.9,10.0,10.6,9.8,10.6,9.9,10.3,10.2,9.9,9.8,10.5,10.1,10.1,10.0,10.1,10.0,9.7,10.0,10.7,10.0,10.0,10.3,9.7,10.3,9.8,10.4,10.0,9.9,10.3,10.0,9.8,10.0,9.9,10.1,9.6,9.9,10.3,10.3,9.8,10.0,10.2,10.5,9.8,9.9,10.0,10.0,9.5,10.4,10.1,10.7,10.0,10.1,10.1,9.9,9.8,10.1,9.5,10.4,9.8,9.8,10.0,10.3,10.1,10.2,9.9,9.9,10.0,10.4,9.7,10.4,10.1,10.1,10.5,9.5,9.9,9.7,10.0,10.6,10.0,9.9,9.9,10.0,9.9,10.8,10.1,10.1,9.9,10.4,10.1,9.7,10.4,11.0,10.1,9.9,10.3,10.4,10.4,10.3,10.6,9.9,10.3,10.2,10.3,10.4,10.0,10.3,10.1,10.4,9.5,10.1,10.3,10.3,10.2,9.7,10.4,10.4,10.9,10.2,10.6,10.1,10.0,10.5,9.7,10.6,10.5,10.4,9.8,9.7,10.1,10.2,9.7,10.2,10.0,10.3,10.2,9.7,10.1,10.3,10.2,10.4,10.0,10.0,9.7,10.4,10.0,10.6,10.1,10.2,10.3,10.0,10.5,10.4,10.1,10.0,10.2,10.0,9.5,9.7,9.8,10.0,10.2,9.9,10.6,10.5,9.7,9.9,10.6,9.7,10.2,10.2,9.8,10.2,10.0,10.5,10.9,9.9,10.2,9.7,10.3,9.8,10.6,10.6,10.0,9.9,9.7,10.0,10.0,10.5,10.2,10.3,9.9,10.7,10.4,10.1,10.3,10.0,9.7,10.2,10.4,10.8,10.0,10.3,10.6,9.9,10.0,10.1,10.0,10.2,9.8,9.7,10.3,10.2,10.1,10.0,10.4,10.0,10.2,10.6,10.5,9.7,10.0,10.2,10.4,10.2,10.0,10.4,9.8,10.4,10.4,10.0,10.1,10.4,9.9,10.2,10.5,9.9,10.3,10.4,10.0,10.0,9.9,9.9,9.7,9.8,10.0,10.2,10.5,9.5,9.7,9.9,10.0,9.7,9.7,10.0,10.4,10.3,10.2,10.1,9.7,10.5,10.0,10.5,10.3,9.8,10.4,10.5,10.1,10.0,9.9,9.6,9.9,10.3,10.3,9.6,9.5,9.9,10.0,10.2,9.6,10.2,10.3,9.8,10.1,10.7,10.3,9.8,9.8,10.3,9.9,10.3,9.3,10.0,10.5,9.9,10.4,10.2,10.0,10.0,9.6,10.0,10.0,10.2,9.8,10.4,10.3,10.4,10.4,10.2,10.3,10.2,10.0,9.4,9.7,9.7,10.0,10.1,10.9,9.9,10.0,9.7,9.9,9.9,9.8,9.9,10.3,10.1,10.1,10.5,9.8,10.3,9.9,10.2,10.2,9.9,10.5,10.2,9.5,9.7,10.2,10.6,10.0,10.2,9.9,10.1,10.0,10.1,10.0,10.1,10.1]}},{"type":"Feature","geometry":{"type":"LineString","coordinates":[[73.2016,10.4818],[73.2122,10.4642],[73.2196,10.4524],[73.2307,10.4342],[73.2377,10.4224],[73.2483,10.4043],[73.2551,10.3922],[73.2657,10.3741],[73.2726,10.3623],[73.2824,10.3443],[73.2893,10.3319],[73.2993,10.3132],[73.3058,10.3008],[73.3155,10.2827],[73.3224,10.2705],[73.3313,10.252],[73.3376,10.2396],[73.3472,10.2212],[73.3535,10.2085],[73.3627,10.1904],[73.369,10.1778],[73.378,10.1588],[73.3842,10.1463],[73.3931,10.1275],[73.3989,10.115],[73.4077,10.0957],[73.4135,10.0831],[73.4228,10.0647],[73.4289,10.052],[73.4377,10.0334],[73.444,10.0208],[73.4534,10.0025],[73.4595,9.9902],[73.4689,9.972],[73.4756,9.9602],[73.4854,9.9412],[73.492,9.9294],[73.5012,9.9111],[73.5079,9.8984],[73.5176,9.8798],[73.5237,9.8674],[73.5334,9.849],[73.5396,9.8368],[73.5493,9.8186],[73.5555,9.8061],[73.5654,9.7875],[73.5717,9.7753],[73.5809,9.7573],[73.5871,9.7449],[73.5965,9.7262],[73.6023,9.7141],[73.6113,9.6951],[73.6165,9.6829],[73.6255,9.6637],[73.6314,9.6514],[73.6399,9.6322],[73.646,9.6198],[73.6548,9.601],[73.6601,9.588],[73.6691,9.5686],[73.6747,9.5557],[73.6831,9.5366],[73.6884,9.5234],[73.6965,9.5043],[73.7018,9.4918],[73.7097,9.4719],[73.7146,9.4589],[73.7222,9.4394],[73.7272,9.4266],[73.7343,9.4072],[73.7397,9.3944],[73.7473,9.3754],[73.7527,9.3622],[73.7604,9.3421],[73.7656,9.3289],[73.7727,9.3096],[73.7777,9.2966],[73.7848,9.2777],[73.7898,9.2645],[73.7975,9.2458],[73.8025,9.2328],[73.8103,9.2136],[73.8152,9.2006],[73.8232,9.1811],[73.8286,9.1683],[73.8368,9.1497],[73.8429,9.1369],[73.8514,9.1178],[73.857,9.106],[73.8658,9.0873],[73.8723,9.0751],[73.8818,9.0562],[73.8881,9.0431],[73.8982,9.0242],[73.9043,9.0119],[73.9143,8.9937],[73.9208,8.9812],[73.931,8.9632],[73.9383,8.951],[73.9487,8.9334],[73.9562,8.921],[73.967,8.9036],[73.9739,8.8922],[73.9853,8.8737],[73.9921,8.8618],[74.0034,8.8436],[74.0104,8.8319],[74.0211,8.814],[74.0281,8.801],[74.0385,8.7835],[74.046,8.7712],[74.0566,8.7535],[74.064,8.7415],[74.0749,8.7235],[74.0821,8.7121],[74.0932,8.6948],[74.101,8.6832],[74.1123,8.6661],[74.1199,8.6547],[74.1317,8.6374],[74.1396,8.6265],[74.1514,8.6091],[74.1593,8.5978],[74.1711,8.5808],[74.1788,8.5696],[74.1906,8.5529],[74.1982,8.5419],[74.2102,8.5252],[74.2183,8.5137],[74.2303,8.4966],[74.2383,8.4855],[74.2503,8.4686],[74.2583,8.4575],[74.2708,8.4403],[74.279,8.4289],[74.2912,8.4122],[74.2995,8.4005],[74.3125,8.3837],[74.3205,8.3725],[74.3327,8.3554],[74.3405,8.3439],[74.3527,8.327],[74.3608,8.3157],[74.3725,8.2979],[74.3801,8.2871],[74.3916,8.2699],[74.3994,8.2584],[74.412,8.2413],[74.4197,8.23],[74.4318,8.2134],[74.4396,8.2014],[74.4516,8.184],[74.4595,8.1726],[74.4717,8.1555],[74.4795,8.1443],[74.4911,8.1278],[74.4993,8.1163],[74.5115,8.099],[74.5194,8.0877],[74.5312,8.071],[74.5395,8.0599],[74.5522,8.0433],[74.5603,8.033],[74.5731,8.0164],[74.5818,8.0056],[74.5946,7.9895],[74.6036,7.9787],[74.6165,7.9623],[74.6258,7.9508],[74.6375,7.9351],[74.6461,7.9238],[74.6585,7.907],[74.6666,7.8962],[74.6791,7.879],[74.6875,7.8683],[74.7,7.8514],[74.7092,7.8404],[74.7218,7.8239],[74.7306,7.8131],[74.7433,7.7961],[74.7516,7.7851],[74.7639,7.7682],[74.7723,7.7566],[74.7846,7.7395],[74.7925,7.7277],[74.8049,7.7107],[74.8127,7.6995],[74.8248,7.6818],[74.8321,7.6705],[74.8441,7.6532],[74.8523,7.6415],[74.8638,7.6243],[74.8713,7.6125],[74.8823,7.595],[74.8888,7.5835],[74.9005,7.5659],[74.9079,7.5541],[74.9193,7.5365],[74.9264,7.5249],[74.9382,7.5068],[74.9457,7.4948],[74.957,7.4773],[74.9644,7.4659],[74.9767,7.4482],[74.9842,7.4361],[74.9957,7.4186],[75.0039,7.4072],[75.0157,7.3903],[75.0237,7.3791],[75.0356,7.3619],[75.0433,7.3503],[75.0549,7.3326],[75.0625,7.321],[75.0738,7.3031],[75.0812,7.2911],[75.0925,7.274],[75.1,7.2624],[75.1121,7.2446],[75.1196,7.2334],[75.1311,7.2159],[75.139,7.2038],[75.1503,7.1872],[75.158,7.1763],[75.1697,7.1586],[75.1774,7.147],[75.189,7.1294],[75.1967,7.1181],[75.2083,7.1007],[75.216,7.0888],[75.2278,7.0718],[75.2362,7.0605],[75.2487,7.0434],[75.257,7.0328],[75.2694,7.0162],[75.2778,7.005],[75.2906,6.9888],[75.2984,6.9777],[75.3103,6.9613],[75.3185,6.9494],[75.3308,6.933],[75.3389,6.922],[75.3508,6.905],[75.3586,6.8946],[75.3705,6.878],[75.3784,6.867],[75.3907,6.8502],[75.3987,6.839],[75.4113,6.822],[75.4198,6.8112],[75.433,6.7947],[75.4415,6.7834],[75.4542,6.7666],[75.4626,6.756],[75.4754,6.74],[75.4843,6.7291],[75.4975,6.713],[75.5065,6.7023],[75.5194,6.6862],[75.5282,6.6753],[75.5419,6.6591],[75.5508,6.6486],[75.5648,6.6333],[75.574,6.6232],[75.5881,6.6072],[75.5965,6.5972],[75.6096,6.5815],[75.6183,6.5705],[75.6316,6.5546],[75.6401,6.5443],[75.6537,6.528],[75.6627,6.5169],[75.6757,6.5015],[75.6848,6.4908],[75.6981,6.4745],[75.7065,6.4635],[75.7197,6.4467],[75.7288,6.436]]},"properties":{"mmsi":996831372,"name":"SYN-CAR-22","role":"candidate","vessel_type":70,"synthetic":true,"t_offset_s":[-258819,-258459,-258219,-257859,-257619,-257259,-257019,-256659,-256419,-256059,-255819,-255459,-255219,-254859,-254619,-254259,-254019,-253659,-253419,-253059,-252819,-252459,-252219,-251859,-251619,-251259,-251019,-250659,-250419,-250059,-249819,-249459,-249219,-248859,-248619,-248259,-248019,-247659,-247419,-247059,-246819,-246459,-246219,-245859,-245619,-245259,-245019,-244659,-244419,-244059,-243819,-243459,-243219,-242859,-242619,-242259,-242019,-241659,-241419,-241059,-240819,-240459,-240219,-239859,-239619,-239259,-239019,-238659,-238419,-238059,-237819,-237459,-237219,-236859,-236619,-236259,-236019,-235659,-235419,-235059,-234819,-234459,-234219,-233859,-233619,-233259,-233019,-232659,-232419,-232059,-231819,-231459,-231219,-230859,-230619,-230259,-230019,-229659,-229419,-229059,-228819,-228459,-228219,-227859,-227619,-227259,-227019,-226659,-226419,-226059,-225819,-225459,-225219,-224859,-224619,-224259,-224019,-223659,-223419,-223059,-222819,-222459,-222219,-221859,-221619,-221259,-221019,-220659,-220419,-220059,-219819,-219459,-219219,-218859,-218619,-218259,-218019,-217659,-217419,-217059,-216819,-216459,-216219,-215859,-215619,-215259,-215019,-214659,-214419,-214059,-213819,-213459,-213219,-212859,-212619,-212259,-212019,-211659,-211419,-211059,-210819,-210459,-210219,-209859,-209619,-209259,-209019,-208659,-208419,-208059,-207819,-207459,-207219,-206859,-206619,-206259,-206019,-205659,-205419,-205059,-204819,-204459,-204219,-203859,-203619,-203259,-203019,-202659,-202419,-202059,-201819,-201459,-201219,-200859,-200619,-200259,-200019,-199659,-199419,-199059,-198819,-198459,-198219,-197859,-197619,-197259,-197019,-196659,-196419,-196059,-195819,-195459,-195219,-194859,-194619,-194259,-194019,-193659,-193419,-193059,-192819,-192459,-192219,-191859,-191619,-191259,-191019,-190659,-190419,-190059,-189819,-189459,-189219,-188859,-188619,-188259,-188019,-187659,-187419,-187059,-186819,-186459,-186219,-185859,-185619,-185259,-185019,-184659,-184419,-184059,-183819,-183459,-183219,-182859,-182619,-182259,-182019,-181659,-181419,-181059,-180819,-180459,-180219,-179859,-179619,-179259,-179019,-178659,-178419,-178059,-177819,-177459,-177219,-176859,-176619,-176259,-176019],"sog":[12.6,12.3,12.3,13.0,12.7,12.2,12.0,12.5,12.1,12.4,12.4,13.1,12.5,12.5,12.6,12.1,12.8,12.1,12.8,12.3,12.7,12.6,12.6,12.4,12.2,12.3,12.3,12.1,12.7,12.1,12.4,12.1,12.3,12.3,12.2,13.0,12.5,12.7,12.7,12.2,12.1,12.3,12.3,12.0,12.6,12.6,12.5,12.3,12.1,12.9,12.3,12.5,12.0,12.6,12.4,12.4,12.3,12.4,12.6,12.5,12.9,12.7,12.9,12.7,12.4,12.6,12.4,12.0,12.3,12.5,12.1,12.5,12.9,12.7,12.9,12.2,12.8,12.7,12.3,12.3,12.1,12.7,12.3,11.8,12.8,12.2,12.7,12.5,12.1,12.0,12.5,12.9,12.7,12.8,12.5,12.7,12.5,12.5,12.6,12.1,13.1,12.3,12.1,12.6,12.4,12.0,12.2,12.5,12.7,12.7,13.2,12.2,12.8,12.3,12.1,12.1,12.6,12.1,12.3,12.6,12.1,12.3,12.5,12.0,12.5,12.3,12.2,12.8,12.4,12.5,12.0,12.0,12.0,12.3,12.6,12.4,12.4,12.5,12.4,12.4,12.6,12.2,12.3,12.8,12.1,12.4,12.8,12.4,12.6,12.4,12.3,12.8,12.3,12.2,12.4,12.1,12.5,12.6,12.3,12.5,12.1,12.4,11.8,12.5,12.4,12.1,11.8,12.0,13.0,11.8,12.4,12.6,12.1,11.8,12.6,12.9,12.9,12.3,12.7,12.4,12.4,12.5,12.8,12.0,12.6,12.8,12.4,12.9,12.1,12.4,12.9,12.7,12.7,12.1,11.9,12.2,12.6,12.5,12.4,12.7,12.9,12.5,12.5,12.7,12.6,12.5,12.8,12.0,12.5,12.3,12.4,12.8,13.0,12.7,12.5,12.2,12.6,13.1,12.3,12.1,12.4,12.3,11.7,12.7,12.5,12.6,12.0,12.0,12.4,12.2,12.5,12.6,12.5,11.9,12.9,12.4,12.2,12.1,12.5,12.4,11.9,12.0,11.9,12.2,12.0,12.1,12.1,12.0,12.9,12.7,12.2,12.7,12.1,12.2,12.6,12.0,12.5,12.5,12.3,12.5,12.5,12.4,11.8,12.5,11.7,12.5,11.9,12.2,12.1,12.3,12.2,11.9,12.5,12.3,12.3,13.0,12.5]}},{"type":"Feature","geometry":{"type":"LineString","coordinates":[[74.1409,8.8996],[74.1336,8.9118],[74.1224,8.9289],[74.1149,8.9404],[74.1033,8.9576],[74.0956,8.9695],[74.0843,8.9871],[74.0766,8.9989],[74.0656,9.0163],[74.0578,9.0284],[74.0469,9.0463],[74.04,9.0583],[74.0286,9.0763],[74.0214,9.0873],[74.0103,9.1047],[74.0026,9.1168],[73.9918,9.1342],[73.9836,9.1464],[73.9721,9.1638],[73.9648,9.1751],[73.9532,9.1915],[73.9452,9.2033],[73.9338,9.2199],[73.9263,9.2313],[73.9151,9.249],[73.9071,9.2612],[73.8967,9.2783],[73.8894,9.29],[73.8776,9.308],[73.8699,9.3199],[73.8579,9.338],[73.8505,9.3497],[73.8387,9.3669],[73.8309,9.3786],[73.8191,9.396],[73.8111,9.4078],[73.8,9.4258],[73.7923,9.4374],[73.7806,9.4546],[73.7728,9.4658],[73.7611,9.483],[73.7536,9.4941],[73.7419,9.5115],[73.734,9.5232],[73.7219,9.5401],[73.7142,9.5519],[73.7024,9.5694],[73.6948,9.5812],[73.6832,9.5982],[73.6753,9.61],[73.6636,9.6278],[73.6561,9.6395],[73.6446,9.6573],[73.637,9.6684],[73.625,9.6854],[73.617,9.697],[73.6055,9.714],[73.5971,9.7254],[73.5856,9.7429],[73.578,9.7544],[73.5673,9.7711],[73.56,9.7826],[73.548,9.8011],[73.5402,9.8126],[73.5281,9.8297],[73.5205,9.8415],[73.5081,9.858],[73.4998,9.8695],[73.4874,9.8864],[73.4795,9.8973],[73.4671,9.9146],[73.4591,9.9258],[73.4471,9.9436],[73.4399,9.9549],[73.4287,9.9725],[73.4209,9.9844],[73.4101,10.0013],[73.4025,10.0129],[73.3911,10.0306],[73.3842,10.0427],[73.3734,10.0603],[73.3658,10.0724],[73.3549,10.0903],[73.3473,10.102],[73.3362,10.1196],[73.3288,10.1314],[73.3177,10.1485],[73.3099,10.1598],[73.2983,10.1775],[73.2908,10.189],[73.2796,10.2061],[73.2718,10.2184],[73.2603,10.2356],[73.2528,10.2472],[73.2411,10.2649],[73.2336,10.277],[73.2221,10.2946],[73.2148,10.3064],[73.2033,10.3245],[73.1964,10.3363],[73.1853,10.3541],[73.1775,10.3656],[73.1663,10.3837],[73.1584,10.3958],[73.1472,10.4133],[73.1401,10.4249],[73.1288,10.4427],[73.1217,10.4548],[73.1109,10.4726],[73.1041,10.4842],[73.0932,10.5018],[73.0861,10.5137],[73.0749,10.5312],[73.0678,10.5429],[73.0568,10.5605],[73.0493,10.5724],[73.0376,10.59],[73.03,10.6016],[73.0182,10.6194],[73.0105,10.6307],[72.9982,10.6475],[72.9905,10.6592],[72.9781,10.6763],[72.9699,10.6881],[72.958,10.7048],[72.9497,10.716],[72.9382,10.7333],[72.9308,10.7447],[72.919,10.762],[72.9112,10.7735],[72.8997,10.7909],[72.8923,10.8021],[72.8809,10.8198],[72.8735,10.8312],[72.8617,10.8481],[72.8537,10.8595],[72.8413,10.877],[72.8328,10.8882],[72.8207,10.905],[72.8127,10.9162],[72.8008,10.9326],[72.7926,10.9438],[72.7801,10.9604],[72.7715,10.9713],[72.7586,10.9878],[72.7503,10.9986],[72.7375,11.0148],[72.7293,11.026],[72.7172,11.042],[72.709,11.0526],[72.6965,11.07],[72.6883,11.0814],[72.6764,11.0982],[72.6685,11.1094],[72.6569,11.1266],[72.6487,11.1377],[72.6367,11.1552],[72.6294,11.1662],[72.6167,11.183],[72.6091,11.1938],[72.5968,11.2106],[72.589,11.2217],[72.5769,11.2389],[72.5691,11.2504],[72.5571,11.2678],[72.5493,11.2792],[72.5371,11.2967],[72.5289,11.3083],[72.5173,11.3249],[72.5092,11.3362],[72.4973,11.3537],[72.4895,11.3654],[72.4781,11.3828],[72.4701,11.3948],[72.4593,11.4119],[72.4518,11.4239],[72.4408,11.4417],[72.4335,11.453],[72.4214,11.4706],[72.4142,11.4814],[72.4019,11.4985],[72.3941,11.5101],[72.382,11.5272],[72.3743,11.5388],[72.362,11.5554],[72.3539,11.5667],[72.3417,11.584],[72.3342,11.5951],[72.3221,11.613],[72.3141,11.6248],[72.3026,11.6422],[72.2946,11.6537],[72.2828,11.6719],[72.2747,11.6833],[72.2628,11.7001],[72.2552,11.7113],[72.243,11.7284],[72.2347,11.7401],[72.2222,11.7573],[72.2142,11.7689],[72.2023,11.786],[72.1947,11.7973],[72.1827,11.8149],[72.1748,11.8263],[72.1627,11.8438],[72.1544,11.8552],[72.1431,11.8727],[72.1351,11.8845],[72.1239,11.9022],[72.1157,11.9139],[72.105,11.9313],[72.0972,11.9432],[72.086,11.9599],[72.0785,11.9715],[72.0664,11.9888],[72.0586,11.9998],[72.0466,12.0166],[72.0389,12.0277],[72.0266,12.0458],[72.0179,12.0573],[72.0064,12.0745],[71.9984,12.0852],[71.9862,12.1027],[71.9778,12.1147],[71.9657,12.1319],[71.9578,12.1431],[71.9452,12.1607],[71.9375,12.1719],[71.9252,12.1894],[71.9173,12.2003],[71.9051,12.2183],[71.8976,12.2302],[71.8856,12.2481],[71.8787,12.2599],[71.8678,12.2775],[71.8604,12.2889],[71.8499,12.3067],[71.8424,12.3192],[71.8315,12.3361],[71.8241,12.3475],[71.8128,12.3649],[71.8053,12.3764],[71.7936,12.3946],[71.7866,12.4061],[71.7753,12.4234],[71.7673,12.4353],[71.7553,12.4529],[71.7478,12.4647],[71.736,12.4823],[71.7284,12.4938],[71.7167,12.5117],[71.709,12.5234],[71.6981,12.5408],[71.6905,12.5531],[71.6794,12.5711],[71.6724,12.5826],[71.6618,12.6003],[71.6546,12.612],[71.6441,12.6299],[71.6365,12.6418],[71.626,12.6595],[71.619,12.6714],[71.6085,12.6901],[71.602,12.7019],[71.5917,12.7198],[71.5842,12.7315],[71.5738,12.7496],[71.5667,12.7617],[71.5564,12.7799],[71.5495,12.7922],[71.5394,12.8101],[71.5327,12.8227],[71.522,12.8405],[71.5153,12.853],[71.5054,12.8704],[71.4984,12.8822],[71.4876,12.9002],[71.4803,12.912],[71.4692,12.929],[71.4618,12.9411],[71.4503,12.9588],[71.4432,12.9706],[71.4317,12.989],[71.4242,13.0008],[71.4137,13.0181],[71.4063,13.0301],[71.3953,13.048],[71.3882,13.0599],[71.3765,13.0783],[71.3689,13.0897],[71.3571,13.1072],[71.3494,13.1193],[71.338,13.1365],[71.3302,13.1481],[71.3192,13.166],[71.3118,13.1778],[71.3008,13.1955],[71.2931,13.2067],[71.2823,13.2241],[71.2744,13.2359],[71.2634,13.253],[71.2553,13.2644],[71.2439,13.282],[71.2359,13.293],[71.2247,13.3101],[71.2167,13.322],[71.2049,13.3389],[71.1974,13.3507],[71.1854,13.3677],[71.177,13.3793],[71.1646,13.3974],[71.1568,13.4087],[71.1447,13.4258],[71.1368,13.4372],[71.1248,13.4542],[71.1175,13.4657],[71.1058,13.4828],[71.0981,13.4946],[71.0867,13.5125],[71.0787,13.5241],[71.0677,13.5417],[71.0601,13.5534],[71.0492,13.571],[71.0418,13.5824],[71.0307,13.5996],[71.0232,13.6106],[71.0116,13.6287],[71.0034,13.64],[70.9915,13.6574],[70.9832,13.6687],[70.9719,13.6855],[70.9639,13.6971],[70.9523,13.7146],[70.9448,13.7262],[70.9333,13.7437],[70.9258,13.7548],[70.9138,13.7725],[70.9061,13.7843],[70.8943,13.8008],[70.8862,13.8124],[70.8741,13.8296],[70.8658,13.8407],[70.8537,13.8582],[70.8454,13.8691],[70.833,13.8853],[70.8244,13.8961],[70.8123,13.9123],[70.8039,13.9232],[70.7917,13.9399],[70.7833,13.951],[70.7715,13.9677],[70.7631,13.9788],[70.7509,13.9962],[70.7422,14.0074],[70.7305,14.0243],[70.7223,14.0359],[70.7102,14.0526],[70.7023,14.0643],[70.6903,14.0817],[70.6821,14.0932],[70.6702,14.1107],[70.662,14.1222],[70.6506,14.1396],[70.6427,14.1511],[70.6305,14.1683],[70.6227,14.1798],[70.6099,14.1974],[70.6014,14.2086],[70.5892,14.2254],[70.5803,14.2365],[70.567,14.2529],[70.5585,14.2638],[70.5452,14.2801],[70.5368,14.291],[70.5242,14.3071],[70.5154,14.3179]]},"properties":{"mmsi":996874563,"name":"SYN-TAN-13","role":"candidate","vessel_type":80,"synthetic":true,"t_offset_s":[-41543,-41303,-40943,-40703,-40343,-40103,-39743,-39503,-39143,-38903,-38543,-38303,-37943,-37703,-37343,-37103,-36743,-36503,-36143,-35903,-35543,-35303,-34943,-34703,-34343,-34103,-33743,-33503,-33143,-32903,-32543,-32303,-31943,-31703,-31343,-31103,-30743,-30503,-30143,-29903,-29543,-29303,-28943,-28703,-28343,-28103,-27743,-27503,-27143,-26903,-26543,-26303,-25943,-25703,-25343,-25103,-24743,-24503,-24143,-23903,-23543,-23303,-22943,-22703,-22343,-22103,-21743,-21503,-21143,-20903,-20543,-20303,-19943,-19703,-19343,-19103,-18743,-18503,-18143,-17903,-17543,-17303,-16943,-16703,-16343,-16103,-15743,-15503,-15143,-14903,-14543,-14303,-13943,-13703,-13343,-13103,-12743,-12503,-12143,-11903,-11543,-11303,-10943,-10703,-10343,-10103,-9743,-9503,-9143,-8903,-8543,-8303,-7943,-7703,-7343,-7103,-6743,-6503,-6143,-5903,-5543,-5303,-4943,-4703,-4343,-4103,-3743,-3503,-3143,-2903,-2543,-2303,-1943,-1703,-1343,-1103,-743,-503,-143,97,457,697,1057,1297,1657,1897,2257,2497,2857,3097,3457,3697,4057,4297,4657,4897,5257,5497,5857,6097,6457,6697,7057,7297,7657,7897,8257,8497,8857,9097,9457,9697,10057,10297,10657,10897,11257,11497,11857,12097,12457,12697,13057,13297,13657,13897,14257,14497,14857,15097,15457,15697,16057,16297,16657,16897,17257,17497,17857,18097,18457,18697,19057,19297,19657,19897,20257,20497,20857,21097,21457,21697,22057,22297,22657,22897,23257,23497,23857,24097,24457,24697,25057,25297,25657,25897,26257,26497,26857,27097,27457,27697,28057,28297,28657,28897,29257,29497,29857,30097,30457,30697,31057,31297,31657,31897,32257,32497,32857,33097,33457,33697,34057,34297,34657,34897,35257,35497,35857,36097,36457,36697,37057,37297,37657,37897,38257,38497,38857,39097,39457,39697,40057,40297,40657,40897,41257,41497,41857,42097,42457,42697,43057,43297,43657,43897,44257,44497,44857,45097,45457,45697,46057,46297,46657,46897,47257,47497,47857,48097,48457,48697,49057,49297,49657,49897,50257,50497,50857,51097,51457,51697,52057,52297,52657,52897,53257,53497,53857,54097,54457,54697,55057,55297,55657,55897,56257,56497,56857,57097,57457,57697,58057,58297,58657,58897,59257,59497,59857,60097,60457,60697,61057,61297,61657,61897,62257,62497,62857,63097,63457,63697,64057,64297,64657,64897,65257,65497,65857,66097,66457,66697,67057,67297,67657,67897,68257,68497,68857,69097,69457,69697,70057,70297,70657,70897],"sog":[12.0,12.4,12.6,12.2,12.1,12.5,12.6,12.3,11.9,13.0,12.7,12.6,12.4,11.8,12.3,12.4,12.1,12.8,12.5,12.2,12.1,12.5,12.8,12.1,12.1,12.8,12.5,12.3,12.8,12.7,13.3,12.2,12.5,12.7,12.4,12.3,12.7,12.2,12.5,11.9,11.9,12.3,12.6,12.2,12.4,12.3,12.3,12.1,12.4,12.7,12.3,12.4,13.0,12.5,12.8,12.7,12.2,12.3,12.3,12.2,11.9,12.1,12.9,12.4,12.6,12.1,12.8,12.7,12.7,11.8,12.7,12.4,12.9,11.8,12.9,12.3,11.7,12.4,12.5,12.6,12.6,12.6,12.7,12.5,12.3,12.2,12.7,12.2,12.7,12.1,12.2,12.3,12.2,12.4,12.8,12.5,12.5,12.4,12.7,12.4,12.9,12.5,13.2,12.6,12.7,11.9,12.4,12.8,12.4,12.4,12.6,12.3,12.4,12.0,12.1,13.3,12.3,12.8,12.3,12.4,12.7,12.6,12.5,12.7,12.1,12.7,12.4,12.4,12.5,11.7,12.7,11.9,12.6,12.3,12.4,12.6,13.0,12.7,12.5,12.4,12.3,12.1,12.8,12.6,12.0,12.3,12.0,12.1,12.0,12.6,12.3,12.2,12.1,12.2,12.3,12.2,12.1,12.1,12.4,11.8,12.2,12.5,12.8,13.1,12.4,12.5,12.4,12.3,11.9,12.1,13.1,12.5,12.7,13.1,12.7,11.9,12.7,12.0,12.5,11.3,12.5,12.0,12.4,12.1,12.3,12.3,12.9,12.5,13.0,13.0,12.3,12.7,12.2,12.5,12.2,12.6,12.8,13.3,12.6,12.9,12.7,12.3,12.2,12.4,13.3,12.8,12.7,12.3,12.1,12.6,12.6,12.3,12.3,12.4,12.5,12.4,11.9,12.3,12.8,12.9,12.7,11.9,12.9,12.7,12.8,12.8,12.6,12.9,12.7,12.5,12.7,12.3,13.0,12.4,12.5,12.8,12.6,12.5,12.4,12.3,12.0,12.8,12.8,12.2,12.5,12.9,13.0,12.4,12.7,12.4,12.1,12.5,12.4,13.0,12.5,12.4,12.2,12.0,12.6,12.5,12.2,12.4,12.6,12.2,12.0,12.4,12.2,12.3,12.6,12.4,12.6,12.6,11.8,12.3,11.9,12.4,12.1,11.9,12.5,12.4,12.9,12.5,12.7,12.4,12.3,12.8,12.7,12.8,12.4,12.4,12.4,12.6,12.8,12.5,12.6,12.0,12.8,12.3,12.7,12.5,12.5,12.2,12.1,12.6,11.8,12.6,12.3,12.2,12.0,12.9,12.6,12.5,12.5,12.4,12.7,11.8,12.6,12.8,12.7,12.8,12.5,12.3,12.2,12.3,12.6,12.1,12.4,13.0,12.7,12.5,12.4,12.4,12.3,12.1,12.5,12.0,12.5,13.1,12.1,12.3,12.3,12.1,12.3,12.2,12.2,12.0,11.9,12.4,12.7,12.6,12.0,12.2,12.4,12.5,11.8,12.2,12.8,12.8,12.5,12.8,12.4,12.5,12.3,12.7,12.3,12.2,12.4,12.5,12.2,12.5,12.5,12.3,12.5,11.9,12.2,12.7]}},{"type":"Feature","geometry":{"type":"LineString","coordinates":[[74.4414,8.369],[74.4349,8.379],[74.4284,8.3891],[74.4186,8.4038],[74.4125,8.4136],[74.4028,8.428],[74.3966,8.4382],[74.3872,8.4531],[74.3807,8.4634],[74.3713,8.4782],[74.3651,8.4882],[74.3556,8.5038],[74.3493,8.5142],[74.3399,8.5292],[74.3339,8.5393],[74.3253,8.5548],[74.3194,8.565],[74.3106,8.5809],[74.3047,8.5911],[74.2963,8.6061],[74.2903,8.6165],[74.2814,8.632],[74.2756,8.6426],[74.2666,8.6585],[74.2608,8.6685],[74.252,8.6842],[74.2456,8.6951],[74.2372,8.7106],[74.2314,8.7211],[74.2221,8.7367],[74.2163,8.7468],[74.2075,8.7621],[74.2013,8.7719],[74.1917,8.7877],[74.1852,8.7981],[74.1756,8.8133],[74.1691,8.8235],[74.1594,8.8386],[74.1526,8.8486],[74.1425,8.8635],[74.1355,8.8731],[74.1251,8.8876],[74.1175,8.8969],[74.1076,8.9113],[74.1001,8.9207],[74.0897,8.9353],[74.0821,8.9448],[74.0724,8.9593],[74.066,8.969],[74.0557,8.983],[74.0482,8.9928],[74.0372,9.0072],[74.0299,9.0169],[74.0194,9.0309],[74.0123,9.0409],[74.0013,9.0559],[73.9941,9.0651],[73.9834,9.0793],[73.9766,9.0886],[73.9654,9.1028],[73.9584,9.1126],[73.9477,9.1272],[73.9405,9.1366],[73.93,9.1515],[73.9225,9.1612],[73.9116,9.1755],[73.9049,9.1855],[73.8942,9.1999],[73.8869,9.2094],[73.8759,9.2237],[73.869,9.233],[73.858,9.2472],[73.8509,9.2568],[73.8405,9.2713],[73.8335,9.2805],[73.8231,9.2956],[73.8159,9.3051],[73.8059,9.3198],[73.7985,9.3297],[73.7885,9.3441],[73.7816,9.3537],[73.7719,9.3678],[73.7649,9.3778],[73.7551,9.3923],[73.7486,9.4021],[73.7387,9.4169],[73.7321,9.4268],[73.7215,9.442],[73.7151,9.4518],[73.7048,9.4663],[73.6978,9.4765],[73.6873,9.491],[73.6804,9.5003],[73.6693,9.5152],[73.6626,9.5248],[73.6518,9.5393],[73.6453,9.549],[73.635,9.5636],[73.6282,9.5736],[73.6174,9.5882],[73.6108,9.598],[73.6005,9.6124],[73.5933,9.6219],[73.5828,9.6362],[73.5754,9.6457],[73.5655,9.66],[73.5585,9.6697],[73.5477,9.684],[73.5407,9.6933],[73.5296,9.7078],[73.5226,9.7169],[73.5116,9.7309],[73.5044,9.7405],[73.4934,9.7545],[73.4865,9.7641],[73.4755,9.7789],[73.468,9.7882],[73.4569,9.8027],[73.4492,9.8125],[73.4377,9.8267],[73.4304,9.8364],[73.4189,9.8502],[73.4115,9.8592],[73.4001,9.873],[73.3925,9.8819],[73.3811,9.8961],[73.3734,9.9051],[73.3615,9.919],[73.3541,9.9285],[73.3423,9.942],[73.3344,9.9513],[73.323,9.9651],[73.315,9.9743],[73.3043,9.9876],[73.2964,9.997],[73.285,10.0103],[73.2774,10.0197],[73.2656,10.0337],[73.2581,10.0423],[73.2465,10.0556],[73.2382,10.0648],[73.2262,10.0778],[73.2182,10.0865],[73.2065,10.0997],[73.1986,10.1083],[73.1862,10.1217],[73.1778,10.1306],[73.1655,10.1441],[73.1577,10.1525],[73.1455,10.1654],[73.1373,10.174],[73.125,10.1874],[73.1172,10.1963],[73.1044,10.2096],[73.0965,10.218],[73.0841,10.2315],[73.0758,10.2396],[73.0633,10.2525],[73.0549,10.2609],[73.0427,10.2741],[73.0346,10.283],[73.0215,10.2961],[73.0128,10.3049],[73.0006,10.3179],[72.9922,10.3268],[72.9796,10.34],[72.9719,10.3486],[72.9594,10.3616],[72.9509,10.3702],[72.9382,10.3833],[72.9303,10.3914],[72.918,10.4036],[72.91,10.4117],[72.8972,10.4241],[72.8886,10.4326],[72.8751,10.4458],[72.8664,10.4544],[72.8531,10.467],[72.8444,10.4754],[72.8316,10.4882],[72.8231,10.4971],[72.8106,10.5095],[72.802,10.5176],[72.7893,10.5299],[72.7813,10.5385],[72.769,10.551],[72.7604,10.5596],[72.7482,10.5719],[72.74,10.5804],[72.7273,10.5931],[72.7187,10.602],[72.7065,10.6142],[72.6983,10.6229],[72.6859,10.6362],[72.6776,10.645],[72.6649,10.6583],[72.6567,10.6669],[72.6447,10.6804],[72.6362,10.6894],[72.6252,10.7019],[72.6164,10.7111],[72.6044,10.7243],[72.5965,10.7335],[72.5844,10.7464],[72.5774,10.7556],[72.5659,10.7691],[72.558,10.7783],[72.5472,10.7918],[72.5395,10.8013],[72.5277,10.815],[72.5204,10.8238],[72.5089,10.8373],[72.5011,10.8464],[72.4896,10.86],[72.4817,10.869],[72.4704,10.8815],[72.4626,10.8902],[72.4508,10.9035],[72.4425,10.9122],[72.4309,10.9249],[72.4227,10.9336],[72.4107,10.9467],[72.4024,10.9554],[72.3898,10.9685],[72.3812,10.977],[72.3685,10.9897],[72.3603,10.9986],[72.3481,11.0117],[72.3401,11.0203],[72.3285,11.0329],[72.3206,11.0421],[72.3087,11.0553],[72.3008,11.064],[72.2887,11.0772],[72.2805,11.0858],[72.2675,11.0989],[72.2588,11.1076],[72.2464,11.1204],[72.2378,11.1293],[72.2246,11.1415],[72.2167,11.1493],[72.2042,11.1623],[72.1955,11.1705],[72.1832,11.1832],[72.1743,11.1923],[72.1621,11.2049],[72.1538,11.2136],[72.1409,11.2264],[72.1322,11.2353],[72.1197,11.2481],[72.1112,11.2566],[72.0987,11.2692],[72.0904,11.2779],[72.0776,11.2904],[72.0687,11.2992],[72.0558,11.3113],[72.0473,11.3192],[72.0342,11.3317],[72.0254,11.3401],[72.0119,11.3521],[72.003,11.36],[71.9893,11.3719],[71.981,11.3795],[71.9669,11.3913],[71.9581,11.3993],[71.9438,11.4119],[71.935,11.4195],[71.922,11.431],[71.913,11.4389],[71.8995,11.4512],[71.8906,11.4586],[71.8767,11.4711],[71.8681,11.4787],[71.8541,11.4915],[71.8454,11.4988],[71.8314,11.5109],[71.8223,11.5187],[71.8084,11.5305],[71.7997,11.5382],[71.786,11.5497],[71.777,11.5578],[71.7635,11.5693],[71.755,11.5766],[71.7411,11.588],[71.7319,11.5956],[71.7189,11.6072],[71.7095,11.615],[71.696,11.6264],[71.6873,11.6346],[71.6734,11.6463],[71.6643,11.6538],[71.6502,11.6653],[71.641,11.673],[71.6267,11.6841],[71.6173,11.6916],[71.6033,11.7031],[71.5941,11.7103],[71.5803,11.7216],[71.5709,11.7288],[71.557,11.74],[71.5481,11.7474],[71.5341,11.759],[71.5252,11.7665]]},"properties":{"mmsi":996897366,"name":"SYN-CAR-16","role":"candidate","vessel_type":70,"synthetic":true,"t_offset_s":[-31002,-30762,-30522,-30162,-29922,-29562,-29322,-28962,-28722,-28362,-28122,-27762,-27522,-27162,-26922,-26562,-26322,-25962,-25722,-25362,-25122,-24762,-24522,-24162,-23922,-23562,-23322,-22962,-22722,-22362,-22122,-21762,-21522,-21162,-20922,-20562,-20322,-19962,-19722,-19362,-19122,-18762,-18522,-18162,-17922,-17562,-17322,-16962,-16722,-16362,-16122,-15762,-15522,-15162,-14922,-14562,-14322,-13962,-13722,-13362,-13122,-12762,-12522,-12162,-11922,-11562,-11322,-10962,-10722,-10362,-10122,-9762,-9522,-9162,-8922,-8562,-8322,-7962,-7722,-7362,-7122,-6762,-6522,-6162,-5922,-5562,-5322,-4962,-4722,-4362,-4122,-3762,-3522,-3162,-2922,-2562,-2322,-1962,-1722,-1362,-1122,-762,-522,-162,78,438,678,1038,1278,1638,1878,2238,2478,2838,3078,3438,3678,4038,4278,4638,4878,5238,5478,5838,6078,6438,6678,7038,7278,7638,7878,8238,8478,8838,9078,9438,9678,10038,10278,10638,10878,11238,11478,11838,12078,12438,12678,13038,13278,13638,13878,14238,14478,14838,15078,15438,15678,16038,16278,16638,16878,17238,17478,17838,18078,18438,18678,19038,19278,19638,19878,20238,20478,20838,21078,21438,21678,22038,22278,22638,22878,23238,23478,23838,24078,24438,24678,25038,25278,25638,25878,26238,26478,26838,27078,27438,27678,28038,28278,28638,28878,29238,29478,29838,30078,30438,30678,31038,31278,31638,31878,32238,32478,32838,33078,33438,33678,34038,34278,34638,34878,35238,35478,35838,36078,36438,36678,37038,37278,37638,37878,38238,38478,38838,39078,39438,39678,40038,40278,40638,40878,41238,41478,41838,42078,42438,42678,43038,43278,43638,43878,44238,44478,44838,45078,45438,45678,46038,46278,46638,46878,47238,47478,47838,48078,48438,48678,49038,49278,49638,49878,50238,50478,50838,51078,51438,51678,52038,52278,52638,52878,53238,53478,53838,54078,54438,54678,55038,55278,55638,55878,56238,56478,56838,57078,57438,57678,58038,58278,58638,58878,59238,59478],"sog":[10.1,10.6,10.3,10.5,10.5,10.7,10.4,10.5,10.7,10.4,10.7,10.9,10.8,10.6,10.6,10.8,10.5,10.7,10.3,10.1,10.8,10.3,10.4,10.8,10.7,10.2,11.0,10.2,10.4,11.0,10.4,11.4,10.6,10.9,11.0,10.8,10.5,10.7,11.1,10.8,10.6,10.5,11.1,10.9,10.8,10.6,10.5,10.4,10.4,10.6,10.5,11.0,10.7,10.2,10.8,11.4,10.5,10.4,9.9,11.1,10.7,10.7,10.8,11.1,11.1,10.7,10.3,10.8,10.4,10.1,10.8,10.6,10.5,10.4,10.7,10.7,10.4,10.7,10.9,10.4,10.5,9.9,10.5,10.4,10.7,10.9,10.8,11.0,10.3,10.5,10.7,10.2,10.6,11.1,10.3,10.9,10.1,11.0,10.3,10.9,10.3,10.5,10.5,9.8,10.7,10.6,10.7,10.6,10.2,11.1,10.5,10.7,10.6,10.1,10.5,11.0,10.6,10.7,10.7,10.4,10.7,11.0,10.9,10.2,10.8,10.7,10.8,10.8,10.5,10.6,10.7,11.0,10.5,10.5,11.0,10.6,10.7,10.7,10.7,10.9,10.7,10.3,10.5,10.1,10.4,10.7,11.0,11.0,10.7,10.5,10.6,10.8,10.8,10.9,10.3,10.4,10.6,10.3,10.4,10.4,10.5,11.2,10.9,11.1,10.8,10.8,10.2,11.1,10.8,10.5,10.4,10.8,10.6,10.7,10.2,10.8,10.6,11.0,10.6,10.7,10.9,10.3,10.4,10.8,10.9,9.9,10.9,10.7,10.6,10.8,10.9,10.3,11.2,11.0,10.6,10.7,10.6,10.8,11.1,10.3,10.9,11.0,10.8,10.5,10.5,10.6,10.4,11.2,11.0,10.8,10.3,10.5,10.6,10.7,10.1,10.1,10.4,10.7,10.8,10.4,11.3,10.7,10.4,10.6,10.7,10.8,10.5,10.8,9.8,10.6,10.7,10.2,10.6,10.5,10.8,10.9,11.1,11.1,10.6,10.8,10.4,10.8,10.9,10.3,10.9,10.3,11.0,10.6,11.3,10.6,10.2,10.2,10.7,10.6,10.7,10.5,10.4,11.1,11.2,10.5,10.7,10.6,10.1,10.6,10.7,10.9,10.4,10.2,10.9,10.8,10.9,10.7,10.6,11.3,10.7,11.1,10.9,10.5,10.2,10.8,10.6,10.1,10.4,10.7,10.7,10.1,10.6,10.6,11.1,10.9,10.7,10.4,10.6,10.9,10.7,10.5,10.9,10.6,11.0,10.4,10.5,10.5,10.3]}},{"type":"Feature","geometry":{"type":"LineString","coordinates":[[74.6284,8.1604],[74.6322,8.1536],[74.6401,8.1406],[74.651,8.122],[74.659,8.1091],[74.6708,8.0905],[74.6787,8.0774],[74.69,8.059],[74.6985,8.0459],[74.7105,8.0272],[74.7189,8.0148],[74.7312,7.9963],[74.7389,7.9842],[74.7512,7.9653],[74.7594,7.9526],[74.7716,7.9347],[74.7794,7.9223],[74.7913,7.9043],[74.7997,7.8915],[74.8114,7.8727],[74.8192,7.8603],[74.8314,7.8416],[74.8389,7.8293],[74.8505,7.8107],[74.8585,7.7977],[74.8695,7.7788],[74.8771,7.7662],[74.8884,7.748],[74.8961,7.7351],[74.908,7.7169],[74.9163,7.704],[74.9279,7.6854],[74.9355,7.673],[74.9473,7.6547],[74.9553,7.6421],[74.9673,7.6228],[74.9753,7.6099],[74.9872,7.5914],[74.9953,7.5777],[75.0068,7.5588],[75.0142,7.5461],[75.0262,7.5268],[75.0336,7.5138],[75.0448,7.4947],[75.0519,7.4822],[75.0627,7.4626],[75.0699,7.4495],[75.0799,7.4293],[75.0871,7.416],[75.0971,7.3955],[75.1038,7.3823],[75.114,7.3624],[75.1204,7.3492],[75.1305,7.3289],[75.1373,7.3151],[75.1471,7.2947],[75.1534,7.281],[75.1636,7.2606],[75.1705,7.2475],[75.1801,7.2276],[75.1866,7.2141],[75.1972,7.1942],[75.2039,7.1811],[75.2148,7.1614],[75.2221,7.1485],[75.2328,7.1297],[75.2404,7.117],[75.2509,7.0972],[75.2582,7.0844],[75.269,7.0643],[75.2761,7.0515],[75.2873,7.0318],[75.2942,7.0191],[75.3059,6.9998],[75.3135,6.987],[75.3245,6.9679],[75.3323,6.9551],[75.3433,6.936],[75.351,6.9231],[75.3616,6.9037],[75.3691,6.8908],[75.3799,6.871],[75.387,6.8585],[75.3983,6.8391],[75.4058,6.8259],[75.4169,6.8067],[75.4243,6.7937],[75.4353,6.7741],[75.4425,6.7614],[75.4536,6.7419],[75.4611,6.7286],[75.4721,6.7089],[75.4794,6.6963],[75.4901,6.677],[75.4974,6.6632],[75.5092,6.6441],[75.5166,6.6316],[75.5274,6.6127],[75.5348,6.5998],[75.5465,6.5806],[75.5546,6.5678]]},"properties":{"mmsi":997662844,"name":"SYN-TAN-04","role":"background","vessel_type":80,"synthetic":true,"t_offset_s":[56395,56515,56755,57115,57355,57715,57955,58315,58555,58915,59155,59515,59755,60115,60355,60715,60955,61315,61555,61915,62155,62515,62755,63115,63355,63715,63955,64315,64555,64915,65155,65515,65755,66115,66355,66715,66955,67315,67555,67915,68155,68515,68755,69115,69355,69715,69955,70315,70555,70915,71155,71515,71755,72115,72355,72715,72955,73315,73555,73915,74155,74515,74755,75115,75355,75715,75955,76315,76555,76915,77155,77515,77755,78115,78355,78715,78955,79315,79555,79915,80155,80515,80755,81115,81355,81715,81955,82315,82555,82915,83155,83515,83755,84115,84355,84715,84955,85315,85555,85915,86155],"sog":[13.0,13.8,13.3,13.2,13.5,13.4,13.4,12.8,13.6,13.2,13.2,12.9,12.9,13.2,13.0,12.8,12.8,13.0,13.3,13.5,12.7,13.2,12.9,13.1,13.5,13.4,13.2,12.9,13.5,13.3,13.7,13.2,12.7,13.0,13.0,13.4,13.4,13.5,13.8,13.1,12.8,13.6,13.8,12.9,12.7,13.1,13.6,13.6,13.3,13.8,13.3,13.9,13.3,13.4,13.2,13.2,13.5,13.7,13.4,13.5,13.4,13.3,13.1,13.1,12.9,13.5,13.3,12.9,13.1,13.3,13.6,13.1,13.3,13.4,13.5,13.2,13.0,13.2,13.5,13.5,13.2,13.1,13.3,13.0,13.6,13.3,13.0,13.4,13.1,13.1,13.7,13.4,12.7,13.5,13.5,13.1,13.3,13.1,13.0,13.3,13.6]}},{"type":"Feature","geometry":{"type":"LineString","coordinates":[[73.3047,9.9569],[73.3132,9.9728],[73.3194,9.9837],[73.3283,9.9999],[73.3341,10.0106],[73.3431,10.0262],[73.349,10.0368],[73.3584,10.0524],[73.3641,10.0625],[73.3733,10.0786],[73.3797,10.0889],[73.3892,10.1051],[73.3958,10.1155],[73.405,10.1307],[73.4111,10.1414],[73.4207,10.1571],[73.4269,10.1675],[73.4359,10.1829],[73.4421,10.1931],[73.4513,10.2092],[73.4569,10.2199],[73.4659,10.236],[73.4712,10.2463],[73.4806,10.2621],[73.486,10.2727],[73.4952,10.2881],[73.5016,10.2985],[73.5106,10.3143],[73.5166,10.3255],[73.5259,10.3414],[73.532,10.3518],[73.5409,10.3672],[73.5476,10.3779],[73.5568,10.3935],[73.5628,10.4037],[73.5715,10.4197],[73.5777,10.4302],[73.5868,10.4459],[73.5931,10.4566],[73.6021,10.4726],[73.6084,10.4829],[73.6177,10.4985],[73.6245,10.5086],[73.634,10.5249],[73.6407,10.535],[73.6503,10.5507],[73.6572,10.5607],[73.6678,10.5764],[73.675,10.5864],[73.6852,10.6016],[73.6923,10.6122],[73.7016,10.6273],[73.7089,10.6374],[73.7185,10.6525],[73.7254,10.6626],[73.7359,10.678],[73.7428,10.6879],[73.7532,10.7026],[73.7596,10.713],[73.7703,10.7281],[73.7777,10.7384],[73.7885,10.7529],[73.7958,10.7632],[73.807,10.7787],[73.8134,10.7879],[73.8243,10.8029],[73.8312,10.8129],[73.8421,10.8274],[73.8493,10.8372],[73.8602,10.8521],[73.867,10.8617],[73.8775,10.8768],[73.8846,10.887],[73.8955,10.9023],[73.9026,10.9121],[73.9131,10.9271],[73.9205,10.9374],[73.9309,10.9515],[73.9381,10.9615],[73.949,10.9757],[73.9559,10.9854],[73.9671,11.0001],[73.9742,11.0096],[73.9853,11.0241],[73.9929,11.0337],[74.0036,11.0488],[74.0103,11.0587],[74.0207,11.0735],[74.028,11.0834],[74.0379,11.0983],[74.0452,11.1085],[74.0556,11.1232],[74.0628,11.1331],[74.0732,11.1483],[74.0803,11.158],[74.0907,11.1727],[74.0981,11.1828],[74.1084,11.1976],[74.1155,11.2072],[74.1261,11.2216],[74.1329,11.2314],[74.1435,11.246],[74.1505,11.2559],[74.1607,11.2712],[74.1673,11.281],[74.1773,11.2957],[74.1845,11.3058],[74.1947,11.3207],[74.2018,11.3303],[74.2126,11.3455],[74.2193,11.3552],[74.2302,11.3702],[74.237,11.3806],[74.2481,11.3949],[74.2553,11.4048],[74.2662,11.4194],[74.2732,11.4284],[74.2847,11.4435],[74.2918,11.4531],[74.3031,11.4675],[74.3102,11.4775],[74.3212,11.492],[74.3286,11.5017],[74.3399,11.5162],[74.347,11.5256],[74.3581,11.5402],[74.3655,11.5498],[74.3764,11.5646],[74.3838,11.5746],[74.3952,11.589],[74.4023,11.5976],[74.414,11.6127],[74.4217,11.6218],[74.4336,11.6363],[74.4418,11.646],[74.4539,11.6599],[74.4619,11.6685],[74.4738,11.6823],[74.4812,11.6914],[74.4931,11.7053],[74.501,11.7144],[74.5122,11.728],[74.5204,11.7373],[74.5324,11.7513],[74.5405,11.7606],[74.552,11.7745],[74.5598,11.7837],[74.5715,11.7974],[74.5795,11.8072],[74.5909,11.8209],[74.5988,11.8301],[74.6105,11.8448],[74.6189,11.8546],[74.6298,11.8686],[74.6375,11.8782],[74.6488,11.8927],[74.6563,11.9026],[74.6673,11.9164],[74.6749,11.9258],[74.6867,11.9402],[74.6943,11.9498],[74.7056,11.9642],[74.7128,11.9738],[74.7235,11.9883],[74.7306,11.9977],[74.7419,12.0122],[74.7494,12.0214],[74.7603,12.0357],[74.7689,12.0449],[74.7805,12.0591],[74.7881,12.0679],[74.7995,12.0814],[74.807,12.091],[74.8189,12.1056],[74.8261,12.115],[74.8377,12.1295],[74.8448,12.1386],[74.8561,12.1524],[74.8637,12.1622],[74.8743,12.1762],[74.8821,12.1854],[74.8933,12.1995],[74.9014,12.2095],[74.9131,12.2238],[74.9205,12.2339],[74.9317,12.2477],[74.9394,12.2578],[74.9513,12.2723],[74.9583,12.282],[74.9701,12.2966],[74.9774,12.3065],[74.9885,12.3208],[74.9962,12.3306],[75.0076,12.3454],[75.0153,12.3556],[75.0273,12.3695],[75.0344,12.3787]]},"properties":{"mmsi":997671269,"name":"SYN-TAN-09","role":"candidate","vessel_type":80,"synthetic":true,"t_offset_s":[-113600,-113240,-113000,-112640,-112400,-112040,-111800,-111440,-111200,-110840,-110600,-110240,-110000,-109640,-109400,-109040,-108800,-108440,-108200,-107840,-107600,-107240,-107000,-106640,-106400,-106040,-105800,-105440,-105200,-104840,-104600,-104240,-104000,-103640,-103400,-103040,-102800,-102440,-102200,-101840,-101600,-101240,-101000,-100640,-100400,-100040,-99800,-99440,-99200,-98840,-98600,-98240,-98000,-97640,-97400,-97040,-96800,-96440,-96200,-95840,-95600,-95240,-95000,-94640,-94400,-94040,-93800,-93440,-93200,-92840,-92600,-92240,-92000,-91640,-91400,-91040,-90800,-90440,-90200,-89840,-89600,-89240,-89000,-88640,-88400,-88040,-87800,-87440,-87200,-86840,-86600,-86240,-86000,-85640,-85400,-85040,-84800,-84440,-84200,-83840,-83600,-83240,-83000,-82640,-82400,-82040,-81800,-81440,-81200,-80840,-80600,-80240,-80000,-79640,-79400,-79040,-78800,-78440,-78200,-77840,-77600,-77240,-77000,-76640,-76400,-76040,-75800,-75440,-75200,-74840,-74600,-74240,-74000,-73640,-73400,-73040,-72800,-72440,-72200,-71840,-71600,-71240,-71000,-70640,-70400,-70040,-69800,-69440,-69200,-68840,-68600,-68240,-68000,-67640,-67400,-67040,-66800,-66440,-66200,-65840,-65600,-65240,-65000,-64640,-64400,-64040,-63800,-63440,-63200,-62840,-62600,-62240,-62000,-61640,-61400,-61040,-60800,-60440,-60200,-59840,-59600,-59240,-59000,-58640,-58400,-58040,-57800,-57440,-57200,-56840,-56600,-56240,-56000,-55640,-55400,-55040,-54800],"sog":[11.2,10.8,10.6,10.8,10.9,10.3,11.2,10.4,10.6,10.8,10.9,11.1,10.9,10.9,11.1,10.0,10.6,10.2,11.0,11.0,10.7,10.5,10.2,10.7,11.1,10.2,11.0,11.2,11.0,10.6,10.7,11.0,10.4,10.9,10.7,11.0,10.7,10.9,10.8,11.5,11.1,10.8,10.9,11.2,10.9,10.3,11.1,11.2,11.0,10.5,11.1,10.6,10.9,10.4,11.0,11.2,10.7,10.9,11.1,10.8,11.0,10.9,11.5,10.8,10.2,10.6,10.9,10.6,10.8,10.4,10.7,10.9,11.1,10.9,10.4,10.8,11.1,10.7,10.6,10.4,10.6,10.9,11.3,10.8,11.3,10.8,10.4,10.8,11.0,11.1,10.7,11.1,10.8,10.3,10.2,11.3,10.9,10.9,10.9,10.4,11.1,10.7,11.0,10.7,10.8,10.4,10.6,10.8,10.7,11.0,11.1,10.8,11.0,10.5,10.7,10.7,10.4,10.9,11.0,11.0,10.6,11.0,11.0,11.4,10.7,11.4,10.8,10.6,11.0,10.7,11.0,11.4,10.7,10.9,11.0,11.1,10.7,10.7,10.6,10.7,11.1,10.5,10.8,10.8,10.8,10.8,11.1,10.7,11.2,10.8,11.2,10.9,11.6,10.5,11.0,10.8,10.9,10.6,11.1,11.2,10.8,10.6,10.8,10.4,10.4,11.5,10.7,10.3,10.5,10.9,10.6,10.5,11.3,11.5,10.7,10.9,10.7,10.8,11.0,10.8,10.3,10.5,11.8,11.0,10.6,10.6,11.1,11.3,10.8,10.6,11.4,10.8,11.2,11.1,11.0,10.6,10.5]}},{"type":"Feature","geometry":{"type":"LineString","coordinates":[[74.5127,11.9341],[74.5137,11.9339],[74.516,11.9328],[74.5211,11.9315],[74.5227,11.9287],[74.5235,11.9265],[74.5241,11.9228],[74.5233,11.9193],[74.5241,11.9169],[74.5225,11.9129],[74.5191,11.9113],[74.5155,11.9115],[74.5138,11.9124],[74.5083,11.9134],[74.5065,11.9137],[74.5033,11.9147],[74.5013,11.9165],[74.4982,11.9205],[74.4992,11.923],[74.5033,11.9206],[74.5067,11.9189],[74.5109,11.919],[74.5125,11.9199],[74.5139,11.9224],[74.5131,11.9259],[74.5089,11.9264],[74.5047,11.9274],[74.5013,11.928],[74.4978,11.9281],[74.4937,11.9289],[74.4901,11.9288],[74.4847,11.9288],[74.4811,11.9292],[74.4769,11.9302],[74.4743,11.9304],[74.47,11.9294],[74.4668,11.9313],[74.4627,11.9332],[74.4598,11.9329],[74.4556,11.9316],[74.4526,11.929],[74.4501,11.9252],[74.448,11.9212],[74.4434,11.9204],[74.4421,11.9227],[74.4403,11.9262],[74.4419,11.9292],[74.4436,11.9322],[74.4436,11.9344],[74.4421,11.9378],[74.4409,11.9388],[74.4379,11.9391],[74.4401,11.9405],[74.4444,11.9425],[74.4453,11.9422],[74.4461,11.9368],[74.4437,11.938],[74.4403,11.9414],[74.437,11.9429],[74.433,11.9445],[74.4314,11.9468],[74.4299,11.9471],[74.4263,11.9485],[74.4225,11.9513],[74.4188,11.9519],[74.4174,11.9477],[74.4194,11.9448],[74.422,11.9418],[74.4246,11.9411],[74.4285,11.9408],[74.4313,11.9426],[74.429,11.9451],[74.4281,11.9477],[74.4243,11.9491],[74.4226,11.9469],[74.419,11.9452],[74.4155,11.9449],[74.4111,11.9449],[74.4096,11.9445],[74.4076,11.9492],[74.4065,11.952],[74.4047,11.9545],[74.4047,11.9555],[74.4005,11.9597],[74.398,11.9613],[74.3963,11.9648],[74.3972,11.9687],[74.3978,11.9721],[74.4011,11.9728],[74.405,11.9736],[74.407,11.9758],[74.4123,11.9738],[74.4152,11.9709],[74.4185,11.9675],[74.4173,11.9635],[74.4124,11.961],[74.4087,11.9583],[74.4078,11.9543],[74.4075,11.9523],[74.4098,11.9482],[74.4077,11.9458],[74.4086,11.9414],[74.4111,11.9397],[74.4146,11.9412],[74.4155,11.9426],[74.4192,11.943],[74.4218,11.9426],[74.4262,11.9442],[74.4289,11.9448],[74.436,11.9473],[74.438,11.9483],[74.4415,11.9521],[74.4435,11.9555],[74.446,11.9581],[74.4474,11.9596],[74.4484,11.9636],[74.4492,11.9662],[74.4537,11.9654],[74.4558,11.9652],[74.4588,11.9666],[74.461,11.9711],[74.4635,11.9748],[74.4653,11.9769],[74.4666,11.9813],[74.4689,11.9832],[74.4738,11.983],[74.4748,11.9821],[74.4759,11.9776],[74.4766,11.9756],[74.4806,11.9759],[74.4838,11.9763],[74.4832,11.9738],[74.4807,11.9717],[74.4766,11.9752],[74.4745,11.9749],[74.4707,11.975],[74.4681,11.9778],[74.4663,11.9808],[74.4635,11.9791],[74.4612,11.9813],[74.4593,11.9845],[74.4556,11.9871],[74.4564,11.9898],[74.4569,11.9942],[74.4544,11.9948],[74.449,11.9974],[74.4457,11.9991],[74.442,11.9991],[74.4392,12.0005],[74.4344,12.0011],[74.4305,12.0012],[74.4263,12.0023],[74.4242,12.0011],[74.4252,11.9952],[74.4265,11.9929],[74.4272,11.9876],[74.4248,11.9859],[74.4211,11.9854],[74.4185,11.987],[74.413,11.9895],[74.4108,11.9909],[74.4097,11.9941],[74.4087,11.9968],[74.4083,12.0021],[74.4091,12.0042],[74.4111,12.0056],[74.4133,12.0077],[74.417,12.0096],[74.4185,12.0122],[74.4228,12.0155],[74.4266,12.0161],[74.4307,12.0175],[74.4333,12.0193],[74.4379,12.0219],[74.4382,12.0249],[74.4385,12.0282],[74.4355,12.0306],[74.4317,12.0366],[74.43,12.0392],[74.426,12.0418],[74.4226,12.0439],[74.4179,12.0474],[74.4149,12.0483],[74.4145,12.0555],[74.4125,12.0596],[74.4095,12.0603],[74.407,12.0629],[74.4048,12.0605],[74.4057,12.0564],[74.4092,12.054],[74.4123,12.0536],[74.4149,12.0525],[74.4188,12.0539],[74.4231,12.0572],[74.4248,12.0608],[74.4275,12.0644],[74.4298,12.0666],[74.4328,12.0692],[74.4335,12.0702],[74.4367,12.0711],[74.4386,12.0726],[74.4419,12.0775],[74.4425,12.0799],[74.4444,12.0833],[74.4481,12.085],[74.4534,12.0833],[74.4557,12.0822],[74.46,12.0801],[74.4618,12.079],[74.4633,12.076],[74.4655,12.0736],[74.4685,12.071],[74.4711,12.068],[74.4753,12.0678],[74.4777,12.0661],[74.483,12.0635],[74.4857,12.0625],[74.4902,12.0619],[74.4924,12.0608],[74.4928,12.0571],[74.4942,12.0542],[74.4937,12.0514],[74.4921,12.0468],[74.4916,12.0413],[74.4904,12.04],[74.4912,12.034],[74.4924,12.0301],[74.4931,12.0274],[74.4906,12.0248],[74.4881,12.0207],[74.4868,12.0182],[74.4855,12.0126],[74.4842,12.0113],[74.4817,12.0102],[74.4806,12.0127],[74.4825,12.0162],[74.4818,12.0178],[74.478,12.0226],[74.4747,12.0237],[74.4723,12.0213],[74.4687,12.0213],[74.464,12.0209],[74.4622,12.0195],[74.4635,12.0161],[74.4641,12.0119],[74.4623,12.0061],[74.4613,12.0036],[74.4567,12.0036],[74.4528,12.0044],[74.4519,12.0086],[74.4503,12.0109],[74.4485,12.0151],[74.4517,12.0176],[74.4559,12.0159],[74.4581,12.0141],[74.4612,12.018],[74.4614,12.0194],[74.46,12.0231],[74.4598,12.0249],[74.4621,12.0294],[74.4598,12.0323],[74.4583,12.0351],[74.4568,12.0396],[74.4563,12.0442],[74.4525,12.0453],[74.4495,12.0485],[74.4481,12.0505],[74.4432,12.0518],[74.4404,12.0526],[74.4379,12.0531],[74.4357,12.053],[74.4316,12.0538],[74.4275,12.0532],[74.4234,12.0543],[74.4217,12.0554],[74.4184,12.0577],[74.4154,12.0575],[74.4117,12.0574],[74.4079,12.0558],[74.407,12.0531],[74.4069,12.0511],[74.4073,12.0464],[74.404,12.0466],[74.4009,12.0505],[74.4005,12.0535],[74.3972,12.0558],[74.3949,12.0575],[74.3916,12.0601],[74.3912,12.0623],[74.3873,12.0672],[74.3858,12.0699],[74.388,12.0738],[74.3894,12.0755],[74.3931,12.0794],[74.395,12.0826],[74.3971,12.0844],[74.3982,12.0874],[74.3988,12.0902],[74.3987,12.0917],[74.3958,12.0949],[74.395,12.0963],[74.3949,12.0989],[74.3983,12.1004],[74.401,12.0996],[74.4042,12.0994],[74.4071,12.1012],[74.4097,12.1029],[74.4148,12.1062],[74.416,12.1078],[74.4163,12.1116],[74.4153,12.114],[74.4125,12.1159],[74.4104,12.1193],[74.41,12.1241],[74.4098,12.1275],[74.4071,12.129],[74.4044,12.1307],[74.4007,12.1315],[74.3983,12.1295],[74.3978,12.1238],[74.4009,12.1229],[74.404,12.1208],[74.4056,12.1185],[74.4104,12.1171],[74.4123,12.1173],[74.4171,12.1179],[74.4209,12.1188],[74.4242,12.1171],[74.426,12.1135],[74.4278,12.1114],[74.4255,12.1105],[74.4221,12.1079],[74.418,12.1073],[74.4166,12.105],[74.416,12.1027],[74.4139,12.0993],[74.4117,12.0978],[74.4079,12.0964],[74.4062,12.0966],[74.4044,12.0987],[74.4024,12.1004],[74.3974,12.0998],[74.3938,12.0999],[74.389,12.1023],[74.3855,12.1041],[74.3834,12.1062],[74.3817,12.1078],[74.3785,12.1097],[74.3743,12.1106],[74.3736,12.1153],[74.3745,12.1182],[74.3723,12.1219],[74.3713,12.1235],[74.3697,12.1281],[74.3683,12.1318],[74.3689,12.1352],[74.3719,12.1367],[74.3762,12.1374],[74.376,12.134],[74.3763,12.1298],[74.3732,12.1279],[74.3707,12.1247],[74.3678,12.1239],[74.3626,12.1243],[74.3615,12.1251],[74.3594,12.1292],[74.3608,12.1319],[74.3631,12.1358],[74.3646,12.1378],[74.3677,12.1418],[74.3711,12.1436],[74.3749,12.1464],[74.3775,12.147],[74.3824,12.1476],[74.383,12.1503],[74.3808,12.1538],[74.3784,12.1566],[74.3765,12.1586],[74.3772,12.1607],[74.3814,12.162],[74.386,12.161],[74.3895,12.1604],[74.392,12.1609],[74.3941,12.1621],[74.3964,12.1633],[74.4005,12.1615],[74.4038,12.159],[74.4079,12.1553],[74.4102,12.1526],[74.4134,12.1499],[74.4139,12.1486],[74.4137,12.1428],[74.4113,12.1398],[74.408,12.1394],[74.4068,12.1401],[74.4059,12.1433],[74.4046,12.1451],[74.4039,12.1495],[74.4053,12.1514],[74.4044,12.1538],[74.4029,12.157],[74.4016,12.1615],[74.4,12.1629],[74.4007,12.1681],[74.402,12.1705],[74.4053,12.1745],[74.4064,12.1759],[74.406,12.1777],[74.4052,12.1804],[74.408,12.1845],[74.4111,12.1873],[74.4156,12.1884],[74.4162,12.1881],[74.4222,12.1888],[74.4276,12.1889],[74.4314,12.1903],[74.4342,12.1908],[74.4381,12.192],[74.4394,12.1945],[74.4379,12.198],[74.4351,12.1989],[74.4317,12.1991],[74.4294,12.201],[74.4253,12.2003],[74.4236,12.1996],[74.4192,12.1967],[74.4181,12.1932],[74.4176,12.1893],[74.418,12.1873],[74.4157,12.185],[74.4142,12.1816],[74.4146,12.1774],[74.4149,12.1752],[74.4154,12.1715],[74.4154,12.1691],[74.4109,12.166],[74.4081,12.1649],[74.4051,12.1606],[74.4045,12.1585],[74.4006,12.1563],[74.3988,12.1569],[74.3948,12.154],[74.393,12.1527],[74.3887,12.1528],[74.3852,12.1528],[74.3813,12.1515],[74.3777,12.1522],[74.3731,12.1545],[74.372,12.1572],[74.3704,12.1627],[74.3715,12.1651],[74.3735,12.167],[74.3763,12.1653],[74.3793,12.165],[74.3829,12.1669],[74.3848,12.1704],[74.3849,12.1731],[74.3851,12.1792],[74.3874,12.1815],[74.3932,12.1823],[74.3944,12.1824],[74.3985,12.1792],[74.3988,12.1764],[74.4005,12.1735],[74.4018,12.1716],[74.4026,12.1699],[74.4033,12.1679],[74.4073,12.1645],[74.4085,12.1625],[74.4105,12.1603],[74.414,12.1595],[74.4199,12.1595],[74.422,12.1614],[74.42,12.1654],[74.4169,12.1663],[74.4136,12.1676],[74.4118,12.1706],[74.4108,12.1716],[74.4077,12.1751],[74.4055,12.1781],[74.4042,12.18],[74.4016,12.1822],[74.4013,12.1822],[74.3975,12.1853],[74.3947,12.1876],[74.391,12.1882],[74.3888,12.1903],[74.386,12.1934],[74.3843,12.1956],[74.3806,12.1934],[74.3799,12.1912],[74.3827,12.1873],[74.3842,12.1864],[74.3881,12.185],[74.3892,12.1874],[74.3929,12.1885],[74.3959,12.1903],[74.4001,12.1908],[74.402,12.1915],[74.4064,12.1922],[74.4106,12.1921],[74.4146,12.1912],[74.4165,12.1888],[74.4197,12.1849],[74.4224,12.1824],[74.4251,12.1815],[74.4275,12.1808],[74.4322,12.1805],[74.4343,12.1807],[74.4396,12.1787],[74.4432,12.1772],[74.448,12.1759],[74.4499,12.1744],[74.4511,12.17],[74.4553,12.1694],[74.4592,12.1685],[74.4613,12.1686],[74.4648,12.1687],[74.4667,12.1664],[74.4669,12.1641],[74.4652,12.1627],[74.4629,12.1598],[74.4589,12.1604],[74.4553,12.1598],[74.4515,12.1593],[74.4516,12.1527],[74.4535,12.1499],[74.4585,12.1446],[74.4593,12.1423],[74.4612,12.1384],[74.4613,12.1361],[74.4638,12.1323],[74.4654,12.1299],[74.4618,12.1263],[74.4605,12.1266],[74.456,12.1278],[74.4545,12.1282],[74.449,12.1286],[74.446,12.128],[74.4417,12.1287],[74.4394,12.1306],[74.4354,12.1336],[74.4319,12.1366],[74.4314,12.1405],[74.431,12.1423],[74.4271,12.1431],[74.4248,12.1431],[74.4221,12.1423],[74.4192,12.1405],[74.415,12.1402],[74.4123,12.1411],[74.4083,12.1418],[74.4046,12.1435],[74.4008,12.1467],[74.4003,12.1488],[74.3991,12.1522],[74.3978,12.153],[74.391,12.1557],[74.3889,12.156],[74.3855,12.157],[74.3841,12.1571],[74.3791,12.1612],[74.3777,12.1642],[74.3773,12.1678],[74.3779,12.1699],[74.3773,12.1735],[74.377,12.1753],[74.3735,12.179],[74.3713,12.1815],[74.3684,12.1863],[74.3647,12.1878],[74.3614,12.1882],[74.3591,12.1897],[74.3545,12.1942],[74.3519,12.1935],[74.3507,12.1905],[74.3505,12.1891],[74.3528,12.1834],[74.3512,12.1819],[74.3512,12.1782],[74.3533,12.1777],[74.3565,12.1761],[74.3575,12.1747],[74.3609,12.1706],[74.3622,12.1673],[74.3675,12.1657],[74.3682,12.1689],[74.3682,12.1722],[74.3677,12.1756],[74.3662,12.1769],[74.364,12.1789],[74.3637,12.1835],[74.3634,12.1858],[74.3592,12.1879],[74.3579,12.1912],[74.3583,12.1938],[74.3592,12.1959],[74.3623,12.2014],[74.3628,12.2029],[74.3666,12.2056],[74.3701,12.2071],[74.3746,12.2095],[74.3775,12.2112],[74.3784,12.2145],[74.3811,12.213],[74.3846,12.2131],[74.3848,12.2161],[74.3832,12.221],[74.383,12.2236],[74.3845,12.2265],[74.3865,12.2238],[74.3894,12.2219],[74.391,12.2205],[74.3946,12.2164],[74.3957,12.2133],[74.3984,12.2088],[74.4001,12.205],[74.4036,12.2052],[74.4049,12.2042],[74.4065,12.2011],[74.41,12.1996],[74.4126,12.1978],[74.4154,12.1981],[74.4179,12.1994],[74.4222,12.2013],[74.4267,12.2018],[74.4282,12.203],[74.4317,12.2075],[74.4313,12.2112],[74.4292,12.2144],[74.4279,12.2175],[74.4284,12.2207],[74.4304,12.2225],[74.429,12.2274],[74.4291,12.2303],[74.4297,12.2354],[74.4278,12.2381],[74.4305,12.2418],[74.4345,12.2421],[74.4387,12.2438],[74.4409,12.2438],[74.4413,12.2467],[74.4413,12.2491],[74.4399,12.2553],[74.441,12.2579],[74.4435,12.2615],[74.4463,12.2635],[74.4482,12.2661],[74.4507,12.2675],[74.4541,12.27],[74.4566,12.2703],[74.4615,12.2722],[74.4632,12.275],[74.4635,12.278],[74.4661,12.2791],[74.4697,12.2789],[74.4735,12.2795],[74.4766,12.2824],[74.4785,12.2839],[74.478,12.2884],[74.4786,12.2907],[74.4784,12.2947],[74.4778,12.2975],[74.474,12.3012],[74.4727,12.3029],[74.4688,12.3057],[74.4656,12.3056],[74.464,12.3006],[74.4627,12.2992],[74.4612,12.2953],[74.4624,12.2927],[74.4601,12.2893],[74.4572,12.2868],[74.4511,12.288],[74.4486,12.2874],[74.4458,12.29],[74.4467,12.2926],[74.4486,12.2957],[74.4497,12.2994],[74.4494,12.3036],[74.4502,12.3052],[74.453,12.3093],[74.4556,12.3111],[74.4599,12.3143],[74.4607,12.3183],[74.4637,12.3211],[74.4631,12.3239],[74.4603,12.3292],[74.4593,12.3311],[74.4552,12.3323],[74.4543,12.3311],[74.4551,12.3275],[74.4563,12.3244],[74.4536,12.3222],[74.4497,12.3228],[74.4515,12.3265],[74.4542,12.3273],[74.4571,12.3247],[74.4608,12.3244],[74.4646,12.325],[74.4677,12.3241],[74.4686,12.3203],[74.4669,12.3183],[74.4691,12.3143],[74.4714,12.3117],[74.4737,12.3091],[74.4753,12.3074],[74.4769,12.3034],[74.4782,12.3001],[74.475,12.2984],[74.4733,12.2967],[74.4671,12.2967],[74.465,12.2938],[74.4649,12.2872],[74.4646,12.2858],[74.4665,12.2829],[74.4688,12.2818],[74.4736,12.2841],[74.4765,12.2862],[74.4784,12.29],[74.4797,12.2916],[74.4829,12.2931],[74.4858,12.2915],[74.4872,12.288],[74.4868,12.2856],[74.4868,12.2814],[74.4878,12.2788],[74.4866,12.2754],[74.4873,12.2719],[74.4899,12.2685],[74.4928,12.2672],[74.4986,12.2692],[74.5024,12.27],[74.505,12.2711],[74.5069,12.269],[74.5091,12.2657],[74.5068,12.2634],[74.5019,12.265],[74.5012,12.2671],[74.5028,12.2711],[74.5034,12.2739],[74.5035,12.2794],[74.5036,12.2831],[74.5051,12.2894],[74.5053,12.2928],[74.5064,12.296],[74.5099,12.2983],[74.5122,12.3023],[74.5158,12.3024],[74.5202,12.302],[74.524,12.3032],[74.5277,12.304],[74.5297,12.3027],[74.5352,12.3008],[74.5376,12.3024],[74.5425,12.3019],[74.5437,12.2993],[74.5463,12.298],[74.544,12.2939],[74.5428,12.2904],[74.5435,12.2856],[74.5445,12.2824],[74.5432,12.2803],[74.5408,12.2767],[74.5387,12.2755],[74.5335,12.2737],[74.5312,12.272],[74.527,12.2735],[74.524,12.273],[74.5197,12.2706],[74.5166,12.2689],[74.512,12.2687],[74.5126,12.2661],[74.5135,12.2622],[74.5144,12.2599],[74.5153,12.2571],[74.5151,12.2537],[74.5154,12.2495],[74.5176,12.2482],[74.5229,12.251],[74.5239,12.2528],[74.5268,12.2521],[74.5265,12.2493],[74.5243,12.2465],[74.521,12.2452],[74.5172,12.243],[74.514,12.2441],[74.5101,12.2472],[74.5087,12.2493],[74.5065,12.254],[74.5042,12.2565],[74.5019,12.2568],[74.4988,12.2576],[74.4946,12.2581],[74.4914,12.2586],[74.4868,12.2595],[74.4842,12.2596],[74.4805,12.2608],[74.4788,12.2623],[74.474,12.2647],[74.4725,12.2669],[74.4702,12.2697],[74.4673,12.27],[74.4632,12.2704],[74.461,12.2664],[74.4583,12.2648],[74.4556,12.2631],[74.4513,12.2652],[74.4483,12.2695],[74.4475,12.2742],[74.4464,12.277],[74.444,12.2797],[74.4421,12.2816],[74.4429,12.2859],[74.444,12.2868],[74.4475,12.2869],[74.4497,12.2875],[74.4517,12.2891],[74.4539,12.2909],[74.4579,12.294],[74.4594,12.2958],[74.4588,12.3004],[74.4593,12.3028],[74.4603,12.306],[74.4636,12.3079],[74.4682,12.3107],[74.4712,12.3119],[74.4715,12.3145],[74.4694,12.317],[74.4673,12.3222],[74.4663,12.3244],[74.4695,12.3271],[74.4688,12.3291],[74.4683,12.3323],[74.4723,12.3322],[74.4779,12.3322],[74.4788,12.3312],[74.4801,12.3286],[74.4796,12.3269],[74.4785,12.3233],[74.4789,12.321],[74.4812,12.3196],[74.4843,12.3193],[74.49,12.3212],[74.4921,12.3226],[74.4952,12.3202],[74.4977,12.321],[74.5018,12.3236],[74.5049,12.326],[74.5063,12.3307],[74.509,12.3329],[74.5094,12.3371],[74.5082,12.3403],[74.5061,12.3437],[74.5061,12.3471],[74.5037,12.3531],[74.5003,12.355],[74.4968,12.3558],[74.4947,12.3556],[74.4908,12.3538],[74.4915,12.3522],[74.4936,12.3479],[74.4948,12.3436],[74.4951,12.3404],[74.4966,12.3375],[74.4964,12.3338],[74.4967,12.3325],[74.4995,12.3282],[74.5017,12.3266],[74.5068,12.3262],[74.509,12.3266],[74.5098,12.3297],[74.5098,12.3334],[74.5094,12.3376],[74.5105,12.339],[74.5142,12.3415],[74.5174,12.3399],[74.5212,12.3367],[74.5219,12.3349],[74.5251,12.331],[74.5277,12.3279],[74.5308,12.3253],[74.5327,12.3226],[74.5324,12.3188],[74.5327,12.3166],[74.5355,12.3137],[74.5371,12.3111],[74.5372,12.3079],[74.5388,12.3059],[74.5418,12.3053],[74.5443,12.3029],[74.5478,12.3005],[74.5499,12.3012],[74.5523,12.3042],[74.5542,12.305],[74.5597,12.3047],[74.5633,12.3043],[74.5684,12.3042],[74.5708,12.3051],[74.5755,12.3045],[74.5766,12.3009],[74.581,12.2996],[74.5852,12.2999],[74.5876,12.2999],[74.5895,12.3024],[74.5905,12.307],[74.5877,12.309],[74.5834,12.3105],[74.5802,12.3138],[74.5772,12.3164],[74.5767,12.3178],[74.576,12.3228],[74.573,12.3246],[74.5702,12.3265],[74.5701,12.3279],[74.5696,12.3335],[74.5705,12.3364],[74.571,12.3409],[74.5694,12.3427],[74.5674,12.3464],[74.5662,12.3505],[74.5638,12.3531],[74.5631,12.3546],[74.5589,12.3564],[74.5541,12.3566],[74.5493,12.3586],[74.5478,12.3628],[74.5455,12.3667],[74.548,12.3692],[74.5495,12.3725],[74.5484,12.3759],[74.5489,12.3811],[74.5477,12.3842],[74.5455,12.3884],[74.5451,12.3912],[74.548,12.3959],[74.5485,12.3979],[74.5475,12.4017],[74.5496,12.4043],[74.5519,12.4079],[74.5513,12.4109],[74.5477,12.416],[74.5473,12.421],[74.546,12.4254],[74.5484,12.4266],[74.5515,12.4279],[74.5544,12.4303],[74.5544,12.4331],[74.5533,12.4367],[74.5494,12.4372],[74.5461,12.436],[74.5414,12.4336],[74.5392,12.4323],[74.5374,12.4306],[74.534,12.43],[74.5299,12.4313],[74.5274,12.4316],[74.5235,12.4322],[74.5208,12.4332],[74.5171,12.4348],[74.5143,12.4357],[74.51,12.4371],[74.5071,12.4388],[74.5024,12.4404],[74.5007,12.4422],[74.4967,12.442],[74.4928,12.441],[74.4877,12.4413],[74.4866,12.4431],[74.4856,12.4461],[74.4822,12.447],[74.4792,12.4476],[74.4761,12.4473],[74.4714,12.4446],[74.4693,12.4436],[74.4646,12.4451],[74.4626,12.447],[74.461,12.4514],[74.4593,12.4553],[74.4614,12.4573],[74.4626,12.46],[74.4665,12.4627],[74.4688,12.4653],[74.4722,12.4679],[74.4736,12.4673],[74.4767,12.4643],[74.4732,12.4627],[74.4678,12.4627],[74.4663,12.461],[74.4664,12.4563],[74.4685,12.4534],[74.4708,12.4519],[74.4749,12.4531],[74.476,12.4575],[74.477,12.4578],[74.4817,12.4596],[74.485,12.4582],[74.4877,12.4597],[74.4897,12.4622],[74.4921,12.4659],[74.4947,12.4671],[74.4981,12.4684],[74.5017,12.4672],[74.5038,12.4656],[74.5058,12.4623],[74.5069,12.4586],[74.5078,12.4563],[74.5094,12.4533],[74.5102,12.4516],[74.5114,12.4492],[74.5139,12.4472],[74.5137,12.4447],[74.5107,12.4436],[74.5058,12.4431],[74.504,12.4415],[74.5019,12.4379],[74.4995,12.4366],[74.496,12.4348],[74.4945,12.4344],[74.4921,12.4348],[74.4903,12.4374],[74.4867,12.4399],[74.4847,12.4397],[74.4806,12.4369],[74.4783,12.4372],[74.4723,12.4366],[74.4691,12.4369],[74.4645,12.4363],[74.4625,12.4378],[74.4572,12.4394],[74.4562,12.4393],[74.4536,12.4353],[74.4519,12.4324],[74.4483,12.4298],[74.4447,12.4312],[74.4408,12.434],[74.4387,12.4353],[74.4349,12.4329],[74.4341,12.4305],[74.4335,12.4255],[74.4325,12.4234],[74.4314,12.4196],[74.4306,12.4181],[74.4269,12.4133],[74.4264,12.4106],[74.4256,12.408],[74.4263,12.4055],[74.4303,12.4031],[74.4319,12.4011],[74.4312,12.3973],[74.4322,12.3947],[74.4313,12.3892],[74.4282,12.3875],[74.4258,12.3807],[74.4266,12.3772],[74.427,12.3731],[74.4291,12.3709],[74.432,12.3701],[74.4335,12.372],[74.4346,12.376],[74.4372,12.3784],[74.4415,12.3818],[74.4422,12.3834],[74.4385,12.3875],[74.4373,12.3901],[74.4364,12.3942],[74.4346,12.397],[74.4309,12.3994],[74.4297,12.4012],[74.426,12.4042],[74.4227,12.4056],[74.4187,12.4045],[74.4164,12.4032],[74.415,12.3999],[74.4146,12.3974],[74.4165,12.3941],[74.4197,12.3947],[74.4226,12.3969],[74.4231,12.3992],[74.4188,12.4033],[74.4188,12.4055],[74.4185,12.4107],[74.4185,12.4142],[74.4173,12.4166],[74.4156,12.4184],[74.4116,12.4191],[74.4081,12.4204],[74.4047,12.423],[74.4018,12.4236],[74.3973,12.4238],[74.3936,12.4246],[74.3905,12.4243],[74.3879,12.4238],[74.3828,12.4258],[74.3812,12.4267],[74.3785,12.4313],[74.3782,12.4328],[74.3771,12.437],[74.3806,12.4386],[74.3845,12.4367],[74.3875,12.4356],[74.392,12.4347],[74.3956,12.4351],[74.4005,12.4348],[74.4024,12.4338],[74.4035,12.4313],[74.4037,12.4279],[74.403,12.4243],[74.4002,12.4222],[74.3946,12.4228],[74.3935,12.4241],[74.3892,12.4258],[74.3881,12.4243],[74.3897,12.4203],[74.389,12.4166],[74.39,12.4127],[74.3897,12.4103],[74.3874,12.4064],[74.3839,12.4043],[74.3799,12.4035],[74.3775,12.4046],[74.3735,12.4016],[74.374,12.3987],[74.3734,12.394],[74.373,12.3901],[74.3728,12.3859],[74.3755,12.3834],[74.38,12.3824],[74.3843,12.3835],[74.3886,12.3833],[74.3892,12.3811],[74.3886,12.3786],[74.3903,12.3766],[74.3938,12.3728],[74.3954,12.3706],[74.3998,12.3665],[74.4038,12.3656],[74.4071,12.3645],[74.4082,12.3612],[74.4108,12.3577],[74.4152,12.3577],[74.4189,12.3612],[74.4209,12.3633],[74.4236,12.3662],[74.4283,12.368],[74.4313,12.3711],[74.4328,12.3718],[74.4364,12.3691],[74.4368,12.3655],[74.4366,12.3606],[74.4358,12.3593],[74.4315,12.3574],[74.4312,12.3583]]},"properties":{"mmsi":997901105,"name":"SYN-FSH-04","role":"eliminated","vessel_type":30,"synthetic":true,"t_offset_s":[-259200,-259080,-258840,-258480,-258240,-257880,-257640,-257280,-257040,-256680,-256440,-256080,-255840,-255480,-255240,-254880,-254640,-254280,-254040,-253680,-253440,-253080,-252840,-252480,-252240,-251880,-251640,-251280,-251040,-250680,-250440,-250080,-249840,-249480,-249240,-248880,-248640,-248280,-248040,-247680,-247440,-247080,-246840,-246480,-246240,-245880,-245640,-245280,-245040,-244680,-244440,-244080,-243840,-243480,-243240,-242880,-242640,-242280,-242040,-241680,-241440,-241080,-240840,-240480,-240240,-239880,-239640,-239280,-239040,-238680,-238440,-238080,-237840,-237480,-237240,-236880,-236640,-236280,-236040,-235680,-235440,-235080,-234840,-234480,-234240,-233880,-233640,-233280,-233040,-232680,-232440,-232080,-231840,-231480,-231240,-230880,-230640,-230280,-230040,-229680,-229440,-229080,-228840,-228480,-228240,-227880,-227640,-227280,-227040,-226680,-226440,-226080,-225840,-225480,-225240,-224880,-224640,-224280,-224040,-223680,-223440,-223080,-222840,-222480,-222240,-221880,-221640,-221280,-221040,-220680,-220440,-220080,-219840,-219480,-219240,-218880,-218640,-218280,-218040,-217680,-217440,-217080,-216840,-216480,-216240,-215880,-215640,-215280,-215040,-214680,-214440,-214080,-213840,-213480,-213240,-212880,-212640,-212280,-212040,-211680,-211440,-211080,-210840,-210480,-210240,-209880,-209640,-209280,-209040,-208680,-208440,-208080,-207840,-207480,-207240,-206880,-206640,-206280,-206040,-205680,-205440,-205080,-204840,-204480,-204240,-203880,-203640,-203280,-203040,-202680,-202440,-202080,-201840,-201480,-201240,-200880,-200640,-200280,-200040,-199680,-199440,-199080,-198840,-198480,-198240,-197880,-197640,-197280,-197040,-196680,-196440,-196080,-195840,-195480,-195240,-194880,-194640,-194280,-194040,-193680,-193440,-193080,-192840,-192480,-192240,-191880,-191640,-191280,-191040,-190680,-190440,-190080,-189840,-189480,-189240,-188880,-188640,-188280,-188040,-187680,-187440,-187080,-186840,-186480,-186240,-185880,-185640,-185280,-185040,-184680,-184440,-184080,-183840,-183480,-183240,-182880,-182640,-182280,-182040,-181680,-181440,-181080,-180840,-180480,-180240,-179880,-179640,-179280,-179040,-178680,-178440,-178080,-177840,-177480,-177240,-176880,-176640,-176280,-176040,-175680,-175440,-175080,-174840,-174480,-174240,-173880,-173640,-173280,-173040,-172680,-172440,-172080,-171840,-171480,-171240,-170880,-170640,-170280,-170040,-169680,-169440,-169080,-168840,-168480,-168240,-167880,-167640,-167280,-167040,-166680,-166440,-166080,-165840,-165480,-165240,-164880,-164640,-164280,-164040,-163680,-163440,-163080,-162840,-162480,-162240,-161880,-161640,-161280,-161040,-160680,-160440,-160080,-159840,-159480,-159240,-158880,-158640,-158280,-158040,-157680,-157440,-157080,-156840,-156480,-156240,-155880,-155640,-155280,-155040,-154680,-154440,-154080,-153840,-153480,-153240,-152880,-152640,-152280,-152040,-151680,-151440,-151080,-150840,-150480,-150240,-149880,-149640,-149280,-149040,-148680,-148440,-148080,-147840,-147480,-147240,-146880,-146640,-146280,-146040,-145680,-145440,-145080,-144840,-144480,-144240,-143880,-143640,-143280,-143040,-142680,-142440,-142080,-141840,-141480,-141240,-140880,-140640,-140280,-140040,-139680,-139440,-139080,-138840,-138480,-138240,-137880,-137640,-137280,-137040,-136680,-136440,-136080,-135840,-135480,-135240,-134880,-134640,-134280,-134040,-133680,-133440,-133080,-132840,-132480,-132240,-131880,-131640,-131280,-131040,-130680,-130440,-130080,-129840,-129480,-129240,-128880,-128640,-128280,-128040,-127680,-127440,-127080,-126840,-126480,-126240,-125880,-125640,-125280,-125040,-124680,-124440,-124080,-123840,-123480,-123240,-122880,-122640,-122280,-122040,-121680,-121440,-121080,-120840,-120480,-120240,-119880,-119640,-119280,-119040,-118680,-118440,-118080,-117840,-117480,-117240,-116880,-116640,-116280,-116040,-115680,-115440,-115080,-114840,-114480,-114240,-113880,-113640,-113280,-113040,-112680,-112440,-112080,-111840,-111480,-111240,-110880,-110640,-110280,-110040,-109680,-109440,-109080,-108840,-108480,-108240,-107880,-107640,-107280,-107040,-106680,-106440,-106080,-105840,-105480,-105240,-104880,-104640,-104280,-104040,-103680,-103440,-103080,-102840,-102480,-102240,-101880,-101640,-101280,-101040,-100680,-100440,-100080,-99840,-99480,-99240,-98880,-98640,-98280,-98040,-97680,-97440,-97080,-96840,-96480,-96240,-95880,-95640,-95280,-95040,-94680,-94440,-94080,-93840,-93480,-93240,-92880,-92640,-92280,-92040,-91680,-91440,-91080,-90840,-90480,-90240,-89880,-89640,-89280,-89040,-88680,-88440,-88080,-87840,-87480,-87240,-86880,-86640,-86280,-86040,-85680,-85440,-85080,-84840,-84480,-84240,-83880,-83640,-83280,-83040,-82680,-82440,-82080,-81840,-81480,-81240,-80880,-80640,-80280,-80040,-79680,-79440,-79080,-78840,-78480,-78240,-77880,-77640,-77280,-77040,-76680,-76440,-76080,-75840,-75480,-75240,-74880,-74640,-74280,-74040,-73680,-73440,-73080,-72840,-72480,-72240,-71880,-71640,-71280,-71040,-70680,-70440,-70080,-69840,-69480,-69240,-68880,-68640,-68280,-68040,-67680,-67440,-67080,-66840,-66480,-66240,-65880,-65640,-65280,-65040,-64680,-64440,-64080,-63840,-63480,-63240,-62880,-62640,-62280,-62040,-61680,-61440,-61080,-60840,-60480,-60240,-59880,-59640,-59280,-59040,-58680,-58440,-58080,-57840,-57480,-57240,-56880,-56640,-56280,-56040,-55680,-55440,-55080,-54840,-54480,-54240,-53880,-53640,-53280,-53040,-52680,-52440,-52080,-51840,-51480,-51240,-50880,-50640,-50280,-50040,-49680,-49440,-49080,-48840,-48480,-48240,-47880,-47640,-47280,-47040,-46680,-46440,-46080,-45840,-45480,-45240,-44880,-44640,-44280,-44040,-43680,-43440,-43080,-42840,-42480,-42240,-41880,-41640,-41280,-41040,-40680,-40440,-40080,-39840,-39480,-39240,-38880,-38640,-38280,-38040,-37680,-37440,-37080,-36840,-36480,-36240,-35880,-35640,-35280,-35040,-34680,-34440,-34080,-33840,-33480,-33240,-32880,-32640,-32280,-32040,-31680,-31440,-31080,-30840,-30480,-30240,-29880,-29640,-29280,-29040,-28680,-28440,-28080,-27840,-27480,-27240,-26880,-26640,-26280,-26040,-25680,-25440,-25080,-24840,-24480,-24240,-23880,-23640,-23280,-23040,-22680,-22440,-22080,-21840,-21480,-21240,-20880,-20640,-20280,-20040,-19680,-19440,-19080,-18840,-18480,-18240,-17880,-17640,-17280,-17040,-16680,-16440,-16080,-15840,-15480,-15240,-14880,-14640,-14280,-14040,-13680,-13440,-13080,-12840,-12480,-12240,-11880,-11640,-11280,-11040,-10680,-10440,-10080,-9840,-9480,-9240,-8880,-8640,-8280,-8040,-7680,-7440,-7080,-6840,-6480,-6240,-5880,-5640,-5280,-5040,-4680,-4440,-4080,-3840,-3480,-3240,-2880,-2640,-2280,-2040,-1680,-1440,-1080,-840,-480,-240,120,360,720,960,1320,1560,1920,2160,2520,2760,3120,3360,3720,3960,4320,4560,4920,5160,5520,5760,6120,6360,6720,6960,7320,7560,7920,8160,8520,8760,9120,9360,9720,9960,10320,10560,10920,11160,11520,11760,12120,12360,12720,12960,13320,13560,13920,14160,14520,14760,15120,15360,15720,15960,16320,16560,16920,17160,17520,17760,18120,18360,18720,18960,19320,19560,19920,20160,20520,20760,21120,21360,21720,21960,22320,22560,22920,23160,23520,23760,24120,24360,24720,24960,25320,25560,25920,26160,26520,26760,27120,27360,27720,27960,28320,28560,28920,29160,29520,29760,30120,30360,30720,30960,31320,31560,31920,32160,32520,32760,33120,33360,33720,33960,34320,34560,34920,35160,35520,35760,36120,36360,36720,36960,37320,37560,37920,38160,38520,38760,39120,39360,39720,39960,40320,40560,40920,41160,41520,41760,42120,42360,42720,42960,43320,43560,43920,44160,44520,44760,45120,45360,45720,45960,46320,46560,46920,47160,47520,47760,48120,48360,48720,48960,49320,49560,49920,50160,50520,50760,51120,51360,51720,51960,52320,52560,52920,53160,53520,53760,54120,54360,54720,54960,55320,55560,55920,56160,56520,56760,57120,57360,57720,57960,58320,58560,58920,59160,59520,59760,60120,60360,60720,60960,61320,61560,61920,62160,62520,62760,63120,63360,63720,63960,64320,64560,64920,65160,65520,65760,66120,66360,66720,66960,67320,67560,67920,68160,68520,68760,69120,69360,69720,69960,70320,70560,70920,71160,71520,71760,72120,72360,72720,72960,73320,73560,73920,74160,74520,74760,75120,75360,75720,75960,76320,76560,76920,77160,77520,77760,78120,78360,78720,78960,79320,79560,79920,80160,80520,80760,81120,81360,81720,81960,82320,82560,82920,83160,83520,83760,84120,84360,84720,84960,85320,85560,85920,86160],"sog":[1.6,2.1,1.7,3.4,2.6,1.1,2.8,1.9,2.7,3.3,3.4,2.7,2.7,4.6,2.0,1.0,3.8,2.9,2.2,3.3,3.9,3.4,1.6,0.3,1.6,2.4,3.5,2.4,2.4,2.2,3.5,4.5,4.1,2.2,1.9,3.2,2.9,1.8,2.9,2.5,3.3,4.1,3.0,0.3,2.2,3.1,2.8,1.5,3.2,0.8,0.9,2.4,1.7,2.3,1.4,5.3,1.6,2.4,2.6,2.5,2.8,1.6,2.5,3.8,3.1,2.6,2.9,3.3,1.9,3.3,3.1,2.2,3.9,2.7,2.1,1.5,3.1,4.3,1.2,3.6,2.3,1.8,1.5,3.0,2.5,2.9,4.2,1.8,4.0,2.2,2.7,3.0,3.7,2.7,4.7,2.2,4.5,2.7,3.1,4.3,1.9,2.4,3.9,4.1,0.4,2.1,2.4,3.5,2.2,5.9,3.0,2.9,3.6,2.3,2.4,2.4,2.4,3.1,1.9,0.8,4.6,3.1,2.7,3.3,3.9,2.9,1.8,3.5,1.8,3.5,3.4,2.9,2.7,4.4,2.4,2.4,3.3,2.5,1.8,2.7,4.8,2.8,3.0,1.6,3.5,3.6,4.0,1.7,3.1,3.1,2.5,2.0,3.1,3.5,2.9,2.8,3.6,1.0,3.4,3.1,3.8,2.2,3.1,3.6,2.5,3.5,2.9,1.8,2.0,2.8,2.2,2.5,3.5,3.6,1.8,1.8,3.8,5.2,3.2,4.2,3.4,2.9,2.7,3.7,5.0,1.2,3.5,4.0,4.3,2.0,2.7,1.6,3.1,3.4,4.5,1.6,2.5,3.4,1.4,3.7,3.3,2.8,2.0,3.3,3.1,3.0,2.9,3.5,2.2,1.1,1.9,2.7,3.4,3.8,2.7,3.4,3.6,1.9,1.1,2.2,2.5,1.9,3.2,3.6,3.0,2.0,4.2,0.9,4.1,3.2,1.8,4.9,1.9,0.4,2.4,3.0,1.4,4.3,2.6,1.3,3.4,2.9,1.9,0.5,4.5,3.3,2.2,3.9,4.6,3.2,3.1,3.0,2.1,1.2,3.2,2.2,2.0,2.0,0.5,2.4,2.9,2.1,4.7,1.8,3.4,2.7,3.0,2.5,4.1,1.4,2.2,1.6,3.6,2.9,3.2,1.2,2.8,2.8,4.1,1.3,2.9,3.0,2.3,3.6,3.5,2.4,3.0,5.3,1.2,4.6,3.3,2.9,2.1,3.3,3.0,3.5,2.7,1.4,1.6,3.6,0.9,2.3,2.8,0.8,2.8,2.3,2.9,4.1,2.8,4.4,2.9,1.7,4.6,3.2,3.2,0.7,3.3,0.9,2.6,4.8,4.0,1.8,2.2,2.4,2.0,2.2,2.6,2.2,3.8,0.3,2.0,2.5,3.6,2.8,3.0,3.2,2.4,1.8,1.4,2.8,3.0,2.6,3.4,2.9,3.6,2.5,1.7,1.4,4.0,2.8,2.0,1.0,1.4,3.0,3.7,1.4,3.3,3.6,3.9,2.4,3.0,1.8,3.0,2.3,1.2,4.2,2.4,2.6,3.4,2.5,3.8,3.8,3.5,2.6,2.1,3.1,4.3,0.4,2.7,4.9,3.7,2.0,0.7,1.0,1.3,4.1,2.9,3.1,3.9,2.5,1.8,3.8,3.6,0.6,0.6,2.2,1.4,3.6,1.2,2.7,4.1,3.9,3.2,2.1,3.1,3.6,1.9,1.7,3.0,2.8,2.8,3.8,1.0,4.0,4.9,3.6,2.8,1.7,2.6,3.4,2.0,2.1,1.4,0.6,2.1,3.6,2.6,3.0,2.5,1.6,2.7,3.8,1.5,2.5,2.9,2.5,1.2,3.6,1.8,3.6,1.3,2.5,2.2,2.2,3.5,4.8,2.4,2.1,1.7,2.4,3.7,2.0,2.1,2.5,2.9,2.5,3.4,4.2,3.4,2.1,1.2,2.5,3.4,1.9,2.3,1.2,2.0,3.5,2.4,1.4,2.4,3.5,3.4,2.2,3.1,1.7,2.7,0.3,3.7,2.3,1.5,1.1,0.3,2.4,2.9,3.5,3.0,1.5,4.3,3.7,2.5,2.8,1.0,2.1,2.2,3.2,3.2,1.9,3.3,1.3,3.1,2.9,3.9,2.2,3.2,1.7,2.9,3.5,1.2,3.2,3.2,2.3,1.1,1.7,4.6,2.9,1.8,0.9,2.7,0.5,2.0,3.1,2.9,1.9,3.4,4.9,4.1,5.0,1.6,4.1,1.2,3.4,2.3,2.3,1.7,2.5,1.7,2.5,2.0,2.5,1.7,3.3,3.5,1.4,2.2,3.0,3.2,1.4,2.0,2.1,3.0,2.7,4.0,3.1,3.1,1.5,2.7,4.0,3.1,3.7,1.3,3.7,4.0,0.3,0.6,2.8,2.8,2.8,2.8,3.0,3.4,3.2,2.5,3.7,2.1,2.6,2.0,4.8,2.9,2.3,3.0,2.0,1.5,4.5,2.8,3.0,4.0,0.9,3.8,1.5,1.8,3.4,3.0,3.1,3.0,2.4,2.5,2.5,1.1,3.0,4.3,3.4,2.6,2.5,2.8,3.3,3.0,3.7,3.0,1.9,3.4,2.1,2.5,3.4,3.0,2.2,3.0,2.7,1.2,2.0,4.3,1.4,1.7,0.5,4.9,3.6,2.0,5.0,1.3,1.7,3.5,1.6,1.9,3.3,2.0,3.1,2.3,1.4,3.4,3.2,1.6,3.0,1.7,3.8,2.3,4.1,3.3,1.8,2.1,3.7,2.0,3.7,1.6,2.4,2.5,1.0,4.1,3.2,1.9,1.4,2.2,3.8,3.0,3.3,2.1,2.1,3.4,4.9,2.5,2.2,2.5,2.3,3.3,3.8,2.2,2.3,2.4,3.3,3.1,1.5,2.3,3.1,3.3,2.2,3.7,2.9,2.8,2.1,2.5,0.7,1.3,3.3,3.4,2.7,3.8,0.5,3.2,0.9,3.8,1.6,2.8,3.5,1.5,2.2,3.0,1.6,2.4,2.8,3.4,1.7,2.1,5.1,2.9,3.7,1.1,2.1,1.6,4.5,3.0,3.7,2.1,2.5,3.7,1.1,2.0,2.2,2.0,2.3,5.0,4.8,2.5,3.8,4.7,1.9,2.8,0.9,2.0,4.6,2.7,2.7,2.1,2.7,3.3,4.5,2.2,1.4,2.9,3.8,3.7,2.5,2.9,1.9,3.3,4.3,2.8,3.6,2.9,0.5,4.5,1.6,5.3,2.6,4.0,2.8,1.6,2.5,2.6,2.5,2.5,2.5,3.5,2.2,4.0,1.5,1.1,2.0,3.4,4.2,1.2,2.8,0.3,0.6,2.0,2.6,2.9,3.2,3.4,2.3,3.1,2.0,4.2,1.9,3.3,2.4,3.2,3.0,3.3,3.1,2.8,2.5,1.6,1.7,2.8,2.8,5.0,1.3,4.4,1.8,4.9,2.6,3.1,1.1,3.7,1.6,1.2,3.0,2.2,2.7,3.8,3.6,1.9,3.3,2.1,2.4,2.4,2.9,2.5,0.4,2.2,3.0,0.6,3.0,2.8,2.6,3.8,4.2,0.8,2.8,0.6,1.7,3.6,2.9,2.0,5.0,1.0,2.7,2.6,2.8,4.1,3.8,3.2,2.5,3.6,1.9,3.6,4.6,1.5,1.5,2.1,1.4,2.8,3.4,4.9,2.2,3.3,2.6,0.4,1.1,3.1,2.8,3.1,2.6,3.8,1.9,1.8,2.6,1.9,3.6,1.7,2.4,4.4,2.8,1.8,3.5,1.5,3.7,2.7,0.3,2.8,2.4,2.5,1.4,1.9,3.3,3.5,4.7,3.3,3.1,2.0,2.7,3.0,2.9,4.5,1.5,3.5,3.5,3.2,2.4,4.4,2.8,1.1,3.5,4.0,2.2,2.1,3.6,2.9,1.4,2.5,3.0,5.0,3.5,2.0,2.5,5.6,3.7,4.3,3.4,4.5,1.9,3.2,2.3,3.0,3.3,1.2,4.9,1.1,2.9,3.7,1.8,3.6,3.7,5.5,4.0,3.4,2.8,3.2,0.3,3.5,3.6,2.5,4.2,2.8,0.3,1.8,3.4,2.8,3.2,1.9,3.2,3.5,1.5,1.5,2.9,1.6,1.6,3.6,1.9,2.7,1.6,4.4,1.5,2.7,4.6,1.9,3.1,2.0,2.5,3.4,0.8,2.9,4.1,3.2,2.2,1.2,1.8,3.5,2.4,2.6,3.8,2.3,2.3,4.1,3.0,0.7,4.1,2.6,1.9,2.7,0.9,3.7,3.3,3.8,3.5,2.6,3.2,1.1,0.4,2.7,2.1,3.2,0.9,4.0,3.6,1.7,1.9,3.0,1.4,2.1,1.8,4.0,2.9,1.5,2.7,4.0,3.2,1.7,3.7,1.3,2.9,2.1,3.3,3.0,2.4,4.4,4.3,3.2,2.2,2.5,2.6,1.9,1.1,0.7,2.5,2.2,0.5,1.9,2.8,1.8,2.4,2.7,2.3,4.4,4.5,2.4,4.0,3.3,1.2,1.5,0.3,3.2,5.1,0.8,5.3,3.0,3.2,4.3,2.3,1.5,4.3,3.1,2.4,3.0,1.4,0.9,2.0,2.9,2.3,4.1,4.4,1.8,3.9,3.5,1.5,2.2,1.5,2.7,2.7,1.6,1.1,3.4,2.7,1.3,3.0,2.1,2.8,1.8,1.6,3.3,3.7,4.4,2.3,3.4,2.4,1.3,2.4,3.6,2.4,3.5,4.3,1.0,1.9,2.7,3.7,3.3,3.8,2.8,3.1,3.3,2.4,2.7,2.1,4.6,3.2,3.6,1.6,2.8,2.2,4.2,3.4,2.1,0.3,3.9,2.6,2.0,3.4,4.2,1.1,2.9,3.1,3.9,2.8,3.9,2.3,3.4,2.0,0.6,3.5,3.4,3.0,1.7,1.6,1.2]}},{"type":"Feature","geometry":{"type":"LineString","coordinates":[[73.7624,9.5384],[73.756,9.5487],[73.7495,9.5585],[73.7405,9.5728],[73.7341,9.582],[73.7256,9.5962],[73.7188,9.606],[73.7096,9.621],[73.7034,9.6307],[73.6936,9.6447],[73.6871,9.6545],[73.677,9.6696],[73.67,9.6794],[73.6604,9.6929],[73.6533,9.7025],[73.6428,9.7165],[73.636,9.7259],[73.6257,9.7401],[73.619,9.7495],[73.6089,9.7638],[73.6026,9.7732],[73.5928,9.7874],[73.5863,9.797],[73.5765,9.8114],[73.57,9.8211],[73.5602,9.8355],[73.5539,9.8447],[73.5443,9.8592],[73.5382,9.8683],[73.5287,9.8831],[73.523,9.8933],[73.5134,9.9083],[73.5072,9.9184],[73.4978,9.933],[73.4918,9.9427],[73.4823,9.9569],[73.4761,9.9667],[73.4667,9.9813],[73.4605,9.9911],[73.4507,10.006],[73.4439,10.016],[73.4351,10.0304],[73.429,10.0401],[73.4192,10.055],[73.4129,10.0646],[73.403,10.0792],[73.3972,10.0885],[73.3872,10.1029],[73.3806,10.1124],[73.3705,10.1271],[73.3636,10.1366],[73.3536,10.1508],[73.3466,10.1605],[73.3365,10.1752],[73.33,10.1851],[73.32,10.1992],[73.3136,10.2082],[73.303,10.2228],[73.2959,10.2323],[73.2861,10.2464],[73.2785,10.2556],[73.268,10.2695],[73.2606,10.2787],[73.2499,10.2921],[73.2429,10.3016],[73.2316,10.3145],[73.2238,10.3234],[73.2125,10.3365],[73.2045,10.3449],[73.1933,10.3582],[73.1861,10.3666],[73.1746,10.3796],[73.1668,10.3882],[73.1554,10.4008],[73.1474,10.4095],[73.1356,10.4222],[73.1277,10.4307],[73.1163,10.4434],[73.1089,10.4516],[73.097,10.4647],[73.0889,10.4735],[73.0773,10.4863],[73.0692,10.4951],[73.0579,10.5077],[73.0503,10.5163],[73.0388,10.5293],[73.0308,10.5382],[73.0192,10.5505],[73.0117,10.5591],[72.9999,10.572],[72.992,10.5809],[72.9803,10.5939],[72.9731,10.6023],[72.9618,10.6153],[72.9543,10.6238],[72.9432,10.6373],[72.9355,10.6459],[72.9243,10.6595],[72.917,10.6681],[72.9055,10.6817],[72.8978,10.6905],[72.8864,10.7038],[72.8788,10.7123],[72.8672,10.7258],[72.859,10.7344],[72.8476,10.7469],[72.8398,10.7557],[72.828,10.7681],[72.8195,10.7769],[72.8075,10.7898],[72.8,10.798],[72.7878,10.8105],[72.78,10.8189],[72.7679,10.8315],[72.7604,10.8394],[72.748,10.8531],[72.7409,10.861],[72.7287,10.8742],[72.7206,10.883],[72.7091,10.8958],[72.7011,10.904],[72.6895,10.9169],[72.6814,10.9253],[72.6698,10.9378],[72.6617,10.9463],[72.6501,10.959],[72.6419,10.9676],[72.6303,10.9803],[72.6221,10.9881],[72.6093,11.0012],[72.6007,11.0094],[72.5885,11.0215],[72.5798,11.0294],[72.5672,11.0412],[72.5586,11.0493],[72.545,11.0613],[72.5368,11.0692],[72.524,11.0807],[72.5146,11.0888],[72.5015,11.1004],[72.4925,11.1084],[72.4793,11.1193],[72.4708,11.1267],[72.4573,11.1382],[72.4487,11.1455],[72.4354,11.1571],[72.4266,11.1649],[72.4134,11.1766],[72.4049,11.1842],[72.3922,11.1955],[72.3837,11.203],[72.3707,11.215],[72.3615,11.222],[72.3481,11.2337],[72.3394,11.2405],[72.3267,11.2517],[72.3176,11.2594],[72.3043,11.2714],[72.2951,11.2789],[72.2823,11.29],[72.2731,11.2978],[72.2594,11.3096],[72.251,11.3166],[72.2375,11.3272],[72.2282,11.3347],[72.215,11.3455],[72.2061,11.3528],[72.1927,11.3629],[72.1839,11.3703],[72.17,11.3811],[72.1611,11.388],[72.1475,11.3989],[72.1384,11.4063],[72.1249,11.4164],[72.1157,11.4237],[72.1012,11.435],[72.092,11.4418],[72.0786,11.4524],[72.0694,11.4596],[72.0559,11.47],[72.0466,11.4772],[72.0328,11.4876],[72.0238,11.4949],[72.01,11.5054],[72.0012,11.5125],[71.9874,11.5234],[71.979,11.5302],[71.9643,11.5414],[71.9556,11.5484],[71.9419,11.559],[71.9326,11.5664],[71.919,11.5772],[71.9097,11.5847],[71.8963,11.5959],[71.8874,11.6032],[71.8739,11.6145],[71.8651,11.622],[71.8516,11.633],[71.8426,11.6405],[71.8295,11.6513],[71.8201,11.6588],[71.8065,11.6699],[71.7974,11.6772],[71.7842,11.6882],[71.7746,11.6957],[71.7605,11.7069],[71.7517,11.7145],[71.7379,11.7253],[71.7292,11.7333],[71.7153,11.7432],[71.7063,11.7504],[71.6925,11.7612],[71.683,11.7681],[71.6695,11.7785],[71.6599,11.7852],[71.6456,11.7958],[71.6359,11.8023],[71.622,11.813],[71.6128,11.8198],[71.5986,11.8304],[71.5891,11.8374],[71.575,11.848],[71.5659,11.8555],[71.5515,11.8664],[71.5431,11.8733],[71.5298,11.8834],[71.5203,11.8907],[71.5065,11.9013],[71.4977,11.9084],[71.4843,11.9185],[71.4753,11.9253],[71.4612,11.9359],[71.452,11.9428],[71.4387,11.9538],[71.4298,11.9603],[71.4161,11.9716],[71.4067,11.9788],[71.3932,11.9902],[71.3845,11.9974],[71.3712,12.0083],[71.3619,12.0158],[71.3478,12.0268],[71.3387,12.0338],[71.325,12.0447],[71.3159,12.0508],[71.302,12.0611],[71.2924,12.0679],[71.2779,12.0782],[71.2691,12.0855],[71.2551,12.0957],[71.2459,12.1024],[71.2318,12.1129],[71.2228,12.1201],[71.2094,12.1303],[71.2,12.1378],[71.1861,12.149],[71.1768,12.1559],[71.1636,12.1669],[71.1546,12.1738],[71.1403,12.1845],[71.1309,12.1913],[71.1167,12.2019],[71.1078,12.2087],[71.0937,12.2197],[71.084,12.227],[71.0702,12.2375],[71.0613,12.2448],[71.0477,12.2552],[71.0382,12.2623],[71.0243,12.2724],[71.0149,12.2795],[71.0015,12.2905],[70.9922,12.2976],[70.9785,12.3086],[70.9694,12.3161],[70.9556,12.3271],[70.947,12.3344],[70.9333,12.3452],[70.9247,12.3524],[70.9117,12.3641],[70.9031,12.3716],[70.89,12.3832],[70.8816,12.3911],[70.8686,12.403],[70.8599,12.4108],[70.8477,12.4223],[70.8387,12.4301],[70.8258,12.4419],[70.8171,12.4496],[70.8038,12.4615],[70.7948,12.4693],[70.7817,12.4808],[70.7732,12.4885],[70.7604,12.5006],[70.752,12.5083],[70.7389,12.5202],[70.7305,12.5282],[70.7181,12.5401],[70.7095,12.548],[70.697,12.5595],[70.6882,12.5672],[70.6757,12.579],[70.6674,12.5867],[70.6544,12.5988],[70.6464,12.6061],[70.6337,12.6178],[70.6253,12.6259],[70.6124,12.6378],[70.6036,12.6461],[70.5908,12.658],[70.5826,12.6659],[70.5699,12.6778],[70.5615,12.6857],[70.5489,12.6978],[70.5411,12.706],[70.529,12.7179],[70.5203,12.7258]]},"properties":{"mmsi":998223797,"name":"SYN-CAR-07","role":"candidate","vessel_type":70,"synthetic":true,"t_offset_s":[-199894,-199654,-199414,-199054,-198814,-198454,-198214,-197854,-197614,-197254,-197014,-196654,-196414,-196054,-195814,-195454,-195214,-194854,-194614,-194254,-194014,-193654,-193414,-193054,-192814,-192454,-192214,-191854,-191614,-191254,-191014,-190654,-190414,-190054,-189814,-189454,-189214,-188854,-188614,-188254,-188014,-187654,-187414,-187054,-186814,-186454,-186214,-185854,-185614,-185254,-185014,-184654,-184414,-184054,-183814,-183454,-183214,-182854,-182614,-182254,-182014,-181654,-181414,-181054,-180814,-180454,-180214,-179854,-179614,-179254,-179014,-178654,-178414,-178054,-177814,-177454,-177214,-176854,-176614,-176254,-176014,-175654,-175414,-175054,-174814,-174454,-174214,-173854,-173614,-173254,-173014,-172654,-172414,-172054,-171814,-171454,-171214,-170854,-170614,-170254,-170014,-169654,-169414,-169054,-168814,-168454,-168214,-167854,-167614,-167254,-167014,-166654,-166414,-166054,-165814,-165454,-165214,-164854,-164614,-164254,-164014,-163654,-163414,-163054,-162814,-162454,-162214,-161854,-161614,-161254,-161014,-160654,-160414,-160054,-159814,-159454,-159214,-158854,-158614,-158254,-158014,-157654,-157414,-157054,-156814,-156454,-156214,-155854,-155614,-155254,-155014,-154654,-154414,-154054,-153814,-153454,-153214,-152854,-152614,-152254,-152014,-151654,-151414,-151054,-150814,-150454,-150214,-149854,-149614,-149254,-149014,-148654,-148414,-148054,-147814,-147454,-147214,-146854,-146614,-146254,-146014,-145654,-145414,-145054,-144814,-144454,-144214,-143854,-143614,-143254,-143014,-142654,-142414,-142054,-141814,-141454,-141214,-140854,-140614,-140254,-140014,-139654,-139414,-139054,-138814,-138454,-138214,-137854,-137614,-137254,-137014,-136654,-136414,-136054,-135814,-135454,-135214,-134854,-134614,-134254,-134014,-133654,-133414,-133054,-132814,-132454,-132214,-131854,-131614,-131254,-131014,-130654,-130414,-130054,-129814,-129454,-129214,-128854,-128614,-128254,-128014,-127654,-127414,-127054,-126814,-126454,-126214,-125854,-125614,-125254,-125014,-124654,-124414,-124054,-123814,-123454,-123214,-122854,-122614,-122254,-122014,-121654,-121414,-121054,-120814,-120454,-120214,-119854,-119614,-119254,-119014,-118654,-118414,-118054,-117814,-117454,-117214,-116854,-116614,-116254,-116014,-115654,-115414,-115054,-114814,-114454,-114214,-113854,-113614,-113254,-113014,-112654,-112414,-112054,-111814,-111454,-111214,-110854,-110614,-110254,-110014,-109654,-109414,-109054,-108814,-108454,-108214,-107854,-107614,-107254,-107014,-106654,-106414,-106054,-105814,-105454,-105214],"sog":[10.4,10.5,10.4,10.1,10.1,9.9,10.4,10.4,9.8,10.3,10.0,10.6,11.2,9.7,10.5,10.1,10.5,10.8,10.7,10.4,10.3,9.9,10.5,10.4,10.1,10.4,10.0,10.2,9.8,10.6,10.0,10.6,10.3,10.6,10.3,10.4,10.2,10.0,10.4,10.9,10.9,10.2,10.4,10.4,10.4,9.8,9.8,10.5,10.2,10.5,10.7,10.6,10.4,10.3,10.9,10.2,9.8,10.1,10.5,10.4,10.5,10.2,10.4,10.2,10.7,10.0,10.8,10.2,10.3,10.4,10.1,10.4,10.3,10.2,10.8,10.3,10.0,9.9,10.1,10.1,10.8,10.5,10.7,10.3,10.2,10.4,10.7,10.3,10.4,10.4,10.3,10.2,10.5,10.3,9.8,10.9,10.3,10.8,10.0,10.2,10.6,10.7,9.7,10.6,10.1,10.0,10.7,10.5,10.4,10.4,10.1,10.4,10.2,10.6,10.1,10.4,9.9,11.1,10.2,10.1,10.1,10.7,10.7,10.1,10.2,10.6,10.2,10.5,10.1,10.7,10.7,10.7,10.2,9.9,10.6,10.1,10.2,10.8,10.7,10.2,10.4,10.4,10.2,10.6,10.2,10.9,10.5,10.3,10.4,10.0,10.3,10.5,10.4,10.2,10.0,10.2,10.8,11.0,10.4,10.2,10.3,10.7,9.8,10.5,10.7,10.3,9.4,10.5,10.0,10.6,10.0,10.3,10.4,10.5,10.7,10.1,10.3,10.1,10.3,10.1,10.3,10.0,10.2,10.4,10.9,10.1,9.6,10.5,10.0,10.4,10.5,10.5,10.6,10.3,10.4,10.3,10.3,10.2,10.0,10.4,11.0,10.4,10.5,10.3,10.7,10.5,10.7,10.4,10.4,9.9,10.4,10.5,10.4,9.9,10.3,10.4,10.1,10.3,10.2,10.2,10.2,10.5,10.8,10.8,10.2,10.0,10.3,10.5,9.9,9.8,10.2,10.1,10.6,10.6,10.2,10.7,10.5,10.7,10.2,9.9,10.8,10.7,10.8,10.3,9.9,10.6,10.0,10.9,10.2,10.4,10.3,10.6,10.2,10.2,10.5,10.4,11.3,10.0,10.0,10.3,10.3,10.2,10.4,10.2,10.6,10.4,10.1,9.9,10.7,10.2,10.5,10.0,10.6,10.4,10.3,10.5,10.4,10.6,10.4,10.3,10.1,10.4,9.8,10.2,10.0,10.0,10.1,10.5,10.5,10.0,10.8,10.4,10.0,10.2,9.7,10.5,10.3,10.7,10.1,10.2,10.1,10.6,9.8,10.5,9.8,9.8,10.3,10.5,10.5,10.2,10.5,10.4,10.3,10.0,10.3,9.8,10.4]}},{"type":"Feature","geometry":{"type":"LineString","coordinates":[[74.1168,11.6658],[74.1143,11.6682],[74.1105,11.6684],[74.1024,11.6662],[74.0989,11.661],[74.0954,11.6546],[74.0956,11.6488],[74.1006,11.6418],[74.1038,11.6373],[74.1087,11.6328],[74.1143,11.6321],[74.1223,11.6335],[74.1262,11.636],[74.1341,11.6342],[74.1371,11.6293],[74.136,11.6217],[74.1338,11.6179],[74.127,11.6142],[74.1236,11.6119],[74.1171,11.607],[74.1137,11.6063],[74.1063,11.61],[74.1024,11.6132],[74.0978,11.6196],[74.0932,11.6218],[74.0849,11.6207],[74.0864,11.6253],[74.0861,11.6333],[74.0874,11.6385],[74.0909,11.6441],[74.0972,11.643],[74.1027,11.6389],[74.1066,11.6357],[74.1126,11.6304],[74.1176,11.6307],[74.1236,11.6343],[74.1255,11.6376],[74.1212,11.6441],[74.121,11.6511],[74.1254,11.6562],[74.1252,11.6596],[74.1258,11.6675],[74.1211,11.6714],[74.1128,11.6694],[74.1101,11.6667],[74.1049,11.6619],[74.099,11.6592],[74.0912,11.6577],[74.0889,11.6542],[74.0863,11.6455],[74.0825,11.6471],[74.0759,11.6501],[74.0701,11.6486],[74.0635,11.6429],[74.0599,11.6384],[74.0647,11.6349],[74.0676,11.6306],[74.0687,11.6238],[74.07,11.6197],[74.077,11.6139],[74.0768,11.6095],[74.0725,11.6034],[74.0722,11.5992],[74.0769,11.5915],[74.0773,11.5865],[74.0752,11.5782],[74.07,11.5758],[74.063,11.5771],[74.0582,11.5807],[74.0516,11.5802],[74.0472,11.576],[74.042,11.5722],[74.0379,11.5694],[74.0348,11.5624],[74.0342,11.5586],[74.0361,11.5519],[74.0379,11.5478],[74.0431,11.5446],[74.0479,11.5404],[74.0522,11.5347],[74.056,11.5307],[74.0636,11.5302],[74.0658,11.5348],[74.0643,11.5432],[74.0663,11.5476],[74.0707,11.5541],[74.0715,11.5576],[74.0761,11.5639],[74.0817,11.5638],[74.0822,11.5551],[74.0812,11.5502],[74.0812,11.5423],[74.0862,11.5409],[74.0939,11.5426],[74.0976,11.547],[74.0992,11.5561],[74.0944,11.56],[74.0878,11.5648],[74.0843,11.5694],[74.0782,11.5747],[74.0752,11.5734],[74.0725,11.5652],[74.0684,11.5618],[74.0655,11.5557],[74.0647,11.5509],[74.0693,11.5453],[74.0719,11.5407],[74.0696,11.5335],[74.0654,11.5296],[74.0596,11.5239],[74.0551,11.5239],[74.0475,11.5234],[74.0431,11.5252],[74.0369,11.5213],[74.0326,11.5195],[74.0309,11.5257],[74.0344,11.529],[74.041,11.5339],[74.0447,11.5384],[74.052,11.5395],[74.056,11.5439],[74.0626,11.5461],[74.067,11.5473],[74.0745,11.5444],[74.079,11.5435],[74.0855,11.5414],[74.0855,11.5378],[74.0825,11.5313],[74.0784,11.5286],[74.0713,11.529],[74.0668,11.5315],[74.0574,11.533],[74.0544,11.5368],[74.0488,11.5436],[74.0464,11.5496],[74.039,11.5526],[74.0334,11.5522],[74.0263,11.5491],[74.0215,11.5491],[74.015,11.5461],[74.0069,11.5436],[73.9998,11.5396],[73.9965,11.5377],[73.9898,11.5339],[73.9847,11.5355],[73.9828,11.5426],[73.9826,11.5483],[73.9759,11.5535],[73.9727,11.5591],[73.9742,11.567],[73.9787,11.5675],[73.9855,11.5627],[73.9901,11.5601],[73.997,11.5573],[74.0005,11.5558],[74.0043,11.5471],[74.007,11.5435],[74.0159,11.545],[74.0168,11.5386],[74.0225,11.5332],[74.0234,11.5286],[74.0261,11.5217],[74.0267,11.5171],[74.0318,11.5103],[74.035,11.5076],[74.043,11.5083],[74.0481,11.5074],[74.0552,11.5074],[74.0588,11.5083],[74.0647,11.5132],[74.0678,11.5167],[74.0768,11.5169],[74.0808,11.5142],[74.0875,11.5088],[74.0897,11.5043],[74.0939,11.5],[74.0971,11.4968],[74.1038,11.4908],[74.1078,11.4882],[74.1154,11.4853],[74.1207,11.4849],[74.1283,11.4855],[74.134,11.4887],[74.1409,11.4951],[74.1448,11.4994],[74.1527,11.5025],[74.1568,11.5057],[74.1559,11.5113],[74.1517,11.5144],[74.1452,11.5165],[74.1415,11.5135],[74.1344,11.5125],[74.1301,11.5137],[74.1237,11.5169],[74.1175,11.5161],[74.1137,11.5112],[74.1135,11.5049],[74.1172,11.5011],[74.1219,11.4976],[74.1284,11.5015],[74.1314,11.5053],[74.135,11.5126],[74.1394,11.5162],[74.1462,11.5177],[74.1531,11.5185],[74.1619,11.5188],[74.1691,11.5198],[74.1766,11.5217],[74.1805,11.5212],[74.1874,11.5151],[74.1864,11.5124],[74.1828,11.5073],[74.182,11.5032],[74.1785,11.4972],[74.1736,11.4972],[74.1671,11.494],[74.1657,11.4886],[74.1664,11.4808],[74.1673,11.4762],[74.1737,11.473],[74.1775,11.4738],[74.1788,11.4796],[74.1804,11.4849],[74.187,11.4894],[74.1926,11.4904],[74.1985,11.4937],[74.2044,11.4945],[74.214,11.4928],[74.2165,11.4955],[74.217,11.5028],[74.2147,11.5069],[74.2074,11.5104],[74.2072,11.516],[74.2072,11.5257],[74.2054,11.5309],[74.2026,11.5389],[74.1983,11.5427],[74.1907,11.548],[74.1854,11.5488],[74.1778,11.5431],[74.1703,11.5419],[74.1626,11.5398],[74.1573,11.5414],[74.1498,11.5435],[74.1458,11.5409],[74.1391,11.5347],[74.1357,11.5297],[74.132,11.5224],[74.1299,11.5176],[74.1273,11.5123],[74.1215,11.5101],[74.1178,11.5044],[74.117,11.4998],[74.1096,11.4986],[74.1035,11.4998],[74.094,11.4974],[74.0899,11.4953],[74.0837,11.4971],[74.0831,11.5011],[74.0807,11.5083],[74.0775,11.5132],[74.0793,11.521],[74.0845,11.5229],[74.0924,11.5267],[74.0967,11.5301],[74.1032,11.5341],[74.108,11.5375],[74.1063,11.5446],[74.1012,11.5489],[74.0954,11.5453],[74.0908,11.5421],[74.0836,11.5363],[74.0791,11.5362],[74.0715,11.5333],[74.0699,11.527],[74.0718,11.5207],[74.073,11.5158],[74.0707,11.5066],[74.0674,11.5014],[74.0627,11.497],[74.0626,11.4909],[74.0605,11.4832],[74.0592,11.4801],[74.058,11.4722],[74.0625,11.4682],[74.0682,11.4626],[74.0674,11.4596],[74.0598,11.4536],[74.0583,11.4504],[74.0509,11.4465],[74.0448,11.4486],[74.0358,11.4498],[74.0312,11.4484],[74.0249,11.4433],[74.0231,11.438],[74.0237,11.4299],[74.029,11.427],[74.0341,11.4219],[74.0298,11.4195],[74.0222,11.4172],[74.0195,11.4224],[74.0169,11.429],[74.0118,11.4332],[74.006,11.4348],[73.9992,11.435],[73.9929,11.4375],[73.9893,11.4418],[73.9889,11.4493],[73.9907,11.4554],[73.9874,11.4617],[73.9843,11.4654],[73.9807,11.4721],[73.98,11.4773],[73.9709,11.4788],[73.965,11.4771],[73.9608,11.4761],[73.9589,11.4819],[73.955,11.487],[73.9519,11.4908],[73.9492,11.4977],[73.9475,11.5028],[73.9474,11.511],[73.9476,11.5169],[73.9422,11.5223],[73.9375,11.5248],[73.9292,11.5242],[73.924,11.5222],[73.9169,11.5245],[73.9149,11.5295],[73.9113,11.5386],[73.9115,11.544],[73.9147,11.5506],[73.9119,11.5542],[73.9036,11.5524],[73.8999,11.5518],[73.8921,11.549],[73.8862,11.5468],[73.8786,11.5455],[73.8733,11.5464],[73.8681,11.5533],[73.8634,11.5556],[73.8573,11.5514],[73.8552,11.5462],[73.8481,11.5399],[73.8436,11.5363],[73.8364,11.5351],[73.8327,11.5303],[73.8264,11.5252],[73.8231,11.5258],[73.8168,11.5271],[73.8125,11.5296],[73.805,11.5308],[73.8007,11.5339],[73.7952,11.5374],[73.7908,11.541],[73.7857,11.5472],[73.7844,11.5518],[73.781,11.5585],[73.7792,11.5615],[73.7764,11.5697],[73.7728,11.5739],[73.7659,11.5771],[73.7625,11.5809],[73.7534,11.5847],[73.7506,11.588],[73.7452,11.5933],[73.7405,11.5917],[73.7309,11.5911],[73.726,11.5912],[73.7191,11.5928],[73.714,11.5944],[73.7066,11.5992],[73.7011,11.6028],[73.7011,11.6097],[73.6995,11.6146],[73.6929,11.616],[73.6916,11.6115],[73.6902,11.6052],[73.6888,11.5996],[73.6816,11.597],[73.6764,11.5973],[73.6699,11.594],[73.6656,11.5917],[73.664,11.5863],[73.6635,11.5805],[73.6687,11.5748],[73.6741,11.5715],[73.6801,11.5663],[73.6821,11.5627],[73.6815,11.5559],[73.6801,11.551],[73.6792,11.5455],[73.6742,11.5429],[73.6655,11.5422],[73.6615,11.5399],[73.6603,11.533],[73.6618,11.5273],[73.6667,11.5212],[73.6717,11.5219],[73.6794,11.5236],[73.6826,11.5268],[73.6868,11.5324],[73.69,11.5354],[73.697,11.5402],[73.6983,11.5464],[73.7055,11.5512],[73.7107,11.5501],[73.7192,11.5487],[73.7254,11.5499],[73.733,11.5543],[73.734,11.559],[73.7302,11.5647],[73.7258,11.5686],[73.7189,11.573],[73.7174,11.5768],[73.7133,11.5832],[73.7091,11.5827],[73.7009,11.5806],[73.6935,11.5819],[73.6857,11.582],[73.6795,11.5822],[73.6711,11.5829],[73.6674,11.5846],[73.6601,11.5843],[73.6548,11.5839],[73.6477,11.5828],[73.643,11.5875],[73.6416,11.5955],[73.6446,11.6004],[73.6499,11.6044],[73.6533,11.6076],[73.6577,11.6148],[73.6567,11.6191],[73.6517,11.6245],[73.6501,11.6295],[73.651,11.6366],[73.6518,11.642],[73.6577,11.6486],[73.6596,11.654],[73.6664,11.6598],[73.6711,11.6557],[73.6695,11.6474],[73.6675,11.642],[73.6682,11.6345],[73.6688,11.6298],[73.6733,11.6228],[73.6774,11.6213],[73.6841,11.6195],[73.6895,11.6206],[73.699,11.6198],[73.7048,11.6214],[73.7123,11.6199],[73.7166,11.6187],[73.7227,11.6192],[73.7275,11.6182],[73.7349,11.6137],[73.74,11.6118],[73.7434,11.6058],[73.7447,11.5999],[73.7508,11.5927],[73.7555,11.5903],[73.761,11.5859],[73.763,11.5824],[73.7679,11.575],[73.7694,11.5716],[73.7762,11.5688],[73.7815,11.5686],[73.7842,11.5631],[73.7895,11.5598],[73.7828,11.5555],[73.7772,11.5585],[73.7698,11.558],[73.7639,11.5561],[73.7563,11.5536],[73.7504,11.5555],[73.743,11.5589],[73.7403,11.5631],[73.7405,11.5719],[73.7429,11.5762],[73.7509,11.5775],[73.7549,11.5818],[73.7533,11.5903],[73.7521,11.5947],[73.7487,11.6013],[73.7438,11.6044],[73.7384,11.6121],[73.7351,11.6149],[73.7288,11.6209],[73.7232,11.6215],[73.7155,11.6251],[73.715,11.6291],[73.7115,11.635],[73.7084,11.6394],[73.7115,11.646],[73.7173,11.6477],[73.724,11.6449],[73.7285,11.6441],[73.7354,11.6499],[73.7396,11.6518],[73.7445,11.6581],[73.7424,11.6629],[73.7359,11.6663],[73.7295,11.6651],[73.7228,11.6591],[73.7192,11.6548],[73.713,11.6508],[73.7087,11.6479],[73.7002,11.6469],[73.6967,11.6421],[73.6929,11.6359],[73.6913,11.6316],[73.6884,11.6234],[73.683,11.623],[73.6752,11.6265],[73.6679,11.6266],[73.661,11.6269],[73.6562,11.6266],[73.6492,11.6305],[73.6441,11.6339],[73.6369,11.6367],[73.6318,11.6368],[73.6233,11.6364],[73.6177,11.6341],[73.6102,11.637],[73.6084,11.6417],[73.6055,11.649],[73.6043,11.6552],[73.5961,11.661],[73.5908,11.6594],[73.5841,11.654],[73.5823,11.6494],[73.5792,11.643],[73.5754,11.6413],[73.5688,11.6408],[73.5634,11.6369],[73.557,11.6371],[73.5524,11.6379],[73.5447,11.6376],[73.539,11.6345],[73.5313,11.6345],[73.5282,11.6385],[73.531,11.645],[73.5328,11.6504],[73.5385,11.6552],[73.5394,11.6597],[73.5357,11.6657],[73.533,11.6716],[73.535,11.6775],[73.5354,11.6833],[73.5306,11.6895],[73.5276,11.6925],[73.5295,11.7006],[73.532,11.7047],[73.5399,11.7073],[73.5431,11.7091],[73.5474,11.7157],[73.5469,11.721],[73.5435,11.7279],[73.5376,11.7322],[73.5361,11.7398],[73.5354,11.7446],[73.5348,11.7528],[73.5357,11.7577],[73.5369,11.7652],[73.5342,11.7694],[73.536,11.7759],[73.5409,11.7785],[73.548,11.7775],[73.5519,11.7825],[73.5525,11.7895],[73.5563,11.7933],[73.5619,11.7979],[73.5653,11.7967],[73.5731,11.7979],[73.5779,11.7974],[73.5859,11.7991],[73.5891,11.8011],[73.5962,11.7998],[73.6019,11.7989],[73.6093,11.8023],[73.6126,11.808],[73.6163,11.8145],[73.6161,11.8192],[73.6139,11.8266],[73.6095,11.8278],[73.6023,11.8228],[73.5989,11.8196],[73.591,11.817],[73.5857,11.8153],[73.5783,11.8116],[73.5726,11.8101],[73.5648,11.8088],[73.559,11.8087],[73.5519,11.804],[73.5452,11.8039],[73.5421,11.8087],[73.5429,11.8143],[73.5457,11.8228],[73.5485,11.8256],[73.5537,11.8319],[73.5564,11.8351],[73.5618,11.8404],[73.5651,11.8442],[73.5729,11.8459],[73.5779,11.8452],[73.5852,11.8414],[73.5864,11.8376],[73.5895,11.8308],[73.587,11.8244],[73.5876,11.816],[73.5946,11.8148],[73.6015,11.8143],[73.6037,11.8105],[73.6052,11.8031],[73.6035,11.7999],[73.5958,11.7967],[73.5917,11.7926],[73.5874,11.786],[73.5852,11.7808],[73.5814,11.7725],[73.5822,11.7662],[73.5853,11.7586],[73.5863,11.7523],[73.5796,11.747],[73.5752,11.7464],[73.5741,11.7406],[73.5761,11.7354],[73.5791,11.7297],[73.583,11.729],[73.5898,11.731],[73.5932,11.7356],[73.5981,11.7408],[73.6027,11.745],[73.6111,11.7477],[73.6156,11.7467],[73.6189,11.7392],[73.6171,11.7334],[73.6117,11.7286],[73.6063,11.7265],[73.5984,11.7241],[73.5965,11.7178],[73.6024,11.7124],[73.6057,11.7121],[73.6094,11.7035],[73.6093,11.698],[73.6073,11.6905],[73.6052,11.6853],[73.5986,11.6809],[73.594,11.6744],[73.5965,11.6676],[73.5972,11.6605],[73.6016,11.6549],[73.6069,11.653],[73.6142,11.6485],[73.6165,11.6442],[73.6228,11.6402],[73.6251,11.6367],[73.6214,11.6308],[73.6154,11.6305],[73.6093,11.6281],[73.6063,11.6245],[73.6062,11.6171],[73.6072,11.611],[73.61,11.6039],[73.606,11.6001],[73.5985,11.5953],[73.5964,11.5978],[73.5939,11.6053],[73.5943,11.6104],[73.5985,11.6173],[73.601,11.6216],[73.6091,11.625],[73.6131,11.6223],[73.6205,11.6215],[73.6235,11.6267],[73.6273,11.634],[73.6307,11.6398],[73.6327,11.6457],[73.6382,11.6466],[73.6467,11.6468],[73.6529,11.6469],[73.6547,11.6401],[73.6596,11.6385],[73.6634,11.6443],[73.6639,11.6509],[73.6611,11.6572],[73.6563,11.6608],[73.6494,11.6641],[73.6448,11.6623],[73.6414,11.6555],[73.6447,11.6513],[73.6461,11.6447],[73.6419,11.6409],[73.6338,11.6409],[73.6296,11.6456],[73.6228,11.6512],[73.6184,11.6544],[73.6107,11.6566],[73.6073,11.6608],[73.6059,11.6675],[73.6026,11.6719],[73.5954,11.676],[73.591,11.6783],[73.5836,11.6737],[73.5778,11.6717],[73.5721,11.6679],[73.5725,11.6615],[73.5641,11.657],[73.5608,11.6525],[73.5532,11.6486],[73.5498,11.6462],[73.5411,11.6479],[73.5388,11.6541],[73.5335,11.6574],[73.5286,11.6604],[73.5226,11.6561],[73.5201,11.6523],[73.5223,11.6431],[73.5226,11.6369],[73.5277,11.6307],[73.5339,11.6319],[73.5378,11.6399],[73.5388,11.6445],[73.5406,11.6527],[73.5394,11.6578],[73.5334,11.663],[73.5325,11.6692],[73.5335,11.6744],[73.5396,11.675],[73.5488,11.6786],[73.5513,11.6746],[73.5547,11.6664],[73.5588,11.663],[73.5627,11.6572],[73.566,11.6537],[73.5711,11.6468],[73.5726,11.6427],[73.5758,11.6345],[73.5789,11.6303],[73.574,11.624],[73.5688,11.6231],[73.5628,11.6171],[73.5613,11.6119],[73.5561,11.6072],[73.5512,11.6056],[73.5469,11.6006],[73.5432,11.596],[73.5367,11.5896],[73.5342,11.5838],[73.5355,11.5761],[73.5379,11.5716],[73.5396,11.5651],[73.5399,11.5589],[73.5422,11.5528],[73.5463,11.5477],[73.5521,11.546],[73.5572,11.5478],[73.5587,11.5552],[73.5572,11.56],[73.559,11.5669],[73.5639,11.5712],[73.5677,11.5777],[73.5711,11.582],[73.568,11.587],[73.5651,11.5907],[73.5562,11.5944],[73.5506,11.5906],[73.5469,11.5835],[73.5473,11.5783],[73.5511,11.5709],[73.5527,11.5663],[73.5579,11.5613],[73.5605,11.5583],[73.563,11.552],[73.567,11.5498],[73.5722,11.5459],[73.5785,11.544],[73.585,11.5457],[73.589,11.5473],[73.5971,11.5498],[73.6014,11.5476],[73.6095,11.5475],[73.6152,11.5439],[73.6166,11.5368],[73.6181,11.5308],[73.6221,11.5235],[73.6244,11.5189],[73.6303,11.5136],[73.6341,11.5106],[73.6396,11.5057],[73.6448,11.5023],[73.6512,11.4974],[73.657,11.4955],[73.6639,11.4947],[73.6657,11.4887],[73.6607,11.4833],[73.6587,11.4772],[73.6517,11.4765],[73.6497,11.4723],[73.6431,11.4706],[73.6378,11.4712],[73.6325,11.474],[73.6258,11.4749],[73.62,11.4711],[73.6159,11.4696],[73.6138,11.476],[73.6135,11.4812],[73.6181,11.4871],[73.6218,11.4871],[73.6297,11.4834],[73.6351,11.4868],[73.6443,11.4909],[73.6502,11.4917],[73.6557,11.4947],[73.6594,11.4979],[73.6618,11.5037],[73.6623,11.5094],[73.6587,11.5174],[73.6563,11.5213],[73.6516,11.5274],[73.6487,11.5327],[73.6463,11.5406],[73.6462,11.5459],[73.6393,11.5509],[73.6371,11.5553],[73.6311,11.5585],[73.6262,11.5613],[73.621,11.5665],[73.6175,11.5706],[73.611,11.5749],[73.605,11.5765],[73.5964,11.578],[73.592,11.579],[73.5855,11.5788],[73.5821,11.5802],[73.5723,11.5795],[73.5704,11.5751],[73.573,11.5667],[73.577,11.5632],[73.5838,11.5614],[73.5888,11.5636],[73.5915,11.57],[73.5915,11.5746],[73.5918,11.5828],[73.5878,11.5871],[73.583,11.5927],[73.5791,11.5962],[73.5772,11.6044],[73.5751,11.6104],[73.5727,11.6174],[73.5691,11.6217],[73.568,11.6293],[73.564,11.6333],[73.5649,11.6399],[73.5717,11.6423],[73.5792,11.6419],[73.5836,11.6412],[73.5913,11.6365],[73.5965,11.6332],[73.605,11.6289],[73.6098,11.6261],[73.6166,11.6238],[73.6205,11.6217],[73.6238,11.6153],[73.6244,11.6112],[73.6293,11.6076],[73.635,11.6068],[73.642,11.6125],[73.646,11.6156],[73.6523,11.6137],[73.6512,11.609],[73.6446,11.6037],[73.6418,11.5995],[73.6355,11.5949],[73.6333,11.5901],[73.6304,11.5822],[73.6294,11.5764],[73.624,11.5725],[73.6196,11.5736],[73.6138,11.5708],[73.6083,11.5687],[73.6003,11.5646],[73.5961,11.5636],[73.5869,11.5615],[73.5826,11.5596],[73.5805,11.5523],[73.5821,11.5465],[73.5906,11.5475],[73.5964,11.5483],[73.5978,11.5564],[73.5955,11.5607],[73.5976,11.5674],[73.5996,11.5733],[73.6023,11.5773],[73.6062,11.5826],[73.6078,11.591],[73.6102,11.5957],[73.6124,11.6031],[73.6158,11.6077],[73.6203,11.6133],[73.6254,11.6134],[73.6325,11.6126],[73.6384,11.6105],[73.6436,11.6042],[73.6477,11.6005],[73.6549,11.5972],[73.6579,11.5919],[73.654,11.5849],[73.6508,11.5809],[73.6514,11.5742],[73.6527,11.569],[73.6605,11.5668],[73.6649,11.563],[73.6726,11.5622],[73.6773,11.5591],[73.6841,11.5544],[73.6911,11.5545],[73.6984,11.5522],[73.7019,11.5485],[73.7056,11.5406],[73.7085,11.5369],[73.714,11.5419],[73.7112,11.5457],[73.7078,11.5535],[73.7038,11.5579],[73.6988,11.5541],[73.6961,11.5485],[73.6982,11.541],[73.7007,11.5373],[73.7065,11.5337],[73.7101,11.5304],[73.7113,11.5228],[73.7113,11.5167],[73.7071,11.5088],[73.7058,11.5038],[73.7022,11.4967],[73.6989,11.4928],[73.6962,11.4839],[73.6971,11.4799],[73.703,11.4773],[73.7082,11.4783],[73.7156,11.4792],[73.7185,11.4846],[73.722,11.4887],[73.7262,11.4867],[73.7304,11.48],[73.7339,11.4763],[73.7364,11.4678],[73.7333,11.4627],[73.7338,11.4537],[73.7318,11.4473],[73.737,11.4411],[73.741,11.4393],[73.7395,11.4325],[73.7331,11.4314],[73.7252,11.4295],[73.7213,11.4259],[73.7143,11.4233],[73.7094,11.4231],[73.7018,11.4273],[73.6954,11.4289],[73.6891,11.4286],[73.6839,11.4316],[73.6754,11.4358],[73.6725,11.438],[73.6706,11.4445],[73.6701,11.4518],[73.6677,11.4561],[73.6631,11.4581],[73.6573,11.4562],[73.6514,11.4547],[73.6442,11.4571],[73.6426,11.4545],[73.6359,11.4489],[73.6333,11.4435],[73.6315,11.4372],[73.6306,11.4328],[73.6307,11.4244],[73.6312,11.4203],[73.63,11.4129],[73.6321,11.4085],[73.6335,11.4009],[73.638,11.3994],[73.6444,11.3962],[73.6483,11.3949],[73.6539,11.3878],[73.6576,11.3838],[73.6636,11.3767],[73.6696,11.3784],[73.6767,11.3802],[73.6781,11.3855],[73.681,11.3935],[73.6791,11.3977],[73.6799,11.4065],[73.6841,11.4091],[73.6917,11.4087],[73.6958,11.4071],[73.7035,11.4027],[73.7055,11.4],[73.7078,11.3934],[73.706,11.3889],[73.7071,11.3807],[73.7116,11.3764],[73.7057,11.3711],[73.7019,11.3671],[73.6956,11.3681],[73.69,11.3698],[73.6825,11.3718],[73.6765,11.3706],[73.6667,11.3697],[73.6624,11.3683],[73.6547,11.3651],[73.65,11.3625],[73.6475,11.3572],[73.6472,11.3529],[73.6486,11.3434],[73.649,11.3365],[73.6541,11.3313],[73.6532,11.3248],[73.6579,11.3188],[73.6615,11.3134],[73.6692,11.3107],[73.6759,11.3095],[73.6837,11.3087],[73.6882,11.3057],[73.6967,11.3086],[73.7016,11.3119],[73.7098,11.3104],[73.7146,11.3099],[73.7219,11.3075],[73.726,11.3059],[73.7335,11.3032],[73.7404,11.3045],[73.7484,11.3026],[73.7531,11.298],[73.7578,11.2916],[73.7599,11.2864],[73.7664,11.2828],[73.7709,11.2865],[73.7724,11.2936],[73.7754,11.2976],[73.7817,11.3012],[73.7868,11.302],[73.7939,11.3008],[73.7946,11.3048],[73.7905,11.3116],[73.7907,11.3157],[73.7874,11.3234],[73.7847,11.3286],[73.7853,11.3357],[73.7805,11.3368],[73.7795,11.3424],[73.7767,11.3465],[73.7715,11.3463],[73.7668,11.3429],[73.7673,11.3369],[73.7656,11.332],[73.7605,11.3269],[73.7575,11.3242],[73.7528,11.3189],[73.7527,11.3148],[73.7556,11.3062],[73.7598,11.3028],[73.759,11.2955],[73.7577,11.2898],[73.7558,11.2834],[73.7534,11.2779],[73.7515,11.2697],[73.7478,11.2669],[73.7427,11.2598],[73.7448,11.2549],[73.7453,11.25],[73.7449,11.2471],[73.7396,11.2437],[73.7353,11.2408],[73.7287,11.2397],[73.726,11.2422],[73.7193,11.2487],[73.7152,11.2481],[73.712,11.2424],[73.7133,11.2377],[73.7098,11.2309],[73.7071,11.2265],[73.71,11.2186],[73.7111,11.2123],[73.7178,11.2096],[73.7214,11.2071],[73.729,11.2043],[73.7336,11.2033],[73.7412,11.2046],[73.7477,11.2037],[73.7535,11.2106],[73.7576,11.2143],[73.7593,11.2218],[73.7552,11.2249],[73.748,11.2206],[73.7411,11.2193],[73.7321,11.2206],[73.7266,11.2193],[73.7182,11.2188],[73.713,11.2176],[73.7061,11.2185],[73.7028,11.217],[73.6943,11.2179],[73.6881,11.2201],[73.6835,11.2244],[73.6801,11.2274],[73.6726,11.2308],[73.6697,11.2349],[73.664,11.2402],[73.6607,11.2446],[73.6584,11.2514],[73.6608,11.2559],[73.6635,11.2626],[73.6635,11.2682],[73.6587,11.2751],[73.6535,11.2793],[73.6489,11.283],[73.6468,11.287],[73.6402,11.2904],[73.635,11.291],[73.6279,11.2949],[73.6236,11.2981],[73.6164,11.3011],[73.6103,11.3025],[73.6061,11.3073],[73.607,11.3124],[73.6097,11.3186],[73.6088,11.3246],[73.6119,11.3324],[73.6115,11.3386],[73.6147,11.3456],[73.616,11.3511],[73.6189,11.3576],[73.6214,11.362],[73.6258,11.3675],[73.6294,11.372],[73.6366,11.377],[73.6409,11.3794],[73.6486,11.385],[73.6525,11.3863],[73.6604,11.3889],[73.6663,11.3904],[73.6713,11.3962],[73.6768,11.3953],[73.6838,11.3928],[73.684,11.3886],[73.6773,11.3874],[73.6727,11.3903],[73.6643,11.3942],[73.6622,11.3976],[73.6632,11.4059],[73.6667,11.4069]]},"properties":{"mmsi":998373025,"name":"SYN-FSH-01","role":"eliminated","vessel_type":30,"synthetic":true,"t_offset_s":[-259200,-259080,-258840,-258480,-258240,-257880,-257640,-257280,-257040,-256680,-256440,-256080,-255840,-255480,-255240,-254880,-254640,-254280,-254040,-253680,-253440,-253080,-252840,-252480,-252240,-251880,-251640,-251280,-251040,-250680,-250440,-250080,-249840,-249480,-249240,-248880,-248640,-248280,-248040,-247680,-247440,-247080,-246840,-246480,-246240,-245880,-245640,-245280,-245040,-244680,-244440,-244080,-243840,-243480,-243240,-242880,-242640,-242280,-242040,-241680,-241440,-241080,-240840,-240480,-240240,-239880,-239640,-239280,-239040,-238680,-238440,-238080,-237840,-237480,-237240,-236880,-236640,-236280,-236040,-235680,-235440,-235080,-234840,-234480,-234240,-233880,-233640,-233280,-233040,-232680,-232440,-232080,-231840,-231480,-231240,-230880,-230640,-230280,-230040,-229680,-229440,-229080,-228840,-228480,-228240,-227880,-227640,-227280,-227040,-226680,-226440,-226080,-225840,-225480,-225240,-224880,-224640,-224280,-224040,-223680,-223440,-223080,-222840,-222480,-222240,-221880,-221640,-221280,-221040,-220680,-220440,-220080,-219840,-219480,-219240,-218880,-218640,-218280,-218040,-217680,-217440,-217080,-216840,-216480,-216240,-215880,-215640,-215280,-215040,-214680,-214440,-214080,-213840,-213480,-213240,-212880,-212640,-212280,-212040,-211680,-211440,-211080,-210840,-210480,-210240,-209880,-209640,-209280,-209040,-208680,-208440,-208080,-207840,-207480,-207240,-206880,-206640,-206280,-206040,-205680,-205440,-205080,-204840,-204480,-204240,-203880,-203640,-203280,-203040,-202680,-202440,-202080,-201840,-201480,-201240,-200880,-200640,-200280,-200040,-199680,-199440,-199080,-198840,-198480,-198240,-197880,-197640,-197280,-197040,-196680,-196440,-196080,-195840,-195480,-195240,-194880,-194640,-194280,-194040,-193680,-193440,-193080,-192840,-192480,-192240,-191880,-191640,-191280,-191040,-190680,-190440,-190080,-189840,-189480,-189240,-188880,-188640,-188280,-188040,-187680,-187440,-187080,-186840,-186480,-186240,-185880,-185640,-185280,-185040,-184680,-184440,-184080,-183840,-183480,-183240,-182880,-182640,-182280,-182040,-181680,-181440,-181080,-180840,-180480,-180240,-179880,-179640,-179280,-179040,-178680,-178440,-178080,-177840,-177480,-177240,-176880,-176640,-176280,-176040,-175680,-175440,-175080,-174840,-174480,-174240,-173880,-173640,-173280,-173040,-172680,-172440,-172080,-171840,-171480,-171240,-170880,-170640,-170280,-170040,-169680,-169440,-169080,-168840,-168480,-168240,-167880,-167640,-167280,-167040,-166680,-166440,-166080,-165840,-165480,-165240,-164880,-164640,-164280,-164040,-163680,-163440,-163080,-162840,-162480,-162240,-161880,-161640,-161280,-161040,-160680,-160440,-160080,-159840,-159480,-159240,-158880,-158640,-158280,-158040,-157680,-157440,-157080,-156840,-156480,-156240,-155880,-155640,-155280,-155040,-154680,-154440,-154080,-153840,-153480,-153240,-152880,-152640,-152280,-152040,-151680,-151440,-151080,-150840,-150480,-150240,-149880,-149640,-149280,-149040,-148680,-148440,-148080,-147840,-147480,-147240,-146880,-146640,-146280,-146040,-145680,-145440,-145080,-144840,-144480,-144240,-143880,-143640,-143280,-143040,-142680,-142440,-142080,-141840,-141480,-141240,-140880,-140640,-140280,-140040,-139680,-139440,-139080,-138840,-138480,-138240,-137880,-137640,-137280,-137040,-136680,-136440,-136080,-135840,-135480,-135240,-134880,-134640,-134280,-134040,-133680,-133440,-133080,-132840,-132480,-132240,-131880,-131640,-131280,-131040,-130680,-130440,-130080,-129840,-129480,-129240,-128880,-128640,-128280,-128040,-127680,-127440,-127080,-126840,-126480,-126240,-125880,-125640,-125280,-125040,-124680,-124440,-124080,-123840,-123480,-123240,-122880,-122640,-122280,-122040,-121680,-121440,-121080,-120840,-120480,-120240,-119880,-119640,-119280,-119040,-118680,-118440,-118080,-117840,-117480,-117240,-116880,-116640,-116280,-116040,-115680,-115440,-115080,-114840,-114480,-114240,-113880,-113640,-113280,-113040,-112680,-112440,-112080,-111840,-111480,-111240,-110880,-110640,-110280,-110040,-109680,-109440,-109080,-108840,-108480,-108240,-107880,-107640,-107280,-107040,-106680,-106440,-106080,-105840,-105480,-105240,-104880,-104640,-104280,-104040,-103680,-103440,-103080,-102840,-102480,-102240,-101880,-101640,-101280,-101040,-100680,-100440,-100080,-99840,-99480,-99240,-98880,-98640,-98280,-98040,-97680,-97440,-97080,-96840,-96480,-96240,-95880,-95640,-95280,-95040,-94680,-94440,-94080,-93840,-93480,-93240,-92880,-92640,-92280,-92040,-91680,-91440,-91080,-90840,-90480,-90240,-89880,-89640,-89280,-89040,-88680,-88440,-88080,-87840,-87480,-87240,-86880,-86640,-86280,-86040,-85680,-85440,-85080,-84840,-84480,-84240,-83880,-83640,-83280,-83040,-82680,-82440,-82080,-81840,-81480,-81240,-80880,-80640,-80280,-80040,-79680,-79440,-79080,-78840,-78480,-78240,-77880,-77640,-77280,-77040,-76680,-76440,-76080,-75840,-75480,-75240,-74880,-74640,-74280,-74040,-73680,-73440,-73080,-72840,-72480,-72240,-71880,-71640,-71280,-71040,-70680,-70440,-70080,-69840,-69480,-69240,-68880,-68640,-68280,-68040,-67680,-67440,-67080,-66840,-66480,-66240,-65880,-65640,-65280,-65040,-64680,-64440,-64080,-63840,-63480,-63240,-62880,-62640,-62280,-62040,-61680,-61440,-61080,-60840,-60480,-60240,-59880,-59640,-59280,-59040,-58680,-58440,-58080,-57840,-57480,-57240,-56880,-56640,-56280,-56040,-55680,-55440,-55080,-54840,-54480,-54240,-53880,-53640,-53280,-53040,-52680,-52440,-52080,-51840,-51480,-51240,-50880,-50640,-50280,-50040,-49680,-49440,-49080,-48840,-48480,-48240,-47880,-47640,-47280,-47040,-46680,-46440,-46080,-45840,-45480,-45240,-44880,-44640,-44280,-44040,-43680,-43440,-43080,-42840,-42480,-42240,-41880,-41640,-41280,-41040,-40680,-40440,-40080,-39840,-39480,-39240,-38880,-38640,-38280,-38040,-37680,-37440,-37080,-36840,-36480,-36240,-35880,-35640,-35280,-35040,-34680,-34440,-34080,-33840,-33480,-33240,-32880,-32640,-32280,-32040,-31680,-31440,-31080,-30840,-30480,-30240,-29880,-29640,-29280,-29040,-28680,-28440,-28080,-27840,-27480,-27240,-26880,-26640,-26280,-26040,-25680,-25440,-25080,-24840,-24480,-24240,-23880,-23640,-23280,-23040,-22680,-22440,-22080,-21840,-21480,-21240,-20880,-20640,-20280,-20040,-19680,-19440,-19080,-18840,-18480,-18240,-17880,-17640,-17280,-17040,-16680,-16440,-16080,-15840,-15480,-15240,-14880,-14640,-14280,-14040,-13680,-13440,-13080,-12840,-12480,-12240,-11880,-11640,-11280,-11040,-10680,-10440,-10080,-9840,-9480,-9240,-8880,-8640,-8280,-8040,-7680,-7440,-7080,-6840,-6480,-6240,-5880,-5640,-5280,-5040,-4680,-4440,-4080,-3840,-3480,-3240,-2880,-2640,-2280,-2040,-1680,-1440,-1080,-840,-480,-240,120,360,720,960,1320,1560,1920,2160,2520,2760,3120,3360,3720,3960,4320,4560,4920,5160,5520,5760,6120,6360,6720,6960,7320,7560,7920,8160,8520,8760,9120,9360,9720,9960,10320,10560,10920,11160,11520,11760,12120,12360,12720,12960,13320,13560,13920,14160,14520,14760,15120,15360,15720,15960,16320,16560,16920,17160,17520,17760,18120,18360,18720,18960,19320,19560,19920,20160,20520,20760,21120,21360,21720,21960,22320,22560,22920,23160,23520,23760,24120,24360,24720,24960,25320,25560,25920,26160,26520,26760,27120,27360,27720,27960,28320,28560,28920,29160,29520,29760,30120,30360,30720,30960,31320,31560,31920,32160,32520,32760,33120,33360,33720,33960,34320,34560,34920,35160,35520,35760,36120,36360,36720,36960,37320,37560,37920,38160,38520,38760,39120,39360,39720,39960,40320,40560,40920,41160,41520,41760,42120,42360,42720,42960,43320,43560,43920,44160,44520,44760,45120,45360,45720,45960,46320,46560,46920,47160,47520,47760,48120,48360,48720,48960,49320,49560,49920,50160,50520,50760,51120,51360,51720,51960,52320,52560,52920,53160,53520,53760,54120,54360,54720,54960,55320,55560,55920,56160,56520,56760,57120,57360,57720,57960,58320,58560,58920,59160,59520,59760,60120,60360,60720,60960,61320,61560,61920,62160,62520,62760,63120,63360,63720,63960,64320,64560,64920,65160,65520,65760,66120,66360,66720,66960,67320,67560,67920,68160,68520,68760,69120,69360,69720,69960,70320,70560,70920,71160,71520,71760,72120,72360,72720,72960,73320,73560,73920,74160,74520,74760,75120,75360,75720,75960,76320,76560,76920,77160,77520,77760,78120,78360,78720,78960,79320,79560,79920,80160,80520,80760,81120,81360,81720,81960,82320,82560,82920,83160,83520,83760,84120,84360,84720,84960,85320,85560,85920,86160],"sog":[4.6,5.9,3.7,3.8,5.5,3.4,6.2,5.1,5.1,5.6,5.0,5.4,3.7,4.5,4.9,5.7,3.9,4.2,4.3,5.4,4.0,4.1,3.7,6.0,6.1,5.0,4.2,4.0,5.1,6.3,4.9,4.4,3.9,4.5,4.9,3.0,5.4,4.8,7.2,4.9,1.9,5.8,5.7,4.9,4.6,2.7,5.1,4.8,3.3,6.3,4.4,4.7,4.1,4.8,4.9,4.0,3.8,6.3,4.7,4.8,4.2,4.3,4.4,5.8,4.2,3.2,4.5,4.3,5.5,3.4,4.3,3.8,5.3,4.5,3.7,5.0,4.2,3.1,6.5,4.0,4.9,4.8,5.1,4.4,4.8,5.1,3.4,6.5,4.9,6.2,5.3,5.3,4.7,4.9,5.7,5.0,6.1,4.9,5.8,3.7,4.4,3.7,4.0,4.9,4.7,3.2,4.6,4.7,5.0,4.9,2.4,5.7,3.3,4.3,3.5,4.5,4.8,3.9,5.5,4.9,6.6,4.0,3.4,6.1,4.1,4.1,3.2,5.8,5.6,3.6,6.1,5.2,4.7,5.6,6.2,5.8,5.4,3.8,4.3,4.9,7.7,7.1,4.3,5.8,3.9,5.4,5.5,6.2,6.1,3.6,3.1,3.7,5.0,4.5,3.2,5.9,5.1,5.0,5.9,5.5,2.5,4.4,4.3,5.3,4.5,3.6,4.8,4.3,3.2,4.8,4.3,5.1,3.8,5.7,3.4,4.5,5.3,5.3,4.3,5.5,4.3,5.2,6.8,6.7,5.5,5.6,4.9,4.6,4.3,4.8,4.5,5.0,3.2,4.3,5.1,5.4,5.6,3.3,6.1,4.2,4.8,4.4,5.6,4.8,6.3,5.7,6.1,3.3,3.7,5.6,3.2,4.6,4.3,3.7,4.7,5.4,5.0,4.5,5.4,4.5,2.8,4.1,4.8,5.1,7.3,5.9,4.9,5.5,4.2,4.0,4.6,4.9,4.6,5.2,5.0,6.0,5.3,5.1,6.1,6.5,6.4,5.4,5.4,3.9,5.0,3.8,5.7,5.8,4.4,2.5,4.8,5.6,4.0,4.6,5.7,6.9,4.1,4.2,3.5,4.7,5.9,4.1,5.0,5.1,5.4,5.2,5.5,4.8,6.1,5.1,5.0,5.5,3.9,4.2,5.3,4.4,4.6,6.8,5.4,3.2,4.9,3.8,3.2,4.1,6.5,5.3,4.4,4.3,4.1,6.5,6.1,5.6,3.6,3.9,5.2,5.1,5.5,4.9,4.2,5.6,4.4,4.4,5.3,4.9,6.4,4.0,5.2,6.1,5.4,4.4,4.3,5.5,4.2,5.0,4.7,4.2,5.0,3.6,2.8,5.2,5.4,5.8,4.4,5.3,4.7,3.6,4.7,6.1,4.8,5.8,4.9,4.7,5.3,4.8,3.7,5.3,6.3,4.2,4.8,5.0,4.5,3.9,5.2,4.5,4.6,4.7,5.8,5.2,2.6,3.4,4.3,6.3,4.9,3.5,5.8,5.0,4.9,5.7,2.0,6.0,5.3,4.4,5.8,7.1,4.2,3.3,6.2,4.5,4.5,4.9,4.4,3.8,5.7,3.0,2.7,3.8,5.3,3.8,5.8,3.1,5.1,2.4,4.4,3.4,5.4,5.2,5.5,4.1,2.7,3.1,3.1,2.7,6.4,5.6,5.3,4.8,4.9,4.7,5.2,5.5,4.6,5.0,4.1,5.7,6.8,6.8,4.1,3.7,4.4,5.3,4.7,5.2,5.9,2.6,4.0,5.0,4.3,5.2,5.8,5.9,5.8,5.5,3.2,5.6,4.3,4.1,5.6,5.3,4.3,4.3,3.9,4.0,3.9,3.7,5.7,2.6,4.8,4.6,4.8,4.9,6.9,6.5,5.7,5.7,5.3,6.5,3.8,4.6,5.4,7.6,5.7,3.6,3.5,3.5,4.8,6.3,4.9,5.5,4.9,6.5,5.0,4.0,3.9,5.2,5.1,3.7,4.0,5.9,5.5,6.3,6.9,4.2,4.9,5.9,4.0,4.9,5.1,5.0,4.2,3.9,6.6,6.1,4.1,5.0,5.8,4.8,2.3,6.4,6.4,6.1,3.9,3.7,5.5,4.6,5.8,5.1,4.9,6.4,3.9,5.9,5.1,4.8,6.2,5.2,6.3,4.2,4.0,6.3,4.7,6.3,4.5,5.0,5.0,5.0,5.0,3.5,4.5,5.3,4.7,3.5,4.1,4.2,6.9,4.8,5.8,4.9,4.3,7.1,4.7,5.3,4.0,3.9,2.8,5.3,5.3,4.7,4.0,5.5,7.1,6.1,5.3,4.3,4.9,3.9,4.3,4.4,5.1,4.1,6.1,5.1,4.6,4.9,5.2,6.7,3.4,4.4,4.8,5.6,6.6,4.9,4.5,4.2,4.1,5.4,4.3,4.6,5.3,4.7,5.2,6.1,5.7,3.5,3.8,4.8,4.0,5.5,3.5,3.2,4.5,5.8,6.3,4.6,3.8,4.9,4.7,6.6,3.5,4.7,5.5,4.8,5.5,4.9,5.1,5.2,7.2,2.8,5.7,5.5,3.9,5.4,3.6,4.1,3.8,4.9,4.3,4.7,2.7,5.2,6.3,6.4,6.0,4.3,4.2,4.0,3.1,5.1,5.4,5.1,5.5,6.3,5.9,6.2,6.0,5.6,4.4,4.2,4.5,3.6,4.1,4.1,5.8,4.0,6.0,4.9,4.6,5.9,5.4,4.6,5.1,6.5,6.2,4.4,3.3,5.7,5.3,4.1,4.6,6.1,7.6,5.7,6.8,5.2,4.8,5.4,4.1,3.7,4.0,3.5,6.6,4.5,3.8,5.9,5.6,4.3,6.3,5.4,4.5,4.7,4.3,3.6,5.3,5.4,5.1,5.9,6.7,5.6,6.3,5.0,4.1,6.1,5.6,4.8,4.4,3.0,6.3,3.7,5.2,6.6,4.0,4.7,4.2,4.6,5.5,3.5,6.1,5.4,7.0,4.3,4.7,4.3,5.1,5.6,4.2,5.1,6.0,4.9,6.6,5.3,4.6,6.0,3.6,6.1,5.6,4.6,4.6,5.4,4.9,4.6,6.2,4.1,6.0,5.5,3.9,4.2,2.6,4.2,5.5,2.8,4.9,7.5,4.7,5.8,4.0,4.4,5.0,6.3,3.5,6.1,4.9,3.5,4.3,5.3,5.6,4.8,5.9,4.0,4.4,5.1,5.6,4.5,4.4,4.4,5.6,4.3,5.9,3.6,5.1,3.0,4.5,4.4,5.8,4.1,4.9,5.1,3.8,6.1,5.0,3.6,4.8,5.1,5.0,5.4,4.3,3.6,3.7,4.6,6.4,4.0,3.3,3.7,4.8,6.5,7.4,3.4,6.6,5.0,4.8,4.9,5.1,5.3,5.8,4.6,4.6,5.9,5.7,5.6,5.4,4.0,5.1,4.2,4.3,3.1,7.0,3.8,3.8,4.5,4.1,3.7,3.6,4.9,5.6,5.7,5.2,3.2,3.7,5.0,4.9,3.3,3.4,4.5,5.5,5.5,5.0,4.8,4.5,4.3,5.7,5.1,4.9,5.2,4.8,5.0,3.8,4.5,4.2,6.3,4.6,6.0,5.5,5.7,5.1,3.7,4.9,3.9,6.3,4.7,3.7,5.2,5.1,5.0,5.7,3.6,4.1,5.6,6.6,4.4,3.3,5.2,4.7,5.7,5.5,2.7,3.9,5.2,2.6,5.0,4.8,6.5,4.5,5.3,4.9,6.1,4.4,4.4,3.9,6.2,4.6,5.0,2.3,3.6,5.5,4.9,3.0,4.0,4.0,5.9,5.1,4.5,5.6,4.8,3.8,5.0,4.2,3.3,6.7,6.7,6.4,4.3,5.4,3.1,3.6,5.9,5.4,4.3,4.8,5.4,4.4,3.7,4.7,3.3,4.4,5.9,5.9,3.8,4.8,5.3,6.6,4.1,4.4,4.8,5.0,4.4,4.0,3.6,6.2,5.4,7.2,5.5,4.2,5.7,3.2,4.1,6.3,5.0,4.0,5.5,5.7,4.2,4.2,4.8,4.7,4.3,6.1,3.9,4.5,5.7,3.5,6.9,5.6,4.8,5.7,4.7,4.0,5.6,5.2,5.5,4.8,6.8,5.3,4.8,5.2,3.7,5.8,6.1,3.3,3.7,6.5,1.9,5.0,4.6,5.0,5.6,1.8,4.9,5.2,4.5,3.3,5.6,5.3,3.5,5.2,4.5,4.5,5.6,3.7,4.6,5.2,5.8,5.7,5.7,5.0,6.4,3.5,6.1,5.1,3.9,3.7,5.0,3.0,5.0,4.2,6.1,5.8,4.7,4.8,4.2,6.1,7.0,4.8,5.7,3.7,5.9,3.8,3.0,5.2,5.9,5.4,3.5,4.6,5.9,5.6,5.8,7.0,5.4,5.2,5.6,5.3,4.5,3.3,5.0,3.4,4.2,5.0,5.5,7.8,5.2,5.8,3.9,5.0,4.5,4.1,4.8,6.0,3.7,3.2,4.9,3.5,4.4,5.4,4.0,3.4,4.3,5.0,3.3,5.2,3.0,3.9,3.2,4.7,3.8,4.4,5.3,4.2,5.6,3.4,4.9,5.9,4.9,5.1,5.9,5.2,4.1,1.2,3.7,4.4,4.7,3.2,5.8,4.3,2.8,3.0,4.8,4.8,6.9,6.6,4.4,4.5,5.4,5.2,4.8,6.0,5.0,4.8,4.9,5.5,5.5,6.6,5.6,5.5,3.9,5.5,5.4,3.9,4.4,7.1,4.2,4.2,5.7,4.0,5.8,5.0,4.5,4.0,4.6,5.3,4.6,4.4,4.1,4.4,6.0,4.1,4.3,5.2,3.8,4.4,4.4,4.2,4.8,4.5,6.2,6.4,4.9,5.5,4.7,5.4,4.4,5.2,5.3,4.7,5.9,2.2,4.7,6.1,4.9,4.6,4.7,4.0,4.0,5.9,6.8,3.9,4.6,3.3]}},{"type":"Feature","geometry":{"type":"LineString","coordinates":[[74.5976,8.1539],[74.5911,8.1642],[74.5847,8.1755],[74.5742,8.1921],[74.5672,8.2035],[74.5567,8.2202],[74.5498,8.2309],[74.5391,8.2473],[74.5318,8.2577],[74.5202,8.2737],[74.5128,8.2833],[74.5009,8.2986],[74.4934,8.3086],[74.4824,8.3239],[74.4746,8.3343],[74.4632,8.3502],[74.4556,8.361],[74.4448,8.3761],[74.4371,8.3865],[74.4254,8.4021],[74.4178,8.4126],[74.4068,8.4278],[74.3993,8.4384],[74.3878,8.4541],[74.3801,8.4639],[74.3683,8.4793],[74.3606,8.489],[74.3488,8.5045],[74.3409,8.5149],[74.3292,8.5304],[74.3215,8.5409],[74.3103,8.5569],[74.3028,8.5672],[74.292,8.5826],[74.2848,8.5926],[74.2734,8.6078],[74.2657,8.6184],[74.2545,8.6343],[74.2472,8.6446],[74.2358,8.6597],[74.2286,8.6702],[74.217,8.6856],[74.21,8.6964],[74.1985,8.7116],[74.1912,8.7224],[74.1803,8.7377],[74.1729,8.7487],[74.1614,8.7645],[74.1542,8.775],[74.1429,8.7909],[74.1361,8.8011],[74.1253,8.8173],[74.1182,8.8283],[74.1073,8.8444],[74.0999,8.855],[74.0902,8.8715],[74.0828,8.8821],[74.0722,8.8978],[74.0644,8.909],[74.0535,8.9246],[74.0464,8.9347],[74.0358,8.95],[74.0285,8.9611],[74.0177,8.9765],[74.0107,8.987],[73.9992,9.0027],[73.9921,9.0129],[73.981,9.0287],[73.9735,9.0391],[73.9623,9.0545],[73.9544,9.065],[73.9433,9.0802],[73.9356,9.0908],[73.925,9.1067],[73.9177,9.1172],[73.9067,9.1334],[73.8991,9.1441],[73.8875,9.1601],[73.8802,9.1701],[73.8691,9.1856],[73.8616,9.1964],[73.8509,9.2123],[73.8439,9.2228],[73.8334,9.239],[73.8269,9.2497],[73.8163,9.2661],[73.8093,9.277],[73.7996,9.294],[73.7924,9.3046],[73.7816,9.3213],[73.7746,9.3321],[73.7649,9.3487],[73.7578,9.3592],[73.7467,9.376],[73.7399,9.3871],[73.7292,9.4023],[73.7217,9.4129],[73.7109,9.4281],[73.7038,9.4383],[73.6929,9.4541],[73.6856,9.4648],[73.6749,9.4808],[73.6677,9.4912],[73.6565,9.5074],[73.6494,9.518],[73.6392,9.5337],[73.6325,9.5445],[73.6223,9.5602],[73.6159,9.5706],[73.6059,9.5873],[73.5989,9.5972],[73.5886,9.6135],[73.5817,9.624],[73.5718,9.6407],[73.5649,9.6516],[73.554,9.6679],[73.547,9.6788],[73.5364,9.6951],[73.5292,9.7058],[73.519,9.7217],[73.5118,9.7327],[73.5014,9.7492],[73.4945,9.7601],[73.4849,9.7767],[73.4776,9.7877],[73.4677,9.804],[73.4609,9.8156],[73.4512,9.8319],[73.4448,9.843],[73.4351,9.8596],[73.4284,9.8705],[73.4183,9.8871],[73.4114,9.8977],[73.402,9.9142],[73.3951,9.9248],[73.3853,9.942],[73.3786,9.9529],[73.3692,9.9698],[73.3633,9.9805],[73.3543,9.9966],[73.3486,10.0078],[73.339,10.0244],[73.332,10.0354],[73.323,10.0519],[73.3165,10.0629],[73.3067,10.0794],[73.3001,10.0904],[73.2903,10.1072],[73.2839,10.1179],[73.2741,10.1348],[73.2675,10.1458],[73.2575,10.163],[73.2508,10.1745],[73.241,10.1908],[73.2345,10.2018],[73.2257,10.2183],[73.2187,10.2299],[73.2092,10.247],[73.2031,10.2583],[73.1937,10.2755],[73.187,10.2868],[73.1781,10.3035],[73.1717,10.3148],[73.1627,10.3324],[73.1569,10.3438],[73.1481,10.3607],[73.1424,10.3721],[73.1342,10.3894],[73.1287,10.4011],[73.1203,10.4187],[73.115,10.4304],[73.1071,10.4476],[73.1019,10.4597],[73.094,10.4773],[73.0884,10.4889],[73.0799,10.5068],[73.0749,10.5184],[73.0666,10.5353],[73.0609,10.5472],[73.0526,10.565],[73.0473,10.5762],[73.0389,10.5936],[73.0334,10.6059],[73.0253,10.6235],[73.0198,10.6344],[73.0113,10.6519],[73.0056,10.6633],[72.9973,10.6806],[72.9917,10.6922],[72.9835,10.7095],[72.9777,10.7208],[72.9695,10.7387],[72.9638,10.7502],[72.9555,10.7675],[72.9498,10.7789],[72.9417,10.7962],[72.936,10.8074],[72.9273,10.825],[72.9217,10.8363],[72.9128,10.854],[72.907,10.8656],[72.8982,10.8823],[72.8922,10.8934],[72.8832,10.9108],[72.8774,10.9217],[72.8681,10.9386],[72.8622,10.9505],[72.8536,10.9667],[72.8475,10.978],[72.8383,10.9948],[72.8322,11.0058],[72.823,11.0229],[72.8169,11.0346],[72.8074,11.0512],[72.8013,11.0622],[72.7917,11.079],[72.7848,11.0903],[72.7757,11.1071],[72.77,11.1178],[72.7603,11.134],[72.7539,11.1453],[72.744,11.1619],[72.7375,11.1727],[72.7281,11.1896],[72.7223,11.2008],[72.7128,11.2174],[72.7061,11.2286],[72.6965,11.2448],[72.6901,11.2555],[72.68,11.2721],[72.6738,11.2831],[72.6642,11.2993],[72.6576,11.3104],[72.6476,11.3269],[72.6412,11.338],[72.6315,11.3542],[72.625,11.3653],[72.6154,11.382],[72.6087,11.3929],[72.5988,11.409],[72.5918,11.42],[72.5818,11.4355],[72.5752,11.4463],[72.5649,11.4633],[72.5587,11.4744],[72.5486,11.4906],[72.5421,11.5012],[72.5323,11.5176],[72.525,11.5289],[72.5152,11.5451],[72.5083,11.5556],[72.4983,11.5724],[72.4919,11.5832],[72.482,11.5996],[72.475,11.611],[72.4655,11.6274],[72.4587,11.6384],[72.449,11.6547],[72.4424,11.6657],[72.432,11.6821],[72.4254,11.6926],[72.4152,11.7094],[72.4089,11.721],[72.3988,11.738],[72.3923,11.7488],[72.3828,11.7654],[72.3764,11.7762],[72.3666,11.7923],[72.3601,11.8039],[72.3507,11.8204],[72.3445,11.8315],[72.335,11.8483],[72.3285,11.8597],[72.3186,11.8758],[72.312,11.8871],[72.3022,11.9035],[72.2959,11.9142],[72.2858,11.9306],[72.2791,11.9412],[72.2692,11.9581],[72.2626,11.9694],[72.2523,11.9858],[72.2455,11.9967],[72.2353,12.0131],[72.2283,12.0239],[72.2176,12.0399],[72.2105,12.0515],[72.2002,12.0676],[72.1928,12.0787],[72.1826,12.0945],[72.1758,12.106],[72.1651,12.1227],[72.1583,12.1332],[72.1481,12.1493],[72.1412,12.1603],[72.1315,12.1766],[72.125,12.1875],[72.1156,12.2032],[72.1089,12.2144],[72.0986,12.2307],[72.092,12.2419],[72.081,12.2581],[72.0741,12.2691],[72.0644,12.2856],[72.0575,12.2971],[72.0475,12.314],[72.0416,12.3245],[72.0319,12.3407],[72.0254,12.352],[72.0154,12.3678],[72.0091,12.3787],[71.9991,12.3955],[71.9924,12.4061],[71.9819,12.4229],[71.9754,12.4336],[71.9654,12.4505],[71.9587,12.4613],[71.9486,12.4772],[71.9419,12.4879],[71.9311,12.5038],[71.9238,12.5142],[71.9129,12.5298],[71.906,12.54],[71.8951,12.556],[71.8878,12.5663],[71.8768,12.5825],[71.8696,12.5933],[71.8585,12.6092],[71.8514,12.6197],[71.8405,12.6353],[71.8328,12.6456],[71.8211,12.6612],[71.8141,12.6709],[71.803,12.6864],[71.7958,12.6967],[71.7844,12.7126],[71.7769,12.723],[71.7656,12.7388],[71.7581,12.749],[71.7468,12.7643],[71.7391,12.7747],[71.7283,12.7903],[71.7205,12.801],[71.7091,12.8162],[71.7017,12.8267],[71.6903,12.8419],[71.6821,12.8522],[71.6702,12.8679],[71.6629,12.8779],[71.6516,12.8939],[71.6441,12.9038],[71.6327,12.9194],[71.6253,12.9293],[71.6141,12.9451],[71.6067,12.9554],[71.5961,12.9713],[71.5886,12.9816],[71.5771,12.9976],[71.5695,13.0077],[71.5581,13.0235],[71.5511,13.034],[71.5403,13.0501],[71.5329,13.0604],[71.5223,13.0761],[71.5148,13.086],[71.503,13.1019],[71.4955,13.1122],[71.4844,13.1274],[71.4765,13.138],[71.4653,13.1536],[71.4569,13.1639],[71.4454,13.1792],[71.438,13.1893],[71.4253,13.2043],[71.4175,13.2143],[71.4052,13.2288],[71.3967,13.2386],[71.3843,13.2539],[71.3761,13.2638],[71.3639,13.279],[71.3558,13.2892],[71.3437,13.3041],[71.3358,13.314],[71.3237,13.3296],[71.3147,13.3395],[71.3022,13.3546],[71.2935,13.3645],[71.2812,13.3784],[71.273,13.3878],[71.2602,13.4019],[71.2515,13.4113],[71.2384,13.4259],[71.23,13.4353],[71.2169,13.4487],[71.2075,13.458],[71.1939,13.4713],[71.1842,13.4803],[71.1705,13.4929],[71.161,13.5018],[71.1468,13.5151],[71.1377,13.5239],[71.1229,13.5374],[71.1133,13.546],[71.0995,13.5591],[71.0897,13.5679],[71.0754,13.5813],[71.0655,13.5897],[71.0509,13.6023],[71.0417,13.6108],[71.0278,13.6241],[71.0187,13.6329],[71.0046,13.6465],[70.9949,13.6558],[70.9811,13.6692],[70.9719,13.6773],[70.9577,13.691],[70.948,13.7001],[70.9335,13.7127],[70.9239,13.7213],[70.9096,13.734],[70.9,13.7432],[70.8854,13.7554],[70.876,13.764],[70.8607,13.7765],[70.8513,13.7853],[70.8367,13.7976],[70.8269,13.8055],[70.8115,13.8182],[70.8015,13.8262],[70.7861,13.8379],[70.7766,13.8458],[70.7612,13.8575],[70.7513,13.8658],[70.7361,13.8779],[70.7261,13.8863],[70.711,13.8984],[70.7009,13.9062],[70.6857,13.9186],[70.6758,13.9265],[70.6607,13.9381],[70.6503,13.946],[70.6356,13.9578],[70.6258,13.9657],[70.6105,13.9777],[70.6004,13.9858],[70.5853,13.9981],[70.5748,14.0061],[70.5599,14.0179],[70.5498,14.026],[70.5349,14.0382],[70.5247,14.0466],[70.5105,14.0587]]},"properties":{"mmsi":998463680,"name":"SYN-TAN-10","role":"candidate","vessel_type":80,"synthetic":true,"t_offset_s":[-156695,-156455,-156215,-155855,-155615,-155255,-155015,-154655,-154415,-154055,-153815,-153455,-153215,-152855,-152615,-152255,-152015,-151655,-151415,-151055,-150815,-150455,-150215,-149855,-149615,-149255,-149015,-148655,-148415,-148055,-147815,-147455,-147215,-146855,-146615,-146255,-146015,-145655,-145415,-145055,-144815,-144455,-144215,-143855,-143615,-143255,-143015,-142655,-142415,-142055,-141815,-141455,-141215,-140855,-140615,-140255,-140015,-139655,-139415,-139055,-138815,-138455,-138215,-137855,-137615,-137255,-137015,-136655,-136415,-136055,-135815,-135455,-135215,-134855,-134615,-134255,-134015,-133655,-133415,-133055,-132815,-132455,-132215,-131855,-131615,-131255,-131015,-130655,-130415,-130055,-129815,-129455,-129215,-128855,-128615,-128255,-128015,-127655,-127415,-127055,-126815,-126455,-126215,-125855,-125615,-125255,-125015,-124655,-124415,-124055,-123815,-123455,-123215,-122855,-122615,-122255,-122015,-121655,-121415,-121055,-120815,-120455,-120215,-119855,-119615,-119255,-119015,-118655,-118415,-118055,-117815,-117455,-117215,-116855,-116615,-116255,-116015,-115655,-115415,-115055,-114815,-114455,-114215,-113855,-113615,-113255,-113015,-112655,-112415,-112055,-111815,-111455,-111215,-110855,-110615,-110255,-110015,-109655,-109415,-109055,-108815,-108455,-108215,-107855,-107615,-107255,-107015,-106655,-106415,-106055,-105815,-105455,-105215,-104855,-104615,-104255,-104015,-103655,-103415,-103055,-102815,-102455,-102215,-101855,-101615,-101255,-101015,-100655,-100415,-100055,-99815,-99455,-99215,-98855,-98615,-98255,-98015,-97655,-97415,-97055,-96815,-96455,-96215,-95855,-95615,-95255,-95015,-94655,-94415,-94055,-93815,-93455,-93215,-92855,-92615,-92255,-92015,-91655,-91415,-91055,-90815,-90455,-90215,-89855,-89615,-89255,-89015,-88655,-88415,-88055,-87815,-87455,-87215,-86855,-86615,-86255,-86015,-85655,-85415,-85055,-84815,-84455,-84215,-83855,-83615,-83255,-83015,-82655,-82415,-82055,-81815,-81455,-81215,-80855,-80615,-80255,-80015,-79655,-79415,-79055,-78815,-78455,-78215,-77855,-77615,-77255,-77015,-76655,-76415,-76055,-75815,-75455,-75215,-74855,-74615,-74255,-74015,-73655,-73415,-73055,-72815,-72455,-72215,-71855,-71615,-71255,-71015,-70655,-70415,-70055,-69815,-69455,-69215,-68855,-68615,-68255,-68015,-67655,-67415,-67055,-66815,-66455,-66215,-65855,-65615,-65255,-65015,-64655,-64415,-64055,-63815,-63455,-63215,-62855,-62615,-62255,-62015,-61655,-61415,-61055,-60815,-60455,-60215,-59855,-59615,-59255,-59015,-58655,-58415,-58055,-57815,-57455,-57215,-56855,-56615,-56255,-56015,-55655,-55415,-55055,-54815,-54455,-54215,-53855,-53615,-53255,-53015,-52655,-52415,-52055,-51815,-51455,-51215,-50855,-50615,-50255,-50015,-49655,-49415,-49055,-48815,-48455,-48215,-47855,-47615,-47255,-47015,-46655,-46415,-46055,-45815,-45455,-45215,-44855,-44615,-44255,-44015,-43655,-43415,-43055,-42815,-42455,-42215,-41855,-41615,-41255,-41015,-40655,-40415,-40055,-39815,-39455,-39215,-38855,-38615,-38255,-38015,-37655,-37415,-37055,-36815,-36455,-36215,-35855,-35615,-35255,-35015,-34655,-34415,-34055,-33815,-33455,-33215,-32855,-32615,-32255,-32015,-31655,-31415,-31055,-30815,-30455,-30215,-29855,-29615,-29255,-29015,-28655,-28415,-28055,-27815,-27455,-27215,-26855,-26615,-26255,-26015,-25655,-25415,-25055,-24815,-24455,-24215,-23855,-23615,-23255,-23015,-22655,-22415,-22055,-21815,-21455],"sog":[11.2,11.1,11.7,11.7,12.0,11.5,11.7,11.3,11.6,11.8,11.2,11.5,11.3,11.0,11.7,11.8,11.3,11.6,11.0,11.3,11.3,11.0,11.3,11.6,11.1,11.6,11.3,11.8,11.9,11.5,11.7,11.8,11.4,11.0,11.1,11.9,11.2,11.6,11.6,11.1,11.8,11.2,12.0,11.0,11.8,11.4,12.0,11.6,11.8,11.7,11.7,11.6,11.2,11.4,11.7,11.5,11.7,11.1,11.8,11.5,11.0,11.4,11.8,11.4,11.8,11.4,11.3,11.4,11.5,11.1,12.1,11.3,11.4,11.8,11.5,11.9,11.3,11.8,11.6,10.7,11.1,11.5,11.1,12.0,11.6,11.4,11.6,11.5,11.6,11.3,11.5,11.3,11.1,11.3,11.5,11.2,11.2,11.2,11.4,11.2,12.0,11.4,11.1,12.1,11.5,11.1,11.3,10.8,11.1,11.1,10.5,11.5,11.5,11.4,11.6,11.5,11.5,11.6,11.6,11.4,11.4,11.6,11.7,11.6,11.5,11.6,11.8,11.6,11.1,11.4,11.8,11.6,11.0,11.7,11.2,11.5,11.6,11.3,11.1,11.3,11.3,11.6,11.7,10.9,11.5,11.3,11.5,11.5,11.3,11.5,11.3,12.1,11.8,11.4,11.1,11.3,12.3,11.3,11.2,11.5,12.0,11.6,11.9,12.0,11.5,11.7,11.4,11.4,11.7,11.7,11.9,11.4,12.0,11.8,11.7,11.4,11.6,11.5,12.1,11.8,11.0,10.9,11.5,11.9,10.9,11.0,11.2,11.4,11.5,11.8,11.4,11.5,11.6,11.2,11.4,11.2,11.1,11.6,11.2,11.3,11.5,11.3,11.5,11.8,11.1,11.3,11.5,11.1,11.1,11.4,11.4,11.7,11.3,11.9,10.9,11.3,11.9,11.7,10.9,11.4,11.6,12.0,11.4,11.2,11.5,11.4,11.5,11.6,11.5,11.8,11.2,11.5,11.2,11.5,11.6,11.3,11.3,11.7,11.1,11.3,11.3,10.9,11.2,11.5,11.4,11.3,11.1,11.7,12.0,11.2,11.5,11.4,11.4,11.7,12.0,11.4,11.2,11.4,11.7,11.5,11.6,11.7,11.9,11.6,11.1,11.9,11.2,11.0,12.1,11.5,11.4,11.0,11.1,11.4,11.4,11.4,11.2,11.7,11.0,11.4,11.5,11.6,11.1,11.7,11.6,11.8,11.5,11.9,11.3,11.4,12.0,11.3,11.2,11.4,11.5,11.3,11.6,11.3,11.3,11.7,11.9,12.3,12.0,11.2,12.2,11.3,11.2,10.7,11.7,11.0,11.1,11.3,11.2,12.0,11.3,11.3,11.4,11.3,11.2,11.9,11.0,11.3,11.0,11.4,11.3,11.8,11.5,11.3,11.7,11.6,11.2,11.4,10.8,10.7,10.7,11.7,11.6,11.6,11.3,11.2,11.6,11.7,11.4,11.5,11.5,11.4,11.4,11.6,11.5,11.9,11.5,11.0,10.8,11.4,10.9,11.7,11.3,12.2,11.5,11.3,10.9,11.8,11.2,11.0,11.2,11.4,11.3,11.9,11.7,11.4,11.6,11.7,11.5,11.3,11.0,11.7,11.5,12.1,11.6,11.6,11.2,11.6,11.1,11.3,11.6,12.0,11.5,11.3,11.5,11.7,11.6,10.9,11.3,11.4,11.5,11.0,11.3,11.4,11.4,11.2,11.7,11.5,11.8,11.6,11.9,11.3,11.8,11.2,11.3,11.0,11.5,11.9,12.0,11.3,11.2,11.8,12.1,11.4,11.5,11.7,11.9,11.4,11.6,12.0,11.4,11.0,11.3,12.3,11.3,11.1,11.6,11.6,11.4,11.1,11.9,11.4,11.5,12.0,11.2,11.7,11.0,11.1,11.3,12.0,11.2,11.2,12.1,11.6,11.5,11.7,11.7,11.1]}},{"type":"Feature","geometry":{"type":"LineString","coordinates":[[74.0842,11.9128],[74.0865,11.9125],[74.0907,11.9161],[74.0934,11.9238],[74.0932,11.9291],[74.0911,11.9357],[74.0868,11.9358],[74.0838,11.9411],[74.0826,11.945],[74.0851,11.9496],[74.0901,11.9517],[74.0915,11.9589],[74.0933,11.964],[74.1001,11.9671],[74.1052,11.968],[74.1105,11.9656],[74.1125,11.962],[74.1111,11.9553],[74.1095,11.95],[74.1075,11.9446],[74.1074,11.9414],[74.105,11.9345],[74.1033,11.9292],[74.1086,11.9241],[74.1123,11.9205],[74.1174,11.9184],[74.1223,11.9164],[74.1252,11.9104],[74.1243,11.9063],[74.1273,11.8994],[74.1309,11.8964],[74.1367,11.8925],[74.1416,11.8898],[74.146,11.8862],[74.1509,11.8856],[74.1562,11.8848],[74.1605,11.889],[74.1653,11.8935],[74.1684,11.8965],[74.1744,11.901],[74.1765,11.905],[74.1808,11.9109],[74.1844,11.9134],[74.1917,11.9157],[74.1965,11.9152],[74.204,11.9127],[74.2076,11.9097],[74.2129,11.9066],[74.2177,11.9034],[74.2231,11.8986],[74.2243,11.8933],[74.2288,11.8901],[74.2317,11.8943],[74.2348,11.9013],[74.2343,11.9042],[74.2357,11.9098],[74.2356,11.9146],[74.2307,11.9207],[74.2293,11.9239],[74.2267,11.9297],[74.2227,11.9296],[74.2186,11.9234],[74.2136,11.9257],[74.2066,11.9248],[74.2021,11.9272],[74.1989,11.9328],[74.1999,11.9373],[74.2005,11.9444],[74.1976,11.9462],[74.196,11.952],[74.1931,11.955],[74.1918,11.9616],[74.1931,11.9651],[74.1897,11.9696],[74.1843,11.9719],[74.1802,11.9768],[74.1753,11.9802],[74.1716,11.9867],[74.1687,11.9911],[74.163,11.9923],[74.1586,11.9956],[74.1518,11.9994],[74.1475,12.0007],[74.1438,12.0056],[74.1416,12.0098],[74.1421,12.0165],[74.1448,12.02],[74.1517,12.0226],[74.1511,12.0272],[74.147,12.0327],[74.1444,12.0361],[74.1382,12.0353],[74.1342,12.0337],[74.1306,12.0282],[74.1307,12.025],[74.1319,12.0193],[74.1351,12.0165],[74.1419,12.0121],[74.1416,12.0073],[74.1373,12.0022],[74.1329,12.0044],[74.1274,12.0082],[74.1224,12.0101],[74.1177,12.0052],[74.1126,12.0025],[74.1065,12.0065],[74.1017,12.0098],[74.0986,12.0135],[74.0967,12.0183],[74.0975,12.0233],[74.0996,12.0276],[74.1041,12.0323],[74.1047,12.0351],[74.1097,12.0351],[74.1148,12.0311],[74.1231,12.0272],[74.1258,12.0231],[74.1313,12.0177],[74.1353,12.0182],[74.1424,12.0215],[74.1468,12.0209],[74.1527,12.0229],[74.1568,12.024],[74.165,12.026],[74.1696,12.0296],[74.1748,12.0277],[74.1803,12.0267],[74.1849,12.0209],[74.1877,12.0156],[74.1875,12.0079],[74.1871,12.0036],[74.1913,11.9976],[74.1884,11.9936],[74.1891,11.987],[74.1892,11.9821],[74.1913,11.9753],[74.192,11.9693],[74.1976,11.9632],[74.2016,11.9611],[74.2082,11.9614],[74.2104,11.9563],[74.2117,11.9514],[74.2117,11.9465],[74.2077,11.9402],[74.2069,11.9354],[74.2034,11.9303],[74.2001,11.9283],[74.1955,11.9235],[74.1974,11.9192],[74.2019,11.9151],[74.2026,11.9098],[74.2049,11.9036],[74.206,11.8995],[74.2102,11.8935],[74.2105,11.8894],[74.2126,11.8843],[74.2128,11.8797],[74.2118,11.8733],[74.2127,11.8687],[74.2096,11.8629],[74.2055,11.8607],[74.1998,11.8599],[74.1957,11.8599],[74.1908,11.8545],[74.1868,11.8507],[74.1799,11.8477],[74.1751,11.8487],[74.1679,11.8506],[74.1657,11.8562],[74.1662,11.8623],[74.167,11.8678],[74.1687,11.8729],[74.1682,11.8774],[74.1725,11.8827],[74.1764,11.8845],[74.1813,11.8861],[74.1866,11.8828],[74.1927,11.8856],[74.1944,11.8894],[74.1979,11.8947],[74.2016,11.8958],[74.2065,11.8899],[74.2091,11.8843],[74.2117,11.8793],[74.2144,11.8737],[74.2132,11.8669],[74.2125,11.8629],[74.208,11.8579],[74.2026,11.8587],[74.1981,11.8557],[74.1946,11.8521],[74.1883,11.8505],[74.1831,11.8507],[74.1782,11.8541],[74.1752,11.8584],[74.1679,11.8597],[74.1644,11.8557],[74.159,11.8547],[74.1568,11.8572],[74.154,11.8632],[74.1525,11.8669],[74.1475,11.8699],[74.1439,11.8734],[74.1383,11.8751],[74.1334,11.8736],[74.1242,11.8716],[74.1206,11.867],[74.1165,11.8613],[74.1165,11.8575],[74.1109,11.8553],[74.1043,11.8568],[74.0982,11.8538],[74.097,11.8562],[74.0988,11.8638],[74.1028,11.8644],[74.1101,11.8663],[74.1139,11.8687],[74.1154,11.8763],[74.1167,11.88],[74.1191,11.8863],[74.1236,11.8903],[74.128,11.8857],[74.1304,11.8829],[74.1351,11.8877],[74.1402,11.8889],[74.1482,11.8871],[74.152,11.8885],[74.1598,11.8888],[74.1665,11.8847],[74.1703,11.88],[74.1754,11.8809],[74.1824,11.8851],[74.1866,11.8854],[74.1905,11.8814],[74.1922,11.8769],[74.193,11.8696],[74.1947,11.8654],[74.1987,11.859],[74.1966,11.8546],[74.1911,11.8565],[74.1883,11.8589],[74.1912,11.8644],[74.1976,11.8652],[74.2052,11.8637],[74.2079,11.8621],[74.2095,11.8555],[74.2114,11.8513],[74.2177,11.8478],[74.2216,11.8484],[74.2281,11.853],[74.2311,11.8566],[74.2362,11.8595],[74.2388,11.8648],[74.2416,11.8714],[74.242,11.8757],[74.2402,11.8829],[74.2381,11.8883],[74.2382,11.8939],[74.2397,11.898],[74.2484,11.9002],[74.2529,11.9019],[74.2569,11.9059],[74.2609,11.907],[74.2679,11.9106],[74.272,11.907],[74.2703,11.9007],[74.2671,11.8973],[74.2684,11.8895],[74.2648,11.8852],[74.2631,11.8779],[74.26,11.8735],[74.2558,11.8672],[74.252,11.8623],[74.2479,11.8571],[74.2459,11.8532],[74.2459,11.8457],[74.2457,11.8408],[74.249,11.8345],[74.2492,11.8297],[74.2452,11.8229],[74.2419,11.8214],[74.2392,11.8149],[74.2423,11.8117],[74.2414,11.8053],[74.2418,11.8017],[74.2445,11.7951],[74.2464,11.7931],[74.2514,11.7873],[74.2534,11.7842],[74.2533,11.7762],[74.2499,11.7713],[74.2446,11.7671],[74.2415,11.7653],[74.2344,11.763],[74.2292,11.7625],[74.2269,11.7687],[74.2251,11.772],[74.2244,11.7778],[74.2215,11.7802],[74.2149,11.7815],[74.2113,11.7858],[74.2101,11.7932],[74.2118,11.7973],[74.2115,11.8024],[74.2072,11.8048],[74.205,11.8096],[74.2081,11.8127],[74.2126,11.8177],[74.2166,11.8204],[74.2224,11.8214],[74.2261,11.8182],[74.2326,11.8152],[74.2358,11.8128],[74.2408,11.8079],[74.2443,11.8058],[74.2492,11.8019],[74.2535,11.7993],[74.2573,11.7946],[74.2597,11.791],[74.2613,11.7847],[74.2639,11.7804],[74.2707,11.7808],[74.2762,11.7814],[74.2818,11.7825],[74.2868,11.7855],[74.2915,11.7919],[74.2931,11.796],[74.2886,11.8016],[74.2875,11.8068],[74.2864,11.8134],[74.2824,11.8172],[74.2789,11.8217],[74.2757,11.8234],[74.2669,11.8249],[74.2637,11.8275],[74.2656,11.8338],[74.2669,11.8381],[74.27,11.8462],[74.2708,11.8501],[74.2715,11.858],[74.2733,11.8629],[74.2753,11.8696],[74.2761,11.8726],[74.2782,11.8796],[74.282,11.883],[74.2873,11.8864],[74.2835,11.8906],[74.2775,11.892],[74.2726,11.8904],[74.2681,11.8858],[74.2643,11.8834],[74.2611,11.8775],[74.2625,11.8746],[74.27,11.8725],[74.2748,11.8743],[74.2804,11.88],[74.2837,11.8831],[74.2829,11.8899],[74.2833,11.894],[74.284,11.9028],[74.2864,11.9065],[74.2913,11.9112],[74.2951,11.9126],[74.3015,11.9129],[74.3037,11.9116],[74.3098,11.909],[74.3113,11.9053],[74.3148,11.8992],[74.3127,11.8941],[74.3151,11.888],[74.3141,11.8824],[74.3064,11.8801],[74.3024,11.8794],[74.2978,11.8769],[74.2937,11.8769],[74.2865,11.8774],[74.2814,11.8763],[74.2736,11.8743],[74.2709,11.8715],[74.2676,11.8666],[74.2614,11.8652],[74.2536,11.8688],[74.2476,11.8693],[74.2485,11.8754],[74.2537,11.8767],[74.257,11.8797],[74.2571,11.8845],[74.2603,11.8905],[74.2623,11.895],[74.2627,11.9006],[74.2639,11.9049],[74.2609,11.9104],[74.2598,11.9147],[74.2572,11.9202],[74.2578,11.9229],[74.2579,11.9295],[74.2575,11.9341],[74.2558,11.9404],[74.2501,11.9418],[74.2434,11.9422],[74.2393,11.9385],[74.241,11.9338],[74.2432,11.9299],[74.2508,11.9303],[74.2567,11.9301],[74.2611,11.9341],[74.2658,11.9351],[74.2725,11.9341],[74.2778,11.9341],[74.2791,11.9268],[74.2799,11.9219],[74.2797,11.9158],[74.2779,11.9128],[74.2759,11.9057],[74.2759,11.8986],[74.2735,11.8928],[74.2713,11.8891],[74.264,11.8867],[74.2587,11.8869],[74.253,11.8864],[74.2473,11.8852],[74.2407,11.8803],[74.2415,11.8751],[74.2379,11.8695],[74.2332,11.8664],[74.2282,11.8623],[74.2249,11.8593],[74.2234,11.8521],[74.2213,11.8456],[74.2235,11.8403],[74.2243,11.8366],[74.2184,11.8323],[74.2147,11.8358],[74.2106,11.8388],[74.2087,11.8429],[74.2072,11.8511],[74.2038,11.8563],[74.1991,11.8623],[74.1947,11.8662],[74.1935,11.8728],[74.1967,11.8768],[74.2011,11.8803],[74.1999,11.8858],[74.1921,11.8882],[74.1894,11.8848],[74.1846,11.8846],[74.1794,11.8813],[74.1774,11.8728],[74.1765,11.869],[74.1789,11.8628],[74.1826,11.8603],[74.1849,11.8544],[74.1852,11.8512],[74.1789,11.8455],[74.1755,11.8425],[74.1722,11.8376],[74.1761,11.8349],[74.1798,11.8245],[74.1842,11.8196],[74.1873,11.8144],[74.1887,11.8095],[74.1925,11.8047],[74.1973,11.8024],[74.2019,11.801],[74.204,11.7981],[74.2097,11.7987],[74.2148,11.8003],[74.2196,11.8048],[74.2248,11.8041],[74.2316,11.8022],[74.2331,11.7982],[74.2309,11.791],[74.2254,11.7867],[74.2193,11.7813],[74.2161,11.7784],[74.2121,11.773],[74.2091,11.7694],[74.2035,11.7635],[74.1985,11.7631],[74.1929,11.7598],[74.1929,11.7553],[74.1984,11.7531],[74.203,11.7527],[74.2082,11.7512],[74.212,11.7495],[74.219,11.749],[74.2225,11.7459],[74.2299,11.7477],[74.2338,11.7482],[74.2393,11.744],[74.2397,11.7391],[74.243,11.7322],[74.2456,11.7289],[74.2529,11.7275],[74.258,11.725],[74.2611,11.7206],[74.2635,11.7173],[74.2703,11.715],[74.2757,11.7161],[74.2835,11.7167],[74.2886,11.7168],[74.295,11.7203],[74.2999,11.7219],[74.3073,11.7225],[74.3128,11.7242],[74.3151,11.7311],[74.3162,11.735],[74.3191,11.7424],[74.3185,11.7463],[74.3219,11.7497],[74.3253,11.7508],[74.3298,11.7446],[74.3256,11.7411],[74.3239,11.7325],[74.3209,11.7276],[74.3175,11.7213],[74.3135,11.7182],[74.3066,11.7198],[74.3029,11.7229],[74.2986,11.7287],[74.2958,11.7302],[74.2913,11.7369],[74.2901,11.7418],[74.2897,11.747],[74.2867,11.7505],[74.2788,11.7511],[74.2753,11.749],[74.268,11.7481],[74.2661,11.7519],[74.265,11.7591],[74.2645,11.7641],[74.2591,11.7687],[74.2549,11.7694],[74.2471,11.7672],[74.2432,11.7651],[74.2382,11.7592],[74.2377,11.7551],[74.2355,11.7491],[74.2308,11.748],[74.2275,11.7529],[74.2243,11.7563],[74.2232,11.7663],[74.2201,11.7707],[74.2142,11.7757],[74.2101,11.7781],[74.2027,11.7781],[74.2011,11.7833],[74.2045,11.7897],[74.2069,11.794],[74.2036,11.8021],[74.207,11.8067],[74.2132,11.8085],[74.2171,11.8113],[74.222,11.8116],[74.2261,11.8088],[74.2252,11.8022],[74.2246,11.7975],[74.2264,11.7915],[74.2244,11.7864],[74.2187,11.7837],[74.2157,11.7798],[74.212,11.7753],[74.2094,11.7726],[74.2043,11.7676],[74.2003,11.7682],[74.1935,11.7704],[74.1894,11.7671],[74.19,11.7619],[74.1899,11.7567],[74.1879,11.7526],[74.1834,11.7507],[74.1771,11.7521],[74.1731,11.7545],[74.1675,11.7609],[74.1668,11.7654],[74.1716,11.7683],[74.1767,11.7708],[74.1764,11.7782],[74.1758,11.7814],[74.1691,11.7817],[74.1667,11.7834],[74.162,11.7887],[74.1579,11.7921],[74.1504,11.798],[74.1475,11.8018],[74.1479,11.8093],[74.146,11.8148],[74.1479,11.82],[74.1481,11.8244],[74.1501,11.8294],[74.1471,11.8331],[74.1399,11.8347],[74.1345,11.8354],[74.1284,11.8367],[74.1239,11.8365],[74.1177,11.834],[74.1122,11.8331],[74.1046,11.8318],[74.1007,11.829],[74.0932,11.8306],[74.0898,11.8309],[74.0821,11.829],[74.0769,11.8274],[74.0729,11.8191],[74.069,11.8155],[74.0674,11.8093],[74.0666,11.8048],[74.0684,11.7967],[74.0709,11.7928],[74.067,11.7866],[74.064,11.7839],[74.0571,11.7823],[74.0543,11.7785],[74.0527,11.7702],[74.0469,11.7666],[74.0428,11.7608],[74.0385,11.7611],[74.0322,11.7629],[74.0333,11.7683],[74.0371,11.7764],[74.0377,11.78],[74.0372,11.7867],[74.0337,11.7905],[74.0318,11.7975],[74.0296,11.803],[74.0263,11.8074],[74.0254,11.8114],[74.023,11.8181],[74.0213,11.8227],[74.025,11.8293],[74.0262,11.8332],[74.0208,11.8387],[74.0176,11.8418],[74.0117,11.8457],[74.01,11.8501],[74.0048,11.8544],[74.0056,11.8584],[74.0055,11.8642],[74.0025,11.8688],[73.9953,11.8727],[73.9931,11.876],[73.9854,11.8793],[73.9822,11.8829],[73.9769,11.8889],[73.978,11.8921],[73.9785,11.8991],[73.9812,11.9026],[73.9883,11.9049],[73.9937,11.9059],[73.9981,11.9123],[73.9971,11.9172],[73.9969,11.9249],[73.9986,11.9291],[73.9995,11.9359],[74.0032,11.9376],[74.0104,11.9399],[74.0144,11.9426],[74.016,11.9488],[74.0165,11.9555],[74.0196,11.9596],[74.0226,11.9624],[74.0305,11.9654],[74.0331,11.9692],[74.0342,11.9764],[74.0329,11.981],[74.0311,11.9875],[74.0296,11.9933],[74.0304,12.0039],[74.0289,12.009],[74.0218,12.0132],[74.0196,12.017],[74.0194,12.0235],[74.0193,12.0281],[74.0201,12.0349],[74.0201,12.0399],[74.0227,12.044],[74.0266,12.0459],[74.0297,12.0421],[74.0337,12.0374],[74.0359,12.0324],[74.0351,12.0269],[74.0326,12.0229],[74.033,12.0187],[74.0323,12.0104],[74.0322,12.0072],[74.036,11.9981],[74.038,11.9951],[74.0434,11.9926],[74.0479,11.9926],[74.0562,11.9921],[74.0593,11.9889],[74.0638,11.9846],[74.0667,11.9817],[74.0711,11.9756],[74.0755,11.9754],[74.0823,11.9789],[74.0869,11.9791],[74.0932,11.9802],[74.0983,11.9809],[74.106,11.9834],[74.1088,11.9876],[74.1125,11.9935],[74.1186,11.9925],[74.1235,11.9887],[74.1292,11.991],[74.1344,11.9939],[74.1396,11.994],[74.1483,11.9919],[74.153,11.9895],[74.1592,11.9859],[74.1613,11.9827],[74.1684,11.9811],[74.172,11.9821],[74.1812,11.9816],[74.1853,11.9823],[74.1931,11.9868],[74.1976,11.9875],[74.205,11.9912],[74.2095,11.9952],[74.2162,11.9983],[74.2206,11.9985],[74.2262,11.9955],[74.23,11.9946],[74.2332,11.9907],[74.2321,11.9864],[74.2324,11.9789],[74.2368,11.9758],[74.2427,11.9748],[74.2466,11.9764],[74.2517,11.9755],[74.2542,11.9732],[74.2617,11.9724],[74.2653,11.9699],[74.2671,11.9624],[74.268,11.9593],[74.2734,11.9544],[74.2749,11.9508],[74.2732,11.9439],[74.2701,11.9397],[74.2621,11.9397],[74.2575,11.9415],[74.2511,11.9429],[74.2464,11.9418],[74.2444,11.9359],[74.2438,11.9315],[74.2455,11.9236],[74.2469,11.9201],[74.2448,11.9121],[74.2404,11.9114],[74.233,11.9142],[74.2331,11.9175],[74.234,11.9247],[74.2385,11.9262],[74.2419,11.9314],[74.2412,11.9369],[74.2456,11.9422],[74.2449,11.9468],[74.2393,11.9476],[74.2345,11.9445],[74.2313,11.939],[74.2281,11.934],[74.2264,11.9304],[74.2234,11.9276],[74.2156,11.9263],[74.2105,11.9251],[74.2067,11.9193],[74.2058,11.9157],[74.2069,11.9103],[74.2097,11.9069],[74.2112,11.9024],[74.2109,11.8992],[74.2083,11.8927],[74.2073,11.8894],[74.212,11.8849],[74.2174,11.8815],[74.2209,11.8744],[74.221,11.8714],[74.2257,11.8669],[74.2261,11.8625],[74.226,11.8557],[74.2248,11.8532],[74.2197,11.8484],[74.2124,11.8471],[74.2058,11.846],[74.2032,11.8471],[74.2032,11.8528],[74.207,11.8556],[74.2075,11.8611],[74.2091,11.8653],[74.2119,11.8716],[74.2101,11.8764],[74.2046,11.8824],[74.1996,11.8859],[74.1951,11.8916],[74.1909,11.8934],[74.1847,11.8941],[74.1805,11.8959],[74.1729,11.896],[74.1689,11.8927],[74.1634,11.8882],[74.1605,11.8852],[74.1567,11.8798],[74.1522,11.8778],[74.1467,11.8733],[74.1437,11.8702],[74.1377,11.8697],[74.1349,11.8734],[74.1378,11.8792],[74.1413,11.882],[74.1481,11.8839],[74.1517,11.8871],[74.1546,11.8939],[74.152,11.8972],[74.146,11.9004],[74.141,11.9036],[74.1363,11.9085],[74.1343,11.9125],[74.1406,11.9167],[74.1452,11.9185],[74.1525,11.9196],[74.1552,11.9191],[74.1632,11.922],[74.1685,11.9221],[74.175,11.9212],[74.1787,11.9218],[74.1807,11.9169],[74.1858,11.9158],[74.1941,11.9139],[74.198,11.9139],[74.2051,11.9158],[74.2097,11.9146],[74.216,11.9104],[74.2183,11.9054],[74.2256,11.9041],[74.2307,11.9058],[74.2358,11.91],[74.2378,11.9143],[74.2391,11.9219],[74.2393,11.9263],[74.2407,11.9329],[74.2447,11.9362],[74.2522,11.9352],[74.2563,11.9327],[74.2614,11.9287],[74.2657,11.9286],[74.2668,11.9348],[74.2699,11.9391],[74.2741,11.946],[74.2754,11.9499],[74.2826,11.9517],[74.2887,11.9524],[74.2931,11.9579],[74.2952,11.9638],[74.3005,11.9698],[74.3026,11.9746],[74.3081,11.9816],[74.3082,11.9853],[74.3074,11.991],[74.312,11.995],[74.3202,11.9953],[74.3252,11.9953],[74.3319,11.9931],[74.3356,11.9902],[74.3414,11.9869],[74.3416,11.9823],[74.3468,11.9761],[74.3495,11.9722],[74.3512,11.9674],[74.3529,11.9613],[74.3544,11.9544],[74.357,11.9524],[74.3594,11.9443],[74.3623,11.9395],[74.3629,11.9319],[74.3617,11.9277],[74.3574,11.9229],[74.3544,11.9206],[74.3476,11.9203],[74.344,11.9181],[74.34,11.9136],[74.3359,11.9152],[74.3313,11.9213],[74.3273,11.9232],[74.3211,11.9246],[74.3172,11.9253],[74.3104,11.9233],[74.3059,11.9213],[74.3005,11.9164],[74.2953,11.9151],[74.288,11.9116],[74.2829,11.9081],[74.2774,11.9042],[74.2734,11.9033],[74.2658,11.9012],[74.2632,11.9026],[74.2568,11.9045],[74.252,11.8998],[74.2505,11.8919],[74.2512,11.8875],[74.2526,11.8793],[74.2562,11.8765],[74.2633,11.8751],[74.2627,11.8808],[74.2622,11.8886],[74.2593,11.8938],[74.26,11.8998],[74.2633,11.8993],[74.2686,11.8946],[74.2725,11.8904],[74.275,11.8846],[74.2785,11.8798],[74.2783,11.875],[74.28,11.8712],[74.2847,11.8684],[74.2892,11.8684],[74.2933,11.8685],[74.2956,11.8706],[74.3041,11.8696],[74.3074,11.8664],[74.3102,11.86],[74.3134,11.8559],[74.3199,11.8539],[74.3242,11.8501],[74.3278,11.8425],[74.3266,11.8404],[74.3181,11.8402],[74.3127,11.8423],[74.307,11.8367],[74.303,11.8345],[74.2969,11.8336],[74.2901,11.8335],[74.2836,11.8348],[74.2797,11.8335],[74.2761,11.8317],[74.2729,11.8279],[74.2738,11.8228],[74.2742,11.8194],[74.2787,11.8143],[74.2801,11.8089],[74.2786,11.8037],[74.2751,11.801],[74.2685,11.7954],[74.2656,11.7919],[74.2589,11.7892],[74.2546,11.7881],[74.2513,11.7945],[74.254,11.7987],[74.2555,11.8061],[74.258,11.8094],[74.2641,11.8128],[74.2671,11.8171],[74.2634,11.8234],[74.2591,11.8271],[74.2536,11.8316],[74.2482,11.8334],[74.2421,11.8388],[74.2366,11.84],[74.23,11.8373],[74.2274,11.8334],[74.2283,11.8268],[74.2292,11.8219],[74.2343,11.8192],[74.2386,11.817],[74.2432,11.8102],[74.2435,11.806],[74.2451,11.7999],[74.2485,11.7972],[74.2516,11.7903],[74.2494,11.7875],[74.2435,11.7877],[74.2406,11.7908],[74.2367,11.7958],[74.2334,11.7983],[74.2281,11.802],[74.2229,11.8044],[74.2197,11.799],[74.2208,11.7954],[74.2276,11.792],[74.2298,11.7878],[74.2316,11.7826],[74.2356,11.7801],[74.2421,11.7775],[74.2469,11.7751],[74.2545,11.7759],[74.2586,11.7797],[74.2621,11.7847],[74.2639,11.7892],[74.2671,11.7961],[74.2698,11.8],[74.2753,11.8049],[74.2797,11.8063],[74.2824,11.8015],[74.286,11.8012],[74.292,11.8047],[74.2976,11.8042],[74.3046,11.8041],[74.3081,11.8047],[74.3084,11.8113],[74.3047,11.8145],[74.3015,11.8197],[74.3009,11.8233],[74.306,11.8298],[74.3097,11.8323],[74.3175,11.831],[74.3206,11.8323],[74.3251,11.8389],[74.326,11.8435],[74.3292,11.8503],[74.3306,11.8551],[74.3308,11.8608],[74.3321,11.8654],[74.3333,11.8715],[74.3288,11.8743],[74.3287,11.8806],[74.3337,11.8825],[74.341,11.8848],[74.3457,11.8871],[74.3534,11.8871],[74.3575,11.8892],[74.3654,11.8885],[74.3693,11.8858],[74.3752,11.8832],[74.382,11.8822],[74.3871,11.8745],[74.3894,11.8714],[74.3899,11.8658],[74.3886,11.8613],[74.3877,11.8554],[74.3852,11.8511],[74.38,11.8521],[74.3777,11.8561],[74.3703,11.8579],[74.3678,11.8535],[74.3665,11.8475],[74.364,11.8439],[74.3576,11.8411],[74.3521,11.8432],[74.3446,11.8481],[74.3404,11.8498],[74.3368,11.8443],[74.3333,11.8404],[74.3253,11.8398],[74.323,11.8347],[74.3266,11.8312],[74.331,11.8272],[74.3355,11.8222],[74.3379,11.8191],[74.3413,11.8106],[74.3446,11.8063],[74.35,11.8016],[74.3545,11.8038],[74.361,11.8075],[74.3616,11.8109],[74.3597,11.8183],[74.359,11.8224],[74.3559,11.8287],[74.3547,11.8326],[74.3512,11.8394],[74.35,11.843],[74.3436,11.8458],[74.3415,11.84],[74.3426,11.832],[74.34,11.8296],[74.3349,11.8267],[74.3306,11.8247],[74.3244,11.8292],[74.3243,11.8341],[74.3256,11.8398],[74.3236,11.8441],[74.3199,11.8488],[74.319,11.8534],[74.3123,11.8548],[74.3063,11.8558],[74.3023,11.8626],[74.3005,11.867],[74.2955,11.8729],[74.293,11.877],[74.2868,11.8806],[74.2833,11.8832],[74.277,11.8869],[74.2714,11.8872],[74.2668,11.8833],[74.2645,11.8805],[74.2584,11.8752],[74.2556,11.8705],[74.2533,11.8627],[74.2493,11.8594],[74.2451,11.8561],[74.241,11.8571],[74.2326,11.8588],[74.229,11.8619],[74.2231,11.8599],[74.2208,11.8582],[74.2134,11.8586],[74.2087,11.8557],[74.2083,11.8481],[74.2088,11.8436],[74.213,11.8395],[74.2145,11.8356],[74.2193,11.8316],[74.2214,11.8279],[74.222,11.8214],[74.2243,11.817],[74.2308,11.8167],[74.2357,11.8179],[74.236,11.8234],[74.2368,11.8267],[74.2402,11.8313],[74.2439,11.8333],[74.247,11.8303],[74.2511,11.8278],[74.2579,11.8258],[74.2621,11.8227],[74.2662,11.8169],[74.2713,11.8142],[74.2781,11.8107],[74.28,11.8055],[74.2761,11.7998],[74.2739,11.7969],[74.2678,11.7954],[74.2643,11.7946],[74.256,11.7939],[74.2524,11.7906],[74.2475,11.7852],[74.2428,11.783],[74.2374,11.7803],[74.2342,11.7782],[74.2276,11.7813],[74.2237,11.78],[74.2172,11.7793],[74.2113,11.78],[74.2056,11.7846],[74.2041,11.7871],[74.197,11.7865],[74.1932,11.7882],[74.1877,11.7917],[74.1823,11.7941],[74.1746,11.7935],[74.1706,11.7946],[74.167,11.7996],[74.1621,11.8028],[74.1577,11.8061],[74.1541,11.8086],[74.1474,11.8093],[74.1444,11.8071],[74.1458,11.8002],[74.1481,11.796],[74.1492,11.7876],[74.1489,11.7828],[74.1443,11.7778],[74.1398,11.7758],[74.1359,11.7691],[74.1368,11.7633]]},"properties":{"mmsi":998623325,"name":"SYN-FSH-03","role":"eliminated","vessel_type":30,"synthetic":true,"t_offset_s":[-259200,-259080,-258840,-258480,-258240,-257880,-257640,-257280,-257040,-256680,-256440,-256080,-255840,-255480,-255240,-254880,-254640,-254280,-254040,-253680,-253440,-253080,-252840,-252480,-252240,-251880,-251640,-251280,-251040,-250680,-250440,-250080,-249840,-249480,-249240,-248880,-248640,-248280,-248040,-247680,-247440,-247080,-246840,-246480,-246240,-245880,-245640,-245280,-245040,-244680,-244440,-244080,-243840,-243480,-243240,-242880,-242640,-242280,-242040,-241680,-241440,-241080,-240840,-240480,-240240,-239880,-239640,-239280,-239040,-238680,-238440,-238080,-237840,-237480,-237240,-236880,-236640,-236280,-236040,-235680,-235440,-235080,-234840,-234480,-234240,-233880,-233640,-233280,-233040,-232680,-232440,-232080,-231840,-231480,-231240,-230880,-230640,-230280,-230040,-229680,-229440,-229080,-228840,-228480,-228240,-227880,-227640,-227280,-227040,-226680,-226440,-226080,-225840,-225480,-225240,-224880,-224640,-224280,-224040,-223680,-223440,-223080,-222840,-222480,-222240,-221880,-221640,-221280,-221040,-220680,-220440,-220080,-219840,-219480,-219240,-218880,-218640,-218280,-218040,-217680,-217440,-217080,-216840,-216480,-216240,-215880,-215640,-215280,-215040,-214680,-214440,-214080,-213840,-213480,-213240,-212880,-212640,-212280,-212040,-211680,-211440,-211080,-210840,-210480,-210240,-209880,-209640,-209280,-209040,-208680,-208440,-208080,-207840,-207480,-207240,-206880,-206640,-206280,-206040,-205680,-205440,-205080,-204840,-204480,-204240,-203880,-203640,-203280,-203040,-202680,-202440,-202080,-201840,-201480,-201240,-200880,-200640,-200280,-200040,-199680,-199440,-199080,-198840,-198480,-198240,-197880,-197640,-197280,-197040,-196680,-196440,-196080,-195840,-195480,-195240,-194880,-194640,-194280,-194040,-193680,-193440,-193080,-192840,-192480,-192240,-191880,-191640,-191280,-191040,-190680,-190440,-190080,-189840,-189480,-189240,-188880,-188640,-188280,-188040,-187680,-187440,-187080,-186840,-186480,-186240,-185880,-185640,-185280,-185040,-184680,-184440,-184080,-183840,-183480,-183240,-182880,-182640,-182280,-182040,-181680,-181440,-181080,-180840,-180480,-180240,-179880,-179640,-179280,-179040,-178680,-178440,-178080,-177840,-177480,-177240,-176880,-176640,-176280,-176040,-175680,-175440,-175080,-174840,-174480,-174240,-173880,-173640,-173280,-173040,-172680,-172440,-172080,-171840,-171480,-171240,-170880,-170640,-170280,-170040,-169680,-169440,-169080,-168840,-168480,-168240,-167880,-167640,-167280,-167040,-166680,-166440,-166080,-165840,-165480,-165240,-164880,-164640,-164280,-164040,-163680,-163440,-163080,-162840,-162480,-162240,-161880,-161640,-161280,-161040,-160680,-160440,-160080,-159840,-159480,-159240,-158880,-158640,-158280,-158040,-157680,-157440,-157080,-156840,-156480,-156240,-155880,-155640,-155280,-155040,-154680,-154440,-154080,-153840,-153480,-153240,-152880,-152640,-152280,-152040,-151680,-151440,-151080,-150840,-150480,-150240,-149880,-149640,-149280,-149040,-148680,-148440,-148080,-147840,-147480,-147240,-146880,-146640,-146280,-146040,-145680,-145440,-145080,-144840,-144480,-144240,-143880,-143640,-143280,-143040,-142680,-142440,-142080,-141840,-141480,-141240,-140880,-140640,-140280,-140040,-139680,-139440,-139080,-138840,-138480,-138240,-137880,-137640,-137280,-137040,-136680,-136440,-136080,-135840,-135480,-135240,-134880,-134640,-134280,-134040,-133680,-133440,-133080,-132840,-132480,-132240,-131880,-131640,-131280,-131040,-130680,-130440,-130080,-129840,-129480,-129240,-128880,-128640,-128280,-128040,-127680,-127440,-127080,-126840,-126480,-126240,-125880,-125640,-125280,-125040,-124680,-124440,-124080,-123840,-123480,-123240,-122880,-122640,-122280,-122040,-121680,-121440,-121080,-120840,-120480,-120240,-119880,-119640,-119280,-119040,-118680,-118440,-118080,-117840,-117480,-117240,-116880,-116640,-116280,-116040,-115680,-115440,-115080,-114840,-114480,-114240,-113880,-113640,-113280,-113040,-112680,-112440,-112080,-111840,-111480,-111240,-110880,-110640,-110280,-110040,-109680,-109440,-109080,-108840,-108480,-108240,-107880,-107640,-107280,-107040,-106680,-106440,-106080,-105840,-105480,-105240,-104880,-104640,-104280,-104040,-103680,-103440,-103080,-102840,-102480,-102240,-101880,-101640,-101280,-101040,-100680,-100440,-100080,-99840,-99480,-99240,-98880,-98640,-98280,-98040,-97680,-97440,-97080,-96840,-96480,-96240,-95880,-95640,-95280,-95040,-94680,-94440,-94080,-93840,-93480,-93240,-92880,-92640,-92280,-92040,-91680,-91440,-91080,-90840,-90480,-90240,-89880,-89640,-89280,-89040,-88680,-88440,-88080,-87840,-87480,-87240,-86880,-86640,-86280,-86040,-85680,-85440,-85080,-84840,-84480,-84240,-83880,-83640,-83280,-83040,-82680,-82440,-82080,-81840,-81480,-81240,-80880,-80640,-80280,-80040,-79680,-79440,-79080,-78840,-78480,-78240,-77880,-77640,-77280,-77040,-76680,-76440,-76080,-75840,-75480,-75240,-74880,-74640,-74280,-74040,-73680,-73440,-73080,-72840,-72480,-72240,-71880,-71640,-71280,-71040,-70680,-70440,-70080,-69840,-69480,-69240,-68880,-68640,-68280,-68040,-67680,-67440,-67080,-66840,-66480,-66240,-65880,-65640,-65280,-65040,-64680,-64440,-64080,-63840,-63480,-63240,-62880,-62640,-62280,-62040,-61680,-61440,-61080,-60840,-60480,-60240,-59880,-59640,-59280,-59040,-58680,-58440,-58080,-57840,-57480,-57240,-56880,-56640,-56280,-56040,-55680,-55440,-55080,-54840,-54480,-54240,-53880,-53640,-53280,-53040,-52680,-52440,-52080,-51840,-51480,-51240,-50880,-50640,-50280,-50040,-49680,-49440,-49080,-48840,-48480,-48240,-47880,-47640,-47280,-47040,-46680,-46440,-46080,-45840,-45480,-45240,-44880,-44640,-44280,-44040,-43680,-43440,-43080,-42840,-42480,-42240,-41880,-41640,-41280,-41040,-40680,-40440,-40080,-39840,-39480,-39240,-38880,-38640,-38280,-38040,-37680,-37440,-37080,-36840,-36480,-36240,-35880,-35640,-35280,-35040,-34680,-34440,-34080,-33840,-33480,-33240,-32880,-32640,-32280,-32040,-31680,-31440,-31080,-30840,-30480,-30240,-29880,-29640,-29280,-29040,-28680,-28440,-28080,-27840,-27480,-27240,-26880,-26640,-26280,-26040,-25680,-25440,-25080,-24840,-24480,-24240,-23880,-23640,-23280,-23040,-22680,-22440,-22080,-21840,-21480,-21240,-20880,-20640,-20280,-20040,-19680,-19440,-19080,-18840,-18480,-18240,-17880,-17640,-17280,-17040,-16680,-16440,-16080,-15840,-15480,-15240,-14880,-14640,-14280,-14040,-13680,-13440,-13080,-12840,-12480,-12240,-11880,-11640,-11280,-11040,-10680,-10440,-10080,-9840,-9480,-9240,-8880,-8640,-8280,-8040,-7680,-7440,-7080,-6840,-6480,-6240,-5880,-5640,-5280,-5040,-4680,-4440,-4080,-3840,-3480,-3240,-2880,-2640,-2280,-2040,-1680,-1440,-1080,-840,-480,-240,120,360,720,960,1320,1560,1920,2160,2520,2760,3120,3360,3720,3960,4320,4560,4920,5160,5520,5760,6120,6360,6720,6960,7320,7560,7920,8160,8520,8760,9120,9360,9720,9960,10320,10560,10920,11160,11520,11760,12120,12360,12720,12960,13320,13560,13920,14160,14520,14760,15120,15360,15720,15960,16320,16560,16920,17160,17520,17760,18120,18360,18720,18960,19320,19560,19920,20160,20520,20760,21120,21360,21720,21960,22320,22560,22920,23160,23520,23760,24120,24360,24720,24960,25320,25560,25920,26160,26520,26760,27120,27360,27720,27960,28320,28560,28920,29160,29520,29760,30120,30360,30720,30960,31320,31560,31920,32160,32520,32760,33120,33360,33720,33960,34320,34560,34920,35160,35520,35760,36120,36360,36720,36960,37320,37560,37920,38160,38520,38760,39120,39360,39720,39960,40320,40560,40920,41160,41520,41760,42120,42360,42720,42960,43320,43560,43920,44160,44520,44760,45120,45360,45720,45960,46320,46560,46920,47160,47520,47760,48120,48360,48720,48960,49320,49560,49920,50160,50520,50760,51120,51360,51720,51960,52320,52560,52920,53160,53520,53760,54120,54360,54720,54960,55320,55560,55920,56160,56520,56760,57120,57360,57720,57960,58320,58560,58920,59160,59520,59760,60120,60360,60720,60960,61320,61560,61920,62160,62520,62760,63120,63360,63720,63960,64320,64560,64920,65160,65520,65760,66120,66360,66720,66960,67320,67560,67920,68160,68520,68760,69120,69360,69720,69960,70320,70560,70920,71160,71520,71760,72120,72360,72720,72960,73320,73560,73920,74160,74520,74760,75120,75360,75720,75960,76320,76560,76920,77160,77520,77760,78120,78360,78720,78960,79320,79560,79920,80160,80520,80760,81120,81360,81720,81960,82320,82560,82920,83160,83520,83760,84120,84360,84720,84960,85320,85560,85920,86160],"sog":[4.0,5.1,4.8,4.7,4.8,3.6,4.5,4.9,3.2,2.5,5.3,4.6,4.9,6.6,3.9,4.2,4.3,3.7,4.1,3.7,3.3,5.3,4.6,3.7,4.2,2.7,4.2,4.2,3.5,2.4,5.6,5.0,4.0,2.8,4.2,4.2,4.3,2.5,3.8,5.7,4.0,3.2,3.6,5.5,4.4,3.6,3.2,2.8,4.8,5.2,4.8,2.1,6.3,4.7,2.4,3.6,4.7,6.4,4.1,3.5,4.4,3.6,4.2,4.6,5.3,3.1,3.3,4.1,3.4,4.6,3.1,3.1,4.3,3.9,4.8,4.6,5.7,4.2,5.2,3.8,6.4,3.9,4.0,4.5,4.4,4.0,3.1,4.2,5.5,4.8,3.4,5.1,3.7,5.5,2.6,3.4,3.4,5.4,4.6,4.8,3.6,4.0,3.6,4.5,5.4,4.6,3.9,3.7,4.6,3.7,3.3,4.4,0.9,3.1,6.6,5.3,5.1,5.9,4.5,4.0,4.6,3.5,4.1,3.9,4.5,2.9,5.3,4.9,5.4,4.4,4.5,3.6,5.3,3.2,5.5,5.6,6.3,5.0,4.7,3.4,5.3,3.7,4.6,5.3,4.0,5.9,4.1,4.7,4.5,4.4,5.4,3.9,3.3,4.8,3.6,2.1,4.8,3.0,4.3,3.4,5.0,3.8,4.1,4.7,4.6,5.6,4.2,4.4,6.2,4.6,5.2,3.2,3.2,4.0,3.7,3.8,5.7,3.7,3.5,3.9,2.4,5.8,6.2,3.9,5.8,4.8,4.4,3.0,4.8,4.1,4.7,4.6,4.3,3.5,3.1,3.2,3.6,2.4,3.5,3.2,4.6,4.6,4.3,3.2,4.7,5.0,6.3,5.3,3.1,4.4,5.3,4.0,5.3,3.7,4.1,6.1,4.1,4.3,6.0,5.7,4.9,4.9,4.1,4.6,5.0,5.8,3.8,4.8,7.0,2.1,4.2,4.8,2.9,3.3,4.7,5.6,4.4,3.4,5.2,4.7,3.0,5.0,5.2,5.5,2.3,4.2,4.7,5.3,3.1,5.5,4.7,2.9,5.8,6.0,4.3,5.5,5.4,2.0,3.3,4.3,2.9,2.7,2.8,4.2,4.9,4.1,4.3,3.8,4.6,4.5,4.8,4.7,3.9,5.1,4.3,3.3,3.4,4.9,4.3,3.6,3.2,5.4,3.8,3.7,3.6,4.0,3.3,5.0,4.5,5.1,5.3,3.4,3.5,5.1,3.6,4.3,3.6,5.0,3.6,3.5,4.7,5.3,3.1,4.1,5.3,6.2,5.5,4.0,4.3,2.3,4.4,4.8,4.5,5.4,4.4,4.1,4.3,3.8,4.0,3.0,5.5,4.0,5.6,4.0,6.0,4.6,3.9,3.8,5.9,3.9,5.8,2.7,4.1,5.6,5.5,3.3,3.6,6.0,3.7,3.8,4.3,4.8,4.0,4.5,3.8,2.6,3.8,3.4,4.6,4.6,6.3,3.8,4.3,5.2,4.4,4.0,3.8,5.1,2.5,5.1,4.5,1.9,3.8,4.0,3.8,4.0,3.3,4.5,6.2,3.9,4.4,4.7,4.4,3.6,3.1,5.5,4.0,5.0,3.8,3.5,5.6,6.1,5.7,5.2,5.2,2.1,6.3,3.4,4.7,2.1,3.9,3.6,4.0,5.0,4.1,5.0,5.0,3.3,4.5,5.2,4.2,2.4,3.2,4.2,5.6,3.7,3.9,4.6,4.7,5.7,4.5,3.8,3.9,5.1,6.0,2.3,3.7,4.2,4.0,1.8,5.3,4.6,5.6,4.2,5.6,4.3,3.4,4.3,6.5,3.0,2.6,3.8,5.2,4.3,3.8,4.7,5.7,5.5,6.3,4.9,5.0,3.9,6.1,5.6,3.8,2.3,5.2,6.2,4.0,4.8,3.1,4.7,4.2,4.8,3.4,3.8,4.3,5.0,5.6,2.3,6.3,3.5,5.9,3.7,4.0,3.7,5.0,3.4,4.6,5.0,5.8,5.9,5.4,4.0,3.6,4.9,3.9,4.9,4.5,3.4,5.3,4.5,4.1,3.5,4.7,4.6,3.7,5.3,3.5,5.1,2.2,5.5,4.0,4.9,5.3,3.1,3.0,6.5,5.7,5.8,5.3,5.3,4.4,4.6,5.4,5.2,5.3,6.2,3.0,4.5,2.2,4.3,3.7,4.4,5.0,3.6,4.7,5.1,4.8,4.7,2.9,4.7,4.4,4.5,5.1,5.1,2.5,4.9,4.3,5.0,5.5,4.5,3.8,5.5,4.2,4.0,3.9,4.3,4.5,4.3,4.2,4.4,5.4,4.8,4.3,4.1,4.9,5.3,4.6,3.0,5.3,4.7,4.6,3.9,3.6,4.4,3.5,3.8,4.4,3.0,4.5,2.1,3.4,3.9,3.4,5.0,4.9,1.4,4.6,2.3,3.8,3.2,5.0,4.7,5.3,4.6,4.9,5.3,3.5,4.2,2.1,4.9,5.7,6.3,4.2,3.2,5.7,3.2,5.1,3.2,5.2,5.5,4.8,4.4,3.1,3.7,5.2,4.6,5.2,4.3,3.5,5.8,4.6,6.2,4.8,4.0,3.5,5.5,3.3,4.0,2.8,4.3,5.1,3.8,5.9,3.6,3.1,4.2,5.4,6.6,3.3,3.8,5.0,4.5,4.9,2.9,3.0,2.2,5.3,5.7,2.4,5.2,2.0,5.0,3.5,3.9,2.8,3.0,4.9,5.2,3.2,4.4,4.4,6.2,2.2,6.1,4.2,4.4,3.6,3.8,3.9,4.4,2.3,4.4,3.1,4.6,3.7,3.9,7.7,3.4,3.0,5.1,4.2,5.4,4.3,4.5,4.9,6.6,4.9,5.2,2.8,3.3,3.5,4.6,3.3,1.7,4.8,3.3,5.0,4.4,3.6,3.0,2.7,5.5,2.6,4.7,2.0,3.8,5.6,5.7,4.2,3.3,4.8,5.0,3.7,4.3,3.9,3.8,3.7,3.7,3.7,3.7,5.5,3.1,6.7,2.5,3.5,6.0,5.8,2.7,1.8,4.3,2.9,4.7,4.0,5.4,4.0,5.1,4.9,6.7,4.1,4.6,3.7,2.6,4.3,4.0,5.1,3.1,3.2,4.2,3.5,5.2,4.8,5.7,3.2,3.2,3.7,3.9,4.6,4.2,5.7,3.6,3.5,3.9,2.8,4.9,3.4,4.4,4.2,4.7,3.7,4.1,5.5,4.9,4.8,5.1,5.2,3.7,4.9,3.3,4.9,3.6,4.4,3.3,5.3,2.0,3.5,4.2,3.9,2.8,2.1,3.5,2.0,3.4,4.4,4.4,3.6,4.6,4.9,4.0,1.5,5.4,5.6,2.3,2.8,4.6,5.2,2.0,2.8,5.4,5.0,5.5,6.7,3.9,2.8,4.2,4.7,5.3,5.1,4.5,3.2,5.9,4.7,4.3,4.1,4.7,5.0,4.4,3.3,3.0,3.6,4.6,3.2,6.0,6.5,4.2,4.4,3.2,4.0,3.9,2.6,3.9,6.5,5.0,3.6,3.2,5.2,4.9,2.8,5.4,6.0,3.7,6.0,4.9,5.0,4.4,4.9,4.6,3.5,4.5,4.7,6.0,5.7,4.5,3.5,2.4,4.0,3.3,3.7,4.5,5.2,5.1,6.4,5.0,4.6,6.8,4.8,4.0,4.5,4.9,4.9,5.0,3.9,3.1,3.9,4.4,5.0,1.9,4.8,3.1,3.2,6.5,4.3,4.2,4.4,5.2,4.2,4.6,4.8,4.2,5.2,5.6,4.9,4.7,4.3,4.7,5.0,4.7,5.3,5.0,5.9,4.5,4.3,4.3,3.9,3.7,5.4,5.0,3.2,5.4,3.3,3.6,5.3,4.6,4.2,6.8,4.1,4.8,4.7,4.1,4.5,4.2,3.0,3.1,4.0,2.2,2.6,5.5,5.4,3.3,4.7,2.7,5.3,4.8,2.9,6.1,5.7,5.3,5.3,3.3,6.8,2.7,3.7,2.3,5.1,4.4,3.6,5.1,5.9,4.6,3.4,5.8,3.5,4.3,3.7,5.4,5.0,5.4,3.1,3.4,4.7,4.5,6.1,4.9,5.2,5.0,6.0,4.2,4.9,4.1,5.4,4.9,4.5,5.6,3.8,3.3,4.1,6.3,2.8,3.3,3.9,6.0,3.7,4.3,5.0,5.1,4.7,3.3,4.4,4.1,4.0,3.7,5.3,4.1,3.8,2.5,4.0,5.1,5.4,3.2,3.4,3.7,4.0,4.8,5.8,5.4,3.9,3.3,3.6,5.4,2.7,5.4,4.3,5.2,3.2,5.0,4.4,5.3,5.0,3.8,4.3,4.2,4.4,5.0,4.4,3.4,5.1,4.8,3.6,3.8,3.6,4.2,5.0,5.8,3.3,3.4,3.3,4.9,4.5,3.8,3.8,4.2,3.4,4.6,4.4,4.3,5.2,6.0,3.2,3.6,4.3,4.2,5.4,3.4,5.6,3.1,2.4,6.4,5.4,4.6,5.5,5.0,4.7,4.9,2.6,3.8,3.3,4.5,2.9,5.4,5.8,5.6,2.8,5.3,5.0,2.6,5.3,4.2,4.0,2.8,5.3,3.1,5.5,5.6,3.3,4.0,4.8,3.5,4.1,4.2,4.2,4.1,3.0,5.3,4.7,5.8,3.8,3.3,4.4,4.8,3.3,4.0,2.3,3.5,4.8,4.9,3.9,2.6,3.9,3.6,4.4,4.5,5.2,2.7,4.0,3.0,2.1,3.3,3.4,2.1,4.5,3.8,3.7,4.5,4.9,4.8,4.2,5.7,2.2,5.1,4.0,3.8,4.6,4.0,4.1,2.7,3.4,4.0,3.8,4.7,5.0,3.5,2.3,2.6,3.5,4.5,4.9,5.0,5.7,1.5,5.8,3.7,2.8,5.1,3.3,3.7,4.4,4.1,5.5,4.7,4.0,4.3,4.7]}},{"type":"Feature","geometry":{"type":"LineString","coordinates":[[73.594,10.4505],[73.5997,10.4613],[73.6088,10.4779],[73.6146,10.4883],[73.6233,10.5047],[73.6289,10.5152],[73.6371,10.5313],[73.6431,10.5425],[73.6514,10.5599],[73.6573,10.5708],[73.666,10.5873],[73.6717,10.5977],[73.6806,10.6144],[73.687,10.6259],[73.6956,10.6421],[73.7016,10.6527],[73.7104,10.6693],[73.7166,10.6805],[73.7253,10.6972],[73.7305,10.7078],[73.739,10.7241],[73.7444,10.7355],[73.7527,10.752],[73.7585,10.7627],[73.767,10.7796],[73.7728,10.7908],[73.781,10.8074],[73.7863,10.8183],[73.7943,10.8348],[73.8001,10.8463],[73.8085,10.863],[73.8144,10.8739],[73.8226,10.8907],[73.8278,10.9019],[73.8356,10.9179],[73.8405,10.9288],[73.8488,10.9462],[73.8543,10.9576],[73.862,10.9747],[73.8668,10.9854],[73.8748,11.0027],[73.8801,11.0138],[73.8875,11.0303],[73.8924,11.0419],[73.9006,11.0587],[73.9063,11.0707],[73.9135,11.0875],[73.9191,11.0984],[73.9275,11.1157],[73.933,11.1271],[73.9414,11.1438],[73.9467,11.1548],[73.9544,11.1724],[73.9591,11.1841],[73.9669,11.201],[73.9721,11.2125],[73.9794,11.229],[73.9843,11.2408],[73.9914,11.2578],[73.9959,11.2687],[74.0033,11.2866],[74.0081,11.2977],[74.015,11.3145],[74.0193,11.3259],[74.0258,11.3431],[74.03,11.3552],[74.0365,11.3721],[74.0406,11.3837],[74.0475,11.4012],[74.0517,11.413],[74.0584,11.4301],[74.0628,11.4416],[74.0696,11.4591],[74.0739,11.4707],[74.0803,11.4885],[74.0847,11.5],[74.0911,11.5178],[74.0956,11.5298],[74.1016,11.5471],[74.1055,11.5591],[74.1114,11.5767],[74.1157,11.5882],[74.1218,11.6057],[74.1257,11.6167],[74.1317,11.634],[74.1356,11.6454],[74.1412,11.6629],[74.1452,11.6748],[74.1509,11.6929],[74.1553,11.7044],[74.1611,11.7224],[74.1649,11.7339],[74.171,11.7518],[74.1748,11.7634],[74.1805,11.7813],[74.1845,11.7933],[74.1905,11.8114],[74.1946,11.8233],[74.2005,11.8405],[74.2043,11.8524],[74.2098,11.8698],[74.2134,11.8815],[74.2191,11.8993],[74.2225,11.9114],[74.2281,11.9291],[74.2322,11.9407],[74.237,11.9586],[74.2407,11.9701],[74.2469,11.9879],[74.2506,12.0],[74.2568,12.0176],[74.2605,12.0295],[74.2668,12.0473],[74.2704,12.059],[74.2764,12.077],[74.2798,12.0887],[74.2858,12.1062],[74.2892,12.1182],[74.2947,12.1359],[74.2984,12.1473],[74.3037,12.1654],[74.3072,12.1771],[74.3132,12.1943],[74.3171,12.2061],[74.3232,12.2235],[74.3274,12.2351],[74.3334,12.2532],[74.3373,12.2649],[74.3429,12.2818],[74.3469,12.2936],[74.3532,12.3109],[74.3572,12.3226],[74.364,12.3405],[74.3683,12.352],[74.3737,12.3695],[74.3778,12.3812],[74.3836,12.3986],[74.3876,12.4107],[74.3935,12.4278],[74.3978,12.4392],[74.4035,12.4572],[74.4074,12.469],[74.4128,12.4866],[74.417,12.4985],[74.4225,12.5167],[74.4262,12.5284],[74.432,12.5463],[74.4357,12.5583],[74.4411,12.5761],[74.4443,12.5875],[74.4499,12.6054],[74.4538,12.6176],[74.4596,12.6358],[74.4635,12.6475],[74.4693,12.6648],[74.4732,12.6765],[74.4794,12.6939],[74.4837,12.7059],[74.4905,12.7228],[74.4944,12.7347],[74.5003,12.752],[74.5041,12.7637],[74.51,12.7817],[74.5142,12.7944],[74.5201,12.8114],[74.524,12.8234],[74.5301,12.8408],[74.5347,12.8525],[74.5413,12.8704],[74.5456,12.882],[74.5517,12.8998],[74.5558,12.9114],[74.5615,12.9296],[74.5658,12.9411],[74.5721,12.9578],[74.5765,12.9697],[74.5825,12.9874],[74.5863,12.9997],[74.592,13.0175],[74.5959,13.0292],[74.6011,13.0471],[74.6049,13.0592],[74.6105,13.0773],[74.6143,13.089],[74.6197,13.1069],[74.6235,13.1178],[74.629,13.1355],[74.6329,13.1468],[74.6386,13.1638],[74.6424,13.1757],[74.6479,13.1939],[74.6518,13.2054],[74.6582,13.2229],[74.6622,13.2349],[74.6682,13.2518],[74.6727,13.2631],[74.6794,13.2807],[74.6839,13.2921],[74.6906,13.3092],[74.6956,13.3208],[74.7025,13.338]]},"properties":{"mmsi":998978760,"name":"SYN-TAN-00","role":"candidate","vessel_type":80,"synthetic":true,"t_offset_s":[-151940,-151700,-151340,-151100,-150740,-150500,-150140,-149900,-149540,-149300,-148940,-148700,-148340,-148100,-147740,-147500,-147140,-146900,-146540,-146300,-145940,-145700,-145340,-145100,-144740,-144500,-144140,-143900,-143540,-143300,-142940,-142700,-142340,-142100,-141740,-141500,-141140,-140900,-140540,-140300,-139940,-139700,-139340,-139100,-138740,-138500,-138140,-137900,-137540,-137300,-136940,-136700,-136340,-136100,-135740,-135500,-135140,-134900,-134540,-134300,-133940,-133700,-133340,-133100,-132740,-132500,-132140,-131900,-131540,-131300,-130940,-130700,-130340,-130100,-129740,-129500,-129140,-128900,-128540,-128300,-127940,-127700,-127340,-127100,-126740,-126500,-126140,-125900,-125540,-125300,-124940,-124700,-124340,-124100,-123740,-123500,-123140,-122900,-122540,-122300,-121940,-121700,-121340,-121100,-120740,-120500,-120140,-119900,-119540,-119300,-118940,-118700,-118340,-118100,-117740,-117500,-117140,-116900,-116540,-116300,-115940,-115700,-115340,-115100,-114740,-114500,-114140,-113900,-113540,-113300,-112940,-112700,-112340,-112100,-111740,-111500,-111140,-110900,-110540,-110300,-109940,-109700,-109340,-109100,-108740,-108500,-108140,-107900,-107540,-107300,-106940,-106700,-106340,-106100,-105740,-105500,-105140,-104900,-104540,-104300,-103940,-103700,-103340,-103100,-102740,-102500,-102140,-101900,-101540,-101300,-100940,-100700,-100340,-100100,-99740,-99500,-99140,-98900,-98540,-98300,-97940,-97700,-97340,-97100,-96740,-96500,-96140,-95900,-95540,-95300,-94940,-94700,-94340,-94100,-93740,-93500,-93140,-92900,-92540,-92300,-91940],"sog":[11.1,11.2,11.4,10.9,10.5,10.6,10.5,11.5,11.0,11.3,11.0,11.4,11.2,11.7,11.1,11.2,11.1,11.2,10.8,10.8,11.4,11.3,11.5,11.0,11.2,11.1,11.5,10.9,10.9,11.3,11.0,11.2,10.9,10.9,10.9,10.8,11.3,11.6,11.3,11.0,11.3,11.2,10.6,10.8,11.1,11.3,10.9,10.9,11.2,11.4,11.0,10.9,11.4,11.4,10.7,10.7,10.6,11.3,10.9,10.6,11.1,10.9,10.9,10.8,11.2,11.1,11.0,10.9,11.2,11.0,10.9,10.7,11.0,10.8,10.9,10.8,11.6,11.1,11.4,11.8,10.6,11.2,10.4,10.6,11.1,10.5,11.2,11.0,11.1,11.3,10.7,10.9,11.2,11.4,11.1,11.6,11.1,11.3,10.9,11.2,11.3,10.7,11.3,11.2,11.1,10.8,10.8,10.9,11.5,11.0,11.5,11.0,11.6,11.2,11.1,11.2,11.0,11.3,10.6,10.6,11.1,11.0,11.0,11.1,10.9,10.8,11.5,10.7,11.1,11.0,11.0,11.3,11.8,11.3,10.6,11.3,11.0,11.2,11.0,11.0,11.1,11.3,11.2,11.4,11.4,10.6,11.1,11.2,10.7,11.0,11.2,11.4,11.0,11.0,10.5,10.8,10.8,11.1,11.4,10.9,11.1,10.9,11.1,11.8,10.9,11.3,11.3,11.6,11.1,11.1,11.4,11.3,11.4,10.6,11.1,11.2,11.1,11.2,11.4,11.1,11.4,10.8,11.2,11.3,11.0,10.8,10.9,10.9,11.0,11.1,10.9,11.3,11.5,11.4,10.8,10.9,11.6,10.9,10.6,11.3,10.9]}}],"properties":{"t_image":"2025-06-02T00:49:19Z","step_s":300,"source":"synthetic AIS (PS-permitted)"}}