{"type":"FeatureCollection","features":[{"type":"Feature","geometry":{"type":"LineString","coordinates":[[73.2312,11.3655],[73.2313,11.3852],[73.2311,11.3985],[73.2308,11.4175],[73.2308,11.4307],[73.2312,11.4498],[73.2313,11.4626],[73.2315,11.4816],[73.2314,11.4942],[73.2312,11.5134],[73.231,11.5259],[73.2312,11.5457],[73.2307,11.5586],[73.2314,11.5776],[73.2309,11.5907],[73.2305,11.6098],[73.2304,11.623],[73.2303,11.6417],[73.2299,11.6542],[73.2297,11.6739],[73.2298,11.6866],[73.2293,11.7061],[73.2292,11.7186],[73.2289,11.738],[73.2289,11.7501],[73.2286,11.7698],[73.2283,11.7829],[73.228,11.8019],[73.2283,11.8148],[73.2282,11.8337],[73.2282,11.8467],[73.2279,11.8657],[73.2275,11.8784],[73.227,11.898],[73.2265,11.9112],[73.2257,11.9306],[73.2258,11.9436],[73.2249,11.963],[73.2246,11.976],[73.2234,11.9954],[73.2225,12.0083],[73.2212,12.0276],[73.2206,12.0406],[73.2193,12.0597],[73.2182,12.0726],[73.2163,12.0916],[73.2151,12.1047],[73.2139,12.1237],[73.2127,12.1363],[73.211,12.1553],[73.2104,12.1675],[73.2092,12.1862],[73.2083,12.1993],[73.2072,12.2186],[73.2057,12.2313],[73.2038,12.2502],[73.2027,12.2637],[73.2014,12.2827],[73.2006,12.2954],[73.1998,12.3149],[73.1991,12.3278],[73.1984,12.3467],[73.1976,12.36],[73.1968,12.3792],[73.196,12.392],[73.1954,12.4109],[73.1947,12.4234],[73.1935,12.4426],[73.1929,12.4551],[73.1912,12.4747],[73.1902,12.4874],[73.1883,12.5066],[73.1871,12.5198],[73.1855,12.5388],[73.184,12.5512],[73.182,12.5704],[73.1809,12.5833],[73.179,12.6023],[73.178,12.6144],[73.1758,12.6337],[73.1747,12.6465],[73.1729,12.6655],[73.1717,12.6786],[73.1699,12.6978],[73.1691,12.711],[73.168,12.7302],[73.1671,12.7428],[73.1656,12.7614],[73.1646,12.7744],[73.1635,12.7937],[73.1626,12.8066],[73.1612,12.8255],[73.1604,12.8383],[73.1589,12.8575],[73.1573,12.8706],[73.1551,12.8898],[73.1536,12.9018],[73.1516,12.9212],[73.1501,12.9339],[73.1489,12.953],[73.1475,12.9656],[73.1459,12.9853],[73.1446,12.9985],[73.1428,13.0179],[73.1417,13.0304],[73.1395,13.0496],[73.1381,13.0624],[73.1358,13.0813],[73.1343,13.0944],[73.1316,13.1138],[73.1303,13.1264],[73.1273,13.1456],[73.1262,13.1582],[73.123,13.1781],[73.1214,13.1908],[73.1188,13.2097],[73.1172,13.2226],[73.1148,13.2416],[73.1124,13.2544],[73.1103,13.2735],[73.1089,13.2863],[73.1067,13.3064],[73.1055,13.3189],[73.1032,13.3377],[73.1014,13.3507],[73.099,13.3697],[73.0972,13.3827],[73.0941,13.4022],[73.0917,13.4154],[73.0892,13.4335],[73.0871,13.4465],[73.0837,13.4652],[73.0817,13.4784],[73.0785,13.4969],[73.0762,13.5096],[73.0733,13.529],[73.071,13.5418],[73.0675,13.5603],[73.065,13.5733],[73.0613,13.5921],[73.0591,13.6044],[73.0557,13.6237],[73.0529,13.6358],[73.0494,13.6546],[73.047,13.667],[73.0429,13.6859],[73.0404,13.6988],[73.0367,13.7178],[73.0343,13.7303],[73.031,13.7494],[73.0284,13.762],[73.0258,13.7805],[73.0238,13.7937],[73.0205,13.8124],[73.0181,13.825],[73.0154,13.8436],[73.0129,13.856],[73.0097,13.8747],[73.0077,13.8873],[73.005,13.9069],[73.0027,13.9201],[72.9999,13.9392],[72.9976,13.9518],[72.9945,13.9709],[72.9919,13.9835],[72.9887,14.0014],[72.986,14.0145],[72.9823,14.0332],[72.9801,14.0457],[72.9764,14.0652],[72.9737,14.0772],[72.9704,14.0963],[72.9678,14.109],[72.9646,14.1277],[72.9622,14.1405],[72.9591,14.1592],[72.9571,14.1718],[72.954,14.1906],[72.9518,14.2034],[72.9488,14.2223],[72.9472,14.2354],[72.9453,14.2542],[72.9434,14.267],[72.9405,14.2857],[72.9395,14.2982],[72.9369,14.3173],[72.9352,14.3298],[72.9327,14.3489],[72.9309,14.362],[72.9279,14.3814],[72.926,14.3942],[72.9233,14.413],[72.9214,14.4258],[72.9186,14.445],[72.9165,14.4577],[72.9135,14.4771],[72.912,14.4899],[72.9089,14.5098],[72.9073,14.522],[72.9044,14.5415],[72.9026,14.5537],[72.9003,14.5727],[72.8987,14.5849],[72.8965,14.6043],[72.8947,14.6173],[72.8923,14.6368],[72.8906,14.6493],[72.8889,14.6686],[72.8876,14.6811],[72.8855,14.7004]]},"properties":{"mmsi":991064891,"name":"Cargo 4891","role":"candidate","vessel_type":70,"synthetic":true,"t_offset_s":[-105258,-104898,-104658,-104298,-104058,-103698,-103458,-103098,-102858,-102498,-102258,-101898,-101658,-101298,-101058,-100698,-100458,-100098,-99858,-99498,-99258,-98898,-98658,-98298,-98058,-97698,-97458,-97098,-96858,-96498,-96258,-95898,-95658,-95298,-95058,-94698,-94458,-94098,-93858,-93498,-93258,-92898,-92658,-92298,-92058,-91698,-91458,-91098,-90858,-90498,-90258,-89898,-89658,-89298,-89058,-88698,-88458,-88098,-87858,-87498,-87258,-86898,-86658,-86298,-86058,-85698,-85458,-85098,-84858,-84498,-84258,-83898,-83658,-83298,-83058,-82698,-82458,-82098,-81858,-81498,-81258,-80898,-80658,-80298,-80058,-79698,-79458,-79098,-78858,-78498,-78258,-77898,-77658,-77298,-77058,-76698,-76458,-76098,-75858,-75498,-75258,-74898,-74658,-74298,-74058,-73698,-73458,-73098,-72858,-72498,-72258,-71898,-71658,-71298,-71058,-70698,-70458,-70098,-69858,-69498,-69258,-68898,-68658,-68298,-68058,-67698,-67458,-67098,-66858,-66498,-66258,-65898,-65658,-65298,-65058,-64698,-64458,-64098,-63858,-63498,-63258,-62898,-62658,-62298,-62058,-61698,-61458,-61098,-60858,-60498,-60258,-59898,-59658,-59298,-59058,-58698,-58458,-58098,-57858,-57498,-57258,-56898,-56658,-56298,-56058,-55698,-55458,-55098,-54858,-54498,-54258,-53898,-53658,-53298,-53058,-52698,-52458,-52098,-51858,-51498,-51258,-50898,-50658,-50298,-50058,-49698,-49458,-49098,-48858,-48498,-48258,-47898,-47658,-47298,-47058,-46698,-46458,-46098,-45858,-45498,-45258,-44898,-44658,-44298,-44058,-43698,-43458,-43098,-42858,-42498],"sog":[11.7,11.5,12,11.3,11.8,11.3,11.9,11.5,11.3,11.5,10.8,11,11.6,10.9,11.7,11.4,11.3,11.6,11,11.3,11.8,11.6,11.6,10.8,11.1,11.9,11.9,11.2,11.4,11.7,11.4,11.8,11.3,11.3,11.6,11.8,11.9,12.2,11.7,11.6,11.5,11.5,11.4,11.1,11.5,11.3,11.5,11.5,10.8,11.3,11.1,11.9,11.7,11.5,11.4,11.5,12.5,11.9,11.7,11.3,11.1,12.2,11.3,11.8,11.6,11.3,11.7,11.1,11.4,11.7,11.6,11.3,11.7,11.5,10.9,11.6,11.5,11.5,11.3,11.6,11.6,11.7,11.1,11.7,11.4,11.7,11.7,10.9,11.8,11.9,11.9,11.8,11.7,11.7,11.7,11.8,11.3,11.2,11.8,11.4,10.8,11.7,12,11.4,11.4,11.4,11.9,11.3,12,11.4,11.5,11.8,11.1,11.8,11.6,11.2,11.4,11,11.7,11.7,11.5,11.6,11.2,11.3,11.7,11.5,11.3,11.9,11.7,11.2,11.6,10.8,11.4,11.7,11.3,12.3,11.4,10.9,11.5,11.2,11.3,11.5,11,11.4,11.4,11.4,11.1,11.5,11.5,11.5,11.8,11.7,11.6,11.3,11,11,12,11.2,11.5,11.4,12,11,11.2,12,11.4,11.1,11.6,11.6,11.5,11.2,11.1,11.6,11.5,11.5,12.1,11.2,11.7,11.2,11.6,11.2,11.6,11.7,10.9,11,11.5,11.5,11.4,11.2,12,11.8,11.2,11.5,11.9,11.6,11.5,11.6,11.7,11.8,11.4,11.5,10.9,11.2,11.4,11.6,11.6,11.8,11.8,11.8,11.5,11.6]}},{"type":"Feature","geometry":{"type":"LineString","coordinates":[[75.0892,8.2249],[75.083,8.2233],[75.0694,8.2195],[75.0492,8.2142],[75.0357,8.2105],[75.0156,8.2052],[75.0024,8.2016],[74.9825,8.1961],[74.9692,8.1916],[74.9497,8.1857],[74.9366,8.1821],[74.9172,8.1756],[74.9035,8.1712],[74.8837,8.1648],[74.8698,8.1605],[74.8501,8.1538],[74.8369,8.1491],[74.8171,8.1422],[74.8043,8.138],[74.7845,8.1313],[74.7717,8.1272],[74.7522,8.12],[74.7386,8.1156],[74.7192,8.1092],[74.7057,8.1049],[74.6854,8.0978],[74.6722,8.0935],[74.6519,8.0871],[74.6386,8.0832],[74.6185,8.077],[74.6053,8.073],[74.5853,8.0667],[74.5716,8.0626],[74.5522,8.0561],[74.539,8.0521],[74.5186,8.0454],[74.5058,8.0415],[74.4857,8.0357],[74.4718,8.0312],[74.4518,8.0254],[74.4384,8.0218],[74.4182,8.0163],[74.4042,8.0127],[74.3849,8.0073],[74.3711,8.0035],[74.351,7.9979],[74.3375,7.9945],[74.3171,7.9894],[74.3032,7.9862],[74.2831,7.9811],[74.2694,7.9779],[74.249,7.9735],[74.2359,7.9707],[74.215,7.9669],[74.2009,7.9642],[74.1807,7.96],[74.1675,7.9575],[74.1464,7.9536],[74.1327,7.9511],[74.1119,7.9472],[74.0985,7.9449],[74.0781,7.9417],[74.0641,7.9389],[74.0432,7.9354],[74.0298,7.933],[74.0094,7.9293],[73.9961,7.9268],[73.9758,7.9232],[73.9626,7.9205],[73.9425,7.916],[73.9289,7.9132],[73.9078,7.9093],[73.8944,7.9068],[73.8744,7.9032],[73.8615,7.9007],[73.8403,7.8969],[73.827,7.8943],[73.8065,7.89],[73.793,7.8874],[73.7725,7.8833],[73.7589,7.8802],[73.7389,7.8755],[73.7247,7.873],[73.7043,7.8689],[73.69,7.867],[73.6696,7.8632],[73.6558,7.8609],[73.6349,7.8576],[73.621,7.8556],[73.5996,7.8532],[73.5859,7.8518],[73.5647,7.8501],[73.5506,7.849],[73.5299,7.8477],[73.5164,7.8467]]},"properties":{"mmsi":991159397,"name":"Tanker 9397","role":"background","vessel_type":80,"synthetic":true,"t_offset_s":[58179,58299,58539,58899,59139,59499,59739,60099,60339,60699,60939,61299,61539,61899,62139,62499,62739,63099,63339,63699,63939,64299,64539,64899,65139,65499,65739,66099,66339,66699,66939,67299,67539,67899,68139,68499,68739,69099,69339,69699,69939,70299,70539,70899,71139,71499,71739,72099,72339,72699,72939,73299,73539,73899,74139,74499,74739,75099,75339,75699,75939,76299,76539,76899,77139,77499,77739,78099,78339,78699,78939,79299,79539,79899,80139,80499,80739,81099,81339,81699,81939,82299,82539,82899,83139,83499,83739,84099,84339,84699,84939,85299,85539,85899,86139],"sog":[12.8,12.3,12.4,12.8,12.8,12.3,12,12.4,12.4,12.4,12,12,12.4,12.4,12.6,12.2,12.6,12.8,11.8,12.5,12,12.4,12.3,11.9,12.6,12.8,12.4,12.4,12.2,12.1,12,12.4,12,12.4,12.5,12.8,12.1,12.5,12.4,12.9,12.3,12.5,12.6,11.8,12.6,12.4,12.5,12.9,12.5,12.3,12.6,12.7,12.3,12.2,12.5,11.7,12.4,12.5,12.4,12.5,12,12.3,12.3,12,12.4,12.1,12,12.2,12,11.9,12.4,12.7,12.1,12.2,12.3,12.2,12,12.3,12.3,12.5,12.4,12,12.6,12.6,12.2,12.4,12.2,12.4,12.4,12.8,12.2,12.5,12.3,12.4,12.2]}},{"type":"Feature","geometry":{"type":"LineString","coordinates":[[72.8683,7.5602],[72.8756,7.5625],[72.8912,7.5669],[72.9133,7.5735],[72.9291,7.5785],[72.9526,7.5853],[72.9674,7.5898],[72.9907,7.5967],[73.0054,7.6011],[73.0281,7.608],[73.043,7.6129],[73.0662,7.6194],[73.0814,7.624],[73.104,7.6308],[73.1195,7.6351],[73.1429,7.6416],[73.1577,7.646],[73.1798,7.6527],[73.1946,7.6569],[73.2167,7.6639],[73.2325,7.6685],[73.255,7.6757],[73.2703,7.6799],[73.2938,7.6866],[73.3094,7.6907],[73.3329,7.6973],[73.348,7.7019],[73.3714,7.7084],[73.3866,7.7129],[73.4092,7.7189],[73.4246,7.7236],[73.4476,7.7302],[73.4634,7.7348],[73.4859,7.7422],[73.501,7.7475],[73.5234,7.7548],[73.5384,7.7596],[73.561,7.767],[73.5767,7.7721],[73.5992,7.7791],[73.6145,7.7834],[73.638,7.7905],[73.6531,7.7947],[73.6765,7.8021],[73.6918,7.8066],[73.7145,7.8129],[73.7305,7.8179],[73.7531,7.8246],[73.7682,7.8287],[73.7914,7.8351],[73.8068,7.8393],[73.83,7.845],[73.8452,7.8487],[73.8686,7.8547],[73.8841,7.8585],[73.9073,7.8644],[73.9223,7.8677],[73.9455,7.8734],[73.9606,7.8767],[73.9845,7.8821],[73.9997,7.8857],[74.0232,7.8917],[74.0386,7.8953],[74.0617,7.9006],[74.0772,7.9043],[74.1003,7.9095],[74.1158,7.9136],[74.1392,7.9187],[74.1549,7.9227],[74.1772,7.9288],[74.1927,7.9331],[74.216,7.9394],[74.2316,7.9433],[74.2551,7.9494],[74.271,7.9532],[74.294,7.9586],[74.3094,7.9623],[74.3325,7.9671],[74.3483,7.9708],[74.3712,7.9767],[74.3874,7.9806],[74.4103,7.9855],[74.4259,7.9889],[74.4488,7.9951],[74.4645,7.9989],[74.4871,8.0048],[74.5028,8.0091],[74.5262,8.0157],[74.5414,8.0197],[74.5649,8.0259],[74.5806,8.0297],[74.6038,8.036],[74.619,8.0406],[74.6416,8.0468],[74.6566,8.0517],[74.6794,8.0582],[74.6942,8.0624],[74.7166,8.0695],[74.7315,8.0744],[74.7541,8.0812],[74.7695,8.0858],[74.7926,8.0928],[74.8076,8.0979],[74.831,8.1046],[74.8463,8.1097],[74.8692,8.1177],[74.8844,8.1226],[74.9069,8.1296],[74.9223,8.1344],[74.9451,8.1414],[74.9605,8.146],[74.9832,8.1531],[74.9986,8.1577],[75.0217,8.1653],[75.0365,8.17],[75.0591,8.1773],[75.0744,8.1817],[75.0971,8.1881],[75.1126,8.1926],[75.1355,8.1993],[75.151,8.2036],[75.1741,8.211],[75.189,8.2154],[75.2127,8.2223],[75.2278,8.227],[75.2512,8.2331],[75.2666,8.2373],[75.2895,8.2439],[75.3052,8.248],[75.3285,8.2539],[75.3436,8.2578],[75.3669,8.2636],[75.382,8.2673],[75.4052,8.2725],[75.4208,8.2755],[75.4445,8.2804],[75.46,8.2838],[75.4835,8.2891],[75.4993,8.2925],[75.5224,8.2982],[75.5381,8.3015],[75.5612,8.3076],[75.577,8.3116],[75.5997,8.3173],[75.6156,8.3207],[75.639,8.3269],[75.6548,8.3305],[75.6776,8.3359],[75.6933,8.3394],[75.7164,8.3452],[75.732,8.3482],[75.7547,8.3539],[75.7701,8.3575],[75.7935,8.3627],[75.8083,8.3662],[75.8317,8.3708],[75.8477,8.374],[75.8705,8.3787],[75.8865,8.3817],[75.9092,8.3854],[75.9253,8.3878],[75.949,8.3919],[75.965,8.3948],[75.9883,8.3987],[76.0043,8.4018],[76.0279,8.4057],[76.0437,8.4088],[76.0665,8.4132],[76.082,8.4161],[76.1056,8.4204],[76.1212,8.4235],[76.1442,8.428],[76.1593,8.4312],[76.1829,8.4359],[76.1986,8.4391],[76.2215,8.4441],[76.2368,8.4471],[76.2603,8.4515],[76.2761,8.4546],[76.2998,8.4592],[76.3155,8.4622],[76.3391,8.4667],[76.3544,8.4697],[76.3786,8.4742],[76.3942,8.4771],[76.4172,8.4814],[76.4325,8.4843],[76.4561,8.4889],[76.4725,8.4918],[76.4956,8.4961],[76.511,8.499],[76.5348,8.5034],[76.5502,8.5067],[76.5733,8.5115],[76.5894,8.5143],[76.6129,8.5187],[76.6285,8.5216],[76.6519,8.5267],[76.6681,8.5302],[76.691,8.5357],[76.7067,8.5397],[76.7295,8.5447],[76.7449,8.5487],[76.7686,8.554],[76.7844,8.5579],[76.8081,8.5631],[76.8235,8.5665],[78.17,8.8689],[78.1851,8.8735],[78.2084,8.8799],[78.223,8.8841],[78.2462,8.8907],[78.2609,8.8956],[78.2842,8.902],[78.2992,8.9064],[78.3225,8.9127],[78.3382,8.917],[78.3614,8.9227],[78.3764,8.9272],[78.3994,8.9338],[78.4149,8.9375],[78.4378,8.9441],[78.453,8.9482],[78.4759,8.9539],[78.4911,8.958],[78.5142,8.964],[78.5297,8.9675],[78.5529,8.9735],[78.5682,8.9767],[78.5915,8.9824],[78.6067,8.986],[78.6304,8.9922],[78.6456,8.9959],[78.6696,9.0014],[78.6844,9.0046],[78.7084,9.0094],[78.7239,9.0124],[78.7469,9.0176],[78.7626,9.0211],[78.7859,9.0269],[78.8015,9.0311],[78.8243,9.0374],[78.8398,9.0416],[78.8632,9.0474],[78.8784,9.0515],[78.9012,9.058],[78.9168,9.0626],[78.9398,9.0696],[78.9554,9.0743],[78.9778,9.0815],[78.9931,9.0864],[79.0164,9.093],[79.0315,9.0974],[79.0543,9.1036],[79.0701,9.1079],[79.0929,9.1135],[79.1085,9.1177],[79.1314,9.1234],[79.147,9.127],[79.17,9.133],[79.1857,9.1362],[79.2084,9.1422],[79.2238,9.1459],[79.247,9.1517],[79.2622,9.1555],[79.2858,9.1613],[79.3014,9.1652],[79.3249,9.1707],[79.3404,9.1746],[79.3639,9.1804],[79.3794,9.1847],[79.4104,9.1932],[79.418,9.1954],[79.4411,9.202],[79.4568,9.2062],[79.4793,9.2125],[79.4948,9.2173],[79.5177,9.2238],[79.5331,9.2289],[79.5555,9.2363],[79.5709,9.2411],[79.5932,9.2484],[79.6082,9.2532],[79.6313,9.2605],[79.6468,9.2651],[79.6691,9.2721],[79.685,9.2767],[79.7075,9.2833],[79.7228,9.2874],[79.7451,9.2939],[79.7604,9.2981],[79.7833,9.305],[79.7987,9.3089],[79.8213,9.3157],[79.8364,9.3204],[79.8592,9.3273],[79.8745,9.3324],[79.8975,9.3396],[79.9129,9.3448],[79.9362,9.3519],[79.9511,9.3568],[79.974,9.3636],[79.9899,9.3683],[80.0129,9.375],[80.0283,9.3794],[80.0509,9.3862],[80.2708,9.4609],[80.2782,9.4632],[80.2934,9.468],[80.3162,9.4749],[80.332,9.4801],[80.3542,9.4877]]},"properties":{"mmsi":991952030,"name":"Tanker 2030","role":"candidate","vessel_type":80,"synthetic":true,"t_offset_s":[-69614,-69494,-69254,-68894,-68654,-68294,-68054,-67694,-67454,-67094,-66854,-66494,-66254,-65894,-65654,-65294,-65054,-64694,-64454,-64094,-63854,-63494,-63254,-62894,-62654,-62294,-62054,-61694,-61454,-61094,-60854,-60494,-60254,-59894,-59654,-59294,-59054,-58694,-58454,-58094,-57854,-57494,-57254,-56894,-56654,-56294,-56054,-55694,-55454,-55094,-54854,-54494,-54254,-53894,-53654,-53294,-53054,-52694,-52454,-52094,-51854,-51494,-51254,-50894,-50654,-50294,-50054,-49694,-49454,-49094,-48854,-48494,-48254,-47894,-47654,-47294,-47054,-46694,-46454,-46094,-45854,-45494,-45254,-44894,-44654,-44294,-44054,-43694,-43454,-43094,-42854,-42494,-42254,-41894,-41654,-41294,-41054,-40694,-40454,-40094,-39854,-39494,-39254,-38894,-38654,-38294,-38054,-37694,-37454,-37094,-36854,-36494,-36254,-35894,-35654,-35294,-35054,-34694,-34454,-34094,-33854,-33494,-33254,-32894,-32654,-32294,-32054,-31694,-31454,-31094,-30854,-30494,-30254,-29894,-29654,-29294,-29054,-28694,-28454,-28094,-27854,-27494,-27254,-26894,-26654,-26294,-26054,-25694,-25454,-25094,-24854,-24494,-24254,-23894,-23654,-23294,-23054,-22694,-22454,-22094,-21854,-21494,-21254,-20894,-20654,-20294,-20054,-19694,-19454,-19094,-18854,-18494,-18254,-17894,-17654,-17294,-17054,-16694,-16454,-16094,-15854,-15494,-15254,-14894,-14654,-14294,-14054,-13694,-13454,-13094,-12854,-12494,-12254,-11894,-11654,-11294,-11054,-10694,-10454,-10094,-9854,-9494,-9254,-8894,-8654,-8294,-8054,12706,12946,13306,13546,13906,14146,14506,14746,15106,15346,15706,15946,16306,16546,16906,17146,17506,17746,18106,18346,18706,18946,19306,19546,19906,20146,20506,20746,21106,21346,21706,21946,22306,22546,22906,23146,23506,23746,24106,24346,24706,24946,25306,25546,25906,26146,26506,26746,27106,27346,27706,27946,28306,28546,28906,29146,29506,29746,30106,30346,30706,30946,31306,31546,32026,32146,32506,32746,33106,33346,33706,33946,34306,34546,34906,35146,35506,35746,36106,36346,36706,36946,37306,37546,37906,38146,38506,38746,39106,39346,39706,39946,40306,40546,40906,41146,41506,41746,42106,45586,45706,45946,46306,46546,46906],"sog":[13.9,13.8,14.4,13.8,14.5,14.3,13.7,14.4,14,14,14.1,14.4,14.5,13.8,13.8,14.7,14.1,13.9,13.8,13.9,14.4,14.2,14.2,14.4,14.5,14.3,14.7,14.2,13.8,13.7,14.5,14.4,14.1,14.5,14,13.8,14.3,14.1,14.7,14.2,14.3,14.1,14.3,14.4,14,13.9,14.3,14.3,14,14.2,14.5,14.1,14.2,14.7,14.2,14.2,14.2,14.3,13.9,14.2,14.1,14.3,14.3,13.9,13.9,14.6,13.9,13.9,14.7,14.4,13.8,14.7,14.2,14.4,14.5,14.2,14,14.1,14.4,14.5,14.7,14.3,14.2,14.3,13.8,13.7,14.2,14.4,14.1,14.4,14.6,14.6,14.1,13.7,14.2,13.9,13.9,13.8,14.1,14,14.4,14,14.1,14.2,14.4,13.8,14.4,14,13.8,14.1,14.2,14.6,14.1,14.4,14,14.3,14.3,13.7,13.8,14.5,14.3,14.5,13.9,14.4,13.7,14.1,14.2,14,14,14.1,13.9,14.2,13.6,14.1,14,14.3,14.2,14,14,14.4,14.7,13.8,14.2,13.9,14.6,14.4,14.7,13.7,14.3,13.9,14.3,14.1,14.1,13.9,13.9,13.9,14.2,14,14.3,13.3,14.3,14.2,14,14.5,14.5,14.6,14.1,14,14,13.9,14.4,13.8,14,14.1,14.2,13.8,14.1,14.4,14.2,14.3,14.1,14.3,13.6,14.7,13.7,13.7,14,14.1,14.2,14.3,13.8,14.1,13.9,13.7,14.1,14.3,14.2,14,14.4,14.4,14.5,13.7,14.5,15.1,14.2,14.2,14.2,14.3,13.9,14.3,13.9,14.2,14.4,14.4,14,14.2,14.6,14.2,13.4,14.6,14,14.4,13.9,13.3,14.2,14,14.4,14.2,14.2,14.3,13.9,14.4,14.3,14.4,13.6,14.2,14.2,14.2,13.6,14.5,14.2,14.2,13.7,14.4,14.3,14,14.2,14.4,14.8,13.9,14.8,14.2,14.3,14.3,14.5,13.7,14.3,14.2,14.2,14.4,14.2,13.5,13.8,13.9,14.3,14.5,13.7,14.2,14,14.8,14.4,13.9,14.5,14,14.9,14.6,14.4,14.3,14.2,14,13.8,13.4,14.5,14.4,14.3,14.1,14.2,14.2,14.1,14.3,14,13.8,14.3,14,14.1,13.8,14.6,14.6,14,14.6,14.5,14.1,14,13.8,13.8,14,13.6,13.8,14.5,13.9,14.6,14.6]}},{"type":"Feature","geometry":{"type":"LineString","coordinates":[[75.384,10.8901],[75.3815,10.9027],[75.379,10.9153],[75.3761,10.9346],[75.3736,10.9467],[75.3703,10.9651],[75.368,10.9784],[75.3647,10.997],[75.3628,11.0096],[75.3602,11.0282],[75.3583,11.0411],[75.356,11.0592],[75.3544,11.0716],[75.3522,11.0901],[75.3508,11.1034],[75.3488,11.1215],[75.3477,11.1343],[75.3462,11.1531],[75.3448,11.1659],[75.3434,11.1841],[75.3427,11.1967],[75.3414,11.2159],[75.3414,11.2287],[75.3405,11.2481],[75.3404,11.2605],[75.3402,11.2796],[75.3404,11.2923],[75.3401,11.3114],[75.3408,11.3241],[75.3409,11.3433],[75.3414,11.3557],[75.3419,11.3749],[75.3419,11.3876],[75.3425,11.4068],[75.343,11.4192],[75.344,11.4379],[75.3449,11.4502],[75.3457,11.4695],[75.3468,11.4824],[75.3478,11.5013],[75.3483,11.5137],[75.3496,11.5325],[75.3503,11.5444],[75.3509,11.5635],[75.3513,11.5763],[75.3522,11.5959],[75.3528,11.6084],[75.3534,11.6273],[75.3541,11.6398],[75.3546,11.6585],[75.3555,11.6713],[75.3566,11.6899],[75.3577,11.7031],[75.3585,11.7216],[75.3592,11.7346],[75.3605,11.753],[75.3612,11.7656],[75.3624,11.7849],[75.363,11.7974],[75.3644,11.817],[75.3654,11.8293],[75.3663,11.8483]]},"properties":{"mmsi":992034165,"name":"Tanker 4165","role":"candidate","vessel_type":80,"synthetic":true,"t_offset_s":[-187895,-187655,-187415,-187055,-186815,-186455,-186215,-185855,-185615,-185255,-185015,-184655,-184415,-184055,-183815,-183455,-183215,-182855,-182615,-182255,-182015,-181655,-181415,-181055,-180815,-180455,-180215,-179855,-179615,-179255,-179015,-178655,-178415,-178055,-177815,-177455,-177215,-176855,-176615,-176255,-176015,-175655,-175415,-175055,-174815,-174455,-174215,-173855,-173615,-173255,-173015,-172655,-172415,-172055,-171815,-171455,-171215,-170855,-170615,-170255,-170015,-169655],"sog":[11.3,11.5,11.7,11.9,11.2,11.3,11.7,11.4,11.5,11.7,11.6,11.1,11.3,10.9,11.6,10.7,11.4,11.3,11,11.3,11,11.5,11.8,11.6,11.1,11.4,11.6,11,11,11.3,11.1,11.3,11,11.9,11.6,11.4,10.9,11.8,11.6,11.7,11.5,11.7,10.7,11.6,11.3,11.5,10.6,11.4,11.5,11.2,11.5,11.4,11.4,11.3,11.5,11.3,11.2,11.6,11.5,11.7,10.8,11.5]}},{"type":"Feature","geometry":{"type":"LineString","coordinates":[[73.22,10.0118],[73.2201,9.9958],[73.2196,9.9803],[73.2191,9.9574],[73.2191,9.941],[73.219,9.9179],[73.2187,9.9027],[73.2182,9.8785],[73.2176,9.8626],[73.2169,9.8391],[73.2161,9.8233],[73.2146,9.7997],[73.214,9.7839],[73.2133,9.7606],[73.2128,9.7452],[73.2119,9.7211],[73.2114,9.7061],[73.2099,9.6827],[73.2093,9.6666],[73.2077,9.6433],[73.2071,9.6276],[73.206,9.6043],[73.2051,9.5892],[73.2045,9.5661],[73.204,9.5503],[73.2029,9.5269],[73.2024,9.5113],[73.2013,9.4876],[73.2005,9.4723],[73.1988,9.4486],[73.198,9.4327],[73.1968,9.4094],[73.1957,9.3938],[73.1939,9.3706],[73.1922,9.3549],[73.1904,9.3317],[73.1889,9.3164],[73.1866,9.2923],[73.1848,9.2772],[73.182,9.2536],[73.1801,9.2385],[73.1777,9.2147],[73.1758,9.1993],[73.174,9.1757],[73.1726,9.1603],[73.1705,9.1369],[73.1689,9.1209],[73.1666,9.0976],[73.1649,9.0819],[73.1625,9.0587],[73.1606,9.0428],[73.1586,9.0191],[73.1567,9.0036],[73.1545,8.9802],[73.1534,8.9652],[73.1516,8.9414],[73.1502,8.9257],[73.1483,8.9027],[73.1472,8.8871],[73.1455,8.8637],[73.1441,8.8484],[73.1423,8.8251],[73.1407,8.8096],[73.138,8.7868],[73.1366,8.7707],[73.1348,8.748],[73.1336,8.7325],[73.1319,8.7091],[73.1312,8.6931],[73.1303,8.6702],[73.1301,8.6547],[73.1301,8.6311],[73.1302,8.6157],[73.1314,8.5923],[73.1314,8.5768],[73.1323,8.5534],[73.1327,8.538],[73.1341,8.5146],[73.1348,8.4993],[73.1361,8.4762],[73.1363,8.4605],[73.1375,8.4371],[73.1378,8.4218],[73.1382,8.3983],[73.1387,8.3828],[73.1393,8.3601],[73.1396,8.3443],[73.14,8.3207],[73.1397,8.3053],[73.1394,8.2822],[73.1392,8.2665],[73.1384,8.2435],[73.138,8.2277],[73.1373,8.2049],[73.1369,8.1888],[73.1367,8.1657],[73.1365,8.1503],[73.1359,8.1278],[73.1353,8.1118],[73.1348,8.0885],[73.1344,8.0731],[73.1343,8.0504],[73.1342,8.0346],[73.134,8.0112],[73.1345,7.9961],[73.1337,7.9729],[73.1336,7.9571],[73.1335,7.9337],[73.1331,7.9181],[73.1323,7.8949],[73.1322,7.8793],[73.1322,7.8561],[73.132,7.8406],[73.1325,7.8176],[73.1333,7.802],[73.1344,7.7789],[73.1349,7.7632],[73.1356,7.7398],[73.1361,7.7243],[73.1367,7.6999],[73.1371,7.6841],[73.1374,7.6606],[73.1374,7.645],[73.1375,7.6217],[73.1379,7.6061],[73.1376,7.5833],[73.1374,7.5673],[73.1368,7.5437],[73.1367,7.5287],[73.1363,7.5054],[73.136,7.4896],[73.1357,7.4666],[73.1349,7.4506],[73.1341,7.4274],[73.1329,7.4115],[73.1316,7.3878],[73.1308,7.372],[73.1295,7.3487],[73.1283,7.333],[73.1273,7.3094],[73.1265,7.294],[73.1258,7.2705],[73.1253,7.2551],[73.1236,7.2319],[73.1222,7.2163],[73.1206,7.1922],[73.1192,7.1769],[73.1175,7.1543],[73.1166,7.1384],[73.1147,7.1148],[73.1136,7.0993],[73.1119,7.0754],[73.1111,7.06],[73.11,7.0364],[73.1087,7.0212],[73.1072,6.9977],[73.1061,6.9818],[73.1045,6.9579],[73.1035,6.9428],[73.1022,6.9195],[73.1009,6.9036],[73.0989,6.8801],[73.0973,6.8643],[73.0957,6.8407],[73.0947,6.8249],[73.0928,6.8015],[73.0916,6.7858],[73.0895,6.7628],[73.0882,6.7477],[73.0862,6.7246],[73.0852,6.7091],[73.0834,6.6857],[73.0811,6.6545],[73.0806,6.6464],[73.0792,6.631],[73.0775,6.608],[73.0762,6.592],[73.0745,6.569],[73.073,6.553],[73.0713,6.5305],[73.0702,6.5145],[73.0685,6.4912],[73.0674,6.4756],[73.0652,6.452],[73.063,6.4288],[73.062,6.4136],[73.0607,6.3978],[73.0589,6.3751],[73.0582,6.3595],[73.0565,6.3361],[73.0554,6.3202],[73.0536,6.2963],[73.0522,6.2804],[73.0505,6.2573],[73.0494,6.2415],[73.0471,6.2183],[73.0459,6.2026],[73.0437,6.1797],[73.0423,6.1647],[73.0397,6.1412],[73.0378,6.1254],[73.0353,6.1028],[73.0329,6.0879],[73.0304,6.0646],[73.0288,6.0491],[73.026,6.0263],[73.0247,6.0106],[73.0224,5.9876],[73.0207,5.9726],[73.0186,5.9495],[73.0167,5.9343],[73.0148,5.911],[73.0131,5.8955],[73.011,5.8721],[73.0097,5.8563],[73.0081,5.8333],[73.007,5.818],[73.0053,5.795],[73.0042,5.7793],[73.0019,5.7485],[73.0015,5.7408],[72.9998,5.7178],[72.9986,5.7025],[72.9965,5.6791],[72.995,5.6635],[72.9925,5.6402],[72.9907,5.6247],[72.9884,5.6016],[72.9868,5.5863],[72.9852,5.5631],[72.9838,5.5473],[72.9821,5.5244],[72.9803,5.509],[72.9782,5.4858],[72.9766,5.4703],[72.9739,5.4469],[72.9722,5.4312],[72.9695,5.4075],[72.9678,5.3921],[72.9654,5.369],[72.9634,5.3538],[72.9608,5.3304],[72.9594,5.3148],[72.9569,5.2905],[72.955,5.2752],[72.9524,5.2522],[72.9505,5.2363],[72.948,5.2129],[72.9461,5.1976]]},"properties":{"mmsi":992077453,"name":"Cargo 7453","role":"background","vessel_type":70,"synthetic":true,"t_offset_s":[11871,12111,12351,12711,12951,13311,13551,13911,14151,14511,14751,15111,15351,15711,15951,16311,16551,16911,17151,17511,17751,18111,18351,18711,18951,19311,19551,19911,20151,20511,20751,21111,21351,21711,21951,22311,22551,22911,23151,23511,23751,24111,24351,24711,24951,25311,25551,25911,26151,26511,26751,27111,27351,27711,27951,28311,28551,28911,29151,29511,29751,30111,30351,30711,30951,31311,31551,31911,32151,32511,32751,33111,33351,33711,33951,34311,34551,34911,35151,35511,35751,36111,36351,36711,36951,37311,37551,37911,38151,38511,38751,39111,39351,39711,39951,40311,40551,40911,41151,41511,41751,42111,42351,42711,42951,43311,43551,43911,44151,44511,44751,45111,45351,45711,45951,46311,46551,46911,47151,47511,47751,48111,48351,48711,48951,49311,49551,49911,50151,50511,50751,51111,51351,51711,51951,52311,52551,52911,53151,53511,53751,54111,54351,54711,54951,55311,55551,55911,56151,56511,56751,57111,57351,57711,57951,58311,58551,58911,59151,59511,59751,60111,60351,60711,60951,61311,61551,61911,62151,62511,62751,63111,63591,63711,63951,64311,64551,64911,65151,65511,65751,66111,66351,66711,67071,67311,67551,67911,68151,68511,68751,69111,69351,69711,69951,70311,70551,70911,71151,71511,71751,72111,72351,72711,72951,73311,73551,73911,74151,74511,74751,75111,75351,75711,75951,76311,76551,76911,77151,77631,77751,78111,78351,78711,78951,79311,79551,79911,80151,80511,80751,81111,81351,81711,81951,82311,82551,82911,83151,83511,83751,84111,84351,84711,84951,85311,85551,85911,86151],"sog":[14.1,14,13.5,14,13.9,13.8,13.7,14.1,13.9,14.3,14.2,13.9,14.3,14.5,13.7,14.5,13.6,14.1,13.9,13.5,14,14,13.5,13.9,13.9,14.2,13.9,13.9,13.9,13.6,13.8,13.3,13.9,13.9,14.1,13.7,14,13.7,13.8,14.3,13.8,14.2,13.8,14,14.2,14.3,14.1,14.3,13.7,13.9,14.2,14,14,13.8,13.9,13.9,14.1,13.9,14.3,14.4,14,13.8,13.7,13.5,14.3,13.7,13.9,14.1,14.2,13.7,13.8,14.2,13.7,14,13.9,14.5,14,13.8,14.1,13.6,13.9,14.1,14,14.4,14.2,13.6,14,13.6,13.7,13.9,13.7,13.8,14.5,14,14.4,13.6,13.1,13.8,14,13.7,13.3,13.8,13.7,13.6,13.6,13.9,14.1,14.2,14,13.8,14,13.7,13.7,14.3,14.4,13.5,14.1,14.1,13.4,14.1,14,13.8,14.1,14,14,14,14.3,13.8,13.4,14.5,13.6,13.7,14,13.6,14.3,14,14.5,13.8,14,13.6,14.1,13.9,13.8,13.9,13.9,14.6,14.1,13.8,14.2,14.5,13.9,14.8,13.6,14,13.7,13.9,14.1,14.2,14,14.1,14.1,14.5,14,14.1,14.4,13.8,13.8,13.8,13.8,13.7,13.9,13.5,14.1,14.4,14.1,13.6,14.1,13.8,14.4,13.4,14,14.2,13.5,14.3,13.4,14.1,14.1,13.8,14.1,14.1,14.2,14.3,14.1,14.4,14.2,14.2,13.7,14.1,13.7,13.8,13.9,14.2,13.3,13.9,13.4,13.4,14.2,14.5,13.8,13.6,13.6,14,14.1,13.8,14.5,14,13.9,13.7,14.6,13.8,13.9,13.9,13.9,14.5,14.3,13.9,13.7,14.1,13.6,14.3,13.7,13.4,13.9,13.8,13.5,14.1,14.6,14.2,14,14.2,13.8,13.9,14.1,14,13.8,14,13.9,13.5,13.4]}},{"type":"Feature","geometry":{"type":"LineString","coordinates":[[73.4698,7.7544],[73.4831,7.7577],[73.4965,7.7613],[73.5162,7.7659],[73.5291,7.7693],[73.5498,7.7736],[73.5632,7.7765],[73.5826,7.7811],[73.5956,7.7841],[73.6161,7.7884],[73.6292,7.7907],[73.6492,7.795],[73.6627,7.7979],[73.6825,7.802],[73.696,7.8043],[73.7166,7.8086],[73.73,7.8112],[73.7498,7.8155],[73.7637,7.8179],[73.784,7.822],[73.7975,7.8249],[73.8183,7.8292],[73.8316,7.8319],[73.8517,7.836],[73.8657,7.839],[73.8857,7.8437],[73.8994,7.8461],[73.9188,7.8502],[73.933,7.8525],[73.9531,7.8564],[73.9667,7.8585],[73.9868,7.862],[74.0005,7.8641],[74.0215,7.8673],[74.0349,7.87],[74.0551,7.8733],[74.0686,7.8756],[74.0889,7.8794],[74.103,7.8811],[74.1234,7.8852],[74.1366,7.8874],[74.1571,7.8909],[74.1706,7.8931],[74.191,7.8962],[74.2044,7.8982],[74.2256,7.9009],[74.239,7.9027],[74.2589,7.9052],[74.2723,7.9071],[74.2931,7.9095],[74.307,7.911],[74.3271,7.9141],[74.3404,7.9155],[74.361,7.9183],[74.3744,7.9204],[74.3949,7.9236],[74.4084,7.926],[74.4298,7.929],[74.4424,7.9311],[74.463,7.9343],[74.4764,7.9368],[74.4967,7.9404],[74.5093,7.943],[74.5298,7.9467],[74.5436,7.9488],[74.564,7.9524],[74.5781,7.9544],[74.5977,7.9576],[74.6116,7.9595],[74.6312,7.962],[74.6446,7.9635],[74.6649,7.9661],[74.6792,7.9684],[74.6991,7.9714],[74.7122,7.9732],[74.7326,7.9769],[74.746,7.9794],[74.7665,7.9828],[74.7794,7.9847],[74.8001,7.9881],[74.8137,7.9903],[74.8338,7.9938],[74.847,7.9957],[74.8673,7.9999],[74.8803,8.0021],[74.9005,8.0061],[74.9137,8.0085],[74.9343,8.0118],[74.9474,8.0142],[74.9679,8.0182],[74.9805,8.0201],[75.0011,8.024],[75.0143,8.0267],[75.0342,8.0304],[75.0475,8.033],[75.0683,8.0368],[75.0819,8.0392],[75.102,8.0435],[75.1159,8.0465],[75.1364,8.0512],[75.1498,8.0543],[75.1693,8.059],[75.1827,8.062],[75.2032,8.0668],[75.216,8.0698],[75.2361,8.0741],[75.2488,8.0767],[75.2698,8.0815],[75.2834,8.0846],[75.3034,8.0892],[75.317,8.0918],[75.3366,8.0959],[75.3501,8.0983],[75.3703,8.1026],[75.3837,8.1052],[75.4037,8.1088],[75.4171,8.1109],[75.4374,8.1149],[75.4513,8.1174],[75.4711,8.121],[75.4849,8.1234],[75.5056,8.1268],[75.519,8.1293],[75.5392,8.1328],[75.5531,8.1354],[75.5735,8.1389],[75.5867,8.1409],[75.6071,8.1445],[75.6203,8.1465],[75.6406,8.1493],[75.6545,8.1514],[75.6743,8.1548],[75.6885,8.1566],[75.7085,8.1607],[75.7222,8.1627],[75.7421,8.1662],[75.7559,8.1689],[75.7759,8.1719],[75.7896,8.174],[75.8101,8.1767],[75.8238,8.1786],[75.8447,8.1816],[75.8582,8.1835],[75.8792,8.1868],[75.8926,8.1888],[75.9128,8.1926],[75.9261,8.1949],[75.9464,8.1987],[75.96,8.2009],[75.9806,8.2046],[75.9942,8.207],[76.015,8.2103],[76.0287,8.2127],[76.049,8.2161],[76.0628,8.2181],[76.0832,8.2216],[76.0973,8.2239],[76.1178,8.2283],[76.1311,8.2307],[76.1513,8.2343],[76.1648,8.2369],[76.185,8.2407],[76.1982,8.2432],[76.2183,8.2473],[76.2319,8.2497],[76.2521,8.2541],[76.2656,8.2568],[76.2852,8.2607],[76.2986,8.2629],[76.3187,8.2668],[76.3325,8.2692],[76.353,8.2731],[76.3658,8.2755],[76.3867,8.2793],[76.3995,8.2822],[76.4198,8.2855],[76.4331,8.2881],[76.4535,8.2921],[76.4673,8.2952],[76.4875,8.2989],[76.501,8.3017],[76.5213,8.3058],[76.535,8.308]]},"properties":{"mmsi":992858372,"name":"Cargo 8372","role":"background","vessel_type":70,"synthetic":true,"t_offset_s":[31707,31947,32187,32547,32787,33147,33387,33747,33987,34347,34587,34947,35187,35547,35787,36147,36387,36747,36987,37347,37587,37947,38187,38547,38787,39147,39387,39747,39987,40347,40587,40947,41187,41547,41787,42147,42387,42747,42987,43347,43587,43947,44187,44547,44787,45147,45387,45747,45987,46347,46587,46947,47187,47547,47787,48147,48387,48747,48987,49347,49587,49947,50187,50547,50787,51147,51387,51747,51987,52347,52587,52947,53187,53547,53787,54147,54387,54747,54987,55347,55587,55947,56187,56547,56787,57147,57387,57747,57987,58347,58587,58947,59187,59547,59787,60147,60387,60747,60987,61347,61587,61947,62187,62547,62787,63147,63387,63747,63987,64347,64587,64947,65187,65547,65787,66147,66387,66747,66987,67347,67587,67947,68187,68547,68787,69147,69387,69747,69987,70347,70587,70947,71187,71547,71787,72147,72387,72747,72987,73347,73587,73947,74187,74547,74787,75147,75387,75747,75987,76347,76587,76947,77187,77547,77787,78147,78387,78747,78987,79347,79587,79947,80187,80547,80787,81147,81387,81747,81987,82347,82587,82947,83187,83547,83787,84147,84387,84747,84987,85347,85587,85947,86187],"sog":[12.5,12.3,12.3,12.2,12.1,12.5,11.9,11.7,11.8,12.4,11.8,12.1,12.3,12.1,12.8,12.5,12.3,11.5,12.1,12.7,12.8,12.1,12.3,12.3,12.5,12,12.3,12.1,12.4,11.8,11.8,12.1,12.5,12.9,12.2,11.6,12.4,12.3,12.5,11.9,12.1,12.4,11.9,12.3,12.2,12.3,12.1,11.8,12.1,12.6,12.4,12.4,12.2,12.7,12.1,12.5,11.9,12.2,11.8,12.6,12.4,12.1,11.9,12.7,12.3,12,12.5,12.1,12.3,11.7,11.8,12.1,12.4,12.3,11.6,12.2,12.2,12.2,12,12.3,12.3,11.9,12.6,12.6,11.7,12,12,12.2,11.9,12.5,11.1,12.1,12.7,11.8,11.9,12.1,12.2,12.1,12.6,12.8,11.9,12.3,12.1,12.6,12.1,11.9,12.1,12.3,12,12.2,12.4,11.4,12,12.5,12.3,12.9,11.6,12.2,12.6,11.9,12.5,12.3,12.2,11.7,12.5,12.4,11.8,12.2,12.1,12.2,12.7,12.1,12.8,12.3,12.2,11.9,12.2,11.9,12.4,12.2,12.4,12.6,12.5,12.6,12.6,12.3,11.9,12,12.3,12.4,12.3,12.5,12.7,12.2,12.3,12.1,12.6,12.3,12.2,11.8,12.7,12.1,12,12.3,11.9,12.6,12,12.3,12,12.2,12.6,12.1,12.4,12.5,11.5,11.8,12.5,12.4,12.5,12.7,12.3,11.9,12.7]}},{"type":"Feature","geometry":{"type":"LineString","coordinates":[[73.2461,10.8846],[73.2461,10.8909],[73.246,10.9105],[73.2461,10.9236],[73.2453,10.9434],[73.2452,10.9562],[73.2443,10.9758],[73.2434,10.9891],[73.2424,11.0087],[73.2415,11.0218],[73.2406,11.0409],[73.24,11.0536],[73.2389,11.0729],[73.2382,11.0857],[73.2376,11.1044],[73.2371,11.1175],[73.2364,11.1374],[73.2357,11.15],[73.2354,11.1702],[73.235,11.183],[73.2343,11.2032],[73.2341,11.2162],[73.2336,11.2353],[73.2334,11.2482],[73.2329,11.2676],[73.2325,11.2803],[73.2325,11.2997],[73.2323,11.3127],[73.2323,11.3324],[73.2325,11.3451],[73.2331,11.3642],[73.2335,11.3771],[73.2336,11.3966],[73.2338,11.4096],[73.2344,11.429],[73.2348,11.4416],[73.2353,11.4605],[73.2354,11.4736],[73.2356,11.4927],[73.2353,11.5059],[73.2356,11.5255],[73.2355,11.5385],[73.2357,11.558],[73.2357,11.5706],[73.2355,11.5905],[73.2353,11.6035],[73.2352,11.6233],[73.235,11.6362],[73.2346,11.6558],[73.234,11.6686],[73.2334,11.6879],[73.2335,11.701],[73.2332,11.72],[73.233,11.7328],[73.2332,11.7528],[73.2552,12.1883],[73.2571,12.2079],[73.2582,12.2212],[73.2601,12.2397],[73.2614,12.2526],[73.2633,12.2723],[73.2648,12.2851],[73.2663,12.3043],[73.2674,12.3177],[73.269,12.3372],[73.2699,12.35],[73.2714,12.3691],[73.2727,12.3823],[73.2745,12.4018],[73.2758,12.4151],[73.2779,12.4341],[73.2791,12.447],[73.2813,12.4664],[73.2825,12.4796],[73.284,12.4987],[73.2854,12.5116],[73.2871,12.5308],[73.288,12.5436],[73.2899,12.5629],[73.2912,12.5757],[73.2927,12.5953],[73.2944,12.6081],[73.296,12.6279],[73.2976,12.6402],[73.3,12.66],[73.301,12.6732],[73.3027,12.6918],[73.3038,12.7053],[73.3051,12.7247],[73.3059,12.7373],[73.3078,12.7566],[73.3092,12.7689],[73.3109,12.7881],[73.3123,12.8007],[73.314,12.82],[73.3152,12.8326],[73.3162,12.8521],[73.3169,12.8654],[73.3188,12.8844],[73.3205,12.8971],[73.3221,12.9166],[73.3233,12.9294],[73.3254,12.9485],[73.3266,12.9614]]},"properties":{"mmsi":992970320,"name":"Cargo 0320","role":"background","vessel_type":70,"synthetic":true,"t_offset_s":[47642,47762,48122,48362,48722,48962,49322,49562,49922,50162,50522,50762,51122,51362,51722,51962,52322,52562,52922,53162,53522,53762,54122,54362,54722,54962,55322,55562,55922,56162,56522,56762,57122,57362,57722,57962,58322,58562,58922,59162,59522,59762,60122,60362,60722,60962,61322,61562,61922,62162,62522,62762,63122,63362,63722,71762,72122,72362,72722,72962,73322,73562,73922,74162,74522,74762,75122,75362,75722,75962,76322,76562,76922,77162,77522,77762,78122,78362,78722,78962,79322,79562,79922,80162,80522,80762,81122,81362,81722,81962,82322,82562,82922,83162,83522,83762,84122,84362,84722,84962,85322,85562,85922,86162],"sog":[11.4,11.5,11.4,11.7,11.7,11.3,11.7,11.5,11.8,11.6,11.5,11.4,11.6,11.4,11.3,11.8,11.8,11.6,11.7,11.7,12,11.6,11.1,11.4,11.4,10.8,11.5,11.6,11.5,11.2,11.4,11.6,11.5,11.1,12,11.4,11.5,11.3,11.8,11.7,11.6,11.7,11.2,12.1,11.8,11.9,11.3,11.9,11.4,11.4,11.9,11.8,11,11.7,12,11.7,11.3,11.7,11.3,11.2,11.6,12,11.5,11.8,11.6,11.5,11.6,11.5,11.6,12,11.4,11.6,11.4,11.3,11.5,11.5,11.3,11.5,11.3,11.8,11.2,12,11.6,11.2,11.4,11.6,11.7,11.7,11.5,10.9,11.5,11.6,11.1,11.3,11.6,12,11.3,11.4,12,11.8,11.8,11.2,11.6,12.1]}},{"type":"Feature","geometry":{"type":"LineString","coordinates":[[73.2072,10.5589],[73.207,10.5731],[73.207,10.5878],[73.2072,10.6096],[73.2072,10.6245],[73.2076,10.646],[73.2082,10.6605],[73.2084,10.6827],[73.2082,10.6977],[73.2081,10.7191],[73.2077,10.7333],[73.2067,10.7554],[73.2063,10.77],[73.2057,10.7918],[73.2054,10.8064],[73.2051,10.8284],[73.2047,10.8428],[73.2048,10.8647],[73.2046,10.8787],[73.2039,10.9014],[73.2034,10.9161],[73.2031,10.9383],[73.2029,10.9527],[73.2025,10.9744],[73.2022,10.9896],[73.2016,11.0109],[73.2012,11.0254],[73.2007,11.047],[73.2001,11.0616],[73.1995,11.084],[73.1992,11.0984],[73.1987,11.1196],[73.1981,11.1345],[73.1975,11.1556],[73.1972,11.1701],[73.1969,11.1924],[73.1963,11.2068],[73.1955,11.2287],[73.1952,11.243],[73.1948,11.2648],[73.1945,11.2801],[73.1939,11.3022],[73.1934,11.3165],[73.1922,11.339],[73.1916,11.3541],[73.1898,11.3754],[73.1886,11.3899],[73.1867,11.4115],[73.1857,11.4254],[73.184,11.4472],[73.1829,11.4615],[73.1808,11.4836],[73.1796,11.498],[73.1771,11.5199],[73.1754,11.5342],[73.1732,11.5558],[73.172,11.5702],[73.17,11.592],[73.1692,11.6071],[73.1675,11.6288],[73.1667,11.6437],[73.1659,11.6655],[73.1654,11.6802],[73.1643,11.7023],[73.1642,11.7162],[73.1639,11.7377],[73.163,11.7523],[73.1616,11.7746],[73.1613,11.7896],[73.16,11.8119],[73.1592,11.8267],[73.1577,11.8482],[73.1568,11.8631],[73.1557,11.885],[73.1547,11.8991],[73.1535,11.9213],[73.1524,11.9359],[73.1517,11.958],[73.1507,11.972],[73.1496,11.9935],[73.1492,12.0079],[73.1478,12.0299],[73.1467,12.0447],[73.1447,12.0666],[73.1436,12.0813],[73.1411,12.103],[73.1397,12.1176],[73.138,12.1393],[73.1366,12.154],[73.1347,12.1759],[73.1331,12.1903],[73.1314,12.2125],[73.13,12.2267],[73.1279,12.2482],[73.1269,12.2635],[73.1246,12.2851],[73.123,12.299],[73.1212,12.3216],[73.1196,12.3357],[73.1173,12.3576],[73.1164,12.3721],[73.115,12.3941],[73.1135,12.4084],[73.1116,12.4302],[73.1099,12.4451],[73.1086,12.4676],[73.1075,12.4817],[73.1067,12.5036],[73.1067,12.5184],[73.1062,12.5397],[73.106,12.5541],[73.106,12.576],[73.1058,12.5905],[73.1059,12.6119],[73.1053,12.6263],[73.105,12.6486],[73.1052,12.663],[73.1055,12.685],[73.106,12.699],[73.1061,12.7206],[73.1059,12.7348],[73.1057,12.7569],[73.1057,12.7713],[73.1056,12.7934],[73.1058,12.8083],[73.1057,12.8295],[73.1061,12.8442],[73.1057,12.8655],[73.1058,12.88],[73.1053,12.9014],[73.1047,12.9153],[73.1044,12.937],[73.1038,12.9518],[73.1033,12.9733],[73.1034,12.9879],[73.1032,13.0095],[73.1033,13.0242],[73.103,13.046],[73.1027,13.0601],[73.1024,13.0814],[73.1024,13.0957],[73.1017,13.1175],[73.1019,13.1323],[73.1011,13.1539],[73.1006,13.1681],[73.0995,13.1895],[73.0985,13.2037],[73.0969,13.2258],[73.0956,13.241],[73.0935,13.2627],[73.0921,13.2774],[73.0908,13.2988],[73.0897,13.3134],[73.0889,13.3355],[73.0885,13.3493],[73.0873,13.3709],[73.0863,13.3857],[73.0856,13.4069],[73.0848,13.4218],[73.0836,13.4439],[73.0825,13.458],[73.081,13.4801],[73.0803,13.4948],[73.0787,13.5163],[73.078,13.5306],[73.077,13.5527],[73.0764,13.567],[73.0755,13.5886],[73.0744,13.6028],[73.0729,13.6244],[73.0723,13.6384],[73.071,13.6604],[73.0696,13.6749],[73.0671,13.6966],[73.0659,13.7114],[73.0641,13.7331],[73.0627,13.7478],[73.061,13.7691],[73.0597,13.7833],[73.0583,13.8052],[73.0572,13.8197],[73.0563,13.8414],[73.0556,13.856],[73.055,13.8782],[73.0544,13.8923],[73.0534,13.9142],[73.0529,13.9283],[73.0523,13.9503],[73.0516,13.965],[73.0513,13.9866]]},"properties":{"mmsi":993027254,"name":"Tanker 7254","role":"background","vessel_type":80,"synthetic":true,"t_offset_s":[29608,29848,30088,30448,30688,31048,31288,31648,31888,32248,32488,32848,33088,33448,33688,34048,34288,34648,34888,35248,35488,35848,36088,36448,36688,37048,37288,37648,37888,38248,38488,38848,39088,39448,39688,40048,40288,40648,40888,41248,41488,41848,42088,42448,42688,43048,43288,43648,43888,44248,44488,44848,45088,45448,45688,46048,46288,46648,46888,47248,47488,47848,48088,48448,48688,49048,49288,49648,49888,50248,50488,50848,51088,51448,51688,52048,52288,52648,52888,53248,53488,53848,54088,54448,54688,55048,55288,55648,55888,56248,56488,56848,57088,57448,57688,58048,58288,58648,58888,59248,59488,59848,60088,60448,60688,61048,61288,61648,61888,62248,62488,62848,63088,63448,63688,64048,64288,64648,64888,65248,65488,65848,66088,66448,66688,67048,67288,67648,67888,68248,68488,68848,69088,69448,69688,70048,70288,70648,70888,71248,71488,71848,72088,72448,72688,73048,73288,73648,73888,74248,74488,74848,75088,75448,75688,76048,76288,76648,76888,77248,77488,77848,78088,78448,78688,79048,79288,79648,79888,80248,80488,80848,81088,81448,81688,82048,82288,82648,82888,83248,83488,83848,84088,84448,84688,85048,85288,85648,85888,86248],"sog":[13.2,12.7,13.4,13.2,13,12.8,13,13,13.4,12.7,12.4,13.1,13,13.2,13.4,13.4,13,13.1,13,13.2,13.6,13.4,12.8,13.2,13.4,12.9,12.9,13.2,12.9,13,12.5,13,12.8,12.8,13,13.6,13.2,13.4,12.7,13.3,13,13.2,12.6,13.7,13.6,12.7,13.3,13,12.8,12.8,13.3,13.1,12.8,13,12.5,13.6,12.9,13.1,13.1,13,12.7,13.1,13.1,12.7,12.7,12.7,13.3,13.7,13.2,13.4,13,13,13,13.1,12.7,13,13.3,13.3,12.4,13.1,12.8,13.1,12.9,13,13.3,12.8,13.3,13.1,13,13.3,13.2,12.8,12.9,13.3,13.2,12.8,13,13,12.6,12.9,13,13.2,12.6,13.3,13.4,13.4,13,13,12.8,13.1,12.5,12.8,12.6,12.9,13.2,13.3,12.4,13.1,12.7,12.7,12.7,12.9,12.9,12.7,13.1,13.1,13.2,13,12.8,13.3,12.4,12.9,12.9,13.3,12.8,13.1,12.8,13.2,13.1,12.8,12.7,13.3,13,12.9,12.9,13.1,13,12.8,13.3,13.4,13.4,12.9,12.8,13.3,12.6,12.7,13.5,12.8,13,13.5,12.5,13.4,13.6,13.2,12.9,12.9,12.8,12.6,13.1,13,13,12.9,12.6,13.5,13.6,13.1,13,12.7,12.5,13.4,12.6,13,13.1,12.7,12.8,12.9,13.1,13,13.4,13.1]}},{"type":"Feature","geometry":{"type":"LineString","coordinates":[[75.6871,9.1149],[75.6843,9.1346],[75.6823,9.1477],[75.6796,9.1673],[75.6782,9.1806],[75.6755,9.2002],[75.6741,9.2139],[75.6715,9.2333],[75.67,9.2458],[75.6671,9.2649],[75.6652,9.2782],[75.6628,9.2964],[75.6614,9.31],[75.659,9.3298],[75.6576,9.3428],[75.6559,9.362],[75.6548,9.3753],[75.6535,9.395],[75.6524,9.4078],[75.6509,9.4276],[75.6502,9.4408],[75.6489,9.4609],[75.6479,9.4735],[75.6463,9.4936],[75.645,9.5069],[75.6429,9.5259],[75.6413,9.5394],[75.6391,9.5587],[75.6376,9.572],[75.6349,9.5907],[75.6335,9.6036],[75.6309,9.623],[75.6291,9.6359],[75.6257,9.6554],[75.6234,9.6686],[75.6202,9.6878],[75.6178,9.7],[75.6145,9.7193],[75.6122,9.7323],[75.6085,9.752],[75.606,9.7648],[75.6025,9.7841],[75.6002,9.7975],[75.5972,9.8165],[75.5949,9.8299],[75.5918,9.8491],[75.5897,9.8618],[75.5866,9.8814],[75.5849,9.8943],[75.582,9.913],[75.5803,9.9263],[75.578,9.9457],[75.5768,9.9586],[75.5745,9.9782],[75.5726,9.9911],[75.5695,10.0105],[75.5687,10.0237],[75.5663,10.0434],[75.5649,10.0568],[75.5628,10.0764],[75.5614,10.0887],[75.5594,10.109],[75.5584,10.1217],[75.5571,10.1416],[75.5564,10.1548],[75.5557,10.1745],[75.5548,10.1874],[75.5536,10.2071],[75.5529,10.2204],[75.5515,10.2403],[75.5506,10.2531],[75.5489,10.2724],[75.5476,10.2861],[75.546,10.3053],[75.5443,10.3184],[75.5422,10.3375],[75.5403,10.3507],[75.5387,10.3705],[75.5374,10.3834],[75.5354,10.4034],[75.5344,10.4166],[75.5326,10.4358],[75.5312,10.4492],[75.5292,10.4686],[75.5278,10.4814],[75.5262,10.5016],[75.5251,10.5144],[75.5228,10.5338],[75.5217,10.5477],[75.5204,10.567],[75.5193,10.5799],[75.5174,10.6],[75.5159,10.6129],[75.5142,10.6326],[75.5135,10.645],[75.5117,10.6645],[75.5107,10.678],[75.5095,10.6972],[75.5088,10.7105],[75.5081,10.73],[75.5071,10.743],[75.5061,10.7624],[75.5057,10.7758],[75.5037,10.7956],[75.5026,10.8086],[75.5009,10.828],[75.4995,10.8414],[75.498,10.8604],[75.4968,10.874],[75.4954,10.8935],[75.4947,10.9062],[75.493,10.9262],[75.4923,10.939],[75.4909,10.9582],[75.4903,10.9717],[75.4888,10.9918],[75.4883,11.0053],[75.4872,11.0246],[75.4867,11.0381],[75.4859,11.0581],[75.4855,11.0708],[75.4855,11.0904],[75.4852,11.1037],[75.4848,11.1236],[75.4847,11.1368],[75.4848,11.1562],[75.4849,11.1696],[75.4852,11.1893],[75.4852,11.2025],[75.4854,11.2224],[75.4856,11.2354],[75.4855,11.2545],[75.4856,11.2682],[75.4861,11.2877],[75.4861,11.3006],[75.4867,11.3199],[75.487,11.3329],[75.4867,11.3527],[75.4866,11.3655],[75.4863,11.3848],[75.4862,11.3975],[75.4856,11.4177],[75.4851,11.4306],[75.4845,11.4506],[75.4847,11.4637],[75.4846,11.4839],[75.4847,11.4965],[75.485,11.5158],[75.485,11.5288],[75.4853,11.5485],[75.4853,11.5619],[75.4857,11.5823],[75.4862,11.595],[75.4867,11.6149],[75.4875,11.6282],[75.488,11.6478],[75.4886,11.6609],[75.4892,11.6805],[75.4896,11.6932],[75.4906,11.7128],[75.4916,11.7259]]},"properties":{"mmsi":993332110,"name":"Tanker 2110","role":"background","vessel_type":80,"synthetic":true,"t_offset_s":[-5639,-5279,-5039,-4679,-4439,-4079,-3839,-3479,-3239,-2879,-2639,-2279,-2039,-1679,-1439,-1079,-839,-479,-239,121,361,721,961,1321,1561,1921,2161,2521,2761,3121,3361,3721,3961,4321,4561,4921,5161,5521,5761,6121,6361,6721,6961,7321,7561,7921,8161,8521,8761,9121,9361,9721,9961,10321,10561,10921,11161,11521,11761,12121,12361,12721,12961,13321,13561,13921,14161,14521,14761,15121,15361,15721,15961,16321,16561,16921,17161,17521,17761,18121,18361,18721,18961,19321,19561,19921,20161,20521,20761,21121,21361,21721,21961,22321,22561,22921,23161,23521,23761,24121,24361,24721,24961,25321,25561,25921,26161,26521,26761,27121,27361,27721,27961,28321,28561,28921,29161,29521,29761,30121,30361,30721,30961,31321,31561,31921,32161,32521,32761,33121,33361,33721,33961,34321,34561,34921,35161,35521,35761,36121,36361,36721,36961,37321,37561,37921,38161,38521,38761,39121,39361,39721,39961,40321,40561,40921,41161,41521,41761,42121,42361],"sog":[11.6,11.8,12,12.5,12.1,12.1,12,11.7,11.5,11.7,11.6,11.2,11.6,11.8,12,11.8,11.7,12,11.4,12.1,12,11.9,12,11.8,12.1,11.5,11.7,11.5,12.1,11.6,11.6,11.9,11.4,12.1,11.7,12,11.3,11.6,11.7,11.9,11.5,12.1,12.2,11.4,11.9,11.3,12,12,11.5,11.8,11.8,11.6,11.7,11.3,11.5,11.7,11.8,11.9,12.1,11.8,11.3,12,11.8,12,11.6,11.7,11.7,11.6,11.9,11.5,11.1,11.4,12,11.5,11.8,11.8,11.7,11.5,11.3,12,12.4,11.4,12.2,11.7,11.4,12.2,11.8,11.9,12.1,11.5,11.5,11.8,11.6,11.6,10.9,11.6,12.2,11.6,11.8,12.1,11.4,11.7,11.8,12,11.8,11.6,11.7,11.3,12.1,11.5,11.6,11.6,11.9,11.9,12,11.8,12,11.9,12,11.9,11.6,11.9,12.1,12,11.8,11.6,12.1,11.7,11.7,11.4,12,11.6,11.8,11.8,11.2,11.3,11.7,12.2,11.3,12,11.8,11.7,11.7,11.9,11.3,12.3,11.7,11.5,11.6,11.7,12.2,12.1,11.4,11.8,11.5,11.8,12,11.2,11.9,12.1,11.7]}},{"type":"Feature","geometry":{"type":"LineString","coordinates":[[73.1229,7.5279],[73.123,7.5308],[73.123,7.5347],[73.1195,7.5405],[73.1169,7.5448],[73.1129,7.5514],[73.1123,7.5568],[73.1158,7.5629],[73.1199,7.5647],[73.1223,7.5595],[73.1206,7.5548],[73.1199,7.5472],[73.1215,7.5425],[73.1278,7.5381],[73.133,7.5398],[73.1396,7.5409],[73.1407,7.5368],[73.1406,7.5309],[73.1414,7.526],[73.1359,7.5212],[73.1326,7.5176],[73.1261,7.5197],[73.122,7.5219],[73.1145,7.5275],[73.1118,7.5297],[73.1057,7.5313],[73.1018,7.5282],[73.1031,7.5207],[73.1033,7.5161],[73.1002,7.5086],[73.0982,7.5039],[73.0925,7.4979],[73.0892,7.4951],[73.0887,7.4875],[73.0936,7.488],[73.0983,7.4847],[73.0967,7.4793],[73.1045,7.4751],[73.1059,7.4693],[73.1096,7.4629],[73.1121,7.4585],[73.1159,7.4516],[73.1192,7.4483],[73.1247,7.4448],[73.1282,7.4416],[73.1355,7.4411],[73.1401,7.4437],[73.1465,7.4484],[73.1507,7.4476],[73.1591,7.4462],[73.1639,7.4461],[73.1697,7.4467],[73.1747,7.447],[73.1803,7.4429],[73.1825,7.438],[73.1874,7.433],[73.1841,7.4291],[73.1809,7.42],[73.1842,7.4161],[73.1912,7.4114],[73.1942,7.4067],[73.2018,7.4036],[73.2071,7.404],[73.2147,7.3995],[73.2197,7.3998],[73.2264,7.3958],[73.2312,7.3932],[73.2357,7.387],[73.2391,7.3835],[73.2419,7.3777],[73.2438,7.3733],[73.249,7.3689],[73.2527,7.3666],[73.2592,7.3648],[73.266,7.3641],[73.2741,7.3628],[73.2774,7.3599],[73.2818,7.3559],[73.2827,7.3509],[73.2825,7.342],[73.2823,7.3382],[73.2885,7.3347],[73.2912,7.3337],[73.2993,7.333],[73.3025,7.3289],[73.3063,7.3215],[73.3045,7.317],[73.2989,7.3131],[73.2938,7.3124],[73.2887,7.31],[73.2864,7.3071],[73.2788,7.3066],[73.2753,7.3094],[73.2723,7.3136],[73.2739,7.3195],[73.2749,7.3285],[73.2743,7.3346],[73.2798,7.3414],[73.2829,7.3443],[73.2906,7.3474],[73.2944,7.3475],[73.3025,7.3473],[73.3073,7.3488],[73.3141,7.347],[73.3178,7.3475],[73.3241,7.3506],[73.3269,7.3545],[73.3233,7.359],[73.3188,7.3618],[73.3146,7.3681],[73.3164,7.372],[73.322,7.3753],[73.3243,7.379],[73.3299,7.3846],[73.335,7.3843],[73.3406,7.3804],[73.3465,7.3804],[73.3525,7.387],[73.3536,7.3902],[73.3564,7.3977],[73.357,7.402],[73.3582,7.4079],[73.3615,7.4103],[73.3688,7.4109],[73.3741,7.4115],[73.3802,7.408],[73.3849,7.4038],[73.3874,7.397],[73.3833,7.3941],[73.3794,7.3881],[73.3766,7.3848],[73.3792,7.379],[73.3806,7.3744],[73.3808,7.3678],[73.3782,7.3619],[73.38,7.3552],[73.3842,7.3544],[73.3912,7.3553],[73.3955,7.3575],[73.4015,7.3623],[73.4069,7.3648],[73.4141,7.3699],[73.4179,7.3732],[73.4198,7.3784],[73.4225,7.3814],[73.4269,7.3874],[73.4314,7.3914],[73.4318,7.4001],[73.4299,7.4058],[73.4287,7.4131],[73.4303,7.4186],[73.4335,7.4252],[73.4384,7.4269],[73.4425,7.4223],[73.4437,7.417],[73.4471,7.4117],[73.4463,7.4065],[73.4413,7.3994],[73.44,7.3945],[73.4375,7.3877],[73.4327,7.3846],[73.4293,7.3794],[73.4326,7.3752],[73.4352,7.3713],[73.4377,7.3677],[73.4367,7.3611],[73.4329,7.3573],[73.425,7.3543],[73.4207,7.3517],[73.4193,7.3466],[73.4159,7.3425],[73.4097,7.3401],[73.4058,7.3384],[73.3987,7.3361],[73.395,7.3369],[73.3929,7.3437],[73.3912,7.3497],[73.387,7.3538],[73.3806,7.3533],[73.373,7.3574],[73.3676,7.3572],[73.3637,7.3539],[73.3604,7.3503],[73.3524,7.3519],[73.346,7.3534],[73.3402,7.3541],[73.3354,7.354],[73.3291,7.3521],[73.3242,7.3531],[73.3203,7.3605],[73.3174,7.3636],[73.3145,7.3679],[73.3134,7.373],[73.3141,7.3808],[73.3121,7.3866],[73.3164,7.3925],[73.3211,7.3954],[73.3266,7.3963],[73.3304,7.3926],[73.3367,7.3903],[73.3424,7.391],[73.35,7.3942],[73.354,7.3953],[73.358,7.4017],[73.3591,7.4071],[73.3663,7.4103],[73.3713,7.4081],[73.3788,7.4052],[73.384,7.4041],[73.3899,7.3994],[73.3936,7.3951],[73.401,7.3946],[73.4056,7.3917],[73.4124,7.3941],[73.4164,7.3947],[73.4248,7.3977],[73.4282,7.4006],[73.4334,7.4042],[73.4393,7.4027],[73.4444,7.398],[73.447,7.3962],[73.4496,7.3897],[73.4488,7.3833],[73.4461,7.3791],[73.4435,7.3731],[73.4388,7.3705],[73.4329,7.3713],[73.4246,7.3748],[73.4194,7.375],[73.4122,7.3732],[73.4064,7.3727],[73.4008,7.3731],[73.3946,7.3746],[73.3889,7.381],[73.3835,7.3819],[73.379,7.3754],[73.3745,7.3734],[73.3678,7.3688],[73.3642,7.369],[73.3562,7.3677],[73.353,7.3638],[73.3516,7.3556],[73.3491,7.3524],[73.3427,7.3492],[73.3383,7.3484],[73.3308,7.3501],[73.3254,7.348],[73.3184,7.3466],[73.3142,7.3424],[73.3069,7.3414],[73.3017,7.3369],[73.2939,7.3369],[73.2887,7.3368],[73.2833,7.3364],[73.2793,7.3383],[73.2722,7.344],[73.2688,7.3462],[73.2723,7.3531],[73.2731,7.3569],[73.2794,7.3623],[73.2789,7.3681],[73.2786,7.3758],[73.2785,7.3812],[73.2794,7.3901],[73.2835,7.3932],[73.2907,7.3922],[73.2955,7.3915],[73.3021,7.3958],[73.302,7.4005],[73.3087,7.403],[73.3094,7.3987],[73.3141,7.3931],[73.3195,7.3891],[73.3205,7.3827],[73.3182,7.3772],[73.3125,7.3734],[73.3088,7.3682],[73.3013,7.37],[73.2976,7.3718],[73.292,7.3741],[73.2886,7.3773],[73.2868,7.3839],[73.2844,7.3896],[73.278,7.3954],[73.2716,7.3966],[73.2632,7.3968],[73.2576,7.3974],[73.2499,7.3998],[73.2457,7.3979],[73.2433,7.3921],[73.2388,7.3889],[73.2334,7.3842],[73.2282,7.3831],[73.2213,7.3798],[73.215,7.3804],[73.2072,7.3837],[73.2022,7.3863],[73.1986,7.3815],[73.1989,7.3774],[73.1967,7.3703],[73.1981,7.3652],[73.1971,7.3567],[73.2003,7.353],[73.206,7.348],[73.2112,7.3454],[73.2115,7.3382],[73.2074,7.3359],[73.1988,7.3353],[73.1933,7.3339],[73.19,7.3277],[73.1901,7.3229],[73.184,7.317],[73.1799,7.3143],[73.1711,7.3137],[73.1662,7.3114],[73.157,7.3123],[73.1522,7.3133],[73.1455,7.3141],[73.1432,7.3197],[73.1417,7.3254],[73.1401,7.3308],[73.1383,7.3386],[73.1364,7.3429],[73.1301,7.3416],[73.1256,7.3378],[73.1171,7.3368],[73.1137,7.3374],[73.1073,7.3421],[73.1034,7.3443],[73.0956,7.3471],[73.092,7.3497],[73.0882,7.3555],[73.0903,7.3595],[73.0954,7.3676],[73.0969,7.3721],[73.1003,7.3789],[73.0999,7.3837],[73.0952,7.3881],[73.0894,7.3873],[73.0831,7.3812],[73.0793,7.378],[73.0786,7.3714],[73.0748,7.367],[73.0677,7.3695],[73.0675,7.3748],[73.0665,7.3827],[73.0657,7.3874],[73.0675,7.3962],[73.0699,7.4006],[73.0769,7.402],[73.0825,7.4013],[73.0889,7.3982],[73.0939,7.3982],[73.0975,7.4035],[73.1004,7.4069],[73.1062,7.4071],[73.1116,7.4041],[73.1186,7.3996],[73.1223,7.3953],[73.1266,7.3976],[73.1322,7.4019],[73.1412,7.4043],[73.1458,7.4069],[73.1542,7.4071],[73.1581,7.4057],[73.1638,7.4027],[73.1685,7.4001],[73.1763,7.3992],[73.1797,7.3958],[73.1854,7.3928],[73.1873,7.3891],[73.185,7.3816],[73.1841,7.3758],[73.19,7.3696],[73.1931,7.3667],[73.2001,7.3646],[73.2047,7.3648],[73.2087,7.3707],[73.2103,7.3737],[73.2146,7.3789],[73.2192,7.3806],[73.2258,7.3835],[73.228,7.3866],[73.2319,7.3928],[73.2316,7.3969],[73.2264,7.4018],[73.2238,7.4059],[73.2312,7.4074],[73.2347,7.4062],[73.2398,7.4039],[73.2463,7.4052],[73.2532,7.4036],[73.2578,7.4071],[73.2608,7.4147],[73.2626,7.4185],[73.2702,7.4223],[73.2752,7.4213],[73.2837,7.4219],[73.2891,7.4245],[73.2953,7.4275],[73.2995,7.4301],[73.306,7.4291],[73.3115,7.4254],[73.3166,7.421],[73.3196,7.4175],[73.3235,7.4116],[73.3233,7.4077],[73.322,7.4009],[73.3192,7.3955],[73.3168,7.3883],[73.3152,7.3835],[73.3095,7.3834],[73.3059,7.3816],[73.2995,7.3782],[73.2963,7.3755],[73.2961,7.369],[73.2988,7.3667],[73.3038,7.3644],[73.3085,7.3655],[73.3157,7.3678],[73.3198,7.3692],[73.3253,7.3737],[73.3298,7.3772],[73.3348,7.3825],[73.3395,7.384],[73.3463,7.3879],[73.3512,7.386],[73.3583,7.3851],[73.3635,7.3854],[73.37,7.3896],[73.3723,7.3923],[73.3779,7.3967],[73.3819,7.3995],[73.3806,7.4075],[73.3807,7.413],[73.3809,7.4206],[73.3824,7.4264],[73.3856,7.4318],[73.3858,7.437],[73.3792,7.4402],[73.3737,7.4434],[73.3671,7.4451],[73.3627,7.4487],[73.3588,7.4551],[73.3595,7.4601],[73.356,7.4671],[73.3543,7.4705],[73.3527,7.477],[73.3525,7.4819],[73.3512,7.4874],[73.3469,7.4893],[73.3466,7.4959],[73.3503,7.4998],[73.3543,7.5057],[73.3545,7.5097],[73.3535,7.517],[73.3505,7.5212],[73.3471,7.5308],[73.3434,7.5336],[73.3374,7.537],[73.3358,7.5432],[73.333,7.5504],[73.3327,7.5562],[73.3334,7.5633],[73.3343,7.5689],[73.3406,7.571],[73.3442,7.5677],[73.3439,7.5613],[73.3464,7.5568],[73.3515,7.5527],[73.3542,7.548],[73.3596,7.5408],[73.3653,7.539],[73.3726,7.5343],[73.3762,7.5323],[73.3825,7.5273],[73.3884,7.5258],[73.3916,7.5181],[73.3919,7.5128],[73.3876,7.5058],[73.3851,7.5029],[73.3785,7.4968],[73.3717,7.4962],[73.3683,7.5013],[73.3717,7.5052],[73.377,7.5111],[73.3805,7.5156],[73.3847,7.5243],[73.3889,7.5266],[73.3927,7.5324],[73.3937,7.5368],[73.3966,7.5448],[73.3984,7.55],[73.4032,7.5551],[73.403,7.5614],[73.3964,7.5655],[73.3948,7.5712],[73.395,7.5793],[73.3919,7.5817],[73.3842,7.5869],[73.3799,7.59],[73.3805,7.596],[73.3834,7.6007],[73.3914,7.6051],[73.3965,7.6074],[73.4014,7.6135],[73.404,7.6178],[73.4059,7.6266],[73.4023,7.6286],[73.3943,7.631],[73.3899,7.6279],[73.3826,7.6253],[73.3778,7.6245],[73.3758,7.6177],[73.3772,7.6128],[73.3772,7.6072],[73.3784,7.6033],[73.3851,7.5998],[73.3889,7.5967],[73.3939,7.5932],[73.3978,7.5931],[73.4059,7.59],[73.4103,7.5868],[73.4137,7.581],[73.4157,7.5786],[73.4209,7.5741],[73.4248,7.5705],[73.4323,7.5689],[73.4365,7.5659],[73.4441,7.5645],[73.4482,7.5608],[73.4537,7.5588],[73.4575,7.5594],[73.4601,7.5664],[73.462,7.5706],[73.4667,7.5739],[73.4722,7.5721],[73.4776,7.565],[73.4802,7.5603],[73.4811,7.5548],[73.4807,7.5495],[73.4769,7.5444],[73.4782,7.5399],[73.4813,7.5321],[73.4854,7.5318],[73.4873,7.5381],[73.4876,7.5436],[73.4831,7.5513],[73.4811,7.5545],[73.4765,7.5608],[73.4745,7.5656],[73.4729,7.5739],[73.4715,7.5788],[73.4633,7.5797],[73.4569,7.579],[73.4501,7.5755],[73.4451,7.573],[73.4493,7.5679],[73.4538,7.5682],[73.4614,7.5684],[73.4643,7.5663],[73.4718,7.5651],[73.4751,7.5636],[73.4833,7.5623],[73.4876,7.5624],[73.4932,7.5602],[73.4964,7.5568],[73.5037,7.5554],[73.5082,7.5533],[73.5027,7.5481],[73.4987,7.5482],[73.4947,7.5426],[73.4907,7.5391],[73.4902,7.5319],[73.4897,7.5276],[73.4861,7.523],[73.4838,7.5191],[73.4819,7.5115],[73.4779,7.5089],[73.4718,7.5033],[73.4676,7.4995],[73.463,7.4946],[73.4584,7.4924],[73.452,7.4892],[73.4482,7.4909],[73.4426,7.495],[73.4362,7.4969],[73.4317,7.5038],[73.4269,7.5069],[73.4192,7.5055],[73.4168,7.5034],[73.4113,7.4993],[73.4119,7.4937],[73.409,7.4877],[73.4059,7.4863],[73.4012,7.4818],[73.4003,7.4763],[73.3966,7.4689],[73.3906,7.4693],[73.3852,7.4672],[73.3811,7.4691],[73.3746,7.4684],[73.3697,7.4701],[73.3658,7.475],[73.3672,7.4807],[73.368,7.4866],[73.3654,7.4917],[73.3579,7.4977],[73.3539,7.5],[73.3504,7.5061],[73.3486,7.5099],[73.3442,7.5165],[73.3451,7.5204],[73.3452,7.5294],[73.3446,7.5348],[73.3477,7.541],[73.3541,7.5406],[73.3599,7.5389],[73.3641,7.5388],[73.3712,7.5402],[73.3756,7.5429],[73.3823,7.5446],[73.3881,7.5467],[73.3935,7.5469],[73.3979,7.545],[73.4025,7.5437],[73.4077,7.5438],[73.4149,7.5478],[73.4173,7.5511],[73.4236,7.5513],[73.4253,7.545],[73.4279,7.5365],[73.4273,7.532],[73.4205,7.5293],[73.4183,7.525],[73.4228,7.5186],[73.4278,7.5166],[73.4352,7.5138],[73.4388,7.5135],[73.4456,7.5137],[73.4497,7.5116],[73.4545,7.5056],[73.4581,7.5006],[73.4627,7.4957],[73.4663,7.4934],[73.4707,7.4895],[73.4764,7.4894],[73.4809,7.4834],[73.4808,7.4786],[73.4772,7.4717],[73.475,7.4671],[73.4736,7.4613],[73.475,7.4548],[73.4717,7.4489],[73.4694,7.4434],[73.4643,7.4368],[73.4677,7.4319],[73.4678,7.4239],[73.4705,7.4228],[73.4752,7.4193],[73.4782,7.4169],[73.4805,7.4108],[73.4802,7.4054],[73.485,7.3989],[73.4914,7.3971],[73.4985,7.3958],[73.5023,7.3927],[73.5002,7.3871],[73.5019,7.3833],[73.5086,7.3803],[73.5126,7.3772],[73.5134,7.3681],[73.5167,7.3639],[73.5245,7.363],[73.5279,7.3617],[73.5333,7.3566],[73.5355,7.3521],[73.5364,7.3435],[73.5322,7.3409],[73.5247,7.3386],[73.5205,7.3359],[73.514,7.3346],[73.5099,7.3314],[73.5065,7.3254],[73.5014,7.3246],[73.4977,7.3312],[73.4946,7.3344],[73.4914,7.3421],[73.4914,7.3461],[73.4906,7.3536],[73.4915,7.3591],[73.4929,7.3666],[73.4978,7.3711],[73.5013,7.3787],[73.5052,7.3819],[73.511,7.3875],[73.5155,7.3887],[73.523,7.3887],[73.5264,7.3904],[73.5314,7.3861],[73.5306,7.3814],[73.5218,7.3789],[73.5177,7.3749],[73.51,7.3722],[73.5064,7.3773],[73.4998,7.3798],[73.4959,7.3832],[73.4939,7.3899],[73.4912,7.3947],[73.4898,7.4022],[73.4878,7.4068],[73.4796,7.4101],[73.4763,7.4102],[73.4688,7.4104],[73.4643,7.4103],[73.4569,7.4103],[73.4553,7.4133],[73.4534,7.4193],[73.4536,7.4248],[73.4501,7.4293],[73.4492,7.433],[73.4439,7.4369],[73.4433,7.4422],[73.4465,7.4479],[73.4504,7.4517],[73.4575,7.4559],[73.4619,7.4575],[73.4687,7.4623],[73.4727,7.461],[73.4806,7.459],[73.4848,7.4599],[73.4875,7.4532],[73.4849,7.4492],[73.481,7.4451],[73.4762,7.4429],[73.4719,7.4376],[73.4702,7.4326],[73.4716,7.427],[73.4714,7.4219],[73.47,7.4134],[73.4694,7.4093],[73.4684,7.4023],[73.4676,7.3986],[73.4594,7.3954],[73.4549,7.3956],[73.4489,7.39],[73.4447,7.3849],[73.4423,7.3771],[73.4428,7.3736],[73.4427,7.3653],[73.4423,7.3613],[73.4447,7.3539],[73.4476,7.3514],[73.4558,7.3512],[73.462,7.3551],[73.4681,7.3577],[73.4713,7.3598],[73.4736,7.3677],[73.477,7.3703],[73.4802,7.3658],[73.4838,7.3624],[73.4899,7.3569],[73.4927,7.3529],[73.4976,7.3478],[73.4999,7.3437],[73.5042,7.3386],[73.5077,7.3369],[73.5167,7.3341],[73.523,7.3352],[73.5307,7.3335],[73.5336,7.3304],[73.5392,7.328],[73.5442,7.3287],[73.5493,7.3331],[73.5531,7.3371],[73.5588,7.3395],[73.5624,7.3391],[73.5701,7.3363],[73.5735,7.3333],[73.5761,7.3248],[73.5791,7.321],[73.5837,7.3156],[73.5845,7.3106],[73.579,7.3043],[73.5777,7.2998],[73.5763,7.2928],[73.5727,7.2892],[73.5685,7.2828],[73.5685,7.2777],[73.5743,7.2716],[73.5786,7.2685],[73.5865,7.2665],[73.5921,7.2637],[73.6003,7.2648],[73.6038,7.2614],[73.6083,7.255],[73.6132,7.2505],[73.6183,7.2461],[73.6219,7.2433],[73.6265,7.2415],[73.6284,7.2373],[73.6297,7.2314],[73.6344,7.2296],[73.6423,7.2296],[73.6457,7.2313],[73.6553,7.2311],[73.6586,7.2332],[73.6653,7.2361],[73.6703,7.2393],[73.6772,7.2435],[73.6816,7.2425],[73.6893,7.2469],[73.6905,7.2502],[73.6834,7.2558],[73.6789,7.2579],[73.6748,7.2646],[73.6733,7.2701],[73.6702,7.2764],[73.6693,7.278],[73.6703,7.2866],[73.6686,7.2919],[73.6724,7.298],[73.6755,7.3007],[73.6782,7.3048],[73.6782,7.3092],[73.677,7.3176],[73.6783,7.322],[73.6806,7.3282],[73.6846,7.3328],[73.6912,7.3367],[73.6964,7.3374],[73.7036,7.3355],[73.7089,7.3352],[73.7092,7.342],[73.7078,7.3455],[73.7105,7.3529],[73.7118,7.3563],[73.7092,7.3621],[73.7069,7.365],[73.7106,7.3721],[73.7143,7.3762],[73.7212,7.3781],[73.7258,7.3771],[73.7316,7.3791],[73.7353,7.3832],[73.7404,7.3924],[73.743,7.3981],[73.7477,7.4011],[73.7532,7.4005],[73.7601,7.3976],[73.7619,7.3978],[73.769,7.3977],[73.7732,7.3965],[73.7789,7.3935],[73.781,7.389],[73.7863,7.3837],[73.7878,7.3774],[73.7889,7.3685],[73.7926,7.3637],[73.7973,7.3638],[73.8005,7.3651],[73.8074,7.3622],[73.8104,7.3572],[73.8167,7.3526],[73.8225,7.3512],[73.8288,7.354],[73.8332,7.3571],[73.8397,7.3589],[73.8396,7.3531],[73.8454,7.3485],[73.8489,7.3454],[73.8536,7.339],[73.8584,7.3371],[73.8647,7.3374],[73.8699,7.3413],[73.8752,7.3455],[73.8801,7.3459],[73.8879,7.3434],[73.8913,7.339],[73.8939,7.3316],[73.8962,7.3283],[73.8994,7.3202],[73.901,7.3149],[73.9084,7.3114],[73.9138,7.3131],[73.9202,7.3154],[73.9236,7.3133],[73.9265,7.3055],[73.9302,7.3025],[73.9323,7.2967],[73.9347,7.292],[73.9413,7.2864],[73.9446,7.2841],[73.9513,7.2808],[73.9545,7.2796],[73.9633,7.2804],[73.9685,7.2797],[73.9737,7.2766],[73.977,7.2739],[73.9812,7.2685],[73.9822,7.2647],[73.9854,7.2588],[73.9902,7.2561],[73.9952,7.2541],[74.0002,7.2533],[74.0062,7.2501],[74.0079,7.2462],[74.0127,7.239],[74.0151,7.2354],[74.0173,7.2274],[74.022,7.2259],[74.028,7.2224],[74.0319,7.2171],[74.0315,7.2107],[74.0322,7.205],[74.0275,7.2013],[74.0217,7.2005],[74.0149,7.199],[74.011,7.1962],[74.0027,7.1941],[73.9985,7.1958],[73.9934,7.2],[73.9887,7.1985],[73.9891,7.1914],[73.9883,7.1864],[73.9834,7.1794],[73.9771,7.1761],[73.9716,7.1707],[73.9722,7.1651],[73.9783,7.1602],[73.9818,7.1579],[73.9864,7.1541],[73.989,7.1496],[73.9906,7.1414],[73.9896,7.1363],[73.9865,7.1308],[73.9841,7.1272],[73.9813,7.1209],[73.9778,7.1161],[73.9706,7.113],[73.9698,7.1083],[73.9753,7.1035],[73.9809,7.1047],[73.9877,7.1054],[73.9931,7.1047],[74.0001,7.1027],[74.0047,7.1035],[74.0113,7.1057],[74.0158,7.105],[74.0224,7.1028],[74.0264,7.1049],[74.0282,7.1128],[74.0315,7.117],[74.0309,7.1236],[74.0291,7.127],[74.024,7.1325],[74.0215,7.1366],[74.02,7.1434],[74.0189,7.1474],[74.0199,7.1549],[74.0191,7.1597],[74.0229,7.1666],[74.0279,7.172],[74.035,7.1723],[74.0394,7.1706],[74.0456,7.1674],[74.049,7.1635],[74.0565,7.1606],[74.0605,7.1589],[74.0675,7.1543],[74.0719,7.1554],[74.074,7.1605],[74.0727,7.165],[74.0672,7.1712],[74.0638,7.1749],[74.0604,7.1817],[74.0602,7.1851],[74.0619,7.1944],[74.0611,7.1995],[74.0574,7.2058],[74.0564,7.2107],[74.062,7.2166],[74.0658,7.219],[74.0715,7.2224],[74.0758,7.2254],[74.0835,7.2311],[74.0864,7.2352],[74.089,7.2432],[74.0921,7.2453],[74.0896,7.252],[74.0854,7.2565],[74.084,7.2638],[74.0804,7.2666],[74.077,7.2755],[74.0757,7.2791],[74.0757,7.285],[74.0811,7.2861],[74.087,7.2839],[74.0913,7.2805],[74.0953,7.2753],[74.0969,7.2706],[74.0952,7.2635],[74.0904,7.262],[74.0844,7.2587],[74.0801,7.259],[74.0725,7.2575],[74.0666,7.2559],[74.0596,7.2581],[74.0567,7.2611],[74.0502,7.2655],[74.0457,7.2696],[74.0399,7.274],[74.0338,7.2766],[74.0265,7.2734],[74.0221,7.2749],[74.0158,7.2722],[74.0111,7.2697],[74.0054,7.2659],[74.0011,7.262],[73.9982,7.254],[73.9972,7.2506],[73.9895,7.2495],[73.985,7.2498],[73.9804,7.2565],[73.9784,7.2599],[73.9776,7.2677],[73.9792,7.2713],[73.9814,7.2766],[73.9776,7.2798],[73.974,7.2871],[73.9704,7.2905],[73.9654,7.294],[73.9626,7.2989],[73.9605,7.3062],[73.9618,7.3123],[73.9633,7.3197],[73.9636,7.325],[73.9658,7.3331],[73.9654,7.3377],[73.9693,7.3457],[73.9698,7.3504],[73.971,7.3581],[73.9688,7.3612],[73.9631,7.3685],[73.9577,7.3698],[73.951,7.3691],[73.9472,7.3681],[73.941,7.3683],[73.9361,7.3693],[73.93,7.3652],[73.9263,7.3604],[73.9192,7.3604],[73.915,7.3591],[73.9161,7.3523],[73.9121,7.3498],[73.9067,7.346],[73.9019,7.3438],[73.8938,7.3449],[73.8897,7.3459],[73.8844,7.3488],[73.8814,7.3522],[73.8831,7.3581],[73.8816,7.3621],[73.8805,7.3696],[73.8768,7.3742],[73.8696,7.3729],[73.8635,7.3724],[73.8568,7.3725],[73.8517,7.3742],[73.845,7.377],[73.8397,7.3748],[73.8333,7.376],[73.8267,7.3782],[73.8199,7.3823],[73.8142,7.3812],[73.8132,7.3882],[73.8166,7.3939],[73.8198,7.3988],[73.8198,7.402],[73.815,7.408],[73.8139,7.4117],[73.8119,7.4163],[73.8062,7.418],[73.8037,7.4139],[73.8053,7.4101],[73.8124,7.4086],[73.8153,7.4105],[73.823,7.4084],[73.8284,7.409],[73.8347,7.4097],[73.841,7.408],[73.847,7.4024],[73.853,7.4011],[73.8547,7.3949],[73.8533,7.3902],[73.8511,7.3829],[73.8533,7.3783],[73.8565,7.3735],[73.8603,7.37],[73.8645,7.3652],[73.8705,7.3667],[73.8776,7.3681],[73.8825,7.3661],[73.8895,7.3621],[73.893,7.3621],[73.902,7.3611],[73.9076,7.3611],[73.9137,7.3597],[73.9171,7.3566],[73.9239,7.3537],[73.9282,7.3498],[73.9335,7.3448],[73.9351,7.3404],[73.9406,7.336],[73.9445,7.3334],[73.9489,7.3283],[73.9517,7.3244],[73.9554,7.3176],[73.9594,7.3138],[73.9586,7.3064],[73.9578,7.3029],[73.9524,7.2968],[73.9494,7.2934],[73.9497,7.2875],[73.9517,7.2839],[73.9554,7.2785],[73.9529,7.273],[73.9563,7.2669],[73.9595,7.2638],[73.964,7.2585],[73.9678,7.2546],[73.9695,7.246],[73.9735,7.2448],[73.9772,7.2381],[73.9761,7.2342],[73.9699,7.2278],[73.9663,7.2244],[73.9649,7.2177],[73.9621,7.2142],[73.9579,7.207],[73.9571,7.2024],[73.9627,7.1978],[73.9678,7.1949],[73.9752,7.19],[73.9778,7.1848],[73.9765,7.1785],[73.9779,7.1738],[73.9851,7.1696],[73.9906,7.1696],[73.9973,7.1683],[74.0014,7.1679],[74.0059,7.1634],[74.0054,7.1588]]},"properties":{"mmsi":993509285,"name":"Fishing 9285","role":"background","vessel_type":30,"synthetic":true,"t_offset_s":[-259200,-259080,-258840,-258480,-258240,-257880,-257640,-257280,-257040,-256680,-256440,-256080,-255840,-255480,-255240,-254880,-254640,-254280,-254040,-253680,-253440,-253080,-252840,-252480,-252240,-251880,-251640,-251280,-251040,-250680,-250440,-250080,-249840,-249480,-249240,-248880,-248640,-248280,-248040,-247680,-247440,-247080,-246840,-246480,-246240,-245880,-245640,-245280,-245040,-244680,-244440,-244080,-243840,-243480,-243240,-242880,-242640,-242280,-242040,-241680,-241440,-241080,-240840,-240480,-240240,-239880,-239640,-239280,-239040,-238680,-238440,-238080,-237840,-237480,-237240,-236880,-236640,-236280,-236040,-235680,-235440,-235080,-234840,-234480,-234240,-233880,-233640,-233280,-233040,-232680,-232440,-232080,-231840,-231480,-231240,-230880,-230640,-230280,-230040,-229680,-229440,-229080,-228840,-228480,-228240,-227880,-227640,-227280,-227040,-226680,-226440,-226080,-225840,-225480,-225240,-224880,-224640,-224280,-224040,-223680,-223440,-223080,-222840,-222480,-222240,-221880,-221640,-221280,-221040,-220680,-220440,-220080,-219840,-219480,-219240,-218880,-218640,-218280,-218040,-217680,-217440,-217080,-216840,-216480,-216240,-215880,-215640,-215280,-215040,-214680,-214440,-214080,-213840,-213480,-213240,-212880,-212640,-212280,-212040,-211680,-211440,-211080,-210840,-210480,-210240,-209880,-209640,-209280,-209040,-208680,-208440,-208080,-207840,-207480,-207240,-206880,-206640,-206280,-206040,-205680,-205440,-205080,-204840,-204480,-204240,-203880,-203640,-203280,-203040,-202680,-202440,-202080,-201840,-201480,-201240,-200880,-200640,-200280,-200040,-199680,-199440,-199080,-198840,-198480,-198240,-197880,-197640,-197280,-197040,-196680,-196440,-196080,-195840,-195480,-195240,-194880,-194640,-194280,-194040,-193680,-193440,-193080,-192840,-192480,-192240,-191880,-191640,-191280,-191040,-190680,-190440,-190080,-189840,-189480,-189240,-188880,-188640,-188280,-188040,-187680,-187440,-187080,-186840,-186480,-186240,-185880,-185640,-185280,-185040,-184680,-184440,-184080,-183840,-183480,-183240,-182880,-182640,-182280,-182040,-181680,-181440,-181080,-180840,-180480,-180240,-179880,-179640,-179280,-179040,-178680,-178440,-178080,-177840,-177480,-177240,-176880,-176640,-176280,-176040,-175680,-175440,-175080,-174840,-174480,-174240,-173880,-173640,-173280,-173040,-172680,-172440,-172080,-171840,-171480,-171240,-170880,-170640,-170280,-170040,-169680,-169440,-169080,-168840,-168480,-168240,-167880,-167640,-167280,-167040,-166680,-166440,-166080,-165840,-165480,-165240,-164880,-164640,-164280,-164040,-163680,-163440,-163080,-162840,-162480,-162240,-161880,-161640,-161280,-161040,-160680,-160440,-160080,-159840,-159480,-159240,-158880,-158640,-158280,-158040,-157680,-157440,-157080,-156840,-156480,-156240,-155880,-155640,-155280,-155040,-154680,-154440,-154080,-153840,-153480,-153240,-152880,-152640,-152280,-152040,-151680,-151440,-151080,-150840,-150480,-150240,-149880,-149640,-149280,-149040,-148680,-148440,-148080,-147840,-147480,-147240,-146880,-146640,-146280,-146040,-145680,-145440,-145080,-144840,-144480,-144240,-143880,-143640,-143280,-143040,-142680,-142440,-142080,-141840,-141480,-141240,-140880,-140640,-140280,-140040,-139680,-139440,-139080,-138840,-138480,-138240,-137880,-137640,-137280,-137040,-136680,-136440,-136080,-135840,-135480,-135240,-134880,-134640,-134280,-134040,-133680,-133440,-133080,-132840,-132480,-132240,-131880,-131640,-131280,-131040,-130680,-130440,-130080,-129840,-129480,-129240,-128880,-128640,-128280,-128040,-127680,-127440,-127080,-126840,-126480,-126240,-125880,-125640,-125280,-125040,-124680,-124440,-124080,-123840,-123480,-123240,-122880,-122640,-122280,-122040,-121680,-121440,-121080,-120840,-120480,-120240,-119880,-119640,-119280,-119040,-118680,-118440,-118080,-117840,-117480,-117240,-116880,-116640,-116280,-116040,-115680,-115440,-115080,-114840,-114480,-114240,-113880,-113640,-113280,-113040,-112680,-112440,-112080,-111840,-111480,-111240,-110880,-110640,-110280,-110040,-109680,-109440,-109080,-108840,-108480,-108240,-107880,-107640,-107280,-107040,-106680,-106440,-106080,-105840,-105480,-105240,-104880,-104640,-104280,-104040,-103680,-103440,-103080,-102840,-102480,-102240,-101880,-101640,-101280,-101040,-100680,-100440,-100080,-99840,-99480,-99240,-98880,-98640,-98280,-98040,-97680,-97440,-97080,-96840,-96480,-96240,-95880,-95640,-95280,-95040,-94680,-94440,-94080,-93840,-93480,-93240,-92880,-92640,-92280,-92040,-91680,-91440,-91080,-90840,-90480,-90240,-89880,-89640,-89280,-89040,-88680,-88440,-88080,-87840,-87480,-87240,-86880,-86640,-86280,-86040,-85680,-85440,-85080,-84840,-84480,-84240,-83880,-83640,-83280,-83040,-82680,-82440,-82080,-81840,-81480,-81240,-80880,-80640,-80280,-80040,-79680,-79440,-79080,-78840,-78480,-78240,-77880,-77640,-77280,-77040,-76680,-76440,-76080,-75840,-75480,-75240,-74880,-74640,-74280,-74040,-73680,-73440,-73080,-72840,-72480,-72240,-71880,-71640,-71280,-71040,-70680,-70440,-70080,-69840,-69480,-69240,-68880,-68640,-68280,-68040,-67680,-67440,-67080,-66840,-66480,-66240,-65880,-65640,-65280,-65040,-64680,-64440,-64080,-63840,-63480,-63240,-62880,-62640,-62280,-62040,-61680,-61440,-61080,-60840,-60480,-60240,-59880,-59640,-59280,-59040,-58680,-58440,-58080,-57840,-57480,-57240,-56880,-56640,-56280,-56040,-55680,-55440,-55080,-54840,-54480,-54240,-53880,-53640,-53280,-53040,-52680,-52440,-52080,-51840,-51480,-51240,-50880,-50640,-50280,-50040,-49680,-49440,-49080,-48840,-48480,-48240,-47880,-47640,-47280,-47040,-46680,-46440,-46080,-45840,-45480,-45240,-44880,-44640,-44280,-44040,-43680,-43440,-43080,-42840,-42480,-42240,-41880,-41640,-41280,-41040,-40680,-40440,-40080,-39840,-39480,-39240,-38880,-38640,-38280,-38040,-37680,-37440,-37080,-36840,-36480,-36240,-35880,-35640,-35280,-35040,-34680,-34440,-34080,-33840,-33480,-33240,-32880,-32640,-32280,-32040,-31680,-31440,-31080,-30840,-30480,-30240,-29880,-29640,-29280,-29040,-28680,-28440,-28080,-27840,-27480,-27240,-26880,-26640,-26280,-26040,-25680,-25440,-25080,-24840,-24480,-24240,-23880,-23640,-23280,-23040,-22680,-22440,-22080,-21840,-21480,-21240,-20880,-20640,-20280,-20040,-19680,-19440,-19080,-18840,-18480,-18240,-17880,-17640,-17280,-17040,-16680,-16440,-16080,-15840,-15480,-15240,-14880,-14640,-14280,-14040,-13680,-13440,-13080,-12840,-12480,-12240,-11880,-11640,-11280,-11040,-10680,-10440,-10080,-9840,-9480,-9240,-8880,-8640,-8280,-8040,-7680,-7440,-7080,-6840,-6480,-6240,-5880,-5640,-5280,-5040,-4680,-4440,-4080,-3840,-3480,-3240,-2880,-2640,-2280,-2040,-1680,-1440,-1080,-840,-480,-240,120,360,720,960,1320,1560,1920,2160,2520,2760,3120,3360,3720,3960,4320,4560,4920,5160,5520,5760,6120,6360,6720,6960,7320,7560,7920,8160,8520,8760,9120,9360,9720,9960,10320,10560,10920,11160,11520,11760,12120,12360,12720,12960,13320,13560,13920,14160,14520,14760,15120,15360,15720,15960,16320,16560,16920,17160,17520,17760,18120,18360,18720,18960,19320,19560,19920,20160,20520,20760,21120,21360,21720,21960,22320,22560,22920,23160,23520,23760,24120,24360,24720,24960,25320,25560,25920,26160,26520,26760,27120,27360,27720,27960,28320,28560,28920,29160,29520,29760,30120,30360,30720,30960,31320,31560,31920,32160,32520,32760,33120,33360,33720,33960,34320,34560,34920,35160,35520,35760,36120,36360,36720,36960,37320,37560,37920,38160,38520,38760,39120,39360,39720,39960,40320,40560,40920,41160,41520,41760,42120,42360,42720,42960,43320,43560,43920,44160,44520,44760,45120,45360,45720,45960,46320,46560,46920,47160,47520,47760,48120,48360,48720,48960,49320,49560,49920,50160,50520,50760,51120,51360,51720,51960,52320,52560,52920,53160,53520,53760,54120,54360,54720,54960,55320,55560,55920,56160,56520,56760,57120,57360,57720,57960,58320,58560,58920,59160,59520,59760,60120,60360,60720,60960,61320,61560,61920,62160,62520,62760,63120,63360,63720,63960,64320,64560,64920,65160,65520,65760,66120,66360,66720,66960,67320,67560,67920,68160,68520,68760,69120,69360,69720,69960,70320,70560,70920,71160,71520,71760,72120,72360,72720,72960,73320,73560,73920,74160,74520,74760,75120,75360,75720,75960,76320,76560,76920,77160,77520,77760,78120,78360,78720,78960,79320,79560,79920,80160,80520,80760,81120,81360,81720,81960,82320,82560,82920,83160,83520,83760,84120,84360,84720,84960,85320,85560,85920,86160],"sog":[5.4,4.8,3.2,3.8,3.9,5.5,5.4,4.4,3.2,2.7,4.5,5.3,4.1,2.2,5.6,3.3,3.9,2.4,4.6,4.1,4.6,4.2,4.3,6.2,3.6,3.6,4.9,4.3,3.7,5.6,3.8,6.3,3.8,4.9,4.7,5.5,5.9,6.4,6.4,6.5,4.5,4.2,4.6,4.7,4.6,3.4,6,3.2,4.1,4.8,3.7,3.6,3.8,4.5,4.8,5,4.3,5.1,5.2,6.8,4.8,5.3,4.9,4.2,3.5,3.5,4.9,4.6,4.4,4.5,4.2,4.5,4.7,5.7,5.2,6.1,3.3,3.2,4.7,5.6,3.2,4.7,2.6,4.4,5.9,4.7,5.4,3.9,6.2,3.6,2.3,3.4,3.3,4.9,6.7,5.4,6.9,4.7,4.4,5,3.2,5.7,5.2,4.7,3.6,3.6,3.4,6.4,4.9,3.6,5.2,4.7,4.6,6.5,4.4,3.2,4.7,5.9,3.3,6.3,4.3,2.9,5.6,3.7,5.8,4.7,5.7,4.6,4.4,4.9,2.7,3.9,4,4,4.5,4.4,4,3.6,4,5.7,5.3,5.8,4.4,3.3,3.3,4.6,6.3,6.8,4.3,4.1,5.9,4.7,4.8,4.1,4,5.1,3.8,4.8,4.1,5,4.1,3.9,5.4,1.6,3,4.5,4.6,4.1,5.2,4.6,3.9,4.8,4.5,3,3.1,3.9,5.4,2.7,5.9,4.7,5.2,3.7,4.4,4.4,5.9,3.2,4.3,3.2,5.1,4.8,3.4,2.3,4.9,4.5,5.2,3.9,5,3.8,5.3,5.1,5.6,5.2,3.6,5.3,4.3,4.9,4.9,4.9,4.3,5,5.3,3.7,4.7,3.5,4.2,5.5,3.2,2.6,5.1,5,2.3,5.3,5.1,3.5,6.2,3.4,4.7,5.2,5.2,5.2,4.9,3.1,6.4,4.6,6.1,5,4.6,6,4.8,5,4.2,4.3,4.1,5.1,3.9,4.1,5.7,3.7,5,3.4,6.6,5.2,5.5,3.5,2.9,4.9,2.5,5.6,3.4,3.7,3.9,4,5.9,6.3,5.2,3.9,4.9,5.2,2.9,5.2,4.9,5.4,7.6,2.9,5,4.9,4.7,5.4,4.1,3,4.2,4.1,5.9,6.1,5.6,5.4,4.5,5.4,5.6,3.5,5.1,3.2,4.9,4.7,5.2,6.2,5.2,2.6,3.3,4.2,5.3,4,4.7,4.9,4.7,5.1,5.5,5,5,5,4.3,5.6,5,4.5,5,5.7,3.6,5.3,4.4,2.4,5.6,3.6,3.9,5.8,5.1,3.6,1.8,4.7,4.4,4.7,6.2,4.7,4.4,5.2,5.2,3.3,4.5,3,5.8,5.4,4.3,4.9,6,5.7,5,3.5,4.1,4.8,5.1,3.9,5.4,3,4.3,3.6,3.4,4.7,6.2,5.8,4.2,4.3,6.3,5,3.5,5.3,4.7,5.4,5.2,5,5.1,3.8,4.5,5.6,5.9,5.7,5.6,3.9,4.1,4.1,4.5,4.8,5.7,4.9,4.3,3.5,2.8,4.9,3.8,6.4,1.9,1.9,5.7,4.1,5.4,5.9,3.8,5.3,4.6,3.6,5,3.8,4.7,3.8,6.6,4.1,4.2,4.3,5.8,2.8,5,4.6,6.5,4.9,4.1,5.2,4.6,5.5,3.9,2.6,4.6,4.1,4.2,5.3,5.4,3.5,4.1,5.1,3.9,3.1,5.4,3.7,3.1,5.3,5.1,4.9,4.4,5.5,5.3,5,5,5.3,3.7,4.7,4.3,3.6,4.4,3.8,2.8,4.2,4.9,3.4,4.2,4.2,5.4,5.2,3.5,4.4,5.2,5.7,4.8,4.7,6.1,4.5,5.8,3.6,5.7,4.8,4.2,3.8,4.6,3.5,5.8,6,5.1,5.3,2.9,4.2,5.6,5.3,5.4,4.4,4.5,5.2,5.8,4.9,3.8,4.5,5.1,8.2,5.4,4.4,4.1,5.3,4.4,5,6.3,5.8,4.6,5.5,4.8,5.3,4.9,4.4,5,7.5,3,4.6,4.3,5.3,4,5.7,4.9,3.1,5.9,4.7,4.1,4.7,5.1,4.3,3.8,3.1,4.4,4.7,3.8,4.3,2.4,4.4,4.7,4.4,4.6,5.4,5.8,3.4,5.4,4,3.9,2.8,3.6,7.5,4.8,3.7,4.7,3.1,4.4,4.6,3.9,4.2,5.7,4,2,4.6,5.5,4.6,4.8,3.8,5.9,4.9,4.5,5.2,4.3,4.4,3.7,5,2.7,4.3,4.5,3.2,4,3.3,4,3.3,2.8,4.2,4.6,4.8,4.3,4.6,4.8,3.3,3.6,3.8,5.1,3.8,5.3,4.7,3.6,3.5,5.4,4.7,6.7,5.2,3.3,4.8,3.5,4.5,4,3.8,5.2,4.5,4.6,2.8,4.4,2.1,5.4,3.5,4.6,4.2,3.6,6.7,3.8,5.6,2.6,3.4,4.5,4.7,4.7,4.3,6,3.7,3.6,5,3.2,4.7,5.1,5.2,3.5,4.3,6.8,5.4,4.5,4.7,6.6,5.1,4,4,5.6,4.5,3.6,5.3,2.6,5.7,3.8,5.2,6.2,4.2,4.3,3.1,5.1,2.7,4.1,4.5,5.8,4.9,6.8,4,5.5,5.9,5,5.8,1.8,3.9,4.7,5.1,4.7,4.4,6.5,4.3,4.9,3.4,4.3,4.7,4.5,5.4,4.8,4.7,3,6.9,3.6,2.9,4.3,6.7,4.6,3.9,5.3,2.5,4.3,3.4,4.6,5,3.3,4.6,5,5.8,5.4,2.7,4.8,6.3,4.3,4.5,3.7,4.3,5.2,4.5,4.8,3.9,5.6,4.5,4.8,4.1,4.4,4.6,3.8,4.4,4.1,4.3,4.5,5.7,4.1,4.2,4.3,3.6,4.8,4.7,5.4,2.6,5.3,5.9,4.1,4.1,3.4,6.1,4.3,4.8,4.9,3.2,4.9,3.9,3.7,4.4,5.7,5.8,2.7,3.6,2.5,4.2,3.7,5.5,5.5,4.3,4.2,4,3,3.9,3.1,4.9,5.9,5,3.9,3.2,4.1,4.7,4.4,5.2,4.3,5.1,5.2,5.2,2.2,4.1,6.6,4.9,4.2,5.8,5,4.9,4.7,3.4,4.8,4.7,3.8,4.9,4.3,5,4.3,7.8,4.4,4.2,5.1,3.8,4.2,6,4.5,4.6,6.8,4.4,4.8,4.9,6,3.9,3.9,4,6,3.4,5.1,5.6,2.3,5.9,4.3,4.9,3.8,5.7,3.2,6.2,3.2,5,3.9,5.3,5.3,6.6,2.3,4.9,4.8,4.4,3.7,3.2,3.3,5.2,3.2,5.8,6.1,3.3,4.7,3,5.2,5.2,4.1,5.5,2.9,5.3,1.9,3.7,4.4,5.9,4.1,4.2,6,7.4,6.6,4.5,5.5,4.2,3.2,3.8,3.8,5.2,4.1,3.7,6.9,5.1,5.6,2.7,2.3,4.8,5.1,4.9,4.9,5.1,5.8,5,6.3,4.6,4.7,4.7,5.7,4,5.9,5.7,4.9,6.3,5.2,5.6,3.3,5.8,5,5.8,6.5,2.8,5.8,6.9,4.2,5.5,4.8,6.2,2.2,4.3,2.1,6.2,4.7,4.7,3.4,4.4,3.4,4.1,4.1,1.8,4.5,3.6,2.9,4.8,3.7,4.6,5.4,3.9,4.6,3.9,5.9,2.6,6.1,5.1,4,5.8,3.6,5.1,5.1,2.8,2.8,4.3,7.2,4.4,5.2,5.8,4.1,4,3.5,4.3,4.2,4.2,3.6,5.1,5.3,4.6,4.8,4.2,4.9,4.1,4.6,3.3,3.4,4.4,4.6,3,5.2,3.5,4.6,4,3.8,4.9,4.5,4.6,3.9,6,5,4,7.1,4.3,3.5,4.8,5.3,5.7,3.2,5.5,3.8,3.6,4.2,4,4.2,5.3,4.7,5.5,4.4,5.5,4.8,4.2,4.9,4,5.6,7.1,4.9,4.3,2.8,4.2,5,3.9,2.6,5.8,3.8,4.7,4.4,3.8,5.7,1.7,4.7,5.1,4.2,4.7,3.7,5.1,6.5,4.5,3.6,5.9,5.3,3.9,5.9,3.5,4.7,4,4,4.1,5.2,6,4.1,3.9,4.2,5.6,3.6,4.2,3.8,4.3,5,5.2,3.9,4,4.3,6.3,6.2,4.8,4.2,5,4.6,5.9,4.3,6.3,3.7,5.1,4.1,3.1,3.9,3.9,6.7,3.3,5.8,3,4.3,5.4,2.9,5,5.2,4.8,3.5,4.7,4.9,2.6,5.5,5.5,6,5,5.2,3.3,5.1,4.7,4.6,4.7,6.7,5,5.7,5.2,6.2,4.1,3.8,5.5,3.3,3.5,6,4,4.4,5.2,4,5.6,5.9,3.7,5.9,6.1,5.5,4.5,4.5,3.9,3.8,4.8,5.1,3.1,4.8,3.9,4.5,6,4.6,5.1,5,5.4,4.5,4.9,5.4,4.7,6.1,5,5.6,4,3.7,3.7,4.9,4.7,3.6,3.2,4.5,3.5,3.8,4.6,4.6,3.8,3.7,4.6,4.3,6.6,3.9,5.7,2.9,4.7,3.5,3.3,4,4.9,4.5,4.4,5.7,5.4,4.7,3.5,5.1,5.5,4.8,4.6,3.7,4.3,4.2]}},{"type":"Feature","geometry":{"type":"LineString","coordinates":[[74.0808,7.9837],[74.0825,7.9846],[74.0847,7.9851],[74.0878,7.9883],[74.0913,7.9905],[74.0961,7.9897],[74.0993,7.9864],[74.1009,7.9832],[74.1024,7.9802],[74.1055,7.9768],[74.1084,7.9757],[74.1128,7.9734],[74.1151,7.9707],[74.1181,7.9678],[74.1208,7.9676],[74.125,7.9667],[74.1283,7.9679],[74.1326,7.9715],[74.136,7.974],[74.1385,7.9778],[74.1404,7.9796],[74.1448,7.9794],[74.1489,7.9811],[74.1529,7.9823],[74.1577,7.9804],[74.1635,7.9771],[74.166,7.9745],[74.1656,7.9709],[74.1644,7.9673],[74.1642,7.9624],[74.1639,7.9596],[74.1608,7.9556],[74.1582,7.9557],[74.1544,7.9542],[74.1496,7.9547],[74.1442,7.9549],[74.1412,7.9537],[74.1351,7.9508],[74.1326,7.9505],[74.129,7.9481],[74.1281,7.945],[74.123,7.9425],[74.1204,7.9407],[74.114,7.9404],[74.1096,7.9408],[74.1038,7.9405],[74.1008,7.9438],[74.0981,7.9465],[74.0976,7.9497],[74.1024,7.9536],[74.1021,7.9551],[74.0966,7.9581],[74.0936,7.9614],[74.0903,7.965],[74.0878,7.9679],[74.0815,7.971],[74.0794,7.9731],[74.0755,7.9774],[74.0727,7.9791],[74.068,7.982],[74.0668,7.9852],[74.063,7.9875],[74.0614,7.9876],[74.0572,7.9856],[74.0543,7.9874],[74.0495,7.9852],[74.0485,7.9825],[74.0471,7.9775],[74.0474,7.9749],[74.0484,7.9716],[74.048,7.9681],[74.0499,7.9641],[74.0531,7.9608],[74.058,7.9605],[74.0615,7.962],[74.0652,7.9651],[74.066,7.9675],[74.0626,7.9722],[74.0608,7.9746],[74.0559,7.9769],[74.0542,7.9758],[74.0553,7.9716],[74.0557,7.968],[74.0556,7.9621],[74.054,7.9614],[74.0511,7.9587],[74.0478,7.9569],[74.0434,7.9541],[74.0402,7.9514],[74.0355,7.9483],[74.0329,7.9446],[74.0302,7.9409],[74.0274,7.9405],[74.023,7.9401],[74.0206,7.9391],[74.0152,7.9383],[74.0141,7.9357],[74.0158,7.9313],[74.0175,7.9296],[74.0219,7.9261],[74.0244,7.9237],[74.0287,7.9219],[74.0312,7.9193],[74.0336,7.915],[74.0356,7.914],[74.04,7.9136],[74.0428,7.913],[74.0463,7.9115],[74.0483,7.9093],[74.0496,7.9034],[74.0543,7.9015],[74.0576,7.9002],[74.0609,7.8995],[74.0658,7.8976],[74.0668,7.895],[74.0686,7.8906],[74.0685,7.8866],[74.0666,7.8828],[74.0637,7.8805],[74.0628,7.8756],[74.0627,7.8707],[74.0635,7.8658],[74.0657,7.8643],[74.0697,7.8644],[74.074,7.8646],[74.0797,7.8611],[74.0836,7.8593],[74.0886,7.8583],[74.0903,7.8562],[74.0945,7.854],[74.0951,7.8501],[74.0951,7.8443],[74.099,7.8405],[74.102,7.8449],[74.1017,7.8482],[74.1,7.8537],[74.101,7.8561],[74.1059,7.8592],[74.1056,7.8629],[74.1071,7.8683],[74.1076,7.8717],[74.1078,7.8736],[74.1085,7.8753],[74.11,7.8795],[74.113,7.8817],[74.1199,7.879],[74.1213,7.8759],[74.1226,7.8717],[74.1228,7.8679],[74.1284,7.8672],[74.1305,7.8689],[74.1333,7.8733],[74.1362,7.8752],[74.1401,7.8761],[74.1418,7.8777],[74.1446,7.8778],[74.1465,7.8762],[74.1492,7.8756],[74.1515,7.8785],[74.1532,7.8834],[74.1521,7.8869],[74.1516,7.8928],[74.153,7.8958],[74.1548,7.8943],[74.1584,7.8912],[74.1637,7.8907],[74.1669,7.8907],[74.1704,7.8894],[74.1722,7.8888],[74.1787,7.89],[74.1822,7.8917],[74.1873,7.8915],[74.1893,7.8892],[74.1935,7.8855],[74.1944,7.8814],[74.1949,7.8768],[74.1946,7.8731],[74.1912,7.8685],[74.1889,7.8654],[74.1837,7.8616],[74.1794,7.8604],[74.1762,7.8582],[74.1763,7.8545],[74.1775,7.8484],[74.1751,7.8428],[74.1726,7.8379],[74.1725,7.834],[74.1768,7.8317],[74.1768,7.8291],[74.1751,7.8248],[74.1728,7.8222],[74.1699,7.8184],[74.1706,7.8155],[74.1748,7.8127],[74.1779,7.8103],[74.1837,7.8096],[74.1868,7.8105],[74.1929,7.8097],[74.1941,7.8134],[74.1909,7.8174],[74.1893,7.8193],[74.1877,7.823],[74.1858,7.8258],[74.1814,7.8276],[74.1799,7.826],[74.1757,7.8221],[74.1723,7.821],[74.1683,7.8155],[74.1699,7.8115],[74.1734,7.8077],[74.1757,7.804],[74.1769,7.7999],[74.1782,7.7959],[74.1789,7.7903],[74.1787,7.7871],[74.1801,7.782],[74.181,7.7792],[74.1824,7.7759],[74.1811,7.7745],[74.18,7.7701],[74.1794,7.7677],[74.1739,7.7661],[74.1713,7.7678],[74.1678,7.7731],[74.1646,7.7741],[74.1601,7.7742],[74.1563,7.7753],[74.1494,7.7747],[74.146,7.7734],[74.1411,7.7715],[74.1417,7.7688],[74.1428,7.7634],[74.1414,7.7615],[74.1379,7.7622],[74.1359,7.764],[74.1327,7.7671],[74.1303,7.7691],[74.1265,7.7742],[74.1239,7.7773],[74.1201,7.779],[74.117,7.7804],[74.1119,7.7835],[74.1091,7.784],[74.105,7.7873],[74.1011,7.7877],[74.0984,7.7846],[74.0979,7.7813],[74.0954,7.7764],[74.0959,7.7731],[74.102,7.7715],[74.1047,7.7717],[74.1104,7.772],[74.1147,7.7726],[74.1202,7.7696],[74.1205,7.7683],[74.1212,7.7626],[74.121,7.7595],[74.1192,7.7556],[74.1169,7.7548],[74.1159,7.7503],[74.1141,7.7482],[74.1128,7.7444],[74.1123,7.7402],[74.1124,7.7353],[74.1156,7.7322],[74.1158,7.7287],[74.1159,7.7266],[74.118,7.7209],[74.1206,7.7202],[74.1244,7.7174],[74.1275,7.7161],[74.1304,7.7121],[74.1302,7.7082],[74.1274,7.7037],[74.128,7.7003],[74.1326,7.697],[74.1325,7.6959],[74.1316,7.6901],[74.1318,7.6865],[74.1279,7.683],[74.127,7.6808],[74.127,7.6751],[74.1278,7.672],[74.1316,7.6673],[74.1306,7.6636],[74.1268,7.6617],[74.1231,7.6596],[74.12,7.6567],[74.1183,7.6555],[74.1158,7.6514],[74.1147,7.6473],[74.1119,7.6417],[74.1109,7.6392],[74.1078,7.6353],[74.1084,7.6323],[74.1111,7.6279],[74.114,7.6286],[74.1171,7.6317],[74.1143,7.633],[74.1091,7.6352],[74.1055,7.6375],[74.1026,7.6428],[74.0998,7.6449],[74.1034,7.65],[74.1036,7.6527],[74.1013,7.6566],[74.098,7.6584],[74.0942,7.6548],[74.0915,7.6538],[74.0896,7.6486],[74.0921,7.645],[74.0964,7.6429],[74.0994,7.6423],[74.103,7.6417],[74.1045,7.6388],[74.1021,7.6353],[74.1015,7.6313],[74.1015,7.6259],[74.1032,7.623],[74.1076,7.6197],[74.1093,7.6172],[74.1101,7.6126],[74.1123,7.6099],[74.1137,7.6054],[74.1146,7.6028],[74.1194,7.5991],[74.1232,7.597],[74.1261,7.5936],[74.1294,7.5894],[74.128,7.5846],[74.1258,7.5811],[74.1271,7.5764],[74.1277,7.5736],[74.1286,7.5677],[74.1294,7.565],[74.1329,7.5603],[74.1322,7.558],[74.1303,7.5557],[74.1258,7.5555],[74.1212,7.5589],[74.1179,7.5617],[74.1153,7.5672],[74.1149,7.5692],[74.1199,7.5685],[74.1229,7.5669],[74.1284,7.5673],[74.1319,7.5662],[74.1373,7.5635],[74.1396,7.5615],[74.1426,7.5602],[74.1457,7.5586],[74.1489,7.5591],[74.1525,7.56],[74.156,7.563],[74.1581,7.5661],[74.1611,7.5715],[74.163,7.5729],[74.1652,7.5778],[74.1664,7.5808],[74.1705,7.583],[74.1727,7.5841],[74.1768,7.5869],[74.18,7.5884],[74.1858,7.5908],[74.188,7.5886],[74.1881,7.5844],[74.1865,7.5821],[74.1823,7.5802],[74.1803,7.5764],[74.1778,7.5719],[74.178,7.5697],[74.176,7.5663],[74.1769,7.5633],[74.1832,7.5623],[74.1861,7.5597],[74.1876,7.5561],[74.1903,7.555],[74.1947,7.5573],[74.1985,7.5589],[74.2026,7.5606],[74.2046,7.5613],[74.2087,7.5646],[74.21,7.5678],[74.2091,7.5721],[74.2067,7.5768],[74.2085,7.5822],[74.2096,7.5866],[74.2114,7.5899],[74.2155,7.5899],[74.2203,7.5885],[74.222,7.5858],[74.2189,7.581],[74.2163,7.5791],[74.2135,7.5759],[74.2101,7.5732],[74.2061,7.5685],[74.2034,7.5662],[74.2008,7.5624],[74.2011,7.5589],[74.1999,7.5538],[74.201,7.5496],[74.2048,7.5482],[74.2064,7.5464],[74.206,7.5401],[74.2039,7.5373],[74.2005,7.5329],[74.1967,7.5306],[74.1932,7.5243],[74.1928,7.5222],[74.1889,7.5162],[74.1861,7.5143],[74.1814,7.511],[74.1783,7.5091],[74.1753,7.5072],[74.174,7.5054],[74.1774,7.5008],[74.1806,7.4992],[74.1837,7.4962],[74.1821,7.4918],[74.179,7.4873],[74.1756,7.4859],[74.1713,7.4846],[74.1693,7.4825],[74.1689,7.4754],[74.17,7.4727],[74.1729,7.4698],[74.1745,7.4697],[74.179,7.4654],[74.1799,7.4634],[74.1785,7.4582],[74.1749,7.4554],[74.1701,7.4532],[74.1648,7.4532],[74.1645,7.4584],[74.165,7.4617],[74.1645,7.4676],[74.1653,7.4704],[74.1679,7.4761],[74.1698,7.4785],[74.1715,7.4828],[74.1726,7.4854],[74.1753,7.4887],[74.1753,7.4918],[74.1731,7.4934],[74.1694,7.4973],[74.1647,7.499],[74.162,7.4982],[74.1571,7.4981],[74.1536,7.4984],[74.1505,7.4948],[74.1499,7.4933],[74.1536,7.4897],[74.1573,7.4892],[74.1647,7.4907],[74.1673,7.4915],[74.1725,7.4913],[74.1732,7.4907],[74.1764,7.4896],[74.1785,7.4888],[74.1831,7.487],[74.1865,7.4861],[74.1909,7.4858],[74.1939,7.485],[74.1975,7.4874],[74.2017,7.4876],[74.2059,7.4897],[74.2077,7.4938],[74.2096,7.498],[74.2116,7.4996],[74.2146,7.4991],[74.2175,7.498],[74.2227,7.4989],[74.2247,7.5006],[74.2254,7.5055],[74.226,7.5085],[74.2266,7.5111],[74.2283,7.5143],[74.2332,7.5181],[74.235,7.5197],[74.2416,7.5207],[74.2437,7.5213],[74.2466,7.5215],[74.2496,7.5215],[74.2544,7.5186],[74.2535,7.5161],[74.2547,7.5125],[74.2576,7.5108],[74.2626,7.5087],[74.266,7.5103],[74.2702,7.5103],[74.2734,7.5089],[74.2778,7.5093],[74.279,7.5112],[74.2806,7.5166],[74.2784,7.5208],[74.2765,7.5251],[74.2758,7.5282],[74.2768,7.5315],[74.2794,7.5326],[74.2846,7.5321],[74.2864,7.5299],[74.2866,7.525],[74.2851,7.5219],[74.2825,7.5193],[74.2806,7.5179],[74.2759,7.5183],[74.2736,7.52],[74.2741,7.5254],[74.2771,7.5268],[74.2815,7.5247],[74.2848,7.5233],[74.2892,7.5208],[74.291,7.5173],[74.2913,7.5128],[74.2893,7.5089],[74.2874,7.5044],[74.2839,7.5025],[74.2791,7.4997],[74.278,7.4991],[74.2724,7.4987],[74.2693,7.4961],[74.2676,7.4986],[74.2673,7.5019],[74.2646,7.507],[74.2626,7.5094],[74.2598,7.5141],[74.2619,7.5174],[74.263,7.5211],[74.2665,7.5207],[74.2696,7.523],[74.2725,7.5242],[74.2768,7.5257],[74.2799,7.5273],[74.2842,7.5311],[74.2874,7.5328],[74.2913,7.5344],[74.2929,7.5353],[74.2928,7.5383],[74.2902,7.5408],[74.2835,7.5392],[74.2802,7.5391],[74.2768,7.5436],[74.2763,7.5465],[74.2753,7.5513],[74.2732,7.5523],[74.2673,7.5526],[74.2645,7.5512],[74.2596,7.5515],[74.2573,7.5501],[74.2539,7.5529],[74.2544,7.556],[74.2536,7.5597],[74.2525,7.5619],[74.2518,7.5668],[74.25,7.5698],[74.2488,7.5758],[74.2509,7.5774],[74.2559,7.577],[74.2592,7.5761],[74.264,7.5759],[74.2664,7.5743],[74.2716,7.5721],[74.2742,7.5706],[74.2736,7.5663],[74.2738,7.5625],[74.2726,7.56],[74.2697,7.556],[74.2704,7.55],[74.2723,7.5465],[74.2674,7.5428],[74.2636,7.5404],[74.2623,7.5362],[74.2606,7.5338],[74.2567,7.5347],[74.2547,7.5375],[74.249,7.5395],[74.2458,7.5405],[74.243,7.5421],[74.2392,7.5454],[74.2346,7.5495],[74.2313,7.5503],[74.2274,7.5469],[74.2269,7.5433],[74.2252,7.5379],[74.2248,7.5356],[74.2248,7.5308],[74.2259,7.5269],[74.2278,7.5214],[74.2298,7.5193],[74.2334,7.5156],[74.2358,7.5126],[74.2392,7.513],[74.2409,7.5148],[74.2457,7.5149],[74.2497,7.5146],[74.2539,7.51],[74.2564,7.5087],[74.2606,7.5068],[74.2633,7.506],[74.2663,7.5092],[74.2677,7.5091],[74.2733,7.509],[74.2761,7.509],[74.2809,7.5097],[74.2818,7.506],[74.2805,7.5028],[74.2764,7.5029],[74.2738,7.5074],[74.2736,7.5104],[74.2751,7.5149],[74.2744,7.5192],[74.274,7.5242],[74.2721,7.5276],[74.2702,7.5324],[74.2679,7.5343],[74.2688,7.5368],[74.2705,7.5369],[74.2745,7.5386],[74.2784,7.5374],[74.2791,7.5329],[74.2795,7.5288],[74.2815,7.5243],[74.2815,7.521],[74.2777,7.5167],[74.2773,7.5125],[74.2741,7.508],[74.2708,7.5062],[74.2671,7.5029],[74.2649,7.4989],[74.261,7.4965],[74.2597,7.4937],[74.2575,7.4897],[74.2551,7.4892],[74.251,7.4854],[74.2512,7.4813],[74.2487,7.4797],[74.2452,7.4765],[74.2424,7.4757],[74.2389,7.4743],[74.2355,7.4726],[74.2339,7.4738],[74.2295,7.4786],[74.2263,7.4817],[74.2247,7.4851],[74.2256,7.4899],[74.2245,7.4942],[74.2238,7.4977],[74.2241,7.502],[74.2232,7.5047],[74.2209,7.5093],[74.2223,7.5126],[74.2248,7.5175],[74.2229,7.5195],[74.2173,7.5207],[74.2141,7.5199],[74.2099,7.5194],[74.2074,7.5181],[74.2053,7.5132],[74.2032,7.5103],[74.1992,7.5071],[74.1977,7.503],[74.1979,7.4992],[74.1977,7.4959],[74.1998,7.4927],[74.2029,7.4932],[74.2084,7.4957],[74.2094,7.4978],[74.2079,7.5042],[74.2068,7.5059],[74.2047,7.508],[74.2011,7.5078],[74.1974,7.509],[74.1952,7.5115],[74.1893,7.5131],[74.1872,7.5147],[74.1819,7.5164],[74.1805,7.519],[74.1795,7.5224],[74.1795,7.5248],[74.1829,7.5294],[74.1842,7.5309],[74.1898,7.5318],[74.1925,7.5334],[74.1942,7.5382],[74.1973,7.5404],[74.2012,7.5459],[74.2049,7.5458],[74.2107,7.5419],[74.2149,7.5411],[74.2197,7.5403],[74.2225,7.5403],[74.2242,7.5353],[74.2229,7.5314],[74.2191,7.5284],[74.2189,7.5243],[74.2173,7.5202],[74.2193,7.5178],[74.2245,7.5149],[74.2287,7.5143],[74.2335,7.5149],[74.2362,7.5173],[74.2397,7.5217],[74.2426,7.5223],[74.2478,7.5219],[74.2497,7.5209],[74.2543,7.5192],[74.2577,7.5187],[74.264,7.5176],[74.2686,7.5191],[74.2749,7.52],[74.2765,7.5235],[74.28,7.5249],[74.2804,7.5232],[74.2841,7.5189],[74.2872,7.5171],[74.2944,7.5155],[74.2975,7.5166],[74.3007,7.5184],[74.3032,7.5202],[74.3077,7.5227],[74.3107,7.5227],[74.316,7.5243],[74.3189,7.5276],[74.3221,7.5306],[74.3238,7.5345],[74.3286,7.5354],[74.3306,7.5326],[74.3329,7.5284],[74.3364,7.5275],[74.3409,7.5247],[74.3426,7.5228],[74.3449,7.5192],[74.3467,7.5152],[74.3509,7.5125],[74.3522,7.512],[74.3555,7.5105],[74.3594,7.508],[74.3569,7.5043],[74.3548,7.5009],[74.3523,7.4988],[74.3497,7.4969],[74.3454,7.4899],[74.3471,7.4851],[74.3501,7.4809],[74.3526,7.4778],[74.3568,7.4784],[74.356,7.4804],[74.3555,7.4854],[74.3564,7.4893],[74.3596,7.4939],[74.359,7.4973],[74.3565,7.5009],[74.354,7.5021],[74.3484,7.5026],[74.3451,7.5009],[74.3434,7.497],[74.3451,7.4943],[74.3482,7.4908],[74.3499,7.488],[74.3509,7.4824],[74.3525,7.4791],[74.3562,7.475],[74.3591,7.4759],[74.3637,7.4777],[74.3678,7.4786],[74.3736,7.4763],[74.3762,7.4748],[74.3808,7.4734],[74.3838,7.4727],[74.3882,7.4725],[74.391,7.4749],[74.3961,7.4792],[74.3983,7.4786],[74.4015,7.4741],[74.4008,7.4711],[74.3964,7.4685],[74.3945,7.4674],[74.3894,7.4666],[74.3846,7.4652],[74.3777,7.4684],[74.3745,7.469],[74.3692,7.4691],[74.3658,7.4686],[74.3644,7.4667],[74.3607,7.4648],[74.3568,7.4639],[74.353,7.4629],[74.3509,7.4577],[74.3493,7.4551],[74.3493,7.45],[74.3515,7.4472],[74.3546,7.4433],[74.3572,7.4436],[74.3619,7.4437],[74.3647,7.4413],[74.3654,7.4383],[74.3625,7.4363],[74.3614,7.432],[74.3604,7.4288],[74.3615,7.4249],[74.3627,7.4215],[74.3655,7.4167],[74.3681,7.4128],[74.3707,7.4093],[74.3738,7.4088],[74.3784,7.4085],[74.3825,7.4068],[74.3861,7.4058],[74.3888,7.4042],[74.3932,7.4],[74.3946,7.3973],[74.3967,7.3981],[74.3968,7.4019],[74.3993,7.4054],[74.4017,7.4057],[74.4055,7.4035],[74.4091,7.4005],[74.4119,7.3989],[74.4142,7.3973],[74.4179,7.3958],[74.4208,7.3958],[74.4249,7.394],[74.4275,7.392],[74.433,7.3905],[74.4353,7.3886],[74.4353,7.3835],[74.4356,7.3802],[74.4339,7.3775],[74.4327,7.3747],[74.429,7.3729],[74.4267,7.3712],[74.4213,7.3701],[74.4176,7.3678],[74.4112,7.3676],[74.4091,7.3677],[74.4056,7.3697],[74.4023,7.3727],[74.3974,7.3717],[74.3971,7.3684],[74.4012,7.3653],[74.4042,7.3644],[74.4088,7.3658],[74.4108,7.3666],[74.4155,7.3703],[74.4183,7.3736],[74.4182,7.3773],[74.4184,7.3821],[74.4199,7.3879],[74.4203,7.3909],[74.4219,7.3943],[74.422,7.397],[74.4228,7.4001],[74.423,7.4033],[74.4255,7.4074],[74.4262,7.4101],[74.4293,7.4132],[74.431,7.4159],[74.4341,7.4189],[74.4341,7.4222],[74.4304,7.4275],[74.4293,7.4309],[74.425,7.4325],[74.4215,7.4351],[74.4169,7.4365],[74.4124,7.4391],[74.4098,7.4417],[74.4115,7.4446],[74.4159,7.4461],[74.4163,7.4486],[74.4174,7.4543],[74.4168,7.4586],[74.4117,7.4617],[74.4105,7.4613],[74.4063,7.4615],[74.4022,7.4617],[74.397,7.4609],[74.3938,7.4589],[74.3884,7.4561],[74.3847,7.4561],[74.3815,7.4521],[74.3789,7.4492],[74.3747,7.4472],[74.3725,7.445],[74.3768,7.4428],[74.3801,7.4437],[74.3836,7.4447],[74.3876,7.4463],[74.3913,7.4489],[74.3932,7.4517],[74.3957,7.4564],[74.3996,7.457],[74.4039,7.4606],[74.4059,7.4641],[74.408,7.4688],[74.4096,7.471],[74.4134,7.475],[74.4168,7.4781],[74.4212,7.4814],[74.4239,7.4826],[74.4271,7.4841],[74.4276,7.4869],[74.4298,7.4919],[74.4301,7.4946],[74.4332,7.4962],[74.4352,7.4979],[74.4395,7.5013],[74.4404,7.5056],[74.4429,7.51],[74.4427,7.515],[74.4466,7.5169],[74.4495,7.5151],[74.4544,7.5138],[74.4579,7.5143],[74.4619,7.5166],[74.4633,7.5203],[74.4669,7.5242],[74.4701,7.5232],[74.4747,7.5254],[74.4758,7.529],[74.477,7.5341],[74.4757,7.5364],[74.469,7.5379],[74.4664,7.5372],[74.4627,7.5375],[74.4591,7.5402],[74.4552,7.5408],[74.4529,7.5412],[74.449,7.5413],[74.4459,7.5411],[74.4431,7.5399],[74.4424,7.5373],[74.4417,7.5337],[74.4421,7.5297],[74.4464,7.5256],[74.4486,7.5233],[74.4524,7.5209],[74.4572,7.5206],[74.461,7.5211],[74.4615,7.5242],[74.46,7.5302],[74.4621,7.5328],[74.4657,7.5369],[74.4696,7.5384],[74.4714,7.5411],[74.4725,7.544],[74.4722,7.5478],[74.4708,7.5494],[74.4674,7.5549],[74.4673,7.559],[74.4692,7.5647],[74.4723,7.5654],[74.4773,7.567],[74.4798,7.5661],[74.4843,7.5661],[74.4903,7.5667],[74.4951,7.5658],[74.4993,7.5666],[74.5039,7.567],[74.5077,7.5677],[74.5126,7.5659],[74.5125,7.5627],[74.5143,7.5576],[74.5158,7.5558],[74.5196,7.5524],[74.523,7.5528],[74.5267,7.5548],[74.5286,7.5578],[74.5343,7.5615],[74.5366,7.5614],[74.5408,7.5618],[74.5434,7.5616],[74.5467,7.5586],[74.5462,7.5565],[74.5443,7.55],[74.5426,7.5476],[74.541,7.5409],[74.5385,7.5377],[74.5368,7.5336],[74.5382,7.5303],[74.5419,7.5257],[74.5442,7.524],[74.5472,7.5208],[74.548,7.517],[74.5499,7.5118],[74.5498,7.5084],[74.547,7.5056],[74.5438,7.5041],[74.5375,7.5059],[74.534,7.5054],[74.53,7.506],[74.5299,7.5026],[74.5325,7.4993],[74.5336,7.497],[74.5392,7.4944],[74.5412,7.4953],[74.5438,7.4994],[74.5452,7.5035],[74.5428,7.508],[74.5388,7.5108],[74.533,7.5129],[74.5307,7.5153],[74.5261,7.5196],[74.5239,7.5232],[74.5216,7.5259],[74.5194,7.5291],[74.5159,7.5298],[74.5135,7.5291],[74.509,7.5254],[74.5083,7.5215],[74.5092,7.5174],[74.5114,7.5145],[74.5167,7.511],[74.5184,7.5086],[74.5196,7.5059],[74.5198,7.5028],[74.5245,7.5024],[74.5262,7.5014],[74.5278,7.4971],[74.5281,7.4934],[74.5294,7.4894],[74.53,7.4874],[74.53,7.4842],[74.5299,7.4807],[74.5348,7.479],[74.5381,7.4786],[74.5415,7.4776],[74.5447,7.4808],[74.5494,7.484],[74.5527,7.4831],[74.557,7.4814],[74.56,7.4795],[74.5624,7.4752],[74.564,7.4738],[74.5703,7.4709],[74.5702,7.468],[74.5714,7.4633],[74.573,7.4604],[74.5774,7.4597],[74.5795,7.4605],[74.5851,7.4602],[74.5894,7.4596],[74.5945,7.4634],[74.5978,7.4649],[74.601,7.4597],[74.6004,7.4567],[74.6047,7.4519],[74.605,7.448],[74.6088,7.4442],[74.6138,7.4429],[74.6171,7.438],[74.6188,7.4356],[74.6222,7.4338],[74.625,7.4333],[74.6287,7.4311],[74.631,7.4292],[74.6347,7.4257],[74.6375,7.4222],[74.6406,7.4184],[74.6441,7.4172],[74.6472,7.4174],[74.6501,7.4175],[74.6555,7.4157],[74.6585,7.4175],[74.6624,7.4212],[74.6657,7.4225],[74.6677,7.4264],[74.669,7.4296],[74.6713,7.4335],[74.6752,7.4346],[74.6809,7.4382],[74.6817,7.4392],[74.6855,7.4427],[74.6884,7.4423],[74.6941,7.4416],[74.6966,7.4403],[74.6996,7.4348],[74.7021,7.4316],[74.7064,7.4275],[74.7036,7.4247],[74.7019,7.4201],[74.7024,7.4171],[74.7057,7.4147],[74.706,7.412],[74.7088,7.4098],[74.7105,7.4092],[74.7151,7.4063],[74.7185,7.4042],[74.7226,7.4027],[74.7248,7.4009],[74.7262,7.3963],[74.7246,7.3931],[74.725,7.3879],[74.7246,7.3834],[74.7254,7.3792],[74.7257,7.3755],[74.7275,7.3707],[74.7274,7.3662],[74.7299,7.3613],[74.7324,7.3598],[74.7361,7.3553],[74.7394,7.3541],[74.7444,7.3522],[74.7414,7.3484],[74.7383,7.3515],[74.7397,7.3552],[74.744,7.3571],[74.7471,7.3585],[74.7466,7.363],[74.7439,7.3642],[74.7402,7.3672],[74.7367,7.3678],[74.7314,7.3683],[74.7317,7.3654],[74.7325,7.3607],[74.7316,7.3568],[74.73,7.3528],[74.7317,7.3503],[74.7348,7.3453],[74.7365,7.3421],[74.7406,7.3395],[74.7433,7.3383],[74.7454,7.3341],[74.748,7.3304],[74.749,7.3253],[74.7482,7.321],[74.7492,7.3153],[74.7512,7.3134],[74.7525,7.3082],[74.7519,7.3053],[74.7495,7.3017],[74.7463,7.3007],[74.7412,7.299],[74.7397,7.2968],[74.7361,7.2958],[74.7344,7.2941],[74.7323,7.2886],[74.7303,7.284],[74.7278,7.2799],[74.726,7.2764],[74.7235,7.2734],[74.7209,7.2725],[74.7154,7.2718],[74.7114,7.2707],[74.706,7.2707],[74.7031,7.2697],[74.6963,7.2696],[74.6932,7.269],[74.6902,7.2653],[74.6867,7.2627],[74.6846,7.2582],[74.6823,7.2592],[74.6799,7.2627],[74.6786,7.2646]]},"properties":{"mmsi":993873745,"name":"Fishing 3745","role":"background","vessel_type":30,"synthetic":true,"t_offset_s":[-259200,-259080,-258840,-258480,-258240,-257880,-257640,-257280,-257040,-256680,-256440,-256080,-255840,-255480,-255240,-254880,-254640,-254280,-254040,-253680,-253440,-253080,-252840,-252480,-252240,-251880,-251640,-251280,-251040,-250680,-250440,-250080,-249840,-249480,-249240,-248880,-248640,-248280,-248040,-247680,-247440,-247080,-246840,-246480,-246240,-245880,-245640,-245280,-245040,-244680,-244440,-244080,-243840,-243480,-243240,-242880,-242640,-242280,-242040,-241680,-241440,-241080,-240840,-240480,-240240,-239880,-239640,-239280,-239040,-238680,-238440,-238080,-237840,-237480,-237240,-236880,-236640,-236280,-236040,-235680,-235440,-235080,-234840,-234480,-234240,-233880,-233640,-233280,-233040,-232680,-232440,-232080,-231840,-231480,-231240,-230880,-230640,-230280,-230040,-229680,-229440,-229080,-228840,-228480,-228240,-227880,-227640,-227280,-227040,-226680,-226440,-226080,-225840,-225480,-225240,-224880,-224640,-224280,-224040,-223680,-223440,-223080,-222840,-222480,-222240,-221880,-221640,-221280,-221040,-220680,-220440,-220080,-219840,-219480,-219240,-218880,-218640,-218280,-218040,-217680,-217440,-217080,-216840,-216480,-216240,-215880,-215640,-215280,-215040,-214680,-214440,-214080,-213840,-213480,-213240,-212880,-212640,-212280,-212040,-211680,-211440,-211080,-210840,-210480,-210240,-209880,-209640,-209280,-209040,-208680,-208440,-208080,-207840,-207480,-207240,-206880,-206640,-206280,-206040,-205680,-205440,-205080,-204840,-204480,-204240,-203880,-203640,-203280,-203040,-202680,-202440,-202080,-201840,-201480,-201240,-200880,-200640,-200280,-200040,-199680,-199440,-199080,-198840,-198480,-198240,-197880,-197640,-197280,-197040,-196680,-196440,-196080,-195840,-195480,-195240,-194880,-194640,-194280,-194040,-193680,-193440,-193080,-192840,-192480,-192240,-191880,-191640,-191280,-191040,-190680,-190440,-190080,-189840,-189480,-189240,-188880,-188640,-188280,-188040,-187680,-187440,-187080,-186840,-186480,-186240,-185880,-185640,-185280,-185040,-184680,-184440,-184080,-183840,-183480,-183240,-182880,-182640,-182280,-182040,-181680,-181440,-181080,-180840,-180480,-180240,-179880,-179640,-179280,-179040,-178680,-178440,-178080,-177840,-177480,-177240,-176880,-176640,-176280,-176040,-175680,-175440,-175080,-174840,-174480,-174240,-173880,-173640,-173280,-173040,-172680,-172440,-172080,-171840,-171480,-171240,-170880,-170640,-170280,-170040,-169680,-169440,-169080,-168840,-168480,-168240,-167880,-167640,-167280,-167040,-166680,-166440,-166080,-165840,-165480,-165240,-164880,-164640,-164280,-164040,-163680,-163440,-163080,-162840,-162480,-162240,-161880,-161640,-161280,-161040,-160680,-160440,-160080,-159840,-159480,-159240,-158880,-158640,-158280,-158040,-157680,-157440,-157080,-156840,-156480,-156240,-155880,-155640,-155280,-155040,-154680,-154440,-154080,-153840,-153480,-153240,-152880,-152640,-152280,-152040,-151680,-151440,-151080,-150840,-150480,-150240,-149880,-149640,-149280,-149040,-148680,-148440,-148080,-147840,-147480,-147240,-146880,-146640,-146280,-146040,-145680,-145440,-145080,-144840,-144480,-144240,-143880,-143640,-143280,-143040,-142680,-142440,-142080,-141840,-141480,-141240,-140880,-140640,-140280,-140040,-139680,-139440,-139080,-138840,-138480,-138240,-137880,-137640,-137280,-137040,-136680,-136440,-136080,-135840,-135480,-135240,-134880,-134640,-134280,-134040,-133680,-133440,-133080,-132840,-132480,-132240,-131880,-131640,-131280,-131040,-130680,-130440,-130080,-129840,-129480,-129240,-128880,-128640,-128280,-128040,-127680,-127440,-127080,-126840,-126480,-126240,-125880,-125640,-125280,-125040,-124680,-124440,-124080,-123840,-123480,-123240,-122880,-122640,-122280,-122040,-121680,-121440,-121080,-120840,-120480,-120240,-119880,-119640,-119280,-119040,-118680,-118440,-118080,-117840,-117480,-117240,-116880,-116640,-116280,-116040,-115680,-115440,-115080,-114840,-114480,-114240,-113880,-113640,-113280,-113040,-112680,-112440,-112080,-111840,-111480,-111240,-110880,-110640,-110280,-110040,-109680,-109440,-109080,-108840,-108480,-108240,-107880,-107640,-107280,-107040,-106680,-106440,-106080,-105840,-105480,-105240,-104880,-104640,-104280,-104040,-103680,-103440,-103080,-102840,-102480,-102240,-101880,-101640,-101280,-101040,-100680,-100440,-100080,-99840,-99480,-99240,-98880,-98640,-98280,-98040,-97680,-97440,-97080,-96840,-96480,-96240,-95880,-95640,-95280,-95040,-94680,-94440,-94080,-93840,-93480,-93240,-92880,-92640,-92280,-92040,-91680,-91440,-91080,-90840,-90480,-90240,-89880,-89640,-89280,-89040,-88680,-88440,-88080,-87840,-87480,-87240,-86880,-86640,-86280,-86040,-85680,-85440,-85080,-84840,-84480,-84240,-83880,-83640,-83280,-83040,-82680,-82440,-82080,-81840,-81480,-81240,-80880,-80640,-80280,-80040,-79680,-79440,-79080,-78840,-78480,-78240,-77880,-77640,-77280,-77040,-76680,-76440,-76080,-75840,-75480,-75240,-74880,-74640,-74280,-74040,-73680,-73440,-73080,-72840,-72480,-72240,-71880,-71640,-71280,-71040,-70680,-70440,-70080,-69840,-69480,-69240,-68880,-68640,-68280,-68040,-67680,-67440,-67080,-66840,-66480,-66240,-65880,-65640,-65280,-65040,-64680,-64440,-64080,-63840,-63480,-63240,-62880,-62640,-62280,-62040,-61680,-61440,-61080,-60840,-60480,-60240,-59880,-59640,-59280,-59040,-58680,-58440,-58080,-57840,-57480,-57240,-56880,-56640,-56280,-56040,-55680,-55440,-55080,-54840,-54480,-54240,-53880,-53640,-53280,-53040,-52680,-52440,-52080,-51840,-51480,-51240,-50880,-50640,-50280,-50040,-49680,-49440,-49080,-48840,-48480,-48240,-47880,-47640,-47280,-47040,-46680,-46440,-46080,-45840,-45480,-45240,-44880,-44640,-44280,-44040,-43680,-43440,-43080,-42840,-42480,-42240,-41880,-41640,-41280,-41040,-40680,-40440,-40080,-39840,-39480,-39240,-38880,-38640,-38280,-38040,-37680,-37440,-37080,-36840,-36480,-36240,-35880,-35640,-35280,-35040,-34680,-34440,-34080,-33840,-33480,-33240,-32880,-32640,-32280,-32040,-31680,-31440,-31080,-30840,-30480,-30240,-29880,-29640,-29280,-29040,-28680,-28440,-28080,-27840,-27480,-27240,-26880,-26640,-26280,-26040,-25680,-25440,-25080,-24840,-24480,-24240,-23880,-23640,-23280,-23040,-22680,-22440,-22080,-21840,-21480,-21240,-20880,-20640,-20280,-20040,-19680,-19440,-19080,-18840,-18480,-18240,-17880,-17640,-17280,-17040,-16680,-16440,-16080,-15840,-15480,-15240,-14880,-14640,-14280,-14040,-13680,-13440,-13080,-12840,-12480,-12240,-11880,-11640,-11280,-11040,-10680,-10440,-10080,-9840,-9480,-9240,-8880,-8640,-8280,-8040,-7680,-7440,-7080,-6840,-6480,-6240,-5880,-5640,-5280,-5040,-4680,-4440,-4080,-3840,-3480,-3240,-2880,-2640,-2280,-2040,-1680,-1440,-1080,-840,-480,-240,120,360,720,960,1320,1560,1920,2160,2520,2760,3120,3360,3720,3960,4320,4560,4920,5160,5520,5760,6120,6360,6720,6960,7320,7560,7920,8160,8520,8760,9120,9360,9720,9960,10320,10560,10920,11160,11520,11760,12120,12360,12720,12960,13320,13560,13920,14160,14520,14760,15120,15360,15720,15960,16320,16560,16920,17160,17520,17760,18120,18360,18720,18960,19320,19560,19920,20160,20520,20760,21120,21360,21720,21960,22320,22560,22920,23160,23520,23760,24120,24360,24720,24960,25320,25560,25920,26160,26520,26760,27120,27360,27720,27960,28320,28560,28920,29160,29520,29760,30120,30360,30720,30960,31320,31560,31920,32160,32520,32760,33120,33360,33720,33960,34320,34560,34920,35160,35520,35760,36120,36360,36720,36960,37320,37560,37920,38160,38520,38760,39120,39360,39720,39960,40320,40560,40920,41160,41520,41760,42120,42360,42720,42960,43320,43560,43920,44160,44520,44760,45120,45360,45720,45960,46320,46560,46920,47160,47520,47760,48120,48360,48720,48960,49320,49560,49920,50160,50520,50760,51120,51360,51720,51960,52320,52560,52920,53160,53520,53760,54120,54360,54720,54960,55320,55560,55920,56160,56520,56760,57120,57360,57720,57960,58320,58560,58920,59160,59520,59760,60120,60360,60720,60960,61320,61560,61920,62160,62520,62760,63120,63360,63720,63960,64320,64560,64920,65160,65520,65760,66120,66360,66720,66960,67320,67560,67920,68160,68520,68760,69120,69360,69720,69960,70320,70560,70920,71160,71520,71760,72120,72360,72720,72960,73320,73560,73920,74160,74520,74760,75120,75360,75720,75960,76320,76560,76920,77160,77520,77760,78120,78360,78720,78960,79320,79560,79920,80160,80520,80760,81120,81360,81720,81960,82320,82560,82920,83160,83520,83760,84120,84360,84720,84960,85320,85560,85920,86160],"sog":[3.8,3.9,2.6,3.4,3.9,4.5,4.5,1.8,3.5,2.2,1.9,3.3,3.2,2.9,1.7,1,3.7,3.5,4.1,2.1,2.5,1.4,4.6,2.4,5.9,4.2,3,3.7,2.6,4.4,2,1.4,2.6,0.3,2.9,3.3,3.7,4.2,1.1,3.3,2.4,3.1,3.3,4.3,3.8,3.3,3.1,2.8,2.3,1.5,1.6,4.1,5.2,2.2,4.8,3.2,3.2,4,3.5,4.7,2.4,1.8,1.8,2.6,2.4,5.6,3.1,2.9,3.1,2.3,2.7,4.4,4,2.7,2.5,3.7,3,3.2,2.8,2.8,3.2,3.8,4.6,4.1,1.2,3,2.7,6,4.4,2.7,4.4,2.1,2,3.8,3.1,2,1.3,4.4,2.9,3.6,2.5,2.2,3.7,1.9,1.6,2.1,2.6,1.5,3.1,3.4,4,1.7,2.5,1.1,3.1,2.6,2.9,2.5,3.8,3.7,4.2,2.7,2.8,2.8,2.3,3.1,4.9,2.3,3,3.4,4,3.9,4.6,3.5,3.2,3.9,2.1,3.4,3.2,1.9,2.8,0.3,2.5,2.1,3.4,5.3,3.8,2.7,4.1,4.2,1.2,3.1,3.7,2.2,1.4,2,2.6,1,4.2,2.1,2.2,3,3,3.4,4.4,4.4,3.4,2.1,0.9,4.8,3,5.2,3.9,3.5,4.2,2.7,2.6,2.9,2.9,3.8,4.4,1,2.2,4.8,4.3,3.4,5.3,2.1,2.4,2.8,3.2,2.8,3.2,2.3,3.5,3.1,2.7,3.7,3.2,4.3,2.3,2.3,3.8,2.6,1.8,4.5,2.5,4.6,4.1,2.4,4.3,2.1,5,4.2,2.5,2.2,2.8,1.5,2.1,1.1,2.3,3.7,3.7,3.2,1.9,2.3,3.6,4.4,4.2,4.5,3.4,3,1.4,2.6,1.8,2.4,3.6,4.9,3.5,2.3,2.9,3.5,2.3,3.1,4.7,2.3,2.1,5.8,2.2,3.1,1.5,3.6,3.8,2.9,1.7,4.8,2.7,2.4,1.7,3.9,2.6,1.9,2.9,2.8,3.5,2.3,3.3,4.8,2.4,3.2,3.7,4.1,4.5,3.1,3.7,2.8,1.2,2.9,3.9,4.3,3,2.9,2.1,3.2,3.1,3,3.5,2.2,1.1,2.8,4.5,3.4,2.7,3.9,2.3,5,1.7,2,2.2,3.5,3.5,4.6,3.7,4.4,2.1,2.9,3.8,3.9,2.7,4.1,5.1,4.4,2.8,3.1,4.7,4.1,2.9,4.7,3,3.5,3,4.1,1.7,1.2,3.4,3.9,2.2,4,3.6,3.4,5,1.2,2.9,3.9,1.8,2.9,2.6,2.3,4,3.2,4.7,2.3,2.6,3.7,2.8,3.4,3.4,3.5,4.1,2.2,3.2,1.2,3.5,1.9,3.6,2.8,3.4,3.8,3.2,3.9,2.3,2.4,1.9,2.6,1.4,2.5,2.3,4.4,3.4,3.3,2.3,2.5,3.5,4.3,3.7,3.2,3.3,4.4,3.8,2.7,1.9,2.8,2.7,1.9,5.3,3.5,4.7,3.4,4.4,2.7,2.6,3.3,2.2,2.6,3.2,4,1.4,3.5,3.2,3.3,4.4,2.8,3.4,6,3.8,2.8,4,4.8,2.5,4.5,1.4,2.8,2.5,2.6,1.7,4,5.2,3.2,4.3,3.2,4.5,2.9,2.6,4.1,2.3,2.3,1.8,3.6,1.4,3.7,3.6,1,5,3.7,3.9,4.2,3.5,3.5,2.5,3.3,2.8,1.8,3.1,3.2,4.8,3.9,2.3,2.2,3.4,3.7,1.4,3.3,2.7,4.8,3.1,4.2,0.6,0.3,2.2,3.8,4,1.3,2.3,2.9,5.1,2.4,3.5,3,2.8,0.9,2.3,2.6,2.6,3.6,2.6,0.5,3.5,3.3,2.4,3.9,2.2,2.7,2.2,2.9,2.9,2.5,3.7,3.5,4.8,3,4.5,3.1,2.5,2.9,3.8,3.8,3.4,3,2.4,2.2,2.3,3.2,3.2,1.3,2.7,4.4,2.6,3.2,3.7,3.5,3.3,3.1,3,1.2,5.4,1.5,4.8,2.2,2.3,3.4,3,2.6,2.6,4.7,2.9,3.9,2.8,2.5,3.4,3.3,2.5,3.3,3.3,3,2.9,3.1,1.7,2.9,3.6,3.8,2.6,4.1,2.5,4.1,1.1,4.1,2.6,3.1,2.5,3,2,1.1,2.4,2.4,4,5.3,2.4,4.3,3,2.6,2.3,3.2,1.7,3.8,3.5,1.8,5.5,3.5,3.4,5.7,3.8,2.3,2.4,3.2,3.9,4.4,4.3,2.3,5.4,3.6,2.5,3.4,2.5,2.5,2.5,3.8,3.4,2.2,3.3,3.3,4,2.3,1.3,3.9,4.2,2.6,3.7,2.8,3.1,3.1,0.8,3.4,1.6,2.5,4.3,0.9,3.1,4.5,2.2,2.4,3.2,3.9,2.2,3,2.4,1.2,2.5,2.3,3.1,3.5,3,4.4,1.9,4.2,3.4,3.2,2.9,4,2.2,4.5,2.7,2.3,2.1,3.6,2.9,2.6,4.5,1.6,1.2,2.1,2,4.3,3.3,2.3,5.1,1.7,3,3,3.4,4.2,3.6,4,3.1,4.4,2.7,3.7,3.4,3.3,3.7,2,4.5,1.5,5.2,3.9,3.8,4.5,1.8,4.6,1.3,3.3,3.8,2.3,3.6,3.3,3.7,3.9,3.2,4.4,2.1,4.1,1.2,5.3,2.3,2.2,3.1,4.2,4.4,5,3.9,2.6,2.9,4.1,4,2.6,3.4,2.1,2,3.4,4.1,3.1,1.7,3.9,3,3,3.1,3.8,3.8,4.6,3.9,4.2,3.4,3.7,0.9,3.2,1.9,4.4,3.6,1.5,3.7,2.6,2.2,3.2,4.8,2.9,3.9,3.7,2.7,3.6,4.3,3.1,2.4,2.8,4.8,4.2,0.8,3,3.2,1.9,3.9,2.9,3.3,5.9,4.7,2.6,3.8,2.5,3,4.4,2.5,3.9,4.8,4.3,3,3.3,3.7,3.8,2.9,2.7,3.3,3.2,4.4,3.2,2.7,2.9,2.9,2.3,2.5,2.3,3.4,4,4.4,3.5,1.5,2.9,3.2,3.5,2,2.6,3.7,4.3,3.1,3.3,2.2,1.8,4.7,2.4,4,3.5,3.6,3.7,3.9,3.6,3.9,2.8,2.6,2.3,3.2,3.8,3.5,1.3,3.2,4.8,3.8,3.4,1.4,2.8,3.5,3.5,2.4,3.9,3.2,0.8,2.6,3.2,1,2.4,4,1.6,1.7,1.9,1.3,3,3.2,3.6,1.9,3.3,2.2,2.4,2.5,3.2,3.5,2.5,3.4,4.3,2.3,1.7,2.8,3.4,2.7,2.6,2.9,2,2.6,1.8,4.3,2.5,3.8,3.9,2.7,2.6,1.9,1.6,1.7,4,3.5,2.7,1.6,3.2,3.3,3,3.1,3.3,4.1,3.7,4.4,2.1,2,2.3,2,2.6,4.4,3,2,2.5,4.1,4.4,4.5,2.6,2.7,3,2.5,2.6,2,3.1,4.9,0.9,3.7,1.7,3.6,5.3,4.3,3.3,4.3,3,1.7,4.3,4.8,4.2,1.5,0.3,2.5,3.7,0.9,3.6,2,2.7,2.6,4,4.3,2.7,2.6,4.2,3.1,2.9,3.4,5.2,2.8,3.3,3.2,2.6,3.2,4.2,2.7,3.4,4.4,1.9,2.2,1.5,1.9,2.2,2.2,2.1,3.5,2.4,2.8,4.1,3.3,2.2,3.9,3.5,2.7,3.7,5,2.2,3.4,1.3,2.8,4.2,5,4.6,2.9,2.7,2.9,2.1,4.8,3.9,3.8,3.1,4.3,3,2.8,3.6,2.2,3.3,2.8,0.7,3.1,5.3,1.8,2.6,0.5,2.6,1.8,3.7,3.7,4.6,2.7,3.1,3.1,3.2,2.7,2.9,3.6,2.6,2.7,1,3.2,3.8,2.9,1.1,2.3,2.6,1.1,3.1,1.7,2.7,2.8,3.3,4.7,5.3,2.7,4.2,4.1,2.4,3.8,1.3,2.4,3.8,3.4,1.7,2.5,2.6,3.4,1.4,2.7,4.3,0.7,2.3,3.8,2.9,0.3,1.8,1.2,2.7,2.8,1.9,4.5,1.7,1.9,2.6,2.9,2.7,3.3,4,2.9,2.6,2.7,3.8,2,2.4,3,4.1,3.5,3.4,1.7,3.6,3.3,4.2,4.1,3.9,2.8,1.8,1.8,2.7,1.8,2,4.9,1.9,3.5,2.6,2.4,4.1,3,3.8,3.3,2.8,2.9,3.5,3,3.9,1.7,2.7,2.7,3.5,3.6,2.2,3.6,2.9,4.3,2.4,1.9,1.8,2.6,2.8,2.4,5.1,3.3,4.5,2,2.2,4.5,4,4.7,3.1,4.1,5.5,4,4.8,3.3,3.2,4.6,2.9,5.8,2.4,3.9,3.7,2.4,4.3,1.8,2.5,3.5,2.1,3,3,3.8,2.6,2.1,3.7,3.1,3.5,3,3.1,5,2.4,4.5,2.6,3.2,2.8,2.5,2.8,2.9,2.3,1.8,1.3,1.6,3.1,3.7,1.2,3.8,2.9,4.1,4.3,3.8,3.4,2.8,4.1,2.7,2.3,3.1,2.1,4,1.9,0.9]}},{"type":"Feature","geometry":{"type":"LineString","coordinates":[[72.9463,14.7077],[72.952,14.695],[72.9599,14.6763],[72.9652,14.6642],[72.9726,14.6453],[72.9781,14.6334],[72.9856,14.6149],[72.9911,14.6028],[72.9989,14.5839],[73.0039,14.5717],[73.0118,14.553],[73.0167,14.5405],[73.0248,14.5215],[73.0295,14.5088],[73.0367,14.4902],[73.0415,14.4778],[73.0486,14.4594],[73.0536,14.4472],[73.061,14.4284],[73.0662,14.4158],[73.074,14.3974],[73.0785,14.3849],[73.0867,14.3663],[73.092,14.3541],[73.0999,14.335],[73.1049,14.3227],[73.1131,14.3044],[73.119,14.2921],[73.1274,14.2738],[73.1329,14.2613],[73.1409,14.2428],[73.1459,14.2307],[73.1535,14.2118],[73.159,14.1993],[73.1662,14.1811],[73.1707,14.1691],[73.178,14.1497],[73.1833,14.1366],[73.1906,14.1184],[73.1957,14.1058],[73.2041,14.0869],[73.2098,14.0746],[73.2184,14.0556],[73.2241,14.0432],[73.2324,14.0249],[73.2377,14.0122],[73.2458,13.9934],[73.2509,13.9812],[73.2588,13.9625],[73.2637,13.9504],[73.2712,13.9316],[73.2758,13.9193],[73.2831,13.9011],[73.2878,13.8885],[73.2954,13.8691],[73.3001,13.8565],[73.3069,13.8379],[73.3114,13.8253],[73.3179,13.8068],[73.322,13.7944],[73.3287,13.7749],[73.3328,13.7624],[73.3391,13.7435],[73.343,13.7308],[73.3492,13.7117],[73.3533,13.6988],[73.3594,13.6796],[73.3632,13.6672],[73.3692,13.648],[73.3734,13.6354],[73.3793,13.6169],[73.3834,13.6045],[73.3894,13.5857],[73.3937,13.5727],[73.4001,13.5536],[73.4046,13.5408],[73.411,13.5224],[73.4152,13.5094],[73.4214,13.4907],[73.4259,13.4775],[73.4325,13.4587],[73.4371,13.4456],[73.4433,13.4264],[73.4475,13.4143],[73.4539,13.3954],[73.4582,13.3833],[73.4653,13.3639],[73.4699,13.3514],[73.4765,13.3323],[73.4809,13.3195],[73.488,13.3007],[73.4927,13.2877],[73.4995,13.2688],[73.5041,13.2556],[73.5105,13.2367],[73.5151,13.2242],[73.5225,13.2051],[73.5269,13.1926],[73.5341,13.1735],[73.5389,13.1611],[73.546,13.1423],[73.5514,13.1297],[73.5592,13.1115],[73.5647,13.0994],[73.5731,13.0811],[73.5789,13.0691],[73.5876,13.0504],[73.5937,13.0384],[73.6026,13.0202],[73.6088,13.0085],[73.618,12.9901],[73.6238,12.9784],[73.6335,12.9604],[73.6393,12.9486],[73.6491,12.9311],[73.6558,12.9192],[73.6656,12.9007],[73.6719,12.889],[73.6812,12.8715],[73.688,12.8599],[73.6977,12.8417],[73.7045,12.8301],[73.7139,12.8122],[73.72,12.801],[73.7293,12.7826],[73.7356,12.7707],[73.7446,12.7533],[73.751,12.7418],[73.7606,12.724],[73.7672,12.7127],[73.7768,12.695],[73.7837,12.6832],[73.7937,12.6657],[73.8013,12.6542],[73.8116,12.6369],[73.8188,12.6255],[73.8283,12.6089],[73.8348,12.5969],[73.8445,12.5788],[73.8508,12.5673],[73.8601,12.5495],[73.8664,12.5379],[73.8761,12.5203],[73.882,12.508],[73.8916,12.4897],[73.8976,12.4777],[73.9059,12.4601],[73.9124,12.4477],[73.9209,12.4302],[73.9268,12.4183],[73.9356,12.4002],[73.9414,12.3879],[73.9498,12.3694],[73.9554,12.3572],[73.9639,12.3398],[73.9699,12.327],[73.9785,12.3089],[73.984,12.2968],[73.9926,12.2789],[73.999,12.2663],[74.0073,12.2486],[74.0134,12.2364],[74.0222,12.2188],[74.028,12.2069],[74.036,12.1892],[74.042,12.1771],[74.0505,12.1588],[74.0563,12.1465],[74.0651,12.1281],[74.0709,12.1157],[74.0801,12.0971],[74.086,12.0854],[74.0949,12.0683],[74.1009,12.056],[74.1107,12.0386],[74.1167,12.0268],[74.1263,12.0089],[74.1323,11.9971],[74.1414,11.979],[74.1478,11.9672],[74.157,11.9497],[74.163,11.9379],[74.1727,11.92],[74.1786,11.9083],[74.1883,11.8902],[74.1946,11.878],[74.2042,11.8602],[74.2105,11.8485],[74.2195,11.8302],[74.2249,11.8178],[74.2334,11.7997],[74.2394,11.7881],[74.248,11.7696],[74.2539,11.758],[74.2622,11.7395],[74.2679,11.7273],[74.2766,11.7092],[74.2828,11.6969],[74.2916,11.679],[74.2979,11.6669],[74.3074,11.649],[74.3139,11.6366],[74.3232,11.6186],[74.3294,11.6067],[74.3384,11.589],[74.3448,11.5773],[74.3546,11.5595],[74.361,11.5483],[74.3711,11.5305],[74.3777,11.5192],[74.3879,11.5021],[74.3945,11.4902],[74.4042,11.4729],[74.4104,11.4618],[74.4206,11.4443],[74.427,11.4328],[74.4372,11.4154],[74.444,11.4037],[74.4535,11.3854],[74.4598,11.3738],[74.4695,11.356],[74.4757,11.344],[74.4854,11.3267],[74.4916,11.3148],[74.5011,11.2967],[74.5074,11.2851],[74.5163,11.267],[74.5229,11.2555],[74.5319,11.2377],[74.5386,11.2255],[74.548,11.2077],[74.5545,11.1958],[74.5643,11.1783],[74.5707,11.1672],[74.5806,11.1494],[74.5872,11.1379],[74.5969,11.1198],[74.6028,11.1079],[74.6126,11.0902],[74.6185,11.0781],[74.628,11.0605],[74.6343,11.0489],[74.6441,11.0315],[74.6501,11.0199],[74.6609,11.0032],[74.668,10.9917],[74.6783,10.9743],[74.6849,10.9628],[74.695,10.9456],[74.7016,10.9342],[74.7119,10.9168],[74.7185,10.9052],[74.7288,10.8876],[74.7359,10.8758],[74.7465,10.8579],[74.753,10.8459],[74.7629,10.8288],[74.7692,10.8173],[74.7789,10.7997],[74.7854,10.7881],[74.7954,10.7698],[74.8018,10.7581],[74.811,10.7407],[74.8172,10.7293],[74.8274,10.7118],[74.8341,10.7001],[74.8444,10.6824],[74.8512,10.6707],[74.8607,10.6531],[74.8672,10.6418],[74.8772,10.6236],[74.8833,10.612],[74.8924,10.5948],[74.8988,10.5828],[74.9083,10.5647],[74.9145,10.5533],[74.9237,10.5358],[74.9306,10.5239],[74.9403,10.506],[74.9472,10.494],[74.9573,10.4771],[74.9638,10.4657],[74.9746,10.4479],[74.9812,10.4366],[74.9921,10.4188],[74.9989,10.4079],[75.0096,10.3903],[75.0169,10.3789],[75.028,10.3619],[75.0356,10.3502],[75.0458,10.3333],[75.0531,10.3218],[75.0632,10.3053],[75.0703,10.2939],[75.0807,10.2776],[75.0876,10.2661],[75.0984,10.2492],[75.106,10.2377],[75.1166,10.2206],[75.1237,10.2089],[75.1347,10.1927],[75.1417,10.1816],[75.1528,10.1643],[75.1608,10.1533],[75.1722,10.1364],[75.1797,10.1251],[75.191,10.1086],[75.1983,10.0967],[75.2092,10.0797],[75.2159,10.0689],[75.2269,10.0521],[75.2341,10.0411],[75.2449,10.0243],[75.2525,10.0131],[75.2638,9.9961],[75.2714,9.9856],[75.2836,9.9686],[75.2916,9.9577],[75.3029,9.9409],[75.3106,9.9299],[75.3214,9.9132],[75.3288,9.9022],[75.34,9.8848],[75.3469,9.8738],[75.3588,9.8565],[75.3662,9.8454],[75.3775,9.8285],[75.3853,9.8179],[75.3967,9.8014],[75.404,9.7898],[75.4152,9.7733],[75.4227,9.762],[75.4332,9.7449],[75.4403,9.7334],[75.4506,9.7161],[75.4575,9.7046],[75.4678,9.6865],[75.4741,9.6752],[75.4838,9.6579],[75.4907,9.6459],[75.5002,9.6289],[75.507,9.6173],[75.5164,9.5996],[75.5231,9.5885],[75.5327,9.5705],[75.5392,9.5588],[75.5488,9.5413],[75.5557,9.5293],[75.5657,9.5117],[75.5723,9.4997],[75.5818,9.4821],[75.5885,9.4705],[75.5989,9.4531],[75.6056,9.4419],[75.6161,9.4251],[75.6235,9.4135],[75.6344,9.3962],[75.642,9.3845],[75.6528,9.3673],[75.6597,9.3564],[75.6704,9.3395],[75.6771,9.3281],[75.6879,9.311],[75.6947,9.2994],[75.7051,9.2825],[75.7125,9.2704],[75.7227,9.2535],[75.7298,9.2422],[75.7409,9.2254],[75.7483,9.2142],[75.7591,9.1968],[75.7662,9.1853],[75.7766,9.1682],[75.783,9.1574],[75.7932,9.1397],[75.7998,9.1279],[75.8096,9.1113],[75.8166,9.0989],[75.8265,9.0813],[75.8327,9.069],[75.8423,9.0513],[75.849,9.0395],[75.8584,9.0216],[75.8649,9.0106],[75.8746,8.9921],[75.8812,8.9803],[75.8913,8.9631],[75.8981,8.9506],[75.9086,8.9336],[75.9153,8.9221],[75.9251,8.905],[75.9322,8.8937],[75.942,8.8764],[75.9484,8.8652],[75.9582,8.8468],[75.9645,8.835],[75.9742,8.8177],[75.9804,8.8063],[75.9901,8.7883],[75.9967,8.777],[76.0058,8.7602],[76.0123,8.7483],[76.0216,8.7302],[76.0281,8.7183],[76.0376,8.7001],[76.0436,8.6885],[76.0528,8.6699],[76.0587,8.6576],[76.0676,8.6399],[76.0737,8.6277],[76.0827,8.6101],[76.0886,8.5979],[76.0973,8.5802],[76.1032,8.5679],[76.1122,8.5486],[76.1189,8.5367],[76.1277,8.5192],[76.1341,8.5072],[76.1435,8.4889],[76.1495,8.4765],[76.1591,8.4583],[76.1658,8.4463],[76.1749,8.4286],[76.1813,8.4163],[76.1907,8.3986],[76.1967,8.3871],[76.2063,8.3695],[76.2128,8.3578],[76.2219,8.3401],[76.2284,8.3277],[76.2376,8.31],[76.2438,8.2976],[76.253,8.2802],[76.2588,8.2678],[76.2676,8.2492],[76.2735,8.2368],[76.2819,8.219],[76.2878,8.2063],[76.2967,8.1881],[76.3027,8.1759],[76.3112,8.1577],[76.317,8.1455],[76.3254,8.1274],[76.3307,8.1151],[76.3391,8.097],[76.3451,8.0843],[76.3539,8.0662],[76.3586,8.0538],[76.3671,8.035],[76.3721,8.0229],[76.3801,8.0047],[76.3852,7.9926],[76.3937,7.9742],[76.3994,7.9621],[76.4073,7.9436],[76.4129,7.931],[76.4211,7.9118],[76.4264,7.8997],[76.4341,7.8812],[76.4399,7.8693],[76.4477,7.8511],[76.453,7.8389],[76.4603,7.8202],[76.4653,7.8082],[76.4725,7.7891],[76.4775,7.7764],[76.4848,7.7576],[76.4899,7.7447],[76.497,7.7263],[76.5021,7.7134],[76.5098,7.6947],[76.5151,7.6822],[76.5226,7.6638],[76.528,7.6514],[76.5366,7.633],[76.5423,7.6209],[76.5511,7.6027],[76.5569,7.5906],[76.5652,7.573],[76.5711,7.5609],[76.5796,7.5426],[76.5851,7.5308],[76.5943,7.5126],[76.6003,7.5004],[76.6093,7.4819],[76.6154,7.4701],[76.6242,7.4518],[76.6304,7.4401],[76.6388,7.4225],[76.6452,7.4103],[76.6537,7.3921],[76.6594,7.3804],[76.6687,7.3615],[76.6744,7.3499],[76.6837,7.332],[76.6897,7.3202],[76.6986,7.3024],[76.705,7.2902],[76.7138,7.272],[76.7202,7.26],[76.7289,7.2417],[76.7349,7.2298],[76.7441,7.2116],[76.7502,7.1992],[76.7593,7.1814],[76.7651,7.1691],[76.7737,7.1513],[76.7799,7.139],[76.7888,7.1208],[76.795,7.1092],[76.8043,7.0912],[76.8102,7.0793],[76.8191,7.0614],[76.8251,7.0496],[76.8349,7.0312],[76.8412,7.0198],[76.85,7.0022],[76.8561,6.9902],[76.865,6.9721],[76.8717,6.9591],[76.8804,6.9411],[76.8864,6.9293],[76.8949,6.9116],[76.9005,6.9002],[76.9091,6.8823],[76.9147,6.8696],[76.9234,6.8512],[76.9293,6.8396],[76.9385,6.8204],[76.9444,6.8087],[76.9533,6.7906],[76.9595,6.7787],[76.9682,6.7607],[76.9748,6.7486],[76.9836,6.731],[76.9901,6.7195],[76.9992,6.7014],[77.0057,6.6893],[77.0146,6.6711],[77.0203,6.6591],[77.0296,6.6403],[77.0351,6.6287],[77.0435,6.6099],[77.049,6.5975],[77.0568,6.5791],[77.0622,6.5664],[77.0694,6.5481],[77.0742,6.5358],[77.0822,6.517],[77.0876,6.5046],[77.0951,6.4861],[77.0999,6.4735],[77.1072,6.4551],[77.1125,6.4423],[77.1201,6.4235],[77.1251,6.4108],[77.1327,6.3924],[77.1379,6.3798],[77.1453,6.3615],[77.1504,6.3493],[77.1575,6.3306],[77.162,6.3182],[77.1694,6.2992],[77.1741,6.2859],[77.1812,6.2669],[77.186,6.2545],[77.1926,6.236],[77.1971,6.2229],[77.2044,6.2042],[77.2093,6.1917],[77.2166,6.1732],[77.221,6.161],[77.2282,6.1421],[77.2323,6.1295],[77.2387,6.1112],[77.2431,6.0988],[77.2488,6.0796],[77.2532,6.0671],[77.2596,6.0478],[77.264,6.0351],[77.2702,6.0166],[77.275,6.0035],[77.2811,5.9843],[77.2849,5.9715],[77.2916,5.9526],[77.2954,5.94],[77.3017,5.9205],[77.3057,5.9075],[77.3111,5.8886],[77.315,5.8757],[77.3213,5.8563],[77.325,5.8435],[77.3312,5.8239],[77.3348,5.8112],[77.3408,5.7916],[77.3452,5.7791],[77.3513,5.7593],[77.3548,5.7465],[77.3608,5.728],[77.3645,5.7147],[77.3707,5.6951],[77.374,5.6822],[77.3797,5.6631],[77.3829,5.6496],[77.3881,5.6306],[77.3915,5.6179],[77.3965,5.5981],[77.3995,5.5853],[77.4048,5.566],[77.408,5.5531],[77.4134,5.534],[77.4163,5.5211],[77.421,5.5015],[77.424,5.4884],[77.4289,5.4691],[77.4313,5.4558],[77.4359,5.4361],[77.4386,5.4229],[77.4432,5.4039],[77.4464,5.3906],[77.4508,5.3711],[77.4541,5.358],[77.4593,5.3377],[77.4624,5.3252],[77.4675,5.3056],[77.4708,5.2926],[77.4758,5.2734],[77.4791,5.2602],[77.4844,5.2404],[77.4875,5.2275],[77.492,5.2076],[77.495,5.1944],[77.4995,5.175],[77.5024,5.1617],[77.5057,5.1417],[77.5077,5.1285],[77.5108,5.1092],[77.5127,5.0959],[77.5158,5.076],[77.5178,5.0629],[77.5209,5.0426],[77.523,5.0296],[77.5264,5.0087],[77.5282,4.9955],[77.5316,4.9757],[77.5333,4.9626],[77.5372,4.9427],[77.5405,4.9296],[77.5444,4.9099],[77.5476,4.8965],[77.5517,4.8762],[77.5545,4.8636],[77.5592,4.8431],[77.5616,4.83],[77.5662,4.8108],[77.5692,4.7974],[77.5737,4.7785],[77.5762,4.7647],[77.5808,4.7454],[77.5834,4.7322],[77.588,4.7127]]},"properties":{"mmsi":993934227,"name":"Tanker 4227","role":"candidate","vessel_type":80,"synthetic":true,"t_offset_s":[-137280,-137040,-136680,-136440,-136080,-135840,-135480,-135240,-134880,-134640,-134280,-134040,-133680,-133440,-133080,-132840,-132480,-132240,-131880,-131640,-131280,-131040,-130680,-130440,-130080,-129840,-129480,-129240,-128880,-128640,-128280,-128040,-127680,-127440,-127080,-126840,-126480,-126240,-125880,-125640,-125280,-125040,-124680,-124440,-124080,-123840,-123480,-123240,-122880,-122640,-122280,-122040,-121680,-121440,-121080,-120840,-120480,-120240,-119880,-119640,-119280,-119040,-118680,-118440,-118080,-117840,-117480,-117240,-116880,-116640,-116280,-116040,-115680,-115440,-115080,-114840,-114480,-114240,-113880,-113640,-113280,-113040,-112680,-112440,-112080,-111840,-111480,-111240,-110880,-110640,-110280,-110040,-109680,-109440,-109080,-108840,-108480,-108240,-107880,-107640,-107280,-107040,-106680,-106440,-106080,-105840,-105480,-105240,-104880,-104640,-104280,-104040,-103680,-103440,-103080,-102840,-102480,-102240,-101880,-101640,-101280,-101040,-100680,-100440,-100080,-99840,-99480,-99240,-98880,-98640,-98280,-98040,-97680,-97440,-97080,-96840,-96480,-96240,-95880,-95640,-95280,-95040,-94680,-94440,-94080,-93840,-93480,-93240,-92880,-92640,-92280,-92040,-91680,-91440,-91080,-90840,-90480,-90240,-89880,-89640,-89280,-89040,-88680,-88440,-88080,-87840,-87480,-87240,-86880,-86640,-86280,-86040,-85680,-85440,-85080,-84840,-84480,-84240,-83880,-83640,-83280,-83040,-82680,-82440,-82080,-81840,-81480,-81240,-80880,-80640,-80280,-80040,-79680,-79440,-79080,-78840,-78480,-78240,-77880,-77640,-77280,-77040,-76680,-76440,-76080,-75840,-75480,-75240,-74880,-74640,-74280,-74040,-73680,-73440,-73080,-72840,-72480,-72240,-71880,-71640,-71280,-71040,-70680,-70440,-70080,-69840,-69480,-69240,-68880,-68640,-68280,-68040,-67680,-67440,-67080,-66840,-66480,-66240,-65880,-65640,-65280,-65040,-64680,-64440,-64080,-63840,-63480,-63240,-62880,-62640,-62280,-62040,-61680,-61440,-61080,-60840,-60480,-60240,-59880,-59640,-59280,-59040,-58680,-58440,-58080,-57840,-57480,-57240,-56880,-56640,-56280,-56040,-55680,-55440,-55080,-54840,-54480,-54240,-53880,-53640,-53280,-53040,-52680,-52440,-52080,-51840,-51480,-51240,-50880,-50640,-50280,-50040,-49680,-49440,-49080,-48840,-48480,-48240,-47880,-47640,-47280,-47040,-46680,-46440,-46080,-45840,-45480,-45240,-44880,-44640,-44280,-44040,-43680,-43440,-43080,-42840,-42480,-42240,-41880,-41640,-41280,-41040,-40680,-40440,-40080,-39840,-39480,-39240,-38880,-38640,-38280,-38040,-37680,-37440,-37080,-36840,-36480,-36240,-35880,-35640,-35280,-35040,-34680,-34440,-34080,-33840,-33480,-33240,-32880,-32640,-32280,-32040,-31680,-31440,-31080,-30840,-30480,-30240,-29880,-29640,-29280,-29040,-28680,-28440,-28080,-27840,-27480,-27240,-26880,-26640,-26280,-26040,-25680,-25440,-25080,-24840,-24480,-24240,-23880,-23640,-23280,-23040,-22680,-22440,-22080,-21840,-21480,-21240,-20880,-20640,-20280,-20040,-19680,-19440,-19080,-18840,-18480,-18240,-17880,-17640,-17280,-17040,-16680,-16440,-16080,-15840,-15480,-15240,-14880,-14640,-14280,-14040,-13680,-13440,-13080,-12840,-12480,-12240,-11880,-11640,-11280,-11040,-10680,-10440,-10080,-9840,-9480,-9240,-8880,-8640,-8280,-8040,-7680,-7440,-7080,-6840,-6480,-6240,-5880,-5640,-5280,-5040,-4680,-4440,-4080,-3840,-3480,-3240,-2880,-2640,-2280,-2040,-1680,-1440,-1080,-840,-480,-240,120,360,720,960,1320,1560,1920,2160,2520,2760,3120,3360,3720,3960,4320,4560,4920,5160,5520,5760,6120,6360,6720,6960,7320,7560,7920,8160,8520,8760,9120,9360,9720,9960,10320,10560,10920,11160,11520,11760,12120,12360,12720,12960,13320,13560,13920,14160,14520,14760,15120,15360,15720,15960,16320,16560,16920,17160,17520,17760,18120,18360,18720,18960,19320,19560,19920,20160,20520,20760,21120,21360,21720,21960,22320,22560,22920,23160,23520,23760,24120,24360,24720,24960,25320,25560,25920,26160,26520,26760,27120,27360,27720,27960,28320,28560,28920,29160,29520,29760,30120,30360,30720,30960,31320,31560,31920,32160,32520,32760,33120,33360,33720,33960,34320,34560,34920,35160,35520,35760,36120,36360,36720,36960,37320,37560,37920,38160,38520,38760,39120,39360,39720,39960,40320,40560,40920,41160,41520,41760,42120,42360,42720,42960,43320,43560,43920,44160,44520,44760,45120,45360,45720,45960,46320,46560,46920,47160,47520,47760,48120,48360,48720,48960,49320,49560,49920,50160,50520,50760,51120,51360,51720,51960,52320,52560,52920,53160,53520,53760,54120,54360,54720,54960,55320,55560,55920,56160,56520,56760,57120,57360,57720,57960,58320,58560,58920,59160,59520,59760,60120,60360,60720],"sog":[12,11.9,11.8,11.9,11.9,11.9,11.9,11.9,11.9,11.9,11.7,11.9,12.3,11.5,12.4,12.2,11.5,12.2,11.6,11.9,12.2,11.8,12,11.8,12.2,11.9,12.2,11.6,12.3,12.2,12,12,12.1,11.9,11.5,11.7,12.5,12.6,12.1,12.3,12.2,12.2,12.5,12.2,12.1,12,11.8,12,11.5,11.9,12.4,11.5,12.5,12.3,12.6,12.2,11.8,11.9,11.9,11.6,11.6,11.8,11.5,11.7,12,12.3,12.1,12,11.6,11.9,11.4,11.1,11.7,11.6,12.4,12.4,11.7,12.1,11.8,12,12.6,11.9,12.1,11.4,11.7,11.7,12.1,12.1,12.4,11.7,12.1,12.1,12.1,12.6,12.1,12.1,11.9,11.8,12.4,11.8,11.8,11.9,12.4,11.6,12,12,12.6,11.7,12.5,12.1,12.2,12.1,11.8,12.3,12.1,11.8,12.2,11.6,11.8,11.8,12.2,11.7,11.8,12,11.8,11.6,11.9,11.5,11.7,11.6,12.1,12.5,12.3,12.1,12.2,11.6,11.8,12,12.2,11.7,11.7,11.9,12.1,12.4,12.3,11.9,11.8,12,11.6,12,11.9,12,12.1,11.6,11.5,12.9,12.2,11.9,11.8,12.4,12,11.9,11.9,11.6,12.1,12.4,12.4,12.3,12.2,12.1,11.9,11.6,11.9,11.8,11.5,11.9,12.3,12.2,11.9,12.1,12,12,11.9,11.4,12.2,12.3,11.8,12.2,11.7,12.2,11.5,11.7,12.1,11.9,11.8,11.9,12,12.2,11.9,12.3,11.8,12.6,12.5,12.1,11.8,12.5,12,12.1,12.2,11.9,12.2,11.5,12.3,11.7,12.2,11.5,12.1,12.3,12.1,11.7,12.2,11.7,11.7,11.7,12.5,11.4,12,12.1,11.7,12.3,12.1,12,11.7,11.6,12.1,12,12.1,11.7,12.1,11.7,12,11.7,11.9,11.6,12.6,11.8,12.5,11.7,12,11.8,12.1,11.7,12.2,12.6,12.5,12.5,12,11.9,11.7,12,12.3,12,11.9,11.6,12,12.2,12,11.9,11.9,11.8,12.3,12.1,11.8,12,12,11.5,12.1,12.3,12.4,12,11.8,11.3,12.3,11.5,12.7,12.1,12.3,11.7,12.2,11.8,12.1,12.3,11.5,11.8,12,11.9,12.1,12.1,12.4,12.1,11.9,11.7,11.9,12.1,12.1,11.8,12.1,12.1,12.2,11.5,11.9,11.6,11.6,11.9,11.9,11.7,12.1,12.2,12.2,11.6,11.7,11.9,12.2,12.2,12.4,12.1,11.5,12.4,11.7,12.4,11.7,12.2,11.9,11.6,12.2,11.7,12.4,11.6,11.5,12.7,12.4,11.8,11.6,11.6,12,12.1,11.7,12.2,12.1,12.1,12,12.1,12.1,11.5,12,11.8,12.2,12.2,12.3,11.2,12.1,12.3,12.3,11.5,12.3,12.4,12.2,11.5,12.3,12,11.8,12.2,11.5,11.6,11.8,11.8,11.4,12.7,11.9,12,11.7,12.2,12.4,12.1,12.6,11.8,12.3,12.3,12,12,11.6,12.1,11.8,11.8,12.3,12,12.1,11.3,11.8,11.3,11.2,11.9,12.2,12.3,11.9,11.6,12.4,11.8,12,11.7,11.8,11.7,12.1,12,12.1,12.2,12.3,12,12.5,12.6,12.2,12.3,11.8,12.4,11.5,11.8,11.6,11.9,11.9,12.2,12.1,12.5,11.8,12.2,12.3,12.2,12.1,12.5,12.2,12,12,12.2,12.1,12.5,11.6,12.1,12.1,12.1,12.3,11.7,11.3,11.7,11.3,11.6,12.3,12.3,12.3,11.4,11.4,12,12.1,11.3,12,11.9,11.8,12.1,11.8,12.5,11.8,12.2,11.9,12.4,11.9,11.9,11.9,11.8,11.8,11.8,12.1,11.8,12.1,12,12.5,11.7,12.1,11.8,11.9,12.4,11.7,11.9,12.4,11.7,12.5,11.5,12.2,12.2,11.6,12,12,12.2,12.3,12.2,12.2,12.2,12.1,11.8,12,12.1,12.1,11.7,12.1,11.7,12,11.8,12,11.6,11.9,11.8,12.1,12.6,12.1,11.9,11.8,11.4,11.8,12.4,12.3,11.8,12.3,11.9,12.1,12,12.1,12.6,12.3,11.6,12,12.3,11.8,11.9,11.9,11.6,12.1,11.8,11.9,11.9,12,11.8,12.3,12,11.7,12.2,12,12.1,11.8,11.8,12.5,12.4,11.7,11.7,12.1,11.7,12.2,12,12.2,11.6,12.3,12.5,11.7,12,11.8,11.9,12.1,12,12,12,11.7,12,11.9,12.1,11.2,12.8,12.1,11.6,12.1,11.7,12.6,12.4,11.6,11.8,12,11.6,12.1,12,11.7,12.1,12.4,12.3,11.8,12,12.2,12.3,11.9,12.3,11.7,12.2,12.4,11.4,11.8,12.1,11.9,12.2,11.8,11.9,12.3,12.2,12.2,12.1,11.5,12,12.1,11.7,13,11.9,12,11.8,12,11.8,12.2,12.1,12.2,12.3,11.9,12.4,11.9,12.2,11.8,12,12.3,11.8,12.1,12.3,12.2,11.9,11.8,11.8,12.2,12.3,12.3,12.7,12.2,11.9,12.4,12.2,11.3,12.1,11.5,12.3,11.7,12,11.5]}},{"type":"Feature","geometry":{"type":"LineString","coordinates":[[74.8514,8.1129],[74.8439,8.1108],[74.824,8.105],[74.8106,8.1011],[74.7903,8.0955],[74.7767,8.0925],[74.7568,8.0871],[74.7431,8.0837],[74.722,8.0789],[74.7092,8.0757],[74.6884,8.0702],[74.6748,8.0669],[74.6543,8.061],[74.641,8.0574],[74.6207,8.0517],[74.6068,8.0479],[74.5857,8.0419],[74.5723,8.0384],[74.5521,8.0326],[74.539,8.0295],[74.518,8.0239],[74.5047,8.0205],[74.484,8.0153],[74.4698,8.0122],[74.4493,8.0069],[74.4364,8.0031],[74.4155,7.9979],[74.4016,7.9944],[74.3814,7.99],[74.3676,7.987],[74.3474,7.9824],[74.3333,7.9789],[74.3119,7.9743],[74.2986,7.971],[74.2781,7.9667],[74.2642,7.964],[74.243,7.9596],[74.2294,7.9568],[74.2092,7.9526],[74.1954,7.9495],[74.1744,7.9453],[74.1604,7.9424],[74.1399,7.938],[74.1259,7.9351],[74.1054,7.9304],[74.0917,7.9277],[74.0708,7.9226],[74.057,7.919],[74.0368,7.9136],[74.0231,7.9107],[74.0026,7.9049],[73.9891,7.9017],[73.9689,7.8962],[73.9554,7.8929],[73.9347,7.8877],[73.9212,7.8843],[73.9004,7.879],[73.8873,7.8757],[73.8662,7.8705],[73.8528,7.8667],[73.832,7.8614],[73.8184,7.8576],[73.7978,7.8521],[73.7846,7.8487],[73.7648,7.8429],[73.751,7.8395],[73.7309,7.8338],[73.7173,7.8299],[73.697,7.8237],[73.6835,7.8193],[73.6631,7.813],[73.6502,7.8089],[73.6297,7.8023],[73.6162,7.7985],[73.5964,7.7918],[73.5828,7.7872],[73.5629,7.7807],[73.5499,7.7761],[73.53,7.7687],[73.5169,7.764],[73.4965,7.757],[73.4832,7.7524],[73.463,7.7451],[73.4504,7.7408],[73.4305,7.7333],[73.417,7.7284],[73.3973,7.7214],[73.384,7.7169],[73.3643,7.7102],[73.3507,7.7057],[73.3309,7.6988],[73.3173,7.6944],[73.297,7.6875],[73.2836,7.6827],[73.2633,7.6761],[73.2499,7.6716],[73.2296,7.6648],[73.2159,7.6607],[73.1962,7.6542],[73.1826,7.6493],[73.1623,7.6429],[73.1493,7.6392],[73.1288,7.633],[73.1153,7.6288],[73.0958,7.6231],[73.0819,7.6189],[73.0613,7.6134],[73.0478,7.6096],[73.0273,7.6043],[73.0141,7.6],[72.9928,7.5941],[72.98,7.5906],[72.9592,7.5849],[72.9454,7.5815],[72.9253,7.5756],[72.9121,7.5719],[72.8921,7.5658],[72.8784,7.5619],[72.8583,7.5562],[72.8454,7.5524],[72.8247,7.5462],[72.8113,7.5421],[72.7913,7.536],[72.7781,7.5322],[72.7577,7.5262],[72.7445,7.5228],[72.7241,7.5166],[72.7103,7.5128],[72.6899,7.5076],[72.6759,7.5037],[72.656,7.4987],[72.6426,7.4953],[72.6223,7.4899],[72.6088,7.4865],[72.5881,7.4809],[72.5742,7.477],[72.5533,7.4718],[72.5399,7.4681],[72.5193,7.4626],[72.5063,7.4592],[72.4853,7.4533],[72.4716,7.4498],[72.4514,7.4444],[72.4375,7.4405],[72.4171,7.4352],[72.404,7.4315],[72.3834,7.4258],[72.3701,7.422],[72.3496,7.4163],[72.336,7.4129],[72.3157,7.4077]]},"properties":{"mmsi":993955073,"name":"Tanker 5073","role":"background","vessel_type":80,"synthetic":true,"t_offset_s":[41316,41436,41796,42036,42396,42636,42996,43236,43596,43836,44196,44436,44796,45036,45396,45636,45996,46236,46596,46836,47196,47436,47796,48036,48396,48636,48996,49236,49596,49836,50196,50436,50796,51036,51396,51636,51996,52236,52596,52836,53196,53436,53796,54036,54396,54636,54996,55236,55596,55836,56196,56436,56796,57036,57396,57636,57996,58236,58596,58836,59196,59436,59796,60036,60396,60636,60996,61236,61596,61836,62196,62436,62796,63036,63396,63636,63996,64236,64596,64836,65196,65436,65796,66036,66396,66636,66996,67236,67596,67836,68196,68436,68796,69036,69396,69636,69996,70236,70596,70836,71196,71436,71796,72036,72396,72636,72996,73236,73596,73836,74196,74436,74796,75036,75396,75636,75996,76236,76596,76836,77196,77436,77796,78036,78396,78636,78996,79236,79596,79836,80196,80436,80796,81036,81396,81636,81996,82236,82596,82836,83196,83436,83796,84036,84396,84636,84996,85236,85596,85836,86196],"sog":[12.3,13.2,13,11.9,12.2,12.1,12.5,12.2,12.6,12.5,11.9,12.3,12.7,11.7,12.5,12.7,12.8,12.3,12.5,12.3,12.9,12.2,12.4,12.7,12.7,12.3,12.4,12.2,12,12.4,12.1,12.6,13.1,12.1,12.2,13.2,12.9,11.9,12.2,12.4,12.7,12.4,12.3,12.8,13,12.5,12.8,13,12.2,12.4,12.2,12.5,12.5,11.9,12.7,12.3,12.6,12.6,12.2,12.2,12.6,12.9,12.4,12.5,12.1,12.8,12.6,12.5,12.9,12.5,12.8,12,12.4,12.2,12.8,12.7,12.3,12.7,12.5,12.3,13,12.7,12.3,12.1,12.4,12.3,12.2,12.4,12.5,12.5,12.7,12.6,12.5,12.5,12.1,13.3,12.3,12.8,12.5,12.7,12.6,12.1,12.6,13.1,11.9,12.7,13,12.7,12,12.5,12.6,12.4,12.5,12.4,12.5,12.3,12.9,12.5,12.7,11.9,12.9,12.2,12.4,12.3,12.2,12.2,12.5,12.9,12.7,12.7,12.5,11.9,12.3,12.7,12.5,12.9,12.5,12.6,12.3,12.2,12.7,12.8,12.6,12.7,12.7,12,12.8,12.6,12.7,12.6,12.7]}},{"type":"Feature","geometry":{"type":"LineString","coordinates":[[74.9858,8.14],[75.0064,8.1456],[75.0197,8.1491],[75.0396,8.1539],[75.0534,8.1576],[75.0735,8.1628],[75.088,8.1664],[75.1087,8.172],[75.1226,8.1755],[75.1426,8.1809],[75.1558,8.1845],[75.1762,8.1904],[75.1894,8.194],[75.2098,8.1998],[75.2232,8.2037],[75.2432,8.2093],[75.257,8.2132],[75.277,8.2195],[75.2904,8.2239],[75.3104,8.2303],[75.3232,8.2343],[75.3433,8.2404],[75.3567,8.2448],[75.3768,8.251],[75.3904,8.2554],[75.4104,8.2621],[75.4235,8.2664],[75.4435,8.2734],[75.457,8.2781],[75.477,8.2845],[75.4906,8.2893],[75.5106,8.2957],[75.5246,8.3001],[75.5444,8.3072],[75.5574,8.3118],[75.5775,8.3185],[75.5907,8.3224],[75.6104,8.3287],[75.6242,8.3329],[75.644,8.339],[75.6573,8.3433],[75.6774,8.3496],[75.6907,8.3534],[75.7108,8.3599],[75.7239,8.3644],[75.7434,8.3707],[75.7569,8.3751],[75.7759,8.3822],[75.7898,8.387],[75.8096,8.3942],[75.8235,8.3989],[75.843,8.4065],[75.8558,8.4111],[75.8763,8.4187],[75.8895,8.424],[75.9094,8.4321],[75.9223,8.4372],[75.9415,8.4454],[75.9544,8.4508],[75.9743,8.4594],[75.9867,8.465],[76.0057,8.4732],[76.0184,8.4794],[76.0378,8.488],[76.0504,8.4944],[76.0697,8.5034],[76.0829,8.5093],[76.1026,8.5185],[76.1153,8.524],[76.1343,8.5329],[76.1476,8.5389],[76.167,8.5477],[76.1795,8.5537],[76.199,8.5626],[76.2113,8.5689],[76.2304,8.579],[76.2431,8.5855],[76.2615,8.5957],[76.2742,8.6021],[76.2936,8.6116],[76.3063,8.6183],[76.3256,8.6277],[76.3383,8.6338],[76.3572,8.6436],[76.3701,8.6494],[76.3883,8.6583],[76.4009,8.6647],[76.4204,8.6745],[76.4332,8.6807],[76.4523,8.6906],[76.4645,8.6966],[76.4838,8.7062],[76.4965,8.7125],[76.516,8.7212],[76.5284,8.7275],[76.548,8.736],[76.5605,8.7422],[76.5803,8.7513],[76.5924,8.7574],[76.6122,8.7666],[76.6248,8.7728],[76.6436,8.7821],[76.6567,8.788],[79.1685,9.941],[79.1815,9.9454],[79.2015,9.9528],[79.215,9.9572],[79.2352,9.9647],[79.248,9.9694],[79.2684,9.9767],[79.2816,9.9817],[79.3014,9.9888],[79.3145,9.9942],[79.3344,10.0013],[79.3473,10.0061],[79.3683,10.0135],[79.3809,10.0181],[79.4009,10.0252],[79.4138,10.03],[79.4338,10.037],[79.4471,10.0419],[79.4671,10.0484],[79.4804,10.0529],[79.5007,10.0595],[79.5137,10.0642],[79.5336,10.0709],[79.5469,10.0757],[79.5668,10.0829],[79.5799,10.0874],[79.5996,10.0942],[79.6129,10.0989],[79.6331,10.1063],[79.6463,10.1104],[79.6665,10.1169],[79.6801,10.1214],[79.6994,10.1279],[79.713,10.1327],[79.7336,10.1398],[79.7471,10.1442],[79.7671,10.1515],[79.78,10.1562],[79.8002,10.1624],[79.8136,10.1669],[79.8336,10.1732],[79.8473,10.1771],[79.868,10.1831],[79.8813,10.1871],[79.9019,10.1927],[79.9152,10.1961],[79.9356,10.2017],[79.9495,10.205],[79.9699,10.2105],[79.9841,10.2147],[80.0046,10.2202],[80.0185,10.2239],[80.0389,10.2297],[80.053,10.2337],[80.073,10.2397],[80.0861,10.2434],[80.1069,10.2492],[80.1201,10.2529],[80.1403,10.2582],[80.1538,10.262],[80.1744,10.2674],[80.1881,10.2711],[80.2081,10.2768],[80.2217,10.2804],[80.2418,10.2865],[80.2554,10.2909],[80.2753,10.2972],[80.2887,10.3014],[80.3096,10.3077],[80.3231,10.3116],[80.3431,10.3175],[80.3567,10.3214]]},"properties":{"mmsi":993959684,"name":"Cargo 9684","role":"candidate","vessel_type":70,"synthetic":true,"t_offset_s":[-63242,-62882,-62642,-62282,-62042,-61682,-61442,-61082,-60842,-60482,-60242,-59882,-59642,-59282,-59042,-58682,-58442,-58082,-57842,-57482,-57242,-56882,-56642,-56282,-56042,-55682,-55442,-55082,-54842,-54482,-54242,-53882,-53642,-53282,-53042,-52682,-52442,-52082,-51842,-51482,-51242,-50882,-50642,-50282,-50042,-49682,-49442,-49082,-48842,-48482,-48242,-47882,-47642,-47282,-47042,-46682,-46442,-46082,-45842,-45482,-45242,-44882,-44642,-44282,-44042,-43682,-43442,-43082,-42842,-42482,-42242,-41882,-41642,-41282,-41042,-40682,-40442,-40082,-39842,-39482,-39242,-38882,-38642,-38282,-38042,-37682,-37442,-37082,-36842,-36482,-36242,-35882,-35642,-35282,-35042,-34682,-34442,-34082,-33842,-33482,-33242,-32882,-32642,14518,14758,15118,15358,15718,15958,16318,16558,16918,17158,17518,17758,18118,18358,18718,18958,19318,19558,19918,20158,20518,20758,21118,21358,21718,21958,22318,22558,22918,23158,23518,23758,24118,24358,24718,24958,25318,25558,25918,26158,26518,26758,27118,27358,27718,27958,28318,28558,28918,29158,29518,29758,30118,30358,30718,30958,31318,31558,31918,32158,32518,32758,33118,33358,33718,33958,34318,34558,34918,35158,35518,35758],"sog":[12.5,12.6,11.9,12.4,12.3,12.7,13.1,12.3,12.9,12.5,12.1,12.5,11.9,12.5,12.7,12.5,12.6,12.4,12.8,12.4,12.1,12.7,12.5,12.5,12.6,12.4,12.7,11.9,12.7,12.8,12.5,12.7,12.6,12.8,12.3,12.4,12,12.3,12.5,12.8,12.4,12.7,11.9,12.7,12.2,12.3,11.9,12.5,12.4,11.9,13.2,12.6,12.4,13.1,12.6,13.4,12.2,11.8,12.5,12.9,12.6,12.7,12.5,12.7,12.4,12.6,13,12.9,12.7,13.2,12.8,12.7,12.2,12.5,12.6,13,13.2,12.7,12.7,12.3,12.5,12.7,12.6,12.7,12.5,12.1,12.6,12.8,12.7,12.8,12.3,12.3,12.7,12.7,12.6,12.7,13,12.7,12.2,12.7,12.7,12.4,12.5,12.7,12.4,12.7,13,13,12.5,13.2,12.8,12.7,12.9,12.5,12.6,13,12.5,12.7,12.4,12.9,12.7,12.3,12.5,12.2,12.4,12.3,12.2,12.9,12.3,12.5,12.2,12.9,12.4,12.6,12.5,12,12.7,12.9,12.7,12.7,12.6,12.4,12.5,12.5,12.6,12.4,12.7,12.8,12.5,13,12.8,13,13.3,12.1,12.7,12.9,12.9,12.6,11.9,12.5,12.3,12.1,12.5,12.4,12.9,12.3,12.2,12.4,12.3,12.9,12.4,12.6,12.3,12.8,12.8]}},{"type":"Feature","geometry":{"type":"LineString","coordinates":[[74.306,7.9847],[74.293,7.9808],[74.2734,7.9753],[74.2599,7.9721],[74.2399,7.9662],[74.2267,7.9624],[74.207,7.9573],[74.1937,7.9537],[74.1738,7.9486],[74.1607,7.9446],[74.1413,7.9391],[74.1278,7.9354],[74.1081,7.9297],[74.0947,7.9261],[74.0752,7.9203],[74.0618,7.9167],[74.0428,7.9112],[74.0292,7.9077],[74.0092,7.9024],[73.9962,7.8986],[73.9767,7.8932],[73.9637,7.8892],[73.9442,7.8835],[73.931,7.8795],[73.9116,7.8735],[73.8986,7.8696],[73.8785,7.8639],[73.865,7.8602],[73.8452,7.8547],[73.8324,7.8512],[73.8122,7.8451],[73.7995,7.8415],[73.7792,7.8366],[73.7662,7.833],[73.746,7.8277],[73.7324,7.8247],[73.7123,7.8195],[73.6993,7.8167],[73.6793,7.8117],[73.6668,7.8084],[73.6469,7.8037],[73.6333,7.8011],[73.6137,7.7964],[73.6004,7.7936],[73.5804,7.7894],[73.5667,7.787],[73.5465,7.7833],[73.5329,7.7805],[73.5127,7.7768],[73.4989,7.7745],[73.4785,7.771],[73.465,7.769],[73.444,7.7655],[73.4311,7.7633],[73.411,7.7602],[73.3976,7.7576],[73.3774,7.7543],[73.3638,7.7521],[73.3436,7.7486],[73.3301,7.7462],[73.3099,7.7429],[73.2969,7.7405],[73.2764,7.7374],[73.2632,7.7354],[73.2423,7.7324],[73.2295,7.7301],[73.2084,7.727],[73.1943,7.725],[73.1749,7.7227],[73.1614,7.7203],[73.1408,7.7177],[73.1273,7.7159],[73.1068,7.7128],[73.0933,7.7106],[73.073,7.7077],[73.0596,7.7054],[73.0392,7.7025],[73.026,7.7006],[73.0052,7.6976],[72.9916,7.6957],[72.9714,7.6926],[72.9577,7.6905],[72.9376,7.6871],[72.9236,7.6846],[72.9035,7.6815],[72.8902,7.679],[72.87,7.6755],[72.8564,7.6737],[72.8365,7.67],[72.8234,7.668],[72.8036,7.6649],[72.7897,7.6625],[72.7695,7.6592],[72.7561,7.6568],[72.7356,7.6534],[72.7219,7.6513],[72.7012,7.6482],[72.688,7.6459],[72.6677,7.642],[72.6547,7.6403],[72.634,7.6366],[72.6204,7.6344],[72.6,7.631],[72.5865,7.6289],[72.5665,7.6259],[72.5522,7.6241],[72.5321,7.6215],[72.518,7.6196],[72.4977,7.6173],[72.4842,7.6159],[72.4632,7.6135],[72.4498,7.6118],[72.4291,7.6095],[72.4158,7.6077],[72.3958,7.6053],[72.3819,7.6034],[72.3614,7.6011],[72.3478,7.5995],[72.3274,7.5969],[72.3139,7.595],[72.2941,7.5924],[72.2802,7.5905],[72.2604,7.5883],[72.2466,7.5864],[72.2266,7.5838],[72.2133,7.5824],[72.1925,7.5799],[72.1792,7.5781],[72.1586,7.5752],[72.1448,7.5733],[72.1242,7.5709],[72.111,7.5691],[72.0901,7.5663],[72.0763,7.5649],[72.0557,7.5622],[72.0419,7.5601],[72.0216,7.5577],[72.0076,7.5558],[71.9873,7.5532],[71.9736,7.5513],[71.9532,7.5482],[71.9396,7.5459],[71.9195,7.5426],[71.9061,7.5405],[71.8858,7.537],[71.8723,7.5347],[71.8521,7.531],[71.8388,7.5283],[71.8184,7.5243],[71.8049,7.5214],[71.7847,7.5165],[71.7711,7.5143],[71.7512,7.51],[71.738,7.5062],[71.7184,7.5009],[71.7054,7.4973],[71.6847,7.4921],[71.6716,7.4879],[71.6519,7.4822],[71.6386,7.4781],[71.6193,7.4724],[71.6063,7.4683],[71.5866,7.4622],[71.5742,7.4582],[71.5544,7.4516],[71.5415,7.4471],[71.5217,7.4401],[71.5089,7.4361],[71.4899,7.4295],[71.4772,7.4252],[71.4581,7.4185],[71.445,7.4142],[71.4261,7.4065],[71.4134,7.4018],[71.3944,7.3952],[71.3811,7.3901],[71.3616,7.3839],[71.349,7.3796],[71.3291,7.3726],[71.3158,7.3678],[71.2963,7.3615],[71.2838,7.3568],[71.2642,7.3504],[71.251,7.3461],[71.2315,7.34],[71.2178,7.3358],[71.1982,7.3299],[71.1843,7.3256],[71.1648,7.32],[71.1522,7.3159],[71.132,7.3105],[71.1189,7.3068],[71.0991,7.3012],[71.0857,7.2978],[71.0661,7.2932],[71.0527,7.2896],[71.0329,7.2846],[71.0193,7.2813],[70.9997,7.2762],[70.9863,7.2726],[70.9662,7.2672],[70.9527,7.2634],[70.9332,7.2588],[70.9197,7.2558],[70.8997,7.2516],[70.8861,7.2487],[70.8655,7.2441],[70.8518,7.2419],[70.832,7.2379],[70.8185,7.2349],[70.7984,7.231],[70.7848,7.2282],[70.7645,7.2241],[70.751,7.2216],[70.731,7.2174],[70.7175,7.2151],[70.6974,7.2113],[70.6846,7.2089],[70.6638,7.2055],[70.6502,7.203],[70.6295,7.1999],[70.6158,7.1975],[70.5959,7.1943],[70.5824,7.1916],[70.5621,7.1886],[70.549,7.1865],[70.5288,7.183],[70.5156,7.1811],[70.4948,7.1775],[70.4814,7.1753],[70.4607,7.1725],[70.4479,7.1704],[70.4278,7.1675],[70.4144,7.1653],[70.3945,7.1619],[70.3812,7.1597],[70.361,7.1564]]},"properties":{"mmsi":994136335,"name":"Cargo 6335","role":"candidate","vessel_type":70,"synthetic":true,"t_offset_s":[-118369,-118129,-117769,-117529,-117169,-116929,-116569,-116329,-115969,-115729,-115369,-115129,-114769,-114529,-114169,-113929,-113569,-113329,-112969,-112729,-112369,-112129,-111769,-111529,-111169,-110929,-110569,-110329,-109969,-109729,-109369,-109129,-108769,-108529,-108169,-107929,-107569,-107329,-106969,-106729,-106369,-106129,-105769,-105529,-105169,-104929,-104569,-104329,-103969,-103729,-103369,-103129,-102769,-102529,-102169,-101929,-101569,-101329,-100969,-100729,-100369,-100129,-99769,-99529,-99169,-98929,-98569,-98329,-97969,-97729,-97369,-97129,-96769,-96529,-96169,-95929,-95569,-95329,-94969,-94729,-94369,-94129,-93769,-93529,-93169,-92929,-92569,-92329,-91969,-91729,-91369,-91129,-90769,-90529,-90169,-89929,-89569,-89329,-88969,-88729,-88369,-88129,-87769,-87529,-87169,-86929,-86569,-86329,-85969,-85729,-85369,-85129,-84769,-84529,-84169,-83929,-83569,-83329,-82969,-82729,-82369,-82129,-81769,-81529,-81169,-80929,-80569,-80329,-79969,-79729,-79369,-79129,-78769,-78529,-78169,-77929,-77569,-77329,-76969,-76729,-76369,-76129,-75769,-75529,-75169,-74929,-74569,-74329,-73969,-73729,-73369,-73129,-72769,-72529,-72169,-71929,-71569,-71329,-70969,-70729,-70369,-70129,-69769,-69529,-69169,-68929,-68569,-68329,-67969,-67729,-67369,-67129,-66769,-66529,-66169,-65929,-65569,-65329,-64969,-64729,-64369,-64129,-63769,-63529,-63169,-62929,-62569,-62329,-61969,-61729,-61369,-61129,-60769,-60529,-60169,-59929,-59569,-59329,-58969,-58729,-58369,-58129,-57769,-57529,-57169,-56929,-56569,-56329,-55969,-55729,-55369,-55129,-54769,-54529,-54169,-53929,-53569,-53329,-52969,-52729,-52369,-52129,-51769,-51529,-51169,-50929,-50569,-50329,-49969,-49729,-49369,-49129,-48769,-48529,-48169,-47929,-47569],"sog":[12,12.4,12.3,12.7,12.2,11.8,12.3,12.1,12.1,12.4,12,12.1,12.9,12,12.2,11.9,12.3,12.2,12.4,12,11.3,12.3,12,11.8,12.1,12,12.5,12.3,12.4,11.9,12.3,11.9,12,12.3,12.4,12.3,12.1,12.3,11.8,11.9,12,12,12.3,12.4,12.2,12.3,12.2,12.3,12.3,11.8,12.5,12.5,12.7,11.7,12.1,12.3,12.3,12.3,12.2,11.9,11.8,12.3,11.8,12.4,12.6,12,12.2,12.5,12.3,11.7,12.6,12.1,12.2,12.2,12.6,12.4,12.2,11.9,12.3,11.9,12.2,12.2,12.5,12.6,12.1,11.8,12.2,12.2,11.9,11.7,12.1,12.3,12.2,12.7,12.1,12.1,12.6,11.8,12.3,11.8,12.1,12.4,12.3,11.7,11.8,12.3,12.5,12.3,12,11.8,12.4,12.5,12.2,11.8,11.9,12.3,11.9,12.4,12.1,11.9,12.2,12.6,11.5,11.9,12.3,12.3,12.2,11.9,12.2,12.1,12.4,11.9,12.6,12.4,12.1,12.4,12.1,12.6,12.2,12.3,11.9,12.4,12.4,11.8,12.1,11.7,12.3,12.2,12.3,12,12.4,12.5,12,12.1,12,12,12.1,12.3,12.2,12.2,12.1,12,12.3,12.4,12.5,12.3,12.6,12,11.9,11.7,12.1,12.3,12,11.4,12.4,12.5,12,12,12.7,12.8,12.6,12.1,12.1,12.4,12,12.7,12.2,12.3,12.4,11.7,12.1,12,12.6,11.9,11.9,12.4,11.9,12.4,12.4,12.6,12.5,12.1,11.7,11.9,12.1,12.2,12.1,12.4,11.9,12.5,12.5,12.1,12.2,12.1,12.5,12,12.4,12.1,12,12.4,12.2,12.5,12.1,12.1,12.2,11.8,11.9,12.2,12.3,12.2,12.2,11.9,11.6,11.7,12.1,12,11.7]}},{"type":"Feature","geometry":{"type":"LineString","coordinates":[[72.6495,7.4884],[72.6563,7.4904],[72.6698,7.4943],[72.6904,7.4998],[72.7039,7.5038],[72.724,7.5095],[72.7376,7.5134],[72.7576,7.5187],[72.771,7.5228],[72.7907,7.5283],[72.8044,7.5327],[72.8244,7.5387],[72.8383,7.543],[72.8583,7.5495],[72.8716,7.554],[72.8914,7.5606],[72.9048,7.5653],[72.925,7.5724],[72.9382,7.5771],[72.9581,7.5837],[72.971,7.5882],[72.9914,7.5945],[73.0053,7.5989],[73.0252,7.605],[73.0388,7.6094],[73.0593,7.6159],[73.0726,7.6203],[73.0925,7.627],[73.1057,7.6316],[73.1252,7.6381],[73.1384,7.6426],[73.1585,7.6497],[73.1717,7.6544],[73.1913,7.6615],[73.2042,7.6662],[73.2246,7.6738],[73.2377,7.6787],[73.2578,7.6863],[73.2707,7.6914],[73.2908,7.6994],[73.3041,7.704],[73.3239,7.7114],[73.3373,7.7165],[73.3567,7.7239],[73.3698,7.7289],[73.3901,7.7364],[73.4034,7.7413],[73.4224,7.7489],[73.436,7.7538],[73.4554,7.7616],[73.4683,7.7667],[73.4877,7.7743],[73.501,7.7795],[73.5199,7.7877],[73.5327,7.7935],[73.5521,7.8015],[73.5647,7.8065],[73.5843,7.8145],[73.5973,7.8201],[73.6166,7.8288],[73.63,7.834],[73.649,7.8428],[73.6618,7.8483],[73.6815,7.8564],[73.6949,7.8618],[73.7144,7.8693],[73.728,7.8746],[73.7472,7.8819],[73.7601,7.8869],[73.7795,7.8948],[73.7927,7.9],[73.812,7.9082],[73.8252,7.9134],[73.845,7.9216],[73.8581,7.9264],[73.8777,7.9345],[73.8912,7.9394],[73.911,7.9466],[73.9242,7.9514],[73.9437,7.9589],[73.9568,7.9639],[73.977,7.9718],[73.9904,7.9775],[74.0104,7.985],[74.0235,7.99],[74.0432,7.9977],[74.0569,8.0028],[74.0767,8.0104],[74.089,8.0151],[74.1091,8.0225],[74.1223,8.0275],[74.1421,8.0353],[74.1549,8.0405],[74.1746,8.048],[74.1877,8.0534],[74.2075,8.0613],[74.2203,8.0671],[74.2399,8.076],[74.2526,8.0816],[74.2712,8.09],[74.2835,8.0964],[74.3027,8.1054],[74.3156,8.1113],[74.335,8.1201],[74.3474,8.1258],[74.3664,8.1343],[74.3789,8.1406],[74.3983,8.1484],[74.4113,8.1539],[74.4303,8.1622],[74.4435,8.1676],[74.4629,8.1755],[74.4762,8.181],[74.4959,8.1885],[74.5089,8.1937],[74.5285,8.2014],[74.5412,8.2062],[74.5607,8.2137],[74.5738,8.219],[74.5935,8.2265],[74.6067,8.2318],[74.6256,8.2391],[74.639,8.2447],[74.6584,8.2521],[74.6714,8.2574],[74.6913,8.2654],[74.7043,8.2703],[74.7232,8.2778],[74.7364,8.2832],[74.7564,8.2906],[74.7697,8.2962],[74.7895,8.3042],[74.8023,8.3098],[74.8228,8.3181],[74.8351,8.3234],[74.8549,8.3317],[74.8683,8.3372],[74.8876,8.3451],[74.9007,8.3504],[74.9196,8.3588],[74.933,8.3645],[74.9522,8.3729],[74.9645,8.3783],[74.9839,8.3868],[74.9967,8.3929],[75.0159,8.4008],[75.029,8.4061],[75.049,8.4137],[75.0618,8.4189],[75.0814,8.4267],[75.0946,8.4321],[75.1137,8.4399],[75.1268,8.4454],[75.1462,8.4534],[75.1587,8.459],[75.1777,8.4671],[75.1909,8.4732],[75.2093,8.482],[75.2227,8.4879],[75.2417,8.4967],[75.2548,8.5022],[75.2742,8.5109],[75.2877,8.5166],[75.307,8.5246],[75.3201,8.5302],[75.3403,8.5383],[75.3534,8.5436],[75.373,8.5519],[75.3854,8.5573],[75.4049,8.5652],[75.418,8.5708],[75.4373,8.579],[75.4501,8.5842],[75.4692,8.593],[75.4821,8.5982],[75.5018,8.6063],[75.5145,8.6119],[75.5337,8.6198],[75.5465,8.6253],[75.5662,8.6332],[75.5792,8.6385],[75.5991,8.6461],[75.6122,8.6513],[75.6321,8.6588],[75.6457,8.6639],[75.6651,8.6712],[75.6777,8.676],[75.6982,8.6834],[75.7115,8.6883],[75.731,8.6956],[75.7444,8.7007],[75.7643,8.7085],[75.7775,8.7134],[75.7971,8.7213],[75.8104,8.7261],[75.83,8.7337],[75.8429,8.7388],[75.8626,8.7462],[75.8757,8.7512],[75.8947,8.7589],[75.9083,8.7637],[75.9279,8.7717],[75.9408,8.7773],[75.9602,8.785],[75.9726,8.7906],[75.992,8.7984],[76.0049,8.804],[76.0247,8.8115],[76.0373,8.8167],[76.0569,8.8241],[76.0696,8.8288],[76.0899,8.8366],[76.1029,8.8414],[76.1228,8.8489],[76.1357,8.8539],[76.1553,8.8622],[76.1677,8.8673],[76.1882,8.8761],[76.2011,8.8819],[76.2198,8.8895],[76.2331,8.8949],[76.253,8.9029],[76.2658,8.9081],[76.285,8.916],[76.298,8.9211],[76.3179,8.9295],[76.331,8.9347],[76.3505,8.943],[76.3637,8.9479],[76.3835,8.9554],[76.3968,8.9605],[76.416,8.9683],[76.4299,8.9734],[76.449,8.9812],[76.4623,8.9862],[76.4823,8.9936],[76.495,8.9982],[76.5153,9.0052]]},"properties":{"mmsi":994529131,"name":"Cargo 9131","role":"candidate","vessel_type":70,"synthetic":true,"t_offset_s":[-48291,-48171,-47931,-47571,-47331,-46971,-46731,-46371,-46131,-45771,-45531,-45171,-44931,-44571,-44331,-43971,-43731,-43371,-43131,-42771,-42531,-42171,-41931,-41571,-41331,-40971,-40731,-40371,-40131,-39771,-39531,-39171,-38931,-38571,-38331,-37971,-37731,-37371,-37131,-36771,-36531,-36171,-35931,-35571,-35331,-34971,-34731,-34371,-34131,-33771,-33531,-33171,-32931,-32571,-32331,-31971,-31731,-31371,-31131,-30771,-30531,-30171,-29931,-29571,-29331,-28971,-28731,-28371,-28131,-27771,-27531,-27171,-26931,-26571,-26331,-25971,-25731,-25371,-25131,-24771,-24531,-24171,-23931,-23571,-23331,-22971,-22731,-22371,-22131,-21771,-21531,-21171,-20931,-20571,-20331,-19971,-19731,-19371,-19131,-18771,-18531,-18171,-17931,-17571,-17331,-16971,-16731,-16371,-16131,-15771,-15531,-15171,-14931,-14571,-14331,-13971,-13731,-13371,-13131,-12771,-12531,-12171,-11931,-11571,-11331,-10971,-10731,-10371,-10131,-9771,-9531,-9171,-8931,-8571,-8331,-7971,-7731,-7371,-7131,-6771,-6531,-6171,-5931,-5571,-5331,-4971,-4731,-4371,-4131,-3771,-3531,-3171,-2931,-2571,-2331,-1971,-1731,-1371,-1131,-771,-531,-171,69,429,669,1029,1269,1629,1869,2229,2469,2829,3069,3429,3669,4029,4269,4629,4869,5229,5469,5829,6069,6429,6669,7029,7269,7629,7869,8229,8469,8829,9069,9429,9669,10029,10269,10629,10869,11229,11469,11829,12069,12429,12669,13029,13269,13629,13869,14229,14469,14829,15069,15429,15669,16029,16269,16629,16869,17229,17469,17829,18069,18429,18669,19029,19269,19629,19869,20229,20469,20829,21069,21429,21669,22029,22269,22629],"sog":[12.4,12.2,12.7,12.5,12.1,12.7,12.6,12.2,12.3,12.3,12.9,12.4,12.2,12.4,12.1,12.6,12.5,12.6,12.3,13,12.7,12.5,13,12.7,12.4,13,12.6,12.7,12.3,12.5,12.6,12.9,12.7,12.1,12.2,12.7,13.1,12.5,12.5,12.9,12.5,12.4,12.9,12.1,12.3,12.9,12.6,12.1,12.6,12.6,12.3,12.3,12.4,12.6,12.6,12,12.3,12.6,12.3,12.6,12.9,12.6,12.3,12.5,12.9,13.1,12.5,12.2,12.4,12.7,12.9,12.9,12.2,13.3,12.6,12.7,12.9,12.4,12.7,12.3,12.1,12.5,12.6,12.9,12.7,13,12.7,12.7,11.6,12.2,12.7,12.7,12.2,12.7,12.6,13.2,12.2,13.1,12.7,12,12.3,12.7,13,12.3,12.6,12.3,12.7,12.5,12.4,12.4,12.3,12.6,12.5,12.6,12.5,12.2,12.2,12.3,12.6,12.9,12.8,12.3,12.6,12.1,12.4,12.7,12.3,11.9,12.8,12.9,12.8,12.9,12.6,13.1,12.7,12.8,13.1,12.7,12.8,12.1,12.9,12.2,12.2,12.3,12.4,12.7,12.8,12.9,12.1,12.4,12.6,12.5,12.9,12.3,12.6,12.1,12.5,12.3,12.5,12.4,12.6,12.7,12.5,12.7,12.9,12.2,12.6,12.7,12,12.3,12.5,12.6,12.4,12.2,12.5,12.6,12.7,12.9,12.5,12.5,12.8,12.9,12.5,12.6,12.9,12.3,12.1,12.6,12.3,12.1,12.6,12.5,12.6,12.7,12.7,12.7,12.3,12,12.3,12.1,12.8,12.5,12.6,12.7,12.5,12.3,12.3,12.6,12.4,12.3,12.3,12.9,12.6,12.1,12,12.5,12.5,13.3,12.8,12.1,12.8,12.4,12.3,12.6,12.4,12.6,12.2,12.4,12.7,12.5,12.6,12.6,12.8,12.5,12.7,12.4,12.4,13.2]}},{"type":"Feature","geometry":{"type":"LineString","coordinates":[[73.187,11.5698],[73.187,11.5566],[73.1871,11.5373],[73.1869,11.5245],[73.1865,11.5053],[73.1864,11.4922],[73.1859,11.4727],[73.1852,11.4596],[73.1857,11.4407],[73.1856,11.4276],[73.1862,11.4089],[73.1863,11.396],[73.1868,11.3766],[73.1871,11.3636],[73.1875,11.3443],[73.1877,11.3309],[73.1877,11.3116],[73.188,11.2989],[73.1878,11.2799],[73.1878,11.2671],[73.1877,11.2476],[73.1875,11.2349],[73.1871,11.2159],[73.1868,11.2034],[73.1862,11.1838],[73.1863,11.1709],[73.1863,11.1515],[73.1865,11.1388],[73.1866,11.1194],[73.1866,11.1061],[73.1867,11.0864],[73.1865,11.0729],[73.1871,11.0537],[73.1876,11.0418],[73.188,11.0223],[73.1881,11.0088],[73.1883,10.9896],[73.1882,10.9769],[73.1887,10.9582],[73.1882,10.9448],[73.1888,10.9257],[73.1888,10.9126],[73.1885,10.8932],[73.1886,10.8807],[73.1888,10.8613],[73.1887,10.8483],[73.1887,10.8291],[73.1887,10.8166],[73.1888,10.7978],[73.1893,10.7845],[73.1899,10.7647],[73.1905,10.752],[73.1915,10.7326],[73.1917,10.7192],[73.1927,10.7001],[73.1932,10.6874],[73.1941,10.6678],[73.1948,10.6548],[73.1957,10.6357],[73.1966,10.6227],[73.1976,10.6033],[73.198,10.5908],[73.199,10.5712],[73.2001,10.5584],[73.2013,10.5395],[73.2019,10.5266],[73.2032,10.5072],[73.2045,10.4947],[73.2054,10.4753],[73.2063,10.4621],[73.2077,10.4423],[73.209,10.4295],[73.21,10.4102],[73.2107,10.3972],[73.2122,10.3775],[73.2126,10.365],[73.2141,10.3456],[73.2147,10.3327],[73.2155,10.314],[73.2165,10.3006],[73.2174,10.2812],[73.218,10.2683],[73.2192,10.2489],[73.2197,10.2358],[73.2204,10.2161],[73.2211,10.2034],[73.2222,10.1839],[73.2229,10.171],[73.2238,10.151],[73.225,10.1383],[73.2263,10.1186],[73.2269,10.1058],[73.228,10.0866],[73.229,10.0734],[73.2302,10.0545],[73.2308,10.0415],[73.2316,10.0218],[73.2321,10.0092],[73.233,9.9897],[73.2342,9.9765],[73.2351,9.9578],[73.2364,9.9449],[73.2374,9.9256],[73.2378,9.9131],[73.239,9.8936],[73.2397,9.8808],[73.2404,9.8615],[73.2411,9.8487],[73.2415,9.8297],[73.2417,9.817],[73.2422,9.7973],[73.2425,9.7844],[73.2425,9.7651],[73.2428,9.7525],[73.2433,9.7328],[73.2431,9.7202],[73.2439,9.7007],[73.2439,9.6879],[73.244,9.6684],[73.244,9.6558],[73.2438,9.6365],[73.2441,9.6232],[73.2438,9.6038],[73.2435,9.5912],[73.2432,9.5725],[73.2427,9.5596],[73.2423,9.5401],[73.2417,9.5272],[73.2417,9.5076],[73.2414,9.4948],[73.2409,9.4756],[73.2407,9.4625],[73.2407,9.4428],[73.2404,9.4301],[73.2405,9.4107],[73.2406,9.398],[73.2405,9.3786],[73.2408,9.3656],[73.2413,9.3467],[73.242,9.3334],[73.2433,9.3137],[73.2441,9.3008],[73.2452,9.281],[73.2456,9.2684],[73.2471,9.2495],[73.2476,9.2363],[73.2481,9.217],[73.2489,9.2038],[73.2495,9.1848],[73.2501,9.172],[73.2506,9.1528],[73.2514,9.1396],[73.2516,9.1206],[73.2522,9.1078],[73.2535,9.0883],[73.2538,9.0756],[73.2548,9.0566],[73.2559,9.0432],[73.2568,9.0238],[73.258,9.0109],[73.259,8.9917],[73.2604,8.9792],[73.262,8.96],[73.263,8.9473],[73.2647,8.9283],[73.2663,8.9159],[73.2683,8.8961],[73.2697,8.8828],[73.2717,8.8636],[73.2735,8.8507],[73.2751,8.8315],[73.2766,8.8186],[73.2783,8.7991],[73.2792,8.7863],[73.2815,8.7675],[73.2826,8.755],[73.2846,8.7357],[73.2856,8.7228],[73.2867,8.7033],[73.2879,8.6901],[73.2896,8.6712],[73.2901,8.6584],[73.2923,8.6393],[73.2939,8.6264],[73.2958,8.6074],[73.297,8.5946],[73.2997,8.5746],[73.3007,8.5615],[73.303,8.5423],[73.3046,8.5293],[73.3066,8.5104],[73.3078,8.4975],[73.3098,8.4784],[73.3103,8.466],[73.3117,8.447],[73.3129,8.4337],[73.3148,8.414],[73.3164,8.4013],[73.3184,8.3821],[73.3192,8.369],[73.3205,8.35],[73.3215,8.337],[73.3227,8.3183],[73.3239,8.3055],[73.3255,8.2857],[73.3267,8.2729],[73.3281,8.2542],[73.329,8.2408],[73.3303,8.2214],[73.3314,8.2088],[73.3326,8.1903],[73.3339,8.1776],[73.3353,8.158],[73.3367,8.1451],[73.3376,8.1258],[73.3383,8.1125],[73.3393,8.093],[73.3403,8.0801],[73.3413,8.061],[73.3417,8.0479],[73.3431,8.0285],[73.3439,8.0153],[73.3444,7.9956],[73.345,7.9829],[73.3453,7.9643],[73.3455,7.9512],[73.346,7.9321],[73.3464,7.9192],[73.3468,7.9001],[73.3472,7.8871],[73.3467,7.8673],[73.3467,7.8544],[73.3466,7.8352],[73.3466,7.8222],[73.3469,7.8028],[73.3474,7.7896],[73.3478,7.7701],[73.3482,7.7574],[73.348,7.7378],[73.3482,7.725],[73.3475,7.7052],[73.3469,7.6925],[73.3462,7.6734],[73.3457,7.6609],[73.3453,7.6417],[73.3449,7.6289],[73.3445,7.609],[73.3444,7.5961],[73.3442,7.5764],[73.3441,7.5638],[73.344,7.5448],[73.3439,7.5317],[73.3445,7.5124],[73.3447,7.4997],[73.3452,7.4806],[73.3456,7.4677],[73.3464,7.4485],[73.3471,7.4356],[73.3471,7.4164],[73.3474,7.4035],[73.3479,7.3842],[73.3484,7.3707],[73.3482,7.3511],[73.3487,7.3389]]},"properties":{"mmsi":994827065,"name":"Cargo 7065","role":"background","vessel_type":70,"synthetic":true,"t_offset_s":[7344,7584,7944,8184,8544,8784,9144,9384,9744,9984,10344,10584,10944,11184,11544,11784,12144,12384,12744,12984,13344,13584,13944,14184,14544,14784,15144,15384,15744,15984,16344,16584,16944,17184,17544,17784,18144,18384,18744,18984,19344,19584,19944,20184,20544,20784,21144,21384,21744,21984,22344,22584,22944,23184,23544,23784,24144,24384,24744,24984,25344,25584,25944,26184,26544,26784,27144,27384,27744,27984,28344,28584,28944,29184,29544,29784,30144,30384,30744,30984,31344,31584,31944,32184,32544,32784,33144,33384,33744,33984,34344,34584,34944,35184,35544,35784,36144,36384,36744,36984,37344,37584,37944,38184,38544,38784,39144,39384,39744,39984,40344,40584,40944,41184,41544,41784,42144,42384,42744,42984,43344,43584,43944,44184,44544,44784,45144,45384,45744,45984,46344,46584,46944,47184,47544,47784,48144,48384,48744,48984,49344,49584,49944,50184,50544,50784,51144,51384,51744,51984,52344,52584,52944,53184,53544,53784,54144,54384,54744,54984,55344,55584,55944,56184,56544,56784,57144,57384,57744,57984,58344,58584,58944,59184,59544,59784,60144,60384,60744,60984,61344,61584,61944,62184,62544,62784,63144,63384,63744,63984,64344,64584,64944,65184,65544,65784,66144,66384,66744,66984,67344,67584,67944,68184,68544,68784,69144,69384,69744,69984,70344,70584,70944,71184,71544,71784,72144,72384,72744,72984,73344,73584,73944,74184,74544,74784,75144,75384,75744,75984,76344,76584,76944,77184,77544,77784,78144,78384,78744,78984,79344,79584,79944,80184,80544,80784,81144,81384,81744,81984,82344,82584,82944,83184,83544,83784,84144,84384,84744,84984,85344,85584,85944,86184],"sog":[11.6,11.6,11.4,11.4,11.3,11.4,11.5,11.8,11.7,12.1,11.5,11.9,11.5,11.6,11.3,11.8,11.5,11.2,11.2,11.6,11.1,11.4,11.4,11.4,11.5,11.8,12.3,11.5,11.6,11.6,11.9,12.1,11.5,10.9,11.5,12.1,11.8,11.4,11.1,11.6,11.7,11.9,11.8,11.3,11.6,11.6,11.4,11.5,11.1,12,11.6,11.6,11.9,11.3,11.6,11.3,11.4,11.9,11.4,11.5,11.6,11.6,11.6,11.7,11.5,11.6,12.1,11.2,11.5,11.9,11.4,11.5,11.5,11.7,11.9,11.3,11.8,11.6,11.2,12,11.8,11.3,11.6,11.6,11.9,11.3,11.4,11.9,11.8,11.5,11.9,11.4,11.6,11.6,11.5,11.7,11.2,11.4,11.6,11.9,11.2,11.5,11.7,11.3,11.7,11.6,11.4,11.7,11.2,11.2,11.3,11.8,11.3,11.7,12.2,11.4,11.3,11.9,11.6,11.1,11.6,11.7,11.6,11.3,11.6,11.7,11.6,12.1,11.7,11.1,11.6,12,11.7,11.9,11.3,11.4,11.4,11.9,11.5,11.8,11.7,11.2,11.6,11.4,11.8,11.6,11.7,11.6,11.4,11.8,11.4,12.2,11.3,11.9,11.6,11.7,10.8,11.4,11,11.5,11,11.3,11.7,11.9,11.4,11.1,11.5,12.1,11.5,11.5,11.8,11.8,11.5,11.6,11.5,11,11.4,12,11.8,12.2,11.1,11.3,11.5,11.5,11.1,11.4,11.8,11.6,11.5,11.5,11.7,11.9,11.5,11.2,11.2,11.8,11.7,11.6,11.5,11.5,11.4,11.9,11.4,11.5,11.8,11.7,11.3,11.9,11.9,11.3,10.7,11.8,11.6,11.8,11.9,11.5,11.8,11.9,11.4,11.5,11.6,11.7,12,11.4,11.7,11.4,11.7,11.5,11.5,12,11.6,11.5,11.4,12,11.7,11.3,12.1,11.3,11.8,11.7,11.5,10.7,11.6,11.6,11.6,11.5,11.8,11.2,11.6,11.3,11.4,11.8,11.6,11.5,11.4,11.7,11.6,10.8,11.7,11.4,11.6,12.2,11.9,11.2]}},{"type":"Feature","geometry":{"type":"LineString","coordinates":[[75.8884,8.9404],[75.8879,8.9396],[75.886,8.9389],[75.8848,8.9363],[75.885,8.9349],[75.8866,8.9328],[75.8884,8.931],[75.8903,8.9274],[75.89,8.9249],[75.889,8.9224],[75.8896,8.9194],[75.8896,8.9164],[75.8887,8.9156],[75.8868,8.9172],[75.886,8.9197],[75.8833,8.9201],[75.8805,8.9215],[75.8762,8.9227],[75.8737,8.921],[75.8742,8.9183],[75.8733,8.9159],[75.8711,8.9162],[75.8693,8.9169],[75.8651,8.9199],[75.8639,8.9211],[75.8617,8.9235],[75.8607,8.9251],[75.8615,8.9277],[75.8622,8.9287],[75.8658,8.9303],[75.8675,8.932],[75.8693,8.9345],[75.8705,8.9361],[75.8745,8.9366],[75.8767,8.9378],[75.8804,8.9393],[75.8821,8.9411],[75.8816,8.9448],[75.8832,8.9486],[75.8832,8.9513],[75.8843,8.9536],[75.8857,8.957],[75.8859,8.9584],[75.8909,8.9608],[75.8926,8.9607],[75.8972,8.958],[75.9003,8.9586],[75.9033,8.9567],[75.9033,8.9535],[75.9031,8.9493],[75.902,8.9477],[75.9032,8.9451],[75.9039,8.9442],[75.9048,8.9412],[75.9018,8.9399],[75.8997,8.9404],[75.896,8.9415],[75.895,8.9397],[75.896,8.9375],[75.8976,8.9337],[75.8983,8.9314],[75.9014,8.9305],[75.9046,8.9308],[75.9075,8.9336],[75.909,8.9358],[75.9106,8.9375],[75.9116,8.9394],[75.9139,8.9409],[75.9156,8.9429],[75.9161,8.9448],[75.917,8.9476],[75.9156,8.9498],[75.9141,8.9507],[75.911,8.9512],[75.9092,8.9501],[75.9075,8.95],[75.9053,8.949],[75.9015,8.9483],[75.9,8.9486],[75.899,8.9512],[75.8993,8.9552],[75.8968,8.9579],[75.8962,8.9593],[75.8959,8.9613],[75.898,8.9639],[75.8992,8.966],[75.9007,8.9685],[75.9012,8.972],[75.902,8.9747],[75.901,8.9776],[75.8984,8.9782],[75.894,8.9789],[75.8933,8.981],[75.8906,8.9835],[75.8899,8.9859],[75.8892,8.9873],[75.8885,8.9896],[75.89,8.9911],[75.8928,8.9913],[75.8951,8.9904],[75.8976,8.9893],[75.8995,8.9869],[75.9006,8.9853],[75.902,8.9829],[75.904,8.9802],[75.9068,8.9756],[75.907,8.9719],[75.9062,8.9692],[75.9062,8.9667],[75.9035,8.9634],[75.9029,8.9615],[75.9014,8.9606],[75.8993,8.96],[75.8956,8.9578],[75.8946,8.9551],[75.8959,8.9519],[75.8984,8.9506],[75.9001,8.9488],[75.9,8.946],[75.8982,8.9434],[75.8958,8.9422],[75.8928,8.9433],[75.8899,8.9442],[75.8862,8.9436],[75.8847,8.9428],[75.8799,8.9426],[75.8776,8.9423],[75.8752,8.9397],[75.8756,8.9376],[75.8756,8.9338],[75.8743,8.9319],[75.8776,8.9294],[75.88,8.9297],[75.8823,8.928],[75.884,8.9278],[75.8882,8.9297],[75.8896,8.9319],[75.89,8.934],[75.8887,8.9342],[75.8859,8.933],[75.8845,8.9313],[75.8796,8.928],[75.8771,8.9268],[75.8751,8.9252],[75.8754,8.9241],[75.8768,8.9213],[75.8796,8.9215],[75.8827,8.9204],[75.8853,8.9191],[75.8897,8.9162],[75.8922,8.9146],[75.8956,8.9141],[75.9003,8.9122],[75.9015,8.9095],[75.9031,8.9083],[75.9077,8.9092],[75.91,8.9109],[75.9117,8.9141],[75.9125,8.9149],[75.9158,8.9146],[75.9182,8.9144],[75.923,8.9134],[75.9246,8.915],[75.9245,8.9196],[75.9255,8.921],[75.9279,8.9228],[75.9283,8.9245],[75.9312,8.9276],[75.9324,8.9273],[75.9335,8.9243],[75.9338,8.9241],[75.9363,8.9212],[75.9374,8.9201],[75.9414,8.9207],[75.9422,8.9234],[75.9415,8.9266],[75.9406,8.9286],[75.9388,8.9313],[75.937,8.933],[75.9339,8.9324],[75.9317,8.9327],[75.9283,8.9337],[75.9261,8.9339],[75.9238,8.9349],[75.9221,8.9363],[75.9201,8.9403],[75.9195,8.9421],[75.9204,8.947],[75.9225,8.9485],[75.9257,8.9507],[75.9276,8.9518],[75.9313,8.9518],[75.9335,8.9528],[75.9347,8.9549],[75.9341,8.9569],[75.9332,8.9607],[75.9313,8.9619],[75.9293,8.9642],[75.928,8.9669],[75.9267,8.9699],[75.9301,8.9713],[75.9331,8.9691],[75.935,8.9692],[75.9371,8.9702],[75.939,8.9726],[75.9406,8.975],[75.9417,8.9773],[75.9438,8.9766],[75.9448,8.9747],[75.9456,8.9722],[75.9469,8.9721],[75.9493,8.9713],[75.9527,8.9696],[75.9553,8.9671],[75.9566,8.9652],[75.9591,8.9634],[75.9609,8.9622],[75.9627,8.9612],[75.966,8.9604],[75.9692,8.9604],[75.9711,8.9606],[75.9734,8.9618],[75.9759,8.9623],[75.978,8.9641],[75.9805,8.9661],[75.983,8.969],[75.9847,8.9703],[75.9873,8.9718],[75.989,8.9737],[75.9908,8.9778],[75.9912,8.9796],[75.9944,8.9817],[75.9974,8.9832],[76.0003,8.9849],[76.0024,8.9857],[76.0026,8.9895],[76.0039,8.9926],[76.0035,8.9943],[76.0047,8.9961],[76.0038,9.0013],[76.003,9.0032],[76.0002,9.0058],[75.9993,9.0065],[75.9974,9.0091],[75.9963,9.0098],[75.9936,9.0114],[75.9939,9.0145],[75.9923,9.0179],[75.993,9.0192],[75.9945,9.0226],[75.995,9.0242],[75.9957,9.027],[75.9963,9.0291],[75.9971,9.0322],[75.9959,9.0351],[75.9982,9.0383],[76.0002,9.0404],[76.0028,9.0431],[76.0066,9.0426],[76.0095,9.0426],[76.0122,9.0441],[76.0162,9.0441],[76.0188,9.0444],[76.0212,9.0474],[76.0227,9.0492],[76.0274,9.0514],[76.0307,9.0505],[76.0341,9.0487],[76.0343,9.047],[76.0365,9.0433],[76.0383,9.0406],[76.0416,9.0396],[76.0434,9.0395],[76.0454,9.0418],[76.0478,9.044],[76.0488,9.0475],[76.0496,9.0494],[76.051,9.0529],[76.0531,9.0531],[76.0553,9.0556],[76.0562,9.0567],[76.0567,9.0612],[76.0568,9.0644],[76.0551,9.0651],[76.0523,9.066],[76.0491,9.0653],[76.0463,9.0655],[76.042,9.0658],[76.0413,9.0664],[76.0395,9.0688],[76.0374,9.0702],[76.037,9.0742],[76.0363,9.0757],[76.0344,9.0785],[76.0328,9.079],[76.0311,9.0775],[76.032,9.0743],[76.0313,9.0695],[76.0309,9.0671],[76.0315,9.0638],[76.0305,9.0607],[76.0284,9.057],[76.0266,9.0576],[76.0246,9.0602],[76.0224,9.0623],[76.0207,9.0617],[76.0193,9.0603],[76.0172,9.0582],[76.0172,9.0578],[76.0165,9.0556],[76.0156,9.0549],[76.0166,9.0515],[76.0172,9.0509],[76.0163,9.0472],[76.0148,9.0477],[76.0117,9.0482],[76.0111,9.0498],[76.0095,9.0529],[76.008,9.0543],[76.0065,9.056],[76.0056,9.0595],[76.0085,9.0624],[76.01,9.0625],[76.0144,9.062],[76.017,9.0597],[76.0196,9.0573],[76.021,9.0566],[76.022,9.0542],[76.0215,9.0542],[76.0187,9.0521],[76.0177,9.0515],[76.0152,9.0505],[76.0138,9.0507],[76.0103,9.0498],[76.0078,9.0506],[76.0042,9.0514],[76.0026,9.0536],[75.9984,9.0524],[75.9981,9.0506],[75.9997,9.0461],[76.0003,9.0434],[76.0025,9.0435],[76.0037,9.0452],[76.0064,9.0475],[76.0087,9.0479],[76.0123,9.0469],[76.0133,9.0473],[76.0161,9.0488],[76.0187,9.0474],[76.0213,9.0464],[76.0238,9.0461],[76.0277,9.0486],[76.0284,9.0505],[76.0269,9.0533],[76.026,9.0542],[76.0227,9.0552],[76.0203,9.054],[76.017,9.0533],[76.0136,9.0539],[76.0091,9.0545],[76.008,9.0557],[76.0064,9.0563],[76.0038,9.0552],[76.0024,9.0542],[76.0025,9.052],[76.0042,9.0497],[76.005,9.0482],[76.0064,9.0475],[76.0089,9.0493],[76.0135,9.0467],[76.0143,9.0455],[76.0152,9.0425],[76.0167,9.0419],[76.0173,9.0402],[76.018,9.0387],[76.0199,9.036],[76.0206,9.034],[76.0223,9.0311],[76.0254,9.0295],[76.0277,9.0279],[76.0298,9.0257],[76.0293,9.0219],[76.027,9.0213],[76.0234,9.0221],[76.0227,9.0214],[76.0203,9.0212],[76.0192,9.0194],[76.0146,9.0175],[76.0132,9.0164],[76.0107,9.0144],[76.0095,9.0133],[76.0088,9.0104],[76.0076,9.0092],[76.0089,9.0071],[76.0108,9.0056],[76.0131,9.0059],[76.0155,9.0044],[76.0167,9.0021],[76.0172,9.0006],[76.0167,8.9996],[76.0156,8.9984],[76.0126,8.9978],[76.0098,8.9969],[76.0059,8.9958],[76.0051,8.994],[76.0053,8.991],[76.0034,8.9879],[76.004,8.9851],[76.0036,8.9831],[76.0039,8.9804],[76.0052,8.978],[76.0066,8.9752],[76.0088,8.9747],[76.0113,8.9741],[76.0122,8.9733],[76.014,8.9705],[76.0153,8.9691],[76.0166,8.9684],[76.0178,8.9676],[76.0206,8.9665],[76.0231,8.9669],[76.0271,8.9669],[76.0286,8.965],[76.0311,8.9636],[76.0324,8.9637],[76.0347,8.9657],[76.0359,8.9658],[76.0391,8.9691],[76.0383,8.9702],[76.0372,8.9717],[76.0352,8.9694],[76.0339,8.9671],[76.0346,8.9649],[76.0379,8.963],[76.0399,8.9621],[76.0432,8.9629],[76.0447,8.964],[76.0479,8.9626],[76.0493,8.9611],[76.0516,8.9588],[76.0533,8.9559],[76.0557,8.9523],[76.0559,8.9495],[76.056,8.945],[76.058,8.942],[76.0598,8.9398],[76.0605,8.9376],[76.0614,8.9353],[76.0637,8.9366],[76.0641,8.9378],[76.063,8.9405],[76.0635,8.943],[76.0643,8.9454],[76.0651,8.9491],[76.0655,8.9509],[76.0663,8.9538],[76.0676,8.9545],[76.0697,8.9575],[76.0702,8.9596],[76.0696,8.9624],[76.0677,8.9624],[76.0655,8.962],[76.0628,8.9609],[76.0623,8.9565],[76.064,8.9556],[76.0627,8.9507],[76.0615,8.9495],[76.0607,8.948],[76.0595,8.9464],[76.0585,8.942],[76.0585,8.9413],[76.0579,8.9387],[76.0565,8.937],[76.0547,8.9364],[76.0522,8.9342],[76.0523,8.932],[76.0513,8.9288],[76.0496,8.927],[76.0466,8.928],[76.0432,8.9274],[76.0429,8.9256],[76.0426,8.9223],[76.0422,8.9204],[76.0425,8.9181],[76.0442,8.9152],[76.0453,8.9129],[76.0452,8.9093],[76.0459,8.906],[76.0459,8.904],[76.0422,8.9008],[76.0404,8.9015],[76.0391,8.9026],[76.037,8.903],[76.0351,8.9014],[76.0335,8.9006],[76.0306,8.8978],[76.0285,8.8957],[76.025,8.8953],[76.0233,8.8962],[76.02,8.8971],[76.0185,8.8951],[76.0183,8.8922],[76.0187,8.8919],[76.0204,8.8929],[76.0224,8.894],[76.0268,8.8959],[76.0288,8.8972],[76.0307,8.9005],[76.0322,8.9019],[76.0345,8.9054],[76.0348,8.9064],[76.033,8.9096],[76.0326,8.9103],[76.0321,8.9115],[76.0318,8.914],[76.0304,8.9177],[76.0291,8.9203],[76.0269,8.9242],[76.0266,8.9263],[76.0279,8.9297],[76.0303,8.9307],[76.0299,8.9322],[76.0307,8.9352],[76.0315,8.9368],[76.032,8.9393],[76.0362,8.9417],[76.038,8.9431],[76.0394,8.9451],[76.0402,8.9481],[76.0401,8.9526],[76.0403,8.9544],[76.0416,8.9569],[76.0432,8.9582],[76.0464,8.9583],[76.05,8.9607],[76.0521,8.9621],[76.055,8.9645],[76.0575,8.9651],[76.0597,8.9658],[76.0622,8.9664],[76.0634,8.9659],[76.066,8.9652],[76.0672,8.9641],[76.0712,8.9618],[76.0729,8.9605],[76.077,8.9601],[76.0799,8.9602],[76.0823,8.9606],[76.0842,8.9611],[76.0869,8.9608],[76.0889,8.9616],[76.0904,8.9629],[76.0921,8.9644],[76.0944,8.9668],[76.0954,8.9673],[76.0977,8.9707],[76.0981,8.9723],[76.0991,8.9745],[76.0997,8.9751],[76.1016,8.9751],[76.1041,8.9749],[76.1064,8.9765],[76.107,8.9774],[76.1041,8.9794],[76.1035,8.9816],[76.1032,8.9827],[76.1025,8.9852],[76.102,8.9881],[76.1027,8.9912],[76.1018,8.995],[76.1026,8.9961],[76.1044,8.9999],[76.1037,9.0017],[76.1055,9.0044],[76.1067,9.0065],[76.1109,9.008],[76.1122,9.0065],[76.1142,9.0053],[76.1149,9.005],[76.116,9.0022],[76.1152,9],[76.1158,8.9964],[76.1135,8.994],[76.1109,8.9929],[76.1103,8.9918],[76.1096,8.9882],[76.1111,8.9864],[76.1125,8.9844],[76.114,8.9841],[76.1162,8.9851],[76.1162,8.9862],[76.1189,8.9891],[76.1193,8.9912],[76.1168,8.9932],[76.1147,8.9936],[76.1126,8.9927],[76.1103,8.991],[76.1082,8.9915],[76.106,8.9922],[76.1031,8.9921],[76.1003,8.9926],[76.0941,8.9913],[76.0922,8.9897],[76.0908,8.9858],[76.0915,8.983],[76.0916,8.9801],[76.0931,8.9782],[76.0924,8.9747],[76.091,8.9738],[76.0867,8.9723],[76.0855,8.9717],[76.0822,8.97],[76.0799,8.969],[76.0777,8.9688],[76.0756,8.9681],[76.073,8.9655],[76.0687,8.9658],[76.0675,8.9684],[76.0667,8.971],[76.0677,8.9749],[76.0698,8.9755],[76.0735,8.9757],[76.0748,8.9761],[76.0776,8.979],[76.0799,8.9812],[76.0838,8.9838],[76.0856,8.9847],[76.0883,8.9867],[76.0878,8.9879],[76.0855,8.9899],[76.0844,8.9909],[76.0828,8.9919],[76.0814,8.9918],[76.078,8.9926],[76.0768,8.9921],[76.0726,8.9907],[76.071,8.9908],[76.0688,8.9936],[76.0689,8.9956],[76.0695,8.9973],[76.0704,8.9991],[76.0684,8.9997],[76.0673,9.0004],[76.0639,9.0019],[76.0641,9.0041],[76.0639,9.0073],[76.0655,9.0086],[76.0669,9.0072],[76.0675,9.0058],[76.0689,9.0045],[76.0723,9.0043],[76.0756,9.0039],[76.0772,9.0032],[76.0829,9.0011],[76.0856,9.0024],[76.0856,9.0085],[76.0847,9.0103],[76.0823,9.012],[76.0794,9.0119],[76.0777,9.0122],[76.0745,9.0101],[76.0729,9.0097],[76.0724,9.0108],[76.0717,9.014],[76.0716,9.0158],[76.0703,9.0182],[76.0689,9.0201],[76.0677,9.0229],[76.0669,9.0255],[76.0659,9.0272],[76.0642,9.0285],[76.0607,9.029],[76.0583,9.0291],[76.0548,9.03],[76.0543,9.03],[76.0518,9.029],[76.0522,9.0274],[76.0525,9.0244],[76.0514,9.0231],[76.0481,9.0223],[76.0448,9.0228],[76.0428,9.0226],[76.0414,9.0209],[76.0387,9.0174],[76.0373,9.015],[76.0361,9.0109],[76.0338,9.0097],[76.033,9.0069],[76.0313,9.0066],[76.0269,9.006],[76.0253,9.0054],[76.0231,9.0029],[76.0225,9.0012],[76.0201,8.9978],[76.0192,8.998],[76.0165,8.9986],[76.015,8.9991],[76.0118,8.9998],[76.011,9.0009],[76.0081,9.0005],[76.0062,8.9985],[76.0057,8.9948],[76.0033,8.9932],[76.0023,8.9917],[76,8.9903],[75.9992,8.9886],[75.9988,8.9862],[76.0003,8.9829],[76.0011,8.9812],[76.0007,8.9791],[76.0004,8.9759],[76.002,8.9715],[76.0026,8.9679],[76.0022,8.9644],[76.0024,8.9629],[75.9996,8.9603],[75.9978,8.9611],[75.9935,8.9616],[75.9918,8.9624],[75.9913,8.9641],[75.9921,8.9649],[75.9943,8.9673],[75.9951,8.9687],[75.996,8.9719],[75.9952,8.9745],[75.9949,8.9791],[75.9954,8.9815],[75.9946,8.9835],[75.9947,8.9845],[75.9975,8.9865],[76.0003,8.9839],[76.001,8.9813],[76.0007,8.9794],[76.0016,8.9756],[76.0014,8.9727],[76.0023,8.9697],[76.004,8.9681],[76.0023,8.9662],[76.0001,8.9648],[75.9999,8.9609],[76.0007,8.9594],[76.002,8.9575],[76.0034,8.9577],[76.007,8.9579],[76.0073,8.9563],[76.0102,8.955],[76.012,8.9551],[76.0162,8.9568],[76.0172,8.9584],[76.0168,8.9623],[76.0163,8.9632],[76.0153,8.9665],[76.0162,8.968],[76.0153,8.9703],[76.0169,8.9724],[76.0203,8.9728],[76.0221,8.9721],[76.0246,8.9734],[76.0259,8.9748],[76.0274,8.9769],[76.0272,8.9783],[76.029,8.9817],[76.0299,8.9839],[76.0341,8.9844],[76.0346,8.983],[76.037,8.9792],[76.0367,8.9777],[76.0397,8.9743],[76.0413,8.9722],[76.0409,8.969],[76.0397,8.9667],[76.0387,8.9635],[76.0409,8.9609],[76.0419,8.9575],[76.0421,8.9564],[76.0426,8.9538],[76.0422,8.9527],[76.0421,8.9489],[76.0427,8.9466],[76.0445,8.9433],[76.0471,8.9427],[76.0477,8.9403],[76.0487,8.9382],[76.0501,8.9345],[76.052,8.9334],[76.0541,8.9313],[76.0549,8.9308],[76.0581,8.9298],[76.0603,8.9308],[76.0616,8.9349],[76.0618,8.9366],[76.0621,8.9392],[76.0619,8.9417],[76.0613,8.9446],[76.0607,8.9463],[76.0634,8.9487],[76.0633,8.9501],[76.0613,8.9514],[76.0586,8.9487],[76.0541,8.9474],[76.0511,8.946],[76.049,8.9447],[76.0473,8.9434],[76.0453,8.9402],[76.0426,8.9403],[76.0394,8.9392],[76.039,8.9381],[76.0373,8.9353],[76.0373,8.9337],[76.0397,8.9308],[76.041,8.9283],[76.0418,8.9258],[76.0401,8.9253],[76.0387,8.9225],[76.0384,8.9205],[76.0376,8.9181],[76.038,8.9154],[76.0394,8.9126],[76.0411,8.9094],[76.044,8.9057],[76.0448,8.9036],[76.0441,8.9004],[76.0436,8.899],[76.0417,8.8981],[76.0394,8.8977],[76.0378,8.9001],[76.0381,8.9013],[76.0378,8.9044],[76.0384,8.9075],[76.0383,8.9108],[76.038,8.9135],[76.0359,8.9155],[76.034,8.9184],[76.0351,8.9229],[76.0363,8.9254],[76.0383,8.926],[76.0406,8.9263],[76.0437,8.9276],[76.0444,8.9272],[76.0461,8.9264],[76.0479,8.9242],[76.0495,8.9211],[76.0503,8.9197],[76.0533,8.9192],[76.0536,8.9218],[76.0538,8.9248],[76.0543,8.9261],[76.0545,8.929],[76.0548,8.9323],[76.0555,8.9351],[76.058,8.9366],[76.0583,8.9409],[76.058,8.9428],[76.0601,8.946],[76.0625,8.9483],[76.0631,8.9507],[76.0635,8.9518],[76.0656,8.9549],[76.067,8.9573],[76.0701,8.9612],[76.072,8.962],[76.0752,8.9645],[76.0758,8.9653],[76.0796,8.9666],[76.0827,8.9651],[76.0858,8.9668],[76.0881,8.9672],[76.0922,8.9673],[76.0931,8.9684],[76.0954,8.9699],[76.0972,8.971],[76.0968,8.9736],[76.0951,8.9756],[76.093,8.9773],[76.0898,8.9787],[76.0858,8.977],[76.0829,8.9775],[76.0806,8.9785],[76.0791,8.9784],[76.0768,8.9781],[76.0744,8.9805],[76.0725,8.9816],[76.0719,8.9834],[76.0712,8.986],[76.071,8.9874],[76.0675,8.9887],[76.065,8.989],[76.0629,8.9884],[76.0616,8.9882],[76.0606,8.9848],[76.0614,8.9813],[76.0642,8.9797],[76.0639,8.977],[76.0646,8.9761],[76.065,8.9747],[76.0685,8.9711],[76.0714,8.9714],[76.0729,8.9742],[76.0754,8.9753],[76.0775,8.9735],[76.0778,8.9711],[76.0782,8.97],[76.0784,8.9681],[76.0767,8.964],[76.0754,8.9604],[76.0743,8.9586],[76.0742,8.9576],[76.0764,8.9584],[76.0764,8.9599],[76.0756,8.9625],[76.0753,8.9642],[76.0741,8.9671],[76.0739,8.9676],[76.0753,8.9704],[76.0758,8.9712],[76.0739,8.9741],[76.0715,8.9761],[76.0713,8.9792],[76.0731,8.9811],[76.0749,8.9838],[76.0762,8.9853],[76.0745,8.989],[76.0743,8.9903],[76.0752,8.9934],[76.0736,8.9973],[76.0721,8.9995],[76.0707,9.0013],[76.0678,9.0029],[76.0658,9.0038],[76.0624,9.0025],[76.0606,9.0014],[76.0576,9.0036],[76.0566,9.005],[76.0591,9.0077],[76.0611,9.0094],[76.065,9.0106],[76.0652,9.0124],[76.0683,9.0154],[76.0705,9.015],[76.0743,9.015],[76.0771,9.0159],[76.0784,9.0189],[76.0773,9.0206],[76.0735,9.0215],[76.0726,9.0202],[76.0702,9.0165],[76.069,9.015],[76.0682,9.0124],[76.0682,9.0106],[76.0669,9.0095],[76.0657,9.0077],[76.066,9.0046],[76.0656,9.003],[76.0645,8.998],[76.0619,8.9962],[76.0616,8.9953],[76.0601,8.9917],[76.0587,8.9878],[76.0575,8.9837],[76.0599,8.9822],[76.0609,8.9797],[76.0624,8.9771],[76.0617,8.9755],[76.0584,8.9732],[76.057,8.9722],[76.0584,8.9687],[76.0588,8.967],[76.06,8.9633],[76.0587,8.9615],[76.0612,8.9598],[76.0624,8.9598],[76.0654,8.9586],[76.068,8.9577],[76.0708,8.9557],[76.0709,8.9523],[76.0694,8.9497],[76.0672,8.9494],[76.066,8.9465],[76.0655,8.9444],[76.0631,8.9428],[76.0609,8.9426],[76.0595,8.9463],[76.0598,8.9485],[76.0573,8.9536],[76.0548,8.9542],[76.0516,8.9554],[76.0499,8.9578],[76.0476,8.9608],[76.0456,8.963],[76.0439,8.965],[76.0432,8.9671],[76.0441,8.9699],[76.0444,8.9709],[76.0437,8.9741],[76.0441,8.9771],[76.0437,8.9801],[76.0445,8.9827],[76.0449,8.985],[76.0458,8.9897],[76.0445,8.992],[76.0448,8.9924],[76.0409,8.9944],[76.0369,8.9938],[76.034,8.9955],[76.032,8.997],[76.028,8.9978],[76.0263,8.997],[76.0253,8.9956],[76.0257,8.9944],[76.0282,8.9935],[76.0287,8.9958],[76.0301,8.9991],[76.0303,9.0002],[76.0291,9.0017],[76.0293,9.0052],[76.0301,9.0094],[76.0297,9.0103],[76.0266,9.0124],[76.0256,9.0147],[76.0251,9.0178],[76.0265,9.0193],[76.0269,9.0221],[76.0287,9.0244],[76.029,9.0296],[76.0287,9.0321],[76.0277,9.0338],[76.0262,9.0371],[76.0239,9.039],[76.0221,9.0388],[76.0211,9.0387],[76.0185,9.0386],[76.0162,9.0364],[76.0147,9.0364],[76.0126,9.0366],[76.0115,9.0369],[76.0093,9.0335],[76.0096,9.0304],[76.0107,9.0265],[76.0118,9.0241],[76.0161,9.0224],[76.0164,9.0209],[76.0154,9.0172],[76.0135,9.0154],[76.0094,9.0126],[76.0086,9.0106],[76.0053,9.0082],[76.0042,9.0072],[76.0031,9.0047],[76.0011,9.0024],[75.9991,9.001],[75.9959,9.0014],[75.9922,8.9994],[75.9915,8.9988],[75.9884,8.9959],[75.9867,8.9943],[75.9827,8.9953],[75.9816,8.9959],[75.9779,8.9953],[75.9754,8.9951],[75.9732,8.9948],[75.9721,8.9951],[75.9693,8.9955],[75.9666,8.996],[75.9632,8.9976],[75.963,8.9998],[75.9642,9.0018],[75.9643,9.0047],[75.9661,9.0088],[75.9672,9.0104],[75.9696,9.0107],[75.9709,9.0093],[75.9732,9.0069],[75.9759,9.007],[75.9782,9.0106],[75.9802,9.0112],[75.9834,9.0141],[75.9854,9.015],[75.9881,9.0159],[75.9896,9.015],[75.9929,9.0128],[75.9949,9.0139],[75.9961,9.0171],[75.9977,9.0201],[75.9996,9.0216],[76.0009,9.0236],[75.9989,9.0267],[75.9988,9.0278],[75.9996,9.0324],[76.0022,9.0341],[76.005,9.0368],[76.0058,9.0382],[76.0074,9.041],[76.009,9.0433],[76.0123,9.0459],[76.0138,9.0472],[76.0187,9.048],[76.0219,9.0484],[76.0247,9.0482],[76.0271,9.0495],[76.0298,9.0512],[76.0315,9.0512],[76.0341,9.0471],[76.0349,9.0442],[76.0374,9.0417],[76.0388,9.0412],[76.0416,9.0395],[76.0443,9.0387],[76.048,9.0384],[76.0499,9.0387],[76.0543,9.0401],[76.0555,9.0409],[76.0608,9.0418],[76.0634,9.0419],[76.0663,9.0401],[76.0685,9.0371],[76.0713,9.0343],[76.0725,9.0324],[76.0704,9.0287],[76.0692,9.0282],[76.0679,9.0268],[76.0673,9.0241],[76.0664,9.0222],[76.0655,9.0199],[76.0649,9.0158],[76.0642,9.0139],[76.0642,9.0122],[76.0667,9.0101],[76.0689,9.0074],[76.071,9.0057],[76.0739,9.0034],[76.077,9.0028],[76.0798,9.0012],[76.082,9.0029],[76.0849,9.003],[76.0876,9.0029],[76.0901,9.0032],[76.0917,9.004],[76.0948,9.0032],[76.097,9.0018],[76.1002,8.9995],[76.1016,8.9988],[76.1039,8.9956],[76.1035,8.9948],[76.0999,8.9941],[76.098,8.9956],[76.094,8.9954],[76.0953,8.9938],[76.0975,8.9924],[76.0983,8.9918],[76.0964,8.9885],[76.0935,8.9883],[76.0894,8.9853],[76.0883,8.9834]]},"properties":{"mmsi":994969345,"name":"Fishing 9345","role":"candidate","vessel_type":30,"synthetic":true,"t_offset_s":[-259200,-259080,-258840,-258480,-258240,-257880,-257640,-257280,-257040,-256680,-256440,-256080,-255840,-255480,-255240,-254880,-254640,-254280,-254040,-253680,-253440,-253080,-252840,-252480,-252240,-251880,-251640,-251280,-251040,-250680,-250440,-250080,-249840,-249480,-249240,-248880,-248640,-248280,-248040,-247680,-247440,-247080,-246840,-246480,-246240,-245880,-245640,-245280,-245040,-244680,-244440,-244080,-243840,-243480,-243240,-242880,-242640,-242280,-242040,-241680,-241440,-241080,-240840,-240480,-240240,-239880,-239640,-239280,-239040,-238680,-238440,-238080,-237840,-237480,-237240,-236880,-236640,-236280,-236040,-235680,-235440,-235080,-234840,-234480,-234240,-233880,-233640,-233280,-233040,-232680,-232440,-232080,-231840,-231480,-231240,-230880,-230640,-230280,-230040,-229680,-229440,-229080,-228840,-228480,-228240,-227880,-227640,-227280,-227040,-226680,-226440,-226080,-225840,-225480,-225240,-224880,-224640,-224280,-224040,-223680,-223440,-223080,-222840,-222480,-222240,-221880,-221640,-221280,-221040,-220680,-220440,-220080,-219840,-219480,-219240,-218880,-218640,-218280,-218040,-217680,-217440,-217080,-216840,-216480,-216240,-215880,-215640,-215280,-215040,-214680,-214440,-214080,-213840,-213480,-213240,-212880,-212640,-212280,-212040,-211680,-211440,-211080,-210840,-210480,-210240,-209880,-209640,-209280,-209040,-208680,-208440,-208080,-207840,-207480,-207240,-206880,-206640,-206280,-206040,-205680,-205440,-205080,-204840,-204480,-204240,-203880,-203640,-203280,-203040,-202680,-202440,-202080,-201840,-201480,-201240,-200880,-200640,-200280,-200040,-199680,-199440,-199080,-198840,-198480,-198240,-197880,-197640,-197280,-197040,-196680,-196440,-196080,-195840,-195480,-195240,-194880,-194640,-194280,-194040,-193680,-193440,-193080,-192840,-192480,-192240,-191880,-191640,-191280,-191040,-190680,-190440,-190080,-189840,-189480,-189240,-188880,-188640,-188280,-188040,-187680,-187440,-187080,-186840,-186480,-186240,-185880,-185640,-185280,-185040,-184680,-184440,-184080,-183840,-183480,-183240,-182880,-182640,-182280,-182040,-181680,-181440,-181080,-180840,-180480,-180240,-179880,-179640,-179280,-179040,-178680,-178440,-178080,-177840,-177480,-177240,-176880,-176640,-176280,-176040,-175680,-175440,-175080,-174840,-174480,-174240,-173880,-173640,-173280,-173040,-172680,-172440,-172080,-171840,-171480,-171240,-170880,-170640,-170280,-170040,-169680,-169440,-169080,-168840,-168480,-168240,-167880,-167640,-167280,-167040,-166680,-166440,-166080,-165840,-165480,-165240,-164880,-164640,-164280,-164040,-163680,-163440,-163080,-162840,-162480,-162240,-161880,-161640,-161280,-161040,-160680,-160440,-160080,-159840,-159480,-159240,-158880,-158640,-158280,-158040,-157680,-157440,-157080,-156840,-156480,-156240,-155880,-155640,-155280,-155040,-154680,-154440,-154080,-153840,-153480,-153240,-152880,-152640,-152280,-152040,-151680,-151440,-151080,-150840,-150480,-150240,-149880,-149640,-149280,-149040,-148680,-148440,-148080,-147840,-147480,-147240,-146880,-146640,-146280,-146040,-145680,-145440,-145080,-144840,-144480,-144240,-143880,-143640,-143280,-143040,-142680,-142440,-142080,-141840,-141480,-141240,-140880,-140640,-140280,-140040,-139680,-139440,-139080,-138840,-138480,-138240,-137880,-137640,-137280,-137040,-136680,-136440,-136080,-135840,-135480,-135240,-134880,-134640,-134280,-134040,-133680,-133440,-133080,-132840,-132480,-132240,-131880,-131640,-131280,-131040,-130680,-130440,-130080,-129840,-129480,-129240,-128880,-128640,-128280,-128040,-127680,-127440,-127080,-126840,-126480,-126240,-125880,-125640,-125280,-125040,-124680,-124440,-124080,-123840,-123480,-123240,-122880,-122640,-122280,-122040,-121680,-121440,-121080,-120840,-120480,-120240,-119880,-119640,-119280,-119040,-118680,-118440,-118080,-117840,-117480,-117240,-116880,-116640,-116280,-116040,-115680,-115440,-115080,-114840,-114480,-114240,-113880,-113640,-113280,-113040,-112680,-112440,-112080,-111840,-111480,-111240,-110880,-110640,-110280,-110040,-109680,-109440,-109080,-108840,-108480,-108240,-107880,-107640,-107280,-107040,-106680,-106440,-106080,-105840,-105480,-105240,-104880,-104640,-104280,-104040,-103680,-103440,-103080,-102840,-102480,-102240,-101880,-101640,-101280,-101040,-100680,-100440,-100080,-99840,-99480,-99240,-98880,-98640,-98280,-98040,-97680,-97440,-97080,-96840,-96480,-96240,-95880,-95640,-95280,-95040,-94680,-94440,-94080,-93840,-93480,-93240,-92880,-92640,-92280,-92040,-91680,-91440,-91080,-90840,-90480,-90240,-89880,-89640,-89280,-89040,-88680,-88440,-88080,-87840,-87480,-87240,-86880,-86640,-86280,-86040,-85680,-85440,-85080,-84840,-84480,-84240,-83880,-83640,-83280,-83040,-82680,-82440,-82080,-81840,-81480,-81240,-80880,-80640,-80280,-80040,-79680,-79440,-79080,-78840,-78480,-78240,-77880,-77640,-77280,-77040,-76680,-76440,-76080,-75840,-75480,-75240,-74880,-74640,-74280,-74040,-73680,-73440,-73080,-72840,-72480,-72240,-71880,-71640,-71280,-71040,-70680,-70440,-70080,-69840,-69480,-69240,-68880,-68640,-68280,-68040,-67680,-67440,-67080,-66840,-66480,-66240,-65880,-65640,-65280,-65040,-64680,-64440,-64080,-63840,-63480,-63240,-62880,-62640,-62280,-62040,-61680,-61440,-61080,-60840,-60480,-60240,-59880,-59640,-59280,-59040,-58680,-58440,-58080,-57840,-57480,-57240,-56880,-56640,-56280,-56040,-55680,-55440,-55080,-54840,-54480,-54240,-53880,-53640,-53280,-53040,-52680,-52440,-52080,-51840,-51480,-51240,-50880,-50640,-50280,-50040,-49680,-49440,-49080,-48840,-48480,-48240,-47880,-47640,-47280,-47040,-46680,-46440,-46080,-45840,-45480,-45240,-44880,-44640,-44280,-44040,-43680,-43440,-43080,-42840,-42480,-42240,-41880,-41640,-41280,-41040,-40680,-40440,-40080,-39840,-39480,-39240,-38880,-38640,-38280,-38040,-37680,-37440,-37080,-36840,-36480,-36240,-35880,-35640,-35280,-35040,-34680,-34440,-34080,-33840,-33480,-33240,-32880,-32640,-32280,-32040,-31680,-31440,-31080,-30840,-30480,-30240,-29880,-29640,-29280,-29040,-28680,-28440,-28080,-27840,-27480,-27240,-26880,-26640,-26280,-26040,-25680,-25440,-25080,-24840,-24480,-24240,-23880,-23640,-23280,-23040,-22680,-22440,-22080,-21840,-21480,-21240,-20880,-20640,-20280,-20040,-19680,-19440,-19080,-18840,-18480,-18240,-17880,-17640,-17280,-17040,-16680,-16440,-16080,-15840,-15480,-15240,-14880,-14640,-14280,-14040,-13680,-13440,-13080,-12840,-12480,-12240,-11880,-11640,-11280,-11040,-10680,-10440,-10080,-9840,-9480,-9240,-8880,-8640,-8280,-8040,-7680,-7440,-7080,-6840,-6480,-6240,-5880,-5640,-5280,-5040,-4680,-4440,-4080,-3840,-3480,-3240,-2880,-2640,-2280,-2040,-1680,-1440,-1080,-840,-480,-240,120,360,720,960,1320,1560,1920,2160,2520,2760,3120,3360,3720,3960,4320,4560,4920,5160,5520,5760,6120,6360,6720,6960,7320,7560,7920,8160,8520,8760,9120,9360,9720,9960,10320,10560,10920,11160,11520,11760,12120,12360,12720,12960,13320,13560,13920,14160,14520,14760,15120,15360,15720,15960,16320,16560,16920,17160,17520,17760,18120,18360,18720,18960,19320,19560,19920,20160,20520,20760,21120,21360,21720,21960,22320,22560,22920,23160,23520,23760,24120,24360,24720,24960,25320,25560,25920,26160,26520,26760,27120,27360,27720,27960,28320,28560,28920,29160,29520,29760,30120,30360,30720,30960,31320,31560,31920,32160,32520,32760,33120,33360,33720,33960,34320,34560,34920,35160,35520,35760,36120,36360,36720,36960,37320,37560,37920,38160,38520,38760,39120,39360,39720,39960,40320,40560,40920,41160,41520,41760,42120,42360,42720,42960,43320,43560,43920,44160,44520,44760,45120,45360,45720,45960,46320,46560,46920,47160,47520,47760,48120,48360,48720,48960,49320,49560,49920,50160,50520,50760,51120,51360,51720,51960,52320,52560,52920,53160,53520,53760,54120,54360,54720,54960,55320,55560,55920,56160,56520,56760,57120,57360,57720,57960,58320,58560,58920,59160,59520,59760,60120,60360,60720,60960,61320,61560,61920,62160,62520,62760,63120,63360,63720,63960,64320,64560,64920,65160,65520,65760,66120,66360,66720,66960,67320,67560,67920,68160,68520,68760,69120,69360,69720,69960,70320,70560,70920,71160,71520,71760,72120,72360,72720,72960,73320,73560,73920,74160,74520,74760,75120,75360,75720,75960,76320,76560,76920,77160,77520,77760,78120,78360,78720,78960,79320,79560,79920,80160,80520,80760,81120,81360,81720,81960,82320,82560,82920,83160,83520,83760,84120,84360,84720,84960,85320,85560,85920,86160],"sog":[3.2,2.1,1.5,1.8,1.7,1.5,3.5,2.4,1.5,2.5,1.5,1.9,0.3,1.9,2.3,1.9,3.1,3.3,2.8,0.8,1.3,0.6,2.5,2.9,0.4,1.1,0.8,2,1.8,2.5,3.6,2.7,0.7,2.7,4,1,2.4,2.1,5.2,1.4,2.8,2.5,1.3,3.5,1.9,3.5,3.5,1.1,2.9,3,2.6,2.3,0.7,2.3,3.2,2.7,3.8,2.5,2.7,3.4,1.7,4.1,2.7,3.5,2.2,2.2,0.5,0.9,2.7,0.6,3,0.8,1.1,1.4,2.9,0.3,1.5,3.4,1.6,2.4,1.8,0.3,0.9,0.7,2.2,1.7,3,3.1,2.9,1.4,3.1,2.1,3.3,3.1,1.5,0.7,2.1,2,2.6,1.1,2.5,2.2,2.1,1.7,3.3,2.6,3.4,1.2,1.3,3.3,2,1.1,2.3,1.9,1.2,2.7,1.3,2.6,2.3,1.4,1.5,3,3,2.6,1.4,3.3,2.6,2.4,2.8,1.7,1.4,1.1,2,2.6,2.8,4.2,2.4,0.6,0.9,2,0.4,3.6,1.6,0.8,0.8,2.2,2.5,0.3,3.3,5.6,2.3,0.8,5.1,3.4,2.4,4.8,2.7,2.1,1.6,0.6,2.4,3.2,1.8,3.4,1.6,2.2,1,3.1,2,1.7,0.3,3.3,1.3,0.9,2.2,2.8,2.6,1.5,2.7,3.1,1.6,3.4,0.8,1.1,2.2,1.8,1.9,2.6,1.6,1.7,1.2,2.3,2.6,1,2.6,2.3,2.9,2.8,2.3,1.6,3.8,2.3,2.5,0.7,4.6,2.8,2.5,1.4,1.8,1,1.8,0.4,4.5,0.9,2.1,1.7,3.1,1.6,2.4,2.2,2.8,1.7,1.7,2.3,3.7,2.5,0.3,1.1,3,1.3,3,2,4.1,0.5,0.8,2,3.5,1.3,2.7,3.9,1.5,2,0.6,1.8,1.3,1.4,4.2,2.5,0.8,2.6,0.9,2,1.8,0.8,4.1,4.4,3.1,2.9,3.6,1.7,4.4,3.5,3.4,1.6,2,2.9,3,1.9,2.4,1.4,3,3,1.5,1.4,2.7,2.9,2.4,1.7,2.2,1.9,1.9,2.1,2.5,2.2,2.6,2.2,2.2,2.8,1,2.4,2.5,2.8,0.3,3,1.4,2.1,2.6,3.5,1.8,2.3,3.2,2.8,2.9,1.1,2.8,0.7,1.9,2.3,1,2.1,0.3,1.9,1.4,2.8,2.6,0.5,1.6,3.4,2.1,1,3.6,3.5,1.2,3.4,3.3,2.7,0.7,1.7,0.3,2.9,0.5,1.7,0.4,2,1.2,2.3,2.8,2.6,1.9,1.7,2,0.8,1.8,2.8,1.1,2,2.1,2.6,3.8,1.9,0.9,2.8,3.3,2.4,0.5,1.6,1.4,3.3,2.4,2.1,1.1,1.3,1.9,0.5,1,1,1.6,0.3,3.1,4.7,0.4,1.7,0.3,1,2,1.5,2.8,2.1,2.9,1.6,2.4,1.5,2.5,1.4,0.6,2.8,0.8,1.9,0.6,1.7,2,1.8,2.3,0.9,2.3,2.8,1.9,1.5,1,1.4,1.6,0.7,3.2,1.7,1.8,1.6,3.5,1.9,2,1.9,2.5,0.3,2.3,0.9,1,2.2,2,0.6,0.9,0.5,3.3,2.6,2.7,2.7,1.9,2.3,1.4,2.4,1.3,1,3,2.3,1.9,3.1,1.4,2.7,1.4,2,3.1,1.6,2.9,1.2,2.1,3.2,4.6,2.6,2,2,1.9,0.3,3.3,1.1,2.6,0.6,1.3,1.4,1.2,2.1,1.8,1,2.5,1.2,1.7,3.2,0.3,3.6,1.6,0.7,0.9,3.2,1.2,0.9,2.3,1.6,4,2.6,3.2,2.2,2.7,2.5,1.3,2.1,1.1,1.8,2.5,3.2,1.2,1.5,0.3,2.4,1.9,0.3,1.9,1.3,3.1,1.4,2.5,2.5,2.5,2.9,2.6,2,0.3,1.1,2.8,4,1.9,2.7,2.2,3,1.1,4.2,0.4,1,1.8,1.1,2.3,3.1,1.7,1.8,2.5,2.1,2,1.8,4.3,2.2,2.1,2.1,3.9,3,0.9,2.3,2.5,1.2,4.8,2.2,4.2,1.3,0.6,3.2,1.5,3.2,2.1,4,0.3,4.1,2.6,1.9,1.1,2.4,2.6,1.3,1.8,3.9,1.2,2.2,1.5,2.2,0.3,1.2,2,3,0.8,3.1,2.8,1.4,2.2,0.8,2.4,0.8,0.6,2.9,1.1,0.9,1.9,1.5,2,2.3,0.5,4,2.1,1.4,3.8,2.1,0.4,1.6,1.4,0.3,2.5,1.1,0.3,2.2,3.2,1.6,1,0.7,2.6,0.3,2.5,2,2,5.3,1.6,3.4,2.5,0.3,3.3,3,2.7,3.3,1.7,2.4,1.2,2.1,0.4,2.2,4.5,2.6,2.8,3,3.3,2.2,0.7,2.6,2.4,1.9,2.5,0.5,1.9,1.1,0.3,1.4,0.9,2.7,1.6,4,1.4,3.4,1.8,0.6,1.7,2.4,1.5,2.4,2.3,0.7,3.6,2.6,1.3,0.3,1.7,2.3,2,3.5,3.7,4.3,1.7,3.1,1.8,0.3,4.6,1.7,2.2,1.6,0.7,2.9,3.1,1.2,2.2,1.2,2.4,2.1,1.5,2.5,0.3,1.9,0.5,0.3,2,1.6,4,0.9,1.9,3.6,1.4,3.4,2.1,1.7,1.5,2.1,2.6,2.6,1.1,3.7,0.8,3.6,1.6,1.6,1.1,1.4,3.5,1.9,1.6,0.5,3,0.6,2.1,2.3,1,0.9,3,2.6,3.6,1.8,2.5,2.8,1.5,2.8,1.9,0.6,1.5,1.6,1.5,3,2.4,2.7,2.8,0.4,0.6,1,4.2,1.6,0.9,3.7,1.3,3.5,2.5,2.1,2.2,2.7,1.1,0.6,1,2.1,2.6,1.2,0.3,2.2,1.4,0.5,0.9,1.3,0.8,0.6,3.1,1.1,2.2,1.8,1.8,2.2,1.3,3.3,3.2,4,1.1,4.3,1.4,1.5,3.1,1.4,1.7,1.2,2.4,3.2,1.2,1.1,2.1,3.1,1.6,1.1,2.2,3.2,2,2,2.6,1.3,1.8,2,2.1,4.2,0.3,1.6,3.3,2,0.9,2.4,1.4,2.9,2.6,2.5,3.5,2.5,2.2,2.7,2.6,2.1,0.8,1.8,1.7,2.5,2.5,1.4,0.3,1.4,1.9,0.3,2.8,2.2,3.9,2.7,3.3,3,1.2,0.3,2.1,1.7,1.7,2.2,1.7,0.3,2.1,0.4,3,1.1,2.5,2.2,3.5,2.4,0.7,1.4,3.3,1.8,2.7,2.2,2.6,2.4,0.6,0.9,2.1,1.8,3.5,3.6,3,2.2,3.3,0.3,0.8,3.5,2.7,2.9,2.4,2.8,0.7,2.4,2.6,2.2,1.2,1.5,1.2,2.2,1.3,1.7,2.1,1.7,2.8,3.6,2.5,1.6,2.3,0.8,2.4,0.3,1.7,1.6,1,3.1,1,1.7,0.7,2.5,3.8,2.5,1.8,1,2.4,1.8,2.9,0.9,2.5,2.8,2,1,1.7,1.1,3.5,0.6,1.2,2.3,1.2,0.7,1.7,2.1,2.1,2,1.2,1.9,2.7,0.7,1.7,3.5,2.3,1.6,2.1,2.4,3.8,1.8,0.6,2.1,2.9,3.4,1.9,2.6,0.4,3.6,2.4,2.6,1,4.3,2.5,2.7,2.7,2.4,1.4,1.8,1.5,2.8,2.3,0.3,1.9,0.5,2.1,0.5,2.5,3.5,2.6,1.2,3.6,2.9,3.8,2.4,2.9,0.3,1.8,3.3,0.7,2.9,0.4,3.7,3.1,1.5,0.3,2.7,3.8,1.1,3.7,1.6,2.4,2.2,1.7,1.1,3,2.6,2.1,2.2,3,1.5,2.4,1.8,2.3,1.6,2.6,1.9,0.3,0.3,2.4,0.5,1.9,2.6,4.3,0.9,0.8,3.6,3.9,2.4,3.2,3.8,2.2,1.2,0.8,1.8,2.2,1.7,0.6,1.4,3.1,2.3,0.9,3.5,2.3,1,2.1,2.5,2.2,3.1,2.8,1.2,2.2,0.3,1.9,1,2.5,2,1.3,2.9,0.9,2.4,2.9,1.4,2.6,2.1,1.2,2.5,3.5,3.1,2.5,3.2,0.7,1.4,2.6,2,3.6,2.8,0.3,2.9,0.5,2.4,1.1,2,1.5,0.3,0.7,0.3,3.2,3.5,3.1,1.5,1.6,2.3,2.6,0.3,1.5,2.1,0.4,2.4,1.9,2,1.7,3.7,0.3,2.8,1.5,2.2,4.7,2.1,2.5,2.4,1.9,3.4,1.9,1.6,2.1,1.3,2.9,2.3,1.1,2.6,3,1,2.8,0.6,1.8,3.5,2.4,3,2.2,1.6,2.6,3.3,1.1,3.3,2.5,2.8,1.8,1.1,4,2.1,1.4,2.9,0.3,0.3,1.8,1.3,2.4,1.6,2,0.5,3.2,2.4,2.4,3.3,2.8,3.1,3.6,3,1.3,2.4,1.1,2.5,2.7,1.3,1.9,3.3,0.3,2.9,2.2,2.1,2.8,2.8,0.3,1.2,2.9,3.1,2.2]}},{"type":"Feature","geometry":{"type":"LineString","coordinates":[[74.3546,8.0266],[74.362,8.0288],[74.3762,8.033],[74.3975,8.0389],[74.4114,8.0437],[74.4332,8.0503],[74.4479,8.0555],[74.4682,8.0635],[74.4824,8.0682],[74.5032,8.0772],[74.517,8.0823],[74.5381,8.0905],[74.5521,8.096],[74.5726,8.1038],[74.5869,8.109],[74.6075,8.1167],[74.6214,8.1222],[74.6423,8.1307],[74.6563,8.1366],[74.6767,8.1456],[74.6903,8.1517],[74.7107,8.1605],[74.725,8.1671],[74.7457,8.176],[74.7591,8.1825],[74.7795,8.1922],[74.7931,8.1981],[74.8142,8.2075],[74.8278,8.2142],[74.8477,8.2235],[74.8607,8.23],[74.8808,8.2398],[74.8946,8.2462],[74.9153,8.2561],[74.9289,8.262],[74.9497,8.2715],[74.9629,8.2778],[74.9833,8.2873],[74.9969,8.2936],[75.0173,8.3026],[75.0308,8.3082],[75.0516,8.3176],[75.0655,8.3238],[75.0866,8.3332],[75.1002,8.3393],[75.1202,8.3487],[75.1341,8.3549],[75.1539,8.3639],[75.1679,8.3707],[75.1881,8.3793],[75.2018,8.3853],[75.2221,8.394],[75.2352,8.3996],[75.2556,8.4087],[75.269,8.415],[75.2896,8.4235],[75.3032,8.4298],[75.3237,8.4386],[75.3372,8.4443],[75.3575,8.4534],[75.3713,8.4598],[75.3911,8.4685],[75.4046,8.4745],[75.4255,8.4833],[75.439,8.4892],[75.4598,8.4982],[75.4734,8.5043],[75.4943,8.5133],[75.5079,8.5191],[75.5295,8.5276],[75.5433,8.5333],[75.5643,8.5415],[75.5781,8.5474],[75.599,8.5553],[75.613,8.5608],[75.6339,8.5684],[75.6484,8.5734],[75.6696,8.5815],[75.6833,8.586],[75.704,8.5935],[75.7184,8.5984],[75.7401,8.6057],[75.7536,8.6105],[75.7753,8.6171],[75.7898,8.6218],[75.8112,8.6289],[75.8257,8.6331],[75.8473,8.6398],[75.862,8.6447],[75.8838,8.6513],[75.8984,8.656],[75.9192,8.6621],[75.9334,8.6673],[75.9547,8.6745],[75.9689,8.6794],[75.9895,8.687],[76.0033,8.6917],[76.0242,8.6999],[76.0378,8.705],[76.0589,8.7132],[76.0726,8.7188],[76.0934,8.7264],[76.1076,8.7314],[76.1286,8.7393],[76.1422,8.7441],[76.1626,8.7518],[76.1771,8.7568],[76.1981,8.7653],[76.212,8.7704],[76.2329,8.7774],[76.2474,8.7826],[76.2679,8.7909],[76.2822,8.7961],[76.3036,8.8036],[76.3183,8.8091],[76.3391,8.8167],[76.3531,8.8215],[76.3743,8.8292],[76.3884,8.8345],[76.4104,8.8419],[76.4239,8.8468],[76.4456,8.854],[76.46,8.8593],[76.4817,8.8665],[76.4957,8.8716],[76.5169,8.8792],[76.5313,8.8842],[76.5525,8.8918],[79.0253,9.7462],[79.0397,9.751],[79.0614,9.7582],[79.0757,9.7628],[79.0968,9.769],[79.1113,9.7733],[79.1325,9.7802],[79.1469,9.7852],[79.1683,9.7925],[79.1822,9.7973],[79.204,9.8048],[79.2178,9.81],[79.2392,9.8176],[79.2532,9.8224],[79.274,9.8298],[79.2882,9.8347],[79.3091,9.8421],[79.3234,9.8469],[79.3448,9.8542],[79.3584,9.8589],[79.3794,9.8659],[79.3934,9.8707],[79.4142,9.8776],[79.428,9.8826],[79.4494,9.8901],[79.4639,9.8945],[79.4849,9.9018],[79.4993,9.9066],[79.5207,9.9131],[79.535,9.9172],[79.5568,9.9238],[79.5709,9.9277],[79.5925,9.9343],[79.6076,9.9384],[79.6287,9.9444],[79.6429,9.949],[79.6645,9.9555],[79.6791,9.9598],[79.7011,9.9664],[79.7151,9.9706],[79.7372,9.9772],[79.7509,9.9816],[79.7726,9.9884],[79.7862,9.9931],[79.8076,10.0003],[79.8221,10.0055],[79.8437,10.0126],[79.8573,10.0174],[79.8788,10.0246],[79.8928,10.0292],[79.9145,10.0366],[79.9283,10.042],[79.9492,10.049],[79.9635,10.0538],[79.9845,10.0621],[79.998,10.0671],[80.0188,10.0754],[80.0332,10.0802],[80.0535,10.0883],[80.0678,10.0938],[80.0879,10.103],[80.1015,10.1085],[80.1215,10.1174],[80.1352,10.124],[80.1556,10.1334],[80.1694,10.139],[80.1902,10.1483],[80.2035,10.1547],[80.2234,10.1641],[80.2364,10.1703],[80.2564,10.1798],[80.2698,10.1864],[80.2898,10.1962],[80.3032,10.2029],[80.3236,10.2127],[80.337,10.2194],[80.3573,10.2288]]},"properties":{"mmsi":996351968,"name":"Cargo 1968","role":"candidate","vessel_type":70,"synthetic":true,"t_offset_s":[-51266,-51146,-50906,-50546,-50306,-49946,-49706,-49346,-49106,-48746,-48506,-48146,-47906,-47546,-47306,-46946,-46706,-46346,-46106,-45746,-45506,-45146,-44906,-44546,-44306,-43946,-43706,-43346,-43106,-42746,-42506,-42146,-41906,-41546,-41306,-40946,-40706,-40346,-40106,-39746,-39506,-39146,-38906,-38546,-38306,-37946,-37706,-37346,-37106,-36746,-36506,-36146,-35906,-35546,-35306,-34946,-34706,-34346,-34106,-33746,-33506,-33146,-32906,-32546,-32306,-31946,-31706,-31346,-31106,-30746,-30506,-30146,-29906,-29546,-29306,-28946,-28706,-28346,-28106,-27746,-27506,-27146,-26906,-26546,-26306,-25946,-25706,-25346,-25106,-24746,-24506,-24146,-23906,-23546,-23306,-22946,-22706,-22346,-22106,-21746,-21506,-21146,-20906,-20546,-20306,-19946,-19706,-19346,-19106,-18746,-18506,-18146,-17906,-17546,-17306,-16946,-16706,-16346,-16106,-15746,-15506,-15146,-14906,-14546,-14306,-13946,-13706,-13346,28654,28894,29254,29494,29854,30094,30454,30694,31054,31294,31654,31894,32254,32494,32854,33094,33454,33694,34054,34294,34654,34894,35254,35494,35854,36094,36454,36694,37054,37294,37654,37894,38254,38494,38854,39094,39454,39694,40054,40294,40654,40894,41254,41494,41854,42094,42454,42694,43054,43294,43654,43894,44254,44494,44854,45094,45454,45694,46054,46294,46654,46894,47254,47494,47854,48094,48454,48694,49054,49294,49654,49894,50254,50494,50854,51094,51454],"sog":[13.1,13.8,13.6,12.9,12.9,13.5,13.3,13.6,13.4,13.3,13.3,13.4,13.6,13,12.8,12.9,13.1,12.8,13.7,12.6,13.4,13.3,13.7,13.1,13.1,13.5,13.5,13.7,13.8,13.2,13.3,13.4,13.7,13.4,13.4,13.9,13.4,13.1,13.5,13.8,13,12.8,13.6,13.7,13.5,13.4,13.4,13.1,13.4,13.5,13.3,13,12.8,13.1,13,12.8,13.2,13.1,13,13.4,13.3,13.4,13.2,13.1,13.5,13.7,13.4,13.8,13.2,13.4,13.3,13.7,12.9,13.2,13.7,13.5,13.7,13.4,13.4,12.7,13.3,13.1,13,12.9,13.1,13.5,13.5,13,13.1,13.7,13.3,13.2,13.3,13.7,13.1,13.2,13.2,13.2,12.5,13.5,12.8,13.1,13.3,12.9,13.1,13.1,13.4,13.5,13.5,13.3,13.4,12.8,13.6,13.1,13.9,13.7,12.9,14,12.9,13.5,13.1,13.5,13.6,13.5,12.8,13.6,13.1,13.5,13.2,13.2,13.5,13.6,12.7,13.2,13.3,13.5,13.4,13.1,13.4,13.6,13.5,13,13,13.5,13.2,13.1,13.2,13,13.3,13.1,13.2,13.2,13.6,13.3,13,13.3,13.2,13.2,13.4,13.1,13.4,14.2,13.1,13,13.5,13.3,13.3,12.9,13.2,12.8,13.3,13.3,13.6,13.4,13.4,13.1,13.1,13.4,13.1,13.4,13,13.5,13.4,12.5,13.5,13.4,13,13.7,13.2,13.1,13,13.4,13.2,13.4,13.3,13.6,12.9,13,13.2,12.8,13.1,13.1,13.2,13,13.7]}},{"type":"Feature","geometry":{"type":"LineString","coordinates":[[73.0767,14.7083],[73.0856,14.6891],[73.0915,14.6763],[73.1007,14.6577],[73.107,14.6448],[73.1161,14.6264],[73.1223,14.614],[73.1313,14.5948],[73.1373,14.5824],[73.146,14.5632],[73.1521,14.5502],[73.1608,14.5312],[73.167,14.5186],[73.1758,14.4999],[73.1815,14.4872],[73.1907,14.4683],[73.1969,14.4555],[73.2058,14.4368],[73.2122,14.4247],[73.2217,14.4058],[73.2283,14.3935],[73.2383,14.3753],[73.245,14.3636],[73.2554,14.3453],[73.2621,14.3332],[73.272,14.315],[73.2794,14.3027],[73.2894,14.2846],[73.2965,14.2719],[73.3064,14.2534],[73.3129,14.2412],[73.3231,14.223],[73.3299,14.2105],[73.34,14.1919],[73.3465,14.1797],[73.3563,14.1615],[73.3625,14.1493],[73.3732,14.1308],[73.38,14.1186],[73.3902,14.1001],[73.3976,14.0877],[73.4077,14.0694],[73.4138,14.057],[73.4239,14.0384],[73.4305,14.026],[73.4412,14.0077],[73.4481,13.9958],[73.459,13.9783],[73.4664,13.9664],[73.4774,13.9482],[73.4845,13.9364],[73.4958,13.9189],[73.5033,13.9074],[73.5146,13.8898],[73.5223,13.8777],[73.5336,13.8596],[73.5412,13.8481],[73.5527,13.8308],[73.5607,13.8194],[73.572,13.8019],[73.5797,13.7903],[73.5923,13.7727],[73.5995,13.7615],[73.6115,13.7442],[73.6193,13.7328],[73.6312,13.7156],[73.6388,13.7036],[73.6506,13.6857],[73.6582,13.6738],[73.6687,13.6558],[73.6762,13.6437],[73.6867,13.626],[73.6942,13.614],[73.7053,13.5967],[73.7121,13.5847],[73.7233,13.567],[73.7301,13.5553],[73.7403,13.5368],[73.7473,13.5247],[73.7577,13.5062],[73.7645,13.4944],[73.7749,13.4758],[73.7818,13.4636],[73.7925,13.4452],[73.7996,13.4333],[73.8099,13.415],[73.8168,13.4027],[73.8278,13.3845],[73.8347,13.3722],[73.8454,13.3541],[73.8521,13.3418],[73.8628,13.3238],[73.8696,13.3116],[73.8807,13.2939],[73.8878,13.2823],[73.8983,13.2647],[73.9053,13.2528],[73.9163,13.2348],[73.9233,13.2231],[73.9345,13.205],[73.9419,13.193],[73.9527,13.1753],[73.96,13.1633],[73.9709,13.1454],[73.9783,13.1336],[73.9891,13.1159],[73.9966,13.1039],[74.0072,13.0863],[74.0142,13.0743],[74.0249,13.0561],[74.0314,13.045],[74.0419,13.0267],[74.0487,13.015],[74.0596,12.997],[74.0665,12.9852],[74.0781,12.9668],[74.0851,12.9545],[74.0954,12.9368],[74.1029,12.9244],[74.1138,12.9064],[74.121,12.8943],[74.1315,12.8764],[74.1382,12.8643],[74.1489,12.8461],[74.1555,12.8338],[74.1659,12.8152],[74.1731,12.8028],[74.183,12.7843],[74.1897,12.772],[74.1998,12.754],[74.206,12.7412],[74.216,12.7233],[74.2223,12.7104],[74.2321,12.6918],[74.2383,12.6798],[74.2472,12.661],[74.2535,12.6489],[74.2631,12.6295],[74.269,12.6171],[74.2779,12.5984],[74.2839,12.5853],[74.2925,12.5664],[74.2986,12.5535],[74.3074,12.5349],[74.3133,12.5223],[74.322,12.5038],[74.3281,12.4911],[74.337,12.4719],[74.3431,12.4596],[74.3525,12.4407],[74.3589,12.4277],[74.3684,12.4089],[74.3746,12.3964],[74.3841,12.3777],[74.3904,12.3649],[74.3996,12.3467],[74.4059,12.3342],[74.4153,12.3157],[74.4215,12.3028],[74.431,12.2834],[74.4377,12.2706],[74.4474,12.2521],[74.4537,12.2398],[74.4628,12.2211],[74.4692,12.208],[74.4784,12.1889],[74.4846,12.1765],[74.4932,12.1577],[74.4986,12.1448],[74.5068,12.1256],[74.5124,12.1128],[74.5205,12.093],[74.526,12.0804],[74.5342,12.0612],[74.5398,12.0481],[74.5477,12.029],[74.5535,12.0161],[74.5611,11.9972],[74.5661,11.9845],[74.5745,11.9652],[74.5794,11.9521],[74.5876,11.9328],[74.5932,11.9197],[74.6016,11.901],[74.6072,11.8881],[74.6155,11.8689],[74.6209,11.856],[74.6296,11.8372],[74.6348,11.8247],[74.6431,11.8055],[74.6487,11.7925],[74.6565,11.7733],[74.6619,11.76],[74.6694,11.7405],[74.6747,11.7272],[74.6823,11.708],[74.6875,11.6954],[74.6949,11.6758],[74.7,11.6625],[74.7077,11.6427],[74.7121,11.6294],[74.72,11.6103],[74.7252,11.5974],[74.7334,11.578],[74.7385,11.5659],[74.7472,11.5467],[74.7531,11.5338],[74.7622,11.5147],[74.7679,11.502],[74.7765,11.4832],[74.7824,11.4704],[74.7915,11.4516],[74.7972,11.439],[74.8066,11.4203],[74.8126,11.4073],[74.8218,11.3889],[74.8276,11.3763],[74.8364,11.3573],[74.8417,11.345],[74.8505,11.326],[74.8565,11.3128],[74.8648,11.2936],[74.8704,11.2805],[74.8787,11.2615],[74.8843,11.2486],[74.893,11.2293],[74.898,11.2166],[74.9066,11.1969],[74.9116,11.1842],[74.9195,11.1643],[74.9249,11.1514],[74.9324,11.1318],[74.9375,11.1193],[74.9455,11.1003],[74.9501,11.087],[74.9577,11.0673],[74.963,11.0545],[74.9699,11.0346],[74.9746,11.022],[74.9823,11.0016],[74.9875,10.9889],[74.9952,10.9692],[75.0006,10.9559],[75.0084,10.9365],[75.0135,10.9228],[75.0206,10.9031],[75.0253,10.8895],[75.0332,10.8697],[75.0371,10.8565],[75.0448,10.8366],[75.0487,10.8231],[75.0559,10.8032],[75.0607,10.7902],[75.0679,10.7708],[75.0729,10.7571],[75.0803,10.7366],[75.0847,10.7232],[75.0922,10.7029],[75.0968,10.6901],[75.1036,10.6705],[75.1086,10.6573],[75.1162,10.6374],[75.1211,10.6247],[75.1286,10.606],[75.1341,10.5925],[75.1419,10.5732],[75.1472,10.5603],[75.1553,10.5405],[75.1604,10.5276],[75.1679,10.5088],[75.1727,10.4954],[75.1806,10.4762],[75.1853,10.4635],[75.1928,10.444],[75.1983,10.4306],[75.2055,10.4115],[75.2107,10.398],[75.218,10.3786],[75.2234,10.3653],[75.2308,10.3462],[75.2358,10.333],[75.2426,10.3128],[75.2473,10.2993],[75.2543,10.2801],[75.2589,10.2668],[75.2657,10.2471],[75.2699,10.2339],[75.2767,10.2137],[75.2812,10.2005],[75.2881,10.1802],[75.2934,10.1675],[75.3006,10.1476],[75.3052,10.1338],[75.3118,10.1147],[75.3164,10.1018],[75.3236,10.0816],[75.3284,10.068],[75.3351,10.0481],[75.3396,10.035],[75.3467,10.0147],[75.3512,10.0018],[75.3582,9.9815],[75.363,9.9684],[75.3699,9.9485],[75.3744,9.9349],[75.3811,9.9149],[75.385,9.9017],[75.3919,9.8819],[75.3962,9.8688],[75.4029,9.849],[75.4073,9.836],[75.4141,9.8161],[75.419,9.8029],[75.426,9.7827],[75.4304,9.769],[75.4366,9.7496],[75.4413,9.736],[75.4477,9.7166],[75.452,9.7039],[75.4591,9.6842],[75.4637,9.6708],[75.4707,9.6511],[75.4753,9.6381],[75.4835,9.6182],[75.4878,9.6044],[75.4951,9.5849],[75.4991,9.5719],[75.5059,9.5521],[75.5099,9.5387],[75.5158,9.5185],[75.5198,9.5057],[75.5254,9.4851],[75.5294,9.4722],[75.5358,9.4519],[75.5403,9.4383],[75.5469,9.4186],[75.5521,9.4045],[75.5584,9.3846],[75.5634,9.3718],[75.5699,9.352],[75.5745,9.339],[75.5814,9.3199],[75.5863,9.307],[75.5936,9.2865],[75.5991,9.2733],[75.6065,9.2536],[75.612,9.2407],[75.6195,9.2213],[75.6252,9.2081],[75.633,9.1893],[75.6384,9.1762],[75.6464,9.1574],[75.6522,9.1445],[75.6605,9.1253],[75.6662,9.1125],[75.6745,9.0938],[75.6801,9.0809],[75.6882,9.0618],[75.6936,9.0486],[75.702,9.0296],[75.7076,9.0164],[75.7159,8.9979],[75.7221,8.9847],[75.7307,8.9658],[75.7364,8.9535],[75.7454,8.9353],[75.7514,8.9228],[75.7612,8.9037],[75.7675,8.8912],[75.7772,8.8729],[75.7835,8.8604],[75.7927,8.8421],[75.799,8.8295],[75.8088,8.8108],[75.8154,8.7981],[75.8254,8.7797],[75.8317,8.7674],[75.8419,8.7485],[75.8484,8.7362],[75.8592,8.7175],[75.8652,8.7062],[75.8758,8.6879],[75.8825,8.6749],[75.8927,8.6561],[75.8999,8.6434],[75.9092,8.6249],[75.9153,8.613],[75.9247,8.5944],[75.9312,8.582],[75.9407,8.5629],[75.9474,8.5505],[75.9575,8.5319],[75.9641,8.5197],[75.9736,8.5015],[75.9797,8.4894],[75.9892,8.471],[75.9957,8.4582],[76.0052,8.4396],[76.0114,8.4269],[76.0209,8.408],[76.0266,8.3957],[76.0353,8.377],[76.0409,8.3646],[76.0497,8.3448],[76.0557,8.3327],[76.064,8.3135],[76.0697,8.3005],[76.078,8.2816],[76.0836,8.269],[76.0918,8.2505],[76.098,8.2373],[76.1068,8.2176],[76.1127,8.2044],[76.1215,8.1857],[76.1275,8.1724],[76.1361,8.1533],[76.1421,8.1405],[76.1505,8.122],[76.1562,8.1094],[76.1652,8.0899],[76.1712,8.0774],[76.1793,8.0582],[76.1854,8.0461],[76.1933,8.0268],[76.1988,8.0139],[76.206,7.9942],[76.2113,7.9814],[76.2188,7.9616],[76.2237,7.9487],[76.231,7.9288],[76.236,7.9162],[76.244,7.8967],[76.2489,7.8839],[76.2565,7.8646],[76.2619,7.8511],[76.2693,7.8321],[76.2746,7.8192],[76.2821,7.799],[76.2871,7.7865],[76.2951,7.7672],[76.3001,7.7541],[76.3077,7.7347],[76.3124,7.7219],[76.3204,7.7027],[76.3259,7.6894],[76.3335,7.67],[76.3385,7.6571],[76.346,7.6378],[76.3509,7.6249],[76.3584,7.6055],[76.3632,7.5921],[76.3703,7.5732],[76.3758,7.5595],[76.3833,7.5401],[76.3888,7.5275],[76.3971,7.508],[76.4031,7.4952],[76.4117,7.476],[76.4172,7.4631],[76.4263,7.4438],[76.4323,7.4318],[76.4411,7.4125],[76.4471,7.3998],[76.456,7.3811],[76.4624,7.3678],[76.4716,7.3489],[76.4774,7.3359],[76.4865,7.3176],[76.4922,7.3045],[76.5007,7.2853],[76.5065,7.2724],[76.5147,7.2532],[76.5202,7.2403],[76.5285,7.2213],[76.5342,7.2081],[76.5426,7.1885],[76.5479,7.1755],[76.5564,7.1561],[76.5616,7.1428],[76.5696,7.1235],[76.5751,7.1105],[76.5832,7.0906],[76.5886,7.0777],[76.5961,7.0578],[76.6017,7.0448],[76.6097,7.0252],[76.6152,7.0124],[76.6239,6.9933],[76.6297,6.9808],[76.639,6.9619],[76.6451,6.949],[76.6537,6.9304],[76.6602,6.9176],[76.6692,6.8989],[76.6749,6.8863],[76.684,6.867],[76.6902,6.8546],[76.6991,6.8353],[76.7055,6.8221],[76.7146,6.8035],[76.7211,6.7908],[76.7312,6.7715],[76.7379,6.7594],[76.747,6.741],[76.7534,6.7285],[76.763,6.7093],[76.7693,6.6975],[76.7789,6.6785],[76.7852,6.666],[76.795,6.6473],[76.8012,6.6345],[76.8106,6.6162],[76.8166,6.6033],[76.8255,6.5843],[76.8319,6.572],[76.8409,6.5534],[76.8464,6.5407],[76.8557,6.5214],[76.8615,6.509],[76.8708,6.4904],[76.8762,6.4774],[76.8847,6.4582],[76.8898,6.4455],[76.8976,6.4256],[76.9027,6.4129],[76.9102,6.393],[76.915,6.3802],[76.9219,6.3599],[76.9271,6.3462],[76.9344,6.3272],[76.9392,6.314],[76.9465,6.2943],[76.9518,6.2813],[76.9588,6.2616],[76.9638,6.2485],[76.9709,6.2288],[76.9752,6.2154],[76.9816,6.1959],[76.9858,6.1824],[76.9915,6.1628],[76.9955,6.1496],[77.0015,6.1302],[77.0055,6.1164],[77.0112,6.0958],[77.015,6.0824],[77.0205,6.0625],[77.0237,6.0489],[77.0291,6.0291],[77.0325,6.0154],[77.0388,5.9954],[77.0424,5.9818],[77.0481,5.9616],[77.0514,5.9482],[77.0561,5.9269],[77.0595,5.9131],[77.0643,5.8927],[77.0677,5.8791],[77.0728,5.8588],[77.0762,5.8454],[77.0812,5.8254],[77.0841,5.8117],[77.0888,5.7906],[77.0913,5.7776],[77.0958,5.7568],[77.0988,5.7433],[77.1033,5.7228],[77.1062,5.7094],[77.111,5.6889],[77.1145,5.6751],[77.1198,5.6548],[77.1232,5.6412],[77.1286,5.6207],[77.1322,5.6075],[77.1382,5.5872],[77.1419,5.5741],[77.1473,5.554],[77.1512,5.5405],[77.1568,5.5203],[77.1603,5.5072],[77.1662,5.4872],[77.1705,5.4738],[77.1766,5.4531],[77.1803,5.4399],[77.1862,5.4201],[77.1903,5.4069],[77.1962,5.3869],[77.2002,5.3734],[77.2063,5.3535],[77.2104,5.3401],[77.2172,5.3198],[77.2216,5.3058],[77.2273,5.286],[77.2314,5.2727],[77.2372,5.253],[77.2418,5.2396],[77.2477,5.2188],[77.2515,5.2059],[77.2577,5.1863],[77.2606,5.1729],[77.267,5.1529],[77.2703,5.1395],[77.2757,5.1193],[77.2787,5.1054],[77.2836,5.0852],[77.2869,5.0718],[77.2915,5.0511],[77.2946,5.0372],[77.2993,5.0169],[77.3026,5.0033],[77.3073,4.9831],[77.3104,4.9697],[77.315,4.9496],[77.3181,4.9358],[77.3236,4.9155],[77.3272,4.9025],[77.3319,4.8824],[77.3357,4.8686],[77.3407,4.848],[77.3444,4.8347],[77.3497,4.8142],[77.3532,4.8001],[77.3587,4.7795],[77.3616,4.7668],[77.3659,4.7461],[77.3693,4.7325],[77.374,4.7125]]},"properties":{"mmsi":997125667,"name":"Tanker 5667","role":"candidate","vessel_type":80,"synthetic":true,"t_offset_s":[-131040,-130680,-130440,-130080,-129840,-129480,-129240,-128880,-128640,-128280,-128040,-127680,-127440,-127080,-126840,-126480,-126240,-125880,-125640,-125280,-125040,-124680,-124440,-124080,-123840,-123480,-123240,-122880,-122640,-122280,-122040,-121680,-121440,-121080,-120840,-120480,-120240,-119880,-119640,-119280,-119040,-118680,-118440,-118080,-117840,-117480,-117240,-116880,-116640,-116280,-116040,-115680,-115440,-115080,-114840,-114480,-114240,-113880,-113640,-113280,-113040,-112680,-112440,-112080,-111840,-111480,-111240,-110880,-110640,-110280,-110040,-109680,-109440,-109080,-108840,-108480,-108240,-107880,-107640,-107280,-107040,-106680,-106440,-106080,-105840,-105480,-105240,-104880,-104640,-104280,-104040,-103680,-103440,-103080,-102840,-102480,-102240,-101880,-101640,-101280,-101040,-100680,-100440,-100080,-99840,-99480,-99240,-98880,-98640,-98280,-98040,-97680,-97440,-97080,-96840,-96480,-96240,-95880,-95640,-95280,-95040,-94680,-94440,-94080,-93840,-93480,-93240,-92880,-92640,-92280,-92040,-91680,-91440,-91080,-90840,-90480,-90240,-89880,-89640,-89280,-89040,-88680,-88440,-88080,-87840,-87480,-87240,-86880,-86640,-86280,-86040,-85680,-85440,-85080,-84840,-84480,-84240,-83880,-83640,-83280,-83040,-82680,-82440,-82080,-81840,-81480,-81240,-80880,-80640,-80280,-80040,-79680,-79440,-79080,-78840,-78480,-78240,-77880,-77640,-77280,-77040,-76680,-76440,-76080,-75840,-75480,-75240,-74880,-74640,-74280,-74040,-73680,-73440,-73080,-72840,-72480,-72240,-71880,-71640,-71280,-71040,-70680,-70440,-70080,-69840,-69480,-69240,-68880,-68640,-68280,-68040,-67680,-67440,-67080,-66840,-66480,-66240,-65880,-65640,-65280,-65040,-64680,-64440,-64080,-63840,-63480,-63240,-62880,-62640,-62280,-62040,-61680,-61440,-61080,-60840,-60480,-60240,-59880,-59640,-59280,-59040,-58680,-58440,-58080,-57840,-57480,-57240,-56880,-56640,-56280,-56040,-55680,-55440,-55080,-54840,-54480,-54240,-53880,-53640,-53280,-53040,-52680,-52440,-52080,-51840,-51480,-51240,-50880,-50640,-50280,-50040,-49680,-49440,-49080,-48840,-48480,-48240,-47880,-47640,-47280,-47040,-46680,-46440,-46080,-45840,-45480,-45240,-44880,-44640,-44280,-44040,-43680,-43440,-43080,-42840,-42480,-42240,-41880,-41640,-41280,-41040,-40680,-40440,-40080,-39840,-39480,-39240,-38880,-38640,-38280,-38040,-37680,-37440,-37080,-36840,-36480,-36240,-35880,-35640,-35280,-35040,-34680,-34440,-34080,-33840,-33480,-33240,-32880,-32640,-32280,-32040,-31680,-31440,-31080,-30840,-30480,-30240,-29880,-29640,-29280,-29040,-28680,-28440,-28080,-27840,-27480,-27240,-26880,-26640,-26280,-26040,-25680,-25440,-25080,-24840,-24480,-24240,-23880,-23640,-23280,-23040,-22680,-22440,-22080,-21840,-21480,-21240,-20880,-20640,-20280,-20040,-19680,-19440,-19080,-18840,-18480,-18240,-17880,-17640,-17280,-17040,-16680,-16440,-16080,-15840,-15480,-15240,-14880,-14640,-14280,-14040,-13680,-13440,-13080,-12840,-12480,-12240,-11880,-11640,-11280,-11040,-10680,-10440,-10080,-9840,-9480,-9240,-8880,-8640,-8280,-8040,-7680,-7440,-7080,-6840,-6480,-6240,-5880,-5640,-5280,-5040,-4680,-4440,-4080,-3840,-3480,-3240,-2880,-2640,-2280,-2040,-1680,-1440,-1080,-840,-480,-240,120,360,720,960,1320,1560,1920,2160,2520,2760,3120,3360,3720,3960,4320,4560,4920,5160,5520,5760,6120,6360,6720,6960,7320,7560,7920,8160,8520,8760,9120,9360,9720,9960,10320,10560,10920,11160,11520,11760,12120,12360,12720,12960,13320,13560,13920,14160,14520,14760,15120,15360,15720,15960,16320,16560,16920,17160,17520,17760,18120,18360,18720,18960,19320,19560,19920,20160,20520,20760,21120,21360,21720,21960,22320,22560,22920,23160,23520,23760,24120,24360,24720,24960,25320,25560,25920,26160,26520,26760,27120,27360,27720,27960,28320,28560,28920,29160,29520,29760,30120,30360,30720,30960,31320,31560,31920,32160,32520,32760,33120,33360,33720,33960,34320,34560,34920,35160,35520,35760,36120,36360,36720,36960,37320,37560,37920,38160,38520,38760,39120,39360,39720,39960,40320,40560,40920,41160,41520,41760,42120,42360,42720,42960,43320,43560,43920,44160,44520,44760,45120,45360,45720,45960,46320,46560,46920,47160,47520,47760,48120,48360,48720,48960,49320,49560,49920,50160,50520,50760,51120,51360,51720,51960,52320,52560,52920,53160,53520,53760,54120,54360,54720,54960,55320,55560,55920,56160,56520],"sog":[12.3,12,12.7,12.1,12.9,12.4,12.8,12.6,12.7,12.6,12.9,12.4,12.5,12,12.5,12.4,12.8,12.8,12.6,13,12.4,12,12.3,12.5,12.4,12.2,12.5,12.4,12.5,12.8,12.7,12.4,12.7,12.3,12.3,12.2,12.3,12.5,12.1,13.1,12.6,12.6,12.8,12.5,12.6,12.5,13,12.3,12.5,13,12.5,12.5,12.6,12.4,12.8,12.6,12.1,12.6,12.1,12.2,13.2,12.7,12.4,12.6,12.3,12.8,12.8,12.5,12.6,12.4,13,12,12.5,11.8,12.6,12.4,12.3,12.8,12.7,12.5,12.4,12.5,12.3,13,12,12.2,13,12.8,12.6,12.3,12.2,12.5,12.4,12.5,11.8,12.8,12.2,12.6,12.4,12.4,12.4,12.5,12.3,12.7,12.5,12.3,12.2,12.2,12.5,12.2,11.6,12.3,12,12.2,12.7,12.8,12.6,12.1,12.6,12.7,12.5,12.3,12.5,12.8,12.5,12.8,12.8,12.5,12,12.1,12,12.2,13,12.1,12.1,12.2,12.5,13.1,12.3,12.3,12.2,12.3,12.8,12.7,12.4,12.1,12.8,12.4,11.6,12.9,12.3,12.7,12.5,12.9,12.5,12.2,12.7,12.3,12.7,13,12.6,12.7,12.6,12.3,12.6,12.8,12.5,12.7,12.6,12.8,12.8,12.8,12.3,12.4,12,12.9,12.4,11.9,12.3,12.4,12.2,12.4,12.7,12.5,12.6,12.3,12.3,12.7,12.6,12.6,12.7,12.7,12.4,12.6,12.6,12.5,12.5,12.5,12.9,12.6,12.5,12.1,12.3,12.2,12.3,12.8,12.5,12.8,12.9,12,12.9,12.4,11.9,12.9,12.2,12.3,12.3,12.5,12.5,12.7,13,12.6,13,12.5,12.3,12.4,12.6,12.7,12.4,12.8,12.9,12.6,12.3,11.7,12.9,12.4,12.5,12.7,11.9,13,12.6,12.7,12.3,12.7,12.8,12.8,12.6,13,12.4,12.5,12.5,12.5,12.6,12.5,13.1,12.9,12.5,12.9,12.6,12.6,12.8,12.7,12.7,12.1,12.6,12.5,12.7,12.6,12.7,12.4,12.6,12.5,12.1,12.8,13.1,12.5,13.1,12.4,12.6,12.3,12.4,12.5,13.2,12.3,12.3,12.8,12.8,12.8,12.2,12.3,12.4,13.3,13.1,12.5,12.1,12.7,12.6,12.4,12.1,12.6,12.5,12.4,12.5,12.3,12.7,12.4,12.9,12.4,12.3,12.2,12.5,12.7,12.5,12.8,13.3,12.4,12.5,12.4,12.3,12.2,12.3,12.7,12.7,12.7,13,12,12.2,12.5,12.4,12.4,12.4,12.3,12.1,12.7,12.6,12.4,13.1,12.5,12.1,12.1,12.3,11.8,12.4,12.9,12.7,12.9,12.7,12.4,12.9,12.5,13.2,12.2,12.6,12.3,12.2,12.2,12.6,12.6,12.7,12.5,12.9,12.3,12.8,12.3,12,12.7,12.1,12.8,12.5,12.5,12.2,12.5,12.3,12.5,12.8,12.8,12.2,12.5,13,12.5,11.8,12.3,12.8,12.6,13.2,12.4,12,12.5,12.3,13.4,12.8,12.3,11.9,12.2,12.1,12,12.6,12.5,12.6,12.6,12.1,12.6,12.7,12.4,12.4,12.2,12.7,12.4,12.3,12.4,12.8,13.4,12.7,12.3,12.5,12.6,13.1,12.3,12.8,12.7,12,12.1,12.4,11.9,12.6,12.7,12.4,13.1,12.6,12.1,12.6,12.7,12.3,12,12.8,11.7,12.7,12.6,12.5,12.1,12.5,12.3,12.5,12.4,12.6,12.7,12.3,12,12.6,12.5,12.7,12.5,12.5,12.4,12.8,12.6,12.2,12.5,12.3,12.7,12.2,12.2,12.2,12.9,12.8,13,12.8,12.5,12.8,12.7,12.2,12.9,12.4,12.1,12.3,12.8,12.6,12.4,12.7,12.6,12.4,13,12.7,12.4,12.4,12.7,12.3,12.4,12.4,12.6,12.9,12,12.7,12.7,12.6,12.4,12.6,12.6,12.7,12,12.7,12.8,12.6,12.5,12.5,12.7,12.2,12.2,12.3,13,12.6,12.2,12.5,12.1,12.2,12.2,12.8,12.5,12.9,12.6,12.6,12.3,12.7,12.5,12.1,12.8,12.5,12.9,12.7,12.2,12.1,12.8,12.2,12.4,12.8,12.5,12.5,12,12.1,12.4,12.7,12.1,12.7,12.8,12.6,12.2,12.1,12.6,12.1,12.7,12.6,12.6,12.4,12.7,12.8,12.8,12.3,12.6,12.6,12.2,12.1,12.3,12.4,12.4,12.2,12.8,12.3,12.6,12.9,12.5,12.5,12.6,12.5,12.5,12.5,12.1,12.1,12.6,12,12.5,12.4,12.4,12.6,12.6,12.2,12.3,12.6,12.4,12.4,13,13.3,12.6,11.7,11.9,12.8,12.5,11.9,12.2,11.8,12.5,12.3,12.5,12.4,12.5,12.5,13.1,12.9,12.1,12.7,12.5,12.6,11.9,13,12.6,12.1,12.2,12.5,12.7,13.1,13,12.8,12.8,11.9,12.2,12.6,12.2]}},{"type":"Feature","geometry":{"type":"LineString","coordinates":[[73.2208,10.385],[73.2208,10.369],[73.2207,10.352],[73.2203,10.3273],[73.2203,10.3104],[73.2205,10.2855],[73.2203,10.2695],[73.2206,10.2448],[73.2206,10.2282],[73.2206,10.2028],[73.2205,10.1864],[73.2203,10.1617],[73.2202,10.1453],[73.2199,10.1207],[73.22,10.1038],[73.2202,10.079],[73.2206,10.0626],[73.2212,10.0377],[73.222,10.0216],[73.2225,9.9968],[73.2227,9.98],[73.2227,9.9548],[73.2229,9.9384],[73.2235,9.9138],[73.2235,9.8971],[73.2234,9.8725],[73.2236,9.8562],[73.2234,9.8314],[73.2237,9.8148],[73.2242,9.7901],[73.2243,9.7728],[73.2244,9.7479],[73.2246,9.731],[73.2244,9.7058],[73.2241,9.6893],[73.2238,9.6641],[73.2238,9.6475],[73.2237,9.6226],[73.2236,9.6066],[73.2233,9.5814],[73.2231,9.5649],[73.2231,9.5403],[73.2229,9.5241],[73.2228,9.4993],[73.2224,9.4827],[73.2229,9.458],[73.2224,9.4416],[73.2218,9.4172],[73.2219,9.4007],[73.2215,9.3763],[73.2212,9.3591],[73.2212,9.3349],[73.2213,9.3181],[73.2211,9.293],[73.2209,9.277],[73.2204,9.2518],[73.2201,9.2353],[73.2194,9.2108],[73.2193,9.1941],[73.2193,9.1693],[73.2192,9.1523],[73.2192,9.1275],[73.2192,9.1107],[73.2199,9.0863],[73.22,9.0698],[73.2206,9.0443],[73.2212,9.0272],[73.2214,9.0032],[73.2215,8.9871],[73.2219,8.9627],[73.2215,8.9465],[73.221,8.9222],[73.2208,8.9056],[73.2206,8.8809],[73.2204,8.8641],[73.2204,8.8388],[73.221,8.8223],[73.2213,8.7976],[73.2221,8.781],[73.2228,8.7563],[73.2235,8.7394],[73.2244,8.7148],[73.2253,8.6984],[73.2259,8.6734],[73.2267,8.6566],[73.2281,8.6316],[73.2292,8.6156],[73.2299,8.5902],[73.2306,8.5737],[73.2323,8.5491],[73.2332,8.5327],[73.2349,8.5079],[73.2356,8.4916],[73.2367,8.4671],[73.2378,8.45],[73.2391,8.4249],[73.2395,8.4081],[73.2404,8.3834],[73.2409,8.3667],[73.2421,8.3416],[73.2426,8.3252],[73.2432,8.3005],[73.2439,8.2834],[73.2454,8.2584],[73.2459,8.2418],[73.2468,8.2172],[73.2476,8.2006],[73.2487,8.1757],[73.2493,8.1592],[73.2506,8.1346],[73.2511,8.1182],[73.2522,8.0932],[73.2526,8.0769],[73.2527,8.0517],[73.2533,8.0351],[73.2537,8.0104],[73.2543,7.9934],[73.2548,7.9688],[73.2549,7.953],[73.2551,7.9276],[73.2552,7.9118],[73.2552,7.8867],[73.2551,7.8698],[73.2551,7.8455],[73.2551,7.8295],[73.2546,7.8048],[73.2547,7.7882],[73.2549,7.763],[73.2558,7.7463],[73.2566,7.7222],[73.2571,7.7051],[73.2576,7.6806],[73.2581,7.664],[73.259,7.6392],[73.2597,7.6224],[73.261,7.5978],[73.2616,7.5814],[73.2627,7.5565],[73.2639,7.5399],[73.2655,7.5146],[73.2665,7.4979],[73.2677,7.474],[73.2683,7.4575],[73.2697,7.4329],[73.2706,7.4163],[73.272,7.3913],[73.2732,7.3752],[73.2757,7.3502],[73.2768,7.3344],[73.2788,7.3093],[73.2805,7.2929],[73.2825,7.2684],[73.2841,7.2518],[73.2864,7.2272],[73.287,7.211],[73.2887,7.1864],[73.2889,7.1699],[73.2894,7.1465],[73.2897,7.1297],[73.29,7.1049],[73.2905,7.0876],[73.291,7.0636],[73.2913,7.0469],[73.2909,7.0223],[73.2909,7.0061],[73.2904,6.9817],[73.2902,6.9656],[73.2901,6.9407],[73.2899,6.9244],[73.2894,6.8992],[73.289,6.8825],[73.2895,6.858],[73.2898,6.8413],[73.2901,6.8165],[73.2904,6.8],[73.2911,6.7752],[73.2917,6.7595],[73.2927,6.7346],[73.2929,6.7184],[73.2937,6.6938],[73.2943,6.6777],[73.2951,6.6529],[73.2957,6.6359],[73.2967,6.6113],[73.297,6.5944],[73.298,6.5697],[73.2987,6.5536],[73.2996,6.5282],[73.2999,6.5119],[73.3009,6.4866],[73.3015,6.4701],[73.3024,6.4455],[73.3032,6.429],[73.3044,6.4038],[73.3048,6.3872],[73.3053,6.3625],[73.3061,6.3454],[73.3061,6.3211],[73.3066,6.3044],[73.3064,6.28],[73.3059,6.2637],[73.3052,6.2381],[73.3045,6.222],[73.3035,6.1975],[73.3031,6.181],[73.3016,6.1558],[73.3009,6.1391],[73.2994,6.1137],[73.2987,6.0968],[73.2974,6.0724],[73.2969,6.0557],[73.2958,6.0305],[73.2957,6.0138],[73.2953,5.989],[73.2948,5.9725],[73.2937,5.9473],[73.293,5.9307],[73.2926,5.906],[73.2918,5.8894],[73.2915,5.8644],[73.2912,5.8487],[73.2912,5.8241],[73.2913,5.8074],[73.2914,5.7819],[73.2918,5.7655],[73.2918,5.7409],[73.292,5.7241],[73.2921,5.6986],[73.2924,5.6823],[73.2924,5.6578],[73.2926,5.6408],[73.2921,5.6167],[73.2919,5.6001],[73.2916,5.5746],[73.2915,5.5582],[73.2919,5.5328],[73.2917,5.5158],[73.2915,5.4907],[73.2915,5.4745],[73.2918,5.4501],[73.292,5.4332],[73.2918,5.4086],[73.2919,5.3914],[73.2918,5.3668],[73.2919,5.3501],[73.2924,5.3255],[73.2921,5.3089],[73.2919,5.284],[73.2916,5.2671],[73.2914,5.2423],[73.2913,5.2254],[73.291,5.2002],[73.2905,5.1838],[73.2899,5.1588],[73.2893,5.1422],[73.2884,5.1176],[73.2884,5.1011],[73.2873,5.0768],[73.2867,5.0606],[73.2858,5.0358],[73.2852,5.0193],[73.2836,4.9944],[73.2831,4.9776],[73.2816,4.9532],[73.281,4.9366],[73.2797,4.9119],[73.2787,4.8955],[73.2775,4.8707],[73.276,4.8549],[73.2738,4.8302],[73.2727,4.8136],[73.2707,4.7885],[73.2697,4.7719],[73.2678,4.748],[73.267,4.7318]]},"properties":{"mmsi":997205163,"name":"Tanker 5163","role":"candidate","vessel_type":80,"synthetic":true,"t_offset_s":[-110246,-110006,-109766,-109406,-109166,-108806,-108566,-108206,-107966,-107606,-107366,-107006,-106766,-106406,-106166,-105806,-105566,-105206,-104966,-104606,-104366,-104006,-103766,-103406,-103166,-102806,-102566,-102206,-101966,-101606,-101366,-101006,-100766,-100406,-100166,-99806,-99566,-99206,-98966,-98606,-98366,-98006,-97766,-97406,-97166,-96806,-96566,-96206,-95966,-95606,-95366,-95006,-94766,-94406,-94166,-93806,-93566,-93206,-92966,-92606,-92366,-92006,-91766,-91406,-91166,-90806,-90566,-90206,-89966,-89606,-89366,-89006,-88766,-88406,-88166,-87806,-87566,-87206,-86966,-86606,-86366,-86006,-85766,-85406,-85166,-84806,-84566,-84206,-83966,-83606,-83366,-83006,-82766,-82406,-82166,-81806,-81566,-81206,-80966,-80606,-80366,-80006,-79766,-79406,-79166,-78806,-78566,-78206,-77966,-77606,-77366,-77006,-76766,-76406,-76166,-75806,-75566,-75206,-74966,-74606,-74366,-74006,-73766,-73406,-73166,-72806,-72566,-72206,-71966,-71606,-71366,-71006,-70766,-70406,-70166,-69806,-69566,-69206,-68966,-68606,-68366,-68006,-67766,-67406,-67166,-66806,-66566,-66206,-65966,-65606,-65366,-65006,-64766,-64406,-64166,-63806,-63566,-63206,-62966,-62606,-62366,-62006,-61766,-61406,-61166,-60806,-60566,-60206,-59966,-59606,-59366,-59006,-58766,-58406,-58166,-57806,-57566,-57206,-56966,-56606,-56366,-56006,-55766,-55406,-55166,-54806,-54566,-54206,-53966,-53606,-53366,-53006,-52766,-52406,-52166,-51806,-51566,-51206,-50966,-50606,-50366,-50006,-49766,-49406,-49166,-48806,-48566,-48206,-47966,-47606,-47366,-47006,-46766,-46406,-46166,-45806,-45566,-45206,-44966,-44606,-44366,-44006,-43766,-43406,-43166,-42806,-42566,-42206,-41966,-41606,-41366,-41006,-40766,-40406,-40166,-39806,-39566,-39206,-38966,-38606,-38366,-38006,-37766,-37406,-37166,-36806,-36566,-36206,-35966,-35606,-35366,-35006,-34766,-34406,-34166,-33806,-33566,-33206,-32966,-32606,-32366,-32006,-31766,-31406,-31166,-30806,-30566,-30206,-29966,-29606,-29366,-29006,-28766,-28406,-28166],"sog":[14.9,14.7,15.4,15,14.8,15.2,14,14.7,15,15.4,14.9,14.8,14.5,14.7,15,15,14.9,14.9,14.7,14.9,14.6,15.4,15.1,14.6,15,14.9,14.5,14.9,15,14.5,15.2,14.8,15.1,14.7,14.7,14.6,15.1,15.1,14.2,15.1,15.1,15,14.7,14.8,15.1,15.1,15.1,15.2,14.9,14.7,15,15.1,15.2,15,14.7,14.9,14.9,14.8,14.9,14.8,14.8,14.8,14.8,14.4,14.9,14.6,15.4,14.5,14.4,14.4,14.7,14.5,14.4,15,14.7,15.1,14.7,15,15,14.6,15.5,14.9,14.8,15.1,15,14.5,14.6,14.8,14.9,15.2,14.9,14.9,14.3,14.6,14.7,14.5,15,14.7,14.7,15.1,14.6,15.1,15.3,15.1,15.1,15.2,14.8,14.6,14.8,15.1,14.7,15,14.8,14.8,14.3,14.7,15.1,14.5,14.3,15,13.8,15.6,14.6,14.8,14,14,15.1,15.3,15,14.5,14.4,14.8,15.3,15.4,14.7,15,15,14.7,14.9,15,15.2,14.3,15.1,15,15.1,14.5,14.7,14.7,14.5,15,14.4,14.8,15.1,15.1,14.4,14.8,14.5,14.6,14.9,14.6,15.4,14.2,14.5,15,14.9,14.7,14.4,14.2,14.5,15.4,14.2,14.6,14.5,15,15.4,15,14.1,14.6,14.8,14.5,14.1,14.9,14.7,14.7,15,15.1,14.7,14.7,14.9,14.7,15.1,14.5,15.1,14.9,15.4,14.9,15.3,14.8,14.5,14.4,14.9,15.2,14.7,15.2,14.5,15.1,15.1,15.1,15,14.7,14.8,15.2,15,14.9,14.6,14.9,14.5,14.7,14.8,14.8,14.5,14.5,15.1,14.8,14.1,15.2,15.1,15,14.7,14.5,14.8,14.6,14.9,15.3,14.8,15,14.9,15,14.2,15.1,14.9,14.6,14.7,14.8,14.8,14.5,14.7,15,15.3,14.6,15.1,14.6,14.9,14.9,14.9,14.9,14.5,14.7,14.9,15.1,14.9,15,14.7,15.2,14.7,14.8,14.9,14.5,14.2,14.7,14.7,14.8,14.4,14.4,14.7]}},{"type":"Feature","geometry":{"type":"LineString","coordinates":[[73.2018,9.9608],[73.2019,9.9661],[73.2024,9.9833],[73.2024,9.9947],[73.2022,10.012],[73.2026,10.0241],[73.2023,10.042],[73.2021,10.0537],[73.2017,10.0715],[73.2019,10.0823],[73.2009,10.0999],[73.2004,10.1114],[73.1989,10.129],[73.1981,10.1411],[73.1971,10.1591],[73.1958,10.1709],[73.1941,10.1886],[73.1927,10.2002],[73.1911,10.2172],[73.1903,10.2289],[73.1884,10.2466],[73.1873,10.2586],[73.1859,10.2754],[73.185,10.2867],[73.1835,10.3044],[73.1825,10.3158],[73.1815,10.3333],[73.1805,10.3451],[73.1796,10.3626],[73.179,10.374],[73.1776,10.3919],[73.1768,10.4039],[73.1759,10.4213],[73.1747,10.4327],[73.1739,10.4497],[73.1729,10.461],[73.1719,10.4787],[73.1708,10.4903],[73.1695,10.5076],[73.1683,10.5198],[73.1672,10.5368],[73.1663,10.5483],[73.1653,10.5655],[73.1645,10.5775],[73.1638,10.595],[73.1632,10.6068],[73.1629,10.6242],[73.1627,10.6357],[73.1621,10.6536],[73.1619,10.6653],[73.1614,10.683],[73.1612,10.6946],[73.1603,10.7119],[73.1599,10.7231],[73.159,10.7407],[73.1584,10.7522],[73.1577,10.7699],[73.1575,10.7815],[73.1572,10.7989],[73.1568,10.8111],[73.1558,10.8289],[73.155,10.8402],[73.154,10.8575],[73.1538,10.8695],[73.1533,10.8875],[73.1532,10.899],[73.1531,10.9165],[73.1535,10.928],[73.1533,10.9454],[73.1536,10.9565],[73.1543,10.9741],[73.1547,10.986],[73.1553,11.0034],[73.1563,11.0149],[73.1575,11.0324],[73.1584,11.0438],[73.1599,11.0617],[73.1612,11.0734],[73.1632,11.0906],[73.1642,11.1027],[73.1659,11.1203],[73.1671,11.1319],[73.1689,11.1496],[73.1698,11.1614],[73.1717,11.1789],[73.1731,11.1902],[73.1754,11.2077],[73.1765,11.2192],[73.1783,11.2366],[73.1795,11.2488],[73.181,11.2667],[73.1823,11.278],[73.184,11.2952],[73.1852,11.307],[73.187,11.3254],[73.1881,11.3366],[73.1901,11.354],[73.191,11.3658],[73.1932,11.3835],[73.1941,11.3954],[73.1956,11.4128],[73.1967,11.4242],[73.1986,11.4417],[73.1992,11.4535],[73.2009,11.4712],[73.2028,11.4827],[73.2046,11.4999],[73.2062,11.5121],[73.2083,11.5292],[73.2099,11.541],[73.2119,11.5581],[73.2133,11.5698],[73.2156,11.5873],[73.2171,11.599],[73.2193,11.6162],[73.2206,11.6285],[73.2229,11.6456],[73.2247,11.658],[73.2273,11.6752],[73.2288,11.6865],[73.2314,11.7034],[73.233,11.715],[73.236,11.7319],[73.2381,11.7433],[73.2411,11.7607],[73.2434,11.7726],[73.246,11.7892],[73.2476,11.801],[73.2511,11.8187],[73.2532,11.83],[73.2562,11.8477],[73.2585,11.859],[73.2612,11.8757],[73.2637,11.8877],[73.2666,11.9042],[73.2683,11.9158],[73.2711,11.9332],[73.2728,11.9451],[73.2752,11.9623],[73.2764,11.9738],[73.279,11.9903],[73.2803,12.0016],[73.2823,12.0189],[73.2832,12.0304],[73.286,12.0472],[73.2873,12.059],[73.2899,12.0769],[73.2916,12.0879],[73.2943,12.1051],[73.2964,12.1166],[73.2991,12.1337],[73.3007,12.1451],[73.3031,12.1621],[73.3049,12.1734],[73.3077,12.1916],[73.3095,12.2024],[73.3121,12.2197],[73.3141,12.2305],[73.317,12.2478],[73.3189,12.2597],[73.322,12.2766],[73.3241,12.288],[73.327,12.3059],[73.3288,12.3177],[73.3321,12.3351],[73.3336,12.3467],[73.3362,12.3641],[73.3381,12.376],[73.3402,12.393],[73.3418,12.4043],[73.3441,12.4215],[73.3453,12.433],[73.3471,12.4504],[73.3485,12.4622],[73.3514,12.4799],[73.3526,12.4913],[73.3551,12.5089],[73.3571,12.5205],[73.3601,12.5379],[73.3617,12.5497],[73.3646,12.5669],[73.3665,12.5784],[73.3688,12.5953],[73.3706,12.6066],[73.3729,12.6241],[73.3741,12.6356],[73.376,12.653],[73.3772,12.6644],[73.3797,12.6818],[73.3807,12.6937],[73.3828,12.711],[73.3842,12.723],[73.3866,12.7415],[73.3879,12.7526],[73.3902,12.7704],[73.3919,12.7817],[73.3942,12.7992],[73.3961,12.8107],[73.3981,12.828],[73.3999,12.839],[73.4027,12.8561],[73.4044,12.8679],[73.4068,12.8853],[73.4086,12.8969],[73.4112,12.9144],[73.4127,12.9257],[73.4155,12.9428],[73.4173,12.9543],[73.4198,12.9712],[73.4218,12.9833],[73.4245,12.9999],[73.4262,13.0114],[73.4282,13.0293],[73.4294,13.0411],[73.4329,13.058],[73.4344,13.0698],[73.4379,13.0872],[73.4398,13.099],[73.443,13.1165],[73.445,13.1284],[73.4488,13.1451],[73.4508,13.156],[73.4544,13.1731],[73.4572,13.1845],[73.4609,13.2014],[73.4637,13.2135],[73.4679,13.2305],[73.4708,13.2418],[73.4752,13.2589],[73.4782,13.27],[73.4825,13.2868],[73.4851,13.298],[73.4894,13.3149],[73.4922,13.3261],[73.4966,13.3435],[73.4995,13.3546],[73.5041,13.372],[73.5067,13.3834],[73.5116,13.4011],[73.514,13.4122],[73.5187,13.429],[73.5213,13.4405],[73.5258,13.457],[73.529,13.4683],[73.5338,13.4848],[73.5365,13.4957],[73.5412,13.5131],[73.5443,13.5241],[73.5484,13.5408],[73.5516,13.5521],[73.5553,13.5691],[73.5582,13.5809],[73.5622,13.5982],[73.5652,13.6097],[73.5689,13.6264],[73.5716,13.638],[73.576,13.6545],[73.5792,13.6664],[73.5833,13.6834],[73.5861,13.6946],[73.5905,13.7119],[73.5936,13.7233],[73.5978,13.7405],[73.5999,13.7516],[73.6039,13.7683],[73.607,13.7796],[73.6104,13.7967],[73.6137,13.8085],[73.6175,13.8255],[73.6201,13.8364],[73.6245,13.8536],[73.6273,13.8644],[73.6316,13.8811],[73.6346,13.8926],[73.6391,13.9095],[73.6423,13.9207],[73.6469,13.9375],[73.6502,13.949],[73.6544,13.9656],[73.6575,13.977],[73.6621,13.9935],[73.6654,14.0048],[73.6706,14.0217],[73.6738,14.0336],[73.6788,14.0499],[73.6822,14.0616],[73.6869,14.0787],[73.6901,14.0897],[73.6947,14.1069],[73.6974,14.1178],[73.7019,14.1351],[73.7046,14.1469],[73.7092,14.1638],[73.7117,14.175],[73.7162,14.1927],[73.7186,14.2038],[73.7224,14.2206],[73.7255,14.2325],[73.73,14.2503],[73.7328,14.2616],[73.7375,14.2791],[73.7406,14.2905],[73.7453,14.3077],[73.7486,14.3189],[73.7531,14.3361],[73.7563,14.347],[73.7609,14.3641],[73.7639,14.3753],[73.7685,14.3925],[73.7709,14.4033],[73.7753,14.4207],[73.7776,14.4319],[73.7823,14.4491],[73.7845,14.4596],[73.7887,14.4773],[73.7911,14.4892],[73.7947,14.5064],[73.7968,14.518],[73.8005,14.5353],[73.8024,14.547],[73.8054,14.5646],[73.8075,14.5764],[73.8103,14.5936],[73.8122,14.6044],[73.8148,14.6217],[73.8168,14.6335],[73.8195,14.6504],[73.8211,14.6617],[73.8236,14.6793],[73.8252,14.6904],[73.8277,14.7075]]},"properties":{"mmsi":997424912,"name":"Cargo 4912","role":"candidate","vessel_type":70,"synthetic":true,"t_offset_s":[-183962,-183842,-183482,-183242,-182882,-182642,-182282,-182042,-181682,-181442,-181082,-180842,-180482,-180242,-179882,-179642,-179282,-179042,-178682,-178442,-178082,-177842,-177482,-177242,-176882,-176642,-176282,-176042,-175682,-175442,-175082,-174842,-174482,-174242,-173882,-173642,-173282,-173042,-172682,-172442,-172082,-171842,-171482,-171242,-170882,-170642,-170282,-170042,-169682,-169442,-169082,-168842,-168482,-168242,-167882,-167642,-167282,-167042,-166682,-166442,-166082,-165842,-165482,-165242,-164882,-164642,-164282,-164042,-163682,-163442,-163082,-162842,-162482,-162242,-161882,-161642,-161282,-161042,-160682,-160442,-160082,-159842,-159482,-159242,-158882,-158642,-158282,-158042,-157682,-157442,-157082,-156842,-156482,-156242,-155882,-155642,-155282,-155042,-154682,-154442,-154082,-153842,-153482,-153242,-152882,-152642,-152282,-152042,-151682,-151442,-151082,-150842,-150482,-150242,-149882,-149642,-149282,-149042,-148682,-148442,-148082,-147842,-147482,-147242,-146882,-146642,-146282,-146042,-145682,-145442,-145082,-144842,-144482,-144242,-143882,-143642,-143282,-143042,-142682,-142442,-142082,-141842,-141482,-141242,-140882,-140642,-140282,-140042,-139682,-139442,-139082,-138842,-138482,-138242,-137882,-137642,-137282,-137042,-136682,-136442,-136082,-135842,-135482,-135242,-134882,-134642,-134282,-134042,-133682,-133442,-133082,-132842,-132482,-132242,-131882,-131642,-131282,-131042,-130682,-130442,-130082,-129842,-129482,-129242,-128882,-128642,-128282,-128042,-127682,-127442,-127082,-126842,-126482,-126242,-125882,-125642,-125282,-125042,-124682,-124442,-124082,-123842,-123482,-123242,-122882,-122642,-122282,-122042,-121682,-121442,-121082,-120842,-120482,-120242,-119882,-119642,-119282,-119042,-118682,-118442,-118082,-117842,-117482,-117242,-116882,-116642,-116282,-116042,-115682,-115442,-115082,-114842,-114482,-114242,-113882,-113642,-113282,-113042,-112682,-112442,-112082,-111842,-111482,-111242,-110882,-110642,-110282,-110042,-109682,-109442,-109082,-108842,-108482,-108242,-107882,-107642,-107282,-107042,-106682,-106442,-106082,-105842,-105482,-105242,-104882,-104642,-104282,-104042,-103682,-103442,-103082,-102842,-102482,-102242,-101882,-101642,-101282,-101042,-100682,-100442,-100082,-99842,-99482,-99242,-98882,-98642,-98282,-98042,-97682,-97442,-97082,-96842,-96482,-96242,-95882,-95642,-95282,-95042,-94682,-94442,-94082,-93842,-93482,-93242,-92882,-92642,-92282,-92042,-91682,-91442,-91082,-90842,-90482,-90242,-89882,-89642,-89282,-89042,-88682,-88442,-88082,-87842,-87482,-87242,-86882,-86642,-86282,-86042,-85682,-85442,-85082],"sog":[10.5,10,10.4,10.1,10.3,11,10.3,10.7,10.5,10.2,10,10.4,10,10.6,11,10.6,10.6,10.4,10.2,10.3,10.6,10.3,10.1,10.7,10.2,9.9,10.3,11.2,10.2,10.7,10.7,10.4,10.3,10.3,10.2,10.2,10.9,10.8,10,10.9,10,10.2,10.4,10.5,10.5,10.5,10.2,10.3,10.9,10.6,10.2,10.5,10.2,10.7,10.1,10.4,10.5,10.2,10.5,10.4,10.3,10.3,10.8,10.8,10.4,10.3,10.3,9.9,10.4,10,10,10.6,10,10.3,10.8,10.5,10.7,11.1,10.2,11.2,10.3,10.4,10.5,10.6,10.5,10.1,10.6,10.4,10.3,10.4,10.9,10.3,10.4,10.8,10.7,10.4,10.5,10.9,10.4,10.4,10.5,10.2,10.6,10.7,10.8,10.7,10.3,10.5,10.1,10.7,10.5,10.9,10.7,10.1,10,10.8,10.1,10.8,10.8,10.3,10.3,10.7,10.7,10.1,10.5,10.2,10.1,10.3,11.1,10.8,10.9,10.5,10.2,10.6,10.6,10.5,10.8,10.4,10.9,10.4,10.8,10.4,10.4,10.7,10.4,10.8,10.7,10.2,10.5,10.4,10.4,9.9,10.5,10.7,10.2,9.9,10.2,9.7,10.6,10.5,10.6,10.6,10.5,10.8,10.8,10.2,10.3,10.7,10.1,10.1,10.3,10.6,10.5,10.7,10.2,10.6,10.5,10.6,10.5,11.1,9.8,10.6,10.4,10.1,10.4,10.6,10.6,10.4,10.3,10.9,10.3,10.9,10.6,10.2,11.2,10.5,10.6,10.2,10.2,9.7,10.3,10.4,10.5,10.5,10.7,10.2,10.4,10.8,10.1,10.4,10.3,10.6,11.1,10.8,10,10.5,10.8,11,10.7,10.4,10.3,10.6,10.7,10.3,10.6,11.2,10.7,10.3,10.7,10.5,10,10.9,10.3,10.7,10.3,10.3,10.7,10.2,10.8,10.3,10.7,10.4,10.2,10.4,10.5,10.1,11.1,10.1,9.9,10.6,10.2,10.6,10.6,10.9,10.4,10.3,10.2,10.6,10,10.4,10.6,10.2,10.2,10.4,9.9,9.9,10.6,10.8,10.8,11,10.2,10.3,10.2,10.5,10.7,10.2,10.3,10.3,10.1,10.4,10,10.9,10.7,10.4,10.5,10.7,10.9,10.3,10.1,10.4,10.1,10.8,10.6,10.8,10.3,10,10.4,11.4,10.9,10.3,11,10.6,10.2,10.6,10.6,10.4,10.7,10.4,10.1,10.4,10.4,10.5,10.5,9.8,10.8,11,10.6,10.8,10.8,10.5,10.4,10.5,10.2,9.8,10.2,10.9,10.4,9.5,10.3,10.1,10.9]}},{"type":"Feature","geometry":{"type":"LineString","coordinates":[[74.7547,8.3573],[74.7546,8.3577],[74.7556,8.3588],[74.7582,8.362],[74.7579,8.3636],[74.7606,8.3692],[74.7604,8.3704],[74.7589,8.3741],[74.7577,8.3774],[74.758,8.3822],[74.7578,8.3841],[74.7554,8.3868],[74.753,8.3898],[74.7494,8.3912],[74.7465,8.3921],[74.7408,8.395],[74.7387,8.3969],[74.738,8.4007],[74.7382,8.4041],[74.7416,8.4095],[74.7405,8.4124],[74.7421,8.4159],[74.7446,8.4168],[74.7493,8.4167],[74.7518,8.4155],[74.7572,8.4149],[74.7589,8.4135],[74.7632,8.4158],[74.7636,8.4186],[74.761,8.4211],[74.7587,8.4218],[74.7563,8.4245],[74.7557,8.4271],[74.7525,8.429],[74.75,8.427],[74.7472,8.4277],[74.745,8.4258],[74.7448,8.4228],[74.744,8.4201],[74.745,8.416],[74.7472,8.4144],[74.7478,8.4116],[74.7495,8.409],[74.7504,8.4062],[74.7533,8.4037],[74.7571,8.4025],[74.7604,8.4006],[74.7649,8.4026],[74.7654,8.4058],[74.7673,8.4074],[74.7702,8.4092],[74.774,8.4095],[74.7758,8.407],[74.7776,8.403],[74.7787,8.4006],[74.7793,8.3978],[74.7795,8.3939],[74.7759,8.3919],[74.7737,8.3892],[74.7755,8.3869],[74.7775,8.3862],[74.7819,8.3862],[74.7842,8.3871],[74.7882,8.3861],[74.7893,8.3857],[74.7891,8.3828],[74.7894,8.3801],[74.789,8.3763],[74.7884,8.3749],[74.7865,8.3721],[74.7852,8.3702],[74.7813,8.3707],[74.7799,8.3728],[74.78,8.3768],[74.7786,8.379],[74.776,8.381],[74.7741,8.3819],[74.7723,8.3843],[74.7699,8.3847],[74.7649,8.3828],[74.7619,8.3817],[74.7601,8.3842],[74.7583,8.3858],[74.7578,8.3907],[74.7582,8.3938],[74.7582,8.3984],[74.7585,8.401],[74.7606,8.4012],[74.7614,8.3993],[74.7627,8.3966],[74.7642,8.3939],[74.7662,8.3897],[74.7681,8.3886],[74.7719,8.385],[74.7732,8.3835],[74.7714,8.3799],[74.7717,8.3756],[74.7706,8.3721],[74.7676,8.3699],[74.764,8.3684],[74.7621,8.3666],[74.7589,8.3642],[74.757,8.3625],[74.7532,8.3594],[74.7508,8.3588],[74.7485,8.3579],[74.7464,8.3587],[74.7429,8.3604],[74.7436,8.3627],[74.745,8.366],[74.7484,8.3668],[74.7505,8.3642],[74.7508,8.3625],[74.7497,8.3592],[74.7469,8.3604],[74.7447,8.3635],[74.7445,8.3668],[74.742,8.3698],[74.7402,8.3715],[74.7393,8.375],[74.7373,8.3761],[74.7346,8.3763],[74.7327,8.3763],[74.7274,8.3754],[74.7247,8.3765],[74.7215,8.377],[74.7195,8.3802],[74.7158,8.3828],[74.7141,8.3839],[74.7113,8.3858],[74.7091,8.3868],[74.7056,8.3871],[74.7044,8.3861],[74.6996,8.3834],[74.6953,8.3829],[74.6905,8.3814],[74.6888,8.3811],[74.6852,8.3787],[74.6832,8.3783],[74.6791,8.3786],[74.6762,8.3768],[74.675,8.3735],[74.6725,8.3731],[74.6706,8.3753],[74.6697,8.3783],[74.6732,8.381],[74.6756,8.3804],[74.6789,8.3808],[74.6807,8.3815],[74.6834,8.384],[74.6838,8.3857],[74.6846,8.3908],[74.6826,8.3936],[74.6805,8.3966],[74.6783,8.3992],[74.6756,8.3998],[74.675,8.4002],[74.6708,8.3988],[74.6677,8.3982],[74.6675,8.4018],[74.6687,8.4028],[74.6722,8.4041],[74.6747,8.4052],[74.6799,8.405],[74.6822,8.406],[74.6872,8.407],[74.6887,8.407],[74.6923,8.4071],[74.6935,8.4079],[74.6977,8.4068],[74.6995,8.4055],[74.7049,8.4068],[74.7051,8.4084],[74.7022,8.4132],[74.7012,8.4164],[74.7013,8.4199],[74.7023,8.4206],[74.7044,8.4232],[74.7034,8.4255],[74.7048,8.4303],[74.7047,8.432],[74.7039,8.4362],[74.7032,8.4387],[74.7012,8.4421],[74.6998,8.4439],[74.6969,8.447],[74.6945,8.4495],[74.6928,8.4516],[74.6913,8.4534],[74.687,8.4565],[74.6863,8.4576],[74.6835,8.4573],[74.6812,8.4578],[74.6796,8.4617],[74.6764,8.4624],[74.6739,8.4614],[74.6708,8.4617],[74.6679,8.4633],[74.666,8.4644],[74.6626,8.4672],[74.6607,8.4698],[74.6631,8.4709],[74.6647,8.4712],[74.669,8.47],[74.6706,8.468],[74.6736,8.4655],[74.6761,8.4649],[74.6798,8.4627],[74.6812,8.4628],[74.6829,8.4665],[74.6843,8.4687],[74.6867,8.4716],[74.6885,8.4732],[74.6914,8.4792],[74.6927,8.4813],[74.6944,8.4831],[74.6955,8.4845],[74.6988,8.4857],[74.699,8.4899],[74.6964,8.495],[74.6945,8.4971],[74.6909,8.5],[74.6887,8.503],[74.6851,8.5066],[74.6834,8.5093],[74.679,8.5091],[74.6753,8.5091],[74.6703,8.5096],[74.6685,8.5078],[74.664,8.508],[74.6603,8.5094],[74.6599,8.5118],[74.6593,8.5149],[74.66,8.5183],[74.6617,8.5206],[74.6624,8.5243],[74.6606,8.5269],[74.6602,8.5312],[74.6615,8.5339],[74.6621,8.5386],[74.6642,8.5399],[74.6666,8.5387],[74.6693,8.5374],[74.6706,8.5337],[74.6692,8.5315],[74.6662,8.5295],[74.6655,8.5271],[74.6677,8.523],[74.6686,8.522],[74.6664,8.519],[74.6629,8.5176],[74.6617,8.5145],[74.6583,8.5139],[74.6543,8.5154],[74.6528,8.5176],[74.6485,8.5215],[74.6468,8.5233],[74.6443,8.5269],[74.6442,8.5296],[74.6463,8.5326],[74.644,8.5341],[74.6409,8.5303],[74.639,8.5284],[74.6352,8.5296],[74.6328,8.5318],[74.6342,8.5353],[74.6372,8.5365],[74.6404,8.537],[74.6414,8.5371],[74.6444,8.5352],[74.6468,8.5335],[74.6506,8.5307],[74.6541,8.5297],[74.6571,8.5319],[74.6598,8.5335],[74.6626,8.534],[74.6632,8.5335],[74.6664,8.5305],[74.6702,8.5289],[74.6728,8.5291],[74.6747,8.53],[74.6781,8.5326],[74.6789,8.5357],[74.6768,8.539],[74.6762,8.5406],[74.6725,8.5418],[74.6697,8.5436],[74.6668,8.5466],[74.6652,8.5476],[74.664,8.5498],[74.663,8.553],[74.6588,8.5521],[74.6572,8.5504],[74.6558,8.5477],[74.6568,8.5456],[74.6596,8.546],[74.6603,8.5473],[74.6632,8.5479],[74.6664,8.5484],[74.6695,8.5489],[74.6717,8.5487],[74.6757,8.5469],[74.6778,8.545],[74.6809,8.5424],[74.6798,8.5393],[74.6798,8.5364],[74.6814,8.534],[74.6815,8.53],[74.681,8.5278],[74.6809,8.5232],[74.6826,8.5223],[74.6882,8.5253],[74.6885,8.5276],[74.6917,8.5316],[74.6938,8.5318],[74.6982,8.5324],[74.6995,8.5308],[74.7039,8.5299],[74.7072,8.529],[74.7102,8.5256],[74.7111,8.523],[74.7137,8.5203],[74.7152,8.5188],[74.7182,8.5179],[74.7199,8.5189],[74.7188,8.5246],[74.7201,8.5266],[74.7202,8.5292],[74.7193,8.5306],[74.7144,8.5302],[74.7115,8.5306],[74.7085,8.5325],[74.7071,8.5354],[74.7081,8.5385],[74.7069,8.5406],[74.7065,8.5441],[74.7078,8.5485],[74.707,8.5526],[74.7072,8.5555],[74.7071,8.561],[74.7055,8.5625],[74.7028,8.5663],[74.7025,8.5687],[74.7042,8.5733],[74.705,8.5746],[74.7026,8.5762],[74.6998,8.5779],[74.6965,8.5794],[74.6946,8.5785],[74.6894,8.5761],[74.688,8.5734],[74.6857,8.5722],[74.6829,8.5714],[74.6807,8.5724],[74.6785,8.5757],[74.675,8.5767],[74.6731,8.5762],[74.6693,8.5766],[74.6651,8.5741],[74.6626,8.5691],[74.6612,8.5675],[74.6631,8.5641],[74.6648,8.5621],[74.668,8.5587],[74.6687,8.5565],[74.6663,8.5536],[74.6642,8.5523],[74.6602,8.5518],[74.6601,8.5546],[74.6583,8.5559],[74.6542,8.5545],[74.652,8.5519],[74.6505,8.5493],[74.6474,8.5474],[74.6464,8.5449],[74.6461,8.5409],[74.6468,8.5376],[74.6453,8.5336],[74.6432,8.5332],[74.6403,8.53],[74.6391,8.5273],[74.6366,8.5233],[74.6355,8.5209],[74.634,8.517],[74.6341,8.5157],[74.6314,8.5126],[74.6284,8.5116],[74.6241,8.512],[74.6229,8.512],[74.6201,8.5134],[74.6177,8.5128],[74.6181,8.5085],[74.6191,8.506],[74.6211,8.5027],[74.6206,8.4994],[74.6195,8.4958],[74.62,8.4936],[74.6174,8.4894],[74.6177,8.4862],[74.619,8.4842],[74.6188,8.4807],[74.6219,8.4777],[74.6233,8.475],[74.6263,8.4722],[74.6268,8.4705],[74.6253,8.4674],[74.6243,8.4643],[74.6188,8.4622],[74.6169,8.4591],[74.615,8.4549],[74.6126,8.4533],[74.6101,8.4497],[74.6102,8.447],[74.6111,8.4439],[74.6116,8.4416],[74.6112,8.4375],[74.6118,8.434],[74.613,8.4302],[74.6157,8.428],[74.6193,8.4279],[74.6205,8.4282],[74.6208,8.4327],[74.622,8.4351],[74.6233,8.4402],[74.6228,8.4444],[74.6241,8.449],[74.625,8.451],[74.6238,8.4551],[74.6216,8.457],[74.618,8.457],[74.6149,8.4576],[74.6112,8.4558],[74.6084,8.4547],[74.606,8.4499],[74.6026,8.4474],[74.5985,8.4446],[74.596,8.4421],[74.5916,8.4411],[74.5907,8.4412],[74.586,8.4402],[74.584,8.4381],[74.581,8.4359],[74.5786,8.4342],[74.5752,8.4326],[74.5755,8.4293],[74.5776,8.4276],[74.5799,8.4264],[74.5849,8.4261],[74.5875,8.4244],[74.5885,8.4208],[74.5874,8.4182],[74.5868,8.4143],[74.5864,8.4124],[74.5859,8.4093],[74.5864,8.4066],[74.5875,8.4026],[74.5876,8.4005],[74.5859,8.3959],[74.5839,8.395],[74.5796,8.3917],[74.5778,8.3896],[74.5749,8.3875],[74.5743,8.3852],[74.5725,8.3819],[74.5694,8.3811],[74.5684,8.3847],[74.5696,8.3877],[74.5687,8.3917],[74.5685,8.3944],[74.5693,8.3977],[74.571,8.4001],[74.5732,8.4043],[74.5743,8.4067],[74.5762,8.4099],[74.5774,8.4119],[74.5804,8.4124],[74.5822,8.4116],[74.5845,8.4114],[74.5877,8.4118],[74.5924,8.4112],[74.5956,8.4127],[74.5997,8.4147],[74.603,8.4157],[74.6057,8.4173],[74.6074,8.4191],[74.607,8.4216],[74.6045,8.4239],[74.6017,8.4263],[74.6003,8.4293],[74.5991,8.4338],[74.5968,8.4356],[74.5941,8.439],[74.5932,8.4422],[74.5979,8.4451],[74.5994,8.4456],[74.6044,8.444],[74.6052,8.4415],[74.6068,8.4394],[74.6081,8.4362],[74.6088,8.4338],[74.6092,8.4316],[74.6098,8.4281],[74.6105,8.4263],[74.6113,8.4235],[74.6142,8.4218],[74.6163,8.4216],[74.6178,8.4223],[74.6206,8.4244],[74.6204,8.4287],[74.6188,8.4306],[74.617,8.4329],[74.6142,8.437],[74.6131,8.4382],[74.6098,8.4401],[74.6063,8.4413],[74.605,8.4448],[74.6028,8.4471],[74.602,8.4509],[74.6027,8.4539],[74.6056,8.458],[74.6078,8.4616],[74.6097,8.4636],[74.6106,8.4671],[74.6113,8.4703],[74.6126,8.4729],[74.612,8.4768],[74.6109,8.4809],[74.6125,8.4851],[74.612,8.4872],[74.6105,8.4919],[74.6085,8.4936],[74.6054,8.4961],[74.6032,8.4961],[74.5997,8.4947],[74.5971,8.4927],[74.5939,8.4929],[74.592,8.4951],[74.5907,8.4999],[74.589,8.5016],[74.5877,8.5062],[74.5857,8.5074],[74.5838,8.5089],[74.5794,8.5108],[74.5767,8.5127],[74.5742,8.5151],[74.5701,8.5154],[74.5683,8.5165],[74.5655,8.5203],[74.5645,8.5223],[74.5638,8.5256],[74.5646,8.5272],[74.5641,8.531],[74.5643,8.5325],[74.5651,8.5357],[74.5635,8.538],[74.5635,8.54],[74.5652,8.5434],[74.5648,8.546],[74.5618,8.5486],[74.5589,8.5529],[74.5591,8.556],[74.561,8.5601],[74.5627,8.5629],[74.5615,8.5682],[74.5599,8.5713],[74.559,8.5759],[74.5584,8.5792],[74.5593,8.5826],[74.562,8.5866],[74.5643,8.5909],[74.565,8.5953],[74.5627,8.5988],[74.5613,8.6003],[74.5578,8.6007],[74.5586,8.5979],[74.5556,8.5941],[74.5526,8.591],[74.5515,8.5901],[74.5488,8.5895],[74.5438,8.5899],[74.5433,8.5915],[74.5434,8.5944],[74.5442,8.5972],[74.5487,8.5999],[74.551,8.5972],[74.5545,8.5929],[74.5551,8.5915],[74.5549,8.5877],[74.5529,8.5856],[74.5509,8.5843],[74.5492,8.5832],[74.5453,8.5828],[74.543,8.5839],[74.5396,8.5833],[74.536,8.5803],[74.5358,8.5761],[74.5366,8.574],[74.5391,8.5761],[74.5394,8.5789],[74.5382,8.5832],[74.5367,8.5848],[74.5341,8.5872],[74.5339,8.5893],[74.5342,8.5927],[74.5349,8.5947],[74.5333,8.5988],[74.5323,8.6014],[74.5306,8.6052],[74.5287,8.6068],[74.5276,8.6108],[74.5253,8.6134],[74.522,8.6163],[74.5191,8.6186],[74.5157,8.6206],[74.5144,8.6225],[74.5126,8.6254],[74.5104,8.6267],[74.5072,8.6266],[74.5024,8.6273],[74.4985,8.6294],[74.4966,8.6306],[74.4945,8.6331],[74.4912,8.6349],[74.4887,8.633],[74.4905,8.6313],[74.4937,8.6277],[74.4961,8.6261],[74.4994,8.6254],[74.5006,8.6252],[74.5042,8.6211],[74.5046,8.6178],[74.5056,8.6137],[74.5064,8.6107],[74.5083,8.6075],[74.5109,8.6035],[74.5134,8.5987],[74.5162,8.5958],[74.5134,8.5941],[74.5118,8.5958],[74.5084,8.5973],[74.5059,8.5957],[74.5029,8.5944],[74.5005,8.592],[74.4993,8.5883],[74.4987,8.5859],[74.4983,8.5811],[74.4977,8.5783],[74.4946,8.5747],[74.4942,8.5725],[74.4959,8.5686],[74.4962,8.5662],[74.4959,8.5631],[74.4965,8.5612],[74.4947,8.5565],[74.4951,8.5539],[74.4958,8.5516],[74.497,8.5505],[74.4965,8.5468],[74.4959,8.5442],[74.4981,8.5406],[74.4991,8.5393],[74.4989,8.5357],[74.5002,8.5311],[74.502,8.5299],[74.5055,8.5293],[74.5108,8.5303],[74.5145,8.5307],[74.5186,8.5315],[74.5201,8.533],[74.5236,8.5368],[74.5249,8.5385],[74.5263,8.5434],[74.5268,8.545],[74.527,8.55],[74.5272,8.5527],[74.5251,8.5555],[74.5231,8.5538],[74.5214,8.5509],[74.5204,8.5513],[74.5209,8.5457],[74.5233,8.5448],[74.528,8.5443],[74.5292,8.5421],[74.5333,8.5384],[74.5348,8.5359],[74.5371,8.5341],[74.5391,8.5333],[74.5423,8.5321],[74.5458,8.532],[74.549,8.5343],[74.5486,8.537],[74.5457,8.5381],[74.5423,8.5412],[74.5396,8.545],[74.5381,8.5484],[74.5352,8.552],[74.5356,8.5546],[74.5343,8.5583],[74.534,8.5621],[74.5347,8.5674],[74.5358,8.5705],[74.5341,8.5718],[74.5311,8.5723],[74.5269,8.5712],[74.5249,8.5712],[74.5212,8.5715],[74.5203,8.574],[74.5183,8.5781],[74.5158,8.5793],[74.512,8.5788],[74.5102,8.5803],[74.5094,8.5838],[74.5088,8.5859],[74.5065,8.5889],[74.5045,8.591],[74.5035,8.5944],[74.5008,8.5965],[74.497,8.596],[74.4955,8.5924],[74.4931,8.5896],[74.4904,8.5881],[74.4867,8.5867],[74.4829,8.5845],[74.4781,8.5836],[74.4756,8.5843],[74.4731,8.5863],[74.473,8.5885],[74.4752,8.5906],[74.4774,8.5934],[74.479,8.5955],[74.4801,8.5959],[74.4842,8.595],[74.4874,8.5939],[74.4895,8.5912],[74.4899,8.5896],[74.4932,8.5865],[74.4945,8.5849],[74.4948,8.58],[74.4953,8.5777],[74.4943,8.5739],[74.4942,8.571],[74.4964,8.5692],[74.4988,8.568],[74.5003,8.5655],[74.4988,8.5614],[74.4992,8.5565],[74.4999,8.5556],[74.5031,8.5554],[74.5054,8.5561],[74.5096,8.5567],[74.513,8.5551],[74.517,8.5541],[74.5198,8.5547],[74.5236,8.5574],[74.5239,8.5606],[74.5225,8.5656],[74.5209,8.5669],[74.5189,8.5705],[74.5189,8.5731],[74.5207,8.5768],[74.5233,8.5786],[74.5265,8.5809],[74.5283,8.5834],[74.5321,8.5872],[74.535,8.5877],[74.5383,8.5874],[74.5411,8.5869],[74.5454,8.5875],[74.5478,8.5871],[74.5526,8.5863],[74.5554,8.5856],[74.5579,8.5833],[74.5582,8.5816],[74.5627,8.578],[74.5651,8.5763],[74.5697,8.5744],[74.5735,8.5723],[74.5766,8.5717],[74.5785,8.5692],[74.5783,8.566],[74.579,8.5638],[74.5813,8.5637],[74.5851,8.5644],[74.5874,8.5671],[74.5898,8.5696],[74.5921,8.5726],[74.5953,8.5729],[74.5979,8.5723],[74.6017,8.5741],[74.6029,8.5787],[74.6016,8.5819],[74.6004,8.5851],[74.6007,8.587],[74.6004,8.5895],[74.6019,8.592],[74.6008,8.5951],[74.5997,8.597],[74.5967,8.5971],[74.5934,8.5977],[74.592,8.6014],[74.5903,8.6045],[74.5883,8.6075],[74.5865,8.6096],[74.5836,8.6108],[74.5807,8.6091],[74.575,8.61],[74.5726,8.6102],[74.5719,8.6149],[74.5719,8.617],[74.5723,8.6219],[74.5727,8.624],[74.5755,8.626],[74.577,8.6267],[74.5792,8.6308],[74.5808,8.6333],[74.5806,8.6372],[74.5809,8.6374],[74.585,8.6373],[74.5882,8.6353],[74.5926,8.6339],[74.5942,8.6342],[74.5997,8.6342],[74.6025,8.6324],[74.6074,8.6313],[74.6107,8.633],[74.6124,8.6334],[74.6165,8.6348],[74.6179,8.6373],[74.6192,8.6403],[74.6215,8.6422],[74.6221,8.6437],[74.6243,8.6484],[74.6274,8.649],[74.6303,8.649],[74.6305,8.652],[74.6304,8.6561],[74.6324,8.6575],[74.634,8.6596],[74.6359,8.6624],[74.6382,8.666],[74.6411,8.6657],[74.647,8.665],[74.6481,8.6659],[74.6525,8.6636],[74.6551,8.6604],[74.6541,8.6552],[74.6555,8.6524],[74.6562,8.6469],[74.6565,8.6441],[74.6531,8.6406],[74.6513,8.6387],[74.6474,8.6357],[74.6467,8.6346],[74.6439,8.6367],[74.6425,8.6394],[74.6407,8.6418],[74.6402,8.6434],[74.6378,8.6471],[74.6362,8.6489],[74.6326,8.6497],[74.6314,8.6496],[74.6286,8.6475],[74.6285,8.6442],[74.6289,8.6401],[74.6295,8.6378],[74.6333,8.6357],[74.6355,8.6344],[74.6379,8.6297],[74.6417,8.627],[74.6457,8.626],[74.6479,8.6232],[74.6492,8.6189],[74.6497,8.6173],[74.6488,8.6141],[74.6483,8.6121],[74.6442,8.6149],[74.6391,8.6157],[74.6351,8.6155],[74.6318,8.6155],[74.6281,8.6181],[74.6248,8.6202],[74.6226,8.6236],[74.6217,8.6257],[74.6201,8.6295],[74.6195,8.632],[74.6149,8.6354],[74.6144,8.6378],[74.6169,8.6393],[74.618,8.639],[74.6219,8.6379],[74.6243,8.6361],[74.6278,8.6344],[74.6303,8.6317],[74.633,8.6311],[74.6353,8.631],[74.6386,8.6311],[74.6389,8.6328],[74.6426,8.6346],[74.6446,8.6344],[74.6489,8.6331],[74.6519,8.6321],[74.6565,8.6316],[74.6578,8.6334],[74.6549,8.6364],[74.6537,8.6403],[74.6521,8.6435],[74.6494,8.6451],[74.649,8.6478],[74.6504,8.6485],[74.6539,8.6494],[74.6542,8.6515],[74.6511,8.6557],[74.6488,8.6571],[74.6456,8.6549],[74.6438,8.6518],[74.6414,8.6493],[74.6409,8.6476],[74.6439,8.6442],[74.6475,8.6453],[74.6525,8.6485],[74.6524,8.651],[74.6523,8.6538],[74.6497,8.6559],[74.6454,8.6573],[74.6426,8.6591],[74.6388,8.6586],[74.637,8.6578],[74.6324,8.6582],[74.6295,8.66],[74.6254,8.6619],[74.6237,8.6647],[74.6209,8.6678],[74.6186,8.6705],[74.6166,8.6733],[74.6131,8.6746],[74.6082,8.6744],[74.6039,8.6753],[74.6016,8.6789],[74.6009,8.6809],[74.6003,8.6848],[74.5985,8.685],[74.5949,8.6872],[74.5931,8.6849],[74.589,8.6851],[74.5876,8.6841],[74.585,8.6821],[74.587,8.679],[74.5897,8.6772],[74.5916,8.679],[74.5954,8.6798],[74.5983,8.6785],[74.6035,8.6784],[74.6053,8.6783],[74.6093,8.6783],[74.6117,8.6777],[74.6139,8.6745],[74.6164,8.6738],[74.6195,8.6705],[74.6223,8.6676],[74.6262,8.6646],[74.6284,8.6628],[74.6316,8.6623],[74.636,8.6629],[74.6381,8.6652],[74.638,8.6671],[74.6358,8.67],[74.6373,8.6724],[74.6415,8.675],[74.6439,8.6774],[74.6504,8.6784],[74.6536,8.6782],[74.6572,8.681],[74.6587,8.6818],[74.6575,8.6867],[74.6563,8.6893],[74.657,8.6925],[74.6568,8.6948],[74.6571,8.6993],[74.6568,8.7023],[74.656,8.7049],[74.6551,8.708],[74.6537,8.7114],[74.6536,8.7129],[74.6523,8.7167],[74.6504,8.7181],[74.6468,8.7217],[74.6449,8.7241],[74.6409,8.7271],[74.6389,8.7288],[74.6343,8.7287],[74.6319,8.7299],[74.6298,8.7326],[74.6262,8.7328],[74.6217,8.7354],[74.6191,8.7376],[74.615,8.7372],[74.6126,8.7382],[74.6093,8.739],[74.6073,8.7416],[74.6061,8.7466],[74.6046,8.75],[74.6038,8.7543],[74.6028,8.7571],[74.6014,8.7585],[74.6009,8.7599],[74.5984,8.7625],[74.5965,8.7619],[74.5931,8.7639],[74.5912,8.7646],[74.5903,8.7672],[74.5905,8.7705],[74.5885,8.7744],[74.5886,8.7765],[74.5859,8.7808],[74.5836,8.7812],[74.5794,8.7785],[74.5804,8.7764],[74.5836,8.7744],[74.5854,8.7765],[74.5884,8.7785],[74.5907,8.7796],[74.5947,8.7803],[74.5974,8.78],[74.6015,8.7805],[74.6025,8.7802],[74.6047,8.7787],[74.607,8.7807],[74.6123,8.7825],[74.6144,8.7798],[74.6161,8.7762],[74.6153,8.7752],[74.615,8.7718],[74.6158,8.7682],[74.6168,8.7665],[74.6156,8.7631],[74.6172,8.7573],[74.6159,8.7546],[74.6159,8.7518],[74.6162,8.7486],[74.6166,8.7461],[74.6206,8.7445],[74.6253,8.7447],[74.6278,8.7445],[74.6342,8.745],[74.6379,8.7445],[74.641,8.7418],[74.6419,8.7415],[74.646,8.7424],[74.6477,8.7425],[74.6514,8.7373],[74.6546,8.7361],[74.6587,8.7367],[74.6592,8.7386],[74.658,8.7425],[74.6574,8.7446],[74.6552,8.7476],[74.6544,8.751],[74.653,8.7542],[74.6519,8.756],[74.6513,8.7603],[74.6519,8.7619],[74.6541,8.7622],[74.6572,8.7621],[74.6618,8.7582],[74.664,8.758],[74.6677,8.7545],[74.6704,8.7546],[74.6738,8.7591],[74.6757,8.7607],[74.677,8.7643],[74.6768,8.7665],[74.6765,8.7684],[74.6769,8.771],[74.6762,8.7741],[74.674,8.7764],[74.6724,8.7804],[74.6705,8.782],[74.6688,8.7839],[74.668,8.7853],[74.6648,8.7885],[74.6636,8.7904],[74.6644,8.795],[74.6655,8.7963],[74.6694,8.7985],[74.6693,8.8017],[74.6672,8.8043],[74.6678,8.8078],[74.6684,8.8126],[74.667,8.8126],[74.665,8.8106],[74.661,8.8101],[74.6584,8.8067],[74.6586,8.8034],[74.66,8.7998],[74.6588,8.7971],[74.6551,8.7941],[74.6534,8.7918],[74.6524,8.7887],[74.6519,8.7855],[74.6549,8.7832],[74.6566,8.7834],[74.6586,8.7858],[74.6606,8.7854],[74.6663,8.7855],[74.6684,8.7851],[74.6729,8.7886],[74.6756,8.7916],[74.6764,8.7953],[74.6771,8.796],[74.6787,8.7991],[74.6785,8.8019],[74.6747,8.8034],[74.6727,8.8025],[74.6685,8.8038],[74.6658,8.8056],[74.6638,8.8098],[74.6642,8.8113],[74.6672,8.815],[74.6684,8.8173],[74.669,8.8194],[74.6721,8.8203],[74.6762,8.8221],[74.6788,8.8225],[74.683,8.8234],[74.6845,8.8257],[74.6847,8.8301],[74.6856,8.833],[74.683,8.8351],[74.6815,8.837],[74.6802,8.8417],[74.678,8.8442],[74.6752,8.8452],[74.6726,8.8463],[74.6683,8.8466],[74.6659,8.8433],[74.6663,8.8413],[74.6682,8.8409],[74.6724,8.8423],[74.6747,8.8436],[74.6766,8.8473],[74.6792,8.8497],[74.6835,8.8519],[74.6864,8.8534],[74.6891,8.8504],[74.6926,8.8481],[74.6966,8.8461],[74.6979,8.8434],[74.6988,8.84],[74.7033,8.8395],[74.7087,8.838],[74.7114,8.837],[74.7151,8.8365],[74.7157,8.835]]},"properties":{"mmsi":997667915,"name":"Fishing 7915","role":"eliminated","vessel_type":30,"synthetic":true,"t_offset_s":[-259200,-259080,-258840,-258480,-258240,-257880,-257640,-257280,-257040,-256680,-256440,-256080,-255840,-255480,-255240,-254880,-254640,-254280,-254040,-253680,-253440,-253080,-252840,-252480,-252240,-251880,-251640,-251280,-251040,-250680,-250440,-250080,-249840,-249480,-249240,-248880,-248640,-248280,-248040,-247680,-247440,-247080,-246840,-246480,-246240,-245880,-245640,-245280,-245040,-244680,-244440,-244080,-243840,-243480,-243240,-242880,-242640,-242280,-242040,-241680,-241440,-241080,-240840,-240480,-240240,-239880,-239640,-239280,-239040,-238680,-238440,-238080,-237840,-237480,-237240,-236880,-236640,-236280,-236040,-235680,-235440,-235080,-234840,-234480,-234240,-233880,-233640,-233280,-233040,-232680,-232440,-232080,-231840,-231480,-231240,-230880,-230640,-230280,-230040,-229680,-229440,-229080,-228840,-228480,-228240,-227880,-227640,-227280,-227040,-226680,-226440,-226080,-225840,-225480,-225240,-224880,-224640,-224280,-224040,-223680,-223440,-223080,-222840,-222480,-222240,-221880,-221640,-221280,-221040,-220680,-220440,-220080,-219840,-219480,-219240,-218880,-218640,-218280,-218040,-217680,-217440,-217080,-216840,-216480,-216240,-215880,-215640,-215280,-215040,-214680,-214440,-214080,-213840,-213480,-213240,-212880,-212640,-212280,-212040,-211680,-211440,-211080,-210840,-210480,-210240,-209880,-209640,-209280,-209040,-208680,-208440,-208080,-207840,-207480,-207240,-206880,-206640,-206280,-206040,-205680,-205440,-205080,-204840,-204480,-204240,-203880,-203640,-203280,-203040,-202680,-202440,-202080,-201840,-201480,-201240,-200880,-200640,-200280,-200040,-199680,-199440,-199080,-198840,-198480,-198240,-197880,-197640,-197280,-197040,-196680,-196440,-196080,-195840,-195480,-195240,-194880,-194640,-194280,-194040,-193680,-193440,-193080,-192840,-192480,-192240,-191880,-191640,-191280,-191040,-190680,-190440,-190080,-189840,-189480,-189240,-188880,-188640,-188280,-188040,-187680,-187440,-187080,-186840,-186480,-186240,-185880,-185640,-185280,-185040,-184680,-184440,-184080,-183840,-183480,-183240,-182880,-182640,-182280,-182040,-181680,-181440,-181080,-180840,-180480,-180240,-179880,-179640,-179280,-179040,-178680,-178440,-178080,-177840,-177480,-177240,-176880,-176640,-176280,-176040,-175680,-175440,-175080,-174840,-174480,-174240,-173880,-173640,-173280,-173040,-172680,-172440,-172080,-171840,-171480,-171240,-170880,-170640,-170280,-170040,-169680,-169440,-169080,-168840,-168480,-168240,-167880,-167640,-167280,-167040,-166680,-166440,-166080,-165840,-165480,-165240,-164880,-164640,-164280,-164040,-163680,-163440,-163080,-162840,-162480,-162240,-161880,-161640,-161280,-161040,-160680,-160440,-160080,-159840,-159480,-159240,-158880,-158640,-158280,-158040,-157680,-157440,-157080,-156840,-156480,-156240,-155880,-155640,-155280,-155040,-154680,-154440,-154080,-153840,-153480,-153240,-152880,-152640,-152280,-152040,-151680,-151440,-151080,-150840,-150480,-150240,-149880,-149640,-149280,-149040,-148680,-148440,-148080,-147840,-147480,-147240,-146880,-146640,-146280,-146040,-145680,-145440,-145080,-144840,-144480,-144240,-143880,-143640,-143280,-143040,-142680,-142440,-142080,-141840,-141480,-141240,-140880,-140640,-140280,-140040,-139680,-139440,-139080,-138840,-138480,-138240,-137880,-137640,-137280,-137040,-136680,-136440,-136080,-135840,-135480,-135240,-134880,-134640,-134280,-134040,-133680,-133440,-133080,-132840,-132480,-132240,-131880,-131640,-131280,-131040,-130680,-130440,-130080,-129840,-129480,-129240,-128880,-128640,-128280,-128040,-127680,-127440,-127080,-126840,-126480,-126240,-125880,-125640,-125280,-125040,-124680,-124440,-124080,-123840,-123480,-123240,-122880,-122640,-122280,-122040,-121680,-121440,-121080,-120840,-120480,-120240,-119880,-119640,-119280,-119040,-118680,-118440,-118080,-117840,-117480,-117240,-116880,-116640,-116280,-116040,-115680,-115440,-115080,-114840,-114480,-114240,-113880,-113640,-113280,-113040,-112680,-112440,-112080,-111840,-111480,-111240,-110880,-110640,-110280,-110040,-109680,-109440,-109080,-108840,-108480,-108240,-107880,-107640,-107280,-107040,-106680,-106440,-106080,-105840,-105480,-105240,-104880,-104640,-104280,-104040,-103680,-103440,-103080,-102840,-102480,-102240,-101880,-101640,-101280,-101040,-100680,-100440,-100080,-99840,-99480,-99240,-98880,-98640,-98280,-98040,-97680,-97440,-97080,-96840,-96480,-96240,-95880,-95640,-95280,-95040,-94680,-94440,-94080,-93840,-93480,-93240,-92880,-92640,-92280,-92040,-91680,-91440,-91080,-90840,-90480,-90240,-89880,-89640,-89280,-89040,-88680,-88440,-88080,-87840,-87480,-87240,-86880,-86640,-86280,-86040,-85680,-85440,-85080,-84840,-84480,-84240,-83880,-83640,-83280,-83040,-82680,-82440,-82080,-81840,-81480,-81240,-80880,-80640,-80280,-80040,-79680,-79440,-79080,-78840,-78480,-78240,-77880,-77640,-77280,-77040,-76680,-76440,-76080,-75840,-75480,-75240,-74880,-74640,-74280,-74040,-73680,-73440,-73080,-72840,-72480,-72240,-71880,-71640,-71280,-71040,-70680,-70440,-70080,-69840,-69480,-69240,-68880,-68640,-68280,-68040,-67680,-67440,-67080,-66840,-66480,-66240,-65880,-65640,-65280,-65040,-64680,-64440,-64080,-63840,-63480,-63240,-62880,-62640,-62280,-62040,-61680,-61440,-61080,-60840,-60480,-60240,-59880,-59640,-59280,-59040,-58680,-58440,-58080,-57840,-57480,-57240,-56880,-56640,-56280,-56040,-55680,-55440,-55080,-54840,-54480,-54240,-53880,-53640,-53280,-53040,-52680,-52440,-52080,-51840,-51480,-51240,-50880,-50640,-50280,-50040,-49680,-49440,-49080,-48840,-48480,-48240,-47880,-47640,-47280,-47040,-46680,-46440,-46080,-45840,-45480,-45240,-44880,-44640,-44280,-44040,-43680,-43440,-43080,-42840,-42480,-42240,-41880,-41640,-41280,-41040,-40680,-40440,-40080,-39840,-39480,-39240,-38880,-38640,-38280,-38040,-37680,-37440,-37080,-36840,-36480,-36240,-35880,-35640,-35280,-35040,-34680,-34440,-34080,-33840,-33480,-33240,-32880,-32640,-32280,-32040,-31680,-31440,-31080,-30840,-30480,-30240,-29880,-29640,-29280,-29040,-28680,-28440,-28080,-27840,-27480,-27240,-26880,-26640,-26280,-26040,-25680,-25440,-25080,-24840,-24480,-24240,-23880,-23640,-23280,-23040,-22680,-22440,-22080,-21840,-21480,-21240,-20880,-20640,-20280,-20040,-19680,-19440,-19080,-18840,-18480,-18240,-17880,-17640,-17280,-17040,-16680,-16440,-16080,-15840,-15480,-15240,-14880,-14640,-14280,-14040,-13680,-13440,-13080,-12840,-12480,-12240,-11880,-11640,-11280,-11040,-10680,-10440,-10080,-9840,-9480,-9240,-8880,-8640,-8280,-8040,-7680,-7440,-7080,-6840,-6480,-6240,-5880,-5640,-5280,-5040,-4680,-4440,-4080,-3840,-3480,-3240,-2880,-2640,-2280,-2040,-1680,-1440,-1080,-840,-480,-240,120,360,720,960,1320,1560,1920,2160,2520,2760,3120,3360,3720,3960,4320,4560,4920,5160,5520,5760,6120,6360,6720,6960,7320,7560,7920,8160,8520,8760,9120,9360,9720,9960,10320,10560,10920,11160,11520,11760,12120,12360,12720,12960,13320,13560,13920,14160,14520,14760,15120,15360,15720,15960,16320,16560,16920,17160,17520,17760,18120,18360,18720,18960,19320,19560,19920,20160,20520,20760,21120,21360,21720,21960,22320,22560,22920,23160,23520,23760,24120,24360,24720,24960,25320,25560,25920,26160,26520,26760,27120,27360,27720,27960,28320,28560,28920,29160,29520,29760,30120,30360,30720,30960,31320,31560,31920,32160,32520,32760,33120,33360,33720,33960,34320,34560,34920,35160,35520,35760,36120,36360,36720,36960,37320,37560,37920,38160,38520,38760,39120,39360,39720,39960,40320,40560,40920,41160,41520,41760,42120,42360,42720,42960,43320,43560,43920,44160,44520,44760,45120,45360,45720,45960,46320,46560,46920,47160,47520,47760,48120,48360,48720,48960,49320,49560,49920,50160,50520,50760,51120,51360,51720,51960,52320,52560,52920,53160,53520,53760,54120,54360,54720,54960,55320,55560,55920,56160,56520,56760,57120,57360,57720,57960,58320,58560,58920,59160,59520,59760,60120,60360,60720,60960,61320,61560,61920,62160,62520,62760,63120,63360,63720,63960,64320,64560,64920,65160,65520,65760,66120,66360,66720,66960,67320,67560,67920,68160,68520,68760,69120,69360,69720,69960,70320,70560,70920,71160,71520,71760,72120,72360,72720,72960,73320,73560,73920,74160,74520,74760,75120,75360,75720,75960,76320,76560,76920,77160,77520,77760,78120,78360,78720,78960,79320,79560,79920,80160,80520,80760,81120,81360,81720,81960,82320,82560,82920,83160,83520,83760,84120,84360,84720,84960,85320,85560,85920,86160],"sog":[3.1,0.6,0.8,3.5,2.1,2.9,1.3,2.7,2.6,3.3,2.5,3.6,3.8,3.2,3.3,3.5,4.4,2.6,2.8,3.8,0.7,2.2,1.6,2.7,1.7,3.6,2.4,2.8,3.1,1.9,0.7,1.8,2.1,0.7,2.2,3.5,2.8,4,3.7,3.1,3,2.4,1.7,1.6,2.8,2.9,2.3,3.4,3.9,1.7,3.3,3.8,3,2,2.2,1.5,2.4,2.7,2.8,1.2,3.5,3.6,1.4,1.7,1.7,0.7,2.5,2.7,0.7,3.1,2.5,1.9,3,2.6,2.1,2.4,2.8,2.3,2.2,3.6,3.1,2.7,3,3.3,2.1,3,1.9,1.4,1,1.3,2.9,3.8,2.3,1.7,1.1,0.8,4.8,1.4,2,3.3,1.7,1.7,2.7,4.2,3.7,1,1.4,2.5,3.4,0.5,3.2,3.1,2.1,3,3.7,1.6,2.6,3.6,3.5,2.7,3.3,2.5,1,4,1.9,1.2,4.7,2.3,1.8,2.7,1.1,1.7,0.8,3.6,3,0.8,2.5,2.7,2.7,1.1,4.5,1.7,4,2.7,3.9,2.1,1.9,0.8,2.4,1.4,1.1,3.1,3.1,1.8,2.9,2.5,0.6,2.9,3.6,1.5,0.8,3.4,2,2.3,2.1,3.7,1.8,4.6,0.9,2.4,1.7,3,1.3,3.7,2.4,2,1.1,1.5,1.3,2.8,2.5,2.1,3.2,2.4,2.2,3.6,2.5,0.9,2.7,4,0.8,1.3,1.3,2.4,2.3,0.3,2.7,1.1,2.6,3.7,3.2,1.2,2.1,3.2,2.6,1.5,1.5,2.2,2.1,3.3,3.2,0.3,2.8,3,2.4,1.4,2.7,2.1,3,4.5,2.9,3.7,4.2,3.4,3.5,1.8,3.2,1.8,3.3,4,2.6,3.1,2.7,1.8,2.5,3.3,3.7,3.4,2.6,3.4,1.5,2.4,2.7,2.5,2.5,0.9,2.8,4.1,1.7,3.5,2.3,2,4.2,0.9,3.8,2.9,2.8,2.6,2,3.6,3.5,1.1,2.6,2.9,2.3,3.1,3.2,0.5,0.7,0.9,3.1,3.2,3,2.2,3.4,1.4,0.3,1.3,3.8,1.6,1.8,2.8,3.6,1.5,1.4,2.8,2.8,2.9,1.5,2.1,4.3,4.1,1.5,2,2.5,1.4,1.2,1.5,3.6,2.2,3,3.2,3,2.7,2.6,1.3,3.9,3,2.5,3.1,2.3,3,0.7,1.9,2.3,4.2,2,3.3,3.5,1.4,2.9,3.5,3.2,2.8,0.5,4.1,2.6,1.5,0.3,2.4,1.8,2.7,2.5,1.1,2.8,2.2,4.9,2.6,3.4,3,1,4,2.7,2.6,1.2,1.7,2.3,3.8,1.3,2.1,3.3,1.6,3,1.6,3.8,3.4,2,1.9,4.8,3,2.6,4.2,2.6,2.8,2.6,2.2,1.9,4,2.5,1.3,4.8,0.3,3.9,2.8,4,1.8,2.4,1.7,2.2,3.2,2.9,3.7,2.6,2.6,1.2,2.8,1.4,4.1,0.7,1.2,1.9,3.9,3,1.3,2.6,3.7,2.7,1.7,1.7,2,4.5,1.8,4,2.4,0.9,3.8,3.4,4,2.7,2.4,1.9,2.6,3.5,2.3,2.1,2.4,3,3.2,1.3,3,0.7,3,1.6,4.2,3.7,3.8,1.5,1.8,3.3,1.8,2.3,2.2,2.7,3.3,3.6,4,2.7,2.8,0.5,2.3,2.9,2.8,3.3,1.5,2.9,1.3,2.4,3.4,2.7,2.1,1.4,3.3,2.5,3.2,2.4,2.4,1,1.4,1.6,4.6,2,2.7,2.7,1.4,3.3,3.9,2.8,1.1,1.5,1.2,2,4.4,2.3,1.7,2,1.5,1.3,1.9,2.9,3.3,3.8,2.2,2.9,2.2,2.4,2.4,2.4,2,2.7,2.1,2,2.5,2.4,3.7,1.6,3.4,1.7,0.3,2.6,1.2,1.7,3.3,2.6,2.1,3.1,2,1.4,2,2.6,0.3,3.5,3.6,1.2,3,4.2,2,3.8,2.7,2.9,2.6,4.8,2.9,2.8,1.4,3.1,4.1,3.7,2.9,0.8,2.2,1.7,2.2,2,1.5,3.1,3.1,3.3,3,2.6,3.2,2.7,1.4,4.3,1.8,3.7,3.8,1.8,3.1,2.6,1.1,2.9,1.8,0.9,1.5,2.8,1.6,3.8,1.6,2.9,4.7,1.9,2.4,3,3.7,2.3,2.9,3.1,2.7,3,3,4.2,3.1,1.8,1.7,3,4.4,3.4,0.8,2.8,2.2,1.7,1.4,1.8,2.6,3.9,3.6,1.9,4.3,1.2,1.7,1.8,1.2,1.3,3.1,3.1,0.7,2.2,2,1.8,4.1,0.5,2.5,2.2,1.4,2.6,1.8,2.5,1.7,2.5,2.4,2.7,4.6,2.5,3.7,2.4,1.5,2.7,2.6,4.5,2.4,1.2,2.8,3.2,3.2,1.9,3.3,4,1.7,2.8,3,3.7,3.3,2.5,4.5,5.6,5.3,3.8,3,3,1.1,3.1,2.9,3.7,3,1.2,2.5,2.8,2.9,1.9,3.4,2.5,2.7,1.5,2.5,1.7,1.7,0.3,1.6,2.3,3.2,1.1,1.8,3.8,1.6,3,4.2,3.1,2.3,2,4.5,0.3,2.2,1.4,4.5,2.7,1.5,3.1,1.4,1.4,4,2.8,2.2,2.9,3.3,2.7,1.1,0.8,2.1,2.8,3.6,2.9,2.1,4.1,2.3,2.5,3.8,2.5,3,4.7,3.3,2.2,1.1,2.9,3.2,1.1,1.5,2.7,2.7,2.6,3.6,1.5,1.5,2.4,2.1,2.4,0.8,3.1,1.4,5.2,2.1,3.5,3.3,2.9,3.5,2.1,2.9,2.6,3.7,4.7,0.3,1,2.4,2,2.6,1.9,3,1.1,3.2,3.7,1.6,3.2,1.5,2.8,2.6,3,4.4,1.4,1.3,1.6,2.4,3.6,4.6,2.5,2.6,2.5,3.2,1.4,2.5,1.8,2.9,3.4,1.9,0.8,3.1,2.6,1,2.3,3.6,2.4,3.5,1.7,3,1,3,2.5,2,4,2.6,2.8,1.7,0.3,2.4,4.5,2.1,4.3,2.3,1.9,1.8,4.9,4.2,3,3.4,2.5,1.5,2.9,1.8,1.5,1.4,2.5,2.2,3.5,2.2,2.1,3,2.5,4.8,1.8,1.7,1.5,3.6,2.3,1.2,1.9,2.6,1.8,2.6,0.3,4.2,3.9,2.4,0.3,2.1,2.9,2.1,3.4,1.4,4.3,3.2,2.3,1.3,1.8,3.1,2.8,1.7,1.9,1.5,2.4,1,3.4,1.8,3.5,4.5,1.3,2.9,4,2.9,1.9,2.8,2,3.1,1.1,4,2.1,2.6,3.4,0.3,2.3,3.5,2.6,3.1,1.4,2.2,4.4,3.6,1.3,1.3,2.6,5.9,3.5,3.4,3.2,2.5,1.6,1,2.5,4.1,4.7,1.2,3.7,3.7,2.9,3,2.4,3.1,3,4.2,2.1,2.3,1.5,1.4,3.5,2.8,3.5,0.9,2.2,2.5,1.2,3.2,0.7,2,2.3,2.2,2.6,2.6,3.9,2,2.6,0.3,0.3,3,1,2.8,2.2,3.7,2.8,2.2,2.1,2.6,4.8,2.7,3.4,0.4,2.5,3.9,2.8,2.7,0.9,2.1,3.4,2,1.4,1.1,2.2,3.4,3.5,3.8,5,2.1,1.5,1.9,1.2,2.2,3.8,1.6,1.6,0.3,3.3,2.4,1.2,2.7,2.6,3.7,1.7,2.6,2.3,1.6,2.2,2.4,4.2,2.7,3.2,2.3,3.7,1.8,2.3,2.6,1.9,2.6,1.6,3.6,3.6,2.6,1.5,2.6,2.3,1.2,2.8,4.2,2.8,2.2,2.8,2.1,2.1,3.2,2.8,4.3,2.7,2.1,2.2,2.8,2.4,1.8,2,3.3,2,3,3.3,0.9,3.1,2.3,3.7,2.9,2.1,1.4,1.1,0.7,0.5,1.4,2.1,2.3,3.7,3.2,3.2,4.4,2.7,2.2,1.4,1.8,2.1,2.4,2.5,1.8,2.5,4.2,1.3,0.3,4.1,3.5,5,3.3,1.3,2.1,2.8,2.4,1.9,1.5,3.4,1.8,3,0.8,3,1.3,1.5,4,2.1,1.9,1.4,2.4,1.4,3.5,2.7,3.6,1.9,2,2.3,2.6,2.6,1.8,1.3,1.1,1.5,2.6,2.2,2.9,2.6,2.4,2.4,3.6,2.5,3.8,1.5,1.8,2.1,1,1.8,2.1,1.3,1.7,0.3,4.3,3,2,1.6,2.6,3.1,3.8,4,2.5,1.9,1.6,4.4,2.7,3.4,2.6,3.5,3.3,1.8,3.1,3.3,2.2,2,1.9,2.4,3.8,2,3,2.9,2.7,0.3,1.6,2.2,2.4,2.4,2.8,2.9,2.9,1.9,1.2,1.9,2,1.8,1.9,3.1,2.9,3.3,3.7,3.7,1.6,1.9,3.8,2.4,1.4,2,1,4.4,2.8,0.3,1.4,2.4,3.2,1.5,3.5,3.3,4.4,4.8,3,2.5,2.1,3.8,2.7,1.1,1.8,2]}},{"type":"Feature","geometry":{"type":"LineString","coordinates":[[75.4454,10.595],[75.4402,10.6175],[75.4368,10.6337],[75.4324,10.6561],[75.4291,10.6718],[75.4242,10.6954],[75.4207,10.7108],[75.4153,10.7341],[75.412,10.7493],[75.4063,10.7731],[75.4028,10.7887],[75.3972,10.8113],[75.3934,10.8268],[75.3874,10.8499],[75.3829,10.8654],[75.3773,10.8884],[75.3733,10.9038],[75.3677,10.926],[75.3641,10.9411],[75.3586,10.9647],[75.3546,10.9799],[75.3486,11.0034],[75.3444,11.0187],[75.3386,11.0417],[75.335,11.0577],[75.3298,11.081],[75.3261,11.0965],[75.3204,11.1198],[75.3168,11.1355],[75.3114,11.1584],[75.3076,11.1743],[75.301,11.1978],[75.297,11.2129],[75.2906,11.2358],[75.2861,11.2514],[75.2802,11.2743],[75.2765,11.2893],[75.27,11.3125],[75.2656,11.3276],[75.259,11.3506],[75.254,11.3659],[75.2471,11.3885],[75.2425,11.4039],[75.2349,11.4266],[75.2297,11.442],[75.222,11.4641],[75.2171,11.4796],[75.2098,11.5024],[75.2053,11.517],[75.1977,11.5393],[75.1927,11.5548],[75.1856,11.5774],[75.1809,11.5924],[75.1737,11.6158],[75.1687,11.6306],[75.1628,11.6537],[75.1581,11.6685],[75.1521,11.6919],[75.1476,11.7072],[75.1406,11.7298],[75.136,11.7454],[75.1294,11.7687],[75.1252,11.7832],[75.1185,11.8066],[75.1142,11.8218],[75.108,11.8448],[75.104,11.8605],[75.0978,11.8835],[75.0937,11.8987],[75.0877,11.9217],[75.0837,11.937],[75.0774,11.9594],[75.073,11.9744],[75.0665,11.9976],[75.0621,12.013],[75.0555,12.0351],[75.0508,12.0501],[75.0435,12.0733],[75.039,12.0881],[75.0317,12.1114],[75.027,12.1267],[75.0204,12.1498],[75.0157,12.1647],[75.0089,12.1881],[75.0046,12.2032],[74.9979,12.2262],[74.9937,12.2417],[74.9867,12.2646],[74.982,12.2797],[74.9749,12.3027],[74.9704,12.3177],[74.9638,12.3405],[74.959,12.3558],[74.952,12.38],[74.9479,12.3947],[74.9412,12.418],[74.9373,12.4328],[74.9308,12.4558],[74.9263,12.4712],[74.9191,12.4941],[74.9145,12.5096],[74.9077,12.5327],[74.9034,12.548],[74.8967,12.5705],[74.8925,12.5861],[74.8867,12.6086],[74.8819,12.6242],[74.8761,12.6476],[74.872,12.6626],[74.8663,12.6861],[74.8623,12.7016],[74.8561,12.7243],[74.8517,12.7397],[74.8455,12.7624],[74.8412,12.7778],[74.835,12.8009],[74.831,12.8158],[74.8249,12.8392],[74.8204,12.8543],[74.8139,12.8773],[74.8089,12.8927],[74.8023,12.9158],[74.7983,12.9314],[74.7917,12.9544],[74.7873,12.9697],[74.7814,12.9925],[74.7775,13.0079],[74.7718,13.0308],[74.7681,13.0464],[74.762,13.0694],[74.758,13.0847],[74.752,13.1077],[74.7475,13.1227],[74.7408,13.1459],[74.7358,13.1614],[74.7289,13.1842],[74.7241,13.1998],[74.718,13.223],[74.7136,13.2379],[74.7069,13.2605],[74.7025,13.2753],[74.6956,13.2988],[74.6911,13.3138],[74.6844,13.3367],[74.6801,13.3523],[74.6739,13.375],[74.67,13.3906],[74.664,13.4136],[74.6602,13.429],[74.6544,13.4519],[74.6504,13.4673],[74.6437,13.49],[74.6394,13.5056],[74.6326,13.5288],[74.6283,13.5437],[74.6221,13.5665],[74.618,13.5824],[74.6114,13.6053],[74.6067,13.6205],[74.5999,13.6434],[74.595,13.659],[74.5875,13.6816],[74.5824,13.6968],[74.5749,13.7195],[74.5703,13.7349],[74.5633,13.7575],[74.5581,13.7731],[74.5508,13.7955],[74.5456,13.8105],[74.5384,13.8333],[74.5335,13.8484],[74.526,13.8718],[74.5211,13.8871],[74.5139,13.9096],[74.5091,13.9246],[74.5017,13.9476],[74.4965,13.9628],[74.4885,13.9852],[74.4829,14.0007],[74.4749,14.023],[74.4693,14.0379],[74.4616,14.0605],[74.4568,14.0755],[74.4495,14.0982],[74.4446,14.113],[74.4368,14.1352],[74.4318,14.1507],[74.4244,14.173],[74.4191,14.1884],[74.4117,14.2108],[74.4062,14.226],[74.3988,14.2486],[74.3938,14.2637],[74.3857,14.2864],[74.3807,14.3013],[74.3731,14.3229],[74.3679,14.3386],[74.3602,14.3612],[74.355,14.3765],[74.3473,14.3986],[74.342,14.413],[74.3334,14.4354],[74.3279,14.4501],[74.3187,14.4732],[74.3132,14.4878],[74.3045,14.5099],[74.2987,14.525],[74.2902,14.5477],[74.2851,14.5628],[74.2768,14.5851],[74.2711,14.5997],[74.2632,14.6219],[74.2583,14.637],[74.2511,14.6593],[74.2464,14.6742],[74.2392,14.6973]]},"properties":{"mmsi":997686169,"name":"Cargo 6169","role":"candidate","vessel_type":70,"synthetic":true,"t_offset_s":[-259152,-258792,-258552,-258192,-257952,-257592,-257352,-256992,-256752,-256392,-256152,-255792,-255552,-255192,-254952,-254592,-254352,-253992,-253752,-253392,-253152,-252792,-252552,-252192,-251952,-251592,-251352,-250992,-250752,-250392,-250152,-249792,-249552,-249192,-248952,-248592,-248352,-247992,-247752,-247392,-247152,-246792,-246552,-246192,-245952,-245592,-245352,-244992,-244752,-244392,-244152,-243792,-243552,-243192,-242952,-242592,-242352,-241992,-241752,-241392,-241152,-240792,-240552,-240192,-239952,-239592,-239352,-238992,-238752,-238392,-238152,-237792,-237552,-237192,-236952,-236592,-236352,-235992,-235752,-235392,-235152,-234792,-234552,-234192,-233952,-233592,-233352,-232992,-232752,-232392,-232152,-231792,-231552,-231192,-230952,-230592,-230352,-229992,-229752,-229392,-229152,-228792,-228552,-228192,-227952,-227592,-227352,-226992,-226752,-226392,-226152,-225792,-225552,-225192,-224952,-224592,-224352,-223992,-223752,-223392,-223152,-222792,-222552,-222192,-221952,-221592,-221352,-220992,-220752,-220392,-220152,-219792,-219552,-219192,-218952,-218592,-218352,-217992,-217752,-217392,-217152,-216792,-216552,-216192,-215952,-215592,-215352,-214992,-214752,-214392,-214152,-213792,-213552,-213192,-212952,-212592,-212352,-211992,-211752,-211392,-211152,-210792,-210552,-210192,-209952,-209592,-209352,-208992,-208752,-208392,-208152,-207792,-207552,-207192,-206952,-206592,-206352,-205992,-205752,-205392,-205152,-204792,-204552,-204192,-203952,-203592,-203352,-202992,-202752,-202392,-202152,-201792,-201552,-201192,-200952,-200592,-200352,-199992,-199752,-199392,-199152,-198792,-198552,-198192,-197952,-197592,-197352,-196992,-196752,-196392,-196152,-195792,-195552,-195192,-194952,-194592],"sog":[14.4,13.9,14.8,14,14.5,14.1,14.2,13.9,14.1,14.6,14.1,14.2,13.9,14.4,14.1,14.1,14.1,14,14,14.4,14.7,14.3,14.1,14.7,13.8,14.5,14.2,14.2,14.2,14.3,14,14.5,13.9,13.9,14.7,13.9,13.8,14.4,13.9,13.8,14.3,13.8,14.7,14.1,14.7,14.2,14.6,14,13.9,14.6,13.8,13.9,14.1,14.7,13.8,14.3,13.8,13.9,14.4,13.5,14.8,13.7,14.1,14.5,14.3,13.8,14.6,13.8,13.9,14.2,14.1,14,13.9,14.1,14,14,14,14.6,13.6,14.6,14.4,14.6,14.4,13.9,14.1,14.4,14.4,14.3,14,14.3,14.4,14.3,14.6,14.5,14,14.2,14.1,13.8,15,14.2,14.4,14.6,14.6,14.2,14.1,14.2,14.4,14.3,13.8,14.3,14,13.8,14.2,14.3,14.3,14.1,13.3,14.9,14.1,14.7,14.5,14.7,14.3,14.3,14.2,14.1,14,14.5,14.3,14.5,14.3,14.6,14.1,14.4,14.2,14.1,14.7,14.1,14.5,14.3,13.5,14.6,14.2,14.2,14.7,13.8,14.5,14.3,14.4,14,14.1,14.6,14.4,14.5,13.8,14.1,14.9,13.9,14.4,14.5,14.6,14.3,14.3,14.6,14.5,14.5,14.5,13.5,14,14.5,14.3,14.5,14.5,14,14.3,13.8,14.3,14.1,14.6,14.1,14.2,14.1,13.7,14.2,14.4,13.7,14.2,13.9,14.7,14.2,14.1,14.1,13.9,14.3,13.9,13.6,14.7,14.4,14.1,14,14.3,14.5,14.7,14.7,14.4,14.2,14.4,14.4,14.2,14.6,14,14.3,13.7,14.2,14.3,14.3]}},{"type":"Feature","geometry":{"type":"LineString","coordinates":[[74.3651,8.3983],[74.3651,8.3986],[74.367,8.401],[74.3695,8.4056],[74.3718,8.4065],[74.3761,8.4072],[74.378,8.408],[74.3826,8.408],[74.3849,8.4068],[74.388,8.405],[74.3907,8.4041],[74.3918,8.3988],[74.3948,8.3979],[74.3963,8.399],[74.3973,8.4025],[74.3994,8.4069],[74.4016,8.4065],[74.4054,8.4086],[74.408,8.4099],[74.4115,8.41],[74.4133,8.409],[74.418,8.4101],[74.4204,8.4081],[74.424,8.4052],[74.4237,8.4034],[74.4208,8.4002],[74.4185,8.3974],[74.4158,8.3943],[74.4137,8.3919],[74.412,8.3896],[74.4094,8.3895],[74.4077,8.3934],[74.4076,8.3959],[74.4081,8.4008],[74.4086,8.4032],[74.4098,8.4064],[74.4108,8.4102],[74.4098,8.4117],[74.4068,8.4145],[74.4033,8.4159],[74.4017,8.4173],[74.4027,8.4233],[74.4021,8.4264],[74.4015,8.4298],[74.3996,8.431],[74.3959,8.4336],[74.3945,8.4359],[74.3904,8.438],[74.3886,8.438],[74.3853,8.439],[74.383,8.4407],[74.3815,8.4423],[74.3789,8.4431],[74.3752,8.4474],[74.3745,8.4486],[74.373,8.4516],[74.3727,8.4528],[74.3703,8.4584],[74.3693,8.4607],[74.3668,8.4636],[74.3667,8.4652],[74.3686,8.4691],[74.3703,8.4683],[74.3742,8.4671],[74.3759,8.4681],[74.3798,8.4712],[74.3813,8.4745],[74.3833,8.4755],[74.3861,8.4762],[74.3907,8.4758],[74.3923,8.4757],[74.395,8.4778],[74.3973,8.4793],[74.4014,8.481],[74.4031,8.4803],[74.4073,8.481],[74.4108,8.4825],[74.4121,8.4832],[74.4138,8.483],[74.4153,8.4814],[74.416,8.4791],[74.4171,8.4735],[74.4191,8.4727],[74.4233,8.4735],[74.426,8.4729],[74.4294,8.4724],[74.4314,8.4755],[74.433,8.4796],[74.4331,8.4803],[74.4375,8.4801],[74.4412,8.4799],[74.4444,8.4824],[74.4475,8.4833],[74.4514,8.4832],[74.4545,8.4817],[74.4581,8.4793],[74.4626,8.4802],[74.4653,8.4803],[74.4679,8.4809],[74.4716,8.4835],[74.4729,8.4842],[74.4739,8.4886],[74.4728,8.491],[74.4738,8.4938],[74.4777,8.4965],[74.4791,8.5003],[74.4816,8.5017],[74.485,8.5043],[74.4887,8.5043],[74.4907,8.5026],[74.492,8.4996],[74.4929,8.4965],[74.4933,8.4954],[74.4943,8.4914],[74.4926,8.4887],[74.4907,8.486],[74.4906,8.4819],[74.4918,8.4787],[74.4941,8.4765],[74.4996,8.4758],[74.5023,8.4776],[74.5042,8.48],[74.5037,8.4821],[74.5049,8.4871],[74.5054,8.4892],[74.5076,8.4902],[74.5086,8.4907],[74.5117,8.4914],[74.5132,8.4938],[74.5162,8.4917],[74.5162,8.4909],[74.5163,8.4862],[74.5184,8.4841],[74.5202,8.482],[74.5194,8.479],[74.5185,8.4747],[74.5176,8.473],[74.5144,8.4749],[74.5129,8.4756],[74.5126,8.4817],[74.5123,8.4849],[74.5084,8.4892],[74.5066,8.4894],[74.5032,8.4859],[74.5019,8.4825],[74.5019,8.4804],[74.4983,8.4773],[74.4969,8.4745],[74.4945,8.4719],[74.4909,8.4723],[74.4872,8.472],[74.4833,8.4743],[74.4824,8.4771],[74.4802,8.4805],[74.4797,8.4832],[74.4797,8.4881],[74.4795,8.4901],[74.4786,8.4925],[74.479,8.4938],[74.4818,8.4974],[74.4815,8.4992],[74.4791,8.5017],[74.4776,8.5019],[74.4719,8.5019],[74.4694,8.5001],[74.4674,8.4962],[74.4655,8.4963],[74.4614,8.4966],[74.4577,8.4965],[74.4538,8.4978],[74.4517,8.4965],[74.4463,8.496],[74.4447,8.4949],[74.4454,8.4912],[74.4432,8.487],[74.4434,8.4821],[74.4443,8.4803],[74.4413,8.4759],[74.4401,8.4744],[74.4374,8.4711],[74.4366,8.4674],[74.4392,8.4643],[74.4395,8.4619],[74.4407,8.4601],[74.4404,8.4595],[74.442,8.456],[74.4453,8.456],[74.4483,8.4571],[74.4516,8.4583],[74.4544,8.4622],[74.4559,8.4645],[74.4572,8.4674],[74.4547,8.4687],[74.4513,8.4716],[74.447,8.4714],[74.4431,8.4712],[74.4394,8.4708],[74.4355,8.4697],[74.4317,8.4684],[74.4265,8.4662],[74.4255,8.4636],[74.4226,8.461],[74.4212,8.4593],[74.4213,8.4576],[74.4226,8.4541],[74.4211,8.45],[74.4187,8.4485],[74.4162,8.4478],[74.4153,8.4496],[74.4139,8.454],[74.4131,8.4555],[74.4091,8.4547],[74.4059,8.4543],[74.4041,8.4496],[74.4024,8.4476],[74.4027,8.4432],[74.4013,8.4409],[74.3986,8.4423],[74.3983,8.4435],[74.3955,8.4454],[74.3932,8.447],[74.3924,8.4506],[74.3924,8.4521],[74.3946,8.4573],[74.3955,8.4593],[74.3982,8.4601],[74.4023,8.4608],[74.4071,8.4623],[74.4096,8.4609],[74.4111,8.4572],[74.4111,8.4545],[74.4107,8.4518],[74.4101,8.4491],[74.4102,8.4455],[74.4113,8.4428],[74.413,8.44],[74.4162,8.4389],[74.4209,8.4393],[74.4224,8.4382],[74.4234,8.4355],[74.4222,8.4329],[74.4206,8.4279],[74.4201,8.4248],[74.4169,8.4232],[74.415,8.4226],[74.4122,8.4193],[74.4103,8.4185],[74.4098,8.4153],[74.4096,8.4123],[74.4061,8.4129],[74.4046,8.4155],[74.4039,8.4205],[74.4025,8.4214],[74.3986,8.4245],[74.3963,8.4252],[74.3949,8.4286],[74.3943,8.4311],[74.3955,8.4341],[74.3941,8.4362],[74.3938,8.4388],[74.3945,8.4428],[74.3947,8.4475],[74.3925,8.4496],[74.3884,8.4515],[74.386,8.4507],[74.3833,8.4482],[74.3807,8.4492],[74.3746,8.4458],[74.372,8.444],[74.3705,8.4412],[74.3721,8.438],[74.3753,8.4364],[74.3782,8.4361],[74.3833,8.4341],[74.3858,8.4333],[74.3909,8.4354],[74.3933,8.4366],[74.3982,8.439],[74.3996,8.4407],[74.4028,8.4432],[74.4025,8.4458],[74.3996,8.4462],[74.3972,8.4481],[74.3937,8.449],[74.3913,8.4491],[74.388,8.4489],[74.3862,8.4493],[74.3829,8.4465],[74.3816,8.4453],[74.3816,8.4417],[74.3824,8.4414],[74.3858,8.4381],[74.3891,8.438],[74.3932,8.437],[74.3962,8.4344],[74.3979,8.4306],[74.4011,8.4289],[74.4038,8.4283],[74.406,8.4292],[74.4103,8.4281],[74.414,8.4289],[74.4182,8.4318],[74.4192,8.4351],[74.4211,8.4379],[74.4227,8.4396],[74.426,8.441],[74.4279,8.4406],[74.4261,8.4359],[74.4256,8.4328],[74.4271,8.4289],[74.4295,8.4288],[74.4326,8.4306],[74.4328,8.4322],[74.4325,8.4351],[74.4309,8.4372],[74.4268,8.4377],[74.4253,8.4375],[74.4215,8.4377],[74.4186,8.4379],[74.4166,8.4367],[74.4158,8.4335],[74.4133,8.4304],[74.4114,8.4301],[74.4077,8.4302],[74.4054,8.4323],[74.4053,8.4367],[74.403,8.44],[74.4017,8.4434],[74.4015,8.4438],[74.395,8.4467],[74.3925,8.4468],[74.3885,8.4487],[74.3861,8.449],[74.3821,8.452],[74.3803,8.4535],[74.3766,8.4541],[74.3741,8.452],[74.3738,8.4482],[74.3728,8.4465],[74.3703,8.4441],[74.37,8.4409],[74.3668,8.438],[74.3652,8.4358],[74.3609,8.4351],[74.3577,8.4364],[74.3545,8.4352],[74.3529,8.4344],[74.3496,8.4326],[74.3472,8.4342],[74.3443,8.436],[74.3407,8.4334],[74.3389,8.4318],[74.3393,8.4288],[74.3403,8.4258],[74.3413,8.4231],[74.3431,8.4198],[74.3458,8.4164],[74.3506,8.4147],[74.3546,8.4164],[74.355,8.4184],[74.3556,8.4208],[74.3587,8.4249],[74.3587,8.4274],[74.3561,8.4274],[74.3536,8.4281],[74.3493,8.4291],[74.3468,8.4309],[74.3421,8.4337],[74.3416,8.4357],[74.3413,8.4373],[74.3411,8.4384],[74.3394,8.4408],[74.3386,8.4435],[74.3373,8.4483],[74.3363,8.4509],[74.3375,8.4533],[74.3395,8.4563],[74.3416,8.4589],[74.3448,8.4603],[74.3494,8.4631],[74.3509,8.466],[74.3556,8.4697],[74.3568,8.4702],[74.3571,8.4762],[74.3581,8.478],[74.3612,8.4799],[74.3626,8.4804],[74.365,8.4823],[74.3643,8.4844],[74.362,8.4875],[74.3598,8.4892],[74.3564,8.489],[74.3547,8.4904],[74.3518,8.4909],[74.349,8.4887],[74.3484,8.485],[74.3473,8.4825],[74.3466,8.4811],[74.3489,8.4794],[74.3514,8.482],[74.3544,8.4841],[74.3589,8.4808],[74.3608,8.4798],[74.3626,8.4772],[74.3649,8.4754],[74.3677,8.4723],[74.3679,8.469],[74.3672,8.4658],[74.3672,8.4627],[74.37,8.4592],[74.3721,8.4581],[74.3751,8.4561],[74.3762,8.4548],[74.379,8.4528],[74.3813,8.4519],[74.386,8.4529],[74.3868,8.4538],[74.3925,8.4555],[74.3935,8.4579],[74.3926,8.462],[74.3948,8.4657],[74.3917,8.4696],[74.3899,8.4709],[74.3868,8.4707],[74.3848,8.4684],[74.3828,8.4652],[74.383,8.4622],[74.3812,8.4591],[74.3804,8.4577],[74.3772,8.4535],[74.3781,8.4532],[74.3826,8.4529],[74.3836,8.4531],[74.3884,8.4547],[74.3894,8.4578],[74.3885,8.4625],[74.3877,8.4652],[74.39,8.4696],[74.3906,8.4719],[74.3919,8.4764],[74.3917,8.4801],[74.3935,8.4837],[74.3959,8.4853],[74.3986,8.4861],[74.4004,8.4843],[74.3978,8.4809],[74.3962,8.4785],[74.3956,8.4758],[74.3945,8.4729],[74.3937,8.4686],[74.3934,8.4665],[74.3951,8.463],[74.3972,8.4623],[74.3996,8.4596],[74.4023,8.4577],[74.4046,8.4545],[74.4078,8.4512],[74.4101,8.4494],[74.4143,8.4497],[74.419,8.4502],[74.4194,8.4474],[74.4182,8.4427],[74.4173,8.4407],[74.4159,8.4358],[74.4149,8.4345],[74.4113,8.4317],[74.4099,8.4309],[74.4065,8.4292],[74.4049,8.4295],[74.4021,8.4271],[74.4008,8.4245],[74.4007,8.4211],[74.4007,8.4201],[74.4005,8.4174],[74.3996,8.4151],[74.4012,8.4123],[74.4041,8.4104],[74.4078,8.4141],[74.4076,8.4156],[74.4084,8.4171],[74.4101,8.4182],[74.413,8.4191],[74.4145,8.4232],[74.4162,8.4267],[74.4161,8.4289],[74.4152,8.4331],[74.412,8.4332],[74.4078,8.4311],[74.4056,8.4283],[74.4014,8.4271],[74.3991,8.4284],[74.3961,8.4312],[74.3944,8.4344],[74.3926,8.4382],[74.3926,8.4414],[74.3928,8.446],[74.3932,8.4473],[74.3962,8.45],[74.3975,8.4534],[74.399,8.4566],[74.3999,8.4588],[74.4035,8.4625],[74.4067,8.4637],[74.4134,8.4644],[74.4148,8.4637],[74.4128,8.4602],[74.4115,8.4577],[74.4098,8.4548],[74.408,8.4535],[74.4027,8.4548],[74.4012,8.4572],[74.397,8.4591],[74.3952,8.4599],[74.3916,8.4611],[74.3902,8.4636],[74.386,8.4651],[74.3826,8.4657],[74.3789,8.4661],[74.3774,8.4664],[74.373,8.4683],[74.3697,8.4686],[74.3652,8.4683],[74.3628,8.4689],[74.3638,8.4718],[74.3651,8.4731],[74.3685,8.4745],[74.3699,8.4706],[74.3726,8.4664],[74.3734,8.4644],[74.3734,8.4601],[74.3737,8.4582],[74.3728,8.4554],[74.3729,8.4535],[74.3721,8.4495],[74.3709,8.4462],[74.3699,8.4422],[74.3691,8.4391],[74.3655,8.4355],[74.3652,8.433],[74.364,8.4289],[74.364,8.4261],[74.3659,8.4227],[74.368,8.4209],[74.3724,8.421],[74.3735,8.4208],[74.378,8.4186],[74.3806,8.4204],[74.3801,8.4242],[74.3836,8.4251],[74.3855,8.4236],[74.3879,8.4235],[74.392,8.4261],[74.3936,8.4265],[74.3936,8.4317],[74.3909,8.4324],[74.3858,8.4316],[74.3848,8.4291],[74.3845,8.4247],[74.3836,8.4208],[74.3845,8.4172],[74.3867,8.414],[74.3867,8.4089],[74.3856,8.4063],[74.3819,8.4055],[74.3792,8.4053],[74.376,8.4053],[74.3733,8.4044],[74.3706,8.4041],[74.3678,8.4051],[74.3658,8.4094],[74.3653,8.4115],[74.3647,8.4165],[74.3629,8.42],[74.3612,8.4255],[74.361,8.4272],[74.3583,8.4307],[74.3559,8.4322],[74.3545,8.4344],[74.3532,8.4358],[74.3509,8.4397],[74.3516,8.4421],[74.3543,8.4447],[74.357,8.4453],[74.3601,8.4466],[74.3628,8.4484],[74.3658,8.4462],[74.3666,8.4444],[74.3671,8.4409],[74.3685,8.4403],[74.371,8.4373],[74.3729,8.4356],[74.3757,8.4333],[74.3769,8.431],[74.3765,8.4278],[74.3767,8.4241],[74.3749,8.4199],[74.3734,8.4171],[74.3735,8.4148],[74.3737,8.4109],[74.3761,8.4078],[74.3772,8.4071],[74.3788,8.4062],[74.3812,8.4067],[74.386,8.4096],[74.387,8.4107],[74.3914,8.4127],[74.3939,8.4132],[74.3985,8.4146],[74.4012,8.4163],[74.4028,8.4187],[74.4033,8.4219],[74.404,8.4255],[74.4028,8.4267],[74.4017,8.4309],[74.4011,8.4329],[74.4014,8.4378],[74.4018,8.439],[74.3975,8.4408],[74.3959,8.4423],[74.39,8.4432],[74.3877,8.4429],[74.3823,8.4402],[74.3813,8.4389],[74.3773,8.4369],[74.3754,8.4346],[74.3777,8.4318],[74.3797,8.4295],[74.3815,8.4291],[74.3838,8.4296],[74.387,8.4263],[74.3879,8.4239],[74.3879,8.4188],[74.3862,8.4163],[74.3891,8.4128],[74.3906,8.4105],[74.3944,8.4087],[74.3969,8.4101],[74.3972,8.414],[74.3971,8.4169],[74.3991,8.4209],[74.398,8.4249],[74.3942,8.4252],[74.3908,8.4253],[74.3891,8.4272],[74.3891,8.4287],[74.387,8.4306],[74.3864,8.4304],[74.3827,8.4278],[74.38,8.4267],[74.3757,8.4283],[74.375,8.4293],[74.3726,8.4325],[74.3719,8.4352],[74.3745,8.4374],[74.3764,8.4377],[74.3753,8.4401],[74.3732,8.4403],[74.3706,8.4378],[74.3703,8.4362],[74.3702,8.4318],[74.3702,8.4278],[74.3703,8.4243],[74.3716,8.4204],[74.3711,8.4165],[74.3698,8.4157],[74.3663,8.413],[74.3654,8.412],[74.3609,8.4087],[74.3599,8.4061],[74.3583,8.4032],[74.357,8.4001],[74.3522,8.397],[74.3493,8.3987],[74.3485,8.4028],[74.3488,8.4056],[74.3485,8.4094],[74.3473,8.4104],[74.342,8.4121],[74.3394,8.4127],[74.3378,8.4155],[74.3365,8.4161],[74.3333,8.4192],[74.3311,8.4219],[74.3287,8.424],[74.3256,8.4241],[74.3235,8.4227],[74.3223,8.4217],[74.3209,8.4168],[74.323,8.414],[74.3252,8.4096],[74.3248,8.4083],[74.3261,8.4055],[74.3283,8.4032],[74.3305,8.3996],[74.3311,8.3983],[74.329,8.3945],[74.3285,8.3925],[74.3307,8.3875],[74.3324,8.3862],[74.3369,8.3836],[74.3364,8.3804],[74.3356,8.3749],[74.332,8.3746],[74.3296,8.379],[74.3278,8.3814],[74.3248,8.3836],[74.322,8.3842],[74.3177,8.3856],[74.3148,8.3884],[74.3141,8.3936],[74.3133,8.3971],[74.3136,8.4003],[74.3161,8.4036],[74.3142,8.4068],[74.3138,8.4091],[74.3126,8.4129],[74.312,8.4157],[74.3119,8.4206],[74.3103,8.4234],[74.3083,8.4256],[74.3066,8.4266],[74.3062,8.4297],[74.3078,8.4297],[74.3096,8.4272],[74.3095,8.425],[74.3074,8.42],[74.3065,8.4174],[74.3064,8.414],[74.3056,8.4112],[74.3041,8.4092],[74.3022,8.4079],[74.3001,8.4044],[74.2996,8.4035],[74.2974,8.3998],[74.2953,8.3986],[74.2956,8.393],[74.2944,8.3901],[74.2955,8.387],[74.2972,8.3869],[74.3005,8.3879],[74.303,8.3893],[74.3041,8.393],[74.3061,8.395],[74.3085,8.3959],[74.3108,8.3962],[74.3151,8.4008],[74.3174,8.4048],[74.3203,8.4096],[74.3204,8.4113],[74.3241,8.4117],[74.3264,8.4121],[74.3317,8.4124],[74.3369,8.4134],[74.3409,8.4133],[74.343,8.4142],[74.3455,8.4109],[74.3474,8.4082],[74.3516,8.4068],[74.3536,8.4061],[74.358,8.4042],[74.3594,8.4021],[74.3572,8.3978],[74.3568,8.3965],[74.3562,8.3931],[74.3532,8.3928],[74.3497,8.395],[74.3492,8.3966],[74.3451,8.3971],[74.3433,8.4009],[74.3442,8.4053],[74.3454,8.4095],[74.348,8.411],[74.35,8.4109],[74.3523,8.4091],[74.3535,8.4066],[74.3512,8.4063],[74.3485,8.4068],[74.3433,8.4088],[74.3413,8.4095],[74.3374,8.4126],[74.3351,8.4142],[74.3325,8.418],[74.3325,8.4219],[74.3355,8.4235],[74.3374,8.4224],[74.3396,8.4195],[74.3413,8.4155],[74.3399,8.411],[74.3393,8.4085],[74.339,8.4046],[74.3404,8.4032],[74.3449,8.4042],[74.3456,8.4065],[74.3438,8.4113],[74.3422,8.4135],[74.3406,8.4168],[74.3419,8.4189],[74.3407,8.4245],[74.34,8.4281],[74.3386,8.4312],[74.3373,8.4338],[74.3379,8.4371],[74.3361,8.4403],[74.3385,8.4426],[74.3411,8.4444],[74.3446,8.4469],[74.3458,8.4489],[74.3472,8.4539],[74.3494,8.4567],[74.3519,8.4591],[74.3519,8.4638],[74.3522,8.4667],[74.3533,8.4679],[74.3542,8.4714],[74.352,8.4751],[74.3494,8.4776],[74.3479,8.4786],[74.3431,8.4797],[74.3409,8.4817],[74.3376,8.4849],[74.3352,8.487],[74.3333,8.4905],[74.3307,8.4923],[74.3278,8.4942],[74.3262,8.4965],[74.3248,8.4995],[74.3228,8.5001],[74.3191,8.4992],[74.3164,8.4979],[74.3135,8.496],[74.3112,8.4936],[74.3083,8.4915],[74.3062,8.4881],[74.3031,8.4866],[74.301,8.4852],[74.2971,8.4866],[74.2954,8.4884],[74.2947,8.4904],[74.2953,8.4939],[74.2945,8.4974],[74.294,8.4995],[74.2931,8.5024],[74.2938,8.504],[74.2985,8.5031],[74.3002,8.5009],[74.2993,8.4982],[74.299,8.4958],[74.2946,8.4925],[74.2925,8.491],[74.2894,8.4879],[74.2873,8.4867],[74.2829,8.4864],[74.2813,8.486],[74.2794,8.4813],[74.2786,8.4783],[74.2803,8.475],[74.2809,8.4742],[74.286,8.4725],[74.288,8.4744],[74.2918,8.4756],[74.2937,8.4775],[74.2961,8.478],[74.2975,8.4778],[74.3007,8.4798],[74.3029,8.4808],[74.3067,8.48],[74.3105,8.4783],[74.3129,8.4757],[74.3141,8.4743],[74.3175,8.4715],[74.3184,8.4705],[74.3198,8.4678],[74.3194,8.4662],[74.3157,8.4656],[74.3153,8.4667],[74.3121,8.4718],[74.3139,8.4735],[74.3166,8.4777],[74.3165,8.4809],[74.317,8.4852],[74.3198,8.4863],[74.3233,8.4875],[74.3245,8.488],[74.3279,8.4919],[74.3307,8.4923],[74.3312,8.4965],[74.3324,8.4984],[74.3354,8.4999],[74.338,8.5025],[74.3406,8.5056],[74.3418,8.5063],[74.3456,8.5061],[74.349,8.507],[74.3511,8.509],[74.3525,8.5114],[74.3522,8.5158],[74.3526,8.5184],[74.3555,8.5211],[74.3585,8.5233],[74.3606,8.5216],[74.3597,8.5189],[74.3562,8.5172],[74.3534,8.5183],[74.3496,8.5191],[74.3483,8.5195],[74.345,8.5238],[74.3457,8.5272],[74.3463,8.5309],[74.3474,8.5331],[74.3507,8.5358],[74.3538,8.5361],[74.3575,8.5373],[74.3587,8.5365],[74.3608,8.5358],[74.3619,8.5364],[74.3641,8.5391],[74.367,8.5389],[74.369,8.5405],[74.3712,8.5417],[74.3734,8.5471],[74.3736,8.5493],[74.3751,8.5515],[74.3776,8.5534],[74.3805,8.5557],[74.3796,8.5584],[74.3777,8.561],[74.3751,8.5621],[74.3728,8.5637],[74.3709,8.5659],[74.3693,8.5671],[74.3665,8.5678],[74.363,8.57],[74.3611,8.5721],[74.3585,8.5713],[74.3571,8.5718],[74.3531,8.5717],[74.3504,8.5701],[74.3462,8.5715],[74.343,8.57],[74.3418,8.5678],[74.3399,8.5652],[74.3379,8.563],[74.3383,8.5594],[74.3391,8.5541],[74.3412,8.5531],[74.3446,8.5547],[74.3448,8.5575],[74.345,8.5605],[74.3425,8.5624],[74.3388,8.5653],[74.3377,8.5672],[74.334,8.5713],[74.3346,8.5734],[74.3365,8.5755],[74.3385,8.5768],[74.3408,8.5789],[74.3418,8.5804],[74.3422,8.5839],[74.3445,8.5852],[74.3483,8.5866],[74.3514,8.587],[74.356,8.5908],[74.3584,8.5921],[74.3623,8.5969],[74.3641,8.5997],[74.3627,8.6035],[74.3605,8.606],[74.3583,8.609],[74.3557,8.6116],[74.3524,8.6129],[74.3491,8.612],[74.346,8.6127],[74.3437,8.6132],[74.3418,8.6139],[74.3401,8.6118],[74.3383,8.6074],[74.3371,8.6039],[74.3331,8.6015],[74.3305,8.6015],[74.3267,8.6041],[74.3249,8.6068],[74.3204,8.6054],[74.3176,8.6053],[74.3158,8.6058],[74.3136,8.603],[74.3094,8.5995],[74.3058,8.5983],[74.3072,8.5942],[74.3099,8.5932],[74.3149,8.5926],[74.3174,8.5905],[74.3198,8.5889],[74.321,8.5866],[74.3245,8.5811],[74.3277,8.5789],[74.3311,8.5767],[74.3318,8.5742],[74.3318,8.5715],[74.3323,8.5683],[74.3334,8.5661],[74.3345,8.5656],[74.3358,8.563],[74.3348,8.5613],[74.3294,8.5588],[74.3256,8.5584],[74.3218,8.5585],[74.3214,8.5615],[74.3216,8.5664],[74.3208,8.5679],[74.3178,8.5705],[74.318,8.5729],[74.3212,8.5765],[74.3229,8.5784],[74.3268,8.5812],[74.3288,8.5822],[74.3336,8.5842],[74.3354,8.5851],[74.3392,8.5839],[74.3417,8.5815],[74.3431,8.5772],[74.3429,8.5748],[74.3429,8.5716],[74.3391,8.5685],[74.333,8.5679],[74.3297,8.5696],[74.3271,8.573],[74.3238,8.5737],[74.3197,8.5763],[74.3177,8.5785],[74.32,8.582],[74.324,8.5821],[74.3292,8.5832],[74.3314,8.5835],[74.3363,8.5838],[74.339,8.5844],[74.3428,8.5873],[74.3469,8.5873],[74.3495,8.586],[74.3519,8.5864],[74.3538,8.5912],[74.3559,8.5938],[74.3601,8.5943],[74.3615,8.596],[74.3637,8.6001],[74.366,8.6005],[74.3683,8.6037],[74.3686,8.6063],[74.3654,8.609],[74.3629,8.6111],[74.3635,8.6153],[74.3654,8.6167],[74.3694,8.619],[74.37,8.6217],[74.3703,8.6253],[74.3725,8.6274],[74.3744,8.6294],[74.3782,8.629],[74.3811,8.6318],[74.3824,8.6335],[74.3829,8.6382],[74.3843,8.6418],[74.3863,8.6428],[74.3887,8.6412],[74.3922,8.6426],[74.3944,8.6447],[74.3979,8.6462],[74.4009,8.6488],[74.4011,8.6518],[74.3994,8.6538],[74.3977,8.6568],[74.3967,8.6589],[74.3937,8.6613],[74.3928,8.6618],[74.3879,8.666],[74.3878,8.6685],[74.3879,8.6738],[74.3864,8.6746],[74.3854,8.6775],[74.3848,8.6814],[74.3832,8.6857],[74.3813,8.6882],[74.3813,8.6911],[74.3812,8.695],[74.3811,8.6988],[74.3791,8.6999],[74.3771,8.7017],[74.3735,8.7052],[74.3705,8.7081],[74.3681,8.7099],[74.3653,8.7128],[74.3654,8.7164],[74.3647,8.7221],[74.3636,8.7257],[74.3628,8.7292],[74.3639,8.7312],[74.3663,8.7349],[74.3672,8.7356],[74.3721,8.7355],[74.374,8.7379],[74.3777,8.7383],[74.3795,8.7373],[74.3817,8.7354],[74.3829,8.7321],[74.3817,8.7285],[74.3812,8.7269],[74.3805,8.7234],[74.3805,8.7215],[74.3813,8.7171],[74.3822,8.7136],[74.3822,8.7108],[74.3828,8.7086],[74.3864,8.7064],[74.389,8.7035],[74.3924,8.7015],[74.3934,8.7005],[74.3947,8.6962],[74.3956,8.6956],[74.3978,8.6922],[74.4007,8.6919],[74.4035,8.6947],[74.4052,8.6965],[74.4071,8.6993],[74.409,8.7019],[74.4074,8.7033],[74.4056,8.7018],[74.4027,8.6987],[74.4014,8.697],[74.3984,8.696],[74.3956,8.697],[74.3937,8.6983],[74.3926,8.7012],[74.3888,8.7019],[74.3851,8.7007],[74.3833,8.6969],[74.3843,8.6939],[74.3807,8.6918],[74.3788,8.6914],[74.3784,8.6891],[74.3807,8.6865],[74.3842,8.6842],[74.3855,8.6818],[74.3867,8.6761],[74.387,8.6729],[74.3851,8.6691],[74.385,8.6665],[74.3835,8.664],[74.3816,8.6609],[74.3772,8.6582],[74.375,8.6579],[74.3733,8.6555],[74.3744,8.6528],[74.3789,8.655],[74.3802,8.6556]]},"properties":{"mmsi":997765615,"name":"Fishing 5615","role":"background","vessel_type":30,"synthetic":true,"t_offset_s":[-259200,-259080,-258840,-258480,-258240,-257880,-257640,-257280,-257040,-256680,-256440,-256080,-255840,-255480,-255240,-254880,-254640,-254280,-254040,-253680,-253440,-253080,-252840,-252480,-252240,-251880,-251640,-251280,-251040,-250680,-250440,-250080,-249840,-249480,-249240,-248880,-248640,-248280,-248040,-247680,-247440,-247080,-246840,-246480,-246240,-245880,-245640,-245280,-245040,-244680,-244440,-244080,-243840,-243480,-243240,-242880,-242640,-242280,-242040,-241680,-241440,-241080,-240840,-240480,-240240,-239880,-239640,-239280,-239040,-238680,-238440,-238080,-237840,-237480,-237240,-236880,-236640,-236280,-236040,-235680,-235440,-235080,-234840,-234480,-234240,-233880,-233640,-233280,-233040,-232680,-232440,-232080,-231840,-231480,-231240,-230880,-230640,-230280,-230040,-229680,-229440,-229080,-228840,-228480,-228240,-227880,-227640,-227280,-227040,-226680,-226440,-226080,-225840,-225480,-225240,-224880,-224640,-224280,-224040,-223680,-223440,-223080,-222840,-222480,-222240,-221880,-221640,-221280,-221040,-220680,-220440,-220080,-219840,-219480,-219240,-218880,-218640,-218280,-218040,-217680,-217440,-217080,-216840,-216480,-216240,-215880,-215640,-215280,-215040,-214680,-214440,-214080,-213840,-213480,-213240,-212880,-212640,-212280,-212040,-211680,-211440,-211080,-210840,-210480,-210240,-209880,-209640,-209280,-209040,-208680,-208440,-208080,-207840,-207480,-207240,-206880,-206640,-206280,-206040,-205680,-205440,-205080,-204840,-204480,-204240,-203880,-203640,-203280,-203040,-202680,-202440,-202080,-201840,-201480,-201240,-200880,-200640,-200280,-200040,-199680,-199440,-199080,-198840,-198480,-198240,-197880,-197640,-197280,-197040,-196680,-196440,-196080,-195840,-195480,-195240,-194880,-194640,-194280,-194040,-193680,-193440,-193080,-192840,-192480,-192240,-191880,-191640,-191280,-191040,-190680,-190440,-190080,-189840,-189480,-189240,-188880,-188640,-188280,-188040,-187680,-187440,-187080,-186840,-186480,-186240,-185880,-185640,-185280,-185040,-184680,-184440,-184080,-183840,-183480,-183240,-182880,-182640,-182280,-182040,-181680,-181440,-181080,-180840,-180480,-180240,-179880,-179640,-179280,-179040,-178680,-178440,-178080,-177840,-177480,-177240,-176880,-176640,-176280,-176040,-175680,-175440,-175080,-174840,-174480,-174240,-173880,-173640,-173280,-173040,-172680,-172440,-172080,-171840,-171480,-171240,-170880,-170640,-170280,-170040,-169680,-169440,-169080,-168840,-168480,-168240,-167880,-167640,-167280,-167040,-166680,-166440,-166080,-165840,-165480,-165240,-164880,-164640,-164280,-164040,-163680,-163440,-163080,-162840,-162480,-162240,-161880,-161640,-161280,-161040,-160680,-160440,-160080,-159840,-159480,-159240,-158880,-158640,-158280,-158040,-157680,-157440,-157080,-156840,-156480,-156240,-155880,-155640,-155280,-155040,-154680,-154440,-154080,-153840,-153480,-153240,-152880,-152640,-152280,-152040,-151680,-151440,-151080,-150840,-150480,-150240,-149880,-149640,-149280,-149040,-148680,-148440,-148080,-147840,-147480,-147240,-146880,-146640,-146280,-146040,-145680,-145440,-145080,-144840,-144480,-144240,-143880,-143640,-143280,-143040,-142680,-142440,-142080,-141840,-141480,-141240,-140880,-140640,-140280,-140040,-139680,-139440,-139080,-138840,-138480,-138240,-137880,-137640,-137280,-137040,-136680,-136440,-136080,-135840,-135480,-135240,-134880,-134640,-134280,-134040,-133680,-133440,-133080,-132840,-132480,-132240,-131880,-131640,-131280,-131040,-130680,-130440,-130080,-129840,-129480,-129240,-128880,-128640,-128280,-128040,-127680,-127440,-127080,-126840,-126480,-126240,-125880,-125640,-125280,-125040,-124680,-124440,-124080,-123840,-123480,-123240,-122880,-122640,-122280,-122040,-121680,-121440,-121080,-120840,-120480,-120240,-119880,-119640,-119280,-119040,-118680,-118440,-118080,-117840,-117480,-117240,-116880,-116640,-116280,-116040,-115680,-115440,-115080,-114840,-114480,-114240,-113880,-113640,-113280,-113040,-112680,-112440,-112080,-111840,-111480,-111240,-110880,-110640,-110280,-110040,-109680,-109440,-109080,-108840,-108480,-108240,-107880,-107640,-107280,-107040,-106680,-106440,-106080,-105840,-105480,-105240,-104880,-104640,-104280,-104040,-103680,-103440,-103080,-102840,-102480,-102240,-101880,-101640,-101280,-101040,-100680,-100440,-100080,-99840,-99480,-99240,-98880,-98640,-98280,-98040,-97680,-97440,-97080,-96840,-96480,-96240,-95880,-95640,-95280,-95040,-94680,-94440,-94080,-93840,-93480,-93240,-92880,-92640,-92280,-92040,-91680,-91440,-91080,-90840,-90480,-90240,-89880,-89640,-89280,-89040,-88680,-88440,-88080,-87840,-87480,-87240,-86880,-86640,-86280,-86040,-85680,-85440,-85080,-84840,-84480,-84240,-83880,-83640,-83280,-83040,-82680,-82440,-82080,-81840,-81480,-81240,-80880,-80640,-80280,-80040,-79680,-79440,-79080,-78840,-78480,-78240,-77880,-77640,-77280,-77040,-76680,-76440,-76080,-75840,-75480,-75240,-74880,-74640,-74280,-74040,-73680,-73440,-73080,-72840,-72480,-72240,-71880,-71640,-71280,-71040,-70680,-70440,-70080,-69840,-69480,-69240,-68880,-68640,-68280,-68040,-67680,-67440,-67080,-66840,-66480,-66240,-65880,-65640,-65280,-65040,-64680,-64440,-64080,-63840,-63480,-63240,-62880,-62640,-62280,-62040,-61680,-61440,-61080,-60840,-60480,-60240,-59880,-59640,-59280,-59040,-58680,-58440,-58080,-57840,-57480,-57240,-56880,-56640,-56280,-56040,-55680,-55440,-55080,-54840,-54480,-54240,-53880,-53640,-53280,-53040,-52680,-52440,-52080,-51840,-51480,-51240,-50880,-50640,-50280,-50040,-49680,-49440,-49080,-48840,-48480,-48240,-47880,-47640,-47280,-47040,-46680,-46440,-46080,-45840,-45480,-45240,-44880,-44640,-44280,-44040,-43680,-43440,-43080,-42840,-42480,-42240,-41880,-41640,-41280,-41040,-40680,-40440,-40080,-39840,-39480,-39240,-38880,-38640,-38280,-38040,-37680,-37440,-37080,-36840,-36480,-36240,-35880,-35640,-35280,-35040,-34680,-34440,-34080,-33840,-33480,-33240,-32880,-32640,-32280,-32040,-31680,-31440,-31080,-30840,-30480,-30240,-29880,-29640,-29280,-29040,-28680,-28440,-28080,-27840,-27480,-27240,-26880,-26640,-26280,-26040,-25680,-25440,-25080,-24840,-24480,-24240,-23880,-23640,-23280,-23040,-22680,-22440,-22080,-21840,-21480,-21240,-20880,-20640,-20280,-20040,-19680,-19440,-19080,-18840,-18480,-18240,-17880,-17640,-17280,-17040,-16680,-16440,-16080,-15840,-15480,-15240,-14880,-14640,-14280,-14040,-13680,-13440,-13080,-12840,-12480,-12240,-11880,-11640,-11280,-11040,-10680,-10440,-10080,-9840,-9480,-9240,-8880,-8640,-8280,-8040,-7680,-7440,-7080,-6840,-6480,-6240,-5880,-5640,-5280,-5040,-4680,-4440,-4080,-3840,-3480,-3240,-2880,-2640,-2280,-2040,-1680,-1440,-1080,-840,-480,-240,120,360,720,960,1320,1560,1920,2160,2520,2760,3120,3360,3720,3960,4320,4560,4920,5160,5520,5760,6120,6360,6720,6960,7320,7560,7920,8160,8520,8760,9120,9360,9720,9960,10320,10560,10920,11160,11520,11760,12120,12360,12720,12960,13320,13560,13920,14160,14520,14760,15120,15360,15720,15960,16320,16560,16920,17160,17520,17760,18120,18360,18720,18960,19320,19560,19920,20160,20520,20760,21120,21360,21720,21960,22320,22560,22920,23160,23520,23760,24120,24360,24720,24960,25320,25560,25920,26160,26520,26760,27120,27360,27720,27960,28320,28560,28920,29160,29520,29760,30120,30360,30720,30960,31320,31560,31920,32160,32520,32760,33120,33360,33720,33960,34320,34560,34920,35160,35520,35760,36120,36360,36720,36960,37320,37560,37920,38160,38520,38760,39120,39360,39720,39960,40320,40560,40920,41160,41520,41760,42120,42360,42720,42960,43320,43560,43920,44160,44520,44760,45120,45360,45720,45960,46320,46560,46920,47160,47520,47760,48120,48360,48720,48960,49320,49560,49920,50160,50520,50760,51120,51360,51720,51960,52320,52560,52920,53160,53520,53760,54120,54360,54720,54960,55320,55560,55920,56160,56520,56760,57120,57360,57720,57960,58320,58560,58920,59160,59520,59760,60120,60360,60720,60960,61320,61560,61920,62160,62520,62760,63120,63360,63720,63960,64320,64560,64920,65160,65520,65760,66120,66360,66720,66960,67320,67560,67920,68160,68520,68760,69120,69360,69720,69960,70320,70560,70920,71160,71520,71760,72120,72360,72720,72960,73320,73560,73920,74160,74520,74760,75120,75360,75720,75960,76320,76560,76920,77160,77520,77760,78120,78360,78720,78960,79320,79560,79920,80160,80520,80760,81120,81360,81720,81960,82320,82560,82920,83160,83520,83760,84120,84360,84720,84960,85320,85560,85920,86160],"sog":[3.1,1,3.1,2.7,2.8,2.4,1.1,2.9,0.3,1.7,2.5,3.6,1.1,0.3,4.1,2.5,3,3.4,2.6,2.1,1.3,2.8,3.1,1.1,1,4.3,3.3,2.2,2.9,3.2,1.7,1.7,1.1,4.2,1.8,2.2,3,1.5,2.8,1.3,3.2,2.8,2.2,1.7,2.3,3.4,2.9,3.4,2.9,4.2,2,1.4,2.5,3.7,1.1,1.2,0.6,3.2,1.7,2.5,1.4,3.5,1.4,3.6,1.2,3.1,3.6,2.3,2.8,2,1,1.1,2.7,1.9,2.3,1,3.8,0.6,1.5,1.6,2.6,2.8,2.7,3.5,2.1,1.2,3.7,0.3,1.1,2.5,2.6,2.5,2.5,2.3,3.6,3.3,3.1,3,1.9,0.3,1.2,3,2.8,2.2,3.9,2,2.3,3.6,3.7,1.6,3.2,2.6,0.4,3.3,2.7,2.6,1.8,1.8,2.6,2.8,3.2,2.7,1.8,2.9,1.2,0.3,0.3,2.2,2.7,1.2,0.3,3.4,2.9,2.3,2.2,3,2.2,2.4,1.1,2,3.7,3,1.5,3.8,1.9,1.6,6,0.9,4.1,1.4,3.3,2.8,1.4,3,1.3,3.3,1.6,1.4,1.2,2.2,1.9,0.9,1.3,2.1,3,3.5,1.1,1.3,2.4,1.8,1.8,2.7,2.6,2.8,3.9,1.6,3.4,3.5,1.9,3.6,4.6,1.3,2.3,0.3,0.5,1.1,3.1,3.6,3.2,2.6,3.5,2.9,2.8,3.4,4.6,3,4.5,2.9,4.8,3.7,2.1,2.6,1.9,1.1,2.6,2.9,1.9,1.9,1.6,2.7,2.1,3.3,3.5,2.9,2.3,1.9,1.6,2.6,0.8,2.9,2,1.5,0.4,3.4,1.8,2,3.8,4.4,3.1,2.2,2.2,2.4,1.6,1.3,2.9,0.7,3,2.6,0.9,1.9,1.8,2.3,2.6,2.7,1.5,2.3,1.3,2.8,3.9,2,2.7,2.7,1,2.3,1.4,1.8,2.8,1,1.8,0.9,5.3,2.7,2.3,3.4,1.9,4.2,3.6,3.7,1.6,2,3.2,1.2,1.9,2.5,1.6,3.6,1.9,1.7,2.4,2.2,1.8,3.3,2.6,1.3,3.3,1.8,2.6,2.4,0.9,1.8,0.5,1.6,2.7,1.8,5,2.2,2.9,2.6,1.9,3.9,4.3,5.5,3,2.8,0.3,2.2,1.8,3.2,3.2,3.1,2.4,3.2,1.7,1.8,2.5,1.8,2.2,1.9,2,1.3,2.6,2.8,1.6,2.3,3.7,2.6,3.4,1.5,0.3,3.8,3.3,1.4,2.9,1.7,2.6,3.1,1.1,4.6,2.1,2,3,3,2,3.9,3.8,2.2,1.8,2,2.3,2.2,3.5,1.6,2.5,2.1,2.9,4,4.1,2.2,3.8,0.6,3.7,1.7,1.6,2.2,3.8,2.4,2.8,1.8,0.5,1.4,0.7,2.2,2.9,2.8,1.7,1.3,3.1,1.9,3.9,4.1,3.7,2.9,0.3,3.5,2.7,0.9,1.6,2.3,1.9,1.6,2.8,1.3,1.9,3.1,3.7,2.5,2.2,0.3,3.1,3.1,2.8,2.8,1.4,1.8,2.8,2.1,0.8,1.5,1,2.1,1.5,2.6,1.2,2.5,0.6,2.2,1.4,4.2,2.6,1.5,3.8,4.8,2,1.8,3.3,2.5,2,1.9,2.6,3.4,2,2.1,0.9,2.7,3.5,2.4,3.7,2.3,1.4,2.3,4.2,3.5,2.5,2.9,1.6,3.3,1.9,0.3,2.6,2,2.5,2.1,2.2,2.1,3.1,4.5,5.1,1.1,3,3.2,2.8,2.4,0.5,1.7,2.1,3.4,0.8,2.6,2.6,2.9,1.6,2,2.2,1.5,2.5,1.6,2.3,4.3,0.4,2.3,1.2,1.4,3.7,1.4,2.1,3.1,2.2,4.2,3.2,2.4,3.4,2.4,3.2,1.3,2.8,2.9,0.3,2.9,3.5,1.9,2.4,3.7,2.9,3.6,1.5,2.3,2.7,2.7,3.2,4,2.1,3.4,0.8,3.7,3.4,1.6,4.1,2.7,1.3,3.7,3.8,2.1,2.2,1.8,2.9,2.1,3.4,3.1,2.3,2.1,2.5,1.9,1.4,3.3,2.9,2.3,2,1.3,1.6,3.3,2.5,3,4.3,2.1,2.1,3.7,3.4,2.8,1.8,0.7,1.8,3.5,1.5,3.6,2,3.4,2.9,3.6,3.4,1.5,3.9,1.7,3.1,2.3,2,1.7,1.3,1.9,2.6,3.2,1.1,3.4,4.5,3.8,0.6,2.5,2.5,2.5,1,2.6,1.7,1,2.5,1.7,3.5,1.8,2.5,2.3,1.7,2.8,1.2,2,0.3,1.9,3.1,1.1,2.3,0.3,2.6,2.1,0.3,0.3,3,3.6,3.2,1.8,2.4,2,3.5,3.7,2.2,2.6,0.5,3.5,1.3,2.8,0.8,3.3,2.3,3.9,3,2.7,0.7,3.7,1.8,3.3,3.6,2.2,2,2.8,2.1,3.1,2.9,2.5,2.2,1.4,3.6,2.5,2.9,3.5,3.8,3.6,2,2.9,0.3,2.1,0.8,3.7,1.7,0.4,1.5,3.2,2.5,2.8,2.2,1.8,1.6,1.8,1.1,2.9,2.1,1.9,2.6,3.3,1,2.1,0.4,2.9,4,2.2,2.5,3.5,2.4,1.9,2.1,1.9,1.9,3.4,2.7,1,0.7,2.6,4.6,0.3,2.6,0.6,2,2.8,2.4,1.5,0.9,2.4,3,4,1.6,2.4,2,2.4,1.1,2.5,2.8,3.1,2.5,3.7,2.7,4.4,2.7,4.6,3.7,2.5,2.5,1.6,3,2.4,2.4,1,3.1,2.2,3.4,1.3,0.9,2.2,1.1,1.9,2,3.4,2.5,1.3,2.4,0.6,1,3.2,1.8,1.9,3.2,2.7,3.4,1.6,1.4,1.8,3.2,1.8,3.3,2.8,2.8,3.6,3.7,3.2,1.1,2.6,1,4,4.3,2.2,2.1,1.5,4.3,1.7,1.6,3.3,2.1,3.5,1.6,1.2,3.3,4,2,2.3,4.1,2.6,4.4,2.1,2.2,2.2,2.2,2.2,0.6,3.5,2.2,2.5,2.6,2.9,3.8,1.2,4,2.2,3.1,2.6,3.1,3.2,2,1.2,0.3,4.2,2.1,2.1,1.6,3.4,3.5,3.3,1.2,1.8,2.9,3.7,2.5,2.1,2.3,1.9,2.9,2.9,5,1.8,1.8,2.3,4.2,1.3,2.3,3,1.7,1.8,2.2,1.4,2.5,3,2.7,1.5,1.6,3,3.1,3,3.8,0.9,2.9,3.9,1.7,2,3.4,0.7,3.6,1.6,1.9,1.5,1.5,3,1.4,0.3,2.2,4.2,1.9,1.9,2.9,3.6,2.6,2.4,1.1,3.3,1.6,3.1,2,2.3,2.1,2.7,1.3,2.1,3,2.9,5,1.4,1.4,2.1,1.3,3.3,1.1,1.2,0.3,3.1,1.8,4,4.5,2.4,2.7,2,1.7,1.6,3.4,2,2.6,2,4.4,2.6,1,1.8,4.5,2.4,1.8,3.1,3.2,2,3.6,2.9,3.1,2.1,3.5,0.5,1.2,1.2,4.5,2.3,2.1,3.4,0.4,2.8,1.6,1.4,0.6,1.7,2.7,1.4,1.4,3.4,2.2,1.7,2.3,3.9,2.8,1.6,2.4,3.1,2.5,0.3,3.4,1.7,2.8,2.7,2,1.2,4.7,3.2,3.4,1.2,2.9,2.1,1.9,3.1,2.2,1.6,3.1,1.4,2.8,2.6,2.7,3.4,0.8,1.5,1.3,2.4,2.1,1.8,1.8,3.2,4,2.2,3.1,4.7,2,3.4,3.1,0.3,2.1,0.9,3.9,2.3,2.3,1.3,2.7,2.6,2.5,2.6,0.8,3.1,2.7,3.9,3.8,1.9,2.6,4.4,3.3,2.5,3.1,1.7,3.6,2.6,2.9,4.9,3.8,1.8,2.8,1.8,3.6,3.3,1.2,2,2.8,4.6,2,1.1,2.6,2.9,1.3,2.8,2,3.3,2.2,3.9,2.5,1.6,1.5,1.1,3.5,3.3,1.1,1.4,4.9,3.7,4.1,3.4,4.2,2.8,2.6,1.4,3.1,3.2,3.5,2,1.6,2.6,3.5,2.2,2.2,2.7,3.5,1.5,2,3.7,2.6,2.5,1.5,3.1,2.4,2.2,2.2,1,2.8,3.5,4.6,0.9,4.2,2.6,2,2.4,4.3,1,2.5,3.2,2.4,2.7,3.7,0.3,2.7,1.7,0.3,2.6,1.7,4.4,3.2,3.5,0.8,0.4,4.2,3.2,2.6,4,3.3,2,2.9,0.5,5,3.7,2.1,2.5,4,3.7,3.3,1.8,3.3,3.2,1.1,0.9,2.7,1,2.3,2.8,2.7,3.4,0.6,2.2,2.3,2.2,3.6,1.9,0.7,2.6,4.1,2.2,1.4,3.4,1.3,2,2.9,0.9,2.9,1.9,3.4,2.9,3.7,2.1,2.7,1.7,2.6,3.1,2.5,3.7,3.6,3.6,3.4,2.4,2.1,1.3,3.1,3,2.9,2.7,2.5,2.2,1.9,0.8,3.7,3,2.2,0.3,2.8,3.5,1.4]}},{"type":"Feature","geometry":{"type":"LineString","coordinates":[[75.648,9.5225],[75.644,9.5475],[75.6406,9.564],[75.6354,9.5895],[75.6324,9.6066],[75.6276,9.6315],[75.6246,9.6483],[75.6198,9.6739],[75.6171,9.691],[75.6129,9.7157],[75.6102,9.7332],[75.6059,9.7589],[75.6024,9.7757],[75.5977,9.801],[75.5954,9.8178],[75.591,9.8435],[75.5883,9.8611],[75.5849,9.8863],[75.5826,9.9035],[75.5793,9.9289],[75.5768,9.9459],[75.5737,9.9714],[75.5725,9.9886],[75.5698,10.0142],[75.5679,10.0315],[75.5652,10.0567],[75.5632,10.074],[75.5603,10.0994],[75.5585,10.1164],[75.5555,10.1427],[75.5537,10.1601],[75.5516,10.1856],[75.55,10.2027],[75.5474,10.2284],[75.5456,10.2449],[75.5432,10.271],[75.5411,10.2879],[75.5386,10.3135],[75.5369,10.3311],[75.5344,10.3567],[75.5329,10.3734],[75.5301,10.3988],[75.528,10.4162],[75.5252,10.4416],[75.5235,10.4586],[75.5208,10.4841],[75.5184,10.501],[75.5154,10.5264],[75.5129,10.5433],[75.5089,10.5682],[75.5067,10.5843],[75.5023,10.6099],[75.5,10.6263],[75.4961,10.6515],[75.4938,10.6693],[75.4902,10.6945],[75.4876,10.7118],[75.4843,10.7371],[75.483,10.7535],[75.4794,10.7796],[75.4774,10.7966],[75.4745,10.8225],[75.4726,10.8395],[75.4695,10.8651],[75.4678,10.8823],[75.4642,10.9072],[75.4624,10.9244],[75.4594,10.9499],[75.4573,10.9669],[75.4539,10.9926],[75.4515,11.009],[75.4474,11.0352],[75.4452,11.0518],[75.4408,11.0779],[75.4383,11.0949],[75.4344,11.1203],[75.4317,11.1372],[75.427,11.1624],[75.424,11.1795],[75.4193,11.2046],[75.4159,11.2214],[75.4108,11.2463],[75.4075,11.2627],[75.4023,11.2885],[75.3987,11.3053],[75.3938,11.3302],[75.3908,11.3475],[75.3854,11.3728],[75.3824,11.3903],[75.3772,11.4155],[75.3739,11.4325],[75.3692,11.4578],[75.3658,11.4746],[75.3603,11.5005],[75.3569,11.517],[75.3523,11.5419],[75.3487,11.5585],[75.3436,11.5834],[75.3397,11.6],[75.3355,11.6256],[75.3327,11.6427],[75.328,11.6681],[75.3251,11.6848],[75.3207,11.7105],[75.3174,11.7269],[75.3126,11.7521],[75.3093,11.7693],[75.3046,11.7944],[75.3013,11.811],[75.2962,11.8365],[75.2928,11.8528],[75.2874,11.8786],[75.2837,11.8951],[75.2784,11.9203],[75.2752,11.9367],[75.2698,11.9625],[75.2661,11.9785]]},"properties":{"mmsi":997907978,"name":"Cargo 7978","role":"candidate","vessel_type":70,"synthetic":true,"t_offset_s":[-12251,-11891,-11651,-11291,-11051,-10691,-10451,-10091,-9851,-9491,-9251,-8891,-8651,-8291,-8051,-7691,-7451,-7091,-6851,-6491,-6251,-5891,-5651,-5291,-5051,-4691,-4451,-4091,-3851,-3491,-3251,-2891,-2651,-2291,-2051,-1691,-1451,-1091,-851,-491,-251,109,349,709,949,1309,1549,1909,2149,2509,2749,3109,3349,3709,3949,4309,4549,4909,5149,5509,5749,6109,6349,6709,6949,7309,7549,7909,8149,8509,8749,9109,9349,9709,9949,10309,10549,10909,11149,11509,11749,12109,12349,12709,12949,13309,13549,13909,14149,14509,14749,15109,15349,15709,15949,16309,16549,16909,17149,17509,17749,18109,18349,18709,18949,19309,19549,19909,20149,20509,20749,21109,21349,21709,21949,22309,22549],"sog":[15.5,14.9,15.3,15.1,15.6,15.7,15.1,14.9,15.5,15.2,15.9,15.5,16,15,14.7,15.6,15.8,15.3,15.6,15,15.2,15.4,15.2,15.2,15.5,15.7,15.2,15.4,15.2,15.6,15.5,15.9,15.5,15.1,15.6,15.7,15.4,15.2,15.4,15.5,14.8,15.7,15.4,15.3,15.1,15,15.2,15.2,15.2,15.1,14.9,15.2,15.1,15.6,15.9,15.5,15.4,15.3,15.5,15.8,15.8,15.3,15.5,15.8,15.3,14.7,15.7,15.1,15.3,15.3,15,15.7,15.1,15.4,15.1,15.3,15.3,14.8,15.7,15.5,15.2,14.6,15.2,15.5,15,15,15.8,15.5,15.7,15.3,15.4,15.9,14.9,15.6,15.3,15.5,15,15,15,15.7,15,15.1,15.1,15.2,14.9,15.2,15.2,15.5,15.8,15.5,14.7,15.6,15.1,15.1,15.2,15.6,14.9]}},{"type":"Feature","geometry":{"type":"LineString","coordinates":[[73.2009,11.391],[73.201,11.4036],[73.2012,11.4157],[73.2018,11.4345],[73.2023,11.4469],[73.2033,11.465],[73.2037,11.4778],[73.2046,11.496],[73.2046,11.5089],[73.2057,11.5274],[73.2061,11.5405],[73.2068,11.5591],[73.2074,11.572],[73.2085,11.5907],[73.209,11.6033],[73.2099,11.6223],[73.2099,11.6347],[73.2103,11.6535],[73.2105,11.6662],[73.2107,11.6857],[73.2109,11.6984],[73.2111,11.7166],[73.211,11.7295],[73.2116,11.748],[73.2113,11.7603],[73.2118,11.7791],[73.2115,11.7917],[73.212,11.8105],[73.2119,11.8228],[73.2125,11.8418],[73.2126,11.854],[73.2133,11.8731],[73.2136,11.8856],[73.2144,11.9044],[73.2148,11.9168],[73.216,11.9353],[73.2165,11.9478],[73.2185,11.9665],[73.2193,11.9784],[73.221,11.9973],[73.222,12.0096],[73.2239,12.0282],[73.2253,12.0406],[73.2264,12.0592],[73.2276,12.0711],[73.2294,12.0895],[73.2302,12.1026],[73.2324,12.122],[73.2335,12.1341],[73.2352,12.1532],[73.2368,12.1656],[73.2386,12.184],[73.2398,12.1962],[73.2419,12.2146],[73.2437,12.2276],[73.2461,12.2467],[73.2476,12.2598],[73.2497,12.2785],[73.2508,12.2914],[73.2522,12.3097],[73.2534,12.3222],[73.2547,12.3411],[73.2555,12.3533],[73.2572,12.3722],[73.2581,12.3846],[73.2598,12.4027],[73.2607,12.4154],[73.2627,12.4342],[73.264,12.4469],[73.2651,12.4657],[73.2661,12.4782],[73.2674,12.4965],[73.2687,12.509],[73.2699,12.5286],[73.2714,12.5413],[73.2727,12.5596],[73.2736,12.572],[73.2753,12.5906],[73.2767,12.6031],[73.2787,12.6214],[73.28,12.6342],[73.2818,12.6521],[73.2828,12.665],[73.2845,12.6832],[73.2853,12.6954],[73.287,12.7138],[73.2882,12.7262],[73.29,12.745],[73.2912,12.7575],[73.2935,12.7764],[73.2956,12.7886],[73.2981,12.8076],[73.3001,12.8198],[73.3022,12.8384],[73.3042,12.8511],[73.3067,12.8698],[73.3089,12.882],[73.3114,12.9006],[73.3133,12.9131],[73.3161,12.9319],[73.3182,12.9438],[73.3216,12.9627],[73.3239,12.9755],[73.3276,12.9937],[73.33,13.006],[73.3332,13.0241],[73.3359,13.0366],[73.339,13.0548],[73.341,13.0667],[73.3444,13.086],[73.3464,13.0984],[73.3491,13.1176],[73.3512,13.1297],[73.3536,13.1487],[73.3549,13.1609],[73.3574,13.1791],[73.3585,13.1914],[73.3606,13.2107],[73.3614,13.2232],[73.3632,13.2421],[73.364,13.2545],[73.3661,13.2727],[73.3673,13.2854],[73.369,13.3041],[73.3701,13.3164],[73.3716,13.3354],[73.3727,13.3481],[73.3743,13.3671],[73.3757,13.379],[73.378,13.3975],[73.3795,13.4097],[73.3819,13.4283],[73.3834,13.4405],[73.3848,13.4593],[73.386,13.4715],[73.3877,13.4896],[73.3889,13.5023],[73.3905,13.5213],[73.392,13.5338],[73.3938,13.5524],[73.3947,13.5649],[73.3961,13.5831],[73.3976,13.5958],[73.3996,13.614],[73.401,13.6267],[73.4038,13.6443],[73.4049,13.6569],[73.4078,13.6751],[73.4094,13.6871],[73.4121,13.7059],[73.4141,13.7187],[73.4162,13.738],[73.4178,13.7505],[73.4198,13.7687],[73.4213,13.7817],[73.4234,13.8005],[73.4249,13.8128],[73.4265,13.8316],[73.4275,13.8437],[73.4294,13.8618],[73.4308,13.8739],[73.4322,13.8924],[73.4335,13.905],[73.4347,13.9233],[73.4356,13.9353],[73.4368,13.9542],[73.4377,13.9671],[73.4393,13.9856],[73.4401,13.998],[73.4411,14.0171],[73.4418,14.0294],[73.4431,14.0476],[73.4436,14.0607],[73.4444,14.0792],[73.445,14.0919],[73.446,14.11],[73.4466,14.1225],[73.4475,14.1411],[73.4482,14.1536],[73.4494,14.1723],[73.4498,14.1845],[73.4517,14.2035],[73.4526,14.2163],[73.4544,14.2349],[73.4555,14.2467],[73.4572,14.2653],[73.4583,14.278],[73.4598,14.2963],[73.461,14.3087],[73.4618,14.3278],[73.4621,14.3404],[73.4634,14.3592],[73.4645,14.3721],[73.4653,14.3905],[73.4656,14.4029],[73.466,14.422],[73.4664,14.4353],[73.4663,14.4536],[73.4662,14.4662],[73.4667,14.485],[73.4671,14.498],[73.4673,14.5164],[73.468,14.5288],[73.4687,14.5477],[73.4691,14.5609],[73.4697,14.5797],[73.4698,14.5918],[73.4711,14.6109],[73.4715,14.6233],[73.4721,14.6421],[73.4726,14.6549],[73.4733,14.6733],[73.4745,14.6855],[73.4753,14.7041]]},"properties":{"mmsi":998154666,"name":"Cargo 4666","role":"background","vessel_type":70,"synthetic":true,"t_offset_s":[14585,14825,15065,15425,15665,16025,16265,16625,16865,17225,17465,17825,18065,18425,18665,19025,19265,19625,19865,20225,20465,20825,21065,21425,21665,22025,22265,22625,22865,23225,23465,23825,24065,24425,24665,25025,25265,25625,25865,26225,26465,26825,27065,27425,27665,28025,28265,28625,28865,29225,29465,29825,30065,30425,30665,31025,31265,31625,31865,32225,32465,32825,33065,33425,33665,34025,34265,34625,34865,35225,35465,35825,36065,36425,36665,37025,37265,37625,37865,38225,38465,38825,39065,39425,39665,40025,40265,40625,40865,41225,41465,41825,42065,42425,42665,43025,43265,43625,43865,44225,44465,44825,45065,45425,45665,46025,46265,46625,46865,47225,47465,47825,48065,48425,48665,49025,49265,49625,49865,50225,50465,50825,51065,51425,51665,52025,52265,52625,52865,53225,53465,53825,54065,54425,54665,55025,55265,55625,55865,56225,56465,56825,57065,57425,57665,58025,58265,58625,58865,59225,59465,59825,60065,60425,60665,61025,61265,61625,61865,62225,62465,62825,63065,63425,63665,64025,64265,64625,64865,65225,65465,65825,66065,66425,66665,67025,67265,67625,67865,68225,68465,68825,69065,69425,69665,70025,70265,70625,70865,71225,71465,71825,72065,72425,72665,73025,73265,73625,73865,74225,74465,74825,75065,75425,75665,76025,76265,76625,76865,77225,77465,77825,78065,78425],"sog":[11.3,11.3,11,11.8,11.1,10.6,11.4,10.7,11.6,10.8,11.8,10.8,11.3,10.5,11.5,10.7,11.2,11.2,11.7,11.5,10.9,11.1,11.7,11,11,10.8,11.6,11.1,11.1,11.6,11.1,11.4,11,11.1,11.1,11.2,11.3,10.9,11,11.1,11.1,11.4,11,11,10.7,11.8,11.2,12,11,11.5,11.8,11.1,11.1,11.1,12,11.9,11.7,11.3,11.4,11.4,10.9,11.2,11.1,11.3,11.1,10.8,11.4,10.8,11.6,11.4,10.8,11.4,11,11.7,11.4,11.2,10.7,11.2,11.2,11,10.6,10.9,11,10.9,11.1,11,11.1,11.6,11.1,11.1,11.2,11.5,11.4,11.2,11.6,11.8,11.3,11.1,11,11.5,11.1,11.1,11.5,11,11.5,11.4,11.7,10.8,10.7,11.4,11.3,11.4,11.4,11,11.2,11.1,11,11.8,11,11.6,10.8,11,11.5,11.3,11.2,11.7,10.9,11.3,11.2,11.3,11,10.8,10.9,11.7,10.6,10.9,11.3,11.2,11.6,10.8,11.3,10.9,11.4,11,11.2,10.7,10.8,11.5,11.2,11.4,10.9,11.3,11.3,10.8,11.5,11.1,10.7,11.3,11.1,11.2,11,11.2,11.6,10.8,10.9,11.3,11.2,11,10.8,11.3,11.5,11.1,11.1,11.8,11.1,11.4,11,10.7,11,10.9,11,11.9,11.3,10.8,11,11.4,11.7,11.2,11.4,11.2,11.4,11.4,11.3,11.5,11.1,11.5,11.4,10.6,11,11.4,11.6,11.1,11,12,11.9,11,10.6,11,11.1,11,11,10.9,11.1,10.7]}},{"type":"Feature","geometry":{"type":"LineString","coordinates":[[73.2324,10.9064],[73.2322,10.8994],[73.2327,10.8773],[73.2332,10.8635],[73.2337,10.8416],[73.2342,10.8272],[73.2359,10.8062],[73.2368,10.7918],[73.2387,10.7705],[73.2395,10.7556],[73.2408,10.7338],[73.242,10.7195],[73.2435,10.6975],[73.2441,10.6834],[73.2449,10.6617],[73.2453,10.6474],[73.2457,10.6262],[73.2465,10.6121],[73.2474,10.5898],[73.2476,10.576],[73.2477,10.5546],[73.2479,10.5408],[73.2483,10.5191],[73.2481,10.5048],[73.2485,10.4832],[73.2485,10.4683],[73.2494,10.4466],[73.2495,10.4323],[73.2492,10.4105],[73.2489,10.3955],[73.2488,10.3743],[73.2487,10.3601],[73.2488,10.3387],[73.2486,10.3233],[73.2489,10.3025],[73.2491,10.2875],[73.2495,10.2656],[73.2494,10.2509],[73.2495,10.2296],[73.2496,10.2152],[73.2501,10.1932],[73.2502,10.179],[73.2511,10.1574],[73.2516,10.1428],[73.2524,10.1216],[73.2531,10.1072],[73.2543,10.0851],[73.255,10.0712],[73.2556,10.0498],[73.256,10.0357],[73.2563,10.0139],[73.2561,9.999],[73.2569,9.9768],[73.2571,9.9623],[73.2573,9.9403],[73.2578,9.9257],[73.2581,9.9041],[73.259,9.8902],[73.2597,9.868],[73.2601,9.8535],[73.2605,9.8319],[73.2605,9.8176],[73.2614,9.7962],[73.2619,9.7821],[73.2622,9.7601],[73.2625,9.746],[73.2628,9.7245],[73.2628,9.7105],[73.2628,9.6889],[73.2627,9.6747],[73.2629,9.6534],[73.2629,9.6392],[73.2631,9.6174],[73.2631,9.6031],[73.2625,9.5817],[73.2622,9.5675],[73.2618,9.5459],[73.2619,9.5315],[73.261,9.5102],[73.2607,9.4955],[73.2603,9.4735],[73.2596,9.4592],[73.2591,9.4382],[73.2587,9.4235],[73.2576,9.4017],[73.2576,9.3874],[73.2568,9.3651],[73.256,9.3512],[73.2547,9.3296],[73.2535,9.3151],[73.2518,9.2934],[73.2505,9.279],[73.2487,9.257],[73.2476,9.243],[73.245,9.2218],[73.2435,9.2081],[73.241,9.1863],[73.2391,9.1724],[73.2359,9.1501],[73.2342,9.1365],[73.2312,9.1149],[73.229,9.1009],[73.2265,9.0789],[73.2247,9.0643],[73.222,9.0435],[73.2202,9.0294],[73.2176,9.0078],[73.2161,8.9934],[73.2143,8.9719],[73.2131,8.9568],[73.2114,8.9355],[73.2102,8.9209],[73.2087,8.899],[73.2072,8.8841],[73.2059,8.8627],[73.2047,8.8481],[73.2035,8.8258],[73.2025,8.8111],[73.2011,8.7892],[73.2003,8.7752],[73.1985,8.7538],[73.1977,8.7389],[73.1965,8.7176],[73.1959,8.703],[73.1946,8.6815],[73.1937,8.6676],[73.1923,8.6458],[73.1912,8.6313],[73.1899,8.6106],[73.1894,8.5957],[73.1879,8.5746],[73.1869,8.5603],[73.1852,8.5383],[73.1845,8.5244],[73.183,8.5029],[73.1815,8.4885]]},"properties":{"mmsi":998659328,"name":"Cargo 9328","role":"background","vessel_type":70,"synthetic":true,"t_offset_s":[45840,45960,46320,46560,46920,47160,47520,47760,48120,48360,48720,48960,49320,49560,49920,50160,50520,50760,51120,51360,51720,51960,52320,52560,52920,53160,53520,53760,54120,54360,54720,54960,55320,55560,55920,56160,56520,56760,57120,57360,57720,57960,58320,58560,58920,59160,59520,59760,60120,60360,60720,60960,61320,61560,61920,62160,62520,62760,63120,63360,63720,63960,64320,64560,64920,65160,65520,65760,66120,66360,66720,66960,67320,67560,67920,68160,68520,68760,69120,69360,69720,69960,70320,70560,70920,71160,71520,71760,72120,72360,72720,72960,73320,73560,73920,74160,74520,74760,75120,75360,75720,75960,76320,76560,76920,77160,77520,77760,78120,78360,78720,78960,79320,79560,79920,80160,80520,80760,81120,81360,81720,81960,82320,82560,82920,83160,83520,83760,84120,84360,84720,84960,85320,85560,85920,86160],"sog":[12.3,12.9,12.1,12.7,12.4,12.8,12.4,13,13,13.4,12.9,12.9,12.9,12.6,12.5,13.1,12.7,12.5,12.9,12.6,12.8,12.6,12.5,13.2,12.9,12.9,13.2,13,13,13.1,12.5,13,12.7,13.3,12.7,13.3,12.5,12.7,12.8,13.1,13,12.9,12.9,13.1,12.4,12.9,13.2,12.7,12.6,12.5,12.7,13,13.3,12.7,13.2,13.4,13.5,13.1,13.2,13,13,12.8,12.9,12.6,13,12.7,12.8,12.7,12.7,12.9,12.7,12.9,12.9,12.7,12.8,12.7,12.6,12.6,12.7,13,13.1,13,13,13.2,12.9,13,12.9,12.3,12.7,12.8,12.7,13.3,12.9,12.6,12.9,12,13.3,12.8,13.7,12.2,13,12.8,13,13,12.9,12.9,13,13.1,13.2,13.5,12.7,13.1,13.2,13.7,13.3,13.2,13.1,13,13.3,12.8,13.5,13.6,13,12.8,12.4,12.5,13.1,12.6,11.9,12.8,13,13,13.1,13.2,13.1,12.8]}},{"type":"Feature","geometry":{"type":"LineString","coordinates":[[73.2175,10.0619],[73.2172,10.0803],[73.2167,10.0922],[73.2159,10.1106],[73.2155,10.1226],[73.2147,10.1407],[73.2145,10.1524],[73.2141,10.17],[73.2133,10.1818],[73.2127,10.1997],[73.212,10.2124],[73.2118,10.2297],[73.2115,10.2423],[73.2115,10.2602],[73.2112,10.272],[73.2103,10.2898],[73.2096,10.3019],[73.2091,10.3198],[73.209,10.3317],[73.2084,10.3502],[73.208,10.3624],[73.2075,10.3801],[73.2069,10.3926],[73.2054,10.4108],[73.2049,10.423],[73.2035,10.4408],[73.203,10.4525],[73.2019,10.4711],[73.2011,10.4832],[73.1997,10.5015],[73.1992,10.5139],[73.1985,10.5318],[73.198,10.5434],[73.1965,10.5609],[73.1958,10.5727],[73.194,10.5911],[73.1932,10.6031],[73.1919,10.622],[73.1906,10.6336],[73.1888,10.6519],[73.1875,10.6639],[73.1851,10.6823],[73.1843,10.6943],[73.1821,10.7125],[73.1806,10.7248],[73.1784,10.7429],[73.1772,10.7547],[73.175,10.7731],[73.1736,10.7852],[73.1711,10.803],[73.1698,10.8155],[73.1675,10.8329],[73.1665,10.8452],[73.1648,10.8629],[73.1633,10.8746],[73.1617,10.8921],[73.1606,10.904],[73.1591,10.9216],[73.1583,10.9333],[73.1569,10.9513],[73.1561,10.9627],[73.1543,10.981],[73.1534,10.9927],[73.1522,11.0111],[73.1516,11.0235],[73.1504,11.0424],[73.1498,11.0544],[73.1488,11.0723],[73.1487,11.0843],[73.1485,11.102],[73.1483,11.1143],[73.1477,11.132],[73.1471,11.1445],[73.1463,11.1628],[73.1457,11.1753],[73.1445,11.1931],[73.1435,11.205],[73.1422,11.2222],[73.1408,11.2347],[73.1394,11.2524],[73.1382,11.2642],[73.1368,11.2825],[73.1356,11.2945],[73.1339,11.3123],[73.1327,11.325],[73.1308,11.3434],[73.1301,11.3548],[73.1285,11.3731],[73.1276,11.385],[73.1262,11.4029],[73.1256,11.4147],[73.1252,11.4327],[73.1248,11.4446],[73.1237,11.4633],[73.123,11.4752],[73.1221,11.4932],[73.1215,11.5055],[73.1206,11.5237],[73.1203,11.5353],[73.1196,11.5531],[73.119,11.5647],[73.1188,11.5828],[73.1184,11.595],[73.1181,11.6127],[73.1176,11.6252],[73.1175,11.6434],[73.1175,11.6557],[73.1173,11.673],[73.1173,11.6846],[73.1171,11.7029],[73.1175,11.715],[73.1175,11.733],[73.117,11.7454],[73.1167,11.7634],[73.1162,11.7742],[73.1152,11.7925],[73.1147,11.8051],[73.1141,11.8229],[73.1139,11.8354],[73.1137,11.8536],[73.1134,11.8652],[73.1132,11.8832],[73.1129,11.8955],[73.1128,11.9139],[73.1125,11.9263],[73.1121,11.9449],[73.1124,11.9567],[73.1121,11.9746],[73.1117,11.9868],[73.1116,12.0051],[73.1117,12.017],[73.1115,12.0349],[73.1118,12.0468],[73.1118,12.0653],[73.1116,12.077],[73.111,12.0955],[73.1105,12.1077],[73.1098,12.1264],[73.1094,12.1384],[73.1086,12.1563],[73.1084,12.1685],[73.1076,12.1866],[73.1071,12.1988],[73.1054,12.2169],[73.1046,12.2293],[73.1034,12.2473],[73.1021,12.2592],[73.1007,12.2766],[73.0996,12.2883],[73.0977,12.3058],[73.0963,12.3173],[73.0939,12.3361],[73.0926,12.3475],[73.0908,12.3654],[73.0896,12.3772],[73.0874,12.395],[73.0861,12.407],[73.0835,12.425],[73.0821,12.4369],[73.0795,12.4552],[73.078,12.4669],[73.0755,12.4851],[73.074,12.4968],[73.072,12.5148],[73.0706,12.5272],[73.0686,12.5446],[73.067,12.5565],[73.0648,12.5748],[73.0633,12.587],[73.0611,12.6051],[73.0598,12.6175],[73.0574,12.6351],[73.0567,12.6469],[73.0555,12.6652],[73.0543,12.677],[73.0531,12.695],[73.0523,12.7073],[73.0513,12.7252],[73.0503,12.7368],[73.049,12.7549],[73.0485,12.7666],[73.0475,12.785],[73.047,12.7969],[73.0459,12.8155],[73.0458,12.8275],[73.0446,12.8458],[73.0439,12.8574],[73.0429,12.876],[73.0423,12.888],[73.0412,12.9058],[73.0407,12.9177],[73.0398,12.9359],[73.0392,12.9478],[73.0386,12.9664],[73.0378,12.9784],[73.0374,12.996],[73.0365,13.0078],[73.0358,13.0258],[73.0352,13.0379],[73.034,13.0559],[73.0332,13.0675],[73.0328,13.0853],[73.0318,13.0971],[73.0311,13.1154],[73.0307,13.1278],[73.0298,13.1459],[73.0298,13.1578],[73.0293,13.1759],[73.0287,13.1875],[73.028,13.2056],[73.0279,13.2178],[73.0273,13.2357],[73.027,13.2475],[73.0263,13.2659],[73.0258,13.2783],[73.0258,13.2954],[73.0256,13.3081],[73.026,13.3264],[73.026,13.3378],[73.0267,13.3567],[73.0268,13.3685],[73.0271,13.3872],[73.0268,13.3989],[73.0264,13.4171],[73.0261,13.4289],[73.0255,13.4472],[73.025,13.4591],[73.0249,13.4776],[73.0253,13.4897],[73.0249,13.5083],[73.0252,13.5202],[73.0247,13.5382],[73.0245,13.5505],[73.0245,13.568],[73.0244,13.5803],[73.0235,13.5981],[73.0234,13.61],[73.0228,13.6279],[73.0221,13.6395],[73.0221,13.6585],[73.0218,13.6702],[73.0217,13.6885],[73.0216,13.7009],[73.0215,13.7187],[73.0216,13.731],[73.0214,13.7488],[73.0215,13.7609],[73.0215,13.7789],[73.0215,13.7909],[73.0215,13.8092],[73.0218,13.8214],[73.0223,13.8393],[73.0223,13.8511],[73.023,13.8697],[73.0231,13.8817],[73.0234,13.8998],[73.0228,13.9123],[73.0228,13.93],[73.0218,13.9423]]},"properties":{"mmsi":998781590,"name":"Cargo 1590","role":"candidate","vessel_type":70,"synthetic":true,"t_offset_s":[-144537,-144177,-143937,-143577,-143337,-142977,-142737,-142377,-142137,-141777,-141537,-141177,-140937,-140577,-140337,-139977,-139737,-139377,-139137,-138777,-138537,-138177,-137937,-137577,-137337,-136977,-136737,-136377,-136137,-135777,-135537,-135177,-134937,-134577,-134337,-133977,-133737,-133377,-133137,-132777,-132537,-132177,-131937,-131577,-131337,-130977,-130737,-130377,-130137,-129777,-129537,-129177,-128937,-128577,-128337,-127977,-127737,-127377,-127137,-126777,-126537,-126177,-125937,-125577,-125337,-124977,-124737,-124377,-124137,-123777,-123537,-123177,-122937,-122577,-122337,-121977,-121737,-121377,-121137,-120777,-120537,-120177,-119937,-119577,-119337,-118977,-118737,-118377,-118137,-117777,-117537,-117177,-116937,-116577,-116337,-115977,-115737,-115377,-115137,-114777,-114537,-114177,-113937,-113577,-113337,-112977,-112737,-112377,-112137,-111777,-111537,-111177,-110937,-110577,-110337,-109977,-109737,-109377,-109137,-108777,-108537,-108177,-107937,-107577,-107337,-106977,-106737,-106377,-106137,-105777,-105537,-105177,-104937,-104577,-104337,-103977,-103737,-103377,-103137,-102777,-102537,-102177,-101937,-101577,-101337,-100977,-100737,-100377,-100137,-99777,-99537,-99177,-98937,-98577,-98337,-97977,-97737,-97377,-97137,-96777,-96537,-96177,-95937,-95577,-95337,-94977,-94737,-94377,-94137,-93777,-93537,-93177,-92937,-92577,-92337,-91977,-91737,-91377,-91137,-90777,-90537,-90177,-89937,-89577,-89337,-88977,-88737,-88377,-88137,-87777,-87537,-87177,-86937,-86577,-86337,-85977,-85737,-85377,-85137,-84777,-84537,-84177,-83937,-83577,-83337,-82977,-82737,-82377,-82137,-81777,-81537,-81177,-80937,-80577,-80337,-79977,-79737,-79377,-79137,-78777,-78537,-78177,-77937,-77577,-77337,-76977,-76737,-76377,-76137,-75777,-75537,-75177,-74937,-74577,-74337,-73977,-73737,-73377,-73137,-72777,-72537,-72177,-71937,-71577,-71337,-70977,-70737,-70377,-70137,-69777,-69537,-69177,-68937,-68577,-68337,-67977,-67737,-67377,-67137],"sog":[11.2,11,10.9,11.1,10.2,10.9,10.6,10.4,10.6,10.7,10.9,10.9,11.1,10.8,10.6,10.6,11.1,10.6,10.7,11,10.7,11.4,11.1,11.1,11.2,10.1,10.7,11.4,11,11,10.5,10.8,10.3,10.5,10.4,10.9,11.3,11.4,10.6,10.9,10.7,11.5,10.7,11,11.3,11,10.6,10.8,10.9,10.8,10.9,11.1,10.9,10.2,10.7,10.4,10.8,10.2,10.7,11,11,11.7,10.5,10.9,11.1,10.8,10.8,11.1,10.6,10.1,11.2,10.4,10.9,11.4,10.9,10.7,10.7,10.6,10.6,10.5,10.4,10.7,11,10.6,11.3,10.8,10.9,10.8,11.2,10.5,10.9,10.5,10.5,10.6,10.7,10.5,11.3,10.8,10.3,10.5,10.9,11.1,10.7,10.6,11,10.6,10.8,10.2,10.3,10.8,11,10.7,11.1,10.8,10.2,11.3,11.2,10.7,11,11.3,10.5,10.6,10.8,11.2,11,11.4,10.7,10.9,11.3,10.8,10.5,10.7,10.9,11.2,10.6,10.5,11.1,11,11.1,10.6,10.7,10.8,10.5,10.8,10.9,10.5,10.8,10.2,10.4,10.6,10.4,11.1,10.8,10.9,11,10.8,10.9,10.9,10.7,10.8,10.4,10.8,10.7,10.9,10.9,11.1,10.3,11.4,10.5,11.5,10.9,11.2,10.4,11,10.5,11.1,11.2,10.6,10.3,10.6,11.2,11,10.8,10.8,10.8,10.8,10.9,11,10.9,10.2,10.7,10.5,10.6,10.9,10.6,10.3,10.5,10.8,11.2,10.9,10.6,10.9,10.8,10.9,10.9,10.7,10.6,10.4,10.8,10.6,11.2,10.2,10.4,11.3,11.1,10.6,11.1,10.8,10.8,11.3,10.6,11.3,10.4,10.9,10.9,11.2,11.2,11,10.9,11.1,10.8,10.8,11.2,11.1,11,10.5,10.8,10.9,10.5,11.1,10.7,10.8,10.9,10.6,10.9,11.2,11,10.3,11.1,11,10.7,10.7,10.6,11,10.4,10.8,10.7,10.9,11.1]}},{"type":"Feature","geometry":{"type":"LineString","coordinates":[[75.5725,10.3382],[75.5761,10.3168],[75.5785,10.3016],[75.5817,10.279],[75.584,10.2641],[75.5875,10.2414],[75.5893,10.2262],[75.5927,10.203],[75.5949,10.1882],[75.5982,10.1654],[75.6,10.1504],[75.6029,10.1281],[75.6048,10.1133],[75.6077,10.091],[75.6102,10.0759],[75.6134,10.0534],[75.6153,10.0389],[75.6191,10.0164],[75.6216,10.0008],[75.6254,9.9781],[75.6274,9.9627],[75.6312,9.9405],[75.6332,9.9259],[75.6367,9.9035],[75.6388,9.8886],[75.642,9.8669],[75.6441,9.8522],[75.6472,9.8296],[75.649,9.8149],[75.6519,9.7924],[75.6537,9.7772],[75.6565,9.7547],[75.6586,9.7398],[75.6611,9.7173],[75.663,9.702],[75.6656,9.6796],[75.6678,9.6645],[75.6705,9.6415],[75.6728,9.6262],[75.6758,9.6039],[75.6775,9.5894],[75.6802,9.5666],[75.6822,9.5515],[75.6849,9.5289],[75.6874,9.5132],[75.6904,9.491],[75.6925,9.4758],[75.6966,9.4532],[75.6996,9.4384],[75.7039,9.4159],[75.7063,9.4014],[75.7109,9.3789],[75.7139,9.3641],[75.7183,9.3414],[75.7208,9.3264],[75.7253,9.3045],[75.7279,9.2896],[75.7321,9.2668],[75.7352,9.252],[75.739,9.2303],[75.7416,9.2156],[75.7454,9.1926],[75.7479,9.1783],[75.7516,9.156],[75.7547,9.141],[75.7588,9.1183],[75.7618,9.1034],[75.7657,9.0808],[75.7689,9.066],[75.7726,9.0441],[75.7752,9.0292],[75.7792,9.0064],[75.782,8.9921],[75.7863,8.969],[75.7887,8.9537],[75.7923,8.9311],[75.7948,8.916],[75.7988,8.8932],[75.8016,8.8784],[75.8055,8.8558],[75.8083,8.8415],[75.8122,8.8186],[75.8151,8.8036],[75.8198,8.7814],[75.8224,8.7664],[75.827,8.7442],[75.8295,8.7297],[75.8332,8.7075],[75.8352,8.6919],[75.8389,8.6696],[75.8415,8.6546],[75.8452,8.633],[75.8473,8.6186],[75.8512,8.5962],[75.8535,8.5812],[75.8575,8.5593],[75.8599,8.5444],[75.8638,8.5216],[75.8663,8.5074],[75.87,8.4854],[75.8724,8.4705],[75.8764,8.448],[75.8791,8.4332],[75.8832,8.4114],[75.886,8.3963],[75.8905,8.3742],[75.8929,8.359],[75.8967,8.3368],[75.8994,8.3213],[75.9031,8.2992],[75.9063,8.2845],[75.9105,8.262],[75.9136,8.2473],[75.9178,8.2248],[75.9204,8.2098],[75.9246,8.1873],[75.9271,8.1722],[75.9314,8.1498],[75.9339,8.1351],[75.9386,8.1126],[75.9419,8.098],[75.9471,8.0753],[75.9503,8.0604],[75.9556,8.0384],[75.9591,8.024],[75.9645,8.0017],[75.9678,7.9866],[75.9738,7.964],[75.9772,7.9497],[75.9826,7.927],[75.9863,7.9127],[75.992,7.8912],[75.9954,7.8765],[76.0009,7.8547],[76.0047,7.8402],[76.0103,7.8181],[76.0139,7.8032],[76.0196,7.7812],[76.0236,7.7665],[76.0293,7.7443],[76.0332,7.73],[76.0397,7.7083],[76.0436,7.6939],[76.0501,7.6722],[76.0543,7.6577],[76.0615,7.6357],[76.0662,7.6212],[76.074,7.6],[76.0789,7.5854],[76.0866,7.564],[76.0913,7.5497],[76.0992,7.5279],[76.1037,7.5134],[76.1108,7.492],[76.116,7.4776],[76.1231,7.4561],[76.1274,7.4419],[76.1337,7.4202],[76.1379,7.4054],[76.1444,7.3844],[76.149,7.3699],[76.1556,7.3482],[76.1605,7.3336],[76.1667,7.3121],[76.1708,7.2975],[76.1778,7.2755],[76.1822,7.261],[76.1885,7.2392],[76.1925,7.225],[76.1988,7.2028],[76.2026,7.1883],[76.2087,7.1668],[76.213,7.1527],[76.22,7.1307],[76.224,7.116],[76.2308,7.0945],[76.2356,7.0794],[76.2428,7.0585],[76.2479,7.044],[76.2551,7.0225],[76.2595,7.008],[76.2667,6.9862],[76.2711,6.9722],[76.2782,6.9502],[76.2827,6.9357],[76.29,6.9145],[76.2949,6.8999],[76.3023,6.8789],[76.3071,6.865],[76.3144,6.8431],[76.319,6.8279],[76.3262,6.8064],[76.3313,6.7922],[76.3388,6.7703],[76.3442,6.7556],[76.3515,6.734],[76.3568,6.7199],[76.3656,6.699],[76.3713,6.6847],[76.3798,6.6637],[76.3852,6.6498],[76.3939,6.6288],[76.3995,6.6152],[76.4081,6.5938],[76.4139,6.5791],[76.4215,6.5582],[76.4264,6.5436],[76.4344,6.5229],[76.4399,6.5086],[76.4486,6.4877],[76.4542,6.4733],[76.4624,6.4523],[76.468,6.4383],[76.4764,6.417],[76.4818,6.4031],[76.4903,6.3813],[76.4959,6.3677],[76.5047,6.3472],[76.5104,6.333],[76.519,6.3117],[76.5246,6.2973],[76.5337,6.2762],[76.5393,6.2621],[76.5476,6.2421],[76.5536,6.228],[76.5614,6.2066],[76.5666,6.1925],[76.5748,6.1709],[76.5801,6.1566],[76.5879,6.1353],[76.5932,6.1207],[76.6004,6.0996],[76.6059,6.085],[76.6136,6.0635],[76.6187,6.0493],[76.6264,6.0281],[76.6312,6.0134],[76.6383,5.9917],[76.6427,5.9773],[76.6492,5.956],[76.6536,5.9417],[76.6607,5.9198],[76.6656,5.9059],[76.6728,5.8836],[76.6778,5.8695],[76.6848,5.8481],[76.6895,5.8328],[76.6965,5.8117],[76.7009,5.7971],[76.7081,5.7755],[76.7129,5.7608],[76.7207,5.7389],[76.7259,5.7248],[76.7339,5.7032],[76.7389,5.6894],[76.7462,5.6677],[76.7511,5.6534],[76.7587,5.6323],[76.7642,5.6178],[76.7724,5.5966],[76.7775,5.5824],[76.7863,5.5613],[76.792,5.5475],[76.7999,5.5257],[76.8049,5.5117],[76.8123,5.4911],[76.8174,5.4767],[76.8247,5.4552],[76.8292,5.4406],[76.8364,5.4187],[76.8404,5.4044],[76.8475,5.3828],[76.8522,5.3684],[76.8593,5.3477],[76.8647,5.3331],[76.8718,5.3115],[76.8768,5.2977],[76.8842,5.276],[76.8885,5.2614],[76.896,5.2399],[76.9008,5.2251],[76.9088,5.2034],[76.9136,5.1895],[76.9211,5.1686],[76.9265,5.1538],[76.9342,5.1326],[76.9395,5.1182],[76.9466,5.0963],[76.9516,5.0817],[76.9588,5.0601],[76.964,5.0455],[76.9718,5.0241],[76.977,5.0096],[76.9847,4.9881],[76.9894,4.9743],[76.9974,4.9529],[77.0026,4.9387],[77.0105,4.9172],[77.0159,4.9029],[77.0242,4.8818],[77.0297,4.8681],[77.0383,4.8465],[77.0436,4.8325],[77.0517,4.8115],[77.0569,4.7974],[77.0655,4.7762],[77.0712,4.7619],[77.0795,4.7409],[77.0851,4.7268]]},"properties":{"mmsi":998830202,"name":"Cargo 0202","role":"candidate","vessel_type":70,"synthetic":true,"t_offset_s":[-233333,-232973,-232733,-232373,-232133,-231773,-231533,-231173,-230933,-230573,-230333,-229973,-229733,-229373,-229133,-228773,-228533,-228173,-227933,-227573,-227333,-226973,-226733,-226373,-226133,-225773,-225533,-225173,-224933,-224573,-224333,-223973,-223733,-223373,-223133,-222773,-222533,-222173,-221933,-221573,-221333,-220973,-220733,-220373,-220133,-219773,-219533,-219173,-218933,-218573,-218333,-217973,-217733,-217373,-217133,-216773,-216533,-216173,-215933,-215573,-215333,-214973,-214733,-214373,-214133,-213773,-213533,-213173,-212933,-212573,-212333,-211973,-211733,-211373,-211133,-210773,-210533,-210173,-209933,-209573,-209333,-208973,-208733,-208373,-208133,-207773,-207533,-207173,-206933,-206573,-206333,-205973,-205733,-205373,-205133,-204773,-204533,-204173,-203933,-203573,-203333,-202973,-202733,-202373,-202133,-201773,-201533,-201173,-200933,-200573,-200333,-199973,-199733,-199373,-199133,-198773,-198533,-198173,-197933,-197573,-197333,-196973,-196733,-196373,-196133,-195773,-195533,-195173,-194933,-194573,-194333,-193973,-193733,-193373,-193133,-192773,-192533,-192173,-191933,-191573,-191333,-190973,-190733,-190373,-190133,-189773,-189533,-189173,-188933,-188573,-188333,-187973,-187733,-187373,-187133,-186773,-186533,-186173,-185933,-185573,-185333,-184973,-184733,-184373,-184133,-183773,-183533,-183173,-182933,-182573,-182333,-181973,-181733,-181373,-181133,-180773,-180533,-180173,-179933,-179573,-179333,-178973,-178733,-178373,-178133,-177773,-177533,-177173,-176933,-176573,-176333,-175973,-175733,-175373,-175133,-174773,-174533,-174173,-173933,-173573,-173333,-172973,-172733,-172373,-172133,-171773,-171533,-171173,-170933,-170573,-170333,-169973,-169733,-169373,-169133,-168773,-168533,-168173,-167933,-167573,-167333,-166973,-166733,-166373,-166133,-165773,-165533,-165173,-164933,-164573,-164333,-163973,-163733,-163373,-163133,-162773,-162533,-162173,-161933,-161573,-161333,-160973,-160733,-160373,-160133,-159773,-159533,-159173,-158933,-158573,-158333,-157973,-157733,-157373,-157133,-156773,-156533,-156173,-155933,-155573,-155333,-154973,-154733,-154373,-154133,-153773,-153533,-153173,-152933,-152573,-152333,-151973,-151733,-151373,-151133,-150773,-150533,-150173,-149933,-149573,-149333,-148973,-148733,-148373,-148133,-147773,-147533,-147173,-146933,-146573,-146333,-145973,-145733,-145373,-145133,-144773,-144533,-144173,-143933,-143573,-143333,-142973,-142733,-142373,-142133,-141773,-141533,-141173,-140933],"sog":[13.1,13.3,13.4,13.8,13.5,14,14.1,13.7,13.8,13.3,13.5,13.6,13.4,14,13.5,13.7,13,13.3,13.7,13.8,13.8,13.4,13.5,13.5,13.7,13.3,13.9,13.4,12.6,13.1,13.9,13.7,13.5,13.4,13.7,13.6,13.8,14,13.8,13.7,13.1,13.3,13.7,13.8,13.4,13.3,14,13.5,13.5,13.5,13.3,13,13.4,13.7,14.1,13.4,13.1,13.4,13.8,13.1,12.9,13.7,13.2,13.5,13.8,13.9,13.2,13.9,13.8,13.1,13.4,13.8,14.1,14,13.5,13.7,13.5,14.2,13.4,13.8,13.1,13.5,13.6,13.1,13.5,13.4,13.3,13.7,14.1,13.9,13.3,13.7,13.1,13.3,13.6,13.2,13.6,13.5,13.1,13.3,13.6,13.8,13.1,12.7,14,13.3,13.8,13.8,13.3,13.5,13.6,13.9,13.5,13.9,13.7,13.7,13.3,13.3,13.4,14,13.9,13.7,13.8,13.7,13.3,13.9,13.8,13.7,13.3,13.8,13.5,12.8,13.8,13.3,13.5,13.8,13.5,13.5,13.3,13.4,13.5,13.2,13.2,13.2,13.3,13.5,13.7,13.9,13.5,13.7,13.3,14.2,13.7,13.6,13.6,13.8,13.4,13.1,14.2,12.6,13.6,13.8,13.6,13.6,13.6,13.4,13.8,13.4,13.3,13.3,13.1,13.2,13.2,13.4,13.9,13.4,13.5,13.7,13,13.7,14,13.5,13.2,13.9,13.7,13.8,13.9,13.1,13.6,13.6,13.9,14.3,13.6,13.3,14,13.9,13.4,13.5,14.1,13.7,13.7,13.4,13.5,13.7,13.8,13.1,13.5,13.7,13.5,13.4,13.9,13.8,13.6,13.6,13.3,13.9,13.4,13.7,13.2,13.3,13.7,13.4,13.3,13.4,13.5,13.4,13.1,13.5,13.8,13.9,13.5,13.3,13.8,14.1,13.8,13.5,13.8,14.3,13.4,13.7,13.7,13.8,13.3,14.2,13.3,13.6,13.8,13.4,13.4,13.8,13.6,14,13.6,13.6,13.1,13.8,13.4,13,13.8,13.6,13.4,13.2,13.8,13.7,13.4,13.2,13.8,13.1,13.9,13.6,13.6,13.2,13.4,13.6,13.6,13.3,13.5,14.1,13.5,13.4,13.6,14.1,13.4,13.2,13.8,13.9,13.7,13.7,13.7,13.7,14.1,13.7,13.5,13.6,13.5,13.6,13.5,13.3,13.7,13.1,13.3,13.7,13.4,13.6,13.8,13.5,13.7,13.6,13.8]}},{"type":"Feature","geometry":{"type":"LineString","coordinates":[[75.8407,8.0423],[75.8379,8.0592],[75.835,8.0762],[75.831,8.1019],[75.8286,8.1191],[75.825,8.1451],[75.8226,8.1622],[75.8183,8.1882],[75.8157,8.2053],[75.8117,8.2302],[75.8089,8.2478],[75.805,8.2725],[75.8023,8.2899],[75.7982,8.3156],[75.7957,8.3324],[75.7917,8.3576],[75.7892,8.3747],[75.7855,8.4005],[75.783,8.4176],[75.7795,8.443],[75.7776,8.4608],[75.7744,8.486],[75.7723,8.5032],[75.7697,8.5292],[75.7679,8.5465],[75.7652,8.5718],[75.7633,8.5888],[75.7605,8.6153],[75.7591,8.6322],[75.7567,8.6573],[75.7551,8.6748],[75.7526,8.7002],[75.7513,8.7179],[75.7486,8.7432],[75.7475,8.7599],[75.7449,8.7865],[75.7434,8.8036],[75.7411,8.8297],[75.7395,8.8466],[75.737,8.8725],[75.7351,8.8895],[75.7327,8.9156],[75.7307,8.9328],[75.7281,8.9586],[75.7263,8.9759],[75.7234,9.0013],[75.7216,9.0189],[75.7191,9.0441],[75.7176,9.0618],[75.7149,9.0876],[75.7131,9.1044],[75.7102,9.1301],[75.7084,9.1468],[75.7061,9.1733],[75.704,9.1908],[75.7015,9.2165],[75.699,9.2339],[75.6957,9.2596],[75.6933,9.2767],[75.6901,9.3026],[75.6873,9.3196],[75.6832,9.3458],[75.6802,9.363],[75.676,9.3881],[75.6732,9.4052],[75.6687,9.4309],[75.6656,9.4478],[75.6615,9.4732],[75.6583,9.4903],[75.6538,9.5155],[75.6505,9.5325],[75.646,9.558],[75.6433,9.5746],[75.6391,9.5999],[75.6362,9.6171],[75.6314,9.6422],[75.6281,9.6594],[75.6235,9.685],[75.6202,9.7023],[75.6156,9.7279],[75.6127,9.7448],[75.6078,9.7701],[75.6046,9.7869],[75.5996,9.8125],[75.5966,9.8296],[75.5924,9.8548],[75.5893,9.8724],[75.5854,9.8982],[75.583,9.9151],[75.5788,9.9408],[75.5763,9.9582],[75.5722,9.9837],[75.5685,10.0008],[75.564,10.0267],[75.5607,10.0437],[75.556,10.0697],[75.5534,10.0863],[75.5482,10.1112],[75.5447,10.1281],[75.5395,10.1533],[75.536,10.1706],[75.5311,10.1956],[75.5275,10.2131],[75.5216,10.2376],[75.5178,10.2547],[75.512,10.2795],[75.5078,10.2966],[75.5017,10.3214],[75.4976,10.3392],[75.4917,10.3641],[75.4879,10.381],[75.4823,10.4062],[75.4792,10.4227],[75.4744,10.4481],[75.4717,10.4656],[75.4673,10.4908],[75.4645,10.5079],[75.4597,10.5336],[75.4567,10.5508],[75.4522,10.5764],[75.4489,10.5936],[75.4445,10.6187],[75.4413,10.6358],[75.4361,10.6614],[75.4325,10.6779],[75.4278,10.7034],[75.4242,10.7201],[75.4195,10.7459],[75.4163,10.763],[75.4112,10.788],[75.4079,10.8047],[75.4028,10.8309],[75.3998,10.8478],[75.3951,10.8731],[75.3925,10.8904],[75.3881,10.9155],[75.3855,10.9324],[75.381,10.9584],[75.3782,10.9756],[75.3744,11.0009],[75.3716,11.0181],[75.3677,11.0431],[75.3651,11.0603],[75.3611,11.0864],[75.3584,11.1039],[75.3542,11.1295],[75.3514,11.1466],[75.3473,11.1721],[75.3448,11.1892],[75.3407,11.2153],[75.3381,11.2327],[75.3343,11.2581],[75.3319,11.2752],[75.3278,11.3006],[75.3255,11.318],[75.3211,11.3432],[75.3186,11.36],[75.3145,11.385],[75.3121,11.4023],[75.3079,11.4283],[75.3058,11.4451],[75.3023,11.4704],[75.2997,11.4876],[75.2964,11.5133],[75.2941,11.5297],[75.2911,11.5551],[75.2896,11.5721],[75.2868,11.5974],[75.2849,11.6151],[75.2823,11.6409],[75.2807,11.6581],[75.2779,11.6833],[75.2759,11.7008],[75.2722,11.7262],[75.2698,11.7432],[75.2662,11.769],[75.2637,11.7862],[75.2596,11.8117],[75.2567,11.8293],[75.2529,11.8549],[75.2504,11.8718],[75.2473,11.8975],[75.245,11.9148],[75.2419,11.9404],[75.2397,11.9574],[75.2362,11.9827],[75.2341,11.9997]]},"properties":{"mmsi":998973332,"name":"Cargo 3332","role":"candidate","vessel_type":70,"synthetic":true,"t_offset_s":[-140244,-140004,-139764,-139404,-139164,-138804,-138564,-138204,-137964,-137604,-137364,-137004,-136764,-136404,-136164,-135804,-135564,-135204,-134964,-134604,-134364,-134004,-133764,-133404,-133164,-132804,-132564,-132204,-131964,-131604,-131364,-131004,-130764,-130404,-130164,-129804,-129564,-129204,-128964,-128604,-128364,-128004,-127764,-127404,-127164,-126804,-126564,-126204,-125964,-125604,-125364,-125004,-124764,-124404,-124164,-123804,-123564,-123204,-122964,-122604,-122364,-122004,-121764,-121404,-121164,-120804,-120564,-120204,-119964,-119604,-119364,-119004,-118764,-118404,-118164,-117804,-117564,-117204,-116964,-116604,-116364,-116004,-115764,-115404,-115164,-114804,-114564,-114204,-113964,-113604,-113364,-113004,-112764,-112404,-112164,-111804,-111564,-111204,-110964,-110604,-110364,-110004,-109764,-109404,-109164,-108804,-108564,-108204,-107964,-107604,-107364,-107004,-106764,-106404,-106164,-105804,-105564,-105204,-104964,-104604,-104364,-104004,-103764,-103404,-103164,-102804,-102564,-102204,-101964,-101604,-101364,-101004,-100764,-100404,-100164,-99804,-99564,-99204,-98964,-98604,-98364,-98004,-97764,-97404,-97164,-96804,-96564,-96204,-95964,-95604,-95364,-95004,-94764,-94404,-94164,-93804,-93564,-93204,-92964,-92604,-92364,-92004,-91764,-91404,-91164,-90804,-90564,-90204,-89964,-89604,-89364,-89004,-88764,-88404,-88164,-87804,-87564,-87204,-86964,-86604,-86364,-86004,-85764,-85404,-85164,-84804,-84564],"sog":[15.7,15.7,15.4,15.5,15.5,15.8,15.6,15.9,15.3,15.4,15.6,15.3,15.1,15.6,15.3,15.2,15.3,15.3,15.2,15.3,16.1,15.5,15.7,15.8,15.6,15.2,14.9,15.7,15.4,15.4,15.5,15.7,15.6,15.7,15.3,15.6,15.1,16,15.1,15.7,15.7,15.7,15.2,15.6,15.3,15.4,15.8,15.3,15.6,15.4,15.2,15.5,15.4,15.8,16,15.1,15.1,15.2,15.8,15.7,15.4,15.7,15.4,15.4,15.7,15.7,15.4,15.2,15.3,15.3,15.9,15.2,15.2,14.9,15.6,15.5,14.7,15.5,15.7,15.4,14.8,15.8,15.4,15.5,15.9,15.3,15.4,15.8,15,16,15.8,15.2,15.8,15.1,15.3,15.8,15.1,15.3,15.4,14.8,15.9,15.3,15.8,15.4,15.7,15.3,15.8,15.2,15.8,15.4,15.2,15.4,15.2,15.7,15.7,15,16,15.7,15.4,15.4,16.3,15.1,15.9,15.5,15.6,15.5,15.1,15.8,15.5,15.2,15,15.8,15.3,15.4,15.3,15,15.4,15.5,15.2,15.8,15.6,15.7,15.4,15.7,15.8,15.8,15.5,15.5,15.7,16.1,16,15.1,15.3,15.6,15.2,15.9,15.2,15.8,15,15.6,15.4,15.6,15.3,15.3,15.3,15.5,15.2,15.2,15.8,16,15.4,15.4,15.3,15.5,15.3,15.8,15.5,15.4,15.9,15.8,15.1,15.8,15.5,15.4,15.1,14.7,15.9]}}],"properties":{"t_image":"2024-02-08T00:49:26Z","step_s":300,"source":"AIS"}}