{"type":"FeatureCollection","features":[{"type":"Feature","geometry":{"type":"LineString","coordinates":[[74.2744,13.1062],[74.2852,13.0963],[74.2962,13.0866],[74.313,13.0717],[74.3241,13.0622],[74.3408,13.0474],[74.3518,13.0378],[74.3685,13.0232],[74.3799,13.0135],[74.3967,12.9996],[74.4077,12.9901],[74.425,12.9757],[74.4365,12.9658],[74.453,12.9513],[74.464,12.9418],[74.481,12.9275],[74.4919,12.9183],[74.5092,12.9041],[74.5202,12.895],[74.5364,12.8801],[74.5479,12.8705],[74.5641,12.8556],[74.5748,12.8459],[74.5914,12.8312],[74.6028,12.8213],[74.6194,12.8071],[74.6306,12.7976],[74.6473,12.7826],[74.6584,12.7734],[74.6748,12.7584],[74.6856,12.7483],[74.7021,12.7335],[74.7134,12.7239],[74.7299,12.709],[74.7412,12.6992],[74.7575,12.6852],[74.7683,12.6758],[74.785,12.6613],[74.7962,12.6515],[74.8133,12.6369],[74.8236,12.6273],[74.8402,12.6127],[74.851,12.603],[74.8672,12.5883],[74.8785,12.5779],[74.895,12.5631],[74.9056,12.5532],[74.9213,12.5387],[74.9318,12.5287],[74.9482,12.5138],[74.9593,12.5038],[74.9757,12.4889],[74.987,12.4795]]},"properties":{"mmsi":991062340,"name":"SYN-TAN-00","role":"background","vessel_type":80,"synthetic":true,"t_offset_s":[24350,24590,24830,25190,25430,25790,26030,26390,26630,26990,27230,27590,27830,28190,28430,28790,29030,29390,29630,29990,30230,30590,30830,31190,31430,31790,32030,32390,32630,32990,33230,33590,33830,34190,34430,34790,35030,35390,35630,35990,36230,36590,36830,37190,37430,37790,38030,38390,38630,38990,39230,39590,39830],"sog":[12.7,12.9,13.1,12.7,13.3,13.0,12.7,12.9,13.3,12.7,12.8,13.4,13.4,12.8,12.7,13.1,12.3,13.4,12.5,13.0,12.9,13.2,13.0,13.0,13.2,12.4,13.0,12.9,13.0,12.9,13.2,13.3,13.0,13.1,13.2,12.7,12.6,13.1,12.8,13.4,12.4,13.1,12.9,12.8,13.6,13.1,13.1,12.4,12.7,12.6,13.0,12.9,12.6]}},{"type":"Feature","geometry":{"type":"LineString","coordinates":[[73.4746,13.8657],[73.4857,13.8558],[73.5023,13.8405],[73.5129,13.8298],[73.5298,13.8143],[73.5404,13.8046],[73.5569,13.7892],[73.5683,13.7797],[73.5849,13.7649],[73.5964,13.755],[73.6133,13.7401],[73.6244,13.7302],[73.6421,13.716],[73.6534,13.7066],[73.6698,13.6921],[73.6809,13.6819],[73.6977,13.6663],[73.7092,13.6565],[73.7261,13.6415],[73.7377,13.6316],[73.7536,13.6162],[73.7642,13.6057],[73.7807,13.5906],[73.7918,13.5803],[73.8086,13.5649],[73.8193,13.5549],[73.8362,13.54],[73.8473,13.5298],[73.8642,13.515],[73.8752,13.505],[73.8922,13.4903],[73.9034,13.48],[73.9196,13.4653],[73.9307,13.4552],[73.9469,13.44],[73.9576,13.4301],[73.9734,13.4146],[73.9846,13.4046],[74.0006,13.3889],[74.0106,13.3787],[74.0274,13.3637],[74.0382,13.3533],[74.0548,13.3381],[74.0655,13.3283],[74.0821,13.3133],[74.0933,13.3026],[74.1099,13.2878],[74.1209,13.2775],[74.1377,13.2624],[74.1486,13.2523],[74.1658,13.2366],[74.1768,13.2268],[74.1933,13.2118],[74.2042,13.2017],[74.2204,13.1864],[74.2313,13.1763],[74.2474,13.1608],[74.2583,13.1502],[74.2741,13.1337],[74.2851,13.1226],[74.3002,13.1065],[74.3111,13.0955],[74.3267,13.0794],[74.337,13.0687],[74.3522,13.0527],[74.3628,13.0424],[74.3785,13.0263],[74.3887,13.0151],[74.4043,12.9992],[74.4149,12.9878],[74.4305,12.9718],[74.4413,12.9612],[74.4572,12.9454],[74.4676,12.9352],[74.4832,12.9194],[74.4936,12.9082],[74.5093,12.8911],[74.5192,12.8805],[74.5349,12.8637],[74.5451,12.8528],[74.56,12.8358],[74.5697,12.8245],[74.5846,12.8077],[74.5944,12.796],[74.6087,12.7789],[74.6182,12.7675],[74.6333,12.7505],[74.6435,12.7389],[74.658,12.7226],[74.6683,12.7114],[74.6835,12.6947],[74.6932,12.6841],[74.708,12.6675],[74.7183,12.6567],[74.734,12.6407],[74.7449,12.6303],[74.761,12.6152],[74.7717,12.6042],[74.7872,12.5883],[74.7974,12.5776],[74.8132,12.5613],[74.8231,12.5504],[74.8384,12.5336],[74.8486,12.5228],[74.8639,12.5066],[74.8739,12.4957],[74.8893,12.4795],[74.8994,12.4685],[74.9147,12.4526],[74.9252,12.4417],[74.9408,12.4253],[74.9511,12.4148],[74.9668,12.399],[74.9776,12.3886],[74.9937,12.3727],[75.0045,12.3624],[75.0207,12.3466],[75.0321,12.3355],[75.0481,12.3197],[75.0589,12.3087],[75.0751,12.2929],[75.0853,12.2824]]},"properties":{"mmsi":991100726,"name":"SYN-TAN-06","role":"background","vessel_type":80,"synthetic":true,"t_offset_s":[8394,8634,8994,9234,9594,9834,10194,10434,10794,11034,11394,11634,11994,12234,12594,12834,13194,13434,13794,14034,14394,14634,14994,15234,15594,15834,16194,16434,16794,17034,17394,17634,17994,18234,18594,18834,19194,19434,19794,20034,20394,20634,20994,21234,21594,21834,22194,22434,22794,23034,23394,23634,23994,24234,24594,24834,25194,25434,25794,26034,26394,26634,26994,27234,27594,27834,28194,28434,28794,29034,29394,29634,29994,30234,30594,30834,31194,31434,31794,32034,32394,32634,32994,33234,33594,33834,34194,34434,34794,35034,35394,35634,35994,36234,36594,36834,37194,37434,37794,38034,38394,38634,38994,39234,39594,39834,40194,40434,40794,41034,41394,41634,41994,42234,42594,42834,43194,43434,43794,44034,44394,44634],"sog":[13.0,13.0,13.3,13.4,13.5,12.7,13.4,13.0,13.6,13.2,13.3,13.0,13.2,13.2,12.8,13.3,13.6,13.6,13.3,12.9,13.0,13.2,13.1,13.4,13.5,12.9,13.4,12.8,13.5,13.4,13.0,13.3,12.9,13.2,13.4,12.4,13.1,13.0,13.0,12.9,13.2,13.3,13.2,13.1,12.9,13.6,13.2,13.2,13.2,12.8,13.9,13.5,13.6,13.4,12.9,13.2,13.7,13.2,14.0,13.7,12.8,13.9,13.0,13.5,12.7,12.9,13.1,13.1,13.1,13.4,12.8,13.0,13.5,13.1,12.7,13.4,13.5,13.5,13.7,13.1,13.3,13.2,13.0,12.7,13.0,13.3,13.1,13.6,12.8,13.3,12.6,12.8,13.3,13.5,13.0,12.8,13.6,13.1,13.4,12.6,13.2,13.0,13.5,12.7,13.2,13.3,13.2,12.9,12.7,13.1,13.5,12.8,13.1,13.2,13.3,13.2,12.9,13.4,13.3,13.4,13.0,13.2]}},{"type":"Feature","geometry":{"type":"LineString","coordinates":[[71.3829,16.2507],[71.3929,16.2273],[71.3995,16.2111],[71.4098,16.187],[71.4162,16.1717],[71.426,16.1476],[71.4325,16.1316],[71.4424,16.107],[71.4486,16.0912],[71.458,16.0668],[71.4641,16.0508],[71.4733,16.0269],[71.4794,16.0106],[71.4893,15.9863],[71.4955,15.9701],[71.5053,15.9455],[71.5118,15.929],[71.5213,15.9047],[71.5277,15.8885],[71.5374,15.8648],[71.5445,15.8487],[71.5544,15.8246],[71.5612,15.8088],[71.571,15.7844],[71.5777,15.7692],[71.5874,15.7455],[71.5945,15.73],[71.606,15.7067],[71.6137,15.691],[71.6247,15.6675],[71.6323,15.6518],[71.6433,15.6285],[71.651,15.6127],[71.6627,15.5889],[71.6705,15.5741],[71.6824,15.5513],[71.6901,15.5359],[71.702,15.5128],[71.7099,15.4975],[71.7217,15.4746],[71.7298,15.4591],[71.7414,15.4361],[71.7495,15.4207],[71.7616,15.398],[71.7695,15.3826],[71.7816,15.3592],[71.7896,15.3437],[71.8015,15.3209],[71.8092,15.3056],[71.8219,15.2824],[71.8299,15.2669],[71.8424,15.2439],[71.8509,15.2286],[71.8633,15.206],[71.8722,15.1905],[71.8845,15.1677],[71.8923,15.1529],[71.9047,15.1303],[71.9132,15.1149],[71.9256,15.0926],[71.9348,15.0774],[71.9477,15.0546],[71.9565,15.0397],[71.9697,15.017],[71.9779,15.0024],[71.9911,14.9795],[71.9995,14.9646],[72.0126,14.9422],[72.0214,14.9273],[72.0343,14.9048],[72.0431,14.89],[72.0568,14.8672],[72.065,14.8526],[72.0788,14.83],[72.0873,14.8146],[72.1006,14.7927],[72.1095,14.7774],[72.1222,14.7552],[72.1309,14.7399],[72.1432,14.7176],[72.1516,14.7022],[72.1635,14.6788],[72.1715,14.6635],[72.1836,14.6402],[72.191,14.6255],[72.2029,14.6024],[72.2102,14.5868],[72.2218,14.5632],[72.229,14.5479],[72.2399,14.5245],[72.2472,14.5086],[72.2587,14.4849],[72.2658,14.4692],[72.2769,14.4461],[72.2841,14.4302],[72.2961,14.407],[72.303,14.3917],[72.3147,14.3684],[72.3221,14.3529],[72.3337,14.3296],[72.3417,14.3137],[72.3534,14.2912],[72.3608,14.2761],[72.3716,14.2526],[72.3792,14.237],[72.3902,14.2134],[72.3972,14.1975],[72.4085,14.1742],[72.4163,14.1589],[72.4275,14.1357],[72.4351,14.1203],[72.4466,14.0971],[72.4544,14.0819],[72.4649,14.0586],[72.4725,14.0429],[72.4836,14.0198],[72.4908,14.0039],[72.5016,13.9799],[72.5086,13.9647],[72.5196,13.9406],[72.5268,13.9245],[72.5379,13.9015],[72.5459,13.8861],[72.5572,13.863],[72.5653,13.8473],[72.5773,13.8239],[72.5855,13.8088],[72.598,13.7864],[72.6062,13.7715],[72.6191,13.7494],[72.6283,13.7337],[72.6415,13.7109],[72.6505,13.6958],[72.663,13.6734],[72.6714,13.6586],[72.6845,13.6356],[72.6934,13.6203],[72.707,13.5985],[72.7162,13.5836],[72.7297,13.5616],[72.7388,13.5468],[72.7523,13.5244],[72.7612,13.5098],[72.7758,13.4882],[72.7853,13.4734],[73.0944,13.024],[73.1048,13.0104],[73.1204,12.9896],[73.131,12.9765],[73.1462,12.9562],[73.1566,12.9417],[73.1718,12.9208],[73.1824,12.9067],[73.1972,12.8851],[73.207,12.8711],[73.222,12.85],[73.2319,12.836],[73.2469,12.8146],[73.2567,12.8001],[73.2711,12.7787],[73.2812,12.7645],[73.2958,12.7427],[73.3055,12.7279],[73.3194,12.7067],[73.3295,12.6916],[73.3429,12.6697],[73.3521,12.6552],[73.3666,12.6338],[73.3763,12.6192],[73.391,12.5977],[73.4004,12.5827],[73.4148,12.5605],[73.4243,12.5463],[73.4386,12.5244],[73.4478,12.5102],[73.462,12.4879],[73.4717,12.4736],[73.4863,12.4522],[73.4967,12.4382],[73.5123,12.417],[73.5228,12.4026],[73.5378,12.3821],[73.5483,12.3685],[73.5637,12.3471],[73.5732,12.3332],[73.5886,12.3116],[73.5987,12.2973],[73.6145,12.2762],[73.6246,12.2624],[73.6403,12.2414],[73.6507,12.2272],[73.6661,12.2067],[73.6767,12.1928],[73.6923,12.1722],[73.7029,12.1582],[73.719,12.1372],[73.7294,12.1231],[73.7444,12.1023],[73.7546,12.0875],[73.7692,12.0665],[73.7796,12.0518],[73.7942,12.0311],[73.804,12.0167],[73.8194,11.9952],[73.8294,11.981],[73.8446,11.9592],[73.8544,11.9449],[73.8692,11.9237],[73.879,11.9104],[73.8947,11.8889],[73.905,11.8751],[73.9201,11.8553],[73.9306,11.8409],[73.9461,11.8199],[73.9562,11.8063],[73.9722,11.7856],[73.9827,11.7724],[73.9987,11.7527],[74.0091,11.7387],[74.0246,11.7182],[74.0351,11.7037],[74.0507,11.6828],[74.0613,11.6696],[74.0775,11.6486],[74.0886,11.6355],[74.1051,11.6154],[74.1165,11.602],[74.1328,11.5821],[74.1441,11.5683],[74.1611,11.5483],[74.1721,11.5352],[74.1883,11.515],[74.1995,11.5009],[74.2148,11.481],[74.2257,11.4671],[74.2416,11.4465],[74.2524,11.4329],[74.2688,11.4127],[74.2793,11.3996],[74.2959,11.3794],[74.307,11.3661],[74.3238,11.3464],[74.3351,11.3329],[74.3522,11.3128],[74.364,11.2992],[74.3809,11.2795],[74.3916,11.2668],[74.4094,11.2466],[74.4212,11.2331],[74.4386,11.2134],[74.45,11.2007],[74.4675,11.1811],[74.4791,11.1676],[74.4962,11.1477],[74.507,11.1342],[74.5238,11.1146],[74.535,11.1013],[74.5528,11.0813],[74.5645,11.0683],[74.5817,11.0489],[74.593,11.0362],[74.6109,11.0166],[74.623,11.0043],[74.6409,10.9853],[74.6533,10.9721],[74.6712,10.9522],[74.6825,10.9396],[74.7005,10.9201],[74.7123,10.9073],[74.7295,10.8887],[74.7416,10.8759],[74.7591,10.8567],[74.7707,10.8436],[74.7888,10.825],[74.8004,10.8124],[74.8184,10.7933],[74.8307,10.7801],[74.8488,10.7608],[74.8605,10.7482],[74.8788,10.7287],[74.8904,10.7161],[74.9085,10.6967],[74.9203,10.6842],[74.9374,10.6652],[74.949,10.6521],[74.9659,10.6333],[74.9772,10.6193],[74.9947,10.5993],[75.0059,10.5861],[75.023,10.5665],[75.0344,10.5531]]},"properties":{"mmsi":991306734,"name":"SYN-CAR-14","role":"candidate","vessel_type":70,"synthetic":true,"t_offset_s":[-78677,-78317,-78077,-77717,-77477,-77117,-76877,-76517,-76277,-75917,-75677,-75317,-75077,-74717,-74477,-74117,-73877,-73517,-73277,-72917,-72677,-72317,-72077,-71717,-71477,-71117,-70877,-70517,-70277,-69917,-69677,-69317,-69077,-68717,-68477,-68117,-67877,-67517,-67277,-66917,-66677,-66317,-66077,-65717,-65477,-65117,-64877,-64517,-64277,-63917,-63677,-63317,-63077,-62717,-62477,-62117,-61877,-61517,-61277,-60917,-60677,-60317,-60077,-59717,-59477,-59117,-58877,-58517,-58277,-57917,-57677,-57317,-57077,-56717,-56477,-56117,-55877,-55517,-55277,-54917,-54677,-54317,-54077,-53717,-53477,-53117,-52877,-52517,-52277,-51917,-51677,-51317,-51077,-50717,-50477,-50117,-49877,-49517,-49277,-48917,-48677,-48317,-48077,-47717,-47477,-47117,-46877,-46517,-46277,-45917,-45677,-45317,-45077,-44717,-44477,-44117,-43877,-43517,-43277,-42917,-42677,-42317,-42077,-41717,-41477,-41117,-40877,-40517,-40277,-39917,-39677,-39317,-39077,-38717,-38477,-38117,-37877,-37517,-37277,-36917,-36677,-36317,-36077,-35717,-35477,-27917,-27677,-27317,-27077,-26717,-26477,-26117,-25877,-25517,-25277,-24917,-24677,-24317,-24077,-23717,-23477,-23117,-22877,-22517,-22277,-21917,-21677,-21317,-21077,-20717,-20477,-20117,-19877,-19517,-19277,-18917,-18677,-18317,-18077,-17717,-17477,-17117,-16877,-16517,-16277,-15917,-15677,-15317,-15077,-14717,-14477,-14117,-13877,-13517,-13277,-12917,-12677,-12317,-12077,-11717,-11477,-11117,-10877,-10517,-10277,-9917,-9677,-9317,-9077,-8717,-8477,-8117,-7877,-7517,-7277,-6917,-6677,-6317,-6077,-5717,-5477,-5117,-4877,-4517,-4277,-3917,-3677,-3317,-3077,-2717,-2477,-2117,-1877,-1517,-1277,-917,-677,-317,-77,283,523,883,1123,1483,1723,2083,2323,2683,2923,3283,3523,3883,4123,4483,4723,5083,5323,5683,5923,6283,6523,6883,7123,7483,7723,8083,8323,8683,8923,9283,9523,9883,10123,10483,10723,11083,11323,11683,11923,12283,12523,12883,13123,13483,13723,14083,14323,14683,14923,15283,15523],"sog":[14.8,15.0,15.4,15.8,15.2,15.4,15.6,15.6,15.6,15.4,15.2,15.3,15.7,15.2,15.4,15.8,15.3,15.7,15.1,14.9,15.4,15.6,15.3,15.7,15.0,14.8,15.6,15.3,15.7,15.2,15.5,15.2,15.4,15.9,15.7,15.4,15.3,15.1,15.5,15.3,15.8,15.0,15.2,15.4,15.8,15.6,15.5,15.8,15.3,15.3,15.5,15.6,15.2,15.5,15.3,15.3,14.9,15.2,15.3,16.1,15.8,15.6,15.2,15.3,15.0,15.4,15.4,15.0,15.4,15.2,16.0,15.5,14.9,15.1,15.6,15.3,16.0,15.5,15.5,15.3,15.7,15.7,15.4,15.3,15.4,15.3,15.3,15.3,15.1,15.8,15.7,15.3,15.6,15.2,15.6,15.3,14.7,15.6,15.5,15.4,15.4,15.3,15.3,15.0,15.3,15.8,15.5,15.6,15.3,15.0,15.5,15.3,15.0,15.1,15.6,15.5,15.4,15.7,15.3,15.8,15.1,15.3,15.4,15.4,15.8,15.3,15.7,14.9,15.4,15.2,15.5,15.9,15.4,15.0,15.1,15.6,15.4,15.2,15.4,15.3,15.5,15.4,15.0,15.3,15.4,15.4,15.4,15.1,14.7,15.2,15.8,15.2,15.7,15.3,15.3,15.1,15.4,15.4,15.4,15.5,15.4,15.5,15.4,15.6,16.0,15.7,15.5,15.4,16.0,15.5,15.7,15.7,14.7,15.6,15.3,15.6,15.5,15.5,15.3,16.1,15.5,15.4,15.4,15.4,14.8,15.3,15.5,15.8,15.0,15.7,15.9,14.8,15.7,15.3,15.6,15.8,15.5,15.3,15.0,15.2,15.3,15.3,15.2,15.5,15.8,15.3,15.7,15.0,14.7,15.5,15.2,15.1,15.0,15.8,15.2,15.5,15.3,15.2,15.5,15.4,15.5,15.4,15.3,15.7,15.6,15.1,15.4,15.1,15.2,15.4,15.2,15.3,15.4,14.7,15.3,15.2,15.3,15.3,15.1,15.2,15.4,15.3,15.6,15.6,15.8,14.8,15.2,15.3,15.6,15.9,15.3,15.5,15.6,15.3,15.3,15.1,15.8,15.3,15.6,15.5,15.1,15.5,15.1,15.2,15.8,15.7,14.9,15.7,15.7,14.9,15.5,15.0,15.7,15.1,15.2,15.5,16.0,15.6,15.5,15.6,15.4,15.4,15.1,15.1,15.7,15.3,15.7,15.8,15.2,15.6,15.4]}},{"type":"Feature","geometry":{"type":"LineString","coordinates":[[73.0948,15.9109],[73.103,15.9113],[73.1256,15.9129],[73.1418,15.9141],[73.1656,15.9157],[73.1812,15.9171],[73.2045,15.9192],[73.2197,15.9207],[73.2441,15.9235],[73.2596,15.9254],[73.2831,15.9281],[73.2983,15.9298],[73.3218,15.9332],[73.3369,15.9355],[73.3601,15.9388],[73.3761,15.9407],[73.3997,15.944],[73.4152,15.9463],[73.4383,15.949],[73.4541,15.9516],[73.4777,15.955],[73.4931,15.9567]]},"properties":{"mmsi":991317422,"name":"SYN-CAR-22","role":"candidate","vessel_type":70,"synthetic":true,"t_offset_s":[-50870,-50750,-50390,-50150,-49790,-49550,-49190,-48950,-48590,-48350,-47990,-47750,-47390,-47150,-46790,-46550,-46190,-45950,-45590,-45350,-44990,-44750],"sog":[14.1,13.7,13.1,14.1,13.8,14.0,13.7,13.8,14.2,14.1,13.5,13.2,13.8,12.9,13.6,14.1,13.5,13.3,13.0,14.2,13.6,13.6]}},{"type":"Feature","geometry":{"type":"LineString","coordinates":[[72.7152,14.5362],[72.7093,14.5418],[72.6927,14.5574],[72.682,14.568],[72.6653,14.5847],[72.6542,14.5956],[72.6379,14.6115],[72.6272,14.6223],[72.6108,14.6381],[72.5998,14.6488],[72.5839,14.6656],[72.5735,14.6764],[72.5575,14.6927],[72.5462,14.7035],[72.5305,14.7197],[72.5197,14.7303],[72.5046,14.7462],[72.4936,14.7569],[72.4772,14.7728],[72.4662,14.7835],[72.4505,14.7987],[72.4393,14.8097],[72.4235,14.8261],[72.4125,14.8371],[72.3971,14.8529],[72.3862,14.864],[72.3699,14.8802],[72.3595,14.8911],[72.3433,14.9078],[72.3333,14.9188],[72.3177,14.9351],[72.3075,14.9461],[72.2924,14.9627],[72.2817,14.9739],[72.2667,14.9907],[72.2561,15.0024],[72.241,15.0191],[72.2311,15.0304],[72.2159,15.0474],[72.2055,15.0588],[72.1908,15.0756],[72.1805,15.0867],[72.1651,15.1035],[72.1551,15.115],[72.1402,15.1321],[72.1296,15.1432],[72.1149,15.1606],[72.105,15.172],[72.0904,15.1893],[72.0807,15.2008],[72.0662,15.2182],[72.0563,15.2298],[72.0422,15.2472],[72.0325,15.2589],[72.018,15.2763],[72.0083,15.2887],[71.9937,15.3059],[71.9843,15.3175],[71.97,15.3351],[71.9601,15.347],[71.9455,15.3644],[71.936,15.3762],[71.9212,15.3935],[71.9118,15.4053],[71.8972,15.4224],[71.8874,15.4343],[71.8727,15.4519],[71.8625,15.4633],[71.8474,15.4799],[71.8371,15.4918],[71.8221,15.5087],[71.8114,15.52],[71.7962,15.5364],[71.786,15.5477],[71.7703,15.5646],[71.7599,15.5757],[71.7444,15.5918],[71.7339,15.6028],[71.7179,15.619],[71.7074,15.6299],[71.6923,15.6459],[71.6818,15.6571],[71.6665,15.6737],[71.6566,15.6849],[71.6409,15.7019],[71.6305,15.7128],[71.6149,15.7298],[71.6038,15.7406],[71.5879,15.7572],[71.5772,15.7681],[71.5612,15.7847],[71.5511,15.7952],[71.535,15.8114],[71.5248,15.8222],[71.5082,15.8386],[71.4977,15.8494],[71.4811,15.8658],[71.4706,15.8758],[71.4545,15.892],[71.4434,15.9027],[71.4273,15.9184],[71.4165,15.9288],[71.3998,15.944],[71.3893,15.9538],[71.3724,15.9694],[71.3616,15.9801],[71.3455,15.995],[71.3341,16.0059],[71.3174,16.0214],[71.3059,16.0325],[71.2896,16.0481],[71.2789,16.0586],[71.2633,16.0743],[71.2533,16.0856],[71.2375,16.1024],[71.2269,16.114],[71.2116,16.1304],[71.2013,16.1416],[71.1857,16.1579],[71.1756,16.1689],[71.1594,16.1856],[71.1491,16.1967],[71.1334,16.2131],[71.1233,16.2248],[71.1078,16.2416],[71.0977,16.2527],[71.0825,16.269],[71.0718,16.2802],[71.0563,16.2969],[71.046,16.3081],[71.0313,16.3247],[71.021,16.3358],[71.006,16.3525],[70.9956,16.364],[70.9799,16.3807],[70.9699,16.3917],[70.9539,16.4083],[70.9442,16.4192],[70.9289,16.4361],[70.9184,16.448],[70.9036,16.4648],[70.8939,16.476],[70.8787,16.4928],[70.8684,16.5042],[70.8534,16.5213],[70.8433,16.5335],[70.8287,16.5501],[70.8187,16.562],[70.8034,16.5796],[70.794,16.5912],[70.7799,16.6079],[70.7704,16.6191],[70.7564,16.6369],[70.7466,16.649],[70.7328,16.6673],[70.7236,16.6798],[70.7109,16.6982],[70.7023,16.7104],[70.689,16.7288],[70.68,16.7414],[70.6665,16.7594],[70.6577,16.7718],[70.6441,16.7902],[70.6351,16.8024],[70.6217,16.8205],[70.6127,16.8326],[70.5998,16.8513],[70.5908,16.8636],[70.5779,16.8814],[70.5688,16.8931],[70.5553,16.9114],[70.546,16.9236],[70.5326,16.9421],[70.5235,16.954],[70.5102,16.9724],[70.5011,16.9846],[70.4881,17.0033],[70.4795,17.0161],[70.4672,17.0343],[70.4585,17.0469],[70.4458,17.0659],[70.4373,17.0788],[70.425,17.0971],[70.4162,17.1098],[70.4036,17.1292],[70.3948,17.1414],[70.3816,17.16],[70.3726,17.1723],[70.3598,17.1903],[70.3506,17.2025],[70.3363,17.2208],[70.3277,17.2326],[70.3131,17.2505],[70.3034,17.2625],[70.2893,17.2803],[70.2801,17.2922],[70.2662,17.3099],[70.2568,17.3221],[70.243,17.3404],[70.2342,17.3527],[70.2207,17.3712],[70.2116,17.3833],[70.1978,17.4019],[70.1892,17.4138],[70.1765,17.4324],[70.1675,17.445],[70.1547,17.4635],[70.1463,17.4761],[70.1337,17.4953],[70.1252,17.5078],[70.1123,17.5264],[70.1037,17.5387],[70.0911,17.5576],[70.0826,17.5702],[70.0699,17.5886],[70.0614,17.6008],[70.0483,17.6194],[70.0401,17.6319],[70.0272,17.6502],[70.0187,17.6626],[70.0049,17.6809],[69.9965,17.6935],[69.9823,17.7119],[69.9735,17.7239],[69.9602,17.7416],[69.9516,17.7534],[69.9377,17.7721],[69.9288,17.7839],[69.9151,17.8023],[69.9058,17.8146],[69.892,17.832],[69.8825,17.8434],[69.8687,17.8617],[69.8591,17.8737],[69.8448,17.8915],[69.8356,17.9036],[69.8217,17.9215],[69.8126,17.9337],[69.7983,17.9515],[69.789,17.9634],[69.7754,17.9809],[69.7661,17.9924],[69.7521,18.0112],[69.743,18.0234],[69.729,18.0415],[69.72,18.0533],[69.7071,18.0716],[69.6979,18.0836],[69.6842,18.1022],[69.6759,18.1144],[69.6624,18.1323],[69.6529,18.1446],[69.6394,18.1633],[69.6302,18.1752],[69.617,18.1937],[69.6082,18.2058],[69.595,18.2248],[69.5865,18.237],[69.5742,18.2557],[69.5659,18.2682],[69.5535,18.2871],[69.5446,18.2998],[69.532,18.3184],[69.5233,18.3311],[69.5113,18.3498],[69.5029,18.3621],[69.4906,18.381],[69.4825,18.3935],[69.4698,18.4119],[69.4615,18.4246],[69.4492,18.4433],[69.4403,18.4559],[69.4279,18.4747],[69.4196,18.487],[69.407,18.5057],[69.3988,18.5176],[69.3857,18.5362],[69.3771,18.5482],[69.3636,18.5674],[69.3547,18.5795],[69.3408,18.5968],[69.332,18.6093],[69.3182,18.6277],[69.3091,18.6395],[69.2953,18.658],[69.2868,18.6701],[69.273,18.6888],[69.2641,18.701],[69.251,18.7195],[69.2416,18.7319],[69.2287,18.7499],[69.2196,18.7626],[69.2064,18.7809],[69.1979,18.7933],[69.1849,18.8122],[69.176,18.8252],[69.1634,18.8437],[69.1552,18.8566],[69.1416,18.8755],[69.1332,18.8875],[69.1197,18.9063],[69.1112,18.9185],[69.0979,18.9372],[69.0898,18.9491],[69.0761,18.9679],[69.0676,18.9801],[69.0544,18.9989],[69.0454,19.0118],[69.0322,19.0305],[69.023,19.0426],[69.0097,19.0611],[69.001,19.0737],[68.9878,19.0919],[68.9788,19.104],[68.9657,19.1219],[68.9566,19.1343],[68.9439,19.1527],[68.9354,19.1648],[68.9222,19.1843],[68.9137,19.1965],[68.9007,19.2142],[68.8915,19.2263],[68.8789,19.2441],[68.8699,19.2564],[68.857,19.2748],[68.848,19.2867],[68.8344,19.3051],[68.8257,19.3176],[68.8122,19.3358],[68.8034,19.3491],[68.7902,19.3673],[68.7816,19.3795],[68.7682,19.3978],[68.7596,19.4105],[68.7466,19.4289],[68.7381,19.4411],[68.725,19.4607],[68.7165,19.4729],[68.7035,19.4917],[68.6951,19.5037],[68.682,19.5224],[68.6733,19.5349],[68.66,19.5534],[68.6515,19.5661],[68.6391,19.5843],[68.6306,19.597],[68.6181,19.6159],[68.6096,19.6283],[68.5972,19.6472]]},"properties":{"mmsi":991378931,"name":"SYN-CAR-21","role":"candidate","vessel_type":70,"synthetic":true,"t_offset_s":[-243441,-243321,-242961,-242721,-242361,-242121,-241761,-241521,-241161,-240921,-240561,-240321,-239961,-239721,-239361,-239121,-238761,-238521,-238161,-237921,-237561,-237321,-236961,-236721,-236361,-236121,-235761,-235521,-235161,-234921,-234561,-234321,-233961,-233721,-233361,-233121,-232761,-232521,-232161,-231921,-231561,-231321,-230961,-230721,-230361,-230121,-229761,-229521,-229161,-228921,-228561,-228321,-227961,-227721,-227361,-227121,-226761,-226521,-226161,-225921,-225561,-225321,-224961,-224721,-224361,-224121,-223761,-223521,-223161,-222921,-222561,-222321,-221961,-221721,-221361,-221121,-220761,-220521,-220161,-219921,-219561,-219321,-218961,-218721,-218361,-218121,-217761,-217521,-217161,-216921,-216561,-216321,-215961,-215721,-215361,-215121,-214761,-214521,-214161,-213921,-213561,-213321,-212961,-212721,-212361,-212121,-211761,-211521,-211161,-210921,-210561,-210321,-209961,-209721,-209361,-209121,-208761,-208521,-208161,-207921,-207561,-207321,-206961,-206721,-206361,-206121,-205761,-205521,-205161,-204921,-204561,-204321,-203961,-203721,-203361,-203121,-202761,-202521,-202161,-201921,-201561,-201321,-200961,-200721,-200361,-200121,-199761,-199521,-199161,-198921,-198561,-198321,-197961,-197721,-197361,-197121,-196761,-196521,-196161,-195921,-195561,-195321,-194961,-194721,-194361,-194121,-193761,-193521,-193161,-192921,-192561,-192321,-191961,-191721,-191361,-191121,-190761,-190521,-190161,-189921,-189561,-189321,-188961,-188721,-188361,-188121,-187761,-187521,-187161,-186921,-186561,-186321,-185961,-185721,-185361,-185121,-184761,-184521,-184161,-183921,-183561,-183321,-182961,-182721,-182361,-182121,-181761,-181521,-181161,-180921,-180561,-180321,-179961,-179721,-179361,-179121,-178761,-178521,-178161,-177921,-177561,-177321,-176961,-176721,-176361,-176121,-175761,-175521,-175161,-174921,-174561,-174321,-173961,-173721,-173361,-173121,-172761,-172521,-172161,-171921,-171561,-171321,-170961,-170721,-170361,-170121,-169761,-169521,-169161,-168921,-168561,-168321,-167961,-167721,-167361,-167121,-166761,-166521,-166161,-165921,-165561,-165321,-164961,-164721,-164361,-164121,-163761,-163521,-163161,-162921,-162561,-162321,-161961,-161721,-161361,-161121,-160761,-160521,-160161,-159921,-159561,-159321,-158961,-158721,-158361,-158121,-157761,-157521,-157161,-156921,-156561,-156321,-155961,-155721,-155361,-155121,-154761,-154521,-154161,-153921,-153561,-153321,-152961,-152721,-152361,-152121,-151761,-151521,-151161,-150921,-150561,-150321,-149961,-149721,-149361,-149121,-148761,-148521,-148161,-147921,-147561,-147321,-146961,-146721,-146361,-146121,-145761,-145521,-145161,-144921,-144561,-144321,-143961,-143721,-143361,-143121,-142761,-142521,-142161,-141921,-141561,-141321,-140961,-140721,-140361,-140121,-139761,-139521,-139161],"sog":[13.7,14.0,13.7,13.1,13.7,13.6,13.4,13.7,13.6,13.4,13.9,12.8,13.4,13.5,13.2,13.6,13.0,13.3,13.4,13.3,12.9,13.6,13.3,13.5,13.2,13.1,13.3,13.2,13.3,13.1,13.2,13.3,13.0,14.0,14.0,13.8,13.0,13.0,13.5,13.6,13.4,13.1,13.9,13.7,13.1,13.3,13.3,13.4,13.1,13.6,13.2,13.6,13.2,13.2,13.4,13.5,13.5,13.6,13.5,13.4,13.7,13.6,13.6,13.5,13.8,13.7,13.3,13.6,13.7,13.8,13.3,13.1,13.4,13.2,13.3,13.6,13.6,13.6,13.0,13.1,12.9,13.2,13.9,13.0,13.3,13.7,14.1,13.8,13.0,13.5,13.1,12.8,13.7,12.9,13.9,13.2,13.6,13.1,13.8,13.6,13.4,12.8,13.1,12.7,13.4,13.1,13.3,13.2,13.5,13.5,13.5,13.1,12.8,13.3,13.4,13.9,13.1,13.4,13.1,13.3,13.0,13.3,14.0,13.6,13.4,12.8,13.6,13.7,13.7,13.4,12.7,13.3,13.2,13.7,13.6,13.4,13.3,13.6,13.4,13.5,13.2,13.0,13.5,13.5,13.3,13.9,13.5,13.2,14.0,12.8,12.9,13.4,13.4,13.8,13.5,13.2,13.4,13.0,13.2,13.5,13.7,12.9,13.5,13.7,13.9,13.3,13.6,13.2,13.1,13.4,13.1,13.2,13.6,13.0,13.3,13.6,13.3,13.7,12.9,13.3,13.5,13.5,12.7,13.8,13.7,13.3,13.4,13.7,12.9,13.6,13.2,13.1,13.8,13.6,13.3,13.5,13.6,13.3,13.2,13.4,13.8,13.4,13.6,12.9,13.4,13.2,13.5,13.6,13.5,13.2,13.5,13.8,13.3,13.5,13.1,12.9,13.0,13.0,13.3,13.1,13.1,14.1,13.6,13.6,13.3,13.8,13.3,13.2,13.2,13.1,13.4,13.6,13.7,13.6,13.4,13.7,13.4,13.3,13.4,13.6,12.6,12.9,14.1,13.3,13.4,13.3,13.5,13.2,13.5,13.7,13.2,13.7,13.2,13.5,13.4,13.7,13.7,12.9,13.4,12.7,13.8,13.2,13.1,13.5,13.2,13.4,13.1,13.2,13.1,13.1,13.6,13.3,13.3,13.2,13.4,12.9,12.7,13.4,13.9,13.9,13.4,13.6,13.5,13.4,13.5,13.6,13.8,13.5,13.4,13.7,13.2,13.5,13.4,13.1,13.5,14.0,13.5,13.6,13.9,13.4,13.5,13.3,13.0,13.1,13.9,13.7,13.5,13.8,13.7,13.4,14.0,13.6,13.2,13.7,13.2,13.4,12.9,13.1,13.8,13.2,13.0,13.5,13.2,13.1,13.3,13.3,13.6,13.6,13.4,13.9,13.2,13.8,13.7,13.8,13.3,13.1,13.6,13.8,13.6,13.4,12.9,13.6,13.6,13.4,12.9,13.6,13.6,13.5,13.9]}},{"type":"Feature","geometry":{"type":"LineString","coordinates":[[72.4519,15.8166],[72.458,15.8171],[72.4764,15.8178],[72.4878,15.8189],[72.506,15.8203],[72.5178,15.8216],[72.5355,15.8233],[72.5479,15.8241],[72.566,15.8257],[72.5778,15.8267],[72.5966,15.8283],[72.6085,15.8296],[72.6269,15.8308],[72.6389,15.832],[72.6565,15.8336],[72.6689,15.8348],[72.687,15.8367],[72.6987,15.838],[72.7167,15.8403],[72.7286,15.8418],[72.7462,15.844],[72.7585,15.8459],[72.7769,15.8484],[72.7891,15.8503],[72.8068,15.8525],[72.8189,15.8539],[72.837,15.8558],[72.8486,15.8566],[72.867,15.8586],[72.8791,15.8596],[72.8966,15.8608],[72.9087,15.8614],[72.9264,15.863],[72.9379,15.8642],[72.9554,15.8653],[72.9674,15.866],[72.985,15.8672],[72.9967,15.8681],[73.0152,15.8696],[73.0274,15.8702],[73.0449,15.8718],[73.0577,15.8731],[73.0755,15.8743],[73.0876,15.8756],[73.1055,15.8774],[73.1169,15.8785],[73.1352,15.8802],[73.1471,15.8817],[73.1647,15.8837],[73.1768,15.8852],[73.1946,15.8867],[73.2063,15.8882],[73.2241,15.8904],[73.2363,15.8918],[73.2545,15.8942],[73.2667,15.8955],[73.2841,15.8984],[73.2961,15.9002],[73.3146,15.9028],[73.3265,15.9041],[73.3441,15.9071],[73.3561,15.9089],[73.3738,15.9119],[73.3861,15.9137],[73.4038,15.9169],[73.4156,15.9188],[73.4335,15.9218],[73.4451,15.9233],[73.4633,15.9258],[73.4748,15.9276],[73.4927,15.9299],[73.5041,15.9314],[73.5226,15.9341],[73.5407,15.9362]]},"properties":{"mmsi":992013937,"name":"SYN-CAR-07","role":"candidate","vessel_type":70,"synthetic":true,"t_offset_s":[-136969,-136849,-136489,-136249,-135889,-135649,-135289,-135049,-134689,-134449,-134089,-133849,-133489,-133249,-132889,-132649,-132289,-132049,-131689,-131449,-131089,-130849,-130489,-130249,-129889,-129649,-129289,-129049,-128689,-128449,-128089,-127849,-127489,-127249,-126889,-126649,-126289,-126049,-125689,-125449,-125089,-124849,-124489,-124249,-123889,-123649,-123289,-123049,-122689,-122449,-122089,-121849,-121489,-121249,-120889,-120649,-120289,-120049,-119689,-119449,-119089,-118849,-118489,-118249,-117889,-117649,-117289,-117049,-116689,-116449,-116089,-115849,-115489,-115129],"sog":[10.8,10.7,10.4,9.7,10.0,10.4,10.3,10.7,10.4,10.8,10.7,10.4,10.3,10.4,10.2,10.8,10.4,10.4,10.2,10.8,10.4,10.7,10.8,10.3,10.4,11.0,9.6,10.6,10.5,10.6,9.7,10.3,10.2,9.9,10.0,10.4,10.6,10.4,10.7,10.3,10.6,10.5,10.6,10.5,10.4,10.0,10.9,10.2,10.5,10.9,10.5,10.1,10.1,10.7,10.8,10.4,10.1,10.6,10.7,10.3,10.9,10.2,10.1,10.3,10.5,10.5,10.5,10.5,10.0,10.2,10.3,10.1,10.8,10.5]}},{"type":"Feature","geometry":{"type":"LineString","coordinates":[[72.1617,14.5026],[72.1644,14.5023],[72.1669,14.4987],[72.1666,14.4965],[72.1667,14.4927],[72.1647,14.4883],[72.167,14.4825],[72.1666,14.4795],[72.1651,14.4744],[72.1658,14.47],[72.1648,14.4672],[72.1635,14.466],[72.1613,14.4624],[72.1626,14.4603],[72.1659,14.457],[72.1673,14.4545],[72.1666,14.4481],[72.164,14.4466],[72.1604,14.45],[72.1572,14.453],[72.1541,14.4565],[72.1506,14.4607],[72.1476,14.4646],[72.1454,14.4671],[72.1482,14.4731],[72.1522,14.4723],[72.1589,14.4682],[72.1619,14.4662],[72.1669,14.4647],[72.1689,14.4623],[72.1719,14.4574],[72.174,14.4543],[72.1787,14.4518],[72.1818,14.4512],[72.1866,14.4509],[72.1898,14.4519],[72.1946,14.4504],[72.1975,14.4485],[72.2035,14.4487],[72.2072,14.4475],[72.2125,14.4473],[72.2162,14.4465],[72.2186,14.4423],[72.2228,14.4427],[72.2284,14.4437],[72.2299,14.4472],[72.2353,14.4488],[72.2354,14.4518],[72.235,14.4575],[72.2337,14.4599],[72.2274,14.4618],[72.2239,14.4625],[72.2188,14.4631],[72.2143,14.4664],[72.2124,14.4693],[72.2109,14.4724],[72.2092,14.4754],[72.2116,14.4772],[72.214,14.4798],[72.2166,14.4783],[72.2194,14.4751],[72.2209,14.4707],[72.2195,14.4682],[72.2153,14.4664],[72.2133,14.4631],[72.2121,14.4603],[72.2106,14.4554],[72.2132,14.4544],[72.2174,14.4579],[72.219,14.4583],[72.218,14.4624],[72.2151,14.4624],[72.2104,14.4666],[72.2094,14.4692],[72.2119,14.4719],[72.2162,14.4715],[72.2216,14.472],[72.2248,14.4704],[72.2306,14.4707],[72.2334,14.471],[72.2372,14.471],[72.2402,14.4689],[72.2398,14.4642],[72.2394,14.4611],[72.2392,14.4548],[72.2391,14.4528],[72.2359,14.4487],[72.2346,14.4452],[72.2362,14.438],[72.2372,14.4348],[72.2393,14.4304],[72.2415,14.4293],[72.2427,14.4238],[72.2454,14.4213],[72.2493,14.4186],[72.2531,14.4182],[72.2585,14.4183],[72.2606,14.4198],[72.2618,14.4262],[72.2641,14.4303],[72.2692,14.4292],[72.2719,14.4267],[72.2737,14.4213],[72.2724,14.4192],[72.2706,14.4127],[72.2698,14.4087],[72.2692,14.4056],[72.2689,14.4016],[72.2704,14.3976],[72.2736,14.3962],[72.2706,14.3943],[72.2674,14.398],[72.2653,14.4007],[72.2623,14.4035],[72.2595,14.4071],[72.2607,14.4115],[72.2614,14.4167],[72.2606,14.421],[72.2607,14.4254],[72.2611,14.428],[72.26,14.4332],[72.2602,14.4357],[72.2607,14.4409],[72.2585,14.4439],[72.2559,14.4479],[72.2555,14.4518],[72.2583,14.4562],[72.2604,14.4589],[72.2671,14.4594],[72.2705,14.4579],[72.2736,14.455],[72.276,14.4518],[72.2789,14.4491],[72.2823,14.4476],[72.2874,14.4478],[72.2918,14.4497],[72.2951,14.452],[72.297,14.4536],[72.2996,14.4597],[72.303,14.4591],[72.3095,14.4585],[72.3124,14.458],[72.3154,14.4533],[72.3159,14.4514],[72.3157,14.4461],[72.3161,14.4432],[72.3174,14.4405],[72.3177,14.4376],[72.3215,14.4336],[72.3217,14.431],[72.3237,14.4253],[72.3241,14.4218],[72.3259,14.4192],[72.3295,14.4157],[72.3324,14.4126],[72.3345,14.4097],[72.334,14.4063],[72.3299,14.403],[72.3266,14.3994],[72.3225,14.397],[72.3198,14.3927],[72.3199,14.3886],[72.3217,14.3843],[72.3197,14.3813],[72.3182,14.3763],[72.3148,14.3729],[72.3092,14.3683],[72.3085,14.3645],[72.3049,14.3612],[72.303,14.3595],[72.2993,14.357],[72.3001,14.3534],[72.2985,14.349],[72.2947,14.3461],[72.2918,14.3418],[72.2892,14.3386],[72.2864,14.3395],[72.283,14.3387],[72.2773,14.3379],[72.274,14.3384],[72.2699,14.3404],[72.2658,14.3418],[72.2609,14.3413],[72.2572,14.3413],[72.2558,14.3364],[72.2553,14.3338],[72.2515,14.3299],[72.2496,14.3262],[72.2504,14.3216],[72.2506,14.3195],[72.2513,14.3149],[72.2513,14.3119],[72.2507,14.3066],[72.2493,14.3035],[72.2481,14.3002],[72.246,14.2974],[72.2436,14.2929],[72.2437,14.2913],[72.2448,14.286],[72.246,14.2852],[72.2523,14.2867],[72.2546,14.2886],[72.2591,14.2901],[72.2623,14.2897],[72.2669,14.2883],[72.2708,14.2856],[72.2736,14.2815],[72.2776,14.2804],[72.2817,14.2825],[72.2846,14.2837],[72.2891,14.2838],[72.2917,14.2833],[72.2956,14.2798],[72.295,14.2768],[72.2897,14.273],[72.2857,14.2723],[72.2846,14.2683],[72.2876,14.2639],[72.2925,14.2611],[72.2955,14.261],[72.2995,14.262],[72.304,14.2641],[72.3053,14.2677],[72.3075,14.2704],[72.3115,14.2749],[72.3131,14.2782],[72.3113,14.2847],[72.3105,14.2863],[72.3076,14.2908],[72.3059,14.2936],[72.3056,14.2989],[72.3062,14.3034],[72.3073,14.309],[72.309,14.3126],[72.3112,14.3161],[72.3112,14.3182],[72.3121,14.3217],[72.3163,14.3238],[72.3199,14.3287],[72.3219,14.3306],[72.3254,14.3339],[72.3275,14.3351],[72.3303,14.3378],[72.3321,14.3406],[72.3348,14.3438],[72.3358,14.3462],[72.3357,14.3518],[72.3377,14.3544],[72.3389,14.3586],[72.3408,14.361],[72.3436,14.3648],[72.346,14.3675],[72.3427,14.3713],[72.3407,14.3735],[72.3426,14.3761],[72.3443,14.3759],[72.3479,14.3779],[72.3493,14.3784],[72.349,14.3742],[72.3457,14.3718],[72.3433,14.3725],[72.3404,14.3708],[72.3376,14.3676],[72.3346,14.3668],[72.3284,14.3665],[72.328,14.3625],[72.3285,14.3584],[72.3296,14.3555],[72.3296,14.3492],[72.3307,14.346],[72.3321,14.3424],[72.3327,14.3387],[72.3337,14.3353],[72.3362,14.3342],[72.3412,14.3344],[72.3431,14.3373],[72.3436,14.3407],[72.3441,14.3448],[72.3408,14.3497],[72.343,14.3537],[72.3458,14.3573],[72.3484,14.3577],[72.3522,14.3568],[72.3546,14.3547],[72.3568,14.3509],[72.3616,14.3499],[72.3668,14.3499],[72.3694,14.351],[72.374,14.3554],[72.3758,14.3589],[72.377,14.3614],[72.3796,14.3646],[72.3799,14.3704],[72.3795,14.3726],[72.3837,14.3774],[72.3859,14.3806],[72.3904,14.3802],[72.3918,14.3832],[72.3951,14.3878],[72.395,14.3912],[72.3945,14.3957],[72.3904,14.3978],[72.3849,14.3972],[72.3823,14.3966],[72.3766,14.3958],[72.3733,14.3956],[72.3698,14.3929],[72.3682,14.3914],[72.3652,14.3887],[72.3624,14.3869],[72.3585,14.3845],[72.3559,14.3847],[72.3519,14.3821],[72.349,14.3793],[72.3524,14.3756],[72.3556,14.3753],[72.3594,14.3733],[72.362,14.3714],[72.3675,14.3713],[72.37,14.3732],[72.372,14.3781],[72.3741,14.3799],[72.3791,14.3811],[72.3818,14.3786],[72.3854,14.3773],[72.3888,14.3778],[72.3928,14.3803],[72.3946,14.3816],[72.3991,14.3828],[72.4027,14.3828],[72.4085,14.3823],[72.4109,14.3796],[72.4132,14.376],[72.4149,14.3725],[72.4167,14.3684],[72.4193,14.366],[72.418,14.3607],[72.4193,14.3566],[72.4225,14.3545],[72.4257,14.3544],[72.4298,14.3571],[72.4321,14.3613],[72.4303,14.3646],[72.4268,14.3655],[72.4221,14.3645],[72.4188,14.3651],[72.4158,14.3688],[72.4125,14.3696],[72.4086,14.3681],[72.4053,14.3688],[72.3986,14.3692],[72.3952,14.3675],[72.3896,14.368],[72.3873,14.3654],[72.3883,14.359],[72.3886,14.3561],[72.3855,14.3529],[72.3836,14.3508],[72.3784,14.3497],[72.3758,14.3476],[72.3721,14.344],[72.3705,14.3405],[72.3703,14.3359],[72.3712,14.3315],[72.3762,14.3292],[72.377,14.3253],[72.3795,14.3192],[72.3814,14.3155],[72.3828,14.3093],[72.3849,14.3074],[72.39,14.3058],[72.3937,14.3059],[72.3994,14.3054],[72.4025,14.3056],[72.4052,14.3089],[72.4053,14.3108],[72.4021,14.3176],[72.4015,14.3207],[72.4021,14.3268],[72.4048,14.3298],[72.4077,14.3356],[72.4102,14.3367],[72.4136,14.3401],[72.4155,14.3418],[72.4181,14.3452],[72.4193,14.3467],[72.423,14.3503],[72.4274,14.3525],[72.4317,14.353],[72.4354,14.355],[72.4398,14.3569],[72.4397,14.3593],[72.4418,14.3647],[72.4412,14.3664],[72.4376,14.3683],[72.4343,14.3713],[72.4303,14.3751],[72.4303,14.3788],[72.4261,14.3848],[72.4264,14.3883],[72.4258,14.3923],[72.4249,14.3963],[72.4262,14.4018],[72.4291,14.4041],[72.4324,14.4085],[72.434,14.4112],[72.4345,14.4176],[72.4335,14.4206],[72.427,14.4241],[72.4233,14.4246],[72.4194,14.4218],[72.4204,14.418],[72.421,14.4105],[72.4206,14.4087],[72.4208,14.4055],[72.4229,14.4015],[72.4258,14.3995],[72.4295,14.398],[72.4331,14.4001],[72.4316,14.4029],[72.4272,14.4021],[72.4278,14.3992],[72.431,14.3953],[72.4338,14.3948],[72.4383,14.3949],[72.4427,14.3945],[72.4478,14.3947],[72.4502,14.3941],[72.4541,14.3917],[72.4564,14.3907],[72.4609,14.3903],[72.4631,14.3921],[72.464,14.3966],[72.4629,14.3985],[72.4634,14.4032],[72.464,14.4076],[72.4621,14.4116],[72.4625,14.4163],[72.4619,14.4227],[72.4639,14.4256],[72.4695,14.4265],[72.4731,14.4269],[72.4765,14.4282],[72.4763,14.4309],[72.4769,14.4336],[72.4808,14.4339],[72.4864,14.4344],[72.4886,14.4338],[72.4899,14.4306],[72.4909,14.428],[72.4946,14.4261],[72.498,14.4253],[72.5027,14.4232],[72.5063,14.4207],[72.5092,14.4189],[72.5117,14.4162],[72.5098,14.4118],[72.5069,14.4101],[72.5007,14.4092],[72.497,14.4096],[72.4931,14.4093],[72.4893,14.4087],[72.4852,14.4057],[72.4838,14.4034],[72.4815,14.3991],[72.4803,14.3981],[72.4783,14.3913],[72.4769,14.3871],[72.4752,14.3826],[72.4738,14.3787],[72.4715,14.3746],[72.4703,14.3725],[72.4668,14.3687],[72.464,14.3651],[72.4622,14.3608],[72.4619,14.3584],[72.4622,14.3512],[72.4589,14.3496],[72.455,14.3479],[72.4565,14.3441],[72.4547,14.339],[72.4523,14.3386],[72.447,14.337],[72.4466,14.3348],[72.4489,14.3293],[72.45,14.3256],[72.4464,14.3212],[72.444,14.3194],[72.4415,14.3135],[72.4376,14.3108],[72.4329,14.309],[72.4291,14.3082],[72.4266,14.3079],[72.4236,14.3072],[72.4194,14.3035],[72.416,14.3022],[72.4116,14.3005],[72.4095,14.3001],[72.4045,14.3013],[72.4005,14.3038],[72.3952,14.3042],[72.3909,14.3041],[72.3849,14.3024],[72.3816,14.3006],[72.3774,14.2954],[72.3756,14.292],[72.3769,14.2894],[72.3794,14.2873],[72.3833,14.2843],[72.3868,14.2839],[72.3887,14.2873],[72.3867,14.2904],[72.3851,14.2954],[72.3854,14.2994],[72.3893,14.2998],[72.3912,14.2986],[72.393,14.2934],[72.3929,14.2914],[72.3912,14.2885],[72.3909,14.2854],[72.3908,14.28],[72.3905,14.2769],[72.3867,14.2748],[72.3846,14.2769],[72.3834,14.2821],[72.3836,14.2839],[72.3846,14.2893],[72.3846,14.2933],[72.3845,14.2981],[72.3836,14.3017],[72.3806,14.3031],[72.3768,14.3022],[72.3713,14.3028],[72.368,14.3035],[72.364,14.3053],[72.3606,14.3054],[72.3548,14.3033],[72.3533,14.303],[72.3486,14.3034],[72.3455,14.3049],[72.3403,14.3058],[72.3384,14.309],[72.3342,14.3102],[72.3295,14.3117],[72.3243,14.3099],[72.3225,14.3083],[72.3172,14.3054],[72.3149,14.3016],[72.3131,14.2975],[72.3124,14.294],[72.3165,14.2912],[72.3181,14.2907],[72.3196,14.2869],[72.3204,14.2841],[72.3217,14.2779],[72.3208,14.2745],[72.3151,14.2731],[72.3118,14.2728],[72.3056,14.2736],[72.3022,14.2716],[72.2979,14.2681],[72.297,14.2663],[72.2985,14.2622],[72.2999,14.2581],[72.2998,14.2518],[72.3004,14.2486],[72.2993,14.2451],[72.2975,14.242],[72.2944,14.2411],[72.293,14.2453],[72.2886,14.2476],[72.2846,14.249],[72.284,14.2545],[72.2839,14.2574],[72.2876,14.2594],[72.2898,14.2594],[72.2932,14.2581],[72.2973,14.2603],[72.2975,14.2655],[72.2985,14.2681],[72.3012,14.2715],[72.3037,14.2724],[72.3086,14.2697],[72.3114,14.2668],[72.3116,14.2616],[72.3086,14.2591],[72.3045,14.256],[72.3032,14.2532],[72.298,14.252],[72.2956,14.2506],[72.295,14.2458],[72.2944,14.2441],[72.2898,14.2403],[72.2864,14.2401],[72.2823,14.2361],[72.2804,14.2339],[72.2741,14.2341],[72.2722,14.2327],[72.266,14.2289],[72.2636,14.2274],[72.2635,14.2225],[72.2649,14.2198],[72.2622,14.2148],[72.2594,14.2144],[72.2562,14.2106],[72.2559,14.2065],[72.2573,14.2027],[72.258,14.1994],[72.256,14.1946],[72.2571,14.1908],[72.2606,14.1861],[72.2629,14.184],[72.2684,14.1804],[72.2735,14.1796],[72.2797,14.1801],[72.2818,14.1802],[72.2847,14.1839],[72.2885,14.1836],[72.2928,14.1843],[72.2957,14.1835],[72.2948,14.1786],[72.2909,14.1786],[72.2891,14.1748],[72.2859,14.1727],[72.2836,14.1703],[72.2826,14.166],[72.2831,14.162],[72.2869,14.1603],[72.2899,14.1546],[72.2931,14.1523],[72.2995,14.1534],[72.3036,14.1529],[72.3088,14.1493],[72.3114,14.1474],[72.3159,14.1479],[72.3189,14.1499],[72.3233,14.1521],[72.3257,14.1508],[72.3265,14.1485],[72.3243,14.1472],[72.32,14.1492],[72.3175,14.1514],[72.3137,14.1501],[72.3113,14.1483],[72.3055,14.1469],[72.3041,14.1487],[72.3055,14.1526],[72.3072,14.1558],[72.3119,14.1577],[72.3149,14.1597],[72.3205,14.1616],[72.3249,14.1627],[72.3299,14.1593],[72.3299,14.156],[72.3344,14.1538],[72.3363,14.1529],[72.3404,14.1544],[72.3428,14.1545],[72.3464,14.1586],[72.3449,14.1613],[72.3438,14.1659],[72.3435,14.1685],[72.3464,14.1737],[72.3491,14.1755],[72.3547,14.1765],[72.3592,14.1772],[72.3628,14.1801],[72.3625,14.1829],[72.3633,14.1903],[72.3635,14.1923],[72.367,14.1957],[72.3674,14.1973],[72.3694,14.2017],[72.372,14.2061],[72.3748,14.2094],[72.377,14.2117],[72.3803,14.2164],[72.383,14.2181],[72.3863,14.2213],[72.3892,14.2245],[72.3929,14.227],[72.3942,14.2296],[72.3986,14.2339],[72.3985,14.2387],[72.3995,14.2446],[72.4024,14.2474],[72.405,14.2501],[72.4073,14.2517],[72.4055,14.2567],[72.406,14.2607],[72.4073,14.2652],[72.4095,14.2674],[72.4149,14.2681],[72.4181,14.2717],[72.4176,14.2785],[72.415,14.2812],[72.4114,14.2834],[72.4094,14.285],[72.4052,14.2908],[72.4019,14.2922],[72.3972,14.2947],[72.3934,14.2965],[72.3897,14.2977],[72.3854,14.2979],[72.3823,14.296],[72.3802,14.2928],[72.3786,14.2885],[72.3765,14.2849],[72.3791,14.2831],[72.3805,14.282],[72.3861,14.281],[72.3891,14.2782],[72.388,14.2736],[72.3855,14.271],[72.3809,14.2665],[72.3814,14.2645],[72.382,14.2611],[72.3825,14.257],[72.3867,14.2522],[72.3884,14.2516],[72.3924,14.2526],[72.3949,14.2555],[72.398,14.2595],[72.3979,14.2615],[72.398,14.2676],[72.3986,14.2701],[72.4032,14.2751],[72.405,14.2759],[72.4104,14.2743],[72.413,14.2741],[72.4157,14.2747],[72.4191,14.2763],[72.4222,14.2796],[72.4269,14.2796],[72.4316,14.2776],[72.4333,14.2753],[72.4361,14.2708],[72.4373,14.2664],[72.4394,14.2614],[72.4398,14.2579],[72.439,14.2525],[72.4404,14.248],[72.4419,14.2442],[72.4434,14.2412],[72.4472,14.2359],[72.4485,14.2332],[72.4503,14.229],[72.4515,14.2254],[72.4532,14.2223],[72.4522,14.2186],[72.4541,14.2141],[72.4555,14.2123],[72.4549,14.2064],[72.4566,14.2026],[72.4574,14.1976],[72.4585,14.1953],[72.4579,14.1899],[72.4585,14.187],[72.4608,14.1822],[72.4631,14.1805],[72.4677,14.1827],[72.4692,14.1859],[72.4679,14.189],[72.4646,14.1897],[72.4597,14.1928],[72.4557,14.1948],[72.4505,14.1956],[72.4467,14.1955],[72.4416,14.1946],[72.4386,14.1944],[72.4342,14.1964],[72.4315,14.1973],[72.4269,14.1997],[72.4229,14.2009],[72.4173,14.2037],[72.416,14.2042],[72.4122,14.2073],[72.4083,14.2083],[72.4031,14.2097],[72.4012,14.2084],[72.3983,14.2038],[72.3978,14.1996],[72.3995,14.1947],[72.4011,14.1921],[72.4007,14.1883],[72.3986,14.1858],[72.3932,14.1858],[72.3898,14.1856],[72.3852,14.1854],[72.3805,14.1853],[72.3765,14.1865],[72.3723,14.1868],[72.3668,14.1907],[72.3647,14.1929],[72.3594,14.1945],[72.3551,14.1945],[72.3512,14.1962],[72.3505,14.199],[72.3489,14.2038],[72.348,14.2061],[72.3425,14.2055],[72.3393,14.2023],[72.3345,14.1997],[72.3318,14.1996],[72.3268,14.1989],[72.3248,14.1953],[72.3201,14.1942],[72.319,14.197],[72.321,14.1983],[72.3241,14.1983],[72.3252,14.1944],[72.3274,14.1912],[72.3299,14.1891],[72.3265,14.1861],[72.3219,14.1849],[72.3185,14.1839],[72.3166,14.1805],[72.3199,14.1773],[72.3225,14.1717],[72.3217,14.1697],[72.3177,14.1697],[72.3147,14.1709],[72.3121,14.1725],[72.3086,14.175],[72.303,14.1743],[72.3005,14.1718],[72.2961,14.1711],[72.2915,14.1717],[72.2868,14.1667],[72.2859,14.1642],[72.2835,14.1609],[72.2814,14.1583],[72.2767,14.1551],[72.272,14.1553],[72.2655,14.157],[72.2635,14.1579],[72.2587,14.1591],[72.2557,14.1588],[72.2528,14.1619],[72.2522,14.1655],[72.253,14.1703],[72.256,14.1727],[72.2605,14.1753],[72.2638,14.1762],[72.2694,14.1782],[72.2731,14.1769],[72.2781,14.178],[72.2802,14.1766],[72.2838,14.1739],[72.2863,14.1727],[72.2888,14.1689],[72.2898,14.1654],[72.2937,14.1634],[72.2966,14.1628],[72.298,14.1587],[72.3,14.1554],[72.2999,14.1509],[72.2978,14.1484],[72.2933,14.1452],[72.2904,14.1461],[72.2894,14.1502],[72.292,14.1528],[72.296,14.1508],[72.2968,14.1485],[72.296,14.1441],[72.2968,14.1398],[72.2981,14.1356],[72.2967,14.1316],[72.2931,14.1268],[72.2906,14.1261],[72.2853,14.1281],[72.2832,14.1285],[72.2785,14.1327],[72.277,14.1362],[72.2741,14.1396],[72.2745,14.1436],[72.2769,14.1467],[72.2795,14.1487],[72.2836,14.1507],[72.2874,14.1536],[72.2896,14.1579],[72.2927,14.1587],[72.2966,14.16],[72.299,14.1568],[72.2959,14.154],[72.2924,14.1524],[72.2909,14.1474],[72.2884,14.1446],[72.2827,14.1406],[72.2801,14.1384],[72.2744,14.1391],[72.2711,14.1414],[72.2662,14.1418],[72.2632,14.1407],[72.2586,14.1417],[72.254,14.1422],[72.2507,14.1456],[72.2507,14.1494],[72.2507,14.1543],[72.2516,14.156],[72.256,14.1593],[72.2582,14.1633],[72.2639,14.1656],[72.2663,14.167],[72.2718,14.1688],[72.2757,14.1686],[72.2808,14.1648],[72.2811,14.1618],[72.2829,14.1584],[72.2859,14.1583],[72.289,14.153],[72.2902,14.1501],[72.2875,14.1459],[72.2844,14.1442],[72.281,14.1488],[72.2801,14.1531],[72.2817,14.1584],[72.2827,14.1629],[72.2777,14.1662],[72.2737,14.1668],[72.2695,14.1661],[72.2666,14.1677],[72.2635,14.1709],[72.2639,14.1729],[72.2661,14.1786],[72.2664,14.1827],[72.2689,14.1847],[72.272,14.1872],[72.2772,14.1883],[72.2794,14.1902],[72.2755,14.1953],[72.2724,14.1991],[72.2673,14.2006],[72.263,14.2018],[72.2593,14.1989],[72.2567,14.1959],[72.2524,14.1935],[72.2507,14.1906],[72.2487,14.1886],[72.2454,14.1875],[72.2418,14.1861],[72.239,14.1841],[72.2349,14.1825],[72.2331,14.1805],[72.2285,14.1783],[72.2249,14.1767],[72.2197,14.1758],[72.2179,14.1796],[72.2224,14.182],[72.2253,14.1838],[72.2289,14.1884],[72.229,14.1917],[72.2285,14.1956],[72.2284,14.1981],[72.2291,14.2021],[72.228,14.2056],[72.2314,14.2076],[72.2328,14.2109],[72.231,14.2155],[72.2286,14.2172],[72.2307,14.2236],[72.232,14.2264],[72.2354,14.2305],[72.235,14.2342],[72.2362,14.2384],[72.2394,14.2419],[72.241,14.246],[72.2409,14.2483],[72.2344,14.2504],[72.2295,14.2494],[72.2252,14.2485],[72.2223,14.2483],[72.216,14.2474],[72.2145,14.2483],[72.2126,14.2516],[72.2127,14.255],[72.2129,14.2598],[72.2132,14.2633],[72.2161,14.267],[72.2192,14.2689],[72.2251,14.2685],[72.228,14.2673],[72.2309,14.2615],[72.2328,14.2584],[72.2377,14.255],[72.2413,14.2537],[72.2456,14.2529],[72.2485,14.2542],[72.254,14.2571],[72.2563,14.2604],[72.258,14.2659],[72.2561,14.2694],[72.2554,14.2737],[72.2533,14.2755],[72.2535,14.2717],[72.2547,14.2689],[72.2601,14.2658],[72.2637,14.2639],[72.2669,14.2651],[72.2706,14.2669],[72.2719,14.2707],[72.2684,14.2708],[72.2669,14.2653],[72.2698,14.2632],[72.2723,14.2592],[72.2727,14.255],[72.2673,14.2527],[72.264,14.2509],[72.2655,14.2475],[72.2684,14.2477],[72.2722,14.2428],[72.2754,14.242],[72.281,14.2398],[72.2828,14.2379],[72.2833,14.2323],[72.2803,14.2312],[72.2754,14.2281],[72.2718,14.2287],[72.2672,14.225],[72.2657,14.2231],[72.2593,14.2233],[72.2571,14.227],[72.2617,14.2312],[72.2654,14.2332],[72.2699,14.2346],[72.2737,14.2328],[72.2774,14.229],[72.2775,14.2263],[72.2764,14.2207],[72.2756,14.2187],[72.276,14.2143],[72.2759,14.211],[72.2802,14.2069],[72.2849,14.2087],[72.289,14.2101],[72.2904,14.2123],[72.2948,14.212],[72.3003,14.2112],[72.3071,14.2095],[72.31,14.2077],[72.3156,14.2051],[72.3192,14.2022],[72.322,14.1976],[72.3241,14.1949],[72.3289,14.1904],[72.331,14.1886],[72.3348,14.1839],[72.3345,14.18],[72.3324,14.1746],[72.3297,14.1736],[72.3253,14.1758],[72.3252,14.1798],[72.3235,14.1843],[72.3229,14.1864],[72.3203,14.189],[72.3193,14.1925],[72.3217,14.1949],[72.3262,14.1959],[72.3304,14.1994],[72.3326,14.2022],[72.3344,14.2046],[72.3376,14.2052],[72.343,14.2095],[72.3425,14.2118],[72.3403,14.2167],[72.3363,14.2189],[72.3344,14.216],[72.3343,14.2137],[72.3366,14.2084],[72.3391,14.2065],[72.3411,14.2035],[72.3408,14.2002],[72.3442,14.1956],[72.3463,14.1922],[72.3428,14.1882],[72.3402,14.186],[72.3359,14.1829],[72.3328,14.1806],[72.3287,14.1778],[72.325,14.1791],[72.3231,14.1829],[72.32,14.185],[72.3162,14.1873],[72.3135,14.1881],[72.31,14.1929],[72.3091,14.1949],[72.306,14.1989],[72.3039,14.2021],[72.3047,14.2059],[72.3087,14.2061],[72.3132,14.2031],[72.3145,14.2019],[72.3172,14.1997],[72.3169,14.1949],[72.3154,14.1901],[72.3132,14.1875],[72.309,14.187],[72.3048,14.1858],[72.2999,14.1857],[72.2983,14.1876],[72.2934,14.1894],[72.2916,14.1918],[72.2888,14.1968],[72.2858,14.1986],[72.2866,14.2035],[72.2874,14.2059],[72.2858,14.2101],[72.2867,14.2137],[72.2895,14.218],[72.2917,14.2188],[72.2967,14.2184],[72.2996,14.2195],[72.3018,14.2206],[72.3053,14.2209],[72.3099,14.2201],[72.3132,14.2204],[72.3177,14.2238],[72.3204,14.2234],[72.3237,14.2238],[72.3266,14.2211],[72.3309,14.2209],[72.3347,14.2232],[72.3393,14.2236],[72.3432,14.2244],[72.3458,14.2282],[72.3456,14.2314],[72.342,14.234],[72.3386,14.238],[72.3342,14.2401],[72.3323,14.2424],[72.3314,14.2472],[72.3321,14.2503],[72.3306,14.2558],[72.3309,14.2581],[72.3264,14.2597],[72.3225,14.2609],[72.3167,14.2609],[72.3131,14.2618],[72.309,14.2647],[72.3064,14.2657],[72.3017,14.2633],[72.2975,14.2627],[72.2953,14.2649],[72.2922,14.2685],[72.2906,14.272],[72.2905,14.2751],[72.29,14.2801],[72.2885,14.2819],[72.2862,14.2854],[72.283,14.2883],[72.2784,14.2875],[72.2753,14.2875],[72.2722,14.2864]]},"properties":{"mmsi":992335805,"name":"SYN-FSH-00","role":"background","vessel_type":30,"synthetic":true,"t_offset_s":[-259200,-258960,-258600,-258360,-258000,-257760,-257400,-257160,-256800,-256560,-256200,-255960,-255600,-255360,-255000,-254760,-254400,-254160,-253800,-253560,-253200,-252960,-252600,-252360,-252000,-251760,-251400,-251160,-250800,-250560,-250200,-249960,-249600,-249360,-249000,-248760,-248400,-248160,-247800,-247560,-247200,-246960,-246600,-246360,-246000,-245760,-245400,-245160,-244800,-244560,-244200,-243960,-243600,-243360,-243000,-242760,-242400,-242160,-241800,-241560,-241200,-240960,-240600,-240360,-240000,-239760,-239400,-239160,-238800,-238560,-238200,-237960,-237600,-237360,-237000,-236760,-236400,-236160,-235800,-235560,-235200,-234960,-234600,-234360,-234000,-233760,-233400,-233160,-232800,-232560,-232200,-231960,-231600,-231360,-231000,-230760,-230400,-230160,-229800,-229560,-229200,-228960,-228600,-228360,-228000,-227760,-227400,-227160,-226800,-226560,-226200,-225960,-225600,-225360,-225000,-224760,-224400,-224160,-223800,-223560,-223200,-222960,-222600,-222360,-222000,-221760,-221400,-221160,-220800,-220560,-220200,-219960,-219600,-219360,-219000,-218760,-218400,-218160,-217800,-217560,-217200,-216960,-216600,-216360,-216000,-215760,-215400,-215160,-214800,-214560,-214200,-213960,-213600,-213360,-213000,-212760,-212400,-212160,-211800,-211560,-211200,-210960,-210600,-210360,-210000,-209760,-209400,-209160,-208800,-208560,-208200,-207960,-207600,-207360,-207000,-206760,-206400,-206160,-205800,-205560,-205200,-204960,-204600,-204360,-204000,-203760,-203400,-203160,-202800,-202560,-202200,-201960,-201600,-201360,-201000,-200760,-200400,-200160,-199800,-199560,-199200,-198960,-198600,-198360,-198000,-197760,-197400,-197160,-196800,-196560,-196200,-195960,-195600,-195360,-195000,-194760,-194400,-194160,-193800,-193560,-193200,-192960,-192600,-192360,-192000,-191760,-191400,-191160,-190800,-190560,-190200,-189960,-189600,-189360,-189000,-188760,-188400,-188160,-187800,-187560,-187200,-186960,-186600,-186360,-186000,-185760,-185400,-185160,-184800,-184560,-184200,-183960,-183600,-183360,-183000,-182760,-182400,-182160,-181800,-181560,-181200,-180960,-180600,-180360,-180000,-179760,-179400,-179160,-178800,-178560,-178200,-177960,-177600,-177360,-177000,-176760,-176400,-176160,-175800,-175560,-175200,-174960,-174600,-174360,-174000,-173760,-173400,-173160,-172800,-172560,-172200,-171960,-171600,-171360,-171000,-170760,-170400,-170160,-169800,-169560,-169200,-168960,-168600,-168360,-168000,-167760,-167400,-167160,-166800,-166560,-166200,-165960,-165600,-165360,-165000,-164760,-164400,-164160,-163800,-163560,-163200,-162960,-162600,-162360,-162000,-161760,-161400,-161160,-160800,-160560,-160200,-159960,-159600,-159360,-159000,-158760,-158400,-158160,-157800,-157560,-157200,-156960,-156600,-156360,-156000,-155760,-155400,-155160,-154800,-154560,-154200,-153960,-153600,-153360,-153000,-152760,-152400,-152160,-151800,-151560,-151200,-150960,-150600,-150360,-150000,-149760,-149400,-149160,-148800,-148560,-148200,-147960,-147600,-147360,-147000,-146760,-146400,-146160,-145800,-145560,-145200,-144960,-144600,-144360,-144000,-143760,-143400,-143160,-142800,-142560,-142200,-141960,-141600,-141360,-141000,-140760,-140400,-140160,-139800,-139560,-139200,-138960,-138600,-138360,-138000,-137760,-137400,-137160,-136800,-136560,-136200,-135960,-135600,-135360,-135000,-134760,-134400,-134160,-133800,-133560,-133200,-132960,-132600,-132360,-132000,-131760,-131400,-131160,-130800,-130560,-130200,-129960,-129600,-129360,-129000,-128760,-128400,-128160,-127800,-127560,-127200,-126960,-126600,-126360,-126000,-125760,-125400,-125160,-124800,-124560,-124200,-123960,-123600,-123360,-123000,-122760,-122400,-122160,-121800,-121560,-121200,-120960,-120600,-120360,-120000,-119760,-119400,-119160,-118800,-118560,-118200,-117960,-117600,-117360,-117000,-116760,-116400,-116160,-115800,-115560,-115200,-114960,-114600,-114360,-114000,-113760,-113400,-113160,-112800,-112560,-112200,-111960,-111600,-111360,-111000,-110760,-110400,-110160,-109800,-109560,-109200,-108960,-108600,-108360,-108000,-107760,-107400,-107160,-106800,-106560,-106200,-105960,-105600,-105360,-105000,-104760,-104400,-104160,-103800,-103560,-103200,-102960,-102600,-102360,-102000,-101760,-101400,-101160,-100800,-100560,-100200,-99960,-99600,-99360,-99000,-98760,-98400,-98160,-97800,-97560,-97200,-96960,-96600,-96360,-96000,-95760,-95400,-95160,-94800,-94560,-94200,-93960,-93600,-93360,-93000,-92760,-92400,-92160,-91800,-91560,-91200,-90960,-90600,-90360,-90000,-89760,-89400,-89160,-88800,-88560,-88200,-87960,-87600,-87360,-87000,-86760,-86400,-86160,-85800,-85560,-85200,-84960,-84600,-84360,-84000,-83760,-83400,-83160,-82800,-82560,-82200,-81960,-81600,-81360,-81000,-80760,-80400,-80160,-79800,-79560,-79200,-78960,-78600,-78360,-78000,-77760,-77400,-77160,-76800,-76560,-76200,-75960,-75600,-75360,-75000,-74760,-74400,-74160,-73800,-73560,-73200,-72960,-72600,-72360,-72000,-71760,-71400,-71160,-70800,-70560,-70200,-69960,-69600,-69360,-69000,-68760,-68400,-68160,-67800,-67560,-67200,-66960,-66600,-66360,-66000,-65760,-65400,-65160,-64800,-64560,-64200,-63960,-63600,-63360,-63000,-62760,-62400,-62160,-61800,-61560,-61200,-60960,-60600,-60360,-60000,-59760,-59400,-59160,-58800,-58560,-58200,-57960,-57600,-57360,-57000,-56760,-56400,-56160,-55800,-55560,-55200,-54960,-54600,-54360,-54000,-53760,-53400,-53160,-52800,-52560,-52200,-51960,-51600,-51360,-51000,-50760,-50400,-50160,-49800,-49560,-49200,-48960,-48600,-48360,-48000,-47760,-47400,-47160,-46800,-46560,-46200,-45960,-45600,-45360,-45000,-44760,-44400,-44160,-43800,-43560,-43200,-42960,-42600,-42360,-42000,-41760,-41400,-41160,-40800,-40560,-40200,-39960,-39600,-39360,-39000,-38760,-38400,-38160,-37800,-37560,-37200,-36960,-36600,-36360,-36000,-35760,-35400,-35160,-34800,-34560,-34200,-33960,-33600,-33360,-33000,-32760,-32400,-32160,-31800,-31560,-31200,-30960,-30600,-30360,-30000,-29760,-29400,-29160,-28800,-28560,-28200,-27960,-27600,-27360,-27000,-26760,-26400,-26160,-25800,-25560,-25200,-24960,-24600,-24360,-24000,-23760,-23400,-23160,-22800,-22560,-22200,-21960,-21600,-21360,-21000,-20760,-20400,-20160,-19800,-19560,-19200,-18960,-18600,-18360,-18000,-17760,-17400,-17160,-16800,-16560,-16200,-15960,-15600,-15360,-15000,-14760,-14400,-14160,-13800,-13560,-13200,-12960,-12600,-12360,-12000,-11760,-11400,-11160,-10800,-10560,-10200,-9960,-9600,-9360,-9000,-8760,-8400,-8160,-7800,-7560,-7200,-6960,-6600,-6360,-6000,-5760,-5400,-5160,-4800,-4560,-4200,-3960,-3600,-3360,-3000,-2760,-2400,-2160,-1800,-1560,-1200,-960,-600,-360,0,240,600,840,1200,1440,1800,2040,2400,2640,3000,3240,3600,3840,4200,4440,4800,5040,5400,5640,6000,6240,6600,6840,7200,7440,7800,8040,8400,8640,9000,9240,9600,9840,10200,10440,10800,11040,11400,11640,12000,12240,12600,12840,13200,13440,13800,14040,14400,14640,15000,15240,15600,15840,16200,16440,16800,17040,17400,17640,18000,18240,18600,18840,19200,19440,19800,20040,20400,20640,21000,21240,21600,21840,22200,22440,22800,23040,23400,23640,24000,24240,24600,24840,25200,25440,25800,26040,26400,26640,27000,27240,27600,27840,28200,28440,28800,29040,29400,29640,30000,30240,30600,30840,31200,31440,31800,32040,32400,32640,33000,33240,33600,33840,34200,34440,34800,35040,35400,35640,36000,36240,36600,36840,37200,37440,37800,38040,38400,38640,39000,39240,39600,39840,40200,40440,40800,41040,41400,41640,42000,42240,42600,42840,43200,43440,43800,44040,44400,44640,45000,45240,45600,45840,46200,46440,46800,47040,47400,47640,48000,48240,48600,48840,49200,49440,49800,50040,50400,50640,51000,51240,51600,51840,52200,52440,52800,53040,53400,53640,54000,54240,54600,54840,55200,55440,55800,56040,56400,56640,57000,57240,57600,57840,58200,58440,58800,59040,59400,59640,60000,60240,60600,60840,61200,61440,61800,62040,62400,62640,63000,63240,63600,63840,64200,64440,64800,65040,65400,65640,66000,66240,66600,66840,67200,67440,67800,68040,68400,68640,69000,69240,69600,69840,70200,70440,70800,71040,71400,71640,72000,72240,72600,72840,73200,73440,73800,74040,74400,74640,75000,75240,75600,75840,76200,76440,76800,77040,77400,77640,78000,78240,78600,78840,79200,79440,79800,80040,80400,80640,81000,81240,81600,81840,82200,82440,82800,83040,83400,83640,84000,84240,84600,84840,85200,85440,85800,86040,86400],"sog":[3.2,3.0,2.4,2.4,1.5,4.3,3.4,1.4,3.3,3.8,2.0,1.2,3.9,1.9,2.3,3.6,2.3,2.8,4.3,3.7,3.5,5.6,2.6,2.7,4.1,2.7,6.0,1.4,4.5,3.6,4.6,3.9,3.7,2.0,2.8,3.1,3.8,3.0,3.3,3.0,1.9,3.1,3.0,5.1,2.4,3.1,3.0,2.7,3.9,2.6,2.8,2.7,3.2,4.2,2.0,3.2,0.7,3.4,2.3,2.2,3.4,4.1,0.9,4.1,1.1,1.6,3.1,2.3,2.9,2.4,2.1,2.2,4.4,1.0,1.2,4.0,0.3,1.2,4.0,3.8,1.4,2.2,4.3,2.6,3.1,2.1,1.7,2.7,4.4,1.9,3.0,1.9,3.1,4.3,2.8,3.2,3.1,1.4,4.8,4.6,3.1,3.0,3.1,3.3,1.7,4.2,2.0,3.1,2.8,2.2,2.7,4.5,1.9,2.4,4.8,4.6,4.5,3.2,2.1,2.8,4.7,1.9,2.3,2.3,2.8,3.8,3.4,3.5,5.2,4.1,2.6,3.2,0.5,2.9,2.6,4.3,2.5,1.2,3.2,3.9,3.3,2.2,4.8,1.7,3.9,2.2,3.3,3.4,4.0,2.8,4.1,3.1,3.3,4.2,3.0,2.9,1.7,3.6,3.9,2.8,2.7,4.2,2.2,4.5,2.8,3.6,6.3,3.5,3.1,3.0,2.3,2.6,4.4,3.6,3.4,3.5,4.2,2.4,3.9,3.4,2.0,3.9,3.7,3.6,3.0,3.1,3.7,4.3,3.0,1.7,2.8,3.4,3.8,2.8,2.5,3.1,3.7,2.2,2.4,1.1,3.2,3.5,3.3,3.1,4.7,3.9,3.0,4.8,3.1,2.8,2.8,1.6,1.8,1.9,5.6,2.4,1.1,5.8,2.3,2.5,3.1,4.3,2.8,3.6,3.8,1.8,4.5,2.2,3.0,4.2,4.0,3.3,3.9,3.3,1.9,2.9,2.7,3.0,3.5,3.1,2.4,2.2,2.4,2.8,3.3,4.0,2.0,3.4,3.7,2.1,2.1,2.6,3.1,2.5,3.9,3.1,4.2,0.7,4.1,3.5,1.2,2.9,3.8,3.5,4.0,4.9,3.5,3.3,3.3,2.9,1.2,3.9,3.3,3.9,1.2,4.2,1.1,2.2,3.1,4.1,4.0,3.1,1.6,2.8,3.4,4.3,2.5,2.4,4.6,4.1,0.5,3.0,3.8,1.5,2.5,4.3,1.8,3.6,3.8,3.7,2.2,2.8,4.2,1.7,2.5,3.1,3.7,2.5,2.1,2.8,2.2,2.7,2.4,2.0,3.8,2.8,2.5,1.8,2.4,2.7,1.4,2.4,3.4,4.0,2.2,3.2,4.4,1.4,3.5,2.2,2.6,3.7,3.3,3.1,2.4,3.4,3.8,3.1,2.8,3.4,4.3,4.5,3.3,2.7,2.0,3.0,2.8,4.5,2.4,2.7,3.6,4.2,2.5,3.2,5.1,1.6,4.3,2.1,3.8,3.0,2.6,3.2,2.5,4.2,3.6,4.2,4.4,2.7,4.6,3.3,3.4,3.6,2.9,4.0,2.3,2.0,4.4,3.9,3.9,3.9,4.5,3.1,3.2,3.3,4.1,2.1,0.9,5.9,2.0,2.8,2.6,2.1,3.6,1.4,1.2,5.3,3.9,2.4,4.7,3.6,2.4,2.1,3.9,4.2,4.5,4.2,3.8,3.8,5.7,4.6,3.0,3.3,3.2,1.8,0.6,4.2,1.7,3.7,3.3,2.3,4.0,2.8,3.5,3.8,3.6,4.4,2.2,2.8,2.7,1.9,3.3,3.3,4.0,3.1,1.5,3.8,0.8,4.3,3.8,3.9,4.8,1.8,0.3,2.8,2.4,3.6,3.8,1.3,3.3,2.4,2.7,3.5,1.8,4.2,3.1,2.3,2.9,3.3,4.4,3.1,2.3,1.7,3.3,1.3,2.6,1.3,5.0,4.3,2.8,4.8,4.2,2.2,3.4,4.2,4.2,3.4,3.9,3.0,2.5,5.3,2.8,1.7,3.9,1.9,5.3,2.9,4.1,2.1,3.9,5.0,3.1,4.0,1.5,2.6,4.6,3.2,3.0,1.8,3.8,3.1,2.9,3.4,1.9,4.4,2.8,3.8,3.1,1.9,4.1,2.3,4.3,5.2,3.1,3.4,1.7,3.1,2.7,3.2,1.9,3.3,3.2,3.2,2.4,2.3,3.7,2.8,3.2,3.4,3.8,2.2,1.7,3.8,4.1,2.1,1.0,4.0,4.0,1.7,2.1,1.2,4.0,4.5,3.7,4.8,3.5,2.5,6.1,5.0,2.6,2.1,2.1,0.3,4.5,3.4,3.4,3.4,3.1,2.4,3.6,3.9,2.8,2.1,1.5,3.1,4.2,3.3,2.2,2.4,0.3,3.1,3.4,3.6,4.5,3.5,1.8,2.6,1.0,4.2,3.0,3.0,2.7,3.0,2.7,3.0,4.4,2.3,2.7,2.7,1.7,2.2,4.1,0.9,4.1,3.1,6.1,2.3,3.2,2.7,3.8,2.9,3.2,2.5,3.6,1.6,2.9,4.4,2.0,3.6,2.7,3.0,2.3,2.5,3.8,3.9,1.8,1.1,2.4,3.7,2.3,3.4,3.2,2.8,3.2,3.5,1.9,4.3,1.7,4.0,3.5,2.8,4.3,4.6,3.3,3.8,2.3,2.8,2.7,2.1,1.8,3.2,3.6,2.9,4.0,3.3,3.0,2.3,3.7,3.1,3.2,3.8,3.1,4.1,3.6,4.1,3.8,1.6,3.6,2.4,3.0,3.9,3.2,2.0,3.1,3.1,3.8,2.6,2.9,3.4,4.4,1.4,4.4,1.3,1.7,4.5,2.4,3.2,3.0,3.5,3.5,4.7,3.8,2.1,4.1,4.3,4.2,4.9,0.9,2.3,2.3,3.7,2.5,3.2,2.3,3.3,4.6,1.6,1.0,1.3,3.8,4.7,3.6,4.3,2.1,2.7,2.4,2.9,2.6,3.2,2.4,2.3,3.2,3.0,3.0,2.4,2.9,3.4,3.1,3.4,5.6,1.6,1.6,2.9,1.5,1.2,6.4,2.5,3.3,1.2,4.8,3.2,1.9,2.0,2.9,3.4,2.8,2.6,2.9,4.4,3.8,2.7,3.7,4.5,3.4,2.9,3.3,3.2,0.3,2.4,0.8,3.4,1.8,2.1,4.5,1.9,3.1,3.7,4.2,3.3,4.3,2.4,3.1,2.3,2.7,1.8,3.2,3.7,3.5,2.5,1.1,2.3,2.4,2.6,3.6,3.6,3.5,2.6,3.6,2.9,4.7,0.5,4.7,3.9,4.9,3.0,1.7,3.0,2.9,1.9,4.0,3.4,2.2,2.6,5.3,4.2,3.0,4.3,3.4,2.6,3.3,1.7,1.2,3.7,2.7,3.6,2.7,3.5,3.2,3.2,1.4,2.9,3.1,2.9,1.7,4.1,3.5,3.3,2.7,3.6,2.2,1.6,1.5,2.8,2.2,2.7,3.8,3.5,2.9,4.2,4.9,1.8,1.6,3.1,3.8,3.4,4.2,1.7,2.6,3.1,3.8,2.4,1.9,4.4,4.8,4.0,3.7,1.9,4.5,2.4,2.8,1.6,2.5,3.6,2.3,2.3,2.2,5.3,4.2,4.6,2.3,3.5,4.1,5.3,3.7,2.0,1.6,3.1,2.7,4.7,2.8,2.8,3.8,2.3,3.5,3.5,3.1,3.3,4.0,2.6,3.5,4.2,4.3,3.9,1.7,4.2,3.8,3.6,3.9,4.1,4.8,4.2,3.3,3.5,0.8,2.4,2.8,3.9,4.2,3.5,3.6,2.9,2.3,6.0,3.4,3.2,4.5,3.1,3.8,1.0,0.8,2.8,4.3,2.1,2.1,3.3,2.6,3.0,2.6,3.3,2.8,2.7,2.4,3.0,3.0,2.9,3.4,4.8,1.6,4.3,4.7,3.0,5.4,3.2,3.6,2.5,3.5,3.7,2.0,2.8,2.1,2.9,3.5,4.2,3.4,1.8,3.4,2.3,3.6,4.1,3.8,3.5,2.2,2.3,2.3,2.3,2.0,3.1,2.7,4.3,2.9,1.4,4.1,3.2,3.0,4.2,2.9,3.7,3.0,2.0,3.0,5.3,2.1,3.8,4.6,2.2,3.8,2.5,2.6,4.0,3.2,3.8,3.3,3.5,4.5,2.5,5.9,3.5,3.6,4.0,3.6,4.3,4.5,3.2,2.6,1.4,3.4,2.1,5.4,3.4,1.5,3.5,1.4,3.6,3.8,3.4,2.0,4.3,5.0,4.5,1.9,4.2,2.8,4.2,4.9,3.0,3.1,3.7,3.8,3.5,4.1,1.0,2.5,3.4,3.0,2.7,3.5,3.5,4.2,3.1,4.1,1.9,4.1,3.5,2.1,3.4,2.8,1.7,2.7,3.4,3.0,3.4,3.0,4.6,4.0,3.5,4.1,3.0,2.0,2.2,3.3,2.6,4.3,3.6,1.3,1.4,1.3,2.8,2.2,4.2,3.6,3.5,1.1,2.7,4.1,2.9,1.9,2.8,3.1,0.8,3.7,3.6,3.4,1.7,4.4,2.4,3.7,3.0,4.7,2.3,2.1,4.6,4.3,3.5,0.9,2.8,4.6,2.5,4.0,4.1,2.6,3.7,2.0,1.4,1.6,3.7,3.0,2.9,4.1,4.8,1.8,2.1,2.6,3.4,3.9,3.0,3.0,2.7,2.3,4.0,3.8,1.9,3.8,3.6,0.3,4.0,3.2,3.1,4.2,4.3,1.0,3.3,3.8,4.2,1.9,3.4,2.6,3.3,2.7,5.1,3.7,4.4,3.0,4.0,3.7,0.5,2.9,3.8,2.8,4.0,4.4,3.1,4.7,3.4,2.8,2.7,2.5,2.5,2.1,2.7,2.9,2.5,3.9,2.4,3.9]}},{"type":"Feature","geometry":{"type":"LineString","coordinates":[[71.6284,15.9714],[71.6276,15.9756],[71.6246,15.9829],[71.6199,15.9848],[71.6171,15.9922],[71.6173,15.9966],[71.6166,16.0045],[71.6163,16.0084],[71.6224,16.0148],[71.6237,16.0201],[71.6268,16.0256],[71.6289,16.029],[71.6335,16.0368],[71.6337,16.043],[71.6302,16.0486],[71.6289,16.0528],[71.635,16.0585],[71.6384,16.0607],[71.6458,16.0624],[71.6499,16.063],[71.6556,16.0596],[71.6545,16.055],[71.65,16.0491],[71.6523,16.0448],[71.6585,16.0396],[71.6636,16.037],[71.6694,16.0421],[71.6702,16.0469],[71.676,16.0505],[71.6797,16.0472],[71.6871,16.0449],[71.6905,16.0472],[71.6971,16.0498],[71.7029,16.0499],[71.7111,16.0454],[71.7164,16.0429],[71.7236,16.0389],[71.7274,16.0373],[71.7284,16.0301],[71.7263,16.026],[71.7186,16.0253],[71.7133,16.0221],[71.7062,16.0165],[71.7049,16.0129],[71.6989,16.0059],[71.6972,16.0024],[71.6994,15.9969],[71.704,15.996],[71.7108,15.9946],[71.716,15.9917],[71.7133,15.9867],[71.7115,15.9813],[71.7094,15.9753],[71.71,15.9698],[71.7115,15.9631],[71.7125,15.9592],[71.7195,15.9581],[71.7219,15.9617],[71.7208,15.9714],[71.7214,15.9756],[71.7161,15.98],[71.7108,15.982],[71.7046,15.9839],[71.6986,15.9865],[71.691,15.9876],[71.6863,15.9842],[71.6808,15.9816],[71.676,15.9794],[71.6747,15.9706],[71.6782,15.9653],[71.6795,15.9597],[71.6827,15.958],[71.6901,15.9583],[71.6922,15.9623],[71.6994,15.9649],[71.7022,15.9662],[71.7045,15.9729],[71.709,15.9762],[71.716,15.9803],[71.722,15.982],[71.7256,15.9871],[71.7279,15.9906],[71.7335,15.9906],[71.7384,15.9936],[71.7478,15.9908],[71.7523,15.9898],[71.7592,15.9858],[71.7638,15.984],[71.771,15.9865],[71.7732,15.9903],[71.7719,15.997],[71.7727,16.0038],[71.781,16.0075],[71.7839,16.0108],[71.789,16.0151],[71.7906,16.0175],[71.7921,16.0239],[71.7939,16.0298],[71.7962,16.0376],[71.7968,16.0426],[71.8016,16.0475],[71.8026,16.0508],[71.807,16.0549],[71.8078,16.0599],[71.8068,16.0661],[71.8044,16.0687],[71.7964,16.07],[71.7912,16.0701],[71.7842,16.068],[71.7815,16.0642],[71.7742,16.062],[71.7702,16.0643],[71.763,16.0668],[71.7584,16.0682],[71.7519,16.0743],[71.7507,16.0782],[71.7501,16.0844],[71.7535,16.0854],[71.7613,16.0789],[71.7644,16.0777],[71.7718,16.0795],[71.7761,16.0821],[71.7813,16.0874],[71.7817,16.0924],[71.788,16.0965],[71.7921,16.0953],[71.7998,16.092],[71.7999,16.0876],[71.8042,16.0825],[71.8062,16.0795],[71.8121,16.0775],[71.8172,16.0794],[71.8244,16.0777],[71.8293,16.0782],[71.8355,16.0787],[71.84,16.0778],[71.8432,16.072],[71.8438,16.0674],[71.843,16.062],[71.8463,16.0595],[71.8538,16.0584],[71.8589,16.0584],[71.8665,16.0581],[71.8732,16.0573],[71.8794,16.0577],[71.8852,16.0565],[71.8858,16.0502],[71.8858,16.0456],[71.883,16.0368],[71.881,16.0317],[71.8767,16.027],[71.8747,16.024],[71.8696,16.0203],[71.8669,16.0155],[71.8687,16.0086],[71.8724,16.0077],[71.8752,16.0125],[71.8735,16.0169],[71.8685,16.0207],[71.8626,16.023],[71.8587,16.0269],[71.8528,16.0277],[71.8464,16.0266],[71.8417,16.0287],[71.8388,16.0353],[71.8363,16.0403],[71.8357,16.0475],[71.8381,16.0515],[71.8438,16.0575],[71.8472,16.0623],[71.8408,16.0674],[71.8398,16.0718],[71.844,16.076],[71.8458,16.0816],[71.8509,16.0865],[71.8541,16.0906],[71.855,16.0961],[71.857,16.0997],[71.8545,16.1087],[71.8541,16.1133],[71.8502,16.1191],[71.8444,16.1218],[71.8375,16.1216],[71.8336,16.1192],[71.8294,16.1122],[71.8284,16.1083],[71.8263,16.1021],[71.8208,16.0995],[71.8143,16.0984],[71.8102,16.0966],[71.8029,16.0925],[71.7995,16.0888],[71.7994,16.0817],[71.7955,16.0791],[71.7902,16.0748],[71.7885,16.0713],[71.7821,16.0716],[71.7775,16.0732],[71.774,16.0679],[71.7743,16.0623],[71.7763,16.0549],[71.7794,16.051],[71.7776,16.0424],[71.7742,16.0377],[71.7667,16.037],[71.7624,16.0396],[71.7556,16.0395],[71.7526,16.0353],[71.7471,16.031],[71.7445,16.0333],[71.7389,16.0379],[71.7357,16.0405],[71.7295,16.0412],[71.723,16.0411],[71.7148,16.0437],[71.7099,16.0426],[71.7026,16.0438],[71.6973,16.0471],[71.6956,16.0526],[71.692,16.0557],[71.6868,16.0614],[71.6826,16.0616],[71.6764,16.065],[71.6717,16.0698],[71.6657,16.0741],[71.6617,16.0791],[71.6546,16.0759],[71.6477,16.0753],[71.6445,16.0809],[71.6405,16.0865],[71.6386,16.0956],[71.6394,16.0999],[71.6454,16.1043],[71.6509,16.1069],[71.6538,16.1127],[71.6564,16.1175],[71.6489,16.1219],[71.6433,16.1213],[71.6373,16.1224],[71.6343,16.1192],[71.6307,16.1136],[71.6258,16.1104],[71.6218,16.1043],[71.6192,16.1007],[71.6122,16.0959],[71.6063,16.0962],[71.5996,16.0997],[71.5956,16.1017],[71.5897,16.1068],[71.5852,16.1099],[71.5773,16.111],[71.5733,16.114],[71.5665,16.1168],[71.5618,16.1172],[71.5559,16.113],[71.5551,16.109],[71.5493,16.1059],[71.545,16.1067],[71.5388,16.1075],[71.5342,16.1094],[71.5317,16.1164],[71.5288,16.1192],[71.5228,16.121],[71.5176,16.1204],[71.5101,16.1201],[71.5049,16.1195],[71.499,16.1156],[71.5026,16.1127],[71.5074,16.1142],[71.5116,16.1174],[71.5189,16.1202],[71.5235,16.1228],[71.5265,16.1296],[71.5236,16.1329],[71.5155,16.1359],[71.5117,16.1407],[71.5077,16.1474],[71.5041,16.1539],[71.4999,16.1592],[71.4952,16.1618],[71.4889,16.1673],[71.4871,16.1715],[71.4843,16.1785],[71.4831,16.184],[71.4817,16.1914],[71.4797,16.1966],[71.4725,16.1987],[71.4677,16.1964],[71.4655,16.1894],[71.461,16.1856],[71.4596,16.1782],[71.4562,16.1756],[71.4547,16.1697],[71.4578,16.1648],[71.4631,16.1579],[71.4686,16.1576],[71.4755,16.1571],[71.4808,16.1547],[71.4874,16.1524],[71.4916,16.1493],[71.4945,16.1418],[71.4974,16.1376],[71.5039,16.1328],[71.5086,16.1332],[71.5132,16.1262],[71.5152,16.1231],[71.5196,16.1189],[71.5237,16.1176],[71.5308,16.1152],[71.5339,16.1102],[71.5382,16.1047],[71.5427,16.1022],[71.5509,16.1015],[71.554,16.0974],[71.552,16.09],[71.5521,16.085],[71.5579,16.0804],[71.5615,16.0778],[71.5666,16.0751],[71.5648,16.0702],[71.5651,16.0637],[71.5658,16.058],[71.5671,16.0507],[71.5638,16.0457],[71.5621,16.0386],[71.5617,16.0333],[71.5626,16.0252],[71.5671,16.0225],[71.5761,16.0213],[71.5807,16.0189],[71.5823,16.0134],[71.5783,16.0088],[71.5725,16.0036],[71.5718,16.0004],[71.5747,15.993],[71.5771,15.9893],[71.5831,15.9828],[71.5835,15.9794],[71.5861,15.9734],[71.5868,15.9698],[71.5859,15.9627],[71.582,15.9584],[71.5763,15.954],[71.5721,15.9499],[71.5695,15.9414],[71.5708,15.9366],[71.5758,15.9313],[71.5808,15.9307],[71.5879,15.9284],[71.5913,15.924],[71.591,15.9167],[71.587,15.9127],[71.583,15.9073],[71.5802,15.9029],[71.5815,15.8955],[71.5806,15.8916],[71.583,15.8847],[71.5821,15.8795],[71.5809,15.8731],[71.5784,15.8698],[71.5723,15.8653],[71.57,15.8622],[71.5712,15.8557],[71.5733,15.8519],[71.5689,15.8486],[71.5664,15.8463],[71.5663,15.8383],[71.5673,15.8345],[71.5683,15.8263],[71.5705,15.8225],[71.5721,15.8141],[71.5724,15.8086],[71.5742,15.8022],[71.5784,15.799],[71.5857,15.7993],[71.5907,15.8003],[71.5965,15.7943],[71.5994,15.7907],[71.606,15.7899],[71.6098,15.7865],[71.6156,15.7815],[71.6205,15.7789],[71.6232,15.7739],[71.6224,15.7687],[71.6203,15.7603],[71.62,15.7546],[71.621,15.7474],[71.6206,15.7423],[71.6268,15.7366],[71.6326,15.7359],[71.6392,15.7346],[71.6437,15.7328],[71.6496,15.7252],[71.6536,15.7225],[71.6608,15.7249],[71.6636,15.7287],[71.6615,15.737],[71.6621,15.7417],[71.666,15.7475],[71.668,15.751],[71.676,15.7546],[71.6797,15.7587],[71.6802,15.7665],[71.6785,15.7707],[71.6735,15.7769],[71.6702,15.779],[71.6715,15.7876],[71.6742,15.7916],[71.6702,15.7982],[71.6656,15.8006],[71.6601,15.8056],[71.6575,15.8084],[71.6558,15.8163],[71.655,15.8204],[71.65,15.8268],[71.6465,15.83],[71.6412,15.8335],[71.6359,15.8345],[71.6278,15.8346],[71.6235,15.8355],[71.6173,15.8423],[71.6154,15.8453],[71.6127,15.8534],[71.6145,15.8561],[71.6126,15.8623],[71.6134,15.867],[71.615,15.8749],[71.6167,15.8789],[71.6229,15.8829],[71.6267,15.8851],[71.6314,15.8898],[71.6341,15.8922],[71.6409,15.8982],[71.6405,15.9046],[71.6413,15.9108],[71.6436,15.9162],[71.6493,15.9198],[71.6535,15.9224],[71.6601,15.9248],[71.6643,15.9258],[71.67,15.9294],[71.6728,15.9348],[71.6799,15.9351],[71.6827,15.9395],[71.6813,15.9459],[71.6779,15.9498],[71.6718,15.953],[71.6678,15.9518],[71.663,15.9469],[71.6582,15.9456],[71.6514,15.9429],[71.6462,15.9416],[71.6384,15.9404],[71.6337,15.9423],[71.6319,15.9489],[71.6304,15.9532],[71.6256,15.9582],[71.6278,15.962],[71.635,15.9637],[71.6407,15.9622],[71.647,15.9599],[71.6519,15.9581],[71.66,15.9563],[71.6628,15.9605],[71.6643,15.9691],[71.6657,15.9733],[71.671,15.9772],[71.6747,15.9811],[71.6766,15.9889],[71.6758,15.9939],[71.6762,16.003],[71.6732,16.0039],[71.6655,16.0052],[71.6629,16.0091],[71.6585,16.0165],[71.6558,16.0216],[71.6555,16.0293],[71.6524,16.0324],[71.6501,16.0378],[71.6499,16.0432],[71.6547,16.0482],[71.6507,16.0519],[71.6426,16.0556],[71.6377,16.0579],[71.6311,16.061],[71.6278,16.0636],[71.6235,16.0692],[71.6194,16.0727],[71.6159,16.08],[71.611,16.0837],[71.6065,16.0884],[71.6054,16.0915],[71.6037,16.0975],[71.6028,16.1029],[71.6072,16.108],[71.6109,16.1047],[71.617,16.0987],[71.6222,16.0992],[71.6292,16.0994],[71.6338,16.1018],[71.638,16.1048],[71.6404,16.1079],[71.6419,16.1158],[71.6413,16.1207],[71.637,16.1278],[71.6338,16.1311],[71.6318,16.1372],[71.6331,16.144],[71.6336,16.1511],[71.6334,16.1553],[71.6324,16.1599],[71.6291,16.1638],[71.6239,16.171],[71.6179,16.1743],[71.6163,16.1804],[71.612,16.1839],[71.6065,16.1855],[71.602,16.1878],[71.5971,16.1931],[71.5931,16.1962],[71.587,16.1966],[71.5836,16.194],[71.5778,16.1898],[71.5728,16.187],[71.5647,16.1843],[71.5604,16.1877],[71.5586,16.1957],[71.5572,16.2005],[71.5559,16.2057],[71.5528,16.2093],[71.5487,16.2158],[71.5487,16.2203],[71.5533,16.2276],[71.5557,16.2318],[71.5575,16.2371],[71.5541,16.2398],[71.5433,16.2423],[71.5383,16.245],[71.5312,16.2453],[71.5275,16.2419],[71.5284,16.237],[71.532,16.2337],[71.5392,16.2328],[71.543,16.2316],[71.5463,16.2256],[71.547,16.2208],[71.5453,16.2139],[71.5412,16.2113],[71.5376,16.2078],[71.5324,16.2059],[71.526,16.2086],[71.525,16.212],[71.5223,16.2211],[71.5233,16.2245],[71.5299,16.2257],[71.5345,16.2272],[71.5402,16.2297],[71.5455,16.2323],[71.5497,16.2376],[71.5523,16.2413],[71.5575,16.2449],[71.5632,16.2462],[71.5699,16.2479],[71.5745,16.2511],[71.5819,16.254],[71.586,16.2552],[71.5914,16.2486],[71.5926,16.2425],[71.5965,16.237],[71.5988,16.232],[71.6061,16.232],[71.6121,16.2308],[71.6202,16.2309],[71.6251,16.2286],[71.6293,16.2218],[71.6355,16.2196],[71.6435,16.222],[71.6482,16.2219],[71.6564,16.2192],[71.6598,16.2173],[71.6608,16.21],[71.6601,16.2062],[71.6645,16.1997],[71.6626,16.1953],[71.6573,16.1897],[71.6525,16.1875],[71.6472,16.1865],[71.6428,16.1825],[71.6377,16.1806],[71.6363,16.1857],[71.6372,16.1926],[71.6388,16.197],[71.6326,16.2012],[71.6311,16.2057],[71.6324,16.2118],[71.6319,16.2155],[71.6364,16.2183],[71.6405,16.2208],[71.6491,16.2233],[71.6535,16.2229],[71.6611,16.223],[71.6654,16.2224],[71.6732,16.2216],[71.6774,16.2178],[71.6696,16.2132],[71.6658,16.2115],[71.6591,16.2131],[71.6552,16.2153],[71.6507,16.2192],[71.6471,16.2216],[71.64,16.2197],[71.6354,16.2181],[71.6288,16.2158],[71.6239,16.2136],[71.62,16.2051],[71.6231,16.2003],[71.6308,16.1989],[71.6351,16.1965],[71.6391,16.1891],[71.64,16.1845],[71.6433,16.1777],[71.6405,16.1747],[71.6311,16.1752],[71.6255,16.175],[71.6177,16.1754],[71.6118,16.1759],[71.6036,16.1789],[71.6,16.1796],[71.5933,16.18],[71.5871,16.1815],[71.579,16.1849],[71.5748,16.1841],[71.5687,16.1883],[71.5649,16.1925],[71.5591,16.1918],[71.5545,16.1892],[71.5491,16.1905],[71.5466,16.1948],[71.5439,16.2013],[71.5433,16.2073],[71.5399,16.2133],[71.537,16.2188],[71.5318,16.2224],[71.5274,16.2257],[71.5199,16.2292],[71.514,16.2311],[71.5062,16.2312],[71.5009,16.2299],[71.4934,16.228],[71.49,16.2259],[71.4858,16.2214],[71.4829,16.2166],[71.4821,16.2102],[71.4859,16.2076],[71.495,16.2051],[71.4991,16.2023],[71.504,16.1963],[71.5042,16.191],[71.4987,16.1859],[71.4955,16.1871],[71.4912,16.191],[71.4868,16.1934],[71.479,16.1942],[71.4744,16.1953],[71.4706,16.2021],[71.4706,16.2056],[71.4672,16.2125],[71.4636,16.2164],[71.4579,16.2225],[71.454,16.2261],[71.4489,16.2323],[71.4469,16.2379],[71.4415,16.2374],[71.4361,16.238],[71.429,16.2395],[71.4245,16.2396],[71.4197,16.2444],[71.4167,16.2492],[71.41,16.2501],[71.4051,16.2519],[71.3991,16.256],[71.3945,16.2572],[71.3892,16.2639],[71.3848,16.2673],[71.3769,16.2709],[71.3742,16.2756],[71.3674,16.2793],[71.3644,16.2804],[71.3556,16.2798],[71.3512,16.2807],[71.3493,16.2864],[71.3465,16.2901],[71.3469,16.2976],[71.3446,16.3026],[71.3407,16.3089],[71.3391,16.3132],[71.3385,16.3216],[71.3381,16.3268],[71.3398,16.3333],[71.3429,16.3367],[71.348,16.3413],[71.3515,16.3443],[71.3564,16.3496],[71.3577,16.3555],[71.3614,16.3621],[71.3588,16.3654],[71.3554,16.3725],[71.3541,16.3763],[71.3514,16.382],[71.3532,16.3864],[71.3608,16.3895],[71.3657,16.3902],[71.3748,16.3897],[71.378,16.3866],[71.3829,16.3824],[71.3882,16.3828],[71.396,16.3811],[71.3992,16.3761],[71.3926,16.3704],[71.388,16.3708],[71.3819,16.3693],[71.3785,16.3667],[71.3712,16.3657],[71.3664,16.3651],[71.359,16.3668],[71.356,16.3693],[71.3551,16.3766],[71.355,16.3812],[71.3496,16.3877],[71.3479,16.3914],[71.3446,16.3984],[71.3424,16.4011],[71.3402,16.4081],[71.3399,16.4126],[71.3448,16.4194],[71.3498,16.4215],[71.3553,16.4249],[71.3604,16.4246],[71.3672,16.4248],[71.3719,16.4252],[71.3773,16.4284],[71.3828,16.4316],[71.39,16.4348],[71.3949,16.4329],[71.4029,16.4368],[71.4014,16.441],[71.3971,16.4462],[71.3953,16.4517],[71.4011,16.456],[71.4072,16.454],[71.4154,16.451],[71.4211,16.4521],[71.4236,16.4604],[71.4233,16.4651],[71.4239,16.4722],[71.4274,16.4766],[71.433,16.481],[71.4348,16.4859],[71.4363,16.4918],[71.4371,16.4962],[71.4318,16.5003],[71.4266,16.5032],[71.4192,16.5068],[71.4167,16.5105],[71.4146,16.5171],[71.4164,16.5212],[71.4232,16.5271],[71.4264,16.5259],[71.4328,16.5252],[71.4375,16.5242],[71.4425,16.5192],[71.4453,16.5152],[71.4447,16.5081],[71.4471,16.5025],[71.453,16.4983],[71.458,16.498],[71.4643,16.5014],[71.4656,16.506],[71.4668,16.5128],[71.4661,16.5177],[71.462,16.5205],[71.459,16.5238],[71.4527,16.5223],[71.4474,16.5219],[71.4476,16.5275],[71.4481,16.5334],[71.4458,16.5413],[71.4442,16.5451],[71.4449,16.5534],[71.4434,16.5595],[71.4461,16.5661],[71.444,16.5717],[71.438,16.5763],[71.4347,16.5801],[71.4324,16.5877],[71.4317,16.5918],[71.431,16.5972],[71.4359,16.6021],[71.4418,16.6003],[71.4457,16.6012],[71.4513,16.6055],[71.4563,16.6072],[71.4624,16.6074],[71.4661,16.6044],[71.4752,16.6026],[71.4784,16.6026],[71.4861,16.602],[71.4909,16.6057],[71.4976,16.6069],[71.5,16.6099],[71.4964,16.6167],[71.4927,16.6215],[71.4916,16.6264],[71.498,16.6287],[71.5042,16.6285],[71.5085,16.6265],[71.5158,16.6265],[71.5205,16.6255],[71.519,16.6192],[71.5166,16.6138],[71.5166,16.6064],[71.5198,16.6019],[71.5231,16.5981],[71.5282,16.597],[71.5368,16.5969],[71.5435,16.5935],[71.5471,16.5877],[71.5512,16.5849],[71.5569,16.5815],[71.5611,16.5787],[71.5639,16.5721],[71.5632,16.5666],[71.5581,16.5622],[71.5525,16.5599],[71.5471,16.5571],[71.5426,16.5582],[71.541,16.5641],[71.5434,16.5686],[71.5449,16.5751],[71.5431,16.5799],[71.5478,16.5868],[71.5518,16.5904],[71.5506,16.5985],[71.548,16.6007],[71.5415,16.605],[71.5385,16.6084],[71.5315,16.6117],[71.5287,16.609],[71.5334,16.6048],[71.5383,16.602],[71.5424,16.5958],[71.5439,16.5917],[71.5456,16.5831],[71.5469,16.5782],[71.5519,16.576],[71.556,16.5761],[71.5636,16.5745],[71.5678,16.5763],[71.5743,16.5768],[71.5795,16.5792],[71.5846,16.5827],[71.5885,16.5835],[71.5945,16.5811],[71.5968,16.5768],[71.602,16.5736],[71.6062,16.57],[71.6068,16.565],[71.6032,16.5608],[71.6026,16.5539],[71.6052,16.5506],[71.6092,16.546],[71.6105,16.542],[71.6077,16.5362],[71.6042,16.532],[71.6021,16.5387],[71.6017,16.5425],[71.6009,16.5508],[71.5978,16.5556],[71.5966,16.562],[71.5947,16.5669],[71.5952,16.5749],[71.5956,16.5791],[71.5963,16.5868],[71.5926,16.5893],[71.5884,16.5954],[71.5855,16.6003],[71.5812,16.6062],[71.5801,16.6103],[71.5744,16.6144],[71.5697,16.6165],[71.5653,16.6232],[71.5621,16.6275],[71.5559,16.6319],[71.5515,16.6319],[71.5432,16.635],[71.5385,16.6345],[71.5319,16.6332],[71.5264,16.6356],[71.5177,16.6347],[71.5135,16.6323],[71.5072,16.6262],[71.5029,16.6231],[71.495,16.6213],[71.4907,16.6208],[71.4841,16.6216],[71.4786,16.6206],[71.4702,16.625],[71.4704,16.6296],[71.4741,16.6375],[71.4776,16.6408],[71.4788,16.6457],[71.4761,16.649],[71.4721,16.6551],[71.4723,16.659],[71.4691,16.6628],[71.466,16.6652],[71.4615,16.6701],[71.4577,16.6704],[71.4525,16.6692],[71.4479,16.6648],[71.443,16.6603],[71.4378,16.6581],[71.4315,16.6584],[71.4277,16.6538],[71.419,16.6519],[71.4149,16.652],[71.41,16.657],[71.404,16.6603],[71.3997,16.6551],[71.3993,16.6497],[71.3998,16.6409],[71.4038,16.6386],[71.4104,16.6391],[71.4166,16.639],[71.4229,16.635],[71.4252,16.6315],[71.4299,16.6281],[71.4333,16.6224],[71.4392,16.6215],[71.4443,16.6199],[71.4436,16.6116],[71.4413,16.6066],[71.4382,16.6001],[71.4362,16.5959],[71.4333,16.5903],[71.4312,16.5869],[71.4245,16.5842],[71.4203,16.5819],[71.4165,16.577],[71.4141,16.5719],[71.4115,16.5662],[71.4099,16.5613],[71.4135,16.5551],[71.4191,16.5524],[71.4264,16.548],[71.4312,16.5448],[71.44,16.5451],[71.4421,16.5425],[71.438,16.535],[71.4382,16.5311],[71.4377,16.5251],[71.4427,16.5221],[71.4489,16.5187],[71.4543,16.5196],[71.4622,16.5219],[71.4669,16.5206],[71.465,16.5139],[71.4601,16.5121],[71.4548,16.5077],[71.4528,16.5028],[71.4545,16.4953],[71.4523,16.4906],[71.446,16.4897],[71.441,16.4908],[71.4333,16.4913],[71.4284,16.4943],[71.4194,16.4981],[71.4127,16.4985],[71.4037,16.5024],[71.4,16.5056],[71.3959,16.512],[71.3969,16.5178],[71.403,16.5248],[71.4059,16.5284],[71.4108,16.5346],[71.4144,16.5375],[71.4217,16.5377],[71.4264,16.5362],[71.4326,16.5395],[71.435,16.5448],[71.4362,16.5519],[71.434,16.5558],[71.4299,16.5605],[71.4252,16.5604],[71.4304,16.566],[71.4369,16.5679],[71.4436,16.5676],[71.4494,16.5711],[71.4563,16.572],[71.4614,16.5728],[71.4692,16.5706],[71.4739,16.5695],[71.4812,16.5725],[71.4867,16.571],[71.493,16.5673],[71.4977,16.5656],[71.5045,16.5665],[71.5107,16.5659],[71.5126,16.5612],[71.5089,16.5577],[71.5053,16.5521],[71.5017,16.5478],[71.4946,16.5454],[71.4895,16.5441],[71.4824,16.5474],[71.4806,16.553],[71.474,16.5583],[71.4697,16.5603],[71.4622,16.5601],[71.4578,16.5591],[71.4508,16.5598],[71.4461,16.5594],[71.4404,16.5582],[71.4348,16.5576],[71.4279,16.5534],[71.4232,16.5544],[71.4201,16.5502],[71.4189,16.5447],[71.4199,16.5356],[71.4169,16.5309],[71.4123,16.5254],[71.4099,16.5233],[71.4112,16.5159],[71.4163,16.5131],[71.4223,16.5079],[71.4256,16.5059],[71.4314,16.5038],[71.434,16.5083],[71.4372,16.5133],[71.4433,16.5149],[71.4435,16.5237],[71.443,16.5276],[71.4464,16.5323],[71.4481,16.5355],[71.4524,16.5421],[71.4562,16.5438],[71.4641,16.5463],[71.4692,16.5472],[71.4749,16.5447],[71.4789,16.5414],[71.4876,16.5389],[71.4926,16.5398],[71.4996,16.5399],[71.5033,16.5422],[71.5081,16.5362],[71.5097,16.5307],[71.508,16.5228],[71.5089,16.5177],[71.51,16.5102],[71.511,16.5067],[71.5116,16.5013],[71.5122,16.4962],[71.5113,16.4885],[71.5151,16.4868],[71.5251,16.4868],[71.5315,16.4876],[71.5413,16.4907],[71.5449,16.4933],[71.5525,16.4977],[71.5569,16.4996],[71.5622,16.4981],[71.5654,16.4997],[71.5718,16.5059],[71.5769,16.5073],[71.5841,16.5125],[71.5895,16.5153],[71.5942,16.5209],[71.5997,16.5226],[71.6061,16.5265],[71.6039,16.5308],[71.5961,16.5309],[71.5924,16.5305],[71.5844,16.5318],[71.5785,16.5318],[71.5709,16.5334],[71.5664,16.5338],[71.5596,16.5296],[71.555,16.526],[71.553,16.5188],[71.5573,16.5166],[71.5636,16.5161],[71.5693,16.5175],[71.5737,16.52],[71.5768,16.5238],[71.5825,16.5281],[71.5848,16.5308],[71.5918,16.5359],[71.5953,16.5392],[71.6016,16.5426],[71.6051,16.5441],[71.6106,16.5493],[71.6144,16.5516],[71.6213,16.5559],[71.6263,16.5551],[71.6326,16.5582],[71.6373,16.5614],[71.6371,16.5701],[71.6374,16.5738],[71.6366,16.581],[71.6367,16.5858],[71.6365,16.593],[71.6409,16.5955],[71.6489,16.5897],[71.6529,16.5857],[71.655,16.5798],[71.6542,16.5749],[71.6542,16.5706],[71.6571,16.5664],[71.6619,16.5622],[71.6678,16.5609],[71.6758,16.5593],[71.6792,16.5555],[71.6811,16.549],[71.6809,16.5445],[71.679,16.5379],[71.6786,16.5333],[71.6725,16.5284],[71.6681,16.5264],[71.66,16.5281],[71.6553,16.5301],[71.6514,16.5353],[71.651,16.5393],[71.6568,16.5437],[71.6614,16.5462],[71.6589,16.5519],[71.6582,16.555],[71.6588,16.5597],[71.6612,16.5638],[71.6678,16.5675],[71.6702,16.5714],[71.6695,16.5792],[71.666,16.5836],[71.6669,16.592],[71.6687,16.5977],[71.676,16.6009],[71.681,16.6004],[71.6879,16.5994],[71.6947,16.6015],[71.6989,16.6061],[71.7029,16.6105],[71.7086,16.6135],[71.7131,16.6137],[71.7196,16.6099]]},"properties":{"mmsi":992538565,"name":"SYN-FSH-01","role":"background","vessel_type":30,"synthetic":true,"t_offset_s":[-259200,-258960,-258600,-258360,-258000,-257760,-257400,-257160,-256800,-256560,-256200,-255960,-255600,-255360,-255000,-254760,-254400,-254160,-253800,-253560,-253200,-252960,-252600,-252360,-252000,-251760,-251400,-251160,-250800,-250560,-250200,-249960,-249600,-249360,-249000,-248760,-248400,-248160,-247800,-247560,-247200,-246960,-246600,-246360,-246000,-245760,-245400,-245160,-244800,-244560,-244200,-243960,-243600,-243360,-243000,-242760,-242400,-242160,-241800,-241560,-241200,-240960,-240600,-240360,-240000,-239760,-239400,-239160,-238800,-238560,-238200,-237960,-237600,-237360,-237000,-236760,-236400,-236160,-235800,-235560,-235200,-234960,-234600,-234360,-234000,-233760,-233400,-233160,-232800,-232560,-232200,-231960,-231600,-231360,-231000,-230760,-230400,-230160,-229800,-229560,-229200,-228960,-228600,-228360,-228000,-227760,-227400,-227160,-226800,-226560,-226200,-225960,-225600,-225360,-225000,-224760,-224400,-224160,-223800,-223560,-223200,-222960,-222600,-222360,-222000,-221760,-221400,-221160,-220800,-220560,-220200,-219960,-219600,-219360,-219000,-218760,-218400,-218160,-217800,-217560,-217200,-216960,-216600,-216360,-216000,-215760,-215400,-215160,-214800,-214560,-214200,-213960,-213600,-213360,-213000,-212760,-212400,-212160,-211800,-211560,-211200,-210960,-210600,-210360,-210000,-209760,-209400,-209160,-208800,-208560,-208200,-207960,-207600,-207360,-207000,-206760,-206400,-206160,-205800,-205560,-205200,-204960,-204600,-204360,-204000,-203760,-203400,-203160,-202800,-202560,-202200,-201960,-201600,-201360,-201000,-200760,-200400,-200160,-199800,-199560,-199200,-198960,-198600,-198360,-198000,-197760,-197400,-197160,-196800,-196560,-196200,-195960,-195600,-195360,-195000,-194760,-194400,-194160,-193800,-193560,-193200,-192960,-192600,-192360,-192000,-191760,-191400,-191160,-190800,-190560,-190200,-189960,-189600,-189360,-189000,-188760,-188400,-188160,-187800,-187560,-187200,-186960,-186600,-186360,-186000,-185760,-185400,-185160,-184800,-184560,-184200,-183960,-183600,-183360,-183000,-182760,-182400,-182160,-181800,-181560,-181200,-180960,-180600,-180360,-180000,-179760,-179400,-179160,-178800,-178560,-178200,-177960,-177600,-177360,-177000,-176760,-176400,-176160,-175800,-175560,-175200,-174960,-174600,-174360,-174000,-173760,-173400,-173160,-172800,-172560,-172200,-171960,-171600,-171360,-171000,-170760,-170400,-170160,-169800,-169560,-169200,-168960,-168600,-168360,-168000,-167760,-167400,-167160,-166800,-166560,-166200,-165960,-165600,-165360,-165000,-164760,-164400,-164160,-163800,-163560,-163200,-162960,-162600,-162360,-162000,-161760,-161400,-161160,-160800,-160560,-160200,-159960,-159600,-159360,-159000,-158760,-158400,-158160,-157800,-157560,-157200,-156960,-156600,-156360,-156000,-155760,-155400,-155160,-154800,-154560,-154200,-153960,-153600,-153360,-153000,-152760,-152400,-152160,-151800,-151560,-151200,-150960,-150600,-150360,-150000,-149760,-149400,-149160,-148800,-148560,-148200,-147960,-147600,-147360,-147000,-146760,-146400,-146160,-145800,-145560,-145200,-144960,-144600,-144360,-144000,-143760,-143400,-143160,-142800,-142560,-142200,-141960,-141600,-141360,-141000,-140760,-140400,-140160,-139800,-139560,-139200,-138960,-138600,-138360,-138000,-137760,-137400,-137160,-136800,-136560,-136200,-135960,-135600,-135360,-135000,-134760,-134400,-134160,-133800,-133560,-133200,-132960,-132600,-132360,-132000,-131760,-131400,-131160,-130800,-130560,-130200,-129960,-129600,-129360,-129000,-128760,-128400,-128160,-127800,-127560,-127200,-126960,-126600,-126360,-126000,-125760,-125400,-125160,-124800,-124560,-124200,-123960,-123600,-123360,-123000,-122760,-122400,-122160,-121800,-121560,-121200,-120960,-120600,-120360,-120000,-119760,-119400,-119160,-118800,-118560,-118200,-117960,-117600,-117360,-117000,-116760,-116400,-116160,-115800,-115560,-115200,-114960,-114600,-114360,-114000,-113760,-113400,-113160,-112800,-112560,-112200,-111960,-111600,-111360,-111000,-110760,-110400,-110160,-109800,-109560,-109200,-108960,-108600,-108360,-108000,-107760,-107400,-107160,-106800,-106560,-106200,-105960,-105600,-105360,-105000,-104760,-104400,-104160,-103800,-103560,-103200,-102960,-102600,-102360,-102000,-101760,-101400,-101160,-100800,-100560,-100200,-99960,-99600,-99360,-99000,-98760,-98400,-98160,-97800,-97560,-97200,-96960,-96600,-96360,-96000,-95760,-95400,-95160,-94800,-94560,-94200,-93960,-93600,-93360,-93000,-92760,-92400,-92160,-91800,-91560,-91200,-90960,-90600,-90360,-90000,-89760,-89400,-89160,-88800,-88560,-88200,-87960,-87600,-87360,-87000,-86760,-86400,-86160,-85800,-85560,-85200,-84960,-84600,-84360,-84000,-83760,-83400,-83160,-82800,-82560,-82200,-81960,-81600,-81360,-81000,-80760,-80400,-80160,-79800,-79560,-79200,-78960,-78600,-78360,-78000,-77760,-77400,-77160,-76800,-76560,-76200,-75960,-75600,-75360,-75000,-74760,-74400,-74160,-73800,-73560,-73200,-72960,-72600,-72360,-72000,-71760,-71400,-71160,-70800,-70560,-70200,-69960,-69600,-69360,-69000,-68760,-68400,-68160,-67800,-67560,-67200,-66960,-66600,-66360,-66000,-65760,-65400,-65160,-64800,-64560,-64200,-63960,-63600,-63360,-63000,-62760,-62400,-62160,-61800,-61560,-61200,-60960,-60600,-60360,-60000,-59760,-59400,-59160,-58800,-58560,-58200,-57960,-57600,-57360,-57000,-56760,-56400,-56160,-55800,-55560,-55200,-54960,-54600,-54360,-54000,-53760,-53400,-53160,-52800,-52560,-52200,-51960,-51600,-51360,-51000,-50760,-50400,-50160,-49800,-49560,-49200,-48960,-48600,-48360,-48000,-47760,-47400,-47160,-46800,-46560,-46200,-45960,-45600,-45360,-45000,-44760,-44400,-44160,-43800,-43560,-43200,-42960,-42600,-42360,-42000,-41760,-41400,-41160,-40800,-40560,-40200,-39960,-39600,-39360,-39000,-38760,-38400,-38160,-37800,-37560,-37200,-36960,-36600,-36360,-36000,-35760,-35400,-35160,-34800,-34560,-34200,-33960,-33600,-33360,-33000,-32760,-32400,-32160,-31800,-31560,-31200,-30960,-30600,-30360,-30000,-29760,-29400,-29160,-28800,-28560,-28200,-27960,-27600,-27360,-27000,-26760,-26400,-26160,-25800,-25560,-25200,-24960,-24600,-24360,-24000,-23760,-23400,-23160,-22800,-22560,-22200,-21960,-21600,-21360,-21000,-20760,-20400,-20160,-19800,-19560,-19200,-18960,-18600,-18360,-18000,-17760,-17400,-17160,-16800,-16560,-16200,-15960,-15600,-15360,-15000,-14760,-14400,-14160,-13800,-13560,-13200,-12960,-12600,-12360,-12000,-11760,-11400,-11160,-10800,-10560,-10200,-9960,-9600,-9360,-9000,-8760,-8400,-8160,-7800,-7560,-7200,-6960,-6600,-6360,-6000,-5760,-5400,-5160,-4800,-4560,-4200,-3960,-3600,-3360,-3000,-2760,-2400,-2160,-1800,-1560,-1200,-960,-600,-360,0,240,600,840,1200,1440,1800,2040,2400,2640,3000,3240,3600,3840,4200,4440,4800,5040,5400,5640,6000,6240,6600,6840,7200,7440,7800,8040,8400,8640,9000,9240,9600,9840,10200,10440,10800,11040,11400,11640,12000,12240,12600,12840,13200,13440,13800,14040,14400,14640,15000,15240,15600,15840,16200,16440,16800,17040,17400,17640,18000,18240,18600,18840,19200,19440,19800,20040,20400,20640,21000,21240,21600,21840,22200,22440,22800,23040,23400,23640,24000,24240,24600,24840,25200,25440,25800,26040,26400,26640,27000,27240,27600,27840,28200,28440,28800,29040,29400,29640,30000,30240,30600,30840,31200,31440,31800,32040,32400,32640,33000,33240,33600,33840,34200,34440,34800,35040,35400,35640,36000,36240,36600,36840,37200,37440,37800,38040,38400,38640,39000,39240,39600,39840,40200,40440,40800,41040,41400,41640,42000,42240,42600,42840,43200,43440,43800,44040,44400,44640,45000,45240,45600,45840,46200,46440,46800,47040,47400,47640,48000,48240,48600,48840,49200,49440,49800,50040,50400,50640,51000,51240,51600,51840,52200,52440,52800,53040,53400,53640,54000,54240,54600,54840,55200,55440,55800,56040,56400,56640,57000,57240,57600,57840,58200,58440,58800,59040,59400,59640,60000,60240,60600,60840,61200,61440,61800,62040,62400,62640,63000,63240,63600,63840,64200,64440,64800,65040,65400,65640,66000,66240,66600,66840,67200,67440,67800,68040,68400,68640,69000,69240,69600,69840,70200,70440,70800,71040,71400,71640,72000,72240,72600,72840,73200,73440,73800,74040,74400,74640,75000,75240,75600,75840,76200,76440,76800,77040,77400,77640,78000,78240,78600,78840,79200,79440,79800,80040,80400,80640,81000,81240,81600,81840,82200,82440,82800,83040,83400,83640,84000,84240,84600,84840,85200,85440,85800,86040,86400],"sog":[7.1,4.7,6.9,4.7,4.9,3.6,4.0,3.6,5.2,5.5,2.8,3.1,5.2,5.5,3.9,4.7,5.3,2.5,3.4,3.4,3.2,4.8,6.4,5.5,3.4,5.3,4.6,4.5,4.4,3.5,5.2,4.7,4.2,4.2,4.8,4.9,5.3,4.3,3.5,2.9,5.9,6.1,5.3,4.0,5.0,2.9,2.0,4.2,4.4,5.2,4.8,5.0,4.2,5.9,5.0,4.2,5.4,2.2,7.7,3.7,3.5,3.8,3.5,5.9,4.5,5.1,4.1,4.7,5.3,5.5,3.9,4.3,4.6,3.4,5.7,3.2,4.7,5.4,4.5,6.4,4.6,2.7,3.0,4.4,5.3,3.0,4.9,4.2,4.0,4.3,3.3,6.3,4.1,3.7,3.2,3.3,4.3,5.7,6.6,4.0,4.0,4.1,5.0,3.5,3.3,3.3,4.8,4.8,3.4,3.5,5.4,4.0,5.8,4.5,6.3,4.3,4.5,3.5,6.1,2.2,5.7,5.9,4.6,5.3,4.0,4.2,4.8,2.3,3.5,3.4,5.0,3.8,6.0,3.7,3.2,3.8,3.6,4.1,3.8,3.3,3.1,4.9,3.5,7.0,3.2,5.2,3.6,4.2,5.6,5.3,3.2,4.4,4.9,5.3,6.0,3.5,3.6,4.0,3.3,5.4,3.4,4.3,3.7,4.9,4.9,5.9,3.6,3.0,4.1,5.0,4.4,3.6,5.5,5.3,4.5,3.8,2.6,3.5,4.4,5.7,3.3,5.1,4.4,3.4,5.3,3.7,3.5,5.7,3.2,3.4,4.6,4.8,5.5,5.1,4.2,2.5,5.0,5.5,4.8,6.9,5.2,3.5,4.4,4.7,6.0,5.0,5.7,4.1,3.7,3.6,4.6,3.3,4.2,5.6,5.2,4.5,4.3,5.0,4.8,3.5,4.0,5.2,5.1,6.3,4.8,7.1,6.0,6.2,3.2,6.7,5.3,4.2,3.5,5.0,4.6,4.9,4.8,4.7,5.7,2.6,3.7,5.3,4.5,3.3,5.2,4.7,4.4,3.5,3.7,4.5,4.2,6.2,3.1,4.3,5.4,3.0,5.4,3.5,3.2,4.2,3.8,4.6,3.0,3.0,4.8,5.5,3.8,4.4,3.5,3.8,2.6,6.1,4.8,4.5,5.0,5.3,5.0,6.1,4.3,3.6,5.0,4.6,5.0,4.5,6.0,5.7,5.4,4.8,3.9,4.4,4.4,4.0,4.1,4.2,6.8,3.6,3.2,5.5,3.1,4.1,5.2,5.1,5.2,5.2,5.5,4.7,3.6,3.0,5.1,6.5,4.3,3.6,4.0,3.7,3.7,4.8,3.4,4.2,3.5,4.6,3.7,4.9,5.7,5.6,3.0,5.1,4.4,5.4,4.9,5.5,5.4,4.7,5.3,3.0,3.5,4.9,5.8,2.9,2.7,2.0,4.4,4.1,5.3,6.7,5.6,4.1,5.0,4.2,3.7,5.6,5.4,4.8,3.0,4.4,4.7,4.8,5.7,5.8,4.2,4.1,3.7,5.0,5.4,4.1,3.9,4.3,5.6,4.1,5.6,4.0,4.3,6.4,5.6,5.9,4.9,4.1,4.0,4.9,4.1,4.6,4.9,4.6,3.5,5.2,5.7,6.0,4.9,3.5,3.8,5.2,4.7,4.3,4.1,3.4,4.5,3.5,4.5,3.7,5.6,4.7,5.9,4.2,2.9,4.4,4.1,4.0,4.5,3.4,5.8,3.3,4.5,3.4,4.1,3.4,4.8,3.4,2.7,4.4,5.3,2.4,4.1,2.8,4.6,2.9,4.4,5.5,4.0,3.0,4.2,2.6,4.1,2.7,4.7,4.0,3.2,5.0,5.1,4.7,3.5,4.3,4.0,5.2,4.9,5.5,4.2,4.8,5.1,4.5,4.5,4.1,3.4,4.3,6.0,5.4,4.8,3.9,4.7,4.7,5.6,5.3,3.1,5.9,3.6,4.4,7.2,3.4,4.2,5.5,3.8,5.3,4.7,2.9,4.7,4.6,6.0,5.8,4.2,5.3,5.8,5.9,3.7,6.3,5.8,5.0,3.8,3.3,4.5,4.6,4.7,7.3,5.2,3.3,3.3,4.9,4.5,4.9,5.3,3.7,3.3,4.6,4.0,3.7,3.8,4.6,5.1,4.4,4.5,6.1,4.9,5.0,1.8,4.6,5.3,5.1,4.1,5.1,3.8,3.0,4.0,4.6,3.0,5.0,3.4,5.4,5.3,5.7,4.2,4.7,3.4,4.8,4.8,3.9,4.6,6.0,2.4,4.1,7.1,4.6,4.9,6.2,3.5,4.6,2.4,3.8,3.9,3.1,5.8,4.3,3.4,3.7,5.4,3.6,5.5,2.7,4.8,5.5,4.8,6.1,6.0,4.2,3.9,5.3,2.3,4.5,4.7,3.5,4.9,6.5,4.8,5.2,4.1,5.5,3.9,4.7,5.3,4.5,4.6,4.0,3.5,4.2,5.5,2.9,5.1,4.9,4.9,3.9,3.4,5.5,5.0,4.3,6.6,4.2,3.8,4.9,3.1,2.3,3.9,4.7,4.6,2.7,4.6,4.8,4.4,4.9,4.5,3.1,2.8,5.3,2.6,3.1,4.8,5.0,5.1,3.8,6.0,5.8,3.5,5.2,5.0,4.0,4.1,3.5,4.3,4.2,4.2,4.8,6.7,3.1,4.4,5.5,3.6,3.6,4.9,5.4,3.4,4.8,3.6,3.9,4.1,5.6,4.0,5.2,5.7,4.6,4.9,5.6,4.2,5.9,5.5,3.0,3.8,5.2,4.7,3.8,5.6,5.3,4.3,6.6,6.3,3.9,3.5,5.6,4.3,4.5,4.2,3.2,1.8,5.2,4.0,5.1,4.8,4.8,3.6,5.0,2.8,4.0,4.5,5.4,5.2,4.9,4.4,4.4,3.7,5.9,4.9,4.2,4.9,2.8,5.7,2.6,4.8,3.5,5.1,5.2,3.3,4.9,4.7,4.0,4.8,5.3,3.3,4.9,4.2,6.1,4.7,3.0,4.2,3.9,4.3,4.1,5.3,3.9,5.0,5.0,3.2,4.3,7.4,4.7,5.0,4.6,4.5,3.4,5.4,3.3,4.4,3.6,4.3,4.6,5.1,2.6,3.3,2.7,4.0,3.9,4.4,4.4,3.0,4.8,3.3,4.4,3.1,5.1,4.9,4.5,6.4,3.9,6.1,3.7,4.5,5.7,6.3,4.4,5.5,4.5,5.2,5.1,5.2,5.0,3.8,4.3,3.3,6.0,4.6,4.0,4.1,3.6,6.5,2.5,3.9,3.8,3.4,3.1,4.7,5.5,5.0,4.3,2.9,3.3,3.9,4.9,3.5,4.8,2.5,4.7,4.6,5.0,5.0,3.8,6.7,4.6,4.8,5.0,3.3,5.1,4.7,4.5,2.7,6.4,3.1,2.8,3.9,5.4,4.0,4.8,6.7,2.9,4.0,4.6,3.4,3.0,4.0,4.4,3.7,6.7,4.4,4.4,5.0,5.1,4.2,4.9,4.3,4.2,3.7,5.1,6.6,6.2,3.8,4.6,5.2,4.8,4.3,4.5,5.4,6.3,3.1,3.0,4.8,5.2,4.2,4.9,5.0,4.5,2.9,3.3,4.8,4.2,5.5,4.6,1.7,3.6,5.3,5.6,4.0,5.1,4.7,4.1,3.9,3.4,4.2,5.4,4.1,4.2,4.7,4.5,2.3,4.5,2.8,4.8,4.5,3.3,4.1,3.7,3.5,4.9,3.7,3.2,3.8,5.9,4.4,4.1,5.2,4.6,4.9,4.2,3.8,5.5,5.0,4.1,4.7,4.8,4.5,6.8,2.9,3.8,4.7,4.4,5.0,5.8,5.2,5.2,5.4,6.0,4.1,2.5,4.1,3.7,5.9,3.7,6.9,4.2,2.4,5.1,3.9,2.9,3.1,3.7,3.5,3.8,3.7,4.9,3.4,5.3,4.1,5.8,4.2,3.7,3.0,5.6,4.7,5.7,5.6,3.9,4.6,5.0,4.6,4.4,2.8,7.7,3.3,4.4,4.1,4.1,3.9,4.7,5.7,3.7,4.2,3.2,3.4,5.1,3.9,4.5,4.8,4.0,5.5,5.2,5.6,3.6,5.2,2.9,3.8,4.9,4.0,5.3,4.4,3.6,4.3,5.0,4.0,4.2,4.6,3.8,4.6,5.1,4.7,5.8,6.0,5.2,5.7,4.1,4.8,5.9,6.0,3.9,4.0,4.5,4.6,5.4,4.8,5.2,4.3,3.5,3.6,3.1,5.6,6.8,3.3,5.3,5.1,4.3,4.4,5.2,4.8,4.7,5.2,2.9,5.4,6.6,4.3,3.7,4.4,5.4,5.9,4.0,4.3,4.4,5.0,4.8,4.4,3.7,4.4,4.2,1.6,5.8,6.1,4.0,4.0,6.8,5.9,4.3,2.6,3.9,5.3,6.1,6.0,3.9,2.6,3.4,5.1,5.4,6.2,3.6,4.0,2.0,5.4,5.3,4.8,4.9,4.0,3.9,5.5,5.4,4.3,4.6,4.3,4.1,4.8,5.6,4.0,3.2,3.3,3.2,5.4,3.5,5.5,6.1,6.7,2.5,6.3,5.3,5.2,3.0,5.5,5.1,5.0,4.2,4.1,4.7,5.7,5.1,3.8,3.0,6.5,5.7,4.5,4.5,4.0,4.1,4.8,4.5,1.9,5.4,2.4,4.7,3.9,4.1,4.5,3.7,6.3,2.4,5.2,2.5,4.9,4.9,4.7,4.8,6.4,4.1,5.4,5.8,3.6,4.5,5.6,4.4,4.6,4.4,3.8,4.8,2.9,6.4,3.7,5.5,4.8,4.1,5.2,2.9,5.8,5.8,5.0,4.2,4.6,3.3,4.5,4.5,4.2,2.9,3.5,5.3,4.1,4.1,4.6,4.6,5.3,6.4,4.9,5.1,5.2,6.3,2.6,5.2,3.7,3.4,4.2]}},{"type":"Feature","geometry":{"type":"LineString","coordinates":[[68.5957,17.5762],[68.6157,17.5709],[68.629,17.5674],[68.6486,17.5626],[68.6623,17.5588],[68.682,17.5532],[68.6957,17.5493],[68.716,17.5442],[68.7289,17.5407],[68.7488,17.5351],[68.7622,17.5317],[68.7825,17.5262],[68.7956,17.5226],[68.8158,17.5168],[68.8287,17.5133],[68.8483,17.5076],[68.8613,17.5034],[68.8814,17.4975],[68.8944,17.4931],[68.9139,17.4875],[68.9271,17.4837],[68.9475,17.4783],[68.9606,17.4749],[68.9803,17.4692],[68.9941,17.4659],[69.0138,17.4605],[69.0273,17.457],[69.0481,17.4514],[69.0614,17.4483],[69.0817,17.4431],[69.0952,17.4395],[69.1154,17.4344],[69.1288,17.4306],[69.1485,17.4258],[69.1621,17.4221],[69.182,17.4169],[69.1951,17.4133],[69.2147,17.4078],[69.2279,17.4048],[69.2478,17.3996],[69.2611,17.396],[69.2811,17.3908],[69.2943,17.3875],[69.3148,17.3819],[69.328,17.3787],[69.3478,17.3731],[69.3609,17.3694],[69.3806,17.3642],[69.3938,17.3602],[69.413,17.3546],[69.4262,17.351],[69.4458,17.3451],[69.4592,17.341],[69.4785,17.3356],[69.4911,17.3313],[69.5107,17.3255],[69.5237,17.3216],[69.5431,17.315],[69.5563,17.3107],[69.5759,17.304],[69.5886,17.2993],[69.6084,17.2927],[69.6213,17.288],[69.6408,17.2812],[69.6537,17.2764],[69.6733,17.2696],[69.6864,17.2652],[69.7062,17.2578],[69.7189,17.2532],[69.7385,17.2462],[69.7516,17.2416],[69.7713,17.2342],[69.7841,17.2296],[69.8037,17.2228],[69.8168,17.2184],[69.8364,17.2118],[69.8496,17.2075],[69.8697,17.2011],[69.8828,17.1967],[69.9027,17.1906],[69.9152,17.1865],[69.9351,17.1799],[69.9481,17.176],[69.9676,17.1696],[69.9802,17.1657],[69.9997,17.1593],[70.0131,17.1549],[70.0321,17.1479],[70.0453,17.1438],[70.0641,17.137],[70.077,17.1322],[70.0974,17.1251],[70.1101,17.1203],[70.13,17.1134],[70.1434,17.1093],[70.1632,17.1028],[70.1766,17.0983],[70.1965,17.092],[70.2091,17.088],[70.229,17.0817],[70.2425,17.0772],[70.2621,17.0708],[70.2747,17.0666],[70.295,17.0603],[70.3085,17.0563],[70.328,17.0505],[70.3408,17.0471],[70.3606,17.0408],[70.3738,17.0371],[70.3936,17.0316],[70.4073,17.0277],[70.4266,17.0214],[70.4396,17.0178],[70.4586,17.0115],[70.4717,17.0079],[70.4917,17.0011],[70.5052,16.9966],[70.5246,16.9903],[70.5378,16.9859],[70.5577,16.9793],[70.5712,16.9751],[70.5909,16.9684],[70.6042,16.9637],[70.6238,16.9568],[70.6367,16.9524],[70.6562,16.9461],[70.6694,16.9416],[70.6891,16.9345],[70.7019,16.93],[70.7217,16.9229],[70.7346,16.9184],[70.7539,16.9115],[70.7668,16.9068],[70.7864,16.8991],[70.7989,16.8938],[70.8176,16.8853],[70.8302,16.8797],[70.849,16.8715],[70.861,16.8653],[70.8794,16.8572],[70.8918,16.8511],[70.9109,16.8428],[70.9237,16.8373],[70.9425,16.8291],[70.9549,16.8237],[70.9738,16.8159],[70.9867,16.8102],[71.006,16.8022],[71.0184,16.7967],[71.0375,16.7886],[71.0504,16.7834],[71.0694,16.7756],[71.0827,16.7703],[71.1018,16.7624],[71.1146,16.7568],[71.1331,16.7487],[71.1463,16.7432],[71.1648,16.735],[71.1773,16.7292],[71.1966,16.7207],[71.2086,16.7149],[71.2281,16.7067],[71.2407,16.7018],[71.2589,16.6937],[71.272,16.6881],[71.2909,16.6802],[71.3035,16.6748],[71.3228,16.6668],[71.3356,16.6615],[71.3542,16.6536],[71.3671,16.6481],[71.3861,16.6397],[71.3988,16.6346],[71.4174,16.6266],[71.4302,16.6208],[71.4489,16.6124],[71.4614,16.607],[71.48,16.5985],[71.4923,16.5925],[71.5112,16.5835],[71.5236,16.5776],[71.5418,16.568],[71.5538,16.5618],[71.5714,16.553],[71.5843,16.5463],[71.6024,16.5367],[71.6147,16.5301],[71.6323,16.5208],[71.6449,16.514],[71.6632,16.5049],[71.6751,16.4986],[71.6935,16.4896],[71.7057,16.4831],[71.7242,16.4742],[71.7363,16.4677],[71.7552,16.459],[71.7675,16.4532],[71.7862,16.4435],[71.7988,16.4377],[71.8172,16.4285],[71.8296,16.4223],[71.8482,16.4129],[71.8601,16.4067],[71.8792,16.3967],[71.8912,16.3907],[71.9087,16.3813],[71.9213,16.3748],[71.9396,16.3656],[71.9517,16.3596],[71.9707,16.3501],[71.9827,16.3437],[72.0015,16.3341],[72.0135,16.3276],[72.032,16.3177],[72.0443,16.3114],[72.0621,16.3021],[72.0746,16.2955],[72.0926,16.2863],[72.1054,16.2796],[72.1239,16.2702],[72.1363,16.2635],[72.1543,16.2542],[72.1665,16.2476],[72.185,16.2379],[72.1967,16.2316],[72.2144,16.2218],[72.2263,16.2146],[72.2442,16.2044],[72.2561,16.1976],[72.274,16.187],[72.2856,16.1798],[72.3025,16.1696],[72.3136,16.1631],[72.3313,16.1526],[72.3425,16.1456],[72.3602,16.1357],[72.3727,16.129],[72.39,16.1193],[72.4022,16.1119],[72.42,16.1027],[72.4318,16.0959],[72.4502,16.0866],[72.4619,16.0796],[72.4802,16.0701],[72.4922,16.0641],[72.5105,16.0544],[72.5231,16.0478],[72.5416,16.038],[72.5537,16.0307],[72.5718,16.0213],[72.5843,16.0149],[72.6024,16.0051],[72.6142,15.9983],[72.6318,15.9881],[72.6436,15.9809],[72.661,15.9703],[72.6731,15.9631],[72.6907,15.952],[72.7025,15.9455],[72.7202,15.9349],[72.7322,15.9279],[72.7503,15.9175],[72.7621,15.9111],[72.7795,15.9007],[72.7915,15.8934],[72.8094,15.8835],[72.8213,15.8765],[72.8398,15.8662],[72.8514,15.8592],[72.8694,15.8492],[72.8811,15.842],[72.8986,15.8325],[72.9108,15.8256],[72.9285,15.8149],[72.9404,15.8083],[72.9588,15.7975],[72.9706,15.7908],[72.9888,15.7805],[73.0006,15.7737],[73.0186,15.763],[73.0313,15.7558],[73.0488,15.7455],[73.0603,15.7391],[73.0779,15.7284],[73.0893,15.7218],[73.1071,15.7114],[73.1187,15.7048],[73.137,15.6948],[73.1492,15.6874],[73.1667,15.6775],[73.1784,15.6702],[73.1965,15.6601],[73.2081,15.6534],[73.2256,15.6433],[73.2378,15.6365],[73.256,15.6262],[73.2683,15.6191],[73.286,15.6094],[73.2979,15.6028],[73.3148,15.5928],[73.3267,15.5857],[73.3444,15.5752],[73.3559,15.5683],[73.3736,15.5582],[73.3849,15.5513],[73.4035,15.5411],[73.415,15.5351],[73.433,15.5257],[73.4455,15.5194],[73.4641,15.5106],[73.476,15.5049],[73.4939,15.4955],[73.5062,15.4892],[73.525,15.4797],[73.5372,15.4737],[73.556,15.4637],[73.5676,15.4574],[73.5859,15.4487],[73.5979,15.4421],[73.6163,15.4325],[73.6287,15.4262],[73.6462,15.4161],[73.6584,15.4093],[73.6763,15.3989],[73.6884,15.3926],[73.7067,15.3818],[73.7182,15.3755],[73.7359,15.3653],[73.7477,15.3586],[73.7711,15.3449],[73.777,15.3416],[73.795,15.331],[73.8068,15.3241],[73.8242,15.3138],[73.8357,15.3065],[73.8529,15.2963],[73.8645,15.2893],[73.8823,15.2793],[73.8943,15.2724],[73.9124,15.2625]]},"properties":{"mmsi":992587227,"name":"SYN-TAN-SRC1","role":"candidate","vessel_type":80,"synthetic":true,"t_offset_s":[-143760,-143400,-143160,-142800,-142560,-142200,-141960,-141600,-141360,-141000,-140760,-140400,-140160,-139800,-139560,-139200,-138960,-138600,-138360,-138000,-137760,-137400,-137160,-136800,-136560,-136200,-135960,-135600,-135360,-135000,-134760,-134400,-134160,-133800,-133560,-133200,-132960,-132600,-132360,-132000,-131760,-131400,-131160,-130800,-130560,-130200,-129960,-129600,-129360,-129000,-128760,-128400,-128160,-127800,-127560,-127200,-126960,-126600,-126360,-126000,-125760,-125400,-125160,-124800,-124560,-124200,-123960,-123600,-123360,-123000,-122760,-122400,-122160,-121800,-121560,-121200,-120960,-120600,-120360,-120000,-119760,-119400,-119160,-118800,-118560,-118200,-117960,-117600,-117360,-117000,-116760,-116400,-116160,-115800,-115560,-115200,-114960,-114600,-114360,-114000,-113760,-113400,-113160,-112800,-112560,-112200,-111960,-111600,-111360,-111000,-110760,-110400,-110160,-109800,-109560,-109200,-108960,-108600,-108360,-108000,-107760,-107400,-107160,-106800,-106560,-106200,-105960,-105600,-105360,-105000,-104760,-104400,-104160,-103800,-103560,-103200,-102960,-102600,-102360,-102000,-101760,-101400,-101160,-100800,-100560,-100200,-99960,-99600,-99360,-99000,-98760,-98400,-98160,-97800,-97560,-97200,-96960,-96600,-96360,-96000,-95760,-95400,-95160,-94800,-94560,-94200,-93960,-93600,-93360,-93000,-92760,-92400,-92160,-91800,-91560,-91200,-90960,-90600,-90360,-90000,-89760,-89400,-89160,-88800,-88560,-88200,-87960,-87600,-87360,-87000,-86760,-86400,-86160,-85800,-85560,-85200,-84960,-84600,-84360,-84000,-83760,-83400,-83160,-82800,-82560,-82200,-81960,-81600,-81360,-81000,-80760,-80400,-80160,-79800,-79560,-79200,-78960,-78600,-78360,-78000,-77760,-77400,-77160,-76800,-76560,-76200,-75960,-75600,-75360,-75000,-74760,-74400,-74160,-73800,-73560,-73200,-72960,-72600,-72360,-72000,-71760,-71400,-71160,-70800,-70560,-70200,-69960,-69600,-69360,-69000,-68760,-68400,-68160,-67800,-67560,-67200,-66960,-66600,-66360,-66000,-65760,-65400,-65160,-64800,-64560,-64200,-63960,-63600,-63360,-63000,-62760,-62400,-62160,-61800,-61560,-61200,-60960,-60600,-60360,-60000,-59760,-59400,-59160,-58800,-58560,-58200,-57960,-57600,-57360,-57000,-56760,-56400,-56160,-55800,-55560,-55200,-54960,-54600,-54360,-54000,-53760,-53400,-53160,-52800,-52560,-52200,-51960,-51600,-51360,-51000,-50760,-50400,-50160,-49800,-49560,-49200,-48960,-48600,-48360,-48000,-47760,-47400,-47160,-46800,-46560,-46200,-45960,-45600,-45360,-44880,-44760,-44400,-44160,-43800,-43560,-43200,-42960,-42600,-42360,-42000],"sog":[11.8,11.9,12.4,12.0,12.2,11.5,12.6,11.8,11.8,11.8,12.3,12.2,12.0,12.4,12.1,12.0,11.7,11.6,11.9,11.3,12.0,12.0,12.1,11.7,12.4,12.2,12.1,12.1,12.2,12.2,12.7,11.8,11.8,11.5,12.2,11.8,11.7,11.9,11.7,11.9,12.5,12.6,12.0,12.3,12.3,12.2,11.9,12.1,12.3,11.5,12.0,12.0,11.5,11.6,11.5,11.8,11.7,12.0,12.0,11.5,11.9,11.8,12.5,11.8,11.8,12.2,11.7,11.9,12.3,12.6,12.1,11.9,11.6,12.0,12.0,12.2,12.5,12.2,12.3,12.1,11.8,12.2,11.6,12.3,11.4,12.5,12.5,12.3,11.8,11.8,12.3,12.2,12.0,12.1,12.3,12.0,12.6,12.1,11.7,12.1,12.7,11.6,12.0,12.2,12.4,11.7,11.8,12.6,12.4,12.1,12.1,12.0,11.2,11.9,12.3,11.9,12.3,11.9,12.0,12.2,12.3,12.1,12.4,11.9,12.1,12.1,12.0,12.5,11.9,12.3,12.0,12.3,11.9,12.0,12.0,11.6,12.1,11.9,12.0,11.8,12.1,12.6,11.8,12.4,11.8,12.0,11.7,12.1,11.7,11.8,12.0,12.0,12.5,12.1,12.0,11.5,11.9,12.0,11.9,12.1,11.7,11.8,11.6,11.7,12.0,11.9,11.9,12.2,11.9,12.3,12.4,12.0,12.1,11.6,11.9,12.0,11.5,11.5,12.2,12.2,12.0,12.2,11.7,11.7,12.1,12.3,12.3,11.8,12.5,11.7,11.9,12.0,12.0,11.6,12.6,12.2,11.9,11.7,11.8,11.9,12.5,11.9,12.0,12.7,11.9,12.2,12.4,11.9,12.5,12.5,12.0,12.5,11.8,12.2,12.1,12.3,11.9,11.6,12.5,12.1,12.2,11.9,12.7,12.1,11.8,12.0,12.0,11.7,12.1,12.2,11.7,11.8,11.5,11.5,11.7,12.1,12.1,11.7,12.0,11.6,11.6,12.2,11.8,11.9,11.8,12.2,12.2,12.3,12.2,11.9,12.5,11.7,11.8,11.9,11.8,12.0,12.1,12.0,12.1,11.6,12.1,12.1,11.9,11.5,12.5,12.1,12.1,11.8,12.0,11.7,11.6,11.9,11.9,12.1,12.0,12.4,12.2,12.4,12.1,12.1,12.2,12.5,11.3,12.3,11.3,12.0,11.9,12.1,11.8,12.2,11.2,12.3,12.0,12.0,11.7,11.9,12.9,11.9,11.8,11.7,12.3,11.7,11.7,11.5,11.7,12.2,11.2,11.8,12.3,12.3,11.6,11.7,11.9,12.3,11.9,12.3,11.9,11.5,11.8,12.3,11.9,12.2,11.9,12.1,11.7,12.0,11.4,11.6,12.2,12.0,11.5,12.0,12.0,12.0,12.4,11.8,11.9,11.7,12.1,11.9]}},{"type":"Feature","geometry":{"type":"LineString","coordinates":[[73.0887,15.8966],[73.1014,15.8974],[73.1147,15.8984],[73.1332,15.8998],[73.1457,15.9004],[73.165,15.9015],[73.178,15.9024],[73.1971,15.9035],[73.2098,15.9046],[73.2283,15.9052],[73.2415,15.9056],[73.2609,15.9068],[73.2735,15.9077],[73.2928,15.9084],[73.3055,15.909],[73.3244,15.9097],[73.3368,15.9104],[73.3554,15.9114],[73.3683,15.9122],[73.3873,15.9137],[73.4001,15.9145],[73.4187,15.9157],[73.4314,15.9164],[73.4507,15.9175],[73.4633,15.9192],[73.4822,15.921],[73.495,15.9224],[73.5142,15.9248],[73.5269,15.9263],[73.5458,15.9289]]},"properties":{"mmsi":992828078,"name":"SYN-TAN-28","role":"background","vessel_type":80,"synthetic":true,"t_offset_s":[57642,57882,58122,58482,58722,59082,59322,59682,59922,60282,60522,60882,61122,61482,61722,62082,62322,62682,62922,63282,63522,63882,64122,64482,64722,65082,65322,65682,65922,66282],"sog":[11.7,11.1,11.5,10.8,10.7,11.2,10.9,11.1,11.3,10.5,11.3,11.3,11.4,11.1,11.1,11.0,11.0,10.9,11.3,10.9,11.0,11.0,11.2,11.0,11.1,10.8,11.5,11.1,11.2,10.9]}},{"type":"Feature","geometry":{"type":"LineString","coordinates":[[71.6723,15.7923],[71.6889,15.7936],[71.7127,15.795],[71.7288,15.7965],[71.7528,15.798],[71.769,15.7989],[71.7928,15.8001],[71.8098,15.8006],[71.8339,15.8013],[71.8506,15.8022],[71.8754,15.8034],[71.8918,15.8042],[71.9159,15.8056],[71.9325,15.8067],[71.9566,15.8082],[71.9726,15.8086],[71.9973,15.8097],[72.013,15.8101],[72.038,15.8113],[72.0544,15.8121],[72.0789,15.8129],[72.0951,15.8135],[72.1192,15.8146],[72.1357,15.815],[72.1603,15.8153],[72.176,15.8157],[72.2008,15.8158],[72.2172,15.8166],[72.2412,15.817],[72.2578,15.8176],[72.2816,15.8181],[72.2986,15.8184],[72.323,15.8183],[72.339,15.8187],[72.3626,15.8188],[72.3792,15.8186],[72.4038,15.8189],[72.4201,15.8193],[72.4444,15.8202],[72.4611,15.8212],[72.4854,15.8222],[72.5017,15.8225],[72.526,15.823],[72.5424,15.8229],[72.5667,15.8236],[72.5834,15.8238],[72.6074,15.8253],[72.6239,15.8262],[72.6489,15.8278],[72.6655,15.8284],[72.6888,15.8301],[72.7055,15.8308],[72.7302,15.8316],[72.7465,15.8328],[72.7699,15.834],[72.7864,15.8344],[72.8114,15.835],[72.8275,15.8352],[72.8518,15.8362],[72.8682,15.8369],[72.8925,15.8382],[72.9084,15.8388],[72.9333,15.8404],[72.9493,15.841],[72.9732,15.8427],[72.9895,15.844],[73.0137,15.8457],[73.0296,15.8467],[73.0539,15.8478],[73.0706,15.8484],[73.0945,15.8496],[73.1107,15.8495],[73.1354,15.8507],[73.1512,15.8506],[73.1759,15.8514],[73.1922,15.8518],[73.2169,15.8524],[73.2327,15.8529],[73.257,15.8528],[73.2733,15.8532],[73.2981,15.8535],[73.3145,15.854],[73.3384,15.8546],[73.3543,15.8546],[73.3789,15.855],[73.3947,15.8554],[73.4189,15.856],[73.4345,15.8559],[73.4586,15.8555],[73.4747,15.855],[73.4989,15.8547],[73.5152,15.8542],[73.5394,15.8538],[73.5557,15.8532],[73.5804,15.8529],[73.5975,15.8524],[73.6216,15.8519]]},"properties":{"mmsi":993663446,"name":"SYN-TAN-16","role":"background","vessel_type":80,"synthetic":true,"t_offset_s":[5689,5929,6289,6529,6889,7129,7489,7729,8089,8329,8689,8929,9289,9529,9889,10129,10489,10729,11089,11329,11689,11929,12289,12529,12889,13129,13489,13729,14089,14329,14689,14929,15289,15529,15889,16129,16489,16729,17089,17329,17689,17929,18289,18529,18889,19129,19489,19729,20089,20329,20689,20929,21289,21529,21889,22129,22489,22729,23089,23329,23689,23929,24289,24529,24889,25129,25489,25729,26089,26329,26689,26929,27289,27529,27889,28129,28489,28729,29089,29329,29689,29929,30289,30529,30889,31129,31489,31729,32089,32329,32689,32929,33289,33529,33889,34129,34489],"sog":[14.3,13.9,13.9,13.8,14.5,14.0,14.1,14.6,14.2,14.8,14.3,13.9,13.9,14.7,14.3,13.9,14.0,13.7,14.2,14.3,14.4,14.3,14.4,14.0,14.0,13.7,14.8,14.4,14.0,14.6,13.8,14.6,14.0,13.9,13.9,14.0,14.2,14.5,14.2,14.3,13.9,14.2,14.7,13.9,14.3,14.3,13.9,14.5,14.3,14.2,13.6,14.3,14.2,14.1,13.8,14.0,14.6,14.2,14.4,14.1,14.4,14.0,13.9,14.6,13.7,14.2,14.1,13.8,14.1,14.1,14.0,13.8,14.6,14.4,13.8,14.8,13.9,13.8,13.4,14.4,14.0,14.5,14.0,13.6,13.9,13.7,14.0,14.0,14.0,13.8,14.3,14.1,14.2,14.2,14.5,14.1,13.9]}},{"type":"Feature","geometry":{"type":"LineString","coordinates":[[73.7884,13.5856],[73.7944,13.5801],[73.8123,13.5639],[73.8243,13.553],[73.8421,13.5364],[73.854,13.5259],[73.8717,13.5092],[73.8836,13.4978],[73.9014,13.4818],[73.9132,13.4713],[73.9309,13.4547],[73.943,13.444],[73.9615,13.4273],[73.9732,13.4167],[73.9915,13.4006],[74.0034,13.3899],[74.0223,13.3734],[74.0347,13.3624],[74.052,13.3469],[74.0642,13.3364],[74.0829,13.3205],[74.0953,13.3102],[74.1136,13.2953],[74.126,13.2855],[74.1438,13.2699],[74.1566,13.2595],[74.1757,13.2442],[74.1883,13.2341],[74.2071,13.2189],[74.2196,13.2091],[74.2379,13.1943],[74.2505,13.1845],[74.2702,13.1687],[74.283,13.1586],[74.3022,13.143],[74.3146,13.133],[74.3338,13.1182],[74.3465,13.1083],[74.366,13.0935],[74.3792,13.0841],[74.3987,13.0692],[74.4115,13.0594],[74.4307,13.0442],[74.4433,13.0342],[74.462,13.0197],[74.4752,13.0088],[74.4939,12.9937],[74.5064,12.9842],[74.5255,12.9696],[74.539,12.9594],[74.5579,12.9446],[74.5706,12.935],[74.5895,12.9202],[74.6025,12.9105],[74.6218,12.8951],[74.6349,12.8855],[74.6538,12.8703],[74.6661,12.8605],[74.685,12.845],[74.6974,12.8353],[74.7158,12.8206],[74.7292,12.8109],[74.7479,12.7958],[74.7607,12.786],[74.7802,12.7715],[74.7931,12.7619],[74.8125,12.7483],[74.8259,12.7386],[74.8461,12.7246],[74.8597,12.7156],[74.8791,12.702],[74.8929,12.6929]]},"properties":{"mmsi":994257385,"name":"SYN-TAN-15","role":"candidate","vessel_type":80,"synthetic":true,"t_offset_s":[-256964,-256844,-256484,-256244,-255884,-255644,-255284,-255044,-254684,-254444,-254084,-253844,-253484,-253244,-252884,-252644,-252284,-252044,-251684,-251444,-251084,-250844,-250484,-250244,-249884,-249644,-249284,-249044,-248684,-248444,-248084,-247844,-247484,-247244,-246884,-246644,-246284,-246044,-245684,-245444,-245084,-244844,-244484,-244244,-243884,-243644,-243284,-243044,-242684,-242444,-242084,-241844,-241484,-241244,-240884,-240644,-240284,-240044,-239684,-239444,-239084,-238844,-238484,-238244,-237884,-237644,-237284,-237044,-236684,-236444,-236084,-235844],"sog":[14.1,14.0,14.4,14.3,14.2,14.0,14.4,14.5,14.2,14.0,13.9,14.3,14.7,14.2,14.3,14.2,15.0,14.3,14.2,13.6,14.0,14.4,13.9,13.5,14.2,14.7,14.7,14.3,14.0,14.4,13.6,13.7,14.3,14.7,14.7,14.0,14.6,14.6,14.3,13.9,15.1,14.7,14.6,14.1,13.9,14.4,14.0,14.7,14.0,14.8,14.0,14.0,14.3,13.9,14.6,14.3,14.5,14.1,14.5,13.9,14.0,14.1,14.0,14.5,14.2,14.1,13.4,14.3,14.3,14.4,13.6,14.3]}},{"type":"Feature","geometry":{"type":"LineString","coordinates":[[73.9284,13.4511],[73.946,13.4348],[73.9573,13.4245],[73.9748,13.409],[73.9866,13.3985],[74.0043,13.3817],[74.0164,13.3705],[74.034,13.3544],[74.0451,13.3434],[74.0619,13.327],[74.0738,13.3156],[74.0907,13.2996],[74.1017,13.2884],[74.1184,13.2718],[74.1304,13.2605],[74.1467,13.2437],[74.1577,13.233],[74.1736,13.2161],[74.1842,13.2047],[74.1998,13.1876],[74.2107,13.176],[74.2267,13.1585],[74.2374,13.1468],[74.2534,13.1296],[74.2647,13.1184],[74.2802,13.1011],[74.2906,13.0893],[74.3058,13.0717],[74.3162,13.0601],[74.3318,13.0428],[74.3419,13.0307],[74.3572,13.0132],[74.3677,13.0015],[74.3831,12.9839],[74.3933,12.9717],[74.4089,12.9541],[74.4193,12.9422],[74.4347,12.9244],[74.4454,12.9121],[74.4612,12.8943],[74.4716,12.8823],[74.4867,12.8645],[74.4973,12.8524],[74.5123,12.8339],[74.5221,12.8222],[74.5374,12.8041],[74.5478,12.7921],[74.5626,12.7738],[74.5729,12.7614],[74.5874,12.743],[74.5972,12.731],[74.6123,12.7126],[74.6223,12.7001],[74.6375,12.682],[74.6476,12.6696],[74.6619,12.6506],[74.6713,12.6381],[74.6849,12.6193],[74.6941,12.6066],[74.7072,12.5874],[74.7164,12.5747],[74.7299,12.555],[74.7385,12.5421],[74.7517,12.5232],[74.7606,12.5102],[74.7738,12.491],[74.7831,12.478],[74.7955,12.4584],[74.8038,12.4457],[74.8167,12.4256],[74.8246,12.4121],[74.8371,12.3921],[74.8452,12.3791],[74.8571,12.3593],[74.8657,12.3458],[74.878,12.3266],[74.8861,12.3131],[74.899,12.2927],[74.9074,12.2795],[74.9198,12.2601],[74.928,12.2471],[74.9401,12.2275],[74.9487,12.2148],[74.9603,12.1954],[74.9685,12.1819],[74.9813,12.1613],[74.9892,12.1478],[75.001,12.1274],[75.0087,12.1142],[75.0209,12.0939],[75.0286,12.0799],[75.0399,12.06],[75.0478,12.0466],[75.0594,12.0271],[75.0672,12.0137],[75.0788,11.9938],[75.0869,11.9808],[75.0994,11.9603],[75.1074,11.9465],[75.1193,11.9266],[75.1269,11.9134],[75.1391,11.893],[75.1467,11.8798],[75.1592,11.8601],[75.1673,11.8469],[75.1789,11.8272],[75.1872,11.8136],[75.1994,11.7939],[75.2076,11.7807],[75.2192,11.7601],[75.227,11.7465],[75.2383,11.7261],[75.2456,11.7126],[75.2571,11.6925],[75.2648,11.6792],[75.2766,11.6587],[75.2844,11.6453],[75.2958,11.6252],[75.3034,11.6118],[75.3154,11.5917],[75.3232,11.5781],[75.3348,11.5572],[75.3426,11.5433],[75.3544,11.523],[75.3623,11.5097],[75.3747,11.4888],[75.3827,11.4758],[75.3951,11.4556],[75.4033,11.4419],[75.4156,11.4214],[75.4237,11.4076],[75.4353,11.3878],[75.4428,11.3744],[75.4538,11.3542],[75.4616,11.3408],[75.4731,11.3202],[75.4807,11.3069],[75.4921,11.2867],[75.4998,11.273],[75.5112,11.2527],[75.5188,11.2393],[75.5304,11.2187],[75.5379,11.2051],[75.5489,11.185],[75.5565,11.1714],[75.5681,11.1513],[75.5759,11.1377],[75.588,11.1174],[75.5949,11.104],[75.6064,11.0831],[75.6143,11.0694],[75.6257,11.0486],[75.633,11.0346],[75.6437,11.0137],[75.6513,11.0],[75.6627,10.9793],[75.6701,10.9657],[75.681,10.9453],[75.6885,10.9317],[75.6997,10.911],[75.7075,10.8971],[75.7186,10.8772],[75.7263,10.8636],[75.7382,10.8427],[75.7461,10.8297],[75.7581,10.8093],[75.7664,10.7957],[75.7787,10.7757],[75.7874,10.7621],[75.799,10.742],[75.8075,10.7282],[75.8194,10.7081],[75.8271,10.6949],[75.8391,10.6752],[75.8467,10.6618],[75.8585,10.6416],[75.8664,10.6281],[75.8785,10.6072],[75.8869,10.5935],[75.8992,10.5733],[75.9079,10.5599],[75.9197,10.5397],[75.9281,10.5263],[75.9402,10.5061],[75.9479,10.4928],[75.96,10.4728],[75.9682,10.4593],[75.9801,10.4387]]},"properties":{"mmsi":994314223,"name":"SYN-CAR-03","role":"candidate","vessel_type":70,"synthetic":true,"t_offset_s":[-117378,-117018,-116778,-116418,-116178,-115818,-115578,-115218,-114978,-114618,-114378,-114018,-113778,-113418,-113178,-112818,-112578,-112218,-111978,-111618,-111378,-111018,-110778,-110418,-110178,-109818,-109578,-109218,-108978,-108618,-108378,-108018,-107778,-107418,-107178,-106818,-106578,-106218,-105978,-105618,-105378,-105018,-104778,-104418,-104178,-103818,-103578,-103218,-102978,-102618,-102378,-102018,-101778,-101418,-101178,-100818,-100578,-100218,-99978,-99618,-99378,-99018,-98778,-98418,-98178,-97818,-97578,-97218,-96978,-96618,-96378,-96018,-95778,-95418,-95178,-94818,-94578,-94218,-93978,-93618,-93378,-93018,-92778,-92418,-92178,-91818,-91578,-91218,-90978,-90618,-90378,-90018,-89778,-89418,-89178,-88818,-88578,-88218,-87978,-87618,-87378,-87018,-86778,-86418,-86178,-85818,-85578,-85218,-84978,-84618,-84378,-84018,-83778,-83418,-83178,-82818,-82578,-82218,-81978,-81618,-81378,-81018,-80778,-80418,-80178,-79818,-79578,-79218,-78978,-78618,-78378,-78018,-77778,-77418,-77178,-76818,-76578,-76218,-75978,-75618,-75378,-75018,-74778,-74418,-74178,-73818,-73578,-73218,-72978,-72618,-72378,-72018,-71778,-71418,-71178,-70818,-70578,-70218,-69978,-69618,-69378,-69018,-68778,-68418,-68178,-67818,-67578,-67218,-66978,-66618,-66378,-66018,-65778,-65418,-65178,-64818,-64578,-64218,-63978,-63618,-63378,-63018,-62778,-62418,-62178,-61818,-61578,-61218],"sog":[14.3,13.9,13.5,13.5,13.6,14.1,14.4,14.2,13.8,13.6,13.9,13.8,14.0,14.0,14.3,13.4,13.4,13.6,13.7,14.1,14.0,14.1,14.1,14.1,14.1,13.6,13.6,13.5,14.1,13.7,13.8,13.6,13.8,13.9,13.8,13.5,14.0,13.9,14.0,14.4,14.2,13.9,14.5,13.9,14.0,13.8,13.7,13.6,14.5,13.5,14.0,13.6,14.2,14.1,13.6,14.0,13.4,13.6,13.9,14.2,13.9,13.6,13.5,14.1,13.8,14.3,14.0,13.8,13.8,14.1,13.6,13.7,13.8,14.1,13.1,14.4,14.3,14.6,14.1,14.0,13.1,13.2,13.6,13.7,13.9,14.1,14.1,13.7,13.8,14.0,13.9,13.4,14.0,13.5,13.9,13.8,13.8,14.2,14.2,14.0,13.7,14.0,13.4,13.8,13.5,13.8,13.9,13.3,14.0,13.9,13.8,14.2,13.7,13.6,13.6,14.4,13.6,13.3,13.9,14.1,14.2,13.9,14.0,13.6,13.7,14.1,13.5,14.0,13.8,14.4,13.9,13.8,13.8,13.4,14.1,13.9,13.4,13.6,14.3,13.6,13.5,13.6,14.3,13.4,14.0,13.3,14.0,14.1,13.8,13.8,14.4,14.3,14.2,14.3,13.9,13.9,14.0,13.6,14.0,13.6,13.7,13.8,14.2,13.8,13.7,14.6,14.1,13.7,14.2,14.2,14.1,13.8,13.5,13.6,13.6,14.0,14.1,14.2,14.0,14.5,14.1,14.6,13.7,14.3,13.6,13.7,14.2,14.2]}},{"type":"Feature","geometry":{"type":"LineString","coordinates":[[71.0992,15.7936],[71.117,15.7946],[71.1337,15.796],[71.1595,15.7971],[71.1764,15.7979],[71.2023,15.7998],[71.2193,15.8003],[71.2452,15.8014],[71.262,15.8017],[71.2881,15.8027],[71.3057,15.8037],[71.3316,15.8046],[71.3488,15.8048],[71.3745,15.8053],[71.3912,15.8058],[71.4178,15.8055],[71.4348,15.8053],[71.4609,15.805],[71.4773,15.8049],[71.5033,15.8047],[71.5206,15.8045],[71.5464,15.804],[71.5636,15.8038],[71.5894,15.8031],[71.6073,15.8028],[71.6336,15.8026],[71.6513,15.8023],[71.6774,15.8024],[71.6942,15.8019],[71.7202,15.8019],[71.737,15.8021],[71.763,15.802],[71.7804,15.802],[71.806,15.8018],[71.8226,15.8013],[71.849,15.8008],[71.8661,15.8008],[71.8919,15.8004],[71.9095,15.8002],[71.9354,15.7998],[71.9523,15.7996],[71.9785,15.7995],[71.9956,15.7996],[72.0224,15.7987],[72.0395,15.7983],[72.0653,15.797],[72.0823,15.7959],[72.1083,15.794],[72.1262,15.7923],[72.1522,15.7905],[72.1701,15.7896],[72.1956,15.7883],[72.2127,15.7868],[72.2385,15.7854],[72.2559,15.7848],[72.2819,15.7841],[72.2988,15.7833],[72.3253,15.7829],[72.3421,15.7827],[72.368,15.7824],[72.3849,15.7825],[72.4105,15.7823],[72.4284,15.7824],[72.4537,15.7829],[72.4712,15.7831],[72.497,15.7834],[72.5146,15.7836],[72.54,15.7831],[72.5572,15.7834],[72.5831,15.7835],[72.6006,15.7837],[72.6263,15.7845],[72.6442,15.7849],[72.6695,15.7852],[72.6871,15.7857],[72.7131,15.7863],[72.7302,15.7868],[72.7566,15.787],[72.7734,15.787],[72.7995,15.7871],[72.8168,15.7871],[72.8429,15.7867],[72.8605,15.7866],[72.8863,15.786],[72.9038,15.7858],[72.9299,15.7857],[72.947,15.7855],[72.9734,15.7856],[72.991,15.7854],[73.0174,15.7855],[73.0345,15.7854],[73.0602,15.7852],[73.0775,15.7845],[73.103,15.7837],[73.1197,15.7834],[73.1458,15.7827],[73.1632,15.7822],[73.189,15.7817],[73.2064,15.781],[73.2326,15.7805],[73.2499,15.78],[73.276,15.7791],[73.2932,15.7788],[73.319,15.7784],[73.3362,15.7778],[73.3617,15.7775],[73.3795,15.7774],[73.4059,15.7772],[73.423,15.7766],[73.4493,15.7767],[73.467,15.7762],[73.4932,15.7758],[73.5115,15.7761],[73.5377,15.7756],[73.5549,15.775],[73.5807,15.7754],[73.5983,15.7757],[73.6243,15.7767],[73.6415,15.7779]]},"properties":{"mmsi":994585039,"name":"SYN-TAN-19","role":"candidate","vessel_type":80,"synthetic":true,"t_offset_s":[-73749,-73509,-73269,-72909,-72669,-72309,-72069,-71709,-71469,-71109,-70869,-70509,-70269,-69909,-69669,-69309,-69069,-68709,-68469,-68109,-67869,-67509,-67269,-66909,-66669,-66309,-66069,-65709,-65469,-65109,-64869,-64509,-64269,-63909,-63669,-63309,-63069,-62709,-62469,-62109,-61869,-61509,-61269,-60909,-60669,-60309,-60069,-59709,-59469,-59109,-58869,-58509,-58269,-57909,-57669,-57309,-57069,-56709,-56469,-56109,-55869,-55509,-55269,-54909,-54669,-54309,-54069,-53709,-53469,-53109,-52869,-52509,-52269,-51909,-51669,-51309,-51069,-50709,-50469,-50109,-49869,-49509,-49269,-48909,-48669,-48309,-48069,-47709,-47469,-47109,-46869,-46509,-46269,-45909,-45669,-45309,-45069,-44709,-44469,-44109,-43869,-43509,-43269,-42909,-42669,-42309,-42069,-41709,-41469,-41109,-40869,-40509,-40269,-39909,-39669,-39309,-39069,-38709,-38469],"sog":[14.7,15.5,14.5,15.0,14.5,14.7,14.7,15.1,14.4,14.8,15.4,15.2,14.9,14.8,14.9,15.2,15.0,14.9,14.7,15.0,15.0,14.9,14.7,15.2,15.1,14.8,15.3,15.3,14.5,14.3,14.9,14.9,14.7,14.7,14.7,15.0,15.3,15.2,15.0,15.0,15.0,15.0,15.2,15.3,15.1,15.1,14.7,15.1,15.4,15.5,15.6,15.4,15.3,14.8,15.2,15.3,15.2,15.2,14.8,14.8,14.7,15.1,15.3,14.9,15.3,15.0,15.0,14.8,15.0,14.8,14.8,15.1,15.2,14.8,15.2,15.2,15.2,15.0,14.9,15.2,15.0,15.6,15.6,14.8,14.9,15.4,15.3,15.0,15.0,15.2,14.9,14.8,15.0,14.5,14.7,15.0,15.3,14.8,15.4,15.2,15.2,15.0,15.1,15.5,14.9,14.9,15.3,15.5,15.2,15.4,15.0,15.2,15.7,15.6,14.9,14.7,15.1,14.9,15.3]}},{"type":"Feature","geometry":{"type":"LineString","coordinates":[[71.1171,16.914],[71.12,16.9071],[71.1281,16.8871],[71.1342,16.8737],[71.1428,16.8535],[71.1486,16.84],[71.1575,16.8196],[71.1631,16.8055],[71.172,16.7852],[71.1779,16.7724],[71.1871,16.7521],[71.1932,16.7392],[71.2022,16.7195],[71.2082,16.7058],[71.2176,16.6862],[71.2235,16.6726],[71.2325,16.6529],[71.2385,16.64],[71.2478,16.6193],[71.2535,16.6064],[71.263,16.5864],[71.2695,16.5734],[71.2786,16.5539],[71.2851,16.5409],[71.2949,16.5209],[71.3019,16.5081],[71.3117,16.4879],[71.318,16.4753],[71.3278,16.4551],[71.3344,16.442],[71.3435,16.4228],[71.3494,16.4091],[71.3586,16.3893],[71.3647,16.3759],[71.3741,16.3558],[71.38,16.3423],[71.3892,16.3223],[71.3958,16.3091],[71.4051,16.2896],[71.4112,16.2766],[71.4212,16.2574],[71.4282,16.2441],[71.438,16.2253],[71.4453,16.2119],[71.4556,16.1923],[71.4621,16.1798],[71.4723,16.1598],[71.4791,16.1468],[71.4893,16.128],[71.4961,16.115],[71.5062,16.0955],[71.5133,16.083],[71.5234,16.0635],[71.5305,16.051],[71.5406,16.0314],[71.5471,16.0187],[71.5567,15.9991],[71.5631,15.9859],[71.5735,15.9663],[71.5803,15.9533],[71.5897,15.9339],[71.5966,15.9213],[71.6062,15.902],[71.6131,15.8889],[71.6241,15.8693],[71.631,15.8562],[71.6417,15.8372],[71.6484,15.8245],[71.6591,15.8055],[71.6663,15.793],[71.6776,15.7733],[71.685,15.7604],[71.6958,15.7421],[71.7031,15.7293],[71.7138,15.7105],[71.721,15.6972],[71.7321,15.6784],[71.7394,15.6657],[71.7506,15.6466],[71.7578,15.6343],[71.7689,15.6149],[71.7759,15.6024],[71.7874,15.5839],[71.7951,15.5712],[71.807,15.5522],[71.8149,15.5403],[71.8268,15.5219],[71.8349,15.5103],[71.847,15.4917],[71.8551,15.4795],[71.8674,15.4617],[71.8762,15.4494],[71.8894,15.4316],[71.8977,15.4203],[71.9113,15.4028],[71.9199,15.3908],[71.9335,15.3734],[71.9422,15.3613],[71.9558,15.3434],[71.9644,15.3315],[71.9769,15.3138],[71.9855,15.3021],[71.9987,15.2834],[72.007,15.2721],[72.0196,15.2538],[72.0281,15.2416],[72.0406,15.224],[72.0493,15.2121],[72.062,15.1937],[72.0706,15.1818],[72.0835,15.1637],[72.0921,15.1521],[72.1055,15.1343],[72.1145,15.1228],[72.1279,15.1052],[72.1366,15.0936],[72.1498,15.076],[72.1588,15.0644],[72.1723,15.0468],[72.181,15.0352],[72.1939,15.0175],[72.2038,15.0054],[72.2172,14.9878],[72.2258,14.9766],[72.2388,14.9593],[72.2477,14.9473],[72.2612,14.9294],[72.2705,14.9169],[72.2835,14.8993],[72.2924,14.8874],[72.3053,14.87],[72.3145,14.8587],[72.3281,14.8413],[72.3365,14.8294],[72.3499,14.8116],[72.359,14.7996],[72.3722,14.7816],[72.3808,14.7697],[72.3945,14.7516],[72.4036,14.7398],[72.417,14.722],[72.4257,14.7106],[72.4393,14.6932],[72.4485,14.6815],[72.4623,14.664],[72.4715,14.6523],[72.4852,14.6355],[72.4945,14.6241],[72.5089,14.6067],[72.5182,14.5959],[72.5327,14.5793],[72.5427,14.5685],[72.5575,14.5518],[72.5677,14.5414],[72.5824,14.525],[72.5925,14.5143],[72.6073,14.498],[72.6171,14.4868],[72.6318,14.4708],[72.642,14.4602],[72.657,14.4441],[72.6672,14.4334],[72.6818,14.4178],[72.6916,14.4067],[72.7065,14.3906],[72.7164,14.3798],[72.731,14.363],[72.7404,14.3522],[72.755,14.3354],[72.7646,14.3244],[72.7786,14.3071],[72.7886,14.296],[72.8028,14.2787],[72.8125,14.2676],[72.8259,14.2503],[72.8351,14.2389],[72.8489,14.2216],[72.8582,14.2099],[72.872,14.1926],[72.8813,14.1814],[72.8951,14.1645],[72.9047,14.1529],[72.9184,14.1359],[72.9278,14.1245],[72.942,14.1075],[72.951,14.0961],[72.9653,14.0793],[72.9752,14.068],[72.9891,14.0511],[72.9986,14.0397],[73.0125,14.0225],[73.0217,14.0113],[73.0346,13.9943],[73.0437,13.9823],[73.0574,13.9652],[73.0665,13.9539],[73.0795,13.9368],[73.0881,13.9247],[73.1018,13.9064],[73.1105,13.895],[73.1233,13.8776],[73.1324,13.8658],[73.1456,13.8478],[73.1542,13.8364],[73.167,13.8187],[73.1758,13.807],[73.1886,13.7899],[73.1975,13.778],[73.2112,13.7604],[73.2201,13.7494],[73.2342,13.732],[73.2435,13.7207],[73.2571,13.7041],[73.2658,13.6922],[73.2796,13.6752],[73.2886,13.6636],[73.3021,13.6463],[73.3115,13.6348],[73.3251,13.6182],[73.3342,13.6065],[73.3474,13.5892],[73.3565,13.5772],[73.3705,13.5602],[73.3794,13.5486],[73.3934,13.5313],[73.402,13.5199],[73.4154,13.5025],[73.4241,13.491],[73.4374,13.4727],[73.4457,13.4611],[73.4591,13.4434],[73.4678,13.4315],[73.4808,13.4132],[73.4897,13.4015],[73.503,13.3839],[73.5121,13.372],[73.5248,13.3547],[73.5335,13.3427],[73.5464,13.3253],[73.555,13.3133],[73.5679,13.2952],[73.5764,13.2834],[73.5897,13.2654],[73.5986,13.2535],[73.6119,13.2358],[73.6208,13.2244],[73.6349,13.2065],[73.6436,13.1949],[73.6572,13.1774],[73.6661,13.1655],[73.6794,13.1481],[73.6891,13.1367],[73.703,13.1198],[73.7122,13.1081],[73.7265,13.0912],[73.7357,13.0795],[73.7497,13.0622],[73.7584,13.0515],[73.7723,13.0344],[73.781,13.0226],[73.7947,13.0055],[73.8037,12.994],[73.8174,12.9771],[73.8263,12.965],[73.84,12.9483],[73.8489,12.9367],[73.8622,12.9199],[73.8707,12.9091],[73.885,12.8919],[73.8938,12.8799],[73.908,12.8625],[73.9174,12.8516],[73.9314,12.8343],[73.9412,12.8231],[73.9559,12.8064],[73.9655,12.7954],[73.9805,12.7787],[73.99,12.7676],[74.0048,12.7514],[74.0147,12.7405],[74.0295,12.7239],[74.0389,12.7129],[74.0532,12.6969],[74.0629,12.6855],[74.078,12.6687],[74.0877,12.6577],[74.1018,12.6409],[74.1113,12.6292],[74.1249,12.6126],[74.1345,12.6011],[74.1486,12.5849],[74.1585,12.5735],[74.1728,12.5575],[74.1817,12.5466],[74.1959,12.5307],[74.2053,12.5192],[74.2196,12.5028],[74.2291,12.4916],[74.2436,12.4752],[74.2531,12.4641],[74.2677,12.4479],[74.2776,12.4366],[74.2922,12.4198],[74.3014,12.4089],[74.3161,12.3917],[74.3263,12.38],[74.3402,12.3632],[74.3499,12.3519],[74.3642,12.3351],[74.3741,12.3237],[74.3885,12.3066],[74.3981,12.2954],[74.4124,12.2784],[74.4222,12.2668],[74.4359,12.2504],[74.4454,12.2396],[74.4595,12.223],[74.4691,12.2116],[74.4839,12.1953],[74.4939,12.184],[74.508,12.1671],[74.5176,12.1561],[74.5322,12.1391],[74.5414,12.1279],[74.5552,12.1112],[74.5643,12.0997],[74.578,12.0827],[74.5867,12.0712],[74.6007,12.0544],[74.6099,12.0427],[74.6235,12.0253],[74.6321,12.0139],[74.6459,11.9964],[74.6549,11.9856],[74.6686,11.9683],[74.6776,11.9572],[74.6915,11.9394],[74.7008,11.928],[74.7144,11.9108],[74.7241,11.899],[74.7378,11.8817],[74.7472,11.87],[74.7607,11.8523],[74.7697,11.8407],[74.7836,11.8232],[74.7929,11.8116],[74.8064,11.7946],[74.816,11.7827],[74.8303,11.7655],[74.8396,11.754],[74.8532,11.7377],[74.8629,11.7263],[74.8768,11.7088],[74.886,11.6976],[74.9,11.6801],[74.9089,11.6686],[74.9223,11.6517],[74.9311,11.64],[74.9437,11.6219],[74.9523,11.6104],[74.9654,11.5921],[74.9742,11.5804],[74.9869,11.5631],[74.9955,11.5513],[75.0088,11.5337],[75.0176,11.5221],[75.0304,11.5045],[75.0392,11.4926],[75.0526,11.475],[75.0614,11.4634],[75.0742,11.4452],[75.0828,11.4329],[75.096,11.4153],[75.1044,11.4038],[75.1173,11.385],[75.1261,11.3733],[75.1391,11.3558],[75.1477,11.3438],[75.1607,11.3269],[75.1696,11.3149],[75.1821,11.2976],[75.1905,11.2861],[75.2036,11.268],[75.2126,11.2561],[75.2255,11.2384],[75.2341,11.2262],[75.2469,11.2083],[75.2556,11.1964],[75.2683,11.1789],[75.2768,11.1679],[75.29,11.1497],[75.2989,11.1379],[75.312,11.12],[75.3212,11.1087],[75.3351,11.0916],[75.3438,11.0797],[75.3574,11.0625],[75.3668,11.0507],[75.3804,11.0332],[75.3893,11.0219],[75.4024,11.005],[75.4114,10.9933],[75.4249,10.9759],[75.4332,10.9645],[75.4466,10.9463],[75.4555,10.9345],[75.469,10.9171],[75.4779,10.9053],[75.4915,10.8875],[75.5004,10.8761],[75.5136,10.8588],[75.5228,10.8469]]},"properties":{"mmsi":994933931,"name":"SYN-CAR-11","role":"candidate","vessel_type":70,"synthetic":true,"t_offset_s":[-128575,-128455,-128095,-127855,-127495,-127255,-126895,-126655,-126295,-126055,-125695,-125455,-125095,-124855,-124495,-124255,-123895,-123655,-123295,-123055,-122695,-122455,-122095,-121855,-121495,-121255,-120895,-120655,-120295,-120055,-119695,-119455,-119095,-118855,-118495,-118255,-117895,-117655,-117295,-117055,-116695,-116455,-116095,-115855,-115495,-115255,-114895,-114655,-114295,-114055,-113695,-113455,-113095,-112855,-112495,-112255,-111895,-111655,-111295,-111055,-110695,-110455,-110095,-109855,-109495,-109255,-108895,-108655,-108295,-108055,-107695,-107455,-107095,-106855,-106495,-106255,-105895,-105655,-105295,-105055,-104695,-104455,-104095,-103855,-103495,-103255,-102895,-102655,-102295,-102055,-101695,-101455,-101095,-100855,-100495,-100255,-99895,-99655,-99295,-99055,-98695,-98455,-98095,-97855,-97495,-97255,-96895,-96655,-96295,-96055,-95695,-95455,-95095,-94855,-94495,-94255,-93895,-93655,-93295,-93055,-92695,-92455,-92095,-91855,-91495,-91255,-90895,-90655,-90295,-90055,-89695,-89455,-89095,-88855,-88495,-88255,-87895,-87655,-87295,-87055,-86695,-86455,-86095,-85855,-85495,-85255,-84895,-84655,-84295,-84055,-83695,-83455,-83095,-82855,-82495,-82255,-81895,-81655,-81295,-81055,-80695,-80455,-80095,-79855,-79495,-79255,-78895,-78655,-78295,-78055,-77695,-77455,-77095,-76855,-76495,-76255,-75895,-75655,-75295,-75055,-74695,-74455,-74095,-73855,-73495,-73255,-72895,-72655,-72295,-72055,-71695,-71455,-71095,-70855,-70495,-70255,-69895,-69655,-69295,-69055,-68695,-68455,-68095,-67855,-67495,-67255,-66895,-66655,-66295,-66055,-65695,-65455,-65095,-64855,-64495,-64255,-63895,-63655,-63295,-63055,-62695,-62455,-62095,-61855,-61495,-61255,-60895,-60655,-60295,-60055,-59695,-59455,-59095,-58855,-58495,-58255,-57895,-57655,-57295,-57055,-56695,-56455,-56095,-55855,-55495,-55255,-54895,-54655,-54295,-54055,-53695,-53455,-53095,-52855,-52495,-52255,-51895,-51655,-51295,-51055,-50695,-50455,-50095,-49855,-49495,-49255,-48895,-48655,-48295,-48055,-47695,-47455,-47095,-46855,-46495,-46255,-45895,-45655,-45295,-45055,-44695,-44455,-44095,-43855,-43495,-43255,-42895,-42655,-42295,-42055,-41695,-41455,-41095,-40855,-40495,-40255,-39895,-39655,-39295,-39055,-38695,-38455,-38095,-37855,-37495,-37255,-36895,-36655,-36295,-36055,-35695,-35455,-35095,-34855,-34495,-34255,-33895,-33655,-33295,-33055,-32695,-32455,-32095,-31855,-31495,-31255,-30895,-30655,-30295,-30055,-29695,-29455,-29095,-28855,-28495,-28255,-27895,-27655,-27295,-27055,-26695,-26455,-26095,-25855,-25495,-25255,-24895,-24655,-24295,-24055,-23695,-23455,-23095,-22855,-22495,-22255,-21895,-21655,-21295,-21055,-20695,-20455,-20095,-19855,-19495,-19255,-18895,-18655,-18295,-18055,-17695,-17455,-17095,-16855,-16495,-16255,-15895,-15655,-15295,-15055,-14695,-14455,-14095,-13855,-13495,-13255,-12895,-12655,-12295,-12055,-11695,-11455,-11095,-10855,-10495,-10255,-9895,-9655,-9295,-9055,-8695,-8455,-8095,-7855,-7495,-7255,-6895,-6655,-6295,-6055,-5695,-5455],"sog":[12.8,13.5,12.7,13.2,12.9,12.7,13.2,13.3,13.5,13.0,13.0,12.9,12.8,13.2,12.5,13.6,13.1,13.3,12.9,12.5,12.8,12.6,12.8,12.9,13.3,13.0,13.0,12.9,12.7,13.0,12.9,12.8,13.1,13.1,13.1,13.6,12.8,13.2,12.8,12.7,12.8,13.3,12.7,13.3,12.9,12.8,13.2,13.1,12.9,12.8,12.5,13.1,12.7,12.8,13.0,12.7,12.7,13.1,13.0,13.4,12.8,12.7,12.6,12.9,13.2,13.3,13.0,12.8,12.7,13.3,13.2,12.9,12.9,12.5,13.5,13.5,13.1,13.4,12.9,12.4,13.3,12.6,12.7,13.0,13.3,12.5,13.3,12.7,12.8,13.2,12.9,13.6,12.4,12.5,13.2,13.2,13.2,13.7,13.4,13.2,12.9,13.1,13.5,12.9,13.2,13.3,13.1,13.1,13.1,13.2,12.9,12.4,13.4,12.8,12.7,12.9,12.6,12.6,12.8,13.1,13.3,14.1,13.4,13.1,13.2,13.0,13.4,13.7,13.3,13.1,13.0,13.4,13.0,13.0,13.1,13.3,13.5,13.4,13.1,13.3,13.2,12.9,13.1,13.0,13.1,13.3,12.7,13.3,12.9,12.9,13.1,12.8,13.3,13.1,12.9,13.3,12.6,13.4,12.9,13.2,12.6,12.8,12.7,13.0,13.0,12.6,13.0,12.6,13.0,12.6,12.7,13.3,13.3,13.1,13.0,12.9,13.0,13.4,12.8,13.1,13.3,12.5,13.1,12.9,13.3,12.8,12.9,12.7,13.3,13.2,12.9,12.7,12.7,13.6,13.1,12.7,12.3,13.0,13.2,12.6,12.6,13.8,13.5,13.0,12.5,13.1,12.7,12.8,13.0,12.6,13.0,12.7,12.9,12.7,12.5,12.7,12.7,12.8,12.7,13.0,13.2,13.0,13.2,13.1,12.4,13.2,12.8,12.6,13.4,12.6,13.7,12.6,13.5,13.2,12.8,13.2,12.6,13.1,12.6,13.2,12.6,13.2,13.1,13.3,13.0,12.9,13.2,12.4,13.1,13.4,12.8,13.3,13.2,12.9,12.6,13.2,13.1,12.7,12.8,12.7,13.1,13.2,13.3,12.9,12.8,12.7,12.7,12.3,13.2,13.0,13.2,12.9,13.5,13.3,13.2,13.3,13.1,12.8,13.3,12.9,13.1,12.8,12.7,13.2,13.4,12.9,12.9,13.1,13.1,13.0,12.7,13.0,12.8,12.9,12.6,13.1,13.1,13.2,13.2,12.8,12.8,13.2,13.1,13.0,13.2,13.6,13.1,13.0,12.8,13.1,13.2,13.1,12.8,13.5,12.6,12.6,12.9,13.0,12.9,13.4,13.1,13.4,12.7,12.8,12.9,12.9,13.4,13.1,13.0,13.2,12.8,12.9,13.0,12.5,12.8,12.7,13.2,12.9,13.1,13.3,13.5,13.0,13.5,13.4,13.3,13.1,12.3,13.6,13.2,13.0,12.7,13.5,13.2,13.2,13.0,12.7,12.6,12.8,12.8,12.8,13.6,12.9,12.6,12.9,13.1,12.6,13.1,13.1,13.2,13.1,13.5,13.1,13.3,12.5,12.8,13.1,13.0,12.8,12.9,12.9,12.6,12.9,13.0,13.1,12.6,13.0,12.6,13.1,12.9,11.9,13.2,13.4,12.7,13.0,12.5,12.9,13.1,13.3,13.1,12.9,12.7,12.8,13.0,12.6,13.1,12.9,13.0,13.3,12.9,12.7,13.3,12.7]}},{"type":"Feature","geometry":{"type":"LineString","coordinates":[[72.0773,14.6421],[72.0797,14.636],[72.0846,14.6247],[72.0915,14.6073],[72.0959,14.5965],[72.1028,14.5794],[72.1076,14.5682],[72.1149,14.5512],[72.1202,14.5396],[72.1278,14.5228],[72.1332,14.5112],[72.1411,14.4945],[72.1463,14.4823],[72.1539,14.4652],[72.1594,14.4533],[72.1669,14.4364],[72.172,14.4252],[72.1801,14.4076],[72.1853,14.3961],[72.1927,14.3791],[72.1978,14.3684],[72.2053,14.3521],[72.2108,14.3413],[72.2189,14.325],[72.2246,14.3137],[72.2321,14.2968],[72.2372,14.2863],[72.2446,14.2692],[72.2501,14.258],[72.2571,14.2411],[72.2623,14.23],[72.2698,14.2132],[72.2747,14.2015],[72.2824,14.1847],[72.2875,14.1731],[72.2947,14.1564],[72.2995,14.1451],[72.3074,14.1279],[72.3122,14.1171],[72.3193,14.0996],[72.3237,14.0886],[72.3311,14.0721],[72.3356,14.0608],[72.3428,14.0436],[72.3478,14.0328],[72.3551,14.0161],[72.3601,14.0045],[72.3673,13.9877],[72.3721,13.9762],[72.3792,13.9595],[72.3838,13.9482],[72.3908,13.9312],[72.3953,13.9198],[72.4021,13.9023],[72.4069,13.8909],[72.4138,13.8739],[72.4185,13.8622],[72.4255,13.8455],[72.4301,13.8342],[72.4367,13.8173],[72.4415,13.8062],[72.4485,13.7892],[72.4527,13.7782],[72.4596,13.761],[72.4642,13.7497],[72.471,13.7324],[72.4757,13.7209],[72.4827,13.7043],[72.4875,13.693],[72.4938,13.6764],[72.4986,13.6649],[72.5056,13.6478],[72.5103,13.636],[72.5178,13.6184],[72.5218,13.6071],[72.5288,13.5903],[72.5334,13.5785],[72.5401,13.5612],[72.5447,13.5497],[72.5517,13.5329],[72.5561,13.5213],[72.5627,13.5037],[72.5673,13.4915],[72.5736,13.474],[72.578,13.4627],[72.584,13.4454],[72.5877,13.434],[72.5938,13.4169],[72.5975,13.4054],[72.6034,13.3881],[72.6074,13.3766],[72.6133,13.3595],[72.6177,13.3473],[72.6237,13.3298],[72.628,13.3183],[72.6338,13.3012],[72.6382,13.2896],[72.6449,13.272],[72.6486,13.2606],[72.6546,13.2435],[72.6589,13.2312],[72.6645,13.2135],[72.6684,13.2016],[72.6738,13.1844],[72.6774,13.1728],[72.6832,13.1543],[72.6865,13.1426],[72.6924,13.1251],[72.696,13.1139],[72.7027,13.096],[72.7067,13.0846],[72.7126,13.0673],[72.7166,13.0558],[72.723,13.0391],[72.7272,13.0276],[72.7327,13.0098],[72.7366,12.9984],[72.7422,12.9809],[72.7466,12.9696],[72.7525,12.9519],[72.7566,12.9403],[72.7629,12.9226],[72.7672,12.9113],[72.7735,12.8937],[72.7778,12.882],[72.7838,12.8656],[72.7881,12.8532],[72.7948,12.8358],[72.7994,12.8248],[72.8056,12.8074],[72.8103,12.7958],[72.8166,12.7785],[72.8209,12.7671],[72.8263,12.7499],[72.8309,12.7376],[72.8374,12.721],[72.8415,12.7097],[72.8479,12.6927],[72.8519,12.6812],[72.8577,12.6636],[72.8617,12.6514],[72.8679,12.6348],[72.8723,12.623],[72.8787,12.6056],[72.8827,12.594],[72.8897,12.5761],[72.8934,12.565],[72.8993,12.5481],[72.9038,12.5362],[72.91,12.5186],[72.9141,12.5073],[72.9199,12.4901],[72.924,12.4779],[72.9292,12.46],[72.9328,12.4483],[72.9378,12.4317],[72.9413,12.4199],[72.9467,12.4021],[72.95,12.3902],[72.9548,12.3726],[72.9584,12.3613],[72.9633,12.3439],[72.9667,12.3321],[72.9718,12.3144],[72.9762,12.3023],[72.9816,12.2849],[72.9858,12.2727],[72.9917,12.2549],[72.9957,12.2434],[73.0016,12.2256],[73.0057,12.2136],[73.0119,12.1962],[73.0159,12.1847],[73.0224,12.1672],[73.0264,12.1557],[73.0326,12.1382],[73.0369,12.1267],[73.0431,12.1095],[73.0477,12.0981],[73.0542,12.0812],[73.0584,12.0696],[73.0645,12.0525],[73.0685,12.0411],[73.075,12.024],[73.0794,12.0124],[73.0853,11.9957],[73.0895,11.9836],[73.0956,11.9659],[73.0997,11.9541],[73.1066,11.9373],[73.1113,11.9253],[73.1177,11.9077],[73.1225,11.8962],[73.1295,11.8787],[73.134,11.8676],[73.1412,11.8508],[73.1458,11.8395],[73.1527,11.8227],[73.1572,11.8111],[73.1641,11.794],[73.169,11.7828],[73.1751,11.7656],[73.1795,11.754],[73.1864,11.7372],[73.1908,11.7259],[73.1974,11.7085],[73.2019,11.6966],[73.2089,11.6794],[73.2132,11.6679],[73.2197,11.6506],[73.2239,11.6395],[73.23,11.6218],[73.2341,11.6102],[73.2405,11.5933],[73.2444,11.5818],[73.2509,11.5647],[73.2552,11.5525],[73.2617,11.5357],[73.2659,11.5248],[73.2732,11.5075],[73.2779,11.4957],[73.2852,11.4792],[73.29,11.4675],[73.2971,11.4505],[73.3015,11.4391],[73.3086,11.4221],[73.3132,11.4104],[73.3203,11.3938],[73.3252,11.3823],[73.3321,11.3653],[73.3367,11.354],[73.3442,11.3373],[73.3487,11.326],[73.3555,11.3092],[73.3606,11.298],[73.3678,11.2808],[73.3726,11.2695],[73.3794,11.253],[73.3844,11.241],[73.3918,11.2241],[73.3965,11.2123],[73.4035,11.1947],[73.4078,11.1836],[73.4143,11.1665],[73.419,11.1548],[73.4254,11.1377],[73.4298,11.1261],[73.4369,11.1095],[73.4417,11.0984],[73.449,11.0809],[73.4538,11.0696],[73.4608,11.0526],[73.4659,11.041],[73.4731,11.0241],[73.478,11.0126],[73.4855,10.9966],[73.4907,10.9849],[73.4981,10.9684],[73.5033,10.9572],[73.5108,10.9409],[73.5165,10.93],[73.5243,10.9141],[73.5301,10.9023],[73.538,10.8864],[73.5439,10.8758],[73.5529,10.8594],[73.5588,10.8483],[73.5681,10.8319],[73.5742,10.8216],[73.5838,10.8053],[73.5894,10.7955],[73.5991,10.7787],[73.605,10.768],[73.6144,10.7517],[73.6207,10.7411],[73.6292,10.7252],[73.6354,10.7141],[73.6443,10.6976],[73.6505,10.6868],[73.6603,10.6701],[73.6664,10.6595],[73.6759,10.6436],[73.682,10.6323],[73.6911,10.6167],[73.6973,10.6062],[73.7062,10.5904],[73.7123,10.5792],[73.7211,10.5632],[73.7268,10.5526],[73.7354,10.5362],[73.7408,10.5251],[73.7491,10.5086],[73.755,10.4976],[73.7632,10.4815],[73.7693,10.47],[73.7784,10.4539],[73.7841,10.4425]]},"properties":{"mmsi":995219545,"name":"SYN-TAN-05","role":"candidate","vessel_type":80,"synthetic":true,"t_offset_s":[-190919,-190799,-190559,-190199,-189959,-189599,-189359,-188999,-188759,-188399,-188159,-187799,-187559,-187199,-186959,-186599,-186359,-185999,-185759,-185399,-185159,-184799,-184559,-184199,-183959,-183599,-183359,-182999,-182759,-182399,-182159,-181799,-181559,-181199,-180959,-180599,-180359,-179999,-179759,-179399,-179159,-178799,-178559,-178199,-177959,-177599,-177359,-176999,-176759,-176399,-176159,-175799,-175559,-175199,-174959,-174599,-174359,-173999,-173759,-173399,-173159,-172799,-172559,-172199,-171959,-171599,-171359,-170999,-170759,-170399,-170159,-169799,-169559,-169199,-168959,-168599,-168359,-167999,-167759,-167399,-167159,-166799,-166559,-166199,-165959,-165599,-165359,-164999,-164759,-164399,-164159,-163799,-163559,-163199,-162959,-162599,-162359,-161999,-161759,-161399,-161159,-160799,-160559,-160199,-159959,-159599,-159359,-158999,-158759,-158399,-158159,-157799,-157559,-157199,-156959,-156599,-156359,-155999,-155759,-155399,-155159,-154799,-154559,-154199,-153959,-153599,-153359,-152999,-152759,-152399,-152159,-151799,-151559,-151199,-150959,-150599,-150359,-149999,-149759,-149399,-149159,-148799,-148559,-148199,-147959,-147599,-147359,-146999,-146759,-146399,-146159,-145799,-145559,-145199,-144959,-144599,-144359,-143999,-143759,-143399,-143159,-142799,-142559,-142199,-141959,-141599,-141359,-140999,-140759,-140399,-140159,-139799,-139559,-139199,-138959,-138599,-138359,-137999,-137759,-137399,-137159,-136799,-136559,-136199,-135959,-135599,-135359,-134999,-134759,-134399,-134159,-133799,-133559,-133199,-132959,-132599,-132359,-131999,-131759,-131399,-131159,-130799,-130559,-130199,-129959,-129599,-129359,-128999,-128759,-128399,-128159,-127799,-127559,-127199,-126959,-126599,-126359,-125999,-125759,-125399,-125159,-124799,-124559,-124199,-123959,-123599,-123359,-122999,-122759,-122399,-122159,-121799,-121559,-121199,-120959,-120599,-120359,-119999,-119759,-119399,-119159,-118799,-118559,-118199,-117959,-117599,-117359,-116999,-116759,-116399,-116159,-115799,-115559,-115199,-114959,-114599,-114359,-113999,-113759,-113399,-113159,-112799,-112559,-112199,-111959,-111599,-111359,-110999,-110759,-110399,-110159,-109799,-109559,-109199,-108959,-108599,-108359,-107999,-107759,-107399,-107159,-106799,-106559,-106199,-105959,-105599,-105359,-104999,-104759,-104399,-104159,-103799,-103559,-103199,-102959,-102599,-102359],"sog":[11.4,11.1,10.5,11.2,10.8,10.5,10.8,11.2,11.4,10.9,11.6,10.6,11.6,11.5,11.8,11.0,11.3,11.2,11.3,11.1,10.6,10.6,10.3,11.1,10.9,10.6,10.5,11.0,11.4,10.6,10.5,11.3,10.9,11.2,11.2,10.7,11.1,10.8,10.4,10.4,11.1,10.9,10.8,10.9,10.5,11.2,10.8,11.0,11.0,10.9,11.3,10.7,10.7,10.8,11.2,10.9,11.4,10.4,11.1,10.9,10.7,11.1,10.7,11.0,10.5,11.1,10.9,10.9,10.6,10.5,11.0,10.5,11.2,11.1,10.9,10.7,11.5,11.5,11.2,10.8,10.9,11.7,11.5,10.8,10.5,10.4,10.8,10.6,10.6,11.6,10.4,10.7,11.4,11.8,10.9,11.0,11.0,11.6,10.9,10.7,11.1,11.3,11.9,11.1,10.9,11.1,10.9,11.0,10.6,10.9,10.9,11.2,10.9,10.5,11.0,11.2,11.2,10.6,10.4,10.8,11.3,11.2,10.6,10.8,11.2,10.6,11.4,10.8,11.0,10.9,11.0,10.6,11.0,11.2,11.3,10.7,10.9,10.7,10.6,10.8,11.0,10.2,10.8,10.9,11.0,11.5,10.3,10.6,11.3,11.6,10.9,10.9,11.2,11.3,10.9,10.8,10.8,11.5,11.1,10.4,10.4,10.7,11.0,11.4,11.4,10.9,11.6,10.6,11.0,11.2,10.9,11.5,10.7,11.6,11.1,10.3,10.8,11.3,10.9,10.9,11.0,10.5,11.0,10.9,11.0,10.9,10.9,10.7,11.7,10.9,11.4,11.2,11.1,11.2,10.6,10.8,10.5,10.3,10.9,11.1,11.0,11.0,10.8,10.6,10.9,11.2,11.0,11.0,11.3,10.5,11.0,11.2,11.2,11.0,10.4,11.1,11.2,10.8,10.7,11.2,11.3,11.4,11.1,10.4,11.2,11.0,10.9,10.5,11.5,10.8,10.7,11.1,10.6,10.6,10.7,11.7,11.0,10.8,11.3,11.1,11.5,11.5,10.5,10.9,11.6,10.8,10.9,10.6,10.5,11.3,10.8,10.8,11.2,11.2,10.8,10.4,11.3,11.0,11.0,10.9,10.9,10.7,11.0,10.9,11.0,10.4,11.1,11.3,11.1,10.9,10.8,11.8,10.7,11.3,10.8,10.5,11.0,11.7,10.9,11.5,11.1,11.1,10.9,10.9,11.1,10.9,11.2,10.7,10.9,11.5,10.9,10.7,10.9,11.2,11.2,11.2,11.1]}},{"type":"Feature","geometry":{"type":"LineString","coordinates":[[73.2893,14.1957],[73.2894,14.1939],[73.2865,14.1902],[73.286,14.1885],[73.2858,14.1857],[73.2836,14.1846],[73.2822,14.1821],[73.2813,14.18],[73.2805,14.1762],[73.2777,14.1756],[73.2741,14.1714],[73.2715,14.1701],[73.268,14.1728],[73.2665,14.1747],[73.2634,14.1734],[73.2619,14.1713],[73.2601,14.1684],[73.2587,14.1671],[73.2557,14.1661],[73.2538,14.1627],[73.2505,14.1607],[73.2483,14.1585],[73.2449,14.1558],[73.2419,14.1544],[73.2381,14.155],[73.2355,14.1552],[73.2337,14.1585],[73.2328,14.1604],[73.2319,14.1631],[73.2337,14.1658],[73.2353,14.1679],[73.2374,14.1709],[73.2376,14.1747],[73.2377,14.177],[73.2372,14.1801],[73.2344,14.1833],[73.233,14.1865],[73.2327,14.1886],[73.2357,14.1927],[73.2362,14.1956],[73.2398,14.1991],[73.2403,14.2007],[73.2393,14.204],[73.2379,14.2058],[73.2343,14.2073],[73.2333,14.2075],[73.2295,14.2097],[73.2275,14.2112],[73.2254,14.2154],[73.2263,14.2168],[73.2267,14.2209],[73.2263,14.2236],[73.2266,14.2249],[73.2257,14.2272],[73.2215,14.2287],[73.2204,14.228],[73.2153,14.2273],[73.213,14.2277],[73.2095,14.2264],[73.207,14.2253],[73.2024,14.2233],[73.2006,14.2219],[73.1987,14.2193],[73.1964,14.2175],[73.1936,14.2174],[73.192,14.2185],[73.1897,14.2181],[73.1873,14.2165],[73.186,14.2145],[73.1838,14.2139],[73.1812,14.2098],[73.1806,14.2084],[73.1779,14.2074],[73.1764,14.2063],[73.1737,14.2013],[73.1717,14.1984],[73.1717,14.1962],[73.1709,14.1925],[73.1663,14.1923],[73.1651,14.1906],[73.1633,14.1889],[73.1619,14.1879],[73.159,14.187],[73.1577,14.1854],[73.1554,14.1837],[73.1533,14.1818],[73.1537,14.1777],[73.1545,14.1753],[73.1547,14.1708],[73.1559,14.1689],[73.1582,14.1662],[73.1606,14.1641],[73.1635,14.1629],[73.165,14.1631],[73.1693,14.1654],[73.1714,14.1678],[73.1759,14.1715],[73.1777,14.1752],[73.1787,14.1774],[73.1791,14.1796],[73.1775,14.182],[73.1759,14.185],[73.1725,14.1869],[73.1685,14.188],[73.1635,14.1865],[73.1614,14.1862],[73.1586,14.1846],[73.1559,14.1829],[73.1519,14.1806],[73.1487,14.1798],[73.1463,14.1799],[73.1437,14.182],[73.1408,14.1825],[73.1389,14.1814],[73.1377,14.1764],[73.1371,14.1743],[73.1375,14.1715],[73.1379,14.168],[73.1373,14.1654],[73.1381,14.1637],[73.1401,14.159],[73.1405,14.1557],[73.1415,14.1522],[73.1417,14.1503],[73.1381,14.1492],[73.1377,14.1482],[73.1409,14.1466],[73.1432,14.1466],[73.1461,14.1483],[73.1485,14.1497],[73.1504,14.1529],[73.1499,14.1552],[73.148,14.1601],[73.1493,14.1647],[73.152,14.1662],[73.1541,14.1671],[73.1573,14.1706],[73.1585,14.171],[73.1616,14.1714],[73.1627,14.1727],[73.1628,14.1769],[73.1616,14.1777],[73.1598,14.1789],[73.1562,14.1788],[73.1538,14.1766],[73.1514,14.175],[73.1482,14.1725],[73.1474,14.1696],[73.1487,14.166],[73.1501,14.1661],[73.1524,14.1683],[73.1538,14.1693],[73.1575,14.173],[73.1588,14.174],[73.1618,14.1768],[73.1656,14.1784],[73.1688,14.1767],[73.1704,14.1761],[73.1745,14.1758],[73.1774,14.1754],[73.1793,14.1726],[73.1801,14.1704],[73.182,14.1688],[73.1849,14.1681],[73.1859,14.1667],[73.1889,14.1658],[73.1893,14.1613],[73.19,14.1605],[73.1914,14.158],[73.1931,14.1559],[73.1922,14.1528],[73.1919,14.1518],[73.1934,14.1481],[73.1962,14.1462],[73.199,14.1442],[73.2012,14.1438],[73.2033,14.1436],[73.2061,14.1432],[73.2058,14.1401],[73.2035,14.1389],[73.2022,14.1361],[73.2021,14.1333],[73.2004,14.131],[73.1993,14.1271],[73.1984,14.1256],[73.1967,14.1236],[73.1938,14.1197],[73.1911,14.1178],[73.1877,14.117],[73.1864,14.1146],[73.186,14.1119],[73.1857,14.1101],[73.1865,14.107],[73.1891,14.104],[73.1921,14.1039],[73.1949,14.1023],[73.1995,14.1028],[73.2009,14.1043],[73.2049,14.1046],[73.2071,14.1048],[73.2093,14.1028],[73.2091,14.1013],[73.2096,14.0974],[73.2102,14.0955],[73.2086,14.0929],[73.2062,14.092],[73.2036,14.0898],[73.2021,14.0877],[73.1967,14.0872],[73.1951,14.0847],[73.1905,14.088],[73.1899,14.09],[73.1917,14.0929],[73.1919,14.0956],[73.1936,14.1002],[73.1924,14.1021],[73.191,14.1039],[73.1899,14.1075],[73.1932,14.1107],[73.1951,14.1123],[73.1988,14.1155],[73.1988,14.1173],[73.1954,14.1209],[73.1961,14.1241],[73.1979,14.1261],[73.1992,14.1267],[73.1989,14.1318],[73.1976,14.1348],[73.1977,14.1389],[73.1975,14.1407],[73.1977,14.1439],[73.1971,14.1464],[73.194,14.1494],[73.1923,14.1518],[73.1901,14.1537],[73.1909,14.1571],[73.1937,14.1607],[73.1947,14.1617],[73.1986,14.1624],[73.2007,14.1618],[73.2033,14.1618],[73.2044,14.1595],[73.2041,14.1569],[73.2051,14.1549],[73.2081,14.1549],[73.2097,14.154],[73.2147,14.151],[73.2174,14.1509],[73.22,14.1503],[73.2221,14.1488],[73.2256,14.1476],[73.228,14.146],[73.2286,14.1426],[73.2293,14.1398],[73.2322,14.1351],[73.2327,14.1312],[73.2303,14.1275],[73.2275,14.1268],[73.227,14.1241],[73.2283,14.1211],[73.2254,14.118],[73.224,14.1171],[73.2209,14.1139],[73.2165,14.1145],[73.2138,14.1155],[73.2137,14.118],[73.2154,14.1214],[73.2167,14.1218],[73.2203,14.1208],[73.2241,14.1209],[73.2275,14.1201],[73.2285,14.1202],[73.2311,14.1216],[73.2324,14.1212],[73.2367,14.1205],[73.2391,14.1189],[73.2409,14.1194],[73.2415,14.1231],[73.2434,14.1264],[73.2431,14.1291],[73.2406,14.1309],[73.2389,14.1329],[73.2375,14.1318],[73.2378,14.1291],[73.2395,14.1249],[73.2395,14.1232],[73.2391,14.1198],[73.2407,14.1172],[73.2392,14.1148],[73.2377,14.113],[73.2349,14.1107],[73.2331,14.1097],[73.2307,14.1081],[73.2298,14.1078],[73.228,14.1045],[73.2262,14.1029],[73.2232,14.1018],[73.222,14.1006],[73.2184,14.1006],[73.215,14.1003],[73.2136,14.098],[73.2119,14.0972],[73.2086,14.0984],[73.207,14.1002],[73.203,14.1026],[73.2015,14.106],[73.1997,14.1101],[73.199,14.1114],[73.1981,14.1146],[73.1998,14.1176],[73.202,14.1198],[73.2051,14.1206],[73.2069,14.1176],[73.2087,14.1168],[73.2114,14.1151],[73.2136,14.1144],[73.2182,14.1129],[73.2212,14.1112],[73.2251,14.1147],[73.227,14.1159],[73.2303,14.1162],[73.2326,14.1166],[73.2351,14.1171],[73.2374,14.1175],[73.2411,14.1216],[73.2429,14.1222],[73.2463,14.1244],[73.2491,14.125],[73.2519,14.1286],[73.2539,14.1293],[73.2583,14.1298],[73.2599,14.1301],[73.2621,14.1319],[73.2631,14.1345],[73.2628,14.1368],[73.2614,14.1406],[73.2601,14.1448],[73.2613,14.1466],[73.2634,14.1492],[73.2636,14.1503],[73.2639,14.1535],[73.2629,14.1561],[73.2626,14.1587],[73.2627,14.162],[73.2643,14.1666],[73.2647,14.1685],[73.264,14.1728],[73.2619,14.1753],[73.2614,14.1776],[73.2639,14.1795],[73.2665,14.1803],[73.2673,14.1804],[73.2715,14.1814],[73.2729,14.1822],[73.2766,14.1821],[73.2795,14.184],[73.2834,14.186],[73.2856,14.1852],[73.289,14.1834],[73.29,14.1818],[73.2904,14.1804],[73.2907,14.1786],[73.2925,14.1763],[73.2932,14.1744],[73.2946,14.1717],[73.2948,14.1696],[73.2944,14.166],[73.2939,14.1645],[73.2924,14.1622],[73.2913,14.1609],[73.2877,14.1587],[73.2852,14.157],[73.2813,14.1556],[73.2796,14.1532],[73.2792,14.1497],[73.2781,14.1486],[73.2751,14.1449],[73.2736,14.1429],[73.2737,14.1393],[73.2772,14.1394],[73.2799,14.141],[73.2817,14.1425],[73.2863,14.147],[73.2859,14.1495],[73.2868,14.1525],[73.2881,14.1538],[73.2915,14.1544],[73.294,14.1547],[73.2969,14.1578],[73.2967,14.161],[73.2977,14.1623],[73.3011,14.164],[73.304,14.1654],[73.3073,14.1651],[73.3102,14.1652],[73.3129,14.1651],[73.3171,14.1684],[73.3169,14.1714],[73.3177,14.1749],[73.3185,14.1773],[73.3166,14.1795],[73.3147,14.1806],[73.3124,14.1844],[73.3144,14.1862],[73.3172,14.189],[73.3199,14.1901],[73.3233,14.193],[73.3267,14.1933],[73.3278,14.1952],[73.3294,14.1975],[73.3333,14.2004],[73.3355,14.2001],[73.3378,14.2007],[73.3399,14.2018],[73.3423,14.2042],[73.3425,14.2072],[73.3446,14.2092],[73.3467,14.2105],[73.3489,14.2138],[73.3509,14.2171],[73.3523,14.2212],[73.3506,14.2234],[73.3477,14.2245],[73.3465,14.2276],[73.3458,14.2313],[73.3459,14.2338],[73.3464,14.2374],[73.3455,14.2399],[73.3437,14.2423],[73.3422,14.2426],[73.3429,14.2444],[73.344,14.2473],[73.3444,14.249],[73.3446,14.2504],[73.3436,14.2553],[73.3432,14.2584],[73.3433,14.2604],[73.3458,14.2624],[73.3488,14.2654],[73.3508,14.2676],[73.3528,14.2699],[73.3537,14.2724],[73.3578,14.2739],[73.3598,14.2728],[73.3621,14.2718],[73.3629,14.2699],[73.3664,14.2685],[73.3668,14.267],[73.368,14.2649],[73.3691,14.262],[73.3674,14.2602],[73.3673,14.2585],[73.3691,14.255],[73.3715,14.2535],[73.3725,14.2506],[73.3712,14.2477],[73.3683,14.2442],[73.3682,14.2419],[73.3669,14.2373],[73.3662,14.2369],[73.3652,14.2324],[73.3634,14.2313],[73.3603,14.2296],[73.3591,14.2287],[73.3547,14.228],[73.3528,14.2275],[73.3498,14.2292],[73.3483,14.2297],[73.3472,14.2305],[73.35,14.2315],[73.3534,14.2305],[73.3541,14.2279],[73.3562,14.2254],[73.3575,14.2234],[73.3576,14.2218],[73.3556,14.2201],[73.3541,14.2154],[73.3568,14.2143],[73.3618,14.2127],[73.364,14.2112],[73.3654,14.2086],[73.3673,14.2076],[73.3702,14.2068],[73.3728,14.2061],[73.3755,14.2046],[73.3785,14.2032],[73.382,14.2005],[73.3834,14.1985],[73.386,14.1963],[73.3864,14.1953],[73.3912,14.1945],[73.3909,14.1913],[73.3902,14.1879],[73.3887,14.1878],[73.3873,14.1845],[73.387,14.183],[73.3864,14.1796],[73.387,14.1789],[73.3852,14.1753],[73.3829,14.1736],[73.3816,14.1706],[73.3837,14.1686],[73.3889,14.1674],[73.3912,14.1679],[73.3936,14.1667],[73.3953,14.1641],[73.3977,14.1631],[73.3997,14.1631],[73.3998,14.1666],[73.3967,14.1672],[73.3926,14.1684],[73.3895,14.1707],[73.3878,14.1698],[73.3869,14.1686],[73.3853,14.1669],[73.3843,14.1664],[73.3807,14.1658],[73.3795,14.1663],[73.3777,14.1696],[73.3786,14.172],[73.3788,14.1762],[73.3775,14.1786],[73.3759,14.1815],[73.3778,14.1837],[73.3799,14.1869],[73.3806,14.1898],[73.3817,14.1942],[73.3831,14.1964],[73.3869,14.1971],[73.3867,14.1948],[73.3866,14.1915],[73.3859,14.1895],[73.3864,14.1878],[73.388,14.1855],[73.3889,14.1835],[73.3878,14.1801],[73.3886,14.1756],[73.3903,14.173],[73.3916,14.1705],[73.3929,14.1701],[73.396,14.1691],[73.3983,14.167],[73.3996,14.1653],[73.4008,14.1646],[73.4029,14.1656],[73.4037,14.168],[73.4067,14.1706],[73.4059,14.1723],[73.4055,14.1758],[73.4064,14.1772],[73.4041,14.1802],[73.4014,14.1806],[73.396,14.1818],[73.3919,14.1808],[73.3886,14.178],[73.3866,14.1789],[73.386,14.1813],[73.3862,14.1845],[73.39,14.1888],[73.3945,14.1881],[73.3989,14.1882],[73.4009,14.187],[73.4041,14.1846],[73.406,14.1828],[73.409,14.1812],[73.4121,14.1802],[73.4157,14.1791],[73.4174,14.1768],[73.42,14.1761],[73.4232,14.1765],[73.4279,14.1767],[73.4296,14.1749],[73.4331,14.1728],[73.4332,14.1726],[73.4357,14.1705],[73.4376,14.1691],[73.4414,14.1669],[73.4445,14.1668],[73.4483,14.1661],[73.4516,14.1657],[73.4551,14.1688],[73.4539,14.1711],[73.4551,14.1742],[73.4556,14.1745],[73.4564,14.1805],[73.4559,14.1823],[73.4546,14.1856],[73.4509,14.1871],[73.4478,14.1864],[73.4459,14.1879],[73.4439,14.1915],[73.4445,14.1935],[73.4476,14.1965],[73.4513,14.1969],[73.4554,14.1979],[73.4586,14.1974],[73.4638,14.1964],[73.4655,14.1948],[73.4685,14.1913],[73.4698,14.191],[73.4729,14.1929],[73.4735,14.1952],[73.4754,14.1947],[73.4769,14.193],[73.4765,14.1896],[73.4737,14.1886],[73.4704,14.1884],[73.4671,14.1881],[73.4616,14.19],[73.459,14.19],[73.4558,14.1889],[73.4553,14.1881],[73.4533,14.186],[73.4519,14.1857],[73.4505,14.1833],[73.4515,14.1809],[73.4545,14.1788],[73.4551,14.1766],[73.457,14.1744],[73.4587,14.173],[73.461,14.1716],[73.4616,14.1707],[73.4657,14.1706],[73.4672,14.1718],[73.4681,14.1757],[73.4696,14.1769],[73.4725,14.1805],[73.4733,14.1834],[73.4751,14.1865],[73.4767,14.1881],[73.4783,14.1917],[73.4793,14.1933],[73.4824,14.1939],[73.4848,14.193],[73.4865,14.1927],[73.4883,14.1923],[73.4912,14.1922],[73.4903,14.1907],[73.4858,14.1871],[73.484,14.1859],[73.4811,14.1837],[73.4804,14.1846],[73.4742,14.1829],[73.4718,14.1825],[73.4682,14.1833],[73.4669,14.1827],[73.4631,14.1827],[73.4621,14.1797],[73.4628,14.1752],[73.4629,14.1722],[73.463,14.1679],[73.4629,14.1653],[73.4637,14.161],[73.4659,14.1601],[73.4684,14.1591],[73.4711,14.1596],[73.4745,14.1595],[73.4773,14.1606],[73.4817,14.16],[73.4844,14.1604],[73.4869,14.1591],[73.4887,14.1566],[73.4923,14.153],[73.4932,14.1516],[73.4902,14.1474],[73.4878,14.1478],[73.4862,14.1492],[73.4849,14.1502],[73.4824,14.1538],[73.4804,14.1564],[73.4797,14.1611],[73.4808,14.1628],[73.4845,14.1648],[73.4866,14.165],[73.4884,14.1632],[73.491,14.1614],[73.4945,14.1559],[73.4964,14.1546],[73.4981,14.1518],[73.4984,14.1495],[73.5016,14.1482],[73.5023,14.1466],[73.5021,14.1442],[73.5007,14.1425],[73.498,14.1394],[73.4961,14.1369],[73.4964,14.1347],[73.497,14.1332],[73.4986,14.1299],[73.5009,14.1288],[73.5045,14.1277],[73.5064,14.1278],[73.5063,14.1244],[73.5054,14.1232],[73.5035,14.1204],[73.5027,14.1199],[73.4994,14.1165],[73.4991,14.1154],[73.496,14.1105],[73.4934,14.1112],[73.4909,14.1133],[73.4911,14.116],[73.4901,14.1203],[73.4876,14.1216],[73.4893,14.1255],[73.4903,14.1279],[73.4909,14.1304],[73.492,14.1337],[73.4941,14.1335],[73.4986,14.1339],[73.5031,14.1363],[73.5066,14.1369],[73.5099,14.1384],[73.5115,14.1392],[73.5139,14.1403],[73.5183,14.1405],[73.5225,14.1411],[73.5251,14.1419],[73.5272,14.1443],[73.5281,14.1467],[73.5305,14.1484],[73.5322,14.1493],[73.5348,14.1498],[73.537,14.1506],[73.5417,14.1531],[73.5441,14.1564],[73.5473,14.1578],[73.5504,14.1573],[73.5546,14.1591],[73.5567,14.1597],[73.5604,14.1589],[73.5629,14.156],[73.5671,14.1559],[73.5696,14.1577],[73.5714,14.1581],[73.5714,14.1615],[73.5707,14.1641],[73.5705,14.1655],[73.567,14.1685],[73.5642,14.1693],[73.5621,14.171],[73.5605,14.1713],[73.5572,14.1703],[73.5532,14.1704],[73.5507,14.1697],[73.5474,14.1685],[73.5438,14.167],[73.5407,14.166],[73.5373,14.1664],[73.5356,14.1665],[73.5324,14.1636],[73.5317,14.1596],[73.5316,14.1581],[73.532,14.1559],[73.5355,14.1533],[73.5354,14.1513],[73.534,14.1466],[73.5325,14.1465],[73.5288,14.149],[73.5265,14.1517],[73.5251,14.1552],[73.5259,14.1585],[73.5261,14.1617],[73.5253,14.1645],[73.5267,14.1694],[73.5267,14.1728],[73.5253,14.1713],[73.5272,14.1688],[73.5311,14.1685],[73.5344,14.1669],[73.5349,14.1654],[73.5361,14.1635],[73.5395,14.161],[73.5422,14.1604],[73.5453,14.1583],[73.5448,14.1556],[73.5465,14.1514],[73.5478,14.1499],[73.5494,14.1494],[73.551,14.1499],[73.5538,14.1531],[73.5529,14.1548],[73.5497,14.1571],[73.5486,14.1578],[73.5466,14.1555],[73.5436,14.1534],[73.5403,14.1507],[73.5413,14.1474],[73.5444,14.146],[73.5474,14.1444],[73.5509,14.1458],[73.5522,14.1469],[73.5547,14.1491],[73.5561,14.15],[73.5605,14.1491],[73.5637,14.1478],[73.568,14.1479],[73.5704,14.1511],[73.5737,14.1534],[73.5767,14.153],[73.5791,14.1554],[73.58,14.1573],[73.5826,14.1613],[73.5853,14.1617],[73.5876,14.1657],[73.5868,14.1676],[73.5863,14.1707],[73.5842,14.1727],[73.5811,14.1742],[73.5784,14.1739],[73.5737,14.173],[73.5719,14.1726],[73.5671,14.175],[73.565,14.1757],[73.5605,14.1745],[73.5586,14.1756],[73.5576,14.1761],[73.557,14.1775],[73.5572,14.1789],[73.5559,14.1803],[73.5551,14.183],[73.555,14.1856],[73.5535,14.1879],[73.5528,14.1892],[73.5512,14.1943],[73.5484,14.1958],[73.5484,14.1983],[73.5488,14.2005],[73.5463,14.2036],[73.5453,14.2047],[73.5466,14.2077],[73.5481,14.2071],[73.5479,14.2041],[73.5476,14.2036],[73.5463,14.1985],[73.5449,14.1949],[73.544,14.191],[73.5449,14.1887],[73.5433,14.1857],[73.5424,14.1835],[73.5441,14.179],[73.5444,14.1753],[73.5419,14.1725],[73.5406,14.1716],[73.5384,14.169],[73.5354,14.1678],[73.5311,14.1659],[73.5301,14.165],[73.5278,14.1631],[73.5261,14.1617],[73.5228,14.1619],[73.5216,14.1635],[73.5195,14.166],[73.5191,14.1685],[73.5182,14.1687],[73.5126,14.1697],[73.5084,14.1695],[73.5062,14.1698],[73.5024,14.1703],[73.5003,14.1716],[73.4973,14.1734],[73.4963,14.1755],[73.4953,14.1787],[73.4947,14.18],[73.4923,14.1817],[73.4922,14.1843],[73.491,14.1872],[73.491,14.1892],[73.4947,14.1912],[73.4949,14.1938],[73.4971,14.1978],[73.5004,14.1984],[73.5027,14.196],[73.5018,14.1935],[73.5016,14.1891],[73.5024,14.1862],[73.5046,14.1838],[73.5045,14.1816],[73.5004,14.183],[73.4981,14.1838],[73.4936,14.1838],[73.4917,14.1817],[73.4902,14.1793],[73.4882,14.1789],[73.4846,14.1815],[73.4813,14.1812],[73.4779,14.1787],[73.4755,14.1762],[73.4737,14.1732],[73.4725,14.1742],[73.4708,14.1721],[73.47,14.1702],[73.468,14.1684],[73.4643,14.1672],[73.4621,14.1647],[73.4607,14.1631],[73.4628,14.1601],[73.4637,14.1587],[73.4657,14.1537],[73.4668,14.1514],[73.47,14.1486],[73.4715,14.1479],[73.4744,14.1502],[73.4731,14.1535],[73.4739,14.157],[73.475,14.1595],[73.4756,14.1615],[73.4749,14.1638],[73.4729,14.165],[73.4689,14.1649],[73.4648,14.1635],[73.4632,14.162],[73.4625,14.1596],[73.4627,14.158],[73.4614,14.1546],[73.4611,14.1525],[73.4621,14.1493],[73.4632,14.1498],[73.4673,14.1477],[73.4698,14.1497],[73.471,14.1531],[73.4717,14.1546],[73.4718,14.1589],[73.4721,14.1607],[73.472,14.1638],[73.4718,14.1671],[73.4695,14.1691],[73.4688,14.17],[73.468,14.1722],[73.4639,14.1729],[73.4609,14.1752],[73.4611,14.1766],[73.4639,14.179],[73.4652,14.1793],[73.4691,14.1809],[73.4732,14.1805],[73.4777,14.1808],[73.4789,14.1836],[73.4821,14.185],[73.4859,14.1857],[73.4891,14.1881],[73.4878,14.1908],[73.4884,14.1934],[73.4892,14.1957],[73.4884,14.2011],[73.4891,14.2034],[73.4896,14.2066],[73.4885,14.2078],[73.4857,14.2081],[73.4822,14.2071],[73.4781,14.2083],[73.4762,14.2092],[73.4717,14.2104],[73.4692,14.2101],[73.4667,14.2087],[73.4642,14.2091],[73.4606,14.2118],[73.4599,14.2129],[73.4601,14.2148],[73.4631,14.2164],[73.4651,14.2188],[73.4653,14.2217],[73.464,14.2245],[73.4634,14.227],[73.4604,14.2282],[73.4575,14.2274],[73.4555,14.2245],[73.4528,14.223],[73.449,14.2206],[73.4466,14.2222],[73.4439,14.2226],[73.4407,14.224],[73.4378,14.2271],[73.4376,14.2292],[73.438,14.232],[73.4411,14.2355],[73.4415,14.2397],[73.4406,14.2422],[73.4407,14.2461],[73.44,14.2493],[73.4378,14.2504],[73.4358,14.251],[73.4312,14.2509],[73.4283,14.2523],[73.4255,14.2511],[73.4246,14.2494],[73.4254,14.2457],[73.426,14.2434],[73.4288,14.2408],[73.431,14.2397],[73.4341,14.2399],[73.4362,14.2409],[73.4394,14.2427],[73.4412,14.244],[73.4441,14.247],[73.4461,14.2482],[73.4501,14.2484],[73.4539,14.2473],[73.4582,14.246],[73.4601,14.2441],[73.4593,14.2414],[73.4592,14.2392],[73.4603,14.2357],[73.4606,14.2336],[73.4585,14.2328],[73.4567,14.2339],[73.4535,14.2344],[73.4519,14.233],[73.4492,14.2312],[73.4478,14.2302],[73.4461,14.2265],[73.4438,14.2244],[73.4425,14.221],[73.4424,14.219],[73.443,14.2151],[73.4431,14.2114],[73.4441,14.207],[73.4433,14.2045],[73.4391,14.2014],[73.4378,14.1992],[73.4347,14.1968],[73.4335,14.1945],[73.4322,14.1912],[73.4313,14.1898],[73.432,14.1872],[73.4324,14.185],[73.4318,14.1809],[73.4305,14.1796],[73.427,14.1791],[73.4253,14.1791],[73.4225,14.1818],[73.4187,14.1825],[73.4163,14.1839],[73.4136,14.1851],[73.4086,14.1882],[73.4065,14.1884],[73.4017,14.1857],[73.4001,14.1856],[73.3997,14.1893],[73.4002,14.1916],[73.4018,14.1947],[73.4016,14.1966],[73.3984,14.1968],[73.3954,14.1956],[73.3916,14.1946],[73.39,14.1935],[73.3868,14.194],[73.3828,14.1951],[73.3796,14.1943],[73.3781,14.1935],[73.3751,14.191],[73.3729,14.1891],[73.37,14.189],[73.3674,14.1905],[73.3639,14.1903],[73.3609,14.1909],[73.3598,14.1943],[73.3604,14.1966],[73.3585,14.199],[73.3569,14.2005],[73.3535,14.2032],[73.3528,14.2045],[73.3511,14.2084],[73.3516,14.2101],[73.3534,14.2125],[73.3546,14.2136],[73.3574,14.2135],[73.3599,14.2132],[73.3605,14.2102],[73.3604,14.2068],[73.3623,14.2024],[73.3639,14.2003],[73.367,14.2001],[73.3691,14.2019],[73.3713,14.2068],[73.3718,14.2088],[73.3736,14.212],[73.3762,14.2131],[73.3799,14.2136],[73.3841,14.2126],[73.3863,14.2111],[73.3878,14.2094],[73.3898,14.2069],[73.391,14.206],[73.3909,14.2031],[73.391,14.2008],[73.3913,14.1967],[73.3893,14.1959],[73.386,14.1953],[73.3828,14.1953],[73.3836,14.1914],[73.3869,14.1912],[73.3916,14.1889],[73.3917,14.1866],[73.3896,14.1828],[73.3874,14.1834],[73.3866,14.1845],[73.3843,14.1852],[73.3805,14.183],[73.3799,14.1828],[73.3769,14.1822],[73.3741,14.1822],[73.3693,14.1838],[73.3671,14.185],[73.3616,14.1851],[73.36,14.1845],[73.3571,14.184],[73.3551,14.1828],[73.3532,14.182],[73.3504,14.1803],[73.3462,14.1817],[73.3463,14.1846],[73.3473,14.1877],[73.3496,14.1894],[73.3518,14.1935],[73.3526,14.1951],[73.3515,14.1992],[73.3517,14.2006],[73.3516,14.2032],[73.3509,14.2052],[73.3497,14.2094],[73.3496,14.212],[73.3505,14.2148],[73.3511,14.2166],[73.3531,14.2198],[73.3529,14.2224],[73.3532,14.2277],[73.3547,14.229],[73.3576,14.2289],[73.36,14.2295],[73.3631,14.2278],[73.3658,14.2279],[73.3687,14.2278],[73.3706,14.2279],[73.3739,14.2284],[73.3771,14.2304],[73.3786,14.2346],[73.3791,14.2365],[73.3783,14.2405],[73.3773,14.2428],[73.3767,14.247],[73.3742,14.2492],[73.3705,14.2498],[73.368,14.2494],[73.3643,14.2499],[73.362,14.2517],[73.3593,14.2548],[73.3579,14.2566],[73.3579,14.2597],[73.3594,14.2609],[73.3619,14.2653],[73.3627,14.2668],[73.3653,14.2684]]},"properties":{"mmsi":995398235,"name":"SYN-FSH-03","role":"background","vessel_type":30,"synthetic":true,"t_offset_s":[-259200,-258960,-258600,-258360,-258000,-257760,-257400,-257160,-256800,-256560,-256200,-255960,-255600,-255360,-255000,-254760,-254400,-254160,-253800,-253560,-253200,-252960,-252600,-252360,-252000,-251760,-251400,-251160,-250800,-250560,-250200,-249960,-249600,-249360,-249000,-248760,-248400,-248160,-247800,-247560,-247200,-246960,-246600,-246360,-246000,-245760,-245400,-245160,-244800,-244560,-244200,-243960,-243600,-243360,-243000,-242760,-242400,-242160,-241800,-241560,-241200,-240960,-240600,-240360,-240000,-239760,-239400,-239160,-238800,-238560,-238200,-237960,-237600,-237360,-237000,-236760,-236400,-236160,-235800,-235560,-235200,-234960,-234600,-234360,-234000,-233760,-233400,-233160,-232800,-232560,-232200,-231960,-231600,-231360,-231000,-230760,-230400,-230160,-229800,-229560,-229200,-228960,-228600,-228360,-228000,-227760,-227400,-227160,-226800,-226560,-226200,-225960,-225600,-225360,-225000,-224760,-224400,-224160,-223800,-223560,-223200,-222960,-222600,-222360,-222000,-221760,-221400,-221160,-220800,-220560,-220200,-219960,-219600,-219360,-219000,-218760,-218400,-218160,-217800,-217560,-217200,-216960,-216600,-216360,-216000,-215760,-215400,-215160,-214800,-214560,-214200,-213960,-213600,-213360,-213000,-212760,-212400,-212160,-211800,-211560,-211200,-210960,-210600,-210360,-210000,-209760,-209400,-209160,-208800,-208560,-208200,-207960,-207600,-207360,-207000,-206760,-206400,-206160,-205800,-205560,-205200,-204960,-204600,-204360,-204000,-203760,-203400,-203160,-202800,-202560,-202200,-201960,-201600,-201360,-201000,-200760,-200400,-200160,-199800,-199560,-199200,-198960,-198600,-198360,-198000,-197760,-197400,-197160,-196800,-196560,-196200,-195960,-195600,-195360,-195000,-194760,-194400,-194160,-193800,-193560,-193200,-192960,-192600,-192360,-192000,-191760,-191400,-191160,-190800,-190560,-190200,-189960,-189600,-189360,-189000,-188760,-188400,-188160,-187800,-187560,-187200,-186960,-186600,-186360,-186000,-185760,-185400,-185160,-184800,-184560,-184200,-183960,-183600,-183360,-183000,-182760,-182400,-182160,-181800,-181560,-181200,-180960,-180600,-180360,-180000,-179760,-179400,-179160,-178800,-178560,-178200,-177960,-177600,-177360,-177000,-176760,-176400,-176160,-175800,-175560,-175200,-174960,-174600,-174360,-174000,-173760,-173400,-173160,-172800,-172560,-172200,-171960,-171600,-171360,-171000,-170760,-170400,-170160,-169800,-169560,-169200,-168960,-168600,-168360,-168000,-167760,-167400,-167160,-166800,-166560,-166200,-165960,-165600,-165360,-165000,-164760,-164400,-164160,-163800,-163560,-163200,-162960,-162600,-162360,-162000,-161760,-161400,-161160,-160800,-160560,-160200,-159960,-159600,-159360,-159000,-158760,-158400,-158160,-157800,-157560,-157200,-156960,-156600,-156360,-156000,-155760,-155400,-155160,-154800,-154560,-154200,-153960,-153600,-153360,-153000,-152760,-152400,-152160,-151800,-151560,-151200,-150960,-150600,-150360,-150000,-149760,-149400,-149160,-148800,-148560,-148200,-147960,-147600,-147360,-147000,-146760,-146400,-146160,-145800,-145560,-145200,-144960,-144600,-144360,-144000,-143760,-143400,-143160,-142800,-142560,-142200,-141960,-141600,-141360,-141000,-140760,-140400,-140160,-139800,-139560,-139200,-138960,-138600,-138360,-138000,-137760,-137400,-137160,-136800,-136560,-136200,-135960,-135600,-135360,-135000,-134760,-134400,-134160,-133800,-133560,-133200,-132960,-132600,-132360,-132000,-131760,-131400,-131160,-130800,-130560,-130200,-129960,-129600,-129360,-129000,-128760,-128400,-128160,-127800,-127560,-127200,-126960,-126600,-126360,-126000,-125760,-125400,-125160,-124800,-124560,-124200,-123960,-123600,-123360,-123000,-122760,-122400,-122160,-121800,-121560,-121200,-120960,-120600,-120360,-120000,-119760,-119400,-119160,-118800,-118560,-118200,-117960,-117600,-117360,-117000,-116760,-116400,-116160,-115800,-115560,-115200,-114960,-114600,-114360,-114000,-113760,-113400,-113160,-112800,-112560,-112200,-111960,-111600,-111360,-111000,-110760,-110400,-110160,-109800,-109560,-109200,-108960,-108600,-108360,-108000,-107760,-107400,-107160,-106800,-106560,-106200,-105960,-105600,-105360,-105000,-104760,-104400,-104160,-103800,-103560,-103200,-102960,-102600,-102360,-102000,-101760,-101400,-101160,-100800,-100560,-100200,-99960,-99600,-99360,-99000,-98760,-98400,-98160,-97800,-97560,-97200,-96960,-96600,-96360,-96000,-95760,-95400,-95160,-94800,-94560,-94200,-93960,-93600,-93360,-93000,-92760,-92400,-92160,-91800,-91560,-91200,-90960,-90600,-90360,-90000,-89760,-89400,-89160,-88800,-88560,-88200,-87960,-87600,-87360,-87000,-86760,-86400,-86160,-85800,-85560,-85200,-84960,-84600,-84360,-84000,-83760,-83400,-83160,-82800,-82560,-82200,-81960,-81600,-81360,-81000,-80760,-80400,-80160,-79800,-79560,-79200,-78960,-78600,-78360,-78000,-77760,-77400,-77160,-76800,-76560,-76200,-75960,-75600,-75360,-75000,-74760,-74400,-74160,-73800,-73560,-73200,-72960,-72600,-72360,-72000,-71760,-71400,-71160,-70800,-70560,-70200,-69960,-69600,-69360,-69000,-68760,-68400,-68160,-67800,-67560,-67200,-66960,-66600,-66360,-66000,-65760,-65400,-65160,-64800,-64560,-64200,-63960,-63600,-63360,-63000,-62760,-62400,-62160,-61800,-61560,-61200,-60960,-60600,-60360,-60000,-59760,-59400,-59160,-58800,-58560,-58200,-57960,-57600,-57360,-57000,-56760,-56400,-56160,-55800,-55560,-55200,-54960,-54600,-54360,-54000,-53760,-53400,-53160,-52800,-52560,-52200,-51960,-51600,-51360,-51000,-50760,-50400,-50160,-49800,-49560,-49200,-48960,-48600,-48360,-48000,-47760,-47400,-47160,-46800,-46560,-46200,-45960,-45600,-45360,-45000,-44760,-44400,-44160,-43800,-43560,-43200,-42960,-42600,-42360,-42000,-41760,-41400,-41160,-40800,-40560,-40200,-39960,-39600,-39360,-39000,-38760,-38400,-38160,-37800,-37560,-37200,-36960,-36600,-36360,-36000,-35760,-35400,-35160,-34800,-34560,-34200,-33960,-33600,-33360,-33000,-32760,-32400,-32160,-31800,-31560,-31200,-30960,-30600,-30360,-30000,-29760,-29400,-29160,-28800,-28560,-28200,-27960,-27600,-27360,-27000,-26760,-26400,-26160,-25800,-25560,-25200,-24960,-24600,-24360,-24000,-23760,-23400,-23160,-22800,-22560,-22200,-21960,-21600,-21360,-21000,-20760,-20400,-20160,-19800,-19560,-19200,-18960,-18600,-18360,-18000,-17760,-17400,-17160,-16800,-16560,-16200,-15960,-15600,-15360,-15000,-14760,-14400,-14160,-13800,-13560,-13200,-12960,-12600,-12360,-12000,-11760,-11400,-11160,-10800,-10560,-10200,-9960,-9600,-9360,-9000,-8760,-8400,-8160,-7800,-7560,-7200,-6960,-6600,-6360,-6000,-5760,-5400,-5160,-4800,-4560,-4200,-3960,-3600,-3360,-3000,-2760,-2400,-2160,-1800,-1560,-1200,-960,-600,-360,0,240,600,840,1200,1440,1800,2040,2400,2640,3000,3240,3600,3840,4200,4440,4800,5040,5400,5640,6000,6240,6600,6840,7200,7440,7800,8040,8400,8640,9000,9240,9600,9840,10200,10440,10800,11040,11400,11640,12000,12240,12600,12840,13200,13440,13800,14040,14400,14640,15000,15240,15600,15840,16200,16440,16800,17040,17400,17640,18000,18240,18600,18840,19200,19440,19800,20040,20400,20640,21000,21240,21600,21840,22200,22440,22800,23040,23400,23640,24000,24240,24600,24840,25200,25440,25800,26040,26400,26640,27000,27240,27600,27840,28200,28440,28800,29040,29400,29640,30000,30240,30600,30840,31200,31440,31800,32040,32400,32640,33000,33240,33600,33840,34200,34440,34800,35040,35400,35640,36000,36240,36600,36840,37200,37440,37800,38040,38400,38640,39000,39240,39600,39840,40200,40440,40800,41040,41400,41640,42000,42240,42600,42840,43200,43440,43800,44040,44400,44640,45000,45240,45600,45840,46200,46440,46800,47040,47400,47640,48000,48240,48600,48840,49200,49440,49800,50040,50400,50640,51000,51240,51600,51840,52200,52440,52800,53040,53400,53640,54000,54240,54600,54840,55200,55440,55800,56040,56400,56640,57000,57240,57600,57840,58200,58440,58800,59040,59400,59640,60000,60240,60600,60840,61200,61440,61800,62040,62400,62640,63000,63240,63600,63840,64200,64440,64800,65040,65400,65640,66000,66240,66600,66840,67200,67440,67800,68040,68400,68640,69000,69240,69600,69840,70200,70440,70800,71040,71400,71640,72000,72240,72600,72840,73200,73440,73800,74040,74400,74640,75000,75240,75600,75840,76200,76440,76800,77040,77400,77640,78000,78240,78600,78840,79200,79440,79800,80040,80400,80640,81000,81240,81600,81840,82200,82440,82800,83040,83400,83640,84000,84240,84600,84840,85200,85440,85800,86040,86400],"sog":[1.4,1.1,0.6,1.5,1.5,1.9,0.6,2.3,2.5,2.1,3.2,1.8,2.4,2.8,0.9,2.0,2.4,0.9,2.0,3.5,3.6,3.5,3.3,2.0,1.7,2.2,2.2,2.1,1.0,3.7,1.9,3.4,0.8,0.8,1.5,3.7,2.1,1.5,2.1,3.6,3.1,1.5,1.0,1.9,2.3,0.3,2.7,1.9,2.9,2.8,1.8,3.2,1.5,3.4,1.2,2.2,2.8,2.7,4.0,4.2,3.2,2.8,2.0,1.7,1.1,0.3,2.3,1.4,0.3,1.9,2.3,0.6,2.6,0.9,1.8,3.1,2.1,2.8,3.0,1.9,1.1,1.6,1.7,2.1,1.9,2.1,4.2,2.0,2.2,1.8,2.5,3.7,2.8,1.5,3.4,2.1,4.4,4.1,1.6,2.4,1.0,3.2,1.9,4.4,2.4,2.8,0.3,3.2,2.7,3.9,1.8,2.6,1.9,1.9,4.6,1.3,1.9,4.1,0.9,2.6,3.4,1.9,2.3,1.4,1.7,1.4,2.6,2.4,2.1,3.3,2.2,1.7,4.0,4.0,2.0,2.9,2.9,2.1,1.9,1.2,3.0,0.7,1.6,2.6,0.3,2.5,1.6,3.5,3.0,1.7,1.7,2.9,2.0,2.2,2.0,2.9,2.6,2.1,2.0,1.5,2.4,2.9,0.4,2.4,1.4,1.4,1.8,1.3,2.8,1.5,0.8,0.6,3.3,2.4,1.6,1.1,0.3,2.6,2.8,1.8,1.1,1.9,2.3,4.4,0.3,2.1,2.8,2.5,2.7,1.1,1.8,0.3,3.7,2.3,1.5,3.5,0.6,1.6,3.7,1.9,2.2,1.5,2.4,0.3,2.8,2.2,1.0,1.8,1.1,1.1,4.1,2.4,0.7,2.0,4.1,3.2,0.7,3.8,3.0,1.5,2.6,1.3,3.6,2.8,2.1,0.3,3.0,3.6,2.8,2.4,1.4,2.6,3.3,3.1,0.3,3.5,2.9,1.2,4.0,2.2,0.8,3.2,3.2,1.8,1.5,2.3,4.6,2.2,0.3,2.1,3.2,3.4,2.3,2.8,2.3,3.9,2.2,2.8,2.1,1.8,3.9,1.7,2.6,3.8,0.8,2.9,1.7,1.8,2.7,2.7,1.2,0.9,1.8,0.3,2.4,3.5,0.8,3.0,2.2,2.7,1.8,2.5,2.3,2.0,3.6,2.8,3.0,2.6,1.7,1.4,2.1,0.6,1.4,1.2,2.3,0.9,1.6,2.4,0.7,3.4,1.8,2.9,0.3,1.8,2.6,4.0,1.3,1.5,1.7,2.8,2.4,1.8,3.6,2.0,1.5,2.6,2.5,3.0,2.3,1.0,2.8,2.9,2.2,2.1,1.8,2.1,3.8,2.5,4.0,1.5,2.3,2.0,2.3,3.3,1.8,3.7,1.5,1.0,1.8,0.8,3.0,3.0,1.9,2.9,3.2,1.4,2.9,1.5,2.7,3.0,2.4,0.5,4.1,0.3,1.9,3.7,0.9,2.5,3.6,2.2,1.3,0.3,2.1,2.9,1.4,2.7,0.7,1.6,0.9,1.8,2.8,3.0,1.1,3.3,3.4,1.8,2.5,1.7,0.9,2.8,2.7,1.8,4.2,2.8,1.2,2.5,3.1,2.5,1.9,1.5,2.2,2.9,2.5,1.3,1.8,1.1,3.9,3.4,1.5,1.3,2.5,1.6,2.0,0.5,3.1,2.1,2.2,2.3,2.3,2.4,3.3,1.4,3.3,1.8,2.4,3.3,2.1,1.3,3.2,4.0,3.4,1.8,1.7,3.1,4.1,1.6,2.3,2.7,0.4,1.1,2.1,3.7,1.7,1.5,3.0,2.3,1.4,3.0,3.1,2.3,1.5,2.7,2.9,3.3,0.5,1.0,2.4,2.6,2.1,3.7,2.5,0.7,1.9,2.8,1.4,3.6,2.5,1.5,4.3,0.7,1.4,2.6,3.2,0.3,2.1,1.6,3.5,0.5,1.3,2.9,2.8,1.9,2.6,3.0,1.3,2.4,3.1,2.7,3.2,4.7,3.4,2.8,1.5,3.6,2.8,3.4,1.9,2.6,2.8,0.4,3.0,3.2,0.9,0.3,3.1,1.8,1.6,0.4,2.5,1.9,3.1,3.7,2.7,1.5,2.5,3.2,1.8,0.3,1.6,2.7,2.3,5.1,0.3,1.6,1.6,0.6,2.7,1.4,1.4,1.6,2.2,2.2,1.8,1.9,3.1,2.6,3.0,0.9,1.1,2.2,1.4,2.8,0.5,2.5,1.1,2.7,3.5,2.8,2.4,0.8,1.5,4.3,1.2,0.3,2.3,1.5,2.0,2.2,2.4,2.1,1.4,2.1,4.5,3.9,2.2,2.6,1.6,2.9,3.0,3.5,2.9,1.6,1.9,1.3,3.3,2.2,2.8,3.1,3.4,2.5,3.7,3.2,4.2,0.5,3.3,3.0,2.1,3.0,1.8,2.4,1.5,3.2,2.2,0.3,1.7,2.2,2.0,4.0,1.9,1.7,4.6,1.6,3.0,4.0,3.2,3.3,3.0,2.9,3.6,1.3,2.6,1.9,1.2,2.4,4.3,3.0,2.0,2.4,3.8,1.7,2.3,1.3,0.9,1.3,1.6,1.2,0.9,1.0,2.0,1.3,2.1,0.3,3.3,2.1,1.5,2.9,2.5,2.5,2.0,1.7,1.9,1.3,0.5,3.5,1.3,0.8,0.3,0.3,3.4,0.3,2.1,1.9,4.2,3.3,2.9,0.8,2.1,2.9,3.2,2.2,1.9,2.0,2.5,2.3,2.0,2.9,1.8,2.1,2.5,1.8,1.8,2.9,4.0,1.5,2.6,3.7,2.0,1.5,1.9,3.3,2.6,3.1,3.1,1.5,2.0,4.3,4.1,1.9,1.0,3.9,1.6,2.3,2.5,2.3,0.9,2.6,1.4,1.1,1.3,1.2,2.1,2.4,1.4,1.1,2.3,0.7,3.6,2.4,2.2,2.0,1.4,4.2,2.6,1.5,2.5,3.0,2.8,2.0,1.5,3.4,3.3,4.3,2.5,1.1,2.1,4.7,2.2,1.5,2.2,0.6,1.5,1.8,1.0,1.7,3.1,3.2,1.6,2.4,2.3,1.7,3.2,2.9,2.1,3.2,0.3,3.3,0.8,0.3,2.1,3.2,2.3,1.2,1.7,4.0,0.7,1.8,3.1,2.6,2.9,1.0,3.3,3.2,1.1,1.2,3.1,2.6,3.8,0.7,4.4,3.6,2.6,1.7,2.0,2.1,2.2,3.3,1.8,4.1,2.9,2.2,1.5,0.5,1.9,2.5,3.6,1.6,4.5,1.9,0.7,1.6,2.1,2.4,2.8,1.3,2.7,3.9,3.5,3.4,0.3,2.8,1.6,0.5,2.3,3.4,3.7,1.9,3.1,2.6,1.0,1.9,2.4,1.4,3.1,3.8,3.1,0.3,2.1,3.2,0.3,2.8,1.1,1.1,2.8,1.8,1.7,1.6,1.4,0.3,0.3,2.3,1.8,1.8,1.2,0.5,5.3,2.1,3.0,3.3,2.8,0.6,2.4,2.0,2.1,0.3,3.1,2.8,3.1,2.0,1.2,2.6,3.7,3.5,3.0,1.2,1.8,2.5,1.9,1.4,2.4,2.1,2.1,1.1,1.4,2.1,0.6,3.9,2.3,0.4,1.9,1.4,2.5,2.0,1.3,0.7,1.7,3.2,2.5,1.3,2.7,3.3,3.1,2.6,2.1,2.6,3.6,4.0,3.7,2.3,4.7,2.3,3.4,2.2,2.1,1.6,2.4,3.5,2.3,4.4,2.0,2.1,2.1,2.3,1.2,1.9,1.1,1.5,1.3,0.8,4.1,2.9,2.2,1.3,2.6,4.0,2.0,3.0,1.7,1.7,1.2,2.5,2.6,1.2,1.9,1.2,1.5,1.8,1.5,0.8,2.3,1.4,2.4,1.7,2.5,0.5,1.5,3.1,0.7,0.3,1.0,3.7,2.5,0.3,2.8,0.4,3.7,4.3,1.6,1.5,1.5,2.7,3.1,1.3,1.7,1.7,3.8,2.9,2.4,2.1,1.6,3.4,1.9,2.3,3.4,1.6,2.4,1.2,2.0,1.1,2.2,4.9,2.7,2.3,3.1,1.1,1.5,2.1,0.3,1.7,2.2,3.0,0.9,4.0,2.4,2.8,0.9,4.2,3.3,1.5,3.7,2.0,2.3,2.3,2.8,3.9,2.0,1.5,2.5,2.2,2.8,2.2,1.8,2.4,1.8,1.4,1.9,2.0,3.1,2.0,2.0,3.2,2.2,2.2,1.7,2.8,1.7,2.0,0.4,2.8,2.0,1.1,3.5,2.7,3.5,2.2,2.4,3.4,3.7,1.4,1.3,2.6,2.1,2.5,1.5,2.2,1.5,2.9,2.1,2.2,1.7,2.2,1.7,3.2,1.9,3.7,4.0,1.2,4.5,1.9,2.2,2.5,2.7,1.6,1.7,3.3,2.0,1.4,3.9,4.7,3.4,2.0,1.7,3.1,2.4,2.0,0.3,3.8,2.5,2.6,1.3,2.6,2.8,0.7,3.3,2.0,2.4,2.2,1.6,2.4,2.9,2.0,2.5,2.4,1.2,2.0,3.2,1.4,2.3,2.8,1.5,2.8,1.8,3.0,2.0,1.6,2.8,2.1,3.2,2.3,1.8,2.2,1.5,3.1,2.7,3.9,1.7,1.6,1.3,2.8,2.7,0.7,3.4,1.5,3.4,1.6,3.3,1.9,0.9,2.0,1.0,3.7,2.4,3.4,2.8,1.8,3.0,2.2,3.2,0.3,0.9,1.5,2.6,4.1,1.8,1.3,3.1,1.6,2.1,2.3,0.3,1.8,2.7,0.9,1.7,1.8,2.1,4.1,2.9,0.3,3.9,2.8,0.9,2.4,1.5,2.5,2.3,2.4,1.6,2.4,2.0,1.0,1.9,0.7,0.5]}},{"type":"Feature","geometry":{"type":"LineString","coordinates":[[71.6211,15.8588],[71.6133,15.8583],[71.5899,15.8564],[71.5746,15.8554],[71.5514,15.8537],[71.5359,15.8522],[71.513,15.8497],[71.4971,15.8477],[71.4736,15.8451],[71.4581,15.8433],[71.4351,15.8412],[71.4192,15.8396],[71.3967,15.8374],[71.3813,15.8359],[71.3582,15.8339],[71.3423,15.8324],[71.3187,15.8299],[71.3026,15.8282],[71.2798,15.8256],[71.2644,15.824],[71.2409,15.8214],[71.2252,15.8197],[71.2021,15.8168],[71.1863,15.8148],[71.1632,15.8125],[71.147,15.8104],[71.1244,15.8074],[71.1086,15.8052],[71.085,15.8018],[71.0698,15.7998],[71.0469,15.7961],[71.0316,15.7943],[71.0085,15.7898],[70.9926,15.7875],[70.9693,15.7844],[70.9538,15.7824],[70.9303,15.7792],[70.9153,15.7776],[70.8925,15.7743],[70.8767,15.7723],[70.8541,15.7685],[70.8389,15.7662],[70.8155,15.7626],[70.7999,15.7607],[70.7765,15.758],[70.7612,15.7562],[70.7382,15.7537],[70.7226,15.7517],[70.6989,15.7483],[70.6835,15.7456],[70.6608,15.7414],[70.6453,15.7385],[70.6227,15.7343],[70.6075,15.7311],[70.5853,15.7263],[70.5698,15.7232],[70.5467,15.7182],[70.5314,15.715],[70.5091,15.7097],[70.4942,15.7054],[70.4716,15.6991],[70.457,15.6948],[70.4347,15.6891],[70.42,15.6845],[70.3975,15.6779],[70.3829,15.6729],[70.3604,15.6663],[70.3453,15.662],[70.3231,15.6552],[70.3082,15.6506],[70.2857,15.6441],[70.2714,15.6398],[70.2487,15.6329],[70.234,15.6284],[70.2111,15.6218],[70.196,15.6176],[70.1739,15.611],[70.159,15.6068],[70.1366,15.6002],[70.1222,15.5962],[70.0993,15.5899],[70.0845,15.5857],[70.0624,15.5791],[70.0473,15.5751],[70.0251,15.5689],[70.0102,15.5652],[69.988,15.5594],[69.9727,15.5558],[69.9506,15.5497],[69.9358,15.546],[69.9133,15.5403],[69.8986,15.5367],[69.8768,15.531],[69.8613,15.5272],[69.8394,15.5213],[69.8238,15.5172],[69.8013,15.5113],[69.7866,15.5074],[69.7649,15.5014],[69.7499,15.497],[69.7278,15.4904],[69.7122,15.4859],[69.6907,15.479],[69.6756,15.4743],[69.6537,15.4676],[69.6387,15.4631],[69.6167,15.4565],[69.6023,15.4517],[69.58,15.4444],[69.5645,15.44],[69.5425,15.4325],[69.5276,15.4278],[69.5054,15.4211],[69.4902,15.4168],[69.4679,15.4101],[69.4526,15.4053],[69.4304,15.3986],[69.4155,15.3937],[69.3931,15.387],[69.3781,15.3823],[69.3562,15.3758],[69.3409,15.3706],[69.3189,15.3636],[69.3043,15.3585],[69.2826,15.3512],[69.2684,15.3464],[69.2465,15.3383],[69.2319,15.3336],[69.2102,15.3258],[69.1949,15.3209],[69.1732,15.3132],[69.1578,15.3079],[69.1363,15.3008],[69.1218,15.2958],[69.0999,15.2879],[69.0853,15.283],[69.0636,15.2758],[69.0489,15.2708],[69.0268,15.2637],[69.0121,15.2587],[68.9898,15.2518],[68.9751,15.2468],[68.9533,15.2397],[68.9388,15.2349],[68.9165,15.2277],[68.9018,15.2228],[68.8798,15.2145],[68.8654,15.2086],[68.8447,15.2],[68.8304,15.1942],[68.8089,15.185],[68.7944,15.1791],[68.7733,15.1703],[68.759,15.1641],[68.7371,15.1553],[68.723,15.1494],[68.7014,15.1405],[68.6871,15.1342],[68.666,15.1251],[68.652,15.1189],[68.6309,15.109],[68.6166,15.1026],[68.5958,15.0933]]},"properties":{"mmsi":995738115,"name":"SYN-CAR-25","role":"candidate","vessel_type":70,"synthetic":true,"t_offset_s":[-235052,-234932,-234572,-234332,-233972,-233732,-233372,-233132,-232772,-232532,-232172,-231932,-231572,-231332,-230972,-230732,-230372,-230132,-229772,-229532,-229172,-228932,-228572,-228332,-227972,-227732,-227372,-227132,-226772,-226532,-226172,-225932,-225572,-225332,-224972,-224732,-224372,-224132,-223772,-223532,-223172,-222932,-222572,-222332,-221972,-221732,-221372,-221132,-220772,-220532,-220172,-219932,-219572,-219332,-218972,-218732,-218372,-218132,-217772,-217532,-217172,-216932,-216572,-216332,-215972,-215732,-215372,-215132,-214772,-214532,-214172,-213932,-213572,-213332,-212972,-212732,-212372,-212132,-211772,-211532,-211172,-210932,-210572,-210332,-209972,-209732,-209372,-209132,-208772,-208532,-208172,-207932,-207572,-207332,-206972,-206732,-206372,-206132,-205772,-205532,-205172,-204932,-204572,-204332,-203972,-203732,-203372,-203132,-202772,-202532,-202172,-201932,-201572,-201332,-200972,-200732,-200372,-200132,-199772,-199532,-199172,-198932,-198572,-198332,-197972,-197732,-197372,-197132,-196772,-196532,-196172,-195932,-195572,-195332,-194972,-194732,-194372,-194132,-193772,-193532,-193172,-192932,-192572,-192332,-191972,-191732,-191372,-191132,-190772,-190532,-190172,-189932,-189572,-189332,-188972,-188732,-188372,-188132,-187772,-187532,-187172,-186932,-186572],"sog":[13.4,13.4,13.2,13.4,13.2,13.9,13.0,14.1,14.1,14.0,13.3,13.5,13.3,13.1,13.6,13.9,13.8,13.8,13.3,13.4,13.4,14.2,13.9,13.7,13.0,14.2,13.6,13.6,13.7,13.4,13.4,13.3,13.6,13.5,13.5,13.5,12.9,13.2,13.8,13.5,12.9,13.3,13.3,14.1,13.0,13.7,13.5,13.7,13.7,13.5,13.8,13.9,13.5,13.2,14.0,14.1,13.4,13.8,13.2,13.7,13.2,13.3,13.5,13.7,13.9,13.6,13.0,13.6,13.5,13.3,13.7,13.2,13.8,13.4,13.8,13.4,13.0,13.6,13.6,13.4,13.7,13.2,13.4,13.6,13.6,13.5,12.6,13.8,13.1,13.5,13.2,13.4,13.3,13.9,13.2,13.8,13.4,13.5,13.1,13.6,13.2,13.7,13.2,13.2,13.1,13.4,13.3,12.7,13.4,13.6,13.3,13.5,13.5,14.1,13.5,13.8,14.2,14.2,13.7,13.7,13.6,14.0,13.5,13.4,13.2,13.4,13.6,13.9,13.6,13.8,13.5,14.2,13.1,13.6,14.0,13.4,13.1,13.3,13.9,13.8,13.4,13.6,13.5,13.3,13.3,13.7,13.6,13.6,13.2,13.1,13.8,13.5,13.9,13.7,14.0,13.6,13.3,13.9,13.0,13.4,13.6,13.7,13.6]}},{"type":"Feature","geometry":{"type":"LineString","coordinates":[[71.7268,15.6406],[71.729,15.6352],[71.7355,15.6187],[71.7402,15.6072],[71.7466,15.5904],[71.7513,15.5792],[71.7581,15.5627],[71.7623,15.552],[71.7694,15.5348],[71.7741,15.5232],[71.781,15.5063],[71.7853,15.4954],[71.7919,15.4789],[71.7963,15.4678],[71.8029,15.4509],[71.8077,15.4398],[71.8141,15.4232],[71.8188,15.4113],[71.8249,15.3942],[71.829,15.3833],[71.8349,15.366],[71.8393,15.3545],[71.8458,15.3379],[71.8503,15.3262],[71.8572,15.3092],[71.8622,15.2984],[71.8697,15.2815],[71.8749,15.2699],[71.8822,15.2529],[71.8865,15.2415],[71.8933,15.225],[71.8978,15.2139],[71.9046,15.1967],[71.9092,15.1858],[71.9161,15.1689],[71.921,15.1578],[71.9279,15.1403],[71.9329,15.1293],[71.9399,15.1131],[71.9446,15.1019],[71.9515,15.0856],[71.9564,15.0746],[71.9636,15.0581],[71.9684,15.0475],[71.9762,15.0305],[71.9809,15.0196],[71.9885,15.0034],[71.9938,14.9922],[72.0012,14.9761],[72.0071,14.9653],[72.015,14.9494],[72.0206,14.939],[72.0296,14.923],[72.0352,14.9119],[72.0434,14.8966],[72.0487,14.8858],[72.0574,14.8698],[72.0631,14.8594],[72.0718,14.844],[72.0776,14.8339],[72.0871,14.8186],[72.0935,14.808],[72.1026,14.7926],[72.109,14.7819],[72.1177,14.7659],[72.1241,14.7556],[72.1331,14.7397],[72.1394,14.7294],[72.1486,14.7135],[72.1545,14.7032],[72.1633,14.6872],[72.1696,14.6765],[72.1785,14.6611],[72.1848,14.6501],[72.1935,14.6344],[72.1996,14.6242],[72.2086,14.6082],[72.2146,14.598],[72.2235,14.5826],[72.2301,14.5719],[72.2388,14.5564],[72.2452,14.5456],[72.2545,14.5309],[72.2608,14.5203],[72.2704,14.5046],[72.2773,14.4945],[72.287,14.4788],[72.2934,14.4689],[72.3036,14.4536],[72.3098,14.4433],[72.3195,14.428],[72.3262,14.418],[72.3355,14.4021],[72.3424,14.3918],[72.3517,14.3768],[72.3582,14.3665],[72.3681,14.3506],[72.3744,14.3403],[72.3845,14.3256],[72.391,14.3154],[72.4011,14.3004],[72.4077,14.2902],[72.4175,14.2751],[72.4243,14.265],[72.4343,14.2496],[72.4416,14.2396],[72.4517,14.2245],[72.4587,14.2146],[72.4689,14.1997],[72.4759,14.1894],[72.4866,14.1743],[72.4937,14.1645],[72.5039,14.1495],[72.5109,14.1397],[72.5214,14.1238],[72.5283,14.1138],[72.5388,14.0986],[72.5459,14.0885],[72.5564,14.0734],[72.563,14.0633],[72.5736,14.0483],[72.5799,14.0379],[72.5907,14.0229],[72.5977,14.0123],[72.6075,13.9972],[72.6147,13.9872],[72.6247,13.9717],[72.6316,13.9619],[72.6415,13.9465],[72.6479,13.937],[72.6586,13.9221],[72.6654,13.9122],[72.6762,13.8979],[72.6829,13.888],[72.6933,13.8733],[72.7001,13.8644],[72.7109,13.8495],[72.7182,13.8395],[72.7289,13.825],[72.736,13.8152],[72.7469,13.7999],[72.7539,13.7898],[72.7643,13.775],[72.7712,13.7649],[72.7811,13.7497],[72.7888,13.7394],[72.7993,13.7251],[72.8068,13.7155],[72.8183,13.7007],[72.826,13.6911],[72.8375,13.6768],[72.8456,13.6674],[72.8571,13.6533],[72.8644,13.6435],[72.8763,13.6292],[72.8838,13.62],[72.8953,13.6054],[72.9027,13.5962],[72.914,13.5819],[72.9214,13.5725],[72.9324,13.5581],[72.9398,13.5482],[72.9511,13.5337],[72.9588,13.5238],[72.9698,13.5097],[72.9771,13.5002],[72.9884,13.4864],[72.9964,13.4767],[73.0078,13.4626],[73.0159,13.4532],[73.0269,13.439],[73.0347,13.4297],[73.0458,13.4159],[73.0539,13.4063],[73.065,13.3917],[73.072,13.3822],[73.0831,13.3675],[73.0901,13.3574],[73.1013,13.3427],[73.1085,13.3324],[73.1191,13.318],[73.1265,13.3082],[73.1372,13.2938],[73.1447,13.2839],[73.1558,13.2691],[73.1627,13.2596],[73.1739,13.2445],[73.1806,13.2349],[73.1919,13.2203],[73.1991,13.2104],[73.2102,13.196],[73.218,13.1859],[73.2294,13.1714],[73.2367,13.1617],[73.2484,13.1475],[73.2561,13.1378],[73.2679,13.1232],[73.2759,13.114],[73.2874,13.1004],[73.2953,13.0911],[73.3067,13.0769],[73.3145,13.0678],[73.3256,13.0535],[73.333,13.0441],[73.3443,13.03],[73.3517,13.0204],[73.3633,13.0059],[73.3706,12.9964],[73.381,12.9824],[73.3884,12.9729],[73.4,12.9581],[73.4073,12.9483],[73.4181,12.9344],[73.4256,12.9242],[73.4362,12.9097],[73.4432,12.9005],[73.454,12.8866],[73.4612,12.8763],[73.4727,12.8618],[73.48,12.8521],[73.4907,12.8379],[73.4985,12.8283],[73.5103,12.8137],[73.518,12.8046],[73.5293,12.7894],[73.5365,12.7796],[73.547,12.7651],[73.554,12.7551],[73.5647,12.7404],[73.5715,12.7307],[73.5821,12.716],[73.5893,12.7063],[73.6004,12.6914],[73.6079,12.6816],[73.6185,12.667],[73.6258,12.6573],[73.6367,12.6431],[73.644,12.6336],[73.6548,12.6195],[73.6621,12.6098],[73.6733,12.595],[73.6813,12.5854],[73.692,12.5712],[73.7,12.5616],[73.7108,12.5468],[73.7179,12.5366],[73.7288,12.5222],[73.7356,12.5122],[73.7464,12.4981],[73.7539,12.4878],[73.7639,12.4737],[73.7708,12.4642],[73.7813,12.4493],[73.7887,12.4395],[73.7991,12.4245],[73.8061,12.4144],[73.8166,12.4003],[73.8238,12.3904],[73.8345,12.376],[73.8417,12.3657],[73.8531,12.3509],[73.8602,12.3412],[73.8705,12.3268],[73.8773,12.3171],[73.8885,12.3022],[73.8961,12.2931],[73.9068,12.2782],[73.914,12.2682],[73.9242,12.2536],[73.9315,12.2434],[73.9418,12.229],[73.9489,12.2192],[73.9597,12.2048],[73.9668,12.1951],[73.9778,12.1801],[73.9852,12.1702],[73.9965,12.1558],[74.0034,12.1463],[74.0139,12.1318],[74.0212,12.122],[74.0318,12.1078],[74.0385,12.0985],[74.0495,12.0837],[74.0567,12.074],[74.0678,12.0589],[74.0745,12.0493],[74.0848,12.0352],[74.0921,12.0256],[74.1033,12.0112],[74.111,12.0015],[74.1227,11.9869],[74.1302,11.9773],[74.142,11.9632],[74.1497,11.9537],[74.1614,11.9396],[74.1691,11.93],[74.1806,11.9155],[74.1879,11.9057],[74.199,11.8915],[74.2065,11.8816],[74.2178,11.867],[74.2255,11.8566],[74.2364,11.8426],[74.2428,11.8331],[74.2534,11.818],[74.2605,11.8085],[74.2714,11.7937],[74.2785,11.784],[74.2892,11.7694],[74.2966,11.76],[74.3074,11.7457],[74.3151,11.7358],[74.3263,11.722],[74.3338,11.7125],[74.3456,11.6981],[74.3528,11.6882],[74.364,11.6742],[74.3713,11.6648],[74.383,11.6508],[74.3908,11.6415],[74.4016,11.6272],[74.4095,11.6179],[74.4209,11.6035],[74.4278,11.5941],[74.4396,11.5794],[74.4468,11.5695],[74.4569,11.5555],[74.4648,11.5453],[74.4751,11.5305],[74.4825,11.5207],[74.4931,11.5057],[74.4998,11.4964],[74.5102,11.4814],[74.5172,11.4713],[74.5281,11.4567],[74.5356,11.4471],[74.5461,11.4326],[74.5538,11.4224],[74.5642,11.4072],[74.5713,11.3972],[74.5824,11.383],[74.5897,11.3733],[74.6009,11.3584],[74.6085,11.3493],[74.6199,11.3352],[74.6274,11.3256],[74.639,11.3112],[74.6468,11.302],[74.6582,11.2881],[74.6653,11.2779],[74.6769,11.2643],[74.6844,11.2546],[74.6962,11.2402],[74.7037,11.2311],[74.715,11.217],[74.7226,11.2073],[74.7338,11.1931],[74.7416,11.1836],[74.7522,11.1701],[74.7595,11.1603],[74.7707,11.1457],[74.778,11.1362],[74.7894,11.1219],[74.7969,11.112],[74.8081,11.0976],[74.8154,11.0881],[74.827,11.0735]]},"properties":{"mmsi":995923832,"name":"SYN-CAR-32","role":"candidate","vessel_type":70,"synthetic":true,"t_offset_s":[-38883,-38763,-38403,-38163,-37803,-37563,-37203,-36963,-36603,-36363,-36003,-35763,-35403,-35163,-34803,-34563,-34203,-33963,-33603,-33363,-33003,-32763,-32403,-32163,-31803,-31563,-31203,-30963,-30603,-30363,-30003,-29763,-29403,-29163,-28803,-28563,-28203,-27963,-27603,-27363,-27003,-26763,-26403,-26163,-25803,-25563,-25203,-24963,-24603,-24363,-24003,-23763,-23403,-23163,-22803,-22563,-22203,-21963,-21603,-21363,-21003,-20763,-20403,-20163,-19803,-19563,-19203,-18963,-18603,-18363,-18003,-17763,-17403,-17163,-16803,-16563,-16203,-15963,-15603,-15363,-15003,-14763,-14403,-14163,-13803,-13563,-13203,-12963,-12603,-12363,-12003,-11763,-11403,-11163,-10803,-10563,-10203,-9963,-9603,-9363,-9003,-8763,-8403,-8163,-7803,-7563,-7203,-6963,-6603,-6363,-6003,-5763,-5403,-5163,-4803,-4563,-4203,-3963,-3603,-3363,-3003,-2763,-2403,-2163,-1803,-1563,-1203,-963,-603,-363,-3,237,597,837,1197,1437,1797,2037,2397,2637,2997,3237,3597,3837,4197,4437,4797,5037,5397,5637,5997,6237,6597,6837,7197,7437,7797,8037,8397,8637,8997,9237,9597,9837,10197,10437,10797,11037,11397,11637,11997,12237,12597,12837,13197,13437,13797,14037,14397,14637,14997,15237,15597,15837,16197,16437,16797,17037,17397,17637,17997,18237,18597,18837,19197,19437,19797,20037,20397,20637,20997,21237,21597,21837,22197,22437,22797,23037,23397,23637,23997,24237,24597,24837,25197,25437,25797,26037,26397,26637,26997,27237,27597,27837,28197,28437,28797,29037,29397,29637,29997,30237,30597,30837,31197,31437,31797,32037,32397,32637,32997,33237,33597,33837,34197,34437,34797,35037,35397,35637,35997,36237,36597,36837,37197,37437,37797,38037,38397,38637,38997,39237,39597,39837,40197,40437,40797,41037,41397,41637,41997,42237,42597,42837,43197,43437,43797,44037,44397,44637,44997,45237,45597,45837,46197,46437,46797,47037,47397,47637,47997,48237,48597,48837,49197,49437,49797,50037,50397,50637,50997,51237,51597,51837,52197,52437,52797,53037,53397,53637,53997,54237,54597,54837,55197,55437,55797,56037,56397,56637,56997,57237,57597,57837,58197,58437,58797,59037,59397,59637,59997,60237,60597,60837,61197,61437,61797,62037,62397,62637,62997,63237,63597,63837,64197,64437,64797,65037,65397,65637,65997,66237,66597,66837,67197,67437,67797,68037,68397,68637,68997,69237,69597,69837,70197,70437,70797],"sog":[10.5,10.9,10.5,10.8,11.0,10.5,10.8,10.1,10.6,10.8,10.9,10.4,10.6,10.9,10.8,10.9,10.5,10.8,10.9,10.6,11.1,10.6,10.8,11.2,11.1,11.0,11.0,11.1,11.1,10.9,10.7,10.9,11.1,10.5,10.9,10.7,10.9,10.7,10.4,11.1,10.1,10.8,10.6,10.4,10.6,10.9,10.9,11.0,10.6,10.6,10.6,10.9,10.8,10.9,11.0,10.6,11.2,9.9,10.9,11.1,10.3,11.1,10.6,10.7,10.7,11.1,11.0,10.7,11.0,11.2,11.2,10.9,10.6,10.9,10.5,10.5,10.9,11.0,10.4,11.2,10.7,10.9,10.7,10.7,10.9,10.6,10.9,10.8,11.0,10.8,11.0,10.8,11.0,10.6,10.7,10.4,11.2,11.1,10.9,10.5,10.5,10.8,10.2,11.1,11.3,11.1,11.2,11.1,10.6,10.8,11.1,11.3,10.4,10.8,11.4,10.7,11.0,11.0,10.2,11.2,10.9,10.8,10.9,11.3,11.0,11.3,11.1,10.9,10.8,10.3,11.0,10.8,10.3,10.8,10.9,10.2,10.5,11.3,10.8,11.3,11.0,10.7,10.7,10.9,11.0,10.8,11.1,10.7,11.3,11.1,10.8,11.1,10.9,10.5,10.8,11.2,11.0,10.6,10.5,10.5,10.3,11.5,10.7,11.1,10.8,10.5,10.4,10.7,11.5,11.0,10.6,10.4,10.3,11.4,11.1,11.2,10.6,10.8,10.4,11.3,10.8,10.5,10.7,11.3,11.2,10.4,10.8,10.6,10.8,11.1,11.0,11.5,11.0,10.9,11.0,10.8,11.1,10.4,10.7,10.6,11.0,10.6,10.7,10.9,10.3,10.6,11.1,10.9,10.4,10.8,11.0,11.0,10.6,11.2,10.2,10.2,10.6,10.9,10.8,11.1,10.6,11.1,10.9,11.0,11.3,11.0,10.7,10.6,11.0,10.4,10.7,10.6,11.0,10.6,10.7,10.1,10.6,10.8,10.2,10.9,10.9,11.1,10.8,10.9,11.0,10.6,10.8,10.6,10.6,11.1,10.1,10.6,10.5,10.6,10.8,11.0,10.6,10.9,10.7,10.9,10.8,11.3,10.4,10.4,11.1,10.8,11.1,10.7,11.5,11.1,10.4,10.7,10.4,10.9,10.5,11.0,10.5,10.6,10.6,10.6,10.7,10.4,11.0,10.9,11.1,10.9,10.7,10.7,11.0,10.8,11.2,10.6,11.1,10.6,10.6,10.6,10.6,10.9,11.1,10.9,10.8,11.3,10.5,10.3,11.0,10.1,11.1,11.1,10.7,10.7,10.4,10.9,10.6,10.6,10.9,10.6,10.8,10.6,10.6,10.6,10.9,11.0,10.8,10.6,11.1,10.8,10.3,11.2,10.6,11.0,11.1,10.1,10.7,10.6,10.6,10.6,10.6,11.4,11.2,10.8,10.3,10.8,11.1,10.8,10.5,10.7,10.7,10.3,11.2,10.9,10.3,10.8,11.8,10.7,10.8,10.9,10.7,10.5,10.5,10.9,11.0,10.4,10.4,10.8,10.2,11.0,11.2]}},{"type":"Feature","geometry":{"type":"LineString","coordinates":[[73.2524,14.0226],[73.2474,14.0275],[73.2375,14.0366],[73.2231,14.05],[73.2126,14.0595],[73.1975,14.0733],[73.1873,14.0822],[73.1722,14.096],[73.1618,14.1053],[73.1465,14.1191],[73.1365,14.1278],[73.121,14.1412],[73.1107,14.15],[73.0958,14.1636],[73.0851,14.172],[73.0698,14.186],[73.0595,14.1953],[73.0444,14.2089],[73.0338,14.2178],[73.0183,14.2307],[73.0075,14.2395],[72.9921,14.2529],[72.982,14.2607],[72.9662,14.2739],[72.9552,14.282],[72.9396,14.2947],[72.929,14.3032],[72.9134,14.3158],[72.9029,14.3245],[72.8869,14.3375],[72.8761,14.3459],[72.8607,14.3586],[72.8497,14.3671],[72.8332,14.3804],[72.8229,14.3889],[72.807,14.4022],[72.7966,14.4104],[72.7811,14.4234],[72.7705,14.4319],[72.7549,14.4447],[72.7443,14.453],[72.7279,14.466],[72.7169,14.4747],[72.7014,14.4877],[72.6905,14.4961],[72.6745,14.5094],[72.6639,14.5183],[72.6476,14.5308],[72.6371,14.539],[72.6205,14.5513],[72.6095,14.5596],[72.5927,14.5714],[72.5818,14.5792],[72.5652,14.5909],[72.5542,14.5986],[72.5376,14.6103],[72.5263,14.6182],[72.5094,14.6305],[72.4987,14.6378],[72.4821,14.6493],[72.4707,14.6575],[72.4535,14.669],[72.4428,14.6766],[72.426,14.6883],[72.4154,14.6961],[72.398,14.7082],[72.3868,14.7161],[72.3702,14.7281],[72.3592,14.7364],[72.3427,14.7484],[72.3319,14.7564],[72.3154,14.7687],[72.3043,14.777],[72.2883,14.7896],[72.2779,14.7977],[72.2617,14.8103],[72.2512,14.819],[72.2357,14.8321],[72.2256,14.8413],[72.21,14.8542],[72.1996,14.8632],[72.1848,14.8761],[72.1742,14.8853],[72.1585,14.8986],[72.1486,14.9075],[72.1335,14.9208],[72.1232,14.9302],[72.1086,14.9442],[72.0984,14.9536],[72.083,14.9673],[72.0734,14.9765],[72.0587,14.9904],[72.0486,14.9998],[72.0348,15.014],[72.0251,15.0233],[72.0103,15.0378],[72.0003,15.0476],[71.9853,15.0619],[71.9754,15.0715],[71.9612,15.0854],[71.9514,15.0949],[71.9367,15.1089],[71.9274,15.118],[71.9125,15.1315],[71.9029,15.1407],[71.8876,15.1547],[71.8776,15.1643],[71.8627,15.1783],[71.8527,15.1874],[71.8376,15.2009],[71.8274,15.2102],[71.8121,15.2239],[71.8018,15.2334],[71.7872,15.2467],[71.7768,15.2564],[71.7614,15.2701],[71.7516,15.279],[71.7359,15.2938],[71.7262,15.3025],[71.7117,15.3163],[71.7014,15.3258],[71.6865,15.3393],[71.6763,15.3485],[71.6614,15.362],[71.6516,15.3712],[71.6364,15.3851],[71.6264,15.3945],[71.6116,15.4084],[71.6017,15.4174],[71.5867,15.4311],[71.5769,15.4402],[71.5619,15.4545],[71.5515,15.4632],[71.5366,15.4771],[71.5265,15.4864],[71.5105,15.4997],[71.5002,15.5085],[71.4846,15.5223],[71.4743,15.5308],[71.4592,15.5441],[71.4491,15.5536],[71.4336,15.5668],[71.4232,15.5758],[71.4072,15.5896],[71.3973,15.5981],[71.3821,15.6108],[71.3717,15.6195],[71.3555,15.633],[71.3454,15.6419],[71.3298,15.6551],[71.3198,15.6643],[71.3046,15.6781],[71.2945,15.6871],[71.2793,15.7005],[71.2693,15.7096],[71.254,15.7226],[71.244,15.7315],[71.2284,15.7452],[71.2176,15.7537],[71.2023,15.7667],[71.1917,15.776],[71.176,15.7894],[71.1665,15.7987],[71.1512,15.8125],[71.1406,15.8219],[71.1252,15.8362],[71.115,15.8451],[71.0997,15.8586],[71.0901,15.8678],[71.0751,15.8818],[71.0644,15.8917],[71.0496,15.9054],[71.0398,15.9147],[71.0248,15.9288],[71.0146,15.9377],[71.0,15.952],[70.9903,15.9607],[70.9753,15.975],[70.9652,15.9844],[70.9504,15.9985],[70.9403,16.0078],[70.9254,16.0216],[70.9157,16.0306],[70.901,16.0448],[70.8912,16.0539],[70.8764,16.068],[70.8666,16.0772],[70.8519,16.0909],[70.8425,16.1],[70.8277,16.1141],[70.8181,16.1231],[70.8032,16.1376],[70.7931,16.1469],[70.7792,16.1605],[70.7694,16.17],[70.7548,16.1849],[70.7456,16.1942],[70.7307,16.2083],[70.7213,16.2177],[70.7069,16.2326],[70.6966,16.2428],[70.6828,16.2572],[70.6738,16.2665],[70.6595,16.2811],[70.6502,16.2909],[70.6364,16.306],[70.6275,16.316],[70.6138,16.3312],[70.6044,16.3411],[70.5905,16.3555],[70.5808,16.3651],[70.5668,16.3792],[70.5572,16.389],[70.5423,16.4037],[70.5324,16.4134],[70.5176,16.4271],[70.5075,16.4367],[70.4925,16.4503],[70.483,16.4594],[70.4685,16.4736],[70.4589,16.4829],[70.4447,16.4977],[70.4349,16.5072],[70.4208,16.5214],[70.4111,16.5309],[70.3969,16.5452],[70.387,16.5549],[70.3722,16.5691],[70.3623,16.5787],[70.3475,16.5927],[70.3378,16.602],[70.3228,16.6162],[70.3127,16.6253],[70.2977,16.6393],[70.2879,16.648],[70.2728,16.6622],[70.2625,16.6711],[70.2476,16.6852],[70.2382,16.6943],[70.2232,16.7088],[70.2135,16.7188],[70.1994,16.733],[70.1901,16.7425],[70.176,16.7571],[70.1661,16.7668],[70.1516,16.7813],[70.1423,16.7911],[70.1284,16.806],[70.1195,16.8155],[70.1054,16.8305],[70.0958,16.8405],[70.0818,16.8552],[70.0728,16.865],[70.0585,16.8802],[70.0489,16.8898],[70.0351,16.9046],[70.026,16.9144],[70.0129,16.9293],[70.0038,16.9399],[69.9902,16.9562],[69.9812,16.9663],[69.9677,16.9822],[69.9591,16.992],[69.9461,17.0076],[69.9371,17.018],[69.9241,17.0334],[69.9157,17.0437],[69.9028,17.0591],[69.8945,17.0696],[69.8817,17.086],[69.8733,17.0971],[69.8611,17.1134],[69.8536,17.1242],[69.8411,17.1404],[69.8333,17.1514],[69.8216,17.1674],[69.8136,17.1782],[69.8013,17.1943],[69.793,17.2052],[69.7806,17.2213],[69.7729,17.2318],[69.7599,17.2478],[69.7513,17.2581],[69.7384,17.2738],[69.73,17.2844],[69.7173,17.3004]]},"properties":{"mmsi":996371610,"name":"SYN-TAN-30","role":"candidate","vessel_type":80,"synthetic":true,"t_offset_s":[-35515,-35395,-35155,-34795,-34555,-34195,-33955,-33595,-33355,-32995,-32755,-32395,-32155,-31795,-31555,-31195,-30955,-30595,-30355,-29995,-29755,-29395,-29155,-28795,-28555,-28195,-27955,-27595,-27355,-26995,-26755,-26395,-26155,-25795,-25555,-25195,-24955,-24595,-24355,-23995,-23755,-23395,-23155,-22795,-22555,-22195,-21955,-21595,-21355,-20995,-20755,-20395,-20155,-19795,-19555,-19195,-18955,-18595,-18355,-17995,-17755,-17395,-17155,-16795,-16555,-16195,-15955,-15595,-15355,-14995,-14755,-14395,-14155,-13795,-13555,-13195,-12955,-12595,-12355,-11995,-11755,-11395,-11155,-10795,-10555,-10195,-9955,-9595,-9355,-8995,-8755,-8395,-8155,-7795,-7555,-7195,-6955,-6595,-6355,-5995,-5755,-5395,-5155,-4795,-4555,-4195,-3955,-3595,-3355,-2995,-2755,-2395,-2155,-1795,-1555,-1195,-955,-595,-355,5,245,605,845,1205,1445,1805,2045,2405,2645,3005,3245,3605,3845,4205,4445,4805,5045,5405,5645,6005,6245,6605,6845,7205,7445,7805,8045,8405,8645,9005,9245,9605,9845,10205,10445,10805,11045,11405,11645,12005,12245,12605,12845,13205,13445,13805,14045,14405,14645,15005,15245,15605,15845,16205,16445,16805,17045,17405,17645,18005,18245,18605,18845,19205,19445,19805,20045,20405,20645,21005,21245,21605,21845,22205,22445,22805,23045,23405,23645,24005,24245,24605,24845,25205,25445,25805,26045,26405,26645,27005,27245,27605,27845,28205,28445,28805,29045,29405,29645,30005,30245,30605,30845,31205,31445,31805,32045,32405,32645,33005,33245,33605,33845,34205,34445,34805,35045,35405,35645,36005,36245,36605,36845,37205,37445,37805,38045,38405,38645,39005,39245,39605,39845,40205,40445,40805,41045,41405,41645,42005,42245,42605,42845,43205,43445,43805,44045,44405,44645,45005,45245,45605,45845,46205,46445,46805,47045,47405,47645,48005,48245,48605,48845,49205,49445,49805],"sog":[12.0,12.2,12.2,11.5,11.9,12.3,12.0,11.7,12.3,12.1,11.6,11.5,12.0,11.8,11.9,12.3,12.1,12.1,12.1,11.9,12.1,12.1,11.3,12.2,12.3,11.8,11.9,11.9,12.0,12.3,11.9,12.2,12.1,12.4,12.2,12.2,11.7,11.7,11.8,12.4,12.0,12.3,12.6,11.9,11.8,12.0,12.1,12.2,11.7,12.1,12.1,11.7,12.0,12.3,12.1,12.5,12.1,11.9,11.8,11.7,12.4,12.2,11.7,11.7,11.3,11.9,12.2,12.1,12.2,12.2,12.0,12.1,12.0,12.6,11.5,12.3,11.6,11.8,12.4,11.7,12.0,11.6,12.1,11.7,11.8,11.8,11.8,12.4,11.9,12.1,11.8,11.7,12.0,12.0,12.2,12.4,12.2,12.1,12.2,12.0,11.8,11.6,11.7,11.7,12.3,12.1,12.0,11.8,12.2,12.4,11.9,12.3,12.5,12.1,12.4,12.0,12.1,12.8,11.9,11.7,12.0,12.0,12.2,11.8,12.0,12.3,12.2,11.9,11.7,12.2,12.0,12.4,12.3,11.9,11.9,11.9,12.3,12.2,12.0,11.4,12.1,11.8,12.1,11.7,12.0,11.9,11.7,12.3,12.1,12.4,11.6,12.3,11.8,12.0,11.7,11.8,11.7,12.1,11.8,12.0,12.0,12.3,11.8,12.1,11.9,12.9,12.4,12.0,12.2,12.5,12.2,12.2,12.2,11.8,11.9,11.7,11.6,12.5,11.7,12.0,12.0,12.1,11.6,12.3,11.7,11.5,11.9,11.6,11.8,11.7,12.0,11.8,12.0,11.4,12.1,11.8,11.7,12.4,11.6,11.8,12.7,11.9,11.3,12.0,12.3,12.4,11.7,12.4,11.8,11.7,11.9,11.6,12.0,12.2,11.6,11.9,12.4,11.9,11.7,12.3,11.7,12.0,12.2,11.9,11.8,12.2,11.8,12.4,12.0,12.0,11.7,12.3,12.3,12.4,12.3,11.9,12.1,12.4,11.6,12.1,13.0,11.8,11.9,12.2,11.9,11.9,11.9,11.9,11.6,12.5,12.2,12.4,12.0,12.1,12.4,11.8,11.9,12.4,12.0,12.3,12.3,11.9,11.7,12.2,11.9,11.9,11.7,12.1,11.7,11.7,11.8,11.8,12.0,12.0,12.1,11.9,12.1,11.9,12.2,11.8,11.8,12.3,11.9,12.1,12.2,12.2]}},{"type":"Feature","geometry":{"type":"LineString","coordinates":[[72.1842,14.4515],[72.1793,14.4641],[72.174,14.4766],[72.1669,14.4957],[72.1626,14.5078],[72.1551,14.5275],[72.1504,14.5401],[72.1437,14.5597],[72.1392,14.5727],[72.1327,14.5921],[72.1282,14.6049],[72.1211,14.6242],[72.1171,14.6369],[72.1111,14.6557],[72.1068,14.6689],[72.1006,14.6887],[72.0967,14.7019],[72.0905,14.7212],[72.0864,14.7343],[72.0808,14.7541],[72.077,14.7671],[72.0719,14.7869],[72.0682,14.8005],[72.0624,14.819],[72.0593,14.8319],[72.0543,14.8517],[72.0505,14.8646],[72.0456,14.8846],[72.0423,14.8985],[71.9393,15.4941],[71.9386,15.5009],[71.9374,15.5214],[71.9366,15.5349],[71.9356,15.5555],[71.9348,15.5689],[71.9331,15.5887],[71.9324,15.6023],[71.9307,15.6229],[71.93,15.6364],[71.9288,15.657],[71.9277,15.6703],[71.9259,15.6909],[71.9245,15.7043],[71.9229,15.7244],[71.9216,15.7379],[71.9198,15.7586],[71.9183,15.7718],[71.9164,15.7921],[71.9154,15.8059],[71.914,15.826],[71.9124,15.8401],[71.9106,15.8604],[71.9094,15.8741],[71.9074,15.8945],[71.9062,15.9087],[71.9043,15.9285],[71.9033,15.9429],[71.9014,15.9631],[71.8993,15.9767],[71.8979,15.9963],[71.8966,16.0101],[71.8943,16.0304],[71.8928,16.0439],[71.8907,16.0638],[71.8891,16.0778],[71.8869,16.098],[71.885,16.1113],[71.8823,16.1317],[71.8804,16.1451],[71.8775,16.166],[71.8754,16.1786],[71.8724,16.1985],[71.8701,16.2122],[71.8671,16.2334],[71.8647,16.2473],[71.8624,16.2673],[71.8603,16.2808],[71.8581,16.3014],[71.8565,16.3144],[71.8546,16.3344],[71.853,16.3479],[71.8516,16.3679],[71.8507,16.3817],[71.8491,16.4022],[71.8484,16.4153],[71.847,16.4353],[71.8468,16.4493],[71.8453,16.4694],[71.8443,16.4831],[71.8438,16.5034],[71.8433,16.5174],[71.8426,16.5377],[71.842,16.5514],[71.8415,16.5717],[71.8409,16.5853],[71.8399,16.6048],[71.8395,16.6183],[71.838,16.6388],[71.8375,16.6522],[71.8356,16.6728],[71.8345,16.6862],[71.8327,16.7068],[71.8313,16.7201],[71.8291,16.7401],[71.8274,16.7536],[71.8247,16.7737],[71.8228,16.7876],[71.8202,16.8076],[71.8185,16.8212],[71.8156,16.8417],[71.8139,16.8555],[71.811,16.8756],[71.8091,16.8888],[71.8062,16.9087],[71.8039,16.9221],[71.8,16.9423],[71.7977,16.9559],[71.7937,16.9755],[71.7915,16.9888],[71.7877,17.0089],[71.7857,17.0218],[71.782,17.0424],[71.7797,17.0552],[71.7755,17.0754],[71.7727,17.089],[71.7684,17.1085],[71.7659,17.1222],[71.7614,17.1419],[71.7584,17.155],[71.7532,17.1752],[71.7498,17.1883],[71.7446,17.2081],[71.741,17.2211],[71.7361,17.2411],[71.7326,17.2541],[71.7276,17.2744],[71.7245,17.2874],[71.7192,17.3073],[71.7155,17.3207],[71.71,17.3407],[71.7061,17.354],[71.7007,17.3733],[71.6971,17.3866],[71.6913,17.406],[71.6878,17.4184],[71.682,17.4375],[71.6786,17.4509],[71.6735,17.4708],[71.6699,17.484],[71.6645,17.5031],[71.6607,17.5163],[71.6548,17.5356],[71.6511,17.5489],[71.6454,17.5689],[71.6415,17.5821],[71.6364,17.6012],[71.6327,17.6144],[71.6269,17.6338],[71.6235,17.6474],[71.6181,17.6671],[71.6141,17.6798],[71.6088,17.6996],[71.6046,17.7124],[71.5986,17.7322],[71.5951,17.745],[71.5896,17.7649],[71.5857,17.7783],[71.5805,17.7981],[71.5769,17.8115],[71.5723,17.8314],[71.5696,17.8449],[71.5649,17.8648],[71.5623,17.8775],[71.5584,17.8973],[71.5562,17.9109],[71.5518,17.9306],[71.5492,17.9442],[71.5453,17.9639],[71.5428,17.9778],[71.5391,17.9977],[71.537,18.0113],[71.5337,18.0312],[71.5314,18.0444],[71.528,18.0641],[71.5257,18.0778],[71.5222,18.0978],[71.5201,18.111],[71.5167,18.1318],[71.5153,18.1451],[71.5122,18.1657],[71.5107,18.1792],[71.509,18.1993],[71.5072,18.2126],[71.5053,18.233],[71.5041,18.2465],[71.5022,18.2667],[71.5009,18.2802],[71.4983,18.2999],[71.4969,18.3133],[71.4945,18.3334],[71.4926,18.347],[71.49,18.3672],[71.4882,18.381],[71.486,18.4011],[71.4841,18.4147],[71.4811,18.4351],[71.4793,18.448],[71.4765,18.4685],[71.4747,18.4821],[71.4719,18.5027],[71.4698,18.5168],[71.4676,18.5368],[71.4661,18.5502],[71.4636,18.57],[71.4624,18.5837],[71.4601,18.604],[71.4583,18.6173],[71.4555,18.6375],[71.4537,18.6506],[71.4508,18.6705],[71.4488,18.6841],[71.4457,18.7041]]},"properties":{"mmsi":996635850,"name":"SYN-CAR-20","role":"candidate","vessel_type":70,"synthetic":true,"t_offset_s":[-219510,-219270,-219030,-218670,-218430,-218070,-217830,-217470,-217230,-216870,-216630,-216270,-216030,-215670,-215430,-215070,-214830,-214470,-214230,-213870,-213630,-213270,-213030,-212670,-212430,-212070,-211830,-211470,-211230,-200550,-200430,-200070,-199830,-199470,-199230,-198870,-198630,-198270,-198030,-197670,-197430,-197070,-196830,-196470,-196230,-195870,-195630,-195270,-195030,-194670,-194430,-194070,-193830,-193470,-193230,-192870,-192630,-192270,-192030,-191670,-191430,-191070,-190830,-190470,-190230,-189870,-189630,-189270,-189030,-188670,-188430,-188070,-187830,-187470,-187230,-186870,-186630,-186270,-186030,-185670,-185430,-185070,-184830,-184470,-184230,-183870,-183630,-183270,-183030,-182670,-182430,-182070,-181830,-181470,-181230,-180870,-180630,-180270,-180030,-179670,-179430,-179070,-178830,-178470,-178230,-177870,-177630,-177270,-177030,-176670,-176430,-176070,-175830,-175470,-175230,-174870,-174630,-174270,-174030,-173670,-173430,-173070,-172830,-172470,-172230,-171870,-171630,-171270,-171030,-170670,-170430,-170070,-169830,-169470,-169230,-168870,-168630,-168270,-168030,-167670,-167430,-167070,-166830,-166470,-166230,-165870,-165630,-165270,-165030,-164670,-164430,-164070,-163830,-163470,-163230,-162870,-162630,-162270,-162030,-161670,-161430,-161070,-160830,-160470,-160230,-159870,-159630,-159270,-159030,-158670,-158430,-158070,-157830,-157470,-157230,-156870,-156630,-156270,-156030,-155670,-155430,-155070,-154830,-154470,-154230,-153870,-153630,-153270,-153030,-152670,-152430,-152070,-151830,-151470,-151230,-150870,-150630,-150270,-150030,-149670,-149430,-149070,-148830,-148470,-148230,-147870,-147630,-147270,-147030,-146670,-146430,-146070,-145830,-145470,-145230,-144870,-144630,-144270,-144030,-143670,-143430,-143070],"sog":[12.3,11.9,12.1,12.3,11.7,12.3,12.0,12.1,12.1,12.3,12.4,11.7,11.8,11.9,12.2,12.4,12.6,12.2,12.0,11.9,12.0,12.4,12.7,12.2,12.2,12.1,12.7,11.9,12.8,11.8,12.4,12.3,12.3,12.1,11.9,11.7,12.2,12.5,12.2,12.3,11.9,11.7,12.1,11.7,12.2,12.4,12.2,12.5,12.3,12.2,12.2,12.7,12.2,11.9,12.7,12.2,12.6,12.4,11.6,11.3,12.5,12.0,12.4,12.0,12.5,12.8,12.0,12.7,12.1,11.8,11.9,12.2,12.9,12.9,12.2,12.2,12.1,12.3,12.0,12.5,12.0,12.1,12.2,12.2,11.8,12.1,12.4,12.1,11.9,12.5,12.6,12.0,12.2,12.1,12.3,11.7,11.8,11.9,12.0,12.2,11.9,12.5,12.1,11.9,12.2,12.1,12.3,12.1,12.3,12.6,12.3,11.9,11.9,11.9,12.3,12.2,12.5,11.5,12.6,12.2,11.9,12.2,12.0,11.8,12.4,11.8,11.7,12.0,12.4,12.2,11.8,12.1,12.1,12.2,11.8,12.2,12.2,12.4,12.1,12.8,12.1,11.7,12.1,12.3,11.6,12.2,12.5,12.1,11.5,12.0,12.6,12.3,12.2,12.2,12.1,12.0,12.5,12.0,12.3,12.1,12.0,12.4,12.0,12.4,12.4,12.2,12.3,12.3,12.6,12.3,12.3,12.2,11.4,11.8,12.3,12.4,12.3,11.8,12.5,12.1,12.1,11.7,11.5,12.6,12.6,12.6,11.7,13.1,12.1,12.1,11.9,12.1,12.1,12.3,12.4,11.9,12.4,12.0,12.3,11.7,12.5,12.2,12.5,11.5,12.2,12.1,12.2,11.8,12.2,12.6,12.4,12.2,12.0,12.3,11.7,12.6,12.2,11.8,11.8,11.6,12.3,11.7]}},{"type":"Feature","geometry":{"type":"LineString","coordinates":[[72.7414,14.5304],[72.7478,14.5242],[72.7604,14.5128],[72.7791,14.4949],[72.7916,14.4836],[72.8099,14.4653],[72.8228,14.4531],[72.8409,14.4352],[72.8533,14.4234],[72.8722,14.406],[72.8846,14.3938],[72.9034,14.376],[72.9165,14.3642],[72.9354,14.3466],[72.9475,14.3347],[72.9662,14.3175],[72.9786,14.3053],[72.9965,14.2877],[73.0088,14.2754],[73.0272,14.2573],[73.0393,14.2454],[73.0577,14.2278],[73.0697,14.2157],[73.0876,14.1973],[73.1,14.1848],[73.118,14.1672],[73.1299,14.1548],[73.1483,14.1365],[73.1601,14.1242],[73.1784,14.1066],[73.1909,14.0942],[73.2087,14.0757],[73.2203,14.0636],[73.2385,14.0449],[73.2503,14.0326],[73.2679,14.0148],[73.2799,14.0025],[73.2979,13.9843],[73.3101,13.972],[73.3277,13.9535],[73.3393,13.9404],[73.3573,13.9213],[73.3684,13.9088],[73.3861,13.8905],[73.3982,13.8784],[73.4161,13.8604],[73.4279,13.8482],[73.4457,13.8293],[73.4579,13.817],[73.4754,13.7989],[73.4868,13.7868],[73.5044,13.7684],[73.5164,13.7557],[73.5338,13.7371],[73.5458,13.7242],[73.5633,13.7049],[73.5751,13.6925],[73.5929,13.6737],[73.6049,13.6611],[73.6234,13.6424],[73.6352,13.6302],[73.6543,13.6116],[73.6664,13.599],[73.6849,13.5807],[73.6968,13.5689],[73.7153,13.5506],[73.7275,13.5381],[73.746,13.5206],[73.7579,13.5084],[73.7766,13.4911],[73.7894,13.4794],[73.8081,13.4623],[73.8206,13.4506],[73.8396,13.4337],[73.8528,13.4221],[73.8725,13.405],[73.8854,13.394],[73.9046,13.3768],[73.9175,13.3653],[73.9368,13.3484],[73.9491,13.3371],[73.9692,13.3195],[73.9814,13.3082],[74.0005,13.2905],[74.0133,13.2791],[74.0336,13.2618],[74.0461,13.2501],[74.0647,13.233],[74.0774,13.2209],[74.0958,13.2032],[74.1081,13.1913],[74.1272,13.173],[74.1395,13.1609],[74.1587,13.143],[74.1711,13.1316],[74.1905,13.1139],[74.203,13.1025],[74.222,13.0856],[74.2345,13.0742],[74.2538,13.0572],[74.2663,13.0457],[74.2857,13.0278],[74.2982,13.0159],[74.3176,12.998],[74.3302,12.9865],[74.3489,12.9696],[74.3613,12.9583],[74.3814,12.9418],[74.3938,12.9306],[74.4137,12.9133],[74.427,12.9023],[74.4462,12.885],[74.4589,12.8739],[74.4791,12.8579],[74.4929,12.8471],[74.5129,12.8313],[74.527,12.8207],[74.5473,12.805],[74.5614,12.7946],[74.5816,12.7791],[74.596,12.768],[74.6169,12.7523],[74.6308,12.7422],[74.6517,12.7262],[74.6659,12.7164],[74.6862,12.7008],[74.6998,12.6899],[74.7202,12.6738],[74.7335,12.6633],[74.7534,12.6479],[74.7668,12.6378],[74.7871,12.622],[74.8009,12.6119],[74.8215,12.5965],[74.8349,12.586],[74.8558,12.5697],[74.8694,12.5592],[74.8901,12.5429],[74.9036,12.5328],[74.9247,12.5174],[74.9384,12.5073],[74.9593,12.4915],[74.9732,12.4811]]},"properties":{"mmsi":996843698,"name":"SYN-CAR-18","role":"candidate","vessel_type":70,"synthetic":true,"t_offset_s":[-69099,-68979,-68739,-68379,-68139,-67779,-67539,-67179,-66939,-66579,-66339,-65979,-65739,-65379,-65139,-64779,-64539,-64179,-63939,-63579,-63339,-62979,-62739,-62379,-62139,-61779,-61539,-61179,-60939,-60579,-60339,-59979,-59739,-59379,-59139,-58779,-58539,-58179,-57939,-57579,-57339,-56979,-56739,-56379,-56139,-55779,-55539,-55179,-54939,-54579,-54339,-53979,-53739,-53379,-53139,-52779,-52539,-52179,-51939,-51579,-51339,-50979,-50739,-50379,-50139,-49779,-49539,-49179,-48939,-48579,-48339,-47979,-47739,-47379,-47139,-46779,-46539,-46179,-45939,-45579,-45339,-44979,-44739,-44379,-44139,-43779,-43539,-43179,-42939,-42579,-42339,-41979,-41739,-41379,-41139,-40779,-40539,-40179,-39939,-39579,-39339,-38979,-38739,-38379,-38139,-37779,-37539,-37179,-36939,-36579,-36339,-35979,-35739,-35379,-35139,-34779,-34539,-34179,-33939,-33579,-33339,-32979,-32739,-32379,-32139,-31779,-31539,-31179,-30939,-30579,-30339,-29979,-29739,-29379,-29139,-28779,-28539,-28179,-27939,-27579,-27339,-26979,-26739],"sog":[15.7,15.3,15.2,15.4,14.9,15.0,15.4,15.0,15.1,15.2,15.2,15.3,15.8,15.0,15.0,15.2,14.7,15.2,15.5,14.9,15.1,14.7,15.0,14.9,15.4,15.0,15.4,15.1,14.9,14.6,15.2,15.5,15.1,15.9,15.6,15.0,15.4,15.4,15.4,14.7,15.7,15.6,14.8,15.0,15.2,15.0,14.9,14.9,15.3,15.1,14.8,15.0,15.5,15.7,15.2,15.1,15.1,14.9,15.3,15.3,15.1,15.1,15.5,15.6,14.9,15.5,15.2,15.0,14.9,15.4,15.1,15.2,14.5,14.7,15.5,15.2,14.9,14.9,15.3,15.1,15.4,15.4,15.3,15.0,14.9,15.3,15.0,15.0,16.0,15.0,15.2,15.3,15.5,15.3,14.7,15.1,15.5,14.7,15.2,15.1,15.1,15.3,15.0,15.5,15.1,15.0,15.2,14.8,15.2,15.2,15.3,15.2,15.1,14.9,16.0,15.6,15.5,15.7,15.1,15.1,15.3,15.3,15.1,15.8,15.3,15.4,15.2,15.8,14.8,14.8,14.7,14.6,15.0,15.6,15.2,15.7,15.4,15.8,15.2,15.3,15.1,15.5,15.6]}},{"type":"Feature","geometry":{"type":"LineString","coordinates":[[73.0592,14.2084],[73.0646,14.2028],[73.0815,14.1864],[73.0926,14.1751],[73.11,14.1593],[73.1212,14.1488],[73.1386,14.1333],[73.1506,14.1224],[73.1682,14.1059],[73.1801,14.0954],[73.1972,14.0797],[73.2091,14.0694],[73.227,14.0537],[73.2388,14.0431],[73.2563,14.0274],[73.2681,14.0169],[73.2859,14.001],[73.2974,13.9907],[73.3147,13.975],[73.3263,13.9652],[73.3446,13.9499],[73.3568,13.9396],[73.3752,13.9248],[73.3875,13.9153],[73.406,13.9008],[73.4181,13.8911],[73.436,13.8768],[73.4487,13.8673],[73.4667,13.8517],[73.4791,13.8421],[73.4975,13.8273],[73.5095,13.8183],[73.5283,13.8032],[73.5406,13.7936],[73.5598,13.7787],[73.5724,13.7693],[73.5904,13.7542],[73.6026,13.7451],[73.6211,13.7305],[73.6336,13.7213],[73.6524,13.7074],[73.6652,13.698],[73.6851,13.6842],[73.6977,13.675],[73.7163,13.6608],[73.7297,13.6513],[73.7482,13.637],[73.7608,13.6275],[73.7795,13.6132],[73.7916,13.6035],[73.81,13.5888],[73.8224,13.5793],[73.8412,13.5648],[73.854,13.5557],[73.8723,13.5415],[73.8852,13.5324],[73.9038,13.518],[73.917,13.5082],[73.9356,13.4945],[73.948,13.4854],[73.9669,13.4715],[73.9798,13.4624],[73.9992,13.4484],[74.0116,13.4395],[74.0306,13.4252],[74.0429,13.4156],[74.0616,13.4017],[74.0743,13.3919],[74.0927,13.3772],[74.1049,13.3677],[74.1235,13.3533],[74.1362,13.3433],[74.1549,13.3291],[74.1672,13.3196],[74.1863,13.3051],[74.1988,13.2958],[74.2179,13.281],[74.2301,13.2705],[74.2487,13.2559],[74.2604,13.2461],[74.2794,13.2308],[74.2908,13.2213],[74.3096,13.2065],[74.3212,13.1969],[74.3401,13.1829],[74.3523,13.173],[74.3713,13.1591],[74.3842,13.1495],[74.4033,13.1347],[74.4162,13.1257],[74.4355,13.1118],[74.4486,13.1029],[74.468,13.0891],[74.4809,13.0796],[74.4999,13.066],[74.5132,13.0569],[74.5326,13.0427],[74.5453,13.0336],[74.5652,13.0195],[74.5777,13.0104],[74.5971,12.9962],[74.6096,12.987],[74.6283,12.9731],[74.6407,12.9642],[74.6596,12.9505],[74.6722,12.9409],[74.6913,12.9271],[74.7045,12.9179],[74.7237,12.9044],[74.7365,12.8953],[74.7558,12.8821],[74.7691,12.8731],[74.7881,12.8599],[74.801,12.8508],[74.8206,12.837]]},"properties":{"mmsi":997074202,"name":"SYN-CAR-12","role":"candidate","vessel_type":70,"synthetic":true,"t_offset_s":[-258479,-258359,-257999,-257759,-257399,-257159,-256799,-256559,-256199,-255959,-255599,-255359,-254999,-254759,-254399,-254159,-253799,-253559,-253199,-252959,-252599,-252359,-251999,-251759,-251399,-251159,-250799,-250559,-250199,-249959,-249599,-249359,-248999,-248759,-248399,-248159,-247799,-247559,-247199,-246959,-246599,-246359,-245999,-245759,-245399,-245159,-244799,-244559,-244199,-243959,-243599,-243359,-242999,-242759,-242399,-242159,-241799,-241559,-241199,-240959,-240599,-240359,-239999,-239759,-239399,-239159,-238799,-238559,-238199,-237959,-237599,-237359,-236999,-236759,-236399,-236159,-235799,-235559,-235199,-234959,-234599,-234359,-233999,-233759,-233399,-233159,-232799,-232559,-232199,-231959,-231599,-231359,-230999,-230759,-230399,-230159,-229799,-229559,-229199,-228959,-228599,-228359,-227999,-227759,-227399,-227159,-226799,-226559,-226199,-225959,-225599,-225359,-224999,-224759,-224399],"sog":[13.9,13.6,14.0,13.9,14.2,13.1,13.6,14.2,14.0,14.0,13.8,13.7,14.0,14.3,14.0,13.6,13.8,13.1,13.9,13.5,13.4,14.1,14.1,13.7,13.6,13.8,13.3,14.0,13.3,14.1,13.7,13.4,13.4,13.9,13.9,14.2,13.5,13.6,13.3,13.9,13.5,13.9,14.1,14.0,13.6,14.2,13.6,13.7,14.1,13.7,14.3,13.9,14.4,13.9,13.5,13.8,13.6,14.0,13.6,13.7,13.6,13.8,13.4,13.9,14.3,14.0,13.7,13.9,13.9,13.2,13.8,14.0,13.7,14.0,14.2,14.2,14.1,14.2,14.0,13.3,13.9,13.4,14.0,13.6,13.6,13.9,13.7,13.8,14.4,14.1,13.7,13.7,13.7,14.0,14.0,13.9,14.7,13.5,14.6,13.8,13.9,13.5,14.1,13.2,13.6,14.4,13.8,14.0,13.8,13.8,13.7,13.9,13.4,13.7,14.2]}},{"type":"Feature","geometry":{"type":"LineString","coordinates":[[71.3718,15.7976],[71.3655,15.7973],[71.3457,15.7963],[71.3328,15.7958],[71.3131,15.7944],[71.3,15.794],[71.28,15.7927],[71.267,15.7917],[71.2471,15.7902],[71.2338,15.7894],[71.2142,15.7879],[71.2009,15.7873],[71.1809,15.7862],[71.167,15.7849],[71.1473,15.7844],[71.1344,15.7837],[71.1143,15.7827],[71.1013,15.7823],[71.0819,15.7811],[71.069,15.7807],[71.0497,15.78],[71.0362,15.78],[71.0162,15.7797],[71.0039,15.7796],[70.9831,15.7793],[70.9698,15.7792],[70.9499,15.7797],[70.9366,15.7801],[70.9176,15.7805],[70.9042,15.7801],[70.8844,15.7798],[70.8713,15.7793],[70.852,15.779],[70.8391,15.7786],[70.8197,15.7785],[70.8065,15.7781],[70.7871,15.7776],[70.7739,15.7773],[70.7541,15.777],[70.741,15.777],[70.7209,15.7769],[70.7075,15.7767],[70.6874,15.7765],[70.674,15.7765],[70.6546,15.7762],[70.6414,15.7763],[70.6218,15.7761],[70.6077,15.7761],[70.589,15.7767],[70.5759,15.7766],[70.5564,15.7767],[70.543,15.7764],[70.5231,15.7764],[70.5097,15.7763],[70.4896,15.7755],[70.4766,15.7753],[70.4566,15.7749],[70.4435,15.7746],[70.4237,15.7748],[70.4107,15.7748],[70.3912,15.7741],[70.3781,15.774],[70.3587,15.7736],[70.3456,15.7729],[70.3261,15.7724],[70.3133,15.7719],[70.2941,15.771],[70.281,15.7708],[70.2615,15.77],[70.2484,15.7696],[70.2291,15.7689],[70.2157,15.7685],[70.1965,15.769],[70.1841,15.768],[70.1641,15.7671],[70.1511,15.7667],[70.1312,15.7657],[70.1174,15.7649],[70.0978,15.7636],[70.0851,15.763],[70.0653,15.7616],[70.0518,15.7607],[70.0322,15.7594],[70.019,15.7587],[69.9989,15.7568],[69.9857,15.7555],[69.9655,15.7533],[69.9533,15.7521],[69.9339,15.75],[69.9209,15.7484],[69.9011,15.7464],[69.8885,15.7451],[69.8688,15.7429],[69.8557,15.7412],[69.8361,15.7394],[69.8229,15.7379],[69.803,15.7363],[69.7896,15.7351],[69.7705,15.7332],[69.7577,15.7319],[69.7385,15.7295],[69.7256,15.7282],[69.7059,15.726],[69.6929,15.7244],[69.6737,15.7226],[69.6608,15.7217],[69.6411,15.7209],[69.6277,15.7196],[69.608,15.7186],[69.5945,15.7175],[69.5748,15.7164],[69.5616,15.716],[69.5423,15.7148],[69.5288,15.7142],[69.5089,15.7134],[69.4957,15.7132],[69.4758,15.7133],[69.4632,15.7128],[69.4434,15.7126],[69.4302,15.7131],[69.411,15.7129],[69.3977,15.7122],[69.3783,15.7118],[69.3655,15.711],[69.3455,15.7096],[69.3325,15.7089],[69.3129,15.7084],[69.3,15.7082],[69.2804,15.7082],[69.2671,15.7081],[69.2475,15.708],[69.2343,15.7082],[69.2148,15.7087],[69.2015,15.7093],[69.182,15.7102],[69.1689,15.7109],[69.1491,15.7123],[69.1358,15.713],[69.1158,15.7133],[69.1027,15.7143],[69.0837,15.7151],[69.0704,15.7157],[69.051,15.7169],[69.0383,15.7182],[69.0186,15.7193],[69.0055,15.72],[68.9864,15.7218],[68.9732,15.723],[68.9534,15.7245],[68.94,15.7247],[68.9211,15.7262],[68.9075,15.7266],[68.888,15.7281],[68.8752,15.7289],[68.8553,15.7302],[68.8421,15.7305],[68.822,15.7318],[68.8093,15.7325],[68.7898,15.7337],[68.7772,15.7349],[68.7574,15.7364],[68.7446,15.7375],[68.7247,15.7394],[68.7111,15.7404],[68.6914,15.7426],[68.6782,15.7442],[68.6586,15.7459],[68.6456,15.7475],[68.6257,15.7491],[68.612,15.7503],[68.5926,15.7514]]},"properties":{"mmsi":997541851,"name":"SYN-CAR-01","role":"candidate","vessel_type":70,"synthetic":true,"t_offset_s":[-42448,-42328,-41968,-41728,-41368,-41128,-40768,-40528,-40168,-39928,-39568,-39328,-38968,-38728,-38368,-38128,-37768,-37528,-37168,-36928,-36568,-36328,-35968,-35728,-35368,-35128,-34768,-34528,-34168,-33928,-33568,-33328,-32968,-32728,-32368,-32128,-31768,-31528,-31168,-30928,-30568,-30328,-29968,-29728,-29368,-29128,-28768,-28528,-28168,-27928,-27568,-27328,-26968,-26728,-26368,-26128,-25768,-25528,-25168,-24928,-24568,-24328,-23968,-23728,-23368,-23128,-22768,-22528,-22168,-21928,-21568,-21328,-20968,-20728,-20368,-20128,-19768,-19528,-19168,-18928,-18568,-18328,-17968,-17728,-17368,-17128,-16768,-16528,-16168,-15928,-15568,-15328,-14968,-14728,-14368,-14128,-13768,-13528,-13168,-12928,-12568,-12328,-11968,-11728,-11368,-11128,-10768,-10528,-10168,-9928,-9568,-9328,-8968,-8728,-8368,-8128,-7768,-7528,-7168,-6928,-6568,-6328,-5968,-5728,-5368,-5128,-4768,-4528,-4168,-3928,-3568,-3328,-2968,-2728,-2368,-2128,-1768,-1528,-1168,-928,-568,-328,32,272,632,872,1232,1472,1832,2072,2432,2672,3032,3272,3632,3872,4232,4472,4832,5072,5432,5672,6032,6272,6632,6872,7232,7472,7832,8072,8432],"sog":[11.4,11.1,11.8,11.6,11.7,11.2,11.5,11.8,11.4,11.6,11.1,11.2,11.5,11.8,11.0,11.3,11.4,11.8,11.6,11.1,11.5,11.3,12.2,11.1,11.5,11.6,11.9,10.9,11.4,11.7,11.3,11.1,11.9,11.3,11.0,11.5,11.3,11.3,11.5,11.7,11.6,12.0,11.7,11.4,10.9,11.7,11.2,12.0,11.0,11.7,11.1,12.2,11.3,11.9,11.4,11.1,11.5,11.8,11.2,11.6,11.6,11.0,11.8,11.6,11.3,11.2,11.0,11.4,11.4,11.7,10.8,11.4,11.3,11.0,11.8,11.7,11.8,11.9,11.4,11.4,11.2,11.5,11.2,10.9,11.4,11.7,11.6,11.2,11.7,11.7,11.4,11.0,11.5,11.7,11.2,11.9,11.4,11.2,11.0,11.4,11.3,11.2,11.5,11.7,11.1,10.8,11.5,11.7,11.3,11.6,11.4,11.0,10.7,11.5,11.6,11.4,12.0,11.2,10.9,11.5,11.2,11.5,11.2,10.9,11.7,11.5,11.1,11.9,11.0,11.7,11.7,11.5,11.0,11.3,11.0,11.7,11.5,11.8,11.3,11.0,10.8,11.3,11.5,11.2,11.4,11.3,10.9,11.5,11.2,11.8,11.0,11.5,11.4,11.1,11.6,11.5,11.7,11.5,11.0,11.8,11.2,11.6,11.8,11.7,11.6,11.2,11.1,11.0,11.8,11.3,11.5]}},{"type":"Feature","geometry":{"type":"LineString","coordinates":[[73.1227,15.8661],[73.1384,15.8669],[73.1545,15.8681],[73.1785,15.8703],[73.1945,15.8718],[73.2187,15.8736],[73.2348,15.8748],[73.2585,15.8767],[73.2747,15.8778],[73.2986,15.8797],[73.3146,15.8806],[73.3379,15.8825],[73.3543,15.8837],[73.378,15.8853],[73.3933,15.8864],[73.4176,15.8876],[73.4336,15.8886],[73.4575,15.89],[73.4734,15.891],[73.4972,15.8935],[73.5136,15.8948],[73.537,15.8978],[73.5528,15.8992],[73.576,15.9011],[73.5919,15.9034]]},"properties":{"mmsi":997752434,"name":"SYN-CAR-04","role":"candidate","vessel_type":70,"synthetic":true,"t_offset_s":[-10455,-10215,-9975,-9615,-9375,-9015,-8775,-8415,-8175,-7815,-7575,-7215,-6975,-6615,-6375,-6015,-5775,-5415,-5175,-4815,-4575,-4215,-3975,-3615,-3375],"sog":[13.7,13.9,13.6,14.4,13.9,13.9,13.9,13.2,13.9,14.4,14.2,13.5,14.2,12.9,13.7,14.1,14.0,13.4,14.3,14.2,14.3,14.0,13.2,13.5,14.3]}},{"type":"Feature","geometry":{"type":"LineString","coordinates":[[73.9564,13.4014],[73.95,13.407],[73.9327,13.4237],[73.9211,13.4345],[73.9034,13.4515],[73.8916,13.4628],[73.8734,13.4788],[73.8606,13.4894],[73.842,13.506],[73.8299,13.5161],[73.8112,13.5323],[73.7987,13.5433],[73.7804,13.5595],[73.7682,13.5702],[73.7507,13.587],[73.7384,13.5985],[73.7205,13.615],[73.7086,13.6259],[73.6908,13.643],[73.6784,13.6543],[73.661,13.6712],[73.6488,13.6825],[73.6309,13.699],[73.619,13.7102],[73.6006,13.7269],[73.5886,13.738],[73.5701,13.7544],[73.5575,13.7648],[73.5394,13.781],[73.5271,13.7923],[73.5089,13.8083],[73.4961,13.8195],[73.4777,13.8355],[73.4657,13.8465],[73.4469,13.8628],[73.4351,13.8738],[73.4162,13.8898],[73.4044,13.9005],[73.386,13.9168],[73.3739,13.9271],[73.3553,13.9429],[73.3429,13.9535],[73.324,13.9695],[73.3112,13.9805],[73.2919,13.9963],[73.28,14.0068],[73.2607,14.0225],[73.2477,14.0337],[73.2286,14.0492],[73.216,14.0597],[73.1974,14.0751],[73.1844,14.0852],[73.1652,14.101],[73.1525,14.1111],[73.1335,14.1266],[73.1208,14.1372],[73.1016,14.153],[73.0888,14.1633],[73.0696,14.179],[73.057,14.1891],[73.0377,14.2047],[73.0248,14.2151],[73.0054,14.2309],[72.9925,14.2415],[72.9735,14.2568],[72.9608,14.2673],[72.9416,14.2828],[72.9294,14.2928],[72.9107,14.309],[72.8985,14.319],[72.8797,14.3353],[72.8675,14.3462],[72.8483,14.3623],[72.8362,14.373],[72.8169,14.3886],[72.8045,14.3994],[72.7863,14.4145],[72.7738,14.4253],[72.754,14.4416],[72.7417,14.4521],[72.7236,14.4675],[72.711,14.4784],[72.6924,14.4939],[72.6801,14.5044],[72.661,14.5201],[72.6484,14.5309],[72.63,14.5464],[72.6172,14.5571],[72.5983,14.5732],[72.5856,14.5843],[72.5672,14.6001],[72.5544,14.6107],[72.5351,14.6262],[72.5223,14.6363],[72.5027,14.6519],[72.4896,14.6619],[72.4702,14.6775],[72.4568,14.6876],[72.4374,14.7026],[72.4243,14.7131],[72.405,14.7276],[72.3922,14.7372],[72.3727,14.7523],[72.3599,14.7622],[72.3394,14.7768],[72.3268,14.786],[72.3067,14.8009],[72.2932,14.8107],[72.273,14.8245],[72.2593,14.834],[72.2393,14.8483],[72.2264,14.8575],[72.2058,14.8713],[72.1922,14.8801],[72.1719,14.8937],[72.1581,14.9024],[72.1376,14.9164],[72.1239,14.926],[72.1037,14.9405],[72.0906,14.9506],[72.0709,14.9649],[72.0576,14.9747],[72.0379,14.9893],[72.0242,14.9991],[72.004,15.0126],[71.9901,15.0226],[71.9694,15.0361],[71.9561,15.0452],[71.9358,15.0583],[71.9219,15.0676],[71.9009,15.0812],[71.8877,15.09],[71.8665,15.1032],[71.8525,15.1122],[71.8311,15.1249],[71.817,15.1331],[71.7954,15.1459],[71.7807,15.1543],[71.7587,15.1665],[71.7446,15.1747],[71.7233,15.1868],[71.7088,15.1946],[71.6863,15.2072],[71.6727,15.2158],[71.6518,15.2282],[71.6374,15.2365],[71.6158,15.2494],[71.602,15.258],[71.5805,15.2709],[71.5666,15.2798],[71.5459,15.2929],[71.5321,15.3015],[71.5113,15.3148],[71.4973,15.3232],[71.4761,15.337],[71.4621,15.3461],[71.4416,15.3601],[71.4281,15.3699],[71.4078,15.3846],[71.3945,15.3939],[71.3737,15.4078],[71.3603,15.4169],[71.3399,15.4309],[71.3259,15.4404],[71.3056,15.454],[71.2922,15.4633],[71.2714,15.4772],[71.2568,15.4867],[71.2368,15.5007],[71.2233,15.5101],[71.2032,15.5245],[71.1896,15.5341],[71.1699,15.5489],[71.1566,15.5585],[71.1359,15.5727],[71.1224,15.5825],[71.1024,15.5965],[71.0893,15.6056],[71.0696,15.6202],[71.0561,15.6293],[71.0359,15.6436],[71.0216,15.6532],[71.0022,15.6672],[70.9885,15.6767],[70.9686,15.6905],[70.9546,15.7002],[70.9342,15.7138],[70.9205,15.7227],[70.8993,15.7365],[70.8856,15.7454],[70.8654,15.759],[70.8516,15.7683],[70.8308,15.7825],[70.8171,15.7918],[70.7971,15.8054],[70.7829,15.815],[70.7626,15.8289],[70.7491,15.8383],[70.7285,15.8522],[70.7147,15.8612],[70.6942,15.8748],[70.6809,15.8835],[70.6597,15.8963],[70.6463,15.9052],[70.6256,15.9187],[70.612,15.9276],[70.592,15.9408],[70.578,15.9502],[70.5577,15.964],[70.5444,15.9733],[70.5243,15.9876],[70.511,15.9972],[70.4909,16.0118],[70.4776,16.0214],[70.4581,16.0358],[70.4449,16.0459],[70.4258,16.0606],[70.4125,16.0709],[70.3925,16.0857],[70.3795,16.0958],[70.3592,16.1099],[70.3455,16.1197],[70.3255,16.1343],[70.313,16.144],[70.2927,16.1581],[70.2793,16.1669],[70.2592,16.1811],[70.2458,16.1904],[70.2253,16.2044],[70.2116,16.2135],[70.1909,16.2274],[70.1768,16.2365],[70.1571,16.2506],[70.1435,16.2598],[70.123,16.2742],[70.1095,16.2831],[70.089,16.2972],[70.075,16.3066],[70.0546,16.3206],[70.0413,16.3299],[70.0211,16.3435],[70.0075,16.3529],[69.9872,16.3666],[69.9736,16.3759],[69.9526,16.3899],[69.9389,16.3983],[69.9182,16.4119],[69.9047,16.421],[69.8841,16.4343],[69.8706,16.4426],[69.8491,16.456],[69.8352,16.465],[69.8142,16.4781],[69.8007,16.4872],[69.7804,16.5009],[69.7672,16.5107],[69.7462,16.5251],[69.7335,16.5347],[69.7133,16.5491],[69.6997,16.5587],[69.6795,16.5726],[69.6662,16.5824],[69.6456,16.5965],[69.6322,16.6053],[69.6116,16.619],[69.598,16.6279],[69.5767,16.6421],[69.5627,16.6513],[69.542,16.6644],[69.5277,16.6735],[69.5072,16.6867],[69.4928,16.6955],[69.4721,16.7089],[69.4585,16.7177],[69.4381,16.7304],[69.4241,16.7392],[69.4037,16.7526],[69.3894,16.7611],[69.3684,16.7751],[69.3548,16.7839],[69.3343,16.7977],[69.3207,16.8069],[69.3,16.8206],[69.2867,16.8301],[69.2664,16.844],[69.2528,16.8533],[69.2326,16.8671],[69.2188,16.8762],[69.1986,16.89],[69.1848,16.8989],[69.1641,16.9124],[69.1497,16.9215],[69.1289,16.9344],[69.1149,16.943],[69.094,16.956],[69.0799,16.9642],[69.0585,16.9768],[69.0438,16.9849],[69.0219,16.9974],[69.0079,17.0055],[68.9864,17.0179],[68.9714,17.0262],[68.95,17.0379],[68.9359,17.0455],[68.9141,17.0575],[68.8994,17.0656],[68.8769,17.0771],[68.8625,17.0842],[68.8406,17.0953],[68.8254,17.1031],[68.8038,17.1137],[68.7886,17.1212],[68.7665,17.1315],[68.7525,17.1388],[68.7298,17.1494],[68.7151,17.157],[68.6927,17.1684],[68.6781,17.1769],[68.6567,17.1891],[68.6428,17.1974],[68.6211,17.2096],[68.6068,17.2178]]},"properties":{"mmsi":998249439,"name":"SYN-CAR-09","role":"candidate","vessel_type":70,"synthetic":true,"t_offset_s":[-33767,-33647,-33287,-33047,-32687,-32447,-32087,-31847,-31487,-31247,-30887,-30647,-30287,-30047,-29687,-29447,-29087,-28847,-28487,-28247,-27887,-27647,-27287,-27047,-26687,-26447,-26087,-25847,-25487,-25247,-24887,-24647,-24287,-24047,-23687,-23447,-23087,-22847,-22487,-22247,-21887,-21647,-21287,-21047,-20687,-20447,-20087,-19847,-19487,-19247,-18887,-18647,-18287,-18047,-17687,-17447,-17087,-16847,-16487,-16247,-15887,-15647,-15287,-15047,-14687,-14447,-14087,-13847,-13487,-13247,-12887,-12647,-12287,-12047,-11687,-11447,-11087,-10847,-10487,-10247,-9887,-9647,-9287,-9047,-8687,-8447,-8087,-7847,-7487,-7247,-6887,-6647,-6287,-6047,-5687,-5447,-5087,-4847,-4487,-4247,-3887,-3647,-3287,-3047,-2687,-2447,-2087,-1847,-1487,-1247,-887,-647,-287,-47,313,553,913,1153,1513,1753,2113,2353,2713,2953,3313,3553,3913,4153,4513,4753,5113,5353,5713,5953,6313,6553,6913,7153,7513,7753,8113,8353,8713,8953,9313,9553,9913,10153,10513,10753,11113,11353,11713,11953,12313,12553,12913,13153,13513,13753,14113,14353,14713,14953,15313,15553,15913,16153,16513,16753,17113,17353,17713,17953,18313,18553,18913,19153,19513,19753,20113,20353,20713,20953,21313,21553,21913,22153,22513,22753,23113,23353,23713,23953,24313,24553,24913,25153,25513,25753,26113,26353,26713,26953,27313,27553,27913,28153,28513,28753,29113,29353,29713,29953,30313,30553,30913,31153,31513,31753,32113,32353,32713,32953,33313,33553,33913,34153,34513,34753,35113,35353,35713,35953,36313,36553,36913,37153,37513,37753,38113,38353,38713,38953,39313,39553,39913,40153,40513,40753,41113,41353,41713,41953,42313,42553,42913,43153,43513,43753,44113,44353,44713,44953,45313,45553,45913,46153,46513,46753,47113,47353,47713,47953,48313,48553,48913,49153,49513,49753,50113,50353,50713,50953,51313,51553,51913,52153,52513,52753,53113,53353,53713,53953,54313,54553,54913,55153,55513,55753,56113,56353,56713,56953,57313,57553,57913,58153,58513,58753,59113,59353,59713,59953,60313,60553,60913,61153,61513,61753,62113,62353],"sog":[14.3,14.7,14.1,14.1,14.8,14.2,14.7,14.5,14.2,14.0,14.4,15.0,14.1,14.6,14.5,14.8,13.9,14.2,14.1,14.5,14.4,15.1,14.3,14.8,15.0,14.6,14.4,14.5,14.5,14.5,14.5,15.0,14.4,14.3,14.6,14.4,14.4,14.0,14.3,13.8,14.3,14.8,14.3,15.1,14.2,14.4,15.0,14.6,14.8,14.2,14.0,14.7,14.8,14.3,14.7,14.6,14.4,14.7,14.3,13.9,14.6,14.6,15.1,14.6,14.6,14.8,14.5,14.2,14.2,13.8,14.9,14.0,14.8,14.5,14.7,14.5,14.5,14.6,14.9,14.7,14.3,14.7,13.9,14.6,14.4,14.0,14.4,14.6,14.6,14.3,14.4,14.3,14.2,14.3,14.7,14.3,15.1,14.9,14.6,14.6,13.4,14.3,14.7,14.7,14.6,14.1,14.3,14.9,14.4,14.4,13.9,13.7,14.5,13.9,14.8,14.4,14.3,14.8,14.7,14.5,13.8,14.5,14.5,14.7,14.0,14.5,14.7,14.5,14.4,14.4,14.5,13.6,14.7,14.3,14.8,14.5,14.3,14.5,14.5,14.3,14.9,14.6,15.0,14.0,14.7,14.5,14.6,14.5,14.2,14.6,14.6,14.0,14.3,14.3,14.8,14.8,14.3,14.4,14.9,14.0,14.5,14.8,14.5,14.6,14.2,14.9,14.6,15.0,14.4,14.2,14.4,14.5,14.2,14.5,14.3,14.9,13.9,14.1,14.3,14.5,14.6,15.0,14.2,14.5,14.3,14.6,14.6,14.7,14.1,14.4,14.5,14.6,14.6,14.9,14.4,15.0,14.6,14.6,14.7,14.4,14.4,14.1,14.8,14.5,14.4,13.9,13.8,14.6,14.0,14.6,14.8,14.0,14.5,14.4,14.1,14.1,14.3,14.4,14.8,14.8,14.5,14.6,13.8,14.1,14.1,14.3,15.1,14.4,14.6,14.3,14.8,14.6,14.6,14.1,14.6,14.1,14.6,14.4,14.2,14.5,14.5,14.8,14.3,14.9,14.6,14.3,14.0,14.5,14.3,14.3,15.0,14.7,14.5,14.3,14.1,14.6,14.7,14.6,14.7,14.9,14.4,14.4,14.6,14.2,14.1,14.0,14.5,14.7,14.6,14.6,14.1,14.1,14.0,14.3,14.3,14.6,13.9,14.4,14.5,14.4,14.5,14.2,14.5,14.5,14.6,14.2,14.3,14.6,14.0,14.2,14.8,14.8,14.3,14.3,14.3,14.6,14.6,14.1,14.6,14.3,14.4,14.8,14.1,14.4,14.5,14.9,14.8,14.4,14.7,14.4,14.4,15.0,13.9,14.0,14.5,14.8,14.6,14.9,13.9,14.4,14.1,14.2]}},{"type":"Feature","geometry":{"type":"LineString","coordinates":[[71.8674,15.3447],[71.8622,15.3496],[71.8462,15.3644],[71.8352,15.3734],[71.8187,15.3879],[71.8081,15.3971],[71.7911,15.4109],[71.7801,15.4197],[71.7632,15.4334],[71.7524,15.4422],[71.7364,15.4551],[71.726,15.4643],[71.7095,15.4783],[71.6981,15.4877],[71.682,15.5009],[71.6711,15.5096],[71.6537,15.5232],[71.6419,15.5315],[71.6246,15.5443],[71.6131,15.5531],[71.596,15.5663],[71.5845,15.5748],[71.567,15.5872],[71.5553,15.5959],[71.5377,15.609],[71.5264,15.6184],[71.509,15.6318],[71.4981,15.6397],[71.4804,15.653],[71.4692,15.6615],[71.452,15.6753],[71.4403,15.6848],[71.4233,15.698],[71.4119,15.7072],[71.3951,15.7211],[71.3833,15.7303],[71.3664,15.7444],[71.3553,15.7536],[71.3387,15.7672],[71.3271,15.7763],[71.3107,15.7901],[71.3,15.7995],[71.2829,15.8136],[71.2715,15.823],[71.2545,15.8372],[71.2438,15.8465],[71.2269,15.8606],[71.2162,15.8693],[71.2,15.8829],[71.1887,15.8924],[71.1724,15.9067],[71.1615,15.9158],[71.1451,15.9299],[71.1341,15.9386],[71.1173,15.9527],[71.1061,15.9619],[71.0892,15.9757],[71.078,15.9846],[71.0611,15.9976],[71.0496,16.0062],[71.0321,16.0184],[71.0207,16.0275],[71.0031,16.0402],[70.9914,16.0486],[70.9734,16.0612],[70.9619,16.0696],[70.9446,16.0819],[70.9334,16.0901],[70.9157,16.1023],[70.9041,16.1107],[70.8863,16.1232],[70.8745,16.1312],[70.8572,16.1435],[70.8451,16.1516],[70.8273,16.1642],[70.8151,16.1726],[70.7974,16.1857],[70.7853,16.194],[70.7673,16.2068],[70.755,16.2148],[70.7368,16.227],[70.7245,16.2353],[70.7061,16.2468],[70.6935,16.2547],[70.6748,16.2663],[70.6625,16.2738],[70.6439,16.2851],[70.6316,16.2928],[70.6136,16.304],[70.6015,16.3117],[70.5832,16.3231],[70.571,16.3303],[70.5526,16.3419],[70.5399,16.3498],[70.5211,16.3611],[70.5089,16.3688],[70.4908,16.3802],[70.4784,16.3879],[70.4601,16.3996],[70.448,16.4075],[70.4297,16.4194],[70.4173,16.4279],[70.399,16.4402],[70.3869,16.4479],[70.3686,16.46],[70.3568,16.468],[70.3391,16.4804],[70.327,16.4886],[70.3089,16.5008],[70.2971,16.5089],[70.2792,16.5214],[70.2676,16.5293],[70.2499,16.5419],[70.2381,16.5504],[70.22,16.5625],[70.2076,16.5711],[70.1891,16.5832],[70.1772,16.5918],[70.1592,16.6048],[70.1475,16.613],[70.1302,16.6251],[70.1181,16.6336],[70.1001,16.646],[70.0886,16.6533],[70.0706,16.6659],[70.0591,16.6739],[70.041,16.6869],[70.0293,16.6954],[70.0119,16.7086],[70.0004,16.7173],[69.9826,16.7304],[69.9703,16.7391],[69.9522,16.7518],[69.9404,16.7603],[69.923,16.7724],[69.9115,16.7799],[69.8931,16.7922],[69.8815,16.7998],[69.8634,16.8122],[69.852,16.8204],[69.8341,16.8332],[69.8225,16.842],[69.805,16.8546],[69.7934,16.8639],[69.7762,16.8771],[69.7648,16.8856],[69.7478,16.8991],[69.7365,16.9081],[69.7187,16.9212],[69.7073,16.9297],[69.6896,16.9429],[69.6788,16.9514],[69.662,16.9641],[69.6504,16.9725],[69.6332,16.9853],[69.6211,16.9938],[69.6036,17.0065],[69.5917,17.0151],[69.5739,17.0278],[69.5619,17.0359],[69.5443,17.0481],[69.5325,17.0565],[69.5147,17.0686],[69.5028,17.0771],[69.4842,17.09],[69.4726,17.0984],[69.4547,17.111],[69.4428,17.1197],[69.4254,17.1323],[69.4141,17.1406],[69.3968,17.1539],[69.3856,17.1624],[69.3684,17.1756],[69.3569,17.1841],[69.3395,17.1978],[69.3283,17.2063],[69.3112,17.2195],[69.3,17.2284],[69.2833,17.2415],[69.2724,17.2506],[69.2552,17.2641],[69.2438,17.2729],[69.2266,17.286],[69.2153,17.2951],[69.1975,17.309],[69.1863,17.318],[69.1696,17.3317],[69.1583,17.3409],[69.1413,17.3539],[69.1302,17.3628],[69.1133,17.3759],[69.1017,17.3844],[69.0847,17.3969],[69.0728,17.4057],[69.0559,17.4181],[69.044,17.4269],[69.0268,17.4391],[69.0149,17.4482],[68.997,17.4607],[68.9853,17.4695],[68.9679,17.4821],[68.9566,17.4908],[68.9387,17.5041],[68.927,17.5123],[68.9089,17.5252],[68.8972,17.5342],[68.8797,17.5472],[68.8684,17.5559],[68.8513,17.5684],[68.8398,17.5769],[68.8227,17.5902],[68.8111,17.599],[68.7935,17.6129],[68.7824,17.6218],[68.7646,17.6355],[68.7528,17.6445],[68.7354,17.658],[68.7238,17.6669],[68.7069,17.68],[68.6959,17.6887],[68.6785,17.702],[68.6668,17.7108],[68.6488,17.7237],[68.6367,17.7326],[68.619,17.7449],[68.6069,17.7533]]},"properties":{"mmsi":998261103,"name":"SYN-CAR-33","role":"candidate","vessel_type":70,"synthetic":true,"t_offset_s":[-241098,-240978,-240618,-240378,-240018,-239778,-239418,-239178,-238818,-238578,-238218,-237978,-237618,-237378,-237018,-236778,-236418,-236178,-235818,-235578,-235218,-234978,-234618,-234378,-234018,-233778,-233418,-233178,-232818,-232578,-232218,-231978,-231618,-231378,-231018,-230778,-230418,-230178,-229818,-229578,-229218,-228978,-228618,-228378,-228018,-227778,-227418,-227178,-226818,-226578,-226218,-225978,-225618,-225378,-225018,-224778,-224418,-224178,-223818,-223578,-223218,-222978,-222618,-222378,-222018,-221778,-221418,-221178,-220818,-220578,-220218,-219978,-219618,-219378,-219018,-218778,-218418,-218178,-217818,-217578,-217218,-216978,-216618,-216378,-216018,-215778,-215418,-215178,-214818,-214578,-214218,-213978,-213618,-213378,-213018,-212778,-212418,-212178,-211818,-211578,-211218,-210978,-210618,-210378,-210018,-209778,-209418,-209178,-208818,-208578,-208218,-207978,-207618,-207378,-207018,-206778,-206418,-206178,-205818,-205578,-205218,-204978,-204618,-204378,-204018,-203778,-203418,-203178,-202818,-202578,-202218,-201978,-201618,-201378,-201018,-200778,-200418,-200178,-199818,-199578,-199218,-198978,-198618,-198378,-198018,-197778,-197418,-197178,-196818,-196578,-196218,-195978,-195618,-195378,-195018,-194778,-194418,-194178,-193818,-193578,-193218,-192978,-192618,-192378,-192018,-191778,-191418,-191178,-190818,-190578,-190218,-189978,-189618,-189378,-189018,-188778,-188418,-188178,-187818,-187578,-187218,-186978,-186618,-186378,-186018,-185778,-185418,-185178,-184818,-184578,-184218,-183978,-183618,-183378,-183018,-182778,-182418,-182178,-181818,-181578,-181218,-180978,-180618,-180378,-180018,-179778,-179418,-179178,-178818,-178578,-178218,-177978,-177618,-177378,-177018,-176778,-176418,-176178,-175818,-175578,-175218,-174978,-174618,-174378,-174018,-173778],"sog":[12.7,12.6,12.8,12.7,12.9,11.9,12.4,12.9,12.6,12.3,12.3,12.2,12.9,13.1,12.2,12.5,12.6,12.8,12.7,12.9,13.0,12.2,12.3,12.5,12.9,12.8,12.9,12.3,12.8,12.4,12.6,13.1,12.5,13.0,12.9,13.0,12.7,12.7,12.3,13.1,12.2,12.2,13.0,13.1,12.9,13.1,12.5,12.2,12.4,12.6,12.8,12.7,12.4,12.9,12.7,12.4,13.0,12.7,12.3,12.6,12.7,12.5,12.8,12.4,12.8,12.8,12.1,12.5,12.8,12.9,12.5,12.5,12.6,13.2,12.6,13.1,12.9,13.2,12.9,12.5,12.9,12.7,12.9,12.8,12.7,12.4,12.5,12.6,12.1,12.5,12.4,12.1,12.9,13.0,12.9,12.9,12.4,12.8,12.4,12.8,12.7,13.1,13.2,13.0,13.1,12.0,12.6,12.9,12.6,12.6,12.5,12.2,12.1,13.0,12.5,13.1,13.4,13.0,12.7,12.9,12.4,12.6,12.7,12.2,13.0,12.2,12.9,12.6,12.9,12.3,13.2,13.1,13.5,12.4,12.6,12.2,12.8,12.2,12.7,12.8,12.5,13.4,12.4,12.9,12.7,12.9,12.9,11.9,13.1,12.6,13.1,12.7,12.4,12.5,12.5,13.0,12.6,12.7,12.8,12.1,13.0,12.7,12.5,12.6,13.0,12.6,13.1,12.5,12.6,12.3,12.9,12.6,12.7,12.8,12.6,12.3,12.8,12.8,12.2,12.9,12.3,12.9,12.8,12.6,13.0,12.6,12.9,12.5,12.5,12.7,12.5,12.7,12.4,13.2,12.4,12.7,12.2,12.6,12.8,12.8,13.1,12.5,13.0,12.8,13.2,13.0,12.5,11.9,13.0,12.3,12.8,12.9,12.9,12.8,13.0,12.9,13.0,13.0,12.2,12.1,12.6,12.5,13.2,12.7,12.5,12.5]}},{"type":"Feature","geometry":{"type":"LineString","coordinates":[[72.1562,15.0839],[72.1408,15.097],[72.1307,15.1058],[72.115,15.1197],[72.1048,15.1287],[72.0894,15.1417],[72.0788,15.1512],[72.064,15.1647],[72.0543,15.1731],[72.0388,15.1868],[72.0286,15.1956],[72.0138,15.2084],[72.0036,15.2176],[71.9882,15.2313],[71.9782,15.24],[71.9629,15.2533],[71.9527,15.2623],[71.9371,15.2754],[71.9262,15.2845],[71.9107,15.2969],[71.9002,15.3058],[71.8847,15.3187],[71.8739,15.3279],[71.858,15.3404],[71.8471,15.3492],[71.8311,15.3623],[71.8204,15.371],[71.8047,15.3838],[71.7939,15.3919],[71.7777,15.4049],[71.7677,15.413],[71.7519,15.4257],[71.7411,15.4344],[71.7245,15.4469],[71.7138,15.4554],[71.6978,15.4674],[71.687,15.4755],[71.6709,15.4887],[71.6603,15.4974],[71.644,15.5103],[71.6331,15.5188],[71.6171,15.5317],[71.6063,15.5402],[71.5903,15.5528],[71.5796,15.5607],[71.5638,15.573],[71.5529,15.581],[71.5369,15.5931],[71.526,15.6021],[71.5104,15.6146],[71.4993,15.623],[71.4828,15.6355],[71.472,15.6437],[71.4561,15.656],[71.4451,15.6644],[71.4289,15.677],[71.4184,15.6852],[71.402,15.6976],[71.3908,15.7061],[71.3744,15.7181],[71.3635,15.7265],[71.3469,15.7383],[71.3362,15.7463],[71.3203,15.7585],[71.3097,15.7665],[71.2932,15.7789],[71.2829,15.787],[71.2667,15.7993],[71.2556,15.8078],[71.2398,15.8199],[71.2293,15.8282],[71.2135,15.8406],[71.2026,15.8487],[71.1865,15.8616],[71.176,15.8699],[71.1598,15.8824],[71.1492,15.8913],[71.1332,15.9042],[71.1228,15.9125],[71.1069,15.9255],[71.0968,15.9342],[71.0815,15.9476],[71.0711,15.9568],[71.0549,15.9702],[71.0446,15.9788],[71.0296,15.9924],[71.0197,16.0016],[71.0046,16.0154],[70.9947,16.0239],[70.9799,16.0372],[70.97,16.0468],[70.9549,16.0601],[70.9446,16.0693],[70.9288,16.0832],[70.9188,16.0922],[70.9036,16.105],[70.8931,16.1134],[70.8779,16.127],[70.8674,16.136],[70.851,16.1494],[70.8407,16.1582],[70.8252,16.1715],[70.8145,16.1807],[70.7989,16.1936],[70.7884,16.2021],[70.7732,16.2148],[70.7625,16.2234],[70.7472,16.2362],[70.737,16.2448],[70.7212,16.2577],[70.7108,16.2664],[70.695,16.2788],[70.6844,16.2875],[70.6688,16.2996],[70.6582,16.3074],[70.6424,16.3201],[70.6316,16.3292],[70.6156,16.3416],[70.6052,16.3495],[70.589,16.3621],[70.578,16.3708],[70.5621,16.3834],[70.5516,16.3921],[70.5353,16.4045],[70.5243,16.4133],[70.5079,16.4256],[70.4979,16.4338],[70.4814,16.4459],[70.4708,16.4538],[70.4545,16.4664],[70.4437,16.4747],[70.4272,16.4877],[70.4168,16.4964],[70.4005,16.5091],[70.3905,16.5169],[70.3745,16.5294],[70.3634,16.5373],[70.3467,16.5494],[70.3357,16.5569],[70.319,16.5691],[70.3083,16.5778],[70.2928,16.5903],[70.2825,16.5987],[70.2665,16.6113],[70.2562,16.6195],[70.2396,16.6324],[70.2289,16.6405],[70.2129,16.6529],[70.202,16.6616],[70.1861,16.6746],[70.1748,16.6834],[70.1595,16.6961],[70.1486,16.7044],[70.133,16.7174],[70.1222,16.7254],[70.1055,16.738],[70.0944,16.7462],[70.0782,16.7588],[70.0677,16.7673],[70.0516,16.7801],[70.0408,16.7883],[70.0244,16.8006],[70.0133,16.8084],[69.9965,16.821],[69.9854,16.8291],[69.9682,16.8416],[69.957,16.8497],[69.9404,16.8616],[69.9295,16.8699],[69.913,16.8813],[69.9017,16.8893],[69.8853,16.9011],[69.8744,16.909],[69.8582,16.9206],[69.8471,16.9287],[69.8309,16.9406],[69.8203,16.9486],[69.8029,16.9601],[69.7918,16.9678],[69.7747,16.98],[69.7635,16.9875],[69.7478,16.9993],[69.7371,17.0071],[69.7207,17.0197],[69.7097,17.0278],[69.6928,17.0403],[69.6817,17.0485],[69.6656,17.0602],[69.6549,17.0685],[69.6379,17.0805],[69.6269,17.0887],[69.6104,17.1008],[69.5998,17.1087],[69.5832,17.1213],[69.5729,17.1292],[69.5565,17.1417],[69.5457,17.1495],[69.5291,17.1623],[69.5185,17.1699],[69.5023,17.1824],[69.4912,17.1911],[69.4753,17.2033],[69.4651,17.2116],[69.4487,17.2243],[69.438,17.2331],[69.4216,17.245],[69.4107,17.2539],[69.3941,17.2663],[69.3836,17.2743],[69.3672,17.2868],[69.3562,17.295],[69.3402,17.3073],[69.3287,17.3156],[69.3121,17.3274],[69.3012,17.336],[69.2841,17.3476],[69.2732,17.3555],[69.2565,17.3669],[69.245,17.3752],[69.229,17.3869],[69.2181,17.3949],[69.2015,17.4068],[69.191,17.4149],[69.1743,17.4267],[69.1636,17.4348],[69.1471,17.4467],[69.1357,17.4543],[69.119,17.4663],[69.1071,17.4739],[69.0909,17.4849],[69.0799,17.4925],[69.0633,17.5041],[69.052,17.5118],[69.0352,17.5232],[69.0242,17.5304],[69.0069,17.542],[68.9954,17.5495],[68.9785,17.5611],[68.9675,17.5691],[68.9511,17.5806],[68.9403,17.5883],[68.9238,17.6003],[68.9131,17.6084],[68.8961,17.6206],[68.8848,17.629],[68.8678,17.641],[68.8568,17.6491],[68.8404,17.6606],[68.8293,17.6686],[68.8128,17.68],[68.8017,17.6882],[68.7848,17.7005],[68.7742,17.7092],[68.7578,17.7215],[68.7476,17.7297],[68.7312,17.7428],[68.7201,17.7511],[68.7043,17.7635],[68.6933,17.772],[68.6771,17.7846],[68.666,17.7936],[68.6502,17.8058],[68.6397,17.8141],[68.6235,17.8274],[68.613,17.8358],[68.5971,17.8484]]},"properties":{"mmsi":998291044,"name":"SYN-TAN-24","role":"candidate","vessel_type":80,"synthetic":true,"t_offset_s":[-106844,-106484,-106244,-105884,-105644,-105284,-105044,-104684,-104444,-104084,-103844,-103484,-103244,-102884,-102644,-102284,-102044,-101684,-101444,-101084,-100844,-100484,-100244,-99884,-99644,-99284,-99044,-98684,-98444,-98084,-97844,-97484,-97244,-96884,-96644,-96284,-96044,-95684,-95444,-95084,-94844,-94484,-94244,-93884,-93644,-93284,-93044,-92684,-92444,-92084,-91844,-91484,-91244,-90884,-90644,-90284,-90044,-89684,-89444,-89084,-88844,-88484,-88244,-87884,-87644,-87284,-87044,-86684,-86444,-86084,-85844,-85484,-85244,-84884,-84644,-84284,-84044,-83684,-83444,-83084,-82844,-82484,-82244,-81884,-81644,-81284,-81044,-80684,-80444,-80084,-79844,-79484,-79244,-78884,-78644,-78284,-78044,-77684,-77444,-77084,-76844,-76484,-76244,-75884,-75644,-75284,-75044,-74684,-74444,-74084,-73844,-73484,-73244,-72884,-72644,-72284,-72044,-71684,-71444,-71084,-70844,-70484,-70244,-69884,-69644,-69284,-69044,-68684,-68444,-68084,-67844,-67484,-67244,-66884,-66644,-66284,-66044,-65684,-65444,-65084,-64844,-64484,-64244,-63884,-63644,-63284,-63044,-62684,-62444,-62084,-61844,-61484,-61244,-60884,-60644,-60284,-60044,-59684,-59444,-59084,-58844,-58484,-58244,-57884,-57644,-57284,-57044,-56684,-56444,-56084,-55844,-55484,-55244,-54884,-54644,-54284,-54044,-53684,-53444,-53084,-52844,-52484,-52244,-51884,-51644,-51284,-51044,-50684,-50444,-50084,-49844,-49484,-49244,-48884,-48644,-48284,-48044,-47684,-47444,-47084,-46844,-46484,-46244,-45884,-45644,-45284,-45044,-44684,-44444,-44084,-43844,-43484,-43244,-42884,-42644,-42284,-42044,-41684,-41444,-41084,-40844,-40484,-40244,-39884,-39644,-39284,-39044,-38684,-38444,-38084,-37844,-37484,-37244,-36884,-36644,-36284,-36044,-35684,-35444,-35084,-34844,-34484,-34244,-33884,-33644,-33284,-33044,-32684,-32444,-32084,-31844,-31484,-31244,-30884,-30644,-30284,-30044,-29684,-29444,-29084,-28844,-28484,-28244,-27884,-27644,-27284],"sog":[12.2,11.9,11.9,11.7,11.6,12.3,11.8,11.6,11.4,11.8,11.8,11.4,11.9,12.5,11.7,12.0,11.9,12.4,12.5,11.3,12.0,12.1,11.8,12.2,11.9,12.2,12.4,12.3,11.5,12.1,11.3,12.1,12.1,12.2,11.3,12.0,12.0,12.1,12.4,11.9,11.9,12.1,11.6,12.2,11.6,11.4,12.4,11.9,12.1,12.4,11.8,12.2,12.2,11.7,12.0,11.9,11.4,12.3,12.6,12.2,12.1,11.9,11.5,11.5,12.0,12.1,11.4,11.9,12.2,11.6,11.4,11.6,12.1,11.9,12.0,12.2,12.0,12.5,11.7,12.2,12.1,12.1,12.3,12.9,12.0,12.4,12.0,11.7,11.5,12.3,12.1,11.8,12.6,12.8,11.4,11.9,12.2,12.1,12.3,12.4,11.6,12.0,12.5,11.6,12.1,12.1,11.4,12.1,11.6,12.1,11.3,12.0,12.3,11.4,11.5,11.9,12.0,11.6,11.2,12.3,12.3,11.9,12.1,12.1,12.0,11.6,11.9,11.8,11.9,11.6,11.9,12.4,12.0,12.0,11.6,11.6,11.9,11.7,12.4,12.2,11.7,11.5,11.7,11.8,11.8,12.2,11.9,12.0,12.0,12.0,11.9,11.8,11.9,11.5,12.0,12.0,11.8,12.2,11.8,11.9,11.8,11.8,12.2,12.1,12.0,12.3,12.2,11.6,12.0,11.9,11.7,12.0,12.2,11.7,11.7,11.6,11.3,12.2,12.2,11.9,11.9,11.6,11.6,11.8,12.3,12.1,11.6,11.7,12.0,12.1,12.2,12.5,11.7,11.5,11.4,12.1,12.2,11.9,12.1,11.7,12.3,12.1,12.0,12.3,12.0,12.2,12.4,12.4,11.4,12.1,11.8,12.3,12.1,12.0,12.1,12.0,12.0,11.8,12.5,11.9,12.2,11.7,12.0,11.8,11.6,11.5,12.2,12.0,12.7,11.5,12.2,11.9,12.0,11.6,11.8,12.1,12.5,11.9,12.1,11.2,11.8,11.6,12.1,12.0,12.0,12.3,12.1,11.9,11.9,11.7,12.2,11.9,11.9,11.8,12.1,12.2,12.1,12.1,12.0,12.0,12.6,12.0,11.6,12.3,11.8,11.7]}},{"type":"Feature","geometry":{"type":"LineString","coordinates":[[71.7088,15.762],[71.7097,15.7642],[71.7117,15.7654],[71.7137,15.767],[71.7169,15.7658],[71.7202,15.7633],[71.7244,15.7622],[71.7271,15.7613],[71.7273,15.7602],[71.7279,15.7573],[71.7299,15.7543],[71.7297,15.7522],[71.7323,15.7515],[71.7342,15.7539],[71.738,15.7559],[71.741,15.7563],[71.7429,15.7552],[71.7445,15.754],[71.7486,15.7534],[71.751,15.7537],[71.7542,15.7519],[71.754,15.7494],[71.754,15.7463],[71.7526,15.745],[71.7495,15.743],[71.747,15.7421],[71.7439,15.742],[71.7433,15.744],[71.7461,15.746],[71.7478,15.7468],[71.7522,15.7479],[71.7554,15.7468],[71.7581,15.7427],[71.7602,15.7425],[71.7642,15.7441],[71.766,15.7457],[71.7663,15.7472],[71.7657,15.7496],[71.7639,15.7522],[71.7631,15.7528],[71.7612,15.7547],[71.7595,15.7549],[71.7567,15.7563],[71.7541,15.756],[71.7505,15.7581],[71.7491,15.7593],[71.7484,15.7617],[71.7502,15.7649],[71.7551,15.7632],[71.7562,15.7614],[71.758,15.7572],[71.7572,15.7556],[71.7588,15.7533],[71.7597,15.7539],[71.7633,15.7539],[71.7657,15.7529],[71.7673,15.7516],[71.7681,15.7497],[71.7704,15.747],[71.7712,15.7456],[71.7723,15.7451],[71.7729,15.7442],[71.7742,15.7421],[71.7746,15.7406],[71.7776,15.7369],[71.7774,15.7356],[71.7768,15.7319],[71.7767,15.7295],[71.7782,15.7287],[71.7798,15.7273],[71.7818,15.7253],[71.7837,15.7256],[71.7862,15.7266],[71.7875,15.7283],[71.7886,15.732],[71.7875,15.7336],[71.7839,15.7365],[71.7819,15.7375],[71.7789,15.7375],[71.777,15.7373],[71.7745,15.7367],[71.7721,15.7349],[71.769,15.7312],[71.767,15.7295],[71.7631,15.7321],[71.7609,15.7325],[71.7564,15.7325],[71.7559,15.7314],[71.756,15.7295],[71.7551,15.7268],[71.755,15.7234],[71.7552,15.7219],[71.7599,15.7195],[71.7611,15.7193],[71.7649,15.7209],[71.7669,15.7209],[71.7699,15.7193],[71.772,15.7202],[71.7713,15.7226],[71.7709,15.7245],[71.7721,15.7273],[71.7735,15.7276],[71.7768,15.7268],[71.7796,15.7281],[71.7817,15.7283],[71.7849,15.7278],[71.7902,15.729],[71.7919,15.7308],[71.795,15.7313],[71.7973,15.7316],[71.801,15.7323],[71.803,15.7324],[71.8047,15.7344],[71.8075,15.735],[71.811,15.7354],[71.8128,15.7336],[71.8134,15.7306],[71.8123,15.7288],[71.8096,15.727],[71.8082,15.7278],[71.8039,15.7286],[71.802,15.7291],[71.8014,15.7307],[71.8012,15.7328],[71.8038,15.7354],[71.8062,15.7364],[71.8072,15.7377],[71.8084,15.7386],[71.8096,15.7392],[71.8098,15.7426],[71.8126,15.7457],[71.8119,15.7484],[71.8104,15.7488],[71.81,15.7483],[71.8074,15.7461],[71.8083,15.7431],[71.8079,15.7397],[71.8086,15.7372],[71.8092,15.7353],[71.8108,15.7342],[71.8119,15.7346],[71.8136,15.7364],[71.8172,15.7361],[71.8195,15.7381],[71.8227,15.7408],[71.8244,15.7407],[71.8266,15.7415],[71.8274,15.7427],[71.829,15.7469],[71.8299,15.749],[71.8321,15.7505],[71.8338,15.7507],[71.8348,15.7495],[71.836,15.7483],[71.8348,15.746],[71.8308,15.7448],[71.8286,15.7418],[71.8271,15.7416],[71.8245,15.743],[71.8216,15.7437],[71.8166,15.7442],[71.8141,15.7436],[71.8114,15.7423],[71.8109,15.7405],[71.8113,15.7372],[71.8112,15.7358],[71.8106,15.7319],[71.8112,15.7309],[71.8084,15.7291],[71.8053,15.7282],[71.8022,15.729],[71.7996,15.7292],[71.7988,15.7322],[71.8002,15.7342],[71.8016,15.736],[71.8028,15.7373],[71.8056,15.7398],[71.8094,15.7407],[71.8129,15.7432],[71.8147,15.741],[71.8162,15.7387],[71.8175,15.7358],[71.8183,15.7322],[71.8199,15.7287],[71.8209,15.7252],[71.8213,15.7249],[71.8197,15.7218],[71.8189,15.7202],[71.8191,15.7162],[71.82,15.7151],[71.8209,15.7123],[71.8199,15.7103],[71.8208,15.7084],[71.8214,15.7069],[71.8201,15.703],[71.8192,15.7001],[71.82,15.6985],[71.8207,15.6975],[71.8214,15.6948],[71.8215,15.6918],[71.82,15.6906],[71.8195,15.6894],[71.8197,15.6877],[71.8183,15.685],[71.8163,15.6815],[71.8153,15.6778],[71.8166,15.6759],[71.8181,15.6741],[71.8191,15.6733],[71.8207,15.6708],[71.8237,15.6681],[71.8255,15.6665],[71.8268,15.6616],[71.8269,15.6597],[71.8292,15.657],[71.8302,15.6547],[71.8318,15.6518],[71.8321,15.6512],[71.833,15.6474],[71.8324,15.6467],[71.8309,15.6426],[71.8292,15.6391],[71.829,15.6347],[71.8299,15.6318],[71.8328,15.6294],[71.8357,15.6304],[71.8384,15.6298],[71.841,15.6295],[71.8429,15.6301],[71.8435,15.6328],[71.845,15.6349],[71.8458,15.6365],[71.8431,15.6387],[71.8415,15.638],[71.8409,15.636],[71.8418,15.6349],[71.8446,15.6327],[71.8461,15.6306],[71.8476,15.6269],[71.8501,15.6287],[71.8532,15.6284],[71.8547,15.6261],[71.8578,15.6189],[71.8602,15.6167],[71.8647,15.6173],[71.8667,15.6195],[71.8678,15.6224],[71.8689,15.625],[71.8726,15.6266],[71.8742,15.626],[71.8775,15.6257],[71.8804,15.6262],[71.8853,15.6266],[71.8867,15.6277],[71.8877,15.6309],[71.8876,15.6339],[71.8915,15.6367],[71.8925,15.6376],[71.8969,15.6378],[71.8991,15.6382],[71.903,15.6378],[71.9037,15.6375],[71.9052,15.6364],[71.9065,15.6366],[71.9078,15.6369],[71.9109,15.6374],[71.9129,15.6391],[71.9121,15.6416],[71.9096,15.644],[71.9087,15.6442],[71.9067,15.6467],[71.9032,15.6458],[71.9008,15.6472],[71.8988,15.6475],[71.8962,15.6493],[71.8937,15.6517],[71.8923,15.655],[71.891,15.6563],[71.8872,15.658],[71.8855,15.6572],[71.8829,15.6551],[71.8834,15.6542],[71.8844,15.6504],[71.8851,15.649],[71.8897,15.6493],[71.8908,15.6517],[71.8926,15.6543],[71.8948,15.6559],[71.8977,15.6542],[71.9002,15.6532],[71.9033,15.653],[71.9059,15.6543],[71.9095,15.6549],[71.9106,15.6563],[71.9126,15.6598],[71.9154,15.6599],[71.9178,15.6581],[71.9179,15.6575],[71.9194,15.6569],[71.9204,15.6548],[71.9219,15.6525],[71.9235,15.6509],[71.9252,15.6476],[71.9251,15.6452],[71.9226,15.6405],[71.9221,15.6389],[71.9213,15.6375],[71.919,15.635],[71.9203,15.6321],[71.9216,15.632],[71.9235,15.632],[71.9258,15.6314],[71.9276,15.6302],[71.929,15.6299],[71.9315,15.6299],[71.9326,15.6288],[71.9346,15.6253],[71.935,15.6247],[71.9362,15.6207],[71.9382,15.6183],[71.9388,15.6165],[71.9413,15.6143],[71.9429,15.6111],[71.9432,15.6074],[71.942,15.6026],[71.9449,15.5985],[71.9449,15.5973],[71.9444,15.5958],[71.9402,15.5949],[71.9392,15.5951],[71.9394,15.5985],[71.9408,15.6003],[71.9407,15.6044],[71.9393,15.6076],[71.9385,15.6118],[71.9391,15.6123],[71.9397,15.6163],[71.9382,15.6196],[71.9386,15.6237],[71.9393,15.6259],[71.9394,15.6293],[71.9402,15.6312],[71.9376,15.6347],[71.9363,15.6354],[71.9349,15.6379],[71.9354,15.6395],[71.9379,15.642],[71.9409,15.6426],[71.9421,15.6417],[71.9421,15.6392],[71.9366,15.6389],[71.9337,15.6386],[71.9312,15.6388],[71.9303,15.6385],[71.9269,15.6389],[71.9261,15.6407],[71.9248,15.6418],[71.9238,15.6396],[71.9218,15.6369],[71.9224,15.6363],[71.9262,15.6372],[71.9276,15.6384],[71.9273,15.642],[71.929,15.6434],[71.9298,15.6456],[71.9285,15.6475],[71.9271,15.6502],[71.9252,15.6522],[71.9221,15.6529],[71.9202,15.6519],[71.9153,15.6517],[71.915,15.6528],[71.9128,15.6566],[71.9114,15.6582],[71.9113,15.6626],[71.9126,15.6647],[71.916,15.6666],[71.9207,15.6672],[71.9241,15.6686],[71.9266,15.6683],[71.9296,15.6668],[71.9316,15.6637],[71.9356,15.6641],[71.9384,15.6631],[71.9417,15.662],[71.9447,15.6617],[71.9483,15.6635],[71.9497,15.6644],[71.9529,15.6642],[71.9543,15.6628],[71.9577,15.6638],[71.9601,15.6656],[71.9605,15.6682],[71.9606,15.6701],[71.963,15.6724],[71.9658,15.6725],[71.9663,15.6759],[71.968,15.6772],[71.9707,15.6809],[71.9727,15.6807],[71.9745,15.6801],[71.9762,15.6785],[71.9771,15.6747],[71.9759,15.6704],[71.9762,15.6655],[71.9759,15.6631],[71.9744,15.6592],[71.9722,15.658],[71.9684,15.6557],[71.9659,15.6542],[71.9686,15.6506],[71.9705,15.6502],[71.9739,15.6475],[71.9755,15.6447],[71.9779,15.6427],[71.9792,15.643],[71.9816,15.6429],[71.9829,15.6441],[71.9879,15.6445],[71.9894,15.6444],[71.9914,15.6443],[71.9932,15.6424],[71.9959,15.641],[71.9958,15.6387],[71.9951,15.6363],[71.9926,15.6358],[71.9887,15.6362],[71.987,15.6355],[71.9857,15.6334],[71.9857,15.6321],[71.9849,15.6289],[71.9843,15.6272],[71.9841,15.6227],[71.9827,15.6206],[71.9819,15.6183],[71.9816,15.6159],[71.9799,15.6139],[71.9786,15.6126],[71.9765,15.6096],[71.9765,15.6079],[71.9779,15.6036],[71.9809,15.6025],[71.9832,15.601],[71.9859,15.5986],[71.9916,15.5978],[71.9936,15.5994],[71.9935,15.6032],[71.9917,15.605],[71.9895,15.608],[71.9862,15.608],[71.9849,15.6084],[71.9829,15.6081],[71.9791,15.61],[71.977,15.6113],[71.9743,15.6145],[71.9723,15.6164],[71.9693,15.6184],[71.968,15.6197],[71.9636,15.6221],[71.9607,15.6225],[71.9598,15.6249],[71.9602,15.6265],[71.9624,15.6284],[71.9638,15.6297],[71.9664,15.6332],[71.968,15.6351],[71.9701,15.6364],[71.9703,15.6392],[71.9711,15.6427],[71.9706,15.6457],[71.9699,15.6482],[71.9671,15.6511],[71.9668,15.6541],[71.9689,15.6568],[71.9689,15.6593],[71.9689,15.6621],[71.9696,15.6657],[71.9702,15.669],[71.9688,15.673],[71.9672,15.6762],[71.9637,15.6786],[71.9626,15.6822],[71.9644,15.6849],[71.9654,15.6862],[71.9693,15.6873],[71.9699,15.6895],[71.9721,15.6925],[71.9743,15.6931],[71.9774,15.6948],[71.98,15.6942],[71.9825,15.6914],[71.9858,15.6905],[71.9892,15.6936],[71.9913,15.6952],[71.9918,15.6975],[71.9915,15.7008],[71.9913,15.7033],[71.9901,15.7043],[71.9872,15.7062],[71.9853,15.7087],[71.9819,15.7097],[71.9802,15.7085],[71.9766,15.7066],[71.9753,15.7036],[71.973,15.7003],[71.9739,15.6986],[71.9739,15.6946],[71.9733,15.6927],[71.9759,15.6897],[71.9774,15.6894],[71.9806,15.69],[71.9818,15.6906],[71.9834,15.6948],[71.9843,15.6972],[71.9853,15.6989],[71.9865,15.7014],[71.9883,15.7045],[71.9887,15.7071],[71.9903,15.7099],[71.9894,15.7111],[71.9863,15.7126],[71.9834,15.7123],[71.9818,15.714],[71.9783,15.7156],[71.9764,15.7167],[71.9754,15.7166],[71.973,15.7143],[71.9737,15.7135],[71.9777,15.7134],[71.979,15.7142],[71.9828,15.7135],[71.9846,15.7127],[71.9853,15.7105],[71.9843,15.7092],[71.9808,15.7087],[71.9802,15.7066],[71.982,15.7046],[71.984,15.7025],[71.9874,15.7008],[71.9889,15.6984],[71.9924,15.696],[71.9937,15.696],[71.997,15.6967],[71.9973,15.6957],[71.9986,15.692],[71.9992,15.6917],[72.0044,15.6899],[72.0047,15.6884],[72.0049,15.6839],[72.0061,15.6831],[72.0093,15.6792],[72.0114,15.6779],[72.0136,15.6754],[72.0149,15.6727],[72.0179,15.6704],[72.0187,15.6689],[72.0204,15.668],[72.0206,15.6665],[72.0228,15.6631],[72.0241,15.6607],[72.0281,15.6572],[72.0294,15.6552],[72.0336,15.6521],[72.0361,15.6521],[72.0402,15.652],[72.0412,15.6519],[72.0439,15.6527],[72.0448,15.6533],[72.0474,15.6505],[72.0477,15.649],[72.0488,15.6437],[72.049,15.6431],[72.0492,15.6427],[72.0498,15.6411],[72.049,15.6369],[72.0497,15.6341],[72.0508,15.6293],[72.0499,15.6264],[72.0532,15.622],[72.0555,15.6224],[72.0587,15.624],[72.0601,15.6245],[72.0644,15.6258],[72.0664,15.6268],[72.068,15.6295],[72.0697,15.6322],[72.0734,15.636],[72.0756,15.6378],[72.0766,15.6405],[72.0763,15.642],[72.0736,15.6453],[72.0729,15.6458],[72.0728,15.6498],[72.074,15.6516],[72.0728,15.6556],[72.0698,15.6561],[72.066,15.6565],[72.0637,15.6565],[72.06,15.6587],[72.0572,15.6612],[72.0543,15.6635],[72.0539,15.6642],[72.0492,15.6664],[72.047,15.6689],[72.0432,15.671],[72.0416,15.6727],[72.0397,15.6762],[72.0385,15.6778],[72.0349,15.6804],[72.0321,15.6804],[72.0325,15.6782],[72.033,15.6753],[72.0344,15.6729],[72.0374,15.6727],[72.0389,15.6695],[72.0386,15.6679],[72.038,15.6656],[72.0366,15.6647],[72.0348,15.6631],[72.0352,15.6603],[72.0322,15.6574],[72.0308,15.6567],[72.0268,15.6546],[72.0243,15.6553],[72.0204,15.6534],[72.0187,15.6511],[72.0184,15.647],[72.018,15.6454],[72.0166,15.6414],[72.0181,15.6391],[72.0224,15.6382],[72.0235,15.6383],[72.026,15.6404],[72.0277,15.6417],[72.0288,15.6445],[72.0288,15.6456],[72.0294,15.6489],[72.0286,15.6513],[72.0284,15.6549],[72.0287,15.6577],[72.0302,15.6613],[72.0322,15.6616],[72.0354,15.6616],[72.037,15.6611],[72.0401,15.6591],[72.0403,15.6568],[72.041,15.6535],[72.0412,15.6495],[72.0412,15.6454],[72.0392,15.6437],[72.0387,15.6381],[72.0408,15.6365],[72.0438,15.6356],[72.0464,15.6365],[72.0468,15.6383],[72.0462,15.6404],[72.0452,15.6437],[72.0448,15.6456],[72.0455,15.6494],[72.0456,15.6524],[72.0465,15.6546],[72.0483,15.6576],[72.0501,15.6594],[72.0514,15.6626],[72.0531,15.664],[72.0559,15.6657],[72.0563,15.6678],[72.0576,15.6704],[72.0593,15.6736],[72.0596,15.6745],[72.0576,15.677],[72.0558,15.6797],[72.0543,15.682],[72.054,15.6828],[72.0517,15.6851],[72.0494,15.6879],[72.0478,15.6898],[72.0484,15.6926],[72.047,15.6956],[72.0444,15.6969],[72.042,15.6972],[72.0396,15.6969],[72.0334,15.6964],[72.0312,15.6946],[72.0311,15.6921],[72.0325,15.6899],[72.0367,15.6859],[72.038,15.6855],[72.042,15.6866],[72.0431,15.6894],[72.0426,15.6928],[72.0447,15.6953],[72.0484,15.6961],[72.0497,15.6968],[72.0518,15.6971],[72.0537,15.6978],[72.0572,15.6983],[72.0599,15.6966],[72.0624,15.6939],[72.0636,15.6928],[72.0635,15.6882],[72.0646,15.6855],[72.0662,15.6817],[72.0651,15.679],[72.062,15.679],[72.0597,15.6781],[72.0572,15.6763],[72.0531,15.6741],[72.052,15.6717],[72.0515,15.6687],[72.0537,15.6651],[72.0548,15.6623],[72.0523,15.6601],[72.0524,15.6603],[72.0496,15.6603],[72.0466,15.6613],[72.043,15.6625],[72.0407,15.6637],[72.0392,15.6667],[72.0399,15.6687],[72.0399,15.6716],[72.0416,15.6745],[72.0459,15.6749],[72.0478,15.6748],[72.0501,15.673],[72.0527,15.6704],[72.0535,15.6678],[72.0547,15.6653],[72.0525,15.6621],[72.0514,15.66],[72.052,15.6573],[72.0523,15.6551],[72.0528,15.6523],[72.0517,15.6495],[72.0502,15.6461],[72.0505,15.6442],[72.0523,15.6423],[72.0525,15.6433],[72.0517,15.6456],[72.0522,15.648],[72.0545,15.6512],[72.0572,15.6518],[72.0604,15.6524],[72.0622,15.6515],[72.0666,15.6512],[72.0687,15.6503],[72.0699,15.6489],[72.0706,15.6468],[72.0745,15.6451],[72.0757,15.6453],[72.0797,15.6474],[72.0811,15.6475],[72.0858,15.646],[72.0876,15.6474],[72.0888,15.6492],[72.0909,15.6496],[72.0955,15.6498],[72.0977,15.6495],[72.1004,15.6494],[72.1031,15.6473],[72.1067,15.6493],[72.1084,15.6517],[72.1091,15.6538],[72.1107,15.6555],[72.1114,15.6587],[72.115,15.6593],[72.1183,15.66],[72.12,15.6612],[72.1219,15.663],[72.121,15.6647],[72.1194,15.667],[72.1201,15.6696],[72.1221,15.6727],[72.1223,15.6741],[72.1241,15.6758],[72.1264,15.6769],[72.1278,15.6797],[72.1295,15.6812],[72.1318,15.6851],[72.1319,15.6879],[72.1338,15.69],[72.1356,15.6898],[72.1401,15.6919],[72.1431,15.6937],[72.1471,15.6949],[72.1491,15.6962],[72.1499,15.6995],[72.1508,15.7018],[72.1512,15.7059],[72.154,15.7074],[72.1574,15.7092],[72.1595,15.7099],[72.1617,15.7126],[72.1627,15.7145],[72.1646,15.7181],[72.1652,15.7202],[72.1639,15.7212],[72.1626,15.7224],[72.1598,15.7225],[72.1559,15.7213],[72.1514,15.7212],[72.1483,15.7204],[72.147,15.7184],[72.1463,15.7162],[72.1458,15.7145],[72.1447,15.7115],[72.1418,15.7083],[72.1398,15.7083],[72.1379,15.7119],[72.1377,15.7138],[72.1369,15.7163],[72.1373,15.72],[72.1359,15.7247],[72.1353,15.7269],[72.1311,15.7301],[72.1297,15.7309],[72.1284,15.7343],[72.1283,15.7354],[72.1286,15.738],[72.1294,15.7393],[72.1292,15.7411],[72.1264,15.7425],[72.1234,15.7438],[72.1202,15.746],[72.1194,15.7485],[72.1192,15.7496],[72.1185,15.7535],[72.1178,15.7547],[72.1143,15.7556],[72.1122,15.7557],[72.1089,15.7577],[72.1074,15.758],[72.1053,15.7564],[72.1022,15.7552],[72.0993,15.7548],[72.0967,15.7525],[72.0942,15.7508],[72.0917,15.751],[72.0903,15.7536],[72.0896,15.7549],[72.0912,15.7595],[72.0905,15.7615],[72.0898,15.7646],[72.0874,15.7677],[72.0857,15.7696],[72.0831,15.7712],[72.0813,15.7708],[72.0804,15.77],[72.0783,15.7674],[72.0791,15.7667],[72.0793,15.7635],[72.0809,15.7603],[72.0804,15.7572],[72.0791,15.7573],[72.0754,15.757],[72.0719,15.7563],[72.0687,15.7558],[72.0674,15.7537],[72.0689,15.7507],[72.0699,15.7481],[72.0722,15.7484],[72.0733,15.7493],[72.0757,15.7541],[72.0759,15.7553],[72.0783,15.758],[72.0804,15.7608],[72.0825,15.7652],[72.084,15.7673],[72.0827,15.7698],[72.0818,15.7724],[72.0812,15.7768],[72.081,15.7771],[72.0789,15.7792],[72.0765,15.7806],[72.0729,15.7818],[72.0714,15.7817],[72.0701,15.7809],[72.0681,15.78],[72.0657,15.7789],[72.0631,15.7777],[72.0611,15.7763],[72.0599,15.7764],[72.0587,15.7738],[72.0568,15.7712],[72.0557,15.7687],[72.0557,15.7663],[72.0551,15.7645],[72.0535,15.763],[72.05,15.763],[72.0468,15.7615],[72.0432,15.7585],[72.0437,15.7576],[72.0449,15.7532],[72.044,15.7514],[72.0417,15.7482],[72.0394,15.7464],[72.0368,15.7429],[72.035,15.7412],[72.0321,15.7395],[72.0288,15.7391],[72.0256,15.7436],[72.0257,15.7452],[72.0276,15.7468],[72.0306,15.7467],[72.0324,15.7459],[72.0356,15.7441],[72.0385,15.744],[72.0393,15.7454],[72.041,15.7482],[72.043,15.7499],[72.0442,15.7523],[72.0455,15.7551],[72.0493,15.7553],[72.0522,15.755],[72.0556,15.7569],[72.0567,15.758],[72.0592,15.7584],[72.0613,15.7582],[72.0647,15.7571],[72.0673,15.7589],[72.0706,15.7563],[72.0703,15.7539],[72.068,15.7526],[72.0672,15.7504],[72.0653,15.7464],[72.0617,15.7443],[72.0581,15.7425],[72.0555,15.743],[72.0534,15.7446],[72.0515,15.744],[72.049,15.7427],[72.0471,15.7416],[72.0426,15.7403],[72.0419,15.7408],[72.0421,15.7428],[72.0439,15.7448],[72.0469,15.7472],[72.0493,15.7471],[72.0525,15.7477],[72.0552,15.7479],[72.0571,15.7487],[72.0592,15.7471],[72.0622,15.7455],[72.0648,15.7453],[72.0688,15.7452],[72.071,15.7461],[72.0724,15.7481],[72.0722,15.7484],[72.073,15.7517],[72.0744,15.7502],[72.0758,15.7476],[72.0757,15.7449],[72.0728,15.7412],[72.0706,15.7414],[72.0688,15.7422],[72.0683,15.7436],[72.0712,15.7467],[72.071,15.7498],[72.0717,15.7534],[72.0729,15.7554],[72.0748,15.7567],[72.0763,15.7559],[72.0797,15.7585],[72.0805,15.7609],[72.0841,15.7635],[72.087,15.7636],[72.0903,15.7631],[72.092,15.7628],[72.0959,15.7648],[72.0968,15.7668],[72.0987,15.7694],[72.1008,15.77],[72.1029,15.7671],[72.104,15.765],[72.1059,15.7626],[72.1071,15.7609],[72.1089,15.7562],[72.1102,15.7551],[72.1111,15.7523],[72.1107,15.7509],[72.1114,15.7467],[72.1124,15.7429],[72.1111,15.7393],[72.1097,15.7367],[72.1135,15.7368],[72.1161,15.7348],[72.1209,15.733],[72.1242,15.7328],[72.1261,15.7326],[72.1283,15.733],[72.1312,15.7344],[72.1322,15.7357],[72.1321,15.7387],[72.1319,15.742],[72.1311,15.7449],[72.1306,15.7481],[72.1285,15.7477],[72.1289,15.7457],[72.1297,15.7413],[72.1305,15.7403],[72.1311,15.7375],[72.1318,15.7339],[72.1321,15.7294],[72.1307,15.728],[72.1308,15.725],[72.133,15.7234],[72.1356,15.7213],[72.1379,15.7202],[72.1411,15.7175],[72.1435,15.7177],[72.1482,15.7162],[72.1513,15.7142],[72.154,15.7132],[72.1557,15.7156],[72.1565,15.7187],[72.1564,15.7218],[72.1555,15.724],[72.1555,15.7268],[72.1579,15.7289],[72.161,15.7315],[72.1641,15.7334],[72.1662,15.7354],[72.1682,15.7383],[72.1702,15.7384],[72.1756,15.7385],[72.1787,15.7383],[72.1807,15.7386],[72.1828,15.7366],[72.1843,15.7338],[72.1873,15.7333],[72.1876,15.7363],[72.1868,15.7377],[72.1868,15.7404],[72.1869,15.7438],[72.1861,15.7483],[72.185,15.749],[72.1839,15.7512],[72.1836,15.7532],[72.1849,15.757],[72.1883,15.7583],[72.1904,15.7594],[72.1921,15.7622],[72.1939,15.7644],[72.1958,15.7649],[72.198,15.7679],[72.1966,15.7702],[72.1935,15.7713],[72.191,15.7719],[72.1888,15.7708],[72.1883,15.7696],[72.1861,15.7663],[72.1829,15.765],[72.181,15.766],[72.1793,15.7656],[72.1767,15.7644],[72.1751,15.7634],[72.173,15.7635],[72.1712,15.7633],[72.1691,15.7635],[72.1672,15.7639],[72.1645,15.7625],[72.1619,15.7608],[72.1601,15.7582],[72.1604,15.7542],[72.1631,15.7526],[72.164,15.7495],[72.1638,15.7473],[72.1637,15.7468],[72.165,15.7439],[72.164,15.7416],[72.1615,15.74],[72.1592,15.7382],[72.1562,15.736],[72.1526,15.7361],[72.1498,15.7374],[72.1466,15.7367],[72.1439,15.7376],[72.1419,15.7371],[72.1397,15.7375],[72.1375,15.7373],[72.135,15.7381],[72.1325,15.7402],[72.1294,15.7418],[72.1271,15.7422],[72.1228,15.7435],[72.1212,15.7451],[72.1198,15.7472],[72.12,15.7496],[72.118,15.7519],[72.1173,15.7542],[72.118,15.7557],[72.1167,15.7595],[72.115,15.7632],[72.1168,15.7651],[72.1182,15.7697],[72.1193,15.772],[72.1209,15.7739],[72.1239,15.776],[72.1263,15.7777],[72.1254,15.7805],[72.1239,15.7836],[72.1219,15.7863],[72.1182,15.7856],[72.1173,15.784],[72.1154,15.7812],[72.1134,15.7789],[72.1083,15.7793],[72.1061,15.7809],[72.1031,15.7825],[72.1012,15.7834],[72.0992,15.784],[72.0969,15.7856],[72.0946,15.7857],[72.0932,15.7835],[72.095,15.7812],[72.0963,15.7823],[72.0991,15.7828],[72.1013,15.7827],[72.105,15.7813],[72.1063,15.7831],[72.1093,15.784],[72.111,15.7818],[72.1128,15.7801],[72.1137,15.7802],[72.1176,15.7815],[72.1184,15.7831],[72.1181,15.7846],[72.1179,15.7865],[72.1184,15.789],[72.1184,15.7904],[72.1209,15.7937],[72.1228,15.7957],[72.1253,15.7979],[72.1244,15.799],[72.1234,15.8028],[72.1248,15.8056],[72.1279,15.8087],[72.1308,15.8102],[72.1327,15.8107],[72.1352,15.8117],[72.1367,15.8135],[72.137,15.8158],[72.1363,15.8184],[72.1362,15.8205],[72.1397,15.8191],[72.1409,15.8171],[72.1438,15.8162],[72.1466,15.8145],[72.1496,15.8143],[72.1505,15.8132],[72.1517,15.8103],[72.1517,15.8079],[72.1496,15.8041]]},"properties":{"mmsi":998513475,"name":"SYN-FSH-04","role":"background","vessel_type":30,"synthetic":true,"t_offset_s":[-259200,-258960,-258600,-258360,-258000,-257760,-257400,-257160,-256800,-256560,-256200,-255960,-255600,-255360,-255000,-254760,-254400,-254160,-253800,-253560,-253200,-252960,-252600,-252360,-252000,-251760,-251400,-251160,-250800,-250560,-250200,-249960,-249600,-249360,-249000,-248760,-248400,-248160,-247800,-247560,-247200,-246960,-246600,-246360,-246000,-245760,-245400,-245160,-244800,-244560,-244200,-243960,-243600,-243360,-243000,-242760,-242400,-242160,-241800,-241560,-241200,-240960,-240600,-240360,-240000,-239760,-239400,-239160,-238800,-238560,-238200,-237960,-237600,-237360,-237000,-236760,-236400,-236160,-235800,-235560,-235200,-234960,-234600,-234360,-234000,-233760,-233400,-233160,-232800,-232560,-232200,-231960,-231600,-231360,-231000,-230760,-230400,-230160,-229800,-229560,-229200,-228960,-228600,-228360,-228000,-227760,-227400,-227160,-226800,-226560,-226200,-225960,-225600,-225360,-225000,-224760,-224400,-224160,-223800,-223560,-223200,-222960,-222600,-222360,-222000,-221760,-221400,-221160,-220800,-220560,-220200,-219960,-219600,-219360,-219000,-218760,-218400,-218160,-217800,-217560,-217200,-216960,-216600,-216360,-216000,-215760,-215400,-215160,-214800,-214560,-214200,-213960,-213600,-213360,-213000,-212760,-212400,-212160,-211800,-211560,-211200,-210960,-210600,-210360,-210000,-209760,-209400,-209160,-208800,-208560,-208200,-207960,-207600,-207360,-207000,-206760,-206400,-206160,-205800,-205560,-205200,-204960,-204600,-204360,-204000,-203760,-203400,-203160,-202800,-202560,-202200,-201960,-201600,-201360,-201000,-200760,-200400,-200160,-199800,-199560,-199200,-198960,-198600,-198360,-198000,-197760,-197400,-197160,-196800,-196560,-196200,-195960,-195600,-195360,-195000,-194760,-194400,-194160,-193800,-193560,-193200,-192960,-192600,-192360,-192000,-191760,-191400,-191160,-190800,-190560,-190200,-189960,-189600,-189360,-189000,-188760,-188400,-188160,-187800,-187560,-187200,-186960,-186600,-186360,-186000,-185760,-185400,-185160,-184800,-184560,-184200,-183960,-183600,-183360,-183000,-182760,-182400,-182160,-181800,-181560,-181200,-180960,-180600,-180360,-180000,-179760,-179400,-179160,-178800,-178560,-178200,-177960,-177600,-177360,-177000,-176760,-176400,-176160,-175800,-175560,-175200,-174960,-174600,-174360,-174000,-173760,-173400,-173160,-172800,-172560,-172200,-171960,-171600,-171360,-171000,-170760,-170400,-170160,-169800,-169560,-169200,-168960,-168600,-168360,-168000,-167760,-167400,-167160,-166800,-166560,-166200,-165960,-165600,-165360,-165000,-164760,-164400,-164160,-163800,-163560,-163200,-162960,-162600,-162360,-162000,-161760,-161400,-161160,-160800,-160560,-160200,-159960,-159600,-159360,-159000,-158760,-158400,-158160,-157800,-157560,-157200,-156960,-156600,-156360,-156000,-155760,-155400,-155160,-154800,-154560,-154200,-153960,-153600,-153360,-153000,-152760,-152400,-152160,-151800,-151560,-151200,-150960,-150600,-150360,-150000,-149760,-149400,-149160,-148800,-148560,-148200,-147960,-147600,-147360,-147000,-146760,-146400,-146160,-145800,-145560,-145200,-144960,-144600,-144360,-144000,-143760,-143400,-143160,-142800,-142560,-142200,-141960,-141600,-141360,-141000,-140760,-140400,-140160,-139800,-139560,-139200,-138960,-138600,-138360,-138000,-137760,-137400,-137160,-136800,-136560,-136200,-135960,-135600,-135360,-135000,-134760,-134400,-134160,-133800,-133560,-133200,-132960,-132600,-132360,-132000,-131760,-131400,-131160,-130800,-130560,-130200,-129960,-129600,-129360,-129000,-128760,-128400,-128160,-127800,-127560,-127200,-126960,-126600,-126360,-126000,-125760,-125400,-125160,-124800,-124560,-124200,-123960,-123600,-123360,-123000,-122760,-122400,-122160,-121800,-121560,-121200,-120960,-120600,-120360,-120000,-119760,-119400,-119160,-118800,-118560,-118200,-117960,-117600,-117360,-117000,-116760,-116400,-116160,-115800,-115560,-115200,-114960,-114600,-114360,-114000,-113760,-113400,-113160,-112800,-112560,-112200,-111960,-111600,-111360,-111000,-110760,-110400,-110160,-109800,-109560,-109200,-108960,-108600,-108360,-108000,-107760,-107400,-107160,-106800,-106560,-106200,-105960,-105600,-105360,-105000,-104760,-104400,-104160,-103800,-103560,-103200,-102960,-102600,-102360,-102000,-101760,-101400,-101160,-100800,-100560,-100200,-99960,-99600,-99360,-99000,-98760,-98400,-98160,-97800,-97560,-97200,-96960,-96600,-96360,-96000,-95760,-95400,-95160,-94800,-94560,-94200,-93960,-93600,-93360,-93000,-92760,-92400,-92160,-91800,-91560,-91200,-90960,-90600,-90360,-90000,-89760,-89400,-89160,-88800,-88560,-88200,-87960,-87600,-87360,-87000,-86760,-86400,-86160,-85800,-85560,-85200,-84960,-84600,-84360,-84000,-83760,-83400,-83160,-82800,-82560,-82200,-81960,-81600,-81360,-81000,-80760,-80400,-80160,-79800,-79560,-79200,-78960,-78600,-78360,-78000,-77760,-77400,-77160,-76800,-76560,-76200,-75960,-75600,-75360,-75000,-74760,-74400,-74160,-73800,-73560,-73200,-72960,-72600,-72360,-72000,-71760,-71400,-71160,-70800,-70560,-70200,-69960,-69600,-69360,-69000,-68760,-68400,-68160,-67800,-67560,-67200,-66960,-66600,-66360,-66000,-65760,-65400,-65160,-64800,-64560,-64200,-63960,-63600,-63360,-63000,-62760,-62400,-62160,-61800,-61560,-61200,-60960,-60600,-60360,-60000,-59760,-59400,-59160,-58800,-58560,-58200,-57960,-57600,-57360,-57000,-56760,-56400,-56160,-55800,-55560,-55200,-54960,-54600,-54360,-54000,-53760,-53400,-53160,-52800,-52560,-52200,-51960,-51600,-51360,-51000,-50760,-50400,-50160,-49800,-49560,-49200,-48960,-48600,-48360,-48000,-47760,-47400,-47160,-46800,-46560,-46200,-45960,-45600,-45360,-45000,-44760,-44400,-44160,-43800,-43560,-43200,-42960,-42600,-42360,-42000,-41760,-41400,-41160,-40800,-40560,-40200,-39960,-39600,-39360,-39000,-38760,-38400,-38160,-37800,-37560,-37200,-36960,-36600,-36360,-36000,-35760,-35400,-35160,-34800,-34560,-34200,-33960,-33600,-33360,-33000,-32760,-32400,-32160,-31800,-31560,-31200,-30960,-30600,-30360,-30000,-29760,-29400,-29160,-28800,-28560,-28200,-27960,-27600,-27360,-27000,-26760,-26400,-26160,-25800,-25560,-25200,-24960,-24600,-24360,-24000,-23760,-23400,-23160,-22800,-22560,-22200,-21960,-21600,-21360,-21000,-20760,-20400,-20160,-19800,-19560,-19200,-18960,-18600,-18360,-18000,-17760,-17400,-17160,-16800,-16560,-16200,-15960,-15600,-15360,-15000,-14760,-14400,-14160,-13800,-13560,-13200,-12960,-12600,-12360,-12000,-11760,-11400,-11160,-10800,-10560,-10200,-9960,-9600,-9360,-9000,-8760,-8400,-8160,-7800,-7560,-7200,-6960,-6600,-6360,-6000,-5760,-5400,-5160,-4800,-4560,-4200,-3960,-3600,-3360,-3000,-2760,-2400,-2160,-1800,-1560,-1200,-960,-600,-360,0,240,600,840,1200,1440,1800,2040,2400,2640,3000,3240,3600,3840,4200,4440,4800,5040,5400,5640,6000,6240,6600,6840,7200,7440,7800,8040,8400,8640,9000,9240,9600,9840,10200,10440,10800,11040,11400,11640,12000,12240,12600,12840,13200,13440,13800,14040,14400,14640,15000,15240,15600,15840,16200,16440,16800,17040,17400,17640,18000,18240,18600,18840,19200,19440,19800,20040,20400,20640,21000,21240,21600,21840,22200,22440,22800,23040,23400,23640,24000,24240,24600,24840,25200,25440,25800,26040,26400,26640,27000,27240,27600,27840,28200,28440,28800,29040,29400,29640,30000,30240,30600,30840,31200,31440,31800,32040,32400,32640,33000,33240,33600,33840,34200,34440,34800,35040,35400,35640,36000,36240,36600,36840,37200,37440,37800,38040,38400,38640,39000,39240,39600,39840,40200,40440,40800,41040,41400,41640,42000,42240,42600,42840,43200,43440,43800,44040,44400,44640,45000,45240,45600,45840,46200,46440,46800,47040,47400,47640,48000,48240,48600,48840,49200,49440,49800,50040,50400,50640,51000,51240,51600,51840,52200,52440,52800,53040,53400,53640,54000,54240,54600,54840,55200,55440,55800,56040,56400,56640,57000,57240,57600,57840,58200,58440,58800,59040,59400,59640,60000,60240,60600,60840,61200,61440,61800,62040,62400,62640,63000,63240,63600,63840,64200,64440,64800,65040,65400,65640,66000,66240,66600,66840,67200,67440,67800,68040,68400,68640,69000,69240,69600,69840,70200,70440,70800,71040,71400,71640,72000,72240,72600,72840,73200,73440,73800,74040,74400,74640,75000,75240,75600,75840,76200,76440,76800,77040,77400,77640,78000,78240,78600,78840,79200,79440,79800,80040,80400,80640,81000,81240,81600,81840,82200,82440,82800,83040,83400,83640,84000,84240,84600,84840,85200,85440,85800,86040,86400],"sog":[0.3,2.1,2.5,2.6,0.9,2.8,2.7,2.4,0.3,1.0,2.9,1.6,3.0,3.8,2.5,1.7,1.5,0.9,2.2,2.2,3.3,2.5,1.6,3.3,3.0,1.7,1.5,2.8,4.1,1.9,2.9,3.8,4.0,2.6,1.6,1.7,1.8,2.2,3.3,0.5,2.0,1.7,1.4,2.9,1.2,2.6,1.1,2.5,3.2,2.6,1.4,0.3,0.8,0.3,2.8,1.6,1.2,2.3,0.8,1.7,1.1,1.5,0.5,1.5,2.8,1.1,3.2,2.6,1.8,1.3,2.2,2.9,1.5,2.0,1.1,1.5,2.0,1.7,1.4,2.4,2.2,2.3,2.1,2.0,3.2,2.8,2.6,2.2,0.7,1.8,2.0,1.4,3.5,1.7,1.6,2.3,1.4,2.1,0.7,2.0,2.5,2.4,3.0,2.3,1.3,2.2,4.3,3.2,1.6,1.7,1.8,0.6,1.7,1.6,2.8,2.7,2.7,1.2,3.0,0.4,2.6,2.3,1.5,0.6,3.5,2.0,1.6,0.7,0.8,2.8,3.3,3.0,0.8,0.4,1.7,3.1,3.2,3.0,1.1,1.4,0.3,3.7,1.9,1.3,2.3,1.4,0.7,1.1,4.3,0.7,4.0,1.3,0.3,1.2,2.2,2.8,1.7,1.3,1.8,3.3,2.8,2.9,3.2,2.4,1.1,1.7,2.3,0.6,1.4,3.0,1.6,0.3,1.9,2.4,1.2,0.8,2.0,3.7,0.3,3.4,1.6,2.3,3.8,3.4,1.3,1.2,2.6,1.9,2.1,1.4,1.7,1.3,0.5,1.2,2.7,2.1,1.5,1.3,2.4,2.7,0.8,1.3,1.7,3.6,3.1,4.4,1.7,2.2,0.4,2.2,2.3,2.9,3.9,1.7,3.0,2.1,2.6,0.9,3.0,0.3,4.4,2.6,1.8,3.9,3.7,1.5,1.9,2.7,0.3,2.3,3.3,0.3,0.9,1.5,1.8,2.3,1.2,1.0,1.4,1.6,1.7,3.1,5.5,2.4,2.1,3.0,1.7,2.9,2.8,1.9,1.4,3.5,3.2,1.2,3.4,2.3,2.8,2.4,2.3,1.2,1.7,1.0,2.3,1.0,0.3,3.0,1.0,3.7,2.7,1.5,2.4,4.0,1.7,2.8,1.9,2.0,3.4,2.0,3.2,1.7,0.3,0.9,2.5,2.8,2.9,3.2,1.5,1.3,1.7,4.0,1.6,2.4,2.7,0.8,2.6,1.1,2.4,0.7,0.5,1.4,3.1,3.7,1.6,2.2,2.0,1.3,0.3,1.7,1.7,0.9,2.1,3.7,2.1,0.3,2.2,3.1,1.4,1.1,2.9,4.0,0.4,3.5,0.3,3.6,3.5,5.1,1.0,1.0,1.8,1.5,2.7,0.3,4.0,2.2,2.6,1.3,1.9,4.0,2.1,2.6,2.3,0.9,1.4,1.9,3.6,2.2,2.2,1.7,1.3,3.1,4.0,2.4,1.6,1.0,2.9,1.9,1.6,2.7,1.4,0.3,2.9,1.9,2.2,2.1,2.1,2.5,1.6,2.5,0.6,1.8,3.5,1.5,1.9,2.1,2.0,2.6,3.0,4.8,3.4,1.3,3.4,2.8,4.0,3.6,2.7,2.5,1.0,2.2,1.3,1.2,1.1,2.3,3.1,1.9,2.5,1.4,2.9,2.3,3.5,0.8,1.3,1.8,2.9,3.3,2.2,2.0,3.8,3.6,2.6,2.7,2.5,0.6,2.0,3.6,2.1,0.9,1.8,0.9,4.8,1.7,0.8,1.2,2.0,2.2,1.4,3.8,2.0,1.2,1.8,0.3,1.6,1.4,2.2,2.6,0.3,2.2,1.2,2.4,2.0,1.3,3.2,2.1,2.0,3.5,3.0,2.7,2.2,1.7,2.1,2.4,0.8,1.3,1.8,2.7,1.5,3.6,1.8,2.8,2.6,2.8,2.1,1.1,1.5,2.4,2.9,2.1,0.9,3.1,0.8,3.1,1.0,1.7,1.4,2.4,2.4,3.0,2.8,2.6,3.5,3.6,2.7,3.1,3.1,1.9,3.1,1.9,2.9,0.9,2.5,2.0,1.4,3.0,4.1,3.4,0.9,3.2,0.6,1.6,2.2,4.1,2.1,2.4,3.5,3.3,1.4,1.4,2.8,2.6,2.4,2.0,2.3,0.6,3.7,2.8,0.3,1.2,1.9,2.7,2.8,1.3,2.9,2.7,1.3,2.9,2.2,0.3,2.6,2.2,4.6,0.3,2.5,0.7,1.1,0.7,1.4,2.7,1.9,2.4,3.6,2.7,2.8,1.0,2.3,0.9,2.1,1.4,4.2,1.4,2.5,2.3,2.2,3.2,1.9,2.0,2.9,1.8,1.9,1.9,2.7,2.4,3.8,2.4,3.0,4.3,1.2,1.5,2.8,0.3,2.6,2.0,5.2,1.1,0.5,1.0,0.5,2.3,3.3,3.1,3.6,1.0,2.6,0.9,4.1,2.8,1.6,2.6,3.3,2.9,1.6,2.8,2.8,1.7,1.8,0.8,3.5,2.2,2.3,2.2,4.2,3.7,1.6,0.6,2.1,3.5,2.8,3.2,3.1,3.1,2.2,2.6,3.6,1.5,2.0,3.0,2.4,2.1,1.0,1.1,2.5,1.9,2.4,1.4,3.4,2.9,3.4,1.9,2.7,2.5,3.7,1.5,3.7,0.5,2.1,1.4,1.7,1.3,2.0,1.3,1.3,1.8,0.8,3.1,1.0,2.2,1.7,1.9,3.1,4.7,2.5,3.3,3.5,1.7,1.9,3.9,2.0,3.3,0.9,2.9,3.3,3.0,2.2,2.2,0.6,3.1,2.3,1.8,1.9,2.3,3.0,1.8,2.4,2.8,1.3,0.3,1.4,2.8,1.5,2.9,1.6,1.9,0.3,3.4,4.7,3.1,1.6,1.5,4.4,1.1,3.0,2.2,2.6,2.1,0.4,1.0,1.0,1.0,2.5,1.2,0.3,1.1,1.7,2.9,3.9,4.1,3.2,2.8,2.9,4.8,0.8,2.7,3.5,1.9,2.3,0.3,1.3,2.5,1.4,4.0,2.2,2.1,0.3,2.7,3.6,1.5,1.0,2.9,3.8,1.7,3.2,3.0,1.4,2.0,2.6,2.2,1.3,0.9,0.7,1.5,1.8,3.0,1.6,1.7,0.7,3.2,2.6,2.8,1.9,0.4,3.9,0.4,2.7,0.7,3.0,1.1,0.9,1.3,2.5,1.2,0.9,2.4,3.5,3.9,1.0,1.4,2.8,3.9,1.8,2.8,1.1,2.0,1.4,2.8,1.7,1.1,1.9,2.9,2.3,1.4,4.4,2.7,0.3,1.8,1.5,3.3,2.5,1.2,1.2,2.5,3.1,2.8,2.3,1.8,3.0,1.8,0.7,1.2,1.7,1.9,2.4,2.2,2.1,1.1,2.3,0.9,2.1,1.5,2.9,2.0,3.7,1.0,2.2,2.1,3.2,1.6,2.2,0.3,3.1,0.8,0.3,2.4,1.4,3.6,1.3,3.7,1.9,1.4,2.6,2.0,2.0,0.7,2.2,1.1,0.5,3.5,1.3,2.8,2.8,1.1,2.6,1.2,1.8,2.1,1.6,2.2,1.2,2.4,1.2,0.3,1.6,1.5,1.9,1.5,2.8,1.6,2.6,3.1,0.3,1.3,2.8,1.1,0.5,2.0,3.9,1.5,1.6,3.8,3.1,0.3,1.6,2.1,2.0,0.8,2.6,2.7,2.2,1.8,1.0,2.1,1.1,3.2,0.4,1.2,1.7,2.8,0.5,1.6,0.3,1.5,1.2,4.0,2.7,0.9,2.9,1.7,2.2,1.8,2.5,1.7,2.4,3.2,2.8,0.7,2.6,2.4,1.0,3.6,4.0,1.1,1.3,2.1,2.1,3.1,3.2,2.7,2.5,2.4,1.6,2.0,4.0,1.7,3.0,2.3,1.0,2.8,2.7,4.1,3.1,1.8,2.8,3.2,1.2,1.5,2.6,0.3,1.2,3.7,1.9,2.2,2.1,1.6,2.0,1.6,3.0,1.0,2.2,1.8,1.6,0.3,2.0,1.0,1.8,1.7,2.0,1.5,2.2,1.9,3.7,3.6,2.9,3.0,1.0,0.3,1.6,3.0,3.5,2.3,1.9,1.7,2.2,1.7,0.5,2.4,1.7,1.8,2.7,2.7,2.6,2.6,1.4,1.5,2.0,4.0,2.4,0.3,1.4,4.1,2.4,2.9,0.3,1.4,1.1,1.3,4.0,2.9,2.5,3.3,1.3,1.9,3.3,1.2,0.3,4.1,3.6,0.8,1.6,3.1,2.2,1.9,2.4,2.3,2.8,2.5,1.9,2.4,0.6,2.5,1.9,2.7,4.0,3.3,1.3,3.5,1.4,2.0,3.5,1.8,1.4,2.3,2.2,3.9,3.2,1.7,1.7,2.5,1.9,2.6,1.6,1.1,2.0,2.7,1.2,3.9,2.5,2.7,2.3,2.8,2.0,1.3,1.3,1.8,1.9,3.2,1.5,1.9,1.2,0.7,1.0,2.2,0.4,1.0,3.5,2.5,1.0,3.8,2.3,3.7,1.3,0.3,1.8,1.8,1.1,3.8,0.3,3.6,1.2,2.9,0.9,1.8,0.9,1.8,0.3,3.1,2.5,1.1,2.4,2.8,0.9,2.5,3.1,1.8,0.5,4.9,2.7,1.9,2.6,2.0,0.8,3.4,0.9,1.7,2.9,3.8,2.2,0.6,2.6,3.5,3.8,2.5,3.1,2.7,1.6,2.5,0.3,1.4,1.4,2.9,1.3,3.2,2.5,2.5,3.2,1.7,1.5,1.3,2.1,0.9,0.8,0.3,1.4,1.1,2.4,3.3,2.3,1.4,2.2,2.7,2.3,2.6,0.9,2.0,1.2,2.0,1.5,1.9,0.8,2.3,2.1,1.1,3.0,0.8,0.3,1.7,3.4]}},{"type":"Feature","geometry":{"type":"LineString","coordinates":[[72.5733,15.8377],[72.5654,15.8373],[72.55,15.837],[72.5266,15.8354],[72.5107,15.835],[72.4869,15.8333],[72.4708,15.832],[72.4465,15.8303],[72.4303,15.8295],[72.4069,15.8282],[72.391,15.8274],[72.3678,15.8267],[72.351,15.826],[72.3273,15.825],[72.3117,15.824],[72.2875,15.8229],[72.2717,15.8222],[72.2478,15.8213],[72.2327,15.8206],[72.2086,15.8196],[72.1928,15.8191],[72.1689,15.818],[72.1529,15.8169],[72.1292,15.8155],[72.113,15.8147],[72.0894,15.813],[72.0734,15.8126],[72.0501,15.8113],[72.0342,15.8107],[72.0106,15.8092],[71.9948,15.8081],[71.9709,15.8059],[71.9551,15.8047],[71.9319,15.8029],[71.9164,15.8019],[71.8931,15.8008],[71.8778,15.7994],[71.8543,15.7976],[71.8388,15.7966],[71.8148,15.7951],[71.7991,15.794],[71.7758,15.7923],[71.7607,15.7917],[71.7373,15.7901],[71.7212,15.7888],[71.6972,15.7869],[71.6816,15.7856],[71.6579,15.7835],[71.642,15.7829],[71.6187,15.7811],[71.6028,15.7801],[71.5795,15.7788],[71.5639,15.7781],[71.54,15.7766],[71.5245,15.776],[71.5009,15.7746],[71.4851,15.7741],[71.4614,15.7735],[71.446,15.7724],[71.422,15.7718],[71.4062,15.7712],[71.3825,15.7704],[71.3673,15.77],[71.3438,15.7695],[71.3278,15.7686],[71.3049,15.767],[71.289,15.7662],[71.2654,15.7643],[71.2498,15.7628],[71.2261,15.7609],[71.2104,15.7598],[71.1871,15.7576],[71.1719,15.7564],[71.1486,15.7543],[71.1323,15.7535],[71.1085,15.7512],[71.0925,15.7499],[71.0688,15.7482],[71.053,15.7472],[71.0296,15.7458],[71.0134,15.7447],[70.9893,15.7432],[70.973,15.7422],[70.95,15.7406],[70.9347,15.7398],[70.9105,15.7378],[70.8951,15.737],[70.8722,15.7352],[70.8559,15.7343],[70.8329,15.7328],[70.8169,15.7318],[70.7935,15.73],[70.7768,15.7286],[70.7533,15.7268],[70.7377,15.7256],[70.7142,15.724],[70.6982,15.7234],[70.6746,15.722],[70.6589,15.721],[70.6358,15.72],[70.6196,15.7194],[70.5961,15.7184],[70.58,15.7175],[70.5563,15.7163],[70.5405,15.7158],[70.517,15.7147],[70.5014,15.7136],[70.4779,15.7127],[70.4621,15.7117],[70.4386,15.7101],[70.4229,15.7095],[70.3987,15.7081],[70.383,15.707],[70.3593,15.7051],[70.3434,15.7044],[70.3201,15.7026],[70.3045,15.7015],[70.2807,15.6992],[70.265,15.6983],[70.2413,15.6963],[70.2261,15.6949],[70.2024,15.693],[70.1862,15.6913],[70.1622,15.6888],[70.1461,15.6865],[70.1228,15.6836],[70.1073,15.6814],[70.0832,15.6788],[70.068,15.6763],[70.044,15.6731],[70.0286,15.6708],[70.0061,15.6673],[69.9906,15.6648],[69.9674,15.6611],[69.9514,15.658],[69.9285,15.6544],[69.913,15.6517],[69.8899,15.648],[69.8738,15.6451],[69.8504,15.6409],[69.8347,15.6384],[69.8117,15.6341],[69.7966,15.6315],[69.7735,15.6265],[69.7572,15.6238],[69.7341,15.6188],[69.7188,15.6153],[69.6953,15.6102],[69.6799,15.6071],[69.6568,15.602],[69.6412,15.5986],[69.6187,15.5946],[69.6031,15.5918],[69.5801,15.5868],[69.5649,15.5841],[69.5412,15.5795],[69.5252,15.5769],[69.5019,15.5724],[69.4868,15.5696],[69.4635,15.5654],[69.448,15.5627],[69.4246,15.5584],[69.409,15.5557],[69.3858,15.5514],[69.3705,15.5484],[69.3474,15.5438],[69.3313,15.5404],[69.3087,15.5363],[69.2931,15.5333],[69.2706,15.5289],[69.2553,15.5259],[69.2319,15.5212],[69.2164,15.5179],[69.1933,15.5137],[69.178,15.5111],[69.1542,15.5061],[69.1388,15.503],[69.1155,15.4987],[69.1001,15.4953],[69.0763,15.491],[69.061,15.4878],[69.0375,15.4833],[69.022,15.48],[68.9985,15.4753],[68.9833,15.4726],[68.9602,15.4685],[68.9449,15.4655],[68.922,15.4605],[68.9062,15.4573],[68.8832,15.4524],[68.8679,15.4487],[68.8452,15.4434],[68.8299,15.4396],[68.807,15.4343],[68.7917,15.4304],[68.769,15.4246],[68.754,15.4207],[68.7316,15.415],[68.7169,15.4111]]},"properties":{"mmsi":998778670,"name":"SYN-CAR-10","role":"background","vessel_type":70,"synthetic":true,"t_offset_s":[26912,27032,27272,27632,27872,28232,28472,28832,29072,29432,29672,30032,30272,30632,30872,31232,31472,31832,32072,32432,32672,33032,33272,33632,33872,34232,34472,34832,35072,35432,35672,36032,36272,36632,36872,37232,37472,37832,38072,38432,38672,39032,39272,39632,39872,40232,40472,40832,41072,41432,41672,42032,42272,42632,42872,43232,43472,43832,44072,44432,44672,45032,45272,45632,45872,46232,46472,46832,47072,47432,47672,48032,48272,48632,48872,49232,49472,49832,50072,50432,50672,51032,51272,51632,51872,52232,52472,52832,53072,53432,53672,54032,54272,54632,54872,55232,55472,55832,56072,56432,56672,57032,57272,57632,57872,58232,58472,58832,59072,59432,59672,60032,60272,60632,60872,61232,61472,61832,62072,62432,62672,63032,63272,63632,63872,64232,64472,64832,65072,65432,65672,66032,66272,66632,66872,67232,67472,67832,68072,68432,68672,69032,69272,69632,69872,70232,70472,70832,71072,71432,71672,72032,72272,72632,72872,73232,73472,73832,74072,74432,74672,75032,75272,75632,75872,76232,76472,76832,77072,77432,77672,78032,78272,78632,78872,79232,79472,79832,80072,80432,80672,81032,81272,81632,81872,82232,82472,82832,83072,83432,83672,84032,84272,84632,84872,85232,85472,85832,86072],"sog":[13.3,13.7,13.4,13.4,13.8,14.0,14.2,14.0,13.8,13.5,13.8,13.4,13.9,13.8,13.9,14.2,13.6,13.4,13.6,13.5,13.7,13.8,14.2,14.2,14.4,13.8,14.2,13.5,13.7,13.9,13.6,14.3,13.7,13.6,13.1,13.5,13.3,12.9,14.0,14.1,13.5,13.5,13.3,13.5,14.1,13.8,13.6,14.0,13.2,13.6,13.7,13.7,13.8,13.8,13.5,13.6,14.0,14.0,13.6,14.0,13.7,13.3,13.8,13.3,13.8,13.3,13.9,14.0,13.6,13.8,13.7,13.4,13.4,13.6,13.7,13.9,14.0,13.7,13.5,13.1,13.8,14.0,14.0,13.0,13.7,14.1,13.9,13.5,14.1,13.9,13.9,13.8,13.9,13.5,13.7,13.7,13.9,13.3,13.4,13.6,14.1,13.8,14.1,13.7,13.2,13.6,13.6,13.7,13.9,13.5,13.7,14.1,13.8,13.9,14.0,13.9,13.6,13.3,13.9,13.3,13.6,13.9,14.0,14.4,14.2,14.2,13.8,14.2,13.5,13.9,13.7,13.3,13.1,13.9,13.9,13.6,13.4,14.1,14.3,14.0,13.5,13.6,13.7,13.7,13.9,13.9,13.3,13.7,14.1,14.1,13.9,13.2,13.7,14.0,13.0,14.3,14.0,13.8,13.3,13.8,13.9,13.8,13.6,13.0,13.8,13.8,14.2,13.7,13.4,13.8,13.4,13.7,13.2,14.0,14.0,13.9,13.4,14.5,13.5,14.0,13.7,13.7,14.2,13.5,13.5,13.5,13.6,13.5,14.1,13.5,13.7,13.5,13.9,14.0,13.1,13.6,13.4,13.3,13.3]}},{"type":"Feature","geometry":{"type":"LineString","coordinates":[[72.3934,13.998],[72.3872,14.0126],[72.381,14.0271],[72.3716,14.0493],[72.3651,14.0646],[72.3558,14.0868],[72.3492,14.1015],[72.3398,14.1232],[72.3336,14.1379],[72.3242,14.1598],[72.3186,14.1749],[72.3095,14.1973],[72.3036,14.2118],[72.2951,14.2343],[72.2896,14.2489],[72.2807,14.2708],[72.275,14.2858],[72.2661,14.3073],[72.2601,14.3222],[72.2515,14.3439],[72.2458,14.3589],[72.2369,14.381],[72.2308,14.3959],[72.222,14.4172],[72.2162,14.4321],[72.2067,14.4542],[72.2008,14.4681],[72.1917,14.4903],[72.1857,14.5052],[72.1762,14.5279],[72.17,14.5422],[72.1607,14.5645],[72.1548,14.5791],[72.1456,14.6013],[72.1394,14.6166],[72.1304,14.639],[72.1241,14.6534],[72.1145,14.676],[72.1077,14.6908],[72.0982,14.7128],[72.0926,14.7272],[72.0832,14.7496],[72.0773,14.7644],[72.0689,14.7865],[72.0634,14.8014],[72.0555,14.8236],[72.05,14.8383],[72.0413,14.8603],[72.0356,14.8752],[72.0268,14.8969],[72.0215,14.9116],[72.0127,14.9335],[72.0074,14.9489],[71.9994,14.9707],[71.9939,14.986],[71.9855,15.0081],[71.9797,15.0228],[71.971,15.0451],[71.9656,15.0595],[71.9578,15.0822],[71.953,15.0974],[71.9449,15.1204],[71.9398,15.1353],[71.9324,15.158],[71.9278,15.1733],[71.9199,15.1962],[71.9155,15.2113],[71.908,15.2337],[71.9034,15.2492],[71.8967,15.2713],[71.8921,15.2867],[71.8856,15.3093],[71.8811,15.3249],[71.8745,15.3474],[71.8699,15.3627],[71.8631,15.3857],[71.8587,15.4003],[71.8521,15.4244],[71.8477,15.4397],[71.8415,15.4634],[71.8372,15.479],[71.8311,15.5023],[71.8268,15.5171],[71.8209,15.5401],[71.8165,15.5551],[71.8098,15.5785],[71.8053,15.5936],[71.7985,15.6165],[71.7938,15.6319],[71.7861,15.6548],[71.7811,15.67],[71.7736,15.6927],[71.7687,15.7077],[71.7619,15.7304],[71.7568,15.7453],[71.7492,15.7677],[71.7436,15.7834],[71.7365,15.8062],[71.7318,15.8214],[71.7247,15.8444],[71.7199,15.8593],[71.7124,15.8825],[71.7079,15.8978],[71.7012,15.92],[71.6968,15.9357],[71.6908,15.9588],[71.6869,15.9745],[71.6809,15.9974],[71.6774,16.0123],[71.6716,16.0355],[71.6682,16.0511],[71.663,16.0748],[71.6596,16.0906],[71.6543,16.1139],[71.6508,16.1294],[71.6455,16.1532],[71.6421,16.1683],[71.6368,16.1922],[71.6337,16.2078],[71.628,16.2308],[71.624,16.2467],[71.6185,16.2698],[71.615,16.2854],[71.6092,16.3085],[71.6054,16.3236],[71.5993,16.3467],[71.5951,16.3619],[71.588,16.3851],[71.5834,16.4002],[71.5771,16.4231],[71.5723,16.4385],[71.5655,16.4613],[71.5611,16.4764],[71.5542,16.4998],[71.5501,16.5157],[71.5435,16.5384],[71.5395,16.5531],[71.5339,16.5764],[71.53,16.5919],[71.5241,16.6155],[71.5207,16.631],[71.5152,16.6538],[71.511,16.669],[71.5047,16.6923],[71.5007,16.7075],[71.4944,16.7306],[71.4904,16.746],[71.4836,16.7688],[71.4798,16.7837],[71.4736,16.8064],[71.4697,16.8222],[71.4637,16.8454],[71.4605,16.8612],[71.4549,16.8839],[71.4512,16.8994],[71.4459,16.9225],[71.4425,16.9378],[71.4371,16.9608],[71.4339,16.9764],[71.428,16.9994],[71.4242,17.0145],[71.4189,17.0381],[71.4148,17.0529],[71.4092,17.0756],[71.4057,17.0911],[71.3999,17.1144],[71.3964,17.1298],[71.3919,17.154],[71.3887,17.1694],[71.3842,17.1927],[71.3815,17.2078],[71.3766,17.2312],[71.3733,17.2473],[71.368,17.271],[71.3641,17.2863],[71.3583,17.3088],[71.3546,17.3245],[71.3487,17.3475],[71.3441,17.363],[71.3376,17.3861],[71.3332,17.4012],[71.3261,17.4235],[71.3207,17.4385],[71.3128,17.4608],[71.3076,17.4757],[71.2993,17.4989],[71.2939,17.514],[71.2859,17.5366],[71.2809,17.5517],[71.273,17.5737],[71.2682,17.5888],[71.2608,17.6101],[71.2557,17.6255],[71.2484,17.6472],[71.2433,17.6625],[71.2363,17.6851],[71.2321,17.7001],[71.2251,17.7231],[71.2206,17.7387],[71.214,17.7614],[71.2098,17.7768],[71.2033,17.7997],[71.1994,17.8152],[71.1929,17.8378],[71.1883,17.8527],[71.1818,17.8758],[71.1776,17.8909],[71.1708,17.914],[71.166,17.9291],[71.1593,17.9521],[71.1545,17.9669],[71.1471,17.9895],[71.142,18.0044],[71.1338,18.0273],[71.1288,18.0426],[71.1212,18.0643],[71.1162,18.0796],[71.1079,18.103],[71.1024,18.1178],[71.0948,18.1406],[71.0898,18.1559],[71.0823,18.1787],[71.0774,18.1946],[71.0706,18.2171],[71.0652,18.2328],[71.0579,18.2558],[71.0531,18.2712],[71.0454,18.2938],[71.0409,18.3091],[71.0331,18.3322],[71.0286,18.3469],[71.0208,18.3692],[71.0156,18.3843],[71.0081,18.4067],[71.0026,18.4221],[70.9948,18.4449],[70.9893,18.4599],[70.9811,18.482],[70.9753,18.497],[70.9669,18.5186],[70.9615,18.5338],[70.953,18.5571],[70.9478,18.5713],[70.9394,18.5942],[70.9344,18.6091],[70.9257,18.6314],[70.9197,18.6463],[70.9112,18.668],[70.9049,18.6828],[70.8959,18.705],[70.8902,18.7196],[70.8814,18.7419],[70.8753,18.7572],[70.8666,18.7789],[70.8608,18.7939],[70.8512,18.8159],[70.845,18.8306],[70.8355,18.8525],[70.8293,18.867],[70.8196,18.8891],[70.8129,18.9036],[70.8027,18.9253],[70.7959,18.9397],[70.7854,18.9613],[70.7785,18.9762],[70.7682,18.9982],[70.7615,19.0124],[70.7519,19.0342],[70.7452,19.0483],[70.7351,19.0698],[70.7286,19.084],[70.7179,19.1052],[70.7109,19.1196],[70.6998,19.1411],[70.6927,19.155],[70.6812,19.1764],[70.6738,19.1909],[70.6623,19.2121],[70.6543,19.2262],[70.6426,19.247],[70.6351,19.2611],[70.6232,19.2822],[70.6147,19.2962],[70.6032,19.3169],[70.5954,19.331],[70.5838,19.3521],[70.576,19.3665],[70.5643,19.3879],[70.5564,19.4024],[70.5452,19.4234],[70.5377,19.4372],[70.5262,19.4583],[70.5192,19.4723],[70.5079,19.4941],[70.5011,19.5077],[70.49,19.5292],[70.4823,19.5441],[70.4707,19.5652],[70.4629,19.5793],[70.4513,19.6001],[70.4431,19.6138],[70.431,19.6348],[70.4234,19.6487],[70.4114,19.6696],[70.4043,19.6835],[70.3926,19.7046],[70.3845,19.7189],[70.3727,19.74],[70.3651,19.7538],[70.354,19.7754],[70.3464,19.7895],[70.3349,19.8108],[70.3282,19.8243],[70.3172,19.8469],[70.3103,19.8615],[70.2995,19.8828],[70.292,19.8971],[70.281,19.9189],[70.2733,19.9324],[70.2626,19.9538],[70.2559,19.967],[70.2449,19.9884],[70.2381,20.0027],[70.2263,20.0246],[70.2188,20.0383],[70.2072,20.0601],[70.1995,20.0745],[70.1887,20.0949],[70.1813,20.1087],[70.1704,20.13],[70.163,20.1442],[70.1519,20.1657],[70.1445,20.18],[70.134,20.2014],[70.1267,20.2154],[70.1155,20.2367],[70.1086,20.2507],[70.098,20.2729],[70.0911,20.2873],[70.0808,20.3088],[70.0739,20.3236],[70.0635,20.3452],[70.0566,20.3591],[70.0469,20.3804],[70.0402,20.3947],[70.0297,20.4162]]},"properties":{"mmsi":998877906,"name":"SYN-TAN-26","role":"candidate","vessel_type":80,"synthetic":true,"t_offset_s":[-93853,-93613,-93373,-93013,-92773,-92413,-92173,-91813,-91573,-91213,-90973,-90613,-90373,-90013,-89773,-89413,-89173,-88813,-88573,-88213,-87973,-87613,-87373,-87013,-86773,-86413,-86173,-85813,-85573,-85213,-84973,-84613,-84373,-84013,-83773,-83413,-83173,-82813,-82573,-82213,-81973,-81613,-81373,-81013,-80773,-80413,-80173,-79813,-79573,-79213,-78973,-78613,-78373,-78013,-77773,-77413,-77173,-76813,-76573,-76213,-75973,-75613,-75373,-75013,-74773,-74413,-74173,-73813,-73573,-73213,-72973,-72613,-72373,-72013,-71773,-71413,-71173,-70813,-70573,-70213,-69973,-69613,-69373,-69013,-68773,-68413,-68173,-67813,-67573,-67213,-66973,-66613,-66373,-66013,-65773,-65413,-65173,-64813,-64573,-64213,-63973,-63613,-63373,-63013,-62773,-62413,-62173,-61813,-61573,-61213,-60973,-60613,-60373,-60013,-59773,-59413,-59173,-58813,-58573,-58213,-57973,-57613,-57373,-57013,-56773,-56413,-56173,-55813,-55573,-55213,-54973,-54613,-54373,-54013,-53773,-53413,-53173,-52813,-52573,-52213,-51973,-51613,-51373,-51013,-50773,-50413,-50173,-49813,-49573,-49213,-48973,-48613,-48373,-48013,-47773,-47413,-47173,-46813,-46573,-46213,-45973,-45613,-45373,-45013,-44773,-44413,-44173,-43813,-43573,-43213,-42973,-42613,-42373,-42013,-41773,-41413,-41173,-40813,-40573,-40213,-39973,-39613,-39373,-39013,-38773,-38413,-38173,-37813,-37573,-37213,-36973,-36613,-36373,-36013,-35773,-35413,-35173,-34813,-34573,-34213,-33973,-33613,-33373,-33013,-32773,-32413,-32173,-31813,-31573,-31213,-30973,-30613,-30373,-30013,-29773,-29413,-29173,-28813,-28573,-28213,-27973,-27613,-27373,-27013,-26773,-26413,-26173,-25813,-25573,-25213,-24973,-24613,-24373,-24013,-23773,-23413,-23173,-22813,-22573,-22213,-21973,-21613,-21373,-21013,-20773,-20413,-20173,-19813,-19573,-19213,-18973,-18613,-18373,-18013,-17773,-17413,-17173,-16813,-16573,-16213,-15973,-15613,-15373,-15013,-14773,-14413,-14173,-13813,-13573,-13213,-12973,-12613,-12373,-12013,-11773,-11413,-11173,-10813,-10573,-10213,-9973,-9613,-9373,-9013,-8773,-8413,-8173,-7813,-7573,-7213,-6973,-6613,-6373,-6013,-5773,-5413,-5173,-4813,-4573,-4213,-3973,-3613,-3373,-3013,-2773,-2413,-2173,-1813,-1573,-1213,-973,-613,-373,-13,227,587,827,1187,1427,1787,2027,2387,2627,2987,3227,3587,3827,4187,4427,4787,5027,5387,5627,5987,6227,6587,6827,7187,7427,7787,8027,8387,8627,8987,9227,9587],"sog":[14.5,14.1,13.8,14.5,14.3,14.2,14.9,14.7,14.6,14.2,14.3,13.9,14.5,14.1,14.2,14.3,14.1,13.5,13.9,14.2,14.7,14.3,14.2,14.1,14.1,13.9,13.8,14.2,14.5,14.4,14.0,14.6,14.3,14.4,14.3,14.5,14.1,14.6,14.6,14.0,13.9,14.2,14.1,14.2,14.2,13.9,13.8,14.2,14.3,14.2,13.7,14.1,14.1,14.0,13.5,14.0,13.6,14.5,13.8,14.2,14.6,14.8,14.0,14.0,14.7,14.1,14.0,14.6,14.4,14.0,14.2,13.9,14.7,14.0,14.3,14.3,13.7,14.5,14.4,14.8,14.3,13.8,14.0,14.1,14.0,14.3,14.6,14.1,14.1,14.3,14.2,14.1,14.0,13.9,14.2,14.3,14.5,14.4,14.2,14.6,14.2,14.5,14.6,14.1,14.4,14.4,14.2,13.9,13.9,14.2,14.3,14.2,14.4,14.6,14.9,14.7,14.1,14.8,14.6,14.2,14.4,14.4,14.1,14.1,13.8,14.3,13.6,14.7,14.0,14.1,14.3,14.0,14.2,14.0,14.2,14.0,14.0,14.3,14.1,14.6,14.1,13.9,14.0,14.0,14.2,14.4,14.1,14.6,13.5,14.0,14.2,14.3,14.4,14.1,14.3,14.3,13.9,14.0,14.2,14.3,13.9,14.2,13.9,14.0,14.5,14.8,14.4,14.7,14.1,14.2,13.8,14.0,14.4,14.7,14.2,13.8,14.6,14.0,14.6,14.3,14.2,13.5,13.9,14.6,14.1,14.4,14.6,14.7,14.3,13.8,14.3,13.6,13.5,14.0,13.7,14.2,14.2,14.5,14.5,14.2,13.9,13.6,14.1,13.6,13.7,14.1,14.3,14.1,13.6,14.2,13.9,14.4,14.5,13.9,14.5,13.6,14.3,14.6,14.8,14.4,14.9,14.2,13.9,14.1,14.8,14.6,14.9,14.5,14.2,14.4,13.9,13.9,14.7,14.0,14.3,14.5,13.7,14.5,14.6,14.0,14.2,14.7,14.0,14.4,14.1,14.4,14.1,14.5,14.2,14.3,14.4,14.2,14.7,13.9,14.0,14.5,14.0,13.3,14.3,14.3,14.7,14.5,14.0,14.1,14.5,14.5,14.5,14.7,14.0,14.1,14.1,13.9,14.4,14.4,14.4,14.4,14.2,14.1,14.4,14.2,14.2,14.6,14.2,14.4,14.4,14.4,14.8,14.4,14.5,14.3,14.4,14.1,14.1,14.3,14.0,14.1,14.1,14.7,14.0,14.5,14.5,14.4,14.6,14.3,14.4,13.7,14.5,14.5,14.0,13.7,14.0,14.3,13.9,14.6,14.8,14.2,14.2,14.7,13.9,14.4,13.7,14.5,14.2,14.2,13.9,14.5,14.5,13.9,14.3,14.2,14.5,14.2,14.1,14.3,14.3,14.8,13.6,14.7,14.3,14.6,14.6,14.3,13.8,13.7,13.9,14.1]}},{"type":"Feature","geometry":{"type":"LineString","coordinates":[[73.4641,16.1373],[73.4635,16.1347],[73.4631,16.1183],[73.4629,16.1063],[73.463,16.1033],[73.4647,16.0924],[73.4645,16.0899],[73.4628,16.0866],[73.4599,16.0836],[73.4557,16.0813],[73.456,16.0788],[73.4598,16.0753],[73.4628,16.073],[73.4619,16.0698],[73.4603,16.0684],[73.4561,16.07],[73.4536,16.0725],[73.4535,16.0767],[73.4532,16.0805],[73.4536,16.085],[73.4547,16.087],[73.4527,16.0917],[73.4525,16.0953],[73.4495,16.0962],[73.4474,16.0967],[73.4446,16.0981],[73.4415,16.0989],[73.4385,16.098],[73.4358,16.0951],[73.4319,16.0916],[73.428,16.091],[73.4241,16.0943],[73.4235,16.0957],[73.4246,16.1007],[73.4274,16.1026],[73.4313,16.1063],[73.4332,16.1089],[73.4355,16.1119],[73.4376,16.1158],[73.4366,16.1212],[73.4371,16.1245],[73.4355,16.1257],[73.4333,16.1263],[73.4289,16.1248],[73.4272,16.1263],[73.4235,16.131],[73.423,16.1326],[73.4253,16.1364],[73.4271,16.1364],[73.431,16.1356],[73.4326,16.1323],[73.4349,16.131],[73.4363,16.1268],[73.4357,16.1209],[73.434,16.1181],[73.4352,16.1136],[73.4356,16.111],[73.4352,16.1071],[73.4358,16.1049],[73.4412,16.1023],[73.443,16.1022],[73.448,16.1022],[73.4513,16.1024],[73.456,16.1035],[73.458,16.1048],[73.4657,16.1],[73.4663,16.0997],[73.4652,16.0966],[73.4611,16.0945],[73.4584,16.093],[73.4547,16.0921],[73.4514,16.091],[73.447,16.0881],[73.4454,16.0841],[73.4447,16.0787],[73.4454,16.0752],[73.4483,16.0737],[73.4519,16.0717],[73.4552,16.0696],[73.4583,16.0693],[73.4613,16.07],[73.4644,16.0731],[73.4618,16.0531],[73.4614,16.0513],[73.4603,16.0482],[73.4575,16.0451],[73.4565,16.0414],[73.4593,16.0386],[73.4642,16.0365],[73.4673,16.0349],[73.4695,16.0341],[73.4739,16.0309],[73.479,16.0309],[73.4814,16.027],[73.4806,16.0248],[73.4754,16.0221],[73.4717,16.0204],[73.4729,16.0162],[73.4756,16.0153],[73.479,16.0119],[73.4802,16.0105],[73.4824,16.0052],[73.482,16.0024],[73.4779,16.001],[73.4753,16.0018],[73.4717,16.0012],[73.4701,15.9999],[73.4659,15.9968],[73.4646,15.9946],[73.4625,15.991],[73.4611,15.9874],[73.4591,15.9848],[73.4586,15.9819],[73.4561,15.9775],[73.4524,15.9762],[73.4474,15.973],[73.4445,15.9707],[73.4418,15.9678],[73.4389,15.9664],[73.4346,15.9639],[73.4325,15.9619],[73.4291,15.9584],[73.4269,15.9568],[73.4229,15.9595],[73.4206,15.9603],[73.4157,15.9609],[73.4141,15.9606],[73.4137,15.9572],[73.4122,15.9545],[73.4073,15.9515],[73.4049,15.9503],[73.4018,15.9512],[73.4007,15.9538],[73.4042,15.9557],[73.4053,15.956],[73.4074,15.9602],[73.4056,15.963],[73.404,15.9662],[73.4009,15.9643],[73.3972,15.961],[73.3955,15.9601],[73.3926,15.9542],[73.3925,15.9514],[73.393,15.9463],[73.3936,15.9432],[73.3937,15.9387],[73.3938,15.9367],[73.3975,15.9326],[73.3974,15.9282],[73.4001,15.9243],[73.4008,15.9208],[73.4016,15.9152],[73.4003,15.9128],[73.3995,15.9092],[73.3985,15.9069],[73.397,15.9014],[73.3972,15.8979],[73.4005,15.894],[73.4003,15.8902],[73.4012,15.8842],[73.4016,15.8804],[73.4011,15.8761],[73.3974,15.8746],[73.3936,15.8753],[73.3907,15.877],[73.3899,15.8836],[73.3933,15.8846],[73.3967,15.8845],[73.3989,15.8834],[73.4049,15.8844],[73.4083,15.8847],[73.4115,15.887],[73.4138,15.8893],[73.4173,15.8901],[73.4211,15.8903],[73.4255,15.8938],[73.4273,15.8946],[73.4309,15.8962],[73.4329,15.899],[73.4386,15.9006],[73.4406,15.9029],[73.4409,15.9089],[73.4425,15.9125],[73.4412,15.916],[73.4396,15.92],[73.4368,15.9241],[73.4362,15.9269],[73.4358,15.9309],[73.4361,15.9337],[73.4374,15.9371],[73.4379,15.9406],[73.4391,15.9437],[73.4424,15.9452],[73.4488,15.9447],[73.4528,15.9441],[73.4556,15.9439],[73.4599,15.9447],[73.4649,15.9459],[73.4675,15.9434],[73.4675,15.9389],[73.4694,15.9351],[73.4658,15.9302],[73.4626,15.9277],[73.4587,15.9247],[73.4573,15.9222],[73.4552,15.9182],[73.4556,15.9153],[73.4557,15.9114],[73.4539,15.9085],[73.4536,15.904],[73.455,15.9005],[73.4564,15.899],[73.4585,15.8958],[73.4612,15.8949],[73.4645,15.8928],[73.468,15.8936],[73.4701,15.8943],[73.4738,15.8965],[73.4735,15.8993],[73.4725,15.906],[73.4705,15.9093],[73.4674,15.9125],[73.4647,15.9115],[73.4641,15.9056],[73.4627,15.9027],[73.4583,15.8998],[73.4554,15.897],[73.454,15.8923],[73.4546,15.8886],[73.4567,15.8819],[73.4586,15.8807],[73.46,15.8779],[73.4614,15.8749],[73.4597,15.87],[73.4586,15.8662],[73.4611,15.861],[73.4582,15.8592],[73.4531,15.8604],[73.4512,15.8636],[73.4489,15.8618],[73.4487,15.8602],[73.4459,15.8548],[73.4443,15.8539],[73.4418,15.8524],[73.4387,15.8507],[73.4347,15.8515],[73.4304,15.8507],[73.4258,15.8498],[73.4229,15.8487],[73.4188,15.8509],[73.4163,15.8527],[73.4138,15.8554],[73.4127,15.856],[73.41,15.8598],[73.4106,15.8644],[73.4125,15.8687],[73.4107,15.8715],[73.4081,15.8762],[73.4053,15.8786],[73.403,15.8816],[73.3994,15.8831],[73.3952,15.8845],[73.3946,15.887],[73.3899,15.8876],[73.3893,15.89],[73.3895,15.8931],[73.3925,15.894],[73.3975,15.8928],[73.4012,15.8942],[73.4014,15.8987],[73.3982,15.9011],[73.3932,15.901],[73.3904,15.901],[73.3865,15.8997],[73.3836,15.8973],[73.3799,15.8929],[73.3772,15.8905],[73.374,15.8883],[73.372,15.8861],[73.3677,15.8867],[73.3652,15.8873],[73.3607,15.8878],[73.3581,15.8885],[73.3512,15.8888],[73.3481,15.8912],[73.344,15.8937],[73.3399,15.8953],[73.335,15.8988],[73.3329,15.899],[73.3287,15.8987],[73.3254,15.9001],[73.3212,15.8988],[73.3187,15.8957],[73.3215,15.8921],[73.3247,15.8921],[73.329,15.894],[73.3318,15.8938],[73.3346,15.8894],[73.3339,15.8863],[73.3336,15.8811],[73.3337,15.8795],[73.3326,15.8758],[73.3309,15.8741],[73.3302,15.8682],[73.3325,15.8652],[73.3324,15.8597],[73.331,15.857],[73.3285,15.8539],[73.3265,15.8549],[73.3244,15.8584],[73.322,15.8617],[73.3215,15.8662],[73.3194,15.8683],[73.3174,15.8653],[73.3164,15.864],[73.3169,15.8598],[73.3148,15.8563],[73.3126,15.8511],[73.3142,15.8489],[73.316,15.8447],[73.3191,15.8433],[73.3245,15.8472],[73.3273,15.8473],[73.332,15.8448],[73.3351,15.8419],[73.3385,15.8421],[73.341,15.8441],[73.3448,15.847],[73.3489,15.8484],[73.351,15.8457],[73.3506,15.8441],[73.3478,15.8409],[73.3434,15.8403],[73.3379,15.8405],[73.3358,15.8411],[73.3336,15.8459],[73.3306,15.848],[73.3262,15.8455],[73.325,15.8442],[73.3212,15.8411],[73.3185,15.8374],[73.3136,15.8343],[73.3114,15.8326],[73.3087,15.8333],[73.3098,15.8357],[73.3112,15.8416],[73.3098,15.8453],[73.3087,15.8515],[73.3065,15.8523],[73.3061,15.8563],[73.3096,15.8574],[73.3156,15.857],[73.319,15.8573],[73.3234,15.8572],[73.3247,15.8565],[73.3282,15.8562],[73.3303,15.8579],[73.3328,15.8605],[73.3337,15.8633],[73.3333,15.869],[73.3351,15.8718],[73.3353,15.8756],[73.3333,15.8783],[73.33,15.88],[73.3268,15.8805],[73.3213,15.8807],[73.3193,15.8852],[73.323,15.8887],[73.3249,15.8905],[73.3269,15.8928],[73.3297,15.8948],[73.3354,15.8967],[73.3386,15.8969],[73.3382,15.8928],[73.3357,15.892],[73.3314,15.8887],[73.3273,15.8892],[73.3253,15.8908],[73.3224,15.8916],[73.318,15.8911],[73.3136,15.8886],[73.3088,15.887],[73.305,15.8863],[73.3018,15.8824],[73.3004,15.8791],[73.2981,15.8744],[73.2947,15.8748],[73.2904,15.8747],[73.288,15.8766],[73.2842,15.8798],[73.2832,15.8811],[73.285,15.8858],[73.2838,15.8881],[73.2827,15.8921],[73.2815,15.8943],[73.2773,15.897],[73.277,15.8994],[73.2803,15.9045],[73.2815,15.9078],[73.2872,15.909],[73.2907,15.9088],[73.2951,15.9112],[73.2981,15.9141],[73.2995,15.9174],[73.2967,15.9204],[73.2917,15.9213],[73.2896,15.921],[73.2862,15.9221],[73.2834,15.9193],[73.2796,15.917],[73.278,15.9145],[73.2737,15.9098],[73.2712,15.9091],[73.2681,15.9058],[73.2665,15.9024],[73.2627,15.9014],[73.2588,15.9029],[73.2549,15.9021],[73.2528,15.9044],[73.2552,15.9102],[73.2574,15.9116],[73.26,15.9127],[73.2628,15.9109],[73.2667,15.9085],[73.2699,15.9072],[73.2707,15.9022],[73.272,15.8989],[73.2751,15.8974],[73.2782,15.8958],[73.2777,15.8913],[73.2762,15.8897],[73.2753,15.8856],[73.2749,15.8821],[73.2735,15.8786],[73.2716,15.8768],[73.2672,15.8775],[73.2637,15.8775],[73.2587,15.8788],[73.256,15.877],[73.2536,15.8743],[73.2523,15.8725],[73.2513,15.8678],[73.2497,15.8659],[73.2464,15.8652],[73.2443,15.8625],[73.2435,15.8578],[73.2421,15.8542],[73.2414,15.8479],[73.2401,15.8462],[73.2402,15.84],[73.2383,15.8379],[73.2336,15.8388],[73.2321,15.8418],[73.2309,15.8457],[73.2309,15.8474],[73.2296,15.8507],[73.2309,15.8528],[73.2336,15.8505],[73.232,15.8483],[73.2275,15.8483],[73.2236,15.8492],[73.2204,15.8461],[73.2183,15.844],[73.217,15.8403],[73.2187,15.8373],[73.2228,15.8366],[73.2243,15.8376],[73.224,15.843],[73.2251,15.8468],[73.2299,15.85],[73.2332,15.8519],[73.2367,15.8556],[73.2379,15.8563],[73.2396,15.8624],[73.2423,15.8657],[73.2442,15.8617],[73.2421,15.8585],[73.2389,15.8584],[73.2365,15.8594],[73.2316,15.8588],[73.2302,15.8571],[73.227,15.8536],[73.2236,15.8513],[73.2224,15.8449],[73.2211,15.8415],[73.2172,15.8393],[73.2137,15.8402],[73.2084,15.8416],[73.2067,15.8408],[73.204,15.8387],[73.2045,15.8354],[73.2072,15.832],[73.2095,15.8306],[73.2147,15.8302],[73.2189,15.8311],[73.2223,15.8352],[73.2243,15.8364],[73.231,15.8387],[73.2329,15.8408],[73.2381,15.8414],[73.2415,15.8434],[73.2449,15.844],[73.246,15.8465],[73.2447,15.8503],[73.2415,15.8521],[73.2369,15.8519],[73.234,15.8516],[73.2314,15.8478],[73.2301,15.8446],[73.2276,15.8425],[73.2247,15.8424],[73.2194,15.8448],[73.2167,15.845],[73.2127,15.8408],[73.2107,15.8403],[73.2038,15.8405],[73.1996,15.8383],[73.1964,15.8376],[73.1929,15.839],[73.1935,15.845],[73.1918,15.8476],[73.1881,15.8485],[73.1893,15.8516],[73.1927,15.8553],[73.1966,15.858],[73.2013,15.86],[73.2039,15.8611],[73.2058,15.8661],[73.2062,15.8696],[73.2051,15.8731],[73.2048,15.8757],[73.2084,15.8779],[73.208,15.8821],[73.2088,15.8884],[73.2093,15.8922],[73.2127,15.8957],[73.2092,15.8996],[73.2069,15.9032],[73.2041,15.9024],[73.2027,15.8984],[73.2006,15.8962],[73.1956,15.8936],[73.1936,15.8897],[73.1894,15.8852],[73.1874,15.8826],[73.1885,15.8792],[73.1888,15.8771],[73.1872,15.8745],[73.1842,15.8718],[73.1789,15.8681],[73.1773,15.8651],[73.1732,15.8644],[73.1709,15.8657],[73.1687,15.8707],[73.1651,15.8733],[73.1608,15.8736],[73.1582,15.8731],[73.155,15.8682],[73.1535,15.8666],[73.1533,15.8617],[73.1533,15.8592],[73.1523,15.8576],[73.1515,15.8553],[73.1491,15.8516],[73.152,15.8472],[73.1561,15.847],[73.1583,15.8456],[73.1631,15.8436],[73.1671,15.8409],[73.1699,15.8377],[73.1732,15.8359],[73.1764,15.8318],[73.1781,15.8287],[73.175,15.8262],[73.1712,15.8252],[73.1685,15.8261],[73.1661,15.8275],[73.1636,15.8277],[73.1618,15.8305],[73.1619,15.8374],[73.1617,15.8406],[73.161,15.8455],[73.1591,15.8474],[73.156,15.8496],[73.152,15.8498],[73.1475,15.8539],[73.1461,15.8582],[73.1415,15.8602],[73.14,15.8608],[73.1399,15.8664],[73.1382,15.8696],[73.1343,15.8726],[73.1326,15.874],[73.1286,15.872],[73.1263,15.8708],[73.1218,15.8718],[73.1178,15.8728],[73.1144,15.876],[73.1143,15.8786],[73.1161,15.8821],[73.1173,15.8845],[73.1175,15.8899],[73.1156,15.8925],[73.1136,15.896],[73.1116,15.8983],[73.1084,15.903],[73.1081,15.907],[73.1065,15.9102],[73.1069,15.9128],[73.1088,15.9166],[73.1082,15.9206],[73.1098,15.925],[73.1116,15.9277],[73.1126,15.932],[73.1104,15.9345],[73.1072,15.9332],[73.1039,15.934],[73.1012,15.9374],[73.0992,15.9397],[73.0985,15.9453],[73.099,15.9485],[73.0997,15.9517],[73.1011,15.9547],[73.1074,15.9584],[73.1083,15.9596],[73.1096,15.9641],[73.1106,15.9664],[73.1111,15.9693],[73.1116,15.9714],[73.1105,15.9778],[73.1094,15.9798],[73.1069,15.9817],[73.1049,15.9832],[73.099,15.9844],[73.0958,15.9841],[73.0906,15.9802],[73.0855,15.9798],[73.0795,15.9772],[73.0768,15.9771],[73.0724,15.977],[73.0704,15.9798],[73.0724,15.9853],[73.0756,15.9865],[73.0802,15.9843],[73.0809,15.981],[73.084,15.9785],[73.0871,15.9801],[73.091,15.9819],[73.0904,15.9853],[73.0879,15.9896],[73.0872,15.9928],[73.0899,15.996],[73.0927,15.9989],[73.0937,16.0041],[73.0929,16.0067],[73.0933,16.0123],[73.0952,16.0144],[73.0987,16.0144],[73.1017,16.0129],[73.1046,16.0103],[73.1067,16.0083],[73.1125,16.0099],[73.1151,16.0102],[73.1223,16.009],[73.1243,16.0066],[73.1279,16.0032],[73.1298,16.0008],[73.1338,15.9992],[73.1365,15.9957],[73.1388,15.9919],[73.1406,15.9918],[73.1443,15.9907],[73.147,15.99],[73.1534,15.9887],[73.157,15.9898],[73.1584,15.9943],[73.1567,15.996],[73.1523,15.9952],[73.1484,15.9935],[73.1433,15.9925],[73.1414,15.9924],[73.1399,15.9904],[73.1404,15.9874],[73.1428,15.9845],[73.1459,15.9824],[73.1487,15.9822],[73.1515,15.9841],[73.1556,15.9864],[73.1569,15.9855],[73.1587,15.9826],[73.1588,15.979],[73.159,15.9752],[73.1603,15.9727],[73.1626,15.9706],[73.1651,15.968],[73.17,15.965],[73.1707,15.9636],[73.1735,15.9612],[73.1748,15.9594],[73.1712,15.9558],[73.1674,15.9567],[73.1625,15.9559],[73.1595,15.955],[73.1536,15.9573],[73.1526,15.9586],[73.1477,15.9619],[73.1455,15.9634],[73.1407,15.967],[73.1391,15.969],[73.1385,15.973],[73.1371,15.9747],[73.1362,15.9783],[73.1354,15.98],[73.1316,15.9825],[73.1294,15.9848],[73.1303,15.9893],[73.1349,15.9917],[73.1336,15.9959],[73.1333,15.9989],[73.1321,16.0038],[73.1316,16.0054],[73.1275,16.0081],[73.1246,16.0076],[73.1202,16.0082],[73.1173,16.0096],[73.116,16.0143],[73.1151,16.0182],[73.1139,16.0245],[73.113,16.0268],[73.1119,16.0308],[73.1115,16.0343],[73.1099,16.0395],[73.1092,16.0426],[73.1076,16.0455],[73.1053,16.0464],[73.1065,16.0516],[73.1082,16.0536],[73.1108,16.0581],[73.1119,16.0599],[73.1165,16.0637],[73.1181,16.0661],[73.1192,16.071],[73.1183,16.0737],[73.1177,16.0772],[73.1178,16.08],[73.1201,16.0831],[73.1205,16.086],[73.1177,16.0903],[73.1174,16.0925],[73.116,16.0974],[73.1153,16.0999],[73.1125,16.104],[73.111,16.1066],[73.1099,16.1107],[73.1078,16.1133],[73.1036,16.1173],[73.1051,16.1213],[73.1094,16.1246],[73.1108,16.1275],[73.1138,16.1326],[73.116,16.133],[73.1199,16.132],[73.1225,16.1322],[73.1233,16.1283],[73.1204,16.1263],[73.1167,16.1266],[73.1142,16.1284],[73.1099,16.1309],[73.1077,16.1311],[73.1043,16.1316],[73.1004,16.1333],[73.0973,16.1374],[73.0948,16.1384],[73.0876,16.1359],[73.0846,16.1362],[73.0818,16.1326],[73.0782,16.1321],[73.074,16.1321],[73.072,16.1292],[73.0696,16.1261],[73.0666,16.1235],[73.0637,16.1206],[73.0644,16.1181],[73.0681,16.1152],[73.067,16.1117],[73.0658,16.1069],[73.0653,16.1033],[73.0663,16.0986],[73.0683,16.096],[73.0692,16.0913],[73.0688,16.0889],[73.0638,16.0869],[73.0616,16.0872],[73.0597,16.0915],[73.0613,16.0944],[73.0645,16.0942],[73.068,16.0939],[73.0734,16.092],[73.0734,16.0898],[73.069,16.0876],[73.0665,16.0834],[73.0642,16.0812],[73.0622,16.0778],[73.0641,16.073],[73.0641,16.0719],[73.0653,16.0663],[73.0629,16.0648],[73.0607,16.0616],[73.0613,16.058],[73.0621,16.0533],[73.0646,16.0514],[73.0661,16.0494],[73.0661,16.0472],[73.0679,16.0432],[73.0706,16.0411],[73.0735,16.0379],[73.0762,16.0396],[73.0794,16.0403],[73.081,16.0441],[73.0775,16.0465],[73.075,16.0462],[73.0717,16.0482],[73.0699,16.0505],[73.068,16.054],[73.0675,16.0583],[73.0679,16.0612],[73.0678,16.0615],[73.0674,16.0659],[73.0677,16.0685],[73.0659,16.0728],[73.064,16.0729],[73.0625,16.076],[73.0621,16.0798],[73.0612,16.0843],[73.0597,16.0853],[73.0561,16.0871],[73.0534,16.088],[73.0482,16.0899],[73.0455,16.0888],[73.0426,16.0847],[73.0401,16.0843],[73.037,16.0819],[73.036,16.0796],[73.0371,16.076],[73.0402,16.0739],[73.0429,16.0697],[73.0422,16.0681],[73.0407,16.0639],[73.042,16.0626],[73.0436,16.0579],[73.0427,16.0547],[73.039,16.0517],[73.0379,16.0495],[73.0392,16.0436],[73.0414,16.04],[73.0384,16.037],[73.0362,16.0348],[73.0312,16.0331],[73.0298,16.0325],[73.0249,16.033],[73.023,16.0355],[73.0195,16.0394],[73.0168,16.0425],[73.0176,16.0467],[73.0182,16.0496],[73.0186,16.0539],[73.0168,16.0563],[73.0137,16.0601],[73.0115,16.062],[73.0132,16.0681],[73.0124,16.0712],[73.01,16.0749],[73.0088,16.078],[73.0126,16.0811],[73.0125,16.0826],[73.0097,16.0846],[73.0104,16.0879],[73.0154,16.0878],[73.018,16.0883],[73.0216,16.0895],[73.0235,16.0891],[73.0293,16.088],[73.0313,16.0864],[73.0352,16.0833],[73.038,16.0828],[73.0398,16.08],[73.0426,16.0774],[73.0469,16.0757],[73.0491,16.0757],[73.0521,16.0755],[73.0544,16.0749],[73.0567,16.0717],[73.0586,16.0681],[73.0617,16.0656],[73.062,16.0617],[73.0649,16.0579],[73.0675,16.0579],[73.069,16.0531],[73.0699,16.049],[73.0728,16.0482],[73.0741,16.0501],[73.0727,16.055],[73.0688,16.057],[73.0644,16.0561],[73.0611,16.0567],[73.056,16.0554],[73.0529,16.0541],[73.0481,16.0514],[73.0456,16.0494],[73.0423,16.0474],[73.0406,16.0502],[73.0378,16.0543],[73.0354,16.0561],[73.031,16.0572],[73.0293,16.0595],[73.0292,16.0642],[73.0297,16.0673],[73.027,16.0704],[73.0249,16.0711],[73.0234,16.0743],[73.0227,16.0763],[73.0239,16.0809],[73.0232,16.0847],[73.0218,16.0887],[73.0201,16.0913],[73.0155,16.0914],[73.0129,16.09],[73.0096,16.0887],[73.0076,16.0881],[73.0016,16.0874],[72.9996,16.0878],[72.9984,16.0914],[72.9968,16.0942],[72.9973,16.0997],[72.996,16.1023],[72.9938,16.1076],[72.9927,16.1119],[72.9917,16.1169],[72.9885,16.119],[72.9841,16.1189],[72.9836,16.1185],[72.9812,16.1148],[72.9795,16.1127],[72.9742,16.1106],[72.9703,16.1078],[72.9691,16.1049],[72.9694,16.1031],[72.9698,16.0987],[72.9686,16.0964],[72.9668,16.0909],[72.9646,16.0877],[72.9631,16.0819],[72.9631,16.0795],[72.9631,16.0735],[72.9646,16.072],[72.9687,16.0725],[72.9678,16.0748],[72.9653,16.0776],[72.9647,16.0802],[72.9652,16.0863],[72.9664,16.0889],[72.9725,16.0887],[72.9762,16.0897],[72.9804,16.092],[72.9825,16.0936],[72.9849,16.0966],[72.9867,16.0994],[72.9886,16.1049],[72.9907,16.1075],[72.9882,16.1112],[72.9848,16.1117],[72.9816,16.1125],[72.9799,16.1146],[72.9777,16.1181],[72.9782,16.1204],[72.9789,16.1249],[72.9815,16.1241],[72.9843,16.1219],[72.9861,16.1187],[72.9896,16.1178],[72.9913,16.1163],[72.9899,16.1137],[72.9865,16.1107],[72.9836,16.1071],[72.9847,16.1034],[72.9845,16.0991],[72.9873,16.0978],[72.9908,16.0969],[72.9938,16.0942],[72.9941,16.0898],[72.9947,16.086],[72.9991,16.0823],[73.0023,16.081],[73.0045,16.078],[73.0061,16.0763],[73.0115,16.0748],[73.0136,16.0758],[73.0172,16.0757],[73.0214,16.0758],[73.0263,16.0739],[73.03,16.0729],[73.0342,16.0722],[73.0381,16.0711],[73.041,16.0695],[73.0441,16.0692],[73.0461,16.0667],[73.0476,16.0633],[73.0492,16.0593],[73.0511,16.0582],[73.0545,16.0552],[73.0577,16.0515],[73.0624,16.0488],[73.0639,16.0462],[73.0679,16.0427],[73.072,16.0422],[73.0747,16.0433],[73.0765,16.0442],[73.0796,16.0456],[73.0818,16.0466],[73.0856,16.0442],[73.0889,16.0427],[73.0932,16.0414],[73.0952,16.0411],[73.1011,16.0405],[73.1041,16.0391],[73.1094,16.0379],[73.1124,16.0386],[73.1148,16.0354],[73.116,16.0321],[73.1171,16.0275],[73.1193,16.0252],[73.1254,16.0238],[73.1279,16.0243],[73.1317,16.023],[73.1339,16.0211],[73.1386,16.018],[73.1408,16.0201],[73.1453,16.0218],[73.1474,16.0243],[73.1469,16.029],[73.146,16.0312],[73.1424,16.0352],[73.1397,16.0376],[73.1374,16.0393],[73.1404,16.0422],[73.1393,16.0469],[73.1396,16.0503],[73.1397,16.0556],[73.1403,16.0583],[73.1405,16.0614],[73.1424,16.0641],[73.1418,16.0692],[73.14,16.0718],[73.1363,16.0747],[73.1339,16.0767],[73.1338,16.08],[73.1349,16.0826],[73.1399,16.081],[73.1426,16.0789],[73.1464,16.0772],[73.1508,16.0774],[73.1554,16.0763]]},"properties":{"mmsi":998929845,"name":"SYN-FSH-02","role":"candidate","vessel_type":30,"synthetic":true,"t_offset_s":[-236520,-236400,-235320,-234480,-234240,-233400,-233160,-232800,-232560,-232200,-231960,-231600,-231360,-231000,-230760,-230400,-230160,-229800,-229560,-229200,-228960,-228600,-228360,-228000,-227760,-227400,-227160,-226800,-226560,-226200,-225960,-225600,-225360,-225000,-224760,-224400,-224160,-223800,-223560,-223200,-222960,-222600,-222360,-222000,-221760,-221400,-221160,-220800,-220560,-220200,-219960,-219600,-219360,-219000,-218760,-218400,-218160,-217800,-217560,-217200,-216960,-216600,-216360,-216000,-215760,-214920,-214800,-214440,-214080,-213960,-213600,-213360,-213000,-212760,-212400,-212160,-211800,-211560,-211200,-210960,-210600,-210360,-207240,-207000,-206760,-206400,-206160,-205800,-205440,-205200,-204960,-204600,-204360,-204000,-203760,-203400,-203160,-202800,-202560,-202200,-201960,-201600,-201360,-201000,-200760,-200400,-200160,-199800,-199560,-199200,-198960,-198600,-198360,-198000,-197760,-197400,-197160,-196800,-196560,-196200,-195960,-195600,-195360,-195000,-194760,-194400,-194160,-193800,-193560,-193200,-192960,-192600,-192360,-192000,-191760,-191400,-191160,-190800,-190560,-190200,-189960,-189600,-189360,-189000,-188760,-188400,-188160,-187800,-187560,-187200,-186960,-186600,-186360,-186000,-185760,-185400,-185160,-184800,-184560,-184200,-183960,-183600,-183360,-183000,-182760,-182400,-182160,-181800,-181560,-181200,-180960,-180600,-180360,-180000,-179760,-179400,-179160,-178800,-178560,-178200,-177960,-177600,-177360,-177000,-176760,-176400,-176160,-175800,-175560,-175200,-174960,-174600,-174360,-174000,-173760,-173400,-173160,-172800,-172560,-172200,-171960,-171600,-171360,-171000,-170760,-170400,-170160,-169800,-169560,-169200,-168960,-168600,-168360,-168000,-167760,-167400,-167160,-166800,-166560,-166200,-165960,-165600,-165360,-165000,-164760,-164400,-164160,-163800,-163560,-163200,-162960,-162600,-162360,-162000,-161760,-161400,-161160,-160800,-160560,-160200,-159960,-159600,-159360,-159000,-158760,-158400,-158160,-157800,-157560,-157200,-156960,-156600,-156360,-156000,-155760,-155400,-155160,-154800,-154560,-154200,-153960,-153600,-153360,-153000,-152760,-152400,-152160,-151800,-151560,-151200,-150960,-150600,-150360,-150000,-149760,-149400,-149160,-148800,-148560,-148200,-147960,-147600,-147360,-147000,-146760,-146400,-146160,-145800,-145560,-145200,-144960,-144600,-144360,-144000,-143760,-143400,-143160,-142800,-142560,-142200,-141960,-141600,-141360,-141000,-140760,-140400,-140160,-139800,-139560,-139200,-138960,-138600,-138360,-138000,-137760,-137400,-137160,-136800,-136560,-136200,-135960,-135600,-135360,-135000,-134760,-134400,-134160,-133800,-133560,-133200,-132960,-132600,-132360,-132000,-131760,-131400,-131160,-130800,-130560,-130200,-129960,-129600,-129360,-129000,-128760,-128400,-128160,-127800,-127560,-127200,-126960,-126600,-126360,-126000,-125760,-125400,-125160,-124800,-124560,-124200,-123960,-123600,-123360,-123000,-122760,-122400,-122160,-121800,-121560,-121200,-120960,-120600,-120360,-120000,-119760,-119400,-119160,-118800,-118560,-118200,-117960,-117600,-117360,-117000,-116760,-116400,-116160,-115800,-115560,-115200,-114960,-114600,-114360,-114000,-113760,-113400,-113160,-112800,-112560,-112200,-111960,-111600,-111360,-111000,-110760,-110400,-110160,-109800,-109560,-109200,-108960,-108600,-108360,-108000,-107760,-107400,-107160,-106800,-106560,-106200,-105960,-105600,-105360,-105000,-104760,-104400,-104160,-103800,-103560,-103200,-102960,-102600,-102360,-102000,-101760,-101400,-101160,-100800,-100560,-100200,-99960,-99600,-99360,-99000,-98760,-98400,-98160,-97800,-97560,-97200,-96960,-96600,-96360,-96000,-95760,-95400,-95160,-94800,-94560,-94200,-93960,-93600,-93360,-93000,-92760,-92400,-92160,-91800,-91560,-91200,-90960,-90600,-90360,-90000,-89760,-89400,-89160,-88800,-88560,-88200,-87960,-87600,-87360,-87000,-86760,-86400,-86160,-85800,-85560,-85200,-84960,-84600,-84360,-84000,-83760,-83400,-83160,-82800,-82560,-82200,-81960,-81600,-81360,-81000,-80760,-80400,-80160,-79800,-79560,-79200,-78960,-78600,-78360,-78000,-77760,-77400,-77160,-76800,-76560,-76200,-75960,-75600,-75360,-75000,-74760,-74400,-74160,-73800,-73560,-73200,-72960,-72600,-72360,-72000,-71760,-71400,-71160,-70800,-70560,-70200,-69960,-69600,-69360,-69000,-68760,-68400,-68160,-67800,-67560,-67200,-66960,-66600,-66360,-66000,-65760,-65400,-65160,-64800,-64560,-64200,-63960,-63600,-63360,-63000,-62760,-62400,-62160,-61800,-61560,-61200,-60960,-60600,-60360,-60000,-59760,-59400,-59160,-58800,-58560,-58200,-57960,-57600,-57360,-57000,-56760,-56400,-56160,-55800,-55560,-55200,-54960,-54600,-54360,-54000,-53760,-53400,-53160,-52800,-52560,-52200,-51960,-51600,-51360,-51000,-50760,-50400,-50160,-49800,-49560,-49200,-48960,-48600,-48360,-48000,-47760,-47400,-47160,-46800,-46560,-46200,-45960,-45600,-45360,-45000,-44760,-44400,-44160,-43800,-43560,-43200,-42960,-42600,-42360,-42000,-41760,-41400,-41160,-40800,-40560,-40200,-39960,-39600,-39360,-39000,-38760,-38400,-38160,-37800,-37560,-37200,-36960,-36600,-36360,-36000,-35760,-35400,-35160,-34800,-34560,-34200,-33960,-33600,-33360,-33000,-32760,-32400,-32160,-31800,-31560,-31200,-30960,-30600,-30360,-30000,-29760,-29400,-29160,-28800,-28560,-28200,-27960,-27600,-27360,-27000,-26760,-26400,-26160,-25800,-25560,-25200,-24960,-24600,-24360,-24000,-23760,-23400,-23160,-22800,-22560,-22200,-21960,-21600,-21360,-21000,-20760,-20400,-20160,-19800,-19560,-19200,-18960,-18600,-18360,-18000,-17760,-17400,-17160,-16800,-16560,-16200,-15960,-15600,-15360,-15000,-14760,-14400,-14160,-13800,-13560,-13200,-12960,-12600,-12360,-12000,-11760,-11400,-11160,-10800,-10560,-10200,-9960,-9600,-9360,-9000,-8760,-8400,-8160,-7800,-7560,-7200,-6960,-6600,-6360,-6000,-5760,-5400,-5160,-4800,-4560,-4200,-3960,-3600,-3360,-3000,-2760,-2400,-2160,-1800,-1560,-1200,-960,-600,-360,0,240,600,840,1200,1440,1800,2040,2400,2640,3000,3240,3600,3840,4200,4440,4800,5040,5400,5640,6000,6240,6600,6840,7200,7440,7800,8040,8400,8640,9000,9240,9600,9840,10200,10440,10800,11040,11400,11640,12000,12240,12600,12840,13200,13440,13800,14040,14400,14640,15000,15240,15600,15840,16200,16440,16800,17040,17400,17640,18000,18240,18600,18840,19200,19440,19800,20040,20400,20640,21000,21240,21600,21840,22200,22440,22800,23040,23400,23640,24000,24240,24600,24840,25200,25440,25800,26040,26400,26640,27000,27240,27600,27840,28200,28440,28800,29040,29400,29640,30000,30240,30600,30840,31200,31440,31800,32040,32400,32640,33000,33240,33600,33840,34200,34440,34800,35040,35400,35640,36000,36240,36600,36840,37200,37440,37800,38040,38400,38640,39000,39240,39600,39840,40200,40440,40800,41040,41400,41640,42000,42240,42600,42840,43200,43440,43800,44040,44400,44640,45000,45240,45600,45840,46200,46440,46800,47040,47400,47640,48000,48240,48600,48840,49200,49440,49800,50040,50400,50640,51000,51240,51600,51840,52200,52440,52800,53040,53400,53640,54000,54240,54600,54840,55200,55440,55800,56040,56400,56640,57000,57240,57600,57840,58200,58440,58800,59040,59400,59640,60000,60240,60600,60840,61200,61440,61800,62040,62400,62640,63000,63240,63600,63840,64200,64440,64800,65040,65400,65640,66000,66240,66600,66840,67200,67440,67800,68040,68400,68640,69000,69240,69600,69840,70200,70440,70800,71040,71400,71640,72000,72240,72600,72840,73200,73440,73800,74040,74400,74640,75000,75240,75600,75840,76200,76440,76800,77040,77400,77640,78000,78240,78600,78840,79200,79440,79800,80040,80400,80640,81000,81240,81600,81840,82200,82440,82800,83040,83400,83640,84000,84240,84600,84840,85200,85440,85800,86040,86400],"sog":[2.8,4.5,3.3,5.0,2.6,3.3,2.4,4.4,4.0,1.8,1.3,2.1,4.2,2.3,1.8,3.4,2.3,2.0,4.5,4.3,1.3,2.8,2.9,1.9,1.6,3.0,4.0,2.6,3.9,4.8,5.1,2.0,2.2,2.6,3.2,4.6,2.7,2.7,4.3,2.1,3.4,2.3,2.2,2.8,2.1,4.4,0.3,2.3,1.6,1.9,4.5,2.2,4.5,3.7,3.0,3.7,3.0,1.9,1.8,3.0,1.8,3.5,2.3,1.8,1.6,3.8,1.5,2.0,2.3,4.9,2.8,4.5,3.1,3.8,2.1,2.8,3.3,3.8,3.6,4.2,2.0,4.1,1.2,1.4,2.1,4.0,3.6,4.3,3.1,2.7,1.8,2.1,4.3,4.1,1.7,4.0,4.2,2.3,2.4,1.8,0.6,4.1,2.6,1.9,2.2,3.0,0.5,3.1,3.4,3.4,4.0,1.2,2.8,3.6,4.2,4.1,3.7,1.9,2.3,3.2,3.2,4.5,1.0,3.1,1.6,3.6,0.9,2.0,4.1,2.6,2.2,1.6,2.9,2.4,0.8,3.7,3.2,2.7,1.6,2.0,1.5,5.2,2.3,3.2,3.6,3.3,2.2,3.8,3.6,4.4,4.0,2.9,2.6,3.7,2.5,2.4,2.9,3.2,3.3,4.3,3.6,2.9,3.3,3.3,3.2,3.6,3.1,2.0,1.7,4.5,1.9,0.3,1.9,2.0,4.1,3.9,0.7,1.6,4.2,4.7,2.6,4.9,4.4,3.0,4.6,3.5,3.4,4.1,3.1,2.7,3.3,2.5,3.6,3.5,4.0,3.0,3.2,3.2,3.2,3.7,3.0,1.9,3.3,3.9,3.5,2.6,3.1,2.0,3.2,2.9,3.2,0.6,2.9,2.7,5.0,0.5,2.0,1.1,2.6,4.2,3.4,3.2,3.1,4.5,3.5,3.3,3.7,4.2,2.9,4.4,1.9,2.5,2.4,3.7,3.5,2.3,2.3,4.3,1.8,2.9,2.4,2.6,2.7,1.6,4.0,3.4,4.3,2.2,3.2,3.5,4.0,2.6,0.3,2.6,3.9,2.6,2.8,2.8,3.4,3.0,3.0,4.0,2.1,1.4,3.6,0.7,1.3,3.5,3.2,2.9,3.5,2.0,1.9,3.3,4.0,2.4,3.4,2.4,2.5,3.7,2.4,2.1,1.5,4.9,2.9,3.4,4.4,3.2,3.7,2.1,3.8,3.4,2.7,3.4,3.7,3.3,2.5,3.2,3.0,3.5,1.2,1.9,2.9,4.0,3.4,3.4,4.5,2.3,2.1,2.2,3.7,3.2,2.1,2.8,2.1,2.7,3.1,2.9,2.5,2.8,2.3,3.3,2.4,2.0,5.2,1.6,4.0,4.0,4.7,2.8,1.2,2.6,4.0,3.1,1.9,3.6,4.0,3.2,2.8,2.8,4.8,3.8,2.4,1.9,2.1,4.5,5.2,4.2,2.3,2.9,4.1,4.0,2.6,1.4,2.0,2.5,2.9,1.5,1.5,3.9,2.8,2.4,3.7,0.8,3.4,4.0,5.1,2.3,3.0,2.4,4.0,3.3,4.5,1.8,4.0,3.8,4.6,2.0,2.5,2.6,4.2,4.0,3.9,4.2,2.9,3.4,2.3,2.1,3.1,4.5,0.7,3.0,2.8,2.1,2.5,3.5,1.3,4.0,2.3,3.5,3.3,3.2,2.8,3.2,4.1,4.1,1.9,2.5,5.1,2.4,3.2,2.8,3.6,2.3,2.9,1.5,3.3,2.6,3.0,5.0,3.0,0.7,3.1,1.3,3.0,4.2,2.6,2.2,4.2,3.5,3.0,3.7,3.7,1.3,2.0,2.7,3.6,2.5,1.9,1.2,2.3,1.1,2.7,1.3,2.3,4.9,4.5,3.6,1.9,3.1,2.0,1.9,3.8,2.9,1.6,0.9,3.1,1.9,2.5,2.6,2.3,3.4,3.1,2.5,3.7,2.3,2.5,2.3,2.5,2.9,4.7,5.2,0.3,4.1,4.6,3.2,4.0,3.8,3.4,3.0,2.8,3.0,2.5,5.4,3.2,2.2,3.1,3.2,1.4,1.2,1.8,3.8,1.2,3.7,2.4,2.6,2.1,2.7,3.3,1.3,3.7,2.9,1.6,2.8,3.2,3.2,2.6,2.9,3.1,1.9,2.3,1.8,3.0,2.4,1.7,2.7,5.1,0.3,3.5,3.9,2.6,2.6,3.2,3.4,3.6,4.6,3.1,3.0,2.6,3.4,2.8,3.9,2.9,4.8,4.6,2.0,6.2,4.3,2.7,2.7,2.9,3.0,3.2,5.0,2.5,2.5,2.3,0.6,3.9,4.3,4.5,3.3,2.6,2.8,2.8,2.2,2.3,3.7,3.0,2.7,1.3,1.5,2.2,3.1,5.9,2.5,2.5,5.2,3.5,2.0,3.0,4.1,2.7,3.2,3.1,1.7,1.9,2.8,1.5,5.6,2.1,3.4,1.9,2.1,3.6,3.1,4.0,4.3,1.2,2.7,3.0,2.3,3.8,2.4,1.5,3.7,3.0,2.7,2.6,3.1,3.1,1.7,2.6,4.4,2.0,2.8,4.8,1.1,2.5,2.6,3.1,3.7,2.7,1.4,1.9,2.1,2.6,3.0,2.1,2.7,3.3,2.4,2.1,5.2,1.4,3.7,1.7,1.6,1.9,4.7,1.4,2.2,3.2,3.9,2.7,3.0,4.1,2.6,2.8,2.3,3.7,4.0,3.6,3.1,4.1,2.0,2.6,3.2,2.6,3.1,1.7,2.9,3.9,3.8,1.1,3.0,2.9,2.7,1.6,4.5,3.4,3.5,1.9,4.8,2.0,2.0,3.6,2.1,3.6,1.6,1.3,4.5,2.2,4.0,3.0,2.7,2.6,3.5,3.9,2.3,1.6,3.8,2.2,3.3,2.8,3.2,2.9,4.6,0.8,2.2,3.1,3.5,3.5,2.9,4.3,3.2,1.7,1.9,2.3,3.1,3.2,0.5,2.4,3.9,1.5,4.5,1.1,3.6,2.9,2.6,2.8,2.4,1.9,2.7,2.1,3.1,5.1,2.9,3.0,2.7,0.3,3.5,3.6,2.2,2.0,3.4,3.2,3.8,2.5,2.6,2.5,3.2,4.2,0.5,1.1,4.2,2.5,2.4,2.1,3.7,1.7,5.0,2.9,2.7,3.3,2.7,3.0,4.3,1.8,3.1,2.8,3.0,2.1,2.8,3.0,3.0,5.2,4.1,2.9,2.8,0.7,1.6,2.1,2.7,3.4,3.0,2.6,3.6,1.8,1.4,3.6,2.8,2.1,3.2,3.4,2.0,2.7,3.0,2.7,3.5,4.0,3.8,1.9,3.1,2.4,1.3,3.7,2.8,2.9,1.7,4.0,5.0,3.1,1.5,3.1,2.7,3.0,3.9,2.2,4.2,5.2,3.3,2.0,2.7,0.3,3.5,2.7,3.1,4.1,3.8,3.2,1.8,2.2,2.7,2.7,2.5,2.0,2.5,4.6,2.1,2.6,2.6,2.5,3.7,3.9,1.7,0.3,4.0,2.3,2.2,0.6,3.4,3.1,3.1,3.1,3.3,3.5,2.2,1.5,0.8,2.1,1.0,1.3,2.9,3.0,3.3,0.9,2.4,1.6,4.6,3.0,2.2,1.9,4.6,3.6,1.6,1.9,2.0,2.4,4.2,3.1,3.8,4.0,2.5,3.1,1.3,2.3,2.6,3.0,3.0,2.0,2.3,3.3,2.7,1.8,0.5,2.6,3.1,2.9,3.2,1.9,4.7,1.7,3.3,3.5,1.6,3.3,3.1,1.7,1.5,3.0,3.0,2.8,2.0,3.1,3.7,2.3,4.1,3.2,1.8,1.3,1.9,3.3,0.3,2.9,3.2,2.1,2.1,3.3,0.7,2.9,3.9,2.8,1.8,3.8,2.2,1.4,2.1,0.8,2.1,2.0,2.9,4.4,3.2,2.4,2.3,4.3,3.5,0.3,3.3,2.6,2.1,4.1,3.7,3.0,2.5,5.6,3.0,2.5,2.4,0.3,2.2,1.1,3.8,3.6,2.4,0.7,3.8,1.9,1.6,3.9,3.4,2.8,4.6,1.8,1.3,2.8,2.4,2.8,3.4,2.5,4.3,4.7,3.4,1.8,1.7,3.4,3.6,2.2,4.7,3.4,1.5,2.6,2.0,1.6,1.4,2.4,1.9,3.1,2.4,1.8,2.9,2.9,1.1,3.1,3.7,1.4,1.9,3.8,3.4,3.2,3.2,2.9,2.3,2.5,2.3,1.6,2.8,4.4,4.2,2.3,4.1,3.9,2.9,3.1,1.2,3.1,3.5,1.7,2.9,3.2,4.0,3.8,3.0,3.0,1.6,1.5,2.2,2.1,3.7,4.1,2.7,3.8,2.3,3.6,4.1,2.3,2.8,3.7,4.2,3.5,4.4,0.6,1.4,4.0,2.2,3.5,3.5,5.1,4.5,3.1,5.1,3.9,1.8,4.0,2.7,1.9,3.1,3.4,1.7,3.9,4.5,2.0,2.9,3.0,3.3,3.2,3.1,3.4,3.6,4.2,3.5]}}],"properties":{"t_image":"2024-05-19T00:56:19Z","step_s":300,"source":"synthetic AIS (PS-permitted)"}}