{"type":"FeatureCollection","features":[{"type":"Feature","geometry":{"type":"LineString","coordinates":[[75.1562,11.547],[75.1331,11.541],[75.1171,11.5365],[75.0933,11.53],[75.0775,11.526],[75.0539,11.5198],[75.0378,11.5156],[75.0147,11.5097],[74.9987,11.5053],[74.9749,11.4992],[74.9591,11.4953],[74.936,11.4896],[74.9204,11.4855],[74.8967,11.4787],[74.8808,11.4746],[74.8575,11.4681],[74.8418,11.4639],[74.8187,11.4582],[74.8028,11.4539],[74.7796,11.4476],[74.7636,11.4431],[74.7401,11.4365],[74.7245,11.4323],[74.701,11.4254],[74.686,11.421],[74.6629,11.4143],[74.647,11.4095],[74.6243,11.4022],[74.6089,11.3977],[74.5859,11.3912],[74.5709,11.3862],[74.5477,11.3787],[74.5321,11.3737],[74.5089,11.3658],[74.4935,11.3607],[74.4704,11.3527],[74.4556,11.3469],[74.4322,11.3385],[74.4167,11.3331],[74.3945,11.325],[74.3789,11.3191],[74.3562,11.3105],[74.341,11.3048],[74.3187,11.2957],[74.3034,11.2897],[74.2801,11.2812],[74.2645,11.2753],[74.2415,11.2667],[74.2264,11.2613],[74.2038,11.2525],[74.1886,11.2468],[74.1654,11.238],[74.1496,11.2325],[74.1275,11.2241],[74.1121,11.2192],[74.0893,11.2108],[74.0739,11.2056],[74.0512,11.1975],[74.0357,11.1919],[74.0122,11.1828],[73.9971,11.1773],[73.9738,11.1689],[73.958,11.1638],[73.9353,11.1558],[73.9196,11.151],[73.8957,11.1436],[73.8801,11.1386],[73.8567,11.1312],[73.8411,11.1261],[73.8179,11.1178],[73.8026,11.1126],[73.7791,11.1044],[73.7632,11.0992],[73.7399,11.0917],[73.7243,11.0874],[73.7007,11.0807],[73.6849,11.0762],[73.6605,11.0698],[73.6449,11.066],[73.6213,11.0601],[73.605,11.0558],[73.5812,11.0499],[73.5649,11.0462],[73.5411,11.0409],[73.5253,11.0369],[73.5014,11.0307],[73.4858,11.0273],[73.4612,11.0215],[73.4452,11.018],[73.4217,11.0131],[73.4057,11.0095],[73.3816,11.0045],[73.3661,11.0009],[73.3415,10.9953],[73.3255,10.9918],[73.3012,10.9868],[73.2846,10.9835],[73.2607,10.98],[73.2444,10.9772],[73.2206,10.9733],[73.2044,10.9706],[73.1802,10.967],[73.1637,10.9641],[73.1397,10.9604],[73.1236,10.958],[73.0995,10.9545],[73.0833,10.9516],[73.0587,10.9478],[73.0424,10.9451],[73.0184,10.9406],[73.0021,10.9376],[72.9777,10.9324],[72.9618,10.9294],[72.9379,10.9242],[72.9219,10.9211],[72.8973,10.9159],[72.8819,10.9124],[72.8582,10.906],[72.8426,10.9021],[72.8187,10.8958],[72.8029,10.8918],[72.7795,10.8853],[72.7641,10.881],[72.7401,10.8744],[72.7244,10.8701],[72.7003,10.8639],[72.6849,10.8591],[72.6611,10.852],[72.6452,10.8471],[72.6219,10.8403],[72.6054,10.8354],[72.5828,10.8284],[72.567,10.8234],[72.5441,10.8162],[72.5286,10.8113],[72.5052,10.8034],[72.4895,10.7985],[72.4658,10.7913],[72.4503,10.7866],[72.427,10.7795],[72.4116,10.775],[72.3877,10.768],[72.3719,10.7634],[72.3491,10.7566],[72.3339,10.7522],[72.3101,10.7449],[72.2942,10.7407],[72.2707,10.7345],[72.2549,10.7302],[72.2314,10.7233],[72.2157,10.7189],[72.1921,10.7125],[72.1762,10.7086],[72.1522,10.7022],[72.1362,10.6982],[72.1121,10.6913],[72.0967,10.6871],[72.0733,10.6809],[72.0577,10.6769],[72.0331,10.6704],[72.0173,10.6667],[71.9934,10.6608],[71.9776,10.6567],[71.954,10.6505],[71.9374,10.6465],[71.9145,10.6401],[71.8983,10.6363],[71.8748,10.6306],[71.8593,10.6268],[71.8359,10.6208],[71.8199,10.6158],[71.7967,10.6092],[71.7811,10.6046],[71.7571,10.5982],[71.7413,10.594],[71.7176,10.5881],[71.7017,10.5838],[71.6783,10.5776],[71.6624,10.5735],[71.6389,10.5676],[71.6229,10.5638],[71.5994,10.5585],[71.5831,10.5547],[71.5593,10.5494],[71.5438,10.5455],[71.5198,10.5398],[71.5043,10.5356],[71.4806,10.5306],[71.4646,10.5268],[71.4407,10.5206],[71.4249,10.517],[71.4013,10.5112],[71.3859,10.5075],[71.3617,10.5017],[71.3459,10.4977],[71.3218,10.4919],[71.3059,10.4876],[71.2822,10.4816],[71.2659,10.4775],[71.2422,10.4717],[71.2262,10.4679],[71.2024,10.462],[71.1862,10.458],[71.1626,10.4523],[71.1471,10.4487],[71.123,10.4434],[71.107,10.44],[71.0829,10.4343],[71.0671,10.4305],[71.043,10.425],[71.0269,10.4215],[71.0027,10.4156],[70.9864,10.412],[70.9619,10.4064],[70.9463,10.4027],[70.9219,10.3973],[70.9064,10.3938],[70.8826,10.3883],[70.8669,10.3846],[70.8427,10.3793],[70.8273,10.3758],[70.8043,10.3703],[70.7878,10.3659],[70.7642,10.3597],[70.7483,10.3563],[70.7251,10.3507],[70.7089,10.3469],[70.6843,10.3412],[70.6684,10.3377],[70.6454,10.3329],[70.6296,10.3292],[70.6052,10.3237],[70.5891,10.32],[70.5649,10.3142],[70.5489,10.3103],[70.5247,10.3048],[70.5087,10.3009],[70.4848,10.2952],[70.4688,10.2913],[70.4454,10.2859],[70.4296,10.2822],[70.4053,10.2765],[70.39,10.2734],[70.3661,10.268],[70.3502,10.2643],[70.3262,10.2579],[70.3103,10.2542],[70.2872,10.2484],[70.2713,10.2446],[70.2479,10.2392],[70.2319,10.2356],[70.2083,10.2304],[70.1927,10.2271],[70.1693,10.2217],[70.1536,10.2184],[70.1297,10.2132],[70.1139,10.2103],[70.09,10.2061],[70.0739,10.2032],[70.0496,10.1986],[70.0338,10.1955],[70.0093,10.1914],[69.9933,10.1887],[69.969,10.1847],[69.9535,10.1821],[69.9289,10.1777],[69.9128,10.1748],[69.8881,10.1708],[69.8724,10.1678],[69.8482,10.1631],[69.8321,10.1603],[69.8079,10.1556],[69.7921,10.1525],[69.7681,10.1477],[69.7517,10.1445],[69.7282,10.1392],[69.7121,10.1359],[69.6882,10.1311],[69.6727,10.1276],[69.6488,10.1221],[69.6329,10.1185],[69.609,10.1127],[69.5933,10.1092],[69.5692,10.104],[69.5541,10.1003],[69.53,10.0945],[69.5145,10.0907],[69.4899,10.0852],[69.4746,10.0815],[69.4507,10.0758],[69.4351,10.0717],[69.4108,10.0654],[69.3951,10.0612],[69.3717,10.0545],[69.3564,10.0501],[69.3329,10.0435],[69.3169,10.0394],[69.2931,10.0338],[69.2774,10.0297],[69.254,10.0239],[69.2386,10.0202],[69.2147,10.0139],[69.1991,10.0099],[69.1753,10.0044],[69.1591,10.0003]]},"properties":{"mmsi":991106698,"name":"SYN-CAR-08","role":"candidate","vessel_type":70,"synthetic":true,"t_offset_s":[-233999,-233639,-233399,-233039,-232799,-232439,-232199,-231839,-231599,-231239,-230999,-230639,-230399,-230039,-229799,-229439,-229199,-228839,-228599,-228239,-227999,-227639,-227399,-227039,-226799,-226439,-226199,-225839,-225599,-225239,-224999,-224639,-224399,-224039,-223799,-223439,-223199,-222839,-222599,-222239,-221999,-221639,-221399,-221039,-220799,-220439,-220199,-219839,-219599,-219239,-218999,-218639,-218399,-218039,-217799,-217439,-217199,-216839,-216599,-216239,-215999,-215639,-215399,-215039,-214799,-214439,-214199,-213839,-213599,-213239,-212999,-212639,-212399,-212039,-211799,-211439,-211199,-210839,-210599,-210239,-209999,-209639,-209399,-209039,-208799,-208439,-208199,-207839,-207599,-207239,-206999,-206639,-206399,-206039,-205799,-205439,-205199,-204839,-204599,-204239,-203999,-203639,-203399,-203039,-202799,-202439,-202199,-201839,-201599,-201239,-200999,-200639,-200399,-200039,-199799,-199439,-199199,-198839,-198599,-198239,-197999,-197639,-197399,-197039,-196799,-196439,-196199,-195839,-195599,-195239,-194999,-194639,-194399,-194039,-193799,-193439,-193199,-192839,-192599,-192239,-191999,-191639,-191399,-191039,-190799,-190439,-190199,-189839,-189599,-189239,-188999,-188639,-188399,-188039,-187799,-187439,-187199,-186839,-186599,-186239,-185999,-185639,-185399,-185039,-184799,-184439,-184199,-183839,-183599,-183239,-182999,-182639,-182399,-182039,-181799,-181439,-181199,-180839,-180599,-180239,-179999,-179639,-179399,-179039,-178799,-178439,-178199,-177839,-177599,-177239,-176999,-176639,-176399,-176039,-175799,-175439,-175199,-174839,-174599,-174239,-173999,-173639,-173399,-173039,-172799,-172439,-172199,-171839,-171599,-171239,-170999,-170639,-170399,-170039,-169799,-169439,-169199,-168839,-168599,-168239,-167999,-167639,-167399,-167039,-166799,-166439,-166199,-165839,-165599,-165239,-164999,-164639,-164399,-164039,-163799,-163439,-163199,-162839,-162599,-162239,-161999,-161639,-161399,-161039,-160799,-160439,-160199,-159839,-159599,-159239,-158999,-158639,-158399,-158039,-157799,-157439,-157199,-156839,-156599,-156239,-155999,-155639,-155399,-155039,-154799,-154439,-154199,-153839,-153599,-153239,-152999,-152639,-152399,-152039,-151799,-151439,-151199,-150839,-150599,-150239,-149999,-149639,-149399,-149039,-148799,-148439,-148199,-147839,-147599,-147239,-146999,-146639,-146399,-146039,-145799,-145439,-145199,-144839,-144599,-144239,-143999,-143639,-143399,-143039,-142799],"sog":[14.3,14.6,14.7,14.2,14.5,14.6,14.3,14.4,14.5,14.5,14.3,14.3,14.5,14.5,13.9,14.3,14.1,14.2,14.2,14.2,14.4,14.3,14.6,14.6,14.2,13.9,14.5,14.1,14.2,13.5,14.1,13.9,14.4,14.8,14.5,14.3,14.0,14.5,14.1,13.9,14.4,14.2,14.3,14.3,14.6,14.6,15.1,14.7,14.6,14.1,14.4,14.7,14.6,14.1,14.2,14.5,13.7,14.1,14.5,14.9,13.9,14.9,14.3,14.5,14.3,14.3,14.3,14.2,14.7,14.6,14.4,14.4,14.8,14.1,14.2,14.8,15.0,14.4,14.6,14.5,15.1,14.6,14.4,14.3,14.5,14.6,14.5,14.9,14.6,14.2,14.3,14.4,14.1,14.6,14.1,14.2,14.9,14.1,14.2,14.0,14.3,14.6,14.6,14.6,14.1,13.7,14.2,15.1,14.6,14.8,14.7,14.5,14.7,15.1,14.4,14.7,14.1,14.3,14.4,14.5,14.3,14.3,14.2,14.5,14.4,14.3,14.4,14.2,14.7,14.2,15.0,14.3,14.2,14.0,14.8,14.6,14.5,14.3,14.5,14.3,14.2,14.4,14.3,14.1,14.2,14.6,14.3,14.1,14.5,14.5,14.3,14.9,14.2,14.8,14.5,14.6,14.5,13.9,14.2,14.9,14.3,14.6,14.1,14.7,14.5,14.2,14.2,14.3,13.6,14.8,14.8,14.3,14.3,15.0,14.3,14.7,14.3,14.2,14.5,14.5,14.1,14.3,14.6,14.2,14.0,14.6,14.6,13.8,14.7,14.7,14.0,14.7,13.8,14.3,14.6,14.6,14.1,14.7,14.5,14.6,14.9,14.3,14.3,13.9,14.0,14.4,14.6,14.5,14.4,14.3,14.4,14.7,14.6,14.6,14.6,14.3,14.0,14.8,14.6,14.5,14.3,13.9,15.1,14.5,14.4,14.3,14.7,14.6,14.4,14.3,14.7,14.5,14.6,14.1,14.2,14.8,15.0,14.3,14.6,13.9,14.3,14.5,13.8,14.1,14.2,14.6,14.5,14.1,14.2,14.4,14.4,14.6,13.9,14.0,13.9,14.0,14.5,14.3,14.8,14.6,14.3,15.1,14.1,14.5,13.9,14.6,14.1,14.4,14.6,14.6,14.9,14.0,14.7,14.3,14.1,14.8,14.4,14.1,14.0,14.3,14.6,14.4,14.4,14.1,13.5,14.9,14.7,14.2,14.1,14.5,14.3,14.3,14.3,14.3,14.2,14.2,14.3,14.2,14.3,13.9,13.8,14.7,14.3,14.0,14.9]}},{"type":"Feature","geometry":{"type":"LineString","coordinates":[[70.238,9.9037],[70.2493,9.9219],[70.2568,9.9345],[70.2674,9.9524],[70.275,9.9648],[70.2851,9.9828],[70.2925,9.9958],[70.3032,10.0146],[70.3101,10.0268],[70.3215,10.0454],[70.3289,10.0571],[70.3402,10.0756],[70.3475,10.0878],[70.3589,10.106],[70.3665,10.1177],[70.3783,10.1355],[70.3863,10.1475],[70.3976,10.1649],[70.4052,10.1768],[70.4168,10.1946],[70.4246,10.207],[70.4366,10.2258],[70.4445,10.2373],[70.4559,10.2555],[70.463,10.2672],[70.4746,10.2846],[70.4821,10.2965],[70.4933,10.314],[70.5012,10.3262],[70.5126,10.3441],[70.5202,10.3557],[70.5324,10.3738],[70.5402,10.3862],[70.5519,10.4041],[70.5597,10.4165],[70.571,10.4348],[70.5792,10.4463],[70.5908,10.4641],[70.5985,10.476],[70.6106,10.4935],[70.6189,10.5058],[70.6306,10.5243],[70.6386,10.5364],[70.6501,10.5542],[70.6577,10.566],[70.6695,10.5835],[70.6778,10.5955],[70.69,10.6143],[70.6977,10.626],[70.7096,10.6445],[70.7173,10.6561],[70.7297,10.6742],[70.7377,10.6857],[70.7498,10.7037],[70.7581,10.7159],[70.7703,10.7329],[70.7791,10.7451],[70.7916,10.762],[70.7997,10.7734],[70.8125,10.7905],[70.821,10.8021],[70.8333,10.8191],[70.8415,10.8316],[70.8542,10.8496],[70.8621,10.861],[70.8745,10.8787],[70.8826,10.8906],[70.8952,10.9082],[70.9035,10.9194],[70.9157,10.9369],[70.924,10.9483],[70.936,10.9657],[70.9443,10.9775],[70.9571,10.9954],[70.965,11.0068],[70.9775,11.0242],[70.9857,11.0361],[70.9976,11.0528],[71.0056,11.0644],[71.0175,11.0824],[71.0256,11.0942],[71.038,11.1118],[71.0462,11.1236],[71.0586,11.1413],[71.0669,11.1532],[71.0792,11.1708],[71.0873,11.1825],[71.0997,11.2],[71.1085,11.212],[71.1213,11.2292],[71.13,11.241],[71.1427,11.2581],[71.1509,11.2692],[71.1638,11.2865],[71.1717,11.2986],[71.1845,11.3154],[71.1929,11.3272],[71.2057,11.344],[71.2141,11.3557],[71.2265,11.373],[71.2351,11.384],[71.2481,11.4018],[71.2569,11.4131],[71.2692,11.4302],[71.2774,11.4418],[71.29,11.4598],[71.2982,11.4718],[71.3101,11.4895],[71.3183,11.5013],[71.3305,11.5186],[71.3385,11.5306],[71.3502,11.5479],[71.3582,11.5598],[71.3702,11.5777],[71.3784,11.5894],[71.3905,11.6071],[71.3988,11.6189],[71.4117,11.6366],[71.4202,11.6482],[71.432,11.665],[71.4403,11.677],[71.4522,11.6952],[71.4605,11.7064],[71.4727,11.7242],[71.4811,11.736],[71.4939,11.7536],[71.5022,11.7653],[71.5152,11.7819],[71.524,11.793],[71.5369,11.8099],[71.5458,11.8219],[71.5593,11.8389],[71.5682,11.8497],[71.5818,11.8662],[71.5906,11.8777],[71.6042,11.8945],[71.6129,11.9056],[71.6265,11.9225],[71.6355,11.9334],[71.649,11.95],[71.6582,11.9613],[71.672,11.9777],[71.6812,11.9891],[71.6943,12.0059],[71.7036,12.0176],[71.717,12.0349],[71.7252,12.0458],[71.7382,12.063],[71.7464,12.0745],[71.7584,12.0912],[71.7676,12.1028],[71.7808,12.1205],[71.7897,12.132],[71.8025,12.1495],[71.811,12.1615],[71.8232,12.1789],[71.8312,12.1903],[71.844,12.2073],[71.8526,12.2188],[71.8659,12.2361],[71.8741,12.2473],[71.8873,12.2644],[71.8962,12.2759],[71.9088,12.2933],[71.9172,12.3046],[71.9299,12.3222],[71.9389,12.3342],[71.9514,12.3517],[71.9603,12.3632],[71.9733,12.3801],[71.9824,12.3912],[71.9956,12.4083],[72.0043,12.4191],[72.0177,12.4361],[72.0267,12.4468],[72.0406,12.4635],[72.0499,12.4746],[72.0636,12.4908],[72.0731,12.502],[72.0874,12.5177],[72.0967,12.5283],[72.111,12.5447],[72.1207,12.5551],[72.1349,12.5711],[72.1441,12.5819],[72.1574,12.598],[72.1665,12.609],[72.1807,12.625],[72.1903,12.6359],[72.2047,12.6525],[72.2143,12.6632],[72.2282,12.68],[72.2376,12.691],[72.2521,12.7074],[72.2618,12.7178],[72.2763,12.7342],[72.2858,12.7446],[72.3002,12.7611],[72.3101,12.7713],[72.3241,12.787],[72.3337,12.7979],[72.3482,12.8143],[72.3574,12.8251],[72.3721,12.8415],[72.3813,12.8521],[72.395,12.8679],[72.4045,12.8786],[72.4183,12.8952],[72.4276,12.9061],[72.4409,12.9226],[72.4503,12.9337],[72.4642,12.9501],[72.4737,12.9611],[72.487,12.9779],[72.4958,12.989],[72.5095,13.0048],[72.5186,13.0159],[72.5324,13.0326],[72.5416,13.0433],[72.5557,13.0595],[72.5646,13.0705],[72.578,13.0871],[72.587,13.0981],[72.6001,13.1144],[72.6094,13.1256],[72.623,13.1427],[72.6327,13.1536],[72.6463,13.1697],[72.6556,13.1804],[72.6696,13.1969],[72.6792,13.2073],[72.6934,13.223],[72.7022,13.2343],[72.7159,13.2506],[72.7253,13.2614],[72.7393,13.2776],[72.7489,13.289],[72.7628,13.3054],[72.7722,13.3163],[72.7865,13.3319],[72.7958,13.3422],[72.8108,13.3585],[72.8206,13.3693],[72.8354,13.3847],[72.8456,13.3951],[72.8603,13.4105],[72.8703,13.4214],[72.8849,13.4373],[72.8948,13.4483],[72.9092,13.4645],[72.9187,13.4749],[72.9328,13.4914],[72.9419,13.5023],[72.9561,13.5186],[72.9653,13.5297],[72.9794,13.5461],[72.9888,13.5571],[73.0022,13.5732],[73.0117,13.5842],[73.0253,13.6005],[73.0345,13.6113],[73.0486,13.6272],[73.0579,13.6373],[73.072,13.6532],[73.0813,13.6642],[73.0958,13.6811],[73.105,13.6913],[73.119,13.7076],[73.1286,13.7186],[73.1426,13.7353],[73.1515,13.7457],[73.1654,13.763],[73.1742,13.7739],[73.1884,13.7904],[73.1971,13.8009],[73.2102,13.8172],[73.2196,13.8282],[73.2336,13.8446],[73.243,13.8554],[73.257,13.8721],[73.2663,13.8824],[73.2802,13.8988],[73.2898,13.91],[73.3041,13.9259],[73.3137,13.937],[73.3278,13.9531],[73.3367,13.9632],[73.351,13.9799],[73.3602,13.9906],[73.3744,14.0071],[73.3839,14.0178],[73.3989,14.0338],[73.409,14.044],[73.4235,14.0595],[73.4333,14.0704],[73.4478,14.086],[73.4576,14.0963],[73.4718,14.1118],[73.4822,14.1223],[73.4962,14.1382],[73.5063,14.1488],[73.5209,14.1646],[73.5306,14.1748],[73.5451,14.1906],[73.555,14.2014],[73.5696,14.2172],[73.5787,14.2272],[73.5936,14.2432],[73.6038,14.2536],[73.6187,14.2692],[73.6289,14.2802],[73.6432,14.295],[73.6535,14.3053],[73.6686,14.3215],[73.6786,14.3322],[73.6933,14.3471],[73.7032,14.3572],[73.7176,14.373],[73.7274,14.3831],[73.7423,14.3987],[73.7523,14.409],[73.7669,14.4251],[73.7771,14.4357],[73.7921,14.4517],[73.8021,14.4621],[73.8172,14.4777],[73.8271,14.4876],[73.8419,14.5035],[73.852,14.5141],[73.8664,14.5302],[73.8761,14.5405],[73.8908,14.556],[73.9007,14.5666],[73.9159,14.5822],[73.9257,14.5925],[73.941,14.6078],[73.951,14.618],[73.9663,14.6332],[73.9769,14.6433],[73.9923,14.6581],[74.0026,14.6675],[74.0184,14.6816],[74.029,14.6906],[74.0452,14.705],[74.0562,14.7147],[74.072,14.7283],[74.0828,14.7378],[74.0994,14.7523],[74.1102,14.761],[74.1271,14.7743]]},"properties":{"mmsi":991217069,"name":"SYN-TAN-19","role":"candidate","vessel_type":80,"synthetic":true,"t_offset_s":[-121480,-121120,-120880,-120520,-120280,-119920,-119680,-119320,-119080,-118720,-118480,-118120,-117880,-117520,-117280,-116920,-116680,-116320,-116080,-115720,-115480,-115120,-114880,-114520,-114280,-113920,-113680,-113320,-113080,-112720,-112480,-112120,-111880,-111520,-111280,-110920,-110680,-110320,-110080,-109720,-109480,-109120,-108880,-108520,-108280,-107920,-107680,-107320,-107080,-106720,-106480,-106120,-105880,-105520,-105280,-104920,-104680,-104320,-104080,-103720,-103480,-103120,-102880,-102520,-102280,-101920,-101680,-101320,-101080,-100720,-100480,-100120,-99880,-99520,-99280,-98920,-98680,-98320,-98080,-97720,-97480,-97120,-96880,-96520,-96280,-95920,-95680,-95320,-95080,-94720,-94480,-94120,-93880,-93520,-93280,-92920,-92680,-92320,-92080,-91720,-91480,-91120,-90880,-90520,-90280,-89920,-89680,-89320,-89080,-88720,-88480,-88120,-87880,-87520,-87280,-86920,-86680,-86320,-86080,-85720,-85480,-85120,-84880,-84520,-84280,-83920,-83680,-83320,-83080,-82720,-82480,-82120,-81880,-81520,-81280,-80920,-80680,-80320,-80080,-79720,-79480,-79120,-78880,-78520,-78280,-77920,-77680,-77320,-77080,-76720,-76480,-76120,-75880,-75520,-75280,-74920,-74680,-74320,-74080,-73720,-73480,-73120,-72880,-72520,-72280,-71920,-71680,-71320,-71080,-70720,-70480,-70120,-69880,-69520,-69280,-68920,-68680,-68320,-68080,-67720,-67480,-67120,-66880,-66520,-66280,-65920,-65680,-65320,-65080,-64720,-64480,-64120,-63880,-63520,-63280,-62920,-62680,-62320,-62080,-61720,-61480,-61120,-60880,-60520,-60280,-59920,-59680,-59320,-59080,-58720,-58480,-58120,-57880,-57520,-57280,-56920,-56680,-56320,-56080,-55720,-55480,-55120,-54880,-54520,-54280,-53920,-53680,-53320,-53080,-52720,-52480,-52120,-51880,-51520,-51280,-50920,-50680,-50320,-50080,-49720,-49480,-49120,-48880,-48520,-48280,-47920,-47680,-47320,-47080,-46720,-46480,-46120,-45880,-45520,-45280,-44920,-44680,-44320,-44080,-43720,-43480,-43120,-42880,-42520,-42280,-41920,-41680,-41320,-41080,-40720,-40480,-40120,-39880,-39520,-39280,-38920,-38680,-38320,-38080,-37720,-37480,-37120,-36880,-36520,-36280,-35920,-35680,-35320,-35080,-34720,-34480,-34120,-33880,-33520,-33280,-32920,-32680,-32320,-32080,-31720,-31480,-31120,-30880,-30520,-30280,-29920,-29680,-29320,-29080,-28720,-28480,-28120,-27880,-27520,-27280,-26920,-26680,-26320,-26080,-25720,-25480,-25120,-24880,-24520,-24280,-23920,-23680,-23320,-23080,-22720,-22480,-22120,-21880,-21520,-21280,-20920,-20680,-20320,-20080,-19720,-19480,-19120,-18880,-18520,-18280,-17920,-17680,-17320,-17080,-16720],"sog":[13.1,12.7,13.1,12.6,12.6,13.0,12.8,12.9,12.7,13.0,12.2,13.2,12.5,12.7,12.4,13.2,12.5,11.9,13.0,13.2,13.2,13.3,13.1,12.6,12.4,12.3,12.7,12.4,12.9,12.6,12.1,12.8,13.0,12.9,13.0,12.6,12.4,12.7,12.9,12.5,12.7,13.1,12.6,13.0,12.6,12.6,12.9,13.4,12.7,12.4,13.1,12.5,13.0,12.8,13.4,12.3,13.3,13.2,12.4,13.1,13.0,12.7,12.9,13.1,12.3,12.6,12.8,13.2,12.7,12.5,12.6,12.6,13.2,12.3,12.7,12.1,12.6,12.6,12.8,12.7,12.9,12.9,12.9,13.0,12.9,12.7,13.2,12.8,13.0,13.3,13.2,12.5,12.3,12.7,12.8,12.6,12.6,12.4,13.0,13.0,12.5,13.0,13.3,12.5,12.6,13.2,13.0,12.9,13.5,12.8,12.6,12.6,12.6,13.3,12.6,12.6,12.6,13.2,12.7,12.0,12.9,12.6,12.8,12.7,12.8,12.9,12.9,12.3,12.7,12.6,12.6,12.5,12.8,12.8,12.7,13.0,12.6,12.8,12.7,12.5,12.9,12.6,13.0,12.4,13.5,12.9,11.9,12.8,12.4,12.6,13.3,12.6,13.3,12.7,12.8,12.8,12.0,13.3,13.4,13.1,12.6,12.6,12.6,12.6,12.8,13.0,13.2,12.7,13.1,12.6,13.1,12.6,12.4,12.7,12.8,12.9,12.6,12.5,12.7,13.2,12.4,12.9,12.4,12.7,12.5,12.6,12.4,12.6,13.1,12.3,13.4,12.7,12.5,13.0,12.7,12.8,12.5,12.4,12.9,12.6,12.7,12.9,12.8,12.5,13.0,12.4,12.9,12.7,12.9,12.3,13.0,12.3,13.0,12.8,12.6,12.6,12.6,12.5,12.7,12.9,12.0,12.3,12.3,12.6,13.0,13.0,12.9,12.7,12.6,12.5,12.3,12.7,12.7,12.8,12.6,12.6,12.8,13.1,12.6,12.5,12.4,13.2,13.4,12.5,12.6,12.7,12.7,12.8,12.8,12.8,12.5,13.0,12.7,12.9,12.6,13.1,12.8,12.4,12.9,12.6,12.7,12.2,12.5,12.2,12.9,12.9,12.1,12.6,12.9,13.0,12.7,13.2,13.0,12.9,12.6,12.6,12.8,12.7,12.5,12.5,12.6,12.9,13.3,13.1,13.0,12.8,11.9,13.1,12.7,12.6,12.4,12.5,12.8,12.3,12.6,12.6,12.7,12.9,13.1,13.2,13.0,13.0,12.4,12.8,13.0,12.3,12.3,13.3,12.8,13.0,13.0,12.2,12.7,13.1,12.7,12.5,12.4,12.6,12.7,12.5,12.8,12.7,12.8,13.2,12.7,13.0,12.8,12.3,12.9,12.3,12.6,12.3,12.5,12.8,12.9,13.1,12.6,12.9,12.6,12.5,12.7,12.7,12.5,13.2,12.8,12.6,12.2,12.6,12.7,12.0]}},{"type":"Feature","geometry":{"type":"LineString","coordinates":[[76.3812,9.3148],[76.3704,9.3211],[76.3543,9.3306],[76.3437,9.3363],[76.3276,9.3456],[76.3168,9.3515],[76.2998,9.3605],[76.289,9.3662],[76.2723,9.3749],[76.2612,9.3808],[76.2443,9.3897],[76.2337,9.3955],[76.2173,9.4042],[76.2061,9.4099],[76.1891,9.4181],[76.1781,9.4238],[76.1615,9.4321],[76.1508,9.437],[76.1338,9.4454],[76.1225,9.4509],[76.106,9.459],[76.0951,9.4648],[76.0786,9.4732],[76.0678,9.4788],[76.0514,9.4874],[76.0399,9.4936],[76.0238,9.5023],[76.0126,9.5084],[75.9957,9.517],[75.9849,9.5224],[75.9678,9.5307],[75.9565,9.5363],[75.9398,9.5444],[75.9284,9.55],[75.9115,9.5581],[75.9003,9.5635],[75.8837,9.5717],[75.8727,9.5769],[75.8553,9.5851],[75.8447,9.5902],[75.8274,9.5983],[75.8159,9.6032],[75.7983,9.6111],[75.7871,9.6163],[75.7703,9.6238],[75.7586,9.6286],[75.7419,9.6362],[75.7307,9.6415],[75.7133,9.6491],[75.7019,9.6542],[75.6844,9.6617],[75.6733,9.6664],[75.6561,9.6738],[75.6447,9.6784],[75.6273,9.686],[75.6158,9.691],[75.5987,9.6984],[75.5876,9.7037],[75.5708,9.7118],[75.5594,9.7167],[75.5424,9.7245],[75.5307,9.7299],[75.5138,9.7379],[75.5027,9.7431],[75.486,9.7509],[75.4749,9.7564],[75.4579,9.765],[75.4472,9.7704],[75.4299,9.7791],[75.4187,9.7847],[75.4018,9.7927],[75.3906,9.798],[75.3737,9.806],[75.3624,9.811],[75.3458,9.8191],[75.3342,9.8244],[75.3169,9.8327],[75.3055,9.8382],[75.2884,9.8466],[75.2776,9.8525],[75.261,9.8605],[75.2501,9.866],[75.2333,9.8747],[75.2221,9.88],[75.205,9.8885],[75.1938,9.894],[75.1774,9.9019],[75.1665,9.9073],[75.1496,9.9155],[75.1387,9.9212],[75.1227,9.9299],[75.1115,9.936],[75.095,9.9448],[75.0841,9.9504],[75.0671,9.9595],[75.0563,9.9649],[75.0396,9.9739],[75.0285,9.9796],[75.012,9.9888],[75.0011,9.9941],[74.9849,10.0025],[74.9739,10.0086],[74.9577,10.0163],[74.9462,10.0219],[74.9301,10.0304],[74.9191,10.0361],[74.9022,10.0443],[74.8912,10.0503],[74.8744,10.0585],[74.8634,10.0643],[74.8474,10.0729],[74.8364,10.0789],[74.8197,10.0873],[74.809,10.0932],[74.7926,10.1019],[74.7811,10.108],[74.7651,10.1165],[74.7539,10.1223],[74.7381,10.1309],[74.7268,10.1367],[74.7102,10.1456],[74.6995,10.151],[74.6827,10.1599],[74.6714,10.165],[74.6549,10.1732],[74.6437,10.1785],[74.6278,10.1865],[74.6162,10.192],[74.5996,10.2001],[74.5887,10.2058],[74.5719,10.2139],[74.561,10.2196],[74.5441,10.228],[74.533,10.2341],[74.5162,10.2429],[74.5051,10.2484],[74.4885,10.2572],[74.4773,10.2629],[74.4607,10.272],[74.4495,10.2776],[74.4336,10.2863],[74.4227,10.2918],[74.4061,10.301],[74.3957,10.3071],[74.3796,10.316],[74.3686,10.3223],[74.3521,10.3323],[74.3414,10.3385],[74.3245,10.3479],[74.3141,10.3543],[74.2975,10.3636],[74.2865,10.3699],[74.27,10.3792],[74.2592,10.3852],[74.2434,10.3948],[74.2327,10.401],[74.2162,10.4108],[74.2062,10.4173],[74.1899,10.4263],[74.179,10.4326],[74.1628,10.4424],[74.1517,10.4491],[74.1349,10.4578],[74.1243,10.464],[74.1074,10.4729],[74.0961,10.4782],[74.0794,10.4866],[74.0683,10.4927],[74.0525,10.501],[74.0411,10.5068],[74.0248,10.5157],[74.0128,10.5206],[73.9962,10.5292],[73.9849,10.5346],[73.9676,10.5424],[73.9559,10.548],[73.9398,10.5556],[73.9283,10.5609],[73.9119,10.5688],[73.9005,10.5742],[73.8834,10.5822],[73.8722,10.5879],[73.8557,10.5955],[73.8442,10.6009],[73.8271,10.6092],[73.8155,10.6145],[73.799,10.6224],[73.7878,10.6278],[73.7714,10.6355],[73.76,10.6409],[73.7434,10.6487],[73.7317,10.6541],[73.7147,10.662],[73.7034,10.6672],[73.6865,10.6755],[73.6761,10.6805],[73.6595,10.6887],[73.6481,10.694],[73.631,10.7016],[73.6199,10.7062],[73.6021,10.7142],[73.5913,10.7193],[73.5741,10.7274],[73.5626,10.732],[73.5461,10.7401],[73.5351,10.7452],[73.5182,10.7529],[73.5074,10.7578],[73.4902,10.766],[73.4787,10.7713],[73.4622,10.7796],[73.4504,10.7847],[73.4334,10.7931],[73.4218,10.7983],[73.404,10.8058],[73.3926,10.8108],[73.3751,10.8183],[73.3636,10.8232],[73.3468,10.8303],[73.3352,10.8347],[73.3184,10.8417],[73.3067,10.8464],[73.2896,10.853],[73.2777,10.8576],[73.2598,10.8646],[73.2484,10.8694],[73.2317,10.8761],[73.22,10.8811],[73.2031,10.8881],[73.192,10.8933],[73.1749,10.9007],[73.1639,10.9059],[73.1475,10.9137],[73.1359,10.9189],[73.1189,10.9262],[73.1073,10.9311],[73.0901,10.9383],[73.0788,10.943],[73.0612,10.9495],[73.0493,10.9541],[73.0321,10.9613],[73.02,10.9657],[73.0027,10.9722],[72.9912,10.9767],[72.974,10.9841],[72.9619,10.9886],[72.9447,10.9961],[72.9337,11.0009],[72.916,11.0087],[72.9048,11.0137],[72.8877,11.0215],[72.8766,11.0265],[72.8592,11.0343],[72.848,11.0398],[72.8307,11.0476],[72.8196,11.0525],[72.8033,11.0605],[72.7914,11.0656],[72.7752,11.0735],[72.7642,11.0788],[72.747,11.0871],[72.7354,11.0919],[72.7178,11.0999],[72.707,11.105],[72.6898,11.1125],[72.6783,11.1181],[72.6613,11.1259],[72.6502,11.1313],[72.6329,11.1389],[72.6221,11.1436],[72.6044,11.1508],[72.5929,11.1559],[72.5759,11.1626],[72.5645,11.1676],[72.5473,11.1743],[72.5357,11.1792],[72.518,11.1864],[72.5063,11.1916],[72.4894,11.1989],[72.4771,11.2034],[72.4602,11.2108],[72.4487,11.2152],[72.4314,11.2221],[72.4197,11.2266],[72.4026,11.2335],[72.3911,11.2383],[72.3738,11.2453],[72.3623,11.2501],[72.3449,11.2574],[72.333,11.2624],[72.3164,11.2698],[72.3054,11.275],[72.2885,11.2824],[72.277,11.2871],[72.2599,11.2947],[72.2484,11.2995],[72.2313,11.3069],[72.2197,11.3121],[72.2028,11.3193],[72.1909,11.3241],[72.1735,11.3311],[72.1621,11.336],[72.1452,11.3432],[72.1338,11.3479],[72.1163,11.3556],[72.1056,11.3604],[72.0878,11.3689],[72.0766,11.3739],[72.0601,11.3816],[72.0495,11.3865],[72.0321,11.3948],[72.0203,11.4002],[72.0039,11.4077],[71.9918,11.4125],[71.9751,11.4199],[71.9636,11.4253],[71.9464,11.4325],[71.9346,11.4374],[71.9176,11.4442],[71.9058,11.4493],[71.8886,11.4561],[71.8775,11.4603],[71.8596,11.4675],[71.8483,11.4721],[71.8308,11.4787],[71.8191,11.483],[71.8018,11.4898],[71.7899,11.4945],[71.7721,11.5017],[71.76,11.5061],[71.7423,11.5135],[71.7306,11.5184],[71.7135,11.5251],[71.7021,11.5298],[71.6849,11.5374],[71.6733,11.542],[71.6563,11.5494],[71.6446,11.554],[71.6273,11.5613],[71.6153,11.5666],[71.5978,11.5741],[71.5867,11.5787],[71.5694,11.5862],[71.5577,11.5911],[71.5405,11.5984],[71.5291,11.6031],[71.5117,11.6103],[71.5,11.6147],[71.4836,11.6216],[71.4716,11.6268],[71.4547,11.6338],[71.4429,11.6382],[71.4252,11.6454],[71.4135,11.6502],[71.3963,11.6564],[71.3845,11.6605],[71.3674,11.667],[71.3558,11.6713],[71.3384,11.6777],[71.3269,11.6819],[71.309,11.6883],[71.2974,11.6923],[71.2799,11.6985],[71.2683,11.7026],[71.251,11.7083],[71.2395,11.7122],[71.2219,11.7185],[71.2097,11.7226],[71.1918,11.7291],[71.1804,11.7331],[71.1627,11.7392],[71.1508,11.7435],[71.1328,11.7497],[71.1212,11.7536],[71.1036,11.7602],[71.0924,11.7646],[71.0748,11.7712],[71.063,11.7756],[71.0449,11.7822],[71.0333,11.7864],[71.0155,11.7926],[71.0043,11.797],[70.9868,11.8037],[70.9744,11.8082],[70.9572,11.8149],[70.9454,11.8191],[70.9277,11.8256],[70.9158,11.8301],[70.8987,11.8368],[70.8866,11.8413],[70.8686,11.8482],[70.8568,11.8526],[70.8395,11.859],[70.8277,11.863],[70.8095,11.8699],[70.7978,11.8741],[70.7804,11.8806],[70.7695,11.8848],[70.752,11.891],[70.7401,11.8956],[70.7227,11.9018],[70.711,11.9059],[70.694,11.9117],[70.682,11.9161],[70.6647,11.9221],[70.6528,11.9266],[70.6354,11.9329],[70.6234,11.9377],[70.6057,11.9441],[70.5942,11.9489],[70.5766,11.9552],[70.5646,11.9594],[70.5466,11.9656],[70.535,11.9695],[70.5176,11.9757],[70.5061,11.9798],[70.4882,11.986],[70.4765,11.9902],[70.4593,11.9964],[70.4476,12.0008],[70.429,12.0069],[70.4175,12.0108],[70.3997,12.0173],[70.3876,12.0208],[70.37,12.0268],[70.3581,12.0309],[70.3408,12.037],[70.329,12.0408],[70.3114,12.0469],[70.2996,12.051],[70.282,12.0568],[70.2709,12.0599],[70.2526,12.0662],[70.241,12.07],[70.2232,12.0762],[70.2107,12.0798],[70.1927,12.0857],[70.1811,12.0891],[70.1626,12.0951],[70.1505,12.0989],[70.1322,12.1045],[70.1201,12.1082],[70.1025,12.1138],[70.0905,12.1175],[70.073,12.1226],[70.0615,12.1263],[70.0439,12.1314],[70.0316,12.1351],[70.0136,12.14],[70.0022,12.1434],[69.9837,12.1484],[69.971,12.1513],[69.9527,12.1558],[69.9408,12.1591],[69.923,12.1634],[69.9108,12.1667],[69.8925,12.1717],[69.8802,12.1751],[69.8621,12.1801],[69.85,12.1836],[69.8321,12.1889],[69.8199,12.1921],[69.8017,12.1972],[69.7893,12.2],[69.7713,12.2054],[69.7591,12.2087],[69.741,12.2135],[69.7292,12.2171],[69.7108,12.2217],[69.6989,12.2252],[69.6816,12.2304],[69.6691,12.2338],[69.6511,12.2388],[69.639,12.242],[69.6213,12.2471],[69.6092,12.2503],[69.5911,12.2557],[69.5794,12.2591],[69.5611,12.2643],[69.5492,12.2674],[69.5314,12.2725],[69.5193,12.2761],[69.5022,12.281],[69.4899,12.2839],[69.4718,12.2889],[69.4599,12.2924],[69.4418,12.2974],[69.4299,12.301],[69.4116,12.3071],[69.3994,12.3108],[69.3822,12.3162],[69.3701,12.32],[69.3524,12.3254],[69.3404,12.3287],[69.3224,12.3342],[69.3106,12.3373],[69.2927,12.3422],[69.2806,12.3454],[69.2625,12.3505],[69.2506,12.3538],[69.2324,12.3584],[69.2203,12.3618],[69.2026,12.3674],[69.1904,12.371],[69.1727,12.3765],[69.1601,12.3801],[69.1423,12.3853],[69.1306,12.3894],[69.1123,12.3948],[69.1001,12.3987],[69.0824,12.4041],[69.0705,12.408],[69.0528,12.413],[69.041,12.4168],[69.0226,12.4219],[69.0112,12.425],[68.993,12.4301],[68.9809,12.4333],[68.9634,12.4383],[68.9511,12.4414],[68.933,12.4465],[68.9206,12.4498],[68.9033,12.4545],[68.8908,12.4574],[68.8727,12.4619],[68.8601,12.4651],[68.8421,12.4691],[68.8301,12.4721],[68.8112,12.4767],[68.7987,12.4789],[68.7794,12.4832],[68.7675,12.4856],[68.7485,12.4893],[68.7363,12.4921],[68.718,12.4956],[68.7057,12.4987],[68.6875,12.5026],[68.6755,12.5053],[68.6572,12.5094],[68.645,12.5124],[68.6272,12.5165],[68.6153,12.5187],[68.5971,12.5232],[68.5845,12.5256],[68.5663,12.5301],[68.5538,12.5326],[68.5354,12.5366],[68.5237,12.5395],[68.505,12.5438],[68.4927,12.5469],[68.4751,12.5511],[68.4629,12.5546],[68.4447,12.5592],[68.4329,12.5619],[68.4146,12.5669],[68.4018,12.5701],[68.3842,12.5751],[68.3718,12.5781],[68.3533,12.583],[68.3412,12.5861],[68.3226,12.591],[68.3107,12.5942],[68.2921,12.5987],[68.28,12.602],[68.2618,12.6067],[68.2499,12.61],[68.2311,12.6146],[68.2191,12.6175],[68.2011,12.6218],[68.1889,12.6248],[68.1704,12.6293],[68.1585,12.632],[68.1407,12.636],[68.1283,12.6384],[68.1099,12.6432],[68.0978,12.646],[68.0795,12.6507],[68.0667,12.6533],[68.0486,12.658],[68.0361,12.6603],[68.0179,12.6638],[68.0057,12.6666],[67.9875,12.6708],[67.975,12.6737],[67.9572,12.6778],[67.9457,12.68],[67.9269,12.6837],[67.9145,12.6863],[67.8961,12.6892],[67.8832,12.6913],[67.866,12.6942],[67.8532,12.6962],[67.8352,12.6986],[67.8225,12.7009],[67.8042,12.7037]]},"properties":{"mmsi":991544097,"name":"SYN-CAR-SRC","role":"candidate","vessel_type":70,"synthetic":true,"t_offset_s":[-162240,-162000,-161640,-161400,-161040,-160800,-160440,-160200,-159840,-159600,-159240,-159000,-158640,-158400,-158040,-157800,-157440,-157200,-156840,-156600,-156240,-156000,-155640,-155400,-155040,-154800,-154440,-154200,-153840,-153600,-153240,-153000,-152640,-152400,-152040,-151800,-151440,-151200,-150840,-150600,-150240,-150000,-149640,-149400,-149040,-148800,-148440,-148200,-147840,-147600,-147240,-147000,-146640,-146400,-146040,-145800,-145440,-145200,-144840,-144600,-144240,-144000,-143640,-143400,-143040,-142800,-142440,-142200,-141840,-141600,-141240,-141000,-140640,-140400,-140040,-139800,-139440,-139200,-138840,-138600,-138240,-138000,-137640,-137400,-137040,-136800,-136440,-136200,-135840,-135600,-135240,-135000,-134640,-134400,-134040,-133800,-133440,-133200,-132840,-132600,-132240,-132000,-131640,-131400,-131040,-130800,-130440,-130200,-129840,-129600,-129240,-129000,-128640,-128400,-128040,-127800,-127440,-127200,-126840,-126600,-126240,-126000,-125640,-125400,-125040,-124800,-124440,-124200,-123840,-123600,-123240,-123000,-122640,-122400,-122040,-121800,-121440,-121200,-120840,-120600,-120240,-120000,-119640,-119400,-119040,-118800,-118440,-118200,-117840,-117600,-117240,-117000,-116640,-116400,-116040,-115800,-115440,-115200,-114840,-114600,-114240,-114000,-113640,-113400,-113040,-112800,-112440,-112200,-111840,-111600,-111240,-111000,-110640,-110400,-110040,-109800,-109440,-109200,-108840,-108600,-108240,-108000,-107640,-107400,-107040,-106800,-106440,-106200,-105840,-105600,-105240,-105000,-104640,-104400,-104040,-103800,-103440,-103200,-102840,-102600,-102240,-102000,-101640,-101400,-101040,-100800,-100440,-100200,-99840,-99600,-99240,-99000,-98640,-98400,-98040,-97800,-97440,-97200,-96840,-96600,-96240,-96000,-95640,-95400,-95040,-94800,-94440,-94200,-93840,-93600,-93240,-93000,-92640,-92400,-92040,-91800,-91440,-91200,-90840,-90600,-90240,-90000,-89640,-89400,-89040,-88800,-88440,-88200,-87840,-87600,-87240,-87000,-86640,-86400,-86040,-85800,-85440,-85200,-84840,-84600,-84240,-84000,-83640,-83400,-83040,-82800,-82440,-82200,-81840,-81600,-81240,-81000,-80640,-80400,-80040,-79800,-79440,-79200,-78840,-78600,-78240,-78000,-77640,-77400,-77040,-76800,-76440,-76200,-75840,-75600,-75240,-75000,-74640,-74400,-74040,-73800,-73440,-73200,-72840,-72600,-72240,-72000,-71640,-71400,-71040,-70800,-70440,-70200,-69840,-69600,-69240,-69000,-68640,-68400,-68040,-67800,-67440,-67200,-66840,-66600,-66240,-66000,-65640,-65400,-65040,-64800,-64440,-64200,-63840,-63600,-63240,-63000,-62640,-62400,-62040,-61800,-61440,-61200,-60840,-60600,-60240,-60000,-59640,-59400,-59040,-58800,-58440,-58200,-57840,-57600,-57240,-57000,-56640,-56400,-56040,-55800,-55440,-55200,-54840,-54600,-54240,-54000,-53640,-53400,-53040,-52800,-52440,-52200,-51840,-51600,-51240,-51000,-50640,-50400,-50040,-49800,-49440,-49200,-48840,-48600,-48240,-48000,-47640,-47400,-47040,-46800,-46440,-46200,-45840,-45600,-45240,-45000,-44640,-44400,-44040,-43800,-43440,-43200,-42840,-42600,-42240,-42000,-41640,-41400,-41040,-40800,-40440,-40200,-39840,-39600,-39240,-39000,-38640,-38400,-38040,-37800,-37440,-37200,-36840,-36600,-36240,-36000,-35640,-35400,-35040,-34800,-34440,-34200,-33840,-33600,-33240,-33000,-32640,-32400,-32040,-31800,-31440,-31200,-30840,-30600,-30240,-30000,-29640,-29400,-29040,-28800,-28440,-28200,-27840,-27600,-27240,-27000,-26640,-26400,-26040,-25800,-25440,-25200,-24840,-24600,-24240,-24000,-23640,-23400,-23040,-22800,-22440,-22200,-21840,-21600,-21240,-21000,-20640,-20400,-20040,-19800,-19440,-19200,-18840,-18600,-18240,-18000,-17640,-17400,-17040,-16800,-16440,-16200,-15840,-15600,-15240,-15000,-14640,-14400,-14040,-13800,-13440,-13200,-12840,-12600,-12240,-12000,-11640,-11400,-11040,-10800,-10440,-10200,-9840,-9600,-9240,-9000,-8640,-8400,-8040,-7800,-7440,-7200,-6840,-6600,-6240,-6000,-5640,-5400,-5040,-4800,-4440,-4200,-3840,-3600,-3240,-3000,-2640,-2400,-2040,-1800,-1440,-1200,-840,-600,-240,0,360,600,960,1200,1560,1800,2160,2400,2760,3000,3360,3600,3960,4200,4560,4800,5160,5400,5760,6000,6360,6600,6960,7200,7560,7800,8160,8400,8760,9000,9360,9600,9960,10200,10560,10800,11160,11400,11760,12000,12360,12600,12960,13200,13560,13800,14160,14400,14760,15000,15360,15600,15960],"sog":[10.6,10.4,10.9,10.9,10.9,11.1,11.3,11.3,11.0,10.5,11.4,11.3,11.2,10.8,11.2,11.1,11.3,10.5,11.4,11.4,10.5,11.0,10.9,11.0,11.1,11.0,11.0,11.2,11.0,10.9,10.8,11.3,10.8,10.8,10.6,10.8,10.8,10.9,11.5,10.8,11.4,11.3,11.1,10.4,10.8,11.4,10.8,11.0,11.2,11.3,10.8,10.9,11.1,10.4,11.2,11.1,11.1,10.6,10.6,11.4,11.4,11.1,11.1,10.8,11.3,10.9,11.4,11.0,10.9,11.2,10.9,11.0,10.8,11.0,10.9,11.0,11.7,11.5,11.3,11.0,10.5,11.0,11.3,10.8,11.7,11.0,11.0,10.9,11.1,11.1,10.7,10.9,11.2,10.8,11.5,10.7,11.4,10.5,10.8,11.0,10.8,11.5,11.1,10.7,10.8,11.1,10.9,11.2,10.7,10.9,11.0,10.9,11.0,10.9,11.1,11.2,10.7,10.9,10.3,11.4,10.3,10.9,10.7,11.0,10.4,11.0,10.7,11.2,10.7,10.8,10.8,11.0,11.2,10.9,11.4,11.5,11.1,11.2,10.9,11.2,11.0,11.2,11.3,10.6,10.7,10.8,11.2,11.3,11.0,11.1,11.0,11.3,10.8,11.0,10.9,11.1,11.2,10.9,11.0,11.3,11.2,11.4,11.1,11.0,10.8,10.7,11.3,10.8,10.5,11.1,10.7,11.2,11.4,11.2,11.7,10.9,10.9,10.7,11.3,11.1,11.5,10.8,11.3,11.2,11.2,10.8,10.8,11.1,10.8,10.8,11.2,11.1,10.7,10.9,10.4,10.4,11.6,11.0,10.9,10.7,11.5,10.9,11.1,10.8,10.5,10.5,11.0,10.5,11.4,11.1,11.1,11.0,11.7,10.9,11.3,11.1,11.4,10.9,10.4,10.8,10.5,11.1,11.0,11.7,11.3,11.1,10.4,11.3,10.6,10.8,10.9,10.9,10.6,11.1,10.6,11.0,11.1,10.9,11.3,11.0,10.8,11.1,11.1,10.9,11.3,11.3,12.0,10.8,10.9,10.4,11.1,11.0,10.8,10.5,11.4,10.8,10.7,10.9,10.9,10.5,11.5,11.3,11.1,10.8,10.6,11.3,11.0,11.0,10.7,11.1,10.8,11.3,10.6,11.1,11.3,11.1,10.9,11.4,10.8,11.5,11.4,10.7,11.2,10.7,10.8,10.9,11.1,11.0,11.7,11.2,10.3,11.0,11.1,10.8,10.6,11.0,11.3,10.8,11.1,11.1,11.5,10.8,10.8,11.2,11.8,10.5,11.0,11.4,10.3,10.5,11.0,11.3,11.2,11.0,11.0,11.1,11.0,10.8,11.1,11.1,11.2,10.8,11.0,11.4,10.6,11.1,11.2,11.3,11.3,11.9,11.1,10.5,11.3,10.6,11.3,11.0,11.2,10.8,11.3,11.0,11.4,10.5,11.2,10.8,10.7,10.6,11.5,10.7,10.7,11.0,10.7,11.2,11.2,11.1,10.7,11.1,11.2,11.1,10.6,11.0,11.0,11.5,10.9,10.7,11.7,10.3,11.3,11.1,11.3,10.9,10.9,11.0,11.8,10.8,11.2,11.0,10.9,10.7,11.3,11.2,11.3,11.3,10.8,11.2,11.2,11.0,10.9,10.6,10.9,11.4,11.3,11.4,10.8,11.2,10.7,10.7,11.0,11.2,10.7,11.2,10.8,10.7,10.6,11.2,11.0,11.0,10.9,11.1,11.1,10.7,11.4,11.4,11.3,10.8,11.1,10.3,11.9,10.7,10.7,11.1,11.5,10.4,10.8,11.3,10.2,11.2,11.1,10.7,11.1,10.9,11.0,10.7,11.1,10.5,11.4,11.7,11.0,11.0,11.8,11.1,11.4,11.0,11.1,11.2,10.9,10.8,10.7,10.9,10.7,11.1,11.2,11.4,10.7,10.9,11.1,11.0,11.2,11.0,11.0,10.9,10.7,11.0,10.9,11.0,11.4,11.4,11.0,11.1,11.2,10.7,10.7,11.3,10.9,11.7,10.6,10.5,10.5,11.0,11.1,11.2,11.0,10.6,10.6,11.0,11.2,11.3,10.6,11.1,11.6,11.4,10.9,10.4,11.0,11.5,10.5,11.4,10.8,10.9,11.4,11.1,10.8,11.1,11.0,11.1,11.2,11.4,10.9,10.8,11.1,11.2,11.1,11.0,10.6,10.8,11.7,10.6,10.7,11.3,10.7,11.3,11.2,11.5,10.3,10.5,11.0,11.2,11.1,11.3,11.4,11.4,11.6,10.8,11.0,10.9,10.6,11.1,10.5,10.9,11.5,11.0,10.5,10.7,10.8,11.4,11.5,10.8,10.7,10.9,11.0,11.1,11.1,11.2,10.8,10.4,11.2,11.1,11.0,10.8,11.2,11.1,11.4,10.8,11.2,11.0,10.7,11.2,11.6,11.0,11.0,11.3,11.3,11.2,10.8,10.7,10.8,10.9,11.2,11.5,11.1,11.0,10.8,11.0,10.6,10.9,10.4,10.6,11.1,11.0,10.8,11.4,10.9,10.8,10.7,11.2,11.2]}},{"type":"Feature","geometry":{"type":"LineString","coordinates":[[72.8268,14.1691],[72.8366,14.1821],[72.8508,14.2018],[72.8609,14.2151],[72.8756,14.2343],[72.8852,14.2473],[72.9001,14.2666],[72.9097,14.2794],[72.9243,14.299],[72.9341,14.3118],[72.9489,14.3313],[72.959,14.3439],[72.9733,14.3633],[72.983,14.3757],[72.9979,14.3951],[73.0075,14.4072],[73.0221,14.4264],[73.032,14.4392],[73.0462,14.4586],[73.0556,14.4715],[73.0702,14.4901],[73.0804,14.5026],[73.0951,14.522],[73.1052,14.5345],[73.1202,14.5537],[73.1303,14.566],[73.1446,14.5847],[73.1546,14.5973],[73.1695,14.6157],[73.1802,14.6285],[73.195,14.6467],[73.2057,14.6593],[73.2205,14.6779],[73.2305,14.6907],[73.2457,14.7085],[73.2564,14.7212],[73.2715,14.7399],[73.2816,14.7522],[73.2967,14.7704],[73.3072,14.7829],[73.3231,14.8013],[73.3334,14.8129],[73.3493,14.831],[73.3599,14.8426],[73.3766,14.8612],[73.3876,14.873],[73.4034,14.891],[73.4135,14.9029],[73.4296,14.9205],[73.4402,14.9323],[73.4563,14.9504],[73.4672,14.9624],[73.4832,14.9793],[73.4942,14.9911],[73.5104,15.0093],[73.5208,15.0212],[73.5367,15.039],[73.547,15.0511],[73.5633,15.0695],[73.5746,15.0809],[73.5913,15.0988],[73.6017,15.1103],[73.6179,15.1273],[73.6291,15.1389],[73.6452,15.1568],[73.6564,15.1683],[73.6727,15.1863],[73.6838,15.198],[73.7005,15.2152],[73.7111,15.227],[73.7275,15.2447],[73.7381,15.2564],[73.754,15.2748],[73.7646,15.2863],[73.7812,15.3036],[73.7921,15.3156],[73.8083,15.333],[73.8188,15.3453],[73.8722,15.4053]]},"properties":{"mmsi":991945435,"name":"SYN-CAR-15","role":"candidate","vessel_type":70,"synthetic":true,"t_offset_s":[-17926,-17686,-17326,-17086,-16726,-16486,-16126,-15886,-15526,-15286,-14926,-14686,-14326,-14086,-13726,-13486,-13126,-12886,-12526,-12286,-11926,-11686,-11326,-11086,-10726,-10486,-10126,-9886,-9526,-9286,-8926,-8686,-8326,-8086,-7726,-7486,-7126,-6886,-6526,-6286,-5926,-5686,-5326,-5086,-4726,-4486,-4126,-3886,-3526,-3286,-2926,-2686,-2326,-2086,-1726,-1486,-1126,-886,-526,-286,74,314,674,914,1274,1514,1874,2114,2474,2714,3074,3314,3674,3914,4274,4514,4874,5114,6314],"sog":[14.4,14.6,14.4,14.3,14.5,14.3,14.5,14.3,14.4,14.5,14.1,14.5,14.0,14.3,14.5,14.0,14.8,14.4,14.9,14.3,13.7,14.7,13.9,14.8,13.8,14.7,14.2,14.2,14.0,14.0,14.4,14.2,14.4,14.2,13.9,14.5,14.9,14.0,13.6,14.6,14.0,14.1,14.6,14.3,14.2,14.3,13.6,14.2,14.4,13.9,14.2,14.1,13.6,14.3,14.6,13.5,13.8,14.1,14.9,14.1,14.5,14.0,13.9,14.0,14.0,14.7,14.6,14.5,14.0,14.3,14.1,14.4,14.1,14.3,14.5,14.3,14.1,14.5,14.4]}},{"type":"Feature","geometry":{"type":"LineString","coordinates":[[72.3481,13.5469],[72.3345,13.5282],[72.325,13.5142],[72.3112,13.4953],[72.3018,13.4823],[72.2876,13.4631],[72.2782,13.4504],[72.2638,13.4306],[72.2549,13.4174],[72.2409,13.3984],[72.2314,13.3853],[72.2176,13.366],[72.2075,13.3533],[72.1931,13.3341],[72.1834,13.3213],[72.1688,13.3025],[72.1582,13.2898],[72.1449,13.271],[72.1348,13.258],[72.12,13.2389],[72.1099,13.2261],[72.0948,13.2066],[72.0848,13.1938],[72.0703,13.1751],[72.0603,13.1618],[72.0454,13.1431],[72.036,13.1305],[72.0213,13.1111],[72.0123,13.0979],[71.9983,13.0788],[71.9889,13.0662],[71.975,13.0464],[71.9657,13.0337],[71.9512,13.0142],[71.9417,13.0014],[71.927,12.9824],[71.9173,12.97],[71.9024,12.951],[71.8933,12.9386],[71.8789,12.9193],[71.8688,12.9065],[71.8541,12.8869],[71.8444,12.8737],[71.8301,12.8546],[71.8203,12.8421],[71.8054,12.8231],[71.7956,12.8097],[71.7811,12.7904],[71.7713,12.7772],[71.7569,12.7587],[71.7469,12.746],[71.7322,12.7266],[71.7234,12.7139],[71.7097,12.6945],[71.6998,12.6813],[71.6861,12.6619],[71.6767,12.6488],[71.6627,12.6292],[71.6535,12.6162],[71.6399,12.5975],[71.6301,12.5844],[71.6154,12.5647],[71.6054,12.5521],[71.5912,12.533],[71.5816,12.52],[71.5668,12.5011],[71.5571,12.4886],[71.5422,12.4692],[71.5318,12.4571],[71.5166,12.4379],[71.5062,12.4251],[71.4905,12.4067],[71.4809,12.3948],[71.4651,12.3763],[71.4551,12.3639],[71.4401,12.3459],[71.43,12.3337],[71.4147,12.3153],[71.4045,12.3023],[71.3889,12.2841],[71.3786,12.272],[71.3632,12.2536],[71.353,12.2417],[71.3374,12.2231],[71.3272,12.2108],[71.3116,12.1926],[71.3014,12.1807],[71.285,12.1631],[71.2746,12.1514],[71.2586,12.1335],[71.2479,12.1213],[71.2319,12.1036],[71.2211,12.0918],[71.2053,12.0744],[71.1948,12.0625],[71.1782,12.0446],[71.1675,12.0327],[71.1513,12.015],[71.1408,12.0034],[71.125,11.9846],[71.1139,11.972],[71.099,11.9537],[71.0888,11.9418],[71.0727,11.9238],[71.0622,11.9116],[71.0455,11.894],[71.0346,11.8817],[71.0191,11.8645],[71.0081,11.8524],[70.9917,11.835],[70.9805,11.8231],[70.9645,11.8054],[70.954,11.7936],[70.9379,11.7762],[70.9269,11.7647],[70.9101,11.7472],[70.899,11.7359],[70.8824,11.7183],[70.8712,11.7069],[70.8543,11.6899],[70.8435,11.6782],[70.8275,11.661],[70.8162,11.6486],[70.7998,11.6314],[70.7882,11.6197],[70.7716,11.6026],[70.7606,11.5912],[70.7441,11.5743],[70.7323,11.562],[70.7155,11.5447],[70.7046,11.5335],[70.688,11.5168],[70.6769,11.5052],[70.6597,11.4885],[70.6484,11.4769],[70.6315,11.4607],[70.6201,11.4498],[70.6029,11.433],[70.5914,11.4217],[70.5742,11.4058],[70.5627,11.3943],[70.5456,11.378],[70.5338,11.3666],[70.5162,11.3503],[70.5044,11.3396],[70.4864,11.3237],[70.4743,11.3131],[70.4556,11.2977],[70.4435,11.2877],[70.4245,11.2724],[70.4121,11.2621],[70.3931,11.2458],[70.3813,11.2354],[70.363,11.2196],[70.3506,11.2087],[70.3319,11.1935],[70.3197,11.1837],[70.3,11.1679],[70.2873,11.158],[70.2683,11.1428],[70.2554,11.133],[70.2366,11.1176],[70.2237,11.1077],[70.2052,11.0922],[70.1925,11.0823],[70.1737,11.0672],[70.1606,11.0571],[70.1422,11.042],[70.1299,11.032],[70.1112,11.0166],[70.0991,11.0063],[70.0807,10.9913],[70.0681,10.9809],[70.0505,10.9659],[70.038,10.955],[70.0189,10.9395],[70.0064,10.9298],[69.9876,10.9153],[69.975,10.9052],[69.9559,10.8898],[69.9427,10.8798],[69.9237,10.8646],[69.9113,10.855],[69.8926,10.8401],[69.8806,10.8308],[69.8611,10.8165],[69.8477,10.8065],[69.8282,10.7929],[69.8151,10.7836],[69.7956,10.7698],[69.7827,10.7601],[69.763,10.746],[69.7502,10.737],[69.7305,10.7232],[69.7169,10.714],[69.6977,10.7002],[69.6845,10.6912],[69.6644,10.6778],[69.6505,10.6689],[69.6303,10.6554],[69.6171,10.6468],[69.5975,10.6337],[69.5837,10.6248],[69.5639,10.6123],[69.5499,10.6034],[69.5291,10.5905],[69.5153,10.5819],[69.4948,10.5698],[69.4809,10.5614],[69.4605,10.5488],[69.4467,10.5406],[69.4264,10.528],[69.4126,10.5196],[69.3915,10.507],[69.3781,10.4988],[69.3578,10.4862],[69.3445,10.4783],[69.3238,10.4654],[69.3102,10.4569],[69.2897,10.4438],[69.2764,10.4351],[69.2562,10.4221],[69.2422,10.4131],[69.2216,10.4003],[69.2083,10.3919],[69.1874,10.3796],[69.1742,10.3713],[69.1538,10.3583],[69.1394,10.3496],[69.1186,10.3366],[69.105,10.3282],[69.084,10.3149],[69.0706,10.3061],[69.05,10.2929],[69.036,10.2842],[69.0161,10.2711],[69.0025,10.262],[68.9823,10.2492],[68.969,10.2407],[68.949,10.2277],[68.9349,10.2194],[68.9142,10.2063],[68.9005,10.1975],[68.8806,10.1848],[68.8668,10.1764],[68.8473,10.1633],[68.8337,10.1544],[68.8131,10.1411],[68.7997,10.1318],[68.7799,10.1185],[68.7667,10.1096],[68.7464,10.0963],[68.7328,10.0873],[68.7125,10.0741],[68.6998,10.0654],[68.6796,10.0522],[68.6651,10.0434],[68.6449,10.0301],[68.6318,10.0213],[68.6114,10.0085],[68.5982,10.0],[68.5778,9.9871],[68.5644,9.9782],[68.5439,9.9648],[68.5302,9.9558],[68.5103,9.9429],[68.4964,9.9344],[68.4756,9.9214],[68.4618,9.9137],[68.4413,9.9008],[68.4275,9.8926],[68.4067,9.8804],[68.393,9.8723],[68.3724,9.8607],[68.3583,9.8526],[68.3373,9.8411],[68.3231,9.833],[68.3024,9.8214],[68.289,9.8137],[68.2682,9.802],[68.2541,9.7944],[68.2331,9.7828],[68.2181,9.7755],[68.1968,9.7646],[68.1823,9.7576],[68.1607,9.7464],[68.146,9.7392],[68.1243,9.7284],[68.1098,9.7211],[68.0885,9.7099],[68.0741,9.7027],[68.0527,9.691],[68.0389,9.6835],[68.0177,9.6724],[68.0038,9.6653],[67.9826,9.6544],[67.969,9.6465],[67.9476,9.6344],[67.9337,9.6267],[67.9132,9.6148],[67.8996,9.6066],[67.8785,9.594],[67.865,9.5855],[67.8445,9.5723],[67.8313,9.5637],[67.8111,9.5506]]},"properties":{"mmsi":991994298,"name":"SYN-TAN-18","role":"candidate","vessel_type":80,"synthetic":true,"t_offset_s":[-167083,-166723,-166483,-166123,-165883,-165523,-165283,-164923,-164683,-164323,-164083,-163723,-163483,-163123,-162883,-162523,-162283,-161923,-161683,-161323,-161083,-160723,-160483,-160123,-159883,-159523,-159283,-158923,-158683,-158323,-158083,-157723,-157483,-157123,-156883,-156523,-156283,-155923,-155683,-155323,-155083,-154723,-154483,-154123,-153883,-153523,-153283,-152923,-152683,-152323,-152083,-151723,-151483,-151123,-150883,-150523,-150283,-149923,-149683,-149323,-149083,-148723,-148483,-148123,-147883,-147523,-147283,-146923,-146683,-146323,-146083,-145723,-145483,-145123,-144883,-144523,-144283,-143923,-143683,-143323,-143083,-142723,-142483,-142123,-141883,-141523,-141283,-140923,-140683,-140323,-140083,-139723,-139483,-139123,-138883,-138523,-138283,-137923,-137683,-137323,-137083,-136723,-136483,-136123,-135883,-135523,-135283,-134923,-134683,-134323,-134083,-133723,-133483,-133123,-132883,-132523,-132283,-131923,-131683,-131323,-131083,-130723,-130483,-130123,-129883,-129523,-129283,-128923,-128683,-128323,-128083,-127723,-127483,-127123,-126883,-126523,-126283,-125923,-125683,-125323,-125083,-124723,-124483,-124123,-123883,-123523,-123283,-122923,-122683,-122323,-122083,-121723,-121483,-121123,-120883,-120523,-120283,-119923,-119683,-119323,-119083,-118723,-118483,-118123,-117883,-117523,-117283,-116923,-116683,-116323,-116083,-115723,-115483,-115123,-114883,-114523,-114283,-113923,-113683,-113323,-113083,-112723,-112483,-112123,-111883,-111523,-111283,-110923,-110683,-110323,-110083,-109723,-109483,-109123,-108883,-108523,-108283,-107923,-107683,-107323,-107083,-106723,-106483,-106123,-105883,-105523,-105283,-104923,-104683,-104323,-104083,-103723,-103483,-103123,-102883,-102523,-102283,-101923,-101683,-101323,-101083,-100723,-100483,-100123,-99883,-99523,-99283,-98923,-98683,-98323,-98083,-97723,-97483,-97123,-96883,-96523,-96283,-95923,-95683,-95323,-95083,-94723,-94483,-94123,-93883,-93523,-93283,-92923,-92683,-92323,-92083,-91723,-91483,-91123,-90883,-90523,-90283,-89923,-89683,-89323,-89083,-88723,-88483,-88123,-87883,-87523,-87283,-86923,-86683,-86323,-86083,-85723,-85483,-85123,-84883,-84523,-84283,-83923,-83683,-83323,-83083,-82723,-82483,-82123,-81883,-81523,-81283,-80923,-80683,-80323,-80083,-79723,-79483,-79123,-78883,-78523,-78283,-77923,-77683,-77323,-77083,-76723,-76483,-76123,-75883,-75523],"sog":[14.0,13.7,14.5,13.6,14.1,14.3,14.2,14.5,14.4,14.1,14.3,14.2,14.2,14.5,14.0,14.4,14.4,14.1,14.4,13.9,14.7,14.4,14.5,13.9,14.4,14.1,14.3,14.1,14.1,13.6,14.0,14.5,14.7,14.2,14.5,14.5,14.0,14.1,13.8,14.7,14.3,14.6,14.3,14.3,14.2,13.9,14.4,14.0,14.1,14.3,14.0,14.3,13.9,14.3,14.1,14.2,14.5,14.2,14.2,14.2,14.2,14.6,14.7,14.2,14.4,14.2,13.9,14.4,14.8,14.7,14.4,14.4,13.8,14.3,13.8,14.1,13.9,14.0,14.4,14.7,14.4,14.0,14.4,14.4,14.5,13.7,14.3,14.3,13.6,14.3,14.5,14.1,13.9,13.8,13.6,14.7,14.0,14.0,14.2,14.5,14.6,14.0,14.0,14.3,14.3,14.3,14.8,14.0,14.5,14.2,14.2,14.4,14.0,14.1,14.0,14.1,14.3,13.9,14.3,14.4,13.7,14.5,14.5,14.9,14.8,14.0,13.9,14.1,14.9,14.2,13.9,14.1,13.6,14.3,14.1,14.0,14.4,14.1,14.4,14.1,14.4,14.1,14.6,14.2,14.0,13.8,14.5,14.3,14.3,14.3,14.7,14.7,13.9,14.4,14.5,14.4,14.1,15.0,14.4,14.4,14.4,14.7,14.3,14.7,14.1,14.5,14.8,14.0,14.5,14.3,14.1,13.9,14.1,13.8,14.6,14.8,13.8,13.8,14.4,14.7,14.2,14.6,14.2,14.1,13.5,14.1,14.7,13.7,13.6,14.3,13.8,14.5,13.6,14.1,14.3,13.9,14.6,14.4,14.8,14.0,14.2,13.8,14.1,13.9,14.3,14.8,14.5,14.5,14.1,13.9,14.4,14.2,14.6,14.3,14.1,13.7,14.1,14.4,14.4,14.5,14.0,14.1,14.9,14.5,13.9,14.3,13.9,14.0,15.0,14.5,14.1,14.8,14.8,14.5,14.5,13.2,14.3,14.2,14.2,14.0,14.6,14.1,14.6,14.2,13.8,13.9,14.5,14.8,14.6,14.0,14.5,14.4,14.6,13.9,13.7,14.4,14.9,14.4,13.7,14.0,13.9,14.2,14.4,14.1,14.3,13.8,14.3,14.2,13.9,14.3,13.9,14.6,14.2,14.4,14.5,13.8,14.0,14.2,14.1,14.2,14.0,14.3,14.8,14.2,14.4,14.2,14.7,13.9,14.1,14.3,13.9,14.4,14.0,14.1,13.7,14.3,13.9,14.7,14.0,13.4,14.3,13.9,14.6,14.4,14.4,13.8]}},{"type":"Feature","geometry":{"type":"LineString","coordinates":[[73.6192,11.0292],[73.6049,11.0253],[73.584,11.0196],[73.57,11.0159],[73.5488,11.0105],[73.5344,11.007],[73.5127,11.0019],[73.4988,10.9986],[73.4781,10.9936],[73.4637,10.9902],[73.4427,10.9852],[73.4289,10.9821],[73.4072,10.9778],[73.3927,10.9749],[73.3706,10.9705],[73.357,10.9679],[73.3352,10.9637],[73.3216,10.9604],[73.3004,10.9563],[73.2859,10.9533],[73.2646,10.949],[73.2505,10.9463],[73.2291,10.9419],[73.2144,10.939],[73.1929,10.9349],[73.1788,10.9315],[73.1574,10.9267],[73.1429,10.9229],[73.1222,10.9181],[73.1074,10.9149],[73.0861,10.9099],[73.0715,10.9064],[73.0505,10.9016],[73.036,10.899],[73.0149,10.8946],[73.0003,10.8917],[72.9788,10.8871],[72.9646,10.8838],[72.9435,10.8789],[72.9288,10.8762],[72.9077,10.8716],[72.893,10.8691],[72.8715,10.8644],[72.857,10.8618],[72.8357,10.857],[72.8214,10.8542],[72.7994,10.8498],[72.7848,10.8471],[72.7632,10.8427],[72.7489,10.8395],[72.7276,10.8351],[72.7129,10.8322],[72.6915,10.8278],[72.6772,10.8252],[72.6549,10.821],[72.64,10.8188],[72.6181,10.8152],[72.6035,10.8127],[72.5821,10.8093],[72.5675,10.807],[72.546,10.8034],[72.5315,10.8012],[72.5097,10.7971],[72.4951,10.7945],[72.4736,10.7907],[72.4594,10.7876],[72.4379,10.784],[72.4234,10.7819],[72.4017,10.7782],[72.3869,10.7763],[72.3651,10.7731],[72.3507,10.7709],[72.3289,10.768],[72.3147,10.7662],[72.2932,10.7634],[72.2785,10.7618],[72.2569,10.7589],[72.2424,10.7574],[72.2211,10.7549],[72.2057,10.7531],[72.184,10.7504],[72.1696,10.7488],[72.148,10.7457],[72.1335,10.7435],[72.1122,10.7402],[72.0977,10.7379],[72.076,10.7343],[72.0617,10.7321],[72.04,10.728],[72.026,10.7257],[72.0042,10.7219],[71.9905,10.7189],[71.9688,10.7148],[71.9539,10.7118],[71.9325,10.7079],[71.9182,10.7052],[71.8968,10.7017],[71.8822,10.6992],[71.8605,10.6957],[71.8459,10.6936],[71.8246,10.6904],[71.8101,10.6886],[71.7889,10.6858],[71.7745,10.6835],[71.7528,10.6805],[71.7377,10.6783],[71.7163,10.6747],[71.7021,10.6729],[71.6804,10.6696],[71.6656,10.6677],[71.6436,10.6645],[71.6287,10.6627],[71.6071,10.6596],[71.5926,10.6581],[71.571,10.6547],[71.556,10.653],[71.5347,10.6497],[71.5201,10.6475],[71.4983,10.6445],[71.4835,10.6425],[71.4617,10.6399],[71.4472,10.6383],[71.4253,10.6361],[71.4111,10.6347],[71.3893,10.6325],[71.3746,10.6311],[71.3527,10.6278],[71.3387,10.6259],[71.3166,10.6231],[71.3023,10.6214],[71.2809,10.6179],[71.2666,10.6162],[71.2448,10.6128],[71.2302,10.6107],[71.2084,10.6075],[71.1943,10.6054],[71.1726,10.6021],[71.1579,10.5998],[71.1357,10.5958],[71.1208,10.5931],[71.0992,10.5893],[71.0844,10.5864],[71.0623,10.5826],[71.0481,10.58],[71.0264,10.5766],[71.012,10.574],[70.9904,10.5705],[70.9762,10.5683],[70.9544,10.5648],[70.9403,10.5624],[70.9186,10.5584],[70.9048,10.5558],[70.883,10.552],[70.8691,10.5499],[70.8471,10.5457],[70.8327,10.5436],[70.8116,10.54],[70.797,10.5376],[70.7753,10.5341],[70.7609,10.5316],[70.7393,10.5282],[70.7247,10.526],[70.703,10.5222],[70.6881,10.5196],[70.6666,10.5163],[70.6519,10.5138],[70.6303,10.5097],[70.6164,10.5073],[70.5947,10.5033],[70.5809,10.5006],[70.5596,10.4966],[70.5454,10.4939],[70.5237,10.49],[70.5089,10.487],[70.4872,10.4833],[70.4729,10.48],[70.451,10.4763],[70.4375,10.4736],[70.4154,10.4695],[70.4009,10.4669],[70.3785,10.4632],[70.3643,10.4611],[70.3432,10.4579],[70.3285,10.4558],[70.3062,10.4532],[70.2923,10.451],[70.2703,10.4481],[70.2559,10.4464],[70.2348,10.443],[70.2204,10.441],[70.1982,10.4378],[70.1838,10.4353],[70.1619,10.4318],[70.1478,10.4293],[70.1262,10.4258],[70.1121,10.4233],[70.0899,10.4191],[70.0756,10.4162],[70.0542,10.412],[70.0394,10.4092],[70.0183,10.4054],[70.0043,10.4029],[69.9828,10.3984],[69.9683,10.3959],[69.9465,10.3917],[69.9324,10.3891],[69.9107,10.3847],[69.8962,10.3813],[69.8743,10.3764],[69.8601,10.3732],[69.8386,10.3675],[69.8236,10.3641],[69.8025,10.3593],[69.7888,10.3562],[69.7675,10.3513],[69.7532,10.3479],[69.7321,10.3429],[69.7183,10.3393],[69.6971,10.3334],[69.6831,10.3299],[69.6621,10.3245],[69.648,10.3204],[69.6265,10.3148],[69.613,10.3111],[69.5921,10.3051],[69.5776,10.3007],[69.5566,10.2946],[69.5428,10.2906]]},"properties":{"mmsi":992362173,"name":"SYN-CAR-23","role":"background","vessel_type":70,"synthetic":true,"t_offset_s":[18066,18306,18666,18906,19266,19506,19866,20106,20466,20706,21066,21306,21666,21906,22266,22506,22866,23106,23466,23706,24066,24306,24666,24906,25266,25506,25866,26106,26466,26706,27066,27306,27666,27906,28266,28506,28866,29106,29466,29706,30066,30306,30666,30906,31266,31506,31866,32106,32466,32706,33066,33306,33666,33906,34266,34506,34866,35106,35466,35706,36066,36306,36666,36906,37266,37506,37866,38106,38466,38706,39066,39306,39666,39906,40266,40506,40866,41106,41466,41706,42066,42306,42666,42906,43266,43506,43866,44106,44466,44706,45066,45306,45666,45906,46266,46506,46866,47106,47466,47706,48066,48306,48666,48906,49266,49506,49866,50106,50466,50706,51066,51306,51666,51906,52266,52506,52866,53106,53466,53706,54066,54306,54666,54906,55266,55506,55866,56106,56466,56706,57066,57306,57666,57906,58266,58506,58866,59106,59466,59706,60066,60306,60666,60906,61266,61506,61866,62106,62466,62706,63066,63306,63666,63906,64266,64506,64866,65106,65466,65706,66066,66306,66666,66906,67266,67506,67866,68106,68466,68706,69066,69306,69666,69906,70266,70506,70866,71106,71466,71706,72066,72306,72666,72906,73266,73506,73866,74106,74466,74706,75066,75306,75666,75906,76266,76506,76866,77106,77466,77706,78066,78306,78666,78906,79266,79506,79866,80106,80466,80706,81066,81306,81666,81906,82266,82506,82866,83106,83466,83706,84066,84306,84666,84906,85266,85506,85866,86106],"sog":[12.8,12.8,12.8,13.2,12.4,12.7,13.1,12.8,12.3,12.9,12.7,12.6,12.8,13.2,13.1,12.8,12.6,12.6,12.9,12.8,12.5,12.5,12.8,13.2,12.9,12.5,12.9,13.0,12.4,13.2,12.9,13.1,12.9,13.2,12.7,12.9,13.1,12.5,12.9,13.3,13.1,13.1,13.0,12.5,13.0,13.1,13.0,12.8,13.0,13.3,13.2,12.8,12.4,12.8,13.3,13.1,13.2,13.5,12.2,13.2,12.7,12.6,12.8,12.8,13.1,12.9,12.3,12.7,12.4,13.3,12.8,13.0,12.8,12.1,12.8,12.4,12.2,13.0,12.6,13.1,12.4,13.1,12.9,12.0,12.2,12.9,12.7,13.2,13.0,12.5,12.9,12.8,12.8,13.0,12.7,12.8,13.0,12.9,12.9,12.7,12.8,12.6,12.6,12.7,12.9,13.8,12.4,12.8,13.0,12.7,13.1,12.7,12.4,13.0,12.8,12.6,12.9,13.2,12.6,13.2,12.6,12.6,12.7,13.0,12.8,12.9,12.9,12.9,13.6,12.7,12.8,12.9,13.0,12.6,13.1,12.6,12.8,13.0,13.0,13.5,12.9,12.8,13.0,12.9,12.9,13.0,12.9,12.9,13.0,12.5,13.1,12.0,12.7,13.0,12.8,12.3,12.6,13.3,12.8,13.1,12.7,12.9,13.0,13.6,13.0,13.2,12.8,12.7,12.7,12.6,12.4,12.2,12.6,13.3,13.2,13.2,12.9,12.7,12.7,13.5,13.6,12.4,12.6,12.7,13.1,12.1,13.1,13.2,12.9,12.8,13.0,13.1,13.3,12.5,12.9,13.5,12.4,12.9,13.1,13.3,12.4,12.3,13.2,12.5,12.8,13.1,13.3,13.4,13.7,13.2,13.2,13.3,12.7,12.4,12.8,13.4,13.0,12.3,13.3,12.7,13.2,12.8,12.7,12.4,12.1,13.3,12.7,12.8]}},{"type":"Feature","geometry":{"type":"LineString","coordinates":[[75.2255,11.537],[75.2196,11.5356],[75.2078,11.5322],[75.19,11.5273],[75.1785,11.5245],[75.1606,11.5197],[75.1488,11.5168],[75.1309,11.512],[75.1191,11.5093],[75.1007,11.5049],[75.0893,11.502],[75.0715,11.4974],[75.0599,11.4943],[75.0419,11.4896],[75.0296,11.4869],[75.0118,11.4823],[74.9997,11.4791],[74.9815,11.4749],[74.9697,11.472],[74.9516,11.4677],[74.9395,11.4649],[74.9215,11.4608],[74.9091,11.4581],[74.8909,11.4546],[74.8791,11.4522],[74.8611,11.4489],[74.849,11.4467],[74.8304,11.4431],[74.8184,11.4411],[74.8,11.4379],[74.7882,11.4358],[74.7698,11.4323],[74.7577,11.4295],[74.7398,11.4259],[74.7278,11.4238],[74.71,11.4204],[74.6977,11.4183],[74.6793,11.415],[74.6672,11.4128],[74.6497,11.4098],[74.6379,11.4075],[74.6196,11.404],[74.6079,11.4013],[74.5897,11.3975],[74.578,11.3947],[74.5603,11.3908],[74.5483,11.3877],[74.5298,11.3829],[74.518,11.3802],[74.5007,11.3761],[74.4889,11.3731],[74.4708,11.3692],[74.4592,11.3665],[74.4404,11.363],[74.4286,11.3602],[74.4101,11.357],[74.3979,11.3542],[74.3796,11.3507],[74.3671,11.3481],[74.3493,11.3442],[74.3364,11.3415],[74.3187,11.3377],[74.3066,11.3356],[74.2884,11.3321],[74.2763,11.3298],[74.2579,11.3265],[74.2458,11.3241],[74.2272,11.3208],[74.2153,11.3185],[74.1966,11.3152],[74.1853,11.3135],[74.167,11.3106],[74.1551,11.3078],[74.1366,11.305],[74.1245,11.303],[74.1066,11.3006],[74.0946,11.2985],[74.0766,11.2958],[74.0643,11.2944],[74.0458,11.2919],[74.0332,11.29],[74.0144,11.2881],[74.0025,11.2869],[73.9845,11.2847],[73.9724,11.2831],[73.954,11.2807],[73.9416,11.279],[73.9231,11.2764],[73.9108,11.2751],[73.8925,11.273],[73.8797,11.2713],[73.8613,11.2692],[73.8487,11.2674],[73.8306,11.2653],[73.8184,11.2639],[73.8005,11.2618],[73.7881,11.2604],[73.7698,11.2583],[73.7576,11.2567],[73.7393,11.2547],[73.7266,11.2527],[73.7087,11.251],[73.6966,11.2493],[73.6785,11.2464],[73.6665,11.2445],[73.6484,11.2408],[73.6358,11.2381],[73.618,11.2348],[73.6066,11.2325],[73.5882,11.2287],[73.5758,11.2262],[73.5575,11.2227],[73.5456,11.2205],[73.5273,11.2174],[73.5148,11.216],[73.4967,11.2132],[73.4846,11.2112],[73.4665,11.2095],[73.4548,11.208],[73.4366,11.2062],[73.4244,11.2044],[73.4061,11.2024],[73.3937,11.2009],[73.3749,11.199],[73.3632,11.1977],[73.3446,11.1958],[73.3318,11.1948],[73.3138,11.1936],[73.3016,11.1923],[73.2834,11.1906],[73.2713,11.189],[73.2524,11.1869],[73.2404,11.1853],[73.2207,11.1833],[73.2091,11.1823],[73.1904,11.1799],[73.1781,11.1786],[73.1603,11.1761],[73.148,11.1744],[73.1296,11.1722],[73.1181,11.1706],[73.0994,11.1682],[73.087,11.1662],[73.0689,11.164],[73.0566,11.162],[73.0381,11.1595],[73.0256,11.1578],[73.008,11.1554],[72.9957,11.1536],[72.9775,11.151],[72.9657,11.1491],[72.9471,11.1464],[72.9351,11.1448],[72.917,11.1421],[72.905,11.1402],[72.8872,11.1373],[72.8755,11.135],[72.8571,11.1319],[72.8447,11.1297],[72.8268,11.1264],[72.8149,11.1243],[72.7959,11.1207],[72.7844,11.1183],[72.7662,11.1154],[72.7537,11.1136],[72.7354,11.1111],[72.7231,11.1097],[72.7052,11.1065],[72.6928,11.1052],[72.6746,11.1024],[72.6627,11.1004],[72.6446,11.0979],[72.6321,11.0962],[72.6132,11.0933],[72.6012,11.0911],[72.5831,11.0884],[72.5714,11.086],[72.553,11.0827],[72.5409,11.0806],[72.5231,11.0773],[72.511,11.0751],[72.4933,11.0718],[72.4813,11.0694],[72.4637,11.0658],[72.4518,11.0635],[72.4338,11.0598],[72.4213,11.0572],[72.4035,11.0539],[72.3918,11.0521],[72.3736,11.0487],[72.3619,11.0463],[72.3442,11.0428],[72.3312,11.0407],[72.3135,11.0372],[72.3016,11.0351],[72.2827,11.0308],[72.2707,11.0282],[72.2531,11.0242],[72.2408,11.021],[72.2225,11.0169],[72.2106,11.0145],[72.1924,11.0106],[72.1803,11.0085],[72.1626,11.0046],[72.15,11.0024],[72.1318,10.9992],[72.12,10.9972],[72.1017,10.9946],[72.0896,10.992],[72.0715,10.989],[72.0597,10.9867],[72.0417,10.9835],[72.0299,10.9814],[72.0116,10.9779],[71.9996,10.9756],[71.981,10.9726],[71.9687,10.9705],[71.9504,10.9678],[71.9379,10.9653],[71.9197,10.9621],[71.9078,10.9596],[71.8894,10.9558],[71.8772,10.9536],[71.8584,10.9499],[71.846,10.9478],[71.8281,10.9444],[71.8161,10.942],[71.7981,10.9389],[71.7857,10.9369],[71.7666,10.934],[71.755,10.9322],[71.7371,10.9296],[71.7249,10.928],[71.7075,10.925],[71.6953,10.9234],[71.6766,10.9206],[71.6649,10.9192],[71.6461,10.9162],[71.634,10.9145],[71.6154,10.9117],[71.6029,10.91],[71.585,10.9074],[71.5732,10.9059],[71.5546,10.9025],[71.5426,10.9008],[71.5248,10.8985],[71.5122,10.8966],[71.4936,10.8946],[71.4813,10.8932],[71.4629,10.8911],[71.4506,10.8895],[71.4322,10.8871],[71.4199,10.8852],[71.4017,10.8829],[71.3895,10.8814],[71.3715,10.8794],[71.3594,10.8777],[71.3413,10.8759],[71.3288,10.8748],[71.3102,10.8724],[71.298,10.8704],[71.2801,10.8682],[71.2675,10.8668],[71.2496,10.8644],[71.2365,10.8633],[71.2186,10.8605],[71.2065,10.8592],[71.1882,10.8566],[71.1759,10.8545],[71.1577,10.8523],[71.1454,10.8508],[71.1272,10.848],[71.1153,10.8464],[71.0967,10.8435],[71.0845,10.8414],[71.0661,10.8387],[71.0539,10.8367],[71.0355,10.8346],[71.023,10.8327],[71.0045,10.8312],[70.9923,10.8301],[70.9743,10.8279],[70.962,10.8269],[70.9437,10.8252],[70.9313,10.8239],[70.9128,10.8223],[70.9013,10.8214],[70.8822,10.8197],[70.8699,10.8188],[70.8517,10.8176],[70.8398,10.8172],[70.8211,10.816],[70.809,10.8154],[70.7906,10.8141],[70.7781,10.813],[70.7596,10.8114],[70.7473,10.8101],[70.7282,10.8083],[70.7157,10.8075],[70.6976,10.8059],[70.6853,10.8046],[70.6666,10.8029],[70.6548,10.8018],[70.6362,10.8002],[70.6235,10.799],[70.6048,10.7975],[70.5932,10.7965],[70.5747,10.7947],[70.5628,10.793],[70.5443,10.7907],[70.532,10.789],[70.513,10.7864],[70.5008,10.7847],[70.4825,10.7826],[70.4706,10.7811],[70.4527,10.7797],[70.4396,10.7788],[70.4217,10.7773],[70.4101,10.7768],[70.3907,10.775],[70.3786,10.774],[70.3606,10.7723],[70.3486,10.7708],[70.3303,10.7691],[70.318,10.7678],[70.2995,10.766],[70.2874,10.765],[70.2698,10.7634],[70.2576,10.7626],[70.2391,10.7611],[70.227,10.7605],[70.2082,10.7597],[70.1961,10.7589],[70.1782,10.7573],[70.1657,10.7566],[70.1471,10.7549],[70.1352,10.753],[70.116,10.7513],[70.104,10.7497],[70.0851,10.7478],[70.0731,10.7463],[70.0548,10.7446],[70.0422,10.7432],[70.0237,10.7408],[70.0113,10.7393],[69.9927,10.7376],[69.9805,10.736],[69.9619,10.7342],[69.9501,10.7326],[69.9324,10.7308],[69.9197,10.7289],[69.9011,10.7271],[69.8882,10.7258],[69.8701,10.7234],[69.8577,10.722],[69.8392,10.7207],[69.827,10.7194],[69.8089,10.7176],[69.7964,10.7163],[69.7782,10.7148],[69.7662,10.7134],[69.7473,10.7121],[69.7351,10.7113],[69.7164,10.71],[69.7041,10.7091],[69.6858,10.7083],[69.6729,10.7077],[69.6548,10.7078],[69.6428,10.7073],[69.6244,10.7066],[69.6121,10.7062],[69.5935,10.7051],[69.5816,10.7048],[69.5628,10.7041],[69.5507,10.7037],[69.5324,10.7032],[69.5201,10.7025],[69.502,10.7021],[69.4898,10.7016],[69.4711,10.7006],[69.4585,10.7001],[69.4404,10.6991],[69.4282,10.698],[69.409,10.697],[69.3971,10.6962],[69.3786,10.6951],[69.3658,10.6942],[69.3473,10.6921],[69.3348,10.6912],[69.3163,10.6893],[69.3044,10.6884],[69.2865,10.6865],[69.2744,10.6859],[69.2562,10.6839],[69.2441,10.6827],[69.2255,10.681],[69.2136,10.6795],[69.195,10.6773],[69.1832,10.6756],[69.1647,10.6736],[69.1528,10.6723],[69.1341,10.6705],[69.1222,10.6684],[69.1037,10.6666],[69.0918,10.6652],[69.0739,10.6631],[69.0613,10.662],[69.0434,10.6603],[69.0306,10.6592],[69.0127,10.657],[69.0002,10.6556],[68.9825,10.6541],[68.9702,10.6532],[68.9514,10.6518],[68.9391,10.6504],[68.9203,10.6492],[68.9082,10.6483],[68.8897,10.6469],[68.8766,10.6461],[68.858,10.6449],[68.8461,10.6443],[68.8278,10.6435],[68.8154,10.6427],[68.7972,10.6418],[68.7848,10.6411],[68.7663,10.6398],[68.7541,10.6392],[68.7356,10.6372],[68.723,10.6362],[68.7048,10.6344],[68.6923,10.6335],[68.6737,10.6315],[68.6615,10.6301],[68.6429,10.6286],[68.6304,10.627],[68.6121,10.6252],[68.6001,10.6242],[68.5815,10.6221],[68.5688,10.6207],[68.5502,10.6189],[68.5389,10.6174],[68.5209,10.6151],[68.5082,10.6131],[68.4903,10.6108],[68.478,10.6088],[68.4598,10.6065],[68.4475,10.6053],[68.4292,10.603],[68.417,10.6012],[68.3985,10.5989],[68.3864,10.5972],[68.3686,10.5955],[68.356,10.5939],[68.3378,10.5923],[68.3255,10.5908],[68.3072,10.5894],[68.2955,10.5885],[68.2772,10.5867],[68.2649,10.5856],[68.2469,10.5842],[68.2346,10.5831],[68.2169,10.581],[68.2047,10.5795],[68.1865,10.5774],[68.1741,10.576],[68.1566,10.574],[68.1442,10.5722],[68.1258,10.5696],[68.1136,10.5682],[68.0951,10.5653],[68.0833,10.5641],[68.0648,10.5615],[68.0524,10.5595],[68.034,10.5568],[68.0216,10.5555],[68.0032,10.5527],[67.9913,10.5509],[67.9736,10.5484],[67.9617,10.5465],[67.9432,10.5434],[67.9312,10.5414],[67.9129,10.5381],[67.9008,10.5365],[67.8827,10.5337],[67.8703,10.5319],[67.8521,10.529],[67.8396,10.5267],[67.8204,10.5245],[67.8087,10.523]]},"properties":{"mmsi":992826525,"name":"SYN-CAR-05","role":"candidate","vessel_type":70,"synthetic":true,"t_offset_s":[-202242,-202122,-201882,-201522,-201282,-200922,-200682,-200322,-200082,-199722,-199482,-199122,-198882,-198522,-198282,-197922,-197682,-197322,-197082,-196722,-196482,-196122,-195882,-195522,-195282,-194922,-194682,-194322,-194082,-193722,-193482,-193122,-192882,-192522,-192282,-191922,-191682,-191322,-191082,-190722,-190482,-190122,-189882,-189522,-189282,-188922,-188682,-188322,-188082,-187722,-187482,-187122,-186882,-186522,-186282,-185922,-185682,-185322,-185082,-184722,-184482,-184122,-183882,-183522,-183282,-182922,-182682,-182322,-182082,-181722,-181482,-181122,-180882,-180522,-180282,-179922,-179682,-179322,-179082,-178722,-178482,-178122,-177882,-177522,-177282,-176922,-176682,-176322,-176082,-175722,-175482,-175122,-174882,-174522,-174282,-173922,-173682,-173322,-173082,-172722,-172482,-172122,-171882,-171522,-171282,-170922,-170682,-170322,-170082,-169722,-169482,-169122,-168882,-168522,-168282,-167922,-167682,-167322,-167082,-166722,-166482,-166122,-165882,-165522,-165282,-164922,-164682,-164322,-164082,-163722,-163482,-163122,-162882,-162522,-162282,-161922,-161682,-161322,-161082,-160722,-160482,-160122,-159882,-159522,-159282,-158922,-158682,-158322,-158082,-157722,-157482,-157122,-156882,-156522,-156282,-155922,-155682,-155322,-155082,-154722,-154482,-154122,-153882,-153522,-153282,-152922,-152682,-152322,-152082,-151722,-151482,-151122,-150882,-150522,-150282,-149922,-149682,-149322,-149082,-148722,-148482,-148122,-147882,-147522,-147282,-146922,-146682,-146322,-146082,-145722,-145482,-145122,-144882,-144522,-144282,-143922,-143682,-143322,-143082,-142722,-142482,-142122,-141882,-141522,-141282,-140922,-140682,-140322,-140082,-139722,-139482,-139122,-138882,-138522,-138282,-137922,-137682,-137322,-137082,-136722,-136482,-136122,-135882,-135522,-135282,-134922,-134682,-134322,-134082,-133722,-133482,-133122,-132882,-132522,-132282,-131922,-131682,-131322,-131082,-130722,-130482,-130122,-129882,-129522,-129282,-128922,-128682,-128322,-128082,-127722,-127482,-127122,-126882,-126522,-126282,-125922,-125682,-125322,-125082,-124722,-124482,-124122,-123882,-123522,-123282,-122922,-122682,-122322,-122082,-121722,-121482,-121122,-120882,-120522,-120282,-119922,-119682,-119322,-119082,-118722,-118482,-118122,-117882,-117522,-117282,-116922,-116682,-116322,-116082,-115722,-115482,-115122,-114882,-114522,-114282,-113922,-113682,-113322,-113082,-112722,-112482,-112122,-111882,-111522,-111282,-110922,-110682,-110322,-110082,-109722,-109482,-109122,-108882,-108522,-108282,-107922,-107682,-107322,-107082,-106722,-106482,-106122,-105882,-105522,-105282,-104922,-104682,-104322,-104082,-103722,-103482,-103122,-102882,-102522,-102282,-101922,-101682,-101322,-101082,-100722,-100482,-100122,-99882,-99522,-99282,-98922,-98682,-98322,-98082,-97722,-97482,-97122,-96882,-96522,-96282,-95922,-95682,-95322,-95082,-94722,-94482,-94122,-93882,-93522,-93282,-92922,-92682,-92322,-92082,-91722,-91482,-91122,-90882,-90522,-90282,-89922,-89682,-89322,-89082,-88722,-88482,-88122,-87882,-87522,-87282,-86922,-86682,-86322,-86082,-85722,-85482,-85122,-84882,-84522,-84282,-83922,-83682,-83322,-83082,-82722,-82482,-82122,-81882,-81522,-81282,-80922,-80682,-80322,-80082,-79722,-79482,-79122,-78882,-78522,-78282,-77922,-77682,-77322,-77082,-76722,-76482,-76122,-75882,-75522,-75282,-74922,-74682,-74322,-74082,-73722,-73482,-73122,-72882,-72522,-72282,-71922,-71682,-71322,-71082,-70722,-70482,-70122,-69882,-69522,-69282,-68922,-68682,-68322,-68082,-67722,-67482,-67122,-66882,-66522,-66282,-65922,-65682,-65322,-65082,-64722,-64482,-64122,-63882,-63522,-63282,-62922,-62682,-62322,-62082,-61722,-61482,-61122,-60882,-60522,-60282,-59922,-59682,-59322,-59082,-58722,-58482,-58122,-57882,-57522,-57282,-56922,-56682,-56322,-56082],"sog":[10.5,10.7,10.4,10.7,10.8,10.8,11.1,10.9,11.0,10.9,10.8,10.4,11.0,11.0,11.3,10.7,11.3,10.4,10.7,10.5,11.1,10.9,11.2,11.3,10.2,10.7,10.6,10.9,10.9,11.1,10.5,10.7,10.3,10.8,10.5,10.7,11.3,10.6,11.0,10.5,10.2,10.6,10.7,10.9,10.6,10.5,10.9,11.0,11.0,11.0,10.8,10.7,10.8,11.4,10.9,10.8,11.0,10.6,11.5,10.8,11.1,10.6,11.1,10.8,11.1,11.7,11.2,11.1,10.5,10.8,10.4,10.9,10.8,10.5,10.6,10.7,11.0,10.9,10.7,11.0,11.0,11.2,10.5,10.9,10.7,10.5,10.9,11.1,10.9,10.4,11.1,11.0,10.9,10.6,10.6,10.8,10.9,10.7,10.8,11.3,11.1,10.6,11.1,10.4,10.7,10.9,11.2,10.7,10.4,10.7,11.4,11.5,10.8,10.9,11.2,10.6,10.9,10.6,10.6,11.0,10.7,10.7,10.8,10.7,10.4,11.0,10.9,10.2,11.2,10.8,10.8,11.7,10.6,11.5,10.9,10.7,10.8,10.8,11.1,10.6,10.3,10.9,10.9,10.9,11.3,10.9,11.1,10.3,11.0,11.1,10.5,10.7,10.5,10.4,10.4,10.8,11.0,11.2,11.2,10.2,10.5,11.2,10.8,11.1,10.7,10.8,11.0,10.7,11.5,10.5,10.6,10.2,11.0,10.9,11.5,10.4,10.5,10.9,10.6,10.7,11.2,10.5,9.9,11.0,10.7,10.8,11.3,10.3,10.3,10.9,10.4,10.5,11.4,10.9,10.5,11.7,10.6,10.6,11.2,10.9,10.7,10.6,10.5,10.4,10.9,10.7,10.6,11.1,10.6,10.7,11.0,10.5,10.6,10.8,11.1,10.8,10.7,10.9,11.5,11.0,11.2,10.7,11.2,12.0,11.4,11.3,10.2,11.0,10.9,11.3,10.2,11.0,10.9,10.8,10.5,11.2,10.2,11.2,11.3,10.7,10.7,11.1,11.3,10.7,10.6,10.3,11.4,11.3,10.8,10.8,11.3,10.7,10.9,10.5,11.0,10.7,10.1,10.6,10.7,11.1,11.0,10.7,10.7,10.6,10.9,10.4,11.1,10.9,10.7,10.8,10.7,11.0,10.9,11.3,10.7,10.6,11.5,10.6,11.4,10.6,11.0,10.5,11.3,10.4,11.1,10.5,10.3,11.2,11.5,10.4,10.8,10.5,11.1,10.5,11.0,10.8,10.9,10.9,11.2,11.0,10.8,10.9,11.0,11.3,10.8,11.0,10.4,10.7,11.1,10.9,11.2,11.3,10.9,10.8,10.7,10.4,11.1,10.4,10.7,11.1,10.8,10.9,10.8,10.6,10.7,10.7,10.5,10.3,10.3,11.0,10.3,11.0,10.3,10.4,11.0,11.0,10.8,11.5,10.6,10.5,11.1,11.3,11.1,10.8,11.3,10.9,11.0,10.7,10.8,10.6,11.1,10.5,11.4,10.8,10.7,10.9,11.1,10.3,10.9,11.1,10.8,11.3,11.0,11.2,11.1,10.5,10.7,11.1,10.9,10.6,10.8,10.9,11.1,11.2,10.6,10.8,10.6,10.7,10.6,10.8,11.3,10.8,10.8,11.5,11.1,11.2,11.4,10.7,11.2,11.4,10.5,10.7,10.8,11.0,10.6,11.1,10.7,10.6,10.7,10.9,10.7,11.2,10.8,10.7,10.5,10.7,10.2,10.9,10.8,10.4,11.2,11.2,10.5,11.3,10.7,11.2,11.0,10.7,11.0,11.1,10.7,10.9,10.8,10.6,11.0,10.7,11.1,10.7,11.1,10.7,11.0,10.9,10.8,11.2,11.0,10.4,10.8,10.9,11.2,11.2,10.5,10.3,11.3,10.8,10.7,10.8,11.2,10.5,11.1,10.7,10.6,11.0,10.9,10.9,10.6,10.9,10.5,10.9,11.0,10.8,10.8,10.4,11.0,10.4,10.6,10.3,10.9,10.6,11.1,11.3,10.7,10.8,10.8,11.3,10.6,10.9,10.7,10.4,10.7,11.2,10.8,10.9,10.8,10.9,11.2,10.6,11.1,10.9,10.1]}},{"type":"Feature","geometry":{"type":"LineString","coordinates":[[73.4934,11.0505],[73.4855,11.0484],[73.4694,11.0444],[73.4464,11.0382],[73.4305,11.0339],[73.4069,11.0276],[73.3914,11.0242],[73.3677,11.0177],[73.3524,11.0134],[73.3286,11.0072],[73.3135,11.0032],[73.2897,10.9974],[73.2739,10.9929],[73.2499,10.9869],[73.2348,10.9822],[73.2113,10.9759],[73.196,10.9711],[73.173,10.9639],[73.1574,10.9592],[73.1336,10.952],[73.1184,10.947],[73.0951,10.9397],[73.0796,10.9351],[73.0568,10.9277],[73.0415,10.9229],[73.0181,10.9155],[73.0028,10.9104],[72.9799,10.9037],[72.9645,10.8993],[72.9409,10.8928],[72.925,10.8889],[72.9016,10.8826],[72.886,10.8785],[72.8634,10.8724],[72.847,10.8684],[72.8236,10.8617],[72.8077,10.8575],[72.7845,10.8508],[72.7695,10.8461],[72.7469,10.8395],[72.7315,10.8342],[72.7088,10.8273],[72.6931,10.822],[72.67,10.8139],[72.6547,10.809],[72.6317,10.8009],[72.6167,10.7951],[72.5939,10.7866],[72.5786,10.781],[72.5563,10.7731],[72.5413,10.7677],[72.5181,10.7595],[72.5029,10.7535],[72.4796,10.7455],[72.4641,10.7402],[72.4411,10.7327],[72.4257,10.7278],[72.4033,10.7205],[72.3878,10.7152],[72.3644,10.7079],[72.3486,10.7032],[72.3255,10.6961],[72.3101,10.6915],[72.2869,10.6839],[72.2714,10.6794],[72.2478,10.672],[72.2323,10.6673],[72.209,10.6598],[72.1941,10.6552],[72.1713,10.6475],[72.1565,10.6428],[72.1329,10.6354],[72.1178,10.6303],[72.0949,10.6229],[72.0793,10.6177],[72.056,10.6101],[72.041,10.6052],[72.0174,10.5976],[72.0021,10.5927],[71.9785,10.5854],[71.9629,10.5808],[71.9395,10.5742],[71.9238,10.5703],[71.9001,10.5639],[71.8848,10.5594],[71.8615,10.5526],[71.8461,10.5481],[71.8225,10.5408],[71.8073,10.5362],[71.7837,10.5294],[71.768,10.5245],[71.7446,10.5179],[71.729,10.5125],[71.7053,10.5057],[71.6899,10.5012],[71.6669,10.4948],[71.652,10.4898],[71.6283,10.4834],[71.6129,10.4789],[71.5895,10.4727],[71.5739,10.4681],[71.55,10.4624],[71.5348,10.4578],[71.5121,10.4513],[71.4964,10.4471],[71.4735,10.4399],[71.4587,10.4359],[71.4351,10.4294],[71.4196,10.4249],[71.3965,10.4192],[71.3807,10.4149],[71.3576,10.4083],[71.3421,10.4042],[71.3189,10.3978],[71.3031,10.3931],[71.2797,10.3864],[71.2639,10.3819],[71.2409,10.3749],[71.2252,10.3702],[71.2019,10.3633],[71.1863,10.3588],[71.1632,10.3514],[71.1478,10.3462],[71.1243,10.3383],[71.1091,10.3335],[71.0848,10.3263],[71.07,10.3214],[71.047,10.3142],[71.032,10.3092],[71.0091,10.3008],[70.9938,10.2961],[70.9707,10.2886],[70.9545,10.2839],[70.9311,10.2769],[70.9154,10.272],[70.8926,10.2647],[70.8772,10.2603],[70.8535,10.2528],[70.8379,10.2478],[70.8149,10.2409],[70.8,10.2357],[70.7765,10.2287],[70.7618,10.2232],[70.7384,10.2159],[70.7236,10.2109],[70.7006,10.2033],[70.6852,10.1981],[70.6622,10.1909],[70.6463,10.1862],[70.6235,10.1791],[70.6075,10.1737],[70.5847,10.1662],[70.5692,10.1613],[70.5458,10.1542],[70.5306,10.1492],[70.5079,10.1421],[70.4928,10.1368],[70.4693,10.1296],[70.4537,10.1248],[70.4312,10.1168],[70.4159,10.1117],[70.3929,10.1032],[70.3776,10.0978],[70.3547,10.0894],[70.3394,10.0838],[70.3171,10.0762],[70.3017,10.0714],[70.2792,10.0635],[70.2642,10.0582],[70.2409,10.0506],[70.2256,10.0459],[70.2029,10.0383],[70.1872,10.0335],[70.1637,10.0259],[70.1476,10.0209],[70.1252,10.0136],[70.1099,10.0084],[70.0868,10.0008],[70.0715,9.9958],[70.0485,9.9876],[70.0335,9.982],[70.0102,9.9731],[69.9948,9.968],[69.9724,9.9595],[69.957,9.9533],[69.9344,9.9444],[69.9198,9.9382],[69.8969,9.929],[69.8821,9.9227],[69.8594,9.9136],[69.8449,9.9073],[69.8226,9.8982],[69.8082,9.892],[69.7854,9.8829],[69.7704,9.8766],[69.7479,9.8676],[69.7336,9.8614],[69.712,9.8521],[69.6973,9.846],[69.6751,9.8363],[69.6596,9.8299],[69.6371,9.8213],[69.6221,9.816],[69.5993,9.807],[69.5841,9.8013],[69.5612,9.7928],[69.5457,9.7869],[69.5236,9.7782],[69.5083,9.7727],[69.4848,9.7643],[69.4697,9.7585],[69.4476,9.7499],[69.4321,9.7447],[69.4094,9.7361],[69.3937,9.7308],[69.3715,9.7232],[69.3559,9.7178],[69.3335,9.71],[69.3182,9.7045],[69.2958,9.6961],[69.2801,9.6905],[69.2576,9.6816],[69.2423,9.6757],[69.2199,9.6674],[69.2047,9.6612],[69.1823,9.6521],[69.1672,9.6457],[69.1449,9.636],[69.1307,9.6294],[69.1087,9.6195],[69.094,9.6121],[69.0719,9.602],[69.0577,9.5948],[69.0357,9.5839],[69.0217,9.5766],[68.9999,9.5652],[68.9852,9.5581],[68.9633,9.5465],[68.9487,9.5392],[68.9269,9.5275],[68.9126,9.5201],[68.8908,9.5093],[68.8766,9.5021],[68.8548,9.4911],[68.8403,9.484],[68.8186,9.4729],[68.804,9.4659],[68.7825,9.4554],[68.7683,9.4482],[68.7472,9.4378],[68.7328,9.4307],[68.7113,9.4196],[68.697,9.4122],[68.676,9.4007],[68.6624,9.393],[68.6407,9.3815],[68.6263,9.3741],[68.6053,9.3631],[68.5905,9.3556],[68.5689,9.3444],[68.5544,9.337],[68.5332,9.3255],[68.5187,9.3176],[68.4969,9.3064],[68.4821,9.2988],[68.4601,9.2885],[68.4457,9.2818],[68.4234,9.2712],[68.4084,9.2644],[68.3863,9.2541],[68.371,9.2473],[68.349,9.2372],[68.3346,9.23],[68.3121,9.2199],[68.2981,9.2133],[68.2767,9.2028],[68.2625,9.196],[68.2402,9.1851],[68.2257,9.1782],[68.2037,9.167],[68.1895,9.1599],[68.167,9.1484],[68.1526,9.1411],[68.131,9.1307],[68.1163,9.1234],[68.0944,9.1129],[68.08,9.1059],[68.0581,9.0955],[68.0438,9.0884],[68.0218,9.0772],[68.0067,9.0705],[67.9858,9.0599],[67.9717,9.0531],[67.9503,9.0438],[67.9355,9.0372]]},"properties":{"mmsi":992878381,"name":"SYN-TAN-11","role":"candidate","vessel_type":80,"synthetic":true,"t_offset_s":[-123051,-122931,-122691,-122331,-122091,-121731,-121491,-121131,-120891,-120531,-120291,-119931,-119691,-119331,-119091,-118731,-118491,-118131,-117891,-117531,-117291,-116931,-116691,-116331,-116091,-115731,-115491,-115131,-114891,-114531,-114291,-113931,-113691,-113331,-113091,-112731,-112491,-112131,-111891,-111531,-111291,-110931,-110691,-110331,-110091,-109731,-109491,-109131,-108891,-108531,-108291,-107931,-107691,-107331,-107091,-106731,-106491,-106131,-105891,-105531,-105291,-104931,-104691,-104331,-104091,-103731,-103491,-103131,-102891,-102531,-102291,-101931,-101691,-101331,-101091,-100731,-100491,-100131,-99891,-99531,-99291,-98931,-98691,-98331,-98091,-97731,-97491,-97131,-96891,-96531,-96291,-95931,-95691,-95331,-95091,-94731,-94491,-94131,-93891,-93531,-93291,-92931,-92691,-92331,-92091,-91731,-91491,-91131,-90891,-90531,-90291,-89931,-89691,-89331,-89091,-88731,-88491,-88131,-87891,-87531,-87291,-86931,-86691,-86331,-86091,-85731,-85491,-85131,-84891,-84531,-84291,-83931,-83691,-83331,-83091,-82731,-82491,-82131,-81891,-81531,-81291,-80931,-80691,-80331,-80091,-79731,-79491,-79131,-78891,-78531,-78291,-77931,-77691,-77331,-77091,-76731,-76491,-76131,-75891,-75531,-75291,-74931,-74691,-74331,-74091,-73731,-73491,-73131,-72891,-72531,-72291,-71931,-71691,-71331,-71091,-70731,-70491,-70131,-69891,-69531,-69291,-68931,-68691,-68331,-68091,-67731,-67491,-67131,-66891,-66531,-66291,-65931,-65691,-65331,-65091,-64731,-64491,-64131,-63891,-63531,-63291,-62931,-62691,-62331,-62091,-61731,-61491,-61131,-60891,-60531,-60291,-59931,-59691,-59331,-59091,-58731,-58491,-58131,-57891,-57531,-57291,-56931,-56691,-56331,-56091,-55731,-55491,-55131,-54891,-54531,-54291,-53931,-53691,-53331,-53091,-52731,-52491,-52131,-51891,-51531,-51291,-50931,-50691,-50331,-50091,-49731,-49491,-49131,-48891,-48531,-48291,-47931,-47691,-47331,-47091,-46731,-46491,-46131,-45891,-45531,-45291,-44931,-44691,-44331,-44091,-43731,-43491,-43131,-42891,-42531,-42291,-41931,-41691,-41331,-41091,-40731,-40491,-40131,-39891,-39531,-39291,-38931,-38691,-38331,-38091,-37731,-37491,-37131,-36891,-36531,-36291,-35931,-35691,-35331,-35091],"sog":[14.2,14.7,14.3,14.1,14.4,14.2,13.8,14.3,14.4,14.1,13.5,14.4,14.5,14.4,14.0,14.1,14.3,13.9,15.0,14.8,14.2,14.4,14.7,14.5,14.1,14.4,14.5,14.2,14.2,14.1,14.4,14.1,14.4,14.1,14.6,14.2,14.3,13.9,13.8,14.0,13.8,13.6,14.4,14.3,14.1,14.2,14.5,14.0,14.1,14.2,14.2,14.8,13.9,14.7,14.5,14.0,14.3,14.0,14.3,14.3,14.2,14.2,14.1,14.0,14.4,14.4,14.6,14.1,14.2,14.1,13.9,14.6,14.4,13.9,14.3,14.3,13.9,14.3,14.3,14.6,14.3,14.0,14.3,14.4,14.6,14.1,14.1,14.4,14.6,14.6,14.6,14.4,14.6,14.6,14.6,13.9,13.6,13.9,14.2,14.1,14.7,14.1,13.7,14.3,14.4,14.2,14.0,14.2,14.7,13.8,14.1,13.7,14.4,13.8,14.6,14.3,14.6,14.2,14.3,13.9,14.4,14.3,14.3,14.1,14.5,14.7,14.1,14.1,13.6,14.3,14.3,14.2,14.4,14.3,13.9,14.4,14.3,14.4,14.0,13.9,14.1,14.0,13.8,13.9,14.1,14.0,14.4,14.3,14.7,13.9,14.8,13.7,14.5,14.5,14.4,14.1,14.2,14.1,13.9,14.4,13.9,14.5,14.3,14.4,14.5,14.2,14.2,14.0,14.1,14.7,14.2,13.8,14.5,14.7,14.6,14.4,14.2,14.1,14.5,14.6,14.2,14.2,14.4,14.2,14.5,14.2,14.3,14.9,14.6,14.4,13.9,13.8,13.9,14.2,13.9,14.4,13.7,14.0,14.1,14.2,14.5,14.0,14.1,14.5,14.7,14.4,14.7,13.8,14.3,14.4,13.9,14.0,14.6,14.5,14.2,14.0,14.0,14.4,13.6,13.4,15.0,14.4,14.3,14.0,14.3,14.6,14.6,14.4,13.8,14.1,14.4,14.1,14.3,14.6,14.4,14.6,14.7,14.2,14.4,13.9,14.6,14.3,13.9,14.1,13.9,14.2,13.7,14.0,13.4,13.9,14.2,14.2,14.2,14.4,13.6,14.3,13.8,13.9,14.4,14.5,13.9,14.5,14.6,14.4,14.5,13.8,14.1,14.5,14.7,14.6,14.3,14.2,14.1,14.4,14.0,14.0,14.2,14.5,14.4,15.1,14.1,15.3,14.3,14.4,14.6,14.4,13.9,14.5,14.2,14.2,14.4,14.0,14.5,13.7,14.5]}},{"type":"Feature","geometry":{"type":"LineString","coordinates":[[74.6011,11.3772],[74.6072,11.3789],[74.6249,11.3836],[74.637,11.3872],[74.6548,11.3918],[74.6666,11.395],[74.6846,11.4002],[74.6968,11.4036],[74.7142,11.4092],[74.7254,11.4125],[74.7425,11.4187],[74.7539,11.4224],[74.7719,11.4284],[74.7835,11.4323],[74.801,11.4383],[74.8124,11.4422],[74.8305,11.4483],[74.8413,11.4523],[74.8587,11.4578],[74.8704,11.4617],[74.8874,11.4678],[74.8988,11.4716],[74.9159,11.4771],[74.9275,11.481],[74.9446,11.4869],[74.9567,11.4908],[74.9736,11.4956],[74.9856,11.499],[75.0031,11.5041],[75.0147,11.5081],[75.032,11.5141],[75.0444,11.5178],[75.0617,11.5236],[75.0734,11.5268],[75.0906,11.5327],[75.1025,11.5369],[75.1203,11.5426],[75.132,11.5463],[75.1491,11.5521],[75.1607,11.5556],[75.1786,11.5616],[75.1905,11.5649],[75.2079,11.571],[75.2188,11.5743],[75.2363,11.5799],[75.2477,11.5838],[75.2652,11.5893],[75.2767,11.5931],[75.2938,11.5988],[75.3055,11.6028],[75.3233,11.6084],[75.3353,11.6119],[75.3525,11.6172],[75.364,11.6208],[75.382,11.6263],[75.3933,11.6294],[75.4112,11.6347],[75.4234,11.6382],[75.4406,11.6429],[75.4525,11.6466],[75.4702,11.6516],[75.4821,11.6548],[75.4999,11.6601],[75.512,11.6633],[75.5297,11.6683],[75.5413,11.6716]]},"properties":{"mmsi":992977410,"name":"SYN-TAN-20","role":"candidate","vessel_type":80,"synthetic":true,"t_offset_s":[-187016,-186896,-186536,-186296,-185936,-185696,-185336,-185096,-184736,-184496,-184136,-183896,-183536,-183296,-182936,-182696,-182336,-182096,-181736,-181496,-181136,-180896,-180536,-180296,-179936,-179696,-179336,-179096,-178736,-178496,-178136,-177896,-177536,-177296,-176936,-176696,-176336,-176096,-175736,-175496,-175136,-174896,-174536,-174296,-173936,-173696,-173336,-173096,-172736,-172496,-172136,-171896,-171536,-171296,-170936,-170696,-170336,-170096,-169736,-169496,-169136,-168896,-168536,-168296,-167936,-167696],"sog":[10.6,11.0,10.8,11.2,11.2,11.0,10.8,10.9,10.5,10.3,10.9,10.7,11.2,11.0,10.3,10.7,10.9,10.5,10.8,10.6,11.0,10.6,10.7,10.6,11.3,11.5,10.6,10.9,10.9,10.4,11.4,10.8,11.2,10.9,10.7,10.9,10.7,11.1,10.4,10.5,11.2,10.8,10.7,10.5,10.6,10.5,10.9,10.7,10.5,10.8,10.8,10.9,10.9,11.1,10.9,10.7,11.0,11.3,10.3,10.6,10.3,11.1,11.1,11.2,10.7,10.4]}},{"type":"Feature","geometry":{"type":"LineString","coordinates":[[74.6238,11.3525],[74.6059,11.3476],[74.5945,11.3444],[74.5772,11.3393],[74.565,11.3354],[74.5473,11.3303],[74.5351,11.3269],[74.5173,11.3219],[74.5051,11.3186],[74.4872,11.3134],[74.4758,11.3099],[74.458,11.3054],[74.4463,11.3023],[74.4278,11.2975],[74.4158,11.294],[74.3979,11.2893],[74.386,11.2861],[74.3681,11.2806],[74.3567,11.2771],[74.3387,11.2719],[74.3268,11.2682],[74.3087,11.2629],[74.2966,11.2593],[74.2789,11.2541],[74.2672,11.2514],[74.2487,11.2468],[74.2365,11.2438],[74.218,11.239],[74.2067,11.2358],[74.1884,11.2312],[74.1763,11.2276],[74.158,11.2224],[74.1465,11.219],[74.1286,11.2143],[74.1168,11.211],[74.0983,11.2057],[74.0862,11.2025],[74.0685,11.1974],[74.0564,11.1938],[74.0383,11.1886],[74.0269,11.1851],[74.0084,11.1797],[73.9962,11.1765],[73.9783,11.1714],[73.9661,11.1679],[73.9486,11.163],[73.9366,11.1597],[73.9187,11.1545],[73.9067,11.1508],[73.8888,11.1452],[73.877,11.1417],[73.859,11.1367],[73.8473,11.1329],[73.8295,11.1285],[73.8178,11.1247],[73.7997,11.1202],[73.7873,11.1165],[73.7696,11.1118],[73.7575,11.1082],[73.7397,11.1036],[73.7283,11.1003],[73.7101,11.0959],[73.6984,11.0923],[73.6805,11.087],[73.6683,11.0834],[73.6503,11.0788],[73.6381,11.0755],[73.6204,11.0705],[73.6089,11.067],[73.591,11.0621],[73.5791,11.059],[73.5612,11.0536],[73.549,11.0501],[73.5316,11.0449],[73.5195,11.0415],[73.5013,11.0361],[73.4898,11.0325],[73.4719,11.0269],[73.4601,11.0234],[73.442,11.0177],[73.4302,11.014],[73.4133,11.0087],[73.4013,11.0048],[73.3836,10.9991],[73.3722,10.9952],[73.3544,10.9893],[73.343,10.9855],[73.3252,10.9797],[73.3133,10.976],[73.2956,10.9699],[73.284,10.9661],[73.2662,10.9603],[73.2544,10.9567],[73.2368,10.951],[73.2244,10.9472],[73.2062,10.9415],[73.1945,10.9383],[73.177,10.9327],[73.165,10.9285],[73.1463,10.9231],[73.1342,10.9197],[73.1173,10.9147],[73.1054,10.911],[73.0875,10.9056],[73.0752,10.9018],[73.0573,10.8968],[73.0459,10.8927],[73.0278,10.8873],[73.0162,10.8836],[72.9981,10.8777],[72.986,10.8744],[72.9686,10.8685],[72.9571,10.865],[72.9394,10.8592],[72.9273,10.8554],[72.9094,10.8494],[72.8986,10.8458],[72.8812,10.8397],[72.8696,10.8357],[72.8517,10.8295],[72.8407,10.8256],[72.8237,10.819],[72.8119,10.815],[72.7941,10.8083],[72.7825,10.8038],[72.765,10.7974],[72.7537,10.7928],[72.7367,10.7859],[72.7251,10.7816],[72.7075,10.7751],[72.696,10.7704],[72.6778,10.7634],[72.6665,10.7596],[72.6485,10.7532],[72.6372,10.7492],[72.6199,10.7423],[72.6082,10.7383],[72.5909,10.7315],[72.5797,10.7272],[72.5624,10.7212],[72.5509,10.7167],[72.5333,10.7099],[72.5223,10.7054],[72.505,10.6986],[72.4936,10.6945],[72.4757,10.688],[72.4642,10.6833],[72.4466,10.6761],[72.435,10.6718],[72.4176,10.6653],[72.4062,10.6613],[72.3888,10.6549],[72.377,10.6498],[72.3602,10.6429],[72.3488,10.6379],[72.3319,10.631],[72.3204,10.6265],[72.3033,10.619],[72.2929,10.6149],[72.275,10.6075],[72.2639,10.6029],[72.2472,10.5957],[72.236,10.5909],[72.2191,10.5842],[72.2075,10.5797],[72.1911,10.572],[72.1797,10.5674],[72.1628,10.56],[72.1517,10.5551],[72.1348,10.5473],[72.124,10.5417],[72.1068,10.5331],[72.0962,10.5279],[72.0795,10.5203],[72.0683,10.5146],[72.052,10.5066],[72.0409,10.5008],[72.0249,10.4924],[72.0137,10.4866],[71.9971,10.4778],[71.9864,10.4715],[71.9707,10.4622],[71.9597,10.4558],[71.944,10.4468],[71.9336,10.4402],[71.9184,10.431],[71.9075,10.4246],[71.8917,10.4149],[71.881,10.4082],[71.8656,10.399],[71.8555,10.393],[71.8392,10.3832],[71.8287,10.3773],[71.8123,10.3677],[71.8015,10.3612],[71.7857,10.3518],[71.7747,10.3454],[71.759,10.3371],[71.7478,10.3313],[71.7315,10.3225],[71.7208,10.3166],[71.7045,10.3077],[71.6938,10.302],[71.6783,10.2929],[71.6675,10.2872],[71.6508,10.2782],[71.6403,10.2719],[71.6239,10.2628],[71.6132,10.2567],[71.5971,10.2476],[71.5865,10.2418],[71.5706,10.2328],[71.5599,10.2272],[71.5435,10.2181],[71.5326,10.2124],[71.5158,10.2035],[71.5054,10.1972],[71.4891,10.1884],[71.4784,10.1827],[71.4626,10.1739],[71.4513,10.1676],[71.4348,10.1587],[71.424,10.1532],[71.4071,10.1445],[71.3963,10.1382],[71.3804,10.1292],[71.3692,10.1229],[71.354,10.114],[71.3429,10.1075],[71.3271,10.0986],[71.3164,10.0926],[71.3006,10.0835],[71.2896,10.0775],[71.2734,10.0679],[71.2628,10.062],[71.2466,10.0524],[71.236,10.0462],[71.22,10.0368],[71.2092,10.0309],[71.1934,10.0214],[71.1826,10.0149],[71.1672,10.006],[71.1564,9.9991],[71.1406,9.9893],[71.13,9.9831],[71.1135,9.973],[71.1031,9.9668],[71.0876,9.9575],[71.077,9.9503],[71.0612,9.9415],[71.0505,9.9352],[71.0341,9.9257],[71.0231,9.9195],[71.007,9.9099],[70.9965,9.9037],[70.9802,9.8942],[70.9701,9.8879],[70.9543,9.8787],[70.9435,9.8717],[70.9282,9.8622],[70.9178,9.8556],[70.9023,9.8456],[70.8916,9.8392],[70.8761,9.8289],[70.8655,9.8222],[70.8503,9.8117],[70.8406,9.8051],[70.8253,9.7947],[70.8148,9.7872],[70.7996,9.7769],[70.7897,9.7704],[70.7746,9.7594],[70.7642,9.7525],[70.7484,9.7419],[70.7387,9.7352],[70.7238,9.725],[70.7132,9.7178],[70.6982,9.7073],[70.6875,9.7001],[70.6726,9.6902],[70.6626,9.6836],[70.6467,9.6739],[70.6361,9.667],[70.6209,9.6574],[70.6103,9.6508],[70.5947,9.641],[70.5843,9.6345],[70.5692,9.6249],[70.5584,9.6183],[70.5423,9.6087],[70.5321,9.6023],[70.5164,9.5927],[70.5056,9.5867],[70.4899,9.5775],[70.4794,9.5717],[70.463,9.5627],[70.4523,9.557],[70.4364,9.5485],[70.4255,9.5426],[70.4094,9.5345],[70.3983,9.5288],[70.3819,9.5204],[70.3711,9.5147],[70.3543,9.5058],[70.3434,9.4998],[70.3276,9.4908],[70.3169,9.485],[70.3007,9.4759],[70.2898,9.4699],[70.2736,9.4612],[70.2623,9.4552],[70.2459,9.4469],[70.2344,9.4412],[70.2185,9.4332],[70.2076,9.428],[70.1907,9.4197],[70.1796,9.4141],[70.1625,9.4061],[70.1513,9.4008],[70.1342,9.3929],[70.1231,9.3876],[70.1064,9.3798],[70.0953,9.3745],[70.0782,9.3671],[70.0668,9.3617],[70.05,9.3546],[70.0387,9.3495],[70.0215,9.3424],[70.0098,9.3368],[69.9935,9.3295],[69.982,9.3245],[69.9651,9.3172],[69.9541,9.3124],[69.9362,9.3057],[69.9252,9.3006],[69.908,9.2937],[69.8963,9.2892],[69.8788,9.2822],[69.867,9.2776],[69.8504,9.2709],[69.8387,9.2665],[69.8218,9.2594],[69.8106,9.255],[69.7936,9.248],[69.7819,9.2429],[69.7656,9.2357],[69.7537,9.2307],[69.7374,9.2232],[69.726,9.2181],[69.71,9.2108],[69.6981,9.2059],[69.681,9.1985],[69.6699,9.1935],[69.653,9.1859],[69.6418,9.1812],[69.6249,9.1737],[69.6141,9.1689],[69.597,9.1614],[69.5857,9.1566],[69.5689,9.1492],[69.5578,9.1441],[69.5402,9.1367],[69.529,9.1318],[69.5119,9.1247],[69.5006,9.1194],[69.4833,9.1124],[69.4718,9.1077],[69.4549,9.1012],[69.4435,9.0959],[69.4265,9.0886],[69.4149,9.0835],[69.3982,9.0764],[69.3873,9.0712],[69.3699,9.0632],[69.3585,9.0582],[69.3417,9.0506],[69.3305,9.0457],[69.3137,9.0381],[69.302,9.0332],[69.2852,9.0262],[69.2742,9.0214],[69.2569,9.0144],[69.2455,9.0098],[69.2278,9.0025],[69.2162,8.9983],[69.1988,8.9911],[69.1872,8.9867],[69.1701,8.9798],[69.1589,8.9754],[69.1417,8.9687],[69.1304,8.9642],[69.1137,8.9574],[69.1024,8.9532],[69.0849,8.9462],[69.0732,8.9417],[69.0554,8.9349],[69.0435,8.9308],[69.026,8.9233],[69.0146,8.9183],[68.9975,8.911],[68.9856,8.9064],[68.9687,8.899],[68.9573,8.8943],[68.9397,8.8876],[68.9285,8.8832],[68.9114,8.8768],[68.8992,8.8725],[68.882,8.8659],[68.8704,8.8621],[68.8526,8.8554],[68.8414,8.8516],[68.8236,8.8455],[68.8122,8.8414],[68.7948,8.8349],[68.7831,8.8305],[68.766,8.8239],[68.754,8.8199],[68.7371,8.8135],[68.7254,8.809],[68.7077,8.8021],[68.6963,8.7979],[68.6785,8.7916],[68.6663,8.7872],[68.6491,8.7813],[68.6375,8.7763],[68.62,8.7698],[68.6086,8.7657],[68.5915,8.7585],[68.5801,8.7543],[68.5627,8.7476],[68.5509,8.7438],[68.5337,8.7373],[68.5217,8.7328],[68.5049,8.7261],[68.4933,8.7218],[68.476,8.7151],[68.4644,8.7112],[68.4475,8.7045],[68.436,8.6997],[68.4188,8.6933],[68.407,8.6888],[68.3901,8.6822],[68.3786,8.6778],[68.3613,8.6707],[68.3499,8.6663],[68.3325,8.6597],[68.321,8.6552],[68.3035,8.6489],[68.2916,8.6443],[68.2749,8.6376],[68.2629,8.6336],[68.2459,8.6268],[68.2345,8.6229],[68.2175,8.617],[68.2053,8.6127],[68.1879,8.606],[68.1768,8.6016],[68.1596,8.5955],[68.1476,8.5915],[68.1309,8.5855],[68.1193,8.5815],[68.1021,8.5755],[68.0904,8.5716],[68.0733,8.5655],[68.0615,8.5619],[68.0436,8.5558],[68.0314,8.5517],[68.0142,8.5457],[68.0022,8.5422],[67.9846,8.5364],[67.9726,8.5326],[67.955,8.5272],[67.9433,8.5229],[67.9261,8.5174],[67.9142,8.5133],[67.8966,8.5076],[67.8853,8.5036],[67.8683,8.4977],[67.8566,8.4945],[67.8386,8.4894],[67.8265,8.4859],[67.8085,8.4813]]},"properties":{"mmsi":993322604,"name":"SYN-TAN-14","role":"candidate","vessel_type":80,"synthetic":true,"t_offset_s":[-166172,-165812,-165572,-165212,-164972,-164612,-164372,-164012,-163772,-163412,-163172,-162812,-162572,-162212,-161972,-161612,-161372,-161012,-160772,-160412,-160172,-159812,-159572,-159212,-158972,-158612,-158372,-158012,-157772,-157412,-157172,-156812,-156572,-156212,-155972,-155612,-155372,-155012,-154772,-154412,-154172,-153812,-153572,-153212,-152972,-152612,-152372,-152012,-151772,-151412,-151172,-150812,-150572,-150212,-149972,-149612,-149372,-149012,-148772,-148412,-148172,-147812,-147572,-147212,-146972,-146612,-146372,-146012,-145772,-145412,-145172,-144812,-144572,-144212,-143972,-143612,-143372,-143012,-142772,-142412,-142172,-141812,-141572,-141212,-140972,-140612,-140372,-140012,-139772,-139412,-139172,-138812,-138572,-138212,-137972,-137612,-137372,-137012,-136772,-136412,-136172,-135812,-135572,-135212,-134972,-134612,-134372,-134012,-133772,-133412,-133172,-132812,-132572,-132212,-131972,-131612,-131372,-131012,-130772,-130412,-130172,-129812,-129572,-129212,-128972,-128612,-128372,-128012,-127772,-127412,-127172,-126812,-126572,-126212,-125972,-125612,-125372,-125012,-124772,-124412,-124172,-123812,-123572,-123212,-122972,-122612,-122372,-122012,-121772,-121412,-121172,-120812,-120572,-120212,-119972,-119612,-119372,-119012,-118772,-118412,-118172,-117812,-117572,-117212,-116972,-116612,-116372,-116012,-115772,-115412,-115172,-114812,-114572,-114212,-113972,-113612,-113372,-113012,-112772,-112412,-112172,-111812,-111572,-111212,-110972,-110612,-110372,-110012,-109772,-109412,-109172,-108812,-108572,-108212,-107972,-107612,-107372,-107012,-106772,-106412,-106172,-105812,-105572,-105212,-104972,-104612,-104372,-104012,-103772,-103412,-103172,-102812,-102572,-102212,-101972,-101612,-101372,-101012,-100772,-100412,-100172,-99812,-99572,-99212,-98972,-98612,-98372,-98012,-97772,-97412,-97172,-96812,-96572,-96212,-95972,-95612,-95372,-95012,-94772,-94412,-94172,-93812,-93572,-93212,-92972,-92612,-92372,-92012,-91772,-91412,-91172,-90812,-90572,-90212,-89972,-89612,-89372,-89012,-88772,-88412,-88172,-87812,-87572,-87212,-86972,-86612,-86372,-86012,-85772,-85412,-85172,-84812,-84572,-84212,-83972,-83612,-83372,-83012,-82772,-82412,-82172,-81812,-81572,-81212,-80972,-80612,-80372,-80012,-79772,-79412,-79172,-78812,-78572,-78212,-77972,-77612,-77372,-77012,-76772,-76412,-76172,-75812,-75572,-75212,-74972,-74612,-74372,-74012,-73772,-73412,-73172,-72812,-72572,-72212,-71972,-71612,-71372,-71012,-70772,-70412,-70172,-69812,-69572,-69212,-68972,-68612,-68372,-68012,-67772,-67412,-67172,-66812,-66572,-66212,-65972,-65612,-65372,-65012,-64772,-64412,-64172,-63812,-63572,-63212,-62972,-62612,-62372,-62012,-61772,-61412,-61172,-60812,-60572,-60212,-59972,-59612,-59372,-59012,-58772,-58412,-58172,-57812,-57572,-57212,-56972,-56612,-56372,-56012,-55772,-55412,-55172,-54812,-54572,-54212,-53972,-53612,-53372,-53012,-52772,-52412,-52172,-51812,-51572,-51212,-50972,-50612,-50372,-50012,-49772,-49412,-49172,-48812,-48572,-48212,-47972,-47612,-47372,-47012,-46772,-46412,-46172,-45812,-45572,-45212,-44972,-44612,-44372,-44012,-43772,-43412,-43172,-42812,-42572,-42212,-41972,-41612,-41372,-41012,-40772,-40412,-40172,-39812,-39572,-39212,-38972,-38612,-38372,-38012,-37772,-37412,-37172,-36812,-36572,-36212,-35972,-35612,-35372,-35012,-34772,-34412,-34172,-33812,-33572,-33212,-32972,-32612,-32372,-32012,-31772,-31412,-31172,-30812,-30572,-30212,-29972,-29612,-29372,-29012,-28772,-28412,-28172,-27812,-27572,-27212,-26972,-26612,-26372,-26012,-25772,-25412,-25172,-24812,-24572,-24212,-23972,-23612,-23372,-23012,-22772,-22412,-22172,-21812],"sog":[11.0,11.0,10.6,10.3,11.1,11.2,10.7,10.9,11.0,11.1,10.5,10.6,10.8,11.1,11.0,11.0,11.1,11.1,11.1,10.5,11.0,11.3,10.8,11.0,10.9,10.8,11.0,11.5,11.0,10.7,10.8,10.8,10.6,10.0,10.7,11.2,11.1,10.9,11.4,10.9,10.9,11.3,11.2,11.1,11.2,11.0,10.8,10.7,11.2,11.1,10.9,10.7,11.0,10.8,11.1,10.5,11.2,10.8,11.1,11.2,10.2,11.0,10.5,11.2,11.5,10.7,10.9,11.2,10.3,10.9,10.9,11.1,11.2,11.0,10.9,11.2,10.9,10.7,10.9,11.4,10.9,10.1,10.5,11.4,10.4,11.1,11.1,10.9,11.3,11.1,10.8,11.3,10.7,11.1,11.3,11.3,11.0,11.1,11.3,11.3,10.9,10.4,10.8,10.9,11.3,10.9,10.8,10.7,11.1,11.4,11.2,10.8,11.2,10.8,11.2,11.0,10.4,10.6,11.1,10.4,10.5,10.9,11.0,11.1,11.2,10.8,10.6,10.3,10.9,10.7,10.8,11.6,10.4,11.4,10.5,10.9,10.9,10.9,10.8,10.7,11.2,11.2,11.2,11.0,10.9,11.0,11.2,11.5,10.9,10.9,10.9,10.9,11.2,10.9,10.6,11.6,10.9,10.9,10.2,11.0,10.7,10.7,10.7,10.7,10.9,10.8,10.4,10.9,10.8,11.0,10.8,10.7,10.6,11.2,10.2,10.7,11.3,10.6,11.1,10.9,10.9,10.6,11.5,10.9,10.8,10.2,11.2,11.0,11.1,10.4,10.6,11.2,10.6,11.0,11.1,10.7,11.3,10.7,10.7,11.2,11.1,11.6,10.9,10.8,10.3,11.6,11.2,11.1,11.0,10.9,10.4,10.9,10.6,11.0,11.2,11.2,10.5,11.0,10.4,11.4,11.3,11.1,11.2,11.3,11.1,10.5,11.5,10.3,11.4,10.9,11.1,11.0,10.8,11.2,10.8,11.0,10.8,11.1,10.8,11.1,11.2,10.7,10.8,10.6,11.3,11.4,10.8,10.4,10.9,10.5,10.6,11.3,11.0,10.7,11.3,10.8,11.0,10.4,11.3,10.6,11.0,11.3,10.5,11.4,11.1,11.0,10.5,11.1,11.0,10.8,10.6,11.2,10.9,10.7,10.5,10.9,11.4,10.7,11.4,10.6,10.6,11.3,10.6,10.3,11.1,10.6,10.9,10.4,10.9,11.5,10.4,10.9,10.9,10.5,10.7,11.5,10.6,10.3,10.9,10.7,11.0,11.0,10.9,11.1,10.9,10.5,11.0,11.2,11.1,10.8,11.4,10.4,10.9,10.8,10.5,10.9,11.5,11.1,11.0,11.0,10.6,11.1,10.9,10.9,11.3,10.1,11.7,10.7,11.3,10.5,10.8,10.8,10.4,11.2,11.0,10.8,10.8,11.2,11.1,11.0,11.2,10.6,10.0,10.8,11.0,10.2,10.9,10.8,10.6,10.2,11.2,10.6,10.7,10.8,11.1,10.7,11.0,10.4,10.8,10.9,10.7,11.0,10.9,11.1,11.1,11.8,10.9,10.6,10.4,11.0,11.2,10.8,11.1,10.9,11.1,10.9,10.4,11.1,11.3,10.7,10.5,11.0,10.7,11.4,11.0,10.5,11.2,10.8,10.6,10.6,10.8,10.8,10.7,11.0,11.4,11.5,11.4,11.2,11.0,11.2,11.1,10.6,11.1,11.0,10.9,11.0,11.1,10.8,11.0,11.0,11.1,10.7,10.8,11.3,11.0,10.5,11.1,10.8,10.5,10.8,11.3,11.2,11.4,10.9,11.0,10.6,10.8,11.0,11.2,11.4,10.9,10.8,11.1,10.8,10.7,11.1,10.6,10.9,11.2,10.6,10.8,11.1,10.6,10.9,11.1,10.6,10.9,10.2,11.1,10.3,11.4,11.2,10.9,11.1,10.9,11.3,10.4,10.6,10.9,10.3,11.0,10.7,11.0,10.5,10.9,10.7,11.1,10.3,10.6,11.0,10.9,11.2,11.1,10.7,11.2,10.9,10.6,11.1,10.8,10.9,11.0,10.6]}},{"type":"Feature","geometry":{"type":"LineString","coordinates":[[74.5764,11.3828],[74.5973,11.3885],[74.6111,11.3922],[74.6312,11.3974],[74.6444,11.401],[74.6649,11.4063],[74.6781,11.4099],[74.6983,11.4149],[74.7122,11.4177],[74.7327,11.423],[74.7466,11.427],[74.7676,11.4327],[74.7811,11.4365],[74.8015,11.4424],[74.8147,11.4461],[74.8351,11.452],[74.8487,11.4563],[74.869,11.4624],[74.8819,11.4664],[74.9025,11.4722],[74.9158,11.4759],[74.936,11.4827],[74.9495,11.4867],[74.9699,11.493],[74.9835,11.4974],[75.0038,11.5047],[75.017,11.5096],[75.0371,11.5167],[75.0498,11.5216],[75.0699,11.529],[75.0832,11.5341],[75.103,11.5421],[75.116,11.5471],[75.136,11.555],[75.1491,11.5595],[75.169,11.5674],[75.1826,11.5726],[75.2013,11.5806],[75.2145,11.586],[75.2338,11.5941],[75.2462,11.5993],[75.2653,11.6076],[75.2777,11.6134],[75.2966,11.6221],[75.3094,11.6275],[75.3283,11.6359],[75.3412,11.642],[75.3609,11.6507],[75.3731,11.6561],[75.3932,11.6649],[75.4065,11.6707],[75.4258,11.6788],[75.4386,11.6849],[75.4576,11.694],[75.4702,11.7001],[75.4896,11.7097],[75.5019,11.7159]]},"properties":{"mmsi":993895187,"name":"SYN-CAR-17","role":"candidate","vessel_type":70,"synthetic":true,"t_offset_s":[-212683,-212323,-212083,-211723,-211483,-211123,-210883,-210523,-210283,-209923,-209683,-209323,-209083,-208723,-208483,-208123,-207883,-207523,-207283,-206923,-206683,-206323,-206083,-205723,-205483,-205123,-204883,-204523,-204283,-203923,-203683,-203323,-203083,-202723,-202483,-202123,-201883,-201523,-201283,-200923,-200683,-200323,-200083,-199723,-199483,-199123,-198883,-198523,-198283,-197923,-197683,-197323,-197083,-196723,-196483,-196123,-195883],"sog":[12.5,12.8,12.3,12.3,12.3,12.1,12.1,11.9,12.3,12.3,12.5,12.7,12.7,12.3,12.3,12.2,12.7,12.5,12.2,12.5,12.5,12.4,12.4,12.6,12.7,12.7,12.7,12.1,12.5,13.1,12.2,12.7,12.2,12.5,12.5,12.7,12.9,12.8,12.2,12.2,12.3,11.9,12.2,12.6,12.4,12.3,12.5,12.2,12.4,13.1,12.9,11.9,12.7,12.6,12.5,12.3,12.6]}},{"type":"Feature","geometry":{"type":"LineString","coordinates":[[72.4202,13.7172],[72.4166,13.7121],[72.4099,13.7024],[72.4001,13.6882],[72.3936,13.6782],[72.3832,13.6638],[72.3764,13.6541],[72.3667,13.6394],[72.3601,13.6296],[72.3507,13.6156],[72.3439,13.6056],[72.3342,13.5911],[72.3272,13.5819],[72.3168,13.5683],[72.3096,13.5589],[72.2989,13.5446],[72.2926,13.536],[72.2816,13.5224],[72.2746,13.5134],[72.2635,13.4992],[72.2567,13.4896],[72.2462,13.4758],[72.2396,13.4666],[72.2286,13.4525],[72.2219,13.4431],[72.2113,13.4287],[72.2044,13.4191],[72.1945,13.4045],[72.1876,13.3951],[72.178,13.3809],[72.1713,13.3712],[72.1608,13.357],[72.1545,13.3474],[72.1442,13.3331],[72.1372,13.3238],[72.1267,13.3097],[72.1199,13.3008],[72.1095,13.2869],[72.1022,13.2773],[72.0917,13.2638],[72.084,13.2547],[72.0734,13.2416],[72.0658,13.2327],[72.0552,13.219],[72.0479,13.2102],[72.0368,13.1968],[72.0292,13.1879],[72.0179,13.1747],[72.0105,13.1669],[71.9988,13.1536],[71.9911,13.1448],[71.9792,13.1319],[71.9717,13.1229],[71.9605,13.1101],[71.9525,13.1014],[71.9406,13.0883],[71.9333,13.0796],[71.9213,13.0667],[71.9129,13.058],[71.9015,13.0458],[71.8932,13.0374],[71.881,13.0254],[71.8725,13.0169],[71.8602,13.0043],[71.8516,12.9962],[71.8391,12.9837],[71.8308,12.9756],[71.8189,12.9625],[71.8105,12.9545],[71.7984,12.9414],[71.7902,12.9337],[71.7778,12.9212],[71.7697,12.9128],[71.7574,12.9003],[71.7494,12.8923],[71.7373,12.8801],[71.729,12.8716],[71.717,12.8591],[71.7086,12.8505],[71.6969,12.8379],[71.6894,12.8295],[71.6771,12.8167],[71.6694,12.8082],[71.6574,12.7953],[71.6496,12.7868],[71.6378,12.7745],[71.6299,12.7664],[71.6178,12.7533],[71.6101,12.7451],[71.5977,12.7319],[71.5898,12.724],[71.5778,12.7118],[71.5702,12.7032],[71.5579,12.691],[71.5494,12.6828],[71.5377,12.6707],[71.5293,12.6623],[71.5168,12.6492],[71.5084,12.6404],[71.4965,12.6281],[71.4882,12.6194],[71.4761,12.6068],[71.4687,12.5984],[71.4564,12.5851],[71.4484,12.5764],[71.4366,12.5643],[71.429,12.5556],[71.4173,12.5423],[71.4098,12.5337],[71.3981,12.5203],[71.3901,12.5117],[71.3783,12.4987],[71.3703,12.4898],[71.3589,12.4772],[71.3511,12.468],[71.3394,12.4546],[71.3314,12.4461],[71.3197,12.4328],[71.3124,12.4239],[71.3009,12.4106],[71.2931,12.4015],[71.2816,12.3889],[71.2742,12.3802],[71.2632,12.367],[71.2563,12.3586],[71.2449,12.345],[71.2379,12.3361],[71.2265,12.3225],[71.2187,12.3138],[71.2075,12.2999],[71.1995,12.2912],[71.1891,12.2782],[71.1813,12.2692],[71.1701,12.2559],[71.1622,12.2467],[71.1513,12.2336],[71.1439,12.2248],[71.1326,12.2118],[71.1255,12.2033],[71.1138,12.1894],[71.1067,12.1807],[71.0953,12.1674],[71.0875,12.1584],[71.0759,12.145],[71.0683,12.1365],[71.0567,12.1235],[71.0486,12.1143],[71.0372,12.1011],[71.0295,12.0926],[71.0179,12.0795],[71.0105,12.0712],[70.9989,12.0583],[70.9908,12.0495],[70.9792,12.0368],[70.9714,12.0283],[70.9594,12.0164],[70.9515,12.008],[70.9388,11.9955],[70.9306,11.9875],[70.9183,11.9754],[70.9102,11.9669],[70.8978,11.9545],[70.8897,11.9463],[70.8771,11.9336],[70.8684,11.9255],[70.8559,11.9131],[70.8471,11.905],[70.8344,11.893],[70.8258,11.8845],[70.8137,11.8727],[70.8054,11.8647],[70.7928,11.8524],[70.7844,11.8441],[70.772,11.8312],[70.7635,11.8229],[70.7512,11.8096],[70.7435,11.8014],[70.7317,11.7877],[70.7237,11.7798],[70.7123,11.7665],[70.7044,11.7578],[70.6924,11.7448],[70.685,11.7358],[70.6728,11.7228],[70.6652,11.7139],[70.6538,11.7011],[70.6455,11.6924],[70.6337,11.6796],[70.6254,11.6715],[70.6133,11.6591],[70.605,11.651],[70.5925,11.6385],[70.5838,11.6299],[70.5719,11.6176],[70.5636,11.6094],[70.5513,11.5972],[70.5426,11.5886],[70.5308,11.5757],[70.5228,11.5672],[70.5112,11.5544],[70.5031,11.5456],[70.4908,11.5322],[70.4833,11.5238],[70.4713,11.5102],[70.4634,11.5019],[70.452,11.4891],[70.4452,11.4805],[70.4335,11.4673],[70.4256,11.4586],[70.4138,11.4462],[70.4061,11.4378],[70.394,11.4248],[70.386,11.4162],[70.3738,11.4037],[70.3656,11.3956],[70.3533,11.3828],[70.3451,11.3742],[70.3329,11.3612],[70.3251,11.3523],[70.3134,11.3391],[70.3059,11.3304],[70.2942,11.317],[70.2865,11.3078],[70.2748,11.2944],[70.2669,11.286],[70.2559,11.2733],[70.2487,11.265],[70.2369,11.2516],[70.2291,11.2428],[70.2171,11.2302],[70.2098,11.221],[70.1982,11.2082],[70.1911,11.1991],[70.1798,11.1864],[70.1725,11.1773],[70.1613,11.1642],[70.1535,11.1551],[70.142,11.1415],[70.1349,11.1326],[70.124,11.1194],[70.1171,11.1099],[70.1063,11.0958],[70.0997,11.0866],[70.0899,11.0726],[70.083,11.0629],[70.0729,11.0486],[70.0664,11.0385],[70.0567,11.0246],[70.0499,11.0149],[70.0402,11.0003],[70.0337,10.9908],[70.0242,10.9763],[70.0173,10.9669],[70.0072,10.9526],[70.0008,10.9431],[69.991,10.9288],[69.9836,10.9195],[69.9739,10.9054],[69.9672,10.8953],[69.9579,10.8811],[69.9515,10.8714],[69.9422,10.8564],[69.9363,10.8466],[69.9268,10.8325],[69.9204,10.8228],[69.9106,10.8089],[69.9047,10.7996],[69.8944,10.7853],[69.888,10.7758],[69.8778,10.7617],[69.8713,10.7521],[69.8612,10.7372],[69.8546,10.7276],[69.8451,10.7135],[69.8385,10.7033],[69.8291,10.689],[69.8227,10.6795],[69.8134,10.6645],[69.8075,10.6545],[69.7983,10.6392],[69.7925,10.6292],[69.7836,10.6143],[69.7775,10.6046],[69.7683,10.5894],[69.7623,10.5794],[69.7532,10.5647],[69.7465,10.5547],[69.7374,10.5399],[69.7318,10.5306],[69.7223,10.5164],[69.7157,10.5065],[69.7062,10.4916],[69.7001,10.4822],[69.6907,10.4673],[69.6844,10.4572],[69.6747,10.4425],[69.6689,10.433],[69.6589,10.4189],[69.6528,10.409],[69.6428,10.3947],[69.6361,10.385],[69.6263,10.3713],[69.62,10.3617],[69.6102,10.3481],[69.6033,10.3385],[69.5927,10.3243],[69.5855,10.3152],[69.5754,10.3012],[69.5683,10.292],[69.5582,10.2776],[69.5509,10.2684],[69.5407,10.2542],[69.5337,10.2444],[69.523,10.2297],[69.5158,10.2202],[69.5055,10.2065],[69.4982,10.1967],[69.488,10.1829],[69.4809,10.1736],[69.4705,10.1595],[69.4632,10.1507],[69.4528,10.1368],[69.4463,10.1276],[69.4357,10.1133],[69.4292,10.1038],[69.4192,10.0894],[69.4124,10.0794],[69.4026,10.0655],[69.3958,10.0558],[69.3855,10.0422],[69.3787,10.0328],[69.3684,10.0185],[69.3615,10.0092],[69.3517,9.9947],[69.3453,9.985],[69.3352,9.9706],[69.3284,9.9607],[69.3186,9.9461],[69.3121,9.9371],[69.3021,9.9223],[69.2956,9.913],[69.286,9.8982],[69.2796,9.8886],[69.2698,9.8737],[69.2636,9.8643],[69.2546,9.8499],[69.2478,9.84],[69.239,9.8257],[69.2332,9.8162],[69.2246,9.8015],[69.218,9.7913],[69.2092,9.7764],[69.2028,9.7664],[69.1933,9.7519],[69.1875,9.7421],[69.178,9.7267],[69.1715,9.7175],[69.1619,9.7031],[69.1556,9.693],[69.1455,9.6789],[69.1391,9.6689],[69.1296,9.6538],[69.1232,9.644],[69.1138,9.6294],[69.1081,9.6198],[69.0983,9.6047],[69.0924,9.5952],[69.0834,9.5801],[69.0772,9.5701],[69.068,9.5553],[69.0617,9.5453]]},"properties":{"mmsi":993958557,"name":"SYN-TAN-27","role":"candidate","vessel_type":80,"synthetic":true,"t_offset_s":[-131734,-131614,-131374,-131014,-130774,-130414,-130174,-129814,-129574,-129214,-128974,-128614,-128374,-128014,-127774,-127414,-127174,-126814,-126574,-126214,-125974,-125614,-125374,-125014,-124774,-124414,-124174,-123814,-123574,-123214,-122974,-122614,-122374,-122014,-121774,-121414,-121174,-120814,-120574,-120214,-119974,-119614,-119374,-119014,-118774,-118414,-118174,-117814,-117574,-117214,-116974,-116614,-116374,-116014,-115774,-115414,-115174,-114814,-114574,-114214,-113974,-113614,-113374,-113014,-112774,-112414,-112174,-111814,-111574,-111214,-110974,-110614,-110374,-110014,-109774,-109414,-109174,-108814,-108574,-108214,-107974,-107614,-107374,-107014,-106774,-106414,-106174,-105814,-105574,-105214,-104974,-104614,-104374,-104014,-103774,-103414,-103174,-102814,-102574,-102214,-101974,-101614,-101374,-101014,-100774,-100414,-100174,-99814,-99574,-99214,-98974,-98614,-98374,-98014,-97774,-97414,-97174,-96814,-96574,-96214,-95974,-95614,-95374,-95014,-94774,-94414,-94174,-93814,-93574,-93214,-92974,-92614,-92374,-92014,-91774,-91414,-91174,-90814,-90574,-90214,-89974,-89614,-89374,-89014,-88774,-88414,-88174,-87814,-87574,-87214,-86974,-86614,-86374,-86014,-85774,-85414,-85174,-84814,-84574,-84214,-83974,-83614,-83374,-83014,-82774,-82414,-82174,-81814,-81574,-81214,-80974,-80614,-80374,-80014,-79774,-79414,-79174,-78814,-78574,-78214,-77974,-77614,-77374,-77014,-76774,-76414,-76174,-75814,-75574,-75214,-74974,-74614,-74374,-74014,-73774,-73414,-73174,-72814,-72574,-72214,-71974,-71614,-71374,-71014,-70774,-70414,-70174,-69814,-69574,-69214,-68974,-68614,-68374,-68014,-67774,-67414,-67174,-66814,-66574,-66214,-65974,-65614,-65374,-65014,-64774,-64414,-64174,-63814,-63574,-63214,-62974,-62614,-62374,-62014,-61774,-61414,-61174,-60814,-60574,-60214,-59974,-59614,-59374,-59014,-58774,-58414,-58174,-57814,-57574,-57214,-56974,-56614,-56374,-56014,-55774,-55414,-55174,-54814,-54574,-54214,-53974,-53614,-53374,-53014,-52774,-52414,-52174,-51814,-51574,-51214,-50974,-50614,-50374,-50014,-49774,-49414,-49174,-48814,-48574,-48214,-47974,-47614,-47374,-47014,-46774,-46414,-46174,-45814,-45574,-45214,-44974,-44614,-44374,-44014,-43774,-43414,-43174,-42814,-42574,-42214,-41974,-41614,-41374,-41014,-40774,-40414,-40174,-39814,-39574,-39214,-38974,-38614,-38374,-38014,-37774,-37414,-37174,-36814,-36574,-36214,-35974,-35614,-35374,-35014,-34774,-34414,-34174,-33814,-33574,-33214,-32974,-32614,-32374,-32014,-31774,-31414,-31174,-30814,-30574,-30214,-29974,-29614,-29374,-29014,-28774,-28414,-28174,-27814,-27574,-27214,-26974,-26614,-26374,-26014,-25774,-25414,-25174,-24814,-24574,-24214,-23974,-23614,-23374,-23014,-22774,-22414,-22174,-21814,-21574,-21214,-20974],"sog":[10.1,11.1,10.4,10.0,10.3,10.5,10.7,10.0,10.7,10.2,10.7,10.0,10.0,10.6,10.5,10.8,10.2,10.3,10.2,10.8,10.4,10.4,10.1,10.5,10.4,10.7,10.5,10.5,10.2,10.4,10.0,11.1,10.1,10.0,10.5,10.6,10.2,10.4,10.8,10.1,10.4,10.5,10.2,9.9,10.7,9.8,10.4,10.5,9.4,10.4,10.7,10.7,9.9,10.1,10.5,10.6,10.1,10.1,10.7,10.0,10.2,10.4,10.7,10.7,10.5,10.8,10.0,10.7,10.3,10.6,10.6,10.6,10.5,10.3,10.3,10.3,10.4,10.1,10.7,10.1,10.7,10.9,10.4,10.2,10.2,10.2,10.3,10.3,10.2,10.2,10.2,9.6,10.1,10.0,10.3,9.5,10.7,10.7,10.5,9.9,10.4,10.3,10.6,10.5,10.1,10.0,10.3,10.6,10.5,10.5,10.8,10.1,10.5,10.2,10.3,10.4,10.2,10.7,10.5,10.4,10.7,10.3,10.2,10.2,10.2,10.7,9.8,10.1,10.4,10.9,10.3,10.1,10.4,10.5,10.6,9.9,10.0,10.5,10.0,11.0,10.3,10.1,10.8,10.5,10.0,10.2,10.4,10.3,10.7,10.0,10.5,9.9,10.4,10.6,10.0,10.0,10.0,10.4,9.9,10.0,10.1,10.5,10.5,10.5,10.5,11.1,10.7,10.3,10.1,10.1,10.0,10.1,11.0,11.0,10.6,10.6,10.0,10.5,10.6,10.4,10.7,10.1,10.2,10.9,10.3,10.4,10.1,10.6,10.4,10.2,10.4,10.2,10.6,10.2,10.2,10.1,10.7,9.8,10.7,10.0,10.8,10.6,10.8,10.6,10.3,9.6,9.8,10.4,10.6,10.1,10.5,10.4,10.2,10.3,10.4,10.3,10.5,10.6,10.5,10.3,10.9,10.7,11.0,10.6,10.2,9.9,10.0,10.3,10.4,10.3,10.7,10.5,10.7,10.1,10.5,10.0,10.4,10.0,10.4,10.2,10.2,10.6,10.1,9.9,10.7,10.4,10.4,10.6,11.0,10.0,10.3,10.1,10.2,10.6,10.7,10.5,10.4,10.1,10.8,9.9,10.4,10.4,10.0,10.5,10.6,9.7,10.1,10.4,10.3,10.2,10.4,10.9,9.8,10.5,10.6,10.5,9.7,10.2,10.5,10.6,10.3,10.0,10.2,10.8,10.4,10.4,10.6,10.6,9.7,10.0,10.9,11.0,10.2,10.3,10.9,10.3,10.3,10.1,10.3,10.7,10.1,9.9,9.6,10.5,10.5,10.8,10.1,10.4,10.2,10.1,10.6,10.5,10.4,11.1,10.2,10.6,10.8,10.1,10.7,10.4,10.0,10.5,10.1,10.2,10.4,10.5,10.7,9.9,10.5,10.3,10.2,10.7,10.2,10.7,10.6,10.1,10.5,10.3,10.4,9.9,10.4,10.5,10.4,10.5,10.2,10.1,10.9,10.3,9.7,10.2,10.6,10.7,10.3,10.4,10.6,10.7,10.2,10.4,10.6,10.1,10.2,10.9,10.1,10.3,10.2,10.3,9.8,10.5,10.7,10.5,10.4]}},{"type":"Feature","geometry":{"type":"LineString","coordinates":[[70.5667,10.5491],[70.5753,10.5629],[70.5887,10.5838],[70.5968,10.5979],[70.6093,10.6185],[70.6173,10.6327],[70.6302,10.6541],[70.6382,10.6684],[70.65,10.69],[70.6578,10.7042],[70.6698,10.7256],[70.6774,10.74],[70.6892,10.7621],[70.6971,10.7766],[70.7085,10.7982],[70.7163,10.8131],[70.728,10.8351],[70.7356,10.8495],[70.7479,10.8714],[70.7558,10.8857],[70.7674,10.9071],[70.775,10.9217],[70.7865,10.9432],[70.7945,10.9574],[70.806,10.9787],[70.814,10.993],[70.8259,11.0146],[70.8338,11.029],[70.8459,11.0502],[70.8541,11.0648],[70.8664,11.0861],[70.8748,11.0999],[70.8872,11.1208],[70.8955,11.1347],[70.9082,11.1559],[70.916,11.1699],[70.9277,11.1913],[70.9354,11.2058],[70.9475,11.2272],[70.9558,11.2421],[70.9682,11.2636],[70.9767,11.2788],[70.9893,11.2999],[70.9971,11.3142],[71.0095,11.3351],[71.018,11.3488],[71.0308,11.3702],[71.0398,11.3846],[71.0524,11.4052],[71.0613,11.4188],[71.0741,11.4398],[71.0829,11.4538],[71.096,11.4746],[71.105,11.4881],[71.1188,11.5087],[71.1275,11.5228],[71.1413,11.5442],[71.1504,11.5583],[71.1639,11.5788],[71.1736,11.5926],[71.1872,11.6126],[71.1964,11.6261],[71.2106,11.6461],[71.2198,11.6596],[71.2338,11.6799],[71.2439,11.6936],[71.2584,11.7134],[71.2683,11.7268],[71.2825,11.7465],[71.2928,11.76],[71.3078,11.7796],[71.3179,11.7925],[71.3323,11.8125],[71.3423,11.8258],[71.3569,11.8454],[71.3662,11.8587],[71.3805,11.8787],[71.3902,11.8923],[71.4049,11.9118],[71.4149,11.9249],[71.43,11.9444],[71.4404,11.9576],[71.4557,11.9767],[71.4658,11.9898],[71.4804,12.0089],[71.4907,12.0219],[71.5064,12.0414],[71.5165,12.0548],[71.532,12.0742],[71.5419,12.0867],[71.5572,12.1061],[71.5669,12.1189],[71.5822,12.1387],[71.5918,12.1514],[71.6067,12.1708],[71.6168,12.1841],[71.6318,12.2044],[71.6417,12.2174],[71.656,12.2365],[71.6655,12.2497],[71.6797,12.2701],[71.6896,12.2838],[71.704,12.3035],[71.7135,12.3168],[71.7279,12.3377],[71.7373,12.351],[71.7514,12.3713],[71.7604,12.3848],[71.7739,12.4055],[71.7832,12.4186],[71.7968,12.4394],[71.8057,12.4532],[71.8185,12.4735],[71.8274,12.4878],[71.84,12.5086],[71.849,12.5228],[71.8615,12.5439],[71.8699,12.5575],[71.8818,12.5783],[71.8899,12.593],[71.9023,12.6142],[71.911,12.6286],[71.9239,12.6497],[71.9329,12.6639],[71.9462,12.6849],[71.9553,12.6985],[71.9686,12.7197],[71.9772,12.7334],[71.9898,12.7541],[71.9989,12.768],[72.0119,12.7891],[72.0201,12.8032],[72.0328,12.8233],[72.0418,12.8377],[72.0552,12.858],[72.0637,12.8716],[72.0769,12.8929],[72.0857,12.9065],[72.0995,12.928],[72.1082,12.9419],[72.1212,12.9624],[72.1295,12.9764],[72.1421,12.9979],[72.1502,13.0118],[72.1624,13.0335],[72.1711,13.0476],[72.1839,13.0691],[72.1922,13.0836],[72.2044,13.1053],[72.2122,13.119],[72.2248,13.1405],[72.2328,13.1549],[72.2454,13.1761],[72.254,13.1908],[72.2663,13.212],[72.2744,13.2256],[72.2865,13.2471],[72.2953,13.2617],[72.3075,13.283],[72.3151,13.2974],[72.3267,13.3185],[72.3344,13.3332],[72.3458,13.3548],[72.3535,13.3692],[72.3653,13.3916],[72.3725,13.4055],[72.3837,13.4271],[72.3917,13.4422],[72.403,13.4638],[72.4103,13.4786],[72.4216,13.501],[72.429,13.5155],[72.4402,13.5376],[72.4479,13.552],[72.459,13.5735],[72.4664,13.5884],[72.4775,13.6103],[72.4852,13.6249],[72.4973,13.6473],[72.5048,13.6617],[72.5165,13.6835],[72.5244,13.6978],[72.5362,13.7189],[72.5445,13.7333],[72.5568,13.7547],[72.5645,13.7685],[72.5764,13.7899],[72.5847,13.8042],[72.597,13.826],[72.6053,13.8403],[72.6174,13.8614],[72.6257,13.8762],[72.6379,13.8979],[72.646,13.9121],[72.6582,13.9332],[72.6667,13.9477],[72.6794,13.9688],[72.6882,13.9828],[72.701,14.0039],[72.7095,14.0177],[72.7228,14.0387],[72.7317,14.0528],[72.745,14.0738],[72.7538,14.0881],[72.7667,14.1091],[72.7749,14.1229],[72.7878,14.1445],[72.7958,14.1587],[72.8085,14.18],[72.8164,14.194],[72.8286,14.2153],[72.8368,14.2296],[72.8489,14.2514],[72.8567,14.2657],[72.8689,14.2875],[72.8764,14.3019],[72.8877,14.3244],[72.8944,14.3392],[72.9056,14.3612],[72.9129,14.3756],[72.9241,14.3982],[72.9312,14.4125],[72.9422,14.4347],[72.9495,14.4496],[72.96,14.4718],[72.9672,14.487],[72.9778,14.5093],[72.9851,14.5243],[72.9955,14.5468],[73.0025,14.5612],[73.0134,14.5833],[73.0206,14.5984],[73.031,14.6208],[73.0371,14.6357],[73.0472,14.6578],[73.0541,14.6729],[73.0639,14.6954],[73.0704,14.7099],[73.081,14.7325],[73.0887,14.7476],[73.0991,14.7695],[73.1062,14.7846],[73.1171,14.8061],[73.1246,14.8213],[73.1347,14.8437],[73.1415,14.8583],[73.1517,14.8806],[73.1587,14.8958],[73.1694,14.9178],[73.1764,14.9323],[73.1869,14.9541],[73.1935,14.9688],[73.2044,14.9911],[73.2111,15.006],[73.222,15.029],[73.2291,15.0434],[73.2395,15.0655],[73.2469,15.0809],[73.257,15.1027],[73.2644,15.1175],[73.2756,15.1392],[73.2828,15.1543],[73.2941,15.1761],[73.3015,15.1908],[73.3121,15.2127],[73.3196,15.2273],[73.3304,15.2495],[73.3378,15.264],[73.3492,15.2866],[73.3565,15.3013],[73.367,15.3231],[73.3745,15.3378],[73.3858,15.3599],[73.3932,15.3747],[73.4049,15.3971],[73.4124,15.412],[73.4236,15.4341],[73.4308,15.4484],[73.4417,15.4709],[73.4486,15.4856],[73.4596,15.5078],[73.4666,15.5227],[73.4773,15.5449],[73.4842,15.5597],[73.4946,15.5818],[73.5016,15.5963],[73.5129,15.6194],[73.5201,15.634],[73.5314,15.6564],[73.5387,15.6713],[73.5498,15.6936],[73.5574,15.7076],[73.5684,15.7301],[73.5758,15.7452],[73.5865,15.7672],[73.593,15.7815],[73.604,15.8043],[73.6106,15.8196],[73.6213,15.8414]]},"properties":{"mmsi":994322102,"name":"SYN-TAN-22","role":"candidate","vessel_type":80,"synthetic":true,"t_offset_s":[-150809,-150569,-150209,-149969,-149609,-149369,-149009,-148769,-148409,-148169,-147809,-147569,-147209,-146969,-146609,-146369,-146009,-145769,-145409,-145169,-144809,-144569,-144209,-143969,-143609,-143369,-143009,-142769,-142409,-142169,-141809,-141569,-141209,-140969,-140609,-140369,-140009,-139769,-139409,-139169,-138809,-138569,-138209,-137969,-137609,-137369,-137009,-136769,-136409,-136169,-135809,-135569,-135209,-134969,-134609,-134369,-134009,-133769,-133409,-133169,-132809,-132569,-132209,-131969,-131609,-131369,-131009,-130769,-130409,-130169,-129809,-129569,-129209,-128969,-128609,-128369,-128009,-127769,-127409,-127169,-126809,-126569,-126209,-125969,-125609,-125369,-125009,-124769,-124409,-124169,-123809,-123569,-123209,-122969,-122609,-122369,-122009,-121769,-121409,-121169,-120809,-120569,-120209,-119969,-119609,-119369,-119009,-118769,-118409,-118169,-117809,-117569,-117209,-116969,-116609,-116369,-116009,-115769,-115409,-115169,-114809,-114569,-114209,-113969,-113609,-113369,-113009,-112769,-112409,-112169,-111809,-111569,-111209,-110969,-110609,-110369,-110009,-109769,-109409,-109169,-108809,-108569,-108209,-107969,-107609,-107369,-107009,-106769,-106409,-106169,-105809,-105569,-105209,-104969,-104609,-104369,-104009,-103769,-103409,-103169,-102809,-102569,-102209,-101969,-101609,-101369,-101009,-100769,-100409,-100169,-99809,-99569,-99209,-98969,-98609,-98369,-98009,-97769,-97409,-97169,-96809,-96569,-96209,-95969,-95609,-95369,-95009,-94769,-94409,-94169,-93809,-93569,-93209,-92969,-92609,-92369,-92009,-91769,-91409,-91169,-90809,-90569,-90209,-89969,-89609,-89369,-89009,-88769,-88409,-88169,-87809,-87569,-87209,-86969,-86609,-86369,-86009,-85769,-85409,-85169,-84809,-84569,-84209,-83969,-83609,-83369,-83009,-82769,-82409,-82169,-81809,-81569,-81209,-80969,-80609,-80369,-80009,-79769,-79409,-79169,-78809,-78569,-78209,-77969,-77609,-77369,-77009,-76769,-76409,-76169,-75809,-75569,-75209,-74969,-74609,-74369,-74009,-73769,-73409,-73169,-72809,-72569,-72209,-71969,-71609,-71369,-71009,-70769,-70409,-70169,-69809,-69569,-69209,-68969,-68609,-68369,-68009,-67769,-67409,-67169,-66809,-66569,-66209,-65969,-65609,-65369,-65009,-64769,-64409,-64169,-63809,-63569,-63209,-62969,-62609,-62369,-62009,-61769,-61409],"sog":[14.7,14.5,14.6,14.3,14.3,14.7,14.5,14.4,14.3,14.5,14.7,14.1,14.7,14.5,14.8,14.8,15.2,14.7,14.8,14.3,14.8,14.4,14.4,14.2,14.2,14.6,15.0,14.7,14.6,14.7,14.0,14.2,14.5,14.4,14.9,14.4,14.4,14.6,14.5,14.8,15.5,14.9,14.2,14.9,14.4,14.5,14.4,14.9,14.6,14.9,14.5,15.1,14.6,13.9,14.8,14.5,15.0,15.6,14.6,14.7,14.4,14.4,14.4,14.7,14.6,15.2,14.7,14.9,14.7,14.8,14.7,14.1,14.2,15.0,14.6,14.3,15.0,14.5,14.6,14.6,14.8,14.8,14.8,14.4,14.2,14.3,14.9,14.2,14.9,14.5,14.5,14.4,14.4,14.5,14.6,14.6,14.6,14.8,14.1,14.4,14.8,15.0,14.1,14.7,15.0,14.5,15.1,14.5,14.9,15.2,14.6,14.5,14.6,14.5,14.6,14.8,14.6,14.1,14.4,14.9,15.1,15.0,14.9,14.5,14.9,14.7,14.7,14.3,14.3,14.1,15.0,14.9,14.7,14.6,14.5,14.3,14.7,14.7,15.1,14.6,14.5,14.7,14.3,14.4,15.0,15.0,14.5,14.8,14.8,14.3,14.5,14.8,14.7,14.9,14.4,14.6,14.7,14.7,14.6,14.8,14.3,15.3,14.2,14.7,14.5,14.6,14.3,15.0,14.8,15.1,14.7,14.4,14.9,15.0,14.3,14.8,14.4,14.7,14.8,14.8,14.9,14.7,14.3,14.5,14.5,14.3,14.6,15.0,14.6,14.8,14.1,14.9,14.6,14.6,14.8,14.2,14.5,14.4,14.9,14.9,14.4,15.1,14.7,14.9,15.0,14.2,14.7,14.4,14.7,14.7,15.1,14.8,14.9,14.8,15.1,14.6,15.1,14.5,14.8,14.6,14.8,14.1,14.2,14.8,14.9,15.2,14.8,14.9,14.2,14.9,14.8,15.1,14.6,14.5,13.9,14.5,15.2,14.6,14.8,14.9,14.1,14.5,14.3,15.1,14.5,14.7,14.2,15.0,14.5,14.3,14.5,14.2,14.9,14.4,14.9,15.1,14.2,14.8,14.8,14.8,14.6,14.7,14.5,14.5,14.2,15.0,14.5,14.5,15.1,14.1,14.3,14.8,14.4,15.2,15.0,14.7,14.7,14.9,14.9,14.5,14.7,14.9,14.8,14.9,14.5,14.3,15.3,14.6,15.0,15.2,14.5,14.5,14.6,15.0,15.1,14.6,15.1,14.8,14.5]}},{"type":"Feature","geometry":{"type":"LineString","coordinates":[[72.4832,13.7153],[72.4907,13.7257],[72.4982,13.7359],[72.5096,13.7515],[72.5179,13.7616],[72.529,13.7774],[72.5368,13.7876],[72.5485,13.8036],[72.5561,13.8142]]},"properties":{"mmsi":994457729,"name":"SYN-CAR-09","role":"background","vessel_type":70,"synthetic":true,"t_offset_s":[83863,84103,84343,84703,84943,85303,85543,85903,86143],"sog":[11.6,11.3,11.1,11.2,11.7,11.6,11.4,11.7,11.6]}},{"type":"Feature","geometry":{"type":"LineString","coordinates":[[70.7259,10.8337],[70.7224,10.8269],[70.7151,10.8149],[70.7039,10.7952],[70.6969,10.7827],[70.6858,10.7638],[70.6786,10.7513],[70.6677,10.7317],[70.6606,10.7187],[70.6499,10.6994],[70.6431,10.6867],[70.6331,10.6671],[70.6258,10.6542],[70.6154,10.6354],[70.6085,10.6225],[70.5976,10.6038],[70.5907,10.5909],[70.5801,10.5717],[70.573,10.5592],[70.5614,10.5399],[70.5546,10.5275],[70.5427,10.5087],[70.5348,10.4964],[70.5232,10.478],[70.5149,10.4654],[70.5029,10.4458],[70.4948,10.4335],[70.4827,10.4151],[70.4747,10.4032],[70.4626,10.3845],[70.4544,10.373],[70.4419,10.3545],[70.4333,10.3417],[70.4216,10.3238],[70.4129,10.3112],[70.4011,10.2919],[70.3927,10.2795],[70.3812,10.2611],[70.373,10.2489],[70.3603,10.2301],[70.3516,10.2176],[70.3391,10.1997],[70.3306,10.1876],[70.3177,10.169],[70.3095,10.1561],[70.2972,10.1379],[70.2887,10.1258],[70.276,10.1076],[70.2677,10.0949],[70.2554,10.0765],[70.2466,10.0643],[70.2337,10.0457],[70.2253,10.034],[70.212,10.0157],[70.2043,10.004],[70.1916,9.986],[70.1829,9.9735],[70.1708,9.9553],[70.1626,9.9428],[70.1497,9.9242],[70.1415,9.9121],[70.1298,9.8942],[70.1209,9.882],[70.108,9.8639],[70.0999,9.8522],[70.0868,9.834],[70.0777,9.8218],[70.0651,9.8037],[70.0569,9.7917],[70.0441,9.7732],[70.0359,9.7611],[70.0233,9.7429],[70.0155,9.7312],[70.0034,9.7127],[69.9953,9.7],[69.9827,9.6817],[69.9746,9.6694],[69.9623,9.6514],[69.9539,9.639],[69.9412,9.6207],[69.933,9.6084],[69.9206,9.5904],[69.9124,9.5788],[69.9,9.5603],[69.8917,9.5477],[69.8801,9.5293],[69.8719,9.5168],[69.8596,9.499],[69.8515,9.4864],[69.8389,9.4685],[69.8306,9.4564],[69.8181,9.4382],[69.81,9.4259],[69.798,9.408],[69.7899,9.3958],[69.7772,9.3775],[69.7689,9.3649],[69.7568,9.3462],[69.7485,9.3334],[69.7366,9.3148],[69.7288,9.303],[69.7167,9.2841],[69.7088,9.2714],[69.6972,9.2518],[69.6892,9.2399],[69.6772,9.2217],[69.6693,9.2089],[69.6565,9.1901],[69.6486,9.1779],[69.6361,9.1598],[69.6274,9.1476],[69.6142,9.1293],[69.6052,9.1172],[69.5926,9.099],[69.5837,9.0872],[69.5701,9.0694],[69.5616,9.0578],[69.549,9.0404],[69.5396,9.0282],[69.5257,9.0104],[69.5165,8.9982],[69.5035,8.9809],[69.4945,8.9699],[69.4803,8.9528],[69.4711,8.9412],[69.4575,8.9244],[69.4483,8.9128],[69.4348,8.8953],[69.4255,8.8837],[69.4118,8.8655],[69.4033,8.8543],[69.3896,8.8366],[69.3806,8.8252],[69.3674,8.8083],[69.3585,8.7965],[69.345,8.779],[69.3357,8.7669],[69.3219,8.7497],[69.3123,8.7376],[69.2989,8.7202],[69.2898,8.709],[69.2767,8.6909],[69.2675,8.6793],[69.254,8.6617],[69.2453,8.6505],[69.2314,8.6332],[69.2222,8.6213],[69.2087,8.604],[69.2,8.5926],[69.1864,8.5756],[69.1771,8.5636],[69.1639,8.5458],[69.1549,8.5342],[69.1416,8.5164],[69.1332,8.5046],[69.1196,8.4872],[69.1111,8.4752],[69.0975,8.4568],[69.0889,8.445],[69.0754,8.4276],[69.0673,8.4153],[69.0544,8.3972],[69.0461,8.3848],[69.0332,8.3667],[69.0247,8.3553],[69.0106,8.3374],[69.0019,8.3259],[68.9887,8.308],[68.9799,8.2957],[68.9669,8.278],[68.9583,8.2654],[68.9451,8.2464],[68.9369,8.2347],[68.9245,8.2164],[68.9159,8.2038],[68.9033,8.1851],[68.8952,8.1734],[68.8826,8.1551],[68.8744,8.1428],[68.862,8.1244],[68.8535,8.112],[68.8413,8.094],[68.8336,8.0816],[68.8214,8.0625],[68.8135,8.0502],[68.801,8.0315],[68.7931,8.0192],[68.7806,8.001],[68.7731,7.9886],[68.7611,7.9696],[68.7528,7.9573],[68.7412,7.9388],[68.7332,7.9268],[68.7213,7.9089],[68.7128,7.8962],[68.701,7.8782],[68.6926,7.8653],[68.6804,7.846],[68.6725,7.8339],[68.6613,7.815],[68.6536,7.8025],[68.6419,7.7837],[68.6343,7.771],[68.6232,7.7514],[68.6156,7.7384],[68.6046,7.7197],[68.5976,7.707],[68.5865,7.6872],[68.5786,7.6747],[68.5676,7.6554],[68.56,7.6425],[68.5499,7.623],[68.5425,7.6105],[68.5317,7.5913],[68.5242,7.5788],[68.5129,7.5597],[68.505,7.5468],[68.4936,7.5275],[68.4861,7.5149]]},"properties":{"mmsi":994532353,"name":"SYN-TAN-13","role":"candidate","vessel_type":80,"synthetic":true,"t_offset_s":[-99352,-99232,-98992,-98632,-98392,-98032,-97792,-97432,-97192,-96832,-96592,-96232,-95992,-95632,-95392,-95032,-94792,-94432,-94192,-93832,-93592,-93232,-92992,-92632,-92392,-92032,-91792,-91432,-91192,-90832,-90592,-90232,-89992,-89632,-89392,-89032,-88792,-88432,-88192,-87832,-87592,-87232,-86992,-86632,-86392,-86032,-85792,-85432,-85192,-84832,-84592,-84232,-83992,-83632,-83392,-83032,-82792,-82432,-82192,-81832,-81592,-81232,-80992,-80632,-80392,-80032,-79792,-79432,-79192,-78832,-78592,-78232,-77992,-77632,-77392,-77032,-76792,-76432,-76192,-75832,-75592,-75232,-74992,-74632,-74392,-74032,-73792,-73432,-73192,-72832,-72592,-72232,-71992,-71632,-71392,-71032,-70792,-70432,-70192,-69832,-69592,-69232,-68992,-68632,-68392,-68032,-67792,-67432,-67192,-66832,-66592,-66232,-65992,-65632,-65392,-65032,-64792,-64432,-64192,-63832,-63592,-63232,-62992,-62632,-62392,-62032,-61792,-61432,-61192,-60832,-60592,-60232,-59992,-59632,-59392,-59032,-58792,-58432,-58192,-57832,-57592,-57232,-56992,-56632,-56392,-56032,-55792,-55432,-55192,-54832,-54592,-54232,-53992,-53632,-53392,-53032,-52792,-52432,-52192,-51832,-51592,-51232,-50992,-50632,-50392,-50032,-49792,-49432,-49192,-48832,-48592,-48232,-47992,-47632,-47392,-47032,-46792,-46432,-46192,-45832,-45592,-45232,-44992,-44632,-44392,-44032,-43792,-43432,-43192,-42832,-42592,-42232,-41992,-41632,-41392,-41032,-40792,-40432,-40192,-39832,-39592,-39232,-38992,-38632,-38392,-38032,-37792,-37432,-37192,-36832,-36592,-36232,-35992,-35632,-35392,-35032,-34792,-34432,-34192],"sog":[13.2,13.3,12.6,13.7,13.2,12.8,13.1,13.3,13.2,12.9,12.6,13.4,13.4,12.7,12.7,12.7,12.6,12.8,13.3,13.4,12.6,12.8,12.9,13.1,13.6,13.3,13.3,13.4,13.1,13.2,13.2,13.6,13.6,12.9,13.3,13.5,12.7,13.1,12.9,13.7,13.8,13.0,13.5,13.3,13.2,13.5,13.6,13.2,13.0,13.0,13.5,13.0,13.3,13.3,12.6,13.0,13.7,13.4,13.1,13.6,13.1,12.7,12.9,13.8,13.0,13.7,13.4,12.8,13.1,13.5,13.2,13.0,12.5,13.1,13.2,13.0,13.1,12.9,13.2,13.3,13.3,12.7,12.9,12.8,13.4,12.7,13.4,12.6,13.1,12.9,12.6,13.3,13.3,12.5,12.8,13.3,13.4,13.1,13.3,13.3,13.1,13.1,13.3,13.1,13.1,12.6,13.3,13.3,13.6,13.4,13.1,13.0,13.3,12.8,13.9,13.0,12.8,12.9,13.6,13.4,13.2,13.1,13.0,13.3,13.1,12.9,12.8,13.1,13.1,13.5,12.8,13.1,13.0,12.4,13.5,13.3,13.8,13.2,13.4,12.6,12.7,13.2,12.9,13.5,13.1,12.9,12.8,12.9,13.2,12.8,13.6,13.3,12.9,13.0,12.8,12.8,13.1,13.3,12.9,13.0,13.7,13.4,13.2,13.1,12.8,13.3,13.4,13.1,13.6,13.3,13.7,13.6,13.1,13.5,13.2,13.3,13.1,12.9,13.2,13.0,12.8,13.3,13.4,13.0,13.2,12.4,12.8,12.6,13.3,13.4,12.7,13.1,13.3,13.2,13.0,13.0,13.3,14.1,13.2,13.4,13.2,12.7,13.4,13.2,13.2,13.1,12.6,13.2,13.3,13.0,13.3,13.4,13.4,12.8,12.8,13.2,13.3,13.4,13.1]}},{"type":"Feature","geometry":{"type":"LineString","coordinates":[[72.8046,10.9285],[72.8205,10.9327],[72.8364,10.9372],[72.8602,10.9435],[72.8765,10.9479],[72.9009,10.9543],[72.9166,10.9583],[72.9407,10.9646],[72.9573,10.9688],[72.9813,10.975],[72.997,10.9787],[73.0214,10.9852],[73.038,10.9895],[73.062,10.9955],[73.0778,10.9993],[73.1018,11.0052],[73.1178,11.0091],[73.1424,11.0151],[73.1582,11.019],[73.1825,11.0247],[73.1985,11.0278],[73.223,11.0332],[73.2392,11.0365],[73.2632,11.0415],[73.279,11.0448],[73.3034,11.0503],[73.3197,11.0535],[73.3437,11.0587],[73.3599,11.0622],[73.384,11.0687],[73.3999,11.073],[73.4238,11.0798],[73.44,11.084],[73.4635,11.0909],[73.4797,11.0958],[73.5034,11.1026],[73.52,11.1066],[73.5439,11.1139],[73.5592,11.1181],[73.5831,11.1251],[73.5995,11.13],[73.6235,11.1369],[73.6388,11.1409],[73.6626,11.1485],[73.6785,11.1533],[73.7019,11.1608],[73.7178,11.1655],[73.7418,11.173],[73.757,11.1781],[73.7806,11.1856],[73.7967,11.1911],[73.8201,11.1993],[73.8354,11.2045],[73.8582,11.2124],[73.874,11.2179],[73.8985,11.2266],[73.9133,11.2321],[73.9368,11.24],[73.9521,11.245],[73.9753,11.2521],[73.9915,11.2571],[74.0152,11.2645],[74.0305,11.2699],[74.0549,11.2781],[74.0709,11.2833],[74.0939,11.291],[74.1097,11.296],[74.1334,11.3032],[74.1489,11.3081],[74.1728,11.3163],[74.188,11.3215],[74.212,11.3295],[74.227,11.3347],[74.2502,11.3428],[74.2662,11.3479],[74.2894,11.3559],[74.305,11.3612],[74.3285,11.3692],[74.3438,11.3745],[74.3672,11.3822],[74.3827,11.3871],[74.4067,11.3954],[74.4221,11.4013],[74.445,11.4096],[74.4603,11.4157],[74.4839,11.4242],[74.4994,11.43],[74.5232,11.4387],[74.5389,11.4444],[74.5627,11.4538],[74.5779,11.4592],[74.6007,11.4679],[74.6157,11.4739],[74.6395,11.483],[74.6544,11.4887],[74.6777,11.498],[74.6931,11.504],[74.7159,11.5125],[74.7317,11.5186],[74.755,11.5275],[74.7704,11.534],[74.7933,11.5432],[74.8089,11.5495],[74.8323,11.5588],[74.8475,11.5652],[74.8695,11.5742],[74.8853,11.5804],[74.9083,11.5899],[74.9235,11.5961],[74.9468,11.6051],[74.9621,11.6114],[74.985,11.6207],[75.0008,11.6271],[75.0243,11.6357],[75.0396,11.6418],[75.0625,11.6503],[75.0777,11.656],[75.1007,11.6646],[75.1162,11.6703],[75.1389,11.6783],[75.1542,11.6838],[75.1773,11.6915],[75.1932,11.6968],[75.2165,11.7046],[75.2321,11.7096],[75.2557,11.7171],[75.2716,11.7226],[75.2952,11.7303],[75.3105,11.7351],[75.3341,11.7424],[75.3498,11.7466],[75.3738,11.7531],[75.3902,11.7573],[75.413,11.7637],[75.4303,11.7677],[75.4544,11.7736]]},"properties":{"mmsi":994681436,"name":"SYN-TAN-26","role":"candidate","vessel_type":80,"synthetic":true,"t_offset_s":[-62544,-62304,-62064,-61704,-61464,-61104,-60864,-60504,-60264,-59904,-59664,-59304,-59064,-58704,-58464,-58104,-57864,-57504,-57264,-56904,-56664,-56304,-56064,-55704,-55464,-55104,-54864,-54504,-54264,-53904,-53664,-53304,-53064,-52704,-52464,-52104,-51864,-51504,-51264,-50904,-50664,-50304,-50064,-49704,-49464,-49104,-48864,-48504,-48264,-47904,-47664,-47304,-47064,-46704,-46464,-46104,-45864,-45504,-45264,-44904,-44664,-44304,-44064,-43704,-43464,-43104,-42864,-42504,-42264,-41904,-41664,-41304,-41064,-40704,-40464,-40104,-39864,-39504,-39264,-38904,-38664,-38304,-38064,-37704,-37464,-37104,-36864,-36504,-36264,-35904,-35664,-35304,-35064,-34704,-34464,-34104,-33864,-33504,-33264,-32904,-32664,-32304,-32064,-31704,-31464,-31104,-30864,-30504,-30264,-29904,-29664,-29304,-29064,-28704,-28464,-28104,-27864,-27504,-27264,-26904,-26664,-26304,-26064,-25704,-25464,-25104,-24864,-24504,-24264,-23904,-23664,-23304,-23064,-22704,-22464,-22104],"sog":[14.4,14.6,15.1,14.1,15.2,14.1,14.2,15.1,14.6,14.6,14.4,14.6,14.7,14.3,14.6,14.5,14.2,14.8,14.4,14.7,14.0,14.8,14.1,14.5,14.3,14.9,14.5,13.9,14.6,15.0,14.5,14.5,14.8,14.6,15.0,14.6,14.8,14.5,14.3,14.4,15.4,14.5,14.3,14.5,14.5,14.7,14.7,14.9,13.8,14.5,14.8,14.7,14.5,14.4,14.7,14.6,14.5,14.1,14.3,14.3,15.1,14.9,14.3,14.7,14.8,14.7,14.6,14.5,14.5,14.3,14.8,14.7,14.3,14.6,14.4,14.2,14.3,14.8,14.4,14.4,14.1,14.7,15.5,14.3,14.5,14.4,15.0,15.2,15.0,14.8,14.3,14.4,14.1,14.9,14.5,14.3,14.8,14.5,14.6,14.3,14.3,14.2,15.2,15.1,14.2,14.5,14.7,14.7,14.5,14.5,14.6,15.0,15.0,14.3,14.8,14.1,14.1,14.3,14.3,14.5,14.1,14.3,15.1,14.3,15.0,14.1,14.7,14.7,14.1,14.3,14.1,15.0,15.0,14.3,14.7,15.1]}},{"type":"Feature","geometry":{"type":"LineString","coordinates":[[67.8,12.8875],[67.8132,12.8831],[67.8256,12.8788],[67.8454,12.8723],[67.858,12.8679],[67.877,12.8612],[67.8903,12.8569],[67.9099,12.8499],[67.9228,12.8448],[67.9419,12.8383],[67.9543,12.8336],[67.9731,12.8262],[67.9858,12.8213],[68.0051,12.8135],[68.0179,12.8083],[68.037,12.8006],[68.05,12.7952],[68.0682,12.7881],[68.0805,12.783],[68.0996,12.7753],[68.1123,12.7704],[68.1313,12.7629],[68.1433,12.7578],[68.1617,12.75],[68.1747,12.7449],[68.1934,12.7365],[68.2058,12.7309],[68.2244,12.7228],[68.2367,12.7172],[68.2553,12.7084],[68.2678,12.7028],[68.2867,12.694],[68.2983,12.6878],[68.3167,12.6791],[68.3288,12.6735],[68.3467,12.665],[68.3585,12.6593],[68.3775,12.6508],[68.3897,12.6451],[68.4086,12.6371],[68.4209,12.6318],[68.4405,12.6235],[68.4538,12.6182],[68.4726,12.6101],[68.4852,12.6044],[68.5034,12.5968],[68.5162,12.5908],[68.5346,12.5828],[68.5469,12.5771],[68.5659,12.568],[68.5787,12.5626],[68.5974,12.5545],[68.6097,12.5492],[68.6286,12.5411],[68.6413,12.5359],[68.6597,12.5283],[68.672,12.523],[68.6905,12.5153],[68.7035,12.5103],[68.7226,12.5031],[68.7357,12.4979],[68.7547,12.4908],[68.7672,12.4863],[68.7861,12.4795],[68.7991,12.4752],[68.8179,12.4687],[68.8305,12.4646],[68.8497,12.4582],[68.8628,12.4538],[68.882,12.4477],[68.8942,12.4432],[68.9134,12.4369],[68.9265,12.4321],[68.9451,12.426],[68.9576,12.4223],[68.9766,12.4153],[68.9892,12.4105],[69.009,12.4034],[69.0222,12.3988],[69.0419,12.3926],[69.0548,12.3881],[69.0745,12.3818],[69.0872,12.3778],[69.1067,12.3717],[69.1198,12.367],[69.1389,12.3609],[69.1513,12.3566],[69.1704,12.3502],[69.1835,12.3461],[69.2037,12.3401],[69.2171,12.3363],[69.2369,12.3307],[69.2498,12.3264],[69.2698,12.3204],[69.283,12.3166],[69.3024,12.3108],[69.3157,12.3067],[69.3353,12.3007],[69.3481,12.2969],[69.3679,12.2914],[69.3808,12.2874],[69.4007,12.2817],[69.4136,12.2778],[69.4336,12.2726],[69.4469,12.2685],[69.4668,12.2631],[69.4794,12.2597],[69.4987,12.2541],[69.5123,12.2507],[69.5319,12.2449],[69.5452,12.241],[69.5646,12.2353],[69.5779,12.2311],[69.5973,12.225],[69.6109,12.221],[69.6305,12.2155],[69.643,12.2115],[69.6628,12.2049],[69.6757,12.2006],[69.6947,12.1936],[69.7078,12.1897],[69.7272,12.1828],[69.7402,12.1777],[69.7596,12.1707],[69.7722,12.166],[69.7908,12.159],[69.8041,12.1548],[69.8231,12.1483],[69.8359,12.1439],[69.8559,12.1373],[69.8686,12.1329],[69.8876,12.1264],[69.901,12.1218],[69.9196,12.115],[69.9326,12.1105],[69.9512,12.1034],[69.9636,12.0987],[69.9829,12.0918],[69.9958,12.0873],[70.015,12.0803],[70.0278,12.0756],[70.0465,12.0687],[70.0595,12.0644],[70.0786,12.0578],[70.0915,12.0535],[70.1106,12.0466],[70.1236,12.0418],[70.143,12.0349],[70.1555,12.0297],[70.1749,12.0234],[70.1874,12.019],[70.2071,12.0125],[70.2196,12.0084],[70.239,12.0021],[70.2516,11.9977],[70.2717,11.9913],[70.2846,11.9871],[70.3041,11.981],[70.3173,11.9771],[70.3371,11.9708],[70.3505,11.9671],[70.3698,11.9612],[70.3833,11.9572],[70.4031,11.9525],[70.4165,11.9488],[70.4366,11.9438],[70.4495,11.9399],[70.4688,11.9353],[70.4824,11.9318],[70.5016,11.9265],[70.5146,11.9226],[70.5342,11.9175],[70.5474,11.9133],[70.567,11.9075],[70.58,11.9033],[70.5992,11.897],[70.6125,11.8931],[70.6319,11.8868],[70.6448,11.8829],[70.6648,11.8764],[70.677,11.8723],[70.697,11.8659],[70.7095,11.8612],[70.7287,11.8543],[70.7417,11.8502],[70.7615,11.8438],[70.7741,11.8396],[70.7937,11.8334],[70.8069,11.8292],[70.8266,11.823],[70.839,11.8187],[70.8582,11.8123],[70.8714,11.8081],[70.8908,11.8018],[70.9036,11.7978],[70.9233,11.7917],[70.9361,11.7872],[70.956,11.7812],[70.9691,11.7766],[70.988,11.7705],[71.0009,11.7664],[71.0208,11.7604],[71.0341,11.7565],[71.0528,11.7504],[71.066,11.7466],[71.0853,11.7407],[71.0984,11.7369],[71.118,11.7316],[71.1309,11.7281],[71.1502,11.7223],[71.163,11.7188],[71.1824,11.7127],[71.1959,11.7091],[71.2151,11.703],[71.228,11.6992],[71.2474,11.6935],[71.2603,11.689],[71.2805,11.6829],[71.2934,11.6786],[71.3129,11.6726],[71.3257,11.6682],[71.3459,11.6624],[71.3589,11.6591],[71.3788,11.6533],[71.3924,11.6493],[71.412,11.6427],[71.4246,11.6389],[71.4442,11.6331],[71.4576,11.6287],[71.4766,11.6221],[71.4897,11.6176],[71.5094,11.6109],[71.5225,11.6065],[71.5417,11.5996],[71.5546,11.5949],[71.574,11.5883],[71.5866,11.5838],[71.6056,11.5775],[71.6184,11.5732],[71.638,11.5659],[71.6507,11.5616],[71.6701,11.5542],[71.6826,11.5492],[71.7019,11.5419],[71.7145,11.5364],[71.7334,11.5286],[71.7451,11.5234],[71.7636,11.5153],[71.7763,11.5103],[71.7945,11.5017],[71.807,11.4958],[71.8257,11.4869],[71.838,11.481],[71.8564,11.4728],[71.8693,11.4671],[71.8883,11.4589],[71.9009,11.4531],[71.919,11.4451],[71.9316,11.4389],[71.9507,11.4302],[71.9628,11.4247],[71.9811,11.416],[71.9929,11.4105],[72.0116,11.4019],[72.024,11.3969],[72.0431,11.3884],[72.0556,11.3829],[72.0746,11.3748],[72.0873,11.3697],[72.1064,11.3619],[72.1191,11.3566],[72.1382,11.3484],[72.1507,11.3432],[72.1696,11.3357],[72.1825,11.3306],[72.201,11.3229],[72.2134,11.3182],[72.232,11.3106],[72.2447,11.3056],[72.2631,11.2981],[72.276,11.2929],[72.295,11.2855],[72.3078,11.2801],[72.3264,11.2727],[72.3389,11.2676],[72.358,11.2598],[72.3707,11.2542],[72.3889,11.2465],[72.4011,11.2414],[72.4193,11.2335],[72.4325,11.2282],[72.4509,11.2196],[72.4641,11.2138],[72.482,11.2054],[72.4949,11.2001],[72.5128,11.1921],[72.5253,11.1861],[72.5435,11.1775],[72.5557,11.1716],[72.5738,11.1635],[72.5858,11.1582],[72.6045,11.1487],[72.6171,11.143],[72.6356,11.1344],[72.6477,11.1284],[72.6653,11.12],[72.6778,11.1138],[72.6954,11.1041],[72.7079,11.0977],[72.7257,11.0881],[72.7376,11.0811],[72.7552,11.071],[72.767,11.0641],[72.7846,11.0537],[72.7961,11.0466],[72.8132,11.0358],[72.8244,11.0289],[72.842,11.0186],[72.8538,11.012],[72.8719,11.0017],[72.8837,10.9953],[72.9018,10.9858],[72.9135,10.9788],[72.9316,10.9689],[72.9432,10.9625],[72.9609,10.9524],[72.9726,10.9457],[72.9905,10.9362],[73.0026,10.93],[73.0205,10.9201],[73.0326,10.9141],[73.0506,10.9044],[73.062,10.8979],[73.0805,10.8884],[73.0922,10.8819],[73.1103,10.8714],[73.1226,10.8649],[73.1405,10.855],[73.153,10.8486],[73.1711,10.8394],[73.1832,10.8329],[73.2014,10.8234],[73.2136,10.8163],[73.2313,10.8066],[73.243,10.8007],[73.261,10.7907],[73.273,10.7843],[73.2907,10.7747],[73.3025,10.7684],[73.3206,10.7588],[73.3324,10.7521],[73.3505,10.742],[73.3626,10.7354],[73.3809,10.7252],[73.3931,10.7191],[73.4106,10.7093],[73.4232,10.7032],[73.441,10.6934],[73.4531,10.6867],[73.4706,10.6769],[73.4828,10.6709],[73.5006,10.6614],[73.5125,10.6553],[73.5309,10.6463],[73.5431,10.6406],[73.561,10.631],[73.5735,10.6253],[73.592,10.6159],[73.6043,10.6091],[73.6231,10.601],[73.6347,10.5945],[73.6537,10.5857],[73.6661,10.5796],[73.6837,10.5711],[73.6964,10.5651],[73.7147,10.5559],[73.7269,10.5501],[73.7445,10.5416],[73.7575,10.5353],[73.7756,10.5266],[73.7883,10.5206],[73.8071,10.5118],[73.8193,10.5055],[73.8383,10.4965],[73.8502,10.4906],[73.869,10.4816],[73.8809,10.4756],[73.8994,10.4669],[73.9116,10.461],[73.9299,10.4518],[73.9422,10.4458],[73.9598,10.4367],[73.9721,10.4306],[73.9902,10.4211],[74.0019,10.4151],[74.0201,10.4064],[74.0319,10.4008],[74.0499,10.3918],[74.0618,10.3866],[74.0797,10.3774],[74.0922,10.3715],[74.1096,10.3631],[74.1214,10.3573],[74.14,10.3479],[74.1517,10.3417],[74.1702,10.3322],[74.1825,10.3257],[74.2009,10.3164],[74.213,10.3097],[74.2308,10.2999],[74.243,10.2932],[74.2613,10.2834],[74.2729,10.277],[74.2907,10.2669],[74.3027,10.26],[74.3204,10.2495],[74.3319,10.2428],[74.3496,10.2325],[74.3614,10.2256],[74.3792,10.2153],[74.3908,10.2084],[74.4084,10.1987],[74.4199,10.192],[74.4374,10.1816],[74.4492,10.1745],[74.4663,10.1639],[74.4778,10.1573],[74.4953,10.1464],[74.5066,10.1395],[74.5242,10.1283],[74.536,10.1211],[74.5539,10.1105],[74.5655,10.1033],[74.5835,10.0924],[74.5945,10.0853],[74.6123,10.0746],[74.6244,10.0676],[74.641,10.057],[74.653,10.0504],[74.6704,10.04],[74.6825,10.0331],[74.6998,10.0225],[74.7113,10.0157],[74.7286,10.0048],[74.7404,9.9971],[74.7573,9.9863],[74.7689,9.9787],[74.786,9.9675],[74.7975,9.96],[74.8146,9.9492],[74.8259,9.9419],[74.843,9.931],[74.8544,9.9234],[74.8714,9.9121],[74.8824,9.9046],[74.8992,9.8929],[74.9104,9.8848],[74.9266,9.8732],[74.9374,9.8652],[74.9532,9.8534],[74.9642,9.8454],[74.98,9.8329],[74.9909,9.8247],[75.0069,9.8117],[75.0173,9.803],[75.0335,9.7903],[75.044,9.7816],[75.0597,9.7694],[75.0702,9.7608],[75.0859,9.7484],[75.0964,9.7398],[75.1123,9.7268],[75.1227,9.7184],[75.1376,9.7054],[75.1481,9.6966],[75.1636,9.6835],[75.1739,9.6743],[75.189,9.6612],[75.1994,9.6518],[75.2141,9.6388],[75.2242,9.6294],[75.2392,9.6156],[75.2492,9.6062],[75.2639,9.5919],[75.2734,9.5826],[75.2876,9.5679],[75.297,9.5584],[75.3111,9.5441],[75.3208,9.5351],[75.3349,9.5203],[75.3442,9.5107],[75.3584,9.4962],[75.3684,9.4869],[75.3835,9.4725],[75.393,9.4632],[75.4078,9.4488],[75.4176,9.4394],[75.4317,9.4256],[75.4415,9.4163],[75.456,9.4021],[75.466,9.3925],[75.4798,9.3779],[75.4891,9.368],[75.5032,9.3533],[75.512,9.3432],[75.5262,9.3288],[75.5356,9.3191],[75.5495,9.3048],[75.5589,9.2947],[75.5721,9.2799],[75.5818,9.2699],[75.5953,9.255],[75.6045,9.2451],[75.6181,9.2303],[75.6273,9.2203],[75.641,9.2056],[75.6506,9.1954],[75.6638,9.181],[75.6732,9.1711],[75.6871,9.1567],[75.6966,9.1471],[75.7107,9.1323],[75.7197,9.1227],[75.7335,9.1078],[75.743,9.098],[75.7567,9.0835],[75.7663,9.0733],[75.7799,9.0589],[75.7893,9.0494],[75.803,9.0346],[75.8122,9.025],[75.8261,9.0108],[75.8351,9.0011],[75.8494,8.9862],[75.8584,8.9768],[75.8722,8.9627],[75.8818,8.953],[75.8961,8.9385],[75.9055,8.929],[75.9198,8.9137],[75.9291,8.9037],[75.9428,8.8894],[75.9528,8.8798],[75.9665,8.8655],[75.9758,8.8559],[75.9902,8.842],[76.0001,8.833],[76.0154,8.8189],[76.0253,8.8101],[76.0411,8.7961],[76.0515,8.7873],[76.0664,8.7746],[76.0769,8.7659],[76.0929,8.7522],[76.1033,8.7433],[76.1183,8.7301],[76.1286,8.7216],[76.1442,8.7083],[76.1546,8.7001],[76.17,8.6865],[76.1801,8.6783],[76.1957,8.6651],[76.2061,8.6568],[76.2216,8.6437],[76.2316,8.6347],[76.247,8.6221],[76.257,8.6131],[76.2727,8.5996],[76.2831,8.5909],[76.2986,8.5775],[76.3094,8.5682],[76.3244,8.5559],[76.3347,8.5473],[76.3506,8.534],[76.3613,8.5252],[76.3771,8.5123],[76.3876,8.5035],[76.4032,8.491],[76.413,8.4822],[76.4281,8.4698],[76.4388,8.4608],[76.4542,8.4478],[76.4644,8.4394],[76.4798,8.4262],[76.4903,8.4172],[76.5057,8.4045],[76.5161,8.3958],[76.5318,8.383],[76.5425,8.3742],[76.5582,8.3612],[76.5681,8.3524],[76.583,8.339],[76.5926,8.3306],[76.6082,8.3169],[76.6182,8.3085],[76.6334,8.2957],[76.644,8.2871],[76.6593,8.2745],[76.6701,8.2658],[76.6858,8.2527],[76.6962,8.2446],[76.7121,8.232],[76.7222,8.2236],[76.7386,8.21],[76.7491,8.2019],[76.7648,8.1893],[76.776,8.1805],[76.792,8.168],[76.8029,8.1595],[76.8189,8.1474],[76.8299,8.139],[76.8456,8.1262],[76.8557,8.1177],[76.8711,8.1049],[76.8815,8.0962],[76.8967,8.0838],[76.9075,8.0745],[76.9222,8.0616],[76.9327,8.0531],[76.9483,8.0402],[76.9587,8.0319],[76.9743,8.0196],[76.9846,8.0117],[77.0011,7.9991],[77.0117,7.9911],[77.0273,7.9781],[77.0377,7.9698],[77.0531,7.9566],[77.0632,7.9489],[77.0797,7.936],[77.0903,7.9275],[77.1068,7.9148],[77.1172,7.9064],[77.1329,7.8936],[77.1433,7.8851],[77.1591,7.873],[77.17,7.864],[77.1857,7.8514],[77.1962,7.843]]},"properties":{"mmsi":995248182,"name":"SYN-TAN-DCY2","role":"candidate","vessel_type":80,"synthetic":true,"t_offset_s":[-104880,-104640,-104400,-104040,-103800,-103440,-103200,-102840,-102600,-102240,-102000,-101640,-101400,-101040,-100800,-100440,-100200,-99840,-99600,-99240,-99000,-98640,-98400,-98040,-97800,-97440,-97200,-96840,-96600,-96240,-96000,-95640,-95400,-95040,-94800,-94440,-94200,-93840,-93600,-93240,-93000,-92640,-92400,-92040,-91800,-91440,-91200,-90840,-90600,-90240,-90000,-89640,-89400,-89040,-88800,-88440,-88200,-87840,-87600,-87240,-87000,-86640,-86400,-86040,-85800,-85440,-85200,-84840,-84600,-84240,-84000,-83640,-83400,-83040,-82800,-82440,-82200,-81840,-81600,-81240,-81000,-80640,-80400,-80040,-79800,-79440,-79200,-78840,-78600,-78240,-78000,-77640,-77400,-77040,-76800,-76440,-76200,-75840,-75600,-75240,-75000,-74640,-74400,-74040,-73800,-73440,-73200,-72840,-72600,-72240,-72000,-71640,-71400,-71040,-70800,-70440,-70200,-69840,-69600,-69240,-69000,-68640,-68400,-68040,-67800,-67440,-67200,-66840,-66600,-66240,-66000,-65640,-65400,-65040,-64800,-64440,-64200,-63840,-63600,-63240,-63000,-62640,-62400,-62040,-61800,-61440,-61200,-60840,-60600,-60240,-60000,-59640,-59400,-59040,-58800,-58440,-58200,-57840,-57600,-57240,-57000,-56640,-56400,-56040,-55800,-55440,-55200,-54840,-54600,-54240,-54000,-53640,-53400,-53040,-52800,-52440,-52200,-51840,-51600,-51240,-51000,-50640,-50400,-50040,-49800,-49440,-49200,-48840,-48600,-48240,-48000,-47640,-47400,-47040,-46800,-46440,-46200,-45840,-45600,-45240,-45000,-44640,-44400,-44040,-43800,-43440,-43200,-42840,-42600,-42240,-42000,-41640,-41400,-41040,-40800,-40440,-40200,-39840,-39600,-39240,-39000,-38640,-38400,-38040,-37800,-37440,-37200,-36840,-36600,-36240,-36000,-35640,-35400,-35040,-34800,-34440,-34200,-33840,-33600,-33240,-33000,-32640,-32400,-32040,-31800,-31440,-31200,-30840,-30600,-30240,-30000,-29640,-29400,-29040,-28800,-28440,-28200,-27840,-27600,-27240,-27000,-26640,-26400,-26040,-25800,-25440,-25200,-24840,-24600,-24240,-24000,-23640,-23400,-23040,-22800,-22440,-22200,-21840,-21600,-21240,-21000,-20640,-20400,-20040,-19800,-19440,-19200,-18840,-18600,-18240,-18000,-17640,-17400,-17040,-16800,-16440,-16200,-15840,-15600,-15240,-15000,-14640,-14400,-14040,-13800,-13440,-13200,-12840,-12600,-12240,-12000,-11640,-11400,-11040,-10800,-10440,-10200,-9840,-9600,-9240,-9000,-8640,-8400,-8040,-7800,-7440,-7200,-6840,-6600,-6240,-6000,-5640,-5400,-5040,-4800,-4440,-4200,-3840,-3600,-3240,-3000,-2640,-2400,-2040,-1800,-1440,-1200,-840,-600,-240,0,360,600,960,1200,1560,1800,2160,2400,2760,3000,3360,3600,3960,4200,4560,4800,5160,5400,5760,6000,6360,6600,6960,7200,7560,7800,8160,8400,8760,9000,9360,9600,9960,10200,10560,10800,11160,11400,11760,12000,12360,12600,12960,13200,13560,13800,14160,14400,14760,15000,15360,15600,15960,16200,16560,16800,17160,17400,17760,18000,18360,18600,18960,19200,19560,19800,20160,20400,20760,21000,21360,21600,21960,22200,22560,22800,23160,23400,23760,24000,24360,24600,24960,25200,25560,25800,26160,26400,26760,27000,27360,27600,27960,28200,28560,28800,29160,29400,29760,30000,30360,30600,30960,31200,31560,31800,32160,32400,32760,33000,33360,33600,33960,34200,34560,34800,35160,35400,35760,36000,36360,36600,36960,37200,37560,37800,38160,38400,38760,39000,39360,39600,39960,40200,40560,40800,41160,41400,41760,42000,42360,42600,42960,43200,43560,43800,44160,44400,44760,45000,45360,45600,45960,46200,46560,46800,47160,47400,47760,48000,48360,48600,48960,49200,49560,49800,50160,50400,50760,51000,51360,51600,51960,52200,52560,52800,53160,53400,53760,54000,54360,54600,54960,55200,55560,55800,56160,56400,56760,57000,57360,57600,57960,58200,58560,58800,59160,59400,59760,60000,60360,60600,60960,61200,61560,61800,62160,62400,62760,63000,63360,63600,63960,64200,64560,64800,65160,65400,65760,66000,66360,66600,66960,67200,67560,67800,68160,68400,68760,69000,69360,69600,69960,70200,70560,70800,71160,71400,71760,72000,72360,72600,72960,73200,73560,73800,74160,74400,74760,75000,75360,75600,75960,76200,76560,76800,77160,77400,77760,78000,78360,78600,78960,79200,79560,79800,80160,80400,80760,81000,81360,81600,81960,82200,82560,82800,83160,83400,83760,84000,84360,84600,84960,85200,85560,85800,86160,86400],"sog":[11.9,12.1,11.8,12.1,12.3,11.6,12.3,12.4,11.7,11.9,11.6,12.1,11.8,12.2,12.1,12.2,12.4,11.7,11.6,11.9,11.9,11.6,11.5,11.9,12.1,12.4,12.2,11.8,12.0,11.9,12.2,12.7,11.8,12.0,11.8,11.9,11.4,12.0,12.0,11.9,12.1,12.8,12.6,12.1,12.0,12.0,12.2,11.8,12.3,12.0,12.1,12.0,11.7,12.3,12.0,11.8,11.8,12.2,12.4,12.6,12.0,11.9,12.0,12.0,11.9,11.9,11.5,12.5,11.8,12.1,11.6,11.8,12.3,11.7,11.5,11.8,11.8,12.0,12.4,12.3,12.1,12.1,11.8,12.1,11.9,11.8,11.8,12.0,11.8,12.2,12.5,12.3,11.8,12.3,12.3,12.2,12.1,12.2,11.9,11.9,11.6,12.7,11.9,12.7,12.6,11.6,11.9,12.2,12.3,12.0,12.0,11.9,12.8,11.5,11.9,12.4,11.4,11.9,11.9,11.9,12.0,12.1,12.0,12.3,12.1,12.1,12.1,11.6,11.9,12.3,11.9,11.9,11.9,12.0,12.3,11.3,11.6,12.5,12.1,12.0,11.5,12.0,11.8,11.5,11.9,12.1,11.8,12.4,11.7,11.9,12.0,11.9,12.1,12.7,11.7,12.3,11.7,12.1,11.9,12.3,12.3,11.9,11.9,12.1,12.0,12.4,11.7,11.4,12.2,11.9,11.9,11.2,12.2,11.9,12.3,11.8,12.5,12.0,12.1,12.1,11.7,12.2,11.9,12.0,11.7,12.0,12.0,11.8,12.0,13.0,11.5,11.7,11.8,11.7,12.0,12.4,12.0,12.4,12.2,11.8,11.8,12.2,12.5,11.6,11.7,12.3,12.3,11.9,11.5,11.9,10.9,12.0,12.2,11.9,12.1,11.6,12.1,12.3,12.2,12.3,11.8,12.2,12.1,12.2,12.3,12.1,11.8,12.2,12.4,12.1,11.9,11.6,12.7,12.3,12.1,12.0,12.0,11.6,12.2,11.9,12.2,12.0,11.7,11.9,11.7,11.9,11.4,12.1,11.8,11.7,12.6,11.8,12.2,11.9,11.8,12.4,12.4,11.2,12.1,12.0,11.6,12.3,11.8,11.8,12.5,12.0,12.0,12.3,12.0,12.4,12.4,11.7,11.9,11.8,12.3,12.1,11.8,11.8,11.8,12.0,12.0,11.7,12.2,11.4,12.0,12.3,12.1,11.7,11.8,11.7,12.7,12.1,12.4,11.8,12.3,11.8,12.2,11.9,12.2,11.7,12.2,12.6,12.1,12.2,11.9,11.8,11.9,12.1,12.5,12.2,12.3,12.0,11.9,12.3,12.1,11.9,11.3,12.2,12.0,12.0,11.6,12.2,12.0,12.0,11.7,12.4,12.0,11.7,12.0,12.0,11.8,12.1,11.8,11.6,12.2,12.0,12.3,11.8,12.5,12.2,12.0,12.1,11.7,11.6,11.9,11.6,12.1,12.3,12.0,11.7,12.3,12.2,12.2,12.6,12.1,11.8,12.3,12.0,12.1,11.7,12.1,11.8,12.1,11.8,12.3,11.8,12.5,12.0,11.9,11.7,12.0,12.3,12.4,12.1,11.9,12.0,12.4,11.3,12.6,11.8,12.1,12.1,12.2,12.4,12.0,11.9,12.0,11.9,11.7,12.0,12.1,12.1,12.0,12.0,11.5,11.7,11.6,11.7,11.7,11.5,12.0,11.6,11.4,12.2,11.8,12.4,12.2,12.1,12.1,12.2,12.4,12.5,12.2,12.3,11.8,12.0,12.0,12.2,12.1,12.3,11.6,11.8,11.5,12.0,12.1,12.1,12.1,12.2,11.8,12.5,12.4,11.8,12.2,12.0,12.0,12.2,12.5,12.3,11.7,12.3,12.3,11.8,11.9,11.7,12.1,12.1,12.1,12.4,12.2,12.0,12.3,11.8,12.0,12.3,11.7,11.9,12.2,12.0,11.8,11.6,11.2,11.7,12.2,11.8,11.7,12.5,12.0,12.3,11.9,11.5,12.4,11.4,11.6,11.6,12.0,11.7,12.3,11.7,12.1,12.1,12.3,12.2,12.1,11.5,11.8,11.9,11.8,11.7,12.2,12.0,11.6,12.1,11.7,11.7,12.2,12.1,11.7,12.2,11.9,12.2,12.2,11.6,12.1,12.1,11.4,11.5,12.0,12.1,12.0,12.3,12.1,12.0,12.1,12.2,11.9,11.4,11.9,11.7,12.1,12.2,11.8,11.9,11.8,11.8,12.2,11.9,12.6,12.0,12.1,11.8,11.9,12.0,11.6,12.2,11.5,12.1,11.8,12.3,11.7,12.3,11.9,11.7,12.4,11.6,11.8,12.0,11.8,11.9,11.9,12.2,12.3,11.3,12.2,12.3,12.1,12.0,11.9,11.2,11.5,12.6,11.9,11.5,12.1,12.4,11.7,11.8,11.9,11.8,11.9,12.8,12.5,11.6,12.2,12.0,12.3,11.9,12.2,12.0,11.2,11.8,12.4,11.8,11.5,11.8,12.2,12.1,11.8,12.1,11.4,12.2,11.8,11.6,11.7,12.3,11.5,12.1,12.0,11.9,12.2,12.0,12.1,12.0,12.0,12.2,12.0,11.8,12.7,11.7,12.3,12.0,11.9,11.9,12.7,12.1,11.5,11.4,12.5,11.9,12.1,11.9,12.0,12.2,11.9,12.1,12.0,11.9,12.2,11.6,11.5,11.9,12.2,12.0,11.7,12.0,11.6,11.6,12.4,12.0,12.6]}},{"type":"Feature","geometry":{"type":"LineString","coordinates":[[70.6091,10.697],[70.6122,10.7029],[70.6186,10.714],[70.6284,10.7308],[70.6346,10.7417],[70.6442,10.758],[70.6507,10.7688],[70.6605,10.7853],[70.6665,10.7964],[70.6761,10.8134],[70.682,10.8238],[70.6912,10.8409],[70.6975,10.8516],[70.707,10.8685],[70.7133,10.879],[70.7232,10.8953],[70.7301,10.9065],[70.7402,10.922],[70.7474,10.9323],[70.7586,10.9475],[70.766,10.9576],[70.7771,10.9733],[70.7845,10.9834],[70.7956,10.999],[70.803,11.009],[70.814,11.0244],[70.8217,11.0347],[70.8329,11.0498],[70.8407,11.0605],[70.8516,11.0761],[70.8588,11.0858],[70.8698,11.1006],[70.8772,11.1113],[70.8882,11.1266],[70.896,11.1373],[70.907,11.153],[70.9139,11.163],[70.9243,11.1789],[70.9312,11.1892],[70.9423,11.2046],[70.9496,11.2149],[70.9603,11.2308],[70.9675,11.2415],[70.9782,11.2571],[70.9849,11.2675],[70.9954,11.2837],[71.0017,11.294],[71.0125,11.3103],[71.0195,11.3207],[71.0305,11.3365],[71.0374,11.3471],[71.0483,11.3633],[71.0552,11.3736],[71.0667,11.3895],[71.0743,11.3998],[71.0848,11.4155],[71.0921,11.4261],[71.1025,11.4415],[71.1096,11.4522],[71.1198,11.4679],[71.1264,11.4784],[71.1368,11.4945],[71.1438,11.5055],[71.1543,11.522],[71.1609,11.5326],[71.1715,11.5486],[71.1789,11.5595],[71.1888,11.575],[71.1965,11.5852],[71.207,11.6009],[71.2145,11.6114],[71.2255,11.627],[71.2325,11.6374],[71.2435,11.6532],[71.2509,11.6634],[71.2616,11.6792],[71.2695,11.6899],[71.2808,11.7053],[71.2876,11.7159],[71.2991,11.7323],[71.3068,11.743],[71.3177,11.7592],[71.3243,11.7696],[71.3346,11.7861],[71.3417,11.7968],[71.3526,11.8126],[71.3599,11.8236],[71.3704,11.839],[71.3777,11.8494],[71.3886,11.8649],[71.3956,11.8754],[71.4071,11.8914],[71.4141,11.9016],[71.4251,11.9166],[71.4319,11.9273],[71.443,11.9425],[71.4508,11.9529],[71.4615,11.9683],[71.4693,11.9783],[71.4808,11.994],[71.4884,12.0042],[71.5004,12.0197],[71.5085,12.03],[71.5205,12.0453],[71.5285,12.0553],[71.5402,12.0698],[71.5485,12.0799],[71.5604,12.0948],[71.5681,12.1046],[71.5799,12.1193],[71.5875,12.1291],[71.5991,12.1438],[71.6068,12.1545],[71.6179,12.1699],[71.6259,12.1802],[71.6374,12.1949],[71.6453,12.2052],[71.6565,12.2204],[71.6649,12.2304],[71.6767,12.2454],[71.6846,12.2552],[71.6965,12.2701],[71.7049,12.2799],[71.7168,12.2946],[71.7255,12.3037],[71.738,12.3188],[71.7458,12.3285],[71.7583,12.3428],[71.7662,12.3522],[71.7787,12.3666],[71.7864,12.376],[71.7987,12.3906],[71.8068,12.4],[71.8194,12.4144],[71.8275,12.4243],[71.8396,12.4382],[71.8475,12.4479],[71.8595,12.4628],[71.8669,12.4724],[71.879,12.4868],[71.8874,12.4966],[71.8991,12.5113],[71.9074,12.5205],[71.9202,12.5355],[71.9284,12.5449],[71.9403,12.5594],[71.9488,12.569],[71.9618,12.5834],[71.9703,12.5932],[71.9833,12.6072],[71.9915,12.6169],[72.0035,12.6313],[72.0126,12.6411],[72.0247,12.6549],[72.0326,12.6651],[72.0449,12.6794],[72.0526,12.6889],[72.065,12.7036],[72.0731,12.7131],[72.0859,12.7277],[72.0942,12.737],[72.1065,12.7515],[72.1149,12.7615],[72.127,12.776],[72.1354,12.7862],[72.1478,12.8007],[72.1558,12.8108],[72.1684,12.8256],[72.1768,12.8357],[72.1885,12.851],[72.197,12.8615],[72.2084,12.8766],[72.2158,12.8867],[72.2274,12.9013],[72.2349,12.9116],[72.2466,12.9269],[72.2538,12.9371],[72.2648,12.9524],[72.2722,12.9627],[72.2837,12.9784],[72.2912,12.9889],[72.3023,13.004],[72.31,13.0142],[72.3218,13.0292],[72.3294,13.0391],[72.3411,13.0544],[72.349,13.064],[72.3611,13.0794],[72.3689,13.0891],[72.3808,13.1042],[72.3881,13.1143],[72.3999,13.1283],[72.4075,13.1388],[72.4196,13.1535],[72.4273,13.1628],[72.4387,13.1773],[72.4468,13.1876],[72.4585,13.2025],[72.4665,13.2127],[72.4782,13.2273],[72.4865,13.237],[72.4988,13.2519],[72.5067,13.2619],[72.5184,13.2762],[72.5263,13.2865],[72.5378,13.3012],[72.5455,13.3115],[72.5576,13.3267],[72.5655,13.3366],[72.5777,13.3516],[72.5854,13.3611],[72.5968,13.3756],[72.6045,13.3856],[72.616,13.4005],[72.624,13.4104],[72.6362,13.4253],[72.6442,13.4353],[72.6561,13.4509],[72.6641,13.4609],[72.6759,13.4756],[72.684,13.4851],[72.696,13.4997],[72.704,13.5093],[72.7165,13.5238],[72.7248,13.5333],[72.7376,13.5479],[72.746,13.5576],[72.7582,13.5722],[72.7668,13.5822],[72.7788,13.5964],[72.7868,13.6058],[72.7997,13.6203],[72.8085,13.6294],[72.8213,13.6432],[72.8296,13.653],[72.8428,13.6674],[72.8515,13.6764],[72.8649,13.6905],[72.8742,13.6997],[72.8875,13.7131],[72.8966,13.7224],[72.9104,13.736],[72.9191,13.7452],[72.9325,13.7592],[72.9418,13.7681],[72.9549,13.7813],[72.9639,13.7902],[72.9778,13.804],[72.9871,13.8123],[73.0005,13.8261],[73.0096,13.8352],[73.024,13.8484],[73.0333,13.8573],[73.0468,13.8704],[73.0558,13.8793],[73.0696,13.8928],[73.0779,13.9011],[73.0919,13.9148],[73.1002,13.9234],[73.1148,13.9375],[73.124,13.9463],[73.1374,13.9592],[73.1469,13.9684],[73.1609,13.9812],[73.1703,13.9904],[73.1837,14.0039],[73.1929,14.0132],[73.2062,14.0269],[73.2154,14.0365],[73.2288,14.0498],[73.2376,14.059],[73.2511,14.0725],[73.2598,14.0817],[73.2728,14.0952],[73.2816,14.1045],[73.2942,14.1186],[73.3029,14.128],[73.3152,14.1421],[73.324,14.1517],[73.3368,14.1653],[73.3456,14.1747],[73.358,14.1887],[73.3664,14.1976],[73.3791,14.2119],[73.387,14.2209],[73.3996,14.2348],[73.4085,14.2443],[73.4211,14.2584],[73.4296,14.2682],[73.4423,14.2825],[73.4507,14.2918],[73.4631,14.306],[73.4716,14.3153],[73.485,14.3295],[73.4936,14.3389],[73.5066,14.3533],[73.5155,14.3629],[73.5282,14.3767],[73.5372,14.3865],[73.5503,14.4011],[73.5585,14.4108],[73.5708,14.425],[73.5797,14.4344],[73.5929,14.4491],[73.6014,14.4583],[73.6141,14.4715],[73.6234,14.4805],[73.6372,14.494],[73.647,14.5033],[73.6609,14.5163],[73.6701,14.525],[73.6843,14.5377],[73.6939,14.5465],[73.708,14.5593],[73.7176,14.568],[73.7318,14.5803],[73.7411,14.589],[73.7559,14.6019],[73.7652,14.6101],[73.7797,14.6227],[73.7895,14.6311],[73.8039,14.6438],[73.8139,14.6521],[73.8278,14.6644],[73.8376,14.6723],[73.8527,14.6848],[73.8623,14.6927],[73.8775,14.705],[73.8875,14.7133],[73.9023,14.7252],[73.9119,14.7333],[73.9266,14.746],[73.9364,14.7538],[73.9512,14.7663],[73.9608,14.7747],[73.9753,14.7872],[73.9853,14.7954],[73.9998,14.808],[74.0096,14.8157],[74.0241,14.828],[74.0339,14.8362],[74.0489,14.848],[74.0587,14.8559],[74.0743,14.8676],[74.0841,14.8756]]},"properties":{"mmsi":995431378,"name":"SYN-TAN-28","role":"candidate","vessel_type":80,"synthetic":true,"t_offset_s":[-109203,-109083,-108843,-108483,-108243,-107883,-107643,-107283,-107043,-106683,-106443,-106083,-105843,-105483,-105243,-104883,-104643,-104283,-104043,-103683,-103443,-103083,-102843,-102483,-102243,-101883,-101643,-101283,-101043,-100683,-100443,-100083,-99843,-99483,-99243,-98883,-98643,-98283,-98043,-97683,-97443,-97083,-96843,-96483,-96243,-95883,-95643,-95283,-95043,-94683,-94443,-94083,-93843,-93483,-93243,-92883,-92643,-92283,-92043,-91683,-91443,-91083,-90843,-90483,-90243,-89883,-89643,-89283,-89043,-88683,-88443,-88083,-87843,-87483,-87243,-86883,-86643,-86283,-86043,-85683,-85443,-85083,-84843,-84483,-84243,-83883,-83643,-83283,-83043,-82683,-82443,-82083,-81843,-81483,-81243,-80883,-80643,-80283,-80043,-79683,-79443,-79083,-78843,-78483,-78243,-77883,-77643,-77283,-77043,-76683,-76443,-76083,-75843,-75483,-75243,-74883,-74643,-74283,-74043,-73683,-73443,-73083,-72843,-72483,-72243,-71883,-71643,-71283,-71043,-70683,-70443,-70083,-69843,-69483,-69243,-68883,-68643,-68283,-68043,-67683,-67443,-67083,-66843,-66483,-66243,-65883,-65643,-65283,-65043,-64683,-64443,-64083,-63843,-63483,-63243,-62883,-62643,-62283,-62043,-61683,-61443,-61083,-60843,-60483,-60243,-59883,-59643,-59283,-59043,-58683,-58443,-58083,-57843,-57483,-57243,-56883,-56643,-56283,-56043,-55683,-55443,-55083,-54843,-54483,-54243,-53883,-53643,-53283,-53043,-52683,-52443,-52083,-51843,-51483,-51243,-50883,-50643,-50283,-50043,-49683,-49443,-49083,-48843,-48483,-48243,-47883,-47643,-47283,-47043,-46683,-46443,-46083,-45843,-45483,-45243,-44883,-44643,-44283,-44043,-43683,-43443,-43083,-42843,-42483,-42243,-41883,-41643,-41283,-41043,-40683,-40443,-40083,-39843,-39483,-39243,-38883,-38643,-38283,-38043,-37683,-37443,-37083,-36843,-36483,-36243,-35883,-35643,-35283,-35043,-34683,-34443,-34083,-33843,-33483,-33243,-32883,-32643,-32283,-32043,-31683,-31443,-31083,-30843,-30483,-30243,-29883,-29643,-29283,-29043,-28683,-28443,-28083,-27843,-27483,-27243,-26883,-26643,-26283,-26043,-25683,-25443,-25083,-24843,-24483,-24243,-23883,-23643,-23283,-23043,-22683,-22443,-22083,-21843,-21483,-21243,-20883,-20643,-20283,-20043,-19683,-19443,-19083,-18843,-18483,-18243,-17883,-17643,-17283,-17043,-16683,-16443,-16083,-15843,-15483,-15243,-14883,-14643,-14283,-14043,-13683,-13443,-13083,-12843,-12483,-12243,-11883,-11643,-11283,-11043,-10683,-10443,-10083,-9843,-9483,-9243,-8883,-8643,-8283,-8043,-7683,-7443,-7083,-6843,-6483,-6243],"sog":[11.3,11.8,11.4,11.9,11.0,10.8,11.4,10.9,11.1,11.6,11.2,11.1,11.4,11.4,11.6,10.8,11.6,10.7,11.1,11.5,11.3,11.4,11.3,11.3,11.1,11.1,11.6,11.4,11.7,11.0,10.9,11.0,11.2,11.3,11.5,11.6,11.2,11.5,11.5,11.1,10.9,11.2,11.2,10.9,10.9,11.4,11.3,11.6,11.1,11.4,11.4,11.5,11.0,11.4,11.4,10.9,11.7,11.3,11.6,10.7,11.5,11.2,11.7,11.7,11.3,11.3,11.5,11.2,11.6,11.2,11.4,11.2,11.2,11.8,11.0,11.5,11.5,11.3,11.2,11.6,11.8,11.3,11.5,11.7,11.2,11.3,11.5,11.4,11.1,11.4,11.2,11.3,11.3,11.3,11.1,11.4,11.2,11.1,11.7,10.8,11.5,11.4,12.0,11.2,11.1,11.2,12.0,11.5,11.4,10.6,11.0,11.3,11.8,11.6,11.5,11.1,11.7,11.0,11.3,11.4,11.2,11.4,10.9,11.4,11.3,11.3,11.6,11.1,10.8,10.9,10.9,11.4,11.2,11.5,11.3,11.2,11.0,11.4,11.0,10.9,10.9,11.4,11.3,11.7,11.6,11.4,11.6,11.2,11.5,11.2,11.7,11.3,11.7,11.4,11.0,11.6,11.3,11.8,11.2,11.4,11.1,11.3,11.3,11.1,11.5,11.1,11.9,11.2,11.9,11.4,11.5,11.0,11.3,11.4,11.0,11.2,11.2,11.2,11.5,11.5,11.4,11.8,11.1,11.8,10.9,11.0,11.3,11.1,11.5,11.6,11.1,11.0,11.8,11.5,10.6,10.9,10.8,11.3,11.7,11.2,11.3,11.5,11.7,11.9,11.5,10.9,11.4,11.7,11.3,11.6,11.1,11.3,11.1,11.1,11.4,11.3,11.3,11.3,11.3,10.9,10.9,11.2,11.0,10.9,11.2,11.4,11.1,11.6,11.0,11.2,11.0,11.3,11.5,11.2,11.3,11.1,11.7,11.7,12.0,11.4,11.8,11.3,11.6,11.2,10.9,11.1,10.9,11.3,11.2,11.3,11.6,11.6,11.3,11.4,11.3,11.4,10.5,11.6,10.9,12.0,11.5,11.0,11.7,11.0,12.1,11.3,11.8,11.1,11.5,11.5,11.6,10.7,11.6,11.5,11.2,11.1,11.0,11.2,11.1,10.9,10.9,10.9,11.1,11.2,10.9,11.0,11.1,11.3,11.2,11.2,11.3,11.3,11.5,11.4,11.6,11.5,11.6,11.3,11.7,11.5,11.4,11.3,11.2,11.5,11.5,11.0,11.3,11.3,11.7,11.7,11.3,11.0,11.2,11.0,11.9,11.1,11.5,11.5,10.8,10.9,11.8,11.3,11.3,11.6,11.1,11.4,11.5,11.2,10.9,11.4,11.0,11.3,11.5,11.2,11.5,11.3,11.6,11.0,11.2,11.2,11.2,11.2,11.2,11.5,11.5]}},{"type":"Feature","geometry":{"type":"LineString","coordinates":[[72.8344,14.1094],[72.83,14.1034],[72.8173,14.0858],[72.8085,14.0736],[72.7955,14.0555],[72.7864,14.0439],[72.773,14.026],[72.7644,14.0146],[72.7506,13.9971],[72.7422,13.9852],[72.7291,13.9678],[72.7203,13.9563],[72.7068,13.9382],[72.6976,13.9263],[72.6853,13.9093],[72.6765,13.8966],[72.6637,13.8792],[72.655,13.867],[72.6422,13.8495],[72.6336,13.8374],[72.6202,13.8197],[72.6125,13.8076],[72.5996,13.7888],[72.5913,13.7772],[72.5793,13.7593],[72.5712,13.7471],[72.5583,13.7287],[72.55,13.7162],[72.5378,13.6982],[72.5294,13.6858],[72.5168,13.6679],[72.5087,13.6562],[72.4959,13.6376],[72.4875,13.6254],[72.4753,13.6072],[72.4668,13.595],[72.455,13.577],[72.4474,13.565],[72.4353,13.5465],[72.4269,13.5337],[72.4148,13.5145],[72.4064,13.5022],[72.3946,13.4836],[72.3867,13.4715],[72.3736,13.4531],[72.3655,13.441],[72.3533,13.4229],[72.345,13.4109],[72.3317,13.3929],[72.3235,13.3809],[72.3104,13.363],[72.302,13.3508],[72.2887,13.3329],[72.2801,13.3202],[72.2672,13.3025],[72.2587,13.2905],[72.2456,13.273],[72.2364,13.261],[72.2224,13.2434],[72.2137,13.2319],[72.2001,13.2146],[72.1901,13.2027],[72.1757,13.1854],[72.1664,13.1746],[72.1524,13.1583],[72.1425,13.1466],[72.1274,13.1299],[72.1177,13.1191],[72.1019,13.1032],[72.0917,13.0919],[72.077,13.0756],[72.0672,13.0648],[72.0525,13.0485],[72.0425,13.0373],[72.0276,13.0209],[72.0174,13.0095],[72.0026,12.9931],[71.9924,12.982],[71.9772,12.9658],[71.9675,12.9553],[71.9524,12.9395],[71.9424,12.9289],[71.9272,12.9125],[71.9167,12.9015],[71.9017,12.8852],[71.8916,12.8743],[71.8763,12.8584],[71.8662,12.8473],[71.8509,12.8314],[71.8406,12.8209],[71.8248,12.8052],[71.8147,12.7951],[71.7984,12.7799],[71.7876,12.7699],[71.7714,12.7546],[71.7611,12.7443],[71.7454,12.7288],[71.7344,12.7182],[71.7188,12.7028],[71.7087,12.6924],[71.6923,12.6768],[71.6816,12.6666],[71.6655,12.6515],[71.6546,12.6412],[71.6385,12.6254],[71.6281,12.6156],[71.6116,12.6],[71.6015,12.5902],[71.5861,12.5748],[71.5753,12.5643],[71.5596,12.5493],[71.5488,12.5388],[71.5334,12.5231],[71.5231,12.5125],[71.5075,12.4965],[71.4972,12.4859],[71.4817,12.4697],[71.4716,12.4596],[71.4564,12.4434],[71.4461,12.433],[71.4319,12.4169],[71.422,12.4056],[71.4077,12.3886],[71.3978,12.378],[71.383,12.361],[71.3737,12.3502],[71.3586,12.3339],[71.3491,12.3232],[71.335,12.3063],[71.325,12.2948],[71.3109,12.2781],[71.3012,12.2662],[71.287,12.2498],[71.2776,12.2384],[71.2629,12.2214],[71.2534,12.2102],[71.2395,12.1926],[71.2304,12.1812],[71.2168,12.1639],[71.2076,12.1523],[71.1931,12.1349],[71.1843,12.1233],[71.1708,12.1066],[71.162,12.0947],[71.1487,12.0782],[71.1393,12.0663],[71.1258,12.049],[71.1164,12.0373],[71.1024,12.0195],[71.0934,12.0087],[71.0804,11.9906],[71.0714,11.979],[71.0583,11.9618],[71.0493,11.9499],[71.0356,11.9322],[71.027,11.9206],[71.0139,11.9035],[71.0052,11.8923],[70.9916,11.8747],[70.983,11.8629],[70.9696,11.8452],[70.9604,11.8336],[70.9471,11.8159],[70.938,11.8043],[70.9245,11.7866],[70.9164,11.7751],[70.9035,11.7571],[70.8946,11.7453],[70.8824,11.7274],[70.8737,11.7154],[70.8613,11.6973],[70.8527,11.6854],[70.84,11.6672],[70.8318,11.6557],[70.8188,11.6376],[70.8103,11.6257],[70.7974,11.6074],[70.7886,11.5959],[70.7762,11.5777],[70.7674,11.5653],[70.7543,11.5471],[70.7467,11.5351],[70.7343,11.5171],[70.7265,11.5046],[70.7144,11.4863],[70.706,11.4744],[70.6941,11.4563],[70.686,11.4439],[70.6747,11.4267],[70.6667,11.4143],[70.6548,11.3957],[70.647,11.3833],[70.6348,11.3645],[70.6269,11.352],[70.6147,11.334],[70.6062,11.3216],[70.5937,11.3029],[70.5853,11.2902],[70.5738,11.2711],[70.5657,11.2585],[70.5542,11.2394],[70.5469,11.2266],[70.536,11.2075],[70.5286,11.1943],[70.5173,11.1745],[70.5097,11.1612],[70.4991,11.1423],[70.492,11.1298],[70.4819,11.1103],[70.4754,11.0976],[70.4647,11.0775],[70.4582,11.0647],[70.4476,11.0452],[70.4408,11.0323],[70.4309,11.0124],[70.4241,10.9992],[70.4138,10.9802],[70.4068,10.9672],[70.3967,10.9478],[70.3896,10.9346],[70.3791,10.9155],[70.372,10.903],[70.3612,10.8836],[70.354,10.8708],[70.3438,10.8515],[70.3373,10.8384],[70.3278,10.8191],[70.3209,10.8059],[70.3105,10.7862],[70.3035,10.7728],[70.2935,10.7536],[70.2869,10.741],[70.2769,10.7213],[70.2699,10.7084],[70.2591,10.6891],[70.2519,10.6766],[70.2405,10.6577],[70.2332,10.6453],[70.2218,10.6267],[70.2142,10.6136],[70.2021,10.5949],[70.1942,10.5823],[70.1823,10.5638]]},"properties":{"mmsi":995558390,"name":"SYN-CAR-00","role":"candidate","vessel_type":70,"synthetic":true,"t_offset_s":[-141688,-141568,-141208,-140968,-140608,-140368,-140008,-139768,-139408,-139168,-138808,-138568,-138208,-137968,-137608,-137368,-137008,-136768,-136408,-136168,-135808,-135568,-135208,-134968,-134608,-134368,-134008,-133768,-133408,-133168,-132808,-132568,-132208,-131968,-131608,-131368,-131008,-130768,-130408,-130168,-129808,-129568,-129208,-128968,-128608,-128368,-128008,-127768,-127408,-127168,-126808,-126568,-126208,-125968,-125608,-125368,-125008,-124768,-124408,-124168,-123808,-123568,-123208,-122968,-122608,-122368,-122008,-121768,-121408,-121168,-120808,-120568,-120208,-119968,-119608,-119368,-119008,-118768,-118408,-118168,-117808,-117568,-117208,-116968,-116608,-116368,-116008,-115768,-115408,-115168,-114808,-114568,-114208,-113968,-113608,-113368,-113008,-112768,-112408,-112168,-111808,-111568,-111208,-110968,-110608,-110368,-110008,-109768,-109408,-109168,-108808,-108568,-108208,-107968,-107608,-107368,-107008,-106768,-106408,-106168,-105808,-105568,-105208,-104968,-104608,-104368,-104008,-103768,-103408,-103168,-102808,-102568,-102208,-101968,-101608,-101368,-101008,-100768,-100408,-100168,-99808,-99568,-99208,-98968,-98608,-98368,-98008,-97768,-97408,-97168,-96808,-96568,-96208,-95968,-95608,-95368,-95008,-94768,-94408,-94168,-93808,-93568,-93208,-92968,-92608,-92368,-92008,-91768,-91408,-91168,-90808,-90568,-90208,-89968,-89608,-89368,-89008,-88768,-88408,-88168,-87808,-87568,-87208,-86968,-86608,-86368,-86008,-85768,-85408,-85168,-84808,-84568,-84208,-83968,-83608,-83368,-83008,-82768,-82408,-82168,-81808,-81568,-81208,-80968,-80608,-80368,-80008,-79768,-79408,-79168,-78808,-78568,-78208,-77968,-77608,-77368,-77008,-76768,-76408,-76168,-75808,-75568,-75208,-74968,-74608,-74368,-74008,-73768,-73408,-73168,-72808,-72568,-72208,-71968,-71608,-71368,-71008,-70768,-70408,-70168,-69808,-69568,-69208],"sog":[13.1,13.0,12.9,13.4,13.6,13.0,13.2,13.4,13.2,13.3,12.7,13.2,13.6,13.2,12.9,13.7,12.9,13.4,13.0,13.4,13.0,13.1,13.5,12.9,12.7,13.2,13.4,13.1,12.9,13.6,13.1,12.3,13.1,13.2,13.1,13.2,12.8,12.7,13.3,13.1,13.6,13.3,13.0,12.7,12.8,13.4,13.0,12.8,13.6,13.1,12.8,13.0,13.1,13.0,12.5,12.7,12.7,13.2,12.8,13.2,13.2,13.7,13.8,13.0,12.6,13.4,13.0,12.9,13.6,13.5,12.7,12.9,13.4,13.3,13.1,13.5,13.1,13.2,13.2,12.7,12.7,13.2,13.2,13.3,13.4,13.4,13.0,12.9,13.2,13.1,13.1,13.2,12.9,13.0,13.3,13.4,13.2,13.3,12.8,13.3,13.1,13.2,12.8,12.9,13.0,12.7,13.2,13.0,12.9,13.2,13.1,13.2,12.8,13.1,12.9,13.0,13.1,13.0,13.1,13.2,12.8,13.1,13.2,13.0,13.4,12.7,13.1,12.7,12.8,13.6,12.6,13.3,13.3,13.1,13.3,13.4,13.3,13.5,13.2,13.7,13.4,13.4,12.5,13.1,12.5,13.0,13.0,13.1,13.6,12.9,13.5,13.5,12.7,13.3,13.3,13.1,12.7,12.5,13.0,13.2,13.2,13.3,12.8,13.3,13.2,13.0,13.0,13.1,12.7,13.3,13.3,13.1,13.1,12.5,13.2,13.1,13.0,12.7,13.3,13.5,13.1,12.4,13.2,12.8,13.5,13.0,12.7,13.3,12.5,13.1,12.8,13.3,13.5,13.1,12.9,13.5,13.2,13.2,13.0,13.4,13.6,13.2,13.5,13.7,13.3,13.2,13.1,13.1,12.7,12.9,13.4,12.6,13.2,13.1,13.4,13.4,13.2,13.1,13.3,13.1,13.3,13.0,13.2,13.1,13.0,13.1,13.2,13.1,13.4,13.4,13.1,12.8,12.9,13.0,12.8,12.7,13.2,13.0,13.1,13.2,13.3,14.0,12.9]}},{"type":"Feature","geometry":{"type":"LineString","coordinates":[[75.4463,11.6248],[75.4329,11.6216],[75.4203,11.6183],[75.4,11.613],[75.3869,11.6096],[75.3673,11.6046],[75.3541,11.6012],[75.3343,11.5963],[75.3204,11.593],[75.3008,11.5871],[75.2873,11.5829],[75.2675,11.5766],[75.2546,11.5724],[75.2352,11.5652],[75.2223,11.5607],[75.2019,11.5537],[75.189,11.5491],[75.1691,11.5426],[75.1559,11.5378],[75.1362,11.5311],[75.1231,11.5271],[75.1037,11.5207],[75.0911,11.5161],[75.0718,11.5094],[75.0585,11.5047],[75.0391,11.4977],[75.026,11.4935],[75.0072,11.4865],[74.9947,11.4816],[74.9752,11.4743],[74.9621,11.4695],[74.9437,11.462],[74.9306,11.4567],[74.9119,11.4498],[74.8988,11.4449],[74.8796,11.4376],[74.8666,11.4324],[74.8476,11.4251],[74.835,11.4202],[74.8161,11.4127],[74.8029,11.4074],[74.7837,11.3997],[74.7714,11.3941],[74.7524,11.3866],[74.74,11.3809],[74.7219,11.3728],[74.7095,11.3679],[74.6904,11.3599],[74.678,11.3547],[74.6595,11.3468],[74.6469,11.3409],[74.6284,11.3327],[74.6157,11.3271],[74.5968,11.3188],[74.5844,11.3136],[74.5654,11.3052],[74.5523,11.2993],[74.5331,11.2908],[74.5206,11.2861],[74.5016,11.2784],[74.4894,11.2728],[74.4698,11.2646],[74.4575,11.2594],[74.4386,11.2509],[74.4259,11.2456],[74.4072,11.2373],[74.3943,11.2325],[74.3753,11.2248],[74.3625,11.2194],[74.3433,11.2117],[74.3303,11.2066],[74.3117,11.1993],[74.2993,11.1943],[74.2801,11.1869],[74.2676,11.1821],[74.2485,11.1749],[74.2356,11.1695],[74.2166,11.1622],[74.2038,11.1574],[74.1848,11.1497],[74.1719,11.1447],[74.1531,11.1375],[74.1409,11.1325],[74.1216,11.1253],[74.1088,11.1199],[74.0898,11.1127],[74.0771,11.1076],[74.0582,11.0995],[74.0452,11.0945],[74.026,11.087],[74.0137,11.0821],[73.9944,11.0746],[73.9814,11.0699],[73.9629,11.0625],[73.9499,11.0582],[73.9303,11.0509],[73.9176,11.0459],[73.8989,11.0384],[73.8859,11.0336],[73.8667,11.0264],[73.8536,11.0217],[73.8347,11.0149],[73.8214,11.01],[73.802,11.003],[73.7892,10.9982],[73.7697,10.9912],[73.7571,10.9869],[73.7375,10.9803],[73.7248,10.9758],[73.7057,10.9691],[73.6925,10.9644],[73.6733,10.9581],[73.6606,10.9533],[73.6407,10.9467],[73.6275,10.9425],[73.6075,10.9361],[73.5945,10.9325],[73.5744,10.9262],[73.5615,10.9223],[73.5419,10.9164],[73.5279,10.9121],[73.5089,10.9063],[73.496,10.9022],[73.4767,10.896],[73.4638,10.8913],[73.4437,10.885],[73.4306,10.8812],[73.4114,10.8746],[73.3984,10.8703],[73.3789,10.8641],[73.3664,10.8598],[73.3473,10.8532],[73.3341,10.849],[73.315,10.8427],[73.3021,10.838],[73.2829,10.8322],[73.2699,10.8278],[73.2505,10.8214],[73.2378,10.8173],[73.2181,10.8114],[73.2049,10.8075],[73.1852,10.8016],[73.1728,10.7975],[73.1527,10.7908],[73.1402,10.7864],[73.1209,10.7798],[73.1077,10.775],[73.0885,10.7686],[73.075,10.7642],[73.0556,10.7574],[73.0421,10.7529],[73.0222,10.7463],[73.0091,10.742],[72.99,10.7354],[72.9766,10.7304],[72.9571,10.7236],[72.9446,10.7192],[72.9249,10.7121],[72.9119,10.7081],[72.8921,10.7009],[72.8793,10.6967],[72.8598,10.6897],[72.8471,10.6855],[72.828,10.679],[72.8151,10.6748],[72.7958,10.6683],[72.7826,10.6641],[72.7638,10.6579],[72.7515,10.6537],[72.7318,10.647],[72.7185,10.6426],[72.6993,10.6363],[72.6864,10.6319],[72.6671,10.6254],[72.6541,10.6213],[72.6351,10.6145],[72.6218,10.6104],[72.6016,10.6044],[72.5888,10.6009],[72.5693,10.5956],[72.5559,10.5917],[72.5362,10.5859],[72.5229,10.5826],[72.5035,10.5775],[72.4897,10.5739],[72.47,10.5689],[72.4567,10.5653],[72.4364,10.56],[72.4229,10.5563],[72.4038,10.5513],[72.39,10.5479],[72.3698,10.5423],[72.3566,10.5391],[72.3364,10.5333],[72.324,10.5301],[72.3039,10.5248],[72.29,10.5215],[72.2698,10.5163],[72.2569,10.5135],[72.2372,10.5086],[72.2239,10.5051],[72.2036,10.5004],[72.19,10.4968],[72.1704,10.4926],[72.157,10.4895],[72.1376,10.485],[72.1245,10.4822],[72.1043,10.4777],[72.091,10.4753],[72.071,10.4711],[72.0577,10.4682],[72.0375,10.4637],[72.0243,10.4611],[72.004,10.4566],[71.9909,10.4539],[71.9708,10.4497],[71.9575,10.447],[71.9374,10.4435],[71.9242,10.4408],[71.9041,10.4366],[71.8904,10.4336],[71.8699,10.4299],[71.8567,10.427],[71.837,10.4228],[71.8238,10.42],[71.804,10.4152],[71.7903,10.4121],[71.7698,10.4073],[71.7561,10.4046],[71.7366,10.3997],[71.7232,10.397],[71.7028,10.3924],[71.6894,10.3889],[71.6697,10.3845],[71.6562,10.3814],[71.6364,10.3766],[71.6228,10.3738],[71.6022,10.3692],[71.589,10.366],[71.5691,10.3612],[71.5564,10.3582],[71.536,10.3528],[71.5229,10.3497],[71.5027,10.3444],[71.4896,10.341],[71.4698,10.3365],[71.4562,10.3335],[71.4365,10.3287],[71.4235,10.3259],[71.4027,10.3218],[71.3892,10.319],[71.3691,10.3149],[71.3556,10.3117],[71.3355,10.3077],[71.3221,10.3042],[71.302,10.2998],[71.2883,10.2967],[71.2679,10.292],[71.2546,10.2893],[71.2353,10.2847],[71.2215,10.2815],[71.2019,10.2776],[71.189,10.2746],[71.1687,10.2702],[71.155,10.267],[71.1347,10.2631],[71.1214,10.2606],[71.1013,10.2567],[71.0871,10.2543],[71.0673,10.251],[71.0538,10.2493],[71.0338,10.2457],[71.0203,10.2444],[71.0004,10.2413],[70.9865,10.239],[70.9664,10.2361],[70.9534,10.2339],[70.9333,10.2306],[70.9192,10.2282],[70.8993,10.2246],[70.8855,10.2225],[70.8648,10.2194],[70.8512,10.2171],[70.8307,10.2139],[70.817,10.2116],[70.7963,10.2076],[70.783,10.2054],[70.7634,10.201],[70.7501,10.1983],[70.7304,10.1934],[70.7174,10.1905],[70.6974,10.1858],[70.6844,10.1825],[70.6644,10.1772],[70.6515,10.174],[70.6321,10.1688],[70.6188,10.1657],[70.5989,10.1606],[70.5855,10.1571],[70.5653,10.1518],[70.5517,10.1488],[70.531,10.1442],[70.5178,10.1414],[70.4974,10.1376],[70.4835,10.1342],[70.4627,10.1297],[70.4498,10.1267],[70.4298,10.1223],[70.416,10.1195],[70.3955,10.115],[70.3823,10.1115],[70.3631,10.1078],[70.3497,10.1048],[70.3287,10.0998],[70.3155,10.0967],[70.2954,10.0927],[70.2821,10.09],[70.2615,10.0853],[70.2485,10.0821],[70.2284,10.0777],[70.2153,10.0755],[70.1956,10.0709],[70.1819,10.068],[70.1622,10.0638],[70.1487,10.0612],[70.1287,10.0566],[70.1151,10.0537],[70.0955,10.0494],[70.082,10.0466],[70.062,10.0419],[70.0484,10.0387],[70.0285,10.0337],[70.0144,10.0304],[69.9947,10.0259],[69.9819,10.0228],[69.9621,10.0179],[69.9489,10.0146],[69.9286,10.0093],[69.9154,10.0057],[69.8958,9.9998],[69.8824,9.9961],[69.8629,9.9903],[69.8497,9.9868],[69.8301,9.9805],[69.817,9.9766],[69.797,9.9698],[69.7843,9.9661],[69.7644,9.9597],[69.7514,9.9556],[69.7318,9.9492],[69.719,9.945],[69.699,9.9388],[69.6859,9.9344],[69.6667,9.9284],[69.6533,9.9244],[69.6335,9.919],[69.6202,9.9152],[69.6001,9.9101],[69.5868,9.9059],[69.5668,9.9001],[69.554,9.896]]},"properties":{"mmsi":995808752,"name":"SYN-CAR-32","role":"candidate","vessel_type":70,"synthetic":true,"t_offset_s":[-121361,-121121,-120881,-120521,-120281,-119921,-119681,-119321,-119081,-118721,-118481,-118121,-117881,-117521,-117281,-116921,-116681,-116321,-116081,-115721,-115481,-115121,-114881,-114521,-114281,-113921,-113681,-113321,-113081,-112721,-112481,-112121,-111881,-111521,-111281,-110921,-110681,-110321,-110081,-109721,-109481,-109121,-108881,-108521,-108281,-107921,-107681,-107321,-107081,-106721,-106481,-106121,-105881,-105521,-105281,-104921,-104681,-104321,-104081,-103721,-103481,-103121,-102881,-102521,-102281,-101921,-101681,-101321,-101081,-100721,-100481,-100121,-99881,-99521,-99281,-98921,-98681,-98321,-98081,-97721,-97481,-97121,-96881,-96521,-96281,-95921,-95681,-95321,-95081,-94721,-94481,-94121,-93881,-93521,-93281,-92921,-92681,-92321,-92081,-91721,-91481,-91121,-90881,-90521,-90281,-89921,-89681,-89321,-89081,-88721,-88481,-88121,-87881,-87521,-87281,-86921,-86681,-86321,-86081,-85721,-85481,-85121,-84881,-84521,-84281,-83921,-83681,-83321,-83081,-82721,-82481,-82121,-81881,-81521,-81281,-80921,-80681,-80321,-80081,-79721,-79481,-79121,-78881,-78521,-78281,-77921,-77681,-77321,-77081,-76721,-76481,-76121,-75881,-75521,-75281,-74921,-74681,-74321,-74081,-73721,-73481,-73121,-72881,-72521,-72281,-71921,-71681,-71321,-71081,-70721,-70481,-70121,-69881,-69521,-69281,-68921,-68681,-68321,-68081,-67721,-67481,-67121,-66881,-66521,-66281,-65921,-65681,-65321,-65081,-64721,-64481,-64121,-63881,-63521,-63281,-62921,-62681,-62321,-62081,-61721,-61481,-61121,-60881,-60521,-60281,-59921,-59681,-59321,-59081,-58721,-58481,-58121,-57881,-57521,-57281,-56921,-56681,-56321,-56081,-55721,-55481,-55121,-54881,-54521,-54281,-53921,-53681,-53321,-53081,-52721,-52481,-52121,-51881,-51521,-51281,-50921,-50681,-50321,-50081,-49721,-49481,-49121,-48881,-48521,-48281,-47921,-47681,-47321,-47081,-46721,-46481,-46121,-45881,-45521,-45281,-44921,-44681,-44321,-44081,-43721,-43481,-43121,-42881,-42521,-42281,-41921,-41681,-41321,-41081,-40721,-40481,-40121,-39881,-39521,-39281,-38921,-38681,-38321,-38081,-37721,-37481,-37121,-36881,-36521,-36281,-35921,-35681,-35321,-35081,-34721,-34481,-34121,-33881,-33521,-33281,-32921,-32681,-32321,-32081,-31721,-31481,-31121,-30881,-30521,-30281,-29921,-29681,-29321,-29081,-28721,-28481,-28121,-27881,-27521,-27281,-26921,-26681,-26321,-26081,-25721,-25481,-25121,-24881,-24521,-24281,-23921,-23681,-23321,-23081,-22721,-22481,-22121,-21881,-21521,-21281,-20921,-20681,-20321,-20081,-19721,-19481,-19121,-18881,-18521,-18281,-17921,-17681,-17321,-17081,-16721,-16481,-16121,-15881,-15521,-15281,-14921,-14681,-14321,-14081,-13721,-13481],"sog":[12.4,12.1,11.9,12.3,12.1,11.8,12.2,11.8,12.4,12.5,12.4,12.1,11.8,12.7,11.8,12.5,12.6,12.6,12.1,12.1,12.1,12.1,12.3,12.0,11.8,12.5,12.2,11.8,12.0,12.6,12.4,11.6,12.5,11.7,12.1,11.8,12.2,11.6,12.3,12.3,12.3,11.7,12.1,12.0,12.1,11.1,11.9,11.8,12.6,12.2,12.0,11.9,12.1,12.2,12.4,12.5,12.3,12.7,12.1,12.1,11.9,12.6,11.9,12.3,12.3,11.8,12.2,11.9,12.7,12.3,11.9,12.0,12.0,11.7,11.8,11.6,12.6,12.0,12.4,12.0,12.1,11.9,11.6,11.9,12.2,12.3,11.8,12.2,12.3,12.3,11.7,11.8,12.4,11.6,12.4,12.5,11.9,12.2,12.1,12.1,12.2,11.4,12.5,12.3,12.5,11.5,12.0,12.1,11.9,11.7,12.7,11.8,12.3,12.2,12.6,12.7,12.0,12.3,12.3,12.5,12.3,12.3,11.5,11.9,11.7,12.3,11.8,12.3,12.1,11.8,12.2,11.8,12.1,11.9,11.7,12.2,11.5,12.0,12.0,11.8,12.0,12.0,11.8,12.2,12.0,11.9,13.0,12.3,12.4,12.0,12.2,12.5,11.7,12.4,12.4,12.0,11.7,12.0,11.9,12.1,12.2,11.9,12.0,12.1,12.0,12.1,12.3,11.5,12.1,12.5,12.1,11.6,11.7,11.9,12.1,12.1,12.2,11.9,11.6,11.8,12.2,11.8,12.1,12.1,12.6,12.3,12.0,12.3,12.0,12.5,12.4,12.2,12.1,12.4,11.6,12.5,12.0,12.4,12.2,12.0,12.0,12.7,12.2,12.6,12.0,12.0,11.6,11.8,12.3,12.1,11.9,11.9,12.2,12.1,12.2,11.9,12.2,11.9,11.6,12.2,12.2,12.0,11.2,12.0,12.0,12.0,12.2,12.3,12.3,11.8,12.0,12.3,12.2,11.8,12.2,12.3,12.1,12.6,11.8,12.0,11.9,12.0,12.1,11.8,11.9,12.4,12.3,11.6,11.8,12.3,12.1,12.3,12.0,11.8,12.3,12.0,12.2,12.6,12.0,11.6,12.4,12.0,11.8,12.7,11.8,11.7,11.9,12.0,12.4,11.8,11.9,11.4,12.3,12.0,12.6,11.9,11.9,11.7,12.5,11.8,12.1,11.9,12.0,12.5,11.8,11.6,11.9,12.1,11.9,12.1,11.9,12.2,11.9,12.0,12.0,11.6,12.0,12.0,11.7,12.2,12.3,12.5,12.6,11.8,12.5,11.8,11.9,12.1,12.3,12.0,12.0,11.4,12.4,12.2,12.0,12.4,11.8,12.3,12.2,12.3,11.7,11.5,12.1,11.8,12.3,11.8,12.9,11.8,11.8,11.3,12.3,12.5,12.6,12.0,11.6,11.6,12.2,12.0,12.0,12.0,11.9,12.2,12.3,12.2,12.1,12.2,12.0,11.9,12.3,12.0,11.8,12.3,11.6,12.2,12.0,12.5,11.8,12.6,12.2,12.3,12.0]}},{"type":"Feature","geometry":{"type":"LineString","coordinates":[[71.5102,12.4058],[71.5184,12.4178],[71.5273,12.429],[71.5398,12.4465],[71.5483,12.4577],[71.562,12.4757],[71.5709,12.4872],[71.5841,12.5043],[71.5929,12.5159],[71.6065,12.5324],[71.6155,12.5436],[71.6293,12.5601],[71.6382,12.5706],[71.652,12.5869],[71.6616,12.5982],[71.6755,12.6152],[71.6842,12.6267],[71.6975,12.6431],[71.7069,12.6544],[71.7206,12.6713],[71.7297,12.6824],[71.7433,12.6992],[71.752,12.7106],[71.7654,12.7273],[71.7742,12.7387],[71.7872,12.7559],[71.796,12.767],[71.8087,12.7841],[71.8168,12.795],[71.8298,12.8121],[71.8384,12.8238],[71.8511,12.8411],[71.8599,12.8528],[71.8728,12.87],[71.8813,12.8817],[71.8946,12.8985],[71.9031,12.9098],[71.9171,12.927],[71.9259,12.9384],[71.9397,12.9553],[71.9492,12.9664],[71.9626,12.9824],[71.9713,12.994],[71.9861,13.0102],[71.9953,13.0213],[72.0095,13.0377],[72.0188,13.0485],[72.033,13.0648],[72.0425,13.0755],[72.0576,13.0915],[72.0677,13.1015],[72.0822,13.1175],[72.092,13.1283],[72.1064,13.1441],[72.1163,13.1547],[72.1312,13.1702],[72.1409,13.1805],[72.1555,13.1957],[72.1656,13.2064],[72.1806,13.2215],[72.1907,13.2319],[72.2055,13.2478],[72.216,13.2579],[72.2308,13.2737],[72.2412,13.2844],[72.2561,13.2994],[72.2668,13.3098],[72.2819,13.3256],[72.2921,13.3362],[72.3064,13.3514],[72.3165,13.3625],[72.3306,13.3781],[72.3406,13.3889],[72.3556,13.4047],[72.3649,13.4154],[72.3791,13.431],[72.3889,13.4418],[72.4026,13.4579],[72.4122,13.4685],[72.4265,13.485],[72.4358,13.4956],[72.4503,13.5121],[72.4597,13.5231],[72.4737,13.5388],[72.4834,13.5498],[72.4971,13.5656],[72.5065,13.5763],[72.5203,13.5925],[72.5294,13.6036],[72.5434,13.62],[72.5529,13.6311],[72.5667,13.6473],[72.576,13.6581],[72.5897,13.6737],[72.5998,13.6842],[72.6138,13.6995],[72.6233,13.7101],[72.638,13.7262],[72.6484,13.7368],[72.6624,13.7534],[72.6716,13.7642],[72.6855,13.7802],[72.6945,13.791],[72.7086,13.8073],[72.7179,13.8182],[72.7318,13.8343],[72.7412,13.8454],[72.7548,13.8619],[72.764,13.8731],[72.7779,13.8898],[72.7875,13.9011],[72.8012,13.9175],[72.8107,13.9287],[72.8243,13.9453],[72.8336,13.9559],[72.8475,13.9718],[72.8571,13.9833],[72.8714,13.9999],[72.8811,14.0111],[72.8954,14.028],[72.9045,14.039],[72.918,14.0554],[72.9274,14.0666],[72.9417,14.083],[72.9508,14.0933],[72.9648,14.1096],[72.9744,14.1206],[72.9884,14.1365],[72.9977,14.1476],[73.0118,14.1644],[73.0204,14.1753],[73.0339,14.1923],[73.0425,14.2031],[73.0553,14.2201],[73.0644,14.2313],[73.0774,14.2484],[73.0867,14.2596],[73.1003,14.276],[73.1099,14.2871],[73.1235,14.3034],[73.133,14.3149],[73.1468,14.3321],[73.156,14.3433],[73.1697,14.3597],[73.1792,14.3702],[73.193,14.3868],[73.2022,14.3982],[73.2156,14.4137],[73.2256,14.4246],[73.2389,14.4411],[73.2478,14.4524],[73.2611,14.4684],[73.2705,14.4802],[73.2837,14.4966],[73.2929,14.5079],[73.3061,14.5243],[73.3145,14.5356],[73.3279,14.5525],[73.3368,14.5636],[73.3499,14.5811],[73.3585,14.5925],[73.3714,14.6097],[73.3803,14.6219],[73.3921,14.6387],[73.4006,14.6506],[73.4136,14.6685],[73.4219,14.6799],[73.4347,14.6969],[73.4428,14.7086],[73.4555,14.7265],[73.4631,14.7378],[73.4753,14.7557],[73.4836,14.7675],[73.4961,14.7846],[73.5042,14.7963],[73.517,14.814],[73.5255,14.8255],[73.538,14.8429],[73.5467,14.8547],[73.5594,14.8726],[73.5675,14.8838],[73.5803,14.9013],[73.5886,14.9125],[73.6016,14.9306],[73.6106,14.9421],[73.6239,14.959],[73.6326,14.9706],[73.6456,14.9875],[73.6538,14.9991],[73.6666,15.0165],[73.6747,15.0285],[73.6868,15.0462],[73.695,15.0576],[73.7071,15.0752],[73.7152,15.0867],[73.7279,15.1053],[73.7356,15.1167],[73.748,15.1343],[73.7565,15.1461],[73.7691,15.164],[73.7772,15.176],[73.7893,15.1941],[73.7977,15.2061],[73.8101,15.224],[73.8184,15.2364],[73.8307,15.2536],[73.8383,15.266],[73.8504,15.2835],[73.8581,15.2952],[73.8705,15.3126],[73.8787,15.3245],[73.8898,15.3429]]},"properties":{"mmsi":996677216,"name":"SYN-CAR-06","role":"candidate","vessel_type":70,"synthetic":true,"t_offset_s":[-220057,-219817,-219577,-219217,-218977,-218617,-218377,-218017,-217777,-217417,-217177,-216817,-216577,-216217,-215977,-215617,-215377,-215017,-214777,-214417,-214177,-213817,-213577,-213217,-212977,-212617,-212377,-212017,-211777,-211417,-211177,-210817,-210577,-210217,-209977,-209617,-209377,-209017,-208777,-208417,-208177,-207817,-207577,-207217,-206977,-206617,-206377,-206017,-205777,-205417,-205177,-204817,-204577,-204217,-203977,-203617,-203377,-203017,-202777,-202417,-202177,-201817,-201577,-201217,-200977,-200617,-200377,-200017,-199777,-199417,-199177,-198817,-198577,-198217,-197977,-197617,-197377,-197017,-196777,-196417,-196177,-195817,-195577,-195217,-194977,-194617,-194377,-194017,-193777,-193417,-193177,-192817,-192577,-192217,-191977,-191617,-191377,-191017,-190777,-190417,-190177,-189817,-189577,-189217,-188977,-188617,-188377,-188017,-187777,-187417,-187177,-186817,-186577,-186217,-185977,-185617,-185377,-185017,-184777,-184417,-184177,-183817,-183577,-183217,-182977,-182617,-182377,-182017,-181777,-181417,-181177,-180817,-180577,-180217,-179977,-179617,-179377,-179017,-178777,-178417,-178177,-177817,-177577,-177217,-176977,-176617,-176377,-176017,-175777,-175417,-175177,-174817,-174577,-174217,-173977,-173617,-173377,-173017,-172777,-172417,-172177,-171817,-171577,-171217,-170977,-170617,-170377,-170017,-169777,-169417,-169177,-168817,-168577,-168217,-167977,-167617,-167377,-167017,-166777,-166417,-166177,-165817,-165577,-165217,-164977,-164617,-164377,-164017,-163777,-163417,-163177,-162817,-162577,-162217,-161977,-161617,-161377,-161017,-160777,-160417,-160177,-159817,-159577,-159217,-158977,-158617,-158377,-158017,-157777,-157417,-157177,-156817],"sog":[12.8,12.6,13.3,12.5,12.9,13.2,12.6,12.7,12.7,12.9,12.9,13.0,12.4,12.0,13.1,13.1,13.3,12.8,13.1,12.9,12.6,13.2,13.0,12.5,12.7,12.5,12.4,12.7,12.4,13.1,12.8,12.9,12.8,12.7,12.5,12.6,12.2,13.4,13.2,12.6,13.1,12.4,12.7,13.1,13.0,12.6,12.6,12.2,13.3,13.0,12.6,12.9,12.8,12.6,13.0,12.9,12.8,13.0,12.7,13.0,12.8,13.9,12.4,12.9,13.0,12.4,13.2,13.2,13.1,12.7,13.1,12.7,12.9,13.4,12.5,12.8,12.9,12.9,12.3,13.2,12.8,13.2,13.0,12.5,13.0,12.9,12.6,12.5,13.1,12.7,12.9,12.6,12.7,12.5,12.6,12.4,12.7,12.8,13.2,12.8,12.7,12.5,12.4,12.9,12.8,13.0,12.9,12.8,12.8,13.4,13.4,12.9,12.9,12.6,13.2,12.6,13.3,12.9,13.3,12.8,12.9,13.0,12.5,13.1,12.2,12.9,13.1,12.5,12.6,12.7,12.7,13.1,12.3,12.8,12.7,12.8,12.9,12.5,12.8,12.7,13.2,13.1,12.6,12.5,12.7,12.5,13.0,12.2,13.2,12.4,12.4,12.4,13.7,13.1,12.5,12.8,12.5,13.2,12.6,12.6,13.0,12.9,13.3,11.9,13.0,13.0,12.8,12.6,12.0,12.7,12.7,12.8,12.8,12.7,13.0,12.4,12.7,12.9,12.7,13.2,12.3,12.9,13.0,12.7,12.9,12.6,12.6,12.8,12.5,12.9,12.4,12.7,12.7,12.7,12.6,13.3,12.8,13.0,13.1,13.2,12.9,13.0,13.1,12.8,13.0,12.9,13.2,12.3,12.9,13.4,12.5,12.8]}},{"type":"Feature","geometry":{"type":"LineString","coordinates":[[72.4135,13.5669],[72.413,13.5627],[72.4112,13.5572],[72.4146,13.5527],[72.4202,13.5525],[72.4226,13.5577],[72.4227,13.5624],[72.4205,13.5682],[72.4205,13.5724],[72.4206,13.5791],[72.4189,13.583],[72.414,13.5876],[72.4098,13.5909],[72.4037,13.5945],[72.401,13.5947],[72.3986,13.5907],[72.3941,13.5884],[72.3899,13.582],[72.3872,13.5781],[72.3808,13.5758],[72.3773,13.5728],[72.377,13.566],[72.3745,13.562],[72.369,13.5596],[72.3645,13.5578],[72.3615,13.5617],[72.3593,13.5645],[72.3615,13.5697],[72.361,13.5744],[72.3634,13.5806],[72.366,13.5842],[72.3726,13.5861],[72.3774,13.5872],[72.3819,13.5836],[72.386,13.5793],[72.3901,13.5767],[72.3925,13.572],[72.3974,13.5689],[72.401,13.5659],[72.4042,13.5616],[72.4095,13.5591],[72.4148,13.5617],[72.4188,13.5625],[72.4246,13.5655],[72.4262,13.5686],[72.4286,13.5756],[72.4323,13.5775],[72.4379,13.5792],[72.4418,13.5769],[72.4487,13.5739],[72.4517,13.5701],[72.4553,13.5661],[72.4579,13.5631],[72.4608,13.5587],[72.4622,13.552],[72.4595,13.5473],[72.4594,13.5422],[72.4569,13.5363],[72.4521,13.5359],[72.4481,13.5307],[72.4485,13.5274],[72.4418,13.5244],[72.4386,13.5244],[72.4343,13.5203],[72.4327,13.5159],[72.4268,13.514],[72.426,13.5105],[72.4325,13.5064],[72.4378,13.5054],[72.4448,13.5058],[72.4487,13.5037],[72.4525,13.4997],[72.4563,13.4953],[72.4632,13.4944],[72.4682,13.4951],[72.4744,13.495],[72.4794,13.4953],[72.4855,13.4945],[72.4882,13.4915],[72.4844,13.4873],[72.4826,13.4839],[72.4769,13.4806],[72.4725,13.4776],[72.4659,13.4748],[72.4637,13.4718],[72.4633,13.4674],[72.4634,13.4632],[72.4578,13.4598],[72.4536,13.4594],[72.4471,13.4616],[72.4451,13.466],[72.4401,13.4698],[72.4362,13.4704],[72.4294,13.4732],[72.4249,13.4749],[72.4216,13.4794],[72.4174,13.48],[72.414,13.4833],[72.4123,13.4874],[72.4126,13.494],[72.4174,13.4941],[72.4206,13.4918],[72.4246,13.4912],[72.4312,13.489],[72.4338,13.4865],[72.4395,13.4843],[72.444,13.4826],[72.45,13.486],[72.4494,13.4902],[72.4527,13.4955],[72.4561,13.499],[72.4605,13.4998],[72.4637,13.4949],[72.4673,13.492],[72.4707,13.4907],[72.4737,13.4866],[72.4751,13.4818],[72.4754,13.4756],[72.4789,13.4718],[72.4822,13.4684],[72.4837,13.4652],[72.482,13.4595],[72.4796,13.4557],[72.4798,13.4492],[72.4798,13.4457],[72.4827,13.4407],[72.485,13.4354],[72.4855,13.4298],[72.4856,13.4269],[72.4903,13.425],[72.494,13.4268],[72.4995,13.4317],[72.5023,13.4335],[72.5093,13.4329],[72.5113,13.4363],[72.5135,13.4432],[72.5128,13.4467],[72.508,13.453],[72.5057,13.4579],[72.4981,13.4605],[72.4938,13.4596],[72.4894,13.4624],[72.49,13.4668],[72.4978,13.4672],[72.5014,13.4691],[72.505,13.4742],[72.507,13.4788],[72.5075,13.4849],[72.5067,13.4884],[72.5116,13.4925],[72.5174,13.4941],[72.5204,13.489],[72.5184,13.4856],[72.5141,13.4814],[72.5115,13.4808],[72.5091,13.4744],[72.512,13.4709],[72.5126,13.4641],[72.5119,13.4604],[72.5085,13.4559],[72.5067,13.4523],[72.5027,13.4477],[72.5034,13.4449],[72.5011,13.4381],[72.4995,13.4339],[72.4987,13.4277],[72.4969,13.4243],[72.4938,13.4187],[72.4912,13.4148],[72.4895,13.4081],[72.4899,13.4039],[72.4871,13.3972],[72.4888,13.3934],[72.4903,13.3897],[72.4913,13.3866],[72.4929,13.3824],[72.4905,13.3798],[72.488,13.3749],[72.4837,13.3744],[72.4778,13.3744],[72.4776,13.3799],[72.4826,13.3843],[72.4855,13.3885],[72.4877,13.3943],[72.4862,13.3982],[72.4832,13.4022],[72.4813,13.4058],[72.4813,13.411],[72.4834,13.4147],[72.4893,13.4154],[72.4936,13.414],[72.5005,13.4113],[72.5034,13.4079],[72.5068,13.4026],[72.5055,13.3986],[72.4988,13.3965],[72.4927,13.3952],[72.4855,13.3944],[72.4801,13.3928],[72.4762,13.3879],[72.4757,13.3831],[72.4784,13.377],[72.4793,13.3732],[72.4789,13.3675],[72.4787,13.3615],[72.4742,13.3582],[72.4685,13.3563],[72.4634,13.3536],[72.4588,13.3523],[72.4613,13.3466],[72.4641,13.3429],[72.4676,13.338],[72.4708,13.3349],[72.4716,13.3284],[72.4742,13.325],[72.4727,13.3189],[72.4718,13.3153],[72.4714,13.3096],[72.4738,13.3077],[72.4786,13.3019],[72.4775,13.2979],[72.4717,13.2946],[72.4691,13.2919],[72.4643,13.2875],[72.4618,13.2849],[72.4587,13.2785],[72.4598,13.2728],[72.4662,13.2714],[72.4711,13.2695],[72.4765,13.2716],[72.4809,13.2707],[72.4892,13.2712],[72.4918,13.2751],[72.4976,13.2794],[72.4973,13.2822],[72.4908,13.2854],[72.4875,13.2908],[72.4827,13.2911],[72.4806,13.2889],[72.478,13.2834],[72.4766,13.2795],[72.4755,13.2725],[72.4751,13.2679],[72.4792,13.2632],[72.4801,13.2603],[72.4809,13.2552],[72.478,13.2515],[72.4725,13.2513],[72.4706,13.2475],[72.4659,13.2427],[72.4638,13.2397],[72.4581,13.2367],[72.4553,13.2382],[72.4536,13.2428],[72.454,13.2479],[72.4545,13.255],[72.4547,13.2591],[72.4494,13.2649],[72.446,13.2673],[72.4471,13.2731],[72.4497,13.2777],[72.4561,13.2812],[72.4569,13.2845],[72.4608,13.2907],[72.462,13.2947],[72.4609,13.3012],[72.4574,13.3046],[72.4536,13.3102],[72.4505,13.3125],[72.4492,13.3161],[72.4507,13.3207],[72.4537,13.3283],[72.4561,13.3313],[72.4608,13.337],[72.4621,13.3413],[72.4649,13.346],[72.4696,13.3477],[72.4753,13.3515],[72.4761,13.3537],[72.4794,13.3588],[72.483,13.3609],[72.4839,13.3663],[72.4864,13.3689],[72.4932,13.3701],[72.4949,13.3677],[72.5005,13.3646],[72.5044,13.3643],[72.5117,13.3653],[72.5145,13.3703],[72.5131,13.3747],[72.5102,13.3785],[72.504,13.3789],[72.4993,13.3793],[72.4935,13.3824],[72.4894,13.382],[72.4874,13.377],[72.4843,13.3736],[72.4803,13.3711],[72.4797,13.3667],[72.4726,13.3628],[72.4702,13.3614],[72.464,13.3581],[72.4603,13.3565],[72.455,13.3551],[72.452,13.351],[72.4474,13.3463],[72.4464,13.3411],[72.4442,13.3356],[72.4408,13.3328],[72.4397,13.3257],[72.4413,13.3226],[72.4456,13.3193],[72.4479,13.3201],[72.4547,13.3205],[72.4584,13.3222],[72.4629,13.3219],[72.4677,13.3188],[72.4747,13.3166],[72.4788,13.3164],[72.4858,13.3205],[72.4904,13.3219],[72.4964,13.3237],[72.4964,13.3275],[72.4925,13.3311],[72.4893,13.3336],[72.4864,13.3389],[72.4841,13.3438],[72.4797,13.3483],[72.4806,13.3525],[72.4843,13.3557],[72.488,13.3553],[72.4936,13.3584],[72.4984,13.3588],[72.5008,13.3642],[72.5032,13.3669],[72.5079,13.3658],[72.5121,13.3642],[72.5181,13.3638],[72.5227,13.3612],[72.5292,13.3576],[72.5292,13.3537],[72.525,13.3493],[72.5212,13.3485],[72.5143,13.3455],[72.5106,13.3454],[72.5047,13.3496],[72.5028,13.3534],[72.504,13.3597],[72.5015,13.3638],[72.4991,13.3689],[72.4993,13.3735],[72.5049,13.3745],[72.5091,13.3737],[72.5158,13.3731],[72.5211,13.3732],[72.5239,13.3793],[72.522,13.383],[72.5193,13.39],[72.5205,13.3932],[72.5262,13.3945],[72.5286,13.3925],[72.5251,13.3887],[72.5212,13.3859],[72.5167,13.3806],[72.5158,13.3769],[72.5138,13.3695],[72.5146,13.3646],[72.5138,13.3576],[72.5113,13.3543],[72.5129,13.3489],[72.5153,13.3458],[72.5182,13.3428],[72.5156,13.3383],[72.511,13.3343],[72.5064,13.3343],[72.5012,13.3376],[72.4982,13.3395],[72.4904,13.3383],[72.488,13.3343],[72.4853,13.3288],[72.4855,13.3253],[72.4801,13.3231],[72.4765,13.3237],[72.4706,13.3246],[72.4661,13.3245],[72.4612,13.3218],[72.4575,13.3183],[72.4519,13.3165],[72.4489,13.3137],[72.4409,13.3139],[72.4372,13.3121],[72.4332,13.3114],[72.4302,13.3089],[72.4285,13.3013],[72.429,13.2965],[72.4265,13.2924],[72.4205,13.2921],[72.4148,13.292],[72.4097,13.2926],[72.4045,13.2919],[72.4012,13.2882],[72.3992,13.283],[72.3981,13.2783],[72.3982,13.2735],[72.4004,13.2704],[72.4054,13.2658],[72.4068,13.2618],[72.405,13.2539],[72.4004,13.2517],[72.4013,13.2459],[72.4014,13.242],[72.3981,13.2368],[72.3963,13.2318],[72.3913,13.226],[72.3877,13.2218],[72.3883,13.2158],[72.3889,13.2109],[72.3915,13.2032],[72.3931,13.1997],[72.3899,13.1943],[72.3863,13.1915],[72.3815,13.1919],[72.3769,13.1925],[72.374,13.1989],[72.3722,13.2018],[72.364,13.2021],[72.3598,13.2043],[72.3555,13.2085],[72.3525,13.2106],[72.3492,13.2168],[72.3452,13.2174],[72.3398,13.2144],[72.3362,13.2115],[72.3311,13.209],[72.3277,13.2072],[72.3241,13.2031],[72.319,13.2033],[72.3145,13.1999],[72.3165,13.1956],[72.3213,13.1962],[72.3253,13.1983],[72.3285,13.2031],[72.3279,13.2077],[72.3251,13.2135],[72.3265,13.217],[72.3299,13.2217],[72.3351,13.2241],[72.3367,13.2285],[72.3341,13.2322],[72.334,13.2385],[72.3311,13.243],[72.3265,13.2471],[72.3246,13.2495],[72.3204,13.2556],[72.3179,13.2595],[72.3196,13.267],[72.323,13.2699],[72.3258,13.2757],[72.3287,13.2785],[72.3339,13.2811],[72.3347,13.2853],[72.3331,13.2916],[72.3305,13.2948],[72.3232,13.2939],[72.32,13.2934],[72.3162,13.2964],[72.3127,13.2979],[72.3144,13.3054],[72.3142,13.3082],[72.3175,13.3119],[72.3207,13.3155],[72.3178,13.321],[72.3148,13.3242],[72.3102,13.3286],[72.3117,13.3339],[72.315,13.3411],[72.3176,13.3441],[72.3209,13.3481],[72.3242,13.3498],[72.3315,13.3506],[72.3367,13.3519],[72.3431,13.3539],[72.347,13.3572],[72.3514,13.3623],[72.3515,13.3652],[72.346,13.3646],[72.3442,13.3611],[72.3438,13.3531],[72.3444,13.3488],[72.3463,13.3432],[72.3485,13.3397],[72.3458,13.3338],[72.342,13.3312],[72.3376,13.3284],[72.334,13.327],[72.3268,13.3259],[72.3223,13.3275],[72.317,13.3322],[72.3143,13.334],[72.3108,13.3389],[72.3098,13.3439],[72.3089,13.3495],[72.3088,13.3532],[72.3131,13.3587],[72.315,13.3618],[72.3165,13.3704],[72.316,13.3748],[72.3214,13.3805],[72.3249,13.3799],[72.331,13.376],[72.3347,13.3723],[72.3404,13.3705],[72.3447,13.3685],[72.3486,13.3715],[72.3503,13.3735],[72.3558,13.3786],[72.3553,13.3829],[72.3548,13.3889],[72.3515,13.3918],[72.3447,13.3949],[72.3407,13.3948],[72.3371,13.3968],[72.3357,13.399],[72.3387,13.4049],[72.3366,13.4095],[72.3359,13.4147],[72.3372,13.4188],[72.3324,13.4222],[72.328,13.4221],[72.324,13.4172],[72.3193,13.416],[72.3124,13.4134],[72.3097,13.4134],[72.3029,13.4169],[72.3006,13.4198],[72.2971,13.425],[72.2929,13.4276],[72.2876,13.4284],[72.2848,13.4255],[72.2857,13.4211],[72.2852,13.4174],[72.2881,13.4113],[72.2911,13.4088],[72.2975,13.4061],[72.3001,13.4032],[72.3039,13.3975],[72.3075,13.3953],[72.3111,13.389],[72.3121,13.3856],[72.3153,13.3792],[72.3201,13.3773],[72.3255,13.3797],[72.3277,13.3819],[72.3327,13.3827],[72.3376,13.3815],[72.3421,13.3765],[72.3455,13.3757],[72.3519,13.3745],[72.3552,13.3713],[72.3616,13.3746],[72.3629,13.3786],[72.3662,13.3846],[72.3661,13.3891],[72.366,13.3959],[72.3684,13.3998],[72.3748,13.4005],[72.3791,13.4004],[72.3834,13.4015],[72.3888,13.4037],[72.3965,13.4057],[72.3987,13.4077],[72.4033,13.4098],[72.4082,13.4078],[72.4139,13.4036],[72.418,13.4051],[72.418,13.4121],[72.4167,13.4154],[72.4181,13.4213],[72.4186,13.4241],[72.4142,13.4268],[72.4092,13.4276],[72.404,13.4301],[72.3999,13.432],[72.3966,13.4275],[72.3948,13.4243],[72.3902,13.4177],[72.3865,13.4145],[72.3784,13.4145],[72.3735,13.4164],[72.3678,13.4137],[72.3637,13.4118],[72.3587,13.4074],[72.3553,13.4049],[72.3495,13.4008],[72.3471,13.3975],[72.3404,13.3965],[72.3369,13.3998],[72.3314,13.4007],[72.3268,13.402],[72.3203,13.4043],[72.3164,13.4032],[72.31,13.4051],[72.3086,13.4089],[72.3042,13.4119],[72.3005,13.4145],[72.2979,13.4181],[72.2952,13.4224],[72.2919,13.4271],[72.2877,13.4302],[72.2847,13.4331],[72.2829,13.4361],[72.2804,13.4413],[72.2758,13.4439],[72.2689,13.4457],[72.2675,13.4493],[72.2617,13.4542],[72.2591,13.4554],[72.2518,13.4539],[72.2469,13.4522],[72.2404,13.4534],[72.2362,13.4538],[72.2352,13.4604],[72.2362,13.4647],[72.2409,13.4704],[72.2414,13.4753],[72.2438,13.4804],[72.2456,13.4834],[72.2512,13.4842],[72.2562,13.4884],[72.2581,13.4945],[72.2568,13.4979],[72.2567,13.5022],[72.2606,13.5064],[72.2611,13.5116],[72.2591,13.5156],[72.2603,13.5202],[72.2628,13.5219],[72.2659,13.5282],[72.2695,13.5313],[72.2718,13.5376],[72.2718,13.5417],[72.2721,13.5468],[72.2717,13.5515],[72.2775,13.5563],[72.282,13.557],[72.2876,13.5554],[72.291,13.5555],[72.2967,13.5598],[72.2975,13.5644],[72.3022,13.5674],[72.3075,13.5692],[72.3127,13.5721],[72.3172,13.5733],[72.3238,13.5713],[72.3273,13.5693],[72.3309,13.5649],[72.3348,13.5629],[72.3397,13.5599],[72.3423,13.5619],[72.3489,13.5642],[72.351,13.5616],[72.3485,13.5557],[72.3448,13.553],[72.3418,13.5482],[72.3424,13.5436],[72.3412,13.5362],[72.3412,13.5341],[72.3403,13.5293],[72.3406,13.5254],[72.3389,13.5183],[72.3397,13.5138],[72.3396,13.5071],[72.3438,13.5048],[72.3511,13.5056],[72.3551,13.5028],[72.3616,13.5022],[72.3662,13.5011],[72.3718,13.5005],[72.3764,13.5018],[72.3809,13.5061],[72.3809,13.511],[72.3866,13.5083],[72.3879,13.5044],[72.3905,13.4966],[72.3912,13.4921],[72.3914,13.4866],[72.3873,13.4823],[72.3815,13.4799],[72.3773,13.4774],[72.3717,13.4813],[72.371,13.486],[72.3709,13.4932],[72.3683,13.4945],[72.3627,13.4931],[72.3564,13.4953],[72.351,13.5011],[72.3488,13.5046],[72.349,13.5123],[72.3465,13.5151],[72.3458,13.5228],[72.3472,13.5276],[72.3483,13.5328],[72.3495,13.5365],[72.3503,13.5434],[72.3501,13.5488],[72.3545,13.5521],[72.3552,13.5578],[72.3529,13.5629],[72.3495,13.5661],[72.3463,13.5707],[72.3439,13.5727],[72.3386,13.5725],[72.3352,13.5703],[72.3322,13.5697],[72.3303,13.574],[72.3303,13.5787],[72.3326,13.5816],[72.3375,13.5828],[72.3419,13.5795],[72.3475,13.5767],[72.3512,13.5745],[72.3571,13.5718],[72.3604,13.5678],[72.3656,13.5647],[72.3699,13.5638],[72.3749,13.5652],[72.3761,13.5709],[72.379,13.5754],[72.3791,13.5795],[72.3748,13.5867],[72.3717,13.5882],[72.3662,13.5917],[72.3647,13.5959],[72.3611,13.601],[72.3588,13.6067],[72.3662,13.6103],[72.3691,13.6112],[72.3745,13.6148],[72.3784,13.615],[72.3833,13.6186],[72.3884,13.6184],[72.39,13.6213],[72.3866,13.6217],[72.3824,13.626],[72.3778,13.6282],[72.3707,13.6289],[72.3671,13.6283],[72.3595,13.6276],[72.3549,13.6262],[72.3519,13.6196],[72.3548,13.617],[72.3606,13.6167],[72.3654,13.6161],[72.3733,13.6205],[72.3767,13.6179],[72.382,13.6154],[72.3858,13.6158],[72.3935,13.6178],[72.3963,13.6202],[72.3951,13.6261],[72.3913,13.6292],[72.3907,13.6359],[72.3858,13.6364],[72.3773,13.6337],[72.3732,13.6348],[72.3682,13.6309],[72.3656,13.6264],[72.3605,13.6209],[72.3566,13.6186],[72.3516,13.6196],[72.3501,13.6249],[72.3528,13.6297],[72.3539,13.6335],[72.358,13.6375],[72.3604,13.6422],[72.3634,13.6482],[72.3635,13.6524],[72.3641,13.6593],[72.3671,13.6624],[72.3708,13.6638],[72.3733,13.6629],[72.3794,13.6635],[72.3822,13.6654],[72.389,13.6622],[72.3883,13.6574],[72.3826,13.654],[72.3806,13.651],[72.3751,13.65],[72.3749,13.6475],[72.3702,13.6408],[72.3669,13.6381],[72.3634,13.6303],[72.3623,13.6255],[72.359,13.6179],[72.3568,13.6144],[72.3539,13.6086],[72.3494,13.606],[72.3465,13.6009],[72.3435,13.5977],[72.3401,13.5924],[72.3388,13.5887],[72.3382,13.582],[72.3379,13.5776],[72.3411,13.5724],[72.3424,13.5675],[72.3373,13.5617],[72.3325,13.5585],[72.3257,13.5575],[72.3206,13.5561],[72.3147,13.5558],[72.3107,13.5566],[72.3061,13.5607],[72.3058,13.5646],[72.3082,13.5699],[72.3062,13.5743],[72.304,13.5795],[72.3027,13.582],[72.295,13.5825],[72.2919,13.582],[72.2891,13.577],[72.2863,13.5748],[72.2813,13.57],[72.2772,13.5694],[72.2703,13.566],[72.2649,13.5665],[72.2623,13.5693],[72.2603,13.572],[72.2588,13.5754],[72.2603,13.5787],[72.2654,13.5813],[72.2684,13.5859],[72.2722,13.592],[72.2752,13.5946],[72.2812,13.5929],[72.2845,13.5908],[72.2885,13.586],[72.2936,13.5857],[72.2985,13.5885],[72.3015,13.5898],[72.3089,13.5903],[72.3136,13.5909],[72.3165,13.5956],[72.3194,13.5975],[72.3263,13.5981],[72.3298,13.5993],[72.3375,13.6014],[72.3422,13.6004],[72.3463,13.5963],[72.3481,13.5918],[72.3534,13.5892],[72.3562,13.5883],[72.3623,13.5871],[72.3674,13.588],[72.3747,13.5876],[72.3791,13.5883],[72.3861,13.5911],[72.3898,13.5928],[72.3946,13.5966],[72.398,13.6008],[72.3983,13.6066],[72.3974,13.6117],[72.402,13.6184],[72.4036,13.6219],[72.4022,13.6293],[72.3983,13.631],[72.3927,13.6321],[72.3887,13.6306],[72.3852,13.6242],[72.3823,13.6218],[72.3769,13.6235],[72.3749,13.629],[72.3685,13.631],[72.3647,13.6307],[72.3618,13.635],[72.3573,13.6375],[72.3513,13.6393],[72.3473,13.642],[72.3466,13.6485],[72.348,13.6507],[72.3539,13.6557],[72.357,13.6601],[72.3564,13.6659],[72.3535,13.6683],[72.3497,13.6731],[72.3508,13.6776],[72.3503,13.6837],[72.3506,13.6878],[72.3522,13.6951],[72.3529,13.6986],[72.3587,13.7017],[72.3616,13.6999],[72.3616,13.6947],[72.3607,13.6919],[72.3604,13.6871],[72.3615,13.6838],[72.3653,13.6782],[72.367,13.6752],[72.3695,13.6694],[72.371,13.6661],[72.3667,13.6599],[72.3627,13.6603],[72.3577,13.6602],[72.3527,13.6615],[72.3484,13.6645],[72.346,13.669],[72.3387,13.6686],[72.3359,13.6667],[72.3303,13.6621],[72.331,13.6576],[72.3353,13.66],[72.337,13.6653],[72.3375,13.6713],[72.3364,13.6752],[72.3397,13.6811],[72.3433,13.6845],[72.3479,13.6894],[72.345,13.6935],[72.3441,13.6985],[72.343,13.7032],[72.3409,13.7093],[72.3409,13.715],[72.3435,13.7205],[72.3395,13.7234],[72.3326,13.7238],[72.3281,13.7249],[72.3225,13.7262],[72.318,13.7253],[72.3133,13.7265],[72.3108,13.731],[72.3084,13.7375],[72.3048,13.7398],[72.299,13.7457],[72.2955,13.748],[72.2925,13.7541],[72.2942,13.7592],[72.3002,13.7595],[72.3059,13.7589],[72.3117,13.7577],[72.3143,13.755],[72.3164,13.7492],[72.3154,13.7449],[72.3114,13.7371],[72.3092,13.732],[72.3128,13.7263],[72.3162,13.7249],[72.322,13.7267],[72.326,13.7288],[72.3293,13.7359],[72.3326,13.7396],[72.3319,13.7472],[72.3312,13.7524],[72.3326,13.7591],[72.3332,13.7631],[72.3333,13.7692],[72.3331,13.7744],[72.3329,13.7808],[72.3317,13.7858],[72.3319,13.7918],[72.3281,13.7946],[72.3302,13.7995],[72.3299,13.8026],[72.3236,13.8029],[72.3194,13.8012],[72.3207,13.7957],[72.323,13.7918],[72.3275,13.7856],[72.3288,13.7821],[72.3275,13.7764],[72.3305,13.7733],[72.3339,13.7694],[72.3349,13.7654],[72.3325,13.7595],[72.3311,13.7561],[72.3272,13.7517],[72.326,13.748],[72.3208,13.745],[72.315,13.743],[72.3111,13.7388],[72.3087,13.7346],[72.3042,13.7288],[72.3043,13.7245],[72.306,13.7199],[72.3088,13.7187],[72.3136,13.7171],[72.3173,13.7163],[72.3185,13.7224],[72.3177,13.7267],[72.3157,13.7319],[72.3127,13.7354],[72.3078,13.7367],[72.3065,13.7333],[72.3108,13.7289],[72.3144,13.7302],[72.3204,13.7291],[72.3241,13.7322],[72.3241,13.7372],[72.3203,13.738],[72.3131,13.7415],[72.3116,13.7429],[72.3067,13.7459],[72.3029,13.7458],[72.2984,13.7475],[72.2955,13.7482],[72.2907,13.7527],[72.2864,13.7535],[72.2816,13.7561],[72.2802,13.7592],[72.2753,13.7631],[72.2703,13.7643],[72.2645,13.7669],[72.2598,13.7668],[72.2516,13.7636],[72.2483,13.7627],[72.2439,13.7658],[72.2437,13.7704],[72.239,13.7735],[72.2374,13.7771],[72.2359,13.7816],[72.2326,13.784],[72.2259,13.7848],[72.2233,13.7829],[72.2176,13.7799],[72.2159,13.7756],[72.209,13.7695],[72.2066,13.766],[72.2006,13.7648],[72.1953,13.7631],[72.1903,13.7615],[72.1874,13.7593],[72.1839,13.7529],[72.1821,13.7507],[72.1849,13.7432],[72.1868,13.7406],[72.1893,13.7361],[72.1928,13.7345],[72.1988,13.7321],[72.2016,13.7294],[72.2052,13.7254],[72.2092,13.7231],[72.2081,13.7192],[72.204,13.7154],[72.1995,13.7125],[72.1947,13.7112],[72.1902,13.7119],[72.187,13.7151],[72.188,13.7204],[72.1882,13.7243],[72.1905,13.73],[72.1938,13.7341],[72.1971,13.7405],[72.2005,13.742],[72.2058,13.743],[72.2117,13.7449],[72.2184,13.7466],[72.2231,13.7503],[72.2285,13.7545],[72.2306,13.7588],[72.2375,13.7607],[72.2406,13.7597],[72.2463,13.759],[72.2499,13.7628],[72.2577,13.762],[72.262,13.7622],[72.2656,13.7604],[72.2683,13.756],[72.2723,13.7495],[72.2733,13.7458],[72.2786,13.7415],[72.2826,13.7403],[72.287,13.7372],[72.2886,13.7336],[72.2935,13.7367],[72.292,13.7411],[72.2897,13.7467],[72.288,13.7499],[72.2832,13.7525],[72.2788,13.7502],[72.273,13.7493],[72.2695,13.7481],[72.2631,13.7514],[72.2593,13.7533],[72.2552,13.7591],[72.2566,13.7634],[72.2588,13.7684],[72.2603,13.772],[72.2602,13.7784],[72.2587,13.7826],[72.2549,13.787],[72.2531,13.7907],[72.2496,13.7878],[72.2532,13.7842],[72.2564,13.7803],[72.261,13.7772],[72.2662,13.7794],[72.2709,13.7816],[72.2771,13.7819],[72.2822,13.7822],[72.2874,13.7847],[72.2908,13.7862],[72.2971,13.7832],[72.2975,13.7806],[72.3004,13.7729],[72.3034,13.7704],[72.3103,13.768],[72.3153,13.7692],[72.3229,13.7657],[72.3239,13.7615],[72.3243,13.755],[72.3274,13.753],[72.332,13.7477],[72.3349,13.7452],[72.3399,13.7406],[72.3436,13.7436],[72.3437,13.7523],[72.3476,13.754],[72.3531,13.7555],[72.356,13.7557],[72.3608,13.7504],[72.3587,13.7461],[72.3526,13.7477],[72.3491,13.743],[72.3442,13.7384],[72.3409,13.7354],[72.3353,13.7339],[72.3319,13.7321],[72.3266,13.7301],[72.3212,13.7299],[72.3154,13.7276],[72.3122,13.7258],[72.3062,13.7226],[72.3008,13.7241],[72.2964,13.7295],[72.2954,13.7324],[72.2897,13.7333],[72.2844,13.7347],[72.2857,13.7406],[72.2899,13.7414],[72.2972,13.7427],[72.2995,13.7395],[72.3043,13.7352],[72.308,13.7343],[72.3127,13.7374],[72.315,13.7416],[72.3176,13.7477],[72.3211,13.7509],[72.3221,13.758],[72.3187,13.762],[72.3148,13.7685],[72.3143,13.7736],[72.3147,13.7805],[72.3134,13.7849],[72.3143,13.7914],[72.3128,13.794]]},"properties":{"mmsi":996704125,"name":"SYN-FSH-03","role":"background","vessel_type":30,"synthetic":true,"t_offset_s":[-259200,-258840,-258600,-258240,-258000,-257640,-257400,-257040,-256800,-256440,-256200,-255840,-255600,-255240,-255000,-254640,-254400,-254040,-253800,-253440,-253200,-252840,-252600,-252240,-252000,-251640,-251400,-251040,-250800,-250440,-250200,-249840,-249600,-249240,-249000,-248640,-248400,-248040,-247800,-247440,-247200,-246840,-246600,-246240,-246000,-245640,-245400,-245040,-244800,-244440,-244200,-243840,-243600,-243240,-243000,-242640,-242400,-242040,-241800,-241440,-241200,-240840,-240600,-240240,-240000,-239640,-239400,-239040,-238800,-238440,-238200,-237840,-237600,-237240,-237000,-236640,-236400,-236040,-235800,-235440,-235200,-234840,-234600,-234240,-234000,-233640,-233400,-233040,-232800,-232440,-232200,-231840,-231600,-231240,-231000,-230640,-230400,-230040,-229800,-229440,-229200,-228840,-228600,-228240,-228000,-227640,-227400,-227040,-226800,-226440,-226200,-225840,-225600,-225240,-225000,-224640,-224400,-224040,-223800,-223440,-223200,-222840,-222600,-222240,-222000,-221640,-221400,-221040,-220800,-220440,-220200,-219840,-219600,-219240,-219000,-218640,-218400,-218040,-217800,-217440,-217200,-216840,-216600,-216240,-216000,-215640,-215400,-215040,-214800,-214440,-214200,-213840,-213600,-213240,-213000,-212640,-212400,-212040,-211800,-211440,-211200,-210840,-210600,-210240,-210000,-209640,-209400,-209040,-208800,-208440,-208200,-207840,-207600,-207240,-207000,-206640,-206400,-206040,-205800,-205440,-205200,-204840,-204600,-204240,-204000,-203640,-203400,-203040,-202800,-202440,-202200,-201840,-201600,-201240,-201000,-200640,-200400,-200040,-199800,-199440,-199200,-198840,-198600,-198240,-198000,-197640,-197400,-197040,-196800,-196440,-196200,-195840,-195600,-195240,-195000,-194640,-194400,-194040,-193800,-193440,-193200,-192840,-192600,-192240,-192000,-191640,-191400,-191040,-190800,-190440,-190200,-189840,-189600,-189240,-189000,-188640,-188400,-188040,-187800,-187440,-187200,-186840,-186600,-186240,-186000,-185640,-185400,-185040,-184800,-184440,-184200,-183840,-183600,-183240,-183000,-182640,-182400,-182040,-181800,-181440,-181200,-180840,-180600,-180240,-180000,-179640,-179400,-179040,-178800,-178440,-178200,-177840,-177600,-177240,-177000,-176640,-176400,-176040,-175800,-175440,-175200,-174840,-174600,-174240,-174000,-173640,-173400,-173040,-172800,-172440,-172200,-171840,-171600,-171240,-171000,-170640,-170400,-170040,-169800,-169440,-169200,-168840,-168600,-168240,-168000,-167640,-167400,-167040,-166800,-166440,-166200,-165840,-165600,-165240,-165000,-164640,-164400,-164040,-163800,-163440,-163200,-162840,-162600,-162240,-162000,-161640,-161400,-161040,-160800,-160440,-160200,-159840,-159600,-159240,-159000,-158640,-158400,-158040,-157800,-157440,-157200,-156840,-156600,-156240,-156000,-155640,-155400,-155040,-154800,-154440,-154200,-153840,-153600,-153240,-153000,-152640,-152400,-152040,-151800,-151440,-151200,-150840,-150600,-150240,-150000,-149640,-149400,-149040,-148800,-148440,-148200,-147840,-147600,-147240,-147000,-146640,-146400,-146040,-145800,-145440,-145200,-144840,-144600,-144240,-144000,-143640,-143400,-143040,-142800,-142440,-142200,-141840,-141600,-141240,-141000,-140640,-140400,-140040,-139800,-139440,-139200,-138840,-138600,-138240,-138000,-137640,-137400,-137040,-136800,-136440,-136200,-135840,-135600,-135240,-135000,-134640,-134400,-134040,-133800,-133440,-133200,-132840,-132600,-132240,-132000,-131640,-131400,-131040,-130800,-130440,-130200,-129840,-129600,-129240,-129000,-128640,-128400,-128040,-127800,-127440,-127200,-126840,-126600,-126240,-126000,-125640,-125400,-125040,-124800,-124440,-124200,-123840,-123600,-123240,-123000,-122640,-122400,-122040,-121800,-121440,-121200,-120840,-120600,-120240,-120000,-119640,-119400,-119040,-118800,-118440,-118200,-117840,-117600,-117240,-117000,-116640,-116400,-116040,-115800,-115440,-115200,-114840,-114600,-114240,-114000,-113640,-113400,-113040,-112800,-112440,-112200,-111840,-111600,-111240,-111000,-110640,-110400,-110040,-109800,-109440,-109200,-108840,-108600,-108240,-108000,-107640,-107400,-107040,-106800,-106440,-106200,-105840,-105600,-105240,-105000,-104640,-104400,-104040,-103800,-103440,-103200,-102840,-102600,-102240,-102000,-101640,-101400,-101040,-100800,-100440,-100200,-99840,-99600,-99240,-99000,-98640,-98400,-98040,-97800,-97440,-97200,-96840,-96600,-96240,-96000,-95640,-95400,-95040,-94800,-94440,-94200,-93840,-93600,-93240,-93000,-92640,-92400,-92040,-91800,-91440,-91200,-90840,-90600,-90240,-90000,-89640,-89400,-89040,-88800,-88440,-88200,-87840,-87600,-87240,-87000,-86640,-86400,-86040,-85800,-85440,-85200,-84840,-84600,-84240,-84000,-83640,-83400,-83040,-82800,-82440,-82200,-81840,-81600,-81240,-81000,-80640,-80400,-80040,-79800,-79440,-79200,-78840,-78600,-78240,-78000,-77640,-77400,-77040,-76800,-76440,-76200,-75840,-75600,-75240,-75000,-74640,-74400,-74040,-73800,-73440,-73200,-72840,-72600,-72240,-72000,-71640,-71400,-71040,-70800,-70440,-70200,-69840,-69600,-69240,-69000,-68640,-68400,-68040,-67800,-67440,-67200,-66840,-66600,-66240,-66000,-65640,-65400,-65040,-64800,-64440,-64200,-63840,-63600,-63240,-63000,-62640,-62400,-62040,-61800,-61440,-61200,-60840,-60600,-60240,-60000,-59640,-59400,-59040,-58800,-58440,-58200,-57840,-57600,-57240,-57000,-56640,-56400,-56040,-55800,-55440,-55200,-54840,-54600,-54240,-54000,-53640,-53400,-53040,-52800,-52440,-52200,-51840,-51600,-51240,-51000,-50640,-50400,-50040,-49800,-49440,-49200,-48840,-48600,-48240,-48000,-47640,-47400,-47040,-46800,-46440,-46200,-45840,-45600,-45240,-45000,-44640,-44400,-44040,-43800,-43440,-43200,-42840,-42600,-42240,-42000,-41640,-41400,-41040,-40800,-40440,-40200,-39840,-39600,-39240,-39000,-38640,-38400,-38040,-37800,-37440,-37200,-36840,-36600,-36240,-36000,-35640,-35400,-35040,-34800,-34440,-34200,-33840,-33600,-33240,-33000,-32640,-32400,-32040,-31800,-31440,-31200,-30840,-30600,-30240,-30000,-29640,-29400,-29040,-28800,-28440,-28200,-27840,-27600,-27240,-27000,-26640,-26400,-26040,-25800,-25440,-25200,-24840,-24600,-24240,-24000,-23640,-23400,-23040,-22800,-22440,-22200,-21840,-21600,-21240,-21000,-20640,-20400,-20040,-19800,-19440,-19200,-18840,-18600,-18240,-18000,-17640,-17400,-17040,-16800,-16440,-16200,-15840,-15600,-15240,-15000,-14640,-14400,-14040,-13800,-13440,-13200,-12840,-12600,-12240,-12000,-11640,-11400,-11040,-10800,-10440,-10200,-9840,-9600,-9240,-9000,-8640,-8400,-8040,-7800,-7440,-7200,-6840,-6600,-6240,-6000,-5640,-5400,-5040,-4800,-4440,-4200,-3840,-3600,-3240,-3000,-2640,-2400,-2040,-1800,-1440,-1200,-840,-600,-240,0,360,600,960,1200,1560,1800,2160,2400,2760,3000,3360,3600,3960,4200,4560,4800,5160,5400,5760,6000,6360,6600,6960,7200,7560,7800,8160,8400,8760,9000,9360,9600,9960,10200,10560,10800,11160,11400,11760,12000,12360,12600,12960,13200,13560,13800,14160,14400,14760,15000,15360,15600,15960,16200,16560,16800,17160,17400,17760,18000,18360,18600,18960,19200,19560,19800,20160,20400,20760,21000,21360,21600,21960,22200,22560,22800,23160,23400,23760,24000,24360,24600,24960,25200,25560,25800,26160,26400,26760,27000,27360,27600,27960,28200,28560,28800,29160,29400,29760,30000,30360,30600,30960,31200,31560,31800,32160,32400,32760,33000,33360,33600,33960,34200,34560,34800,35160,35400,35760,36000,36360,36600,36960,37200,37560,37800,38160,38400,38760,39000,39360,39600,39960,40200,40560,40800,41160,41400,41760,42000,42360,42600,42960,43200,43560,43800,44160,44400,44760,45000,45360,45600,45960,46200,46560,46800,47160,47400,47760,48000,48360,48600,48960,49200,49560,49800,50160,50400,50760,51000,51360,51600,51960,52200,52560,52800,53160,53400,53760,54000,54360,54600,54960,55200,55560,55800,56160,56400,56760,57000,57360,57600,57960,58200,58560,58800,59160,59400,59760,60000,60360,60600,60960,61200,61560,61800,62160,62400,62760,63000,63360,63600,63960,64200,64560,64800,65160,65400,65760,66000,66360,66600,66960,67200,67560,67800,68160,68400,68760,69000,69360,69600,69960,70200,70560,70800,71160,71400,71760,72000,72360,72600,72960,73200,73560,73800,74160,74400,74760,75000,75360,75600,75960,76200,76560,76800,77160,77400,77760,78000,78360,78600,78960,79200,79560,79800,80160,80400,80760,81000,81360,81600,81960,82200,82560,82800,83160,83400,83760,84000,84360,84600,84960,85200,85560,85800,86160,86400],"sog":[4.2,2.8,4.9,4.3,4.8,2.8,5.0,2.9,3.9,2.9,4.4,5.8,6.0,6.0,1.5,2.8,6.1,4.4,4.3,3.2,5.3,3.0,4.0,2.9,4.3,2.9,2.9,2.5,5.2,4.6,4.3,3.7,4.7,3.8,5.6,3.8,5.1,2.9,4.7,3.5,4.1,2.4,3.6,4.7,3.7,3.5,5.4,4.0,3.3,5.0,4.6,3.3,3.3,3.7,6.3,2.3,5.9,4.2,3.9,4.4,2.8,4.6,3.3,2.8,4.5,1.9,3.2,5.3,4.8,5.0,2.6,4.4,5.4,3.5,4.8,3.9,5.6,4.2,2.9,5.8,3.7,2.6,5.2,4.5,2.5,3.1,2.2,3.4,4.0,4.5,4.8,2.9,3.2,5.0,4.3,3.4,4.7,4.3,4.1,3.7,4.4,3.3,3.4,5.7,3.4,3.3,4.1,3.9,3.9,4.2,4.8,2.7,4.4,2.9,4.6,3.1,4.6,4.1,4.7,2.8,1.8,2.6,4.9,3.8,1.9,4.1,5.2,3.7,3.5,3.6,3.3,4.7,3.0,5.2,3.7,5.0,2.7,4.0,4.9,4.8,4.4,4.0,3.5,5.7,1.9,2.3,3.8,4.6,2.7,4.4,5.2,3.3,3.4,3.8,3.3,4.7,4.3,4.6,2.3,2.5,3.7,0.7,0.8,4.8,3.7,2.9,4.2,3.4,2.6,4.3,4.3,3.6,3.0,2.4,4.2,3.0,3.3,2.8,4.7,3.4,4.5,5.1,5.7,5.2,4.4,2.6,2.9,3.5,4.3,3.4,3.8,4.5,4.9,4.2,4.1,3.9,6.1,4.4,5.4,5.3,3.0,5.1,3.4,3.2,6.5,3.8,4.6,3.4,3.2,4.6,3.6,4.3,3.9,3.1,2.6,3.0,2.9,2.8,1.7,3.8,3.4,3.8,2.6,5.2,3.7,4.6,6.5,4.0,4.4,4.9,3.8,3.9,3.6,5.2,2.9,4.2,4.6,4.0,1.5,3.5,4.4,3.0,4.3,4.5,2.7,2.9,3.5,2.0,4.0,5.3,3.8,4.7,3.8,3.1,5.2,5.3,4.8,5.6,3.6,3.6,4.4,4.5,3.4,4.7,5.4,5.2,4.8,5.3,3.9,2.8,4.9,4.1,2.6,4.1,4.0,3.0,4.7,3.5,1.5,4.3,3.6,3.0,4.5,4.5,5.1,3.5,2.5,3.5,6.3,0.7,3.4,3.0,3.8,4.0,4.1,3.7,4.0,3.6,4.9,5.0,2.5,3.4,4.0,2.1,4.2,4.8,4.8,4.2,3.8,3.9,1.7,2.6,1.5,4.0,3.7,4.1,4.1,5.5,4.1,5.8,4.5,4.7,3.6,4.6,4.1,4.1,5.1,3.1,4.4,3.5,3.6,4.6,3.2,3.0,3.8,3.0,6.6,2.4,4.9,4.7,3.6,3.4,2.9,5.3,2.6,4.8,2.9,5.0,5.3,2.0,3.8,3.0,3.7,1.2,4.3,5.0,3.9,3.8,3.8,4.0,3.3,1.9,4.2,3.2,3.9,3.6,4.6,4.7,3.0,3.5,3.4,1.9,5.2,4.3,4.4,2.9,2.3,5.5,4.0,5.1,3.1,6.6,1.8,5.0,3.4,3.5,3.3,3.8,1.7,5.4,4.1,3.3,4.3,5.1,3.6,3.2,6.4,3.5,4.4,2.1,4.2,3.9,5.2,2.7,3.3,3.3,4.4,4.4,5.9,6.0,4.5,3.8,5.4,4.0,3.9,5.1,4.1,5.1,4.0,3.0,4.2,2.7,4.1,4.4,2.8,5.9,4.9,2.4,4.3,4.3,4.5,1.9,5.0,3.3,2.3,2.4,4.7,3.1,5.4,3.7,3.2,2.9,4.2,5.6,2.6,4.9,5.3,2.1,5.0,3.3,6.1,4.0,2.9,4.4,3.0,3.8,3.4,2.5,3.8,4.3,4.7,3.3,4.0,4.2,3.0,1.8,2.7,5.4,1.6,2.4,4.0,3.7,3.4,3.9,4.2,3.0,3.0,4.5,4.3,4.4,7.0,4.5,4.7,5.8,3.3,2.5,3.8,5.5,3.9,5.0,4.2,3.9,3.9,4.0,3.4,5.2,5.1,2.9,3.1,3.4,4.6,3.8,2.8,4.0,3.2,5.5,4.0,4.8,4.6,4.3,3.8,2.7,3.5,3.8,3.0,4.2,3.5,4.0,2.6,5.1,3.2,2.7,1.9,3.5,4.0,3.2,3.2,5.4,3.9,3.5,3.9,3.5,4.8,4.0,2.9,4.1,4.6,3.2,4.0,1.6,3.1,4.5,3.6,3.6,3.5,3.8,2.0,4.5,2.9,4.5,4.4,5.4,3.0,3.0,3.9,5.0,3.3,3.7,4.4,3.2,4.7,4.5,4.4,4.4,3.6,5.9,1.9,3.9,4.1,2.0,1.9,2.7,5.3,3.9,3.0,5.0,2.4,3.3,3.8,4.0,4.1,3.5,4.9,2.8,2.4,5.4,4.3,4.9,5.1,3.4,4.4,4.4,4.5,3.5,3.7,5.4,4.4,5.2,4.5,6.0,3.7,4.0,3.8,2.7,3.8,3.7,5.7,3.1,4.1,0.8,3.7,2.9,4.8,4.3,3.7,3.8,2.0,4.2,5.2,3.7,4.6,3.5,3.2,4.7,4.8,3.9,2.4,3.2,5.7,4.1,3.5,4.2,6.6,3.3,2.8,4.0,3.9,4.0,3.2,4.1,4.6,1.5,2.8,4.7,4.1,4.4,3.5,3.6,5.0,3.4,5.1,3.3,4.9,3.7,4.0,4.6,4.1,3.0,2.3,4.7,3.3,4.0,3.9,3.3,4.7,3.9,1.4,3.1,3.9,5.1,4.7,4.7,4.8,2.9,5.2,3.6,5.3,3.7,3.6,4.9,3.7,3.6,4.7,5.0,4.3,4.1,4.2,5.2,4.1,4.3,3.4,4.7,2.6,4.4,6.5,6.0,4.5,5.3,2.7,4.9,3.2,3.1,3.8,5.3,4.5,1.9,4.4,3.4,4.2,3.4,3.0,3.4,4.1,2.8,3.5,3.0,4.6,2.3,4.1,3.9,5.1,3.7,4.0,3.7,4.6,3.5,5.0,2.5,3.4,4.3,3.6,5.0,5.2,2.9,4.9,5.2,1.7,5.8,3.2,4.4,4.4,3.0,2.7,4.2,4.2,4.4,3.8,3.7,3.9,5.4,3.8,4.7,3.1,4.6,4.2,3.1,3.4,3.8,3.5,3.5,4.2,3.8,5.8,4.7,4.2,4.0,5.6,4.9,3.9,1.9,5.2,1.8,3.2,4.4,5.4,3.5,3.3,4.4,3.0,0.8,0.3,4.3,2.7,6.5,4.2,5.6,2.4,2.8,2.4,5.1,4.1,7.5,4.8,6.2,4.3,2.4,4.1,3.1,3.7,3.5,5.0,3.1,4.8,3.8,4.9,3.6,5.0,5.4,5.2,2.0,3.0,4.4,3.8,2.3,3.2,3.5,1.9,4.3,3.5,3.3,4.1,4.5,4.8,5.3,4.3,2.6,3.4,2.2,1.7,2.9,5.3,5.1,3.6,4.2,4.3,3.8,6.0,3.7,2.1,5.6,4.1,4.2,3.5,3.3,3.0,5.4,4.7,3.3,3.5,2.5,1.9,3.6,5.3,6.4,3.8,4.5,3.5,4.5,5.5,3.3,4.3,5.7,3.1,4.3,4.6,3.1,3.2,3.3,3.0,4.2,6.2,4.4,3.8,2.4,4.0,2.7,4.1,3.6,2.1,4.6,3.7,3.7,4.4,3.5,2.9,4.1,3.9,3.8,3.7,4.3,2.4,2.1,2.2,2.8,4.5,3.2,2.6,3.5,3.6,4.0,2.1,3.1,4.8,3.0,2.5,4.7,2.9,5.3,4.9,3.8,5.3,3.6,3.6,4.5,4.2,3.9,5.8,4.2,4.1,3.8,4.5,3.2,5.5,3.9,3.6,4.5,4.0,3.1,4.1,4.0,3.6,5.4,3.9,3.9,4.7,4.0,5.6,2.2,4.7,3.1,4.6,6.0,4.6,2.9,3.8,3.7,4.2,3.8,5.0,4.4,4.7,3.2,4.0,4.3,4.2,4.6,4.4,3.7,3.5,3.7,1.6,3.4,3.7,3.1,3.7,3.5,4.5,3.3,3.3,3.6,3.2,4.6,4.4,3.6,2.9,3.4,6.8,2.9,3.9,4.1,3.3,3.6,3.5,1.7,2.7,3.4,4.6,4.3,4.1,2.1,2.9,3.3,4.6,4.0,5.1,2.8,2.5,4.6,1.9,2.1,3.5,5.7,3.0,4.5,4.3,3.4,3.9,4.2,3.8,3.5,4.4,5.2,2.0,3.3,4.4,3.2,3.3,2.8,4.4,3.5,4.0,4.6,3.2,5.7,3.6,3.9,5.6,3.3,2.3,4.5,3.5,4.1,3.4,2.0,3.1,3.6,3.4,4.1,5.2,4.2,5.0,2.5,5.1,2.4,3.2,4.1,3.3,3.2,5.3,4.3,3.4,2.0,5.5,4.1,5.2,2.5,3.4,4.7,2.6,4.2,5.3,5.2,3.6,4.3,5.1,4.3,3.7,5.6,4.2,2.8,3.3,4.9,3.4,3.5,2.2,4.0,4.4,5.5,3.3,3.4,2.7,5.4,3.5,1.5,2.2,3.3,5.1,2.2,3.1,5.2,4.7,2.8,3.4,4.0,4.9,4.3,5.0,3.6,4.5,3.8,1.9,5.3,3.4,4.2,5.0,3.5,3.2,4.5,1.5,5.0,2.8,4.1,4.9,5.0,3.3,4.5,2.5,4.0,3.6,4.4,5.5,4.6,5.1,2.1,3.8,4.5,5.2,2.2,3.6,6.1,3.9,3.5,2.3,3.6,4.7,4.2,3.6,5.6,3.1,5.0,3.1,3.4,5.0,3.6,4.8,4.0,4.3,5.6,5.1,4.1,4.0,4.4,3.2]}},{"type":"Feature","geometry":{"type":"LineString","coordinates":[[71.0578,11.3267],[71.0536,11.3206],[71.0468,11.3086],[71.0364,11.291],[71.0294,11.2794],[71.0184,11.2623],[71.011,11.2508],[70.9995,11.2342],[70.9919,11.223],[70.9808,11.2061],[70.9733,11.1951],[70.9618,11.1775],[70.954,11.1667],[70.943,11.1487],[70.9353,11.1374],[70.9244,11.1201],[70.9165,11.1089],[70.9049,11.0911],[70.8978,11.0803],[70.8865,11.0639],[70.8787,11.0525],[70.8675,11.0361],[70.8595,11.0245],[70.8475,11.0074],[70.84,10.9963],[70.8284,10.9794],[70.8206,10.9685],[70.809,10.951],[70.801,10.9392],[70.7894,10.922],[70.7818,10.9114],[70.7701,10.8943],[70.7631,10.8827],[70.7511,10.8663],[70.7431,10.8549],[70.7311,10.838],[70.7225,10.827],[70.7105,10.8102],[70.702,10.7994],[70.6898,10.7824],[70.6816,10.7717],[70.6695,10.755],[70.6614,10.7434],[70.6489,10.7269],[70.6413,10.7161],[70.6293,10.6994],[70.6214,10.6883],[70.6098,10.6711],[70.6017,10.6598],[70.5896,10.6433],[70.5817,10.6325],[70.5691,10.6158],[70.561,10.605],[70.5494,10.5879],[70.5413,10.5768],[70.5296,10.5598],[70.5217,10.549],[70.51,10.5321],[70.5021,10.5213],[70.4906,10.5042],[70.4828,10.4927],[70.4716,10.475],[70.4642,10.4636],[70.4533,10.4469],[70.4455,10.4352],[70.4341,10.4173],[70.426,10.4061],[70.4148,10.3895],[70.4073,10.3783],[70.3956,10.3609],[70.3881,10.3494],[70.3765,10.3316],[70.3686,10.3197],[70.3581,10.3022],[70.3507,10.2906],[70.3397,10.2728],[70.3326,10.2616],[70.3216,10.2443],[70.3141,10.2337],[70.3027,10.2164],[70.2951,10.2048],[70.284,10.1875],[70.2767,10.1759],[70.2649,10.1591],[70.2575,10.148],[70.246,10.1309],[70.2387,10.1195],[70.2274,10.1022],[70.2196,10.0909],[70.2085,10.0732],[70.2008,10.0621],[70.1899,10.0442],[70.1823,10.0334],[70.1707,10.0162],[70.1627,10.005],[70.1515,9.9882],[70.1439,9.9777],[70.131,9.9608],[70.1226,9.9496],[70.1112,9.9331],[70.1029,9.9223],[70.0908,9.9055],[70.0823,9.8942],[70.0695,9.8774],[70.0609,9.8659],[70.0484,9.8495],[70.0402,9.8383],[70.028,9.822],[70.02,9.811],[70.0074,9.7945],[69.9991,9.784],[69.9863,9.7671],[69.9778,9.7566],[69.9653,9.7407],[69.9568,9.7298],[69.9445,9.7135],[69.9358,9.7027],[69.9231,9.6862],[69.9149,9.6754],[69.9019,9.6593],[69.8934,9.6481],[69.8812,9.6319],[69.8731,9.6209],[69.861,9.6045],[69.853,9.5937],[69.8405,9.5767],[69.832,9.5658],[69.8194,9.5494],[69.8106,9.5382],[69.7982,9.5218],[69.7894,9.511],[69.777,9.4948],[69.7687,9.4841],[69.7556,9.4679],[69.7474,9.4574],[69.7346,9.4409],[69.7265,9.4299],[69.7142,9.413],[69.7062,9.4021],[69.6939,9.385],[69.6858,9.3733],[69.6743,9.3567],[69.6665,9.346],[69.6549,9.3288],[69.6472,9.3172],[69.635,9.3],[69.6272,9.2892],[69.6151,9.2725],[69.6067,9.2611],[69.5948,9.245],[69.5859,9.2332],[69.5735,9.2173],[69.5649,9.206],[69.5526,9.1897],[69.5443,9.1788],[69.5315,9.1625],[69.5227,9.1518],[69.5097,9.1351],[69.5016,9.1244],[69.4889,9.108],[69.4804,9.0972],[69.4679,9.0806],[69.4594,9.0696],[69.4465,9.0531],[69.4384,9.0429],[69.4256,9.0261],[69.4169,9.0153],[69.404,8.9998],[69.3954,8.9889],[69.3823,8.9729],[69.3734,8.9626],[69.3601,8.9465],[69.3513,8.9354],[69.3381,8.9195],[69.3296,8.909],[69.3167,8.893],[69.3077,8.8828],[69.2943,8.8667],[69.2854,8.8568],[69.2717,8.8413],[69.2629,8.8305],[69.2492,8.8145],[69.24,8.8042],[69.2265,8.7888],[69.217,8.7779],[69.2035,8.7627],[69.1944,8.752],[69.1806,8.7368],[69.1717,8.7267],[69.1579,8.7114],[69.1489,8.7013],[69.1349,8.6856],[69.1255,8.6747],[69.1127,8.6595],[69.1031,8.6485],[69.0904,8.6327],[69.081,8.6215],[69.0674,8.6055],[69.0589,8.5951],[69.0457,8.579],[69.0368,8.5681],[69.0234,8.5513],[69.0146,8.5407],[69.0014,8.5249],[68.9925,8.515],[68.9785,8.4987],[68.9692,8.4882],[68.9555,8.4726],[68.9462,8.4622],[68.933,8.4467],[68.9235,8.4367],[68.9103,8.4212],[68.901,8.4109],[68.8872,8.3947],[68.8783,8.3843],[68.8645,8.3684],[68.8558,8.3573],[68.8424,8.3411],[68.8333,8.3301],[68.8206,8.3143],[68.8122,8.3039],[68.7991,8.2876],[68.7903,8.2767],[68.7777,8.2608],[68.7692,8.25],[68.7563,8.2334],[68.7482,8.2221],[68.7356,8.2055],[68.727,8.1945],[68.7146,8.1777],[68.7068,8.1665],[68.6943,8.1494],[68.6864,8.1388],[68.6736,8.122],[68.6648,8.1108],[68.6523,8.0941],[68.6441,8.0832],[68.6314,8.0666],[68.6227,8.0556],[68.6097,8.0389],[68.6016,8.028],[68.5889,8.0113],[68.5813,8.0005],[68.5693,7.9842],[68.5609,7.9721],[68.5484,7.9558],[68.5399,7.9447],[68.5277,7.9275],[68.5198,7.9162],[68.5079,7.8999],[68.4999,7.8887],[68.488,7.8714],[68.4797,7.8604],[68.4685,7.8441],[68.4612,7.8324],[68.4499,7.8155],[68.442,7.8039],[68.4306,7.7868],[68.4223,7.7751],[68.4106,7.7586],[68.4025,7.7468],[68.3907,7.73],[68.3825,7.7185],[68.3705,7.7017],[68.3625,7.6905],[68.3504,7.6732],[68.3432,7.6627],[68.3321,7.6456],[68.3242,7.6338],[68.3133,7.6174],[68.306,7.6057],[68.2954,7.5881],[68.288,7.5761],[68.277,7.5587],[68.2699,7.5474],[68.2586,7.5295],[68.2509,7.5178],[68.2399,7.5005]]},"properties":{"mmsi":996729226,"name":"SYN-CAR-16","role":"candidate","vessel_type":70,"synthetic":true,"t_offset_s":[-156659,-156539,-156299,-155939,-155699,-155339,-155099,-154739,-154499,-154139,-153899,-153539,-153299,-152939,-152699,-152339,-152099,-151739,-151499,-151139,-150899,-150539,-150299,-149939,-149699,-149339,-149099,-148739,-148499,-148139,-147899,-147539,-147299,-146939,-146699,-146339,-146099,-145739,-145499,-145139,-144899,-144539,-144299,-143939,-143699,-143339,-143099,-142739,-142499,-142139,-141899,-141539,-141299,-140939,-140699,-140339,-140099,-139739,-139499,-139139,-138899,-138539,-138299,-137939,-137699,-137339,-137099,-136739,-136499,-136139,-135899,-135539,-135299,-134939,-134699,-134339,-134099,-133739,-133499,-133139,-132899,-132539,-132299,-131939,-131699,-131339,-131099,-130739,-130499,-130139,-129899,-129539,-129299,-128939,-128699,-128339,-128099,-127739,-127499,-127139,-126899,-126539,-126299,-125939,-125699,-125339,-125099,-124739,-124499,-124139,-123899,-123539,-123299,-122939,-122699,-122339,-122099,-121739,-121499,-121139,-120899,-120539,-120299,-119939,-119699,-119339,-119099,-118739,-118499,-118139,-117899,-117539,-117299,-116939,-116699,-116339,-116099,-115739,-115499,-115139,-114899,-114539,-114299,-113939,-113699,-113339,-113099,-112739,-112499,-112139,-111899,-111539,-111299,-110939,-110699,-110339,-110099,-109739,-109499,-109139,-108899,-108539,-108299,-107939,-107699,-107339,-107099,-106739,-106499,-106139,-105899,-105539,-105299,-104939,-104699,-104339,-104099,-103739,-103499,-103139,-102899,-102539,-102299,-101939,-101699,-101339,-101099,-100739,-100499,-100139,-99899,-99539,-99299,-98939,-98699,-98339,-98099,-97739,-97499,-97139,-96899,-96539,-96299,-95939,-95699,-95339,-95099,-94739,-94499,-94139,-93899,-93539,-93299,-92939,-92699,-92339,-92099,-91739,-91499,-91139,-90899,-90539,-90299,-89939,-89699,-89339,-89099,-88739,-88499,-88139,-87899,-87539,-87299,-86939,-86699,-86339,-86099,-85739,-85499,-85139,-84899,-84539,-84299,-83939,-83699,-83339,-83099,-82739,-82499,-82139,-81899,-81539,-81299,-80939,-80699,-80339,-80099,-79739,-79499,-79139,-78899,-78539,-78299,-77939,-77699,-77339,-77099,-76739,-76499,-76139,-75899,-75539,-75299,-74939,-74699,-74339,-74099,-73739],"sog":[12.4,12.3,12.6,11.9,12.0,12.1,12.1,11.9,11.9,12.0,12.0,12.2,12.2,12.6,12.3,11.8,12.5,12.4,11.2,12.3,12.5,11.8,12.8,12.4,12.0,12.1,12.4,12.4,12.8,12.3,11.7,12.4,11.8,12.4,12.8,12.1,12.1,12.2,12.4,12.4,11.9,12.3,12.6,12.0,12.2,12.0,12.4,12.4,12.8,11.9,12.0,12.4,12.3,12.5,12.0,12.0,12.5,12.4,12.3,12.0,12.2,12.6,11.9,11.7,12.4,12.6,12.6,12.5,12.1,12.3,12.5,12.5,12.6,12.3,12.0,12.5,11.9,12.5,11.8,12.0,12.3,12.9,12.5,12.2,12.4,12.2,11.9,12.9,12.9,12.5,11.9,12.4,12.3,12.0,12.3,11.9,11.7,12.1,12.1,12.1,12.1,12.3,12.7,12.5,12.5,12.8,12.1,12.1,12.3,12.1,11.9,12.5,12.2,12.4,12.2,12.1,12.4,12.5,12.4,12.3,12.4,12.3,12.3,12.0,12.1,12.7,12.2,12.4,12.9,11.7,12.4,12.1,12.1,12.7,11.6,12.3,12.4,12.2,12.0,12.8,12.3,11.8,12.1,12.3,12.5,12.0,12.5,11.9,12.2,12.3,13.3,12.0,12.0,11.9,12.5,11.9,12.4,12.5,11.8,12.7,12.2,12.2,12.3,12.6,11.8,12.7,12.5,11.8,11.9,12.6,12.2,12.3,12.7,12.3,12.2,11.9,12.2,12.1,12.2,11.8,12.3,12.1,12.5,11.8,13.1,12.1,12.2,12.5,11.9,12.3,12.4,12.4,12.2,12.6,12.9,12.2,12.6,12.6,12.1,12.7,12.7,12.5,12.3,12.0,12.3,12.0,12.6,12.2,12.2,12.2,12.3,12.3,12.0,12.1,12.1,12.6,12.2,12.3,12.7,11.7,12.6,12.1,12.2,12.3,12.2,12.3,12.0,12.7,12.7,12.3,12.2,12.9,11.8,12.6,12.6,12.7,12.7,12.0,12.5,12.6,12.7,12.5,12.0,12.5,12.8,12.0,12.7,12.6,12.2,11.9,12.3,12.9,12.2,11.6,12.0,12.2,12.1,11.8,12.7,11.9,12.6,12.2,12.0,12.3,12.5,12.7,11.7,12.2,12.4,11.5,12.2,12.2,12.7,12.8,12.0,12.5,12.3,12.2]}},{"type":"Feature","geometry":{"type":"LineString","coordinates":[[70.7538,7.5041],[70.7567,7.5183],[70.7593,7.5322],[70.7638,7.5534],[70.7669,7.5684],[70.772,7.5897],[70.7757,7.6039],[70.7809,7.6252],[70.7843,7.6394],[70.789,7.6601],[70.7924,7.674],[70.7981,7.6952],[70.8018,7.7089],[70.8071,7.7295],[70.8111,7.7443],[70.8175,7.7645],[70.8217,7.7785],[70.828,7.7987],[70.833,7.813],[70.8388,7.8339],[70.843,7.8483],[70.849,7.8687],[70.8529,7.8827],[70.8581,7.9031],[70.8617,7.9173],[70.8675,7.9383],[70.8709,7.9523],[70.8763,7.9733],[70.8802,7.9876],[70.8865,8.0088],[70.8905,8.0231],[70.897,8.0438],[70.9012,8.0584],[70.9073,8.0787],[70.9117,8.093],[70.9178,8.1136],[70.9218,8.128],[70.9279,8.1491],[70.9319,8.1634],[70.9373,8.1843],[70.9411,8.1985],[70.946,8.219],[70.9494,8.233],[70.9543,8.254],[70.9579,8.2682],[70.9632,8.2903],[70.9666,8.3043],[70.971,8.3254],[70.9738,8.3398],[70.9785,8.3614],[70.9811,8.3753],[70.9848,8.3966],[70.9875,8.4113],[70.9913,8.4327],[70.9937,8.4472],[70.9976,8.4685],[70.9995,8.4825],[71.003,8.5044],[71.0045,8.5185],[71.0076,8.5399],[71.0095,8.554],[71.0128,8.5754],[71.015,8.5902],[71.0176,8.6111],[71.0199,8.6254],[71.0224,8.6471],[71.0245,8.6613],[71.0276,8.6832],[71.0298,8.6975],[71.0328,8.7188],[71.0354,8.7332],[71.0387,8.7539],[71.0406,8.7687],[71.0438,8.7898],[71.0462,8.8045],[71.0492,8.8254],[71.0509,8.8398],[71.0536,8.8607],[71.0561,8.8748],[71.0593,8.8965],[71.0622,8.9106],[71.0657,8.9318],[71.0682,8.9459],[71.0725,8.9673],[71.0746,8.9812],[71.0789,9.0025],[71.082,9.0173],[71.0865,9.0389],[71.0891,9.0536],[71.0934,9.0749],[71.0959,9.0896],[71.1005,9.1111],[71.1031,9.1255],[71.1067,9.1466],[71.1091,9.1609],[71.113,9.1825],[71.1161,9.1967],[71.1197,9.2183],[71.1227,9.2328],[71.1262,9.2537],[71.1291,9.2684],[71.1326,9.2899],[71.1352,9.3041],[71.1384,9.3253],[71.1405,9.3393],[71.144,9.3605],[71.1463,9.3752],[71.1502,9.3966],[71.1533,9.4109],[71.1573,9.4323],[71.1601,9.4466],[71.164,9.468],[71.1665,9.4824],[71.1705,9.5042],[71.1729,9.5185],[71.1762,9.5392],[71.1787,9.5534],[71.1815,9.5751],[71.1838,9.5893],[71.1869,9.6109],[71.189,9.6249],[71.1912,9.6469],[71.1931,9.6611],[71.1958,9.6826],[71.1975,9.6974],[71.2002,9.7191],[71.202,9.7338],[71.2046,9.7551],[71.2061,9.7698],[71.2086,9.7919],[71.21,9.806],[71.212,9.8271],[71.2136,9.8416],[71.2157,9.8633],[71.2167,9.8783],[71.2185,9.8998],[71.2194,9.9146],[71.2204,9.9366],[71.2214,9.9509],[71.2225,9.9726],[71.223,9.9872],[71.224,10.0082],[71.2254,10.0226],[71.2272,10.0446],[71.2282,10.0585],[71.2298,10.0808],[71.2307,10.0954],[71.2327,10.1175],[71.2342,10.1312],[71.2355,10.1529],[71.2366,10.1675],[71.2381,10.1895],[71.2393,10.204],[71.2408,10.2255],[71.2419,10.2404],[71.2438,10.2621],[71.2445,10.2766],[71.2462,10.2984],[71.2474,10.3123],[71.2497,10.3341],[71.2512,10.3478],[71.2534,10.3694],[71.2553,10.384],[71.2576,10.4051],[71.2591,10.4195],[71.2617,10.4417],[71.2633,10.4561],[71.2657,10.4783],[71.2668,10.4927],[71.2689,10.5148],[71.2707,10.529],[71.2727,10.551],[71.2737,10.5651],[71.2755,10.5864],[71.2768,10.6008],[71.2786,10.622],[71.2796,10.6367],[71.2814,10.6576],[71.2831,10.6724],[71.2855,10.6943],[71.287,10.7083],[71.289,10.7298],[71.2905,10.7441],[71.2928,10.7655],[71.294,10.7806],[71.2963,10.8017],[71.2976,10.8157],[71.2994,10.8376],[71.3008,10.8522],[71.3031,10.8739],[71.3046,10.8887],[71.3067,10.9102],[71.3079,10.9243],[71.31,10.9458],[71.3116,10.9601],[71.3137,10.9816],[71.3152,10.996],[71.3176,11.0181],[71.3188,11.0319],[71.3211,11.0535],[71.3224,11.0677],[71.3248,11.0893],[71.3267,11.1038],[71.3285,11.1259],[71.3301,11.1402],[71.3328,11.1621],[71.3349,11.1763],[71.3373,11.1975],[71.3391,11.2128],[71.3415,11.2341],[71.3429,11.2485],[71.3452,11.2705],[71.3469,11.2844],[71.3491,11.3066],[71.351,11.3208],[71.354,11.3424],[71.3556,11.3565],[71.3583,11.3779],[71.3598,11.3926],[71.3627,11.4145],[71.365,11.4291],[71.3678,11.4502],[71.37,11.4649],[71.3737,11.4866],[71.3757,11.5011],[71.3797,11.5225],[71.3825,11.5369],[71.3862,11.5585],[71.3889,11.5729],[71.3918,11.5946],[71.3938,11.6087],[71.3962,11.63],[71.3981,11.6447],[71.4007,11.6661],[71.402,11.6803],[71.4046,11.7018],[71.4058,11.7164],[71.4079,11.738],[71.4095,11.7525],[71.4115,11.774],[71.4132,11.7882],[71.4156,11.81],[71.4169,11.824],[71.4198,11.8461],[71.4212,11.8607],[71.4238,11.8824],[71.4253,11.8967],[71.4271,11.9182],[71.4288,11.9327],[71.4304,11.9542],[71.4314,11.9689],[71.4326,11.9901],[71.4333,12.0045],[71.435,12.0259],[71.4355,12.0411],[71.4364,12.0631],[71.4368,12.0777],[71.4375,12.0997],[71.4378,12.1145],[71.4383,12.136],[71.4381,12.1511],[71.4382,12.1726],[71.4378,12.1871],[71.4378,12.2087],[71.4377,12.2229],[71.438,12.245],[71.438,12.2591],[71.4379,12.2803],[71.4382,12.2951],[71.4381,12.3163],[71.4383,12.3311],[71.4381,12.3527],[71.4381,12.3675],[71.4382,12.3895],[71.4383,12.4039],[71.4384,12.4255],[71.4389,12.4398],[71.4398,12.462],[71.4406,12.4761],[71.4414,12.4981],[71.4419,12.5126],[71.4429,12.5343],[71.4435,12.5486],[71.4439,12.5697],[71.4443,12.5846],[71.4447,12.6062],[71.4444,12.6206],[71.4452,12.642],[71.4455,12.6566],[71.4463,12.6789],[71.4469,12.6933],[71.4477,12.7152],[71.4484,12.7298],[71.4497,12.751],[71.4504,12.7652],[71.4522,12.7872],[71.4527,12.8015],[71.4543,12.8233],[71.4553,12.838],[71.456,12.859],[71.4567,12.8734],[71.4569,12.8957],[71.4575,12.9101],[71.4578,12.9321],[71.4578,12.946],[71.4583,12.9687],[71.4587,12.9834],[71.4593,13.0046],[71.4594,13.0198],[71.46,13.0409],[71.46,13.0552],[71.4606,13.0769],[71.4607,13.0916],[71.4615,13.1127],[71.4625,13.1277],[71.4637,13.1503],[71.4647,13.1648],[71.4658,13.1864],[71.4662,13.2011],[71.4672,13.2233],[71.4683,13.2378],[71.4693,13.2598],[71.4704,13.2743],[71.4717,13.2971],[71.4728,13.3108],[71.4753,13.3325],[71.476,13.347],[71.4779,13.369],[71.4787,13.3835],[71.4801,13.4053],[71.4806,13.4195],[71.4818,13.4408],[71.4822,13.4559],[71.483,13.4777],[71.4837,13.4925],[71.4853,13.5137],[71.4861,13.5281],[71.4878,13.5501],[71.4888,13.564],[71.4907,13.5857],[71.4917,13.6006],[71.4929,13.622],[71.494,13.6367],[71.4954,13.6587],[71.4962,13.6729],[71.4979,13.6943],[71.4992,13.7089],[71.5003,13.7308],[71.5009,13.7453],[71.5017,13.7672],[71.5022,13.7816],[71.5025,13.8036],[71.5029,13.8188],[71.5032,13.8407],[71.5034,13.8551],[71.5036,13.8769],[71.5035,13.8916],[71.5032,13.9132],[71.5033,13.9278],[71.5033,13.95],[71.5032,13.9643],[71.5023,13.9862],[71.5019,14.0009],[71.5016,14.0228],[71.5018,14.0372],[71.5013,14.0595],[71.5012,14.0743],[71.5007,14.0965],[71.5002,14.111],[71.4996,14.1326],[71.4992,14.1473],[71.4988,14.1686],[71.4983,14.1835],[71.498,14.2051],[71.498,14.2195],[71.498,14.2413],[71.498,14.2558],[71.4973,14.2777],[71.4975,14.2924],[71.4972,14.3143],[71.4973,14.3285],[71.4967,14.3503],[71.4969,14.364],[71.4966,14.3853],[71.4963,14.4],[71.4964,14.4217],[71.4966,14.4365],[71.4972,14.4586],[71.4975,14.4729],[71.498,14.4948],[71.4982,14.5094],[71.4987,14.5318],[71.4993,14.546],[71.4999,14.568],[71.5003,14.5823],[71.5009,14.6042],[71.5011,14.6186],[71.5021,14.6401],[71.5025,14.6551],[71.5031,14.6774],[71.5038,14.6919],[71.5042,14.7134],[71.5048,14.7282],[71.5053,14.7498],[71.5058,14.765],[71.5063,14.7861],[71.506,14.8007],[71.5064,14.8216],[71.5065,14.8361],[71.5067,14.8575],[71.5072,14.8718],[71.5075,14.8933],[71.5073,14.908],[71.507,14.93],[71.5065,14.9448],[71.5056,14.9663],[71.5051,14.9808],[71.5044,15.0026],[71.5039,15.0174],[71.5029,15.0392],[71.5024,15.0539],[71.5017,15.0757],[71.5012,15.0902],[71.5009,15.1123],[71.5003,15.1267],[71.4995,15.149],[71.4993,15.1637],[71.4984,15.1855],[71.498,15.2002],[71.4967,15.2219],[71.496,15.2364],[71.4953,15.2584],[71.4947,15.2732],[71.4934,15.2948],[71.4924,15.3093],[71.4911,15.3314],[71.4901,15.3459],[71.488,15.3671],[71.4869,15.3816],[71.4849,15.4032],[71.4835,15.4178],[71.4826,15.4391],[71.4818,15.4543],[71.4804,15.4758],[71.4791,15.4901],[71.4768,15.5117],[71.4756,15.5262],[71.4736,15.5481],[71.472,15.5624],[71.4694,15.5836],[71.4676,15.5978],[71.4646,15.62],[71.4627,15.6347],[71.4602,15.6557],[71.4584,15.6705],[71.4567,15.6918],[71.4553,15.7066],[71.4537,15.7288],[71.4526,15.743],[71.4513,15.7654],[71.4501,15.7798],[71.4481,15.8008],[71.4466,15.8152],[71.4447,15.8366],[71.4432,15.8518],[71.4406,15.8739],[71.4389,15.8881],[71.4362,15.91],[71.4347,15.9242],[71.4316,15.9454],[71.4298,15.9596],[71.4271,15.9817],[71.4255,15.996],[71.4234,16.0179],[71.4218,16.0321],[71.4204,16.0534],[71.4198,16.0678],[71.4187,16.0891],[71.4177,16.1033],[71.4164,16.1242],[71.4153,16.1386],[71.4135,16.1611],[71.413,16.1757],[71.4119,16.1968],[71.4108,16.2117],[71.4097,16.2339],[71.4093,16.248],[71.4085,16.2701],[71.4088,16.2846],[71.408,16.3062],[71.4082,16.3215],[71.4078,16.343],[71.4076,16.3579],[71.4079,16.3798],[71.408,16.3945],[71.4084,16.4169],[71.4084,16.4311],[71.4083,16.4529],[71.4081,16.4678],[71.408,16.4902],[71.4076,16.5049],[71.4072,16.5267],[71.4065,16.5414],[71.4053,16.5628],[71.4048,16.5776],[71.4044,16.5997],[71.4042,16.614],[71.4038,16.636],[71.4039,16.6502],[71.4029,16.6718],[71.403,16.6862],[71.4026,16.7079],[71.4027,16.7223],[71.4026,16.7436],[71.4028,16.7575],[71.4035,16.7794],[71.4039,16.794],[71.4052,16.8161],[71.4056,16.8305],[71.4069,16.853],[71.4079,16.8671],[71.4088,16.8885],[71.4098,16.9027],[71.4114,16.9253],[71.4125,16.9395]]},"properties":{"mmsi":997120441,"name":"SYN-CAR-DCY1","role":"candidate","vessel_type":70,"synthetic":true,"t_offset_s":[-70680,-70440,-70200,-69840,-69600,-69240,-69000,-68640,-68400,-68040,-67800,-67440,-67200,-66840,-66600,-66240,-66000,-65640,-65400,-65040,-64800,-64440,-64200,-63840,-63600,-63240,-63000,-62640,-62400,-62040,-61800,-61440,-61200,-60840,-60600,-60240,-60000,-59640,-59400,-59040,-58800,-58440,-58200,-57840,-57600,-57240,-57000,-56640,-56400,-56040,-55800,-55440,-55200,-54840,-54600,-54240,-54000,-53640,-53400,-53040,-52800,-52440,-52200,-51840,-51600,-51240,-51000,-50640,-50400,-50040,-49800,-49440,-49200,-48840,-48600,-48240,-48000,-47640,-47400,-47040,-46800,-46440,-46200,-45840,-45600,-45240,-45000,-44640,-44400,-44040,-43800,-43440,-43200,-42840,-42600,-42240,-42000,-41640,-41400,-41040,-40800,-40440,-40200,-39840,-39600,-39240,-39000,-38640,-38400,-38040,-37800,-37440,-37200,-36840,-36600,-36240,-36000,-35640,-35400,-35040,-34800,-34440,-34200,-33840,-33600,-33240,-33000,-32640,-32400,-32040,-31800,-31440,-31200,-30840,-30600,-30240,-30000,-29640,-29400,-29040,-28800,-28440,-28200,-27840,-27600,-27240,-27000,-26640,-26400,-26040,-25800,-25440,-25200,-24840,-24600,-24240,-24000,-23640,-23400,-23040,-22800,-22440,-22200,-21840,-21600,-21240,-21000,-20640,-20400,-20040,-19800,-19440,-19200,-18840,-18600,-18240,-18000,-17640,-17400,-17040,-16800,-16440,-16200,-15840,-15600,-15240,-15000,-14640,-14400,-14040,-13800,-13440,-13200,-12840,-12600,-12240,-12000,-11640,-11400,-11040,-10800,-10440,-10200,-9840,-9600,-9240,-9000,-8640,-8400,-8040,-7800,-7440,-7200,-6840,-6600,-6240,-6000,-5640,-5400,-5040,-4800,-4440,-4200,-3840,-3600,-3240,-3000,-2640,-2400,-2040,-1800,-1440,-1200,-840,-600,-240,0,360,600,960,1200,1560,1800,2160,2400,2760,3000,3360,3600,3960,4200,4560,4800,5160,5400,5760,6000,6360,6600,6960,7200,7560,7800,8160,8400,8760,9000,9360,9600,9960,10200,10560,10800,11160,11400,11760,12000,12360,12600,12960,13200,13560,13800,14160,14400,14760,15000,15360,15600,15960,16200,16560,16800,17160,17400,17760,18000,18360,18600,18960,19200,19560,19800,20160,20400,20760,21000,21360,21600,21960,22200,22560,22800,23160,23400,23760,24000,24360,24600,24960,25200,25560,25800,26160,26400,26760,27000,27360,27600,27960,28200,28560,28800,29160,29400,29760,30000,30360,30600,30960,31200,31560,31800,32160,32400,32760,33000,33360,33600,33960,34200,34560,34800,35160,35400,35760,36000,36360,36600,36960,37200,37560,37800,38160,38400,38760,39000,39360,39600,39960,40200,40560,40800,41160,41400,41760,42000,42360,42600,42960,43200,43560,43800,44160,44400,44760,45000,45360,45600,45960,46200,46560,46800,47160,47400,47760,48000,48360,48600,48960,49200,49560,49800,50160,50400,50760,51000,51360,51600,51960,52200,52560,52800,53160,53400,53760,54000,54360,54600,54960,55200,55560,55800,56160,56400,56760,57000,57360,57600,57960,58200,58560,58800,59160,59400,59760,60000,60360,60600,60960,61200,61560,61800,62160,62400,62760,63000,63360,63600,63960,64200,64560,64800,65160,65400,65760,66000,66360,66600,66960,67200,67560,67800,68160,68400,68760,69000,69360,69600,69960,70200,70560,70800,71160,71400,71760,72000,72360,72600,72960,73200,73560,73800,74160,74400,74760,75000,75360,75600,75960,76200,76560,76800,77160,77400,77760,78000,78360,78600,78960,79200,79560,79800,80160,80400,80760,81000,81360,81600,81960,82200,82560,82800,83160,83400,83760,84000,84360,84600,84960,85200,85560,85800,86160,86400],"sog":[13.1,12.8,13.0,12.9,13.6,13.4,13.1,12.9,13.1,12.7,13.1,12.5,12.9,13.1,14.0,12.8,12.9,12.8,13.3,13.5,13.0,12.9,13.0,12.9,12.7,13.3,12.9,13.0,13.4,13.5,13.4,12.9,13.3,12.8,12.5,13.0,13.1,13.3,12.8,12.7,12.8,12.9,12.9,12.9,13.5,13.3,12.8,12.6,13.0,13.0,13.1,13.0,13.3,13.0,12.7,13.0,12.5,12.8,13.0,12.9,12.6,12.6,13.6,12.9,13.0,12.5,13.6,12.9,13.1,12.8,12.5,13.0,12.9,12.7,12.7,12.9,12.7,12.8,13.4,13.0,12.6,12.9,12.9,12.7,12.7,12.9,13.1,13.0,13.3,13.1,13.4,12.8,13.5,12.3,13.1,13.1,13.1,12.9,13.0,12.8,13.2,13.0,13.1,12.6,12.5,12.9,13.4,12.8,13.4,12.7,13.0,12.9,12.5,13.1,13.3,12.6,13.0,13.7,13.0,13.5,12.8,12.9,12.9,12.7,13.5,12.7,13.2,13.0,13.4,13.4,12.7,12.3,12.2,13.4,13.1,13.4,13.5,13.2,12.8,13.5,13.0,12.6,13.1,12.9,12.8,13.0,13.0,13.1,12.4,12.7,13.0,12.9,13.0,12.9,12.9,13.0,12.6,12.9,12.9,12.6,12.5,12.5,13.1,12.6,13.0,13.3,13.1,13.0,12.7,12.6,12.8,13.0,12.4,12.9,12.7,12.8,13.2,12.6,13.0,13.2,12.6,13.1,13.4,13.1,13.3,12.5,12.4,12.6,12.7,12.9,13.2,13.1,12.7,13.3,12.7,12.8,12.9,12.8,12.3,13.2,12.6,13.0,13.3,13.0,12.8,13.5,12.7,12.9,13.5,12.7,13.2,12.9,13.1,13.0,12.6,13.4,12.8,12.7,12.9,12.8,13.3,13.0,13.1,13.6,12.4,13.1,12.7,13.1,13.3,13.1,12.8,12.8,12.8,13.5,13.1,13.1,13.1,13.1,12.8,13.2,13.1,12.8,12.9,13.4,13.0,12.9,13.1,13.0,13.0,12.4,13.5,12.7,12.7,13.4,13.7,13.1,12.8,13.5,13.6,13.6,12.9,12.5,12.7,13.0,12.3,13.1,12.6,12.7,13.0,13.3,13.2,12.8,12.8,13.2,12.5,12.8,12.9,13.2,13.4,13.1,12.7,12.9,13.1,12.7,13.2,12.7,13.2,12.6,13.4,13.3,12.9,12.8,12.9,13.1,12.3,13.6,12.4,13.4,12.9,12.8,13.1,13.0,12.9,13.4,12.9,13.3,13.1,12.6,13.1,12.7,13.0,12.6,13.5,12.5,13.4,13.9,12.7,12.8,13.0,13.0,13.3,13.2,13.7,13.4,12.9,13.1,13.3,13.0,12.8,12.7,13.1,12.9,13.2,13.8,13.1,12.9,12.7,13.1,12.4,12.4,13.0,13.1,13.6,13.3,13.1,13.1,12.6,13.4,13.1,13.3,12.6,13.4,13.2,12.6,13.2,13.3,12.8,12.9,13.5,12.9,12.9,13.1,13.3,13.1,13.1,13.7,13.0,13.5,13.2,12.9,13.3,13.1,13.5,13.1,13.0,12.7,13.2,13.1,12.7,12.7,13.1,13.1,12.0,12.6,12.9,13.5,12.9,13.2,13.1,13.2,12.5,13.0,12.7,13.1,12.8,13.2,13.1,12.5,13.2,13.4,12.9,12.9,13.1,12.9,13.2,13.4,13.3,12.5,12.5,13.0,12.8,12.9,13.1,13.3,13.3,12.8,13.1,13.2,13.3,13.0,13.3,13.7,12.4,13.2,12.9,13.0,13.4,12.8,13.0,13.0,12.7,13.3,13.5,13.4,13.0,13.1,12.9,12.7,12.6,12.9,13.3,12.9,13.2,12.6,12.7,13.1,13.2,12.9,13.1,12.8,12.9,13.2,13.3,12.7,13.1,12.8,13.5,13.1,12.8,12.9,12.8,12.6,12.7,13.4,13.3,13.6,13.2,12.9,12.8,12.8,13.0,13.1,13.4,13.1,12.4,13.3,12.5,12.9,13.1,12.6,12.6,13.5,13.3,12.9,13.0,12.9,12.7,12.6,12.7,13.3,13.5,13.3,13.4,13.0,13.0,13.1,13.3,12.9,13.7,13.2,13.3,13.3,12.7,12.5,13.3,13.1,12.7,12.6,12.9,13.5,13.4,13.0,13.3,12.6,12.6,12.6,13.4,13.5,13.4,13.0,12.5,12.4,12.9,13.4,13.2]}},{"type":"Feature","geometry":{"type":"LineString","coordinates":[[75.0886,11.5838],[75.0941,11.5838],[75.0984,11.5852],[75.102,11.5904],[75.1052,11.5932],[75.1119,11.5938],[75.1147,11.5912],[75.1175,11.5856],[75.1214,11.5829],[75.1277,11.582],[75.1322,11.5798],[75.1365,11.5797],[75.1395,11.5807],[75.1442,11.5845],[75.1475,11.5857],[75.1516,11.5876],[75.1561,11.5873],[75.1588,11.5824],[75.1625,11.5809],[75.1704,11.5815],[75.1738,11.5793],[75.1791,11.5766],[75.1824,11.5781],[75.1879,11.5836],[75.1931,11.585],[75.1992,11.5848],[75.2019,11.5858],[75.2063,11.5898],[75.2096,11.5924],[75.2155,11.5972],[75.2186,11.6008],[75.2189,11.6057],[75.2185,11.6082],[75.223,11.608],[75.2237,11.6045],[75.2246,11.5995],[75.2236,11.596],[75.2296,11.5922],[75.2346,11.5888],[75.2382,11.5862],[75.2438,11.5876],[75.2483,11.5929],[75.2536,11.5944],[75.2586,11.5962],[75.2604,11.5999],[75.2644,11.6054],[75.2672,11.6082],[75.2724,11.606],[75.2728,11.6024],[75.2767,11.5963],[75.2811,11.5913],[75.2854,11.5946],[75.2861,11.598],[75.2908,11.5993],[75.2932,11.5965],[75.2914,11.5907],[75.2898,11.5868],[75.2882,11.5819],[75.2879,11.5781],[75.2863,11.572],[75.2848,11.5688],[75.281,11.5652],[75.2791,11.561],[75.2748,11.5551],[75.273,11.5506],[75.2684,11.5478],[75.2682,11.5443],[75.267,11.5367],[75.2642,11.5351],[75.2581,11.5337],[75.2538,11.5325],[75.2485,11.5304],[75.2457,11.5322],[75.2383,11.5311],[75.2366,11.5303],[75.2306,11.5264],[75.2261,11.5252],[75.2211,11.5218],[75.2176,11.5216],[75.2126,11.5171],[75.2101,11.5145],[75.2056,11.5121],[75.2014,11.512],[75.195,11.5151],[75.1932,11.5179],[75.1966,11.5252],[75.1977,11.5286],[75.2008,11.5335],[75.2042,11.5346],[75.2103,11.534],[75.2137,11.5331],[75.2205,11.5321],[75.224,11.5334],[75.2292,11.5323],[75.2334,11.5305],[75.2419,11.5314],[75.2454,11.5342],[75.2488,11.5395],[75.2534,11.5412],[75.2587,11.5397],[75.2617,11.5386],[75.2678,11.5401],[75.271,11.5385],[75.2751,11.534],[75.2768,11.5284],[75.2809,11.5235],[75.2819,11.5184],[75.2813,11.5123],[75.2816,11.507],[75.2806,11.503],[75.2813,11.5009],[75.2782,11.4947],[75.2782,11.4911],[75.273,11.4882],[75.269,11.4886],[75.2628,11.486],[75.2611,11.4813],[75.2644,11.475],[75.265,11.4712],[75.2707,11.4694],[75.2738,11.4691],[75.28,11.4656],[75.2847,11.4636],[75.2898,11.4608],[75.2941,11.4584],[75.2991,11.4531],[75.3005,11.4502],[75.3007,11.4438],[75.3003,11.4394],[75.3012,11.4318],[75.3023,11.4272],[75.3078,11.4232],[75.3069,11.4205],[75.3044,11.4142],[75.3017,11.4092],[75.2968,11.408],[75.2938,11.4091],[75.287,11.4103],[75.2833,11.4124],[75.2779,11.4168],[75.2729,11.4201],[75.2669,11.4221],[75.263,11.4236],[75.2582,11.4181],[75.2589,11.414],[75.2642,11.4108],[75.2656,11.4069],[75.2676,11.4003],[75.269,11.3961],[75.2709,11.3912],[75.2751,11.3934],[75.2781,11.4011],[75.2774,11.405],[75.2809,11.4096],[75.2836,11.4134],[75.2883,11.4179],[75.2899,11.4212],[75.2886,11.4278],[75.2856,11.4303],[75.2791,11.4328],[75.2779,11.4367],[75.2798,11.4421],[75.281,11.4457],[75.2882,11.4479],[75.2916,11.4494],[75.2934,11.4546],[75.2938,11.4591],[75.2988,11.4654],[75.3018,11.464],[75.309,11.4656],[75.3124,11.4702],[75.3112,11.4771],[75.3091,11.4811],[75.3025,11.4816],[75.3006,11.4833],[75.3018,11.4885],[75.3014,11.4931],[75.2961,11.4985],[75.292,11.4977],[75.2877,11.495],[75.2836,11.4934],[75.2776,11.4928],[75.2739,11.4893],[75.2731,11.483],[75.2757,11.4795],[75.2785,11.4751],[75.2811,11.4718],[75.2866,11.4681],[75.2909,11.467],[75.2921,11.4613],[75.2958,11.4591],[75.3022,11.4575],[75.3054,11.459],[75.3099,11.4658],[75.3107,11.4708],[75.3059,11.4753],[75.3018,11.474],[75.2977,11.47],[75.2938,11.4688],[75.2879,11.4694],[75.2855,11.4671],[75.2816,11.4631],[75.2792,11.46],[75.2775,11.4556],[75.2744,11.4532],[75.2687,11.4497],[75.268,11.4456],[75.2711,11.4401],[75.2718,11.4351],[75.2693,11.429],[75.2649,11.4272],[75.263,11.4225],[75.2593,11.4204],[75.2593,11.4151],[75.2567,11.411],[75.2545,11.4039],[75.2546,11.4007],[75.2569,11.3947],[75.2603,11.3924],[75.2623,11.3888],[75.2584,11.3838],[75.2515,11.3824],[75.2492,11.3858],[75.2438,11.3894],[75.2392,11.3875],[75.2344,11.3844],[75.2301,11.3827],[75.2247,11.3863],[75.2207,11.3897],[75.2152,11.3856],[75.2131,11.3816],[75.2147,11.3749],[75.2141,11.371],[75.2124,11.3663],[75.2117,11.3623],[75.2129,11.3566],[75.2129,11.3533],[75.2066,11.3509],[75.2051,11.3494],[75.2041,11.3431],[75.2073,11.3397],[75.2141,11.3356],[75.2163,11.3314],[75.2184,11.3275],[75.2216,11.3257],[75.2227,11.3213],[75.2274,11.3207],[75.2332,11.323],[75.2359,11.3268],[75.2321,11.3347],[75.2282,11.3362],[75.2255,11.341],[75.2213,11.3421],[75.2166,11.3451],[75.2137,11.3482],[75.2143,11.3542],[75.2172,11.3605],[75.2127,11.3647],[75.208,11.3637],[75.2021,11.3613],[75.1987,11.3595],[75.193,11.3534],[75.1904,11.3498],[75.1882,11.3456],[75.1882,11.3399],[75.1919,11.3347],[75.1955,11.3359],[75.2013,11.3349],[75.2065,11.3323],[75.2118,11.3302],[75.2133,11.325],[75.2125,11.319],[75.2099,11.3167],[75.2033,11.3147],[75.1998,11.3158],[75.1939,11.3128],[75.1898,11.3099],[75.187,11.3066],[75.1821,11.3054],[75.1761,11.3027],[75.1738,11.3046],[75.1691,11.3091],[75.1673,11.3127],[75.1633,11.319],[75.1636,11.323],[75.1608,11.328],[75.157,11.3301],[75.1511,11.331],[75.1476,11.3328],[75.1469,11.3387],[75.143,11.3408],[75.1379,11.3438],[75.1338,11.3449],[75.129,11.346],[75.1249,11.3492],[75.1205,11.3526],[75.1168,11.3521],[75.1098,11.3549],[75.1063,11.3578],[75.103,11.3638],[75.1017,11.3676],[75.101,11.372],[75.0982,11.3767],[75.0973,11.3851],[75.0949,11.3888],[75.0916,11.3954],[75.0904,11.3988],[75.0926,11.4057],[75.0947,11.4104],[75.1018,11.4111],[75.1058,11.4138],[75.1114,11.4187],[75.1163,11.4197],[75.122,11.4216],[75.1234,11.4268],[75.1214,11.432],[75.1191,11.4369],[75.1124,11.4402],[75.1088,11.4379],[75.105,11.4331],[75.1061,11.429],[75.111,11.4279],[75.1149,11.4277],[75.1215,11.4264],[75.1263,11.4238],[75.1305,11.4208],[75.1308,11.417],[75.134,11.4135],[75.139,11.4127],[75.1454,11.411],[75.1494,11.4089],[75.1535,11.408],[75.1583,11.4085],[75.1628,11.4068],[75.1647,11.4045],[75.1717,11.4028],[75.1739,11.4009],[75.1775,11.3983],[75.1827,11.4019],[75.1862,11.4056],[75.1842,11.4103],[75.1896,11.4123],[75.1929,11.4123],[75.1984,11.4165],[75.1995,11.4188],[75.1993,11.4261],[75.2017,11.4298],[75.2053,11.4348],[75.2081,11.4387],[75.2094,11.4452],[75.2075,11.4493],[75.205,11.4548],[75.2009,11.4585],[75.1951,11.4604],[75.1896,11.4613],[75.1843,11.4619],[75.1816,11.4622],[75.1755,11.4666],[75.1719,11.468],[75.1656,11.4712],[75.1622,11.475],[75.16,11.4795],[75.1613,11.4812],[75.162,11.4864],[75.161,11.4899],[75.1591,11.4953],[75.1564,11.497],[75.1493,11.4981],[75.1457,11.4977],[75.1382,11.5002],[75.1338,11.5034],[75.1281,11.5061],[75.1246,11.507],[75.1195,11.5033],[75.1171,11.5001],[75.1216,11.4962],[75.1254,11.4931],[75.1318,11.4907],[75.1326,11.488],[75.1319,11.483],[75.1337,11.4786],[75.1321,11.4741],[75.129,11.469],[75.1279,11.4608],[75.1311,11.4598],[75.1352,11.4587],[75.1392,11.4575],[75.1444,11.4529],[75.1451,11.4472],[75.1491,11.4444],[75.153,11.4437],[75.1573,11.4487],[75.1623,11.4502],[75.1648,11.4447],[75.1649,11.4414],[75.1662,11.4358],[75.1683,11.4304],[75.1692,11.4237],[75.1717,11.4213],[75.1784,11.4196],[75.1815,11.4207],[75.1867,11.4248],[75.1892,11.428],[75.1918,11.4327],[75.1898,11.4358],[75.187,11.4419],[75.1876,11.447],[75.1903,11.4525],[75.1901,11.4558],[75.19,11.4645],[75.1906,11.4676],[75.1937,11.4722],[75.195,11.4746],[75.1978,11.481],[75.2005,11.4839],[75.2061,11.4881],[75.2072,11.4922],[75.2085,11.4972],[75.212,11.4975],[75.2157,11.4977],[75.2191,11.4999],[75.2239,11.5051],[75.225,11.5108],[75.2189,11.5145],[75.2144,11.5154],[75.2104,11.5207],[75.2087,11.5253],[75.2068,11.5322],[75.2091,11.5351],[75.2149,11.5336],[75.2185,11.5312],[75.2265,11.5305],[75.2309,11.5316],[75.236,11.5289],[75.2366,11.5239],[75.234,11.5179],[75.2322,11.5133],[75.23,11.5067],[75.2302,11.5032],[75.2303,11.4974],[75.2331,11.4929],[75.2316,11.4875],[75.2311,11.483],[75.2323,11.4769],[75.2331,11.4725],[75.2304,11.4667],[75.2277,11.4632],[75.2245,11.4556],[75.2265,11.4514],[75.2294,11.4467],[75.2346,11.4449],[75.2381,11.4409],[75.2363,11.4378],[75.2299,11.4381],[75.2288,11.4335],[75.229,11.4275],[75.2271,11.4239],[75.2268,11.4189],[75.2282,11.414],[75.2246,11.4083],[75.2203,11.4061],[75.2134,11.4056],[75.2094,11.4036],[75.2051,11.4006],[75.2024,11.4017],[75.2012,11.4062],[75.1973,11.4071],[75.1937,11.4063],[75.1909,11.4033],[75.1883,11.3967],[75.1857,11.3932],[75.1812,11.3882],[75.1782,11.3852],[75.1736,11.3807],[75.169,11.3803],[75.163,11.3804],[75.1598,11.3786],[75.1551,11.3777],[75.152,11.3726],[75.1484,11.37],[75.1435,11.3683],[75.1393,11.3643],[75.1333,11.3644],[75.1296,11.3675],[75.1265,11.3692],[75.1213,11.3706],[75.1182,11.369],[75.1117,11.3685],[75.1064,11.3677],[75.1023,11.3709],[75.0985,11.3744],[75.0941,11.3781],[75.0932,11.3823],[75.0926,11.3883],[75.0912,11.3911],[75.088,11.3954],[75.0873,11.3997],[75.0888,11.406],[75.0881,11.4093],[75.0897,11.4144],[75.0934,11.4171],[75.1012,11.4163],[75.1048,11.4106],[75.1026,11.4047],[75.0999,11.4014],[75.0968,11.3968],[75.0959,11.3926],[75.0904,11.3867],[75.0869,11.3877],[75.081,11.3896],[75.0767,11.39],[75.07,11.391],[75.0693,11.3873],[75.0736,11.3861],[75.079,11.3839],[75.0806,11.3797],[75.0803,11.3746],[75.0782,11.3685],[75.077,11.3638],[75.0763,11.3572],[75.0764,11.3534],[75.0726,11.3479],[75.0718,11.3439],[75.0705,11.3384],[75.0712,11.3343],[75.0673,11.3311],[75.0628,11.3301],[75.0582,11.3284],[75.0543,11.3266],[75.0495,11.3205],[75.0464,11.3192],[75.0402,11.3154],[75.0346,11.3145],[75.0295,11.3119],[75.0251,11.3116],[75.0186,11.311],[75.0154,11.3108],[75.009,11.3091],[75.0086,11.3064],[75.0132,11.3031],[75.0169,11.303],[75.0234,11.3028],[75.0268,11.3026],[75.0336,11.3028],[75.0369,11.3057],[75.0427,11.3118],[75.045,11.3148],[75.0521,11.3176],[75.0571,11.3181],[75.0654,11.3193],[75.0673,11.3225],[75.0681,11.3291],[75.0684,11.3334],[75.0728,11.3382],[75.0752,11.3402],[75.0728,11.345],[75.0715,11.3484],[75.0678,11.3535],[75.0635,11.3523],[75.057,11.3552],[75.0544,11.3559],[75.0522,11.3501],[75.0515,11.3458],[75.0509,11.3403],[75.047,11.3369],[75.0409,11.3345],[75.0389,11.3305],[75.0361,11.324],[75.0352,11.3206],[75.0311,11.3177],[75.028,11.32],[75.0241,11.3229],[75.0207,11.3216],[75.014,11.3198],[75.0109,11.3153],[75.0041,11.3129],[75.0009,11.3091],[74.9962,11.3018],[74.9988,11.299],[75.0021,11.2935],[75.0022,11.2905],[75.0061,11.2856],[75.009,11.2843],[75.0131,11.28],[75.0174,11.278],[75.0235,11.2773],[75.0276,11.2764],[75.0342,11.2737],[75.0333,11.2691],[75.0273,11.2648],[75.0231,11.2637],[75.0183,11.2596],[75.0191,11.2543],[75.021,11.2506],[75.0238,11.247],[75.0267,11.2416],[75.028,11.2391],[75.0328,11.2384],[75.0395,11.2404],[75.0443,11.238],[75.0464,11.2339],[75.0504,11.2315],[75.0528,11.2287],[75.0587,11.2263],[75.0623,11.2244],[75.0685,11.2241],[75.0721,11.2246],[75.078,11.2266],[75.083,11.2274],[75.0885,11.2315],[75.0918,11.2322],[75.0954,11.2265],[75.0996,11.2254],[75.1062,11.2232],[75.1113,11.2224],[75.1168,11.2193],[75.1204,11.2186],[75.126,11.2195],[75.1308,11.2204],[75.1355,11.2218],[75.1379,11.2226],[75.1429,11.2282],[75.1419,11.233],[75.1416,11.2401],[75.1389,11.2382],[75.1323,11.2352],[75.131,11.2332],[75.1316,11.2281],[75.1327,11.2236],[75.1378,11.2222],[75.1422,11.2221],[75.1467,11.2235],[75.1465,11.2286],[75.1423,11.2353],[75.1418,11.239],[75.138,11.2444],[75.1364,11.2484],[75.1349,11.253],[75.1359,11.257],[75.14,11.2595],[75.1424,11.2615],[75.1482,11.2633],[75.1519,11.2614],[75.1541,11.2565],[75.1566,11.2542],[75.1569,11.2483],[75.1572,11.2438],[75.1617,11.2395],[75.1657,11.2383],[75.171,11.2412],[75.174,11.2436],[75.1795,11.2476],[75.1797,11.2522],[75.1739,11.2556],[75.1701,11.2542],[75.1659,11.2528],[75.1607,11.2518],[75.1529,11.2519],[75.1506,11.2544],[75.1466,11.2592],[75.1432,11.2588],[75.1394,11.2517],[75.1398,11.2486],[75.1372,11.2433],[75.1364,11.2387],[75.137,11.2335],[75.1374,11.2301],[75.1333,11.2232],[75.1338,11.22],[75.1358,11.215],[75.132,11.2109],[75.1276,11.2148],[75.1253,11.2175],[75.1201,11.2178],[75.1175,11.2205],[75.1129,11.2232],[75.1088,11.2252],[75.1021,11.2264],[75.0991,11.2277],[75.0957,11.2312],[75.0923,11.2293],[75.0865,11.2287],[75.0833,11.2261],[75.0797,11.2231],[75.0763,11.2201],[75.0709,11.2156],[75.0693,11.2119],[75.071,11.2076],[75.0731,11.2041],[75.0763,11.1992],[75.0799,11.1966],[75.0841,11.1934],[75.0885,11.1919],[75.0923,11.1882],[75.0944,11.1842],[75.0997,11.18],[75.104,11.1805],[75.1099,11.1833],[75.1099,11.1869],[75.1111,11.1918],[75.1105,11.1962],[75.1118,11.2017],[75.1104,11.2054],[75.1113,11.21],[75.114,11.2129],[75.1179,11.2164],[75.12,11.2187],[75.1248,11.2219],[75.1262,11.2255],[75.1291,11.2311],[75.128,11.2363],[75.1323,11.241],[75.1346,11.2438],[75.1405,11.2475],[75.1441,11.2497],[75.1501,11.248],[75.1543,11.2471],[75.1596,11.2461],[75.1629,11.2436],[75.1615,11.2354],[75.1621,11.2312],[75.1645,11.2243],[75.1659,11.2202],[75.1705,11.2171],[75.1748,11.2172],[75.1795,11.2164],[75.1841,11.2184],[75.1884,11.2159],[75.1898,11.213],[75.1891,11.206],[75.1854,11.202],[75.1818,11.1996],[75.1783,11.1971],[75.1736,11.1959],[75.168,11.1965],[75.1619,11.1996],[75.1568,11.2007],[75.1534,11.2019],[75.149,11.2028],[75.1467,11.2097],[75.1507,11.2113],[75.1541,11.2145],[75.157,11.2176],[75.162,11.2218],[75.1657,11.2216],[75.1673,11.2173],[75.1667,11.2126],[75.171,11.207],[75.175,11.2064],[75.1771,11.2023],[75.1809,11.1993],[75.1873,11.2024],[75.1911,11.2052],[75.1919,11.2114],[75.1894,11.214],[75.1857,11.2161],[75.183,11.221],[75.1866,11.2269],[75.1907,11.2282],[75.1965,11.229],[75.201,11.2288],[75.2077,11.2276],[75.2115,11.2245],[75.2164,11.2183],[75.2135,11.2145],[75.2059,11.2133],[75.2014,11.2133],[75.1949,11.2151],[75.1918,11.2178],[75.1891,11.222],[75.1854,11.2218],[75.1793,11.2188],[75.1754,11.2164],[75.1702,11.2133],[75.1656,11.2131],[75.158,11.2127],[75.1554,11.2116],[75.1539,11.2056],[75.152,11.2019],[75.1535,11.1946],[75.1542,11.19],[75.1586,11.1839],[75.1585,11.1793],[75.1546,11.175],[75.1517,11.1716],[75.1529,11.1661],[75.1521,11.162],[75.1542,11.1576],[75.1554,11.1541],[75.1573,11.1508],[75.1605,11.1478],[75.166,11.1482],[75.1699,11.149],[75.1771,11.1489],[75.1808,11.1512],[75.1851,11.1513],[75.1877,11.1492],[75.1906,11.1444],[75.194,11.1429],[75.1998,11.1364],[75.2018,11.1332],[75.2055,11.1317],[75.2085,11.1312],[75.2134,11.1321],[75.2153,11.1369],[75.2129,11.1439],[75.2131,11.1485],[75.2154,11.1533],[75.2193,11.1581],[75.2191,11.1643],[75.2204,11.1698],[75.2234,11.1756],[75.2283,11.1776],[75.2337,11.1801],[75.2376,11.1822],[75.2436,11.185],[75.2482,11.1876],[75.254,11.1907],[75.2575,11.191],[75.2615,11.1832],[75.2633,11.1788],[75.2637,11.1733],[75.2635,11.1685],[75.2606,11.1634],[75.2574,11.1587],[75.2583,11.1534],[75.2581,11.1484],[75.2568,11.1428],[75.2593,11.14],[75.2596,11.1345],[75.2583,11.1304],[75.2537,11.1262],[75.252,11.1219],[75.2553,11.1168],[75.26,11.1163],[75.2643,11.1115],[75.2645,11.1074],[75.2687,11.1013],[75.2703,11.0963],[75.274,11.0905],[75.2747,11.0882],[75.2798,11.0836],[75.2833,11.0821],[75.29,11.0817],[75.2939,11.08],[75.2986,11.0787],[75.3024,11.0797],[75.3092,11.0785],[75.3115,11.075],[75.319,11.0717],[75.3227,11.0688],[75.3302,11.0696],[75.333,11.0711],[75.3391,11.0688],[75.343,11.0681],[75.3481,11.066],[75.35,11.0688],[75.3487,11.0738],[75.3442,11.0763],[75.3384,11.0787],[75.337,11.0829],[75.3378,11.089],[75.3406,11.0919],[75.3456,11.0943],[75.3482,11.0921],[75.355,11.0922],[75.3578,11.0898],[75.3621,11.087],[75.3665,11.0864],[75.3715,11.0837],[75.3761,11.0831],[75.3804,11.0874],[75.3821,11.0906],[75.3866,11.0952],[75.3903,11.0967],[75.3958,11.1006],[75.4006,11.1019],[75.4076,11.1024],[75.4106,11.1041],[75.4163,11.1038],[75.4211,11.1055],[75.4287,11.1043],[75.4308,11.1019],[75.4364,11.099],[75.4412,11.1],[75.4475,11.1024],[75.4499,11.1026],[75.4562,11.1054],[75.4604,11.1034],[75.4633,11.0969],[75.4652,11.0941],[75.4667,11.0894],[75.4709,11.0872],[75.4739,11.0826],[75.4743,11.0777],[75.4731,11.0728],[75.4748,11.0692],[75.4746,11.0627],[75.4723,11.0596],[75.468,11.0565],[75.4645,11.054],[75.4627,11.047],[75.4615,11.0423],[75.4627,11.0358],[75.4624,11.0324],[75.4643,11.0261],[75.4645,11.0224],[75.4644,11.0165],[75.4647,11.0134],[75.4637,11.0096],[75.4607,11.0047],[75.4593,10.9977],[75.457,10.9963],[75.45,10.9981],[75.4457,11.001],[75.4431,11.0047],[75.4394,11.0077],[75.4344,11.0124],[75.4322,11.0176],[75.4281,11.0228],[75.4249,11.0264],[75.4205,11.0304],[75.4211,11.034],[75.4255,11.0375],[75.4285,11.0399],[75.4279,11.0445],[75.4269,11.0471],[75.4204,11.0504],[75.4158,11.0497],[75.4096,11.0469],[75.4064,11.0494],[75.4022,11.0529],[75.3988,11.0571],[75.3922,11.0543],[75.3891,11.0529],[75.3829,11.0516],[75.3798,11.0516],[75.3784,11.0586],[75.3803,11.0621],[75.378,11.0671],[75.3787,11.0698],[75.3724,11.0739],[75.3691,11.0752],[75.3632,11.0798],[75.3591,11.0817],[75.3543,11.0869],[75.3559,11.0896],[75.3571,11.0969],[75.3542,11.0986],[75.349,11.0974],[75.3476,11.0949],[75.3426,11.0918],[75.3399,11.0883],[75.3331,11.0871],[75.3284,11.0852],[75.3207,11.0831],[75.3169,11.082],[75.312,11.0806],[75.309,11.0775],[75.3055,11.0733],[75.3019,11.0697],[75.2967,11.0717],[75.2926,11.0764],[75.2884,11.0796],[75.2876,11.0833],[75.2913,11.0885],[75.291,11.0931],[75.2884,11.0998],[75.2857,11.1027],[75.279,11.1045],[75.2773,11.0991],[75.279,11.0922],[75.2801,11.0869],[75.2837,11.0801],[75.2872,11.077],[75.2945,11.0758],[75.2985,11.0785],[75.2979,11.0874],[75.2979,11.0926],[75.2933,11.0974],[75.2905,11.0988],[75.2888,11.1037],[75.292,11.1078],[75.294,11.1136],[75.2959,11.1179],[75.2979,11.1236],[75.3004,11.1269],[75.2993,11.1338],[75.2961,11.1359],[75.2909,11.1401],[75.2883,11.1447],[75.285,11.1518],[75.2822,11.1531],[75.2761,11.1577],[75.2719,11.1616],[75.2684,11.1652],[75.2663,11.1684],[75.2685,11.174],[75.273,11.1777],[75.2766,11.1851],[75.2769,11.189],[75.2732,11.1928],[75.2715,11.1955],[75.2765,11.1997],[75.2802,11.2026],[75.2855,11.2007],[75.2897,11.2004],[75.2933,11.1986],[75.2966,11.1957],[75.3024,11.1936],[75.3054,11.1898],[75.3072,11.1847],[75.3077,11.182],[75.3075,11.1765],[75.3095,11.1718],[75.313,11.1698],[75.3169,11.1701],[75.3235,11.1661],[75.328,11.1683],[75.3346,11.1674],[75.3389,11.169],[75.3452,11.1683],[75.3503,11.1683],[75.3565,11.1682],[75.3603,11.1712],[75.3643,11.1749],[75.3671,11.1771],[75.3742,11.1804],[75.3787,11.1819],[75.3848,11.1836],[75.3863,11.1886],[75.3817,11.1915],[75.378,11.1904],[75.3715,11.1872],[75.3683,11.1844],[75.3616,11.1829],[75.3575,11.1818],[75.3514,11.1825],[75.3467,11.1841],[75.3433,11.1853],[75.3396,11.1872],[75.3363,11.1829],[75.3357,11.18],[75.3346,11.174],[75.3312,11.1711],[75.3265,11.1645],[75.3239,11.1604],[75.3183,11.1591],[75.3138,11.1591],[75.3096,11.1539],[75.3075,11.1516],[75.2998,11.1521],[75.295,11.1506],[75.2881,11.1468],[75.2853,11.1444],[75.2798,11.1394],[75.2746,11.1403],[75.2707,11.1397],[75.2655,11.1362],[75.2573,11.1351],[75.2532,11.1362],[75.2461,11.1387],[75.243,11.1406],[75.2361,11.1407],[75.2328,11.1381],[75.2299,11.1326],[75.2295,11.1276],[75.231,11.1223],[75.2296,11.1194],[75.2292,11.1153],[75.2268,11.1121],[75.2225,11.1139],[75.2187,11.1173],[75.2138,11.1193],[75.2101,11.1182],[75.2023,11.1149],[75.2014,11.1112],[75.1982,11.1047],[75.194,11.1019],[75.1893,11.099],[75.1911,11.0931],[75.1946,11.0877],[75.1957,11.0835],[75.1997,11.0791],[75.2021,11.0771],[75.2092,11.0787],[75.2129,11.0802],[75.2188,11.0778],[75.2236,11.0753],[75.2303,11.0738],[75.2334,11.0724],[75.234,11.0666],[75.2357,11.0623],[75.2417,11.0605],[75.2473,11.0591],[75.2522,11.0547],[75.2536,11.0502],[75.2536,11.0438],[75.2541,11.0406],[75.2524,11.035],[75.2499,11.03],[75.2452,11.0352],[75.2461,11.0385],[75.2434,11.0391],[75.24,11.0354],[75.2369,11.0304],[75.235,11.0268],[75.2318,11.0199],[75.2282,11.0163],[75.2217,11.0136],[75.2186,11.0086],[75.2128,11.0052],[75.2078,11.0029],[75.2054,10.9963],[75.2063,10.9921],[75.2066,10.985],[75.2089,10.9815],[75.2147,10.98],[75.2172,10.9742],[75.2188,10.9678],[75.2158,10.9649],[75.2138,10.96],[75.2138,10.9551],[75.2131,10.9488],[75.213,10.9448],[75.2124,10.9391],[75.2105,10.9349],[75.2105,10.9281],[75.2112,10.9238],[75.2098,10.9176],[75.2123,10.9133],[75.2136,10.9068],[75.2145,10.9039],[75.2107,10.898],[75.2072,10.8941],[75.2017,10.8895],[75.1971,10.8895],[75.1914,10.89],[75.1896,10.8901],[75.1873,10.8961],[75.1869,10.9005],[75.1907,10.9063],[75.19,10.9103],[75.1893,10.9191],[75.1894,10.922],[75.1944,10.9253],[75.1959,10.9288],[75.196,10.9356],[75.1988,10.9378],[75.2065,10.939],[75.2114,10.9383],[75.2144,10.9412],[75.2174,10.9445]]},"properties":{"mmsi":997373025,"name":"SYN-FSH-02","role":"background","vessel_type":30,"synthetic":true,"t_offset_s":[-259200,-258840,-258600,-258240,-258000,-257640,-257400,-257040,-256800,-256440,-256200,-255840,-255600,-255240,-255000,-254640,-254400,-254040,-253800,-253440,-253200,-252840,-252600,-252240,-252000,-251640,-251400,-251040,-250800,-250440,-250200,-249840,-249600,-249240,-249000,-248640,-248400,-248040,-247800,-247440,-247200,-246840,-246600,-246240,-246000,-245640,-245400,-245040,-244800,-244440,-244200,-243840,-243600,-243240,-243000,-242640,-242400,-242040,-241800,-241440,-241200,-240840,-240600,-240240,-240000,-239640,-239400,-239040,-238800,-238440,-238200,-237840,-237600,-237240,-237000,-236640,-236400,-236040,-235800,-235440,-235200,-234840,-234600,-234240,-234000,-233640,-233400,-233040,-232800,-232440,-232200,-231840,-231600,-231240,-231000,-230640,-230400,-230040,-229800,-229440,-229200,-228840,-228600,-228240,-228000,-227640,-227400,-227040,-226800,-226440,-226200,-225840,-225600,-225240,-225000,-224640,-224400,-224040,-223800,-223440,-223200,-222840,-222600,-222240,-222000,-221640,-221400,-221040,-220800,-220440,-220200,-219840,-219600,-219240,-219000,-218640,-218400,-218040,-217800,-217440,-217200,-216840,-216600,-216240,-216000,-215640,-215400,-215040,-214800,-214440,-214200,-213840,-213600,-213240,-213000,-212640,-212400,-212040,-211800,-211440,-211200,-210840,-210600,-210240,-210000,-209640,-209400,-209040,-208800,-208440,-208200,-207840,-207600,-207240,-207000,-206640,-206400,-206040,-205800,-205440,-205200,-204840,-204600,-204240,-204000,-203640,-203400,-203040,-202800,-202440,-202200,-201840,-201600,-201240,-201000,-200640,-200400,-200040,-199800,-199440,-199200,-198840,-198600,-198240,-198000,-197640,-197400,-197040,-196800,-196440,-196200,-195840,-195600,-195240,-195000,-194640,-194400,-194040,-193800,-193440,-193200,-192840,-192600,-192240,-192000,-191640,-191400,-191040,-190800,-190440,-190200,-189840,-189600,-189240,-189000,-188640,-188400,-188040,-187800,-187440,-187200,-186840,-186600,-186240,-186000,-185640,-185400,-185040,-184800,-184440,-184200,-183840,-183600,-183240,-183000,-182640,-182400,-182040,-181800,-181440,-181200,-180840,-180600,-180240,-180000,-179640,-179400,-179040,-178800,-178440,-178200,-177840,-177600,-177240,-177000,-176640,-176400,-176040,-175800,-175440,-175200,-174840,-174600,-174240,-174000,-173640,-173400,-173040,-172800,-172440,-172200,-171840,-171600,-171240,-171000,-170640,-170400,-170040,-169800,-169440,-169200,-168840,-168600,-168240,-168000,-167640,-167400,-167040,-166800,-166440,-166200,-165840,-165600,-165240,-165000,-164640,-164400,-164040,-163800,-163440,-163200,-162840,-162600,-162240,-162000,-161640,-161400,-161040,-160800,-160440,-160200,-159840,-159600,-159240,-159000,-158640,-158400,-158040,-157800,-157440,-157200,-156840,-156600,-156240,-156000,-155640,-155400,-155040,-154800,-154440,-154200,-153840,-153600,-153240,-153000,-152640,-152400,-152040,-151800,-151440,-151200,-150840,-150600,-150240,-150000,-149640,-149400,-149040,-148800,-148440,-148200,-147840,-147600,-147240,-147000,-146640,-146400,-146040,-145800,-145440,-145200,-144840,-144600,-144240,-144000,-143640,-143400,-143040,-142800,-142440,-142200,-141840,-141600,-141240,-141000,-140640,-140400,-140040,-139800,-139440,-139200,-138840,-138600,-138240,-138000,-137640,-137400,-137040,-136800,-136440,-136200,-135840,-135600,-135240,-135000,-134640,-134400,-134040,-133800,-133440,-133200,-132840,-132600,-132240,-132000,-131640,-131400,-131040,-130800,-130440,-130200,-129840,-129600,-129240,-129000,-128640,-128400,-128040,-127800,-127440,-127200,-126840,-126600,-126240,-126000,-125640,-125400,-125040,-124800,-124440,-124200,-123840,-123600,-123240,-123000,-122640,-122400,-122040,-121800,-121440,-121200,-120840,-120600,-120240,-120000,-119640,-119400,-119040,-118800,-118440,-118200,-117840,-117600,-117240,-117000,-116640,-116400,-116040,-115800,-115440,-115200,-114840,-114600,-114240,-114000,-113640,-113400,-113040,-112800,-112440,-112200,-111840,-111600,-111240,-111000,-110640,-110400,-110040,-109800,-109440,-109200,-108840,-108600,-108240,-108000,-107640,-107400,-107040,-106800,-106440,-106200,-105840,-105600,-105240,-105000,-104640,-104400,-104040,-103800,-103440,-103200,-102840,-102600,-102240,-102000,-101640,-101400,-101040,-100800,-100440,-100200,-99840,-99600,-99240,-99000,-98640,-98400,-98040,-97800,-97440,-97200,-96840,-96600,-96240,-96000,-95640,-95400,-95040,-94800,-94440,-94200,-93840,-93600,-93240,-93000,-92640,-92400,-92040,-91800,-91440,-91200,-90840,-90600,-90240,-90000,-89640,-89400,-89040,-88800,-88440,-88200,-87840,-87600,-87240,-87000,-86640,-86400,-86040,-85800,-85440,-85200,-84840,-84600,-84240,-84000,-83640,-83400,-83040,-82800,-82440,-82200,-81840,-81600,-81240,-81000,-80640,-80400,-80040,-79800,-79440,-79200,-78840,-78600,-78240,-78000,-77640,-77400,-77040,-76800,-76440,-76200,-75840,-75600,-75240,-75000,-74640,-74400,-74040,-73800,-73440,-73200,-72840,-72600,-72240,-72000,-71640,-71400,-71040,-70800,-70440,-70200,-69840,-69600,-69240,-69000,-68640,-68400,-68040,-67800,-67440,-67200,-66840,-66600,-66240,-66000,-65640,-65400,-65040,-64800,-64440,-64200,-63840,-63600,-63240,-63000,-62640,-62400,-62040,-61800,-61440,-61200,-60840,-60600,-60240,-60000,-59640,-59400,-59040,-58800,-58440,-58200,-57840,-57600,-57240,-57000,-56640,-56400,-56040,-55800,-55440,-55200,-54840,-54600,-54240,-54000,-53640,-53400,-53040,-52800,-52440,-52200,-51840,-51600,-51240,-51000,-50640,-50400,-50040,-49800,-49440,-49200,-48840,-48600,-48240,-48000,-47640,-47400,-47040,-46800,-46440,-46200,-45840,-45600,-45240,-45000,-44640,-44400,-44040,-43800,-43440,-43200,-42840,-42600,-42240,-42000,-41640,-41400,-41040,-40800,-40440,-40200,-39840,-39600,-39240,-39000,-38640,-38400,-38040,-37800,-37440,-37200,-36840,-36600,-36240,-36000,-35640,-35400,-35040,-34800,-34440,-34200,-33840,-33600,-33240,-33000,-32640,-32400,-32040,-31800,-31440,-31200,-30840,-30600,-30240,-30000,-29640,-29400,-29040,-28800,-28440,-28200,-27840,-27600,-27240,-27000,-26640,-26400,-26040,-25800,-25440,-25200,-24840,-24600,-24240,-24000,-23640,-23400,-23040,-22800,-22440,-22200,-21840,-21600,-21240,-21000,-20640,-20400,-20040,-19800,-19440,-19200,-18840,-18600,-18240,-18000,-17640,-17400,-17040,-16800,-16440,-16200,-15840,-15600,-15240,-15000,-14640,-14400,-14040,-13800,-13440,-13200,-12840,-12600,-12240,-12000,-11640,-11400,-11040,-10800,-10440,-10200,-9840,-9600,-9240,-9000,-8640,-8400,-8040,-7800,-7440,-7200,-6840,-6600,-6240,-6000,-5640,-5400,-5040,-4800,-4440,-4200,-3840,-3600,-3240,-3000,-2640,-2400,-2040,-1800,-1440,-1200,-840,-600,-240,0,360,600,960,1200,1560,1800,2160,2400,2760,3000,3360,3600,3960,4200,4560,4800,5160,5400,5760,6000,6360,6600,6960,7200,7560,7800,8160,8400,8760,9000,9360,9600,9960,10200,10560,10800,11160,11400,11760,12000,12360,12600,12960,13200,13560,13800,14160,14400,14760,15000,15360,15600,15960,16200,16560,16800,17160,17400,17760,18000,18360,18600,18960,19200,19560,19800,20160,20400,20760,21000,21360,21600,21960,22200,22560,22800,23160,23400,23760,24000,24360,24600,24960,25200,25560,25800,26160,26400,26760,27000,27360,27600,27960,28200,28560,28800,29160,29400,29760,30000,30360,30600,30960,31200,31560,31800,32160,32400,32760,33000,33360,33600,33960,34200,34560,34800,35160,35400,35760,36000,36360,36600,36960,37200,37560,37800,38160,38400,38760,39000,39360,39600,39960,40200,40560,40800,41160,41400,41760,42000,42360,42600,42960,43200,43560,43800,44160,44400,44760,45000,45360,45600,45960,46200,46560,46800,47160,47400,47760,48000,48360,48600,48960,49200,49560,49800,50160,50400,50760,51000,51360,51600,51960,52200,52560,52800,53160,53400,53760,54000,54360,54600,54960,55200,55560,55800,56160,56400,56760,57000,57360,57600,57960,58200,58560,58800,59160,59400,59760,60000,60360,60600,60960,61200,61560,61800,62160,62400,62760,63000,63360,63600,63960,64200,64560,64800,65160,65400,65760,66000,66360,66600,66960,67200,67560,67800,68160,68400,68760,69000,69360,69600,69960,70200,70560,70800,71160,71400,71760,72000,72360,72600,72960,73200,73560,73800,74160,74400,74760,75000,75360,75600,75960,76200,76560,76800,77160,77400,77760,78000,78360,78600,78960,79200,79560,79800,80160,80400,80760,81000,81360,81600,81960,82200,82560,82800,83160,83400,83760,84000,84360,84600,84960,85200,85560,85800,86160,86400],"sog":[4.3,4.3,4.6,2.3,4.9,4.0,3.5,4.5,5.8,3.8,3.9,3.7,3.3,2.9,4.0,1.3,4.7,3.3,4.8,6.1,3.6,2.6,2.7,5.1,4.3,4.6,1.4,2.6,4.0,4.8,4.7,2.8,2.4,3.3,2.4,3.9,4.0,4.3,5.0,2.0,5.6,4.0,4.5,2.4,4.0,4.1,2.7,4.3,4.7,5.4,5.4,4.3,3.3,2.9,3.7,4.4,3.7,2.4,2.4,2.3,3.4,3.5,4.1,5.5,6.4,2.4,4.4,5.0,2.0,2.8,3.1,4.0,2.0,3.6,2.1,2.9,4.5,4.2,3.9,2.9,3.2,2.5,3.7,5.0,3.5,4.8,3.0,3.8,3.7,2.7,2.9,4.8,3.9,3.7,4.0,4.2,4.7,4.4,3.9,4.1,2.2,4.8,3.8,4.5,5.6,4.4,4.6,3.8,4.7,2.7,1.1,3.5,2.7,3.7,4.6,4.7,4.9,4.4,4.5,3.2,2.8,4.0,6.0,4.0,5.8,3.8,1.4,4.4,2.7,3.4,3.5,3.3,1.9,4.0,4.9,2.0,3.1,4.1,5.1,4.0,4.7,3.6,4.5,4.9,5.0,2.8,4.7,2.5,3.3,4.8,4.4,5.6,4.7,5.1,4.2,4.8,3.6,4.7,3.7,2.2,3.8,3.3,3.2,5.0,4.3,4.2,4.0,5.9,3.7,4.1,5.4,4.0,4.0,4.8,3.1,3.3,3.3,4.4,4.6,2.9,3.9,4.6,4.5,3.9,4.0,1.8,3.7,4.8,4.0,4.8,5.4,3.2,4.5,6.5,5.5,3.2,5.6,2.4,3.8,4.7,3.6,3.7,3.6,2.7,3.4,4.5,4.2,3.6,4.1,2.8,4.6,4.1,2.6,2.9,3.5,6.4,3.2,4.8,2.9,3.8,4.8,3.8,4.8,5.1,5.2,4.3,4.3,4.0,5.6,3.4,2.6,4.4,4.4,3.7,3.2,3.4,3.5,4.5,1.5,4.2,3.5,4.2,4.2,1.9,3.5,0.3,4.4,4.3,3.9,6.8,3.4,3.0,2.8,2.9,4.5,3.4,5.5,4.5,2.8,4.4,3.9,5.4,3.9,2.2,5.2,4.4,3.2,2.6,5.4,2.5,5.9,2.4,4.5,2.8,3.9,3.9,4.4,4.4,4.9,3.5,4.4,2.8,3.8,4.3,4.4,3.8,4.9,4.5,2.8,2.7,3.8,2.9,2.5,3.1,4.9,3.9,3.6,6.1,4.6,3.9,3.3,2.6,3.5,6.2,3.0,4.4,3.5,4.7,3.4,5.1,4.0,4.6,3.9,2.9,5.5,1.6,4.5,5.5,2.7,4.1,2.5,3.5,3.9,3.5,4.8,1.3,2.1,2.5,5.2,5.3,3.9,3.8,4.5,1.8,2.6,4.1,3.2,3.1,4.2,5.0,5.3,5.1,3.6,3.8,1.8,5.3,4.2,3.3,4.2,4.8,2.7,3.4,6.3,4.8,3.5,2.1,1.4,5.9,3.4,4.3,3.7,4.6,2.5,2.6,4.5,3.9,2.9,5.2,3.7,5.0,4.8,3.8,2.2,4.4,3.1,2.8,3.9,3.8,2.7,3.3,4.7,3.4,4.4,5.2,2.1,1.9,2.8,4.3,5.8,3.9,2.8,3.8,4.3,4.3,3.1,3.8,6.2,3.2,2.3,4.8,4.1,4.0,5.1,3.3,3.3,4.1,3.5,3.9,4.2,4.7,3.5,3.2,2.7,3.7,3.2,3.3,3.6,2.8,3.6,2.8,3.8,4.2,5.1,4.5,4.9,4.5,3.2,3.5,3.0,3.0,3.4,4.8,4.9,3.9,4.0,4.5,5.9,3.9,4.2,3.1,4.3,5.5,3.5,3.1,4.6,3.6,3.3,6.3,4.1,4.7,4.5,3.5,3.7,3.7,3.5,4.2,5.1,2.9,5.3,4.0,3.6,3.2,3.9,3.7,3.9,3.4,4.0,2.5,3.0,4.8,4.1,3.5,3.2,3.9,4.7,4.2,2.7,3.4,6.0,2.1,5.2,1.1,3.8,2.8,2.9,2.9,3.3,5.6,5.6,4.8,4.0,4.0,4.0,3.8,1.8,3.5,3.8,3.9,3.4,3.0,4.9,3.8,5.7,5.6,3.3,5.0,4.0,6.1,3.2,2.7,3.5,4.9,4.8,4.8,4.9,3.7,4.0,4.2,3.2,5.2,3.8,2.9,3.6,4.2,3.6,4.1,4.4,4.2,3.6,6.1,3.0,3.7,4.0,3.2,4.7,4.8,4.5,3.7,2.6,3.8,3.6,4.6,3.5,5.4,3.8,4.6,2.4,5.0,4.6,4.9,4.6,5.4,3.6,5.5,2.7,4.5,2.7,2.0,3.7,4.7,3.7,4.7,3.1,1.9,4.9,3.6,4.9,6.2,3.9,3.1,4.2,3.2,3.0,3.9,5.0,4.1,4.4,5.2,2.8,4.4,3.0,4.2,2.3,4.5,3.8,3.7,2.9,4.3,4.2,4.9,3.9,4.2,3.5,1.1,3.4,4.1,3.1,3.3,7.2,1.8,4.8,2.5,2.6,3.4,4.2,3.5,3.1,3.5,3.5,4.4,3.2,2.5,3.9,3.4,4.5,5.2,5.7,4.5,4.3,3.5,1.9,3.9,3.6,5.0,3.4,5.1,2.7,2.7,3.7,4.8,4.7,2.6,5.6,5.9,3.6,4.0,3.8,4.0,2.9,2.9,2.5,3.6,2.7,4.2,2.4,2.2,4.8,2.9,3.0,3.0,3.1,4.6,3.1,4.5,3.7,4.1,5.1,3.8,3.7,3.8,3.8,4.9,4.3,5.1,5.2,3.7,1.9,4.1,2.6,3.2,5.1,4.2,4.1,3.0,3.6,2.5,5.3,4.8,2.9,1.9,3.2,4.1,4.1,2.9,3.7,5.3,3.1,1.7,3.6,3.8,3.0,2.8,3.9,3.7,3.8,5.8,2.6,2.9,3.8,3.2,4.2,2.9,3.5,3.6,2.1,1.5,2.8,3.7,3.6,3.3,4.8,4.6,3.4,5.3,4.2,1.4,3.3,3.8,4.0,5.5,2.6,3.5,2.7,3.4,2.5,2.9,3.9,5.0,3.6,5.3,3.9,1.7,5.0,3.5,5.4,4.4,4.8,2.8,4.3,2.3,2.5,2.9,3.8,4.1,4.0,4.2,4.4,4.7,2.7,3.6,3.5,4.4,3.8,2.9,2.7,2.7,4.0,4.6,3.8,3.9,4.8,3.5,3.6,4.3,4.2,4.5,3.8,2.6,3.6,3.1,2.4,3.1,3.7,3.8,3.9,4.8,1.6,3.6,4.0,4.3,4.5,3.6,4.4,4.6,3.9,5.1,3.9,3.4,2.5,1.9,3.7,2.5,4.5,3.7,2.8,3.4,2.5,2.6,4.3,4.3,3.8,2.6,3.3,3.3,4.6,5.3,1.8,3.0,6.3,4.1,5.6,4.7,4.1,3.3,4.2,3.2,5.6,5.5,3.7,4.8,4.1,4.3,5.0,3.5,5.4,2.3,4.7,3.4,3.1,2.7,3.4,4.1,4.7,3.1,3.8,3.4,3.9,5.6,5.2,4.4,3.9,4.6,2.5,5.4,4.4,3.4,3.7,2.9,4.7,4.0,5.7,4.0,3.6,4.9,4.0,4.4,1.8,2.7,4.1,2.6,4.8,3.5,3.7,4.5,3.7,5.0,2.5,3.7,5.2,3.3,4.1,3.2,4.4,4.0,3.2,3.7,5.3,2.6,3.4,4.0,4.3,3.3,3.1,5.5,5.0,4.0,2.2,3.1,4.7,5.1,3.5,4.1,4.0,3.5,5.9,3.0,3.4,4.3,5.3,3.7,5.6,4.3,4.5,3.9,3.7,4.6,3.8,3.9,2.5,3.1,4.8,5.9,4.0,4.1,4.5,2.6,5.2,4.7,4.2,4.8,4.0,3.3,2.3,5.1,3.7,2.8,4.3,4.9,3.3,5.8,3.0,4.0,4.8,3.8,4.1,4.7,3.7,3.9,3.5,2.1,2.9,5.2,3.3,4.8,4.8,5.4,4.2,3.0,3.9,4.9,3.1,5.1,4.3,3.3,4.7,3.7,2.9,2.7,2.9,3.3,4.4,3.1,4.8,2.0,3.4,5.0,4.4,5.5,4.3,5.5,5.0,5.7,4.3,5.1,4.4,3.2,4.5,5.1,4.4,3.7,3.2,5.5,4.5,4.6,4.5,3.8,4.2,4.1,3.8,4.8,3.6,5.1,2.5,4.7,4.1,3.7,2.7,3.8,4.4,6.1,3.6,3.5,4.0,4.2,4.5,2.0,3.9,3.2,5.0,3.2,3.9,2.5,2.8,3.3,5.3,2.9,2.7,4.4,4.2,5.2,3.5,3.8,5.1,3.7,5.5,2.1,2.9,3.8,4.0,3.9,4.2,1.2,3.5,2.4,3.2,3.4,3.8,3.5,4.4,2.6,4.1,3.0,4.7,4.2,5.0,4.6,3.3,2.3,4.7,3.6,2.3,3.3,4.7,4.7,2.8,5.1,3.7,2.4,5.3,6.4,3.1,3.7,3.5,3.1,4.1,4.3,4.8,4.6,2.7,2.4,3.8,3.7,4.7,3.8,3.7,4.9,2.4,3.2,4.6,3.5,5.6,4.8,4.5,4.9,2.6,4.4,2.8,2.8,5.9,3.6,3.0,3.6,4.7,3.5,4.4,5.3,4.2,4.2,3.1,3.3,5.8,3.6,3.4,4.3,3.5,5.4,3.2,5.7,3.7,5.0,4.8,3.2,3.9,5.8,3.9,4.8,3.5,4.4,5.5,3.2,5.2,3.2,5.4,3.4,3.3,2.5,3.9,3.8,4.0,4.3,4.4,5.0,4.0,4.6,4.3,6.4,3.5,3.3,1.8,4.9,3.5,4.0,3.9,4.8,1.3,3.9,2.2,6.2,2.7,5.1,5.2,2.4,3.9]}},{"type":"Feature","geometry":{"type":"LineString","coordinates":[[70.6691,10.6391],[70.6607,10.6241],[70.6471,10.6015],[70.6389,10.5863],[70.6262,10.5643],[70.6177,10.5499],[70.6045,10.5279],[70.5955,10.513],[70.5829,10.4911],[70.5735,10.4759],[70.5609,10.4545],[70.5517,10.4396],[70.5391,10.4178],[70.5306,10.403],[70.518,10.3803],[70.509,10.3654],[70.4966,10.3436],[70.4874,10.3288],[70.474,10.3063],[70.465,10.2918],[70.4516,10.2699],[70.4425,10.2557],[70.4284,10.2337],[70.4185,10.2194],[70.4045,10.1984],[70.3948,10.1846],[70.3797,10.1633],[70.3703,10.1486],[70.3556,10.1281],[70.3461,10.1138],[70.3319,10.0929],[70.3221,10.0783],[70.3082,10.0573],[70.2989,10.0431],[70.2847,10.0213],[70.2753,10.007],[70.2619,9.985],[70.2529,9.9704],[70.2401,9.9481],[70.2317,9.9334],[70.2186,9.911],[70.2096,9.896],[70.1963,9.8734],[70.1878,9.8586],[70.174,9.8362],[70.1649,9.8217],[70.1516,9.8],[70.1431,9.7856],[70.1304,9.763],[70.1219,9.7486],[70.1095,9.7275],[70.1006,9.7122],[70.0873,9.69],[70.0786,9.6755],[70.0649,9.654],[70.0556,9.6396],[70.0417,9.6178],[70.0322,9.6037],[70.0185,9.5821],[70.0091,9.5681],[69.995,9.5464],[69.9848,9.5324],[69.9702,9.5117],[69.96,9.4978],[69.9455,9.4773],[69.9355,9.4632],[69.9197,9.4417],[69.9098,9.4284],[69.8942,9.4079],[69.8837,9.3945],[69.8679,9.3737],[69.8576,9.3597],[69.8422,9.3395],[69.8316,9.3258],[69.8163,9.305],[69.8066,9.2911],[69.7906,9.271],[69.7807,9.256],[69.7653,9.2356],[69.7558,9.2216]]},"properties":{"mmsi":997538177,"name":"SYN-TAN-07","role":"background","vessel_type":80,"synthetic":true,"t_offset_s":[62515,62755,63115,63355,63715,63955,64315,64555,64915,65155,65515,65755,66115,66355,66715,66955,67315,67555,67915,68155,68515,68755,69115,69355,69715,69955,70315,70555,70915,71155,71515,71755,72115,72355,72715,72955,73315,73555,73915,74155,74515,74755,75115,75355,75715,75955,76315,76555,76915,77155,77515,77755,78115,78355,78715,78955,79315,79555,79915,80155,80515,80755,81115,81355,81715,81955,82315,82555,82915,83155,83515,83755,84115,84355,84715,84955,85315,85555,85915,86155],"sog":[14.9,15.2,15.7,15.3,14.9,14.4,14.9,15.1,15.0,15.3,14.8,15.8,15.4,15.1,15.0,15.7,14.9,15.5,15.4,15.4,15.8,15.2,15.3,15.3,15.6,14.9,15.8,15.3,15.3,15.0,14.4,15.7,14.8,14.9,15.9,15.3,15.1,15.0,15.2,15.2,15.4,15.7,15.3,15.8,15.6,15.1,15.5,14.8,15.7,14.3,14.8,16.1,15.9,14.9,15.3,15.4,15.3,14.8,15.3,15.3,15.1,15.2,14.9,15.8,15.2,15.5,15.7,15.1,15.5,15.5,15.0,15.2,15.0,15.3,14.9,14.8,15.4,16.1,15.5,14.9]}},{"type":"Feature","geometry":{"type":"LineString","coordinates":[[73.0573,11.2326],[73.0562,11.2368],[73.0546,11.2404],[73.0514,11.2455],[73.0509,11.2468],[73.046,11.2494],[73.0428,11.2504],[73.0396,11.2507],[73.0367,11.2502],[73.0313,11.2485],[73.03,11.2472],[73.0255,11.2441],[73.0235,11.2421],[73.0202,11.2377],[73.0197,11.2358],[73.0176,11.2314],[73.0157,11.229],[73.0122,11.2271],[73.0102,11.2258],[73.0109,11.2215],[73.0121,11.2196],[73.0156,11.2143],[73.0163,11.2119],[73.0219,11.2098],[73.0234,11.2083],[73.0267,11.205],[73.027,11.202],[73.0268,11.1975],[73.0269,11.1945],[73.0292,11.1904],[73.03,11.1892],[73.0322,11.1847],[73.0327,11.1824],[73.0339,11.1786],[73.0329,11.1776],[73.0303,11.1751],[73.0284,11.1733],[73.0255,11.17],[73.0243,11.1694],[73.0205,11.1658],[73.0175,11.1639],[73.0164,11.1656],[73.0187,11.1669],[73.0218,11.1698],[73.0235,11.1709],[73.0278,11.1733],[73.0305,11.1737],[73.0353,11.1738],[73.0379,11.1765],[73.0399,11.1808],[73.0397,11.1823],[73.0447,11.1851],[73.0471,11.1879],[73.0489,11.1899],[73.0504,11.1895],[73.051,11.1872],[73.0496,11.1845],[73.0454,11.1819],[73.0437,11.1799],[73.0424,11.176],[73.0415,11.1732],[73.039,11.1695],[73.0373,11.1674],[73.0379,11.1635],[73.0381,11.1614],[73.0353,11.1606],[73.0327,11.161],[73.0297,11.1641],[73.0294,11.1663],[73.0328,11.1692],[73.0339,11.1721],[73.0367,11.176],[73.0392,11.1766],[73.0448,11.1745],[73.0459,11.1715],[73.0468,11.1686],[73.0437,11.1656],[73.0405,11.1663],[73.0382,11.1673],[73.0369,11.1709],[73.0379,11.1724],[73.0419,11.1743],[73.0449,11.1755],[73.0503,11.1764],[73.0526,11.1759],[73.0565,11.1738],[73.058,11.1756],[73.0601,11.179],[73.0608,11.1815],[73.0631,11.1835],[73.0643,11.1869],[73.0655,11.1897],[73.067,11.1935],[73.0698,11.1982],[73.0709,11.2009],[73.0686,11.2063],[73.0704,11.2093],[73.069,11.2131],[73.0661,11.2154],[73.0628,11.2184],[73.0598,11.2196],[73.0566,11.2214],[73.0536,11.2213],[73.0517,11.22],[73.0516,11.2172],[73.0533,11.2149],[73.057,11.2142],[73.0613,11.2147],[73.0644,11.2148],[73.065,11.2103],[73.0656,11.2085],[73.0663,11.2056],[73.0644,11.2026],[73.0644,11.1993],[73.0659,11.1966],[73.0709,11.1949],[73.0726,11.1928],[73.0756,11.1891],[73.0791,11.1891],[73.0838,11.1849],[73.0844,11.1827],[73.0841,11.1811],[73.0827,11.1781],[73.0789,11.1734],[73.0764,11.1728],[73.0744,11.1722],[73.0721,11.1699],[73.0701,11.1645],[73.0721,11.1609],[73.0737,11.1575],[73.0759,11.1555],[73.0784,11.1521],[73.0779,11.1484],[73.0789,11.1458],[73.0815,11.1431],[73.0853,11.1425],[73.0868,11.1426],[73.0917,11.1435],[73.0938,11.1429],[73.0966,11.1443],[73.0993,11.1466],[73.1021,11.1489],[73.1033,11.1512],[73.1065,11.1516],[73.1083,11.1518],[73.1103,11.1537],[73.1095,11.1572],[73.1062,11.1584],[73.1043,11.1586],[73.1026,11.1541],[73.106,11.1538],[73.1102,11.1547],[73.1127,11.1561],[73.1185,11.1586],[73.1218,11.1577],[73.1229,11.1548],[73.1226,11.1515],[73.1265,11.1508],[73.1296,11.15],[73.1346,11.1486],[73.1363,11.1466],[73.1384,11.1428],[73.141,11.1412],[73.1439,11.1394],[73.1468,11.1378],[73.1516,11.1365],[73.1542,11.1377],[73.1584,11.1374],[73.1621,11.1368],[73.1667,11.1362],[73.1698,11.1358],[73.1722,11.1355],[73.1746,11.1339],[73.1796,11.132],[73.1815,11.13],[73.1861,11.1294],[73.1868,11.1317],[73.1854,11.1353],[73.1868,11.1359],[73.1902,11.1357],[73.1937,11.134],[73.1952,11.131],[73.1949,11.1291],[73.1948,11.1252],[73.1952,11.1226],[73.1927,11.1208],[73.1911,11.1199],[73.1873,11.1176],[73.1862,11.1175],[73.182,11.1164],[73.18,11.1152],[73.1773,11.1128],[73.1746,11.1108],[73.1691,11.1119],[73.1666,11.1119],[73.1619,11.11],[73.1573,11.1101],[73.1549,11.1133],[73.1537,11.1145],[73.1515,11.118],[73.1493,11.1188],[73.1483,11.1243],[73.1467,11.125],[73.1431,11.125],[73.1402,11.1247],[73.1355,11.1224],[73.1326,11.1213],[73.1285,11.1193],[73.1267,11.1171],[73.122,11.1145],[73.1198,11.1129],[73.1169,11.1117],[73.115,11.1111],[73.1101,11.1118],[73.1072,11.1109],[73.1032,11.1118],[73.0995,11.1131],[73.0969,11.1116],[73.0943,11.11],[73.0904,11.1092],[73.0899,11.1068],[73.0866,11.1046],[73.0827,11.1057],[73.0795,11.1025],[73.0777,11.1007],[73.076,11.0969],[73.0742,11.097],[73.0707,11.0992],[73.0683,11.1003],[73.0646,11.1],[73.0613,11.1005],[73.0583,11.0984],[73.0545,11.0977],[73.0515,11.0955],[73.0516,11.0927],[73.0517,11.0879],[73.0504,11.086],[73.0448,11.0865],[73.0417,11.0838],[73.0421,11.0809],[73.0447,11.0787],[73.049,11.0765],[73.0516,11.0754],[73.0536,11.0728],[73.0534,11.0698],[73.0521,11.0673],[73.0501,11.0636],[73.0463,11.0587],[73.0442,11.0556],[73.0477,11.0539],[73.0509,11.053],[73.0554,11.0532],[73.0584,11.0531],[73.0622,11.0503],[73.0631,11.0473],[73.066,11.0456],[73.0659,11.043],[73.0612,11.0408],[73.0574,11.0398],[73.0524,11.0383],[73.0497,11.0385],[73.046,11.0412],[73.0427,11.0423],[73.0386,11.0421],[73.0368,11.0444],[73.0355,11.0478],[73.0369,11.0505],[73.0366,11.055],[73.0352,11.0581],[73.035,11.0621],[73.0353,11.0659],[73.0358,11.071],[73.0369,11.0744],[73.0342,11.0772],[73.0308,11.0776],[73.03,11.0814],[73.0279,11.0832],[73.024,11.083],[73.0221,11.0791],[73.021,11.0757],[73.0213,11.0725],[73.0232,11.0711],[73.0244,11.0687],[73.0242,11.0637],[73.0229,11.0616],[73.0233,11.057],[73.0228,11.0546],[73.0196,11.0519],[73.0181,11.0493],[73.0134,11.0488],[73.0109,11.0487],[73.0078,11.0477],[73.0046,11.0466],[73.0023,11.0464],[73.0023,11.05],[73.0005,11.0543],[73.0004,11.0573],[72.9973,11.0593],[72.9946,11.0585],[72.99,11.0581],[72.9872,11.0583],[72.9847,11.0609],[72.9844,11.0649],[72.9831,11.067],[72.9793,11.0674],[72.9748,11.066],[72.9737,11.0641],[72.9739,11.0632],[72.9763,11.0615],[72.9789,11.0621],[72.98,11.0607],[72.9794,11.0571],[72.9778,11.0551],[72.9779,11.0513],[72.9772,11.0483],[72.9774,11.0455],[72.978,11.0427],[72.9819,11.0415],[72.9833,11.0414],[72.9869,11.0433],[72.9897,11.0441],[72.9929,11.0436],[72.9954,11.0442],[73.0,11.0447],[73.0033,11.0455],[73.0073,11.0457],[73.0086,11.0452],[73.0113,11.0419],[73.0121,11.0416],[73.0156,11.0384],[73.0183,11.0375],[73.0228,11.0381],[73.0257,11.0392],[73.0292,11.041],[73.0312,11.043],[73.0343,11.0448],[73.0355,11.045],[73.0386,11.0427],[73.0406,11.0411],[73.0425,11.0383],[73.0422,11.0361],[73.0418,11.0312],[73.0427,11.0287],[73.0461,11.027],[73.0481,11.0271],[73.053,11.0257],[73.0549,11.0246],[73.0583,11.0225],[73.0599,11.0205],[73.062,11.0177],[73.0615,11.0166],[73.0615,11.0116],[73.0591,11.0093],[73.0559,11.0083],[73.055,11.0054],[73.057,11.0021],[73.0576,10.9985],[73.0596,10.9945],[73.059,10.992],[73.0572,10.9881],[73.0577,10.9836],[73.0579,10.9793],[73.0581,10.9783],[73.0618,10.9774],[73.0619,10.9756],[73.0626,10.9722],[73.0625,10.9695],[73.0612,10.9669],[73.0587,10.9662],[73.0547,10.9681],[73.0527,10.97],[73.0493,10.9716],[73.0463,10.9714],[73.0427,10.9702],[73.0399,10.9682],[73.0373,10.9683],[73.035,10.9655],[73.0299,10.9688],[73.0286,10.9722],[73.0237,10.9719],[73.0203,10.9708],[73.0185,10.9711],[73.0137,10.9705],[73.0105,10.9688],[73.007,10.9671],[73.0021,10.968],[73.0008,10.9704],[72.9976,10.9737],[72.9956,10.9767],[72.9928,10.9796],[72.9894,10.9812],[72.9864,10.9846],[72.9847,10.9859],[72.981,10.9853],[72.9779,10.9851],[72.9748,10.9826],[72.9731,10.9801],[72.9702,10.9774],[72.9659,10.9757],[72.9636,10.9774],[72.9612,10.9781],[72.9567,10.9798],[72.954,10.9813],[72.9502,10.984],[72.949,10.9848],[72.9472,10.9892],[72.9465,10.992],[72.946,10.9938],[72.9451,10.995],[72.9417,10.9966],[72.9403,10.9984],[72.9376,11.0002],[72.9359,11.0021],[72.9311,11.0034],[72.9287,11.0043],[72.9265,11.0045],[72.9226,11.0048],[72.9203,11.0052],[72.9183,11.0037],[72.9154,11.0008],[72.9145,10.9974],[72.9154,10.9921],[72.9159,10.9886],[72.9181,10.9841],[72.9171,10.9813],[72.9202,10.9772],[72.9216,10.9737],[72.9205,10.9698],[72.9169,10.9678],[72.9147,10.9669],[72.9118,10.9662],[72.9089,10.9648],[72.906,10.9616],[72.9057,10.9565],[72.9063,10.9537],[72.9073,10.95],[72.911,10.9489],[72.9147,10.9509],[72.9161,10.9535],[72.9172,10.9576],[72.9184,10.9584],[72.9217,10.9604],[72.9207,10.9649],[72.917,10.9668],[72.9142,10.9664],[72.9102,10.9633],[72.9091,10.961],[72.9116,10.9589],[72.9135,10.9572],[72.9166,10.9541],[72.9194,10.9524],[72.9239,10.9497],[72.9239,10.9468],[72.9279,10.9432],[72.9284,10.9401],[72.9258,10.9361],[72.9231,10.9341],[72.9172,10.9328],[72.9145,10.9323],[72.9091,10.9318],[72.9045,10.9324],[72.9012,10.9351],[72.8992,10.938],[72.9009,10.94],[72.9028,10.9423],[72.9062,10.9436],[72.9083,10.942],[72.9109,10.937],[72.9086,10.9351],[72.9037,10.9332],[72.9002,10.9339],[72.8961,10.9341],[72.8939,10.9328],[72.8905,10.9319],[72.8871,10.9319],[72.8836,10.929],[72.882,10.9287],[72.8809,10.9279],[72.8779,10.9265],[72.8729,10.9252],[72.8707,10.9238],[72.8671,10.9226],[72.8641,10.9226],[72.8634,10.9179],[72.8639,10.9142],[72.8664,10.9119],[72.8653,10.9102],[72.8614,10.9083],[72.8587,10.9082],[72.8545,10.9062],[72.8521,10.9056],[72.8488,10.9032],[72.8459,10.9038],[72.8433,10.907],[72.8419,10.9087],[72.839,10.9128],[72.8351,10.9125],[72.8329,10.9114],[72.8288,10.9137],[72.8257,10.9144],[72.8237,10.913],[72.8194,10.9119],[72.8173,10.9101],[72.8128,10.9123],[72.8104,10.9132],[72.8069,10.9169],[72.8031,10.918],[72.7993,10.9197],[72.7968,10.9206],[72.7924,10.922],[72.7896,10.9238],[72.7864,10.9259],[72.7848,10.9262],[72.7791,10.9284],[72.7772,10.9309],[72.7748,10.9342],[72.7743,10.9362],[72.7753,10.9391],[72.7752,10.9417],[72.7758,10.9456],[72.7781,10.9484],[72.7817,10.9505],[72.7865,10.9502],[72.7893,10.9492],[72.7927,10.9486],[72.7975,10.9477],[72.7999,10.9457],[72.8019,10.9416],[72.8002,10.9388],[72.7983,10.9365],[72.7963,10.9349],[72.7934,10.9332],[72.7922,10.9288],[72.7887,10.926],[72.7865,10.9241],[72.7869,10.9204],[72.7893,10.9178],[72.7899,10.9124],[72.79,10.9083],[72.7938,10.9056],[72.798,10.905],[72.8018,10.9057],[72.8038,10.9074],[72.8057,10.911],[72.8107,10.912],[72.8149,10.9142],[72.8171,10.9154],[72.8193,10.9171],[72.8214,10.9178],[72.8244,10.9197],[72.827,10.9198],[72.8306,10.9182],[72.832,10.9166],[72.8358,10.9151],[72.8374,10.9167],[72.8414,10.9163],[72.8438,10.9142],[72.8406,10.9096],[72.8396,10.9074],[72.8386,10.9031],[72.8382,10.9005],[72.8364,10.8983],[72.8369,10.8954],[72.8373,10.8914],[72.8373,10.8885],[72.842,10.8846],[72.8428,10.8824],[72.8396,10.8797],[72.8368,10.8768],[72.8338,10.8734],[72.8321,10.8726],[72.827,10.8714],[72.8243,10.8704],[72.8219,10.8662],[72.8207,10.8638],[72.8175,10.8618],[72.8156,10.8611],[72.8148,10.8574],[72.8147,10.8553],[72.8134,10.8528],[72.8126,10.8508],[72.8112,10.8488],[72.8115,10.8461],[72.8124,10.8422],[72.8109,10.8392],[72.8066,10.8361],[72.8063,10.8348],[72.8084,10.8292],[72.8116,10.8261],[72.8141,10.8216],[72.8171,10.8188],[72.8207,10.8171],[72.8236,10.817],[72.8283,10.8136],[72.8306,10.8127],[72.8348,10.8113],[72.8362,10.8101],[72.8398,10.8078],[72.8406,10.8061],[72.8397,10.8004],[72.84,10.798],[72.841,10.7939],[72.8423,10.7903],[72.8452,10.7863],[72.8461,10.7865],[72.8507,10.7873],[72.8531,10.7868],[72.8566,10.7884],[72.8593,10.7871],[72.8628,10.7868],[72.8641,10.7869],[72.8676,10.7881],[72.8685,10.7901],[72.8727,10.7911],[72.8748,10.7908],[72.8796,10.7901],[72.8818,10.7865],[72.8864,10.7832],[72.8873,10.7816],[72.8871,10.7779],[72.8872,10.7743],[72.8856,10.7729],[72.8842,10.7697],[72.8816,10.7669],[72.8796,10.7654],[72.8776,10.7623],[72.8757,10.7617],[72.8746,10.7633],[72.8744,10.7661],[72.8746,10.769],[72.8737,10.7712],[72.8707,10.7716],[72.8716,10.7684],[72.874,10.7652],[72.8748,10.7637],[72.8735,10.7611],[72.872,10.7587],[72.8718,10.755],[72.8696,10.7532],[72.865,10.7551],[72.8617,10.756],[72.8604,10.7574],[72.8562,10.757],[72.853,10.7547],[72.8501,10.7546],[72.845,10.7551],[72.8426,10.7542],[72.8383,10.7527],[72.8359,10.7541],[72.8331,10.7569],[72.8316,10.7586],[72.829,10.7604],[72.8261,10.7606],[72.8229,10.7603],[72.8198,10.7588],[72.8169,10.755],[72.8158,10.7522],[72.8141,10.7484],[72.8141,10.7463],[72.8136,10.7416],[72.8119,10.7392],[72.8089,10.7375],[72.8057,10.7368],[72.8009,10.7354],[72.7972,10.7337],[72.7932,10.732],[72.7901,10.7323],[72.7897,10.7362],[72.79,10.7381],[72.7891,10.7414],[72.7884,10.7436],[72.7856,10.7462],[72.7846,10.7479],[72.7819,10.7509],[72.7789,10.7518],[72.7753,10.7527],[72.7736,10.7545],[72.7699,10.7546],[72.7681,10.7555],[72.7664,10.7553],[72.763,10.7543],[72.7582,10.7529],[72.7557,10.7517],[72.7523,10.7489],[72.7514,10.7458],[72.7479,10.7442],[72.7458,10.744],[72.7425,10.7464],[72.7415,10.7479],[72.7386,10.7501],[72.7374,10.7528],[72.7382,10.7547],[72.7378,10.758],[72.7351,10.7615],[72.733,10.7616],[72.7298,10.7588],[72.7287,10.7568],[72.7263,10.7526],[72.7273,10.7498],[72.7278,10.7451],[72.7292,10.7413],[72.7284,10.7375],[72.7293,10.7337],[72.7291,10.7282],[72.73,10.7241],[72.7342,10.722],[72.7365,10.7214],[72.7402,10.7173],[72.7413,10.7156],[72.7433,10.7126],[72.7442,10.7113],[72.7467,10.7085],[72.7488,10.7075],[72.7526,10.7086],[72.7544,10.71],[72.7559,10.7126],[72.7553,10.714],[72.7575,10.7161],[72.7603,10.7172],[72.764,10.7196],[72.7629,10.7234],[72.7596,10.7273],[72.7576,10.7292],[72.7533,10.7317],[72.7515,10.7328],[72.7494,10.7355],[72.7485,10.7374],[72.7496,10.7415],[72.7519,10.7436],[72.7515,10.7476],[72.7513,10.7515],[72.7486,10.7543],[72.746,10.7546],[72.742,10.7563],[72.7395,10.7575],[72.7355,10.7599],[72.737,10.7636],[72.7358,10.7695],[72.7381,10.7719],[72.7402,10.7742],[72.7421,10.7735],[72.7454,10.7717],[72.7477,10.7678],[72.7516,10.7651],[72.7512,10.7612],[72.7474,10.7584],[72.7486,10.7558],[72.7491,10.7528],[72.7481,10.7504],[72.7448,10.749],[72.7431,10.7483],[72.7423,10.7456],[72.7432,10.7422],[72.7462,10.7383],[72.7454,10.7368],[72.7407,10.7347],[72.7397,10.7341],[72.7368,10.7363],[72.7355,10.7363],[72.7313,10.7367],[72.7283,10.7366],[72.7245,10.7383],[72.7225,10.7399],[72.7236,10.7441],[72.725,10.746],[72.7283,10.7483],[72.7297,10.7507],[72.7316,10.7536],[72.7304,10.756],[72.7259,10.7585],[72.7236,10.7594],[72.719,10.7604],[72.7156,10.7593],[72.7161,10.755],[72.7183,10.7511],[72.7229,10.7483],[72.7261,10.7474],[72.7294,10.7486],[72.7319,10.7488],[72.7345,10.747],[72.7351,10.745],[72.736,10.7419],[72.7357,10.738],[72.7314,10.7341],[72.7292,10.733],[72.7247,10.7369],[72.7238,10.7387],[72.7223,10.7418],[72.7212,10.7447],[72.7201,10.7495],[72.7216,10.751],[72.7248,10.7537],[72.7245,10.7566],[72.721,10.7581],[72.7199,10.7617],[72.7196,10.7659],[72.7189,10.7681],[72.7172,10.7724],[72.7164,10.775],[72.7153,10.7756],[72.715,10.7777],[72.7141,10.7823],[72.7145,10.7832],[72.7135,10.7859],[72.711,10.7884],[72.7083,10.7914],[72.7083,10.7931],[72.7078,10.7963],[72.7067,10.7974],[72.704,10.8009],[72.6998,10.8017],[72.6948,10.8025],[72.6912,10.8057],[72.6872,10.8092],[72.6843,10.8095],[72.6818,10.811],[72.6779,10.81],[72.6759,10.8093],[72.6739,10.8073],[72.6713,10.8033],[72.6714,10.8011],[72.6719,10.7952],[72.6727,10.7926],[72.6752,10.7932],[72.6786,10.7933],[72.6841,10.7935],[72.6875,10.7933],[72.6903,10.7918],[72.6927,10.7915],[72.6966,10.7941],[72.6996,10.7949],[72.7025,10.7987],[72.7042,10.8011],[72.7042,10.8056],[72.7026,10.8078],[72.6992,10.8105],[72.6964,10.809],[72.6941,10.8081],[72.6916,10.8108],[72.6868,10.8133],[72.6845,10.8136],[72.6802,10.8136],[72.6763,10.8153],[72.6745,10.819],[72.6711,10.8212],[72.6679,10.825],[72.6672,10.8268],[72.6648,10.8309],[72.6645,10.833],[72.6679,10.8353],[72.6702,10.8381],[72.6711,10.8405],[72.6701,10.8415],[72.6691,10.8453],[72.669,10.8479],[72.6722,10.8516],[72.6742,10.8533],[72.6748,10.8574],[72.6757,10.8598],[72.6777,10.8626],[72.68,10.865],[72.6827,10.8678],[72.6849,10.8683],[72.6877,10.8702],[72.6893,10.8728],[72.6913,10.8763],[72.6907,10.8795],[72.6894,10.8827],[72.6879,10.8839],[72.6843,10.884],[72.6811,10.8833],[72.6774,10.8847],[72.6769,10.8875],[72.6745,10.89],[72.6741,10.8927],[72.6712,10.8911],[72.6686,10.8912],[72.6634,10.8918],[72.6596,10.8904],[72.6548,10.8884],[72.6538,10.8869],[72.6493,10.8842],[72.6463,10.8836],[72.643,10.8829],[72.6426,10.8789],[72.6404,10.8745],[72.6399,10.8736],[72.6387,10.8707],[72.6365,10.8675],[72.6336,10.8637],[72.6319,10.8617],[72.63,10.8599],[72.6266,10.8588],[72.625,10.8553],[72.6233,10.8534],[72.6221,10.8505],[72.6206,10.85],[72.6186,10.8486],[72.6171,10.8465],[72.614,10.8443],[72.6121,10.8419],[72.6074,10.8398],[72.6048,10.8392],[72.6035,10.8351],[72.6019,10.8337],[72.5998,10.836],[72.5998,10.8379],[72.5965,10.8405],[72.5933,10.8398],[72.5909,10.8353],[72.5888,10.8328],[72.588,10.8292],[72.5886,10.8272],[72.5914,10.8272],[72.5931,10.8284],[72.5965,10.8316],[72.5981,10.8332],[72.6002,10.8365],[72.6007,10.8397],[72.6014,10.844],[72.6018,10.8483],[72.604,10.8487],[72.6057,10.8476],[72.6077,10.8443],[72.6095,10.8428],[72.6095,10.8384],[72.6097,10.8342],[72.6124,10.8299],[72.6149,10.8298],[72.6201,10.8326],[72.6234,10.8333],[72.6274,10.8337],[72.6306,10.836],[72.6323,10.8395],[72.6351,10.84],[72.6356,10.8431],[72.6348,10.8457],[72.634,10.8499],[72.6316,10.8504],[72.6306,10.8539],[72.6315,10.8562],[72.6332,10.8603],[72.6342,10.8631],[72.6333,10.8667],[72.6336,10.8715],[72.6313,10.8751],[72.6282,10.875],[72.6247,10.8721],[72.623,10.8721],[72.6183,10.8709],[72.6156,10.8713],[72.6123,10.8727],[72.6102,10.8712],[72.6061,10.8721],[72.6047,10.8719],[72.6063,10.8686],[72.6089,10.8679],[72.6125,10.8644],[72.6145,10.8616],[72.6163,10.8587],[72.6185,10.857],[72.6199,10.8545],[72.6219,10.8529],[72.6232,10.8495],[72.6234,10.8458],[72.6198,10.8421],[72.6188,10.8401],[72.6153,10.8382],[72.6122,10.838],[72.6082,10.8374],[72.6058,10.8397],[72.6022,10.8429],[72.5991,10.8437],[72.5968,10.8466],[72.5961,10.8498],[72.5926,10.8503],[72.5894,10.8484],[72.5854,10.8459],[72.5838,10.8435],[72.5831,10.8386],[72.5851,10.8361],[72.5858,10.8324],[72.5843,10.8282],[72.5831,10.8243],[72.584,10.8233],[72.5862,10.8201],[72.5855,10.8173],[72.585,10.8137],[72.5838,10.8113],[72.5811,10.8072],[72.5792,10.8073],[72.5754,10.812],[72.5729,10.8101],[72.5713,10.8059],[72.5705,10.8034],[72.5699,10.7993],[72.5715,10.7982],[72.5764,10.7978],[72.5795,10.7991],[72.5838,10.8002],[72.5855,10.8028],[72.5875,10.8054],[72.5911,10.807],[72.5947,10.808],[72.5975,10.8102],[72.5944,10.8137],[72.5912,10.8142],[72.5912,10.8088],[72.5909,10.8067],[72.5873,10.8047],[72.5854,10.8021],[72.5829,10.799],[72.5805,10.7981],[72.5818,10.7937],[72.5832,10.7903],[72.5839,10.7859],[72.5855,10.7822],[72.5847,10.7781],[72.585,10.7754],[72.5886,10.7732],[72.5912,10.7723],[72.5944,10.7707],[72.5964,10.7683],[72.5986,10.7646],[72.6007,10.7641],[72.6043,10.7611],[72.6079,10.7617],[72.6078,10.766],[72.6098,10.7689],[72.611,10.7732],[72.611,10.7761],[72.6121,10.7791],[72.6137,10.7819],[72.6175,10.7841],[72.6194,10.7832],[72.622,10.7795],[72.6222,10.7769],[72.6218,10.7725],[72.6227,10.77],[72.6264,10.7705],[72.6293,10.7703],[72.6338,10.7692],[72.6368,10.7701],[72.6402,10.7723],[72.6427,10.7709],[72.645,10.7672],[72.6444,10.7646],[72.6432,10.7588],[72.6422,10.7553],[72.6435,10.7504],[72.6452,10.7482],[72.6463,10.7438],[72.6488,10.7409],[72.6516,10.7378],[72.655,10.7369],[72.6591,10.7354],[72.6634,10.7336],[72.6672,10.731],[72.6689,10.7303],[72.6723,10.7302],[72.674,10.728],[72.6771,10.7262],[72.6755,10.7227],[72.673,10.719],[72.6714,10.7163],[72.6687,10.7123],[72.6664,10.7096],[72.6631,10.7054],[72.6609,10.7036],[72.6575,10.7026],[72.6568,10.7048],[72.6541,10.7089],[72.654,10.7099],[72.6547,10.713],[72.655,10.7163],[72.6591,10.7184],[72.6612,10.7209],[72.6623,10.7252],[72.6625,10.7283],[72.6599,10.7309],[72.6582,10.732],[72.6525,10.7342],[72.6489,10.7346],[72.6452,10.7393],[72.6435,10.7402],[72.641,10.7445],[72.641,10.746],[72.6454,10.748],[72.6472,10.7515],[72.647,10.7548],[72.6487,10.757],[72.6509,10.7582],[72.6535,10.7629],[72.656,10.7673],[72.6592,10.7689],[72.6639,10.7695],[72.6667,10.7693],[72.6696,10.7706],[72.6726,10.7694],[72.6739,10.7666],[72.6779,10.7637],[72.681,10.7654],[72.6832,10.7657],[72.6859,10.764],[72.686,10.7611],[72.685,10.7588],[72.6827,10.7569],[72.6782,10.755],[72.6773,10.7538],[72.6747,10.7578],[72.6723,10.7611],[72.6703,10.7647],[72.6695,10.7691],[72.6721,10.7714],[72.6736,10.7723],[72.6726,10.7764],[72.6737,10.7789],[72.6713,10.7823],[72.6692,10.7844],[72.6645,10.7878],[72.663,10.7905],[72.6614,10.7931],[72.6622,10.7959],[72.6635,10.7989],[72.6614,10.8004],[72.6583,10.802],[72.6574,10.8049],[72.6577,10.8085],[72.6552,10.8102],[72.6548,10.8124],[72.6565,10.8157],[72.6569,10.8201],[72.6565,10.8229],[72.6571,10.8259],[72.6568,10.8297],[72.6514,10.8301],[72.6483,10.8302],[72.6452,10.8285],[72.6457,10.8242],[72.6445,10.8206],[72.6428,10.8188],[72.6385,10.8196],[72.6374,10.8212],[72.6335,10.8244],[72.6318,10.8255],[72.6283,10.8253],[72.6274,10.8244],[72.6256,10.8197],[72.6235,10.8176],[72.6221,10.8149],[72.6237,10.8113],[72.625,10.8071],[72.6267,10.8051]]},"properties":{"mmsi":998178185,"name":"SYN-FSH-00","role":"background","vessel_type":30,"synthetic":true,"t_offset_s":[-259200,-258840,-258600,-258240,-258000,-257640,-257400,-257040,-256800,-256440,-256200,-255840,-255600,-255240,-255000,-254640,-254400,-254040,-253800,-253440,-253200,-252840,-252600,-252240,-252000,-251640,-251400,-251040,-250800,-250440,-250200,-249840,-249600,-249240,-249000,-248640,-248400,-248040,-247800,-247440,-247200,-246840,-246600,-246240,-246000,-245640,-245400,-245040,-244800,-244440,-244200,-243840,-243600,-243240,-243000,-242640,-242400,-242040,-241800,-241440,-241200,-240840,-240600,-240240,-240000,-239640,-239400,-239040,-238800,-238440,-238200,-237840,-237600,-237240,-237000,-236640,-236400,-236040,-235800,-235440,-235200,-234840,-234600,-234240,-234000,-233640,-233400,-233040,-232800,-232440,-232200,-231840,-231600,-231240,-231000,-230640,-230400,-230040,-229800,-229440,-229200,-228840,-228600,-228240,-228000,-227640,-227400,-227040,-226800,-226440,-226200,-225840,-225600,-225240,-225000,-224640,-224400,-224040,-223800,-223440,-223200,-222840,-222600,-222240,-222000,-221640,-221400,-221040,-220800,-220440,-220200,-219840,-219600,-219240,-219000,-218640,-218400,-218040,-217800,-217440,-217200,-216840,-216600,-216240,-216000,-215640,-215400,-215040,-214800,-214440,-214200,-213840,-213600,-213240,-213000,-212640,-212400,-212040,-211800,-211440,-211200,-210840,-210600,-210240,-210000,-209640,-209400,-209040,-208800,-208440,-208200,-207840,-207600,-207240,-207000,-206640,-206400,-206040,-205800,-205440,-205200,-204840,-204600,-204240,-204000,-203640,-203400,-203040,-202800,-202440,-202200,-201840,-201600,-201240,-201000,-200640,-200400,-200040,-199800,-199440,-199200,-198840,-198600,-198240,-198000,-197640,-197400,-197040,-196800,-196440,-196200,-195840,-195600,-195240,-195000,-194640,-194400,-194040,-193800,-193440,-193200,-192840,-192600,-192240,-192000,-191640,-191400,-191040,-190800,-190440,-190200,-189840,-189600,-189240,-189000,-188640,-188400,-188040,-187800,-187440,-187200,-186840,-186600,-186240,-186000,-185640,-185400,-185040,-184800,-184440,-184200,-183840,-183600,-183240,-183000,-182640,-182400,-182040,-181800,-181440,-181200,-180840,-180600,-180240,-180000,-179640,-179400,-179040,-178800,-178440,-178200,-177840,-177600,-177240,-177000,-176640,-176400,-176040,-175800,-175440,-175200,-174840,-174600,-174240,-174000,-173640,-173400,-173040,-172800,-172440,-172200,-171840,-171600,-171240,-171000,-170640,-170400,-170040,-169800,-169440,-169200,-168840,-168600,-168240,-168000,-167640,-167400,-167040,-166800,-166440,-166200,-165840,-165600,-165240,-165000,-164640,-164400,-164040,-163800,-163440,-163200,-162840,-162600,-162240,-162000,-161640,-161400,-161040,-160800,-160440,-160200,-159840,-159600,-159240,-159000,-158640,-158400,-158040,-157800,-157440,-157200,-156840,-156600,-156240,-156000,-155640,-155400,-155040,-154800,-154440,-154200,-153840,-153600,-153240,-153000,-152640,-152400,-152040,-151800,-151440,-151200,-150840,-150600,-150240,-150000,-149640,-149400,-149040,-148800,-148440,-148200,-147840,-147600,-147240,-147000,-146640,-146400,-146040,-145800,-145440,-145200,-144840,-144600,-144240,-144000,-143640,-143400,-143040,-142800,-142440,-142200,-141840,-141600,-141240,-141000,-140640,-140400,-140040,-139800,-139440,-139200,-138840,-138600,-138240,-138000,-137640,-137400,-137040,-136800,-136440,-136200,-135840,-135600,-135240,-135000,-134640,-134400,-134040,-133800,-133440,-133200,-132840,-132600,-132240,-132000,-131640,-131400,-131040,-130800,-130440,-130200,-129840,-129600,-129240,-129000,-128640,-128400,-128040,-127800,-127440,-127200,-126840,-126600,-126240,-126000,-125640,-125400,-125040,-124800,-124440,-124200,-123840,-123600,-123240,-123000,-122640,-122400,-122040,-121800,-121440,-121200,-120840,-120600,-120240,-120000,-119640,-119400,-119040,-118800,-118440,-118200,-117840,-117600,-117240,-117000,-116640,-116400,-116040,-115800,-115440,-115200,-114840,-114600,-114240,-114000,-113640,-113400,-113040,-112800,-112440,-112200,-111840,-111600,-111240,-111000,-110640,-110400,-110040,-109800,-109440,-109200,-108840,-108600,-108240,-108000,-107640,-107400,-107040,-106800,-106440,-106200,-105840,-105600,-105240,-105000,-104640,-104400,-104040,-103800,-103440,-103200,-102840,-102600,-102240,-102000,-101640,-101400,-101040,-100800,-100440,-100200,-99840,-99600,-99240,-99000,-98640,-98400,-98040,-97800,-97440,-97200,-96840,-96600,-96240,-96000,-95640,-95400,-95040,-94800,-94440,-94200,-93840,-93600,-93240,-93000,-92640,-92400,-92040,-91800,-91440,-91200,-90840,-90600,-90240,-90000,-89640,-89400,-89040,-88800,-88440,-88200,-87840,-87600,-87240,-87000,-86640,-86400,-86040,-85800,-85440,-85200,-84840,-84600,-84240,-84000,-83640,-83400,-83040,-82800,-82440,-82200,-81840,-81600,-81240,-81000,-80640,-80400,-80040,-79800,-79440,-79200,-78840,-78600,-78240,-78000,-77640,-77400,-77040,-76800,-76440,-76200,-75840,-75600,-75240,-75000,-74640,-74400,-74040,-73800,-73440,-73200,-72840,-72600,-72240,-72000,-71640,-71400,-71040,-70800,-70440,-70200,-69840,-69600,-69240,-69000,-68640,-68400,-68040,-67800,-67440,-67200,-66840,-66600,-66240,-66000,-65640,-65400,-65040,-64800,-64440,-64200,-63840,-63600,-63240,-63000,-62640,-62400,-62040,-61800,-61440,-61200,-60840,-60600,-60240,-60000,-59640,-59400,-59040,-58800,-58440,-58200,-57840,-57600,-57240,-57000,-56640,-56400,-56040,-55800,-55440,-55200,-54840,-54600,-54240,-54000,-53640,-53400,-53040,-52800,-52440,-52200,-51840,-51600,-51240,-51000,-50640,-50400,-50040,-49800,-49440,-49200,-48840,-48600,-48240,-48000,-47640,-47400,-47040,-46800,-46440,-46200,-45840,-45600,-45240,-45000,-44640,-44400,-44040,-43800,-43440,-43200,-42840,-42600,-42240,-42000,-41640,-41400,-41040,-40800,-40440,-40200,-39840,-39600,-39240,-39000,-38640,-38400,-38040,-37800,-37440,-37200,-36840,-36600,-36240,-36000,-35640,-35400,-35040,-34800,-34440,-34200,-33840,-33600,-33240,-33000,-32640,-32400,-32040,-31800,-31440,-31200,-30840,-30600,-30240,-30000,-29640,-29400,-29040,-28800,-28440,-28200,-27840,-27600,-27240,-27000,-26640,-26400,-26040,-25800,-25440,-25200,-24840,-24600,-24240,-24000,-23640,-23400,-23040,-22800,-22440,-22200,-21840,-21600,-21240,-21000,-20640,-20400,-20040,-19800,-19440,-19200,-18840,-18600,-18240,-18000,-17640,-17400,-17040,-16800,-16440,-16200,-15840,-15600,-15240,-15000,-14640,-14400,-14040,-13800,-13440,-13200,-12840,-12600,-12240,-12000,-11640,-11400,-11040,-10800,-10440,-10200,-9840,-9600,-9240,-9000,-8640,-8400,-8040,-7800,-7440,-7200,-6840,-6600,-6240,-6000,-5640,-5400,-5040,-4800,-4440,-4200,-3840,-3600,-3240,-3000,-2640,-2400,-2040,-1800,-1440,-1200,-840,-600,-240,0,360,600,960,1200,1560,1800,2160,2400,2760,3000,3360,3600,3960,4200,4560,4800,5160,5400,5760,6000,6360,6600,6960,7200,7560,7800,8160,8400,8760,9000,9360,9600,9960,10200,10560,10800,11160,11400,11760,12000,12360,12600,12960,13200,13560,13800,14160,14400,14760,15000,15360,15600,15960,16200,16560,16800,17160,17400,17760,18000,18360,18600,18960,19200,19560,19800,20160,20400,20760,21000,21360,21600,21960,22200,22560,22800,23160,23400,23760,24000,24360,24600,24960,25200,25560,25800,26160,26400,26760,27000,27360,27600,27960,28200,28560,28800,29160,29400,29760,30000,30360,30600,30960,31200,31560,31800,32160,32400,32760,33000,33360,33600,33960,34200,34560,34800,35160,35400,35760,36000,36360,36600,36960,37200,37560,37800,38160,38400,38760,39000,39360,39600,39960,40200,40560,40800,41160,41400,41760,42000,42360,42600,42960,43200,43560,43800,44160,44400,44760,45000,45360,45600,45960,46200,46560,46800,47160,47400,47760,48000,48360,48600,48960,49200,49560,49800,50160,50400,50760,51000,51360,51600,51960,52200,52560,52800,53160,53400,53760,54000,54360,54600,54960,55200,55560,55800,56160,56400,56760,57000,57360,57600,57960,58200,58560,58800,59160,59400,59760,60000,60360,60600,60960,61200,61560,61800,62160,62400,62760,63000,63360,63600,63960,64200,64560,64800,65160,65400,65760,66000,66360,66600,66960,67200,67560,67800,68160,68400,68760,69000,69360,69600,69960,70200,70560,70800,71160,71400,71760,72000,72360,72600,72960,73200,73560,73800,74160,74400,74760,75000,75360,75600,75960,76200,76560,76800,77160,77400,77760,78000,78360,78600,78960,79200,79560,79800,80160,80400,80760,81000,81360,81600,81960,82200,82560,82800,83160,83400,83760,84000,84360,84600,84960,85200,85560,85800,86160,86400],"sog":[3.1,2.5,4.0,5.6,1.6,4.2,4.0,1.9,3.4,3.3,2.6,3.3,2.3,3.2,1.2,2.8,2.5,0.9,2.1,3.7,2.3,3.9,3.8,4.0,1.7,2.6,2.6,3.4,3.1,3.6,2.6,4.8,1.0,3.9,1.8,2.5,2.2,2.5,0.6,4.6,3.4,1.6,2.3,2.2,1.3,3.2,2.3,2.7,4.1,2.6,0.5,3.6,3.5,2.7,1.3,0.8,2.4,2.7,2.9,1.5,1.3,2.9,2.0,2.7,1.9,0.9,2.5,2.5,2.6,3.4,2.9,1.6,3.3,4.4,3.7,1.8,4.8,2.9,2.3,3.0,2.5,2.2,4.0,3.0,2.4,3.1,2.4,2.3,3.5,2.6,3.8,2.4,3.5,3.7,2.9,4.7,2.9,3.9,4.1,2.9,3.1,2.7,2.3,2.0,2.9,1.3,2.9,1.9,1.9,2.6,1.4,1.4,3.9,1.4,2.9,2.9,3.5,1.6,3.1,1.8,2.1,2.2,3.2,2.3,2.0,1.6,1.8,5.7,3.0,3.3,2.0,3.0,2.9,2.1,3.4,2.3,1.8,3.9,2.1,2.3,3.3,2.6,1.5,2.7,2.1,1.4,4.9,1.8,1.2,2.3,4.1,3.4,2.5,3.5,2.3,1.6,2.6,2.7,2.6,2.4,2.7,2.6,3.1,2.4,2.4,4.0,1.5,1.4,3.5,4.1,1.8,1.0,1.8,2.8,2.8,1.3,2.1,1.3,0.7,3.6,3.5,0.8,2.2,1.8,2.2,1.4,1.5,2.4,1.2,3.2,3.6,2.4,2.3,3.1,2.8,2.4,3.1,3.3,2.3,1.6,2.5,2.8,1.9,3.5,3.1,3.1,2.1,3.2,3.4,2.7,2.5,2.4,2.4,2.3,3.5,2.3,3.5,1.8,1.2,2.8,1.6,3.1,3.5,2.6,2.2,1.5,2.5,3.4,1.9,1.9,3.1,0.3,3.8,2.8,1.5,3.3,2.1,3.1,3.7,1.1,3.1,3.8,1.7,2.3,3.0,1.2,4.0,4.3,3.7,1.7,1.9,2.5,2.0,2.0,3.6,2.4,1.4,2.7,3.1,2.4,2.9,1.7,2.0,1.6,1.9,1.6,2.2,3.1,3.7,2.4,3.3,3.1,2.3,1.2,3.1,2.4,1.3,1.8,3.5,2.2,1.7,2.9,0.9,3.3,0.7,3.7,2.7,2.1,2.3,3.2,1.0,2.2,2.5,1.6,3.2,2.5,2.9,2.6,2.9,1.0,1.1,2.5,5.0,2.2,3.1,2.9,1.6,1.1,2.8,1.3,0.4,2.6,1.4,3.1,3.2,3.2,2.7,2.7,2.0,3.3,2.1,0.8,2.8,3.8,3.7,2.2,0.6,2.6,0.8,3.4,2.4,3.5,2.2,2.4,1.7,3.2,1.6,1.6,0.7,2.0,1.1,3.9,2.7,3.0,1.6,1.2,1.9,2.4,2.6,1.0,1.0,4.3,2.7,2.2,3.7,2.1,3.6,1.7,2.8,3.3,3.5,2.0,0.6,2.2,2.8,1.7,2.9,3.3,3.5,2.0,1.8,3.0,2.3,2.2,3.3,1.7,3.2,3.5,3.8,3.8,5.3,0.3,3.5,1.4,3.4,4.2,3.5,4.1,3.9,2.5,4.1,3.0,1.3,1.5,1.7,2.6,2.4,1.3,3.9,0.5,1.4,2.5,2.1,2.5,0.5,1.8,2.4,2.0,2.3,1.6,3.2,0.6,1.8,4.0,3.3,2.6,3.6,1.9,1.9,4.0,3.3,4.2,1.9,3.8,2.8,3.9,4.5,2.8,2.2,1.7,3.0,2.8,4.4,2.8,2.8,0.3,3.6,2.5,3.6,3.8,1.9,1.6,3.4,4.2,2.8,3.8,2.1,0.6,2.8,1.4,3.3,1.7,3.3,3.7,4.1,2.8,0.9,2.6,3.4,3.4,3.9,1.4,4.2,1.9,2.5,3.4,2.1,2.9,1.3,3.2,2.4,2.6,2.8,1.5,2.5,2.5,1.6,2.0,3.3,2.8,3.4,2.5,2.7,2.9,3.1,2.4,2.8,2.5,3.0,1.7,2.0,2.1,2.9,2.2,0.7,4.4,3.1,1.1,4.2,1.2,3.2,2.9,2.4,2.6,2.2,4.1,2.9,2.0,0.3,2.2,2.7,1.2,1.6,3.2,2.8,2.8,2.4,2.1,2.6,2.7,2.7,3.5,3.9,1.4,3.7,3.3,2.9,2.9,2.1,2.8,2.2,2.8,3.1,3.5,1.6,4.2,3.7,4.2,4.7,4.0,2.5,2.1,2.2,2.7,3.8,2.4,2.8,1.3,1.8,2.2,1.9,3.2,1.9,1.2,2.3,1.1,3.0,3.8,1.7,1.9,2.1,1.2,2.9,3.6,3.2,3.9,2.1,2.8,2.7,2.1,1.7,1.3,2.5,4.1,2.1,3.1,2.5,2.8,1.6,1.4,2.9,0.9,2.7,2.2,3.6,3.3,2.3,3.3,3.1,2.5,3.7,3.6,3.5,3.6,2.4,3.0,2.1,2.3,0.3,2.6,2.9,1.8,4.3,2.5,1.7,2.2,1.2,2.1,1.5,3.6,0.8,1.9,1.4,2.7,1.3,2.0,3.8,2.3,2.2,2.0,3.6,1.6,2.5,2.3,1.8,2.7,2.9,1.7,3.1,2.3,1.5,3.0,2.5,2.7,1.7,2.7,3.6,2.6,3.3,3.0,2.9,1.5,2.1,2.6,3.1,3.0,1.7,3.7,1.9,2.4,2.3,0.9,2.5,2.8,2.7,3.5,2.3,2.5,1.8,3.7,2.3,2.5,1.9,4.0,2.5,4.2,3.6,3.2,2.1,1.0,2.2,2.9,2.3,1.9,2.9,2.2,2.4,1.9,2.2,0.3,2.4,3.1,1.7,1.3,2.7,3.6,1.9,2.8,2.5,2.5,2.0,2.0,1.3,3.2,2.1,3.1,1.2,3.3,2.1,2.1,4.1,1.9,3.3,3.8,2.7,2.7,1.1,4.1,2.5,3.3,1.3,2.9,2.0,2.0,2.0,1.1,2.3,0.3,2.7,3.8,3.1,3.6,4.2,4.0,2.4,2.2,1.6,4.4,3.4,3.1,2.8,2.7,1.5,2.4,2.1,4.7,2.0,3.1,1.1,2.9,1.2,2.4,3.5,3.5,3.2,2.5,1.5,1.5,3.1,3.1,2.2,1.5,2.6,3.7,0.9,4.0,1.3,1.9,0.5,3.0,1.2,1.7,2.4,3.8,2.4,2.2,1.7,2.9,2.1,3.2,2.9,2.3,2.4,4.9,5.0,2.7,2.1,1.4,3.2,2.7,1.6,2.5,4.5,3.2,2.9,3.5,2.5,1.6,2.6,2.0,0.5,3.0,2.0,1.8,3.9,1.5,1.0,2.5,3.8,1.2,2.3,1.7,1.5,1.2,2.8,3.5,0.7,1.3,1.0,3.9,4.1,1.9,4.3,3.8,3.9,1.9,4.2,1.7,1.7,2.0,1.9,2.8,2.7,1.0,3.2,2.6,4.0,2.2,4.0,2.4,3.2,3.6,2.9,3.0,1.3,2.6,3.0,3.0,2.8,4.0,2.5,2.8,4.1,1.8,3.6,1.7,2.0,2.4,0.9,1.9,2.7,2.2,1.1,1.7,4.1,4.7,2.5,2.6,2.2,2.9,3.0,2.6,2.2,2.6,1.2,2.9,4.4,2.0,2.1,3.8,1.5,2.0,1.7,3.7,2.1,1.8,2.0,3.1,3.4,3.8,1.1,4.1,4.1,2.8,3.9,4.5,0.3,2.1,3.3,2.8,1.5,1.2,2.5,3.4,1.3,2.2,1.7,1.3,3.5,0.7,3.0,4.1,2.3,3.1,1.4,1.4,1.6,2.2,3.2,2.6,3.1,0.9,1.6,2.5,2.3,2.0,1.8,3.2,1.3,2.8,3.6,1.4,1.1,2.4,2.7,2.0,3.6,3.8,1.3,3.9,3.1,2.9,3.4,2.3,2.4,3.2,2.2,2.7,1.8,1.8,0.8,1.4,3.3,2.9,4.1,2.9,3.5,1.7,1.9,1.9,1.2,0.4,3.1,2.8,2.3,1.8,1.9,3.8,1.8,1.9,2.3,2.2,2.4,3.3,3.6,5.1,2.7,3.3,1.3,1.3,3.6,1.7,3.2,2.2,3.1,2.5,3.5,4.4,2.3,0.9,3.6,2.6,3.7,2.2,1.9,1.2,4.6,1.8,2.5,3.2,1.6,3.6,4.3,2.3,2.2,2.6,1.5,3.7,4.0,2.4,1.5,3.6,2.8,2.6,2.7,2.1,3.8,2.8,0.7,2.6,2.0,2.6,2.6,1.7,2.6,2.1,3.7,2.4,2.5,1.5,2.4,3.1,3.2,2.7,1.6,2.4,3.3,3.2,2.6,3.0,3.8,3.1,2.7,2.7,2.3,1.9,3.1,3.0,2.9,1.3,2.0,3.0,2.4,2.9,1.8,1.7,3.1,3.4,4.2,3.5,1.4,3.0,2.6,3.3,3.1,1.6,3.6,3.4,1.4,2.7,3.6,2.3,3.2,2.7,2.3,3.6,3.5,3.0,2.5,2.5,2.2,1.5,1.5,2.3,3.3,2.3,1.8,2.7,4.5,3.2,1.6,3.7,2.1,2.1,0.7,2.0,0.9,2.2,3.0,1.6,1.2,1.9,4.7,2.8,4.8,3.3,2.9,2.3,2.4,2.6,4.2,3.1,3.4,3.6,2.4,1.3,2.9,3.2,1.5,2.5,4.9,3.5,3.6,2.1,0.3,1.6,2.6,2.4,1.3,3.6,2.9,1.5,2.7,2.9,2.3,2.2,1.8,2.0,2.6,2.2,3.4,2.9,2.8,2.9,4.8,2.6,3.9,2.1,3.7,1.3,3.7,1.5,1.2,4.1,3.1,2.0,2.0,3.7,3.7,3.0,3.1,2.7,1.8]}},{"type":"Feature","geometry":{"type":"LineString","coordinates":[[72.0671,13.1859],[72.0729,13.182],[72.077,13.1806],[72.0849,13.181],[72.0888,13.1835],[72.0923,13.188],[72.0925,13.1935],[72.0989,13.1952],[72.1021,13.198],[72.1061,13.2043],[72.1087,13.2085],[72.1105,13.2148],[72.1087,13.2195],[72.102,13.223],[72.0975,13.2242],[72.0898,13.2216],[72.0849,13.2187],[72.0776,13.2167],[72.0717,13.2175],[72.0664,13.22],[72.0667,13.2239],[72.0713,13.2295],[72.0751,13.2313],[72.0791,13.237],[72.0826,13.2398],[72.0891,13.2378],[72.0934,13.2358],[72.0989,13.234],[72.1002,13.2364],[72.1002,13.2422],[72.1041,13.2456],[72.1084,13.2488],[72.1138,13.2476],[72.1205,13.2453],[72.1261,13.2445],[72.1328,13.2448],[72.1365,13.2471],[72.1433,13.2501],[72.1484,13.2531],[72.1534,13.2563],[72.1589,13.2566],[72.1661,13.2565],[72.1717,13.2565],[72.1756,13.2534],[72.1781,13.2482],[72.1808,13.2422],[72.1848,13.2389],[72.1901,13.2352],[72.1962,13.2371],[72.2029,13.2393],[72.2067,13.2386],[72.2152,13.2366],[72.2191,13.2335],[72.2248,13.2341],[72.2298,13.2349],[72.2338,13.2399],[72.2355,13.2438],[72.2402,13.249],[72.2409,13.253],[72.243,13.2608],[72.2456,13.2655],[72.2524,13.2682],[72.2559,13.2665],[72.2625,13.264],[72.2643,13.2669],[72.2636,13.2728],[72.2623,13.2776],[72.2638,13.2833],[72.2652,13.2873],[72.2711,13.2929],[72.2754,13.2928],[72.2811,13.2973],[72.2849,13.2999],[72.2877,13.3041],[72.2873,13.3086],[72.2876,13.3133],[72.289,13.3178],[72.2942,13.3211],[72.2985,13.3219],[72.3017,13.3285],[72.3015,13.3336],[72.3039,13.341],[72.3073,13.3462],[72.3063,13.3516],[72.3038,13.3564],[72.3031,13.3631],[72.3082,13.3642],[72.3153,13.3625],[72.3202,13.3614],[72.3253,13.3584],[72.3278,13.3624],[72.3272,13.3705],[72.3251,13.375],[72.3199,13.3777],[72.3149,13.3785],[72.3084,13.3804],[72.3033,13.3812],[72.2988,13.3845],[72.2951,13.3849],[72.2894,13.3823],[72.2873,13.3782],[72.2866,13.3713],[72.2891,13.3677],[72.2947,13.3624],[72.2986,13.3621],[72.3048,13.3631],[72.3093,13.3619],[72.3157,13.3592],[72.3202,13.3589],[72.327,13.3583],[72.3313,13.3544],[72.3336,13.3496],[72.3328,13.3448],[72.3297,13.3386],[72.3273,13.3355],[72.3255,13.3288],[72.326,13.3246],[72.3261,13.3156],[72.3254,13.3116],[72.3271,13.3046],[72.3309,13.3011],[72.3341,13.2969],[72.336,13.2921],[72.3377,13.2866],[72.335,13.2823],[72.3301,13.277],[72.3289,13.272],[72.326,13.2663],[72.3243,13.2629],[72.3209,13.2565],[72.324,13.2521],[72.3311,13.248],[72.3367,13.245],[72.3409,13.2404],[72.3453,13.241],[72.3524,13.2447],[72.3569,13.2446],[72.3646,13.2486],[72.3671,13.2526],[72.3726,13.251],[72.3769,13.2527],[72.3812,13.2494],[72.3851,13.2482],[72.3882,13.2513],[72.3876,13.255],[72.3835,13.257],[72.3789,13.2577],[72.3721,13.2591],[72.3687,13.2629],[72.3636,13.2581],[72.3631,13.2538],[72.3679,13.249],[72.3694,13.2442],[72.3767,13.2403],[72.3806,13.2427],[72.3871,13.246],[72.3925,13.2461],[72.3986,13.2459],[72.402,13.2421],[72.4057,13.237],[72.4097,13.2339],[72.4056,13.2277],[72.4082,13.2233],[72.4152,13.2212],[72.419,13.2183],[72.4186,13.2116],[72.416,13.206],[72.4097,13.2013],[72.4047,13.1991],[72.3976,13.1989],[72.3958,13.1956],[72.3966,13.1888],[72.3984,13.1841],[72.4027,13.1794],[72.4047,13.1767],[72.406,13.17],[72.4024,13.1677],[72.4026,13.1584],[72.4029,13.1545],[72.3964,13.1509],[72.3918,13.1479],[72.3876,13.1429],[72.3833,13.1436],[72.3772,13.1453],[72.3731,13.1475],[72.3677,13.1507],[72.3626,13.1533],[72.3573,13.1533],[72.3548,13.1494],[72.3531,13.1434],[72.353,13.1379],[72.3586,13.132],[72.3594,13.1273],[72.3604,13.1205],[72.3618,13.1144],[72.3624,13.1076],[72.3624,13.1032],[72.3623,13.0962],[72.3641,13.0923],[72.37,13.0879],[72.3738,13.0881],[72.381,13.0919],[72.3845,13.0967],[72.3884,13.102],[72.3922,13.1036],[72.3954,13.1098],[72.3964,13.1132],[72.3942,13.1184],[72.392,13.1222],[72.3918,13.1292],[72.3902,13.1323],[72.3875,13.1372],[72.3871,13.1407],[72.3871,13.1476],[72.3831,13.1523],[72.38,13.1586],[72.378,13.1625],[72.3744,13.1687],[72.3699,13.1702],[72.3631,13.1678],[72.3583,13.1647],[72.3531,13.1606],[72.3482,13.1575],[72.3442,13.1554],[72.3391,13.1556],[72.3341,13.1588],[72.3344,13.1611],[72.3318,13.1688],[72.3285,13.1712],[72.3239,13.1779],[72.3273,13.1825],[72.3339,13.1811],[72.3372,13.1828],[72.341,13.1896],[72.3428,13.1924],[72.3444,13.1998],[72.3441,13.2043],[72.3431,13.2106],[72.34,13.214],[72.336,13.219],[72.3354,13.2235],[72.3311,13.2302],[72.3282,13.2347],[72.3239,13.2412],[72.3189,13.2441],[72.3129,13.2487],[72.308,13.2494],[72.3009,13.2461],[72.297,13.2466],[72.2902,13.2462],[72.2858,13.2478],[72.2826,13.2543],[72.2813,13.259],[72.2829,13.2653],[72.2846,13.2693],[72.2808,13.2735],[72.2762,13.2724],[72.2677,13.2729],[72.2627,13.2698],[72.2575,13.2666],[72.2532,13.2658],[72.2453,13.2655],[72.2412,13.2675],[72.2347,13.2666],[72.2299,13.2648],[72.2243,13.2668],[72.2239,13.2719],[72.2178,13.2758],[72.2142,13.2724],[72.2124,13.2676],[72.2082,13.2628],[72.2119,13.2567],[72.2143,13.2537],[72.2119,13.2472],[72.2108,13.2442],[72.2079,13.2389],[72.2028,13.24],[72.1988,13.2402],[72.1947,13.2373],[72.1876,13.239],[72.1831,13.2403],[72.179,13.2462],[72.1759,13.2482],[72.1713,13.2537],[72.1685,13.2567],[72.1665,13.2626],[72.1643,13.2677],[72.1622,13.2744],[72.1647,13.279],[72.1644,13.2856],[72.1624,13.2891],[72.1587,13.296],[72.1569,13.2993],[72.158,13.3059],[72.1591,13.3086],[72.1611,13.3133],[72.1626,13.3165],[72.1679,13.322],[72.1716,13.325],[72.1781,13.3309],[72.1836,13.3303],[72.1893,13.3259],[72.1946,13.326],[72.2013,13.323],[72.2038,13.3173],[72.203,13.3121],[72.2039,13.3085],[72.2044,13.3019],[72.2041,13.2978],[72.2022,13.2918],[72.1972,13.289],[72.1921,13.284],[72.1899,13.2799],[72.1845,13.2743],[72.1805,13.2705],[72.1747,13.2665],[72.1727,13.2633],[72.1704,13.2564],[72.1717,13.2516],[72.1704,13.2436],[72.1713,13.2394],[72.1731,13.2325],[72.1766,13.2284],[72.1803,13.2232],[72.1866,13.2201],[72.195,13.222],[72.1978,13.2265],[72.201,13.2314],[72.2,13.236],[72.203,13.2415],[72.2045,13.2464],[72.2039,13.2551],[72.2037,13.2597],[72.2041,13.2658],[72.2043,13.2705],[72.2059,13.2774],[72.207,13.2834],[72.2083,13.2916],[72.2051,13.2944],[72.1981,13.2952],[72.1937,13.298],[72.1897,13.3037],[72.1896,13.3077],[72.1918,13.3136],[72.1938,13.3167],[72.1982,13.3208],[72.199,13.3244],[72.2055,13.3249],[72.2092,13.3283],[72.2159,13.3336],[72.2186,13.3359],[72.2239,13.3405],[72.2246,13.3452],[72.2272,13.3514],[72.23,13.3551],[72.2315,13.3608],[72.2316,13.365],[72.2321,13.3718],[72.2307,13.3764],[72.2328,13.3822],[72.2338,13.3873],[72.23,13.3911],[72.2262,13.3916],[72.2175,13.393],[72.2124,13.393],[72.2048,13.3913],[72.2,13.394],[72.1936,13.3956],[72.1902,13.3974],[72.1902,13.4036],[72.1897,13.4069],[72.1908,13.413],[72.1948,13.4124],[72.1972,13.4053],[72.1998,13.4018],[72.2047,13.3959],[72.2051,13.3901],[72.203,13.3853],[72.1959,13.3836],[72.1901,13.3828],[72.1866,13.3806],[72.1813,13.3781],[72.1779,13.3798],[72.1725,13.3825],[72.1699,13.3858],[72.1646,13.3904],[72.1597,13.3917],[72.1519,13.3943],[72.1482,13.3953],[72.1418,13.3957],[72.137,13.3971],[72.1322,13.3936],[72.1293,13.3896],[72.1311,13.3803],[72.1304,13.3752],[72.1301,13.3689],[72.1296,13.3656],[72.1266,13.3603],[72.1289,13.3558],[72.1315,13.35],[72.1332,13.3457],[72.1316,13.3406],[72.128,13.3371],[72.1239,13.3296],[72.12,13.326],[72.1178,13.319],[72.1162,13.3135],[72.1128,13.3077],[72.1084,13.3058],[72.104,13.3011],[72.0997,13.2995],[72.093,13.2954],[72.0954,13.2922],[72.1015,13.2893],[72.1055,13.2877],[72.1102,13.2922],[72.1112,13.2962],[72.1071,13.3009],[72.1029,13.3041],[72.0949,13.3017],[72.0897,13.3006],[72.085,13.2971],[72.0817,13.2957],[72.0765,13.292],[72.0733,13.2883],[72.0668,13.2842],[72.0654,13.2808],[72.0582,13.2784],[72.0523,13.2776],[72.0466,13.2821],[72.0449,13.2885],[72.0446,13.2952],[72.043,13.3002],[72.0426,13.3071],[72.0455,13.3096],[72.0503,13.3147],[72.0547,13.3155],[72.0608,13.3151],[72.062,13.3115],[72.064,13.3045],[72.064,13.2992],[72.0615,13.2926],[72.0605,13.2876],[72.052,13.2875],[72.0464,13.2883],[72.0398,13.2923],[72.0353,13.2911],[72.0309,13.2879],[72.0304,13.283],[72.0254,13.2793],[72.0211,13.2772],[72.0187,13.2699],[72.0193,13.2657],[72.021,13.2581],[72.0228,13.254],[72.0299,13.25],[72.0333,13.251],[72.0393,13.2555],[72.0421,13.2587],[72.0489,13.2646],[72.0548,13.2645],[72.0567,13.2685],[72.0523,13.2703],[72.0452,13.273],[72.0413,13.2751],[72.0437,13.2804],[72.0491,13.2813],[72.0552,13.2818],[72.059,13.2849],[72.0616,13.2911],[72.0646,13.2928],[72.072,13.2943],[72.0739,13.2974],[72.0718,13.3011],[72.0682,13.3036],[72.0613,13.3036],[72.0566,13.3065],[72.0492,13.3043],[72.0468,13.3028],[72.0429,13.2967],[72.042,13.2929],[72.0453,13.2883],[72.0497,13.287],[72.0541,13.2918],[72.0551,13.2962],[72.051,13.3014],[72.0491,13.3055],[72.051,13.3124],[72.0503,13.3146],[72.047,13.3215],[72.0437,13.3249],[72.039,13.3284],[72.0343,13.3284],[72.0288,13.3245],[72.0252,13.3226],[72.0184,13.3229],[72.0148,13.3235],[72.0089,13.3228],[72.0078,13.3174],[72.0099,13.3109],[72.012,13.3072],[72.017,13.3082],[72.0202,13.3112],[72.0217,13.3178],[72.0212,13.322],[72.0229,13.3288],[72.0251,13.3327],[72.0268,13.3387],[72.022,13.3407],[72.0161,13.3388],[72.0118,13.336],[72.0066,13.33],[72.0061,13.3257],[72.0005,13.32],[71.9964,13.3185],[71.9945,13.3127],[71.9937,13.3069],[71.9979,13.2996],[71.9982,13.2966],[72.0006,13.2905],[72.0004,13.285],[72.006,13.2811],[72.0073,13.2766],[72.0102,13.2696],[72.0086,13.2643],[72.0066,13.259],[72.0041,13.2552],[71.9973,13.2533],[71.9934,13.2508],[71.9876,13.2485],[71.983,13.2483],[71.9783,13.2434],[71.9763,13.2412],[71.9699,13.2403],[71.9678,13.2417],[71.9629,13.246],[71.959,13.2503],[71.9514,13.2505],[71.9513,13.2454],[71.951,13.2404],[71.9527,13.2362],[71.9576,13.2284],[71.9564,13.2243],[71.9533,13.2197],[71.9529,13.2143],[71.9477,13.2113],[71.9436,13.2092],[71.936,13.2092],[71.9316,13.2119],[71.9255,13.2152],[71.9258,13.2203],[71.9287,13.2263],[71.9331,13.2263],[71.9402,13.226],[71.9441,13.2283],[71.9518,13.2282],[71.9534,13.2247],[71.9531,13.2189],[71.9556,13.2155],[71.9573,13.2072],[71.954,13.205],[71.9471,13.2024],[71.9428,13.2053],[71.9346,13.2054],[71.9317,13.2075],[71.9287,13.2095],[71.9277,13.2128],[71.9207,13.2173],[71.9166,13.2168],[71.9096,13.2199],[71.9069,13.2217],[71.9023,13.2261],[71.9007,13.2285],[71.8953,13.2313],[71.8923,13.2363],[71.8879,13.2414],[71.885,13.2445],[71.8889,13.2491],[71.8928,13.2471],[71.8953,13.2415],[71.8981,13.2387],[71.9042,13.2347],[71.9091,13.2339],[71.913,13.2288],[71.9142,13.2239],[71.9163,13.2186],[71.918,13.2152],[71.9197,13.208],[71.9201,13.2036],[71.9239,13.1987],[71.9289,13.1978],[71.9349,13.1967],[71.9399,13.1967],[71.9473,13.1952],[71.9506,13.1936],[71.9556,13.1907],[71.96,13.1891],[71.9575,13.1837],[71.9607,13.1786],[71.9679,13.1786],[71.9679,13.1827],[71.9737,13.1847],[71.978,13.1831],[71.9795,13.1752],[71.9769,13.1722],[71.973,13.167],[71.9703,13.1626],[71.9667,13.1562],[71.9604,13.1522],[71.9546,13.1509],[71.9502,13.152],[71.9429,13.1513],[71.9393,13.1483],[71.9352,13.1409],[71.9351,13.1361],[71.9359,13.1292],[71.9366,13.1242],[71.9416,13.1192],[71.9437,13.1167],[71.9521,13.1152],[71.9557,13.1135],[71.9593,13.1096],[71.9596,13.1056],[71.9545,13.0994],[71.9497,13.0971],[71.9443,13.0902],[71.9454,13.086],[71.9494,13.0814],[71.949,13.0766],[71.9437,13.0728],[71.9387,13.0709],[71.9319,13.0701],[71.9281,13.0689],[71.9225,13.0701],[71.9169,13.0735],[71.9103,13.0762],[71.9081,13.079],[71.9091,13.086],[71.9084,13.091],[71.9038,13.0928],[71.9008,13.0957],[71.8945,13.1006],[71.8903,13.1008],[71.8834,13.1041],[71.8792,13.1076],[71.8796,13.1136],[71.8766,13.1191],[71.8773,13.125],[71.8775,13.1293],[71.8799,13.1353],[71.884,13.1387],[71.8899,13.1446],[71.8954,13.147],[71.9011,13.1511],[71.9066,13.1535],[71.9103,13.1577],[71.9158,13.1588],[71.9241,13.1594],[71.9295,13.1585],[71.9312,13.151],[71.9302,13.1472],[71.9271,13.1412],[71.9243,13.1388],[71.9197,13.1349],[71.9177,13.1387],[71.9137,13.1446],[71.9092,13.146],[71.9023,13.1494],[71.8998,13.1516],[71.8932,13.1544],[71.89,13.1561],[71.8856,13.1597],[71.8852,13.1628],[71.8807,13.1677],[71.8755,13.168],[71.8711,13.1643],[71.8686,13.1607],[71.861,13.1557],[71.8572,13.1532],[71.8529,13.1477],[71.8517,13.1439],[71.8481,13.138],[71.8451,13.1344],[71.8373,13.133],[71.8341,13.1294],[71.8291,13.1259],[71.8268,13.1228],[71.823,13.1168],[71.8206,13.1129],[71.8223,13.1064],[71.8264,13.1041],[71.8268,13.0974],[71.824,13.0936],[71.8229,13.0872],[71.8251,13.0819],[71.824,13.0759],[71.8254,13.0713],[71.8279,13.0654],[71.8303,13.0623],[71.8326,13.055],[71.8303,13.0501],[71.829,13.0445],[71.8281,13.0397],[71.8241,13.0327],[71.8232,13.0285],[71.8276,13.0249],[71.8322,13.027],[71.8375,13.0307],[71.8405,13.0342],[71.8448,13.0403],[71.8489,13.039],[71.8536,13.0367],[71.8584,13.0357],[71.8623,13.0401],[71.8638,13.0457],[71.8634,13.0514],[71.8654,13.0552],[71.865,13.0604],[71.8631,13.0649],[71.8607,13.0705],[71.8606,13.0751],[71.8643,13.0809],[71.8677,13.0837],[71.8741,13.0867],[71.8758,13.0905],[71.8805,13.097],[71.884,13.0967],[71.8868,13.0927],[71.8898,13.0899],[71.8976,13.0877],[71.9011,13.0872],[71.9016,13.0803],[71.9056,13.0782],[71.9126,13.0781],[71.9172,13.0776],[71.925,13.0792],[71.9268,13.075],[71.9268,13.0673],[71.9265,13.0627],[71.9292,13.0562],[71.9297,13.05],[71.9291,13.0424],[71.9294,13.0391],[71.9331,13.034],[71.9372,13.0334],[71.9437,13.031],[71.9486,13.0324],[71.9564,13.0338],[71.9588,13.0379],[71.9577,13.0445],[71.9564,13.0484],[71.9551,13.0541],[71.95,13.0551],[71.9426,13.0555],[71.9404,13.0523],[71.934,13.0489],[71.9297,13.0491],[71.9239,13.0536],[71.9198,13.0568],[71.9211,13.0625],[71.9256,13.0611],[71.9294,13.0538],[71.9293,13.0491],[71.9295,13.0402],[71.9292,13.0357],[71.9303,13.0298],[71.9305,13.0246],[71.9353,13.0189],[71.9394,13.0183],[71.9448,13.0191],[71.9486,13.0202],[71.9501,13.0257],[71.9497,13.0305],[71.9505,13.0384],[71.9504,13.0428],[71.9553,13.0489],[71.9574,13.0517],[71.9635,13.0553],[71.9652,13.0605],[71.9692,13.0665],[71.9689,13.0703],[71.9684,13.0787],[71.9655,13.0837],[71.9595,13.0871],[71.9542,13.0892],[71.9465,13.0881],[71.9426,13.0893],[71.9352,13.0929],[71.9303,13.0921],[71.9245,13.0889],[71.9235,13.084],[71.9192,13.0777],[71.9149,13.0776],[71.909,13.0818],[71.907,13.0843],[71.9001,13.0866],[71.8954,13.0882],[71.8924,13.0953],[71.892,13.0995],[71.8924,13.1074],[71.8937,13.1117],[71.9,13.114],[71.9023,13.1113],[71.906,13.1046],[71.908,13.1007],[71.9086,13.0936],[71.9056,13.0905],[71.8991,13.0868],[71.8953,13.0842],[71.8884,13.0784],[71.8836,13.0768],[71.8796,13.0702],[71.8755,13.0684],[71.871,13.0672],[71.8665,13.0651],[71.859,13.0644],[71.8539,13.0642],[71.8469,13.0652],[71.8427,13.0681],[71.84,13.073],[71.8389,13.0765],[71.8402,13.0827],[71.8381,13.0883],[71.8348,13.0948],[71.8312,13.0974],[71.8263,13.1022],[71.8211,13.1052],[71.8183,13.1107],[71.822,13.1132],[71.8279,13.1156],[71.8312,13.1177],[71.8349,13.1221],[71.8335,13.1264],[71.8313,13.1343],[71.8313,13.1387],[71.8363,13.1432],[71.8425,13.1437],[71.8482,13.1397],[71.8518,13.1427],[71.8563,13.145],[71.8595,13.1473],[71.8666,13.151],[71.8711,13.153],[71.8778,13.1518],[71.8811,13.1463],[71.8796,13.14],[71.8759,13.1356],[71.8682,13.1347],[71.8617,13.1344],[71.8552,13.1352],[71.8513,13.132],[71.8506,13.1246],[71.851,13.1198],[71.849,13.1125],[71.8494,13.1088],[71.8538,13.1068],[71.8567,13.106],[71.8619,13.1101],[71.8607,13.1142],[71.8535,13.1169],[71.8499,13.1178],[71.843,13.1174],[71.8393,13.1151],[71.839,13.1098],[71.8367,13.1062],[71.8308,13.1018],[71.8298,13.0996],[71.826,13.0961],[71.8206,13.0936],[71.8162,13.0875],[71.8171,13.084],[71.8157,13.0775],[71.8112,13.0739],[71.8063,13.0658],[71.8055,13.0613],[71.8083,13.0545],[71.8089,13.0502],[71.8142,13.0449],[71.8172,13.0411],[71.821,13.0367],[71.8236,13.0318],[71.8203,13.026],[71.8182,13.0225],[71.8099,13.0268],[71.8063,13.0277],[71.7975,13.0287],[71.7953,13.0331],[71.7882,13.0365],[71.7857,13.0382],[71.7845,13.0442],[71.7854,13.048],[71.7904,13.0543],[71.7919,13.0582],[71.7957,13.0628],[71.7997,13.0658],[71.8054,13.0682],[71.8083,13.0644],[71.8055,13.0587],[71.8018,13.056],[71.7949,13.0596],[71.7912,13.0616],[71.7887,13.0699],[71.7907,13.0727],[71.7974,13.0748],[71.8013,13.0763],[71.8041,13.0827],[71.8002,13.0871],[71.7962,13.0908],[71.7933,13.093],[71.7873,13.0944],[71.7832,13.0925],[71.778,13.0891],[71.7734,13.0856],[71.7723,13.0803],[71.7683,13.0755],[71.7638,13.0722],[71.7677,13.0691],[71.7739,13.0637],[71.7758,13.0599],[71.7781,13.0517],[71.7797,13.0476],[71.784,13.0417],[71.7827,13.0372],[71.7887,13.0326],[71.7918,13.0305],[71.7959,13.0354],[71.7972,13.041],[71.7964,13.0479],[71.7992,13.0518],[71.8023,13.0554],[71.8063,13.0588],[71.8098,13.0648],[71.8088,13.0681],[71.8029,13.07],[71.7988,13.0685],[71.7961,13.0633],[71.7972,13.0574],[71.8,13.0518],[71.8007,13.048],[71.8036,13.0423],[71.8035,13.0375],[71.8047,13.0313],[71.8051,13.0275],[71.8063,13.0194],[71.8061,13.0149],[71.8097,13.011],[71.8127,13.0059],[71.817,13.0001],[71.82,12.9979],[71.8231,12.9927],[71.8219,12.9884],[71.8169,12.9839],[71.8158,12.9793],[71.812,12.9714],[71.8124,12.9664],[71.8182,12.9612],[71.8216,12.96],[71.8302,12.962],[71.8348,12.9609],[71.8401,12.9554],[71.8425,12.9527],[71.8464,12.9474],[71.8473,12.9425],[71.8515,12.9389],[71.856,12.9354],[71.8602,12.9307],[71.861,12.9255],[71.8621,12.9177],[71.8601,12.9137],[71.8546,12.9135],[71.849,12.9135],[71.8419,12.9135],[71.8384,12.9099],[71.8348,12.9057],[71.832,12.9016],[71.8255,12.9005],[71.8216,12.9056],[71.8163,12.9109],[71.8151,12.9167],[71.8153,12.9235],[71.8154,12.929],[71.8081,12.932],[71.8041,12.9355],[71.808,12.9415],[71.8128,12.9399],[71.82,12.9404],[71.8233,12.9423],[71.8321,12.9425],[71.8359,12.9447],[71.8422,12.9451],[71.8464,12.9436],[71.8549,12.9446],[71.8605,12.944],[71.8656,12.9388],[71.8694,12.9359],[71.8736,12.9317],[71.8778,12.9288],[71.8842,12.931],[71.8856,12.9354],[71.8897,12.9415],[71.8943,12.9447],[71.8973,12.9512],[71.8978,12.9552],[71.8997,12.9632],[71.9031,12.9669],[71.9088,12.9703],[71.9135,12.9716],[71.9196,12.9675],[71.9209,12.9619],[71.9195,12.9577],[71.923,12.9526],[71.9272,12.9476],[71.9286,12.9431],[71.9309,12.9373],[71.9341,12.9323],[71.938,12.9285],[71.9421,12.9266],[71.9453,12.9217],[71.9494,12.9233],[71.9559,12.9235],[71.9584,12.925],[71.9649,12.9239],[71.9678,12.9246],[71.973,12.9269],[71.9775,12.9276],[71.9848,12.9293],[71.9882,12.9247],[71.9927,12.9182],[71.9929,12.9131],[71.9947,12.9056],[71.9973,12.9016],[72.0024,12.8986],[72.005,12.8932],[72.0028,12.8862],[72.0058,12.8831],[72.0044,12.8752],[71.9997,12.8737],[71.9955,12.8685],[71.993,12.8643],[71.9884,12.8575],[71.9871,12.8532],[71.9852,12.845],[71.9849,12.8418],[71.983,12.8353],[71.9832,12.8314],[71.9839,12.8246],[71.9887,12.8211],[71.9887,12.8146],[71.9864,12.811],[71.9803,12.8076],[71.9787,12.8043],[71.9839,12.7998],[71.9855,12.802],[71.9903,12.8094],[71.9902,12.8136],[71.9856,12.8186],[71.9809,12.8205],[71.9737,12.8192],[71.9688,12.8168],[71.9621,12.8138],[71.9576,12.8133],[71.9514,12.8128],[71.9474,12.8169],[71.9417,12.8172],[71.9384,12.8126],[71.9419,12.808],[71.9481,12.8077],[71.9539,12.8074],[71.958,12.8048],[71.9646,12.8014],[71.9683,12.7997],[71.9735,12.7989],[71.977,12.8036],[71.9809,12.8086],[71.9831,12.8142],[71.9845,12.8196],[71.9857,12.8233],[71.991,12.8264],[71.996,12.8261],[72.0004,12.8193],[72.0009,12.8145],[71.9996,12.808],[71.9967,12.8057],[71.9935,12.8012],[71.9908,12.7981],[71.9877,12.7913],[71.9844,12.7876],[71.9817,12.781],[71.9827,12.7777],[71.9845,12.7704],[71.9866,12.7668],[71.9893,12.762],[71.989,12.7566],[71.9869,12.7504],[71.984,12.7458],[71.9802,12.7407],[71.9815,12.7355],[71.9852,12.7296],[71.9838,12.7252],[71.9792,12.7233],[71.9736,12.7226],[71.9682,12.7182],[71.9674,12.7155],[71.9715,12.708],[71.9717,12.7024],[71.9687,12.697],[71.969,12.6935],[71.9714,12.6882],[71.9724,12.6841],[71.9731,12.677],[71.9716,12.6709],[71.9742,12.6657],[71.9761,12.6616],[71.9766,12.6533],[71.9723,12.6503],[71.9684,12.6444],[71.9685,12.6392],[71.971,12.6324],[71.9726,12.6295],[71.9795,12.6244],[71.983,12.6224],[71.986,12.6155],[71.9886,12.6105],[71.9948,12.6075],[71.9962,12.6011],[71.9984,12.5953],[72.0039,12.5934],[72.0124,12.5961],[72.0148,12.5992],[72.0106,12.6055],[72.0061,12.6065],[71.9993,12.6041],[71.997,12.5996],[71.9957,12.5936],[71.9946,12.5903],[72.0007,12.5858],[71.9998,12.5804],[71.9935,12.5764],[71.9915,12.573],[71.9915,12.5659],[71.9968,12.5649],[72.0047,12.5655],[72.0093,12.5647],[72.0135,12.5697],[72.0171,12.5726],[72.0228,12.577],[72.019,12.5787],[72.0144,12.5859],[72.0157,12.5914],[72.0223,12.5926],[72.0266,12.5944],[72.0344,12.5965],[72.0389,12.5978]]},"properties":{"mmsi":998331165,"name":"SYN-FSH-04","role":"background","vessel_type":30,"synthetic":true,"t_offset_s":[-259200,-258840,-258600,-258240,-258000,-257640,-257400,-257040,-256800,-256440,-256200,-255840,-255600,-255240,-255000,-254640,-254400,-254040,-253800,-253440,-253200,-252840,-252600,-252240,-252000,-251640,-251400,-251040,-250800,-250440,-250200,-249840,-249600,-249240,-249000,-248640,-248400,-248040,-247800,-247440,-247200,-246840,-246600,-246240,-246000,-245640,-245400,-245040,-244800,-244440,-244200,-243840,-243600,-243240,-243000,-242640,-242400,-242040,-241800,-241440,-241200,-240840,-240600,-240240,-240000,-239640,-239400,-239040,-238800,-238440,-238200,-237840,-237600,-237240,-237000,-236640,-236400,-236040,-235800,-235440,-235200,-234840,-234600,-234240,-234000,-233640,-233400,-233040,-232800,-232440,-232200,-231840,-231600,-231240,-231000,-230640,-230400,-230040,-229800,-229440,-229200,-228840,-228600,-228240,-228000,-227640,-227400,-227040,-226800,-226440,-226200,-225840,-225600,-225240,-225000,-224640,-224400,-224040,-223800,-223440,-223200,-222840,-222600,-222240,-222000,-221640,-221400,-221040,-220800,-220440,-220200,-219840,-219600,-219240,-219000,-218640,-218400,-218040,-217800,-217440,-217200,-216840,-216600,-216240,-216000,-215640,-215400,-215040,-214800,-214440,-214200,-213840,-213600,-213240,-213000,-212640,-212400,-212040,-211800,-211440,-211200,-210840,-210600,-210240,-210000,-209640,-209400,-209040,-208800,-208440,-208200,-207840,-207600,-207240,-207000,-206640,-206400,-206040,-205800,-205440,-205200,-204840,-204600,-204240,-204000,-203640,-203400,-203040,-202800,-202440,-202200,-201840,-201600,-201240,-201000,-200640,-200400,-200040,-199800,-199440,-199200,-198840,-198600,-198240,-198000,-197640,-197400,-197040,-196800,-196440,-196200,-195840,-195600,-195240,-195000,-194640,-194400,-194040,-193800,-193440,-193200,-192840,-192600,-192240,-192000,-191640,-191400,-191040,-190800,-190440,-190200,-189840,-189600,-189240,-189000,-188640,-188400,-188040,-187800,-187440,-187200,-186840,-186600,-186240,-186000,-185640,-185400,-185040,-184800,-184440,-184200,-183840,-183600,-183240,-183000,-182640,-182400,-182040,-181800,-181440,-181200,-180840,-180600,-180240,-180000,-179640,-179400,-179040,-178800,-178440,-178200,-177840,-177600,-177240,-177000,-176640,-176400,-176040,-175800,-175440,-175200,-174840,-174600,-174240,-174000,-173640,-173400,-173040,-172800,-172440,-172200,-171840,-171600,-171240,-171000,-170640,-170400,-170040,-169800,-169440,-169200,-168840,-168600,-168240,-168000,-167640,-167400,-167040,-166800,-166440,-166200,-165840,-165600,-165240,-165000,-164640,-164400,-164040,-163800,-163440,-163200,-162840,-162600,-162240,-162000,-161640,-161400,-161040,-160800,-160440,-160200,-159840,-159600,-159240,-159000,-158640,-158400,-158040,-157800,-157440,-157200,-156840,-156600,-156240,-156000,-155640,-155400,-155040,-154800,-154440,-154200,-153840,-153600,-153240,-153000,-152640,-152400,-152040,-151800,-151440,-151200,-150840,-150600,-150240,-150000,-149640,-149400,-149040,-148800,-148440,-148200,-147840,-147600,-147240,-147000,-146640,-146400,-146040,-145800,-145440,-145200,-144840,-144600,-144240,-144000,-143640,-143400,-143040,-142800,-142440,-142200,-141840,-141600,-141240,-141000,-140640,-140400,-140040,-139800,-139440,-139200,-138840,-138600,-138240,-138000,-137640,-137400,-137040,-136800,-136440,-136200,-135840,-135600,-135240,-135000,-134640,-134400,-134040,-133800,-133440,-133200,-132840,-132600,-132240,-132000,-131640,-131400,-131040,-130800,-130440,-130200,-129840,-129600,-129240,-129000,-128640,-128400,-128040,-127800,-127440,-127200,-126840,-126600,-126240,-126000,-125640,-125400,-125040,-124800,-124440,-124200,-123840,-123600,-123240,-123000,-122640,-122400,-122040,-121800,-121440,-121200,-120840,-120600,-120240,-120000,-119640,-119400,-119040,-118800,-118440,-118200,-117840,-117600,-117240,-117000,-116640,-116400,-116040,-115800,-115440,-115200,-114840,-114600,-114240,-114000,-113640,-113400,-113040,-112800,-112440,-112200,-111840,-111600,-111240,-111000,-110640,-110400,-110040,-109800,-109440,-109200,-108840,-108600,-108240,-108000,-107640,-107400,-107040,-106800,-106440,-106200,-105840,-105600,-105240,-105000,-104640,-104400,-104040,-103800,-103440,-103200,-102840,-102600,-102240,-102000,-101640,-101400,-101040,-100800,-100440,-100200,-99840,-99600,-99240,-99000,-98640,-98400,-98040,-97800,-97440,-97200,-96840,-96600,-96240,-96000,-95640,-95400,-95040,-94800,-94440,-94200,-93840,-93600,-93240,-93000,-92640,-92400,-92040,-91800,-91440,-91200,-90840,-90600,-90240,-90000,-89640,-89400,-89040,-88800,-88440,-88200,-87840,-87600,-87240,-87000,-86640,-86400,-86040,-85800,-85440,-85200,-84840,-84600,-84240,-84000,-83640,-83400,-83040,-82800,-82440,-82200,-81840,-81600,-81240,-81000,-80640,-80400,-80040,-79800,-79440,-79200,-78840,-78600,-78240,-78000,-77640,-77400,-77040,-76800,-76440,-76200,-75840,-75600,-75240,-75000,-74640,-74400,-74040,-73800,-73440,-73200,-72840,-72600,-72240,-72000,-71640,-71400,-71040,-70800,-70440,-70200,-69840,-69600,-69240,-69000,-68640,-68400,-68040,-67800,-67440,-67200,-66840,-66600,-66240,-66000,-65640,-65400,-65040,-64800,-64440,-64200,-63840,-63600,-63240,-63000,-62640,-62400,-62040,-61800,-61440,-61200,-60840,-60600,-60240,-60000,-59640,-59400,-59040,-58800,-58440,-58200,-57840,-57600,-57240,-57000,-56640,-56400,-56040,-55800,-55440,-55200,-54840,-54600,-54240,-54000,-53640,-53400,-53040,-52800,-52440,-52200,-51840,-51600,-51240,-51000,-50640,-50400,-50040,-49800,-49440,-49200,-48840,-48600,-48240,-48000,-47640,-47400,-47040,-46800,-46440,-46200,-45840,-45600,-45240,-45000,-44640,-44400,-44040,-43800,-43440,-43200,-42840,-42600,-42240,-42000,-41640,-41400,-41040,-40800,-40440,-40200,-39840,-39600,-39240,-39000,-38640,-38400,-38040,-37800,-37440,-37200,-36840,-36600,-36240,-36000,-35640,-35400,-35040,-34800,-34440,-34200,-33840,-33600,-33240,-33000,-32640,-32400,-32040,-31800,-31440,-31200,-30840,-30600,-30240,-30000,-29640,-29400,-29040,-28800,-28440,-28200,-27840,-27600,-27240,-27000,-26640,-26400,-26040,-25800,-25440,-25200,-24840,-24600,-24240,-24000,-23640,-23400,-23040,-22800,-22440,-22200,-21840,-21600,-21240,-21000,-20640,-20400,-20040,-19800,-19440,-19200,-18840,-18600,-18240,-18000,-17640,-17400,-17040,-16800,-16440,-16200,-15840,-15600,-15240,-15000,-14640,-14400,-14040,-13800,-13440,-13200,-12840,-12600,-12240,-12000,-11640,-11400,-11040,-10800,-10440,-10200,-9840,-9600,-9240,-9000,-8640,-8400,-8040,-7800,-7440,-7200,-6840,-6600,-6240,-6000,-5640,-5400,-5040,-4800,-4440,-4200,-3840,-3600,-3240,-3000,-2640,-2400,-2040,-1800,-1440,-1200,-840,-600,-240,0,360,600,960,1200,1560,1800,2160,2400,2760,3000,3360,3600,3960,4200,4560,4800,5160,5400,5760,6000,6360,6600,6960,7200,7560,7800,8160,8400,8760,9000,9360,9600,9960,10200,10560,10800,11160,11400,11760,12000,12360,12600,12960,13200,13560,13800,14160,14400,14760,15000,15360,15600,15960,16200,16560,16800,17160,17400,17760,18000,18360,18600,18960,19200,19560,19800,20160,20400,20760,21000,21360,21600,21960,22200,22560,22800,23160,23400,23760,24000,24360,24600,24960,25200,25560,25800,26160,26400,26760,27000,27360,27600,27960,28200,28560,28800,29160,29400,29760,30000,30360,30600,30960,31200,31560,31800,32160,32400,32760,33000,33360,33600,33960,34200,34560,34800,35160,35400,35760,36000,36360,36600,36960,37200,37560,37800,38160,38400,38760,39000,39360,39600,39960,40200,40560,40800,41160,41400,41760,42000,42360,42600,42960,43200,43560,43800,44160,44400,44760,45000,45360,45600,45960,46200,46560,46800,47160,47400,47760,48000,48360,48600,48960,49200,49560,49800,50160,50400,50760,51000,51360,51600,51960,52200,52560,52800,53160,53400,53760,54000,54360,54600,54960,55200,55560,55800,56160,56400,56760,57000,57360,57600,57960,58200,58560,58800,59160,59400,59760,60000,60360,60600,60960,61200,61560,61800,62160,62400,62760,63000,63360,63600,63960,64200,64560,64800,65160,65400,65760,66000,66360,66600,66960,67200,67560,67800,68160,68400,68760,69000,69360,69600,69960,70200,70560,70800,71160,71400,71760,72000,72360,72600,72960,73200,73560,73800,74160,74400,74760,75000,75360,75600,75960,76200,76560,76800,77160,77400,77760,78000,78360,78600,78960,79200,79560,79800,80160,80400,80760,81000,81360,81600,81960,82200,82560,82800,83160,83400,83760,84000,84360,84600,84960,85200,85560,85800,86160,86400],"sog":[4.4,3.5,5.3,3.8,4.6,2.8,4.8,4.5,3.6,3.3,5.3,3.8,4.9,4.2,4.7,4.3,4.8,3.8,5.3,3.0,3.2,4.5,2.9,4.6,3.0,4.8,4.1,4.1,5.0,2.9,5.2,2.4,6.1,3.8,6.1,3.6,4.7,4.7,5.3,3.6,5.0,5.6,5.5,5.8,5.4,3.8,4.7,4.7,6.3,5.7,3.8,5.9,5.6,2.2,4.8,3.4,3.7,5.2,4.2,3.9,5.4,4.0,4.7,3.9,4.6,4.1,3.9,4.2,3.7,5.8,3.0,3.8,4.5,3.5,4.2,2.8,3.5,3.4,3.7,3.7,4.6,4.7,5.5,2.9,5.3,5.9,4.0,5.2,3.8,4.6,4.4,4.4,3.4,4.0,4.5,4.6,3.3,3.4,2.7,3.9,3.4,3.7,3.4,4.1,2.5,3.5,3.5,2.8,4.0,2.9,5.9,5.3,4.2,3.5,2.6,4.3,3.9,5.8,3.3,4.9,5.2,3.2,3.6,3.6,5.2,3.2,5.0,3.4,2.3,4.7,4.1,5.3,6.8,4.5,5.7,3.8,4.1,5.6,3.8,3.4,4.2,4.2,2.9,5.5,2.6,2.0,3.6,4.1,3.5,4.8,4.9,4.1,4.9,6.4,3.7,4.8,5.0,3.4,4.3,3.7,4.7,5.1,4.2,3.0,5.1,4.0,4.9,5.4,5.3,4.4,3.4,5.2,6.2,4.6,2.3,5.9,3.5,7.3,4.3,4.7,4.8,2.7,3.2,3.3,3.8,3.1,5.4,4.5,4.2,4.5,4.5,2.8,4.4,4.6,5.7,3.8,3.2,4.2,3.5,4.4,4.3,5.3,5.3,2.5,3.9,4.7,3.7,4.2,3.5,5.3,2.8,3.3,4.1,3.4,5.0,5.2,3.9,6.0,4.4,5.2,5.3,3.8,3.8,3.6,4.1,4.1,3.0,5.3,3.7,2.7,6.0,5.4,4.0,4.8,2.8,2.2,5.4,3.0,2.9,4.7,5.5,5.4,6.3,4.8,5.3,3.6,3.6,5.5,2.8,3.5,4.5,5.1,3.9,2.0,4.6,4.2,3.7,4.6,5.3,2.3,3.2,5.2,3.7,3.8,5.8,4.3,3.9,3.7,4.5,3.6,5.2,4.4,3.8,4.5,1.5,3.7,4.6,3.8,5.2,4.9,4.2,4.2,4.2,3.9,3.4,2.6,5.4,4.4,5.3,4.1,4.5,5.1,3.6,4.4,2.9,3.3,1.1,5.4,4.9,4.9,4.9,5.7,5.4,4.0,5.7,4.3,4.5,4.7,3.6,3.6,6.6,3.4,3.5,4.5,2.5,3.9,4.0,5.0,5.0,4.9,3.8,2.1,4.0,3.7,6.5,5.0,5.1,2.9,5.4,4.2,4.8,5.7,5.2,3.3,4.0,2.5,5.4,3.1,4.2,5.7,3.6,3.6,2.9,3.6,2.1,4.4,3.2,4.4,4.3,5.2,3.7,3.9,4.0,3.2,4.3,3.5,4.4,4.8,3.9,3.4,4.3,3.1,4.4,4.8,4.6,4.4,5.4,3.9,4.4,5.8,4.4,4.0,2.7,3.6,3.8,4.9,6.9,2.5,6.9,3.0,3.0,4.6,4.1,3.6,3.8,4.2,3.9,4.1,3.1,3.8,3.9,4.1,3.9,6.2,4.9,3.9,3.3,1.7,5.5,3.4,5.4,2.9,4.9,6.0,5.5,3.5,6.6,3.0,4.9,2.3,4.1,4.8,4.0,2.7,5.8,5.3,4.2,4.6,6.1,3.5,6.2,4.5,3.1,4.9,4.3,5.0,3.8,4.7,5.3,5.3,4.8,4.8,4.7,3.5,2.5,4.0,4.7,3.6,3.5,3.9,4.0,4.0,5.7,5.9,4.0,4.1,4.5,2.2,5.4,4.7,4.4,4.7,4.0,5.6,3.6,6.1,3.6,3.1,4.2,6.7,5.0,4.4,3.8,3.8,3.9,3.0,4.4,3.8,5.8,5.1,3.8,4.1,4.8,1.8,3.7,4.7,3.7,4.7,3.2,4.5,5.0,3.2,4.2,4.8,3.2,5.0,4.6,5.1,2.4,4.2,4.2,3.7,4.1,3.8,4.0,4.3,3.6,3.4,3.2,5.3,3.3,4.8,5.1,4.9,2.9,2.2,4.5,3.1,4.9,3.5,3.9,4.4,3.3,5.6,3.7,3.6,6.2,3.7,3.3,3.8,4.2,5.6,4.4,3.3,6.5,3.9,3.2,3.6,4.3,3.8,2.2,4.4,1.5,4.4,1.5,2.9,4.4,5.1,3.2,0.6,4.4,7.2,4.3,3.6,4.6,3.4,4.7,3.7,3.8,4.6,4.5,1.9,2.5,3.1,4.6,3.8,2.9,3.3,4.1,5.2,3.2,3.5,2.8,5.2,3.1,2.6,2.2,6.7,3.7,4.9,3.8,4.2,4.0,3.8,6.3,5.8,3.2,5.0,2.9,3.1,3.4,2.5,2.7,5.6,4.5,1.9,2.9,4.5,4.2,5.2,4.1,3.7,4.5,4.8,3.3,2.0,5.0,5.6,5.2,5.9,3.5,4.2,4.4,6.3,4.1,3.6,5.2,4.3,6.6,3.5,5.2,5.4,5.1,4.3,4.2,3.8,5.5,4.2,2.4,4.8,3.3,3.4,2.7,5.1,4.8,5.0,4.4,3.4,4.6,3.9,5.4,4.9,4.2,2.9,6.0,4.5,4.1,5.0,3.2,3.3,3.2,3.9,4.5,5.4,4.2,3.3,4.5,3.1,5.8,3.1,5.4,3.6,4.9,4.1,4.8,4.4,5.7,3.6,5.0,6.2,4.5,4.2,4.4,3.8,2.4,3.7,4.4,3.6,2.9,4.0,3.2,3.6,2.7,3.5,4.6,1.7,4.7,5.0,2.0,4.5,3.2,4.4,3.6,5.2,4.6,4.0,4.4,4.7,3.9,4.2,3.6,4.7,3.9,2.6,4.2,5.0,4.3,4.6,3.5,4.3,4.4,3.9,4.7,5.5,3.8,5.1,4.4,3.1,5.3,4.0,2.8,4.4,4.1,2.3,3.8,2.5,4.5,2.9,3.8,2.9,3.9,4.4,4.4,3.6,3.4,3.5,2.9,2.7,2.3,5.0,4.1,2.7,4.3,4.1,3.8,2.5,4.9,4.6,5.3,5.4,6.8,4.8,3.2,3.5,5.4,3.1,3.9,3.9,2.8,2.8,1.8,2.6,3.2,4.4,2.6,3.7,4.2,3.5,4.6,3.1,3.7,4.1,6.6,4.6,3.1,3.5,4.8,5.2,3.0,1.3,4.8,3.9,3.7,3.6,3.7,5.4,2.5,4.8,4.7,4.7,3.9,6.0,5.8,5.4,4.9,5.0,3.0,3.7,4.9,3.8,4.6,4.1,4.5,4.7,2.5,4.9,5.0,4.6,2.1,5.5,5.3,4.4,5.1,4.3,4.8,3.6,3.8,3.7,3.8,4.6,3.6,3.6,4.2,3.0,3.1,5.9,3.6,4.7,4.7,4.2,4.1,3.7,5.7,4.1,4.3,4.2,5.9,4.6,4.3,3.9,2.8,4.5,4.0,4.4,4.3,4.4,5.4,3.9,4.1,2.7,3.3,4.3,4.8,2.8,5.3,5.9,5.6,3.6,6.9,4.4,4.1,5.8,3.6,4.0,3.4,2.5,3.5,3.2,3.4,3.1,3.2,3.9,3.9,2.6,4.8,4.2,2.3,4.0,6.0,4.2,4.7,4.6,5.6,5.3,4.8,4.2,3.5,5.9,3.2,4.5,4.5,4.0,3.2,5.1,3.8,5.1,4.5,3.6,2.7,3.2,3.3,5.3,3.3,4.5,4.7,3.5,5.0,4.0,4.3,5.0,3.5,5.3,3.9,4.8,3.5,4.2,4.5,5.0,3.2,3.8,5.0,2.6,4.8,4.9,4.4,3.8,3.6,5.1,3.7,5.0,3.2,4.0,3.4,4.8,3.4,4.9,5.7,3.7,4.8,2.4,3.7,4.9,4.5,4.8,4.3,5.3,4.9,5.4,4.6,2.4,5.4,5.2,2.9,5.4,4.8,1.8,5.2,4.9,3.2,4.1,4.3,5.3,4.2,5.5,5.0,5.5,2.8,5.2,4.9,4.7,3.7,4.4,3.3,4.0,5.8,4.5,5.0,4.3,3.9,3.7,4.5,3.0,4.8,4.6,4.1,3.9,6.5,4.2,5.7,4.1,4.3,4.6,4.4,4.5,4.6,4.7,3.2,5.0,2.5,2.0,3.8,4.2,4.3,5.6,4.2,2.4,3.7,4.3,3.7,4.0,6.0,4.9,2.5,6.1,4.6,4.5,3.6,5.0,4.1,1.4,5.7,2.7,3.3,2.1,5.4,3.2,4.8,2.4,3.4,4.3,3.4,2.6,2.2,5.2,4.5,4.3,5.3,4.4,4.7,3.9,5.9,2.3,5.9,3.2,4.0,5.9,4.8,3.3,4.8,4.9,4.3,5.2,3.9,3.6,3.0,5.4,6.0,3.7,4.3,3.1,3.1,4.5,1.7,4.9,3.9,3.4,3.9,5.0,4.6,4.3,3.6,4.6,6.2,3.2,5.6,4.4,5.4,3.7,3.1,4.1,3.1,3.2,6.4,3.2,6.0,5.1,3.2,4.7,3.9,4.5,5.1,4.0,2.7,2.9,3.4,3.8,4.8,3.9,4.5,5.2,3.9,4.0,5.6,4.6,5.3,5.1,4.9,3.0,4.9,4.5,4.8,5.2,2.9,4.6,5.1,2.0,3.4,3.0,2.6,6.2,6.7,3.9,3.2,4.2,4.6,4.4,5.1,3.5,2.8,5.0,2.9,5.3,4.7,4.5,5.4,3.7,5.5,5.0,4.4,4.6,3.5,4.3,4.3,4.5,2.9,3.4,5.3,6.0,3.7,3.5,4.3,4.4,4.1,3.6,3.5,4.7,5.0,5.4,6.1,4.6,5.1,4.8,4.6]}},{"type":"Feature","geometry":{"type":"LineString","coordinates":[[73.2979,11.018],[73.2933,11.0207],[73.2915,11.0247],[73.288,11.0279],[73.2843,11.0289],[73.279,11.032],[73.2753,11.0365],[73.2696,11.0398],[73.2682,11.0431],[73.2646,11.0473],[73.2606,11.0462],[73.2561,11.0446],[73.2536,11.0432],[73.2476,11.0443],[73.2459,11.0465],[73.2466,11.0505],[73.2492,11.0542],[73.253,11.0569],[73.2559,11.0591],[73.2581,11.0645],[73.2584,11.0679],[73.2595,11.0733],[73.2626,11.0758],[73.2662,11.0819],[73.2692,11.0852],[73.2737,11.0882],[73.275,11.0923],[73.2766,11.0971],[73.2788,11.0992],[73.281,11.1038],[73.2826,11.1083],[73.2881,11.112],[73.2927,11.113],[73.2967,11.1142],[73.3007,11.1142],[73.3049,11.1113],[73.3087,11.1136],[73.3144,11.1174],[73.3184,11.1194],[73.3237,11.1227],[73.327,11.1245],[73.3336,11.1246],[73.3368,11.1233],[73.3386,11.1186],[73.3403,11.1148],[73.3432,11.1102],[73.3411,11.1067],[73.3385,11.1049],[73.3365,11.1009],[73.3342,11.0973],[73.3319,11.0937],[73.3276,11.0901],[73.3245,11.0886],[73.3187,11.0883],[73.3154,11.0876],[73.3091,11.0871],[73.3086,11.0898],[73.3072,11.0975],[73.3079,11.101],[73.3129,11.1033],[73.3167,11.1062],[73.3217,11.1113],[73.3251,11.1137],[73.328,11.118],[73.3265,11.1219],[73.3275,11.1272],[73.3286,11.1304],[73.3313,11.1371],[73.3347,11.1377],[73.338,11.1331],[73.3397,11.1291],[73.342,11.1251],[73.3402,11.1212],[73.337,11.1174],[73.3369,11.1141],[73.3382,11.1083],[73.3396,11.1041],[73.3368,11.0997],[73.3373,11.0964],[73.3385,11.0924],[73.3414,11.0903],[73.345,11.0882],[73.3493,11.0871],[73.3553,11.0885],[73.3574,11.091],[73.363,11.09],[73.3658,11.0921],[73.3703,11.092],[73.3746,11.0921],[73.3791,11.0927],[73.3837,11.0925],[73.3872,11.09],[73.3856,11.0857],[73.3852,11.0809],[73.386,11.078],[73.3899,11.0741],[73.3925,11.075],[73.3982,11.0733],[73.3996,11.0735],[73.4036,11.0763],[73.4078,11.0751],[73.4127,11.0758],[73.4158,11.0748],[73.4185,11.0693],[73.4146,11.0659],[73.4111,11.0652],[73.4064,11.0659],[73.4069,11.0707],[73.4056,11.0745],[73.4056,11.0804],[73.4041,11.083],[73.3993,11.0872],[73.3965,11.0899],[73.3913,11.0929],[73.3875,11.0944],[73.3814,11.0937],[73.379,11.0945],[73.372,11.093],[73.3677,11.0922],[73.3628,11.0941],[73.3595,11.0963],[73.3561,11.101],[73.3527,11.1035],[73.349,11.1076],[73.3482,11.1107],[73.3431,11.1101],[73.3406,11.1074],[73.3363,11.1027],[73.3322,11.1003],[73.329,11.0963],[73.3271,11.0929],[73.3293,11.0899],[73.3314,11.0879],[73.335,11.084],[73.3396,11.085],[73.3445,11.0849],[73.3479,11.0849],[73.3527,11.0852],[73.3579,11.0889],[73.3636,11.0894],[73.3659,11.0873],[73.3679,11.0822],[73.3706,11.0801],[73.3752,11.08],[73.3792,11.0798],[73.3828,11.0754],[73.3838,11.0737],[73.3837,11.0686],[73.3805,11.0659],[73.3746,11.0677],[73.372,11.0702],[73.3664,11.0674],[73.3633,11.0667],[73.3562,11.0642],[73.3542,11.064],[73.353,11.0681],[73.3549,11.0714],[73.3578,11.0745],[73.3582,11.077],[73.3592,11.0814],[73.3573,11.0834],[73.3583,11.0885],[73.3608,11.0883],[73.3615,11.0825],[73.3582,11.0789],[73.354,11.0796],[73.35,11.0812],[73.347,11.0834],[73.3451,11.0805],[73.3451,11.0757],[73.3465,11.0728],[73.3449,11.067],[73.3422,11.0655],[73.34,11.0605],[73.3414,11.0564],[73.3458,11.0532],[73.3502,11.052],[73.3557,11.055],[73.3585,11.0574],[73.3618,11.0625],[73.3646,11.0654],[73.3627,11.0712],[73.3615,11.0745],[73.3659,11.0783],[73.3684,11.0819],[73.3681,11.0873],[73.3696,11.0907],[73.368,11.0975],[73.3685,11.0998],[73.3686,11.1043],[73.3685,11.1096],[73.3656,11.1128],[73.3621,11.1133],[73.3571,11.1139],[73.3547,11.1168],[73.3536,11.1221],[73.3555,11.1256],[73.3596,11.1292],[73.3619,11.1316],[73.3683,11.1319],[73.3701,11.1311],[73.3715,11.1251],[73.3695,11.1223],[73.369,11.1169],[73.3689,11.1129],[73.3693,11.1083],[73.3705,11.1059],[73.3704,11.103],[73.3683,11.1013],[73.362,11.1011],[73.3584,11.1014],[73.3522,11.1044],[73.3508,11.1068],[73.3495,11.1114],[73.3517,11.115],[73.3497,11.1208],[73.3463,11.1223],[73.346,11.1264],[73.3482,11.1263],[73.354,11.1281],[73.3563,11.1303],[73.359,11.1362],[73.3571,11.1389],[73.358,11.1441],[73.3611,11.147],[73.3616,11.1502],[73.3596,11.1532],[73.3568,11.1585],[73.3537,11.1603],[73.3489,11.1604],[73.345,11.1617],[73.3402,11.1621],[73.3359,11.1621],[73.3299,11.1639],[73.3259,11.1617],[73.3202,11.1627],[73.3159,11.1642],[73.3107,11.167],[73.3073,11.1683],[73.3016,11.1697],[73.2993,11.1679],[73.297,11.1638],[73.2963,11.161],[73.2918,11.1568],[73.2919,11.1523],[73.2927,11.1467],[73.2958,11.1432],[73.3019,11.1386],[73.307,11.1395],[73.3131,11.1416],[73.3177,11.1427],[73.323,11.1418],[73.3257,11.1419],[73.3312,11.1406],[73.3355,11.1414],[73.3386,11.1452],[73.3401,11.1482],[73.3438,11.1512],[73.3456,11.1531],[73.346,11.1594],[73.3455,11.1639],[73.3401,11.1623],[73.3381,11.1623],[73.3358,11.1661],[73.3352,11.1694],[73.3394,11.1729],[73.3436,11.1723],[73.3504,11.1707],[73.3537,11.17],[73.359,11.169],[73.3622,11.1712],[73.363,11.1745],[73.3654,11.178],[73.3686,11.1836],[73.3705,11.1869],[73.3749,11.1907],[73.3766,11.1935],[73.3776,11.1959],[73.3809,11.1982],[73.3846,11.1965],[73.3877,11.196],[73.3908,11.1918],[73.3937,11.1884],[73.3978,11.1873],[73.4016,11.187],[73.4067,11.1903],[73.4073,11.1933],[73.4057,11.1985],[73.4063,11.2011],[73.4069,11.207],[73.4067,11.2106],[73.4017,11.2125],[73.3969,11.2132],[73.393,11.2102],[73.3903,11.2079],[73.3894,11.2025],[73.3895,11.1985],[73.3918,11.1928],[73.3939,11.1905],[73.3998,11.1868],[73.404,11.1867],[73.4087,11.1845],[73.4115,11.1831],[73.4151,11.1805],[73.4163,11.1775],[73.414,11.1718],[73.4132,11.1692],[73.4171,11.164],[73.4217,11.1635],[73.4258,11.1603],[73.4287,11.1585],[73.428,11.1535],[73.4247,11.1517],[73.4229,11.1544],[73.4213,11.1574],[73.4198,11.162],[73.4163,11.164],[73.4154,11.1692],[73.4146,11.1733],[73.4138,11.1798],[73.415,11.1823],[73.4186,11.1866],[73.4204,11.1903],[73.4211,11.1939],[73.4206,11.1979],[73.4232,11.2023],[73.4212,11.2045],[73.4158,11.2043],[73.4143,11.2033],[73.4115,11.1993],[73.4119,11.1949],[73.413,11.1919],[73.4153,11.1949],[73.4167,11.1982],[73.42,11.2017],[73.4245,11.2034],[73.4291,11.2044],[73.4342,11.2059],[73.4387,11.2071],[73.446,11.2071],[73.4483,11.2054],[73.4535,11.2005],[73.454,11.1969],[73.4539,11.1914],[73.4538,11.1871],[73.4524,11.1818],[73.4497,11.1802],[73.4444,11.1781],[73.4395,11.1767],[73.4351,11.1784],[73.4314,11.1808],[73.4264,11.183],[73.4248,11.1832],[73.4194,11.1816],[73.4169,11.1788],[73.4114,11.1808],[73.4096,11.1855],[73.4098,11.1921],[73.408,11.1954],[73.406,11.2],[73.4015,11.2038],[73.3991,11.2073],[73.3962,11.2087],[73.3902,11.2057],[73.3877,11.2033],[73.3846,11.2013],[73.3831,11.1976],[73.3859,11.1914],[73.3887,11.1897],[73.3939,11.1895],[73.3978,11.1907],[73.4032,11.1914],[73.4074,11.1916],[73.4144,11.1933],[73.4188,11.1932],[73.4244,11.1915],[73.4273,11.191],[73.4343,11.1913],[73.4378,11.1932],[73.4442,11.1939],[73.4475,11.1953],[73.4535,11.1983],[73.4551,11.2016],[73.4611,11.2047],[73.4632,11.2065],[73.4648,11.2116],[73.468,11.2147],[73.4718,11.218],[73.4747,11.2193],[73.4758,11.2257],[73.4749,11.2293],[73.4756,11.2351],[73.477,11.2386],[73.4758,11.2435],[73.4768,11.2469],[73.4782,11.2527],[73.4801,11.2561],[73.4832,11.2603],[73.486,11.2593],[73.4887,11.2546],[73.4886,11.2513],[73.4857,11.2481],[73.483,11.2458],[73.4786,11.2446],[73.4761,11.2425],[73.4757,11.2385],[73.4768,11.2336],[73.482,11.2314],[73.4853,11.2304],[73.4904,11.2347],[73.4933,11.2388],[73.4988,11.239],[73.5018,11.2381],[73.5061,11.2349],[73.5083,11.2326],[73.5128,11.2337],[73.5164,11.2342],[73.5217,11.2324],[73.5233,11.2299],[73.5278,11.2325],[73.5317,11.2324],[73.537,11.2322],[73.5397,11.2332],[73.5444,11.2346],[73.5483,11.2342],[73.5514,11.2361],[73.5521,11.2396],[73.555,11.2443],[73.5578,11.2476],[73.5612,11.2525],[73.5629,11.256],[73.5668,11.2607],[73.5701,11.264],[73.5723,11.2676],[73.5712,11.2712],[73.5713,11.2771],[73.5726,11.2806],[73.5763,11.287],[73.5749,11.2908],[73.5748,11.2958],[73.5762,11.3004],[73.5771,11.3057],[73.5786,11.308],[73.5799,11.3143],[73.5771,11.316],[73.5698,11.3179],[73.5672,11.3201],[73.5616,11.3185],[73.5576,11.3169],[73.554,11.3149],[73.5532,11.3116],[73.5518,11.3052],[73.5547,11.3012],[73.5588,11.3005],[73.5603,11.2995],[73.5617,11.2953],[73.5613,11.2923],[73.5603,11.2881],[73.5606,11.2846],[73.5645,11.2818],[73.5672,11.279],[73.5669,11.2719],[73.5641,11.269],[73.5601,11.2651],[73.5578,11.2653],[73.5538,11.2641],[73.549,11.2641],[73.5444,11.2614],[73.5444,11.2586],[73.5417,11.2547],[73.5393,11.2519],[73.5344,11.2478],[73.5333,11.2444],[73.5284,11.2439],[73.5252,11.2452],[73.5213,11.2472],[73.517,11.2467],[73.5125,11.2434],[73.5089,11.2405],[73.5091,11.2366],[73.5085,11.2335],[73.5056,11.23],[73.5028,11.2271],[73.5016,11.2237],[73.5013,11.2196],[73.4992,11.2144],[73.4963,11.2131],[73.4916,11.2139],[73.489,11.2163],[73.4845,11.2156],[73.481,11.2137],[73.4765,11.2119],[73.4729,11.2101],[73.4681,11.2083],[73.4643,11.2068],[73.4595,11.2075],[73.4562,11.2084],[73.4536,11.2128],[73.4535,11.2171],[73.455,11.2242],[73.4559,11.2276],[73.4608,11.2315],[73.4593,11.2347],[73.4545,11.2375],[73.452,11.2389],[73.4457,11.2385],[73.4429,11.2373],[73.4391,11.2334],[73.4377,11.2287],[73.4348,11.2303],[73.4379,11.2332],[73.4423,11.2358],[73.4463,11.2363],[73.4517,11.2369],[73.4556,11.234],[73.461,11.2332],[73.4605,11.2299],[73.4626,11.2254],[73.4632,11.2224],[73.4646,11.2178],[73.4645,11.2157],[73.4591,11.2141],[73.455,11.2156],[73.4527,11.2203],[73.4505,11.2225],[73.4479,11.228],[73.4508,11.23],[73.4577,11.2312],[73.4608,11.2314],[73.4637,11.2365],[73.4634,11.2388],[73.4615,11.2429],[73.4613,11.2477],[73.4618,11.2526],[73.4622,11.2577],[73.4583,11.261],[73.4532,11.2613],[73.4473,11.2591],[73.4444,11.2599],[73.4394,11.2602],[73.4365,11.2575],[73.4347,11.2543],[73.4329,11.2518],[73.4292,11.253],[73.4267,11.2557],[73.4219,11.2599],[73.418,11.2573],[73.4134,11.2592],[73.4123,11.2639],[73.4135,11.2684],[73.4144,11.2726],[73.4142,11.2778],[73.4115,11.2792],[73.4084,11.2734],[73.4107,11.2695],[73.414,11.2682],[73.4177,11.2675],[73.4217,11.2674],[73.4252,11.2663],[73.4279,11.2652],[73.4302,11.2633],[73.4325,11.2566],[73.4314,11.2533],[73.4324,11.2483],[73.4342,11.2465],[73.4351,11.2421],[73.4337,11.2395],[73.4312,11.2337],[73.4301,11.231],[73.4292,11.2249],[73.43,11.2219],[73.4304,11.2151],[73.4311,11.2122],[73.4332,11.2063],[73.4343,11.2028],[73.4338,11.1975],[73.4333,11.1926],[73.435,11.1872],[73.4348,11.1847],[73.4342,11.1788],[73.4353,11.1762],[73.4351,11.1714],[73.4319,11.1689],[73.4259,11.1672],[73.4224,11.1655],[73.4188,11.161],[73.4178,11.1572],[73.4129,11.1535],[73.4095,11.1526],[73.4045,11.1542],[73.4009,11.1576],[73.396,11.1598],[73.3932,11.1637],[73.3915,11.1681],[73.3904,11.1708],[73.3911,11.1741],[73.3917,11.1778],[73.3926,11.1842],[73.3949,11.1872],[73.3974,11.1901],[73.4009,11.1912],[73.4062,11.1939],[73.4099,11.1957],[73.4149,11.1937],[73.4165,11.1916],[73.4209,11.1889],[73.4252,11.1878],[73.4299,11.1873],[73.4346,11.1872],[73.4393,11.1895],[73.4418,11.1927],[73.4412,11.1973],[73.4395,11.196],[73.4353,11.1923],[73.434,11.1892],[73.4306,11.1859],[73.4267,11.1856],[73.42,11.1884],[73.4197,11.1918],[73.4185,11.1963],[73.4148,11.1967],[73.407,11.1989],[73.4037,11.1979],[73.3991,11.1987],[73.3959,11.1997],[73.3898,11.199],[73.3861,11.1981],[73.3843,11.1933],[73.3826,11.1897],[73.3838,11.1853],[73.3876,11.1826],[73.394,11.1831],[73.3983,11.1825],[73.4014,11.1784],[73.4045,11.1763],[73.4098,11.1737],[73.4133,11.1722],[73.419,11.1692],[73.4204,11.1657],[73.4215,11.1586],[73.422,11.1562],[73.4216,11.1494],[73.4205,11.1446],[73.4208,11.1398],[73.4203,11.1358],[73.4201,11.1303],[73.4227,11.1279],[73.4264,11.1252],[73.4289,11.1231],[73.4303,11.1168],[73.4304,11.1142],[73.4268,11.1092],[73.4252,11.1042],[73.4213,11.1004],[73.4179,11.1],[73.4112,11.0984],[73.4083,11.0968],[73.4053,11.0928],[73.4021,11.0913],[73.3959,11.0875],[73.3924,11.0855],[73.3889,11.0863],[73.3859,11.088],[73.3823,11.0917],[73.3789,11.0943],[73.378,11.0974],[73.3786,11.1006],[73.3807,11.1081],[73.3819,11.1106],[73.3858,11.113],[73.3894,11.1151],[73.3904,11.1186],[73.3878,11.1212],[73.3875,11.1266],[73.3887,11.1311],[73.3887,11.1351],[73.3888,11.1384],[73.3884,11.1446],[73.387,11.1474],[73.3835,11.1495],[73.3794,11.1494],[73.3722,11.1502],[73.3677,11.1478],[73.3637,11.1462],[73.3613,11.1469],[73.355,11.1448],[73.3519,11.1448],[73.3468,11.1469],[73.3424,11.1469],[73.3377,11.1473],[73.3367,11.1438],[73.3332,11.1405],[73.3299,11.141],[73.3272,11.1485],[73.3259,11.1517],[73.3285,11.1568],[73.3288,11.1605],[73.3335,11.1603],[73.3369,11.1584],[73.3428,11.1572],[73.3442,11.1592],[73.3459,11.1622],[73.3444,11.1664],[73.3446,11.1703],[73.3482,11.1749],[73.3494,11.1809],[73.3492,11.1847],[73.346,11.1882],[73.3419,11.1917],[73.3405,11.1954],[73.3425,11.1965],[73.3463,11.1933],[73.3504,11.1943],[73.3537,11.1983],[73.3577,11.1966],[73.3632,11.1942],[73.3664,11.1932],[73.3703,11.1923],[73.3738,11.1928],[73.3801,11.1924],[73.3837,11.1914],[73.388,11.1885],[73.3919,11.1847],[73.3946,11.1771],[73.3933,11.1737],[73.3897,11.1713],[73.3849,11.1709],[73.3788,11.1713],[73.3787,11.1743],[73.3765,11.1802],[73.3751,11.1848],[73.3747,11.1908],[73.3753,11.1937],[73.3814,11.1946],[73.3837,11.194],[73.3895,11.1957],[73.3921,11.1977],[73.3939,11.2033],[73.3939,11.2074],[73.3945,11.2115],[73.397,11.2151],[73.3994,11.2188],[73.4028,11.2216],[73.4062,11.2219],[73.407,11.2186],[73.4092,11.2145],[73.4132,11.212],[73.4122,11.2055],[73.4142,11.2015],[73.4169,11.1976],[73.4228,11.1963],[73.4262,11.1971],[73.4281,11.2001],[73.4313,11.2038],[73.4319,11.2081],[73.4275,11.2121],[73.4246,11.2101],[73.4249,11.2051],[73.4244,11.2022],[73.4265,11.1979],[73.4248,11.1925],[73.4213,11.1913],[73.4179,11.1904],[73.4129,11.1894],[73.4089,11.1894],[73.4038,11.1887],[73.4,11.1883],[73.3968,11.1943],[73.3955,11.1976],[73.3919,11.2016],[73.3902,11.2055],[73.3873,11.2112],[73.3846,11.2141],[73.3797,11.215],[73.3765,11.2163],[73.3726,11.2156],[73.3697,11.2131],[73.3662,11.2104],[73.364,11.2069],[73.3596,11.2019],[73.3573,11.2006],[73.3524,11.1993],[73.3474,11.1987],[73.3427,11.1991],[73.3396,11.1986],[73.3387,11.2037],[73.3431,11.2044],[73.3494,11.2068],[73.3522,11.2091],[73.3514,11.215],[73.3492,11.2185],[73.3494,11.2228],[73.3528,11.2213],[73.3569,11.2197],[73.3612,11.2188],[73.3647,11.2158],[73.3638,11.2133],[73.3603,11.2092],[73.3572,11.2057],[73.3597,11.2012],[73.3621,11.1983],[73.3654,11.1971],[73.3701,11.1973],[73.3747,11.1996],[73.3768,11.2016],[73.3805,11.2062],[73.3797,11.2101],[73.3779,11.2134],[73.3745,11.2137],[73.3677,11.2129],[73.3639,11.2118],[73.3581,11.2128],[73.3548,11.2163],[73.3549,11.2214],[73.3572,11.2248],[73.3633,11.2244],[73.3663,11.2215],[73.369,11.217],[73.37,11.2136],[73.3701,11.208],[73.3695,11.2053],[73.3642,11.2036],[73.3602,11.2023],[73.3545,11.1996],[73.3525,11.2013],[73.3528,11.2067],[73.3507,11.2116],[73.3487,11.2151],[73.3463,11.2171],[73.3438,11.2173],[73.3411,11.2148],[73.3385,11.2108],[73.3374,11.2091],[73.3353,11.2047],[73.3354,11.2005],[73.333,11.1962],[73.3313,11.1953],[73.3271,11.1921],[73.3233,11.1884],[73.321,11.1849],[73.3181,11.1819],[73.3156,11.1788],[73.3132,11.1776],[73.3099,11.1731],[73.3078,11.1719],[73.3059,11.1674],[73.3077,11.1644],[73.3106,11.1595],[73.3138,11.1599],[73.3155,11.1651],[73.3152,11.1681],[73.3147,11.1738],[73.3152,11.1788],[73.3161,11.1849],[73.3127,11.1867],[73.3125,11.1918],[73.3162,11.1929],[73.3222,11.1918],[73.3227,11.1891],[73.3227,11.1812],[73.322,11.1773],[73.3251,11.1737],[73.3282,11.1723],[73.3329,11.1698],[73.3369,11.1678],[73.3415,11.1692],[73.3447,11.172],[73.35,11.1726],[73.3525,11.1687],[73.3535,11.1647],[73.3545,11.1622],[73.3579,11.1603],[73.3599,11.1623],[73.3567,11.1661],[73.355,11.1689],[73.3513,11.1698],[73.3463,11.1687],[73.342,11.1661],[73.3396,11.1639],[73.3382,11.16],[73.3392,11.1575],[73.3406,11.1517],[73.3409,11.148],[73.3423,11.1425],[73.3443,11.1403],[73.3476,11.1352],[73.3463,11.1311],[73.3472,11.1242],[73.348,11.1202],[73.3443,11.117],[73.3434,11.1126],[73.3435,11.1074],[73.3436,11.1035],[73.3486,11.1026],[73.3511,11.1032],[73.3573,11.1041],[73.3599,11.1051],[73.3634,11.1052],[73.367,11.1045],[73.3716,11.1046],[73.3753,11.1023],[73.3807,11.1029],[73.3855,11.1029],[73.3908,11.1044],[73.3944,11.1051],[73.4004,11.1038],[73.404,11.102],[73.4037,11.0942],[73.4046,11.0898],[73.401,11.0874],[73.3974,11.09],[73.3929,11.0895],[73.3908,11.0904],[73.3868,11.0929],[73.3827,11.0928],[73.3785,11.0969],[73.3779,11.1013],[73.3763,11.1076],[73.3771,11.1118],[73.3786,11.1163],[73.3809,11.1189],[73.3855,11.1195],[73.3874,11.1222],[73.3913,11.1248],[73.3914,11.1285],[73.3959,11.1311],[73.3958,11.1363],[73.3936,11.1407],[73.3898,11.1408],[73.3877,11.1454],[73.3868,11.15],[73.391,11.1515],[73.3936,11.1485],[73.3986,11.1441],[73.4015,11.1435],[73.4059,11.1464],[73.4091,11.1476],[73.4133,11.1491],[73.4161,11.1489],[73.4204,11.1461],[73.422,11.1457],[73.4255,11.1443],[73.4277,11.1414],[73.4261,11.1371],[73.4245,11.1349],[73.4196,11.1305],[73.4183,11.1283],[73.4204,11.1232],[73.4231,11.1223],[73.4278,11.1251],[73.432,11.1244],[73.4359,11.1249],[73.4396,11.126],[73.4426,11.128],[73.4455,11.1279],[73.4469,11.1227],[73.4479,11.1187],[73.445,11.115],[73.4459,11.1115],[73.4457,11.1054],[73.4457,11.1016],[73.4517,11.0996],[73.4563,11.1],[73.4604,11.1025],[73.4619,11.1036],[73.4666,11.1076],[73.4681,11.1099],[73.4711,11.1119],[73.4725,11.1155],[73.4734,11.1197],[73.4732,11.1229],[73.4671,11.1284],[73.4637,11.1291],[73.4575,11.1289],[73.4537,11.1273],[73.4491,11.1294],[73.4477,11.1311],[73.444,11.1359],[73.4414,11.1346],[73.4388,11.1329],[73.4344,11.134],[73.4292,11.1309],[73.4265,11.1311],[73.4211,11.1347],[73.4175,11.1352],[73.4132,11.1394],[73.4117,11.1426],[73.4153,11.1476],[73.4183,11.1517],[73.419,11.1568],[73.4181,11.1584],[73.4147,11.162],[73.411,11.1613],[73.4075,11.1558],[73.4067,11.153],[73.4027,11.1507],[73.3985,11.1537],[73.3965,11.1584],[73.3962,11.1616],[73.3919,11.1621],[73.39,11.1586],[73.3864,11.1559],[73.384,11.1537],[73.3831,11.1495],[73.3832,11.1457],[73.388,11.1426],[73.3902,11.1428],[73.393,11.1394],[73.3934,11.1343],[73.3881,11.1309],[73.3861,11.1287],[73.3826,11.1241],[73.3817,11.1219],[73.377,11.1224],[73.3744,11.1239],[73.3691,11.1248],[73.3669,11.1259],[73.3632,11.1254],[73.3598,11.124],[73.3548,11.1231],[73.3508,11.1217],[73.3508,11.1175],[73.3534,11.1164],[73.3579,11.1161],[73.3598,11.1191],[73.3621,11.1236],[73.3624,11.1265],[73.3671,11.1289],[73.3706,11.1301],[73.3754,11.1302],[73.3791,11.1301],[73.3836,11.1283],[73.3855,11.1261],[73.3863,11.1218],[73.3846,11.1187],[73.3795,11.1157],[73.3766,11.1133],[73.3722,11.1083],[73.3687,11.1077],[73.3633,11.1091],[73.362,11.1132],[73.3625,11.1175],[73.3642,11.121],[73.3689,11.1224],[73.3731,11.1204],[73.3758,11.1136],[73.373,11.1103],[73.3671,11.1046],[73.3652,11.1012],[73.3596,11.0978],[73.3541,11.0969],[73.3495,11.0955],[73.3443,11.0937],[73.338,11.0959],[73.3346,11.0975],[73.3286,11.096],[73.3244,11.0939],[73.3205,11.0959],[73.3189,11.0986],[73.3117,11.0985],[73.3081,11.0959],[73.3026,11.0983],[73.303,11.1021],[73.306,11.1072],[73.3093,11.109],[73.3143,11.1108],[73.3164,11.1142],[73.3188,11.1192],[73.321,11.1219],[73.3246,11.1253],[73.3275,11.1285],[73.3289,11.1336],[73.3291,11.1362],[73.3268,11.1434],[73.3264,11.1462],[73.3239,11.1491],[73.3229,11.1528],[73.3197,11.1571],[73.3153,11.1589],[73.3113,11.1574],[73.3084,11.1552],[73.3042,11.1501],[73.3014,11.1476],[73.2993,11.1431],[73.3001,11.1401],[73.3009,11.1362],[73.3048,11.1346],[73.3101,11.1311],[73.3149,11.1312],[73.3216,11.1337],[73.324,11.1344],[73.3289,11.1354],[73.3313,11.1321],[73.3348,11.1282],[73.3378,11.1268],[73.3436,11.1257],[73.3452,11.1236],[73.3513,11.12],[73.3546,11.1198],[73.3596,11.1181],[73.3625,11.1178],[73.3678,11.1174],[73.3708,11.1185],[73.373,11.1228],[73.3741,11.1257],[73.3751,11.129],[73.3722,11.13],[73.3667,11.1265],[73.3627,11.1246],[73.3572,11.1223],[73.3544,11.1202],[73.3496,11.1177],[73.3465,11.1171],[73.3454,11.1105],[73.3439,11.1076],[73.345,11.1026],[73.345,11.0985],[73.344,11.0918],[73.344,11.0891],[73.3423,11.0834],[73.3389,11.0811],[73.3346,11.0783],[73.3316,11.0805],[73.335,11.0845],[73.3366,11.0838],[73.341,11.0801],[73.3443,11.0773],[73.3503,11.0734],[73.3525,11.0736],[73.3579,11.0705],[73.3588,11.0682],[73.3588,11.0629],[73.3581,11.06],[73.3596,11.055],[73.3635,11.053],[73.3663,11.0479],[73.3673,11.0434],[73.3716,11.0397],[73.3724,11.0371],[73.3763,11.0351],[73.38,11.0327],[73.3851,11.0293],[73.3886,11.0297],[73.3897,11.0246],[73.3858,11.0242],[73.3828,11.0254],[73.379,11.0264],[73.3784,11.031],[73.3823,11.0316],[73.3879,11.0303],[73.3907,11.0303],[73.3959,11.028],[73.3985,11.0258]]},"properties":{"mmsi":998662055,"name":"SYN-FSH-01","role":"background","vessel_type":30,"synthetic":true,"t_offset_s":[-259200,-258840,-258600,-258240,-258000,-257640,-257400,-257040,-256800,-256440,-256200,-255840,-255600,-255240,-255000,-254640,-254400,-254040,-253800,-253440,-253200,-252840,-252600,-252240,-252000,-251640,-251400,-251040,-250800,-250440,-250200,-249840,-249600,-249240,-249000,-248640,-248400,-248040,-247800,-247440,-247200,-246840,-246600,-246240,-246000,-245640,-245400,-245040,-244800,-244440,-244200,-243840,-243600,-243240,-243000,-242640,-242400,-242040,-241800,-241440,-241200,-240840,-240600,-240240,-240000,-239640,-239400,-239040,-238800,-238440,-238200,-237840,-237600,-237240,-237000,-236640,-236400,-236040,-235800,-235440,-235200,-234840,-234600,-234240,-234000,-233640,-233400,-233040,-232800,-232440,-232200,-231840,-231600,-231240,-231000,-230640,-230400,-230040,-229800,-229440,-229200,-228840,-228600,-228240,-228000,-227640,-227400,-227040,-226800,-226440,-226200,-225840,-225600,-225240,-225000,-224640,-224400,-224040,-223800,-223440,-223200,-222840,-222600,-222240,-222000,-221640,-221400,-221040,-220800,-220440,-220200,-219840,-219600,-219240,-219000,-218640,-218400,-218040,-217800,-217440,-217200,-216840,-216600,-216240,-216000,-215640,-215400,-215040,-214800,-214440,-214200,-213840,-213600,-213240,-213000,-212640,-212400,-212040,-211800,-211440,-211200,-210840,-210600,-210240,-210000,-209640,-209400,-209040,-208800,-208440,-208200,-207840,-207600,-207240,-207000,-206640,-206400,-206040,-205800,-205440,-205200,-204840,-204600,-204240,-204000,-203640,-203400,-203040,-202800,-202440,-202200,-201840,-201600,-201240,-201000,-200640,-200400,-200040,-199800,-199440,-199200,-198840,-198600,-198240,-198000,-197640,-197400,-197040,-196800,-196440,-196200,-195840,-195600,-195240,-195000,-194640,-194400,-194040,-193800,-193440,-193200,-192840,-192600,-192240,-192000,-191640,-191400,-191040,-190800,-190440,-190200,-189840,-189600,-189240,-189000,-188640,-188400,-188040,-187800,-187440,-187200,-186840,-186600,-186240,-186000,-185640,-185400,-185040,-184800,-184440,-184200,-183840,-183600,-183240,-183000,-182640,-182400,-182040,-181800,-181440,-181200,-180840,-180600,-180240,-180000,-179640,-179400,-179040,-178800,-178440,-178200,-177840,-177600,-177240,-177000,-176640,-176400,-176040,-175800,-175440,-175200,-174840,-174600,-174240,-174000,-173640,-173400,-173040,-172800,-172440,-172200,-171840,-171600,-171240,-171000,-170640,-170400,-170040,-169800,-169440,-169200,-168840,-168600,-168240,-168000,-167640,-167400,-167040,-166800,-166440,-166200,-165840,-165600,-165240,-165000,-164640,-164400,-164040,-163800,-163440,-163200,-162840,-162600,-162240,-162000,-161640,-161400,-161040,-160800,-160440,-160200,-159840,-159600,-159240,-159000,-158640,-158400,-158040,-157800,-157440,-157200,-156840,-156600,-156240,-156000,-155640,-155400,-155040,-154800,-154440,-154200,-153840,-153600,-153240,-153000,-152640,-152400,-152040,-151800,-151440,-151200,-150840,-150600,-150240,-150000,-149640,-149400,-149040,-148800,-148440,-148200,-147840,-147600,-147240,-147000,-146640,-146400,-146040,-145800,-145440,-145200,-144840,-144600,-144240,-144000,-143640,-143400,-143040,-142800,-142440,-142200,-141840,-141600,-141240,-141000,-140640,-140400,-140040,-139800,-139440,-139200,-138840,-138600,-138240,-138000,-137640,-137400,-137040,-136800,-136440,-136200,-135840,-135600,-135240,-135000,-134640,-134400,-134040,-133800,-133440,-133200,-132840,-132600,-132240,-132000,-131640,-131400,-131040,-130800,-130440,-130200,-129840,-129600,-129240,-129000,-128640,-128400,-128040,-127800,-127440,-127200,-126840,-126600,-126240,-126000,-125640,-125400,-125040,-124800,-124440,-124200,-123840,-123600,-123240,-123000,-122640,-122400,-122040,-121800,-121440,-121200,-120840,-120600,-120240,-120000,-119640,-119400,-119040,-118800,-118440,-118200,-117840,-117600,-117240,-117000,-116640,-116400,-116040,-115800,-115440,-115200,-114840,-114600,-114240,-114000,-113640,-113400,-113040,-112800,-112440,-112200,-111840,-111600,-111240,-111000,-110640,-110400,-110040,-109800,-109440,-109200,-108840,-108600,-108240,-108000,-107640,-107400,-107040,-106800,-106440,-106200,-105840,-105600,-105240,-105000,-104640,-104400,-104040,-103800,-103440,-103200,-102840,-102600,-102240,-102000,-101640,-101400,-101040,-100800,-100440,-100200,-99840,-99600,-99240,-99000,-98640,-98400,-98040,-97800,-97440,-97200,-96840,-96600,-96240,-96000,-95640,-95400,-95040,-94800,-94440,-94200,-93840,-93600,-93240,-93000,-92640,-92400,-92040,-91800,-91440,-91200,-90840,-90600,-90240,-90000,-89640,-89400,-89040,-88800,-88440,-88200,-87840,-87600,-87240,-87000,-86640,-86400,-86040,-85800,-85440,-85200,-84840,-84600,-84240,-84000,-83640,-83400,-83040,-82800,-82440,-82200,-81840,-81600,-81240,-81000,-80640,-80400,-80040,-79800,-79440,-79200,-78840,-78600,-78240,-78000,-77640,-77400,-77040,-76800,-76440,-76200,-75840,-75600,-75240,-75000,-74640,-74400,-74040,-73800,-73440,-73200,-72840,-72600,-72240,-72000,-71640,-71400,-71040,-70800,-70440,-70200,-69840,-69600,-69240,-69000,-68640,-68400,-68040,-67800,-67440,-67200,-66840,-66600,-66240,-66000,-65640,-65400,-65040,-64800,-64440,-64200,-63840,-63600,-63240,-63000,-62640,-62400,-62040,-61800,-61440,-61200,-60840,-60600,-60240,-60000,-59640,-59400,-59040,-58800,-58440,-58200,-57840,-57600,-57240,-57000,-56640,-56400,-56040,-55800,-55440,-55200,-54840,-54600,-54240,-54000,-53640,-53400,-53040,-52800,-52440,-52200,-51840,-51600,-51240,-51000,-50640,-50400,-50040,-49800,-49440,-49200,-48840,-48600,-48240,-48000,-47640,-47400,-47040,-46800,-46440,-46200,-45840,-45600,-45240,-45000,-44640,-44400,-44040,-43800,-43440,-43200,-42840,-42600,-42240,-42000,-41640,-41400,-41040,-40800,-40440,-40200,-39840,-39600,-39240,-39000,-38640,-38400,-38040,-37800,-37440,-37200,-36840,-36600,-36240,-36000,-35640,-35400,-35040,-34800,-34440,-34200,-33840,-33600,-33240,-33000,-32640,-32400,-32040,-31800,-31440,-31200,-30840,-30600,-30240,-30000,-29640,-29400,-29040,-28800,-28440,-28200,-27840,-27600,-27240,-27000,-26640,-26400,-26040,-25800,-25440,-25200,-24840,-24600,-24240,-24000,-23640,-23400,-23040,-22800,-22440,-22200,-21840,-21600,-21240,-21000,-20640,-20400,-20040,-19800,-19440,-19200,-18840,-18600,-18240,-18000,-17640,-17400,-17040,-16800,-16440,-16200,-15840,-15600,-15240,-15000,-14640,-14400,-14040,-13800,-13440,-13200,-12840,-12600,-12240,-12000,-11640,-11400,-11040,-10800,-10440,-10200,-9840,-9600,-9240,-9000,-8640,-8400,-8040,-7800,-7440,-7200,-6840,-6600,-6240,-6000,-5640,-5400,-5040,-4800,-4440,-4200,-3840,-3600,-3240,-3000,-2640,-2400,-2040,-1800,-1440,-1200,-840,-600,-240,0,360,600,960,1200,1560,1800,2160,2400,2760,3000,3360,3600,3960,4200,4560,4800,5160,5400,5760,6000,6360,6600,6960,7200,7560,7800,8160,8400,8760,9000,9360,9600,9960,10200,10560,10800,11160,11400,11760,12000,12360,12600,12960,13200,13560,13800,14160,14400,14760,15000,15360,15600,15960,16200,16560,16800,17160,17400,17760,18000,18360,18600,18960,19200,19560,19800,20160,20400,20760,21000,21360,21600,21960,22200,22560,22800,23160,23400,23760,24000,24360,24600,24960,25200,25560,25800,26160,26400,26760,27000,27360,27600,27960,28200,28560,28800,29160,29400,29760,30000,30360,30600,30960,31200,31560,31800,32160,32400,32760,33000,33360,33600,33960,34200,34560,34800,35160,35400,35760,36000,36360,36600,36960,37200,37560,37800,38160,38400,38760,39000,39360,39600,39960,40200,40560,40800,41160,41400,41760,42000,42360,42600,42960,43200,43560,43800,44160,44400,44760,45000,45360,45600,45960,46200,46560,46800,47160,47400,47760,48000,48360,48600,48960,49200,49560,49800,50160,50400,50760,51000,51360,51600,51960,52200,52560,52800,53160,53400,53760,54000,54360,54600,54960,55200,55560,55800,56160,56400,56760,57000,57360,57600,57960,58200,58560,58800,59160,59400,59760,60000,60360,60600,60960,61200,61560,61800,62160,62400,62760,63000,63360,63600,63960,64200,64560,64800,65160,65400,65760,66000,66360,66600,66960,67200,67560,67800,68160,68400,68760,69000,69360,69600,69960,70200,70560,70800,71160,71400,71760,72000,72360,72600,72960,73200,73560,73800,74160,74400,74760,75000,75360,75600,75960,76200,76560,76800,77160,77400,77760,78000,78360,78600,78960,79200,79560,79800,80160,80400,80760,81000,81360,81600,81960,82200,82560,82800,83160,83400,83760,84000,84360,84600,84960,85200,85560,85800,86160,86400],"sog":[3.6,3.7,3.8,3.2,3.6,5.5,6.0,4.2,3.0,3.5,3.4,2.7,2.9,2.9,2.0,3.0,3.5,3.2,2.8,3.3,3.1,4.6,3.9,5.1,3.4,3.8,3.8,2.1,2.0,3.0,4.9,3.5,3.8,2.4,2.1,1.0,2.7,3.0,4.8,3.6,1.7,4.5,3.1,4.6,4.2,2.1,1.8,2.1,5.2,2.1,2.5,4.7,2.5,2.6,2.7,3.5,3.2,5.3,4.0,3.5,4.8,4.5,3.5,2.0,4.0,4.2,2.8,4.5,1.6,3.9,3.5,3.5,4.3,3.6,2.6,3.8,5.3,2.7,2.9,1.4,3.9,2.4,4.0,4.5,2.9,2.7,3.9,4.1,4.1,3.5,2.7,1.8,4.7,3.2,3.6,4.6,4.2,3.9,2.0,3.4,4.9,4.4,2.4,2.9,3.8,3.0,4.0,3.0,3.6,4.7,4.3,4.7,2.7,3.9,4.0,4.4,2.9,4.6,3.9,2.6,4.0,3.0,2.8,2.8,1.8,2.0,4.1,4.3,4.4,2.7,4.3,1.6,2.5,3.2,4.3,3.0,3.2,1.9,6.7,3.6,3.1,1.4,2.3,3.7,4.3,2.9,1.9,2.1,4.6,3.9,4.0,4.8,3.3,3.8,2.2,2.9,4.1,3.2,3.3,2.5,1.5,3.2,0.8,3.6,3.6,3.0,3.9,2.9,2.2,2.9,3.2,2.9,1.7,3.4,3.8,3.7,5.2,2.8,3.8,4.5,3.1,4.0,3.4,2.6,3.8,2.4,3.0,3.2,2.7,2.1,4.4,2.2,1.9,2.2,2.2,4.9,3.4,4.7,3.5,3.0,3.3,5.9,4.8,2.5,3.1,2.5,1.8,0.9,2.3,5.8,2.6,4.4,2.3,3.0,5.0,4.7,2.0,2.1,3.4,4.0,3.4,4.1,2.7,3.5,1.9,0.9,3.3,4.3,3.6,2.4,4.1,2.6,3.6,3.7,4.8,3.0,4.5,3.3,3.2,4.4,3.0,2.5,2.9,4.4,4.2,4.5,4.5,4.7,5.6,4.6,3.7,2.9,2.8,3.3,4.0,3.0,2.2,2.5,1.9,3.7,3.2,3.9,1.7,1.9,1.9,3.3,4.6,2.4,2.4,4.3,3.0,4.3,4.3,4.2,3.5,3.5,1.9,2.1,4.2,3.0,2.7,3.4,3.9,2.9,2.4,4.1,3.2,4.8,2.4,4.3,2.7,4.4,2.9,4.3,3.2,3.7,3.5,5.2,2.9,3.2,3.8,3.6,2.8,2.0,3.1,3.9,3.7,3.9,3.6,1.7,3.4,3.2,2.7,2.6,1.7,2.8,3.3,3.4,3.5,2.6,3.0,4.2,4.5,1.9,3.8,2.3,2.1,3.0,1.6,3.1,4.6,2.0,3.6,2.3,3.6,3.1,4.6,2.5,4.5,5.7,2.7,3.5,4.1,2.9,4.4,4.3,3.1,3.5,3.4,2.0,3.7,4.2,1.4,4.0,4.2,4.3,2.8,4.9,2.9,3.4,5.5,2.9,3.3,5.4,3.3,2.0,4.3,4.3,3.2,2.3,2.8,2.9,5.2,4.0,4.5,2.9,3.7,4.7,3.7,2.5,4.3,4.9,3.1,4.2,2.9,1.9,3.6,2.3,2.2,4.6,4.9,4.0,3.6,2.4,3.6,5.2,2.2,3.7,2.3,4.2,4.3,1.1,3.4,1.4,3.0,1.9,4.8,3.3,1.7,5.4,3.8,1.8,2.0,4.8,2.6,4.5,4.3,3.3,2.6,4.0,3.7,2.6,2.4,3.3,4.6,3.1,3.7,2.7,2.9,3.7,4.7,3.3,4.0,2.5,4.6,3.7,3.2,3.3,2.8,1.9,4.3,2.4,3.6,2.6,3.7,4.3,5.0,4.6,3.9,3.4,3.3,4.3,4.7,2.6,2.2,3.1,3.2,2.2,2.7,4.3,4.0,4.8,4.0,3.4,2.1,2.0,4.3,3.6,2.9,3.5,4.3,6.2,4.3,3.0,2.8,3.8,3.2,4.8,4.1,2.3,4.2,3.7,4.3,2.2,2.9,5.9,3.2,3.3,2.3,4.7,4.3,3.8,4.4,2.5,4.1,2.3,2.6,2.9,3.6,3.2,4.3,3.1,3.1,2.1,2.6,4.7,3.2,3.0,4.3,2.9,3.6,3.3,2.2,3.4,4.7,4.4,3.9,2.9,2.1,3.1,3.6,3.4,4.2,4.3,3.5,3.1,3.3,4.0,1.9,2.9,3.2,2.1,4.8,2.2,4.5,3.1,4.6,3.8,2.1,3.3,2.6,3.6,4.0,1.9,2.9,2.8,4.8,2.8,5.3,3.5,2.9,2.0,4.6,4.2,3.5,2.4,3.3,2.5,3.0,0.9,2.9,4.1,3.8,1.8,2.3,3.5,3.2,3.2,2.6,3.0,1.4,4.8,3.2,4.3,4.4,2.6,3.7,3.8,1.0,5.8,3.2,2.7,3.9,4.0,2.7,3.1,4.6,3.8,3.6,3.1,3.9,2.9,3.3,1.8,3.8,2.4,5.2,4.4,3.5,3.5,2.9,3.1,3.2,4.3,2.1,3.3,4.0,2.6,3.0,3.1,2.9,4.1,3.5,1.9,3.1,3.9,3.2,6.4,3.0,4.0,3.5,5.2,3.2,3.7,2.2,4.1,2.5,2.6,4.8,2.5,4.5,4.6,3.8,4.0,3.1,3.6,3.0,5.6,4.0,4.8,1.6,4.8,5.8,1.9,3.3,3.5,2.6,2.6,3.3,5.4,2.3,1.5,4.4,3.7,3.1,4.2,3.5,3.5,3.7,2.9,4.4,1.8,3.5,2.3,2.5,2.8,3.3,3.0,1.3,4.3,2.5,2.1,4.0,1.4,4.5,3.3,3.2,4.4,3.4,3.1,3.6,3.9,3.7,2.2,2.5,3.5,4.1,2.5,5.2,2.9,2.7,4.0,2.6,4.5,3.1,3.0,3.3,4.8,3.2,2.3,2.5,1.3,3.1,2.5,5.8,3.0,2.1,3.2,5.0,1.9,3.2,2.9,4.9,3.0,5.0,2.1,3.0,3.9,5.0,2.6,4.5,2.6,4.8,3.7,1.8,2.0,5.6,5.6,2.9,4.4,4.3,3.5,1.2,5.4,1.8,2.8,3.3,4.2,4.2,3.4,4.2,2.7,3.8,2.0,4.2,3.5,4.1,3.9,3.8,3.5,5.2,3.1,2.8,2.9,4.1,4.0,3.2,2.9,1.9,2.5,5.5,3.6,2.8,4.3,4.6,3.6,2.9,4.4,3.7,2.9,3.9,3.7,1.9,4.1,3.6,1.9,3.7,1.8,3.5,3.1,2.0,4.7,3.2,2.7,3.3,4.3,5.2,3.2,4.0,3.5,4.7,2.3,3.3,4.3,3.2,3.7,2.7,2.6,3.9,3.5,3.6,3.3,4.2,3.0,4.0,1.9,4.1,2.6,3.2,4.0,4.6,2.2,5.1,2.8,2.5,3.3,4.0,3.9,3.4,3.2,2.3,3.8,4.1,2.9,3.3,3.3,4.3,0.7,2.6,0.8,2.5,2.7,2.2,3.4,4.2,2.1,2.5,3.5,4.4,3.4,2.5,1.2,1.8,3.9,2.5,4.4,3.1,2.1,1.5,3.6,4.4,2.9,5.2,3.7,3.6,3.4,3.5,3.6,2.1,4.7,3.7,2.2,3.3,3.6,3.2,5.1,3.5,3.3,3.6,3.3,3.4,2.4,1.9,1.9,2.6,4.2,5.4,2.2,2.7,3.0,3.9,2.1,5.1,3.4,3.6,3.1,4.5,4.8,3.6,3.0,4.8,3.5,2.7,4.3,1.7,4.5,2.5,2.9,3.3,4.5,4.0,4.4,4.1,3.4,2.7,3.7,3.3,5.6,5.1,3.2,4.8,2.3,2.6,1.9,2.9,4.1,4.3,2.9,3.1,3.3,3.3,3.7,3.2,3.4,3.1,4.2,5.1,1.1,3.0,2.3,2.8,4.2,4.8,3.7,1.3,3.5,4.6,2.3,2.9,3.0,1.7,1.3,3.3,2.8,2.4,4.4,2.3,3.3,2.5,4.2,3.9,4.1,4.3,2.7,3.0,3.2,4.9,2.2,2.9,3.0,4.3,2.6,5.1,3.4,1.5,3.7,1.9,3.2,3.7,2.3,4.4,3.9,3.1,4.0,4.2,3.1,1.4,3.2,2.8,2.8,5.0,4.2,2.6,4.6,2.4,2.6,3.7,3.8,5.0,3.8,2.2,3.3,3.8,5.1,2.6,2.3,6.2,3.3,3.5,2.3,3.3,2.0,3.5,2.0,3.2,2.1,0.8,2.4,3.0,3.1,4.2,3.6,4.7,2.3,2.4,4.3,2.2,1.8,3.2,2.5,3.1,2.8,1.7,2.5,2.8,2.2,3.0,3.0,3.9,2.3,3.7,1.6,2.4,2.6,2.0,4.8,3.0,4.0,2.2,4.2,3.1,2.9,3.7,2.3,4.0,3.6,4.3,4.7,3.0,3.7,4.9,1.9,6.0,3.6,4.1,4.2,3.0,3.6,2.2,5.0,3.5,4.4,1.4,3.1,3.8,3.2,4.1,2.8,4.5,4.6,4.7,3.6,3.8,6.8,1.9,1.5,3.4,1.7,3.7,3.8,2.0,3.7,3.6,2.7,3.3,3.4,4.3,4.8,4.2,4.1,2.2,3.4,3.8,3.6,3.1,2.8,1.7,3.9,2.7,2.8,1.9,2.8,1.9,2.5,3.8,2.1,2.6,4.1,5.3,3.1,2.5,3.2,1.4,2.1,2.1,4.1,3.1,4.7,2.9,3.5,3.8,2.6,3.0,3.4,1.6,3.2,3.8,4.0,2.2,4.4,2.1,2.0,1.4,4.0,4.0,3.8,5.4,3.1,3.2,3.1,2.9,3.9,3.7,5.4,3.2,2.0,4.0,4.0,3.6,3.5,1.3,3.0,3.2]}},{"type":"Feature","geometry":{"type":"LineString","coordinates":[[72.9296,14.2745],[72.9253,14.2687],[72.9124,14.2509],[72.9042,14.2391],[72.8907,14.2209],[72.8825,14.2087],[72.8699,14.1907],[72.8616,14.1787],[72.8483,14.1607],[72.8397,14.1486],[72.8268,14.1303],[72.8187,14.1179],[72.8056,14.0996],[72.7973,14.0871],[72.7841,14.0693],[72.7758,14.0568],[72.7641,14.0392],[72.7554,14.0271],[72.7421,14.0087],[72.7339,13.9964],[72.7211,13.9786],[72.7129,13.9668],[72.7003,13.949],[72.692,13.9369],[72.6788,13.9185],[72.6701,13.9059],[72.6573,13.8876],[72.6491,13.8753],[72.6364,13.8573],[72.6271,13.8453],[72.6147,13.828],[72.6056,13.8163],[72.5918,13.7981],[72.5836,13.7868],[72.57,13.7687],[72.5613,13.7569],[72.5484,13.7393],[72.5391,13.7275],[72.526,13.7096],[72.517,13.6975],[72.5031,13.6798],[72.494,13.6685],[72.4798,13.651],[72.4706,13.6393],[72.4569,13.622],[72.4481,13.6098],[72.4346,13.5923],[72.4259,13.5808],[72.4123,13.5625],[72.4033,13.5507],[72.3899,13.5328],[72.381,13.5218],[72.3674,13.5045],[72.3579,13.4929],[72.3442,13.4755],[72.3349,13.4638],[72.3215,13.4465],[72.3127,13.4348],[72.2995,13.4162],[72.2906,13.4047],[72.2773,13.3874],[72.2682,13.3757],[72.2543,13.3576],[72.2457,13.3466],[72.2324,13.3291],[72.2233,13.3177],[72.2104,13.3003],[72.2013,13.2889],[72.1879,13.2713],[72.1791,13.2594],[72.1664,13.2415],[72.1574,13.2293],[72.1447,13.2112],[72.1363,13.1998],[72.1236,13.1828],[72.1148,13.1708],[72.1015,13.1535],[72.0923,13.141],[72.0787,13.1229],[72.07,13.1113],[72.0569,13.0933],[72.0482,13.0814],[72.0344,13.0639],[72.0259,13.0523],[72.0118,13.0344],[72.0032,13.0223],[71.9901,13.0047],[71.9814,12.9927],[71.9688,12.9745],[71.9606,12.9626],[71.9482,12.9451],[71.9394,12.9333],[71.9266,12.9155],[71.9179,12.9036],[71.9047,12.8864],[71.8958,12.8751],[71.8824,12.8575],[71.873,12.8457],[71.8592,12.8282],[71.8499,12.8159],[71.8363,12.7981],[71.8277,12.7865],[71.8141,12.7691],[71.805,12.7576],[71.7912,12.7402],[71.7818,12.7292],[71.7677,12.7116],[71.7583,12.6999],[71.7451,12.6826],[71.7362,12.6708],[71.7224,12.6536],[71.7126,12.6423],[71.6984,12.6242],[71.6893,12.6126],[71.6755,12.5954],[71.6663,12.5842],[71.6516,12.5671],[71.6425,12.556],[71.6277,12.5384],[71.6186,12.527],[71.6044,12.5101],[71.5945,12.4988],[71.5808,12.482],[71.5716,12.4702],[71.5581,12.4527],[71.5495,12.4416],[71.5358,12.4247],[71.5264,12.4125],[71.5125,12.3955],[71.5028,12.3839],[71.4891,12.3669],[71.4795,12.3551],[71.4658,12.3383],[71.4569,12.3263],[71.4428,12.3089],[71.4339,12.2972],[71.4199,12.2804],[71.4111,12.2689],[71.3972,12.2517],[71.3882,12.2407],[71.3738,12.2232],[71.3647,12.2123],[71.3504,12.1954],[71.3412,12.185],[71.3262,12.1678],[71.3164,12.1567],[71.3008,12.1408],[71.291,12.1298],[71.2754,12.1139],[71.2649,12.1031],[71.2499,12.0868],[71.2399,12.0759],[71.225,12.0598],[71.2149,12.0489],[71.2006,12.032],[71.1913,12.0209],[71.1768,12.0037],[71.1672,11.9921],[71.1526,11.9753],[71.1429,11.9637],[71.1283,11.9463],[71.1193,11.9356],[71.1056,11.9192],[71.0961,11.9077],[71.0822,11.8906],[71.073,11.8791],[71.0587,11.8618],[71.0495,11.8502],[71.0354,11.8327],[71.0262,11.8213],[71.0127,11.8037],[71.0035,11.792],[70.9895,11.775],[70.9802,11.7633],[70.9665,11.7453],[70.9577,11.7331],[70.9443,11.7155],[70.9354,11.7036],[70.922,11.6855],[70.9135,11.6736],[70.9006,11.6552],[70.8915,11.6431],[70.8784,11.6254],[70.8701,11.6135],[70.8563,11.5957],[70.8478,11.5841],[70.8342,11.5662],[70.8257,11.5544],[70.8119,11.5363],[70.8035,11.5246],[70.7903,11.5068],[70.7815,11.4953],[70.7678,11.4775],[70.7586,11.4659],[70.745,11.4484],[70.7356,11.4368],[70.7214,11.419],[70.7121,11.4085],[70.6977,11.3914],[70.6879,11.3797],[70.6735,11.363],[70.6639,11.3516],[70.6492,11.3349],[70.6397,11.3238],[70.625,11.3071],[70.6157,11.2957],[70.602,11.2793],[70.5928,11.2677],[70.5789,11.2497],[70.5695,11.2386],[70.5557,11.2211],[70.5465,11.2095],[70.5328,11.1917],[70.5237,11.18],[70.5103,11.1621],[70.5013,11.1507],[70.4877,11.1326],[70.479,11.1214],[70.4653,11.1037],[70.4563,11.0922],[70.4425,11.0737],[70.434,11.062],[70.4203,11.0447],[70.4114,11.0333],[70.3981,11.0157],[70.3891,11.0041],[70.3759,10.9869],[70.3666,10.9748],[70.3534,10.9571],[70.3442,10.9449],[70.3308,10.928],[70.322,10.9166],[70.3086,10.8993],[70.2992,10.8879],[70.2852,10.8704],[70.2759,10.8587],[70.2627,10.8409],[70.2535,10.8291],[70.2401,10.8114],[70.2308,10.7998],[70.2179,10.7822],[70.2093,10.7708],[70.1956,10.7531],[70.1869,10.7415],[70.1735,10.7236],[70.164,10.7116],[70.1505,10.6942],[70.1414,10.6827],[70.1284,10.665],[70.1201,10.6531],[70.107,10.6355],[70.098,10.6236],[70.0844,10.6056],[70.0749,10.594],[70.0622,10.5759],[70.0539,10.5642],[70.0414,10.5466],[70.032,10.5344],[70.0198,10.5163],[70.0111,10.5037],[69.9989,10.4857],[69.9907,10.4736],[69.9786,10.455],[69.9706,10.4425],[69.9586,10.4236],[69.9506,10.411],[69.9385,10.3929],[69.9304,10.38],[69.9185,10.3613],[69.9103,10.3495],[69.8981,10.3306],[69.8902,10.3183],[69.8777,10.2998],[69.8692,10.2872],[69.8568,10.269],[69.8485,10.257],[69.8356,10.2389],[69.8269,10.2266],[69.8141,10.208],[69.8057,10.1955],[69.794,10.1766],[69.7858,10.1648],[69.7733,10.1467],[69.765,10.1343],[69.7528,10.1165],[69.7447,10.1043],[69.7318,10.086],[69.7231,10.0742],[69.7103,10.0564],[69.7024,10.0442],[69.6893,10.0264],[69.6808,10.014],[69.668,9.9964],[69.6596,9.9845],[69.6469,9.9664],[69.6379,9.9541],[69.6247,9.9366],[69.6152,9.9239],[69.6025,9.906],[69.5938,9.8939],[69.581,9.8758],[69.5728,9.8642],[69.5593,9.8457],[69.5506,9.8341],[69.5381,9.8169],[69.5288,9.8047],[69.5159,9.7866],[69.5069,9.7753],[69.4931,9.7581],[69.4839,9.7463],[69.4696,9.7291],[69.4606,9.7176],[69.4468,9.7007],[69.4375,9.6886],[69.4238,9.6714],[69.4146,9.6596],[69.4011,9.6418],[69.3914,9.6304],[69.3777,9.6133],[69.3686,9.6012],[69.3552,9.5834],[69.3464,9.5709],[69.3331,9.5533],[69.3241,9.542],[69.3107,9.5244],[69.3013,9.5129],[69.2883,9.4957],[69.2791,9.4841],[69.2656,9.4667],[69.2566,9.455],[69.243,9.4372],[69.2342,9.4251],[69.2211,9.4081],[69.2121,9.3959],[69.1985,9.3781],[69.1894,9.366],[69.1761,9.348],[69.1667,9.3363],[69.1544,9.3177],[69.146,9.3065],[69.1332,9.2883],[69.1247,9.2766],[69.1121,9.2585],[69.1035,9.2466],[69.0916,9.2284],[69.0833,9.2165],[69.0705,9.1984],[69.0624,9.1864],[69.0499,9.1682],[69.0411,9.1559],[69.0285,9.1381],[69.02,9.1258],[69.0071,9.108],[68.9989,9.0961],[68.9862,9.0779],[68.9774,9.0652],[68.9642,9.0467],[68.9557,9.0347],[68.943,9.0162],[68.9348,9.0039],[68.9231,8.9859],[68.9149,8.9742],[68.9031,8.956],[68.8947,8.9442],[68.8823,8.9256],[68.8745,8.913],[68.8626,8.8943],[68.8543,8.8819],[68.8427,8.8634],[68.8349,8.8508],[68.8228,8.8325],[68.8146,8.8203],[68.8018,8.8019],[68.7938,8.7896],[68.7805,8.7715],[68.772,8.7591],[68.7594,8.7412],[68.7509,8.7293],[68.7384,8.7106],[68.7299,8.6981],[68.7176,8.6795],[68.7094,8.6665],[68.6972,8.6486],[68.689,8.636],[68.6768,8.6175],[68.669,8.6054],[68.6568,8.5868],[68.6486,8.5744],[68.6362,8.5557],[68.628,8.5428],[68.6164,8.5246],[68.6084,8.5115],[68.5967,8.4927],[68.589,8.4798],[68.5778,8.4611],[68.5708,8.448],[68.5597,8.4285],[68.5524,8.416],[68.5416,8.3969],[68.5348,8.3844],[68.5238,8.3647],[68.5167,8.3522],[68.5057,8.333],[68.4982,8.3207],[68.4868,8.3019],[68.4793,8.2892],[68.4683,8.27],[68.4606,8.2569],[68.4494,8.2375],[68.4415,8.2244],[68.4303,8.2061],[68.4226,8.1933],[68.4114,8.1745],[68.4036,8.1621],[68.3922,8.1431],[68.3842,8.1302],[68.3729,8.1117],[68.3655,8.0993],[68.3542,8.0806],[68.3463,8.068],[68.3347,8.049],[68.3263,8.0363],[68.3146,8.0179],[68.3064,8.0054],[68.2944,7.9871],[68.286,7.9747],[68.2742,7.956],[68.2664,7.9437],[68.255,7.9249],[68.2472,7.9128],[68.2348,7.8934],[68.2271,7.881],[68.2152,7.8625],[68.2076,7.8498],[68.1956,7.831],[68.1878,7.8187],[68.1762,7.7997],[68.1685,7.7872],[68.1573,7.7684],[68.1499,7.7558],[68.1389,7.736],[68.132,7.7232],[68.1212,7.7036],[68.1139,7.6909],[68.1029,7.6715],[68.0962,7.6587],[68.0856,7.639],[68.0783,7.6256],[68.068,7.6061],[68.0614,7.5933],[68.0508,7.5739],[68.044,7.5604],[68.0339,7.5412],[68.0269,7.5277],[68.0167,7.5082]]},"properties":{"mmsi":998996971,"name":"SYN-TAN-21","role":"candidate","vessel_type":80,"synthetic":true,"t_offset_s":[-195405,-195285,-194925,-194685,-194325,-194085,-193725,-193485,-193125,-192885,-192525,-192285,-191925,-191685,-191325,-191085,-190725,-190485,-190125,-189885,-189525,-189285,-188925,-188685,-188325,-188085,-187725,-187485,-187125,-186885,-186525,-186285,-185925,-185685,-185325,-185085,-184725,-184485,-184125,-183885,-183525,-183285,-182925,-182685,-182325,-182085,-181725,-181485,-181125,-180885,-180525,-180285,-179925,-179685,-179325,-179085,-178725,-178485,-178125,-177885,-177525,-177285,-176925,-176685,-176325,-176085,-175725,-175485,-175125,-174885,-174525,-174285,-173925,-173685,-173325,-173085,-172725,-172485,-172125,-171885,-171525,-171285,-170925,-170685,-170325,-170085,-169725,-169485,-169125,-168885,-168525,-168285,-167925,-167685,-167325,-167085,-166725,-166485,-166125,-165885,-165525,-165285,-164925,-164685,-164325,-164085,-163725,-163485,-163125,-162885,-162525,-162285,-161925,-161685,-161325,-161085,-160725,-160485,-160125,-159885,-159525,-159285,-158925,-158685,-158325,-158085,-157725,-157485,-157125,-156885,-156525,-156285,-155925,-155685,-155325,-155085,-154725,-154485,-154125,-153885,-153525,-153285,-152925,-152685,-152325,-152085,-151725,-151485,-151125,-150885,-150525,-150285,-149925,-149685,-149325,-149085,-148725,-148485,-148125,-147885,-147525,-147285,-146925,-146685,-146325,-146085,-145725,-145485,-145125,-144885,-144525,-144285,-143925,-143685,-143325,-143085,-142725,-142485,-142125,-141885,-141525,-141285,-140925,-140685,-140325,-140085,-139725,-139485,-139125,-138885,-138525,-138285,-137925,-137685,-137325,-137085,-136725,-136485,-136125,-135885,-135525,-135285,-134925,-134685,-134325,-134085,-133725,-133485,-133125,-132885,-132525,-132285,-131925,-131685,-131325,-131085,-130725,-130485,-130125,-129885,-129525,-129285,-128925,-128685,-128325,-128085,-127725,-127485,-127125,-126885,-126525,-126285,-125925,-125685,-125325,-125085,-124725,-124485,-124125,-123885,-123525,-123285,-122925,-122685,-122325,-122085,-121725,-121485,-121125,-120885,-120525,-120285,-119925,-119685,-119325,-119085,-118725,-118485,-118125,-117885,-117525,-117285,-116925,-116685,-116325,-116085,-115725,-115485,-115125,-114885,-114525,-114285,-113925,-113685,-113325,-113085,-112725,-112485,-112125,-111885,-111525,-111285,-110925,-110685,-110325,-110085,-109725,-109485,-109125,-108885,-108525,-108285,-107925,-107685,-107325,-107085,-106725,-106485,-106125,-105885,-105525,-105285,-104925,-104685,-104325,-104085,-103725,-103485,-103125,-102885,-102525,-102285,-101925,-101685,-101325,-101085,-100725,-100485,-100125,-99885,-99525,-99285,-98925,-98685,-98325,-98085,-97725,-97485,-97125,-96885,-96525,-96285,-95925,-95685,-95325,-95085,-94725,-94485,-94125,-93885,-93525,-93285,-92925,-92685,-92325,-92085,-91725,-91485,-91125,-90885,-90525,-90285,-89925,-89685,-89325,-89085,-88725,-88485,-88125,-87885,-87525,-87285,-86925,-86685,-86325,-86085,-85725,-85485,-85125,-84885,-84525,-84285,-83925,-83685,-83325,-83085,-82725,-82485,-82125,-81885,-81525,-81285,-80925,-80685,-80325,-80085,-79725,-79485,-79125,-78885,-78525,-78285,-77925,-77685,-77325,-77085,-76725,-76485,-76125,-75885,-75525,-75285,-74925,-74685,-74325,-74085,-73725,-73485,-73125,-72885,-72525,-72285,-71925,-71685,-71325,-71085,-70725,-70485,-70125,-69885,-69525,-69285,-68925,-68685,-68325,-68085,-67725,-67485,-67125,-66885,-66525,-66285,-65925,-65685,-65325,-65085,-64725,-64485,-64125,-63885,-63525,-63285,-62925,-62685,-62325,-62085,-61725,-61485,-61125,-60885,-60525,-60285,-59925,-59685,-59325],"sog":[12.7,13.1,12.8,12.8,13.3,13.2,13.0,13.2,13.1,13.3,13.6,13.3,13.0,13.6,13.0,13.1,13.0,13.0,13.7,12.9,13.3,12.5,13.2,13.2,13.8,13.5,13.4,13.3,13.1,13.2,13.4,13.1,13.4,12.8,12.9,13.1,13.5,13.2,13.2,13.7,13.6,13.3,13.6,12.7,12.9,13.6,13.0,13.0,13.1,13.1,13.6,12.7,13.0,13.3,13.3,13.4,12.9,13.3,13.6,12.9,13.1,13.3,13.4,13.4,12.7,13.2,12.8,13.1,12.7,13.0,13.8,13.2,12.6,12.9,12.5,12.7,13.3,13.1,13.7,13.2,13.6,13.0,13.2,12.9,13.4,13.0,13.0,13.5,13.1,12.5,12.5,13.6,13.0,13.2,12.7,12.4,12.5,13.2,13.6,13.5,13.2,13.2,13.8,13.0,12.6,13.3,13.2,13.0,13.0,13.1,12.7,12.7,13.7,13.4,12.9,13.1,13.3,13.1,13.8,13.1,13.1,13.0,12.5,13.0,13.4,12.9,12.7,13.4,13.0,13.7,13.2,13.2,13.2,12.9,13.2,13.3,12.7,13.1,13.4,12.9,12.7,12.7,13.0,12.5,13.5,13.8,13.5,13.7,12.8,12.9,13.1,13.1,13.0,13.6,13.4,13.0,13.1,13.6,13.7,13.2,13.0,12.6,12.6,13.1,13.2,13.1,13.4,13.3,13.6,13.2,13.0,13.5,12.9,13.0,13.7,13.2,13.1,13.0,13.4,13.0,13.4,13.6,13.1,12.6,13.2,13.4,13.1,13.0,12.9,13.2,12.9,12.9,13.6,13.5,12.9,13.1,13.2,12.6,12.9,13.4,12.5,13.6,13.1,13.1,13.2,13.2,12.9,13.1,13.5,13.2,13.2,12.7,13.9,13.5,12.8,13.2,13.1,12.7,13.1,13.1,13.6,12.8,12.7,12.9,12.2,13.0,13.4,13.4,13.1,13.4,12.9,12.9,13.2,12.9,13.4,13.7,13.0,13.0,13.1,13.2,12.8,12.7,13.0,13.0,13.2,13.8,12.9,13.0,13.2,13.0,12.9,13.1,13.5,13.4,13.0,12.8,13.0,13.8,13.3,13.6,13.2,13.1,13.1,13.3,13.2,13.5,13.5,13.0,13.1,13.0,13.2,12.8,13.6,13.3,13.3,13.2,13.2,13.3,13.0,13.4,13.1,13.0,13.0,12.9,13.1,13.1,12.7,12.9,13.2,12.9,12.5,13.3,13.2,12.6,12.9,13.6,13.5,13.6,13.2,13.8,12.6,13.3,13.3,12.7,12.8,13.3,12.8,13.3,13.0,13.0,13.2,13.0,13.6,13.0,13.4,13.2,12.8,13.3,12.9,13.1,12.9,13.5,13.2,12.8,13.3,12.8,12.8,13.1,12.9,13.2,13.4,13.1,12.4,13.8,12.9,13.3,13.4,13.2,12.6,12.9,13.5,12.7,13.0,12.8,12.8,13.7,12.6,12.8,13.1,13.7,13.0,13.4,13.2,13.3,13.3,13.5,13.1,13.3,13.5,13.2,12.8,12.8,13.0,12.9,12.8,13.3,12.9,13.5,12.8,13.5,13.5,13.0,13.0,13.4,13.3,13.5,13.4,13.2,13.2,12.8,13.6,13.1,12.7,13.1,13.0,12.8,13.1,13.1,13.2,13.7,12.9,13.7,13.4,13.0,13.6,13.1,13.1,13.1,13.5,12.3,13.5,13.0,12.9,13.0,12.9,13.5,13.7,13.6,13.1,13.5,12.9,13.3,12.6,13.2,13.4,13.7,12.5,12.4,13.0,12.9,13.4,13.3,13.2,13.7,13.0,13.2,12.9,13.5,12.7,13.3,13.3,12.9,13.3,13.0,13.1,13.0,12.7,13.0,12.9,12.9,13.0,13.2,12.9,13.1,13.4,13.2,13.4,13.4,13.5,12.7,13.2,13.4,13.2,13.4,13.3]}}],"properties":{"t_image":"2025-03-11T13:30:00Z","step_s":300,"source":"synthetic AIS (PS-permitted)"}}