{"type":"FeatureCollection","features":[{"type":"Feature","geometry":{"type":"LineString","coordinates":[[72.4998,17.059],[72.5097,17.0514],[72.5195,17.044],[72.534,17.0324],[72.5442,17.0247],[72.5585,17.0135],[72.5686,17.0056],[72.5832,16.995],[72.5932,16.9873],[72.6089,16.9759],[72.6188,16.9686],[72.6344,16.9577],[72.6441,16.9507],[72.6602,16.9394],[72.6706,16.932],[72.6858,16.9214],[72.696,16.9144],[72.7113,16.9033],[72.7219,16.8961],[72.7374,16.885],[72.7468,16.8779],[72.7621,16.8668],[72.7726,16.8599],[72.7881,16.8489],[72.7985,16.8418],[72.8135,16.8317],[72.8238,16.8247],[72.8394,16.8143],[72.8501,16.807],[72.8657,16.7964],[72.8761,16.7895],[72.892,16.7793],[72.9025,16.7721],[72.9181,16.7617],[72.9291,16.7545],[72.9449,16.7449],[72.9553,16.7383],[72.9709,16.7287],[72.9816,16.7215],[72.9975,16.7115],[73.0081,16.7046],[73.0246,16.6943],[73.0349,16.6875],[73.0505,16.6776],[73.0614,16.6706],[73.077,16.6605],[73.0878,16.6536],[73.1042,16.644],[73.115,16.637],[73.1311,16.6271],[73.1417,16.6209],[73.1578,16.611],[73.1691,16.6035],[73.1852,16.5942],[73.196,16.5873],[73.2116,16.5771],[73.2224,16.5707],[73.2383,16.5603],[73.2488,16.5537],[73.2645,16.543],[73.2743,16.5362],[73.2896,16.5262],[73.2997,16.5196],[73.3151,16.509],[73.3253,16.5025],[73.4602,16.4118]]},"properties":{"mmsi":991371840,"name":"Cargo 1840","role":"candidate","vessel_type":70,"synthetic":true,"t_offset_s":[-61856,-61616,-61376,-61016,-60776,-60416,-60176,-59816,-59576,-59216,-58976,-58616,-58376,-58016,-57776,-57416,-57176,-56816,-56576,-56216,-55976,-55616,-55376,-55016,-54776,-54416,-54176,-53816,-53576,-53216,-52976,-52616,-52376,-52016,-51776,-51416,-51176,-50816,-50576,-50216,-49976,-49616,-49376,-49016,-48776,-48416,-48176,-47816,-47576,-47216,-46976,-46616,-46376,-46016,-45776,-45416,-45176,-44816,-44576,-44216,-43976,-43616,-43376,-43016,-42776,-39656],"sog":[11,10.7,11,10.8,11.2,11,10.3,10.5,11,11,11.2,10.8,10.9,11.4,10.6,10.9,10.5,11,10.9,10.8,10.4,10.8,11.3,10.8,10.8,10.6,10.8,10.6,11.3,11,10.6,10.7,11.3,11.1,10.9,10.7,10.9,10.7,10.7,10.6,10.6,11.1,11.1,11.1,10.6,10.8,11,10.7,10.8,10.8,10.8,11.1,11.6,10.4,10.9,10.7,10.4,10.9,11,10.4,10.2,10.7,10.3,10.3,10.4,10.8]}},{"type":"Feature","geometry":{"type":"LineString","coordinates":[[71.3079,18.0936],[71.3022,18.0983],[71.2913,18.1076],[71.2754,18.1215],[71.2647,18.1312],[71.2491,18.1454],[71.2383,18.1552],[71.2226,18.1699],[71.212,18.1791],[71.1963,18.1934],[71.1859,18.2031],[71.1696,18.2167],[71.1596,18.2259],[71.1436,18.2399],[71.1334,18.2492],[71.1176,18.2629],[71.1069,18.2725],[71.0906,18.2868],[71.0797,18.2959],[71.0638,18.3096],[71.0534,18.3192],[71.0376,18.333],[71.027,18.3425],[71.0111,18.3562],[71.0002,18.3657],[70.9843,18.3793],[70.9739,18.3887],[70.9588,18.4029],[70.9484,18.4124],[70.9328,18.4266],[70.923,18.4359],[70.9072,18.4501],[70.8965,18.459],[70.8809,18.4723],[70.8711,18.4822],[70.8548,18.4961],[70.8444,18.5054],[70.8286,18.5201],[70.8189,18.5293],[70.8033,18.5437],[70.7929,18.5535],[70.7788,18.5677],[70.7686,18.5779],[70.7544,18.5929],[70.7445,18.6028],[70.7294,18.6179],[70.7195,18.628],[70.7044,18.6425],[70.6946,18.652],[70.6799,18.6668],[70.6699,18.6764],[70.6548,18.6915],[70.6445,18.701],[70.6299,18.7154],[70.6198,18.725],[70.6046,18.7389],[70.5939,18.7485],[70.5783,18.7626],[70.5681,18.7718],[70.5521,18.7859],[70.5417,18.7956],[70.5257,18.8098],[70.5158,18.8191],[70.4994,18.8331],[70.489,18.8428],[70.4726,18.8564],[70.4623,18.865],[70.4463,18.8794],[70.4358,18.8888],[70.4196,18.9026],[70.4087,18.9116],[70.3925,18.9255],[70.3819,18.9351],[70.3659,18.9492],[70.3551,18.9579],[70.3399,18.9718],[70.3292,18.9808],[70.3131,18.9951],[70.3026,19.0042],[70.287,19.0182],[70.2768,19.0271],[70.2608,19.0415],[70.251,19.0512],[70.2348,19.0661],[70.2238,19.0758],[70.2081,19.0902],[70.198,19.0993],[70.1824,19.1139],[70.1724,19.1236],[70.1576,19.1379],[70.1469,19.1471],[70.1317,19.1618],[70.1214,19.1712],[70.1054,19.1855],[70.0954,19.1947],[70.08,19.2092],[70.0696,19.2187],[70.0532,19.2327],[70.0428,19.2424],[70.0263,19.256],[70.0161,19.2654],[69.9999,19.28],[69.9901,19.2895],[69.9746,19.3041],[69.9642,19.3138],[69.9494,19.3285],[69.9396,19.3377],[69.9248,19.3519],[69.9144,19.3618],[69.8992,19.3762],[69.8892,19.3856],[69.8734,19.3994],[69.8631,19.4086],[69.8477,19.4222],[69.8373,19.4315],[69.8216,19.4453],[69.8104,19.4553],[69.7942,19.4694],[69.7836,19.4785],[69.7679,19.4922],[69.7573,19.5016],[69.7418,19.515],[69.7306,19.5238],[69.7144,19.5369],[69.7033,19.546],[69.6868,19.5591],[69.6758,19.5677],[69.6589,19.5806],[69.6479,19.5896],[69.6314,19.6022],[69.6207,19.6105],[69.604,19.6235],[69.5931,19.6321],[69.5753,19.6447],[69.564,19.6535],[69.5468,19.6657],[69.5358,19.6741],[69.5189,19.6864],[69.5078,19.6944],[69.4902,19.707],[69.4787,19.7155],[69.4613,19.7282],[69.45,19.7362],[69.4327,19.7482],[69.4215,19.7568],[69.4042,19.7692],[69.3929,19.7774],[69.3761,19.7898],[69.364,19.798],[69.3466,19.8107],[69.3353,19.8184],[69.3179,19.8307],[69.3064,19.8384],[69.2887,19.8506],[69.2773,19.8585],[69.2601,19.8701],[69.2484,19.8783],[69.231,19.8904],[69.2195,19.8978],[69.202,19.9099],[69.1902,19.9176],[69.1724,19.9297],[69.1604,19.9377],[69.1424,19.9494],[69.131,19.9575],[69.114,19.9687],[69.1023,19.9767],[69.0842,19.9889],[69.0726,19.9964],[69.0548,20.0086],[69.0434,20.0164],[69.0253,20.0281],[69.0132,20.036],[68.9959,20.0473],[68.984,20.0544],[68.966,20.0663],[68.9538,20.074],[68.9359,20.0855],[68.9238,20.0933],[68.9063,20.1053],[68.8949,20.113],[68.8773,20.1247],[68.8656,20.1326],[68.8475,20.1444],[68.836,20.1521],[68.8183,20.1644],[68.8064,20.1728],[68.7886,20.1844],[68.777,20.1923],[68.759,20.2042],[68.7466,20.2119],[68.7292,20.2242],[68.7177,20.2324],[68.7001,20.2449],[68.6886,20.2531],[68.6709,20.2655],[68.6603,20.273],[68.6429,20.2862],[68.6318,20.2946],[68.6151,20.3082],[68.604,20.3162],[68.5862,20.3295],[68.5755,20.3378],[68.5587,20.3513],[68.5473,20.3595],[68.5306,20.3722],[68.5192,20.3806],[68.5025,20.3939],[68.4913,20.4024],[68.4749,20.4154],[68.4637,20.424],[68.4467,20.4372],[68.4348,20.4462],[68.4177,20.4588],[68.4062,20.4676],[68.3894,20.4804],[68.3784,20.4887],[68.3614,20.501],[68.3503,20.5092],[68.3329,20.5217],[68.3211,20.5299],[68.3039,20.5417],[68.2923,20.5497],[68.275,20.5621],[68.2632,20.5707],[68.2469,20.583],[68.2353,20.5913],[68.2176,20.6033],[68.2061,20.6113],[68.1883,20.6237],[68.1772,20.6317],[68.1595,20.6439],[68.1477,20.6519],[68.1304,20.6647],[68.1191,20.6723],[68.1012,20.6844],[68.0899,20.692],[68.0726,20.7049],[68.061,20.7133],[68.0439,20.7249],[68.0329,20.733],[68.0157,20.7451],[68.0044,20.7536],[67.9866,20.766],[67.9754,20.7738],[67.9577,20.786],[67.9455,20.7939],[67.9285,20.8063],[67.9165,20.8144],[67.8998,20.8263],[67.8881,20.8349],[67.8712,20.8475],[67.8597,20.8565],[67.8428,20.8692],[67.8318,20.8779],[67.8151,20.8909],[67.8041,20.8996],[67.7872,20.9122],[67.7759,20.9209],[67.7587,20.9336],[67.7476,20.9417],[67.731,20.9539],[67.7187,20.9623],[67.7018,20.9745],[67.6913,20.983],[67.674,20.9955],[67.6625,21.004],[67.6453,21.0157],[67.6336,21.0239],[67.6159,21.0357],[67.6038,21.0437],[67.5861,21.0555],[67.5742,21.0631],[67.5559,21.074],[67.5441,21.0814],[67.5264,21.0922],[67.5141,21.1],[67.4966,21.1109],[67.4846,21.1182]]},"properties":{"mmsi":991378743,"name":"Cargo 8743","role":"candidate","vessel_type":70,"synthetic":true,"t_offset_s":[-139432,-139312,-139072,-138712,-138472,-138112,-137872,-137512,-137272,-136912,-136672,-136312,-136072,-135712,-135472,-135112,-134872,-134512,-134272,-133912,-133672,-133312,-133072,-132712,-132472,-132112,-131872,-131512,-131272,-130912,-130672,-130312,-130072,-129712,-129472,-129112,-128872,-128512,-128272,-127912,-127672,-127312,-127072,-126712,-126472,-126112,-125872,-125512,-125272,-124912,-124672,-124312,-124072,-123712,-123472,-123112,-122872,-122512,-122272,-121912,-121672,-121312,-121072,-120712,-120472,-120112,-119872,-119512,-119272,-118912,-118672,-118312,-118072,-117712,-117472,-117112,-116872,-116512,-116272,-115912,-115672,-115312,-115072,-114712,-114472,-114112,-113872,-113512,-113272,-112912,-112672,-112312,-112072,-111712,-111472,-111112,-110872,-110512,-110272,-109912,-109672,-109312,-109072,-108712,-108472,-108112,-107872,-107512,-107272,-106912,-106672,-106312,-106072,-105712,-105472,-105112,-104872,-104512,-104272,-103912,-103672,-103312,-103072,-102712,-102472,-102112,-101872,-101512,-101272,-100912,-100672,-100312,-100072,-99712,-99472,-99112,-98872,-98512,-98272,-97912,-97672,-97312,-97072,-96712,-96472,-96112,-95872,-95512,-95272,-94912,-94672,-94312,-94072,-93712,-93472,-93112,-92872,-92512,-92272,-91912,-91672,-91312,-91072,-90712,-90472,-90112,-89872,-89512,-89272,-88912,-88672,-88312,-88072,-87712,-87472,-87112,-86872,-86512,-86272,-85912,-85672,-85312,-85072,-84712,-84472,-84112,-83872,-83512,-83272,-82912,-82672,-82312,-82072,-81712,-81472,-81112,-80872,-80512,-80272,-79912,-79672,-79312,-79072,-78712,-78472,-78112,-77872,-77512,-77272,-76912,-76672,-76312,-76072,-75712,-75472,-75112,-74872,-74512,-74272,-73912,-73672,-73312,-73072,-72712,-72472,-72112,-71872,-71512,-71272,-70912,-70672,-70312,-70072,-69712,-69472,-69112,-68872,-68512,-68272,-67912,-67672,-67312,-67072,-66712,-66472,-66112,-65872,-65512,-65272,-64912,-64672,-64312,-64072,-63712,-63472,-63112,-62872,-62512,-62272,-61912,-61672,-61312,-61072,-60712,-60472,-60112,-59872,-59512,-59272,-58912,-58672,-58312,-58072,-57712,-57472,-57112,-56872,-56512,-56272],"sog":[12.3,12.4,12.8,12.5,12.4,12.5,12.5,13.3,12.1,12.5,12.1,12,12.1,12,12.6,12.2,12.3,12.8,12.4,12.1,12,11.5,12.2,12.3,12.5,12.4,12,11.8,12.1,12.3,12.2,13,11.8,12,12.3,12.2,12.4,12.6,11.5,12,12.6,11.6,12.3,12.8,12,12,12.3,12.2,12.1,12.6,12,12.2,12,11.7,12,12.6,12.7,12.3,12,12.1,12.4,11.9,11.7,12.6,12.1,12.4,11.9,12.2,12.4,12.4,12.2,12.2,12.5,12.3,12.4,12.1,12,12.2,12.4,11.7,12,12.1,12.1,12.9,12.8,12.4,11.9,12.1,12.1,12.2,12.3,12.5,12.9,12.3,11.7,12.1,12.6,12.6,12.1,12.2,12.1,12.4,12.4,12.3,12,12,12.2,11.7,12.1,12.4,12,12.3,12.1,12.9,12.3,11.8,12.7,12.6,12.3,12,12.1,12,11.8,12.4,12.4,12.4,11.9,12.6,12.1,12,11.7,11.8,12.1,13.1,12.5,12.1,12.1,12,11.8,12.3,12.4,12,12.2,12.2,12.1,12.1,11.8,12.7,11.8,13,12.4,11.9,12.1,12.1,11.9,12,11.9,12.1,12,12.9,12.6,12.3,12.3,12.3,12.4,11.6,12.3,12.3,12,12.4,12.1,12.4,12.4,12.3,12.1,12.1,12.1,11.7,12.2,12.5,12,11.7,12,12.3,12.1,12.6,11.9,12.2,11.9,12.7,12.7,12.1,11.8,12.3,12.7,12.4,11.7,12.7,12.3,11.9,11.9,12.8,12,12.6,12.3,11.9,13.1,12.2,12.3,11.7,12.6,12,12.6,12.5,12.4,12.2,11.8,11.8,12.6,12.4,11.9,12,12.2,12.3,12.5,12.1,12.4,12.1,12,12.2,12.3,12.4,11.9,12.1,12.4,12.1,12,12.4,12.7,12.2,11.9,12.2,12.3,12.5,12.5,12,12.3,12.5,12.6,12.4,12.7,12,12.7,12,12.3,12.6,12.1,12.1,12.2,12.7,12.2,12.3,13,11.6,11.6,12.1,12.3,12.2,12.2,12.4,12.2,12.6,11.7,11.9,12.1,11.7,12.4,11.9,12.2]}},{"type":"Feature","geometry":{"type":"LineString","coordinates":[[72.7496,17.4451],[72.7417,17.4566],[72.734,17.468],[72.722,17.4852],[72.714,17.4968],[72.7023,17.5141],[72.6947,17.5257],[72.6831,17.5435],[72.6754,17.5556],[72.6634,17.5726],[72.6557,17.5846],[72.6435,17.6019],[72.6352,17.6135],[72.6235,17.6303],[72.6153,17.6421],[72.6032,17.6594],[72.595,17.6711],[72.5836,17.6892],[72.5763,17.7012],[72.5652,17.7187],[72.5572,17.7305],[72.5466,17.7483],[72.539,17.7602],[72.5278,17.7781],[72.5204,17.79],[72.5097,17.8071],[72.5022,17.8196],[72.4912,17.8375],[72.4838,17.8489],[72.4731,17.8668],[72.4653,17.8781],[72.4545,17.8961],[72.447,17.9081],[72.4352,17.9258],[72.4274,17.9377],[72.4156,17.9548],[72.4076,17.9662],[72.3956,17.9836],[72.3872,17.9949],[72.3751,18.0127],[72.3674,18.0237],[72.3557,18.0411],[72.3471,18.0524],[72.3354,18.0696],[72.3269,18.081],[72.3146,18.0982],[72.3061,18.1089],[72.2939,18.1259],[72.2859,18.1376],[72.2729,18.1548],[72.265,18.1659],[72.2525,18.1826],[72.2441,18.1937],[72.2315,18.2105],[72.2232,18.2217],[72.21,18.2382],[72.2013,18.249],[72.1887,18.2658],[72.1793,18.2768],[72.1655,18.2929],[72.1564,18.3036],[72.1429,18.3197],[72.1338,18.3297],[72.1191,18.3461],[72.1101,18.3564],[72.096,18.3723],[72.087,18.3832],[72.0734,18.3993],[72.065,18.4098],[72.0518,18.4264],[72.0432,18.4375],[72.03,18.4545],[72.0214,18.4663],[72.0087,18.4829],[72.0004,18.4938],[71.9878,18.511],[71.9793,18.5229],[71.9669,18.54],[71.9586,18.5509],[71.9457,18.5681],[71.9375,18.5792],[71.9243,18.596],[71.9162,18.607],[71.9036,18.6233],[71.8951,18.6346],[71.8823,18.6517],[71.8731,18.6629],[71.8598,18.6797],[71.8505,18.6904],[71.8372,18.7066],[71.8273,18.7174],[71.8148,18.733],[71.8055,18.744],[71.7924,18.7599],[71.7843,18.7706],[71.7704,18.787],[71.7616,18.7979],[71.7479,18.8142],[71.7394,18.8251],[71.7258,18.8413],[71.7162,18.8523],[71.7027,18.8686],[71.6935,18.8792],[71.6799,18.8949],[71.6706,18.9055],[71.657,18.9212],[71.648,18.9321],[71.6341,18.948],[71.6253,18.9586],[71.6116,18.9747],[71.6024,18.9847],[71.5887,19.0009],[71.579,19.0119],[71.565,19.028],[71.556,19.0384],[71.5419,19.0549],[71.5328,19.0659],[71.5196,19.0818],[71.5103,19.0928],[71.4967,19.1089],[71.4874,19.12],[71.4734,19.1361],[71.4643,19.1471],[71.4509,19.1636],[71.4424,19.1742],[71.429,19.1912],[71.4207,19.2024],[71.4079,19.219],[71.3993,19.23],[71.3865,19.2468],[71.378,19.2582],[71.3654,19.2743],[71.3569,19.2859],[71.3444,19.3028],[71.3357,19.3139],[71.3226,19.3309],[71.3138,19.3414],[71.3004,19.3583],[71.2922,19.3693],[71.2787,19.3858],[71.2697,19.397],[71.2566,19.4137],[71.2482,19.4246],[71.235,19.4416],[71.2261,19.4529],[71.2133,19.47],[71.2055,19.4806],[71.193,19.4974],[71.1846,19.5091],[71.1727,19.5255],[71.1639,19.537],[71.152,19.5543],[71.1439,19.5654],[71.132,19.5825],[71.124,19.5942],[71.1116,19.6116],[71.1034,19.6227],[71.0913,19.6393],[71.0829,19.651],[71.0706,19.6678],[71.062,19.6785],[71.0494,19.6951],[71.0407,19.7066],[71.0275,19.7229],[71.0187,19.7346],[71.0057,19.7514],[70.9968,19.7623],[70.984,19.7783],[70.9753,19.7892],[70.9622,19.8058],[70.9532,19.8166],[70.9389,19.8333],[70.9295,19.8442],[70.9153,19.8603],[70.906,19.8714],[70.8927,19.8873],[70.8837,19.898],[70.87,19.9148],[70.8609,19.926],[70.8479,19.9424],[70.8392,19.9539],[70.8263,19.9709],[70.8181,19.982],[70.8055,19.9996],[70.7972,20.0108],[70.7847,20.0279],[70.7762,20.0392],[70.764,20.0567],[70.7561,20.0682],[70.7437,20.0862],[70.736,20.098],[70.7245,20.115],[70.7165,20.1262],[70.7045,20.1433],[70.696,20.1545],[70.6834,20.1724],[70.6754,20.1838],[70.6632,20.2009],[70.655,20.2127],[70.6425,20.2294],[70.6346,20.2407],[70.6216,20.258],[70.613,20.2695],[70.6007,20.2862],[70.5923,20.2973],[70.5799,20.3145],[70.5719,20.3257],[70.5597,20.3434],[70.5513,20.3551],[70.5391,20.3724],[70.5311,20.384],[70.5189,20.4011],[70.511,20.4124],[70.4989,20.4297],[70.4908,20.4407],[70.4778,20.4579],[70.4699,20.4697],[70.4575,20.4874],[70.4491,20.4988],[70.4363,20.5161],[70.4282,20.5276],[70.4159,20.5447],[70.4078,20.5568],[70.3957,20.5741],[70.3873,20.5861],[70.375,20.603],[70.3671,20.6141],[70.3541,20.6316],[70.3458,20.6432],[70.3336,20.6601],[70.3256,20.6716],[70.3138,20.6889],[70.3055,20.7003],[70.2929,20.7178],[70.2849,20.7292],[70.2728,20.7464],[70.2645,20.758],[70.252,20.7748],[70.2436,20.7855],[70.2316,20.8033],[70.2232,20.8147],[70.2109,20.8314],[70.2031,20.8428],[70.1908,20.86],[70.1825,20.8715],[70.1703,20.8885],[70.1622,20.8999],[70.1497,20.9171],[70.1416,20.9281],[70.1289,20.9449],[70.1206,20.956],[70.1081,20.9727],[70.0999,20.9844],[70.0872,21.0012],[70.0791,21.0132],[70.0667,21.0303],[70.0589,21.0415],[70.0462,21.0594],[70.0375,21.0707],[70.0247,21.0879],[70.0171,21.0991],[70.0051,21.1157],[69.9974,21.1273],[69.9858,21.1442],[69.9777,21.1557],[69.9664,21.1734],[69.9588,21.1855],[69.9477,21.2034],[69.9401,21.2152],[69.9288,21.2325],[69.9211,21.2441],[69.9097,21.2619],[69.9023,21.2736],[69.8914,21.2919],[69.8841,21.3036],[69.873,21.3218],[69.8655,21.3334],[69.8546,21.3516],[69.8473,21.3635],[69.8364,21.3813],[69.8295,21.3933],[69.2519,22.2676],[69.248,22.2735],[69.2371,22.2915],[69.2292,22.3032],[69.2177,22.3209],[69.2103,22.3325],[69.1992,22.3506],[69.1918,22.3622],[69.1561,22.4146],[69.1518,22.4204],[69.1398,22.4376],[69.1322,22.4487],[69.1199,22.4661],[69.1122,22.4771],[69.0998,22.4943],[69.0914,22.5062],[69.079,22.5234],[69.0705,22.5346],[69.058,22.5516],[69.0493,22.5622],[69.0364,22.5794],[69.0277,22.5898],[69.0141,22.6068],[69.0049,22.6178],[68.9911,22.6344],[68.9818,22.645],[68.9671,22.6608],[68.9576,22.6719],[68.9437,22.6873],[68.9344,22.6984],[68.9201,22.7143],[68.9108,22.725],[68.8964,22.7409],[68.8866,22.7518],[68.8724,22.7673],[68.8626,22.7776],[68.8486,22.7934],[68.8393,22.8039],[68.8256,22.8198],[68.8157,22.8304],[68.8021,22.8467],[68.7924,22.8575],[68.7789,22.8727],[68.769,22.8832],[68.7542,22.8993],[68.7444,22.9097],[68.73,22.925],[68.7206,22.9353],[68.7058,22.951],[68.6964,22.9618],[68.6822,22.9775],[68.6727,22.9876],[68.6583,23.0038],[68.6492,23.0144],[68.635,23.0302],[68.6257,23.041],[68.6117,23.0566],[68.6023,23.0673],[68.5887,23.0836],[68.5797,23.0938],[68.5661,23.1101],[68.5567,23.1213],[68.543,23.1366],[68.5336,23.1472],[68.52,23.1631],[68.5101,23.174],[68.4974,23.1901],[68.4877,23.2012],[68.4741,23.2171],[68.4653,23.2282],[68.4511,23.2445],[68.4418,23.2553],[68.4279,23.2719],[68.4189,23.2826],[68.4051,23.2986],[68.3955,23.3097],[68.382,23.3257],[68.3727,23.3366],[68.3593,23.3529],[68.3501,23.3644],[68.3367,23.3803],[68.3276,23.3912],[68.314,23.4079],[68.3049,23.4187],[68.2914,23.4348],[68.2827,23.4458],[68.2691,23.4623],[68.2603,23.473],[68.2474,23.4892],[68.2385,23.4996],[68.2251,23.5162],[68.2159,23.5271],[68.202,23.5433],[68.1929,23.5543],[68.1799,23.5705],[68.1708,23.5813],[68.1574,23.5974],[68.1493,23.6082],[68.1359,23.6248],[68.1273,23.6358],[68.1143,23.6525],[68.1057,23.6637],[68.0927,23.6811],[68.0845,23.6918],[68.0719,23.7088],[68.0514,23.7368],[68.043,23.7481],[68.0306,23.7645],[67.9568,23.8592],[67.8837,23.9461],[67.8745,23.9569]]},"properties":{"mmsi":991514042,"name":"Cargo 4042","role":"candidate","vessel_type":70,"synthetic":true,"t_offset_s":[-174970,-174730,-174490,-174130,-173890,-173530,-173290,-172930,-172690,-172330,-172090,-171730,-171490,-171130,-170890,-170530,-170290,-169930,-169690,-169330,-169090,-168730,-168490,-168130,-167890,-167530,-167290,-166930,-166690,-166330,-166090,-165730,-165490,-165130,-164890,-164530,-164290,-163930,-163690,-163330,-163090,-162730,-162490,-162130,-161890,-161530,-161290,-160930,-160690,-160330,-160090,-159730,-159490,-159130,-158890,-158530,-158290,-157930,-157690,-157330,-157090,-156730,-156490,-156130,-155890,-155530,-155290,-154930,-154690,-154330,-154090,-153730,-153490,-153130,-152890,-152530,-152290,-151930,-151690,-151330,-151090,-150730,-150490,-150130,-149890,-149530,-149290,-148930,-148690,-148330,-148090,-147730,-147490,-147130,-146890,-146530,-146290,-145930,-145690,-145330,-145090,-144730,-144490,-144130,-143890,-143530,-143290,-142930,-142690,-142330,-142090,-141730,-141490,-141130,-140890,-140530,-140290,-139930,-139690,-139330,-139090,-138730,-138490,-138130,-137890,-137530,-137290,-136930,-136690,-136330,-136090,-135730,-135490,-135130,-134890,-134530,-134290,-133930,-133690,-133330,-133090,-132730,-132490,-132130,-131890,-131530,-131290,-130930,-130690,-130330,-130090,-129730,-129490,-129130,-128890,-128530,-128290,-127930,-127690,-127330,-127090,-126730,-126490,-126130,-125890,-125530,-125290,-124930,-124690,-124330,-124090,-123730,-123490,-123130,-122890,-122530,-122290,-121930,-121690,-121330,-121090,-120730,-120490,-120130,-119890,-119530,-119290,-118930,-118690,-118330,-118090,-117730,-117490,-117130,-116890,-116530,-116290,-115930,-115690,-115330,-115090,-114730,-114490,-114130,-113890,-113530,-113290,-112930,-112690,-112330,-112090,-111730,-111490,-111130,-110890,-110530,-110290,-109930,-109690,-109330,-109090,-108730,-108490,-108130,-107890,-107530,-107290,-106930,-106690,-106330,-106090,-105730,-105490,-105130,-104890,-104530,-104290,-103930,-103690,-103330,-103090,-102730,-102490,-102130,-101890,-101530,-101290,-100930,-100690,-100330,-100090,-99730,-99490,-99130,-98890,-98530,-98290,-97930,-97690,-97330,-97090,-96730,-96490,-96130,-95890,-95530,-95290,-94930,-94690,-94330,-94090,-93730,-93490,-93130,-92890,-92530,-92290,-91930,-91690,-91330,-91090,-73210,-73090,-72730,-72490,-72130,-71890,-71530,-71290,-70210,-70090,-69730,-69490,-69130,-68890,-68530,-68290,-67930,-67690,-67330,-67090,-66730,-66490,-66130,-65890,-65530,-65290,-64930,-64690,-64330,-64090,-63730,-63490,-63130,-62890,-62530,-62290,-61930,-61690,-61330,-61090,-60730,-60490,-60130,-59890,-59530,-59290,-58930,-58690,-58330,-58090,-57730,-57490,-57130,-56890,-56530,-56290,-55930,-55690,-55330,-55090,-54730,-54490,-54130,-53890,-53530,-53290,-52930,-52690,-52330,-52090,-51730,-51490,-51130,-50890,-50530,-50290,-49930,-49690,-49330,-49090,-48730,-48490,-48130,-47890,-47530,-47290,-46930,-46690,-46330,-46090,-45730,-45490,-45130,-44890,-44530,-44290,-43930,-43690,-43330,-43090,-42730,-42490,-42130,-41890,-41530,-40930,-40690,-40330,-38290,-36370,-36130],"sog":[11.8,12.3,12.3,12.2,12,12.1,12.3,12.1,12.7,12.4,12.3,12.5,12.5,12.7,12.1,13,12.1,12.8,12.1,12.7,12.4,12.4,12.7,12.4,12.3,12.1,12.3,12.1,12.4,12,12.8,12.2,12.2,12.8,12.3,11.9,12.1,12.5,12.3,11.9,12,12.6,12.1,12.3,12.1,12.9,12.3,11.8,12.4,12.7,11.8,12.6,12,12.8,12,12.1,12.2,12.4,12.7,12.5,12.4,12.2,12,12.6,12.4,12.4,12.1,12.3,12.1,12.4,12.6,12.5,12.7,12.3,11.8,12.5,13.1,12.1,12.5,12.2,12.5,12.7,12.2,12.3,12.4,12.4,12.2,13,12.5,12.8,11.9,12.4,12.3,12.2,12.4,12.5,12.5,12.4,12.2,12.3,13,12.6,12.6,12.2,12.1,12.5,12.1,12.7,12.4,12.4,11.8,12.5,12.8,12.7,12,12.5,12.1,12.2,12.5,12.2,12.5,12.4,12.7,12.4,12.4,12.1,12.5,12.3,12.5,11.8,12.2,12.4,12.3,12.1,12.2,12.5,12.6,12.7,12.2,12.1,12.6,12.2,12.3,12.4,12.8,12.1,12,12.4,11.9,12.1,12.3,12.4,12.1,12.1,12.5,12.4,12.1,12.3,12.3,12.3,12.1,12.4,12.5,12,12.4,12.2,12.2,11.9,12.1,12.5,12.6,12.9,12.6,12.3,12.5,12.2,12.2,12.5,12.4,12.2,12.8,12.5,12.3,12.6,12.1,12.2,12.6,12.6,12.8,12.4,12.6,12.4,11.8,12.4,12.4,12.9,12.2,12.3,12.3,12.4,11.8,12.7,12.6,12,12.3,12.5,12.3,12.5,12.5,12.6,12.3,11.9,12.8,12.4,12.1,12.8,12.4,12.8,12.6,12.8,11.6,12,12.8,12.1,12.2,12.7,12.1,12.7,13,12.1,11.8,12.3,12.5,12,12.4,12.4,12,11.8,12.1,11.9,12.7,12.3,11.7,12.4,12.7,13.1,11.8,12.9,12.1,12.4,12.1,12.3,12.5,12.7,12.3,12.4,12.2,12.5,12.8,11.7,11.8,11.8,12.2,11.9,12.6,12.2,12.5,12.4,12.5,11.9,12.5,12.5,12.3,12.3,11.7,13.1,12.5,12.7,12.3,12.3,12.1,12,12.2,12.6,12.4,12.5,12.4,12.3,12.3,12.4,12.7,11.9,11.4,12.4,12.1,12.4,13.1,12.6,12.4,12.7,12.1,12.1,12.1,12.1,12.6,12.8,12.6,12.8,12.3,12.1,12.4,12.6,12.6,12,13.2,12.2,12,13,12.2,12,12.4,12.3,12.1,12.5,12.3,13.1,12.5,12.8,12.4,12.6,12.5,12.4,12.2,12.9,12.6,12.7,11.9,12.3,12.2,12.2,11.7,11.9,12.7,12.1,12.7,12.6,12.3,12.3,13,12.3,12.6,12.5,12.7,12.5,12.1,12.6,12.5,12.7,12.8,12.1,12.5,12,12.1,12.7,12.6,11.9,12.1,12.6,12,12.1,12.4,12.5,12.6,12.7,12.5,12.1,11.9,12.3,11.8,12.3,12.2,12.1,12.5,12.8,12.3,12.9,12.3,12,11.5,12.2,11.8,12.4]}},{"type":"Feature","geometry":{"type":"LineString","coordinates":[[71.2813,17.974],[71.2763,17.9781],[71.2611,17.9904],[71.2516,17.9984],[71.2363,18.011],[71.2269,18.0189],[71.2125,18.0317],[71.2027,18.04],[71.1876,18.0529],[71.1778,18.0611],[71.1634,18.0738],[71.1532,18.0821],[71.1385,18.0944],[71.1284,18.1025],[71.1131,18.1149],[71.1029,18.1229],[71.0873,18.1351],[71.0774,18.1435],[71.0621,18.1552],[71.0522,18.1633],[71.0368,18.1751],[71.0269,18.1832],[71.0113,18.1956],[71.0015,18.2038],[70.9861,18.2157],[70.9759,18.2236],[70.9608,18.2358],[70.9512,18.2434],[70.9363,18.2559],[70.9264,18.2638],[70.9115,18.2766],[70.9016,18.2847],[70.8867,18.2969],[70.8767,18.305],[70.8623,18.3171],[70.8525,18.3253],[70.8386,18.3373],[70.8282,18.3458],[70.813,18.3583],[70.8032,18.3665],[70.7877,18.3786],[70.7776,18.3868],[70.763,18.3992],[70.7532,18.4075],[70.7384,18.4194],[70.7283,18.4273],[70.7131,18.4391],[70.7032,18.447],[70.6878,18.4593],[70.678,18.4672],[70.6626,18.4789],[70.652,18.4866],[70.6364,18.4987],[70.6262,18.5064],[70.6107,18.5177],[70.6004,18.5255],[70.5844,18.5366],[70.5738,18.5442],[70.5574,18.5557],[70.5472,18.5632],[70.5314,18.5749],[70.521,18.5828],[70.505,18.595],[70.4948,18.6029],[70.4796,18.6143],[70.469,18.6224],[70.4536,18.6341],[70.4432,18.6427],[70.4281,18.6547],[70.4173,18.6632],[70.4022,18.6755],[70.3921,18.6832],[70.3766,18.6948],[70.3663,18.703],[70.3509,18.7148],[70.3402,18.7218],[70.3243,18.7337],[70.3136,18.7414],[70.2981,18.7529],[70.2877,18.7605],[70.2717,18.772],[70.261,18.7799],[70.2454,18.7916],[70.2352,18.7986],[70.219,18.811],[70.2086,18.8188],[70.1928,18.8302],[70.1824,18.8383],[70.1674,18.8497],[70.157,18.8575],[70.1418,18.8697],[70.1314,18.8777],[70.1159,18.8896],[70.1053,18.8974],[70.0898,18.9092],[70.08,18.9169],[70.0649,18.9291],[70.055,18.9373],[70.0398,18.9493],[70.0292,18.9576],[70.0137,18.969],[70.0035,18.9765],[69.9884,18.988],[69.9778,18.9959],[69.9625,19.0081],[69.9521,19.016],[69.9371,19.0283],[69.9272,19.0367],[69.9126,19.0488],[69.9026,19.0572],[69.888,19.0693],[69.8777,19.0774],[69.8627,19.0893],[69.8525,19.0976],[69.8372,19.1102],[69.827,19.1183],[69.8116,19.1304],[69.8016,19.1387],[69.7867,19.1504],[69.7759,19.1589],[69.761,19.1715],[69.7507,19.1802],[69.7352,19.193],[69.7255,19.2008],[69.7106,19.2135],[69.7012,19.2216],[69.6864,19.2338],[69.6768,19.2418],[69.662,19.2545],[69.6525,19.2631],[69.6379,19.276],[69.6284,19.2844],[69.6142,19.2968],[69.6046,19.3054],[69.5898,19.3181]]},"properties":{"mmsi":992099902,"name":"Cargo 9902","role":"background","vessel_type":70,"synthetic":true,"t_offset_s":[46223,46343,46703,46943,47303,47543,47903,48143,48503,48743,49103,49343,49703,49943,50303,50543,50903,51143,51503,51743,52103,52343,52703,52943,53303,53543,53903,54143,54503,54743,55103,55343,55703,55943,56303,56543,56903,57143,57503,57743,58103,58343,58703,58943,59303,59543,59903,60143,60503,60743,61103,61343,61703,61943,62303,62543,62903,63143,63503,63743,64103,64343,64703,64943,65303,65543,65903,66143,66503,66743,67103,67343,67703,67943,68303,68543,68903,69143,69503,69743,70103,70343,70703,70943,71303,71543,71903,72143,72503,72743,73103,73343,73703,73943,74303,74543,74903,75143,75503,75743,76103,76343,76703,76943,77303,77543,77903,78143,78503,78743,79103,79343,79703,79943,80303,80543,80903,81143,81503,81743,82103,82343,82703,82943,83303,83543,83903,84143,84503,84743,85103,85343,85703,85943,86303],"sog":[11.4,10.8,11,11.3,11.2,10.7,11,11.2,11.4,11.3,11.2,11.4,11.2,11.2,11.7,10.8,11.1,11.4,11,11.1,11.5,11.9,11.4,10.8,11.1,11,10.8,10.7,11.6,10.9,11.4,11,11.4,11.4,10.9,10.9,11.3,11.7,11.5,11.4,11.5,11,11,10.8,10.9,11.1,11.1,11.1,11.6,10.8,11.1,11.5,11.6,11.6,11.3,11.1,11.1,11.4,11.6,11.2,11.3,11.5,11.5,11.6,11.3,11.7,11.2,11.5,11.3,11.7,11.7,11.1,11.2,11.6,11.4,11.3,11.4,11.7,11.1,11.3,11.2,11.7,11.2,10.8,11.5,11.1,11.1,11,11.4,11.1,11.1,11.5,11.7,10.9,11.4,10.8,11,11.1,11.3,11.5,10.8,11,10.7,11.3,11.2,11.3,11.7,11.3,11.2,11.3,11.1,11.2,11.8,11.3,11.3,11.1,11,11.3,11.5,11.4,11.9,11.4,11.6,11.2,11.2,11.3,11,11.4,11.3,11.6,11,11,11.4,11.4,11.2]}},{"type":"Feature","geometry":{"type":"LineString","coordinates":[[71.7954,17.5695],[71.7868,17.5767],[71.7776,17.5844],[71.7635,17.5956],[71.7539,17.6033],[71.7403,17.6134],[71.7309,17.621],[71.7172,17.6322],[71.7074,17.6394],[71.6928,17.6503],[71.6836,17.6572],[71.6686,17.6674],[71.6588,17.6743],[71.644,17.6842],[71.635,17.6907],[71.6206,17.7009],[71.6114,17.7074],[71.5972,17.7176],[71.587,17.7249],[71.5729,17.7348],[71.5632,17.742],[71.5487,17.7519],[71.5392,17.7588],[71.5245,17.7691],[71.5149,17.7758],[71.5001,17.7857],[71.4899,17.7925],[71.4753,17.8021],[71.4651,17.8083],[71.45,17.8174],[71.4398,17.8238],[71.4254,17.8336],[71.4154,17.8406],[71.4008,17.8509],[71.3911,17.8572],[71.3761,17.8672],[71.3665,17.8737],[71.3515,17.8839],[71.3415,17.8911],[71.3271,17.9016],[71.3178,17.9087],[71.3036,17.9185],[71.2938,17.9256],[71.2798,17.9357],[71.2705,17.943],[71.2561,17.9536],[71.2464,17.9604],[71.2319,17.9707],[71.2225,17.9775],[71.2079,17.9878],[71.1981,17.995],[71.1837,18.0053],[71.1741,18.0119],[71.1593,18.022],[71.1492,18.0287],[71.1343,18.0389],[71.1246,18.0459],[71.1104,18.0557],[71.1004,18.063],[71.0864,18.0728],[71.0765,18.0802],[71.0628,18.0901],[71.0542,18.0972],[71.0392,18.1083],[71.0295,18.115],[71.015,18.1253],[71.0056,18.1319],[70.9913,18.1426],[70.9818,18.1496],[70.9674,18.16],[70.9576,18.167],[70.9439,18.1766],[70.9341,18.1837],[70.92,18.1937],[70.9105,18.2005],[70.8961,18.2108],[70.8867,18.2173],[70.8715,18.2277],[70.8618,18.2341],[70.847,18.2436],[70.8371,18.2503],[70.822,18.2602],[70.8118,18.2667],[70.7961,18.2768],[70.7865,18.2828],[70.7708,18.2931],[70.7608,18.2991],[70.7462,18.3093],[70.7364,18.3158],[70.7213,18.3258],[70.7116,18.3321],[70.6965,18.3415],[70.6864,18.3476],[70.6708,18.357],[70.6604,18.3635],[70.6457,18.3739],[70.6356,18.3804],[70.6206,18.3905],[70.6106,18.3973],[70.5971,18.4069],[70.5869,18.4133],[70.572,18.4229],[70.5616,18.4295],[70.5465,18.4379],[70.5365,18.4444],[70.5211,18.4536],[70.5113,18.4599],[70.496,18.4691],[70.4855,18.4754],[70.47,18.4847],[70.4601,18.4908],[70.4451,18.5004],[70.4354,18.5066],[70.4205,18.5163],[70.4109,18.5225],[70.3957,18.5325],[70.3861,18.539],[70.371,18.5492],[70.3612,18.5558],[70.3462,18.5653],[70.3362,18.5718],[70.3214,18.581],[70.3109,18.5874],[70.2954,18.5967],[70.2854,18.6036],[70.2699,18.613],[70.2598,18.6194],[70.2441,18.6291],[70.2341,18.6351],[70.218,18.6438],[70.2078,18.6495],[70.1921,18.6582],[70.1813,18.6641],[70.1656,18.6732],[70.155,18.679],[70.1399,18.6885],[70.1294,18.6947],[70.1136,18.7041],[70.1038,18.7099],[70.0885,18.7197],[70.0784,18.7263],[70.063,18.7359],[70.0533,18.7418],[70.038,18.7509],[70.0281,18.7569],[70.0128,18.7661],[70.0024,18.772],[69.9871,18.7811],[69.9768,18.7874],[69.9617,18.7962],[69.9514,18.8025],[69.9359,18.8116],[69.9259,18.8181],[69.9111,18.8273],[69.9009,18.8336],[69.8854,18.8431],[69.8751,18.8496],[69.8601,18.8586],[69.8498,18.8646],[69.8347,18.8739],[69.8243,18.8801],[69.8089,18.8894],[69.7987,18.8955],[69.7835,18.9052],[69.7733,18.9111],[69.7579,18.9199],[69.7478,18.9259],[69.7318,18.9352],[69.7217,18.9409],[69.7059,18.9496],[69.6958,18.9556],[69.6801,18.9644],[69.6696,18.9701],[69.6534,18.9792],[69.6432,18.9848],[69.6271,18.9937],[69.6164,19.0001],[69.6011,19.0091],[69.5911,19.0152],[69.5755,19.0244],[69.5655,19.0301],[69.55,19.0394],[69.5401,19.0456],[69.5245,19.0548],[69.5144,19.0613],[69.499,19.0707],[69.4888,19.0769],[69.4733,19.0867],[69.4632,19.093],[69.4479,19.1027],[69.438,19.1091],[69.4225,19.1188],[69.4123,19.1253],[69.3977,19.1354],[69.3878,19.1424],[69.3732,19.1523],[69.364,19.1587],[69.349,19.1694],[69.3389,19.1761],[69.3238,19.1861],[69.3136,19.1927],[69.2985,19.2026],[69.2889,19.2094],[69.2734,19.2192],[69.2632,19.2257],[69.2483,19.2352],[69.2377,19.2417],[69.2221,19.2513],[69.212,19.2583],[69.1971,19.2679],[69.1872,19.274],[69.172,19.2842],[69.1618,19.29],[69.1463,19.2998],[69.1368,19.3063],[69.1216,19.3154],[69.1114,19.3214],[69.096,19.3307],[69.0856,19.3367],[69.0711,19.3458],[69.0605,19.3518],[69.0454,19.3609],[69.0353,19.3671],[69.02,19.3762],[69.0097,19.382],[68.9943,19.391],[68.9832,19.3972],[68.9673,19.4066],[68.9569,19.4124],[68.9417,19.4218],[68.9319,19.428],[68.9162,19.4374],[68.9061,19.4434],[68.8908,19.453],[68.8803,19.4594],[68.8645,19.4688],[68.855,19.4747],[68.8399,19.4841],[68.8299,19.4904],[68.815,19.4995],[68.8054,19.5057],[68.7905,19.5154],[68.7802,19.5224],[68.7651,19.5323],[68.7552,19.539],[68.7402,19.5486],[68.7304,19.5555],[68.7154,19.5652],[68.7055,19.5712],[68.691,19.581],[68.6807,19.5872],[68.6663,19.5967],[68.6558,19.6029],[68.6402,19.612],[68.6297,19.6186],[68.6146,19.6278],[68.6042,19.6341],[68.5891,19.6426],[68.5788,19.649],[68.5635,19.6578],[68.5534,19.6635],[68.5377,19.673],[68.5274,19.6792],[68.512,19.6884],[68.5021,19.6947],[68.4865,19.7047],[68.4763,19.7111],[68.4618,19.7209],[68.4518,19.7276],[68.4371,19.7379],[68.427,19.7451],[68.4124,19.7555],[68.4023,19.7619],[68.3877,19.7724],[68.3781,19.779],[68.3632,19.7896],[68.3542,19.7966],[68.3391,19.8071],[68.3294,19.814],[68.3154,19.824],[68.3059,19.8307],[68.2913,19.8406],[68.2815,19.8479],[68.2671,19.8582],[68.2574,19.8648],[68.243,19.8755],[68.2333,19.8823],[68.2188,19.8922],[68.2089,19.8992],[68.1937,19.9096],[68.1841,19.9163],[68.1693,19.927],[68.1593,19.9339],[68.1453,19.9443],[68.1359,19.9515],[68.1213,19.9617],[68.1119,19.9691],[68.0975,19.9796],[68.088,19.9871],[68.0738,19.9984],[68.0642,20.0053],[68.0499,20.0161],[68.0402,20.0231],[68.0254,20.0339],[68.0163,20.0407],[68.0016,20.0507],[67.9919,20.0577],[67.9773,20.0679],[67.9674,20.0748],[67.9536,20.085],[67.9441,20.0921],[67.9298,20.1022],[67.9203,20.1094],[67.9056,20.1204],[67.8956,20.1275],[67.8819,20.1376],[67.8724,20.1451],[67.8576,20.1556],[67.8479,20.1623],[67.8335,20.173],[67.8235,20.1801],[67.8093,20.1904],[67.7997,20.1973],[67.7848,20.2083],[67.7755,20.2146],[67.7608,20.2249],[67.7514,20.2315],[67.7367,20.2424],[67.7265,20.2492],[67.7124,20.2596],[67.7034,20.2661],[67.6888,20.2765],[67.6791,20.2836],[67.665,20.294],[67.6553,20.3012],[67.6409,20.3119],[67.6317,20.319],[67.6172,20.3296],[67.6076,20.3363],[67.5931,20.3463],[67.583,20.3533],[67.5685,20.3634],[67.5586,20.3702],[67.5431,20.3799],[67.5333,20.3862],[67.518,20.3957],[67.508,20.402],[67.4927,20.4113],[67.4826,20.4178]]},"properties":{"mmsi":992322000,"name":"Cargo 2000","role":"candidate","vessel_type":70,"synthetic":true,"t_offset_s":[-144366,-144126,-143886,-143526,-143286,-142926,-142686,-142326,-142086,-141726,-141486,-141126,-140886,-140526,-140286,-139926,-139686,-139326,-139086,-138726,-138486,-138126,-137886,-137526,-137286,-136926,-136686,-136326,-136086,-135726,-135486,-135126,-134886,-134526,-134286,-133926,-133686,-133326,-133086,-132726,-132486,-132126,-131886,-131526,-131286,-130926,-130686,-130326,-130086,-129726,-129486,-129126,-128886,-128526,-128286,-127926,-127686,-127326,-127086,-126726,-126486,-126126,-125886,-125526,-125286,-124926,-124686,-124326,-124086,-123726,-123486,-123126,-122886,-122526,-122286,-121926,-121686,-121326,-121086,-120726,-120486,-120126,-119886,-119526,-119286,-118926,-118686,-118326,-118086,-117726,-117486,-117126,-116886,-116526,-116286,-115926,-115686,-115326,-115086,-114726,-114486,-114126,-113886,-113526,-113286,-112926,-112686,-112326,-112086,-111726,-111486,-111126,-110886,-110526,-110286,-109926,-109686,-109326,-109086,-108726,-108486,-108126,-107886,-107526,-107286,-106926,-106686,-106326,-106086,-105726,-105486,-105126,-104886,-104526,-104286,-103926,-103686,-103326,-103086,-102726,-102486,-102126,-101886,-101526,-101286,-100926,-100686,-100326,-100086,-99726,-99486,-99126,-98886,-98526,-98286,-97926,-97686,-97326,-97086,-96726,-96486,-96126,-95886,-95526,-95286,-94926,-94686,-94326,-94086,-93726,-93486,-93126,-92886,-92526,-92286,-91926,-91686,-91326,-91086,-90726,-90486,-90126,-89886,-89526,-89286,-88926,-88686,-88326,-88086,-87726,-87486,-87126,-86886,-86526,-86286,-85926,-85686,-85326,-85086,-84726,-84486,-84126,-83886,-83526,-83286,-82926,-82686,-82326,-82086,-81726,-81486,-81126,-80886,-80526,-80286,-79926,-79686,-79326,-79086,-78726,-78486,-78126,-77886,-77526,-77286,-76926,-76686,-76326,-76086,-75726,-75486,-75126,-74886,-74526,-74286,-73926,-73686,-73326,-73086,-72726,-72486,-72126,-71886,-71526,-71286,-70926,-70686,-70326,-70086,-69726,-69486,-69126,-68886,-68526,-68286,-67926,-67686,-67326,-67086,-66726,-66486,-66126,-65886,-65526,-65286,-64926,-64686,-64326,-64086,-63726,-63486,-63126,-62886,-62526,-62286,-61926,-61686,-61326,-61086,-60726,-60486,-60126,-59886,-59526,-59286,-58926,-58686,-58326,-58086,-57726,-57486,-57126,-56886,-56526,-56286,-55926,-55686,-55326,-55086,-54726,-54486,-54126,-53886,-53526,-53286,-52926,-52686,-52326,-52086,-51726,-51486,-51126,-50886,-50526,-50286,-49926,-49686,-49326,-49086,-48726,-48486,-48126,-47886,-47526,-47286,-46926,-46686,-46326,-46086,-45726,-45486,-45126,-44886,-44526,-44286,-43926,-43686,-43326,-43086,-42726,-42486,-42126,-41886,-41526,-41286,-40926,-40686,-40326,-40086],"sog":[10.7,10,9.6,10.6,10.1,10.2,10.3,10,10.3,10.9,10.2,10.3,10.7,10.1,9.6,10.2,10.4,10.3,10.3,9.9,10.4,10.3,9.8,10.2,10.4,9.8,10.4,10.2,10.3,10.2,10.1,10.1,10.3,10.6,10,10.5,10.5,10.4,10.1,10.1,10.3,10,10.2,10.3,10,10.2,10.5,10.1,10.4,10.4,10.4,10,9.8,10.6,10.6,10.6,10.2,9.8,10.6,10.3,10.1,9.9,9.9,10.4,10.6,9.8,10.2,10.3,10.2,10.2,10.1,10,9.9,10.1,10.3,10,9.9,10.8,9.9,10.1,10.3,10.7,10.6,11,10.3,10.8,9.9,10.6,10.5,10.5,10.1,10.6,10.4,10.8,10.9,10.6,10.7,10.5,10,10.3,10.2,10.3,10.1,9.9,10.1,10.1,10.1,10.6,10.8,10.5,10.2,10.7,10.1,10.6,10.1,10.3,9.9,10.6,9.9,10.1,10.3,10.6,10.4,10.1,10.7,10.5,10.5,10.9,10.5,10.3,10,10.5,10.1,10.3,10,10.3,10.1,10.8,10.3,10.4,10.2,10.3,9.7,10.3,10.3,10.6,10.7,10.1,10.4,10.2,10.2,10.4,9.9,10.2,10.2,10.4,10.8,10.6,10.1,10.3,10.6,10.6,10.5,10.3,10.2,10.5,10.2,10.6,10.3,10.3,10.3,10.3,10.4,10.7,10.1,10.7,10.8,9.7,10.2,10,9.9,10.5,10.1,10.2,10,10.6,10.5,10.6,10.7,10.6,10,10.4,10.4,10.1,10.2,10.5,10.1,10.7,10.4,10.2,10.6,10.5,10.4,10.5,10.2,10.1,10.8,10.6,10.4,10.3,10.2,10.4,10,10.9,10.3,10,10.2,10,10.2,9.8,10.6,10,9.7,10.4,10,10.3,10.4,10.7,10.4,10.7,10,10.1,9.9,10.4,10.4,10.9,9.9,10.4,9.9,9.5,10.2,10.5,10.4,10.4,10.2,10,10.4,9.9,10.4,9.8,10.6,10,10.4,9.9,10.2,10,10.2,10.2,10.3,10,10.5,10.7,10.8,9.9,10.5,10.2,10.7,10.1,10.5,10.1,10.7,10.6,10.1,10.6,10.2,10.6,10.4,10.6,10.6,9.7,9.8,10.1,10.2,10.4,10.1,10.8,10.1,10.1,10.2,10.5,10.2,10.5,10.3,10.5,10.2,10.5,10.5,10.5,10.4,10.4,10.8,10.4,10.5,10.6,10.2,10.1,10.7,10.1,10.3,10,10.2,10.2,10.3,10.2,10.4,10.2,10.5,10.7,10.1,10.8,10.6,10.3,10,10.5,10.2,10.7,9.9,10.2,10.2,10,9.9,10.6,10.1,10.1,10.4,10.2,10.4,10.4,10.5,10.5,10.1,10.4,9.9,10.8,10,10.5,10.3,10,10.1]}},{"type":"Feature","geometry":{"type":"LineString","coordinates":[[72.008,17.4603],[71.9937,17.4717],[71.9845,17.4792],[71.9699,17.4909],[71.9603,17.4987],[71.9454,17.5104],[71.9354,17.518],[71.9211,17.5296],[71.9113,17.5368],[71.8971,17.5488],[71.8869,17.5564],[71.8723,17.568],[71.8629,17.5753],[71.8478,17.5867],[71.8382,17.5942],[71.8235,17.6054],[71.8139,17.6122],[71.7987,17.6239],[71.7888,17.6309],[71.7737,17.6419],[71.7636,17.6495],[71.7483,17.6604],[71.7383,17.6675],[71.7232,17.6792],[71.7131,17.6866],[71.6976,17.6974],[71.6871,17.7043],[71.672,17.7156],[71.6618,17.7227],[71.647,17.7333],[71.6369,17.7402],[71.622,17.7506],[71.6117,17.7576],[71.5959,17.7679],[71.5849,17.7745],[71.5691,17.7845],[71.5582,17.7912],[71.5429,17.8013],[71.5332,17.8077],[71.5176,17.8179],[71.5077,17.8246],[71.4926,17.8344],[71.4825,17.8414],[71.4668,17.8514],[71.4565,17.8584],[71.4408,17.868],[71.4303,17.875],[71.4143,17.8848],[71.404,17.8913],[71.3885,17.9014],[71.378,17.9083],[71.3629,17.9181],[71.3523,17.9252],[71.3367,17.9354],[71.3272,17.942],[71.3119,17.9525],[71.3016,17.9595],[71.2858,17.9704],[71.2752,17.9774],[71.26,17.9876],[71.2494,17.9944],[71.2342,18.005],[71.2239,18.0117],[71.2082,18.0221],[71.1975,18.0293],[71.1817,18.04],[71.1709,18.0468],[71.1556,18.0573],[71.1449,18.0643],[71.1294,18.0743],[71.119,18.081],[71.1035,18.0916],[71.0934,18.098],[71.078,18.1086],[71.0675,18.1157],[71.0521,18.1266],[71.0422,18.1339],[71.0264,18.1445],[71.0164,18.1516],[71.0017,18.1622],[70.9916,18.1686],[70.9757,18.1793],[70.9656,18.1864],[70.95,18.1967],[70.9395,18.2037],[70.9246,18.2137],[70.914,18.2199],[70.8982,18.2296],[70.8883,18.236],[70.8719,18.2457],[70.8611,18.2525],[70.8461,18.2619],[70.8353,18.2685],[70.8194,18.278],[70.8088,18.2849],[70.7941,18.2948],[70.783,18.302],[70.7673,18.312],[70.7568,18.319],[70.7404,18.3298],[70.73,18.3367],[70.7151,18.3471],[70.7055,18.354],[70.6905,18.364],[70.68,18.3713],[70.665,18.3822],[70.6542,18.3894],[70.6389,18.4005],[70.6293,18.4081],[70.6146,18.4187],[70.6049,18.4262],[70.5903,18.4366],[70.5798,18.4443],[70.5651,18.4553],[70.5555,18.4622],[70.5402,18.4729],[70.5303,18.4808],[70.5155,18.4914],[70.5062,18.4991],[70.4915,18.51],[70.4819,18.5176],[70.4668,18.5289],[70.4573,18.5366],[70.4428,18.5479],[70.4334,18.5561],[70.4189,18.5676],[70.409,18.5759],[70.3942,18.588],[70.3848,18.5957],[70.3704,18.6071],[70.3605,18.615],[70.3464,18.6269],[70.3366,18.635],[70.3215,18.6466],[70.3122,18.6543],[70.2979,18.6655],[70.2883,18.6733],[70.2737,18.685],[70.2643,18.6924],[70.2502,18.7038],[70.2404,18.7121],[70.2266,18.7233],[70.2165,18.7316],[70.2018,18.7432],[70.1921,18.7512],[70.1778,18.7629],[70.1676,18.7707],[70.1531,18.7819],[70.1435,18.7893],[70.1291,18.8008],[70.1189,18.8083],[70.1044,18.8196],[70.0945,18.8275],[70.0799,18.8386],[70.0703,18.8458],[70.0557,18.8571],[70.0459,18.8642],[70.0307,18.8755],[70.0208,18.8825],[70.0055,18.8939],[69.9953,18.9012],[69.9806,18.9119],[69.971,18.9191],[69.9567,18.9302],[69.9464,18.9378],[69.9317,18.9498],[69.9221,18.9576],[69.9076,18.9691],[69.8977,18.9767],[69.8825,18.9876],[69.8725,18.9949],[69.858,19.0052],[69.8481,19.0126],[69.8337,19.0238],[69.8245,19.0311],[69.81,19.0433],[69.8005,19.0509],[69.7871,19.0632],[69.7783,19.0715],[69.7645,19.0839],[69.7553,19.0923],[69.7416,19.1047],[69.7324,19.1129],[69.7184,19.1251],[69.7093,19.1333],[69.6955,19.1454],[69.6862,19.1534],[69.6727,19.1654],[69.6625,19.1738],[69.649,19.1859],[69.6392,19.1941],[69.6257,19.2054],[69.6163,19.2134],[69.6017,19.2251],[69.5927,19.2331],[69.5785,19.2446],[69.5692,19.2523],[69.5549,19.264],[69.5452,19.2721],[69.5311,19.2833],[69.5208,19.2912],[69.5064,19.3028],[69.4973,19.3108],[69.4828,19.323],[69.4738,19.3307],[69.4602,19.3423],[69.4503,19.3505],[69.4367,19.3627],[69.4274,19.3701],[69.4131,19.3825],[69.4038,19.3905],[69.3905,19.4022],[69.381,19.4107],[69.3672,19.4226],[69.3578,19.4311],[69.344,19.443],[69.3342,19.4514],[69.32,19.4628],[69.3104,19.4709],[69.2965,19.4824],[69.2871,19.4909],[69.2732,19.502],[69.2634,19.5096],[69.2496,19.5213],[69.2401,19.5289],[69.2258,19.5411],[69.2165,19.5487],[69.2028,19.5609],[69.193,19.5686],[69.1792,19.5809],[69.1701,19.5888],[69.156,19.6008],[69.1468,19.6087],[69.132,19.6213],[69.1231,19.6287],[69.1085,19.6403],[69.0994,19.6485],[69.0855,19.6594],[69.0757,19.6676],[69.0611,19.679],[69.0523,19.6864],[69.0377,19.6985],[69.028,19.7062],[69.0141,19.7182],[69.0042,19.7264],[68.9901,19.7378],[68.9801,19.7456],[68.9659,19.7574],[68.9561,19.7653],[68.9414,19.7771],[68.9323,19.7853],[68.9175,19.7977],[68.9085,19.8059],[68.8944,19.818],[68.8854,19.826],[68.8717,19.8378],[68.8624,19.8457],[68.8481,19.8578],[68.8384,19.8661],[68.8239,19.8785],[68.8143,19.8865],[68.7993,19.8985],[68.7898,19.9068],[68.7763,19.9182],[68.7668,19.9262],[68.7529,19.9381],[68.7436,19.9461],[68.7293,19.9582],[68.7202,19.9664],[68.7062,19.978],[68.6965,19.9862],[68.6828,19.9976],[68.6725,20.0058],[68.6571,20.0177]]},"properties":{"mmsi":992415601,"name":"Cargo 5601","role":"background","vessel_type":70,"synthetic":true,"t_offset_s":[4345,4705,4945,5305,5545,5905,6145,6505,6745,7105,7345,7705,7945,8305,8545,8905,9145,9505,9745,10105,10345,10705,10945,11305,11545,11905,12145,12505,12745,13105,13345,13705,13945,14305,14545,14905,15145,15505,15745,16105,16345,16705,16945,17305,17545,17905,18145,18505,18745,19105,19345,19705,19945,20305,20545,20905,21145,21505,21745,22105,22345,22705,22945,23305,23545,23905,24145,24505,24745,25105,25345,25705,25945,26305,26545,26905,27145,27505,27745,28105,28345,28705,28945,29305,29545,29905,30145,30505,30745,31105,31345,31705,31945,32305,32545,32905,33145,33505,33745,34105,34345,34705,34945,35305,35545,35905,36145,36505,36745,37105,37345,37705,37945,38305,38545,38905,39145,39505,39745,40105,40345,40705,40945,41305,41545,41905,42145,42505,42745,43105,43345,43705,43945,44305,44545,44905,45145,45505,45745,46105,46345,46705,46945,47305,47545,47905,48145,48505,48745,49105,49345,49705,49945,50305,50545,50905,51145,51505,51745,52105,52345,52705,52945,53305,53545,53905,54145,54505,54745,55105,55345,55705,55945,56305,56545,56905,57145,57505,57745,58105,58345,58705,58945,59305,59545,59905,60145,60505,60745,61105,61345,61705,61945,62305,62545,62905,63145,63505,63745,64105,64345,64705,64945,65305,65545,65905,66145,66505,66745,67105,67345,67705,67945,68305,68545,68905,69145,69505,69745,70105,70345,70705,70945,71305,71545,71905,72145,72505,72745,73105,73345,73705,73945,74305,74545,74905,75145,75505,75745,76105,76345,76705,76945,77305,77545,77905,78145,78505,78745,79105,79345,79705,79945,80305,80545,80905,81145,81505,81745,82105,82345,82705,82945,83305,83545,83905,84145,84505,84745,85105,85345,85705,85945,86305],"sog":[11.3,11.1,10,10.5,10.4,10.7,10.9,10.4,10.5,10.3,10.8,11,10.2,10.7,10.9,11,10.2,10.6,10.4,11.3,10.5,11,10.7,11.2,11,11,10.9,10.9,10.4,10.6,10.6,10.5,11,11.2,11,10.3,11,10.4,10.1,10.5,10.7,10.1,10.7,10.6,10.1,10.7,10.6,11.3,10.9,10.5,11,10.1,10.9,10.7,10.2,10.7,10.9,11.2,10.8,10.7,11.1,10.8,10.5,11.2,10.6,11.4,10.6,10.7,10.6,10.7,10.8,10.6,10.4,11,10.5,11.1,11.1,10.4,10.9,10.6,10.4,10.8,10.4,10.7,11,10.6,10.9,10.3,10.3,10.9,10.9,10.8,11,10.5,10.6,10.5,10.9,11.1,11,11,10.5,10.3,10.4,9.8,11.3,10.4,10.9,11.1,10,10.6,10.2,10.4,11.4,10.9,10.5,10.7,11.2,10.4,11.1,10.6,10.9,11.2,10.6,10.7,10.6,10.6,11.1,11.3,10.9,11,10.5,10.8,10.8,11.3,10.3,10.7,10.7,10.6,10.1,10.6,10.9,10.4,11.2,10.7,10.8,11,11,10.8,10.6,11,10.9,10.3,10.8,11,10.6,10.7,10.6,11,10.9,11.2,10.9,10.7,10.5,10.1,11.5,10.8,10.9,11,10.9,10.6,10.5,10.9,10.2,10.5,10.2,10.7,10.6,10.6,10.4,11,10.7,10.5,9.9,11.2,10.3,10.8,10.9,11,10.9,11,11.2,10.5,10.9,10.5,10.6,10.5,10.5,10.7,10.7,10.2,11.2,10.6,10.2,10.9,10.5,10.6,10.9,10.7,10.5,10.7,10.6,10.4,11.2,10.7,11,10.4,11.2,10.8,10.6,10.8,10.7,10.3,10.8,10.6,10.3,11.2,10.5,10.9,11.1,10.6,10.6,10.7,10.6,10.9,10.8,10.6,10.9,10.1,10.9,10.7,10.1,10.6,10.6,10.3,11.2,10.5,10.9,10.4,11.1,10.7,11.1,11,10.4,11,10.5,10.3,11.1,10.8,11.4,11,10.5,11,11.1,10.3,10.8,10.5,11,10.9,10.2,10.9,11,10.2,11.3,11.2]}},{"type":"Feature","geometry":{"type":"LineString","coordinates":[[71.8965,18.4961],[71.9012,18.4902],[71.9133,18.4733],[71.9221,18.4625],[71.9351,18.4454],[71.9438,18.4342],[71.9566,18.4173],[71.9653,18.4061],[71.9776,18.3888],[71.9865,18.3774],[71.9992,18.3607],[72.0079,18.3494],[72.0208,18.3327],[72.0294,18.3216],[72.0423,18.3046],[72.0503,18.2934],[72.0631,18.2766],[72.0712,18.2657],[72.0835,18.2488],[72.0925,18.2375],[72.1047,18.2201],[72.1126,18.2087],[72.125,18.1916],[72.1334,18.1805],[72.1459,18.1633],[72.1539,18.1521],[72.166,18.1353],[72.1745,18.1242],[72.1866,18.1077],[72.1946,18.0965],[72.2071,18.0792],[72.2158,18.068],[72.2276,18.0508],[72.2354,18.039],[72.2474,18.0215],[72.2551,18.0094],[72.2664,17.9919],[72.2747,17.9803],[72.2866,17.9637],[72.2944,17.9523],[72.3063,17.9351],[72.3141,17.924],[72.3261,17.9064],[72.3331,17.8943],[72.3453,17.8766],[72.3523,17.8649],[72.3632,17.8476],[72.3708,17.836],[72.3825,17.8184],[72.3899,17.8066],[72.4014,17.7891],[72.4089,17.777],[72.4201,17.7592],[72.4268,17.7481],[72.4382,17.7295],[72.4451,17.7179],[72.4561,17.7002],[72.4639,17.688],[72.4747,17.6699],[72.4819,17.6574],[72.4926,17.6397],[72.4994,17.6275],[72.5095,17.6093],[72.5164,17.5969],[72.5267,17.5787],[72.5332,17.5661],[72.5433,17.5473],[72.5499,17.5347],[72.5598,17.5162],[72.5664,17.5034],[72.576,17.4853],[72.5821,17.4731],[72.5922,17.4547],[72.599,17.4421],[72.6092,17.424],[72.6162,17.4115],[72.6267,17.3939],[72.6335,17.382],[72.6444,17.3642],[72.652,17.3524],[72.6632,17.334],[72.6704,17.3225],[72.6817,17.3048],[72.6888,17.2931],[72.7002,17.2746],[72.7075,17.2629],[72.7184,17.245],[72.726,17.2331],[72.7373,17.2155],[72.7449,17.204],[72.7554,17.1866],[72.7629,17.1746],[72.7738,17.1563],[72.7812,17.1446],[72.7918,17.1267],[72.799,17.1149],[72.8096,17.0962],[72.8167,17.0841],[72.8276,17.0663],[72.8342,17.0542],[72.8452,17.036],[72.8525,17.0237],[72.8631,17.0056],[72.8706,16.9931],[72.8809,16.9754],[72.8882,16.9627],[72.8993,16.9445],[72.9063,16.9323],[72.9174,16.9148],[72.9241,16.9027],[72.9354,16.8845],[72.9429,16.8724],[72.9529,16.8539],[72.9601,16.842],[72.9697,16.8244],[72.9762,16.8119],[72.9867,16.7935],[72.9932,16.7813],[73.0042,16.7628],[73.011,16.7504],[73.022,16.7317],[73.0289,16.7198],[73.0398,16.7014],[73.0468,16.6894],[73.0578,16.6712],[73.0649,16.6595],[73.0759,16.6416],[73.0832,16.6297],[73.0935,16.6116],[73.1013,16.5993],[73.1123,16.581],[73.1194,16.5693],[73.1306,16.5515],[73.1382,16.5389],[73.149,16.521],[73.1562,16.5081],[73.1674,16.4906],[73.1748,16.4789],[73.1852,16.4603],[73.1925,16.4483],[73.2032,16.4301],[73.2097,16.4175],[73.2201,16.3994],[73.2268,16.3871],[73.2372,16.3685],[73.244,16.3562],[73.254,16.3377],[73.2605,16.3255],[73.2701,16.3072],[73.2765,16.2947],[73.2862,16.2759],[73.2927,16.2633],[73.3013,16.2444],[73.3071,16.2315],[73.316,16.2122],[73.322,16.1993],[73.3302,16.1798],[73.3366,16.1671],[73.3459,16.1476],[73.3518,16.1348],[73.3603,16.1155],[73.3659,16.1033],[73.3747,16.0837],[73.3802,16.0712],[73.3881,16.0516],[73.394,16.0386],[73.402,16.0188],[73.4074,16.0062],[73.4154,15.9871],[73.4209,15.9743],[73.4293,15.9555],[73.435,15.9428],[73.4434,15.9235],[73.4491,15.9114],[73.4577,15.892],[73.4635,15.8796],[73.472,15.8608],[73.4775,15.8481],[73.4864,15.8295],[73.4925,15.8165],[73.5018,15.7978],[73.5079,15.7851],[73.5167,15.7658],[73.5226,15.7534],[73.5317,15.7345],[73.5374,15.7219],[73.5463,15.7029],[73.5524,15.6901],[73.5607,15.6708],[73.5664,15.6585],[73.575,15.639],[73.5816,15.6261],[73.59,15.6077],[73.5957,15.5948],[73.6047,15.5763],[73.6108,15.5638],[73.6202,15.5448],[73.6267,15.5333],[73.6371,15.5141],[73.6435,15.5016],[73.6534,15.4831],[73.6602,15.4709],[73.6699,15.4523],[73.6766,15.4397],[73.6867,15.4212],[73.6934,15.4089],[73.7033,15.3905],[73.7098,15.3784],[73.7196,15.3593],[73.7261,15.347],[73.7359,15.3284],[73.7422,15.3161],[73.7514,15.2971],[73.7574,15.2847],[73.7669,15.2658],[73.773,15.2532],[73.7825,15.2347]]},"properties":{"mmsi":992721519,"name":"Tanker 1519","role":"background","vessel_type":80,"synthetic":true,"t_offset_s":[21603,21723,22083,22323,22683,22923,23283,23523,23883,24123,24483,24723,25083,25323,25683,25923,26283,26523,26883,27123,27483,27723,28083,28323,28683,28923,29283,29523,29883,30123,30483,30723,31083,31323,31683,31923,32283,32523,32883,33123,33483,33723,34083,34323,34683,34923,35283,35523,35883,36123,36483,36723,37083,37323,37683,37923,38283,38523,38883,39123,39483,39723,40083,40323,40683,40923,41283,41523,41883,42123,42483,42723,43083,43323,43683,43923,44283,44523,44883,45123,45483,45723,46083,46323,46683,46923,47283,47523,47883,48123,48483,48723,49083,49323,49683,49923,50283,50523,50883,51123,51483,51723,52083,52323,52683,52923,53283,53523,53883,54123,54483,54723,55083,55323,55683,55923,56283,56523,56883,57123,57483,57723,58083,58323,58683,58923,59283,59523,59883,60123,60483,60723,61083,61323,61683,61923,62283,62523,62883,63123,63483,63723,64083,64323,64683,64923,65283,65523,65883,66123,66483,66723,67083,67323,67683,67923,68283,68523,68883,69123,69483,69723,70083,70323,70683,70923,71283,71523,71883,72123,72483,72723,73083,73323,73683,73923,74283,74523,74883,75123,75483,75723,76083,76323,76683,76923,77283,77523,77883,78123,78483,78723,79083,79323,79683,79923,80283,80523,80883,81123,81483,81723,82083,82323,82683,82923,83283,83523,83883,84123,84483,84723,85083,85323,85683,85923,86283],"sog":[12.5,12.3,12.5,12.2,12.6,12.5,12.5,12.6,12.8,12.7,12.2,12.7,12.4,12,12.3,12.4,12.5,12,12.9,12.7,12.6,12.2,12.4,12.3,12.5,12.3,12,12.2,12.3,12.1,12.7,12.3,12.6,12.1,12.7,12.2,12.1,12.4,12.4,12.2,12,12.3,12.2,11.8,12.2,12,12.4,12,12,12.2,12.3,12.1,12.4,11.7,12.6,12.2,12.2,12.7,12.2,12.3,12.3,12.3,12.4,12.7,12.4,12.3,12.1,12.6,12.7,12.5,12.5,12.3,12.2,12.5,12.2,12.8,12.2,12.1,11.9,12.5,12.3,12.3,12.6,12.1,12.5,12.5,12.6,12.4,12.4,12.2,12.1,12.3,12.6,12.3,12.4,12.3,12.6,13,12.3,12.1,12.4,12.2,12.7,12.4,12.2,12.4,12.4,12.3,12.6,12.3,12.3,12.7,12.2,12.1,12.1,12.4,12.1,12.5,12.6,12.5,13.1,12,12.5,12.1,12.6,11.9,12.7,12.1,12.3,13,12.4,12.4,12.4,12.8,12.6,12.5,11.9,12.1,12.8,12.5,12.7,12.4,12.7,12.2,12.3,12.3,12.6,12.7,12,12.6,12.4,12.5,12.3,12.6,12.6,12.4,13,12.5,12.2,13.4,12.6,12.4,12.7,12.2,12.6,12.6,12.8,12.2,12.2,12.5,12.7,12.6,12.4,12,12.2,12.3,12.3,12.5,12,12.4,12.5,12.5,12.7,12.3,12.7,12.2,12.2,12.6,12.5,12.1,12.7,12.4,11.7,12.5,12.5,12.4,12.3,12.2,12.7,13,12.5,12.4,12.2,12.5,12.8,12.2,12.3,12.5,12.3,12.8,12.2,12.5,12.7,12.2,12.7,12.3,12.3]}},{"type":"Feature","geometry":{"type":"LineString","coordinates":[[71.6295,17.8103],[71.6346,17.8061],[71.6515,17.7925],[71.6625,17.7833],[71.6796,17.7694],[71.6909,17.7603],[71.7082,17.7468],[71.7192,17.7369],[71.7353,17.7227],[71.7466,17.7138],[71.7631,17.6996],[71.7746,17.6908],[71.7913,17.6765],[71.8026,17.6677],[71.8196,17.6537],[71.8304,17.6449],[71.8467,17.6315],[71.8577,17.6223],[71.8748,17.6084],[71.8862,17.5996],[71.9035,17.5865],[71.9148,17.5778],[71.9323,17.564],[71.9433,17.5556],[71.9609,17.5419],[71.9722,17.5332],[71.9898,17.5188],[72.0011,17.5099],[72.0182,17.4967],[72.0293,17.487],[72.0466,17.4732],[72.0582,17.4643],[72.0752,17.4504],[72.0874,17.4416],[72.1046,17.4277],[72.1157,17.4186],[72.1329,17.4057],[72.1443,17.3963],[72.1613,17.383],[72.173,17.3736],[72.1899,17.3602],[72.2012,17.3511],[72.2177,17.3378],[72.2291,17.3284],[72.2462,17.3145],[72.2579,17.3055],[72.2745,17.2921],[72.2862,17.2832],[72.3028,17.2705],[72.3142,17.2612],[72.3316,17.2482],[72.3432,17.2392],[72.3603,17.2259],[72.3716,17.2168],[72.389,17.2038],[72.4,17.1946],[72.4176,17.1812],[72.4294,17.172],[72.4466,17.1587],[72.4583,17.1507],[72.4762,17.1373],[72.4877,17.1284],[72.5048,17.1148],[72.5152,17.1067],[72.5322,17.0933],[72.543,17.0846],[72.5604,17.0706],[72.5713,17.0618],[72.5882,17.0486],[72.6001,17.039],[72.6173,17.0258],[72.6287,17.0164],[72.6458,17.0029],[72.657,16.9938],[72.6741,16.9795],[72.6857,16.9708],[72.7022,16.9573],[72.7135,16.9478],[72.7302,16.9341],[72.7411,16.9248],[72.7576,16.9104],[72.7686,16.9014],[72.7854,16.8871],[72.797,16.8776],[72.8137,16.8639],[72.8243,16.8546],[72.8409,16.841],[72.852,16.8318],[72.8689,16.818],[72.8799,16.8086],[72.8965,16.7938],[72.9072,16.7841],[72.9233,16.7697],[72.9338,16.7594],[72.9497,16.7447],[72.9606,16.7347],[72.9765,16.7199],[72.987,16.7104],[73.0028,16.6956],[73.0141,16.6861],[73.0306,16.6721],[73.0413,16.6624],[73.0575,16.6483],[73.0683,16.6381],[73.0838,16.6238],[73.0941,16.6141],[73.1098,16.5987],[73.1204,16.5885],[73.1363,16.5738],[73.1467,16.5638],[73.1624,16.5496],[73.173,16.5393],[73.1891,16.5242],[73.1995,16.5146],[73.2146,16.499],[73.2247,16.4888],[73.2399,16.4733],[73.2498,16.4629],[73.2653,16.4476],[73.2752,16.4371],[73.2909,16.4218],[73.3012,16.4112],[73.3164,16.3963],[73.3268,16.3864],[73.3423,16.3711],[73.3528,16.3609],[73.3678,16.3455],[73.3782,16.3354],[73.3938,16.3198],[73.4292,16.2834]]},"properties":{"mmsi":993494747,"name":"Tanker 4747","role":"candidate","vessel_type":80,"synthetic":true,"t_offset_s":[-28483,-28363,-28003,-27763,-27403,-27163,-26803,-26563,-26203,-25963,-25603,-25363,-25003,-24763,-24403,-24163,-23803,-23563,-23203,-22963,-22603,-22363,-22003,-21763,-21403,-21163,-20803,-20563,-20203,-19963,-19603,-19363,-19003,-18763,-18403,-18163,-17803,-17563,-17203,-16963,-16603,-16363,-16003,-15763,-15403,-15163,-14803,-14563,-14203,-13963,-13603,-13363,-13003,-12763,-12403,-12163,-11803,-11563,-11203,-10963,-10603,-10363,-10003,-9763,-9403,-9163,-8803,-8563,-8203,-7963,-7603,-7363,-7003,-6763,-6403,-6163,-5803,-5563,-5203,-4963,-4603,-4363,-4003,-3763,-3403,-3163,-2803,-2563,-2203,-1963,-1603,-1363,-1003,-763,-403,-163,197,437,797,1037,1397,1637,1997,2237,2597,2837,3197,3437,3797,4037,4397,4637,4997,5237,5597,5837,6197,6437,6797,7037,7397,7637,7997,8237,8597,8837,9197,9437,9797,10637],"sog":[12.6,12.1,12,12.4,12.5,12.5,12.5,13,12,12.5,13,12.8,12.7,12.5,12.4,12.3,11.9,12.2,12.5,12.8,12.6,12.2,12.6,12.6,12.9,12.6,13.4,12.5,12.5,12.7,12.8,12.7,12.6,12.6,12.7,12.8,12.3,12.7,12.3,13.4,12.2,12.9,12.3,13,12.4,13.1,12.4,12.6,12.2,13.1,12.5,12.8,12.5,12.1,12.8,12.5,12.7,12.3,12.6,12.4,13.3,12.9,12.9,11.6,12.3,12.9,12.2,12.2,12.5,12.7,12.9,12.9,12.3,12.2,13.1,12.7,12.7,12.4,12.4,12.5,12.5,12.4,13,12.9,11.9,12.4,12.7,12.9,12.8,12.3,13.2,12.5,12.3,12.7,12.7,13.1,12.2,12.9,12.5,12.9,12.3,12.6,12.2,12.9,12.5,12.4,12.8,12.8,12.6,12.3,12.8,12.3,13.1,12.2,12.5,12.8,12.4,12.6,12.7,12.7,12.9,12.7,12,12.7,12.5,12.8,12.2,12.7,13,12.2]}},{"type":"Feature","geometry":{"type":"LineString","coordinates":[[72.3259,18.204],[72.3257,18.2024],[72.3253,18.1965],[72.3215,18.1948],[72.3186,18.1939],[72.3153,18.1938],[72.3126,18.1917],[72.3124,18.188],[72.31,18.1841],[72.3089,18.1815],[72.3109,18.1767],[72.3123,18.1741],[72.3166,18.1708],[72.318,18.1684],[72.321,18.1665],[72.3228,18.165],[72.3285,18.1634],[72.3309,18.163],[72.336,18.1603],[72.3399,18.1607],[72.344,18.1631],[72.3495,18.1626],[72.354,18.1635],[72.3575,18.1634],[72.3599,18.1663],[72.3622,18.1665],[72.3652,18.1676],[72.3675,18.1694],[72.3725,18.1706],[72.375,18.1726],[72.3786,18.1752],[72.38,18.1774],[72.3856,18.1796],[72.3881,18.1802],[72.3878,18.1843],[72.3823,18.1838],[72.3793,18.1829],[72.3758,18.182],[72.3715,18.1825],[72.3702,18.1786],[72.3681,18.176],[72.3666,18.1744],[72.3657,18.1695],[72.3653,18.166],[72.3624,18.1615],[72.3607,18.1604],[72.3542,18.161],[72.3513,18.1632],[72.3484,18.1644],[72.3451,18.1647],[72.3396,18.1635],[72.3395,18.1607],[72.3428,18.158],[72.3472,18.1558],[72.3502,18.1529],[72.3514,18.1506],[72.3557,18.1477],[72.3594,18.1487],[72.3644,18.1508],[72.3669,18.1528],[72.3711,18.1532],[72.3742,18.1537],[72.3784,18.1525],[72.3803,18.1516],[72.3855,18.1511],[72.3876,18.1499],[72.3886,18.1443],[72.3894,18.1423],[72.3922,18.1386],[72.3913,18.1366],[72.394,18.1339],[72.3967,18.1323],[72.4,18.13],[72.4017,18.1272],[72.4028,18.1226],[72.4029,18.1199],[72.3987,18.1165],[72.3968,18.1147],[72.3952,18.1103],[72.3952,18.1085],[72.3987,18.1044],[72.4011,18.1022],[72.4029,18.099],[72.4051,18.096],[72.4068,18.0932],[72.4091,18.0906],[72.4095,18.0862],[72.4103,18.0842],[72.4124,18.0798],[72.4149,18.0785],[72.4195,18.0763],[72.4197,18.0749],[72.4188,18.0698],[72.4201,18.0666],[72.4217,18.0623],[72.4247,18.0609],[72.4289,18.0627],[72.4312,18.0648],[72.432,18.0681],[72.4333,18.0717],[72.4305,18.075],[72.4272,18.077],[72.4233,18.0804],[72.4224,18.0817],[72.4178,18.0853],[72.4159,18.0878],[72.4126,18.09],[72.4099,18.0903],[72.4075,18.0878],[72.4058,18.0859],[72.4036,18.0798],[72.4051,18.0783],[72.4098,18.0776],[72.411,18.0785],[72.4154,18.08],[72.417,18.0791],[72.4217,18.0758],[72.4245,18.0795],[72.4291,18.0848],[72.4311,18.0873],[72.4357,18.0857],[72.4378,18.0844],[72.4402,18.0835],[72.4397,18.0808],[72.4393,18.0765],[72.4396,18.0735],[72.4408,18.0694],[72.4433,18.0682],[72.4464,18.0646],[72.4493,18.0628],[72.449,18.0579],[72.4476,18.0546],[72.4498,18.0504],[72.453,18.0514],[72.455,18.0554],[72.4525,18.0586],[72.4492,18.0609],[72.447,18.0585],[72.4424,18.0534],[72.4409,18.0493],[72.4372,18.0454],[72.4347,18.0436],[72.4309,18.0463],[72.4286,18.0487],[72.4299,18.0531],[72.4301,18.0564],[72.4315,18.0596],[72.4347,18.0615],[72.4356,18.0653],[72.4387,18.0665],[72.4415,18.0674],[72.4447,18.0677],[72.45,18.0678],[72.4522,18.07],[72.4513,18.073],[72.4519,18.077],[72.4547,18.0804],[72.4555,18.0832],[72.4583,18.0863],[72.4603,18.0867],[72.4632,18.086],[72.4656,18.0868],[72.4694,18.0865],[72.4717,18.0862],[72.4745,18.0846],[72.4764,18.0842],[72.4816,18.0838],[72.4839,18.0853],[72.4864,18.0884],[72.4884,18.0912],[72.4917,18.0943],[72.4923,18.0973],[72.4935,18.1006],[72.4947,18.1032],[72.4926,18.1059],[72.4904,18.1076],[72.4884,18.1111],[72.4893,18.1134],[72.4936,18.1162],[72.496,18.1162],[72.5001,18.1147],[72.5029,18.1151],[72.5064,18.1176],[72.5106,18.1194],[72.5149,18.1177],[72.5157,18.1151],[72.5196,18.1133],[72.5225,18.1131],[72.5261,18.114],[72.5302,18.1141],[72.5345,18.115],[72.5376,18.1157],[72.5419,18.118],[72.5457,18.1189],[72.5473,18.1188],[72.5481,18.1153],[72.5499,18.1099],[72.5524,18.1086],[72.5568,18.1063],[72.5561,18.1044],[72.5528,18.1056],[72.5522,18.1076],[72.5545,18.1103],[72.5538,18.1134],[72.5531,18.1163],[72.5558,18.117],[72.5587,18.1164],[72.562,18.1166],[72.5642,18.118],[72.5652,18.1195],[72.568,18.1243],[72.5683,18.1264],[72.5701,18.1304],[72.57,18.1336],[72.571,18.1376],[72.5735,18.1404],[72.5771,18.1436],[72.5784,18.1456],[72.5787,18.1506],[72.5783,18.1526],[72.579,18.1576],[72.5804,18.1595],[72.5799,18.1638],[72.5778,18.1679],[72.575,18.1712],[72.574,18.1719],[72.5704,18.1764],[72.5693,18.1787],[72.5637,18.1787],[72.561,18.1786],[72.5569,18.1778],[72.554,18.1779],[72.5498,18.1804],[72.5476,18.1825],[72.5441,18.1859],[72.5448,18.1888],[72.5488,18.1912],[72.552,18.19],[72.5525,18.1845],[72.5537,18.1819],[72.5522,18.1773],[72.5533,18.174],[72.5517,18.1713],[72.5493,18.1694],[72.5471,18.1684],[72.5434,18.1677],[72.5391,18.167],[72.535,18.1685],[72.5306,18.1696],[72.5282,18.1675],[72.5252,18.1639],[72.5232,18.1634],[72.5225,18.1606],[72.5232,18.1585],[72.5244,18.1535],[72.5257,18.1503],[72.5241,18.1468],[72.5215,18.1474],[72.5178,18.1491],[72.5148,18.1486],[72.5109,18.1461],[72.511,18.143],[72.5075,18.1409],[72.5051,18.1419],[72.5,18.1402],[72.497,18.1378],[72.4929,18.136],[72.4894,18.1372],[72.4853,18.1383],[72.4832,18.1404],[72.4833,18.1437],[72.4861,18.1456],[72.4888,18.1473],[72.4913,18.1482],[72.498,18.1486],[72.5016,18.1482],[72.5045,18.145],[72.5075,18.1442],[72.5118,18.1431],[72.5159,18.1426],[72.5193,18.1417],[72.5219,18.1412],[72.5238,18.1374],[72.526,18.1355],[72.5305,18.1345],[72.5327,18.1341],[72.5355,18.1386],[72.5366,18.1399],[72.5422,18.1428],[72.5455,18.1427],[72.5488,18.1423],[72.55,18.1407],[72.5534,18.1366],[72.555,18.1355],[72.5577,18.1347],[72.5592,18.1317],[72.5651,18.1306],[72.5675,18.1333],[72.5686,18.1378],[72.5671,18.1412],[72.5652,18.1461],[72.5641,18.1479],[72.5613,18.1479],[72.559,18.1456],[72.5605,18.1405],[72.5629,18.1394],[72.5685,18.1387],[72.5713,18.1402],[72.5758,18.139],[72.5778,18.1399],[72.5801,18.1424],[72.5826,18.1431],[72.5866,18.144],[72.5896,18.1465],[72.5929,18.1483],[72.5958,18.1479],[72.5994,18.147],[72.6021,18.1446],[72.6038,18.1436],[72.6053,18.1401],[72.6077,18.1373],[72.6106,18.1365],[72.6152,18.1348],[72.6179,18.1348],[72.6213,18.1364],[72.6262,18.1379],[72.6313,18.1392],[72.6337,18.1422],[72.6336,18.1444],[72.6339,18.1475],[72.6362,18.1504],[72.639,18.1525],[72.6425,18.154],[72.646,18.1553],[72.645,18.1584],[72.6449,18.1628],[72.6468,18.1664],[72.6466,18.1708],[72.6447,18.175],[72.6443,18.1771],[72.6417,18.1791],[72.6401,18.1828],[72.6371,18.1856],[72.6353,18.189],[72.6303,18.1914],[72.6286,18.1918],[72.6235,18.193],[72.6218,18.1951],[72.6229,18.2006],[72.6248,18.2034],[72.6265,18.2059],[72.6261,18.2078],[72.6248,18.2106],[72.6238,18.2136],[72.6227,18.2155],[72.62,18.2159],[72.6197,18.2201],[72.6231,18.2218],[72.6268,18.2258],[72.6279,18.2292],[72.6277,18.234],[72.6265,18.2352],[72.6222,18.2369],[72.6193,18.2376],[72.6155,18.2388],[72.6137,18.2409],[72.6139,18.2452],[72.6173,18.2467],[72.6214,18.2478],[72.6225,18.2455],[72.6212,18.2415],[72.6178,18.2409],[72.6126,18.245],[72.6099,18.2459],[72.6073,18.2489],[72.6063,18.2517],[72.6057,18.2557],[72.6042,18.258],[72.6029,18.2604],[72.6026,18.2634],[72.6059,18.2644],[72.6078,18.2635],[72.6094,18.2592],[72.6107,18.2559],[72.6124,18.2508],[72.6133,18.248],[72.6167,18.2444],[72.6186,18.242],[72.619,18.238],[72.618,18.2344],[72.6146,18.2315],[72.612,18.2293],[72.6088,18.2293],[72.6059,18.2291],[72.6024,18.2297],[72.603,18.2271],[72.6047,18.2232],[72.6045,18.2187],[72.605,18.2141],[72.6053,18.2115],[72.6019,18.2102],[72.5994,18.2098],[72.5952,18.2072],[72.5937,18.2076],[72.5924,18.2105],[72.5935,18.2131],[72.5973,18.2106],[72.6,18.2103],[72.604,18.2119],[72.6061,18.2145],[72.6095,18.2127],[72.613,18.2137],[72.6174,18.2161],[72.6198,18.2165],[72.6235,18.2186],[72.6258,18.2194],[72.6286,18.2195],[72.6306,18.2188],[72.63,18.2144],[72.6297,18.2111],[72.6278,18.2072],[72.6273,18.2064],[72.6263,18.2039],[72.6261,18.2008],[72.6261,18.1988],[72.6258,18.1961],[72.6249,18.1923],[72.6215,18.1894],[72.6173,18.1925],[72.6139,18.1933],[72.6109,18.1939],[72.6075,18.1943],[72.6036,18.1918],[72.6031,18.1894],[72.6038,18.1849],[72.6054,18.1826],[72.6063,18.1784],[72.6042,18.1744],[72.6003,18.1745],[72.5967,18.1756],[72.5912,18.1738],[72.5882,18.1731],[72.5827,18.1708],[72.5811,18.1701],[72.5782,18.1675],[72.5769,18.1652],[72.5781,18.1623],[72.5807,18.1604],[72.5843,18.1576],[72.5828,18.1543],[72.5834,18.1499],[72.5831,18.1466],[72.5811,18.1411],[72.5772,18.1398],[72.5725,18.1416],[72.5707,18.1447],[72.5677,18.1487],[72.565,18.1505],[72.5612,18.1535],[72.5588,18.1569],[72.5543,18.1586],[72.5512,18.1573],[72.5468,18.1574],[72.5448,18.1567],[72.542,18.1529],[72.5415,18.1521],[72.5373,18.1519],[72.5346,18.1522],[72.5308,18.1567],[72.5319,18.1603],[72.5357,18.1633],[72.5393,18.1637],[72.5443,18.1634],[72.5486,18.1623],[72.5542,18.1607],[72.557,18.1594],[72.5616,18.1611],[72.562,18.1642],[72.5636,18.168],[72.5659,18.1723],[72.5677,18.1761],[72.5659,18.179],[72.5642,18.183],[72.5637,18.1842],[72.5627,18.1889],[72.5633,18.1924],[72.5664,18.1973],[72.569,18.198],[72.573,18.1974],[72.574,18.1973],[72.5743,18.202],[72.5761,18.2035],[72.58,18.2057],[72.5823,18.2088],[72.5838,18.2121],[72.5819,18.2142],[72.581,18.2186],[72.5833,18.2207],[72.5867,18.2237],[72.5888,18.2245],[72.5918,18.2294],[72.5915,18.2323],[72.5889,18.2347],[72.5865,18.2354],[72.582,18.2367],[72.5801,18.2385],[72.5795,18.2414],[72.5798,18.2436],[72.5807,18.2461],[72.5779,18.249],[72.5743,18.2526],[72.5715,18.2546],[72.5674,18.2558],[72.5652,18.2565],[72.5626,18.2548],[72.5623,18.2527],[72.5598,18.2484],[72.5574,18.2464],[72.5525,18.2461],[72.5498,18.2454],[72.5474,18.2425],[72.5461,18.2397],[72.5448,18.2356],[72.5451,18.2339],[72.5474,18.231],[72.5489,18.2276],[72.5515,18.2242],[72.5537,18.2227],[72.5572,18.2206],[72.5597,18.2191],[72.5643,18.2162],[72.5668,18.2148],[72.569,18.2194],[72.5697,18.222],[72.5692,18.227],[72.5712,18.2293],[72.5745,18.2305],[72.5787,18.2295],[72.5799,18.2332],[72.5793,18.2347],[72.5776,18.2396],[72.5768,18.2434],[72.5788,18.2464],[72.5807,18.2484],[72.5846,18.2519],[72.587,18.2541],[72.5872,18.2597],[72.5856,18.2626],[72.5829,18.2644],[72.5813,18.2658],[72.5782,18.2685],[72.5774,18.2717],[72.5771,18.2763],[72.5779,18.2789],[72.5761,18.2832],[72.5752,18.2854],[72.5746,18.289],[72.5715,18.2899],[72.5676,18.2911],[72.564,18.2918],[72.5616,18.2959],[72.5616,18.2992],[72.5637,18.3022],[72.5657,18.3016],[72.5692,18.3003],[72.5714,18.2984],[72.5756,18.2962],[72.5785,18.2968],[72.5826,18.2966],[72.5849,18.2948],[72.5893,18.2908],[72.5918,18.2896],[72.5949,18.291],[72.5983,18.2921],[72.6021,18.2944],[72.6022,18.298],[72.5982,18.3017],[72.5973,18.3027],[72.5921,18.3032],[72.59,18.3012],[72.5863,18.2966],[72.5841,18.2939],[72.5797,18.2923],[72.5764,18.2892],[72.5723,18.2877],[72.569,18.2886],[72.5681,18.2928],[72.5679,18.2969],[72.5663,18.301],[72.5647,18.3034],[72.5618,18.3052],[72.5601,18.3078],[72.5625,18.3119],[72.5624,18.3152],[72.5642,18.3174],[72.5659,18.3187],[72.5684,18.3202],[72.5714,18.3223],[72.5728,18.326],[72.574,18.3292],[72.577,18.3332],[72.5767,18.3366],[72.5738,18.3399],[72.5718,18.3402],[72.5679,18.3418],[72.5647,18.342],[72.5607,18.3407],[72.56,18.3375],[72.5617,18.3332],[72.5648,18.3328],[72.5691,18.3325],[72.5707,18.3319],[72.5747,18.3303],[72.5764,18.3278],[72.5782,18.3242],[72.5788,18.3231],[72.5801,18.3194],[72.5798,18.3173],[72.5807,18.3143],[72.5822,18.3108],[72.5816,18.3067],[72.5821,18.3059],[72.5868,18.3045],[72.5903,18.3025],[72.5928,18.2973],[72.5941,18.2942],[72.5957,18.291],[72.5974,18.2886],[72.6012,18.2865],[72.6029,18.2858],[72.6089,18.2864],[72.6096,18.2842],[72.6092,18.2808],[72.6075,18.2787],[72.602,18.2775],[72.5993,18.2792],[72.5931,18.281],[72.5906,18.2817],[72.5879,18.2854],[72.584,18.2864],[72.5808,18.2881],[72.5783,18.2883],[72.5719,18.289],[72.568,18.2892],[72.5645,18.2882],[72.5605,18.2874],[72.5567,18.2887],[72.5541,18.2889],[72.5492,18.2872],[72.5456,18.2861],[72.5413,18.2851],[72.5396,18.2827],[72.5355,18.28],[72.535,18.2755],[72.536,18.271],[72.5369,18.2676],[72.5344,18.2641],[72.5332,18.2605],[72.5302,18.2552],[72.527,18.2523],[72.5261,18.2483],[72.5248,18.245],[72.525,18.238],[72.5267,18.235],[72.5264,18.2319],[72.5231,18.2301],[72.5188,18.2301],[72.5169,18.2314],[72.5142,18.2364],[72.5121,18.24],[72.5123,18.2435],[72.5157,18.2437],[72.5181,18.2398],[72.5185,18.2376],[72.5205,18.2318],[72.5217,18.2308],[72.5234,18.2268],[72.5259,18.2245],[72.5295,18.2226],[72.5321,18.222],[72.5382,18.2211],[72.5408,18.2207],[72.5444,18.221],[72.545,18.2251],[72.5478,18.2286],[72.549,18.2322],[72.5524,18.2363],[72.5546,18.2391],[72.555,18.2425],[72.5547,18.2448],[72.5531,18.2496],[72.5509,18.251],[72.5503,18.2531],[72.5485,18.2552],[72.5473,18.2591],[72.5446,18.2616],[72.5449,18.2646],[72.549,18.2653],[72.555,18.2662],[72.5588,18.2655],[72.5609,18.2675],[72.5642,18.2673],[72.5686,18.2692],[72.5702,18.2709],[72.5732,18.2737],[72.5752,18.2763],[72.5778,18.279],[72.5799,18.2811],[72.5852,18.2834],[72.587,18.2815],[72.5888,18.2758],[72.5892,18.2726],[72.5915,18.2689],[72.5941,18.2683],[72.5995,18.2672],[72.6012,18.2696],[72.6035,18.2722],[72.6055,18.2739],[72.607,18.2764],[72.6058,18.2775],[72.6019,18.273],[72.6038,18.27],[72.6038,18.266],[72.6033,18.2615],[72.6041,18.2556],[72.6058,18.2516],[72.6061,18.2472],[72.6061,18.2433],[72.6079,18.2384],[72.6107,18.2371],[72.6137,18.2375],[72.617,18.2389],[72.6213,18.2401],[72.6238,18.2425],[72.627,18.2468],[72.6301,18.2486],[72.6319,18.2528],[72.6333,18.2558],[72.6351,18.2602],[72.6365,18.2629],[72.6349,18.2655],[72.6337,18.2678],[72.6295,18.2687],[72.6274,18.2702],[72.6233,18.2705],[72.6212,18.2709],[72.6194,18.268],[72.6177,18.2657],[72.6114,18.2634],[72.6095,18.2617],[72.6055,18.2622],[72.6023,18.2624],[72.5986,18.2672],[72.5973,18.2711],[72.599,18.2749],[72.5997,18.2781],[72.6019,18.2812],[72.6038,18.2836],[72.6052,18.2879],[72.6032,18.2904],[72.6027,18.296],[72.6014,18.2986],[72.6012,18.3039],[72.6035,18.3048],[72.608,18.3064],[72.6114,18.3062],[72.6161,18.3054],[72.6195,18.304],[72.622,18.3007],[72.6238,18.2995],[72.6251,18.2943],[72.6286,18.292],[72.6336,18.2906],[72.6357,18.2892],[72.6389,18.2865],[72.6392,18.2845],[72.6396,18.2801],[72.6379,18.2763],[72.6339,18.273],[72.6317,18.2729],[72.6274,18.2731],[72.6247,18.2717],[72.6213,18.2712],[72.6175,18.273],[72.6147,18.2745],[72.6136,18.2761],[72.6101,18.278],[72.6109,18.2806],[72.6128,18.2841],[72.6151,18.2858],[72.615,18.289],[72.6172,18.2922],[72.6184,18.2956],[72.6168,18.2991],[72.615,18.3035],[72.6152,18.3067],[72.6191,18.3096],[72.6204,18.3109],[72.6186,18.3147],[72.6156,18.3144],[72.6115,18.3137],[72.6091,18.3134],[72.6067,18.3116],[72.6048,18.309],[72.6018,18.3046],[72.6002,18.3037],[72.5981,18.3012],[72.5978,18.298],[72.5989,18.2943],[72.5992,18.2907],[72.5972,18.288],[72.5951,18.2867],[72.5908,18.2865],[72.5882,18.2832],[72.5846,18.2789],[72.5823,18.2773],[72.5806,18.2716],[72.5817,18.2688],[72.5849,18.2665],[72.5879,18.2653],[72.5908,18.2617],[72.5904,18.2608],[72.5883,18.2551],[72.588,18.2498],[72.5916,18.2496],[72.595,18.2495],[72.5992,18.2507],[72.6018,18.249],[72.603,18.2464],[72.6022,18.2432],[72.5997,18.2417],[72.5974,18.2398],[72.5966,18.2353],[72.5987,18.2317],[72.603,18.2288],[72.6033,18.2271],[72.607,18.2233],[72.6088,18.2213],[72.6121,18.218],[72.6144,18.2157],[72.6172,18.2133],[72.6189,18.2107],[72.6196,18.204],[72.6187,18.201],[72.6197,18.1953],[72.6209,18.1941],[72.6236,18.1896],[72.6254,18.186],[72.6289,18.1812],[72.6301,18.18],[72.6327,18.1755],[72.6342,18.1734],[72.6379,18.1715],[72.6399,18.1735],[72.6418,18.1785],[72.644,18.1799],[72.6489,18.18],[72.65,18.1794],[72.6517,18.1761],[72.6552,18.173],[72.6591,18.1717],[72.6627,18.1707],[72.6675,18.1695],[72.6709,18.1674],[72.6744,18.163],[72.6741,18.1605],[72.6718,18.1559],[72.6684,18.1541],[72.6672,18.1507],[72.668,18.1479],[72.6691,18.1435],[72.6725,18.1412],[72.6755,18.14],[72.6787,18.1398],[72.6834,18.1394],[72.6864,18.138],[72.6895,18.1366],[72.6934,18.1349],[72.6967,18.1349],[72.6985,18.1377],[72.6978,18.1428],[72.6957,18.1447],[72.6932,18.1479],[72.693,18.1499],[72.6907,18.1534],[72.6879,18.156],[72.6834,18.1585],[72.6809,18.1604],[72.6798,18.1637],[72.677,18.1628],[72.6723,18.1597],[72.6685,18.1597],[72.6629,18.1594],[72.6599,18.1609],[72.6556,18.164],[72.6528,18.1651],[72.6474,18.1637],[72.6466,18.1615],[72.6475,18.1583],[72.648,18.156],[72.6469,18.1532],[72.6444,18.1508],[72.645,18.1455],[72.6452,18.1419],[72.6447,18.1382],[72.6443,18.1367],[72.6403,18.134],[72.6376,18.1348],[72.6326,18.1347],[72.629,18.1346],[72.6234,18.1336],[72.6227,18.1343],[72.6221,18.1385],[72.6221,18.1398],[72.624,18.1456],[72.6248,18.1489],[72.6276,18.1515],[72.6313,18.1522],[72.6367,18.1501],[72.6399,18.1484],[72.6434,18.1447],[72.6455,18.1446],[72.6456,18.149],[72.6423,18.1501],[72.6389,18.1507],[72.6363,18.1528],[72.6343,18.157],[72.633,18.1617],[72.6286,18.1646],[72.6275,18.167],[72.6239,18.1719],[72.6221,18.1751],[72.6168,18.1773],[72.6143,18.1786],[72.6103,18.181],[72.6104,18.1831],[72.6131,18.1859],[72.6122,18.1879],[72.6088,18.1895],[72.6069,18.1923],[72.6065,18.1956],[72.61,18.1983],[72.614,18.1993],[72.6171,18.2012],[72.6233,18.2018],[72.6262,18.2041],[72.6301,18.2023],[72.633,18.2004],[72.637,18.2026],[72.6388,18.203],[72.643,18.2033],[72.6448,18.204],[72.6462,18.2019],[72.6487,18.1983],[72.6529,18.1954],[72.6563,18.1955],[72.6613,18.195],[72.6633,18.1927],[72.6672,18.1889],[72.6682,18.1886],[72.6723,18.1893],[72.6748,18.1911],[72.6783,18.1936],[72.68,18.1958],[72.6833,18.1993],[72.6848,18.2009],[72.6852,18.205],[72.6873,18.2055],[72.692,18.2082],[72.6928,18.2102],[72.6873,18.2117],[72.6844,18.2122],[72.681,18.2149],[72.6776,18.2176],[72.6712,18.2207],[72.6717,18.223],[72.6682,18.2268],[72.6649,18.2292],[72.6606,18.2317],[72.659,18.2351],[72.6556,18.2368],[72.6524,18.2374],[72.6481,18.2377],[72.6456,18.2363],[72.6401,18.2331],[72.6372,18.2353],[72.632,18.2365],[72.631,18.2367],[72.626,18.2369],[72.6224,18.2397],[72.6186,18.2416],[72.6159,18.2416],[72.6115,18.2395],[72.6099,18.2378],[72.6055,18.2346],[72.6015,18.2342],[72.5986,18.2313],[72.5982,18.2282],[72.5963,18.2246],[72.5941,18.2206],[72.5897,18.2188],[72.5871,18.2178],[72.5818,18.2175],[72.5782,18.2163],[72.5723,18.2157],[72.5706,18.2181],[72.5682,18.2216],[72.564,18.2221],[72.5607,18.2201],[72.5587,18.219],[72.554,18.2207],[72.5526,18.2221],[72.5483,18.2251],[72.5444,18.2256],[72.5421,18.2242],[72.5421,18.2213],[72.5397,18.2173],[72.5382,18.2156],[72.537,18.2123],[72.536,18.2089],[72.5348,18.2047],[72.5337,18.2014],[72.5337,18.1983],[72.5322,18.1957],[72.5371,18.1939],[72.5392,18.196],[72.5421,18.196],[72.5434,18.1942],[72.5455,18.1913],[72.5468,18.1901],[72.5466,18.1858],[72.5431,18.1831],[72.5389,18.181],[72.5347,18.1794],[72.533,18.1756],[72.5347,18.1726],[72.54,18.1718],[72.5435,18.1716],[72.5477,18.1721],[72.5503,18.1734],[72.5523,18.1781],[72.5494,18.1799],[72.5476,18.1824],[72.5481,18.1858],[72.5494,18.1903],[72.5499,18.1933],[72.5535,18.1953],[72.5565,18.1955],[72.5611,18.195],[72.5641,18.1934],[72.5676,18.1936],[72.571,18.1943],[72.575,18.1967],[72.578,18.1983],[72.5795,18.2024],[72.5791,18.2044],[72.5799,18.2082],[72.5827,18.2113],[72.5816,18.2156],[72.5814,18.2184],[72.5845,18.2215],[72.5858,18.2235],[72.5896,18.2269],[72.5909,18.2282],[72.5943,18.2317],[72.5965,18.2335],[72.6011,18.2365],[72.6042,18.234],[72.6069,18.231],[72.6093,18.2309],[72.6143,18.2283],[72.6179,18.2273],[72.6224,18.2293],[72.6262,18.2284],[72.6311,18.2288],[72.6337,18.2303],[72.6358,18.2315],[72.6393,18.2314],[72.6426,18.2315],[72.6453,18.2313],[72.6497,18.2302],[72.6519,18.2285],[72.6551,18.2268],[72.6594,18.2264],[72.663,18.224],[72.6653,18.2227],[72.6684,18.2222],[72.6728,18.2201],[72.6769,18.2165],[72.6791,18.2147],[72.6831,18.2137],[72.6852,18.2143],[72.6885,18.2151],[72.6902,18.2156],[72.6958,18.2154],[72.699,18.2142],[72.7036,18.2121],[72.7062,18.2109],[72.709,18.2113],[72.7122,18.2105],[72.7155,18.2084],[72.7184,18.2063],[72.7208,18.202],[72.7233,18.2008],[72.7263,18.2011],[72.7309,18.2027],[72.7355,18.2077],[72.7362,18.2109],[72.7383,18.2152],[72.7393,18.2168],[72.7414,18.2211],[72.7439,18.2228],[72.7485,18.223],[72.7518,18.2236],[72.7547,18.2256],[72.757,18.2285],[72.7622,18.2301],[72.7639,18.2314],[72.7669,18.2339],[72.7682,18.2353],[72.7745,18.2349],[72.7772,18.2368],[72.7822,18.239],[72.7857,18.2422],[72.7876,18.2446],[72.7894,18.2427],[72.7855,18.2381],[72.7846,18.236],[72.7799,18.2331],[72.7775,18.2327],[72.7748,18.2325],[72.7723,18.231],[72.771,18.2273],[72.7696,18.2243],[72.7671,18.2212],[72.7674,18.2189],[72.7706,18.2177],[72.773,18.2178],[72.7755,18.2139],[72.7732,18.2104],[72.7688,18.2062],[72.7682,18.2051],[72.7668,18.202],[72.7652,18.199],[72.7646,18.1945],[72.7648,18.1908],[72.7676,18.1877],[72.7674,18.184],[72.7677,18.1792],[72.7656,18.1745],[72.7659,18.171],[72.7671,18.1695],[72.7703,18.1669]]},"properties":{"mmsi":993697185,"name":"Fishing 7185","role":"background","vessel_type":30,"synthetic":true,"t_offset_s":[-259200,-259080,-258720,-258480,-258120,-257880,-257520,-257280,-256920,-256680,-256320,-256080,-255720,-255480,-255120,-254880,-254520,-254280,-253920,-253680,-253320,-253080,-252720,-252480,-252120,-251880,-251520,-251280,-250920,-250680,-250320,-250080,-249720,-249480,-249120,-248880,-248520,-248280,-247920,-247680,-247320,-247080,-246720,-246480,-246120,-245880,-245520,-245280,-244920,-244680,-244320,-244080,-243720,-243480,-243120,-242880,-242520,-242280,-241920,-241680,-241320,-241080,-240720,-240480,-240120,-239880,-239520,-239280,-238920,-238680,-238320,-238080,-237720,-237480,-237120,-236880,-236520,-236280,-235920,-235680,-235320,-235080,-234720,-234480,-234120,-233880,-233520,-233280,-232920,-232680,-232320,-232080,-231720,-231480,-231120,-230880,-230520,-230280,-229920,-229680,-229320,-229080,-228720,-228480,-228120,-227880,-227520,-227280,-226920,-226680,-226320,-226080,-225720,-225480,-225120,-224880,-224520,-224280,-223920,-223680,-223320,-223080,-222720,-222480,-222120,-221880,-221520,-221280,-220920,-220680,-220320,-220080,-219720,-219480,-219120,-218880,-218520,-218280,-217920,-217680,-217320,-217080,-216720,-216480,-216120,-215880,-215520,-215280,-214920,-214680,-214320,-214080,-213720,-213480,-213120,-212880,-212520,-212280,-211920,-211680,-211320,-211080,-210720,-210480,-210120,-209880,-209520,-209280,-208920,-208680,-208320,-208080,-207720,-207480,-207120,-206880,-206520,-206280,-205920,-205680,-205320,-205080,-204720,-204480,-204120,-203880,-203520,-203280,-202920,-202680,-202320,-202080,-201720,-201480,-201120,-200880,-200520,-200280,-199920,-199680,-199320,-199080,-198720,-198480,-198120,-197880,-197520,-197280,-196920,-196680,-196320,-196080,-195720,-195480,-195120,-194880,-194520,-194280,-193920,-193680,-193320,-193080,-192720,-192480,-192120,-191880,-191520,-191280,-190920,-190680,-190320,-190080,-189720,-189480,-189120,-188880,-188520,-188280,-187920,-187680,-187320,-187080,-186720,-186480,-186120,-185880,-185520,-185280,-184920,-184680,-184320,-184080,-183720,-183480,-183120,-182880,-182520,-182280,-181920,-181680,-181320,-181080,-180720,-180480,-180120,-179880,-179520,-179280,-178920,-178680,-178320,-178080,-177720,-177480,-177120,-176880,-176520,-176280,-175920,-175680,-175320,-175080,-174720,-174480,-174120,-173880,-173520,-173280,-172920,-172680,-172320,-172080,-171720,-171480,-171120,-170880,-170520,-170280,-169920,-169680,-169320,-169080,-168720,-168480,-168120,-167880,-167520,-167280,-166920,-166680,-166320,-166080,-165720,-165480,-165120,-164880,-164520,-164280,-163920,-163680,-163320,-163080,-162720,-162480,-162120,-161880,-161520,-161280,-160920,-160680,-160320,-160080,-159720,-159480,-159120,-158880,-158520,-158280,-157920,-157680,-157320,-157080,-156720,-156480,-156120,-155880,-155520,-155280,-154920,-154680,-154320,-154080,-153720,-153480,-153120,-152880,-152520,-152280,-151920,-151680,-151320,-151080,-150720,-150480,-150120,-149880,-149520,-149280,-148920,-148680,-148320,-148080,-147720,-147480,-147120,-146880,-146520,-146280,-145920,-145680,-145320,-145080,-144720,-144480,-144120,-143880,-143520,-143280,-142920,-142680,-142320,-142080,-141720,-141480,-141120,-140880,-140520,-140280,-139920,-139680,-139320,-139080,-138720,-138480,-138120,-137880,-137520,-137280,-136920,-136680,-136320,-136080,-135720,-135480,-135120,-134880,-134520,-134280,-133920,-133680,-133320,-133080,-132720,-132480,-132120,-131880,-131520,-131280,-130920,-130680,-130320,-130080,-129720,-129480,-129120,-128880,-128520,-128280,-127920,-127680,-127320,-127080,-126720,-126480,-126120,-125880,-125520,-125280,-124920,-124680,-124320,-124080,-123720,-123480,-123120,-122880,-122520,-122280,-121920,-121680,-121320,-121080,-120720,-120480,-120120,-119880,-119520,-119280,-118920,-118680,-118320,-118080,-117720,-117480,-117120,-116880,-116520,-116280,-115920,-115680,-115320,-115080,-114720,-114480,-114120,-113880,-113520,-113280,-112920,-112680,-112320,-112080,-111720,-111480,-111120,-110880,-110520,-110280,-109920,-109680,-109320,-109080,-108720,-108480,-108120,-107880,-107520,-107280,-106920,-106680,-106320,-106080,-105720,-105480,-105120,-104880,-104520,-104280,-103920,-103680,-103320,-103080,-102720,-102480,-102120,-101880,-101520,-101280,-100920,-100680,-100320,-100080,-99720,-99480,-99120,-98880,-98520,-98280,-97920,-97680,-97320,-97080,-96720,-96480,-96120,-95880,-95520,-95280,-94920,-94680,-94320,-94080,-93720,-93480,-93120,-92880,-92520,-92280,-91920,-91680,-91320,-91080,-90720,-90480,-90120,-89880,-89520,-89280,-88920,-88680,-88320,-88080,-87720,-87480,-87120,-86880,-86520,-86280,-85920,-85680,-85320,-85080,-84720,-84480,-84120,-83880,-83520,-83280,-82920,-82680,-82320,-82080,-81720,-81480,-81120,-80880,-80520,-80280,-79920,-79680,-79320,-79080,-78720,-78480,-78120,-77880,-77520,-77280,-76920,-76680,-76320,-76080,-75720,-75480,-75120,-74880,-74520,-74280,-73920,-73680,-73320,-73080,-72720,-72480,-72120,-71880,-71520,-71280,-70920,-70680,-70320,-70080,-69720,-69480,-69120,-68880,-68520,-68280,-67920,-67680,-67320,-67080,-66720,-66480,-66120,-65880,-65520,-65280,-64920,-64680,-64320,-64080,-63720,-63480,-63120,-62880,-62520,-62280,-61920,-61680,-61320,-61080,-60720,-60480,-60120,-59880,-59520,-59280,-58920,-58680,-58320,-58080,-57720,-57480,-57120,-56880,-56520,-56280,-55920,-55680,-55320,-55080,-54720,-54480,-54120,-53880,-53520,-53280,-52920,-52680,-52320,-52080,-51720,-51480,-51120,-50880,-50520,-50280,-49920,-49680,-49320,-49080,-48720,-48480,-48120,-47880,-47520,-47280,-46920,-46680,-46320,-46080,-45720,-45480,-45120,-44880,-44520,-44280,-43920,-43680,-43320,-43080,-42720,-42480,-42120,-41880,-41520,-41280,-40920,-40680,-40320,-40080,-39720,-39480,-39120,-38880,-38520,-38280,-37920,-37680,-37320,-37080,-36720,-36480,-36120,-35880,-35520,-35280,-34920,-34680,-34320,-34080,-33720,-33480,-33120,-32880,-32520,-32280,-31920,-31680,-31320,-31080,-30720,-30480,-30120,-29880,-29520,-29280,-28920,-28680,-28320,-28080,-27720,-27480,-27120,-26880,-26520,-26280,-25920,-25680,-25320,-25080,-24720,-24480,-24120,-23880,-23520,-23280,-22920,-22680,-22320,-22080,-21720,-21480,-21120,-20880,-20520,-20280,-19920,-19680,-19320,-19080,-18720,-18480,-18120,-17880,-17520,-17280,-16920,-16680,-16320,-16080,-15720,-15480,-15120,-14880,-14520,-14280,-13920,-13680,-13320,-13080,-12720,-12480,-12120,-11880,-11520,-11280,-10920,-10680,-10320,-10080,-9720,-9480,-9120,-8880,-8520,-8280,-7920,-7680,-7320,-7080,-6720,-6480,-6120,-5880,-5520,-5280,-4920,-4680,-4320,-4080,-3720,-3480,-3120,-2880,-2520,-2280,-1920,-1680,-1320,-1080,-720,-480,-120,120,480,720,1080,1320,1680,1920,2280,2520,2880,3120,3480,3720,4080,4320,4680,4920,5280,5520,5880,6120,6480,6720,7080,7320,7680,7920,8280,8520,8880,9120,9480,9720,10080,10320,10680,10920,11280,11520,11880,12120,12480,12720,13080,13320,13680,13920,14280,14520,14880,15120,15480,15720,16080,16320,16680,16920,17280,17520,17880,18120,18480,18720,19080,19320,19680,19920,20280,20520,20880,21120,21480,21720,22080,22320,22680,22920,23280,23520,23880,24120,24480,24720,25080,25320,25680,25920,26280,26520,26880,27120,27480,27720,28080,28320,28680,28920,29280,29520,29880,30120,30480,30720,31080,31320,31680,31920,32280,32520,32880,33120,33480,33720,34080,34320,34680,34920,35280,35520,35880,36120,36480,36720,37080,37320,37680,37920,38280,38520,38880,39120,39480,39720,40080,40320,40680,40920,41280,41520,41880,42120,42480,42720,43080,43320,43680,43920,44280,44520,44880,45120,45480,45720,46080,46320,46680,46920,47280,47520,47880,48120,48480,48720,49080,49320,49680,49920,50280,50520,50880,51120,51480,51720,52080,52320,52680,52920,53280,53520,53880,54120,54480,54720,55080,55320,55680,55920,56280,56520,56880,57120,57480,57720,58080,58320,58680,58920,59280,59520,59880,60120,60480,60720,61080,61320,61680,61920,62280,62520,62880,63120,63480,63720,64080,64320,64680,64920,65280,65520,65880,66120,66480,66720,67080,67320,67680,67920,68280,68520,68880,69120,69480,69720,70080,70320,70680,70920,71280,71520,71880,72120,72480,72720,73080,73320,73680,73920,74280,74520,74880,75120,75480,75720,76080,76320,76680,76920,77280,77520,77880,78120,78480,78720,79080,79320,79680,79920,80280,80520,80880,81120,81480,81720,82080,82320,82680,82920,83280,83520,83880,84120,84480,84720,85080,85320,85680,85920,86280],"sog":[2.8,2.7,3.4,4.3,3.1,3.3,1.2,3,2.3,2.8,3.9,2.3,3,3.7,2.4,2,3.9,1.4,3.4,1.8,3.1,4.3,1.9,3.1,3.1,1.6,2.4,2.1,2.4,2.8,2.5,3,3.3,2.2,1.8,4.6,2.2,2.5,3.7,3.6,1.7,1.7,2,2.7,2.9,2.5,4.6,3.6,1.7,2.4,3.1,2.4,2.3,5.2,1.7,2.9,2.5,2.3,3,1.6,2.9,2.2,3.8,1.8,1.5,1.9,4.6,4,1.3,1.6,4.8,2.8,2.7,3.6,2.6,1.3,2.9,2.1,3.7,1.7,2.3,1.6,2.2,2.7,2.9,3.3,3.7,2,3.3,1.9,2.8,2.3,2.5,3.6,2.6,3.3,3.3,2.7,0.9,3.9,3.3,3.4,2.7,2.3,4,2.8,1.4,1.2,2.7,1.7,4.1,2.1,2.6,0.7,2.2,2,2.7,3.1,3.9,2.5,3.7,2,0.3,2.2,3.5,3.1,3.5,1.9,2.9,1.9,3.1,5,3.8,2.9,2.3,4.8,2.6,3.3,3.9,4,2.3,3.4,4.2,3.9,2.4,3.5,2.9,3.2,1.8,4.4,1.9,2.1,3.8,2.4,3.3,3.3,3.2,2.7,2.9,1.9,2.9,1.9,3,1.6,4.5,3,3.5,3.2,2.4,3.1,1,2.1,3.3,3.3,1.4,2.7,3.2,2.5,4.2,1.2,1.6,2.3,3.7,4.1,3.9,2.1,1.9,3.5,1.9,3,2.2,3.6,2.6,3.7,0.6,2.1,4.8,2.7,0.3,3.2,3.1,0.3,3.6,3.2,2.3,2.9,1,2.6,1.4,1,3.4,1.8,2.9,3.3,3.2,3,2.3,2.9,3.2,2.7,2.7,2.2,3.7,3.3,2.4,0.6,4.6,2.8,4,3.1,2.3,3.9,2.7,2.9,2.7,4,3.3,2.2,1.9,2.4,1.3,3.7,1.2,2.6,1.3,3.8,2.6,3.6,2.5,3.5,3.5,3,2.4,1.2,4.3,3.3,1.9,3.3,1,3.6,2.7,3,2.7,2.4,2.8,3.6,3.1,3.7,2.4,2.3,0.3,2.9,2.6,2.8,1.7,3.7,3.6,3.1,1.6,2.4,3.4,1,1.8,2,2.5,2,1.6,0.9,3.5,2.7,0.9,2.4,3.6,1.7,0.3,2.9,2.6,3.6,2.2,2.9,5.5,1.7,0.3,4,2.6,2.3,3.6,2.2,1.6,1.7,1.8,3.1,1.7,3,2.7,1.5,2,4.1,1.7,2.2,2.5,3,2.7,3.1,0.6,4.7,4.5,4,2.3,2.3,1.4,3.5,2,2.6,2.9,3.6,2.7,5.2,3.3,2.1,2.1,3.6,2.6,3.3,5,1.7,3.3,3.4,5.4,3,1.1,2.2,1.7,3.1,1.4,3.2,5,3.1,4.6,3.1,3.1,1.9,3.5,2.2,2.2,2.2,1.5,4.9,2.5,1.8,3,3.1,3.8,4.5,1.1,1.2,3.5,3.3,0.6,1.1,3.6,0.8,2.7,3.1,3.9,2.6,2.4,2,1.8,2.9,1.3,3.3,1.3,2,0.9,2.2,1.7,3.7,3.7,3.2,1.4,2,3.2,1.5,1.7,2,3.3,3.1,1.5,2.5,1,2.8,2.3,1.8,4.9,2.9,1.7,1.9,2.3,3.4,2.5,1.2,2.1,2.8,1.4,2,3.3,3.8,3.1,3.9,2.7,2.6,2.7,1.8,2.3,2.9,2.2,4.1,2.3,2.1,3.9,3.5,3.5,1.7,2.3,2.5,2.6,2.8,3.7,4.6,3.8,2.2,3.5,2.8,2.5,3.5,2.5,1.7,4.1,3.2,1.7,2.6,2.8,2.5,2.1,1.2,2,2,2.7,4.5,2.9,2,3.9,3.2,2.5,3.2,2.9,2.7,3.9,5.5,2.4,3.3,2.2,1.8,2.5,3.2,2.6,1.6,2.3,0.3,2.9,1.4,2.2,3.5,1.2,1.8,1.4,2.5,3.2,2.9,2.3,2.2,2.6,1.4,3.1,3.7,0.8,2.7,1.9,2.4,2.9,3.1,2.5,1.5,1.9,2.4,2.1,2.3,3.5,4.1,2.9,2.1,2.1,2,1.5,2.5,2.1,1.8,2.7,1.8,4.1,2.4,3.3,1.1,4,1.9,2.6,4.5,3.2,0.3,3.4,4.2,1.5,2.5,2.3,2.7,2.3,3.2,2.7,1.7,1.4,1.7,3.3,2.3,4.2,0.9,3.5,2.9,2.4,4.2,4.5,4.3,1.6,0.9,2.9,3,2.5,2.7,1.4,2.8,3.9,2.2,0.9,3.1,1.6,3.9,2.5,0.9,4.4,1.9,4.6,2,2.3,2.8,3.4,3.3,2.3,4.3,2.2,2.8,1.4,2,2.1,3.2,2.4,0.5,2.8,2.8,3,4.4,3,4.1,2.6,2.3,3.3,2.8,2,1.6,4.7,3.1,1.5,1.2,2.4,2.6,3.1,0.7,1.8,2.1,2,3.7,1.9,1.2,4.1,3.6,3.1,3.8,3.4,2.3,1.9,2.4,2.8,2.3,3,2.6,2.9,3,3.1,1.9,4.1,3.6,3,2.5,3,3.2,3.2,2.2,0.6,1.6,2.5,3.1,2.5,2.5,1.6,3.8,2.5,2.7,2.6,4,3.7,4.3,2.5,4,3.9,2.7,1.9,2.8,2.4,1.6,3.3,4.3,0.7,2.7,3.3,2.5,4,1.4,2.4,3.4,2.7,3.4,3.7,2,2.6,4,2.4,3.1,2.7,2.3,4,1.6,4.1,3.3,1.9,2.9,2.1,3.1,0.7,3.2,5,3.7,0.8,3.5,4.1,1.8,1.9,2.5,2.3,2.2,5,2.2,4.4,2.8,3.3,2.8,3,1.3,2.8,2.7,0.3,1.6,5.8,2.9,1.9,3.4,3.6,2.3,3.2,4.1,1.9,3.3,2.7,2.9,2.1,3.2,3.9,3.8,5.1,2.4,5.3,2.6,3.7,0.9,2.9,2.9,2.3,0.9,1.5,2.8,2.1,0.6,2.6,4.1,2.6,3.7,1.6,1.6,2.4,3.3,2.6,3.3,3.4,1.9,2.5,3.5,3.7,4.4,3.8,2.7,2.4,1.4,4.1,3.1,2.7,2,2,1.9,2.8,4.9,2.5,2.6,2.3,2.1,2.6,3.3,1.9,2.6,3.4,2.6,3.2,2.2,2.4,3.7,2.5,3.7,3.2,2.9,3.3,0.9,2.8,3.6,2.4,1.4,1.2,3.8,3.3,1.8,2,3.1,1,2.9,1.7,2,2.7,3.4,3.9,3.1,4.2,3.5,0.7,3.8,4.3,2.1,3.8,4.8,1.4,2.9,2.8,3,2.1,2.3,2.3,2.7,3,4.6,3.8,1.4,3.5,3.3,3,2.9,2.9,3.7,3.6,3,3.3,1.1,3.3,4.9,3.8,0.8,3.1,3.2,1.9,2,3.1,1.4,3.6,1.4,0.9,3.1,2.8,2.7,2.1,3.5,5.7,3.3,3.4,3.4,2.7,1.7,3.6,2.2,1.3,3.3,1,3.9,2.8,3.5,0.6,2.8,1.5,2,2.2,2.6,1.7,4.1,3.5,2.3,1.8,2.5,2.8,3.7,2.8,1.9,3.3,3.2,3.9,3.1,1.9,1.7,3.2,2.6,3.1,1.6,1.7,1,3.2,2.7,3.5,3.5,3.8,0.7,3.4,2.1,4.5,2.7,2.2,3.3,3.6,3.8,2,1.5,3.6,3.7,1,3,2.4,3.5,4.6,2.1,3.8,3.4,2.2,1.9,2.5,1.7,2.5,2.6,1.9,2.1,2,3.9,2.9,3.7,3,2.5,1.8,4.2,2.9,2,3.5,1.8,3.3,4.1,4.3,3.5,2.8,2.9,1.7,1.5,1.8,3.6,1.7,2.7,2.3,1.9,3,1.5,2.8,2.3,3.6,2.7,3.3,4.1,3.4,1.6,2.9,4.1,3.1,3.9,3.5,0.3,3.2,2.9,2.5,4.3,3,1.3,4.3,4.3,2.2,2.3,2.8,2.7,3.3,3,2.5,3.3,2.5,3.9,4.7,2.6,4.9,4.2,2.1,2.6,1.7,4.3,2,2.7,2.3,1.4,2.2,4.4,1.4,3.6,2.2,2.5,1,2.6,3,2,2.7,2.2,5.7,4.1,2.1,2.5,3.5,0.3,2.8,4.2,3.1,4,1.2,3.2,3.5,2.5,2.3,3,3.8,4,2.6,3.1,3.1,2.4,3.7,2.3,2.2,2.7,2.7,2.5,2.8,2.9,2.8,3.1,2.5,3.9,3.4,3.5,3.3,2.2,2.7,1.9,4.7,2.4,2.9,2.6,1.5,1.7,3.4,3.1,2.5,2.7,3.3,1.4,2.7,3.3,2.1,0.8,2.2,3.3,3.2,4.3,1.9,2.2,3.1,3.5,4.2,1.8,3.1,0.8,2,0.6,4,1.9,1.6,3,2.9,4.5,4.3,2.9,3.6,2.1,1,5.6,3.1,3.9,3.8,1.7,3.8,3.7,1.1,2.7,3.4,2.6,3.3,1.8,0.8,1.9,5.1,3.4,1.2,3.8,1,2.2,4.8,2,3.6,3,1.5,1.8,2,4.1,2.2,1.4,2.6,1.2,1.3,4.5,3.7,1.5,1.2,3.6,3.6,4,1.9,2.6,2.4,5.1,2.1,1.6,3.3]}},{"type":"Feature","geometry":{"type":"LineString","coordinates":[[71.3821,19.1458],[71.3808,19.1518],[71.3766,19.1636],[71.3715,19.1811],[71.3676,19.1923],[71.3622,19.2096],[71.3588,19.2212],[71.3534,19.238],[71.3495,19.2492],[71.3445,19.267],[71.341,19.279],[71.336,19.2963],[71.3323,19.3079],[71.3272,19.3253],[71.3235,19.3371],[71.3184,19.3547],[71.3152,19.3663],[71.3101,19.3838],[71.3068,19.3952],[71.3019,19.4131],[71.2992,19.4246],[71.2945,19.4425],[71.2917,19.4538],[71.2871,19.4716],[71.284,19.4826],[71.2793,19.5006],[71.2761,19.5124],[71.2722,19.5295],[71.269,19.541],[71.2651,19.5587],[71.2623,19.5706],[71.2588,19.5882],[71.2567,19.5995],[71.2534,19.6174],[71.2512,19.6286],[71.2476,19.6464],[71.2452,19.6586],[71.242,19.6763],[71.2396,19.6885],[71.2369,19.7071],[71.2347,19.7191],[71.2322,19.7368],[71.2303,19.7484],[71.2276,19.7662],[71.2256,19.7784],[71.2219,19.7963],[71.2199,19.8083],[71.2166,19.8265],[71.2144,19.8384],[71.211,19.8567],[71.2089,19.8685],[71.2057,19.8862],[71.2032,19.898],[71.2002,19.9169],[71.1982,19.9284],[71.1949,19.9456],[71.1928,19.9575],[71.1896,19.9761],[71.1876,19.9876],[71.1839,20.0052],[71.1815,20.0169],[71.1786,20.035],[71.1761,20.0468],[71.1726,20.0643],[71.1706,20.0765],[71.1674,20.0942],[71.1649,20.1064],[71.1614,20.1239],[71.159,20.1354],[71.1549,20.1534],[71.1525,20.165],[71.1483,20.1822],[71.1461,20.194],[71.1421,20.2114],[71.1392,20.223],[71.1349,20.2407],[71.1319,20.2523],[71.1274,20.2704],[71.1248,20.2828],[71.1197,20.3005],[71.117,20.3124],[71.1122,20.3299],[71.1093,20.3413],[71.1035,20.3587],[71.1014,20.3696],[71.0967,20.387],[71.0936,20.3986],[71.0887,20.416],[71.0852,20.428],[71.0807,20.4459],[71.0777,20.4576],[71.0736,20.4749],[71.0706,20.4861],[71.0666,20.5044],[71.0639,20.5163],[71.0598,20.5337],[71.0572,20.5456],[71.053,20.5631],[71.0502,20.5743],[71.0462,20.5926],[71.0432,20.6045],[71.0387,20.622],[71.0355,20.6335],[71.0306,20.6505],[71.0272,20.6622],[71.0224,20.6799],[71.0192,20.6917],[71.0144,20.7094],[71.0113,20.7215]]},"properties":{"mmsi":994760059,"name":"Tanker 0059","role":"background","vessel_type":80,"synthetic":true,"t_offset_s":[52235,52355,52595,52955,53195,53555,53795,54155,54395,54755,54995,55355,55595,55955,56195,56555,56795,57155,57395,57755,57995,58355,58595,58955,59195,59555,59795,60155,60395,60755,60995,61355,61595,61955,62195,62555,62795,63155,63395,63755,63995,64355,64595,64955,65195,65555,65795,66155,66395,66755,66995,67355,67595,67955,68195,68555,68795,69155,69395,69755,69995,70355,70595,70955,71195,71555,71795,72155,72395,72755,72995,73355,73595,73955,74195,74555,74795,75155,75395,75755,75995,76355,76595,76955,77195,77555,77795,78155,78395,78755,78995,79355,79595,79955,80195,80555,80795,81155,81395,81755,81995,82355,82595,82955,83195,83555,83795,84155,84395],"sog":[10.5,11.2,11.1,10.9,10.6,10.7,10.2,10.5,11,10.9,11.1,10.5,10.8,10.8,11.1,10.4,10.9,10.5,10,11,10.4,11.3,10.8,10.6,10.6,10.5,10.4,10.6,10.7,10.8,10.2,10.9,10.6,11.2,9.8,10.7,10.8,10.7,11.4,11.4,10.7,10.8,10.4,10.6,11.2,11.2,10.8,10.7,10.8,11,10.6,10.5,10.9,10.8,11.1,10,10.9,11.2,10.1,10.7,10.7,10.8,10.6,10.6,10.8,11.1,10.5,10.9,10.4,10.9,10.7,10,10.6,10.3,10.5,11,10.3,10.7,11.2,11.4,10.8,11.4,10.4,11.3,10.5,10.5,10.9,10.8,10.9,11,10.8,10.8,10.9,11.4,11.2,10.3,11.1,10.9,10.8,10.9,10.7,11.1,10.9,10.9,10.5,10.8,11.1,10.8,11]}},{"type":"Feature","geometry":{"type":"LineString","coordinates":[[72.2289,22.0113],[72.241,21.9253],[72.2552,21.8192],[72.2568,21.8058],[72.2589,21.7858],[72.2605,21.7724],[72.2626,21.7522],[72.2638,21.739],[72.2661,21.7189],[72.2678,21.7055],[72.2798,21.585],[72.2808,21.572],[72.2824,21.5519],[72.2836,21.5388],[72.2854,21.5186],[72.2867,21.5051],[72.2887,21.485],[72.2899,21.4715],[72.2919,21.4519],[72.293,21.4382],[72.2953,21.4182],[72.2964,21.4051],[72.2984,21.3846],[72.2994,21.372],[72.3008,21.3522],[72.3019,21.3386],[72.3029,21.3186],[72.3039,21.3051],[72.3056,21.2846],[72.3065,21.2717],[72.3081,21.2514],[72.3092,21.2378],[72.3117,21.2177],[72.3131,21.2039],[72.3144,21.1838],[72.3153,21.1705],[72.317,21.1515],[72.318,21.1379],[72.3195,21.1179],[72.3207,21.1047],[72.3229,21.0842],[72.3241,21.0707],[72.3263,21.0504],[72.3278,21.0371],[72.33,21.0168],[72.3311,21.0042],[72.333,20.9845],[72.3338,20.9709],[72.3346,20.9511],[72.3352,20.9372],[72.3362,20.918],[72.337,20.9047],[72.3382,20.8843],[72.3393,20.8706],[72.3407,20.8502],[72.3417,20.8372],[72.3432,20.8172],[72.3439,20.8042],[72.3458,20.784],[72.347,20.7705],[72.3483,20.7513],[72.3491,20.7381],[72.3499,20.7179],[72.3509,20.7046],[72.3522,20.6848],[72.3535,20.6714],[72.3551,20.6513],[72.3557,20.6377],[72.3567,20.6173],[72.3576,20.6039],[72.3585,20.5832],[72.3591,20.5697],[72.3598,20.5497],[72.3603,20.5365],[72.3615,20.5164],[72.362,20.5033],[72.3632,20.4825],[72.3638,20.4687],[72.3649,20.4482],[72.3652,20.4348],[72.3663,20.4146],[72.3666,20.4009],[72.3671,20.3809],[72.3674,20.368],[72.3681,20.3483],[72.3685,20.3351],[72.3694,20.3148],[72.3699,20.3008],[72.371,20.2807],[72.3717,20.2671],[72.3726,20.2471],[72.3733,20.2339],[72.3747,20.2135],[72.3756,20.2],[72.3773,20.1798],[72.378,20.1663],[72.3795,20.1467],[72.3807,20.1338],[72.3818,20.1131],[72.3824,20.1002],[72.3835,20.0799],[72.3842,20.0669],[72.3853,20.0465],[72.3864,20.0328],[72.3879,20.0125],[72.3891,19.9992],[72.3905,19.9793],[72.3909,19.9661],[72.3925,19.9457],[72.3932,19.9324],[72.3947,19.9122],[72.3959,19.8993],[72.3972,19.8789],[72.3985,19.8657],[72.4002,19.8454],[72.4013,19.8317],[72.4027,19.8113],[72.4038,19.7978],[72.4052,19.7783],[72.4062,19.765],[72.4079,19.7452],[72.409,19.7318],[72.4109,19.7114],[72.4122,19.6983],[72.4139,19.6781],[72.4151,19.6648],[72.4169,19.6455],[72.4184,19.6315],[72.4205,19.6109],[72.4221,19.5973],[72.4238,19.5774],[72.4249,19.564],[72.4263,19.5446],[72.4266,19.5312],[72.4274,19.5115],[72.4279,19.4979],[72.4285,19.4776],[72.4289,19.4642],[72.4296,19.4445],[72.4293,19.4307],[72.4294,19.4105],[72.429,19.3973],[72.4283,19.3773],[72.428,19.3645],[72.4271,19.3443],[72.4265,19.3313],[72.4254,19.3112],[72.4246,19.2976],[72.4231,19.2772],[72.422,19.2646],[72.4206,19.2447],[72.4201,19.2315],[72.4183,19.2116],[72.4174,19.198],[72.4153,19.1781],[72.4137,19.1647],[72.412,19.1436],[72.4109,19.1308],[72.4089,19.1107],[72.4074,19.0978],[72.4053,19.0775],[72.4037,19.0641],[72.4019,19.0437],[72.4005,19.0307],[72.3987,19.0107],[72.3973,18.997],[72.3955,18.977],[72.3939,18.9634],[72.3915,18.9433],[72.3897,18.9306],[72.3873,18.9102],[72.3852,18.8971],[72.3833,18.8775],[72.3814,18.864],[72.3789,18.8434],[72.3775,18.8302],[72.3748,18.8104],[72.3736,18.7971],[72.3715,18.7771],[72.3697,18.7639],[72.367,18.7441],[72.3655,18.7307],[72.3631,18.7105],[72.3611,18.6967],[72.3583,18.6766],[72.3564,18.6631],[72.3535,18.6427],[72.3514,18.6297],[72.3488,18.6095],[72.347,18.5965],[72.3444,18.5769],[72.343,18.5635],[72.3404,18.5432],[72.3385,18.5299],[72.3364,18.5093],[72.3349,18.4956],[72.3322,18.4761],[72.3313,18.4624],[72.3289,18.4425],[72.3276,18.4296],[72.3255,18.4095],[72.324,18.396],[72.322,18.3758],[72.3208,18.3625],[72.3195,18.3425],[72.3186,18.3291],[72.3171,18.309],[72.3161,18.2956],[72.3145,18.2762],[72.3128,18.2623],[72.3118,18.2431],[72.3108,18.2299],[72.309,18.2094],[72.3076,18.1961],[72.3058,18.1762],[72.3045,18.1625],[72.3022,18.1423],[72.3004,18.1283],[72.2978,18.109],[72.2961,18.0954],[72.2934,18.0758],[72.2914,18.0622],[72.2888,18.043],[72.2865,18.0293],[72.2839,18.0094],[72.2826,17.9962],[72.28,17.9767],[72.2785,17.9636],[72.2765,17.9437],[72.2754,17.9299],[72.2729,17.9098],[72.2716,17.8964],[72.2696,17.8768],[72.2683,17.8635],[72.2662,17.844],[72.2643,17.8302],[72.2627,17.8101],[72.2615,17.7965],[72.2595,17.776],[72.258,17.7624],[72.2563,17.7424],[72.2557,17.7291],[72.2545,17.7088],[72.2537,17.6959],[72.2527,17.6758],[72.2525,17.6626],[72.2517,17.6426],[72.2509,17.6288],[72.2502,17.609],[72.2496,17.5949],[72.2485,17.5747],[72.2479,17.5613],[72.2472,17.5415],[72.2464,17.528],[72.2449,17.5079],[72.2441,17.4944],[72.2432,17.4744],[72.2421,17.4613],[72.2412,17.441],[72.2405,17.4274],[72.239,17.4074],[72.2385,17.3932],[72.2381,17.3732],[72.2376,17.3597],[72.2373,17.3392],[72.2367,17.3256],[72.2365,17.3053],[72.2356,17.2915],[72.2348,17.272],[72.2345,17.2583],[72.2336,17.2385],[72.2328,17.2253],[72.2307,17.2054],[72.2296,17.1915],[72.2282,17.1715],[72.2269,17.1581],[72.2249,17.1385],[72.223,17.1249],[72.2211,17.1044],[72.2193,17.0916],[72.2168,17.0718],[72.215,17.0588],[72.2122,17.0389],[72.2104,17.0255],[72.2077,17.0059],[72.2058,16.9928],[72.2031,16.9729],[72.2013,16.9597],[72.1983,16.9392],[72.1967,16.9262],[72.1939,16.9058],[72.1926,16.8929],[72.1898,16.8738],[72.1884,16.861],[72.1853,16.8409],[72.1838,16.8275],[72.1809,16.8079],[72.1791,16.7947],[72.1762,16.7754],[72.174,16.7623],[72.1704,16.7424],[72.1679,16.7288],[72.1642,16.7091],[72.1615,16.6965],[72.1578,16.6769],[72.1553,16.6635],[72.1515,16.6441],[72.1487,16.6306],[72.144,16.6104],[72.141,16.597],[72.1369,16.5777],[72.1341,16.5643],[72.13,16.5446],[72.1268,16.5308],[72.1229,16.5108],[72.1207,16.4979],[72.1171,16.4782],[72.1147,16.4649],[72.1109,16.445],[72.1087,16.4317],[72.1042,16.4121],[72.1014,16.3989],[72.0971,16.3787],[72.0941,16.3652],[72.0904,16.3458],[72.0876,16.3328],[72.0843,16.3125],[72.0813,16.2997],[72.0777,16.2796],[72.0753,16.2668],[72.0713,16.2468],[72.0691,16.2337],[72.0652,16.2139],[72.0625,16.2007],[72.0587,16.1806],[72.0566,16.1678],[72.0531,16.148],[72.0509,16.1348],[72.0476,16.1152],[72.0459,16.1018],[72.0431,16.082],[72.041,16.0693],[72.0378,16.0496],[72.0356,16.0358],[72.0327,16.0161],[72.0305,16.0023],[72.0281,15.9827],[72.0264,15.9692],[72.024,15.9497],[72.0223,15.9362],[72.0192,15.9164],[72.0171,15.9029],[72.0138,15.8829],[72.0116,15.8697],[72.0079,15.8501],[72.0051,15.8371],[72.0016,15.8176],[71.9997,15.8044],[71.9957,15.7845],[71.9927,15.772],[71.9889,15.752],[71.986,15.7392],[71.9817,15.7195],[71.9792,15.7063],[71.9743,15.6862],[71.9711,15.6734],[71.966,15.6539],[71.9626,15.6407],[71.9576,15.6214],[71.9544,15.6079],[71.9502,15.5882],[71.9478,15.5755],[71.9434,15.5553],[71.9415,15.5427],[71.9374,15.5229],[71.9356,15.5094],[71.9323,15.4897],[71.9301,15.4765],[71.9274,15.4566],[71.9262,15.4434],[71.9233,15.4235],[71.9221,15.4099],[71.9194,15.3893],[71.9177,15.3757],[71.9146,15.3561],[71.9125,15.3426],[71.9099,15.3223],[71.9079,15.3093],[71.9056,15.2888],[71.9041,15.276],[71.9012,15.2556],[71.8998,15.2428],[71.8972,15.2226],[71.896,15.2089],[71.8936,15.189],[71.892,15.1761],[71.8893,15.1555],[71.8883,15.1426],[71.8861,15.1229],[71.8847,15.1096],[71.8822,15.0894],[71.881,15.0761],[71.8779,15.0558],[71.8761,15.0429],[71.8737,15.0233],[71.872,15.0099],[71.8693,14.9895],[71.8673,14.9756],[71.865,14.9556],[71.8633,14.9421],[71.861,14.9217],[71.8597,14.9089],[71.8574,14.8879],[71.8562,14.8747],[71.8541,14.8555],[71.8525,14.8417],[71.8507,14.8209],[71.849,14.8078],[71.8466,14.7877],[71.8454,14.7747],[71.8432,14.7544],[71.842,14.7413],[71.8399,14.7212],[71.8384,14.7081],[71.8362,14.6875],[71.8349,14.6744],[71.8325,14.6545],[71.8308,14.641],[71.8283,14.6212],[71.8258,14.6079],[71.8235,14.588],[71.8212,14.5741],[71.8185,14.5539],[71.8163,14.5402],[71.8137,14.5206],[71.8115,14.5076],[71.8085,14.4871],[71.8067,14.4736],[71.8038,14.4537],[71.8021,14.4408],[71.7997,14.4205],[71.7984,14.4073],[71.7961,14.3868]]},"properties":{"mmsi":994918047,"name":"Tanker 8047","role":"candidate","vessel_type":80,"synthetic":true,"t_offset_s":[-79200,-77640,-75720,-75480,-75120,-74880,-74520,-74280,-73920,-73680,-71520,-71280,-70920,-70680,-70320,-70080,-69720,-69480,-69120,-68880,-68520,-68280,-67920,-67680,-67320,-67080,-66720,-66480,-66120,-65880,-65520,-65280,-64920,-64680,-64320,-64080,-63720,-63480,-63120,-62880,-62520,-62280,-61920,-61680,-61320,-61080,-60720,-60480,-60120,-59880,-59520,-59280,-58920,-58680,-58320,-58080,-57720,-57480,-57120,-56880,-56520,-56280,-55920,-55680,-55320,-55080,-54720,-54480,-54120,-53880,-53520,-53280,-52920,-52680,-52320,-52080,-51720,-51480,-51120,-50880,-50520,-50280,-49920,-49680,-49320,-49080,-48720,-48480,-48120,-47880,-47520,-47280,-46920,-46680,-46320,-46080,-45720,-45480,-45120,-44880,-44520,-44280,-43920,-43680,-43320,-43080,-42720,-42480,-42120,-41880,-41520,-41280,-40920,-40680,-40320,-40080,-39720,-39480,-39120,-38880,-38520,-38280,-37920,-37680,-37320,-37080,-36720,-36480,-36120,-35880,-35520,-35280,-34920,-34680,-34320,-34080,-33720,-33480,-33120,-32880,-32520,-32280,-31920,-31680,-31320,-31080,-30720,-30480,-30120,-29880,-29520,-29280,-28920,-28680,-28320,-28080,-27720,-27480,-27120,-26880,-26520,-26280,-25920,-25680,-25320,-25080,-24720,-24480,-24120,-23880,-23520,-23280,-22920,-22680,-22320,-22080,-21720,-21480,-21120,-20880,-20520,-20280,-19920,-19680,-19320,-19080,-18720,-18480,-18120,-17880,-17520,-17280,-16920,-16680,-16320,-16080,-15720,-15480,-15120,-14880,-14520,-14280,-13920,-13680,-13320,-13080,-12720,-12480,-12120,-11880,-11520,-11280,-10920,-10680,-10320,-10080,-9720,-9480,-9120,-8880,-8520,-8280,-7920,-7680,-7320,-7080,-6720,-6480,-6120,-5880,-5520,-5280,-4920,-4680,-4320,-4080,-3720,-3480,-3120,-2880,-2520,-2280,-1920,-1680,-1320,-1080,-720,-480,-120,120,480,720,1080,1320,1680,1920,2280,2520,2880,3120,3480,3720,4080,4320,4680,4920,5280,5520,5880,6120,6480,6720,7080,7320,7680,7920,8280,8520,8880,9120,9480,9720,10080,10320,10680,10920,11280,11520,11880,12120,12480,12720,13080,13320,13680,13920,14280,14520,14880,15120,15480,15720,16080,16320,16680,16920,17280,17520,17880,18120,18480,18720,19080,19320,19680,19920,20280,20520,20880,21120,21480,21720,22080,22320,22680,22920,23280,23520,23880,24120,24480,24720,25080,25320,25680,25920,26280,26520,26880,27120,27480,27720,28080,28320,28680,28920,29280,29520,29880,30120,30480,30720,31080,31320,31680,31920,32280,32520,32880,33120,33480,33720,34080,34320,34680,34920,35280,35520,35880,36120,36480,36720,37080,37320,37680,37920,38280,38520,38880,39120,39480,39720,40080,40320,40680,40920,41280,41520,41880,42120,42480,42720,43080,43320,43680,43920,44280,44520,44880,45120,45480,45720,46080,46320,46680,46920,47280,47520,47880,48120,48480,48720,49080,49320,49680,49920,50280,50520,50880,51120,51480,51720,52080,52320,52680,52920,53280,53520,53880,54120,54480,54720,55080,55320,55680,55920,56280,56520,56880,57120,57480,57720,58080],"sog":[11.8,12.3,11.9,11.9,12.1,12.1,11.9,11.8,11.7,12,11.6,11.8,12,11.9,12,11.9,11.7,12.4,11.6,12.5,11.7,12,12.1,11.9,11.3,12.1,11.8,12.2,12,11.4,12.2,11.9,11.7,12.1,12.3,11.7,11.6,11.9,11.8,11.9,12.2,12,12.3,12.3,12.2,11.7,11.3,12.2,11.7,12.1,12,12.2,11.9,12.3,11.9,12,11.8,12.2,12,12,11.9,11.5,12.3,12.2,11.7,11.8,12.5,11.7,12.2,12.4,12.5,12.2,11.9,11.8,12.1,11.9,11.9,12.1,11.8,12,12,12.1,12.5,11.6,11.9,11.9,11.9,12.4,12.1,12.1,12,11.5,12.1,12.2,11.7,12.1,11.7,12.1,12.1,11.9,12.1,11.9,12.3,12.1,12.7,12.3,12.2,11.7,12,12,11.8,12.2,12.2,12,12.4,11.9,11.8,12.1,12.2,12,11.7,12.2,12.4,11.9,11.6,12,12.1,12.6,12.2,12.1,11.9,11.9,11.3,12.3,12.1,12.6,12.1,11.9,11.7,11.9,12.3,11.9,11.9,11.6,12.1,11.6,11.9,12.4,12,12.2,11.4,11.5,11.7,12.1,12.1,12.4,12.5,11.6,11.9,12,12,11.8,12.1,11.6,11.8,12.7,11.9,12.6,11.8,11.2,12,11.7,12.2,11.8,12.3,12.1,11.8,12.3,11.7,11.7,11.9,11.9,12.2,12,12.5,12.8,12.5,12,12.3,12,11.7,12,12.4,12.1,11.9,12.3,11.7,12.3,11.6,11.8,12.2,11.7,12.4,11.7,11.8,12.3,12.2,11.8,11.9,12.3,11.2,12.1,12.1,12,11.7,12.4,12.7,12.7,12.4,12,12.1,11.3,12.2,12.3,11.9,12.2,11.8,11.9,11.8,12.5,11.9,11.7,11.9,11.9,11.9,12.1,12.3,12.4,12.3,12.1,11.6,11.7,12.3,11.3,12,11.9,12.2,12.3,11.7,12.1,12.1,11.9,12.1,11.8,12.1,12.2,11.8,11.9,11.9,12.2,11.7,12.8,11.8,11.6,12,12,12.5,12.1,11.5,12.1,11.9,11.8,12.3,11.7,11.4,12,12.2,12.2,12,11.5,12.3,11.8,11.8,12.2,11.7,12,12,11.5,12.3,12.1,11.8,11.5,11.6,11.4,12.4,12.3,11.7,12.1,11.9,12.3,11.7,12.2,11.9,11.6,12,12,12.3,11.9,12.5,12.1,12,12.4,11.7,12.4,12.5,11.7,11.9,12.1,12.1,11.9,11.6,12.2,11.8,12.1,12,12.1,11.9,11.9,11.7,11.9,11.9,11.9,11.7,12,12.4,11.6,11.7,12.1,11.7,11.9,11.9,11.4,11.8,12.1,12,11.8,11.8,12,11.7,12.3,12.3,12.1,12,12,11.9,11.8,12,12,12.1,12,11.5,11.9,11.6,12.1,12.2,11.9,11.6,12.1,12.1,12.8,12.3,12,12.3,12.1,11.8,12.2,11.9,12.5,12.4,11.1,12.3,12.3,12.5,11.6,12.2,11.6,12,12,12.3,11.9,11.9,11.8,12.3,12.2,11.5,11.8,11.8,12.1,11.6,12,12.3,11.9,12.2,11.8,12.1,12.1,11.9,12.8,12.1,12.3,12,12.1,12.2,11.5,11.9,12.3,12,12.4,12.2,11.8,12.3,11.9,12.4,12.4,12.4,11.9,11.6,12.1,11.5,12.4,11.9,12.2,12.5,12,12,12.2,12.7,12.2,11.8,12.1,12.3,11.6,12.3]}},{"type":"Feature","geometry":{"type":"LineString","coordinates":[[72.6948,17.0359],[72.6932,17.0361],[72.6886,17.0369],[72.6862,17.0357],[72.6806,17.0337],[72.6754,17.0338],[72.672,17.0338],[72.668,17.0331],[72.6664,17.0304],[72.6653,17.0285],[72.6619,17.0248],[72.6608,17.0229],[72.6647,17.0206],[72.6672,17.0195],[72.6712,17.0179],[72.675,17.017],[72.6782,17.0168],[72.6807,17.0151],[72.6836,17.0117],[72.6866,17.0098],[72.686,17.0068],[72.6844,17.0055],[72.6804,17.0041],[72.6783,17.002],[72.6741,17.0019],[72.6719,17.0016],[72.6694,17.0025],[72.6661,17.0019],[72.6621,17],[72.6588,17.0006],[72.6547,17.0009],[72.6532,17.0013],[72.6503,17.0043],[72.6493,17.0074],[72.6509,17.0104],[72.6508,17.0142],[72.6522,17.019],[72.653,17.0221],[72.6514,17.0246],[72.6498,17.025],[72.6461,17.0265],[72.6464,17.0299],[72.6469,17.0336],[72.6486,17.0359],[72.6507,17.0388],[72.6507,17.0428],[72.6507,17.0486],[72.652,17.0513],[72.656,17.0521],[72.6587,17.052],[72.6621,17.0525],[72.6648,17.0526],[72.669,17.0554],[72.6697,17.0559],[72.6735,17.0584],[72.673,17.0609],[72.6712,17.0648],[72.668,17.064],[72.6655,17.0622],[72.6636,17.0601],[72.6638,17.057],[72.6638,17.0558],[72.6617,17.0527],[72.6605,17.0502],[72.6607,17.0468],[72.6605,17.0447],[72.6586,17.0438],[72.6557,17.0428],[72.6544,17.041],[72.6538,17.0384],[72.6538,17.0337],[72.6547,17.0289],[72.6536,17.0246],[72.6531,17.0228],[72.651,17.0198],[72.6499,17.0172],[72.6466,17.0161],[72.6432,17.015],[72.6386,17.0136],[72.6367,17.0139],[72.6334,17.0166],[72.6325,17.0189],[72.6294,17.0222],[72.628,17.0234],[72.6267,17.0244],[72.6248,17.0245],[72.6196,17.0228],[72.6176,17.0208],[72.6144,17.0189],[72.612,17.0191],[72.6088,17.0213],[72.6095,17.023],[72.6117,17.0285],[72.6114,17.031],[72.6111,17.0345],[72.6101,17.0368],[72.6077,17.0388],[72.6054,17.0386],[72.5997,17.038],[72.5971,17.038],[72.5933,17.0372],[72.591,17.0361],[72.5879,17.0375],[72.5877,17.0379],[72.5858,17.0415],[72.584,17.0438],[72.5863,17.0484],[72.5892,17.0508],[72.5885,17.0548],[72.5874,17.0572],[72.5864,17.0612],[72.5863,17.0642],[72.585,17.0651],[72.5831,17.0631],[72.5798,17.0589],[72.5779,17.0566],[72.5797,17.052],[72.581,17.0508],[72.5823,17.0467],[72.5805,17.0452],[72.5776,17.0445],[72.5774,17.043],[72.5744,17.0414],[72.5709,17.0397],[72.5698,17.0357],[72.5695,17.033],[72.569,17.0293],[72.5685,17.0267],[72.5675,17.0235],[72.5674,17.0206],[72.5655,17.0176],[72.5663,17.0161],[72.5683,17.013],[72.5673,17.012],[72.564,17.0106],[72.5615,17.0103],[72.5581,17.0103],[72.5553,17.0101],[72.5538,17.0136],[72.5559,17.015],[72.5594,17.0191],[72.5599,17.0205],[72.5574,17.0236],[72.5567,17.0262],[72.5556,17.0312],[72.5568,17.0335],[72.5585,17.0358],[72.5613,17.0366],[72.5631,17.0393],[72.5633,17.0438],[72.5636,17.048],[72.5645,17.0499],[72.5695,17.0517],[72.5727,17.0518],[72.5774,17.0529],[72.5792,17.0547],[72.5807,17.0581],[72.5791,17.0603],[72.5781,17.0632],[72.5791,17.0675],[72.5788,17.072],[72.5784,17.0752],[72.5774,17.0791],[72.5786,17.0824],[72.5825,17.0844],[72.585,17.0856],[72.5883,17.0876],[72.5927,17.0883],[72.596,17.0888],[72.5977,17.0883],[72.6011,17.0858],[72.6038,17.0856],[72.6081,17.0828],[72.6088,17.0813],[72.6118,17.0775],[72.6135,17.0756],[72.6174,17.0747],[72.6203,17.076],[72.6232,17.0794],[72.6263,17.0816],[72.6251,17.0854],[72.6222,17.0873],[72.6179,17.0854],[72.615,17.0857],[72.6105,17.0836],[72.6088,17.0822],[72.6043,17.0814],[72.6022,17.0795],[72.5979,17.079],[72.5949,17.0779],[72.5947,17.0764],[72.5939,17.0747],[72.5917,17.0693],[72.5928,17.0662],[72.5947,17.0627],[72.5961,17.0616],[72.5994,17.0605],[72.6012,17.0595],[72.6051,17.0598],[72.6075,17.0607],[72.6086,17.0642],[72.608,17.0684],[72.6096,17.0721],[72.6113,17.075],[72.6115,17.0777],[72.6103,17.0803],[72.607,17.0829],[72.6054,17.0858],[72.6075,17.0892],[72.6075,17.0917],[72.6041,17.0946],[72.6011,17.0948],[72.5955,17.095],[72.593,17.0948],[72.5896,17.0938],[72.5872,17.0917],[72.5851,17.0885],[72.5833,17.0879],[72.5811,17.0859],[72.5767,17.0875],[72.5779,17.0909],[72.5803,17.0928],[72.5793,17.0959],[72.5778,17.0958],[72.5745,17.0958],[72.573,17.0965],[72.5724,17.0998],[72.5739,17.1035],[72.5755,17.1082],[72.5765,17.1121],[72.5793,17.1158],[72.581,17.1176],[72.5809,17.121],[72.5832,17.1236],[72.5873,17.1224],[72.5898,17.1208],[72.5904,17.1167],[72.5885,17.1146],[72.5858,17.1114],[72.583,17.1098],[72.5767,17.1073],[72.5749,17.1064],[72.5719,17.1042],[72.5707,17.1019],[72.5698,17.0975],[72.5703,17.0945],[72.5708,17.0901],[72.5725,17.0884],[72.5765,17.0873],[72.578,17.0849],[72.5776,17.0813],[72.5775,17.0795],[72.5752,17.0759],[72.5731,17.0739],[72.5693,17.0724],[72.5654,17.072],[72.5611,17.0747],[72.5596,17.0769],[72.5555,17.078],[72.5543,17.0812],[72.5518,17.0853],[72.5517,17.0878],[72.554,17.0904],[72.5568,17.0921],[72.5591,17.09],[72.5614,17.0873],[72.565,17.085],[72.5677,17.0855],[72.5708,17.0833],[72.5714,17.0807],[72.5688,17.077],[72.5689,17.0752],[72.5696,17.0694],[72.5705,17.0683],[72.5735,17.0665],[72.575,17.0681],[72.5776,17.0694],[72.5811,17.0701],[72.5843,17.0734],[72.5863,17.0748],[72.5895,17.0777],[72.5904,17.0806],[72.5912,17.0833],[72.5924,17.0842],[72.5959,17.0869],[72.5963,17.0904],[72.5954,17.0935],[72.5957,17.0971],[72.594,17.0995],[72.5903,17.0998],[72.5861,17.101],[72.5836,17.1017],[72.5821,17.1061],[72.5818,17.1091],[72.5788,17.1113],[72.5765,17.1112],[72.575,17.1124],[72.5746,17.1156],[72.573,17.1191],[72.5727,17.1208],[72.5751,17.1234],[72.5778,17.1237],[72.5833,17.1221],[72.5863,17.1205],[72.5887,17.1194],[72.5934,17.1207],[72.5975,17.1219],[72.5995,17.1219],[72.6009,17.1175],[72.6023,17.1147],[72.6018,17.1103],[72.6044,17.1085],[72.6073,17.1042],[72.61,17.1037],[72.6151,17.1075],[72.6167,17.1073],[72.62,17.1067],[72.6213,17.1051],[72.6232,17.1011],[72.6262,17.0992],[72.6289,17.0975],[72.6299,17.0964],[72.631,17.0929],[72.6302,17.0915],[72.6269,17.09],[72.6263,17.0885],[72.6269,17.0857],[72.6285,17.0824],[72.6268,17.0789],[72.6251,17.0779],[72.6226,17.075],[72.6189,17.0744],[72.6156,17.0758],[72.6131,17.078],[72.6103,17.0801],[72.6094,17.0819],[72.6053,17.085],[72.6039,17.0873],[72.6045,17.0924],[72.6012,17.0935],[72.5993,17.0971],[72.5971,17.0997],[72.594,17.1029],[72.592,17.1035],[72.59,17.1043],[72.5877,17.1051],[72.5822,17.1091],[72.5801,17.1114],[72.5752,17.1136],[72.5724,17.1135],[72.5696,17.1161],[72.57,17.1198],[72.5682,17.122],[72.5645,17.1225],[72.5605,17.1238],[72.5593,17.1253],[72.5554,17.1257],[72.5528,17.1264],[72.55,17.1276],[72.5475,17.1296],[72.5494,17.1319],[72.5535,17.1341],[72.5572,17.1337],[72.5603,17.1341],[72.565,17.1345],[72.5682,17.1357],[72.5713,17.1395],[72.5714,17.1406],[72.5714,17.143],[72.5706,17.1459],[72.567,17.1504],[72.5656,17.1514],[72.5631,17.1549],[72.562,17.1564],[72.5603,17.16],[72.5589,17.1622],[72.5567,17.1663],[72.5545,17.1688],[72.55,17.1694],[72.5461,17.1688],[72.5432,17.1667],[72.5413,17.1633],[72.5448,17.1597],[72.5434,17.1573],[72.54,17.1561],[72.5363,17.1556],[72.5337,17.1542],[72.5314,17.1567],[72.5322,17.1594],[72.5321,17.1623],[72.5297,17.1661],[72.5314,17.1679],[72.5301,17.171],[72.5292,17.173],[72.5281,17.1772],[72.526,17.1803],[72.5269,17.1826],[72.5286,17.1847],[72.5307,17.1837],[72.5325,17.1815],[72.5342,17.1781],[72.5362,17.1753],[72.538,17.1729],[72.5395,17.1703],[72.5398,17.1675],[72.5399,17.1634],[72.5425,17.1609],[72.5445,17.159],[72.5475,17.1578],[72.5523,17.156],[72.5551,17.1553],[72.5557,17.1557],[72.5599,17.1527],[72.5623,17.1514],[72.5675,17.1521],[72.5692,17.1541],[72.5711,17.1562],[72.5736,17.1559],[72.5757,17.1517],[72.5759,17.1506],[72.5757,17.1459],[72.574,17.1446],[72.5736,17.1396],[72.5745,17.1371],[72.5741,17.1321],[72.5748,17.1297],[72.5791,17.1276],[72.5818,17.1299],[72.5861,17.1291],[72.5863,17.125],[72.5827,17.1236],[72.5802,17.1249],[72.5753,17.127],[72.5732,17.1284],[72.5699,17.1291],[72.5679,17.1302],[72.5675,17.1327],[72.5677,17.136],[72.5689,17.1404],[72.5705,17.1424],[72.5702,17.145],[72.5682,17.1472],[72.5666,17.1494],[72.5656,17.1522],[72.5629,17.1542],[72.5593,17.1554],[72.5562,17.1558],[72.5544,17.1573],[72.5504,17.1561],[72.5475,17.1537],[72.5459,17.1504],[72.545,17.1473],[72.5443,17.1445],[72.5445,17.1426],[72.541,17.1394],[72.5381,17.1386],[72.5389,17.1411],[72.539,17.1435],[72.541,17.1455],[72.5437,17.1455],[72.5477,17.145],[72.5477,17.1437],[72.547,17.1388],[72.5457,17.1374],[72.5428,17.135],[72.5424,17.1337],[72.5382,17.1323],[72.5357,17.1337],[72.5313,17.1351],[72.5296,17.1346],[72.5278,17.1319],[72.5273,17.1294],[72.5241,17.1249],[72.5242,17.1211],[72.5228,17.1155],[72.5223,17.1135],[72.5213,17.1091],[72.5193,17.109],[72.516,17.1063],[72.5137,17.1067],[72.509,17.1053],[72.5062,17.1043],[72.5029,17.101],[72.5,17.1016],[72.4955,17.1029],[72.4938,17.1052],[72.4914,17.1094],[72.4895,17.1099],[72.4881,17.1096],[72.4865,17.1096],[72.4842,17.1088],[72.4817,17.1071],[72.481,17.104],[72.4793,17.103],[72.4776,17.1003],[72.4735,17.0999],[72.471,17.0998],[72.4685,17.0979],[72.4667,17.0944],[72.4665,17.0931],[72.4638,17.0901],[72.4623,17.0875],[72.4578,17.086],[72.4551,17.0872],[72.4518,17.0898],[72.4506,17.0905],[72.4471,17.0938],[72.4477,17.0956],[72.4516,17.0986],[72.4548,17.0986],[72.4576,17.1006],[72.4603,17.1024],[72.4635,17.1021],[72.4666,17.1016],[72.47,17.1007],[72.4728,17.1006],[72.4754,17.1021],[72.4787,17.1044],[72.4819,17.1037],[72.4844,17.1009],[72.4867,17.0975],[72.4877,17.0954],[72.4867,17.092],[72.4847,17.089],[72.4827,17.085],[72.4808,17.0823],[72.4812,17.0775],[72.4831,17.0753],[72.4854,17.0713],[72.486,17.0675],[72.4863,17.0634],[72.4873,17.0616],[72.4846,17.0573],[72.4816,17.057],[72.4806,17.0535],[72.4788,17.052],[72.4743,17.0513],[72.4712,17.0532],[72.4683,17.0557],[72.4657,17.057],[72.4622,17.0544],[72.4603,17.053],[72.458,17.05],[72.4561,17.0485],[72.4529,17.0461],[72.4498,17.0453],[72.4455,17.0444],[72.4439,17.0433],[72.4402,17.043],[72.4364,17.0415],[72.4319,17.0395],[72.4301,17.0384],[72.4235,17.0372],[72.4209,17.0373],[72.4163,17.0381],[72.4155,17.0386],[72.4113,17.0412],[72.4088,17.0431],[72.4073,17.0448],[72.4049,17.0468],[72.4041,17.0505],[72.4026,17.0524],[72.4021,17.0561],[72.4049,17.0586],[72.4073,17.0596],[72.408,17.062],[72.411,17.0652],[72.4123,17.0656],[72.4171,17.0609],[72.4178,17.0583],[72.4207,17.0542],[72.423,17.0552],[72.426,17.0561],[72.4282,17.0549],[72.4289,17.0524],[72.4278,17.0504],[72.4234,17.0477],[72.4205,17.0458],[72.4187,17.0431],[72.4171,17.0411],[72.4118,17.0372],[72.4106,17.0378],[72.4077,17.0417],[72.406,17.045],[72.4058,17.0479],[72.4049,17.0506],[72.4045,17.0563],[72.4072,17.0589],[72.4113,17.0563],[72.4113,17.0538],[72.4098,17.0514],[72.4086,17.0501],[72.4049,17.0454],[72.4021,17.0441],[72.4015,17.0424],[72.3992,17.0392],[72.3977,17.0348],[72.3987,17.032],[72.4036,17.0289],[72.4024,17.027],[72.4016,17.0234],[72.4,17.0202],[72.3958,17.0194],[72.3949,17.0188],[72.3913,17.0176],[72.3885,17.017],[72.3855,17.0211],[72.3853,17.0239],[72.3886,17.0265],[72.389,17.0284],[72.3861,17.0325],[72.3853,17.035],[72.382,17.0377],[72.378,17.0369],[72.3743,17.0368],[72.3713,17.0352],[72.3664,17.0342],[72.3631,17.0358],[72.3588,17.0352],[72.3571,17.0331],[72.3536,17.0301],[72.3536,17.0278],[72.3536,17.0243],[72.3495,17.0246],[72.346,17.024],[72.3424,17.0239],[72.3393,17.0247],[72.3362,17.024],[72.3317,17.0231],[72.3294,17.0249],[72.3291,17.0285],[72.3263,17.0289],[72.3219,17.0261],[72.3209,17.0249],[72.3163,17.0253],[72.3149,17.0263],[72.3112,17.0269],[72.3101,17.0266],[72.306,17.0276],[72.3034,17.0286],[72.2984,17.0279],[72.2966,17.0277],[72.2938,17.0306],[72.2922,17.0345],[72.2946,17.0374],[72.2978,17.0395],[72.3009,17.04],[72.3024,17.0415],[72.3068,17.0431],[72.3097,17.0443],[72.3137,17.0466],[72.3174,17.0478],[72.3222,17.0515],[72.3245,17.0528],[72.3276,17.0539],[72.3309,17.0531],[72.3335,17.0502],[72.3343,17.0488],[72.3369,17.0458],[72.3392,17.045],[72.3413,17.0414],[72.3398,17.0397],[72.3372,17.0371],[72.3372,17.035],[72.3357,17.0301],[72.3376,17.0274],[72.3422,17.0252],[72.3458,17.0236],[72.3487,17.0269],[72.348,17.0303],[72.3501,17.0353],[72.3508,17.0377],[72.3503,17.0428],[72.3516,17.045],[72.354,17.0473],[72.3557,17.049],[72.3589,17.0464],[72.3597,17.0449],[72.3631,17.0414],[72.3661,17.0394],[72.3709,17.035],[72.3713,17.0323],[72.3704,17.0295],[72.37,17.0277],[72.3696,17.0241],[72.3692,17.0212],[72.369,17.0162],[72.3673,17.0127],[72.3646,17.0098],[72.362,17.0085],[72.3582,17.0061],[72.3545,17.0064],[72.3504,17.0088],[72.3497,17.01],[72.3487,17.0136],[72.3471,17.0164],[72.3482,17.0189],[72.3508,17.0208],[72.3555,17.0244],[72.357,17.0251],[72.3583,17.0276],[72.36,17.0287],[72.3629,17.0314],[72.367,17.0311],[72.3708,17.0323],[72.3733,17.0333],[72.3782,17.0329],[72.3814,17.0315],[72.3831,17.0289],[72.3863,17.0277],[72.3875,17.0249],[72.3898,17.0269],[72.3868,17.0295],[72.3844,17.031],[72.3814,17.0353],[72.3783,17.0371],[72.3747,17.0391],[72.3719,17.0418],[72.37,17.0455],[72.3692,17.0463],[72.3706,17.0491],[72.3708,17.0515],[72.3741,17.0557],[72.3755,17.057],[72.3803,17.0558],[72.3814,17.0544],[72.386,17.0549],[72.3876,17.0578],[72.3918,17.0605],[72.394,17.062],[72.3954,17.0618],[72.3983,17.0616],[72.4039,17.0613],[72.4062,17.0601],[72.4083,17.0568],[72.41,17.0582],[72.4135,17.0586],[72.4149,17.06],[72.4199,17.0627],[72.4208,17.0649],[72.4203,17.0696],[72.4188,17.0713],[72.4154,17.0741],[72.4149,17.0775],[72.4151,17.0795],[72.4152,17.0829],[72.4115,17.0859],[72.4083,17.0854],[72.4046,17.0863],[72.4022,17.0857],[72.3988,17.0819],[72.394,17.0818],[72.3913,17.0846],[72.3919,17.0871],[72.39,17.089],[72.3882,17.0896],[72.3866,17.0875],[72.387,17.0846],[72.3911,17.0814],[72.3932,17.0827],[72.3962,17.0873],[72.3973,17.0891],[72.3996,17.0938],[72.4002,17.0968],[72.4027,17.1],[72.406,17.1],[72.4097,17.0968],[72.4121,17.0942],[72.4169,17.0935],[72.4185,17.0915],[72.4225,17.0923],[72.4245,17.0916],[72.4264,17.0873],[72.4276,17.0832],[72.4236,17.08],[72.4218,17.0791],[72.4181,17.0779],[72.4163,17.0763],[72.4154,17.0721],[72.4179,17.0693],[72.4155,17.065],[72.4143,17.063],[72.4124,17.058],[72.4118,17.0545],[72.4087,17.0518],[72.4081,17.0474],[72.4089,17.0438],[72.4116,17.0434],[72.4141,17.0433],[72.4175,17.0439],[72.4202,17.0456],[72.4217,17.0475],[72.4214,17.0517],[72.4216,17.0558],[72.42,17.0602],[72.4185,17.0623],[72.4182,17.0649],[72.419,17.0673],[72.4222,17.068],[72.4247,17.0661],[72.4291,17.0659],[72.4307,17.0629],[72.4367,17.0628],[72.4399,17.0635],[72.4435,17.0674],[72.4442,17.0699],[72.448,17.0734],[72.4488,17.075],[72.4538,17.0783],[72.4552,17.079],[72.4584,17.0763],[72.4619,17.0766],[72.4621,17.0798],[72.4602,17.0811],[72.4552,17.083],[72.4536,17.0828],[72.451,17.0814],[72.4506,17.0791],[72.4521,17.0771],[72.4535,17.0761],[72.4565,17.0742],[72.457,17.0712],[72.4586,17.0695],[72.4612,17.0699],[72.466,17.0718],[72.469,17.0705],[72.472,17.0671],[72.4706,17.0658],[72.4675,17.0654],[72.4643,17.066],[72.4618,17.0668],[72.4609,17.0666],[72.4558,17.0649],[72.4525,17.0636],[72.4502,17.0625],[72.4465,17.061],[72.4411,17.0605],[72.4403,17.06],[72.4372,17.0571],[72.4341,17.0557],[72.4326,17.0536],[72.4346,17.0521],[72.4355,17.0478],[72.436,17.0442],[72.4354,17.0393],[72.4329,17.039],[72.4301,17.0412],[72.4281,17.0437],[72.429,17.0458],[72.4313,17.0471],[72.435,17.048],[72.4383,17.0491],[72.4404,17.0526],[72.4413,17.0555],[72.4445,17.0595],[72.4455,17.0616],[72.4447,17.0661],[72.4412,17.0666],[72.4404,17.0691],[72.443,17.0703],[72.4465,17.0712],[72.4503,17.0736],[72.4512,17.075],[72.4519,17.078],[72.4487,17.081],[72.4461,17.08],[72.442,17.0791],[72.4405,17.076],[72.4391,17.0714],[72.4393,17.0689],[72.4435,17.0672],[72.4457,17.0688],[72.4473,17.0679],[72.4506,17.0683],[72.4532,17.0693],[72.456,17.0713],[72.4594,17.0749],[72.4605,17.0755],[72.4623,17.0714],[72.4634,17.069],[72.4627,17.064],[72.4618,17.0615],[72.4619,17.0589],[72.4632,17.0559],[72.4649,17.0532],[72.4652,17.0515],[72.4682,17.0489],[72.4699,17.0472],[72.4716,17.0461],[72.4724,17.0443],[72.475,17.0372],[72.4746,17.0361],[72.4723,17.0321],[72.4707,17.0305],[72.4674,17.0278],[72.4671,17.0251],[72.4672,17.0219],[72.4693,17.0218],[72.4741,17.0207],[72.4765,17.0239],[72.476,17.0276],[72.4739,17.0281],[72.4715,17.029],[72.4693,17.0299],[72.4664,17.0331],[72.4629,17.0341],[72.459,17.0337],[72.4577,17.0363],[72.4551,17.0375],[72.4526,17.0392],[72.4502,17.0411],[72.4485,17.0441],[72.4448,17.0446],[72.4425,17.0465],[72.4395,17.05],[72.4389,17.0514],[72.4384,17.0558],[72.4354,17.0585],[72.4328,17.0616],[72.4342,17.0635],[72.4362,17.0671],[72.4359,17.0709],[72.4357,17.0754],[72.435,17.0783],[72.4336,17.0808],[72.4321,17.0819],[72.4287,17.0847],[72.4273,17.0863],[72.4253,17.0871],[72.424,17.0863],[72.4222,17.0824],[72.4232,17.0795],[72.4253,17.0769],[72.4267,17.0762],[72.43,17.0763],[72.4317,17.077],[72.4352,17.0774],[72.4383,17.0764],[72.4422,17.0744],[72.4445,17.0747],[72.4482,17.0751],[72.4505,17.0771],[72.4541,17.0786],[72.4575,17.0799],[72.4615,17.0783],[72.4648,17.0769],[72.4698,17.0767],[72.4708,17.0774],[72.4747,17.0749],[72.4772,17.0713],[72.4796,17.0686],[72.4838,17.0679],[72.4877,17.0666],[72.4918,17.065],[72.4943,17.0621],[72.4955,17.0594],[72.4978,17.0561],[72.4983,17.0531],[72.4987,17.0489],[72.5009,17.0489],[72.5052,17.0505],[72.5088,17.0506],[72.5134,17.0542],[72.5168,17.0549],[72.5203,17.0586],[72.5237,17.0589],[72.5284,17.0565],[72.5293,17.0542],[72.5322,17.0491],[72.5338,17.0474],[72.536,17.0452],[72.5385,17.0424],[72.5409,17.0396],[72.541,17.0373],[72.5425,17.0325],[72.5465,17.0316],[72.5496,17.0361],[72.5506,17.0381],[72.5547,17.0407],[72.5546,17.0426],[72.5511,17.0461],[72.5509,17.0505],[72.5502,17.0529],[72.5502,17.0554],[72.5448,17.0591],[72.5431,17.0613],[72.5409,17.0654],[72.5399,17.068],[72.5418,17.0715],[72.5424,17.0736],[72.5416,17.0784],[72.5405,17.0801],[72.5356,17.0807],[72.5328,17.0826],[72.5267,17.0827],[72.5231,17.0833],[72.5205,17.0844],[72.518,17.0852],[72.5124,17.0823],[72.5122,17.0808],[72.5065,17.0781],[72.505,17.0785],[72.4998,17.0789],[72.4982,17.0783],[72.4956,17.0746],[72.4963,17.0732],[72.4983,17.0677],[72.4997,17.0665],[72.5058,17.0662],[72.5079,17.0667],[72.5136,17.067],[72.5157,17.0685],[72.5171,17.0702],[72.5187,17.0727],[72.5215,17.0734],[72.5255,17.0719],[72.5314,17.0708],[72.5348,17.0695],[72.5399,17.0686],[72.5439,17.0671],[72.5486,17.0657],[72.5515,17.0632],[72.5551,17.0602],[72.5574,17.0602],[72.5603,17.0615],[72.5601,17.0638],[72.5619,17.067],[72.565,17.0681],[72.5687,17.0715],[72.5698,17.0739],[72.569,17.0771],[72.5687,17.08],[72.5688,17.0849],[72.5703,17.0882],[72.5718,17.0912],[72.5706,17.0938],[72.5709,17.0976],[72.5739,17.0996],[72.5785,17.0982],[72.5817,17.0972],[72.5848,17.093],[72.5854,17.0914],[72.5852,17.0893],[72.5819,17.0854],[72.5789,17.0844],[72.5779,17.0829],[72.5792,17.0764],[72.5818,17.074],[72.5827,17.0709],[72.5821,17.0682],[72.58,17.0638],[72.5783,17.0618],[72.5756,17.0574],[72.5767,17.0529],[72.5756,17.0497],[72.5746,17.0469],[72.5708,17.0451],[72.5684,17.0444],[72.5667,17.0427],[72.5681,17.0393],[72.5685,17.036],[72.5676,17.0327],[72.5708,17.0266],[72.5736,17.025],[72.576,17.0236],[72.5782,17.0214],[72.5782,17.0177],[72.5776,17.0162],[72.5801,17.0124],[72.581,17.0104],[72.5778,17.0083],[72.5737,17.0085],[72.571,17.0114],[72.5701,17.0151],[72.5659,17.018],[72.5658,17.0197],[72.5635,17.0251],[72.5637,17.0279],[72.566,17.0315],[72.569,17.0339],[72.5744,17.0319],[72.5769,17.0296],[72.5743,17.0256],[72.5735,17.0231],[72.5768,17.0206],[72.5791,17.0204],[72.5819,17.0189],[72.5836,17.0177],[72.5861,17.0148],[72.5874,17.0113],[72.588,17.0078],[72.5874,17.0051],[72.5877,17.0021],[72.5864,16.9989],[72.5822,16.9997],[72.578,17.0004],[72.5746,17.0026],[72.5742,17.0049],[72.5741,17.0075],[72.5756,17.0098],[72.5756,17.0149],[72.5752,17.0182],[72.5764,17.0222],[72.5749,17.0242],[72.5741,17.0269],[72.5729,17.0287],[72.5725,17.034],[72.5702,17.0354],[72.5668,17.0368],[72.5663,17.0392],[72.5677,17.0409],[72.5696,17.0434],[72.5746,17.0446],[72.5763,17.045],[72.5797,17.0469],[72.5827,17.0463],[72.586,17.047],[72.5885,17.0469],[72.5924,17.0496],[72.5939,17.0526],[72.5955,17.0536],[72.5977,17.0562],[72.6006,17.0584],[72.6013,17.0597],[72.6026,17.0618],[72.605,17.062],[72.6084,17.0638],[72.6106,17.0659],[72.6093,17.0702],[72.6072,17.0717],[72.6055,17.0752],[72.6052,17.0779],[72.6069,17.0816],[72.609,17.0814],[72.6137,17.0823],[72.6173,17.0849],[72.6186,17.0889],[72.6183,17.0922],[72.6184,17.0965],[72.6172,17.0982],[72.6158,17.1013],[72.6143,17.1023],[72.6127,17.1048],[72.6122,17.1074],[72.6101,17.1111],[72.6103,17.1134],[72.6121,17.1157],[72.6149,17.1186],[72.6185,17.1187],[72.6218,17.1172],[72.6265,17.1172],[72.6293,17.1185],[72.6342,17.1192]]},"properties":{"mmsi":995042255,"name":"Fishing 2255","role":"background","vessel_type":30,"synthetic":true,"t_offset_s":[-259200,-259080,-258720,-258480,-258120,-257880,-257520,-257280,-256920,-256680,-256320,-256080,-255720,-255480,-255120,-254880,-254520,-254280,-253920,-253680,-253320,-253080,-252720,-252480,-252120,-251880,-251520,-251280,-250920,-250680,-250320,-250080,-249720,-249480,-249120,-248880,-248520,-248280,-247920,-247680,-247320,-247080,-246720,-246480,-246120,-245880,-245520,-245280,-244920,-244680,-244320,-244080,-243720,-243480,-243120,-242880,-242520,-242280,-241920,-241680,-241320,-241080,-240720,-240480,-240120,-239880,-239520,-239280,-238920,-238680,-238320,-238080,-237720,-237480,-237120,-236880,-236520,-236280,-235920,-235680,-235320,-235080,-234720,-234480,-234120,-233880,-233520,-233280,-232920,-232680,-232320,-232080,-231720,-231480,-231120,-230880,-230520,-230280,-229920,-229680,-229320,-229080,-228720,-228480,-228120,-227880,-227520,-227280,-226920,-226680,-226320,-226080,-225720,-225480,-225120,-224880,-224520,-224280,-223920,-223680,-223320,-223080,-222720,-222480,-222120,-221880,-221520,-221280,-220920,-220680,-220320,-220080,-219720,-219480,-219120,-218880,-218520,-218280,-217920,-217680,-217320,-217080,-216720,-216480,-216120,-215880,-215520,-215280,-214920,-214680,-214320,-214080,-213720,-213480,-213120,-212880,-212520,-212280,-211920,-211680,-211320,-211080,-210720,-210480,-210120,-209880,-209520,-209280,-208920,-208680,-208320,-208080,-207720,-207480,-207120,-206880,-206520,-206280,-205920,-205680,-205320,-205080,-204720,-204480,-204120,-203880,-203520,-203280,-202920,-202680,-202320,-202080,-201720,-201480,-201120,-200880,-200520,-200280,-199920,-199680,-199320,-199080,-198720,-198480,-198120,-197880,-197520,-197280,-196920,-196680,-196320,-196080,-195720,-195480,-195120,-194880,-194520,-194280,-193920,-193680,-193320,-193080,-192720,-192480,-192120,-191880,-191520,-191280,-190920,-190680,-190320,-190080,-189720,-189480,-189120,-188880,-188520,-188280,-187920,-187680,-187320,-187080,-186720,-186480,-186120,-185880,-185520,-185280,-184920,-184680,-184320,-184080,-183720,-183480,-183120,-182880,-182520,-182280,-181920,-181680,-181320,-181080,-180720,-180480,-180120,-179880,-179520,-179280,-178920,-178680,-178320,-178080,-177720,-177480,-177120,-176880,-176520,-176280,-175920,-175680,-175320,-175080,-174720,-174480,-174120,-173880,-173520,-173280,-172920,-172680,-172320,-172080,-171720,-171480,-171120,-170880,-170520,-170280,-169920,-169680,-169320,-169080,-168720,-168480,-168120,-167880,-167520,-167280,-166920,-166680,-166320,-166080,-165720,-165480,-165120,-164880,-164520,-164280,-163920,-163680,-163320,-163080,-162720,-162480,-162120,-161880,-161520,-161280,-160920,-160680,-160320,-160080,-159720,-159480,-159120,-158880,-158520,-158280,-157920,-157680,-157320,-157080,-156720,-156480,-156120,-155880,-155520,-155280,-154920,-154680,-154320,-154080,-153720,-153480,-153120,-152880,-152520,-152280,-151920,-151680,-151320,-151080,-150720,-150480,-150120,-149880,-149520,-149280,-148920,-148680,-148320,-148080,-147720,-147480,-147120,-146880,-146520,-146280,-145920,-145680,-145320,-145080,-144720,-144480,-144120,-143880,-143520,-143280,-142920,-142680,-142320,-142080,-141720,-141480,-141120,-140880,-140520,-140280,-139920,-139680,-139320,-139080,-138720,-138480,-138120,-137880,-137520,-137280,-136920,-136680,-136320,-136080,-135720,-135480,-135120,-134880,-134520,-134280,-133920,-133680,-133320,-133080,-132720,-132480,-132120,-131880,-131520,-131280,-130920,-130680,-130320,-130080,-129720,-129480,-129120,-128880,-128520,-128280,-127920,-127680,-127320,-127080,-126720,-126480,-126120,-125880,-125520,-125280,-124920,-124680,-124320,-124080,-123720,-123480,-123120,-122880,-122520,-122280,-121920,-121680,-121320,-121080,-120720,-120480,-120120,-119880,-119520,-119280,-118920,-118680,-118320,-118080,-117720,-117480,-117120,-116880,-116520,-116280,-115920,-115680,-115320,-115080,-114720,-114480,-114120,-113880,-113520,-113280,-112920,-112680,-112320,-112080,-111720,-111480,-111120,-110880,-110520,-110280,-109920,-109680,-109320,-109080,-108720,-108480,-108120,-107880,-107520,-107280,-106920,-106680,-106320,-106080,-105720,-105480,-105120,-104880,-104520,-104280,-103920,-103680,-103320,-103080,-102720,-102480,-102120,-101880,-101520,-101280,-100920,-100680,-100320,-100080,-99720,-99480,-99120,-98880,-98520,-98280,-97920,-97680,-97320,-97080,-96720,-96480,-96120,-95880,-95520,-95280,-94920,-94680,-94320,-94080,-93720,-93480,-93120,-92880,-92520,-92280,-91920,-91680,-91320,-91080,-90720,-90480,-90120,-89880,-89520,-89280,-88920,-88680,-88320,-88080,-87720,-87480,-87120,-86880,-86520,-86280,-85920,-85680,-85320,-85080,-84720,-84480,-84120,-83880,-83520,-83280,-82920,-82680,-82320,-82080,-81720,-81480,-81120,-80880,-80520,-80280,-79920,-79680,-79320,-79080,-78720,-78480,-78120,-77880,-77520,-77280,-76920,-76680,-76320,-76080,-75720,-75480,-75120,-74880,-74520,-74280,-73920,-73680,-73320,-73080,-72720,-72480,-72120,-71880,-71520,-71280,-70920,-70680,-70320,-70080,-69720,-69480,-69120,-68880,-68520,-68280,-67920,-67680,-67320,-67080,-66720,-66480,-66120,-65880,-65520,-65280,-64920,-64680,-64320,-64080,-63720,-63480,-63120,-62880,-62520,-62280,-61920,-61680,-61320,-61080,-60720,-60480,-60120,-59880,-59520,-59280,-58920,-58680,-58320,-58080,-57720,-57480,-57120,-56880,-56520,-56280,-55920,-55680,-55320,-55080,-54720,-54480,-54120,-53880,-53520,-53280,-52920,-52680,-52320,-52080,-51720,-51480,-51120,-50880,-50520,-50280,-49920,-49680,-49320,-49080,-48720,-48480,-48120,-47880,-47520,-47280,-46920,-46680,-46320,-46080,-45720,-45480,-45120,-44880,-44520,-44280,-43920,-43680,-43320,-43080,-42720,-42480,-42120,-41880,-41520,-41280,-40920,-40680,-40320,-40080,-39720,-39480,-39120,-38880,-38520,-38280,-37920,-37680,-37320,-37080,-36720,-36480,-36120,-35880,-35520,-35280,-34920,-34680,-34320,-34080,-33720,-33480,-33120,-32880,-32520,-32280,-31920,-31680,-31320,-31080,-30720,-30480,-30120,-29880,-29520,-29280,-28920,-28680,-28320,-28080,-27720,-27480,-27120,-26880,-26520,-26280,-25920,-25680,-25320,-25080,-24720,-24480,-24120,-23880,-23520,-23280,-22920,-22680,-22320,-22080,-21720,-21480,-21120,-20880,-20520,-20280,-19920,-19680,-19320,-19080,-18720,-18480,-18120,-17880,-17520,-17280,-16920,-16680,-16320,-16080,-15720,-15480,-15120,-14880,-14520,-14280,-13920,-13680,-13320,-13080,-12720,-12480,-12120,-11880,-11520,-11280,-10920,-10680,-10320,-10080,-9720,-9480,-9120,-8880,-8520,-8280,-7920,-7680,-7320,-7080,-6720,-6480,-6120,-5880,-5520,-5280,-4920,-4680,-4320,-4080,-3720,-3480,-3120,-2880,-2520,-2280,-1920,-1680,-1320,-1080,-720,-480,-120,120,480,720,1080,1320,1680,1920,2280,2520,2880,3120,3480,3720,4080,4320,4680,4920,5280,5520,5880,6120,6480,6720,7080,7320,7680,7920,8280,8520,8880,9120,9480,9720,10080,10320,10680,10920,11280,11520,11880,12120,12480,12720,13080,13320,13680,13920,14280,14520,14880,15120,15480,15720,16080,16320,16680,16920,17280,17520,17880,18120,18480,18720,19080,19320,19680,19920,20280,20520,20880,21120,21480,21720,22080,22320,22680,22920,23280,23520,23880,24120,24480,24720,25080,25320,25680,25920,26280,26520,26880,27120,27480,27720,28080,28320,28680,28920,29280,29520,29880,30120,30480,30720,31080,31320,31680,31920,32280,32520,32880,33120,33480,33720,34080,34320,34680,34920,35280,35520,35880,36120,36480,36720,37080,37320,37680,37920,38280,38520,38880,39120,39480,39720,40080,40320,40680,40920,41280,41520,41880,42120,42480,42720,43080,43320,43680,43920,44280,44520,44880,45120,45480,45720,46080,46320,46680,46920,47280,47520,47880,48120,48480,48720,49080,49320,49680,49920,50280,50520,50880,51120,51480,51720,52080,52320,52680,52920,53280,53520,53880,54120,54480,54720,55080,55320,55680,55920,56280,56520,56880,57120,57480,57720,58080,58320,58680,58920,59280,59520,59880,60120,60480,60720,61080,61320,61680,61920,62280,62520,62880,63120,63480,63720,64080,64320,64680,64920,65280,65520,65880,66120,66480,66720,67080,67320,67680,67920,68280,68520,68880,69120,69480,69720,70080,70320,70680,70920,71280,71520,71880,72120,72480,72720,73080,73320,73680,73920,74280,74520,74880,75120,75480,75720,76080,76320,76680,76920,77280,77520,77880,78120,78480,78720,79080,79320,79680,79920,80280,80520,80880,81120,81480,81720,82080,82320,82680,82920,83280,83520,83880,84120,84480,84720,85080,85320,85680,85920,86280],"sog":[4.3,3.1,2.4,2.2,4.3,5.1,1.3,4.1,3,2.1,3.4,1.4,2,2.6,2.9,3.6,2.8,3.7,2.3,2.9,2.2,1.9,1.7,2.6,2.9,2.1,1.3,3.8,1.2,2.5,2,0.3,2.3,2.6,1.4,3.5,3.5,3.8,0.8,0.8,3.5,2.6,2.5,3.1,1.7,2.9,2,1.9,3.8,2.1,2.6,1.9,2.5,0.7,1,3.9,2.6,4.5,3.1,1.8,2.2,0.4,2.3,1.6,2.7,1.9,0.3,3.1,0.3,1.7,2.2,4.1,3.9,1.5,3,3.2,2.5,3.8,3,2.5,1.6,3.4,3,1.5,0.3,1.3,3.3,1.7,0.3,3.4,1.9,1.6,3.7,2.1,2.2,2.8,1.4,1.5,2.5,2.7,0.3,1.8,1.4,0.6,1.4,3.2,3.2,3.9,2.9,1.5,4,1.3,2.4,3.2,2.6,4.3,1.8,1.3,3.2,2.8,1.6,0.5,3.5,3.1,2.1,2.7,2.2,1.9,1.2,2.4,1.2,1.6,2.3,2.3,3.1,1.5,0.7,3.4,1.9,2.2,3.6,1,4.2,1.6,3.9,2,2.4,2.6,3.1,3.6,1.9,3.2,2.3,2.8,3.2,2.8,2.5,2.7,3.1,4.6,2.8,2.9,2.4,3.5,3,2.3,2.8,3.6,0.3,2,1.5,2.1,2.7,1.2,2.5,3,2.4,3.4,2.7,3.2,2.3,3.1,3.6,2.5,1.9,1.8,3.3,2.7,1.7,1.7,2.3,1.9,2.7,4.2,2.3,0.7,1.3,1.9,2.7,3.1,3.1,3.2,3.2,3.1,2.2,1.6,2.8,1.8,0.7,1.9,3,2.7,4,3.2,2.2,1.4,3.3,2.9,1.3,3.9,2.8,2.6,1.9,1,1.8,1.4,1.7,4.4,3.4,2.3,2.6,1.5,2.4,2,2.5,2.7,1.2,3.3,1.3,3,3.1,2.4,0.3,3.5,2.4,1.8,2.1,2.2,1.9,2.5,1.6,1.2,4.2,2.1,3.7,2.8,3.8,1.8,3.2,2.6,4.3,0.5,1.5,2.8,2.9,2.9,2.3,0.7,2,2.4,2,2.5,3,1.7,1,2.7,2.2,2.5,3.3,3,3,2.8,1.2,2.3,2.2,2.7,2.4,3.6,2.4,3,1.8,1.9,2.1,2.7,3.4,2.3,1.3,3.2,2.3,1.4,4,2.2,3.2,3,1.8,5.2,3.2,0.9,3.5,3,1.6,3.2,2.4,3,3.2,0.3,3.5,2,2.1,2.3,0.3,1.5,2.7,2,1.7,1.1,0.3,1.8,4,2.2,1.6,3.1,3.2,2.9,0.7,2.4,2.8,3.8,1.3,3.5,2.2,4.1,1.5,1.1,0.5,2.8,4.4,2.1,3.3,2.2,2.4,3.6,2.1,2,3,0.8,2.2,2.9,1.6,2.4,1.3,3.9,1.8,3.6,2.2,3.4,3.9,1.4,1,3,4.3,1.3,2.6,1.6,2.2,3.5,2.9,3.2,1.7,3.4,2.1,3.6,2.6,3.1,2.9,3.5,0.5,3.5,3,3.2,1.9,2.4,1.6,1.5,4,1.9,1.5,2.8,1.9,3.3,2.1,3,1.4,3,0.7,3,2.1,3.5,0.9,4.1,2.2,0.9,3.4,2.4,1.2,1,2.1,3,2.6,0.9,2.5,2.8,2.6,1.5,3.3,2.2,2.8,2.1,3.4,2.9,0.3,2.7,3.2,2.2,1.3,1.9,1.6,2.1,2.7,2.4,2,1.9,1.1,2.5,2.1,3.2,1.9,2,2.5,3.2,2.3,2,2.5,1.7,2.9,2.1,2.4,1,1.9,2.8,2.5,2.3,3.3,1.6,2.2,1.7,1.3,2.8,3.8,1.7,1.7,2.1,2.1,3.5,3.4,1.6,3.4,1.8,1.1,2.4,3.2,1.8,2.1,2.4,3.8,2.9,2.7,1.6,0.9,1.9,2.3,0.9,1.3,1.9,2.8,2.7,0.3,2.1,2.4,1.1,1.9,2.7,1.9,2.7,3.6,1.9,3,1.5,3.4,2.7,3.4,2.8,1.9,2.9,0.3,2.2,1,2.9,2.4,3.5,2.1,2.1,1.4,3.3,2.9,1.8,4.5,3.2,3.1,3.9,2.2,1.5,3,3.1,2.2,2.8,2.7,4,2.1,3.8,2.9,2.1,3.4,2.3,3.3,2,3.5,2.2,1.9,3.6,2.9,1.3,5.3,1.7,2.7,1.4,2.6,2.7,1.9,1.9,0.5,3.3,2.7,3.9,2.2,0.6,4.5,1.2,4.7,2,3.5,1.9,2,1.2,2.7,3.1,2.1,4.3,1,2,3.8,1.7,3.8,3.1,2.6,0.3,2.1,2.9,2.1,2.3,0.9,2.8,4.7,2.7,0.8,3.5,2.6,3.3,3.8,2.4,3,2.2,2,0.3,0.8,2.9,3,3.4,2.1,2,3.6,1.2,2.5,2.9,2.8,2.1,2.4,2.7,1.6,3.2,1.5,1.8,2.2,4.3,1.4,2.3,2.2,2.8,1.3,3.8,2,3.1,2.7,1.8,3.2,2.6,2.2,1.2,3.7,2.8,2.4,2,2.7,3.5,2,2.1,1.9,2,3.8,2.8,2.2,3.8,3.6,2.2,1,2.2,2.2,0.3,3.3,2.8,2,2.2,1.6,0.9,3.6,3.4,3.8,2.7,2.4,4.3,4.4,3,3.3,2.2,1.8,1.3,2,2.2,2.7,3.5,3.4,1.5,2.5,1.4,2.6,2.6,2.1,2.9,2.6,2,1.5,2.7,3.6,1.9,1.9,3.1,1.9,3.1,4,1.2,1,1.2,2.9,3.9,1.9,2,1.5,4.1,0.4,2.3,0.8,2,2.9,2.5,3.5,3.8,2.8,3.4,2.6,0.6,0.3,2.1,2.9,0.8,2.4,0.3,4.7,3.2,2.1,3.2,1.3,2,3.4,2.2,1.9,2.2,1.7,2.1,2.8,2,2.4,3,2.6,2.8,0.8,2,2.6,3.3,1.6,2.4,3.4,4.8,2.9,2.9,2.8,1.4,0.5,2.6,2.7,2.6,3.7,1.2,3.1,3.9,1.6,1.8,1.8,2.4,1.2,2.2,3.3,2.7,4.8,3.3,4.1,0.9,2.6,2,1.9,2.7,2.5,1.9,3.8,1.5,3,2.7,1.1,4.3,1,2,2.1,4,2.3,4.2,1.8,1.2,1.8,0.9,3.5,2.3,2.4,2.5,4.2,3.5,3.5,2.9,3.3,0.7,4.5,1.8,1.6,2.8,2.4,3.2,1.2,1.5,1.3,2.2,0.3,1.7,2.2,3,1.6,1.9,2.9,2.3,1.6,1.2,3,2.4,0.9,0.3,3.4,1.9,3,3.5,3.7,0.3,3.7,2.3,0.5,1.6,3.9,3.7,1.8,1.7,2,3.7,2.5,1.5,0.7,3,2.8,3.9,3.7,2.5,2.4,2.2,2.4,2.4,1.7,4.2,2.3,3.3,2.9,2.8,3.3,1.9,1.9,3.8,2.1,3,1.8,3.1,2.6,2.3,3.9,0.5,2.5,2.6,2.1,2.8,0.3,2.9,2.2,1.5,3.3,3.9,1.1,2.2,4.5,0.9,3.2,2.2,3.1,3.9,2.1,1.8,2.1,3,1.5,1.5,1.4,1.3,3.1,4.3,2.4,3.5,3.4,3.8,2.3,3.4,3.5,2.6,2,1.7,2.4,4.6,2.5,2.2,1.7,3.9,3,3.9,2.2,1.3,3,1.1,1.9,0.6,3.3,1.7,0.6,2.7,2.7,1.1,2.5,5,3.4,3.2,2.1,1.8,1.3,2.7,2.9,3.8,3.9,0.9,3.2,3.6,2.1,3.7,3.3,2.8,0.5,1.8,2.4,2.8,3,2.4,2.2,3.3,4.4,3.2,3.7,2.6,4.9,2.3,3,2.2,1.9,1.8,2.6,1.8,3.7,3,3.7,2.7,3.7,1.7,2.5,4.6,1.6,3.4,4.5,1.3,2.8,4.2,2.8,1.8,2.9,2.6,3.1,2.5,4.5,1.8,1.6,2.5,4.5,0.5,3.8,0.7,3.8,1.4,2.4,1,3.3,2.7,2.9,0.9,3.5,2.5,2,2.9,3.1,4.5,2,2.7,3.6,3.9,3.4,3.1,2.5,2.1,1.5,2.2,3.2,4.1,3.2,2,1.5,3.2,2.5,5.1,2.9,3.2,2.3,3.5,3.3,2.9,2.8,2.2,2.2,5,0.8,1.5,4.5,3.5,2.9,3.1,3.2,1.9,2.9,2.9,1.2,3.5,3.3,2,1.7,3.9,1.6,2.6,4.3,3.7,1.2,2.1,1,0.8,2.8,1.7,3.3,3.1,3.4,3.2,3.8,0.3,3.9,1.8,1.8,2,2.2,2.2,3.1,2.1,3,2.6,2,2,4,3.2,1.2,0.3,1.9,3.9,3.9,2.3,2.7,2.5,1.5,3.3,3,3,2.3,3.5,3.6,2.7,2.6,2.4,2.7,2.9,2.4,4,4.1,1.9,2.4,2.5,1.6,3.3,3.6,3.2,2.9,2.8,1.8,2,0.6,2.3,1.7,1.9,2,2,2.5,2.4,2.3,2.7,3,4.9,1.9,4.6,2.6,1.3,2.6,1.7,0.9,2.7,3.1,2.7,2.3,4.5,3.3,4,2.5,2.2,3.6]}},{"type":"Feature","geometry":{"type":"LineString","coordinates":[[72.4277,17.7597],[72.4237,17.766],[72.4157,17.7779],[72.4033,17.7961],[72.395,17.8082],[72.383,17.8259],[72.3748,17.8385],[72.3627,17.8569],[72.3547,17.869],[72.3431,17.8875],[72.3353,17.9002],[72.3239,17.9189],[72.3157,17.9312],[72.3037,17.9499],[72.2953,17.9629],[72.2836,17.9804],[72.2759,17.9928],[72.2639,18.0114],[72.2566,18.0241],[72.2451,18.0427],[72.2375,18.0551],[72.2256,18.0734],[72.2178,18.0856],[72.2054,18.1047],[72.1971,18.117],[72.1847,18.1352],[72.1767,18.1469],[72.1647,18.1651],[72.156,18.1772],[72.1438,18.1957],[72.1361,18.2088],[72.1237,18.2271],[72.1161,18.2398],[72.1043,18.2579],[72.0967,18.2702],[72.0847,18.2883],[72.0767,18.3012],[72.0659,18.3195],[72.0581,18.332],[72.0463,18.3507],[72.0384,18.3631],[72.0263,18.3819],[72.018,18.3943],[72.006,18.4126],[71.998,18.4245],[71.986,18.4431],[71.9777,18.4554],[71.9651,18.4736],[71.9567,18.4862],[71.9436,18.5042],[71.9351,18.5158],[71.9218,18.5338],[71.9133,18.5458],[71.8998,18.5638],[71.8907,18.5754],[71.8769,18.5929],[71.8677,18.6047],[71.8548,18.622],[71.8457,18.634],[71.8327,18.6513],[71.8239,18.6628],[71.8108,18.6807],[71.802,18.6924],[71.7888,18.7101],[71.7801,18.7217],[71.7664,18.7399],[71.7578,18.7516],[71.7446,18.7693],[71.736,18.7812],[71.7227,18.7994],[71.7136,18.8117],[71.7008,18.8295],[71.6921,18.8417],[71.6792,18.8595],[71.6704,18.8712],[71.6578,18.8886],[71.6486,18.9003],[71.6356,18.9177],[71.6267,18.9296],[71.6135,18.9471],[71.6044,18.9587],[71.5906,18.9772],[71.5814,18.9886],[71.5681,19.0058],[71.5589,19.017],[71.5451,19.035],[71.5361,19.0467],[71.5227,19.0642],[71.5136,19.0764],[71.5005,19.0943],[71.4916,19.1059],[71.4784,19.1237],[71.4702,19.1355],[71.4571,19.1532],[71.4476,19.1652],[71.4351,19.1827],[71.4263,19.1944],[71.4125,19.2121],[71.4039,19.2242],[71.3906,19.2417],[71.3817,19.2534],[71.368,19.271],[71.3591,19.2824],[71.3457,19.3001],[71.337,19.3114],[71.3232,19.3292],[71.314,19.3412],[71.3013,19.3591],[71.2925,19.3705],[71.2792,19.388],[71.2698,19.3999],[71.2563,19.4181],[71.2474,19.4303],[71.234,19.4484],[71.2257,19.46],[71.2124,19.4775],[71.2028,19.489],[71.189,19.5055],[71.1798,19.5168],[71.1661,19.5338],[71.1568,19.5454],[71.1425,19.563],[71.1333,19.5745],[71.1192,19.5915],[71.1098,19.6025],[71.0961,19.6205],[71.0868,19.6323],[71.0726,19.6493],[71.0632,19.6613],[71.0495,19.6785],[71.0403,19.69],[71.0257,19.7072],[71.0159,19.7186],[71.002,19.7356],[70.9922,19.7473],[70.9784,19.7646],[70.9684,19.7755],[70.9546,19.7932],[70.9451,19.8043],[70.9313,19.8205],[70.9218,19.832],[70.9073,19.849],[70.8977,19.8604],[70.883,19.877],[70.8731,19.8883],[70.8583,19.9047],[70.8481,19.9158],[70.8332,19.9323],[70.8235,19.9432],[70.809,19.96],[70.7992,19.9711],[70.7844,19.9881],[70.7746,19.9991],[70.7597,20.0161],[70.7501,20.0273],[70.7358,20.0436],[70.7263,20.0553],[70.7119,20.0724],[70.7034,20.0837],[70.6895,20.1012],[70.6803,20.1128],[70.6671,20.1298],[70.6574,20.1417],[70.644,20.1595],[70.6348,20.1716],[70.6219,20.1896],[70.6135,20.2009],[70.6002,20.2192],[70.592,20.2312],[70.5794,20.249],[70.5707,20.2618],[70.5584,20.2794],[70.5505,20.2912],[70.5382,20.3094],[70.5302,20.3209],[70.5179,20.3386],[70.5096,20.3511],[70.4965,20.3692],[70.4882,20.3812],[70.4753,20.399],[70.467,20.4111],[70.4546,20.4291],[70.446,20.4416],[70.4322,20.4596],[70.4234,20.4712],[70.4101,20.4889],[70.4008,20.5002],[70.3874,20.5177],[70.3781,20.5298],[70.3648,20.5472],[70.3562,20.5589],[70.3432,20.5765],[70.3343,20.5883],[70.3202,20.6058],[70.3114,20.6178],[70.2979,20.6357],[70.2885,20.6478],[70.2752,20.6654],[70.2664,20.6772],[70.2532,20.6944],[70.2445,20.7065],[70.2312,20.7251],[70.2232,20.7369],[70.2107,20.7548],[70.2022,20.7671],[70.1899,20.785],[70.1815,20.7967],[70.1692,20.8149],[70.1609,20.827],[70.1493,20.8447],[70.141,20.8566],[70.1287,20.8751],[70.1212,20.887],[70.1087,20.905],[70.1001,20.9173],[70.088,20.9352],[70.0798,20.9475],[70.0676,20.9662],[70.0591,20.9786],[70.0472,20.9966],[70.0389,21.009],[70.0264,21.0271],[70.0182,21.0393],[70.0057,21.0573],[69.9978,21.0698],[69.9851,21.0882],[69.9768,21.1009],[69.9646,21.1189],[69.9565,21.1311],[69.9442,21.1493],[69.9354,21.1617],[69.923,21.1802],[69.9151,21.1927],[69.9026,21.2109],[69.8943,21.2229],[69.8814,21.2413],[69.8729,21.2535],[69.8605,21.272],[69.8519,21.2847],[69.8397,21.3024],[69.8318,21.3145],[69.8199,21.3329],[69.8119,21.3452],[69.8001,21.364],[69.7929,21.3767],[69.7809,21.3956],[69.773,21.4082],[69.7613,21.4273],[69.7537,21.44],[69.7417,21.4592],[69.734,21.4713],[69.7219,21.49],[69.714,21.5024],[69.7017,21.5206],[69.6937,21.5326],[69.6812,21.551],[69.6728,21.5626],[68.9959,22.435],[68.9818,22.4507],[68.9716,22.462],[68.9563,22.4785],[68.9462,22.4895],[68.9312,22.5058],[68.9214,22.5167],[68.9056,22.5327],[68.8958,22.543],[68.8805,22.56],[68.8708,22.5711],[68.8559,22.587],[68.8456,22.5976],[68.8304,22.6138],[68.8206,22.6248],[68.8057,22.6408],[68.796,22.6518],[68.7815,22.6681],[68.7713,22.6791],[68.7558,22.6959],[68.7461,22.7063],[68.7309,22.7221],[68.7205,22.7325],[68.7052,22.7483],[68.6944,22.7591],[68.6792,22.7751],[68.6686,22.7854],[68.653,22.8012],[68.6427,22.812],[68.6271,22.8285],[68.6165,22.8391],[68.6011,22.8549],[68.5904,22.8658],[68.575,22.8819],[68.5653,22.8927],[68.5497,22.9086],[68.5394,22.9193],[68.5232,22.9351],[68.5125,22.9456],[68.497,22.9611],[68.486,22.9712],[68.4709,22.9867],[68.4602,22.9973],[68.4445,23.0129],[68.4337,23.0232],[68.4179,23.0387],[68.4074,23.0489],[68.3913,23.0644],[68.3806,23.0755],[68.3647,23.0909],[68.3552,23.1009],[68.3393,23.1167],[68.3288,23.1277],[68.3136,23.143],[68.303,23.1532],[68.2873,23.1691],[68.2762,23.179],[68.2601,23.1943],[68.2489,23.2044],[68.2324,23.2198],[68.2211,23.23],[68.2042,23.245],[68.1927,23.2549],[68.1766,23.2695],[68.1658,23.2792],[68.1491,23.2938],[68.1378,23.3037],[68.1205,23.3185],[68.1091,23.3279],[68.0924,23.3427],[68.0813,23.3526],[68.0645,23.3674],[68.0538,23.3775],[68.0373,23.3927],[68.026,23.4026],[68.0096,23.4175],[67.9982,23.4271],[67.982,23.4412],[67.9706,23.4512],[67.9543,23.4653],[67.9428,23.4755],[67.9259,23.4903],[67.9146,23.5001],[67.8976,23.5147],[67.8866,23.5247],[67.87,23.5401],[67.8592,23.5502],[67.843,23.5652],[67.8332,23.5754],[67.8173,23.5909],[67.8062,23.6009],[67.79,23.6164],[67.7788,23.627],[67.7627,23.6416],[67.7515,23.652],[67.7356,23.6674],[67.7244,23.6776],[67.7085,23.6929],[67.697,23.7028],[67.6804,23.7177],[67.6691,23.7275],[67.6528,23.7422],[67.642,23.7517],[67.6255,23.7667],[67.6142,23.7773],[67.5974,23.7923],[67.5868,23.802],[67.5702,23.8174],[67.5587,23.8273],[67.5422,23.8428],[67.5311,23.8529],[67.5142,23.8677],[67.5033,23.8781],[67.4867,23.8931],[67.4753,23.9032]]},"properties":{"mmsi":995128746,"name":"Cargo 8746","role":"candidate","vessel_type":70,"synthetic":true,"t_offset_s":[-259152,-259032,-258792,-258432,-258192,-257832,-257592,-257232,-256992,-256632,-256392,-256032,-255792,-255432,-255192,-254832,-254592,-254232,-253992,-253632,-253392,-253032,-252792,-252432,-252192,-251832,-251592,-251232,-250992,-250632,-250392,-250032,-249792,-249432,-249192,-248832,-248592,-248232,-247992,-247632,-247392,-247032,-246792,-246432,-246192,-245832,-245592,-245232,-244992,-244632,-244392,-244032,-243792,-243432,-243192,-242832,-242592,-242232,-241992,-241632,-241392,-241032,-240792,-240432,-240192,-239832,-239592,-239232,-238992,-238632,-238392,-238032,-237792,-237432,-237192,-236832,-236592,-236232,-235992,-235632,-235392,-235032,-234792,-234432,-234192,-233832,-233592,-233232,-232992,-232632,-232392,-232032,-231792,-231432,-231192,-230832,-230592,-230232,-229992,-229632,-229392,-229032,-228792,-228432,-228192,-227832,-227592,-227232,-226992,-226632,-226392,-226032,-225792,-225432,-225192,-224832,-224592,-224232,-223992,-223632,-223392,-223032,-222792,-222432,-222192,-221832,-221592,-221232,-220992,-220632,-220392,-220032,-219792,-219432,-219192,-218832,-218592,-218232,-217992,-217632,-217392,-217032,-216792,-216432,-216192,-215832,-215592,-215232,-214992,-214632,-214392,-214032,-213792,-213432,-213192,-212832,-212592,-212232,-211992,-211632,-211392,-211032,-210792,-210432,-210192,-209832,-209592,-209232,-208992,-208632,-208392,-208032,-207792,-207432,-207192,-206832,-206592,-206232,-205992,-205632,-205392,-205032,-204792,-204432,-204192,-203832,-203592,-203232,-202992,-202632,-202392,-202032,-201792,-201432,-201192,-200832,-200592,-200232,-199992,-199632,-199392,-199032,-198792,-198432,-198192,-197832,-197592,-197232,-196992,-196632,-196392,-196032,-195792,-195432,-195192,-194832,-194592,-194232,-193992,-193632,-193392,-193032,-192792,-192432,-192192,-191832,-191592,-191232,-190992,-190632,-190392,-190032,-189792,-189432,-189192,-188832,-188592,-188232,-187992,-187632,-187392,-187032,-186792,-186432,-186192,-185832,-185592,-185232,-184992,-184632,-184392,-184032,-183792,-183432,-183192,-182832,-182592,-164592,-164232,-163992,-163632,-163392,-163032,-162792,-162432,-162192,-161832,-161592,-161232,-160992,-160632,-160392,-160032,-159792,-159432,-159192,-158832,-158592,-158232,-157992,-157632,-157392,-157032,-156792,-156432,-156192,-155832,-155592,-155232,-154992,-154632,-154392,-154032,-153792,-153432,-153192,-152832,-152592,-152232,-151992,-151632,-151392,-151032,-150792,-150432,-150192,-149832,-149592,-149232,-148992,-148632,-148392,-148032,-147792,-147432,-147192,-146832,-146592,-146232,-145992,-145632,-145392,-145032,-144792,-144432,-144192,-143832,-143592,-143232,-142992,-142632,-142392,-142032,-141792,-141432,-141192,-140832,-140592,-140232,-139992,-139632,-139392,-139032,-138792,-138432,-138192,-137832,-137592,-137232,-136992,-136632,-136392,-136032,-135792,-135432,-135192,-134832,-134592,-134232,-133992,-133632,-133392,-133032,-132792,-132432,-132192,-131832,-131592,-131232,-130992,-130632,-130392],"sog":[13.3,13,12.6,13,12.5,12.5,12.7,13,13,13.3,13.4,12.8,12.7,13,12.9,12.6,13.5,13.6,13.3,12.9,13,12.5,13.3,13.3,12.7,12.8,12.3,12.5,13,13.1,13.2,13.5,12.7,12.9,13,13.1,12.8,12.7,12.7,13.1,12.9,13.6,13.3,12.6,12.6,12.8,13,13.1,13.4,13.3,12.9,13.5,12.6,13.5,13,13.3,13.3,12.6,12.6,12.6,13.1,13,12.9,13.2,13,13.3,12.5,12.9,12.9,13.1,13.6,12.6,12.8,13.2,12.9,12.5,12.6,13.1,12.9,13,12.8,13.2,12.8,12.8,12.6,12.6,12.5,12.6,12.7,13,13,12.8,12.6,13.3,13.2,12.6,12.8,12.8,13,13.2,12.8,13.6,13,13.2,13,12.8,12.9,13.3,12.7,12.2,13.3,13.2,13.2,13.2,13,12.8,12.4,12.6,13.1,12.9,13.3,13.1,13,12.7,12.7,13.9,13.2,13.1,13.1,12.8,12.8,12.9,13.8,13.6,12.9,13.3,13.2,13.2,12.3,12.3,12.8,13.2,13,13.1,13.1,13,13.4,13.1,12.7,13.4,13,13,13.2,13.1,13.2,12.7,13.1,13.3,12.2,13.1,13.2,12.9,13.3,13,13.4,12.9,12.7,12.7,13.2,12.9,13.1,12.6,12.9,12.6,12.4,13,13,12.9,12.7,12.8,12.7,12.7,13,13,12.8,13.2,12.9,12.8,13.3,13.1,12.9,13.2,12.8,13.2,13.3,13.1,12.9,13.2,13.1,12.8,13.1,12.9,13,12.9,12.9,12.9,12.3,12.8,12.9,12.4,12.4,12.7,12.8,13,13.2,12.7,12.7,12.7,13.3,12.5,13.1,13.2,12.7,12.7,13.1,13.2,12.9,12.7,13.1,13,13.7,13.2,13,13,12.8,13.2,12.9,13,13.3,12.5,12.5,12.6,13.5,13.4,13.2,13,13.2,13.4,13.1,13.5,12.8,13.1,12.8,12.8,13,12.9,12,12.8,12.5,13.2,13.1,12.8,13,12.9,12.6,13,12.9,13.1,13,12.6,12.7,13,12.6,12.6,12.7,13.4,13,12.8,13.4,13,12.5,13,13.3,12.8,12.7,13.6,13.4,12.8,12.9,13.4,13.2,12.9,13,13.5,12.9,12.9,13,13.2,12.8,12.7,13.1,13,12.9,12.7,12.9,13.3,13.1,12.6,13.3,12.9,12.6,12.6,12.8,13.2,12.6,13.2,13,13.2,13.5,12.9,12.8,12.6,12.4,12.8,13.2,13.1,12.6,12.8,12.7,13.1,12.6,12.7,12.4,12.9,12.6,13.1,12.3,12.9,13.5,13.5,13.3,13.5,13.3,12.6,12.6,12.2,13,12.7,13.3,13.4,13,13.3,12.8,13.4,13.3,12.8,12.8,13.1,13,12.1,12.9,13.1,13.3,12.7,13.3,13.2,13.7,13.2,13.3,13.4,13.1,13.3]}},{"type":"Feature","geometry":{"type":"LineString","coordinates":[[71.9115,18.5631],[71.9153,18.5585],[71.9255,18.5432],[71.9327,18.5333],[71.9432,18.5171],[71.9501,18.5069],[71.9602,18.4914],[71.9665,18.4805],[71.9759,18.4643],[71.982,18.4536],[71.9919,18.4375],[71.9979,18.4261],[72.0075,18.4103],[72.0134,18.3996],[72.022,18.3833],[72.0273,18.3728],[72.0357,18.3566],[72.042,18.3454],[72.0506,18.3293],[72.0561,18.3183],[72.0647,18.3016],[72.0702,18.2911],[72.0788,18.2747],[72.0841,18.2638],[72.0931,18.2477],[72.0986,18.2371],[72.1073,18.2203],[72.1131,18.2097],[72.1211,18.1931],[72.1268,18.1821],[72.1343,18.1654],[72.1396,18.1545],[72.1469,18.1369],[72.1521,18.1257],[72.1596,18.1084],[72.1648,18.0974],[72.1719,18.0806],[72.1774,18.0691],[72.1847,18.0521],[72.1896,18.0407],[72.1973,18.0233],[72.2019,18.0124],[72.2093,17.9954],[72.2136,17.9838],[72.2201,17.9665],[72.225,17.9553],[72.232,17.9374],[72.2365,17.9263],[72.2438,17.909],[72.2483,17.8977],[72.2554,17.8804],[72.2602,17.8687],[72.267,17.8515],[72.2716,17.8406],[72.2788,17.8235],[72.2833,17.8119],[72.2904,17.7945],[72.2947,17.7832],[72.3016,17.7656],[72.3059,17.7543],[72.3125,17.737],[72.317,17.7251],[72.3236,17.7083],[72.3283,17.6965],[72.3354,17.679],[72.3404,17.6676],[72.347,17.6503],[72.3521,17.6394],[72.3584,17.6225],[72.3631,17.6109],[72.3698,17.5937],[72.3741,17.582],[72.3812,17.5649],[72.3857,17.5533],[72.3923,17.536],[72.3966,17.5245],[72.4029,17.5068],[72.4073,17.4957],[72.4135,17.478],[72.4173,17.4661],[72.4235,17.4487],[72.4275,17.437],[72.4333,17.4195],[72.4375,17.4082],[72.4437,17.3907],[72.4478,17.3787],[72.4538,17.3616],[72.4581,17.3503],[72.4641,17.3323],[72.4681,17.3207],[72.4737,17.3037],[72.4777,17.292],[72.4834,17.2745],[72.4871,17.2625],[72.4923,17.2454],[72.4959,17.2334],[72.5013,17.216],[72.5048,17.2044],[72.51,17.1861],[72.5137,17.1744],[72.5186,17.1561],[72.5222,17.1441],[72.527,17.1262],[72.5307,17.1146],[72.5357,17.0971],[72.5395,17.0849],[72.545,17.0671],[72.5492,17.0553],[72.5546,17.0379],[72.5586,17.0255],[72.5634,17.0083],[72.5672,16.9963],[72.5721,16.9786],[72.5754,16.967],[72.581,16.9496],[72.5846,16.9379],[72.5901,16.9201],[72.5933,16.9086],[72.5983,16.8913],[72.602,16.8791],[72.6074,16.8613],[72.6104,16.8494],[72.6156,16.8316],[72.6184,16.8197],[72.6229,16.8021],[72.6262,16.79],[72.6309,16.7721],[72.634,16.7601],[72.6391,16.7413],[72.6416,16.73],[72.646,16.7115],[72.6488,16.7001],[72.6529,16.6827],[72.6559,16.6704],[72.66,16.6524],[72.6628,16.6402],[72.6662,16.6225],[72.6689,16.61],[72.6725,16.592],[72.6748,16.5796],[72.6788,16.5624],[72.681,16.5497],[72.6843,16.5316],[72.6867,16.5196],[72.69,16.5015],[72.6919,16.4893],[72.6946,16.4712],[72.697,16.4597],[72.7,16.441],[72.7023,16.4286],[72.7061,16.4103],[72.7087,16.3984],[72.7121,16.381],[72.7144,16.3687],[72.7184,16.3512],[72.7208,16.3389],[72.7248,16.3207],[72.7271,16.3084],[72.7313,16.2898],[72.7336,16.2778],[72.7376,16.2598],[72.7404,16.2476],[72.7447,16.2285],[72.7474,16.217],[72.7517,16.199],[72.7544,16.1872],[72.7585,16.1682],[72.7613,16.156],[72.7648,16.1382],[72.7673,16.126],[72.7711,16.1081],[72.7733,16.0957],[72.7772,16.0777],[72.7795,16.0654],[72.7824,16.0472],[72.7843,16.0348],[72.7872,16.0162],[72.7893,16.0042],[72.7929,15.9863],[72.7948,15.9739],[72.7983,15.9554],[72.8005,15.9432],[72.804,15.9244],[72.8061,15.9127],[72.8094,15.8938],[72.8109,15.8819],[72.8133,15.8632],[72.8149,15.8506],[72.8173,15.8327],[72.819,15.8207],[72.8208,15.8023],[72.8219,15.7899],[72.824,15.7721],[72.8253,15.7601],[72.8277,15.7423],[72.8289,15.7301],[72.8304,15.7113],[72.8316,15.6985],[72.8327,15.6803],[72.8335,15.6674],[72.8341,15.6494],[72.8348,15.637],[72.8357,15.619],[72.8358,15.6063],[72.8366,15.5882],[72.8368,15.5758],[72.8374,15.5577],[72.8377,15.5455],[72.8379,15.527],[72.8384,15.5145],[72.839,15.4955],[72.839,15.4827],[72.8399,15.4644],[72.8401,15.4529],[72.8406,15.4345],[72.8411,15.4223],[72.8417,15.4041],[72.8423,15.3917],[72.8438,15.3733],[72.8443,15.3611],[72.845,15.3425],[72.8452,15.3305],[72.8467,15.312],[72.8474,15.3001],[72.8485,15.2814],[72.8491,15.2687],[72.8504,15.2502],[72.8508,15.2382],[72.8522,15.2195],[72.8526,15.2069],[72.8534,15.1882],[72.8534,15.1767],[72.8531,15.1587],[72.8536,15.1466],[72.8538,15.1281],[72.8534,15.1157],[72.8541,15.0967],[72.8539,15.0844],[72.8548,15.0661],[72.8551,15.0539],[72.856,15.0357],[72.8567,15.0233],[72.8577,15.0055],[72.8587,14.9929],[72.8597,14.9746],[72.8607,14.9623],[72.8613,14.9441],[72.8622,14.9317],[72.8633,14.9133],[72.8644,14.9012],[72.8654,14.8828],[72.8662,14.8702],[72.8678,14.8517],[72.8681,14.8399],[72.8695,14.8211],[72.8702,14.8087],[72.8707,14.7904],[72.8716,14.7778],[72.8717,14.7591],[72.8721,14.7468],[72.8728,14.7285],[72.8733,14.7159],[72.8739,14.6978],[72.8743,14.6856],[72.8748,14.6669],[72.8748,14.6548],[72.8748,14.6364],[72.8747,14.6244],[72.8751,14.6061],[72.8755,14.5937],[72.8764,14.5755],[72.8771,14.563],[72.8783,14.5448],[72.8791,14.5322],[72.88,14.5134],[72.8808,14.501],[72.8816,14.4825],[72.8821,14.4704],[72.8832,14.4519],[72.8841,14.4398],[72.8852,14.4215],[72.8851,14.4094],[72.886,14.3906]]},"properties":{"mmsi":995142763,"name":"Cargo 2763","role":"candidate","vessel_type":70,"synthetic":true,"t_offset_s":[-64177,-64057,-63697,-63457,-63097,-62857,-62497,-62257,-61897,-61657,-61297,-61057,-60697,-60457,-60097,-59857,-59497,-59257,-58897,-58657,-58297,-58057,-57697,-57457,-57097,-56857,-56497,-56257,-55897,-55657,-55297,-55057,-54697,-54457,-54097,-53857,-53497,-53257,-52897,-52657,-52297,-52057,-51697,-51457,-51097,-50857,-50497,-50257,-49897,-49657,-49297,-49057,-48697,-48457,-48097,-47857,-47497,-47257,-46897,-46657,-46297,-46057,-45697,-45457,-45097,-44857,-44497,-44257,-43897,-43657,-43297,-43057,-42697,-42457,-42097,-41857,-41497,-41257,-40897,-40657,-40297,-40057,-39697,-39457,-39097,-38857,-38497,-38257,-37897,-37657,-37297,-37057,-36697,-36457,-36097,-35857,-35497,-35257,-34897,-34657,-34297,-34057,-33697,-33457,-33097,-32857,-32497,-32257,-31897,-31657,-31297,-31057,-30697,-30457,-30097,-29857,-29497,-29257,-28897,-28657,-28297,-28057,-27697,-27457,-27097,-26857,-26497,-26257,-25897,-25657,-25297,-25057,-24697,-24457,-24097,-23857,-23497,-23257,-22897,-22657,-22297,-22057,-21697,-21457,-21097,-20857,-20497,-20257,-19897,-19657,-19297,-19057,-18697,-18457,-18097,-17857,-17497,-17257,-16897,-16657,-16297,-16057,-15697,-15457,-15097,-14857,-14497,-14257,-13897,-13657,-13297,-13057,-12697,-12457,-12097,-11857,-11497,-11257,-10897,-10657,-10297,-10057,-9697,-9457,-9097,-8857,-8497,-8257,-7897,-7657,-7297,-7057,-6697,-6457,-6097,-5857,-5497,-5257,-4897,-4657,-4297,-4057,-3697,-3457,-3097,-2857,-2497,-2257,-1897,-1657,-1297,-1057,-697,-457,-97,143,503,743,1103,1343,1703,1943,2303,2543,2903,3143,3503,3743,4103,4343,4703,4943,5303,5543,5903,6143,6503,6743,7103,7343,7703,7943,8303,8543,8903,9143,9503,9743,10103,10343,10703,10943,11303,11543,11903,12143,12503,12743,13103,13343,13703,13943,14303,14543,14903,15143,15503,15743,16103,16343,16703,16943,17303,17543,17903,18143,18503,18743,19103,19343,19703,19943,20303],"sog":[10.8,11.1,10.6,10.5,10.9,11.3,10.6,10.9,11.3,11.1,11,11.4,11.1,10.6,10.6,10.9,10.9,11,10.8,11.2,11,10.6,10.8,11,10.7,10.6,11.2,11.5,11.2,11.2,10.7,10.9,11.6,10.8,11.1,10.7,10.8,11.5,11.4,11.4,10.8,10.7,10.8,11.6,10.8,11.1,11.1,10.6,11.1,10.9,11.2,11,10.5,10.9,11.1,11.1,11,11,10.7,10.8,11.2,11.5,10.6,11.2,11.4,11.9,11,10.6,11,11.4,11.1,11.1,10.7,11.1,10.9,11,10.6,11.1,11.2,11.1,11.2,11.1,11.2,10.8,11.1,11.4,10.9,11.1,11.1,11,11,10.8,10.9,11.1,11.1,11,10.6,10.6,11.3,10.8,11.4,11.7,10.8,10.9,10.3,11.1,11.3,11,10.6,10.9,10.8,11.6,10.9,11,10.6,10.9,11.1,10.7,10.6,11.3,11.1,11,10.8,10.8,10.4,11.2,10.9,11.4,11,10.9,11,10.9,10.5,11.4,10.9,11.5,10.9,11.4,10.7,11.2,10.5,11.3,11.3,10.8,10.6,10.9,10.7,10.6,11,10.8,10.9,11,10.8,10.5,11.4,10.8,11.2,11.2,11.4,10.8,10.7,11.1,11.5,10.8,10.8,11.2,11.4,11.4,10.7,11.2,10.7,11.5,11.1,10.8,10.6,11.5,11.3,10.7,10.9,10.9,11,10.8,11.4,10.5,11.1,11.2,10.9,11.3,11.2,10.7,10.3,11.3,10.5,10.7,10.5,11.3,11.1,11.1,10.7,11.5,11,11.1,10.8,11.5,11.1,10.9,11,10.8,11.1,11.4,11.5,11.7,10.7,10.8,10.9,11,11.2,10.7,11.4,10.6,11,11,10.7,11.1,11.7,11.5,10.6,10.7,11.6,11.2,11.5,10.7,11.1,10.6,11,11.1,11.6,10.9,11.1,11.3,10.7,11.1,10.8,11,10.6,11.2,10.8,11.3,11.1,10.5,11.2,10.7,11,10.9,10.9,10.9,10.7,11.4,11.2,11,10.9,11.1,11.1,10.9,11.2,10.6,10.9,10.7,10.2,11.3,10.9,11.1,11.2,11,11.1,10.9,11.2,10.7,11.6,10.7,10.9,10.9,11]}},{"type":"Feature","geometry":{"type":"LineString","coordinates":[[72.5412,17.3942],[72.5407,17.3914],[72.5373,17.3837],[72.5325,17.3804],[72.5251,17.376],[72.5185,17.3759],[72.5102,17.3765],[72.5059,17.3799],[72.4986,17.3834],[72.4963,17.3878],[72.4968,17.3952],[72.4995,17.4002],[72.5055,17.4023],[72.5109,17.4058],[72.5178,17.4024],[72.5212,17.3978],[72.5208,17.3901],[72.5212,17.3853],[72.5262,17.3795],[72.5274,17.3742],[72.5328,17.3686],[72.5359,17.368],[72.5445,17.3683],[72.5488,17.3658],[72.5546,17.3588],[72.5597,17.3578],[72.5672,17.3537],[72.5736,17.3534],[72.5806,17.3535],[72.5845,17.3569],[72.5916,17.3601],[72.5976,17.3612],[72.6042,17.3641],[72.6109,17.3623],[72.6187,17.3569],[72.623,17.3566],[72.6271,17.3524],[72.6297,17.3484],[72.6316,17.3418],[72.6312,17.3365],[72.6252,17.3326],[72.6205,17.3329],[72.6135,17.3364],[72.6086,17.3411],[72.6056,17.3496],[72.604,17.353],[72.5969,17.3588],[72.5912,17.3614],[72.5842,17.3656],[72.5799,17.3689],[72.5744,17.3656],[72.5747,17.3611],[72.5779,17.353],[72.5827,17.3511],[72.5859,17.3553],[72.5858,17.359],[72.5903,17.3657],[72.5896,17.3719],[72.5868,17.38],[72.586,17.385],[72.5858,17.3942],[72.5856,17.3987],[72.5778,17.3979],[72.5723,17.395],[72.5682,17.389],[72.5663,17.3831],[72.5604,17.3793],[72.5554,17.3782],[72.5546,17.3717],[72.5585,17.368],[72.5642,17.3608],[72.5689,17.3575],[72.5791,17.356],[72.5838,17.3547],[72.5913,17.3525],[72.5929,17.3456],[72.5897,17.3367],[72.5854,17.3322],[72.5869,17.3248],[72.5917,17.3213],[72.5999,17.3176],[72.6042,17.314],[72.6062,17.3069],[72.6027,17.3035],[72.5952,17.3004],[72.591,17.2974],[72.5821,17.2926],[72.5794,17.2881],[72.575,17.281],[72.5683,17.2794],[72.5602,17.2783],[72.5576,17.2736],[72.5512,17.2711],[72.5471,17.268],[72.5437,17.261],[72.5419,17.2556],[72.536,17.2508],[72.5343,17.2475],[72.5312,17.2401],[72.5289,17.236],[72.5286,17.2284],[72.5308,17.225],[72.5336,17.2175],[72.5324,17.2133],[72.5327,17.2046],[72.5338,17.2005],[72.5387,17.1944],[72.5397,17.1887],[72.5418,17.1808],[72.5481,17.1818],[72.5539,17.186],[72.5557,17.1913],[72.5551,17.1988],[72.5531,17.2045],[72.5568,17.2117],[72.559,17.2169],[72.5655,17.2216],[72.5723,17.2223],[72.5796,17.223],[72.584,17.2261],[72.5876,17.2336],[72.5881,17.2385],[72.5891,17.2466],[72.5909,17.2503],[72.5982,17.2511],[72.6017,17.2537],[72.6029,17.2604],[72.6016,17.2662],[72.598,17.2742],[72.596,17.2786],[72.5928,17.2863],[72.5882,17.2887],[72.5852,17.2961],[72.5806,17.2956],[72.5773,17.2901],[72.5788,17.285],[72.5845,17.278],[72.5857,17.274],[72.5952,17.2685],[72.6004,17.2685],[72.6089,17.2642],[72.614,17.2642],[72.6196,17.2676],[72.6244,17.2676],[72.634,17.2678],[72.6405,17.2658],[72.6451,17.2609],[72.6474,17.2554],[72.6557,17.2531],[72.6619,17.253],[72.6698,17.2516],[72.6767,17.252],[72.6851,17.2507],[72.6908,17.2545],[72.6994,17.2536],[72.7037,17.2534],[72.7126,17.2517],[72.7183,17.2501],[72.7251,17.2515],[72.7305,17.254],[72.7381,17.2585],[72.7431,17.26],[72.7458,17.2661],[72.7461,17.2712],[72.7514,17.2774],[72.7557,17.2802],[72.7646,17.2787],[72.7691,17.2792],[72.776,17.2779],[72.7804,17.2757],[72.7891,17.275],[72.7921,17.2708],[72.7974,17.2661],[72.8019,17.2608],[72.8097,17.2586],[72.8152,17.2568],[72.8205,17.2515],[72.8262,17.2512],[72.8292,17.2589],[72.8286,17.2648],[72.8322,17.2702],[72.8316,17.2756],[72.8305,17.2869],[72.8327,17.2912],[72.8331,17.2983],[72.8287,17.3021],[72.821,17.304],[72.8153,17.3048],[72.8104,17.3101],[72.8051,17.3128],[72.8057,17.3195],[72.8102,17.3202],[72.816,17.3223],[72.8202,17.327],[72.8301,17.3273],[72.8355,17.3258],[72.8404,17.3298],[72.8436,17.3346],[72.8489,17.34],[72.8525,17.3453],[72.8487,17.3526],[72.8449,17.357],[72.8418,17.3645],[72.8417,17.3709],[72.8451,17.3778],[72.8489,17.3822],[72.845,17.3886],[72.8432,17.3926],[72.8495,17.3978],[72.8552,17.3994],[72.8589,17.4065],[72.8614,17.4108],[72.8655,17.4193],[72.8675,17.4235],[72.8705,17.4299],[72.8696,17.4355],[72.8709,17.4438],[72.8763,17.4482],[72.8786,17.4539],[72.8755,17.4591],[72.8764,17.4651],[72.8752,17.4702],[72.8681,17.4754],[72.8637,17.478],[72.8559,17.4794],[72.8524,17.4832],[72.8559,17.4902],[72.8546,17.4937],[72.8485,17.5005],[72.8455,17.5032],[72.838,17.5048],[72.8315,17.5026],[72.8248,17.4984],[72.8208,17.4961],[72.8141,17.4992],[72.809,17.5013],[72.8002,17.5029],[72.795,17.5055],[72.7874,17.5118],[72.782,17.5123],[72.773,17.5087],[72.7775,17.5042],[72.7843,17.5023],[72.789,17.5067],[72.7926,17.5],[72.7957,17.4966],[72.8019,17.4969],[72.8032,17.5005],[72.8001,17.508],[72.8014,17.5135],[72.8003,17.5201],[72.7929,17.5191],[72.7848,17.5221],[72.7819,17.5255],[72.7749,17.5288],[72.7686,17.5278],[72.7618,17.5272],[72.7575,17.525],[72.752,17.5211],[72.7465,17.5242],[72.7387,17.5233],[72.7342,17.5236],[72.7268,17.5214],[72.721,17.5205],[72.7184,17.5272],[72.7155,17.5313],[72.7093,17.5376],[72.708,17.5432],[72.7013,17.5432],[72.6975,17.5408],[72.69,17.5368],[72.6863,17.5321],[72.6839,17.5248],[72.6863,17.5204],[72.686,17.5141],[72.6869,17.5084],[72.6868,17.5014],[72.6886,17.4947],[72.6906,17.4879],[72.6914,17.4834],[72.6882,17.4744],[72.6882,17.4704],[72.6844,17.4649],[72.68,17.4642],[72.6731,17.4638],[72.6701,17.4587],[72.6738,17.4493],[72.6761,17.4452],[72.6786,17.4393],[72.6759,17.4353],[72.6669,17.4302],[72.6637,17.4286],[72.6577,17.4322],[72.6544,17.4358],[72.6505,17.4418],[72.6508,17.4474],[72.6569,17.4516],[72.6605,17.4563],[72.6654,17.4636],[72.6637,17.4705],[72.6584,17.4763],[72.6562,17.4817],[72.6542,17.4881],[72.6499,17.4895],[72.6424,17.495],[72.6356,17.4965],[72.6273,17.4969],[72.6243,17.5008],[72.622,17.5066],[72.6205,17.5119],[72.6173,17.5186],[72.6128,17.5171],[72.6058,17.5176],[72.6013,17.5186],[72.5982,17.5251],[72.5934,17.528],[72.5866,17.5261],[72.5818,17.5225],[72.5757,17.5159],[72.5732,17.5111],[72.5729,17.5041],[72.5708,17.4994],[72.5702,17.4903],[72.5662,17.486],[72.5619,17.4811],[72.5601,17.4752],[72.5631,17.4695],[72.5647,17.4659],[72.5747,17.4642],[72.581,17.4659],[72.5866,17.473],[72.589,17.4783],[72.5933,17.4851],[72.5959,17.4911],[72.6,17.4969],[72.604,17.5011],[72.6056,17.5074],[72.6,17.51],[72.5959,17.5183],[72.5916,17.5221],[72.5834,17.5249],[72.5785,17.5266],[72.5699,17.5273],[72.5665,17.5226],[72.5594,17.5214],[72.5551,17.523],[72.5476,17.5261],[72.5431,17.5284],[72.5351,17.5296],[72.5303,17.5257],[72.5279,17.5172],[72.5293,17.5138],[72.5341,17.5077],[72.5398,17.5069],[72.5495,17.5105],[72.5543,17.5083],[72.5592,17.5044],[72.5652,17.505],[72.5703,17.5066],[72.5723,17.5111],[72.5793,17.5162],[72.5832,17.5195],[72.5864,17.5261],[72.5897,17.5302],[72.593,17.5387],[72.5981,17.5433],[72.604,17.5489],[72.6048,17.554],[72.6031,17.5621],[72.6069,17.567],[72.6138,17.5697],[72.6189,17.5723],[72.6263,17.5746],[72.6262,17.5789],[72.6265,17.5847],[72.6303,17.5884],[72.6344,17.5951],[72.6392,17.5985],[72.6428,17.6067],[72.6463,17.6081],[72.6546,17.6121],[72.6614,17.6127],[72.6707,17.6144],[72.6768,17.6127],[72.6827,17.6132],[72.688,17.6165],[72.6949,17.6175],[72.6964,17.6223],[72.6912,17.6272],[72.6875,17.6243],[72.6814,17.6146],[72.6814,17.6081],[72.6812,17.6004],[72.6807,17.5971],[72.6813,17.5886],[72.6845,17.5834],[72.6908,17.5768],[72.6957,17.5737],[72.7023,17.5726],[72.7071,17.5734],[72.7118,17.5797],[72.7127,17.584],[72.7045,17.5849],[72.6985,17.5857],[72.6915,17.5886],[72.6863,17.5944],[72.6902,17.599],[72.6962,17.6],[72.7022,17.598],[72.7057,17.5955],[72.7048,17.5861],[72.7048,17.5817],[72.6986,17.5784],[72.6951,17.5763],[72.692,17.5673],[72.69,17.5616],[72.6921,17.553],[72.6951,17.5485],[72.7007,17.5443],[72.7061,17.5432],[72.7122,17.5371],[72.7163,17.5394],[72.7154,17.5444],[72.7138,17.5479],[72.705,17.547],[72.6978,17.5459],[72.6907,17.5459],[72.6863,17.5411],[72.6842,17.5334],[72.6795,17.5328],[72.6719,17.5299],[72.668,17.526],[72.6643,17.52],[72.6674,17.5165],[72.6762,17.5118],[72.6822,17.5134],[72.6901,17.5165],[72.6945,17.5158],[72.6986,17.5226],[72.7027,17.5272],[72.7018,17.5348],[72.7057,17.5394],[72.7072,17.5481],[72.7114,17.5514],[72.7157,17.558],[72.7174,17.5632],[72.7111,17.5645],[72.7071,17.5616],[72.7033,17.5552],[72.7001,17.5519],[72.6958,17.5466],[72.6939,17.5427],[72.6889,17.536],[72.6852,17.533],[72.6787,17.5296],[72.6761,17.5268],[72.6759,17.5196],[72.6774,17.5145],[72.681,17.5072],[72.6764,17.5035],[72.6697,17.5012],[72.6652,17.4977],[72.6595,17.4932],[72.6557,17.4904],[72.6459,17.4911],[72.6409,17.4939],[72.6319,17.4965],[72.6279,17.4924],[72.6202,17.4868],[72.6136,17.4876],[72.6066,17.4914],[72.6006,17.492],[72.5901,17.4932],[72.5904,17.4978],[72.5991,17.4989],[72.6045,17.4965],[72.6103,17.501],[72.6142,17.5053],[72.6209,17.5118],[72.6248,17.5155],[72.6243,17.5242],[72.6234,17.5294],[72.6224,17.5375],[72.623,17.5426],[72.6189,17.5493],[72.6144,17.5544],[72.6104,17.5587],[72.6093,17.5642],[72.6145,17.5708],[72.6128,17.5748],[72.609,17.5806],[72.6091,17.5869],[72.6044,17.5929],[72.599,17.5968],[72.5942,17.6021],[72.5882,17.6058],[72.5788,17.6007],[72.5753,17.5969],[72.5695,17.5923],[72.5643,17.5879],[72.562,17.5813],[72.5613,17.5768],[72.5628,17.5689],[72.5639,17.5635],[72.5663,17.5567],[72.5642,17.5528],[72.5595,17.554],[72.5571,17.5572],[72.5534,17.5651],[72.552,17.5709],[72.5466,17.5732],[72.5415,17.57],[72.5323,17.5707],[72.5276,17.5721],[72.5208,17.5777],[72.517,17.5812],[72.5144,17.5892],[72.5118,17.5936],[72.5083,17.6004],[72.5062,17.6059],[72.509,17.6115],[72.5154,17.6137],[72.5168,17.622],[72.5141,17.6263],[72.5121,17.6329],[72.5069,17.6356],[72.5017,17.6413],[72.4995,17.6455],[72.4977,17.652],[72.4947,17.6577],[72.4915,17.6624],[72.4903,17.6666],[72.4954,17.6702],[72.501,17.6726],[72.5049,17.6805],[72.5084,17.6835],[72.5152,17.6871],[72.5219,17.6866],[72.5286,17.6853],[72.5312,17.6805],[72.537,17.6764],[72.5401,17.6715],[72.5429,17.6643],[72.5469,17.6616],[72.5549,17.6568],[72.5601,17.6529],[72.5643,17.6462],[72.5678,17.6415],[72.5734,17.6385],[72.5796,17.6401],[72.5857,17.6412],[72.5916,17.6425],[72.5972,17.637],[72.6019,17.6339],[72.611,17.634],[72.6152,17.6316],[72.6209,17.6247],[72.6238,17.6206],[72.6234,17.6135],[72.6191,17.6113],[72.6151,17.6067],[72.6107,17.6038],[72.6059,17.5979],[72.6009,17.5952],[72.5945,17.5993],[72.5927,17.6029],[72.5891,17.6094],[72.5915,17.6141],[72.5967,17.6211],[72.5992,17.6249],[72.6028,17.6313],[72.6049,17.6379],[72.6092,17.6416],[72.6085,17.6473],[72.6031,17.6549],[72.6026,17.6601],[72.5977,17.6677],[72.5968,17.673],[72.5981,17.6816],[72.5987,17.6879],[72.6042,17.693],[72.6087,17.6958],[72.6164,17.6998],[72.6174,17.7044],[72.6156,17.7108],[72.6139,17.7157],[72.6114,17.7224],[72.6123,17.7272],[72.608,17.7341],[72.6039,17.7363],[72.5982,17.7396],[72.592,17.7409],[72.5849,17.7472],[72.582,17.7504],[72.5804,17.7581],[72.5844,17.7622],[72.5914,17.7653],[72.5944,17.7683],[72.593,17.7751],[72.589,17.7769],[72.5835,17.7819],[72.5818,17.7863],[72.5811,17.7946],[72.5789,17.8005],[72.5849,17.8062],[72.5901,17.8078],[72.5983,17.8084],[72.6037,17.8097],[72.6108,17.811],[72.6151,17.8136],[72.6202,17.8194],[72.6254,17.8217],[72.6344,17.8274],[72.6383,17.8309],[72.6439,17.8367],[72.6467,17.8415],[72.6524,17.8453],[72.6567,17.8498],[72.6615,17.8568],[72.6616,17.8613],[72.6585,17.869],[72.6579,17.8738],[72.6526,17.8804],[72.6531,17.8854],[72.6601,17.8903],[72.6629,17.8946],[72.6635,17.9027],[72.6659,17.9076],[72.673,17.9099],[72.6739,17.9162],[72.6731,17.9232],[72.674,17.9285],[72.6667,17.9324],[72.6619,17.9341],[72.6586,17.9413],[72.6563,17.9464],[72.6568,17.9561],[72.6535,17.959],[72.6483,17.9648],[72.6438,17.9659],[72.636,17.963],[72.6296,17.9629],[72.6239,17.9662],[72.6208,17.9709],[72.6189,17.9786],[72.6179,17.9844],[72.6203,17.9902],[72.6202,17.9967],[72.6254,18.0036],[72.629,18.0078],[72.6342,18.0079],[72.6385,18.0084],[72.6427,18.0148],[72.6438,18.019],[72.6498,18.0196],[72.6555,18.0171],[72.662,18.0122],[72.6652,18.0092],[72.6709,18.0042],[72.6747,18.003],[72.683,18.0005],[72.6888,18.0004],[72.6952,17.9949],[72.6988,17.9903],[72.6994,17.9823],[72.6969,17.9785],[72.6936,17.9712],[72.6927,17.9669],[72.6873,17.9603],[72.6852,17.9553],[72.6829,17.9484],[72.6862,17.9431],[72.6888,17.9359],[72.6922,17.9315],[72.6986,17.9248],[72.6964,17.9205],[72.6922,17.9141],[72.6954,17.9097],[72.7022,17.9063],[72.703,17.9004],[72.7081,17.8948],[72.7117,17.8919],[72.7116,17.8858],[72.707,17.8825],[72.7001,17.8852],[72.6961,17.8914],[72.6897,17.8955],[72.6842,17.894],[72.6788,17.8994],[72.6764,17.9028],[72.671,17.9097],[72.6671,17.9137],[72.6654,17.923],[72.6618,17.926],[72.6582,17.9328],[72.6537,17.9388],[72.6467,17.9435],[72.6414,17.9438],[72.6343,17.9399],[72.6353,17.9338],[72.6416,17.9302],[72.6436,17.9258],[72.6458,17.9174],[72.6445,17.9113],[72.6501,17.9048],[72.6554,17.9047],[72.6632,17.9047],[72.6675,17.9064],[72.6697,17.9006],[72.6684,17.8943],[72.6688,17.8873],[72.6722,17.8853],[72.6784,17.8851],[72.6843,17.8833],[72.691,17.8835],[72.6949,17.8864],[72.6938,17.895],[72.6917,17.8995],[72.6948,17.9069],[72.6977,17.9116],[72.7024,17.9184],[72.7048,17.921],[72.7126,17.9239],[72.7145,17.9191],[72.7218,17.9132],[72.7233,17.9083],[72.7272,17.9032],[72.7317,17.8996],[72.7385,17.8963],[72.7443,17.8961],[72.7532,17.8965],[72.7553,17.8913],[72.756,17.8841],[72.7519,17.8839],[72.7428,17.8838],[72.7372,17.8848],[72.7318,17.8808],[72.7283,17.8766],[72.7231,17.8697],[72.7195,17.8667],[72.7124,17.8644],[72.7084,17.8678],[72.709,17.8757],[72.7115,17.8803],[72.7187,17.885],[72.7261,17.8844],[72.732,17.8776],[72.7342,17.8732],[72.7382,17.8673],[72.7414,17.8654],[72.7469,17.8593],[72.7507,17.8558],[72.7546,17.8477],[72.7578,17.8431],[72.7623,17.8379],[72.7651,17.8336],[72.7721,17.827],[72.7771,17.8232],[72.7765,17.815],[72.774,17.8105],[72.7746,17.803],[72.7794,17.8013],[72.7867,17.8021],[72.7895,17.8067],[72.7856,17.8132],[72.7806,17.8127],[72.7708,17.8132],[72.7651,17.8147],[72.7594,17.8206],[72.7554,17.826],[72.756,17.8323],[72.7578,17.837],[72.7587,17.8461],[72.7572,17.8514],[72.7519,17.8554],[72.7501,17.8587],[72.7528,17.8663],[72.7533,17.8715],[72.7561,17.8806],[72.7593,17.8846],[72.7664,17.887],[72.77,17.889],[72.7794,17.892],[72.7857,17.8936],[72.7896,17.8998],[72.7891,17.9048],[72.7911,17.9119],[72.7962,17.9125],[72.804,17.9097],[72.8124,17.909],[72.8174,17.9153],[72.8191,17.9203],[72.8227,17.9262],[72.8282,17.9298],[72.8327,17.9364],[72.8358,17.9413],[72.8416,17.9401],[72.8447,17.9425],[72.8454,17.9498],[72.8424,17.9543],[72.8418,17.9618],[72.839,17.9661],[72.835,17.9744],[72.831,17.9775],[72.8257,17.9809],[72.8205,17.9811],[72.8154,17.981],[72.8115,17.977],[72.808,17.9697],[72.8067,17.9628],[72.8085,17.9556],[72.8093,17.9513],[72.8091,17.9424],[72.8091,17.9365],[72.8165,17.9289],[72.8216,17.9256],[72.8291,17.9236],[72.8347,17.9235],[72.8415,17.9251],[72.846,17.9243],[72.8535,17.9253],[72.8594,17.9226],[72.8634,17.9172],[72.8664,17.912],[72.8658,17.904],[72.8623,17.8992],[72.8586,17.8946],[72.8586,17.8891],[72.8565,17.8798],[72.8574,17.8752],[72.8639,17.8704],[72.8663,17.8656],[72.8663,17.8559],[72.8637,17.8528],[72.857,17.8543],[72.852,17.8551],[72.8452,17.8575],[72.8433,17.8609],[72.8402,17.8682],[72.8386,17.8739],[72.8386,17.8804],[72.8359,17.8853],[72.8307,17.8923],[72.829,17.8971],[72.8326,17.9042],[72.8365,17.9085],[72.8423,17.914],[72.8454,17.911],[72.8488,17.9028],[72.8534,17.9003],[72.8604,17.8981],[72.8652,17.8938],[72.8751,17.8924],[72.8782,17.8881],[72.877,17.8796],[72.8788,17.8748],[72.887,17.8701],[72.8911,17.8676],[72.8966,17.862],[72.9002,17.8598],[72.907,17.8542],[72.9108,17.8509],[72.9159,17.8481],[72.9201,17.8515],[72.9255,17.8568],[72.9265,17.8636],[72.9199,17.8697],[72.9156,17.8723],[72.9085,17.8766],[72.9041,17.8787],[72.9047,17.8865],[72.8984,17.891],[72.8965,17.8978],[72.8967,17.9031],[72.8971,17.9106],[72.8943,17.9163],[72.8882,17.9212],[72.8822,17.9226],[72.8756,17.9256],[72.8717,17.9283],[72.8654,17.9292],[72.8612,17.9273],[72.8551,17.9239],[72.8494,17.9206],[72.8434,17.915],[72.8407,17.9104],[72.8379,17.9029],[72.8382,17.8971],[72.8365,17.8888],[72.8301,17.8867],[72.8226,17.8842],[72.8186,17.8787],[72.8139,17.874],[72.8088,17.874],[72.7989,17.874],[72.7938,17.8741],[72.7851,17.874],[72.7802,17.8749],[72.7739,17.879],[72.769,17.8814],[72.7631,17.8809],[72.756,17.8804],[72.7502,17.8773],[72.7461,17.8722],[72.7486,17.8648],[72.7541,17.8655],[72.7556,17.8725],[72.7552,17.8776],[72.7606,17.884],[72.7635,17.8886],[72.7572,17.8957],[72.7571,17.8997],[72.7647,17.8996],[72.7706,17.9008],[72.7773,17.9039],[72.7828,17.9039],[72.7876,17.8969],[72.7886,17.8928],[72.7952,17.8888],[72.7956,17.8837],[72.7994,17.8769],[72.7998,17.8715],[72.8012,17.8613],[72.8034,17.8557],[72.8098,17.8507],[72.8144,17.8484],[72.8197,17.8417],[72.8223,17.8379],[72.8286,17.8358],[72.8344,17.8315],[72.8418,17.8269],[72.8428,17.8227],[72.8489,17.8174],[72.8546,17.8148],[72.8591,17.8073],[72.8634,17.8026],[72.8684,17.8064],[72.8744,17.8094],[72.8806,17.8152],[72.8872,17.8149],[72.8956,17.8158],[72.9009,17.8159],[72.908,17.8179],[72.9128,17.8204],[72.9203,17.8223],[72.9254,17.8196],[72.9349,17.8229],[72.9392,17.8219],[72.948,17.8191],[72.9545,17.8221],[72.9621,17.8272],[72.9683,17.8285],[72.9748,17.831],[72.9796,17.8324],[72.9828,17.8383],[72.9865,17.843],[72.9928,17.8434],[72.9974,17.8412],[73.0065,17.8373],[73.0078,17.8304],[73.0153,17.8231],[73.0177,17.8183],[73.0207,17.8101],[73.0264,17.8076],[73.0327,17.8057],[73.0384,17.8046],[73.0469,17.8039],[73.0519,17.8045],[73.0605,17.803],[73.0627,17.7987],[73.0589,17.794],[73.0536,17.7924],[73.0462,17.7875],[73.0444,17.7839],[73.0431,17.777],[73.0483,17.774],[73.0502,17.7682],[73.0553,17.769],[73.0595,17.7768],[73.0623,17.7812],[73.0701,17.7844],[73.0748,17.7846],[73.0823,17.788],[73.0863,17.7891],[73.0932,17.7924],[73.0953,17.7962],[73.0988,17.8017],[73.0949,17.8061],[73.0904,17.8124],[73.0873,17.8165],[73.0837,17.826],[73.0819,17.8315],[73.0818,17.8391],[73.0841,17.8448],[73.0815,17.8607],[73.0752,17.8641],[73.0707,17.8663],[73.064,17.8647],[73.0584,17.8625],[73.0508,17.866],[73.0496,17.8712],[73.0494,17.8778],[73.0444,17.8825],[73.0418,17.8904],[73.0439,17.8954],[73.0383,17.9013],[73.0339,17.8982],[73.0303,17.8913],[73.0268,17.8882],[73.0191,17.8894],[73.0135,17.8916],[73.0063,17.8944],[73.0013,17.8988],[72.9942,17.9035],[72.9921,17.9071],[72.9948,17.914],[73.0009,17.9163],[73.0086,17.9183],[73.0131,17.9228],[73.0183,17.928],[73.0244,17.9309],[73.0316,17.9348],[73.0325,17.9684],[73.0306,17.9692],[73.0274,17.9723],[73.0275,17.9793],[73.028,17.9839],[73.0175,18.0057],[73.0122,18.0073],[73.0054,18.0097],[72.9995,18.0112],[72.9925,18.0055],[72.9916,17.9999],[72.9888,17.9911],[72.987,17.9856],[72.9844,17.9782],[72.9811,17.9743],[72.9806,17.9667],[72.982,17.9619],[72.9848,17.9555],[72.9857,17.9508],[72.9824,17.9437],[72.9774,17.9423],[72.9708,17.9454],[72.9669,17.9471],[72.9674,17.9544],[72.9699,17.9589],[72.966,17.9662],[72.9614,17.9667],[72.9535,17.9652],[72.9492,17.9624],[72.9418,17.9616],[72.9381,17.9662],[72.9321,17.9689],[72.9274,17.9706],[72.9216,17.9645],[72.9204,17.9591],[72.9233,17.9531],[72.927,17.9491],[72.931,17.9433],[72.9315,17.9366],[72.9355,17.9299],[72.9361,17.9251],[72.943,17.9195],[72.9467,17.9159],[72.9525,17.911],[72.9557,17.9076],[72.9594,17.9003],[72.9629,17.8964],[72.9665,17.8893],[72.9697,17.8854],[72.9737,17.8793],[72.9752,17.874],[72.9767,17.8673],[72.9795,17.8621],[72.9846,17.8553],[72.9877,17.8508],[72.9839,17.8441],[72.9812,17.8406],[72.9724,17.8398],[72.9693,17.8339],[72.9615,17.8321],[72.9564,17.8292],[72.9604,17.8196],[72.9648,17.8173],[72.9687,17.8118],[72.9724,17.8074],[72.9732,17.8006],[72.974,17.7962],[72.9689,17.7921],[72.9652,17.7958],[72.9631,17.8046],[72.961,17.8093],[72.9599,17.8188],[72.9589,17.8219],[72.9612,17.8306],[72.9639,17.8353],[72.9715,17.8373],[72.9759,17.836],[72.9796,17.8282],[72.9848,17.8245],[72.9846,17.8188],[72.9805,17.8159],[72.973,17.8195],[72.9677,17.8229],[72.9614,17.8296],[72.9562,17.8316],[72.9506,17.8285],[72.9481,17.8234],[72.9548,17.8186],[72.9609,17.8157],[72.9692,17.813],[72.9755,17.8135],[72.9834,17.8135],[72.9876,17.8109],[72.996,17.8099],[73.0022,17.8095],[73.0077,17.8053],[73.0118,17.8011],[73.0156,17.7942],[73.0149,17.789],[73.0181,17.7824],[73.0203,17.777],[73.0197,17.7681],[73.0207,17.7629],[73.0199,17.7557],[73.014,17.7539],[73.0072,17.7552],[73.0031,17.759],[72.9967,17.7618],[72.9901,17.7653],[72.9824,17.7683],[72.9782,17.7672],[72.9688,17.7639],[72.9621,17.7613],[72.9533,17.7609],[72.9473,17.7627],[72.9384,17.7621]]},"properties":{"mmsi":995482465,"name":"Fishing 2465","role":"background","vessel_type":30,"synthetic":true,"t_offset_s":[-259200,-259080,-258720,-258480,-258120,-257880,-257520,-257280,-256920,-256680,-256320,-256080,-255720,-255480,-255120,-254880,-254520,-254280,-253920,-253680,-253320,-253080,-252720,-252480,-252120,-251880,-251520,-251280,-250920,-250680,-250320,-250080,-249720,-249480,-249120,-248880,-248520,-248280,-247920,-247680,-247320,-247080,-246720,-246480,-246120,-245880,-245520,-245280,-244920,-244680,-244320,-244080,-243720,-243480,-243120,-242880,-242520,-242280,-241920,-241680,-241320,-241080,-240720,-240480,-240120,-239880,-239520,-239280,-238920,-238680,-238320,-238080,-237720,-237480,-237120,-236880,-236520,-236280,-235920,-235680,-235320,-235080,-234720,-234480,-234120,-233880,-233520,-233280,-232920,-232680,-232320,-232080,-231720,-231480,-231120,-230880,-230520,-230280,-229920,-229680,-229320,-229080,-228720,-228480,-228120,-227880,-227520,-227280,-226920,-226680,-226320,-226080,-225720,-225480,-225120,-224880,-224520,-224280,-223920,-223680,-223320,-223080,-222720,-222480,-222120,-221880,-221520,-221280,-220920,-220680,-220320,-220080,-219720,-219480,-219120,-218880,-218520,-218280,-217920,-217680,-217320,-217080,-216720,-216480,-216120,-215880,-215520,-215280,-214920,-214680,-214320,-214080,-213720,-213480,-213120,-212880,-212520,-212280,-211920,-211680,-211320,-211080,-210720,-210480,-210120,-209880,-209520,-209280,-208920,-208680,-208320,-208080,-207720,-207480,-207120,-206880,-206520,-206280,-205920,-205680,-205320,-205080,-204720,-204480,-204120,-203880,-203520,-203280,-202920,-202680,-202320,-202080,-201720,-201480,-201120,-200880,-200520,-200280,-199920,-199680,-199320,-199080,-198720,-198480,-198120,-197880,-197520,-197280,-196920,-196680,-196320,-196080,-195720,-195480,-195120,-194880,-194520,-194280,-193920,-193680,-193320,-193080,-192720,-192480,-192120,-191880,-191520,-191280,-190920,-190680,-190320,-190080,-189720,-189480,-189120,-188880,-188520,-188280,-187920,-187680,-187320,-187080,-186720,-186480,-186120,-185880,-185520,-185280,-184920,-184680,-184320,-184080,-183720,-183480,-183120,-182880,-182520,-182280,-181920,-181680,-181320,-181080,-180720,-180480,-180120,-179880,-179520,-179280,-178920,-178680,-178320,-178080,-177720,-177480,-177120,-176880,-176520,-176280,-175920,-175680,-175320,-175080,-174720,-174480,-174120,-173880,-173520,-173280,-172920,-172680,-172320,-172080,-171720,-171480,-171120,-170880,-170520,-170280,-169920,-169680,-169320,-169080,-168720,-168480,-168120,-167880,-167520,-167280,-166920,-166680,-166320,-166080,-165720,-165480,-165120,-164880,-164520,-164280,-163920,-163680,-163320,-163080,-162720,-162480,-162120,-161880,-161520,-161280,-160920,-160680,-160320,-160080,-159720,-159480,-159120,-158880,-158520,-158280,-157920,-157680,-157320,-157080,-156720,-156480,-156120,-155880,-155520,-155280,-154920,-154680,-154320,-154080,-153720,-153480,-153120,-152880,-152520,-152280,-151920,-151680,-151320,-151080,-150720,-150480,-150120,-149880,-149520,-149280,-148920,-148680,-148320,-148080,-147720,-147480,-147120,-146880,-146520,-146280,-145920,-145680,-145320,-145080,-144720,-144480,-144120,-143880,-143520,-143280,-142920,-142680,-142320,-142080,-141720,-141480,-141120,-140880,-140520,-140280,-139920,-139680,-139320,-139080,-138720,-138480,-138120,-137880,-137520,-137280,-136920,-136680,-136320,-136080,-135720,-135480,-135120,-134880,-134520,-134280,-133920,-133680,-133320,-133080,-132720,-132480,-132120,-131880,-131520,-131280,-130920,-130680,-130320,-130080,-129720,-129480,-129120,-128880,-128520,-128280,-127920,-127680,-127320,-127080,-126720,-126480,-126120,-125880,-125520,-125280,-124920,-124680,-124320,-124080,-123720,-123480,-123120,-122880,-122520,-122280,-121920,-121680,-121320,-121080,-120720,-120480,-120120,-119880,-119520,-119280,-118920,-118680,-118320,-118080,-117720,-117480,-117120,-116880,-116520,-116280,-115920,-115680,-115320,-115080,-114720,-114480,-114120,-113880,-113520,-113280,-112920,-112680,-112320,-112080,-111720,-111480,-111120,-110880,-110520,-110280,-109920,-109680,-109320,-109080,-108720,-108480,-108120,-107880,-107520,-107280,-106920,-106680,-106320,-106080,-105720,-105480,-105120,-104880,-104520,-104280,-103920,-103680,-103320,-103080,-102720,-102480,-102120,-101880,-101520,-101280,-100920,-100680,-100320,-100080,-99720,-99480,-99120,-98880,-98520,-98280,-97920,-97680,-97320,-97080,-96720,-96480,-96120,-95880,-95520,-95280,-94920,-94680,-94320,-94080,-93720,-93480,-93120,-92880,-92520,-92280,-91920,-91680,-91320,-91080,-90720,-90480,-90120,-89880,-89520,-89280,-88920,-88680,-88320,-88080,-87720,-87480,-87120,-86880,-86520,-86280,-85920,-85680,-85320,-85080,-84720,-84480,-84120,-83880,-83520,-83280,-82920,-82680,-82320,-82080,-81720,-81480,-81120,-80880,-80520,-80280,-79920,-79680,-79320,-79080,-78720,-78480,-78120,-77880,-77520,-77280,-76920,-76680,-76320,-76080,-75720,-75480,-75120,-74880,-74520,-74280,-73920,-73680,-73320,-73080,-72720,-72480,-72120,-71880,-71520,-71280,-70920,-70680,-70320,-70080,-69720,-69480,-69120,-68880,-68520,-68280,-67920,-67680,-67320,-67080,-66720,-66480,-66120,-65880,-65520,-65280,-64920,-64680,-64320,-64080,-63720,-63480,-63120,-62880,-62520,-62280,-61920,-61680,-61320,-61080,-60720,-60480,-60120,-59880,-59520,-59280,-58920,-58680,-58320,-58080,-57720,-57480,-57120,-56880,-56520,-56280,-55920,-55680,-55320,-55080,-54720,-54480,-54120,-53880,-53520,-53280,-52920,-52680,-52320,-52080,-51720,-51480,-51120,-50880,-50520,-50280,-49920,-49680,-49320,-49080,-48720,-48480,-48120,-47880,-47520,-47280,-46920,-46680,-46320,-46080,-45720,-45480,-45120,-44880,-44520,-44280,-43920,-43680,-43320,-43080,-42720,-42480,-42120,-41880,-41520,-41280,-40920,-40680,-40320,-40080,-39720,-39480,-39120,-38880,-38520,-38280,-37920,-37680,-37320,-37080,-36720,-36480,-36120,-35880,-35520,-35280,-34920,-34680,-34320,-34080,-33720,-33480,-33120,-32880,-32520,-32280,-31920,-31680,-31320,-31080,-30720,-30480,-30120,-29880,-29520,-29280,-28920,-28680,-28320,-28080,-27720,-27480,-27120,-26880,-26520,-26280,-25920,-25680,-25320,-25080,-24720,-24480,-24120,-23880,-23520,-23280,-22920,-22680,-22320,-22080,-21720,-21480,-21120,-20880,-20520,-20280,-19920,-19680,-19320,-19080,-18720,-18480,-18120,-17880,-17520,-17280,-16920,-16680,-16320,-16080,-15720,-15480,-15120,-14880,-14520,-14280,-13920,-13680,-13320,-13080,-12720,-12480,-12120,-11880,-11520,-11280,-10920,-10680,-10320,-10080,-9720,-9480,-9120,-8880,-8520,-8280,-7920,-7680,-7320,-7080,-6720,-6480,-6120,-5880,-5520,-5280,-4920,-4680,-4320,-4080,-3720,-3480,-3120,-2880,-2520,-2280,-1920,-1680,-1320,-1080,-720,-480,-120,120,480,720,1080,1320,1680,1920,2280,2520,2880,3120,3480,3720,4080,4320,4680,4920,5280,5520,5880,6120,6480,6720,7080,7320,7680,7920,8280,8520,8880,9120,9480,9720,10080,10320,10680,10920,11280,11520,11880,12120,12480,12720,13080,13320,13680,13920,14280,14520,14880,15120,15480,15720,16080,16320,16680,16920,17280,17520,17880,18120,18480,18720,19080,19320,19680,19920,20280,20520,20880,21120,21480,21720,22080,22320,22680,22920,23280,23520,23880,24120,24480,24720,25080,25320,25680,25920,26280,26520,26880,27120,27480,27720,28080,28320,28680,28920,29280,29520,29880,30120,30480,30720,31080,31320,31680,31920,32280,32520,32880,33120,33480,33720,34080,34320,34680,34920,35280,35520,35880,36120,36480,36720,37080,37320,37680,37920,38280,38520,39720,40080,40320,40680,40920,41280,41520,41880,42120,42480,42720,43080,43320,43680,43920,44280,44520,44880,45120,45480,45720,46080,46320,46680,46920,47280,47520,47880,50760,50880,51120,51480,51720,53280,53520,53880,54120,54480,54720,55080,55320,55680,55920,56280,56520,56880,57120,57480,57720,58080,58320,58680,58920,59280,59520,59880,60120,60480,60720,61080,61320,61680,61920,62280,62520,62880,63120,63480,63720,64080,64320,64680,64920,65280,65520,65880,66120,66480,66720,67080,67320,67680,67920,68280,68520,68880,69120,69480,69720,70080,70320,70680,70920,71280,71520,71880,72120,72480,72720,73080,73320,73680,73920,74280,74520,74880,75120,75480,75720,76080,76320,76680,76920,77280,77520,77880,78120,78480,78720,79080,79320,79680,79920,80280,80520,80880,81120,81480,81720,82080,82320,82680,82920,83280,83520,83880,84120,84480,84720,85080,85320,85680,85920,86280],"sog":[4.8,5.2,5,5.9,4.8,6.8,3.1,4.9,5.2,4.8,4.8,5,2.8,4.4,4.2,3.7,4.4,4.5,4.4,4.7,5.2,2.7,4.6,4.5,4.6,5.3,3.7,5.1,4,4.1,3.7,5.8,5.3,5.1,6.1,3.5,3.8,3,6.4,4.7,3,4.9,3.5,3.1,6.1,3.8,5.1,7.4,4.3,6.1,4.6,5.5,4.7,3.8,4.2,3.4,4.2,6.2,5,4.3,5.3,4.7,4.4,6.9,4.8,5,5,4,2.7,5.2,4.7,3.5,5.5,4.5,4.3,6.7,5,4.7,4.5,3.8,5.4,5.2,5.3,5.3,5.6,4.1,6.3,4,6.3,7,3.6,3.2,3.3,4.4,3.7,4.7,5.2,3.2,5.3,2.9,4.2,3.5,4.4,3.9,5.1,3.5,3.7,4.9,4.3,6.4,2.6,6.1,4.6,5.4,6.2,5.8,5.2,3.6,4.5,3.9,4.1,3.9,5.3,3.5,4.1,4,4,3.6,3.8,4.6,4.8,5.3,4.2,3.7,3.9,4.6,3.5,4.3,6.9,4.6,6,4.2,4.5,4.9,5.9,6,3.6,4.5,2.4,5.4,4.2,5.8,4.8,5.7,2.8,5,5.4,4.8,4.5,4.5,7,5,3.8,4.7,3.8,3.4,3.6,3.5,5,2.9,4.8,4.5,3.5,7.5,3.8,5.2,4.1,4.6,5.1,5.2,3,5.6,8.1,5.7,4,4.4,4.2,4.7,4.6,5.2,3.8,4.6,5,4.6,5.1,5.5,2.3,5.5,4.8,4.5,5.8,3.5,3.8,5.2,4.9,5.7,6.2,3.8,6.1,3.4,3.1,3.1,3.8,4.5,5,3.5,5.5,6,3.9,5.1,4.3,3.9,4.7,4.9,5.1,5.2,5.6,3.5,6,2.5,3.7,5.4,5.7,4.4,4.1,2.9,5.2,5.2,5.4,5,5.4,5.9,3.2,5.5,5.6,3.6,4.6,3.6,4.9,4.4,3,5.3,6.8,3.6,5.8,6.6,3.7,3.7,5.5,5.9,4.1,4.7,3.8,5.5,5.5,4.9,6.4,3.9,6.1,3.6,5.4,5.6,6.5,4.5,4.1,2.8,5,5.7,3.2,4.6,6.7,4.3,4.2,2.7,3.1,6.8,5.1,4.6,5,3.8,5.9,2.8,3.2,4.9,5,5.7,5.6,5.5,5.7,7.4,5.3,5.5,3.5,4.4,5.6,5.8,3.9,6.1,3.5,4.8,2.5,4.6,5.8,3.9,5.4,3.9,4.1,4.7,5.9,5.2,3.1,3.4,4.8,5.7,2.6,6.1,2.8,3.9,6.4,5.5,5.3,4,4.4,5.7,4.9,4.9,3.4,5.4,5.1,4.3,4.1,5.7,7.1,5.6,3.2,5.8,4.8,4.1,3.7,5.9,5.1,4.9,5,4.5,4.2,3.9,5.4,4.8,4,4.7,5.1,5.1,4.3,4.6,6.2,5,6,6.2,3.2,5.8,5.1,5.4,4.1,4.4,4.6,4.3,5.1,5.3,6.7,3.7,5.1,5.9,4.7,5.6,3,5,3.6,5.1,4.8,4.5,8.1,4.8,2.6,3.3,5.3,5.5,4.9,6.9,3.6,3.2,5.2,3.9,5.3,4.1,4.1,6.7,3.8,4.9,3.4,4,5.8,3.9,5.1,3.9,5.5,6.3,6.6,5.7,2.9,4.8,4.5,5.6,2.6,2.6,5,7.2,4.8,6.9,6.9,4.7,4.7,3.2,3.3,3.9,5.4,5.9,4,2.7,4.6,6.3,4.4,4.2,7.4,4.7,4.8,4,5.1,3.4,4.9,4.8,4.7,5.3,4.1,3.6,3.4,4.4,4.9,6.1,4.3,6.8,3.9,4.1,4.5,4,5.4,5.2,5,5.3,6.7,5.5,4.2,6.2,7.2,5.4,6.1,5.4,6.7,5.4,6.3,4.9,5.3,5.6,5.3,6.5,5.4,4.8,3.2,6,3.2,4.5,4.3,4,5.1,5.7,3.2,7.3,5.1,4.7,4,6,5.2,3.3,3.6,5.1,3.6,4,3.9,3.8,4.2,4,4.4,4.4,6.1,4.9,6.4,4.3,3.9,4.8,4.4,5.3,3.2,5.8,4.3,4.4,3.9,5.4,4.4,4.2,3.5,4.4,2.8,3.9,5,6.1,4.2,4.6,5.3,6.4,4.4,5.4,4.8,3.8,4.2,4.6,6.8,4.9,4.7,4.7,3.6,5,2.8,5.3,6.8,4.7,5.1,3,5.1,5.1,4.4,6.4,4.2,4.6,4.8,3.9,3.5,3.5,2.9,3.1,4.9,4.4,3.4,5.9,3.3,5.6,6,5.8,5.7,5.2,4.4,5.3,5.5,4.4,5.5,5.3,4.9,5.3,5.4,4.7,5.5,5,2.6,4,7.8,2.9,4.9,5.2,4.9,5.6,3,3.1,4.2,3.9,4,5.9,4.8,5.5,5.4,3.3,3.4,4.5,4.8,6,6.1,4.7,3.1,5.4,3.9,7.2,6.1,4.4,4.8,4.3,4.6,5.7,5.1,4.1,4.3,4.7,4.6,7.1,4.1,5,5.1,4.7,5.3,4.1,6.1,4.8,5.4,3.4,5.1,6.5,5,5.9,4.9,6.1,4.1,5.8,3.6,5.3,3,4.3,5.7,3.9,4.4,5.7,3.7,4.6,4.2,3.5,4.1,6,6.3,6.5,6.9,6,3.7,3.6,5.9,6,3.8,5.4,4.5,5.1,5.7,5,2.9,4.8,3.9,4.8,4.6,4.2,3.7,6.4,3.6,5.8,5.8,4.2,7,2.9,5.8,5.1,5.8,3.4,4.2,7.4,4,5,3.6,6.8,4.1,4,5,6.9,5.2,4.9,5.6,3.9,4.2,5.8,5.4,3.7,3.6,4.6,3,3.3,6.4,5.7,5.6,3.2,5.3,3.9,5.5,4.7,7.1,4.4,3.1,4.4,5.8,4.4,5.1,5.4,4.7,4.3,4.3,4.7,4.7,3.5,5.7,4.6,4.6,5.2,5.1,3.6,5.6,7,4.8,4.6,6.3,3,3.9,5.3,6.6,5.9,2.7,5.6,6.1,4.4,4.3,4.2,4.2,4.2,2.4,6.6,3.5,3.8,4.9,5.2,4.3,5.1,4.2,4.2,6.6,3.5,3.9,2,4.4,5.4,6.3,5.6,3,5.2,5.1,4.6,5.8,5.5,5.1,5.8,4.7,7.2,6.1,4.7,5.3,5.7,4.9,6.6,3.8,4.2,3.2,3.6,3.9,4.7,4.7,5.5,4.5,5.6,4.3,4.8,6.8,6.9,5.1,4,5.4,5.2,7.5,5.5,4.8,5.9,5.2,2,4.1,4.9,5,4.4,6.5,4.6,4.3,5.3,5.9,3.8,3.4,4.4,6.4,4.7,4.5,4.3,4.6,4.1,6.2,5,5,4.4,5.3,4.9,5.8,5.4,4.4,4.1,5.7,4.2,3.2,6.4,5.7,4.6,5.4,4.4,5.5,3.6,3.7,3.2,5,4.4,2.5,4.8,3.6,7.6,5.5,3.6,4.5,5.3,2.2,5.4,3.7,5.1,5.8,6.3,5.2,5.2,5,4.9,4,4.5,4.8,5.9,3.7,4.5,5.3,5.7,4.9,6.4,5.7,6.6,4.3,4.5,6,3.8,5.2,6.5,4.1,4,4.2,6.5,2,5.1,4,5.2,5.2,4,4.2,4.7,5.1,3.2,4.4,4.7,4.1,4.7,5.5,2.7,6.6,6,4.1,5.8,7.3,5.1,5.1,3.7,5.5,3.3,3.9,5.5,3.9,3.7,6.2,5.5,5.3,5.8,2.5,5.9,3.8,6.3,5.5,4.3,3.5,4.7,4.7,5.5,6.2,4,6.5,5.1,6.6,6.5,5.3,4.9,4.4,5.8,3.9,4.3,5.6,7.9,6,5.6,5.5,4.8,4.8,6,3.9,2.4,5.2,4.1,3.4,4.1,5.8,3.8,3.7,5.7,3.5,6,7.8,5.2,5.5,3.7,4.9,3.4,4.7,3.3,4.8,4.3,4.6,4.3,6,4.2,4.2,5.2,3.1,4,4.5,3.6,6.1,4.1,3.1,5.7,6.2,4.7,4.6,5.2,6,4.7,4.1,5.8,5.7,5.2,4.4,5.5,3.9,5,6.5,4.8,5.1,4.5,6.2,5,5.8,4.3,4.2,3.6,4.7,4.8,5.7,4.1,4.2,5.4,4.8,4.7,6,5.6,4.9,4.5,4.1,4.4,3.7,3.9,4.9,3.5,4.8,4.6,5.2,5.2,3.7,4.5,4.4,4.5,4.8,3.7,4.2,6.1,6.1,3.3,4.2,5.3,5.7,5,4.1,6,5.5,3.4,4.1,5.8,4.5,4.4,4.5,3.6,4,4.1,5.2,5.6,4.3,5.4,4.6,5.3,7,5.2,4.7,6.7,3.1,4.8,5.5,4.7,2.9,4.5,4.8,4.2,5.1,7,3.9,4.2,5.5,6.9,3.9,5.5,5.6,3.2,3.4,5.6,5.3,5.7,4.9,4,5.6,4.8,6.1,4.6,6.2,5.2,3.3,5.7,4.3,4,5.5,4.9,3.9,4.8,5.7,5.8,5.6,5.6,5.5,5.1,4.6,3.6,6.7,4.6,4.7,4.5,7.3,4.8,3.6,4.4]}},{"type":"Feature","geometry":{"type":"LineString","coordinates":[[71.475,17.8964],[71.4755,17.8971],[71.477,17.9003],[71.4788,17.9017],[71.4804,17.9045],[71.482,17.906],[71.484,17.9088],[71.4862,17.9096],[71.4881,17.9125],[71.4888,17.9141],[71.4908,17.9133],[71.4899,17.9099],[71.488,17.908],[71.4862,17.9068],[71.4837,17.9055],[71.4812,17.9052],[71.4794,17.9019],[71.4792,17.9013],[71.4828,17.8994],[71.4863,17.9014],[71.4844,17.9046],[71.4827,17.905],[71.4804,17.9061],[71.4801,17.9079],[71.4798,17.9115],[71.4792,17.9146],[71.4798,17.9177],[71.4776,17.9193],[71.4744,17.9217],[71.4724,17.9205],[71.4715,17.9176],[71.4716,17.9155],[71.4717,17.912],[71.4692,17.9103],[71.4679,17.9069],[71.4669,17.9035],[71.4686,17.9012],[71.4699,17.8979],[71.4696,17.8944],[71.4703,17.892],[71.4719,17.8896],[71.4742,17.8893],[71.4776,17.8909],[71.48,17.8922],[71.4844,17.8917],[71.4854,17.8942],[71.4856,17.8987],[71.4859,17.8997],[71.4857,17.9049],[71.4866,17.9068],[71.4884,17.9094],[71.4884,17.9107],[71.4904,17.9133],[71.4937,17.913],[71.4965,17.9105],[71.4971,17.9071],[71.4947,17.9076],[71.4937,17.9096],[71.4909,17.9133],[71.4918,17.9157],[71.4908,17.9201],[71.4913,17.9224],[71.4922,17.9245],[71.4925,17.9259],[71.4907,17.9295],[71.4882,17.933],[71.4887,17.9367],[71.4902,17.9385],[71.4954,17.939],[71.4955,17.939],[71.4957,17.9409],[71.4956,17.9436],[71.497,17.9455],[71.4964,17.9474],[71.4953,17.9506],[71.4961,17.9531],[71.4942,17.9559],[71.492,17.9571],[71.4896,17.9593],[71.4887,17.9616],[71.4853,17.965],[71.4845,17.9669],[71.4813,17.9689],[71.4783,17.9694],[71.4742,17.97],[71.4718,17.9717],[71.471,17.9747],[71.4705,17.9763],[71.4707,17.979],[71.4709,17.9818],[71.4687,17.9852],[71.4671,17.9869],[71.4651,17.9874],[71.4627,17.9892],[71.4592,17.9911],[71.4565,17.9918],[71.4551,17.9938],[71.4556,17.9967],[71.4567,18.0003],[71.4569,18.0018],[71.4542,18.0047],[71.4521,18.008],[71.451,18.0112],[71.4506,18.0138],[71.4508,18.0166],[71.4494,18.0207],[71.4487,18.022],[71.447,18.0248],[71.4433,18.0243],[71.4397,18.0262],[71.4366,18.0261],[71.4343,18.0275],[71.4315,18.0287],[71.4289,18.0292],[71.4265,18.031],[71.4254,18.0338],[71.4248,18.0393],[71.4243,18.0413],[71.4234,18.0433],[71.4219,18.0445],[71.4207,18.0464],[71.4214,18.0487],[71.4214,18.052],[71.4228,18.0547],[71.4238,18.0578],[71.4223,18.0593],[71.4227,18.064],[71.4256,18.0653],[71.4289,18.0658],[71.4305,18.0649],[71.432,18.0611],[71.4324,18.058],[71.4355,18.0572],[71.4376,18.0565],[71.4399,18.0553],[71.4414,18.0543],[71.445,18.053],[71.4458,18.0511],[71.4498,18.0517],[71.4521,18.0529],[71.4544,18.0573],[71.4563,18.0619],[71.458,18.0658],[71.4584,18.0678],[71.4603,18.0687],[71.4623,18.0699],[71.4662,18.0704],[71.468,18.0692],[71.4715,18.0698],[71.4742,18.07],[71.4781,18.0675],[71.4794,18.0665],[71.4838,18.0643],[71.486,18.0624],[71.4883,18.0634],[71.4886,18.0663],[71.4899,18.0712],[71.4895,18.0732],[71.4879,18.0765],[71.4865,18.0786],[71.486,18.0822],[71.4853,18.0848],[71.4841,18.088],[71.4838,18.0885],[71.483,18.0915],[71.4829,18.093],[71.4817,18.0955],[71.4821,18.0974],[71.4845,18.102],[71.4854,18.1035],[71.4875,18.1041],[71.4891,18.105],[71.4944,18.1057],[71.4956,18.1045],[71.4992,18.1011],[71.5027,18.1011],[71.506,18.103],[71.5076,18.1054],[71.5096,18.1079],[71.5111,18.1109],[71.5139,18.1148],[71.5153,18.1169],[71.5187,18.1202],[71.5213,18.121],[71.5235,18.1203],[71.5243,18.1194],[71.5277,18.1163],[71.5287,18.1159],[71.5315,18.1158],[71.5323,18.1141],[71.5349,18.1108],[71.5377,18.1096],[71.5409,18.1091],[71.5429,18.1092],[71.5463,18.1096],[71.5463,18.112],[71.5457,18.1162],[71.5469,18.1177],[71.5478,18.1203],[71.5457,18.1235],[71.5423,18.1238],[71.5389,18.123],[71.537,18.1226],[71.5348,18.1221],[71.5335,18.1204],[71.5336,18.1178],[71.5373,18.1153],[71.5379,18.1131],[71.5342,18.1105],[71.5316,18.1109],[71.5269,18.1082],[71.5252,18.1078],[71.5222,18.1079],[71.5188,18.1087],[71.5153,18.109],[71.5131,18.1075],[71.5096,18.1041],[71.5099,18.1016],[71.5105,18.0979],[71.5129,18.0958],[71.5152,18.0937],[71.5169,18.0918],[71.5185,18.0885],[71.5189,18.0853],[71.5218,18.0817],[71.5217,18.0787],[71.5201,18.0759],[71.5175,18.075],[71.5136,18.0751],[71.5126,18.0773],[71.5136,18.0796],[71.5135,18.0822],[71.513,18.0847],[71.5114,18.0863],[71.5081,18.0845],[71.5062,18.0854],[71.5039,18.0858],[71.501,18.0834],[71.5006,18.0805],[71.4997,18.0795],[71.4988,18.0761],[71.4988,18.0734],[71.4997,18.0708],[71.5017,18.0691],[71.5037,18.0658],[71.5045,18.0644],[71.5015,18.0606],[71.4975,18.0617],[71.4935,18.0629],[71.4911,18.0647],[71.4883,18.0679],[71.4886,18.0712],[71.4908,18.0717],[71.4929,18.0706],[71.4943,18.0678],[71.4959,18.0665],[71.4994,18.0667],[71.5012,18.0698],[71.5017,18.0728],[71.5008,18.0753],[71.5007,18.0784],[71.5039,18.0812],[71.5062,18.0845],[71.5063,18.0863],[71.5048,18.09],[71.5054,18.0911],[71.5058,18.0962],[71.5082,18.0976],[71.5105,18.1009],[71.5109,18.1033],[71.5125,18.1075],[71.514,18.1088],[71.5171,18.1125],[71.5183,18.1151],[71.5214,18.1188],[71.5229,18.1197],[71.5238,18.1211],[71.5261,18.1239],[71.5292,18.1239],[71.5302,18.1239],[71.5327,18.122],[71.5349,18.1197],[71.5372,18.1207],[71.5391,18.1218],[71.5405,18.1247],[71.5423,18.1271],[71.5455,18.1296],[71.5483,18.1308],[71.5501,18.1334],[71.552,18.1344],[71.552,18.1353],[71.5517,18.1375],[71.5509,18.1414],[71.5513,18.143],[71.551,18.1462],[71.5494,18.148],[71.5483,18.15],[71.5469,18.1519],[71.5463,18.1554],[71.546,18.1573],[71.5445,18.1592],[71.5432,18.1599],[71.5402,18.164],[71.5392,18.1652],[71.5385,18.1671],[71.5362,18.1702],[71.5356,18.1743],[71.5359,18.1774],[71.5383,18.1808],[71.5399,18.1834],[71.5412,18.1862],[71.5405,18.1899],[71.541,18.1927],[71.5402,18.1938],[71.5373,18.1928],[71.5372,18.1918],[71.5369,18.1898],[71.5382,18.1883],[71.5402,18.1837],[71.5403,18.1812],[71.5387,18.1788],[71.5376,18.1787],[71.5339,18.1766],[71.5327,18.1749],[71.5297,18.1742],[71.5287,18.1737],[71.5271,18.1733],[71.5255,18.1713],[71.5218,18.1692],[71.5198,18.1659],[71.5192,18.1637],[71.5186,18.1624],[71.518,18.1597],[71.5177,18.1568],[71.5202,18.1541],[71.5214,18.1565],[71.5215,18.1587],[71.5203,18.1611],[71.519,18.1654],[71.5185,18.1676],[71.5149,18.1712],[71.5147,18.1728],[71.5133,18.1749],[71.5123,18.1767],[71.5099,18.1811],[71.5072,18.1821],[71.5053,18.1828],[71.5044,18.1832],[71.5007,18.1847],[71.4995,18.1849],[71.4982,18.1852],[71.4955,18.1864],[71.4927,18.1887],[71.4907,18.1898],[71.4863,18.1912],[71.4858,18.191],[71.4845,18.1883],[71.4841,18.1849],[71.4799,18.181],[71.4778,18.1808],[71.4736,18.1813],[71.4709,18.1815],[71.4681,18.1816],[71.4679,18.1813],[71.4653,18.1801],[71.4641,18.1781],[71.462,18.1759],[71.461,18.1749],[71.4581,18.1735],[71.4564,18.1721],[71.457,18.1692],[71.4596,18.1665],[71.4629,18.1642],[71.4638,18.163],[71.4679,18.1604],[71.4685,18.1575],[71.4708,18.1555],[71.4742,18.155],[71.4777,18.1534],[71.4795,18.1526],[71.4834,18.1551],[71.4831,18.1569],[71.4804,18.1599],[71.4779,18.1616],[71.4727,18.1632],[71.4709,18.1651],[71.4673,18.1666],[71.4655,18.1682],[71.4636,18.1714],[71.4621,18.1727],[71.4614,18.1735],[71.4623,18.1753],[71.462,18.1783],[71.4601,18.1801],[71.4592,18.1834],[71.4593,18.1846],[71.4619,18.1883],[71.4616,18.1916],[71.4627,18.1931],[71.4634,18.1944],[71.4639,18.197],[71.4658,18.2],[71.4689,18.2016],[71.4713,18.202],[71.4745,18.2041],[71.4749,18.2045],[71.4765,18.2084],[71.4789,18.2105],[71.4806,18.2141],[71.4829,18.2168],[71.4868,18.219],[71.4873,18.2197],[71.4909,18.2204],[71.4937,18.2208],[71.4959,18.2242],[71.4962,18.2261],[71.4989,18.2279],[71.4999,18.2281],[71.5026,18.2293],[71.5045,18.2306],[71.5076,18.2306],[71.5111,18.2321],[71.513,18.2351],[71.5152,18.2372],[71.5175,18.2402],[71.5187,18.2429],[71.5196,18.2459],[71.5196,18.2467],[71.5175,18.249],[71.517,18.2517],[71.5195,18.2532],[71.5216,18.2527],[71.5235,18.25],[71.5253,18.2477],[71.5287,18.2468],[71.5299,18.2474],[71.5325,18.2448],[71.5317,18.2428],[71.5292,18.2399],[71.5279,18.238],[71.5274,18.235],[71.5266,18.2324],[71.5303,18.2314],[71.5322,18.2306],[71.5336,18.2299],[71.5362,18.2276],[71.5386,18.2241],[71.5384,18.2224],[71.5382,18.219],[71.5378,18.2167],[71.536,18.2131],[71.5342,18.2108],[71.5316,18.207],[71.5298,18.2043],[71.5288,18.2019],[71.5275,18.1997],[71.5265,18.1968],[71.5273,18.1935],[71.5278,18.1909],[71.5309,18.1912],[71.5343,18.1903],[71.5368,18.1891],[71.539,18.1874],[71.5393,18.1865],[71.5376,18.1847],[71.5361,18.1847],[71.5334,18.184],[71.532,18.1846],[71.5325,18.1882],[71.5326,18.1906],[71.5334,18.195],[71.5361,18.1973],[71.5398,18.1961],[71.5416,18.1961],[71.5437,18.1949],[71.544,18.1933],[71.5472,18.1896],[71.5501,18.1901],[71.5511,18.1917],[71.5528,18.1939],[71.5548,18.195],[71.5577,18.1963],[71.5579,18.1975],[71.5585,18.2017],[71.5571,18.2041],[71.5549,18.2041],[71.553,18.2018],[71.5516,18.2006],[71.5479,18.1986],[71.5469,18.1969],[71.5486,18.1936],[71.5509,18.1937],[71.5537,18.1967],[71.5555,18.197],[71.56,18.1986],[71.5615,18.2009],[71.5615,18.2048],[71.5618,18.2064],[71.5591,18.2085],[71.556,18.2102],[71.5522,18.2112],[71.5507,18.2126],[71.5489,18.2152],[71.5475,18.216],[71.5477,18.2193],[71.5484,18.2214],[71.5512,18.2204],[71.5526,18.2204],[71.5567,18.2225],[71.5586,18.2236],[71.5615,18.2238],[71.5632,18.2225],[71.5667,18.2206],[71.5675,18.2204],[71.5729,18.2212],[71.575,18.2197],[71.5787,18.219],[71.5814,18.2189],[71.5861,18.2193],[71.5893,18.2195],[71.5917,18.2219],[71.5924,18.2225],[71.592,18.2262],[71.5914,18.2279],[71.5899,18.2296],[71.586,18.2295],[71.5835,18.2316],[71.5827,18.2339],[71.5794,18.2367],[71.579,18.2388],[71.5809,18.2416],[71.5825,18.2438],[71.582,18.2468],[71.5816,18.2494],[71.5789,18.2499],[71.5777,18.2515],[71.5773,18.2548],[71.5769,18.2569],[71.5757,18.2599],[71.5742,18.2626],[71.5699,18.2651],[71.5674,18.2665],[71.5641,18.2661],[71.5625,18.2656],[71.5591,18.2658],[71.5567,18.2661],[71.5542,18.2645],[71.5537,18.2628],[71.5536,18.2598],[71.5537,18.2593],[71.5553,18.2578],[71.5567,18.2576],[71.5589,18.2592],[71.5588,18.262],[71.5604,18.2646],[71.5606,18.2671],[71.5628,18.2696],[71.5666,18.2705],[71.5702,18.2696],[71.5737,18.2687],[71.5768,18.2676],[71.5793,18.267],[71.5822,18.2647],[71.5837,18.2626],[71.5825,18.2591],[71.5843,18.2568],[71.5871,18.2571],[71.5894,18.2583],[71.5902,18.2606],[71.593,18.2622],[71.5967,18.2623],[71.5987,18.2627],[71.6024,18.2626],[71.6054,18.263],[71.6065,18.2614],[71.6071,18.2586],[71.6074,18.2571],[71.6083,18.2547],[71.6098,18.2506],[71.609,18.2488],[71.6064,18.248],[71.6027,18.2474],[71.5997,18.2451],[71.5984,18.2466],[71.5972,18.2438],[71.5973,18.2424],[71.5966,18.2398],[71.596,18.2382],[71.594,18.2355],[71.593,18.2347],[71.5922,18.2328],[71.5926,18.2313],[71.5942,18.2285],[71.5957,18.227],[71.5995,18.2244],[71.6008,18.2248],[71.6035,18.2264],[71.6062,18.2271],[71.6115,18.228],[71.6156,18.2306],[71.6179,18.2309],[71.6185,18.2308],[71.6219,18.2304],[71.6241,18.2299],[71.6263,18.2277],[71.6278,18.2254],[71.6314,18.2259],[71.6345,18.2274],[71.6382,18.2275],[71.6404,18.2264],[71.6424,18.2243],[71.6433,18.2241],[71.6469,18.2253],[71.6479,18.2258],[71.6502,18.2278],[71.6514,18.229],[71.6561,18.2281],[71.6564,18.2251],[71.6578,18.2217],[71.6578,18.2196],[71.6582,18.2157],[71.6583,18.2119],[71.6647,18.2083],[71.666,18.207],[71.6641,18.2032],[71.6631,18.2034],[71.6597,18.2033],[71.6561,18.2038],[71.6537,18.2066],[71.6517,18.2088],[71.6508,18.2132],[71.6524,18.2152],[71.6555,18.218],[71.6585,18.2195],[71.6629,18.2184],[71.6657,18.2175],[71.6676,18.2151],[71.6697,18.2151],[71.6712,18.2147],[71.6732,18.2127],[71.6753,18.2104],[71.6762,18.209],[71.6789,18.2106],[71.68,18.2135],[71.6822,18.2134],[71.6839,18.2139],[71.6868,18.2162],[71.6887,18.2184],[71.6901,18.2215],[71.6897,18.2227],[71.6875,18.2198],[71.6876,18.2179],[71.6851,18.2137],[71.6845,18.2122],[71.6831,18.2103],[71.68,18.2097],[71.6763,18.2096],[71.6752,18.2116],[71.6711,18.2153],[71.6694,18.2175],[71.6685,18.2187],[71.6682,18.2219],[71.6668,18.224],[71.6652,18.2267],[71.6635,18.2287],[71.6617,18.2303],[71.6591,18.233],[71.6578,18.2355],[71.6571,18.239],[71.6572,18.2412],[71.6544,18.2444],[71.6529,18.2473],[71.6538,18.2499],[71.6546,18.2509],[71.655,18.2543],[71.6547,18.2587],[71.6541,18.2632],[71.656,18.2653],[71.6603,18.2689],[71.6612,18.2704],[71.6625,18.2741],[71.6638,18.2722],[71.6655,18.268],[71.6648,18.2659],[71.6612,18.2653],[71.658,18.2649],[71.6553,18.2629],[71.6531,18.2618],[71.6522,18.2574],[71.6535,18.2558],[71.6545,18.2551],[71.6558,18.2536],[71.6576,18.2508],[71.6595,18.2472],[71.6632,18.2473],[71.664,18.2494],[71.6625,18.2498],[71.6612,18.2498],[71.6591,18.25],[71.6578,18.25],[71.655,18.2509],[71.654,18.2529],[71.6504,18.2531],[71.6477,18.2531],[71.6423,18.2541],[71.6415,18.2552],[71.6394,18.2592],[71.637,18.2603],[71.6314,18.2606],[71.6293,18.2627],[71.6266,18.2656],[71.6226,18.2662],[71.6194,18.2673],[71.6171,18.2679],[71.6156,18.2698],[71.6152,18.2723],[71.6145,18.2762],[71.6129,18.2772],[71.6107,18.2797],[71.6115,18.2814],[71.615,18.2817],[71.6192,18.2823],[71.621,18.2828],[71.6238,18.2815],[71.6258,18.2816],[71.6278,18.2832],[71.6322,18.2819],[71.6335,18.2815],[71.6349,18.2799],[71.6348,18.2778],[71.6341,18.2739],[71.6343,18.2702],[71.6342,18.2672],[71.6326,18.2653],[71.6302,18.2647],[71.6274,18.2667],[71.6248,18.2711],[71.6236,18.2739],[71.624,18.2765],[71.6254,18.2795],[71.6294,18.2818],[71.6313,18.2813],[71.6339,18.281],[71.6351,18.2797],[71.6387,18.2753],[71.639,18.2734],[71.64,18.2707],[71.6407,18.2674],[71.6426,18.2657],[71.645,18.265],[71.6485,18.2622],[71.6485,18.2606],[71.6509,18.2569],[71.6516,18.2547],[71.6524,18.2516],[71.6518,18.2487],[71.653,18.2451],[71.6512,18.2437],[71.6506,18.2423],[71.6498,18.2406],[71.6477,18.2374],[71.6456,18.2358],[71.6426,18.2336],[71.6418,18.2331],[71.6411,18.2311],[71.6405,18.2304],[71.6375,18.2287],[71.6357,18.2292],[71.6335,18.2273],[71.633,18.2251],[71.6306,18.2208],[71.6301,18.2202],[71.627,18.2173],[71.6269,18.2156],[71.6282,18.2121],[71.6293,18.2094],[71.631,18.2065],[71.6305,18.2037],[71.6291,18.2022],[71.6282,18.2017],[71.6298,18.1982],[71.6296,18.197],[71.6339,18.1975],[71.6353,18.1976],[71.6389,18.1953],[71.64,18.195],[71.6427,18.1954],[71.6434,18.1984],[71.6409,18.2021],[71.6388,18.2034],[71.6363,18.2083],[71.6354,18.2094],[71.6329,18.2096],[71.6297,18.2111],[71.6284,18.2132],[71.6257,18.2144],[71.6237,18.2163],[71.622,18.2191],[71.6218,18.2229],[71.6216,18.2261],[71.6199,18.2268],[71.6189,18.2284],[71.6149,18.2267],[71.6132,18.2252],[71.6113,18.2217],[71.6102,18.22],[71.6074,18.2166],[71.6055,18.2158],[71.6031,18.2122],[71.6021,18.2094],[71.6028,18.205],[71.6015,18.2027],[71.6016,18.1988],[71.6,18.1967],[71.5965,18.1938],[71.5961,18.191],[71.5962,18.1876],[71.5945,18.1865],[71.5918,18.1874],[71.5916,18.189],[71.5892,18.1924],[71.5862,18.194],[71.5828,18.1953],[71.583,18.1967],[71.5792,18.1987],[71.5768,18.2003],[71.5742,18.201],[71.5736,18.2043],[71.5731,18.2084],[71.5735,18.2101],[71.5729,18.2145],[71.5727,18.2172],[71.5748,18.2216],[71.5771,18.2233],[71.5774,18.226],[71.5764,18.2266],[71.5724,18.2267],[71.5696,18.2261],[71.5678,18.2297],[71.5659,18.2308],[71.5635,18.2278],[71.5629,18.2265],[71.5627,18.2235],[71.562,18.2209],[71.5587,18.2205],[71.5564,18.2213],[71.552,18.2259],[71.5502,18.2269],[71.5457,18.2302],[71.545,18.2305],[71.5419,18.231],[71.539,18.2334],[71.5357,18.2317],[71.5324,18.2311],[71.5283,18.2334],[71.527,18.2345],[71.5243,18.2346],[71.5217,18.2333],[71.5214,18.2289],[71.5211,18.226],[71.5219,18.2218],[71.5225,18.2187],[71.5204,18.218],[71.5185,18.2182],[71.5169,18.2175],[71.5135,18.2148],[71.5108,18.2125],[71.5087,18.2092],[71.5067,18.2058],[71.5039,18.205],[71.5015,18.2062],[71.4997,18.2065],[71.4971,18.2062],[71.4959,18.2069],[71.4919,18.2042],[71.4931,18.2024],[71.4964,18.1997],[71.4966,18.1977],[71.4959,18.1942],[71.4942,18.1926],[71.4902,18.1915],[71.4874,18.191],[71.482,18.192],[71.4801,18.1928],[71.4779,18.1956],[71.4758,18.1968],[71.4714,18.1967],[71.4677,18.1969],[71.4645,18.1945],[71.4646,18.1911],[71.4626,18.1896],[71.4606,18.1891],[71.4574,18.1877],[71.4551,18.1866],[71.4546,18.184],[71.4545,18.1823],[71.4541,18.1793],[71.4536,18.178],[71.4532,18.1749],[71.4515,18.1728],[71.4498,18.1725],[71.4478,18.173],[71.4459,18.1746],[71.445,18.1759],[71.4436,18.181],[71.4406,18.1825],[71.4378,18.1857],[71.4363,18.1885],[71.4324,18.1901],[71.4299,18.1926],[71.4271,18.1949],[71.4251,18.197],[71.4243,18.1997],[71.4247,18.2032],[71.4225,18.2039],[71.4203,18.2058],[71.4183,18.2094],[71.4158,18.2112],[71.4133,18.2114],[71.4125,18.2085],[71.4101,18.2053],[71.4114,18.2035],[71.4145,18.2025],[71.4159,18.2009],[71.4161,18.197],[71.417,18.1931],[71.4153,18.189],[71.4174,18.1887],[71.4204,18.1885],[71.4223,18.1886],[71.4238,18.1848],[71.4243,18.1838],[71.4261,18.1836],[71.428,18.184],[71.4315,18.1856],[71.4328,18.1865],[71.4356,18.1899],[71.4366,18.1913],[71.4397,18.1928],[71.4424,18.1937],[71.4459,18.1947],[71.4482,18.1946],[71.451,18.196],[71.4534,18.1986],[71.4542,18.2014],[71.4518,18.2009],[71.4489,18.1988],[71.4508,18.1967],[71.4523,18.1963],[71.4539,18.1974],[71.4573,18.1999],[71.4596,18.2006],[71.463,18.2026],[71.4655,18.2049],[71.4684,18.2064],[71.47,18.2063],[71.4735,18.2056],[71.4765,18.2055],[71.4796,18.207],[71.482,18.2076],[71.484,18.2124],[71.4842,18.2154],[71.4856,18.2185],[71.488,18.2189],[71.4916,18.2184],[71.4939,18.2156],[71.4943,18.2125],[71.4941,18.211],[71.496,18.209],[71.4985,18.2091],[71.5021,18.2099],[71.5019,18.2118],[71.4988,18.2141],[71.4954,18.2151],[71.4935,18.216],[71.4906,18.2169],[71.4899,18.2164],[71.4881,18.2143],[71.4874,18.2103],[71.4876,18.2089],[71.4884,18.2061],[71.4897,18.2032],[71.4923,18.2011],[71.4926,18.1979],[71.4899,18.196],[71.4869,18.1951],[71.4832,18.1962],[71.4797,18.1978],[71.4771,18.1998],[71.4754,18.2021],[71.4743,18.205],[71.4735,18.2084],[71.4704,18.2101],[71.4689,18.2096],[71.4649,18.2105],[71.4613,18.2103],[71.4581,18.212],[71.4563,18.2122],[71.4522,18.213],[71.4511,18.2125],[71.4493,18.209],[71.4497,18.2056],[71.4505,18.2018],[71.4512,18.1983],[71.4493,18.1944],[71.4489,18.1929],[71.4487,18.1901],[71.4462,18.1883],[71.4431,18.1881],[71.4389,18.188],[71.4343,18.1879],[71.4327,18.1888],[71.4315,18.191],[71.433,18.194],[71.4329,18.1972],[71.4332,18.1995],[71.4338,18.2026],[71.4325,18.2042],[71.4275,18.2044],[71.4249,18.2059],[71.4217,18.2063],[71.4191,18.2074],[71.4195,18.2123],[71.4183,18.2144],[71.4167,18.2173],[71.4163,18.2203],[71.414,18.223],[71.4111,18.2231],[71.408,18.2232],[71.4059,18.2233],[71.4003,18.2221],[71.3991,18.2229],[71.3958,18.2237],[71.394,18.224],[71.3905,18.2255],[71.3886,18.2257],[71.3853,18.2238],[71.3836,18.2233],[71.3804,18.2233],[71.3781,18.2209],[71.3779,18.218],[71.3781,18.2155],[71.3782,18.2134],[71.3801,18.2115],[71.3847,18.2147],[71.3856,18.2161],[71.387,18.2191],[71.3878,18.2217],[71.3851,18.2248],[71.3829,18.2256],[71.3803,18.2244],[71.3796,18.2233],[71.3803,18.2204],[71.3809,18.2188],[71.3815,18.2174],[71.3831,18.2153],[71.3856,18.2136],[71.3888,18.2128],[71.3924,18.2146],[71.3945,18.2127],[71.3969,18.2105],[71.3984,18.2091],[71.4001,18.2078],[71.4041,18.2059],[71.4055,18.2022],[71.405,18.2017],[71.4011,18.2027],[71.399,18.2023],[71.3963,18.1995],[71.3956,18.1975],[71.3925,18.1943],[71.3898,18.1929],[71.389,18.1929],[71.3872,18.1922],[71.3849,18.19],[71.3852,18.1885],[71.3842,18.1872],[71.3815,18.186],[71.3786,18.1872],[71.3761,18.1875],[71.3721,18.1869],[71.3721,18.1845],[71.3713,18.1816],[71.3737,18.179],[71.3742,18.1781],[71.3765,18.1767],[71.3791,18.175],[71.3816,18.173],[71.3851,18.1711],[71.3863,18.1696],[71.3888,18.1675],[71.3909,18.1665],[71.3903,18.1634],[71.387,18.1615],[71.3864,18.1574],[71.3833,18.1562],[71.381,18.1574],[71.3811,18.1599],[71.3857,18.1611],[71.3862,18.1614],[71.3883,18.163],[71.39,18.1632],[71.3912,18.1605],[71.3922,18.1587],[71.3902,18.1579],[71.3872,18.1577],[71.3851,18.1582],[71.3833,18.1561],[71.3797,18.1541],[71.3781,18.1524],[71.3779,18.1489],[71.376,18.1448],[71.3762,18.1414],[71.3764,18.14],[71.3765,18.1359],[71.3759,18.1333],[71.3729,18.13],[71.3713,18.1286],[71.3672,18.1252],[71.3647,18.125],[71.3619,18.1208],[71.3596,18.1187],[71.3589,18.1149],[71.3568,18.1147],[71.3532,18.1136],[71.3502,18.1142],[71.3475,18.1138],[71.3457,18.1129],[71.3437,18.1118],[71.3403,18.111],[71.3372,18.1102],[71.3334,18.1094],[71.3325,18.1133],[71.3322,18.1147],[71.3303,18.1166],[71.3298,18.1187],[71.3288,18.122],[71.3307,18.1243],[71.3317,18.1276],[71.3338,18.1296],[71.3353,18.1323],[71.3356,18.1338],[71.3362,18.1369],[71.3378,18.1387],[71.342,18.1381],[71.344,18.14],[71.3481,18.1431],[71.3501,18.1448],[71.3515,18.1472],[71.3536,18.1491],[71.3567,18.1492],[71.3594,18.15],[71.3611,18.1489]]},"properties":{"mmsi":995539005,"name":"Fishing 9005","role":"background","vessel_type":30,"synthetic":true,"t_offset_s":[-259200,-259080,-258720,-258480,-258120,-257880,-257520,-257280,-256920,-256680,-256320,-256080,-255720,-255480,-255120,-254880,-254520,-254280,-253920,-253680,-253320,-253080,-252720,-252480,-252120,-251880,-251520,-251280,-250920,-250680,-250320,-250080,-249720,-249480,-249120,-248880,-248520,-248280,-247920,-247680,-247320,-247080,-246720,-246480,-246120,-245880,-245520,-245280,-244920,-244680,-244320,-244080,-243720,-243480,-243120,-242880,-242520,-242280,-241920,-241680,-241320,-241080,-240720,-240480,-240120,-239880,-239520,-239280,-238920,-238680,-238320,-238080,-237720,-237480,-237120,-236880,-236520,-236280,-235920,-235680,-235320,-235080,-234720,-234480,-234120,-233880,-233520,-233280,-232920,-232680,-232320,-232080,-231720,-231480,-231120,-230880,-230520,-230280,-229920,-229680,-229320,-229080,-228720,-228480,-228120,-227880,-227520,-227280,-226920,-226680,-226320,-226080,-225720,-225480,-225120,-224880,-224520,-224280,-223920,-223680,-223320,-223080,-222720,-222480,-222120,-221880,-221520,-221280,-220920,-220680,-220320,-220080,-219720,-219480,-219120,-218880,-218520,-218280,-217920,-217680,-217320,-217080,-216720,-216480,-216120,-215880,-215520,-215280,-214920,-214680,-214320,-214080,-213720,-213480,-213120,-212880,-212520,-212280,-211920,-211680,-211320,-211080,-210720,-210480,-210120,-209880,-209520,-209280,-208920,-208680,-208320,-208080,-207720,-207480,-207120,-206880,-206520,-206280,-205920,-205680,-205320,-205080,-204720,-204480,-204120,-203880,-203520,-203280,-202920,-202680,-202320,-202080,-201720,-201480,-201120,-200880,-200520,-200280,-199920,-199680,-199320,-199080,-198720,-198480,-198120,-197880,-197520,-197280,-196920,-196680,-196320,-196080,-195720,-195480,-195120,-194880,-194520,-194280,-193920,-193680,-193320,-193080,-192720,-192480,-192120,-191880,-191520,-191280,-190920,-190680,-190320,-190080,-189720,-189480,-189120,-188880,-188520,-188280,-187920,-187680,-187320,-187080,-186720,-186480,-186120,-185880,-185520,-185280,-184920,-184680,-184320,-184080,-183720,-183480,-183120,-182880,-182520,-182280,-181920,-181680,-181320,-181080,-180720,-180480,-180120,-179880,-179520,-179280,-178920,-178680,-178320,-178080,-177720,-177480,-177120,-176880,-176520,-176280,-175920,-175680,-175320,-175080,-174720,-174480,-174120,-173880,-173520,-173280,-172920,-172680,-172320,-172080,-171720,-171480,-171120,-170880,-170520,-170280,-169920,-169680,-169320,-169080,-168720,-168480,-168120,-167880,-167520,-167280,-166920,-166680,-166320,-166080,-165720,-165480,-165120,-164880,-164520,-164280,-163920,-163680,-163320,-163080,-162720,-162480,-162120,-161880,-161520,-161280,-160920,-160680,-160320,-160080,-159720,-159480,-159120,-158880,-158520,-158280,-157920,-157680,-157320,-157080,-156720,-156480,-156120,-155880,-155520,-155280,-154920,-154680,-154320,-154080,-153720,-153480,-153120,-152880,-152520,-152280,-151920,-151680,-151320,-151080,-150720,-150480,-150120,-149880,-149520,-149280,-148920,-148680,-148320,-148080,-147720,-147480,-147120,-146880,-146520,-146280,-145920,-145680,-145320,-145080,-144720,-144480,-144120,-143880,-143520,-143280,-142920,-142680,-142320,-142080,-141720,-141480,-141120,-140880,-140520,-140280,-139920,-139680,-139320,-139080,-138720,-138480,-138120,-137880,-137520,-137280,-136920,-136680,-136320,-136080,-135720,-135480,-135120,-134880,-134520,-134280,-133920,-133680,-133320,-133080,-132720,-132480,-132120,-131880,-131520,-131280,-130920,-130680,-130320,-130080,-129720,-129480,-129120,-128880,-128520,-128280,-127920,-127680,-127320,-127080,-126720,-126480,-126120,-125880,-125520,-125280,-124920,-124680,-124320,-124080,-123720,-123480,-123120,-122880,-122520,-122280,-121920,-121680,-121320,-121080,-120720,-120480,-120120,-119880,-119520,-119280,-118920,-118680,-118320,-118080,-117720,-117480,-117120,-116880,-116520,-116280,-115920,-115680,-115320,-115080,-114720,-114480,-114120,-113880,-113520,-113280,-112920,-112680,-112320,-112080,-111720,-111480,-111120,-110880,-110520,-110280,-109920,-109680,-109320,-109080,-108720,-108480,-108120,-107880,-107520,-107280,-106920,-106680,-106320,-106080,-105720,-105480,-105120,-104880,-104520,-104280,-103920,-103680,-103320,-103080,-102720,-102480,-102120,-101880,-101520,-101280,-100920,-100680,-100320,-100080,-99720,-99480,-99120,-98880,-98520,-98280,-97920,-97680,-97320,-97080,-96720,-96480,-96120,-95880,-95520,-95280,-94920,-94680,-94320,-94080,-93720,-93480,-93120,-92880,-92520,-92280,-91920,-91680,-91320,-91080,-90720,-90480,-90120,-89880,-89520,-89280,-88920,-88680,-88320,-88080,-87720,-87480,-87120,-86880,-86520,-86280,-85920,-85680,-85320,-85080,-84720,-84480,-84120,-83880,-83520,-83280,-82920,-82680,-82320,-82080,-81720,-81480,-81120,-80880,-80520,-80280,-79920,-79680,-79320,-79080,-78720,-78480,-78120,-77880,-77520,-77280,-76920,-76680,-76320,-76080,-75720,-75480,-75120,-74880,-74520,-74280,-73920,-73680,-73320,-73080,-72720,-72480,-72120,-71880,-71520,-71280,-70920,-70680,-70320,-70080,-69720,-69480,-69120,-68880,-68520,-68280,-67920,-67680,-67320,-67080,-66720,-66480,-66120,-65880,-65520,-65280,-64920,-64680,-64320,-64080,-63720,-63480,-63120,-62880,-62520,-62280,-61920,-61680,-61320,-61080,-60720,-60480,-60120,-59880,-59520,-59280,-58920,-58680,-58320,-58080,-57720,-57480,-57120,-56880,-56520,-56280,-55920,-55680,-55320,-55080,-54720,-54480,-54120,-53880,-53520,-53280,-52920,-52680,-52320,-52080,-51720,-51480,-51120,-50880,-50520,-50280,-49920,-49680,-49320,-49080,-48720,-48480,-48120,-47880,-47520,-47280,-46920,-46680,-46320,-46080,-45720,-45480,-45120,-44880,-44520,-44280,-43920,-43680,-43320,-43080,-42720,-42480,-42120,-41880,-41520,-41280,-40920,-40680,-40320,-40080,-39720,-39480,-39120,-38880,-38520,-38280,-37920,-37680,-37320,-37080,-36720,-36480,-36120,-35880,-35520,-35280,-34920,-34680,-34320,-34080,-33720,-33480,-33120,-32880,-32520,-32280,-31920,-31680,-31320,-31080,-30720,-30480,-30120,-29880,-29520,-29280,-28920,-28680,-28320,-28080,-27720,-27480,-27120,-26880,-26520,-26280,-25920,-25680,-25320,-25080,-24720,-24480,-24120,-23880,-23520,-23280,-22920,-22680,-22320,-22080,-21720,-21480,-21120,-20880,-20520,-20280,-19920,-19680,-19320,-19080,-18720,-18480,-18120,-17880,-17520,-17280,-16920,-16680,-16320,-16080,-15720,-15480,-15120,-14880,-14520,-14280,-13920,-13680,-13320,-13080,-12720,-12480,-12120,-11880,-11520,-11280,-10920,-10680,-10320,-10080,-9720,-9480,-9120,-8880,-8520,-8280,-7920,-7680,-7320,-7080,-6720,-6480,-6120,-5880,-5520,-5280,-4920,-4680,-4320,-4080,-3720,-3480,-3120,-2880,-2520,-2280,-1920,-1680,-1320,-1080,-720,-480,-120,120,480,720,1080,1320,1680,1920,2280,2520,2880,3120,3480,3720,4080,4320,4680,4920,5280,5520,5880,6120,6480,6720,7080,7320,7680,7920,8280,8520,8880,9120,9480,9720,10080,10320,10680,10920,11280,11520,11880,12120,12480,12720,13080,13320,13680,13920,14280,14520,14880,15120,15480,15720,16080,16320,16680,16920,17280,17520,17880,18120,18480,18720,19080,19320,19680,19920,20280,20520,20880,21120,21480,21720,22080,22320,22680,22920,23280,23520,23880,24120,24480,24720,25080,25320,25680,25920,26280,26520,26880,27120,27480,27720,28080,28320,28680,28920,29280,29520,29880,30120,30480,30720,31080,31320,31680,31920,32280,32520,32880,33120,33480,33720,34080,34320,34680,34920,35280,35520,35880,36120,36480,36720,37080,37320,37680,37920,38280,38520,38880,39120,39480,39720,40080,40320,40680,40920,41280,41520,41880,42120,42480,42720,43080,43320,43680,43920,44280,44520,44880,45120,45480,45720,46080,46320,46680,46920,47280,47520,47880,48120,48480,48720,49080,49320,49680,49920,50280,50520,50880,51120,51480,51720,52080,52320,52680,52920,53280,53520,53880,54120,54480,54720,55080,55320,55680,55920,56280,56520,56880,57120,57480,57720,58080,58320,58680,58920,59280,59520,59880,60120,60480,60720,61080,61320,61680,61920,62280,62520,62880,63120,63480,63720,64080,64320,64680,64920,65280,65520,65880,66120,66480,66720,67080,67320,67680,67920,68280,68520,68880,69120,69480,69720,70080,70320,70680,70920,71280,71520,71880,72120,72480,72720,73080,73320,73680,73920,74280,74520,74880,75120,75480,75720,76080,76320,76680,76920,77280,77520,77880,78120,78480,78720,79080,79320,79680,79920,80280,80520,80880,81120,81480,81720,82080,82320,82680,82920,83280,83520,83880,84120,84480,84720,85080,85320,85680,85920,86280],"sog":[1.1,1.6,2.4,1.7,1.8,1.7,1,2.6,2.1,1.1,3,3.5,1.7,2.4,1.4,3.5,3.1,0.3,1.9,4.7,2.4,0.3,1.7,0.5,4.2,2.1,2.4,2.7,2.3,1.7,1.9,2.1,2.4,2.7,3.2,4.1,1.2,2.6,1.8,2.6,2,1.1,2.1,2.3,0.5,3,2.5,2,2.9,2,3.2,1.4,2.6,2.4,2.4,3.5,3.6,2.4,2.1,2.1,2.8,3.9,1.9,1.6,1.8,4.6,3.8,3.9,3.6,0.3,0.3,0.5,1.7,2.7,2.4,3.1,1.6,0.9,1.6,2.1,3.4,2.1,2.3,3.1,2.9,2,1.8,0.5,0.3,2.8,0.9,1.7,0.3,3,2.6,3.9,1.6,1.5,1.8,0.9,2.7,2.9,3.8,1.8,1.4,3.2,1.2,3,3,3.2,2.2,1.4,1.4,2.2,2,2.6,2.6,1.8,1.4,1.7,1,0.3,1.2,3.2,2.2,2,2,2.5,2.3,0.9,3.7,2.8,3.1,1.8,1.1,2.3,2.2,1.8,3,2.2,2.7,5.6,2.8,2.1,1.6,1,2.7,2.7,0.3,3,3.4,1.7,3,2.7,1.4,2.4,2.2,1.9,2.5,2.8,2.5,1.9,0.6,1.1,2.7,0.5,0.5,1.7,4.3,0.9,1.3,1.5,2.2,2.1,2.7,3.7,2.5,2.5,0.3,3.7,2.7,4.6,3.2,2.3,1.9,1.5,2,1.4,0.5,1.8,1.9,2.7,0.9,2.7,1.8,2.9,3.3,1.4,2.4,3.6,3.5,2.5,0.3,2.2,1.1,2.1,2.6,2.7,2.1,1.2,3.4,0.3,2.6,3.1,1.8,1.9,1.9,2.9,1.6,2.7,3.2,1.2,3.6,2.9,2.4,2.5,1.5,3.2,2.4,3.6,1.4,2.1,1.2,2,1.8,2.9,1.5,3.4,1,1.4,3.2,2.1,1.9,1.3,2.7,1.4,3.8,2.5,2.4,1.3,2.4,1,0.5,2.1,1.6,1.2,2.4,2.6,1.7,2.7,0.9,4.1,2.1,1.7,2.6,1.3,2.5,1.5,0.7,2.3,2.2,2,3.9,2.8,2.7,0.4,0.5,1.9,1.3,1.3,2.5,3.2,0.9,3.4,2.4,2.7,1.9,2.9,1.1,2.4,0.9,3.4,0.8,3,2.6,1,1.6,2.4,1.6,2.9,1.1,0.4,3.3,3.4,0.3,4.3,3.4,2.7,2.4,2.3,2.3,3.4,1.4,0.3,1.3,0.3,1.7,3.1,2.7,3,0.7,0.8,2.8,0.3,2.3,0.5,1.1,2.3,4,2.9,1.4,1.5,2,1.9,1.5,2.7,1.3,2.3,2.5,2.1,3.1,1.5,0.3,2.5,2.4,2.4,2.1,0.3,2.2,1.4,0.8,2.3,2.5,2,1.8,0.3,2.8,2.2,3.6,2.8,3.3,2,2.2,0.5,0.8,2.2,2.2,1.4,1.4,2.7,2.9,1.7,2.7,1.9,2,3.6,1.9,3.3,1.4,0.5,2.5,1.5,2.3,1.9,2.8,1.9,2.9,1.4,2,1.5,0.3,2.1,2.1,3.7,2.3,2.2,2.9,1.9,1.2,1,0.9,3.6,3,1,1.8,0.3,3.5,2.8,2,1.9,4.2,0.3,1.6,3,2.9,1.9,1.5,0.5,2.8,1.3,1.9,3.3,1.7,2.4,1.8,2.4,1.4,0.3,1.8,1.9,2.1,2.2,1.6,2.4,2.2,1.1,2.4,2.5,2.6,1.5,1.4,3.4,2.4,2.4,0.3,2.9,2.1,2.2,1.6,2.7,2.2,1.7,3.2,2.5,1.9,3.1,2.4,3.1,2.3,3.5,2.4,2.6,1.5,0.4,0.5,1.2,2.7,1.8,1.7,1.9,3,3.7,3.6,2,0.7,1.3,2.5,3.7,1.3,4.1,2.9,2.4,1.4,2.9,2,2.7,3.5,2.4,1.5,2.4,2.6,2.5,3.4,1.2,3.1,2.5,3.2,1.6,1.9,3.1,2.1,0.3,1.8,1.4,1.6,2.6,0.9,2.5,3.1,2.7,1.8,2.7,2.8,1.3,2,2.6,1.7,2.7,1.3,2,2.1,1.2,1.4,1.6,3.3,2.3,3.3,2.9,1.4,2,2.6,3,1.1,3.5,0.9,1.8,3.3,2.6,1.6,3.9,4.7,3.4,2,0.6,0.9,3.5,1.9,2.3,1.8,0.9,1,1.3,1.6,1.9,1.1,1.8,1.8,3.9,3.7,2.4,2.2,1.9,1.5,3.7,2.6,2.1,1.5,2,2.3,2.8,2.6,1,2.5,2.8,2.8,1.6,1.8,1.4,3.5,1.6,2.2,3.2,2.6,0.3,2.2,1.2,1.2,2.2,1.9,1.5,1.9,2.1,1.5,0.9,2.5,1.8,2.7,2.4,2.2,3.8,1.5,0.9,2.2,2.4,2.6,2,2.6,3.2,2.2,0.4,2.3,0.4,3,1.8,2.5,0.5,2.9,1.1,2.5,1.6,0.9,4.2,4.1,1.7,1.3,0.7,2.3,2.6,1.3,2,2.6,2.3,3.2,3.1,2.9,2.2,1.4,2.3,1.4,2.3,3.8,1.2,1.7,3.7,2.6,2,1.4,3.9,2.6,0.3,1.7,2.2,3.3,2.8,2.8,3.5,1.3,1.4,2.2,3.1,0.3,3,0.7,4,1.4,1.8,4.1,1.7,2,1.2,3.1,2.1,2.4,1,2.6,3.8,3.1,1.5,2.8,2,2.5,2.5,2.5,1.5,1.5,1.2,2.7,2.3,3.9,2.4,0.3,1.8,2.5,4.6,2,1.3,0.9,1.6,1.5,0.9,1.5,2,3.4,2,2.3,0.3,4.3,3,3,3.9,0.3,4.5,1.8,1.3,0.9,1.5,2,2.6,1.8,1.4,3.1,1.7,0.5,1.7,1.5,3,4.1,0.3,1.5,1.1,3.1,3.3,0.7,1.7,1.6,3.1,2.9,3,1.5,2.4,3.9,2,1,1.1,3.7,1.9,0.3,4.1,1.5,2.2,2.7,1.6,1.7,1.5,2.7,2.6,2,2.2,0.7,0.6,2.2,2.5,2.5,0.3,0.3,0.8,2.4,0.7,1.8,3.5,3.5,0.3,1.6,1.7,3.5,3.5,1.3,2.8,0.9,0.3,2.5,0.3,2,0.4,2.2,1.2,1.9,1,2.5,2,2.9,0.5,0.6,3.4,1.7,2.1,2.1,2.8,3.5,1.8,1,0.5,4,1.5,1.8,2.6,5,0.3,2.6,2.5,2.4,1.3,3.2,3.5,3.7,1.3,3.1,1.8,2.4,0.7,1.5,2.7,2.6,1,1.9,2.5,1.2,3.5,3.9,1.3,2.1,1.5,3.9,1.2,1.9,0.7,3.5,1.8,2.1,2,2.1,2.4,3,3.6,0.7,3.4,4.1,2.9,4.5,1.1,2.5,3.4,2.2,2.1,3.9,0.8,1.3,2.6,3.1,2.7,1.7,2.4,1.3,1.2,1.3,4.7,2.2,4.6,0.4,2.2,2.6,1.4,1.2,1.8,3.9,3.7,3.1,2.4,2.3,1.9,2.6,2.3,3.3,1.5,2.2,2.4,4.1,4.5,2.4,2.8,1.4,1.4,3.3,0.5,2.2,1.2,1.1,1.3,2.2,1.2,1,2.4,1.8,1.9,2.2,1.6,2.4,2.7,2.7,2.1,2.1,2.2,1.9,2.7,2.2,1.9,2.7,2.6,2,1.7,2.1,1.5,2.6,2.2,3.9,4,1.5,1.8,1.6,1.8,3.1,0.3,0.3,2.3,1.3,2.6,2.8,2.4,1.8,3.9,3.7,1.7,1.7,3.2,2.5,1.1,2.5,4,2,2,2.2,1.4,2.6,3.1,2.1,1.2,1.1,2.3,1.8,1.7,3.2,3.6,3.4,2.6,0.9,3,0.3,0.6,3.2,1.1,1.6,1.2,3.4,1.6,1.3,2.2,0.3,1.1,3,0.6,0.6,2.7,1.6,2.3,2.8,1.6,0.3,2.5,1.6,1.9,2.7,2.4,1.1,1.3,2.2,3.8,2.3,1.3,2.2,0.9,2.8,2.4,2.3,2.7,3.4,2.5,0.6,3.3,3.1,3.4,2.9,3.1,1.6,2.8,2.8,1.4,2.3,1.4,2.6,2,1.9,1.8,3.6,2.3,1.9,2.5,0.3,2.4,2.5,1.3,3.1,1,1.8,2,3.2,0.9,3,0.9,1.7,2.9,2.6,2.5,2.3,3.1,3.2,1,1.6,3.4,3.1,2.7,2.1,0.5,0.3,2.4,1.4,0.9,1.9,3.7,1.2,0.6,1.9,1,1.6,3,2.9,0.8,3.1,2.6,3.3,0.3,2.9,2.6,0.4,1.5,1.7,1.9,0.3,2.6,2.8,2.9,2.1,1.7,0.6,3.6,0.3,3.5,1.7,2.4,2.7,2.8,2.7,2,1,4,2.8,2.8,1.5,0.3,2.2,0.4,1.3,1.8,2.3,2.4,1.7,3.4,0.3,3,3.3,1.4,2.9,5,1.5,1.9,3.1,1.5,3.7,3,2.5,1.8,3.4,2.6,2.3,2,2,1.3,1.4,1.8,2.8,3,3.5,2.3,4.7,1.5,2,1.3,1.9,1.6,1.9,3.2,0.3,0.6,3.4,1.7,3.9,3.1,3.6,2.4,2.5,1.4,2.4,3.5,2.1]}},{"type":"Feature","geometry":{"type":"LineString","coordinates":[[72.8962,17.1112],[72.9043,17.0994],[72.9124,17.0884],[72.9248,17.0713],[72.9334,17.0593],[72.9455,17.0424],[72.9531,17.0304],[72.966,17.0136],[72.9746,17.0023],[72.9873,16.9858],[72.9964,16.9743],[73.0098,16.9573],[73.0185,16.9462],[73.0321,16.9287],[73.0412,16.9173],[73.0545,16.8997],[73.0636,16.8885],[73.0772,16.8713],[73.0863,16.8601],[73.1002,16.8436],[73.1092,16.8326],[73.1224,16.8159],[73.1313,16.8048],[73.1448,16.7877],[73.1534,16.7764],[73.1666,16.7597],[73.1752,16.7483],[73.1882,16.7311],[73.1969,16.7198],[73.2098,16.7033],[73.2193,16.6921],[73.2322,16.6748],[73.2408,16.6638],[73.2536,16.6466],[73.2621,16.6357],[73.2747,16.618],[73.2824,16.6062],[73.2946,16.5891],[73.3028,16.5773],[73.3145,16.5593],[73.3606,16.4955],[73.4238,16.4084]]},"properties":{"mmsi":995569397,"name":"Cargo 9397","role":"candidate","vessel_type":70,"synthetic":true,"t_offset_s":[-9334,-9094,-8854,-8494,-8254,-7894,-7654,-7294,-7054,-6694,-6454,-6094,-5854,-5494,-5254,-4894,-4654,-4294,-4054,-3694,-3454,-3094,-2854,-2494,-2254,-1894,-1654,-1294,-1054,-694,-454,-94,146,506,746,1106,1346,1706,1946,2306,3626,5426],"sog":[12.5,12.9,11.9,12.1,12.8,12.5,12.5,12.1,12.4,12.8,12.4,12.5,12.5,12.7,12.6,13.1,13,12.8,12.8,12.3,12.3,12.1,12.8,12.7,12.3,12.9,12.6,12.6,12.4,12.8,12.7,12.5,12.4,12.6,12.2,12.6,12.9,12.3,12.8,12.4,12.2,12.6]}},{"type":"Feature","geometry":{"type":"LineString","coordinates":[[71.9273,17.3312],[71.9321,17.3151],[71.9364,17.3],[71.9431,17.2759],[71.9474,17.2601],[71.9541,17.2365],[71.9587,17.2198],[71.9648,17.1962],[71.969,17.18],[71.9752,17.1558],[71.9791,17.1401],[71.9854,17.1157],[71.9897,17.0994],[71.9951,17.0756],[71.9994,17.0592],[72.0058,17.0346],[72.0098,17.0191],[72.0161,16.995],[72.02,16.9794],[72.0258,16.9552],[72.0298,16.9391],[72.0363,16.9155],[72.0402,16.8995],[72.0469,16.8755],[72.0519,16.8589],[72.0589,16.8355],[72.0635,16.8197],[72.0705,16.7963],[72.0749,16.7801],[72.0816,16.7566],[72.0866,16.7407],[72.0924,16.717],[72.0967,16.7013],[72.1032,16.6763],[72.1071,16.6609],[72.1133,16.6376],[72.1179,16.6215],[72.125,16.5976],[72.1303,16.5817],[72.1378,16.5582],[72.1427,16.5422],[72.1497,16.5189],[72.1544,16.5028],[72.161,16.4791],[72.1657,16.4627],[72.1723,16.4392],[72.1768,16.4232],[72.1835,16.3995],[72.1875,16.3839],[72.1938,16.3596],[72.1984,16.3436],[72.2051,16.3194],[72.2099,16.3032],[72.2167,16.2794],[72.2212,16.2628],[72.2275,16.2393],[72.2318,16.2233],[72.2386,16.1991],[72.243,16.1833],[72.25,16.1595],[72.2548,16.1437],[72.2619,16.12],[72.2661,16.1039],[72.2737,16.0801],[72.2782,16.0635],[72.2846,16.039],[72.2887,16.0234],[72.2946,15.9991],[72.2986,15.9832],[72.3039,15.9589],[72.3081,15.9428],[72.3142,15.9189],[72.3186,15.903],[72.3249,15.8788],[72.3293,15.8628],[72.3364,15.8391],[72.3409,15.823],[72.3469,15.7989],[72.3513,15.7828],[72.3573,15.7592],[72.3609,15.7432],[72.3668,15.7185],[72.37,15.7021],[72.3754,15.6783],[72.3792,15.6623],[72.3847,15.6386],[72.3888,15.6221],[72.3952,15.598],[72.3996,15.5821],[72.4058,15.5582],[72.4105,15.5425],[72.4175,15.5189],[72.4226,15.5025],[72.4299,15.4782],[72.4341,15.4626],[72.44,15.4386],[72.4442,15.4227],[72.451,15.3983],[72.4552,15.3825],[72.4621,15.359],[72.4664,15.3432],[72.4733,15.3197],[72.4781,15.3036],[72.4853,15.28],[72.4899,15.2646],[72.4971,15.2412],[72.5016,15.2256],[72.5087,15.2017],[72.5133,15.1855],[72.5204,15.1614],[72.5256,15.1458],[72.5321,15.1218],[72.537,15.1057],[72.5433,15.0816],[72.5477,15.0655],[72.5541,15.0413],[72.5578,15.0254],[72.5638,15.0017],[72.5674,14.9855],[72.5728,14.9612],[72.5763,14.9446],[72.5813,14.9202],[72.5849,14.9041],[72.59,14.8795],[72.5927,14.8634],[72.5978,14.8395],[72.6018,14.8234],[72.6065,14.7989],[72.6102,14.7826],[72.6157,14.7584],[72.6195,14.742],[72.6244,14.7182],[72.6281,14.7024],[72.6337,14.6777],[72.6374,14.6614],[72.6425,14.6372],[72.6458,14.6214],[72.6508,14.5974],[72.6548,14.5809],[72.6607,14.5569],[72.6647,14.5409],[72.6703,14.5167],[72.6735,14.5005],[72.6784,14.4761],[72.6815,14.4598],[72.6858,14.4351],[72.689,14.4188],[72.6932,14.3942]]},"properties":{"mmsi":995578375,"name":"Cargo 8375","role":"candidate","vessel_type":70,"synthetic":true,"t_offset_s":[-224732,-224492,-224252,-223892,-223652,-223292,-223052,-222692,-222452,-222092,-221852,-221492,-221252,-220892,-220652,-220292,-220052,-219692,-219452,-219092,-218852,-218492,-218252,-217892,-217652,-217292,-217052,-216692,-216452,-216092,-215852,-215492,-215252,-214892,-214652,-214292,-214052,-213692,-213452,-213092,-212852,-212492,-212252,-211892,-211652,-211292,-211052,-210692,-210452,-210092,-209852,-209492,-209252,-208892,-208652,-208292,-208052,-207692,-207452,-207092,-206852,-206492,-206252,-205892,-205652,-205292,-205052,-204692,-204452,-204092,-203852,-203492,-203252,-202892,-202652,-202292,-202052,-201692,-201452,-201092,-200852,-200492,-200252,-199892,-199652,-199292,-199052,-198692,-198452,-198092,-197852,-197492,-197252,-196892,-196652,-196292,-196052,-195692,-195452,-195092,-194852,-194492,-194252,-193892,-193652,-193292,-193052,-192692,-192452,-192092,-191852,-191492,-191252,-190892,-190652,-190292,-190052,-189692,-189452,-189092,-188852,-188492,-188252,-187892,-187652,-187292,-187052,-186692,-186452,-186092,-185852,-185492,-185252,-184892,-184652,-184292,-184052,-183692,-183452,-183092,-182852,-182492,-182252,-181892,-181652,-181292,-181052,-180692],"sog":[14.4,14.8,14.4,14.1,14.7,14.6,15.3,15.1,14.9,14.6,14.6,14.5,15.2,15.1,15.1,15.2,14.5,14.8,14.3,14.9,14.9,14.7,14.6,14.9,15.1,15,14.7,14.6,14.8,14.5,14.4,14.6,14.7,14.9,14.3,14.4,14.5,14.8,15,14.6,14.5,14.4,15,14.7,14.8,14.4,14.8,14.7,14.2,15.4,14.3,15,14.8,14.3,15.1,14.6,14.9,14.9,14.8,14.4,14.5,14.7,15.2,14.9,14.7,14.8,14.5,15.2,14.8,14.6,14.8,14.8,14.9,14.8,15,14.2,15.2,14.6,15.1,14.8,14.8,15.3,15.4,14.4,14.7,14.3,15.3,14.6,14.7,14.7,14.6,14.6,14.9,15.2,14.3,15,15,15.1,14,14.9,14.5,14.7,15.2,14.4,14.4,14.9,14.6,15,15.2,15,14.6,14.4,15.3,15.1,14.8,15,15.1,14.9,15.1,15.1,15.5,14.9,15,14.4,14.7,14.8,14.8,14.9,15.1,14.5,14.7,14.6,14.4,14.4,14.9,14.9,14.4,15,14.8,14.8,14.9,14.9,14.9,14.7,14.5,14.9,15.4,14.6]}},{"type":"Feature","geometry":{"type":"LineString","coordinates":[[72.8033,17.2857],[72.8001,17.2911],[72.7928,17.3014],[72.7822,17.3163],[72.7751,17.3263],[72.7643,17.3415],[72.7575,17.3509],[72.7473,17.3661],[72.7397,17.376],[72.7288,17.3913],[72.7215,17.4011],[72.7103,17.4162],[72.703,17.4261],[72.6924,17.4412],[72.6854,17.451],[72.6753,17.4662],[72.668,17.4763],[72.6571,17.4916],[72.6497,17.502],[72.639,17.5167],[72.6315,17.5268],[72.6205,17.5414],[72.6133,17.5511],[72.602,17.566],[72.5941,17.5757],[72.5829,17.5899],[72.5745,17.6001],[72.5641,17.6144],[72.5566,17.6243],[72.5453,17.6393],[72.5376,17.6491],[72.5264,17.6635],[72.5185,17.6731],[72.5072,17.6874],[72.4999,17.6969],[72.4889,17.7115],[72.4812,17.7216],[72.4698,17.7354],[72.4621,17.7447],[72.4501,17.7596],[72.4428,17.7688],[72.4312,17.7837],[72.4236,17.7935],[72.4121,17.808],[72.4047,17.8178],[72.3937,17.832],[72.3858,17.842],[72.375,17.8564],[72.3675,17.8661],[72.3562,17.8814],[72.3486,17.8914],[72.3376,17.9062],[72.3304,17.9164],[72.3192,17.9319],[72.3125,17.9416],[72.3025,17.957],[72.2957,17.9672],[72.2852,17.9824],[72.2784,17.9925],[72.2681,18.0074],[72.2614,18.0181],[72.2514,18.0336],[72.2444,18.0442],[72.2343,18.059],[72.2271,18.0688],[72.2161,18.0848],[72.2094,18.0944],[72.1984,18.1099],[72.1912,18.1203],[72.181,18.1352],[72.174,18.1454],[72.163,18.1606],[72.1561,18.1711],[72.1461,18.1855],[72.1392,18.1956],[72.1285,18.2106],[72.1217,18.2202],[72.111,18.2347],[72.104,18.2447],[72.0931,18.259],[72.0861,18.2688],[72.0755,18.2837],[72.0676,18.294],[72.0571,18.3089],[72.0499,18.3191],[72.0391,18.3343],[72.0319,18.3444],[72.0212,18.3597],[72.0136,18.3694],[72.0026,18.3844],[71.9952,18.3936],[71.9838,18.4083],[71.9766,18.418],[71.9653,18.4332],[71.9579,18.4436],[71.9473,18.4582],[71.9403,18.4682],[71.9297,18.4834],[71.9222,18.493],[71.9109,18.508],[71.9034,18.5179],[71.8928,18.5324],[71.8856,18.5422],[71.875,18.5572],[71.8676,18.5668],[71.8566,18.5818],[71.849,18.5918],[71.838,18.607],[71.8307,18.6167],[71.8199,18.6317],[71.8126,18.6414],[71.8015,18.6565],[71.794,18.6659],[71.7827,18.6799],[71.7753,18.6897],[71.764,18.704],[71.7565,18.7141],[71.7455,18.7284],[71.7381,18.7379],[71.7274,18.7524],[71.72,18.7624],[71.709,18.7763],[71.7015,18.7865],[71.6904,18.8016],[71.6835,18.8111],[71.6728,18.8254],[71.6657,18.8351],[71.6546,18.8495],[71.6473,18.8594],[71.6361,18.8738],[71.6287,18.8833],[71.6174,18.8982],[71.6102,18.9078],[71.5993,18.9225],[71.5921,18.9322],[71.5806,18.9473],[71.5736,18.9571],[71.5625,18.9722],[71.5553,18.9819],[71.5445,18.997],[71.5374,19.0072],[71.5272,19.0221],[71.5201,19.0323],[71.5097,19.0477],[71.5026,19.0582],[71.4925,19.0738]]},"properties":{"mmsi":995592804,"name":"Cargo 2804","role":"background","vessel_type":70,"synthetic":true,"t_offset_s":[42981,43101,43341,43701,43941,44301,44541,44901,45141,45501,45741,46101,46341,46701,46941,47301,47541,47901,48141,48501,48741,49101,49341,49701,49941,50301,50541,50901,51141,51501,51741,52101,52341,52701,52941,53301,53541,53901,54141,54501,54741,55101,55341,55701,55941,56301,56541,56901,57141,57501,57741,58101,58341,58701,58941,59301,59541,59901,60141,60501,60741,61101,61341,61701,61941,62301,62541,62901,63141,63501,63741,64101,64341,64701,64941,65301,65541,65901,66141,66501,66741,67101,67341,67701,67941,68301,68541,68901,69141,69501,69741,70101,70341,70701,70941,71301,71541,71901,72141,72501,72741,73101,73341,73701,73941,74301,74541,74901,75141,75501,75741,76101,76341,76701,76941,77301,77541,77901,78141,78501,78741,79101,79341,79701,79941,80301,80541,80901,81141,81501,81741,82101,82341,82701,82941,83301,83541,83901,84141,84501,84741,85101,85341,85701,85941,86301],"sog":[10.7,10.7,11,11.1,11.1,10.7,10.5,10.8,11.1,10.9,10.5,11.4,10.7,11,10.6,11.2,11.1,11.2,11.3,10.4,11.1,10.6,10.6,10.7,11.1,10.6,11.1,10.4,10.8,11.3,10.6,10.6,10.8,10.6,10.6,10.7,10.6,10.5,10.7,10.9,10.5,11.3,11.1,11.3,11.1,10.5,11.3,10.5,11.1,11.1,11.2,11,11.3,11.4,10.7,10.7,10.7,11.2,10.4,10.8,11.1,11,10.8,10.9,11.1,11.3,10.2,11,11.1,10.7,11.3,11.1,10.8,10.3,10.6,10.7,10.6,10.2,10.8,10.3,11.2,11,11.4,10.9,10.5,11.5,10.9,11.2,10.8,10.8,10.6,11.2,10.9,11.2,11.2,10.7,10.6,11.2,10.9,10.7,10.9,10.5,10.9,11,10.9,10.8,11.2,10.9,10.7,10.5,10.7,10.9,10.8,10.9,10.4,10.5,10.9,10.7,10.6,10.6,10.6,10.4,10.9,11.4,10.2,10.4,10.2,11,10.8,11.1,10.4,11,10.9,10.7,11.2,10.8,10.8,10.5,11.1,11,11.1,10.4,10.9,10.9,10.7,11.6]}},{"type":"Feature","geometry":{"type":"LineString","coordinates":[[70.1799,18.9995],[70.1995,18.9829],[70.2134,18.9724],[70.2335,18.9563],[70.2469,18.9455],[70.2675,18.9294],[70.2813,18.9187],[70.3019,18.9026],[70.3164,18.8911],[70.3374,18.8756],[70.3506,18.865],[70.3704,18.8491],[70.3839,18.8379],[70.405,18.8214],[70.4187,18.8108],[70.4386,18.7944],[70.4527,18.7832],[70.4725,18.7668],[70.4855,18.756],[70.5065,18.7395],[70.5203,18.7279],[70.5407,18.7121],[70.5538,18.7015],[70.5744,18.685],[70.5884,18.6749],[70.6089,18.6581],[70.6226,18.6477],[70.6429,18.6317],[70.6564,18.6207],[70.6767,18.604],[70.6903,18.5927],[70.7104,18.5769],[70.724,18.566],[70.7442,18.5498],[70.7577,18.5383],[70.778,18.5222],[70.7915,18.5112],[70.8116,18.495],[70.8244,18.4847],[70.8452,18.4685],[70.8585,18.4577],[70.8788,18.4415],[70.8924,18.4303],[70.9124,18.4129],[70.9257,18.402],[70.9456,18.3851],[70.9589,18.3738],[70.9787,18.357],[70.9918,18.3455],[71.0118,18.3293],[71.0253,18.3182],[71.0454,18.3015],[71.0585,18.2904],[71.0783,18.2736],[71.0911,18.2617],[71.1109,18.2447],[71.1239,18.2331],[71.1433,18.2167],[71.1567,18.2061],[71.1767,18.1892],[71.1903,18.1781],[71.2099,18.1618],[71.2236,18.1501],[71.2433,18.1333],[71.256,18.122],[71.2753,18.1057],[71.2883,18.0946],[71.3083,18.0774],[71.3211,18.0666],[71.3412,18.0499],[71.3541,18.0386],[71.3742,18.0222],[71.3874,18.0115],[71.4083,17.9948],[71.4216,17.9834],[71.4422,17.9667],[71.4551,17.9555],[71.4751,17.939],[71.4889,17.9277],[71.5095,17.9113],[71.5226,17.9009],[71.5431,17.8845],[71.5569,17.8742],[71.5772,17.8585],[71.5916,17.8484],[71.6129,17.8328],[71.6271,17.8227],[71.6479,17.8069],[71.662,17.7964],[71.6825,17.7812],[71.6966,17.7707],[71.718,17.7548],[71.7321,17.745],[71.7535,17.7298],[71.7676,17.7195],[71.7893,17.7041],[71.8033,17.6944],[71.8253,17.6786],[71.8396,17.6686],[71.8608,17.6543],[71.8749,17.6447],[71.8961,17.6299],[71.9104,17.6194],[71.9323,17.6036],[71.9464,17.5941],[71.9675,17.5788],[71.982,17.569],[72.004,17.5544],[72.0186,17.5446],[72.0408,17.5304],[72.0556,17.5204],[72.078,17.5062],[72.0933,17.4965],[72.1154,17.4819],[72.1305,17.4724],[72.1526,17.4587],[72.1668,17.4495],[72.1887,17.4358],[72.2039,17.4267],[72.2259,17.4124],[72.2401,17.4039],[72.2625,17.3894],[72.2774,17.3805],[72.2992,17.3671],[72.3146,17.3578],[72.3374,17.3443],[72.3521,17.3355],[72.3753,17.3224],[72.3908,17.3141],[72.4133,17.3012],[72.4285,17.2926],[72.4517,17.2791],[72.4672,17.2699],[72.4899,17.2567],[72.5045,17.2483],[72.5267,17.2351],[72.5418,17.2265],[72.5643,17.2135],[72.5797,17.2048],[72.6023,17.192],[72.6172,17.1838],[72.6406,17.1715],[72.656,17.1638],[72.6797,17.1512],[72.6952,17.1424],[72.7183,17.1297],[72.7337,17.1214],[72.7565,17.1086],[72.7717,17.1004],[72.7949,17.0885],[72.8107,17.0807],[72.834,17.0691],[72.8499,17.0614],[72.8736,17.0495],[72.8892,17.042],[72.9124,17.0302],[72.9282,17.0224],[72.9525,17.011],[72.9685,17.0028],[72.9919,16.9913],[73.0079,16.984],[73.0321,16.9727],[73.0481,16.965],[73.072,16.9532],[73.0875,16.9455],[73.1114,16.9341],[73.127,16.9268],[73.1511,16.9153],[73.1666,16.9085],[73.1907,16.8974],[73.2069,16.8902],[73.2313,16.8784],[73.247,16.8714],[73.2711,16.8602],[73.2868,16.8526],[73.3427,16.8264]]},"properties":{"mmsi":996029073,"name":"Cargo 9073","role":"candidate","vessel_type":70,"synthetic":true,"t_offset_s":[-111772,-111412,-111172,-110812,-110572,-110212,-109972,-109612,-109372,-109012,-108772,-108412,-108172,-107812,-107572,-107212,-106972,-106612,-106372,-106012,-105772,-105412,-105172,-104812,-104572,-104212,-103972,-103612,-103372,-103012,-102772,-102412,-102172,-101812,-101572,-101212,-100972,-100612,-100372,-100012,-99772,-99412,-99172,-98812,-98572,-98212,-97972,-97612,-97372,-97012,-96772,-96412,-96172,-95812,-95572,-95212,-94972,-94612,-94372,-94012,-93772,-93412,-93172,-92812,-92572,-92212,-91972,-91612,-91372,-91012,-90772,-90412,-90172,-89812,-89572,-89212,-88972,-88612,-88372,-88012,-87772,-87412,-87172,-86812,-86572,-86212,-85972,-85612,-85372,-85012,-84772,-84412,-84172,-83812,-83572,-83212,-82972,-82612,-82372,-82012,-81772,-81412,-81172,-80812,-80572,-80212,-79972,-79612,-79372,-79012,-78772,-78412,-78172,-77812,-77572,-77212,-76972,-76612,-76372,-76012,-75772,-75412,-75172,-74812,-74572,-74212,-73972,-73612,-73372,-73012,-72772,-72412,-72172,-71812,-71572,-71212,-70972,-70612,-70372,-70012,-69772,-69412,-69172,-68812,-68572,-68212,-67972,-67612,-67372,-67012,-66772,-66412,-66172,-65812,-65572,-65212,-64972,-64612,-64372,-64012,-63772,-63412,-63172,-62812,-62572,-62212,-61972,-61612,-61372,-61012,-60772,-60412,-60172,-59812,-59572,-58732],"sog":[14.4,14.5,14.8,14.9,14.5,15,15.4,15,15.5,14.9,15.4,15,14.8,15.3,14.9,15.1,15.6,14.9,14.9,15.5,15.3,15.1,14.6,15.1,14.9,15.7,15.2,14.8,14.9,15.3,15.3,15.2,14.7,14.8,15.4,14.7,15,15.1,14.6,15.2,15.6,15.1,14.9,15.6,15,14.8,15.1,15,15,14.8,15.3,15.6,15,15,15.4,15.3,15.3,15.2,14.7,15.2,14.9,14.9,15.7,15.2,15,14.6,15.3,15.4,14.5,15.4,14.9,14.7,15,15.6,15.1,15.8,14.8,14.9,15.7,15.2,15,14.9,14.8,14.8,15.8,15.1,15.3,14.9,14.8,15.3,15.3,15,14.8,15.3,15.1,15.2,15.3,15.3,15,15,14.7,15,15.1,15.6,15,15,15.3,15.4,15.3,15.5,15.4,15.1,15.2,15.2,15,15.1,14.9,14.9,15.2,15,15,14.5,15.7,14.4,15.2,15.1,14.7,15,15.2,15.1,15.1,15.4,15.8,14.7,14.9,14.8,15.2,14.9,15.5,14.4,14.7,14.7,14.8,15,15.4,14.8,14.7,14.7,15.2,15.2,15.1,14.8,15.3,15.3,14.8,14.8,15.4,15.1,15.1,15.2,15.6,14.9,15.3,15,15.3,15.5,15,15,15.2,15.2,15.4,15.1,15.1,15,14.9,15.3]}},{"type":"Feature","geometry":{"type":"LineString","coordinates":[[71.3825,17.9289],[71.3777,17.9326],[71.3683,17.9402],[71.3537,17.952],[71.3441,17.9594],[71.3294,17.9709],[71.3194,17.9783],[71.305,17.9893],[71.2957,17.9967],[71.2812,18.0081],[71.2715,18.0158],[71.257,18.0277],[71.248,18.0354],[71.2339,18.0468],[71.2244,18.0545],[71.21,18.0663],[71.201,18.0744],[71.1871,18.086],[71.1777,18.094],[71.1639,18.1054],[71.1545,18.1128],[71.1404,18.1246],[71.1314,18.132],[71.1172,18.1435],[71.1079,18.1517],[71.0936,18.1631],[71.0847,18.1707],[71.07,18.1827],[71.0603,18.1903],[71.0456,18.202],[71.0359,18.21],[71.0207,18.2215],[71.0113,18.2291],[70.9973,18.2403],[70.9879,18.2479],[70.9736,18.2598],[70.9639,18.2672],[70.9499,18.2781],[70.9401,18.2855],[70.9258,18.297],[70.9162,18.3043],[70.902,18.3153],[70.893,18.3229],[70.8785,18.3347],[70.8692,18.3418],[70.8551,18.3535],[70.8458,18.361],[70.831,18.3734],[70.8215,18.3811],[70.807,18.3923],[70.7975,18.3995],[70.7832,18.4104],[70.7731,18.4174],[70.7582,18.4286],[70.7491,18.436],[70.734,18.4471],[70.7246,18.4545],[70.7096,18.4657],[70.6996,18.4731],[70.6851,18.4844],[70.6753,18.4916],[70.6606,18.5029],[70.6507,18.5101],[70.636,18.5205],[70.6263,18.5275],[70.6113,18.5384],[70.6016,18.5454],[70.587,18.556],[70.5767,18.5636],[70.5617,18.5746],[70.5517,18.5816],[70.5375,18.593],[70.5275,18.6006],[70.5127,18.6119],[70.5031,18.6197],[70.4882,18.6311],[70.4784,18.639],[70.4639,18.6496],[70.4543,18.6572],[70.4401,18.6684],[70.4305,18.6756],[70.4165,18.6866],[70.4066,18.6937],[70.3923,18.7046],[70.3823,18.7121],[70.3675,18.7233],[70.3575,18.7307],[70.3423,18.7417],[70.332,18.7488],[70.3174,18.7595],[70.3072,18.7666],[70.2924,18.7782],[70.2822,18.7854],[70.2677,18.796],[70.2578,18.8032],[70.2431,18.814],[70.2331,18.8211],[70.2183,18.8321],[70.2089,18.8391],[70.1941,18.8492],[70.1844,18.8561],[70.1696,18.867],[70.159,18.8745],[70.1435,18.8853],[70.1335,18.8921],[70.1185,18.903],[70.1096,18.91],[70.095,18.9209],[70.0847,18.9281],[70.0701,18.9388],[70.0601,18.9464],[70.045,18.9578],[70.0353,18.9652],[70.0207,18.9763],[70.0111,18.9834],[69.9964,18.9947],[69.9869,19.0022],[69.9726,19.0134],[69.9634,19.0211],[69.9491,19.0324],[69.9395,19.0401],[69.9252,19.0522],[69.9153,19.06],[69.9015,19.0721],[69.8925,19.0805],[69.8786,19.0929],[69.8695,19.101],[69.8562,19.1129],[69.8471,19.1208],[69.8336,19.1326],[69.8246,19.1405],[69.8109,19.1523],[69.8008,19.1604],[69.7873,19.1717],[69.7773,19.1797],[69.7631,19.1913],[69.7532,19.1989],[69.739,19.2104],[69.7292,19.2178],[69.7146,19.2296],[69.7053,19.2364],[69.691,19.2474],[69.6816,19.2555],[69.6676,19.2665],[69.6582,19.2741],[69.6438,19.2854],[69.6346,19.2928],[69.6202,19.3041],[69.6105,19.3118],[69.5956,19.3233],[69.5863,19.3305],[69.5717,19.3416],[69.5621,19.3489],[69.5479,19.3596],[69.5383,19.3674],[69.5241,19.379],[69.5148,19.3868],[69.5005,19.3985],[69.4903,19.4066],[69.4766,19.418],[69.4673,19.425],[69.4525,19.4366],[69.4426,19.444],[69.4278,19.4554],[69.4184,19.4631],[69.4035,19.474],[69.3945,19.4812],[69.38,19.4931],[69.3708,19.5004],[69.3566,19.5118],[69.3475,19.5196],[69.3327,19.5314],[69.3231,19.5389],[69.309,19.5503],[69.2992,19.5582],[69.2849,19.5693],[69.2748,19.5773],[69.2607,19.5889],[69.2517,19.5965],[69.2372,19.6077],[69.2279,19.6152],[69.214,19.6266],[69.2038,19.6346],[69.1895,19.6458],[69.1794,19.654],[69.1647,19.6648],[69.155,19.6722],[69.141,19.6832],[69.1315,19.6903],[69.1159,19.7012],[69.1064,19.7089],[69.0905,19.7196],[69.0811,19.7272],[69.0666,19.7382],[69.0572,19.7455],[69.0429,19.7571],[69.0339,19.7645],[69.0193,19.7759],[69.0095,19.7834],[68.9952,19.7952],[68.9856,19.8026],[68.9709,19.8135],[68.9614,19.8214],[68.9473,19.8328],[68.9373,19.8408],[68.9233,19.8529],[68.9138,19.8607],[68.8999,19.8723],[68.8901,19.88],[68.876,19.8916],[68.866,19.8991],[68.8516,19.911],[68.8419,19.9186],[68.8276,19.9305],[68.8184,19.9383],[68.8046,19.9493],[68.7955,19.9576],[68.7814,19.9687],[68.7719,19.977],[68.7577,19.9886],[68.7483,19.9969],[68.7342,20.0086],[68.7251,20.0168],[68.7109,20.0284],[68.7016,20.0365],[68.6874,20.0483],[68.6785,20.056],[68.6647,20.068],[68.6552,20.0766],[68.6418,20.0891],[68.6328,20.0971],[68.6193,20.1091],[68.6109,20.117],[68.5972,20.1293],[68.5884,20.1373],[68.5752,20.1499],[68.566,20.1584],[68.5531,20.1707],[68.544,20.1787],[68.5306,20.191],[68.5219,20.1994],[68.5086,20.2119],[68.4997,20.2201],[68.487,20.2323],[68.4781,20.2407],[68.4644,20.2533],[68.4549,20.2612],[68.4409,20.273],[68.4315,20.2811],[68.4171,20.2925],[68.4079,20.2999],[68.3938,20.3116],[68.384,20.3194],[68.3696,20.3315],[68.3601,20.3394],[68.3458,20.3507],[68.3361,20.3587],[68.3215,20.3704],[68.3118,20.3785],[68.2973,20.3898],[68.2876,20.3974],[68.2737,20.4096],[68.2641,20.4174],[68.2501,20.4292],[68.2408,20.437],[68.2267,20.4484],[68.2176,20.4562],[68.2038,20.4681],[68.1951,20.4753],[68.1813,20.4869],[68.1715,20.4946],[68.1569,20.5064],[68.1471,20.5137],[68.1324,20.525],[68.1228,20.532],[68.1076,20.5429],[68.0976,20.5503],[68.0824,20.5608],[68.073,20.5681],[68.059,20.5785],[68.049,20.5859],[68.0337,20.5968],[68.0241,20.6042],[68.0088,20.6151],[67.999,20.6221],[67.9844,20.6331],[67.9744,20.6403],[67.9597,20.6505],[67.9491,20.6578],[67.9338,20.6683],[67.9232,20.6756],[67.9077,20.6861],[67.8974,20.6932],[67.8827,20.7037],[67.873,20.7108],[67.8575,20.7206],[67.8471,20.7278],[67.832,20.7381],[67.8215,20.7451],[67.8066,20.7553],[67.7967,20.7621],[67.7816,20.7724],[67.7712,20.7793],[67.7568,20.7902],[67.7471,20.7968],[67.7318,20.8079],[67.7216,20.8154],[67.707,20.8265],[67.6972,20.8339],[67.6828,20.8448],[67.6734,20.8521],[67.6586,20.863],[67.6485,20.8706],[67.6335,20.8818],[67.6239,20.8894],[67.6098,20.9003],[67.5993,20.908],[67.5847,20.9195],[67.5753,20.9268],[67.5614,20.9386],[67.5515,20.9464],[67.5377,20.958],[67.5278,20.9662],[67.5141,20.9776],[67.5047,20.9856],[67.4913,20.998],[67.4825,21.0067]]},"properties":{"mmsi":996572619,"name":"Tanker 2619","role":"candidate","vessel_type":80,"synthetic":true,"t_offset_s":[-116959,-116839,-116599,-116239,-115999,-115639,-115399,-115039,-114799,-114439,-114199,-113839,-113599,-113239,-112999,-112639,-112399,-112039,-111799,-111439,-111199,-110839,-110599,-110239,-109999,-109639,-109399,-109039,-108799,-108439,-108199,-107839,-107599,-107239,-106999,-106639,-106399,-106039,-105799,-105439,-105199,-104839,-104599,-104239,-103999,-103639,-103399,-103039,-102799,-102439,-102199,-101839,-101599,-101239,-100999,-100639,-100399,-100039,-99799,-99439,-99199,-98839,-98599,-98239,-97999,-97639,-97399,-97039,-96799,-96439,-96199,-95839,-95599,-95239,-94999,-94639,-94399,-94039,-93799,-93439,-93199,-92839,-92599,-92239,-91999,-91639,-91399,-91039,-90799,-90439,-90199,-89839,-89599,-89239,-88999,-88639,-88399,-88039,-87799,-87439,-87199,-86839,-86599,-86239,-85999,-85639,-85399,-85039,-84799,-84439,-84199,-83839,-83599,-83239,-82999,-82639,-82399,-82039,-81799,-81439,-81199,-80839,-80599,-80239,-79999,-79639,-79399,-79039,-78799,-78439,-78199,-77839,-77599,-77239,-76999,-76639,-76399,-76039,-75799,-75439,-75199,-74839,-74599,-74239,-73999,-73639,-73399,-73039,-72799,-72439,-72199,-71839,-71599,-71239,-70999,-70639,-70399,-70039,-69799,-69439,-69199,-68839,-68599,-68239,-67999,-67639,-67399,-67039,-66799,-66439,-66199,-65839,-65599,-65239,-64999,-64639,-64399,-64039,-63799,-63439,-63199,-62839,-62599,-62239,-61999,-61639,-61399,-61039,-60799,-60439,-60199,-59839,-59599,-59239,-58999,-58639,-58399,-58039,-57799,-57439,-57199,-56839,-56599,-56239,-55999,-55639,-55399,-55039,-54799,-54439,-54199,-53839,-53599,-53239,-52999,-52639,-52399,-52039,-51799,-51439,-51199,-50839,-50599,-50239,-49999,-49639,-49399,-49039,-48799,-48439,-48199,-47839,-47599,-47239,-46999,-46639,-46399,-46039,-45799,-45439,-45199,-44839,-44599,-44239,-43999,-43639,-43399,-43039,-42799,-42439,-42199,-41839,-41599,-41239,-40999,-40639,-40399,-40039,-39799,-39439,-39199,-38839,-38599,-38239,-37999,-37639,-37399,-37039,-36799,-36439,-36199,-35839,-35599,-35239,-34999,-34639,-34399,-34039,-33799,-33439,-33199,-32839,-32599,-32239,-31999,-31639,-31399,-31039,-30799,-30439,-30199,-29839,-29599,-29239,-28999,-28639,-28399,-28039,-27799,-27439,-27199,-26839,-26599,-26239,-25999,-25639,-25399,-25039,-24799,-24439,-24199,-23839,-23599,-23239,-22999,-22639,-22399,-22039,-21799,-21439,-21199,-20839,-20599,-20239,-19999,-19639,-19399],"sog":[10.1,10.7,10.8,10.6,10.6,10.9,10.4,10.4,10.4,10.3,11.4,10.8,10.4,10.3,10.2,10.9,10.6,10.5,10.3,10.7,10.4,10.5,10.4,10.3,10.8,10.3,10.2,10.9,10.8,11,10.6,11.1,10.6,10.1,10.5,11.1,10.8,10.3,10.7,11,10.3,10.7,10.2,10.7,9.8,10.9,10.4,10.9,10.9,10.6,11,10.8,10,10.6,10.7,10.3,10.5,11,10.4,10.8,10.7,10.5,10.6,10.6,10.4,10.6,10.8,10.6,11.1,10.8,10.5,10.2,10.6,10.5,10.8,10.7,11.1,10.6,10.5,10.9,10.4,10.1,10.7,10.5,10.7,11,10.8,10.8,10.4,10.3,10.4,10.9,10.3,10.3,10.4,11,10.7,10.9,10.6,10.2,10.4,10.8,11.2,10.9,10.6,10.3,10,10.1,10.9,10.5,10.9,11,10.4,10.2,10.4,10.8,10.6,10.4,10.8,10.4,10.7,10.8,11.4,10.5,10.8,11,10.5,10.7,10.6,10.4,10,10.8,10.2,10.8,10.4,10.4,11,10.9,10.2,10.6,10.1,10,11.1,10.5,10.4,10.6,10.4,10.1,11.2,10.6,10.6,10.3,10.5,10.1,10.6,10.5,10.1,10.5,11,10.4,10.4,10.8,10.7,11,10.7,10.8,10.1,11.2,10.5,10.6,10.6,10.5,11,10.3,10.4,10.6,10.9,10.8,10.3,10.6,10.2,10.8,11.1,10.5,11.1,10.7,10.8,10.5,10.4,11.1,11.3,11.2,10.7,10.5,10.6,10.5,10.7,10.4,10.9,10.9,11.5,11,9.9,10.5,11,10.6,10.9,10.5,10.6,10.8,10.7,10.7,10.5,10.9,10.3,10.1,10.8,10.3,10.6,10.9,11,11.1,10.3,11,10.5,10.4,10.6,10.5,10.7,10.3,10.9,10.3,10.8,10.5,10.2,10.6,11.3,10.7,10.4,10.7,10.4,10.4,10.7,10.2,9.9,10.6,10.6,10.7,10.6,10,10.1,10.8,10.4,10.8,10.7,10.3,10.6,11.1,11,11.2,10.7,10.9,10.2,10.4,11.2,10.1,10.7,10,9.6,10.6,10.7,10.4,10.9,10.6,9.9,10.5,10.9,10,10.6,10.1,11.2,10.7,10.5,10.3,10.4,11,10,10.4,10.7,10.8,11,10.6,11,10.4,10.3,10.4,10.3,11,10.7,10.4,10.2,11,10.2,10.4,10.8,10.7,10.9,10.6,10.7,10.1,10.8,10.9,10.7,10.4,10.5,10.6,11.4,10.9,10.5,10.8,11,10.8,11,10.3,10.4,10.6,10.8]}},{"type":"Feature","geometry":{"type":"LineString","coordinates":[[71.7239,17.8296],[71.7274,17.8173],[71.7304,17.8046],[71.7355,17.7863],[71.7388,17.7741],[71.7432,17.7559],[71.7461,17.7438],[71.7497,17.7259],[71.7524,17.7138],[71.756,17.6948],[71.7584,17.6835],[71.7623,17.6644],[71.7643,17.6519],[71.7683,17.6335],[71.7706,17.6208],[71.7744,17.6016],[71.777,17.5892],[71.7804,17.5712],[71.7826,17.5584],[71.7863,17.5401],[71.7885,17.5274],[71.7927,17.5089],[71.7956,17.4964],[71.7997,17.4779],[71.8026,17.466],[71.8064,17.4471],[71.8097,17.4345],[71.8137,17.4158],[71.8164,17.4038],[71.82,17.3851],[71.8227,17.3726],[71.8262,17.3542],[71.8293,17.3419],[71.8321,17.3236],[71.8349,17.3106],[71.8385,17.2921],[71.8412,17.2795],[71.8449,17.2615],[71.8473,17.2489],[71.8511,17.2303],[71.8532,17.2186],[71.8569,17.1996],[71.8593,17.1871],[71.8619,17.168],[71.864,17.156],[71.8665,17.1372],[71.8688,17.1247],[71.8712,17.1064],[71.8731,17.0937],[71.8763,17.0749],[71.8781,17.0623],[71.8811,17.0439],[71.8835,17.0313],[71.8871,17.0126],[71.8896,17.0004],[71.8936,16.9821],[71.8964,16.9692],[71.9005,16.9508],[71.9028,16.9387],[71.9065,16.9205],[71.9095,16.9081],[71.9128,16.8894],[71.9156,16.8771],[71.9195,16.8579],[71.9219,16.8456],[71.9255,16.827],[71.9284,16.8155],[71.9321,16.7967],[71.9348,16.7842],[71.939,16.766],[71.9418,16.7539],[71.9464,16.736],[71.9496,16.7239],[71.9545,16.7058],[71.9582,16.6931],[71.963,16.6747],[71.9663,16.6628],[71.9711,16.6444],[71.9746,16.6326],[71.9792,16.6142],[71.9827,16.6014],[71.9873,16.5829],[71.9906,16.5707],[71.9952,16.5522],[71.9981,16.54],[72.003,16.522],[72.006,16.5095],[72.0108,16.4918],[72.0141,16.4797],[72.0194,16.4607],[72.0224,16.4489],[72.0269,16.4306],[72.0298,16.418],[72.035,16.3993],[72.0382,16.3874],[72.043,16.3692],[72.046,16.3572],[72.0511,16.3394],[72.0548,16.3277],[72.0598,16.3091],[72.0635,16.2972],[72.069,16.2788],[72.0731,16.2665],[72.0785,16.2481],[72.0821,16.236],[72.088,16.2176],[72.0918,16.2059],[72.0975,16.1879],[72.1018,16.1757],[72.1076,16.1576],[72.1116,16.1458],[72.1174,16.1279],[72.1216,16.116],[72.1274,16.0981],[72.1315,16.0861],[72.1378,16.0682],[72.142,16.057],[72.1489,16.0395],[72.1533,16.028],[72.1603,16.0107],[72.1648,15.9986],[72.1717,15.9811],[72.1762,15.9695],[72.183,15.9518],[72.1876,15.9401],[72.194,15.922],[72.1989,15.9104],[72.2064,15.8924],[72.2111,15.8804],[72.2181,15.8626],[72.223,15.8505],[72.2294,15.8331],[72.2339,15.8213],[72.2402,15.8036],[72.2447,15.7916],[72.251,15.7737],[72.2557,15.7622],[72.2619,15.7447],[72.2665,15.7334],[72.273,15.7156],[72.2774,15.7039],[72.284,15.6856],[72.2882,15.6738],[72.295,15.6561],[72.2992,15.6441],[72.3059,15.6265],[72.3101,15.6148],[72.3169,15.5968],[72.3209,15.5856],[72.3271,15.5673],[72.3314,15.5552],[72.3375,15.5379],[72.3413,15.5261],[72.348,15.5075],[72.3518,15.4955],[72.3577,15.4778],[72.3615,15.4661],[72.3675,15.4477],[72.3719,15.4356],[72.3777,15.4177],[72.3826,15.4062],[72.3887,15.3881],[72.3931,15.3768],[72.4003,15.3586],[72.4044,15.3468],[72.411,15.3287],[72.4153,15.3171],[72.4221,15.2993],[72.4264,15.2876],[72.4331,15.27],[72.4377,15.2581],[72.4445,15.2405],[72.4489,15.2289],[72.4558,15.2112],[72.4599,15.1996],[72.4669,15.1816],[72.472,15.1698],[72.4792,15.1516],[72.4838,15.1395],[72.4904,15.1216],[72.4949,15.1096],[72.5019,15.0917],[72.506,15.0801],[72.5138,15.0618],[72.5178,15.0504],[72.5254,15.0325],[72.5301,15.0208],[72.5371,15.0037],[72.5415,14.9918],[72.5485,14.9744],[72.5531,14.9625],[72.5609,14.9448],[72.5656,14.9332],[72.5728,14.9157],[72.5781,14.9038],[72.5854,14.8866],[72.5902,14.8749],[72.5981,14.8576],[72.603,14.8462],[72.6106,14.8283],[72.6156,14.8164],[72.6232,14.799],[72.6282,14.7872],[72.6346,14.77],[72.639,14.7575],[72.6458,14.7399],[72.6504,14.7279],[72.6568,14.7103],[72.6612,14.6988],[72.6675,14.6805],[72.6718,14.6688],[72.6778,14.6508],[72.6819,14.6389],[72.6878,14.6208],[72.6923,14.6086],[72.6983,14.5901],[72.7023,14.5782],[72.7085,14.5602],[72.7127,14.5481],[72.7193,14.5295],[72.7235,14.5172],[72.7302,14.499],[72.7344,14.4872],[72.7412,14.4697],[72.7459,14.4577],[72.7523,14.4395],[72.7567,14.4276],[72.7633,14.4093],[72.7676,14.3977]]},"properties":{"mmsi":996961142,"name":"Cargo 1142","role":"candidate","vessel_type":70,"synthetic":true,"t_offset_s":[-198055,-197815,-197575,-197215,-196975,-196615,-196375,-196015,-195775,-195415,-195175,-194815,-194575,-194215,-193975,-193615,-193375,-193015,-192775,-192415,-192175,-191815,-191575,-191215,-190975,-190615,-190375,-190015,-189775,-189415,-189175,-188815,-188575,-188215,-187975,-187615,-187375,-187015,-186775,-186415,-186175,-185815,-185575,-185215,-184975,-184615,-184375,-184015,-183775,-183415,-183175,-182815,-182575,-182215,-181975,-181615,-181375,-181015,-180775,-180415,-180175,-179815,-179575,-179215,-178975,-178615,-178375,-178015,-177775,-177415,-177175,-176815,-176575,-176215,-175975,-175615,-175375,-175015,-174775,-174415,-174175,-173815,-173575,-173215,-172975,-172615,-172375,-172015,-171775,-171415,-171175,-170815,-170575,-170215,-169975,-169615,-169375,-169015,-168775,-168415,-168175,-167815,-167575,-167215,-166975,-166615,-166375,-166015,-165775,-165415,-165175,-164815,-164575,-164215,-163975,-163615,-163375,-163015,-162775,-162415,-162175,-161815,-161575,-161215,-160975,-160615,-160375,-160015,-159775,-159415,-159175,-158815,-158575,-158215,-157975,-157615,-157375,-157015,-156775,-156415,-156175,-155815,-155575,-155215,-154975,-154615,-154375,-154015,-153775,-153415,-153175,-152815,-152575,-152215,-151975,-151615,-151375,-151015,-150775,-150415,-150175,-149815,-149575,-149215,-148975,-148615,-148375,-148015,-147775,-147415,-147175,-146815,-146575,-146215,-145975,-145615,-145375,-145015,-144775,-144415,-144175,-143815,-143575,-143215,-142975,-142615,-142375,-142015,-141775,-141415,-141175,-140815,-140575,-140215,-139975,-139615,-139375,-139015,-138775,-138415,-138175,-137815,-137575,-137215,-136975,-136615,-136375,-136015,-135775,-135415,-135175,-134815,-134575,-134215,-133975,-133615,-133375,-133015,-132775,-132415,-132175,-131815,-131575,-131215,-130975,-130615,-130375,-130015,-129775],"sog":[11.4,11.1,11.5,11.5,11.4,11.4,10.9,11.2,11.1,11.2,11,11.6,11,11.2,11.5,11.1,10.9,10.9,11.2,11.2,11.5,11,12,11.4,10.7,11.5,11.8,11,11.3,11.5,11.6,11.1,11.2,11.7,11.4,11.1,11.8,11.3,11.4,11.5,10.6,11,11.7,11.5,10.8,11.3,11.2,11.1,11.6,11.9,11.4,11.3,11.2,11.5,11.1,11.5,11.3,11.6,11.2,10.8,11.5,11.1,11,11.6,11,11.1,10.9,11.5,11.5,11.2,10.9,10.4,11.3,11.1,11.6,11.4,10.9,11.2,11.4,11.2,11.3,11.4,11.5,11.4,10.8,11.5,11.4,10.9,11.6,11.6,10.9,11.5,10.9,11.6,10.9,11.3,10.8,11.6,11,11.5,11,11.7,11.1,11.3,11.5,11.1,11.2,11.2,11.4,11.3,11.3,11.3,11.4,11,11.3,11.2,11.1,11.5,11.2,11.2,11.7,11.3,10.8,11.4,11.3,11.6,11.3,11.3,11.2,11.7,11.4,11.2,11.2,11.2,11.7,11.3,11.3,11.1,10.5,10.9,11.4,11.1,11.5,11,11.6,11.7,11.2,11,11.3,11.3,11.1,11.2,11.4,11.1,11.4,11.4,11.4,11.7,11.8,10.9,11.2,11,10.7,11.4,11,11.1,11.5,11.1,10.8,11.2,11,11.2,11,10.8,11.4,11.4,11.4,11.7,11.5,11.4,11.4,11.2,11.1,11.7,11.3,11.4,11.1,11.5,11.2,11.6,11.6,11.6,10.7,11.6,11.1,11.6,11.4,10.9,11.5,11.7,11.4,10.9,10.9,11,11.8,11.1,11.7,10.9,11.1,11.5,11.4,11.2,11.3,11.2,11.4,11.2,11.1,11.3,11.1,11.8,11.3,11,11.6,11.3,11.6,11.4,11.6,11.6,11]}},{"type":"Feature","geometry":{"type":"LineString","coordinates":[[71.404,19.0444],[71.4077,19.0319],[71.4117,19.0193],[71.4168,19],[71.4204,18.9876],[71.5416,18.4505],[71.545,18.4316],[71.5468,18.419],[71.5497,18.4001],[71.5516,18.3878],[71.5553,18.3686],[71.5582,18.356],[71.5623,18.3372],[71.5648,18.3251],[71.5694,18.3067],[71.5721,18.2939],[71.5756,18.2751],[71.5784,18.2624],[71.5819,18.2432],[71.5841,18.2303],[71.5868,18.2114],[71.5884,18.1983],[71.5911,18.1789],[71.5929,18.1666],[71.595,18.1474],[71.5965,18.135],[71.599,18.1155],[71.6005,18.1028],[71.6034,18.0828],[71.605,18.0703],[71.6076,18.0515],[71.6096,18.0384],[71.6122,18.0195],[71.6143,18.0065],[71.6171,17.987],[71.6191,17.9742],[71.6222,17.955],[71.6243,17.9422],[71.6276,17.9232],[71.629,17.9103],[71.6318,17.8917],[71.6335,17.8789],[71.6364,17.8594],[71.6382,17.8473],[71.6411,17.828],[71.6431,17.8148],[71.646,17.7957],[71.6479,17.7825],[71.6508,17.7632],[71.6524,17.7505],[71.6551,17.7308],[71.6572,17.7182],[71.66,17.6993],[71.6618,17.6863],[71.665,17.6669],[71.6668,17.6543],[71.6696,17.6353],[71.6715,17.622],[71.6748,17.6023],[71.6769,17.5901],[71.6805,17.5711]]},"properties":{"mmsi":997012012,"name":"Tanker 2012","role":"background","vessel_type":80,"synthetic":true,"t_offset_s":[58418,58658,58898,59258,59498,69698,70058,70298,70658,70898,71258,71498,71858,72098,72458,72698,73058,73298,73658,73898,74258,74498,74858,75098,75458,75698,76058,76298,76658,76898,77258,77498,77858,78098,78458,78698,79058,79298,79658,79898,80258,80498,80858,81098,81458,81698,82058,82298,82658,82898,83258,83498,83858,84098,84458,84698,85058,85298,85658,85898,86258],"sog":[11.5,11.4,11.4,11.9,11.6,11.5,11.6,11.5,11.4,11.4,11,11.5,11.8,11.3,11.3,11.7,11.2,11.9,11.8,11.1,11.3,11.6,11.6,11.7,11,11.4,11.7,11.9,11.6,10.8,11.8,12.4,11.9,11.3,11.5,11.8,11.9,11.7,11.4,11.5,10.6,11.6,11.9,11.2,11.8,12,11.6,12.4,11.4,11.4,11.6,11.2,11.5,11.9,11.7,11.1,11.3,11.9,11.6,11.2,11.5]}},{"type":"Feature","geometry":{"type":"LineString","coordinates":[[71.1951,18.091],[71.1891,18.0965],[71.1763,18.1064],[71.1573,18.1218],[71.1447,18.1319],[71.1256,18.1466],[71.1127,18.1567],[71.0936,18.1709],[71.0807,18.1807],[71.0612,18.1957],[71.0484,18.2056],[71.0292,18.2202],[71.0165,18.2305],[70.9972,18.2455],[70.9841,18.2553],[70.9644,18.27],[70.9513,18.28],[70.9316,18.2942],[70.9183,18.3041],[70.8988,18.318],[70.8858,18.3275],[70.8659,18.3419],[70.853,18.3517],[70.8327,18.3655],[70.8199,18.3749],[70.8001,18.3894],[70.7875,18.3985],[70.7673,18.4128],[70.7546,18.4224],[70.735,18.4369],[70.7216,18.4464],[70.7022,18.4611],[70.6894,18.4714],[70.6706,18.4862],[70.6574,18.4965],[70.6385,18.5121],[70.6267,18.5221],[70.6084,18.5378],[70.596,18.5478],[70.5773,18.5637],[70.5654,18.5745],[70.5469,18.5903],[70.5354,18.6007],[70.5172,18.6172],[70.5049,18.6277],[70.4872,18.644],[70.4754,18.6548],[70.4582,18.672],[70.4459,18.6833],[70.4288,18.7002],[70.4172,18.711],[70.399,18.728],[70.3877,18.7382],[70.3697,18.7554],[70.3582,18.7666],[70.3407,18.783],[70.3293,18.7949],[70.3121,18.8115],[70.3006,18.8227],[70.2834,18.8399],[70.272,18.851],[70.2549,18.8676],[70.243,18.879],[70.2252,18.896],[70.2133,18.9073],[70.1962,18.9241],[70.1844,18.9353],[70.1667,18.9521],[70.155,18.9626],[70.1373,18.9789],[70.1254,18.9893],[70.1082,19.0057],[70.0959,19.0163],[70.0774,19.0323],[70.0653,19.0432],[70.0475,19.0585],[70.0348,19.0694],[70.0166,19.0854],[70.0047,19.0956],[69.9865,19.1113],[69.9747,19.1222],[69.9562,19.1383],[69.9441,19.1493],[69.9262,19.1656],[69.9141,19.1763],[69.8959,19.1921],[69.8842,19.2029],[69.8657,19.2187],[69.8533,19.2299],[69.8356,19.2457],[69.824,19.2571],[69.8067,19.274],[69.7953,19.2848],[69.778,19.302],[69.7661,19.3131],[69.7497,19.3313],[69.7383,19.3426],[69.7211,19.36],[69.7102,19.3711],[69.6928,19.3887],[69.6814,19.4002],[69.6644,19.4176],[69.6534,19.4288],[69.6362,19.4456],[69.6251,19.4571],[69.6082,19.4743],[69.5967,19.4855],[69.5792,19.5027],[69.5677,19.5136],[69.55,19.5305],[69.5385,19.5413],[69.5206,19.5576],[69.5089,19.569],[69.4917,19.5861],[69.4807,19.5974],[69.4635,19.6142],[69.4526,19.6258],[69.4348,19.6433],[69.4237,19.655],[69.4071,19.6725],[69.3963,19.6844],[69.3795,19.702],[69.3686,19.7141],[69.3524,19.7316],[69.3413,19.7434],[69.3253,19.7613],[69.3146,19.773],[69.2976,19.7906],[69.2872,19.8019],[69.271,19.8192],[69.2602,19.8311],[69.2437,19.8484],[69.2331,19.8603],[69.2174,19.8781],[69.2061,19.8902],[69.1897,19.9083],[69.179,19.9198],[69.1632,19.9371],[69.152,19.9493],[69.136,19.9665],[69.1255,19.9785],[69.1096,19.9962],[69.099,20.0082],[69.0831,20.0263],[69.0726,20.0386],[69.0567,20.0563],[69.0463,20.068],[69.0307,20.086],[69.0206,20.0978],[69.0048,20.1156],[68.9945,20.1276],[68.9784,20.1458],[68.9672,20.1579],[68.9512,20.1755],[68.9402,20.1873],[68.9235,20.2047],[68.9122,20.2163],[68.8953,20.2333],[68.8841,20.2452],[68.867,20.2629],[68.856,20.2744],[68.839,20.2922],[68.8282,20.3038],[68.8114,20.3214],[68.8006,20.3328],[68.7846,20.3497],[68.7729,20.3617],[68.7563,20.3782],[68.7451,20.3897],[68.7277,20.4069],[68.7161,20.4179],[68.699,20.4357],[68.688,20.4467],[68.6702,20.4634],[68.6585,20.4746],[68.6413,20.4913],[68.6297,20.5022],[68.6123,20.5186],[68.6,20.5298],[68.5821,20.546],[68.5703,20.5576],[68.5529,20.5741],[68.5411,20.5855],[68.5234,20.6014],[68.5113,20.6125],[68.4932,20.6293],[68.4815,20.6402],[68.4646,20.6571],[68.4532,20.6684],[68.4362,20.6858],[68.4249,20.6969],[68.4076,20.7142],[68.3967,20.7252],[68.3796,20.742],[68.3679,20.7534],[68.3508,20.7697],[68.3388,20.7806],[68.3213,20.7969],[68.3092,20.8078],[68.2911,20.8241],[68.2792,20.8347],[68.2608,20.8509],[68.2486,20.8616],[68.2296,20.8772],[68.2175,20.8878],[68.1988,20.9032],[68.1864,20.9139],[68.1674,20.9296],[68.1552,20.9397],[68.136,20.9558],[68.1236,20.9661],[68.1049,20.9821],[68.0933,20.9924],[68.0753,21.0083],[68.0631,21.0189],[68.0448,21.0349],[68.0327,21.0453],[68.0138,21.0613],[68.0015,21.0718],[67.9834,21.088],[67.971,21.0987],[67.9528,21.1144],[67.9409,21.1251],[67.9226,21.1414],[67.9111,21.1519],[67.8931,21.1681],[67.8811,21.1788],[67.8631,21.1954],[67.8515,21.2059],[67.8335,21.2218],[67.8218,21.2327],[67.8042,21.2492],[67.7925,21.2606],[67.7752,21.277],[67.7636,21.2876],[67.7457,21.3042],[67.7341,21.3151],[67.7164,21.3312],[67.7044,21.3422],[67.6861,21.3584],[67.6743,21.3693],[67.6563,21.3854],[67.644,21.3957],[67.6259,21.4118],[67.6137,21.4223],[67.595,21.4381],[67.5825,21.449],[67.5645,21.4649],[67.5523,21.4755],[67.5346,21.4902],[67.5225,21.5014],[67.5036,21.517],[67.4914,21.5273],[67.4728,21.5427]]},"properties":{"mmsi":997426296,"name":"Cargo 6296","role":"candidate","vessel_type":70,"synthetic":true,"t_offset_s":[-259119,-258999,-258759,-258399,-258159,-257799,-257559,-257199,-256959,-256599,-256359,-255999,-255759,-255399,-255159,-254799,-254559,-254199,-253959,-253599,-253359,-252999,-252759,-252399,-252159,-251799,-251559,-251199,-250959,-250599,-250359,-249999,-249759,-249399,-249159,-248799,-248559,-248199,-247959,-247599,-247359,-246999,-246759,-246399,-246159,-245799,-245559,-245199,-244959,-244599,-244359,-243999,-243759,-243399,-243159,-242799,-242559,-242199,-241959,-241599,-241359,-240999,-240759,-240399,-240159,-239799,-239559,-239199,-238959,-238599,-238359,-237999,-237759,-237399,-237159,-236799,-236559,-236199,-235959,-235599,-235359,-234999,-234759,-234399,-234159,-233799,-233559,-233199,-232959,-232599,-232359,-231999,-231759,-231399,-231159,-230799,-230559,-230199,-229959,-229599,-229359,-228999,-228759,-228399,-228159,-227799,-227559,-227199,-226959,-226599,-226359,-225999,-225759,-225399,-225159,-224799,-224559,-224199,-223959,-223599,-223359,-222999,-222759,-222399,-222159,-221799,-221559,-221199,-220959,-220599,-220359,-219999,-219759,-219399,-219159,-218799,-218559,-218199,-217959,-217599,-217359,-216999,-216759,-216399,-216159,-215799,-215559,-215199,-214959,-214599,-214359,-213999,-213759,-213399,-213159,-212799,-212559,-212199,-211959,-211599,-211359,-210999,-210759,-210399,-210159,-209799,-209559,-209199,-208959,-208599,-208359,-207999,-207759,-207399,-207159,-206799,-206559,-206199,-205959,-205599,-205359,-204999,-204759,-204399,-204159,-203799,-203559,-203199,-202959,-202599,-202359,-201999,-201759,-201399,-201159,-200799,-200559,-200199,-199959,-199599,-199359,-198999,-198759,-198399,-198159,-197799,-197559,-197199,-196959,-196599,-196359,-195999,-195759,-195399,-195159,-194799,-194559,-194199,-193959,-193599,-193359,-192999,-192759,-192399,-192159,-191799,-191559,-191199,-190959,-190599,-190359,-189999,-189759,-189399,-189159,-188799,-188559,-188199,-187959,-187599,-187359,-186999,-186759,-186399,-186159,-185799,-185559,-185199,-184959,-184599,-184359,-183999,-183759,-183399],"sog":[13.4,13.8,14.4,14.1,14,14.1,13.9,14.1,13.7,14.2,14,14,13.8,13.7,14.5,14,14,13.9,13.9,13.7,13.6,14.1,13.4,14.3,14,13.9,13.7,13.9,14,13.6,14.2,14.3,14.3,14.4,14.3,14.4,13.8,13.7,14.1,14.1,13.9,13.6,13.9,14.3,14.6,13.6,13.9,14.2,14.6,14.2,14.3,14.3,13.3,14.4,14.1,13.6,14.4,13.8,14.3,14.3,13.9,13.4,14.4,14.5,13.9,13.4,14.1,13.8,13.5,13.8,13.7,13.4,14.2,14.3,14.1,13.9,14.2,14.1,14,14,13.9,14,14.1,14.2,14.4,14.1,13.7,14.7,14,13.4,13.9,14.4,14,13.9,14,14.5,14.4,13.6,14,14.5,14,14.2,13.8,13.9,13.8,14.1,13.9,14.1,13.8,14.6,13.9,14.1,14.3,14.7,13.8,14.2,13.6,14.8,14.1,13.9,13.9,14.2,14.3,13.7,14.1,13.5,13.7,14.4,13.7,13.9,14.1,14,13.7,13.8,14.3,14.3,13.8,14,14.5,13.9,13.8,14.1,14.1,14.1,13.9,13.9,14.2,13.9,13.8,13.9,14.1,14.1,13.9,14.4,14.1,14,14.3,14,14.2,14.4,13.4,14.5,13.8,14.2,13.5,13.9,13.9,14.2,14.2,13.8,14.2,14.4,14,14.2,14.3,13.7,13.8,13.8,14.2,14.4,14.3,14.5,14.1,13.9,14.2,14.4,14.3,13.6,14.2,13.9,13.8,13.9,13.7,13.9,14.4,13.4,14.3,14,13.9,14.2,13.6,13.9,14.6,14.7,14.1,14,13.7,14.4,14.2,14.2,14.5,14.3,13.8,13.8,14.1,14.5,14.3,14.5,14.6,13.6,13.8,13.5,13.9,14.1,13.8,14.1,14.1,14.8,13.9,14.4,13.8,14,14,13.9,13.6,14,13.8,14.3,14.2,14.2,14.1,13.6,13.9,14.4,14.1,14.7,14.3,13.5,13.8,13.8,13.9,14.3,13.9,13.9]}},{"type":"Feature","geometry":{"type":"LineString","coordinates":[[71.5286,18.907],[71.53,18.9093],[71.5364,18.9111],[71.5401,18.9108],[71.5434,18.9083],[71.5465,18.9052],[71.5485,18.9035],[71.552,18.9054],[71.5546,18.9093],[71.5551,18.913],[71.5546,18.9162],[71.5528,18.9201],[71.5507,18.9238],[71.5493,18.9262],[71.5438,18.9285],[71.5397,18.928],[71.5336,18.9299],[71.5299,18.9318],[71.5241,18.9333],[71.5232,18.935],[71.5246,18.9409],[71.5272,18.9433],[71.5321,18.946],[71.5345,18.9432],[71.5336,18.9384],[71.531,18.937],[71.5252,18.9393],[71.5214,18.943],[71.5169,18.9464],[71.5138,18.9494],[71.5114,18.9524],[71.5117,18.9556],[71.5057,18.9596],[71.5045,18.9637],[71.5018,18.9674],[71.4979,18.9699],[71.4935,18.9706],[71.4902,18.9688],[71.4862,18.966],[71.4858,18.9641],[71.4831,18.9595],[71.4823,18.9551],[71.4797,18.9514],[71.4762,18.9491],[71.4722,18.9446],[71.4697,18.9424],[71.4647,18.9387],[71.4624,18.9376],[71.4576,18.935],[71.4569,18.9337],[71.4528,18.9308],[71.4494,18.9312],[71.4487,18.9347],[71.4488,18.9388],[71.4499,18.9427],[71.4503,18.947],[71.4547,18.9499],[71.4586,18.9507],[71.4595,18.9558],[71.4627,18.9595],[71.4664,18.9581],[71.4665,18.955],[71.467,18.9504],[71.4648,18.9469],[71.4671,18.9443],[71.4695,18.9414],[71.4728,18.9373],[71.4775,18.9359],[71.4795,18.9316],[71.4823,18.9312],[71.4853,18.9321],[71.4868,18.9346],[71.4889,18.94],[71.4896,18.9421],[71.4937,18.9455],[71.4945,18.9482],[71.4949,18.9521],[71.4961,18.9561],[71.4964,18.9615],[71.4976,18.965],[71.5009,18.9666],[71.5048,18.9686],[71.5092,18.9709],[71.5111,18.9741],[71.5133,18.978],[71.5134,18.9801],[71.5157,18.9861],[71.5197,18.9858],[71.5249,18.9888],[71.5264,18.9894],[71.5307,18.9932],[71.532,18.9964],[71.5277,18.9981],[71.5246,18.9962],[71.5227,18.991],[71.5199,18.9874],[71.5156,18.9831],[71.5121,18.9827],[71.5073,18.9848],[71.5058,18.9882],[71.5046,18.9928],[71.5036,18.9978],[71.5038,19.0017],[71.5017,19.0047],[71.4979,19.0079],[71.4953,19.0093],[71.4887,19.0097],[71.4838,19.0088],[71.479,19.0117],[71.4761,19.0145],[71.4729,19.0171],[71.4699,19.0186],[71.4678,19.0237],[71.4644,19.0265],[71.4665,19.0321],[71.4664,19.0363],[71.4635,19.0403],[71.4626,19.0445],[71.4618,19.0498],[71.4635,19.0538],[71.4685,19.0557],[71.4718,19.056],[71.4776,19.0547],[71.4807,19.055],[71.4846,19.0576],[71.4879,19.0594],[71.4907,19.0563],[71.4932,19.0538],[71.4949,19.0492],[71.4965,19.0453],[71.4989,19.0401],[71.4986,19.0371],[71.5029,19.0319],[71.5059,19.0297],[71.5101,19.0266],[71.5127,19.0241],[71.5177,19.0219],[71.5211,19.022],[71.5267,19.0223],[71.5301,19.0223],[71.5353,19.021],[71.5369,19.0237],[71.5308,19.0264],[71.5272,19.0242],[71.5245,19.0218],[71.5224,19.0201],[71.5211,19.0152],[71.5226,19.0123],[71.525,19.0072],[71.5269,19.0061],[71.5286,19.0107],[71.5289,19.0133],[71.5297,19.0173],[71.5309,19.0214],[71.5347,19.025],[71.5369,19.026],[71.5436,19.0237],[71.5463,19.0261],[71.5484,19.0304],[71.5465,19.0346],[71.5456,19.0373],[71.5439,19.0392],[71.5398,19.0415],[71.5364,19.0424],[71.5328,19.0402],[71.5293,19.0392],[71.5252,19.0367],[71.5242,19.0341],[71.5214,19.0307],[71.5171,19.0291],[71.5129,19.0279],[71.5115,19.0261],[71.5077,19.0238],[71.5056,19.0231],[71.4994,19.0213],[71.4973,19.0181],[71.4981,19.0126],[71.5,19.0099],[71.5044,19.008],[71.5068,19.0047],[71.5121,19.0018],[71.5158,19.0013],[71.5226,18.9998],[71.5249,19.001],[71.5305,19.0015],[71.533,19.002],[71.5388,19.0059],[71.5403,19.0092],[71.545,19.0115],[71.5483,19.0111],[71.554,19.0117],[71.5571,19.0121],[71.5629,19.0107],[71.5665,19.0101],[71.5699,19.0055],[71.572,19.0024],[71.5725,18.9961],[71.5729,18.9924],[71.5717,18.9883],[71.5712,18.9852],[71.5699,18.9819],[71.5697,18.9785],[71.5678,18.9746],[71.5681,18.9705],[71.5695,18.9669],[71.5691,18.9628],[71.5679,18.9594],[71.5649,18.9576],[71.5592,18.9575],[71.5542,18.9578],[71.5482,18.9571],[71.5455,18.956],[71.5422,18.9542],[71.5394,18.952],[71.5369,18.9477],[71.5385,18.9447],[71.5402,18.9409],[71.5429,18.9376],[71.5479,18.9338],[71.551,18.9328],[71.5554,18.9297],[71.5576,18.9284],[71.5652,18.9259],[71.5696,18.9283],[71.5723,18.9318],[71.5737,18.9339],[71.5751,18.938],[71.5739,18.9401],[71.5712,18.9443],[71.5683,18.946],[71.5634,18.9465],[71.5606,18.9498],[71.5589,18.9543],[71.557,18.9564],[71.5502,18.9565],[71.5476,18.9593],[71.5486,18.9654],[71.5512,18.969],[71.5579,18.9675],[71.5604,18.968],[71.5623,18.9739],[71.5626,18.9772],[71.5598,18.9781],[71.5605,18.9754],[71.5617,18.9709],[71.559,18.967],[71.5591,18.9621],[71.5608,18.9597],[71.5629,18.9556],[71.5641,18.9528],[71.5641,18.9501],[71.5618,18.9476],[71.56,18.9438],[71.5586,18.9427],[71.5579,18.9365],[71.5606,18.9327],[71.5635,18.9285],[71.5645,18.9258],[71.5693,18.9242],[71.5729,18.9222],[71.5777,18.9216],[71.5814,18.9227],[71.5842,18.9278],[71.5876,18.9295],[71.5914,18.9328],[71.5941,18.9362],[71.594,18.9426],[71.5951,18.9453],[71.5975,18.9507],[71.5999,18.954],[71.5977,18.9585],[71.5943,18.9617],[71.5904,18.9646],[71.5893,18.9661],[71.5835,18.9687],[71.5801,18.9687],[71.5748,18.9676],[71.5726,18.9646],[71.5709,18.9595],[71.5707,18.9563],[71.5712,18.9518],[71.573,18.9486],[71.5717,18.9454],[71.5676,18.9449],[71.5618,18.9449],[71.5582,18.948],[71.5555,18.9516],[71.5515,18.9542],[71.5457,18.953],[71.542,18.9502],[71.5362,18.9451],[71.5364,18.9434],[71.5398,18.9415],[71.543,18.9419],[71.5488,18.9392],[71.5527,18.9393],[71.5567,18.9405],[71.5602,18.9428],[71.5612,18.9489],[71.5603,18.9517],[71.5563,18.9561],[71.556,18.9589],[71.5559,18.9656],[71.5591,18.9676],[71.5603,18.9728],[71.5628,18.9765],[71.5664,18.9803],[71.569,18.9796],[71.5738,18.9787],[71.5757,18.9767],[71.5812,18.9727],[71.5852,18.9727],[71.5905,18.972],[71.593,18.9723],[71.5976,18.9738],[71.5983,18.9702],[71.5976,18.9649],[71.5954,18.9624],[71.5925,18.9575],[71.5915,18.9552],[71.5886,18.9514],[71.5859,18.951],[71.5815,18.9495],[71.5797,18.9495],[71.5787,18.9557],[71.5784,18.9594],[71.5776,18.963],[71.5744,18.966],[71.5683,18.9684],[71.5643,18.9656],[71.5595,18.9644],[71.5556,18.9643],[71.5515,18.9595],[71.5506,18.9561],[71.5488,18.9516],[71.5505,18.9471],[71.5542,18.9401],[71.5557,18.9367],[71.5553,18.9324],[71.5581,18.9306],[71.5624,18.9284],[71.5664,18.9264],[71.5681,18.9223],[71.5688,18.9186],[71.5739,18.9168],[71.5772,18.9185],[71.581,18.9195],[71.5842,18.9215],[71.5893,18.9176],[71.5933,18.9186],[71.5968,18.9217],[71.5964,18.9245],[71.5905,18.9253],[71.586,18.9247],[71.5803,18.9262],[71.5793,18.9282],[71.5755,18.9295],[71.5714,18.9314],[71.5652,18.93],[71.5627,18.9281],[71.5587,18.9299],[71.5562,18.9311],[71.5511,18.9282],[71.5483,18.9274],[71.5425,18.9265],[71.5382,18.9248],[71.5376,18.9211],[71.5417,18.9182],[71.5449,18.9165],[71.5484,18.9148],[71.5522,18.9178],[71.5573,18.9197],[71.5607,18.9231],[71.5608,18.9265],[71.558,18.9319],[71.5558,18.9328],[71.5504,18.9329],[71.5471,18.9331],[71.5412,18.9315],[71.5369,18.931],[71.5322,18.9317],[71.529,18.9302],[71.5272,18.927],[71.528,18.9244],[71.5269,18.9197],[71.5293,18.9165],[71.5333,18.9147],[71.5345,18.9127],[71.5295,18.9087],[71.5274,18.9076],[71.5232,18.9046],[71.5193,18.9031],[71.5168,18.8982],[71.5176,18.8953],[71.5185,18.8913],[71.5201,18.8884],[71.5211,18.8839],[71.5212,18.8802],[71.5249,18.877],[71.5282,18.8746],[71.5332,18.8727],[71.5356,18.8695],[71.5381,18.8661],[71.538,18.8619],[71.5361,18.8565],[71.5334,18.8558],[71.5276,18.8552],[71.5255,18.855],[71.5203,18.8566],[71.5183,18.8538],[71.5189,18.8485],[71.5185,18.8445],[71.5204,18.8387],[71.5205,18.8336],[71.5225,18.8282],[71.5231,18.8278],[71.5271,18.8287],[71.532,18.8307],[71.5368,18.8305],[71.54,18.8304],[71.5441,18.8271],[71.5471,18.8259],[71.5521,18.8263],[71.5552,18.829],[71.5589,18.8247],[71.5596,18.8217],[71.5625,18.8189],[71.5658,18.8185],[71.5657,18.8233],[71.5624,18.8259],[71.5639,18.8225],[71.5653,18.8209],[71.5691,18.8193],[71.5737,18.8206],[71.5807,18.8192],[71.5849,18.818],[71.5896,18.8177],[71.593,18.8152],[71.5976,18.8149],[71.6014,18.8117],[71.6056,18.8116],[71.6089,18.8134],[71.6125,18.8167],[71.614,18.8193],[71.614,18.8235],[71.6108,18.8265],[71.607,18.828],[71.6046,18.8266],[71.601,18.8225],[71.5962,18.8216],[71.5935,18.8254],[71.5939,18.8275],[71.5903,18.8291],[71.5879,18.829],[71.5832,18.8285],[71.5792,18.8283],[71.5726,18.8265],[71.5709,18.8235],[71.5727,18.8205],[71.5757,18.8197],[71.5796,18.8162],[71.5827,18.8148],[71.5864,18.8112],[71.5899,18.8091],[71.5951,18.8106],[71.5964,18.8138],[71.5993,18.8186],[71.6035,18.8225],[71.6085,18.8223],[71.6125,18.8233],[71.6162,18.8234],[71.6189,18.8227],[71.6242,18.822],[71.6274,18.8227],[71.6296,18.8261],[71.6286,18.8293],[71.6246,18.834],[71.622,18.8336],[71.6149,18.8322],[71.6133,18.8306],[71.6104,18.8259],[71.6066,18.8231],[71.6004,18.8221],[71.5986,18.8217],[71.5938,18.8242],[71.5928,18.8277],[71.5896,18.8308],[71.5862,18.8325],[71.5805,18.8332],[71.5765,18.8311],[71.5794,18.8264],[71.5794,18.8225],[71.5776,18.8194],[71.5751,18.816],[71.5718,18.8173],[71.571,18.8206],[71.5711,18.8242],[71.5678,18.8284],[71.5633,18.8307],[71.5604,18.8331],[71.5556,18.8355],[71.5504,18.8349],[71.547,18.8378],[71.543,18.841],[71.5406,18.8436],[71.5368,18.8447],[71.5324,18.8458],[71.5298,18.8426],[71.526,18.8389],[71.523,18.8363],[71.5216,18.8323],[71.52,18.8298],[71.5186,18.8259],[71.5169,18.8231],[71.5176,18.8186],[71.5209,18.8153],[71.5264,18.8149],[71.5274,18.8178],[71.5274,18.8218],[71.5289,18.8246],[71.533,18.8276],[71.5362,18.8289],[71.5405,18.8323],[71.5443,18.8357],[71.5501,18.8381],[71.5545,18.8376],[71.5586,18.8414],[71.561,18.8448],[71.5667,18.8494],[71.5716,18.8509],[71.5782,18.8515],[71.5816,18.8498],[71.5837,18.8462],[71.5866,18.8434],[71.5891,18.8413],[71.5886,18.8368],[71.5851,18.8326],[71.5849,18.8289],[71.5834,18.8231],[71.5838,18.8203],[71.5903,18.8185],[71.5922,18.8152],[71.5895,18.8112],[71.5865,18.8094],[71.586,18.804],[71.5864,18.8007],[71.5883,18.7955],[71.5929,18.7926],[71.5979,18.7893],[71.6013,18.7857],[71.6062,18.7824],[71.6081,18.779],[71.6135,18.7752],[71.6159,18.7744],[71.6179,18.7785],[71.6173,18.7811],[71.6183,18.7857],[71.621,18.7878],[71.6211,18.7931],[71.6185,18.7955],[71.6141,18.7996],[71.6134,18.8011],[71.6154,18.8066],[71.6151,18.8071],[71.6145,18.8129],[71.6128,18.8172],[71.6132,18.8227],[71.6146,18.8276],[71.6171,18.8307],[71.6216,18.8308],[71.6258,18.8266],[71.6258,18.8242],[71.6293,18.8199],[71.6336,18.8168],[71.6381,18.8148],[71.643,18.8146],[71.6488,18.8103],[71.6505,18.8084],[71.6533,18.8053],[71.6558,18.8008],[71.6605,18.7982],[71.6614,18.7951],[71.6658,18.7928],[71.6686,18.7905],[71.6731,18.7913],[71.6732,18.7952],[71.6746,18.8012],[71.6774,18.8043],[71.6813,18.8065],[71.6849,18.808],[71.6903,18.8108],[71.6919,18.8126],[71.694,18.8173],[71.6957,18.8202],[71.6978,18.8233],[71.7006,18.8261],[71.7023,18.8298],[71.7018,18.8329],[71.7031,18.8374],[71.7038,18.8412],[71.7026,18.8467],[71.7019,18.8498],[71.7017,18.8536],[71.7033,18.8562],[71.7042,18.861],[71.7033,18.8632],[71.6993,18.868],[71.6998,18.8683],[71.6982,18.8733],[71.696,18.8761],[71.6962,18.88],[71.694,18.8829],[71.6919,18.8873],[71.6898,18.8898],[71.6869,18.893],[71.6841,18.8957],[71.6805,18.9008],[71.6796,18.9049],[71.6781,18.9095],[71.6763,18.9077],[71.6721,18.9042],[71.6696,18.9011],[71.6662,18.8966],[71.6643,18.8941],[71.661,18.8884],[71.6607,18.8848],[71.6575,18.8807],[71.6563,18.8771],[71.6576,18.8723],[71.658,18.8686],[71.656,18.8623],[71.6554,18.8588],[71.6589,18.8527],[71.6611,18.8502],[71.6621,18.8448],[71.6625,18.8403],[71.6604,18.8338],[71.6579,18.8327],[71.6509,18.8309],[71.6472,18.833],[71.6424,18.8344],[71.6395,18.8372],[71.6364,18.8412],[71.6359,18.8453],[71.6366,18.8513],[71.6396,18.8534],[71.6434,18.854],[71.6446,18.854],[71.6507,18.8575],[71.6534,18.8579],[71.6572,18.8548],[71.6617,18.8544],[71.6659,18.8561],[71.6703,18.8572],[71.6753,18.8571],[71.6791,18.857],[71.681,18.8602],[71.6795,18.8633],[71.6799,18.8685],[71.6793,18.8716],[71.6825,18.8733],[71.6854,18.8767],[71.6836,18.882],[71.682,18.8857],[71.6834,18.8904],[71.6869,18.8935],[71.6896,18.8952],[71.6893,18.8994],[71.6909,18.9042],[71.6923,18.9073],[71.6918,18.9115],[71.6901,18.9138],[71.6877,18.9173],[71.6846,18.9192],[71.681,18.9176],[71.6766,18.9176],[71.6752,18.9123],[71.6751,18.9076],[71.676,18.9015],[71.6771,18.8987],[71.6786,18.8943],[71.6794,18.8915],[71.6783,18.8875],[71.6776,18.8851],[71.6772,18.8807],[71.6748,18.8787],[71.67,18.8729],[71.6701,18.8691],[71.6746,18.8663],[71.6783,18.8655],[71.6813,18.8672],[71.6841,18.8694],[71.6896,18.8716],[71.694,18.871],[71.7002,18.8718],[71.7041,18.8715],[71.709,18.872],[71.7119,18.8712],[71.715,18.8693],[71.7165,18.8654],[71.7206,18.8635],[71.725,18.863],[71.729,18.861],[71.7331,18.8613],[71.7403,18.8602],[71.7441,18.8617],[71.7505,18.8633],[71.7533,18.8623],[71.7583,18.8637],[71.7588,18.867],[71.7574,18.8707],[71.7561,18.873],[71.7533,18.878],[71.7551,18.8807],[71.759,18.8837],[71.7632,18.8819],[71.7679,18.8795],[71.7698,18.8769],[71.7746,18.8756],[71.7778,18.8746],[71.7798,18.8735],[71.7827,18.8742],[71.7871,18.877],[71.7911,18.8767],[71.7975,18.8742],[71.8011,18.8737],[71.8091,18.8735],[71.813,18.875],[71.8166,18.8786],[71.8187,18.8797],[71.8251,18.882],[71.8287,18.8839],[71.8337,18.8841],[71.8379,18.8845],[71.8432,18.8852],[71.8464,18.8855],[71.8515,18.8844],[71.8541,18.8863],[71.8584,18.8911],[71.8608,18.895],[71.862,18.8994],[71.8635,18.9006],[71.8649,18.9057],[71.8627,18.9069],[71.8606,18.9113],[71.8622,18.9154],[71.8645,18.9194],[71.8674,18.9212],[71.8705,18.9252],[71.8725,18.9275],[71.867,18.9303],[71.8651,18.9323],[71.8644,18.9384],[71.8638,18.9406],[71.8599,18.9435],[71.8574,18.9453],[71.8547,18.9466],[71.8527,18.9478],[71.8478,18.9478],[71.8474,18.9508],[71.85,18.9557],[71.8516,18.9578],[71.8558,18.9623],[71.8536,18.9653],[71.8496,18.9692],[71.8467,18.9696],[71.8435,18.9733],[71.8406,18.9762],[71.8368,18.9802],[71.8356,18.9832],[71.8375,18.9867],[71.8406,18.99],[71.8425,18.9949],[71.8445,18.9963],[71.8502,18.9968],[71.8544,18.9973],[71.8589,18.9929],[71.8609,18.9897],[71.8651,18.986],[71.8677,18.9837],[71.8681,18.9786],[71.8645,18.9761],[71.8621,18.9713],[71.8596,18.9705],[71.8548,18.9682],[71.851,18.9655],[71.8459,18.9654],[71.8431,18.967],[71.8422,18.9705],[71.8434,18.973],[71.8412,18.9773],[71.8405,18.9794],[71.8409,18.9856],[71.8433,18.9896],[71.8473,18.9934],[71.8525,18.9928],[71.8569,18.9889],[71.861,18.987],[71.8658,18.9859],[71.8674,18.9839],[71.8708,18.9814],[71.875,18.9802],[71.8792,18.9833],[71.8796,18.9873],[71.8783,18.992],[71.8749,18.9937],[71.8692,18.9917],[71.8665,18.9892],[71.863,18.9842],[71.8629,18.9814],[71.8621,18.9757],[71.86,18.9708],[71.8597,18.965],[71.8595,18.9626],[71.8578,18.9609],[71.8551,18.9615],[71.8535,18.9651],[71.8516,18.9677],[71.846,18.9704],[71.8431,18.9729],[71.84,18.9749],[71.8375,18.9754],[71.833,18.9807],[71.8334,18.9845],[71.8361,18.9874],[71.8399,18.9879],[71.8436,18.9866],[71.847,18.9874],[71.851,18.9906],[71.848,18.9924],[71.8404,18.9918],[71.8384,18.9914],[71.8331,18.9916],[71.8294,18.9927],[71.8242,18.9927],[71.8216,18.9936],[71.8196,18.9908],[71.8189,18.9869],[71.8207,18.9818],[71.8217,18.9787],[71.8258,18.9741],[71.8272,18.9707],[71.8269,18.9648],[71.8299,18.9629],[71.8346,18.9612],[71.8377,18.9606],[71.8415,18.9575],[71.8466,18.9557],[71.8488,18.95],[71.8495,18.9469],[71.8533,18.9423],[71.8585,18.9406],[71.8633,18.9387],[71.865,18.9378],[71.8697,18.9351],[71.8732,18.9337],[71.878,18.931],[71.8792,18.9271],[71.8771,18.9232],[71.8745,18.9215],[71.8721,18.926],[71.8708,18.9288],[71.8672,18.933],[71.8664,18.9353],[71.8644,18.9405],[71.863,18.9441],[71.8611,18.9467],[71.8578,18.9465],[71.8505,18.9484],[71.8471,18.9485],[71.8432,18.9499],[71.8404,18.9512],[71.84,18.9561],[71.8404,18.9593],[71.8446,18.9604],[71.8475,18.9627],[71.8519,18.9622],[71.8558,18.9648],[71.8589,18.968],[71.8612,18.9724],[71.8627,18.9771],[71.8624,18.9806],[71.8558,18.9809],[71.8528,18.9793],[71.8471,18.978],[71.8451,18.9747],[71.8405,18.9699],[71.8401,18.9675],[71.8373,18.9634],[71.8357,18.9605],[71.8332,18.9557],[71.8332,18.9518],[71.8295,18.9475],[71.8266,18.9453],[71.8211,18.943],[71.8174,18.9416],[71.8186,18.9385],[71.8201,18.9351],[71.8179,18.93],[71.815,18.9279],[71.8093,18.9269],[71.8068,18.9277],[71.7998,18.9302],[71.7968,18.9316],[71.7937,18.9335],[71.7913,18.9367],[71.7893,18.941],[71.7861,18.9439],[71.7836,18.9492],[71.7819,18.9513],[71.7775,18.9533],[71.7749,18.9522],[71.7726,18.9486],[71.7688,18.9475],[71.7629,18.9462],[71.7598,18.9447],[71.7542,18.9453],[71.7522,18.9442],[71.7478,18.9439],[71.7459,18.9423],[71.7456,18.939],[71.7429,18.9369],[71.7406,18.9306],[71.7358,18.9294],[71.7316,18.9298],[71.7279,18.9293],[71.7243,18.9276],[71.7248,18.9246],[71.7252,18.9216],[71.7239,18.9175],[71.7269,18.915],[71.7321,18.9162],[71.7358,18.9142],[71.7392,18.9119],[71.7446,18.9102],[71.746,18.9087],[71.7506,18.9039],[71.7537,18.9032],[71.7584,18.9014],[71.761,18.9007],[71.766,18.8978],[71.7689,18.8955],[71.7699,18.8919],[71.7664,18.8906],[71.7603,18.8898],[71.7581,18.8861],[71.7536,18.885],[71.7507,18.8869],[71.7462,18.8869],[71.743,18.8885],[71.7375,18.8877],[71.7343,18.8875],[71.7297,18.8894],[71.7258,18.8915],[71.7223,18.8918],[71.7172,18.8922],[71.7111,18.8942],[71.7083,18.8942],[71.7022,18.894],[71.6989,18.8953],[71.6947,18.8981],[71.6918,18.9007],[71.688,18.9041],[71.6857,18.9059],[71.6792,18.9062],[71.6768,18.9064],[71.6713,18.9033],[71.669,18.9015],[71.6662,18.8988],[71.6612,18.8998],[71.6578,18.9042],[71.6603,18.9066],[71.6633,18.9122],[71.6624,18.9162],[71.6582,18.92],[71.6548,18.9232],[71.6514,18.9238],[71.6463,18.9226],[71.6398,18.9225],[71.6363,18.9239],[71.6316,18.9255],[71.6294,18.9248],[71.6288,18.9203],[71.63,18.9181],[71.6316,18.9131],[71.6291,18.909],[71.628,18.9046],[71.6268,18.9004],[71.6215,18.9007],[71.6172,18.9006],[71.6117,18.897],[71.609,18.895],[71.6065,18.8965],[71.6023,18.8966],[71.5989,18.8898],[71.5961,18.8879],[71.5908,18.8873],[71.5875,18.8871],[71.5819,18.889],[71.5782,18.8897],[71.5748,18.8914],[71.5723,18.8927],[71.5725,18.8991],[71.5766,18.9002],[71.5838,18.9008],[71.5858,18.8993],[71.5898,18.8946],[71.5912,18.8925],[71.5946,18.8895],[71.5968,18.8876],[71.601,18.8888],[71.603,18.8877],[71.6025,18.8826],[71.6037,18.8779],[71.6047,18.8725],[71.6032,18.8686],[71.5992,18.8643],[71.5997,18.862],[71.5978,18.8578],[71.5992,18.8553],[71.5989,18.8511],[71.5991,18.8472],[71.5984,18.8437],[71.5962,18.8394],[71.5925,18.8354],[71.5891,18.8321],[71.584,18.8306],[71.5798,18.8316],[71.5742,18.8299],[71.5728,18.8298],[71.5662,18.8306],[71.5633,18.8323],[71.5632,18.8368],[71.5671,18.8391],[71.5713,18.8401],[71.5752,18.8419],[71.58,18.843],[71.5831,18.8423],[71.5863,18.8407],[71.5873,18.8384],[71.5922,18.8331],[71.5922,18.8305],[71.592,18.8244],[71.5902,18.8211],[71.5885,18.8173],[71.586,18.8153],[71.5828,18.8193],[71.5806,18.8227],[71.5783,18.8278],[71.5753,18.8309],[71.5707,18.8339],[71.5685,18.8325],[71.5619,18.8322],[71.5583,18.8329],[71.5521,18.8331],[71.5486,18.8315],[71.5422,18.8301],[71.5395,18.8278],[71.5405,18.8234],[71.5426,18.8206],[71.5456,18.8192],[71.5495,18.8191],[71.5544,18.8173],[71.5575,18.8143],[71.5617,18.8106],[71.5634,18.8075],[71.5666,18.8049],[71.5687,18.8025],[71.5714,18.8],[71.574,18.7984],[71.5751,18.7947],[71.5736,18.7915],[71.5689,18.7888],[71.5659,18.7872],[71.5619,18.7832],[71.5611,18.7811],[71.5562,18.7822],[71.5531,18.7838],[71.5499,18.7866],[71.5477,18.7874],[71.5447,18.793],[71.5419,18.7955],[71.5392,18.7985],[71.5414,18.801],[71.5433,18.8048],[71.545,18.8072],[71.5515,18.8083],[71.5555,18.8077],[71.5621,18.8076],[71.5668,18.8076],[71.573,18.8103],[71.5766,18.8109],[71.58,18.8121],[71.5818,18.8127],[71.5874,18.814],[71.59,18.8182],[71.596,18.8204],[71.6008,18.8224],[71.6061,18.823],[71.6097,18.8233],[71.6136,18.8251],[71.6174,18.8277],[71.6221,18.8294],[71.6245,18.8273],[71.6291,18.8238],[71.6323,18.821],[71.6382,18.8228],[71.6402,18.8274],[71.6413,18.8327],[71.6426,18.835],[71.6469,18.8368],[71.6493,18.8381],[71.6497,18.8435],[71.6492,18.8468],[71.6468,18.8515],[71.6441,18.8563],[71.6426,18.8622],[71.64,18.865],[71.6376,18.8691],[71.6376,18.8716],[71.6364,18.8761],[71.6339,18.877],[71.629,18.8787],[71.6272,18.8814],[71.623,18.8833],[71.62,18.8865],[71.6147,18.8876],[71.6102,18.8899],[71.6071,18.895],[71.6041,18.8969],[71.6001,18.894],[71.6001,18.8921],[71.6008,18.889],[71.5968,18.8862],[71.5925,18.8844],[71.5883,18.8822],[71.5834,18.884],[71.5808,18.8853],[71.5739,18.8838],[71.57,18.8834],[71.5639,18.8821],[71.5595,18.8821],[71.5523,18.8817],[71.5481,18.8813],[71.5427,18.8827],[71.5404,18.8832],[71.5352,18.8841],[71.5331,18.8847],[71.5264,18.886],[71.523,18.8845],[71.5174,18.8849],[71.5141,18.8853],[71.5099,18.8871]]},"properties":{"mmsi":997939865,"name":"Fishing 9865","role":"eliminated","vessel_type":30,"synthetic":true,"t_offset_s":[-259200,-259080,-258720,-258480,-258120,-257880,-257520,-257280,-256920,-256680,-256320,-256080,-255720,-255480,-255120,-254880,-254520,-254280,-253920,-253680,-253320,-253080,-252720,-252480,-252120,-251880,-251520,-251280,-250920,-250680,-250320,-250080,-249720,-249480,-249120,-248880,-248520,-248280,-247920,-247680,-247320,-247080,-246720,-246480,-246120,-245880,-245520,-245280,-244920,-244680,-244320,-244080,-243720,-243480,-243120,-242880,-242520,-242280,-241920,-241680,-241320,-241080,-240720,-240480,-240120,-239880,-239520,-239280,-238920,-238680,-238320,-238080,-237720,-237480,-237120,-236880,-236520,-236280,-235920,-235680,-235320,-235080,-234720,-234480,-234120,-233880,-233520,-233280,-232920,-232680,-232320,-232080,-231720,-231480,-231120,-230880,-230520,-230280,-229920,-229680,-229320,-229080,-228720,-228480,-228120,-227880,-227520,-227280,-226920,-226680,-226320,-226080,-225720,-225480,-225120,-224880,-224520,-224280,-223920,-223680,-223320,-223080,-222720,-222480,-222120,-221880,-221520,-221280,-220920,-220680,-220320,-220080,-219720,-219480,-219120,-218880,-218520,-218280,-217920,-217680,-217320,-217080,-216720,-216480,-216120,-215880,-215520,-215280,-214920,-214680,-214320,-214080,-213720,-213480,-213120,-212880,-212520,-212280,-211920,-211680,-211320,-211080,-210720,-210480,-210120,-209880,-209520,-209280,-208920,-208680,-208320,-208080,-207720,-207480,-207120,-206880,-206520,-206280,-205920,-205680,-205320,-205080,-204720,-204480,-204120,-203880,-203520,-203280,-202920,-202680,-202320,-202080,-201720,-201480,-201120,-200880,-200520,-200280,-199920,-199680,-199320,-199080,-198720,-198480,-198120,-197880,-197520,-197280,-196920,-196680,-196320,-196080,-195720,-195480,-195120,-194880,-194520,-194280,-193920,-193680,-193320,-193080,-192720,-192480,-192120,-191880,-191520,-191280,-190920,-190680,-190320,-190080,-189720,-189480,-189120,-188880,-188520,-188280,-187920,-187680,-187320,-187080,-186720,-186480,-186120,-185880,-185520,-185280,-184920,-184680,-184320,-184080,-183720,-183480,-183120,-182880,-182520,-182280,-181920,-181680,-181320,-181080,-180720,-180480,-180120,-179880,-179520,-179280,-178920,-178680,-178320,-178080,-177720,-177480,-177120,-176880,-176520,-176280,-175920,-175680,-175320,-175080,-174720,-174480,-174120,-173880,-173520,-173280,-172920,-172680,-172320,-172080,-171720,-171480,-171120,-170880,-170520,-170280,-169920,-169680,-169320,-169080,-168720,-168480,-168120,-167880,-167520,-167280,-166920,-166680,-166320,-166080,-165720,-165480,-165120,-164880,-164520,-164280,-163920,-163680,-163320,-163080,-162720,-162480,-162120,-161880,-161520,-161280,-160920,-160680,-160320,-160080,-159720,-159480,-159120,-158880,-158520,-158280,-157920,-157680,-157320,-157080,-156720,-156480,-156120,-155880,-155520,-155280,-154920,-154680,-154320,-154080,-153720,-153480,-153120,-152880,-152520,-152280,-151920,-151680,-151320,-151080,-150720,-150480,-150120,-149880,-149520,-149280,-148920,-148680,-148320,-148080,-147720,-147480,-147120,-146880,-146520,-146280,-145920,-145680,-145320,-145080,-144720,-144480,-144120,-143880,-143520,-143280,-142920,-142680,-142320,-142080,-141720,-141480,-141120,-140880,-140520,-140280,-139920,-139680,-139320,-139080,-138720,-138480,-138120,-137880,-137520,-137280,-136920,-136680,-136320,-136080,-135720,-135480,-135120,-134880,-134520,-134280,-133920,-133680,-133320,-133080,-132720,-132480,-132120,-131880,-131520,-131280,-130920,-130680,-130320,-130080,-129720,-129480,-129120,-128880,-128520,-128280,-127920,-127680,-127320,-127080,-126720,-126480,-126120,-125880,-125520,-125280,-124920,-124680,-124320,-124080,-123720,-123480,-123120,-122880,-122520,-122280,-121920,-121680,-121320,-121080,-120720,-120480,-120120,-119880,-119520,-119280,-118920,-118680,-118320,-118080,-117720,-117480,-117120,-116880,-116520,-116280,-115920,-115680,-115320,-115080,-114720,-114480,-114120,-113880,-113520,-113280,-112920,-112680,-112320,-112080,-111720,-111480,-111120,-110880,-110520,-110280,-109920,-109680,-109320,-109080,-108720,-108480,-108120,-107880,-107520,-107280,-106920,-106680,-106320,-106080,-105720,-105480,-105120,-104880,-104520,-104280,-103920,-103680,-103320,-103080,-102720,-102480,-102120,-101880,-101520,-101280,-100920,-100680,-100320,-100080,-99720,-99480,-99120,-98880,-98520,-98280,-97920,-97680,-97320,-97080,-96720,-96480,-96120,-95880,-95520,-95280,-94920,-94680,-94320,-94080,-93720,-93480,-93120,-92880,-92520,-92280,-91920,-91680,-91320,-91080,-90720,-90480,-90120,-89880,-89520,-89280,-88920,-88680,-88320,-88080,-87720,-87480,-87120,-86880,-86520,-86280,-85920,-85680,-85320,-85080,-84720,-84480,-84120,-83880,-83520,-83280,-82920,-82680,-82320,-82080,-81720,-81480,-81120,-80880,-80520,-80280,-79920,-79680,-79320,-79080,-78720,-78480,-78120,-77880,-77520,-77280,-76920,-76680,-76320,-76080,-75720,-75480,-75120,-74880,-74520,-74280,-73920,-73680,-73320,-73080,-72720,-72480,-72120,-71880,-71520,-71280,-70920,-70680,-70320,-70080,-69720,-69480,-69120,-68880,-68520,-68280,-67920,-67680,-67320,-67080,-66720,-66480,-66120,-65880,-65520,-65280,-64920,-64680,-64320,-64080,-63720,-63480,-63120,-62880,-62520,-62280,-61920,-61680,-61320,-61080,-60720,-60480,-60120,-59880,-59520,-59280,-58920,-58680,-58320,-58080,-57720,-57480,-57120,-56880,-56520,-56280,-55920,-55680,-55320,-55080,-54720,-54480,-54120,-53880,-53520,-53280,-52920,-52680,-52320,-52080,-51720,-51480,-51120,-50880,-50520,-50280,-49920,-49680,-49320,-49080,-48720,-48480,-48120,-47880,-47520,-47280,-46920,-46680,-46320,-46080,-45720,-45480,-45120,-44880,-44520,-44280,-43920,-43680,-43320,-43080,-42720,-42480,-42120,-41880,-41520,-41280,-40920,-40680,-40320,-40080,-39720,-39480,-39120,-38880,-38520,-38280,-37920,-37680,-37320,-37080,-36720,-36480,-36120,-35880,-35520,-35280,-34920,-34680,-34320,-34080,-33720,-33480,-33120,-32880,-32520,-32280,-31920,-31680,-31320,-31080,-30720,-30480,-30120,-29880,-29520,-29280,-28920,-28680,-28320,-28080,-27720,-27480,-27120,-26880,-26520,-26280,-25920,-25680,-25320,-25080,-24720,-24480,-24120,-23880,-23520,-23280,-22920,-22680,-22320,-22080,-21720,-21480,-21120,-20880,-20520,-20280,-19920,-19680,-19320,-19080,-18720,-18480,-18120,-17880,-17520,-17280,-16920,-16680,-16320,-16080,-15720,-15480,-15120,-14880,-14520,-14280,-13920,-13680,-13320,-13080,-12720,-12480,-12120,-11880,-11520,-11280,-10920,-10680,-10320,-10080,-9720,-9480,-9120,-8880,-8520,-8280,-7920,-7680,-7320,-7080,-6720,-6480,-6120,-5880,-5520,-5280,-4920,-4680,-4320,-4080,-3720,-3480,-3120,-2880,-2520,-2280,-1920,-1680,-1320,-1080,-720,-480,-120,120,480,720,1080,1320,1680,1920,2280,2520,2880,3120,3480,3720,4080,4320,4680,4920,5280,5520,5880,6120,6480,6720,7080,7320,7680,7920,8280,8520,8880,9120,9480,9720,10080,10320,10680,10920,11280,11520,11880,12120,12480,12720,13080,13320,13680,13920,14280,14520,14880,15120,15480,15720,16080,16320,16680,16920,17280,17520,17880,18120,18480,18720,19080,19320,19680,19920,20280,20520,20880,21120,21480,21720,22080,22320,22680,22920,23280,23520,23880,24120,24480,24720,25080,25320,25680,25920,26280,26520,26880,27120,27480,27720,28080,28320,28680,28920,29280,29520,29880,30120,30480,30720,31080,31320,31680,31920,32280,32520,32880,33120,33480,33720,34080,34320,34680,34920,35280,35520,35880,36120,36480,36720,37080,37320,37680,37920,38280,38520,38880,39120,39480,39720,40080,40320,40680,40920,41280,41520,41880,42120,42480,42720,43080,43320,43680,43920,44280,44520,44880,45120,45480,45720,46080,46320,46680,46920,47280,47520,47880,48120,48480,48720,49080,49320,49680,49920,50280,50520,50880,51120,51480,51720,52080,52320,52680,52920,53280,53520,53880,54120,54480,54720,55080,55320,55680,55920,56280,56520,56880,57120,57480,57720,58080,58320,58680,58920,59280,59520,59880,60120,60480,60720,61080,61320,61680,61920,62280,62520,62880,63120,63480,63720,64080,64320,64680,64920,65280,65520,65880,66120,66480,66720,67080,67320,67680,67920,68280,68520,68880,69120,69480,69720,70080,70320,70680,70920,71280,71520,71880,72120,72480,72720,73080,73320,73680,73920,74280,74520,74880,75120,75480,75720,76080,76320,76680,76920,77280,77520,77880,78120,78480,78720,79080,79320,79680,79920,80280,80520,80880,81120,81480,81720,82080,82320,82680,82920,83280,83520,83880,84120,84480,84720,85080,85320,85680,85920,86280],"sog":[1.5,4.4,3,2.2,1.7,3.2,2.1,5.1,3.5,4.2,2,5.8,0.7,3.6,2.2,3,3.9,5,3.3,1.9,3.6,1.1,4.4,2.5,2.9,2.3,1.9,5.9,3.7,3.9,2.8,4.4,4.5,3.8,2.9,3.5,3.9,4.4,2.9,1.5,3.4,5.2,3.3,4.1,2.3,2.8,3.5,3.2,2.9,1.6,1.2,3.6,4.8,2.7,1.2,4.7,3.5,4.4,4,4.6,2.7,3,1.7,2,2.5,3.1,2.6,5.7,2.5,3,1.8,2.3,4.2,2.2,4,2.4,2.1,3.9,2.1,4.3,3.9,4.8,2.4,3.1,2,1.8,3.4,3,4.3,1.5,2.6,3.6,1.5,2.3,4.3,4.6,2.2,3.6,2.8,1.8,4,4.5,2.4,3.4,3.2,2.7,4.1,4,1.9,3.3,2.5,2.4,4.4,4.4,1.5,4.4,3.3,4.6,3.9,3.8,3.1,3.4,3.7,3.5,1.9,3.4,3.2,3.9,3.6,3.8,3.8,1.8,4.2,3.1,4.4,3.3,4.8,3.4,3.5,2.3,3,3.9,4.7,3,1.1,2.3,1.8,2.4,2.6,1,4,2.6,2.2,4,3.6,3,2.1,1.9,3.2,2.7,1.3,0.9,2.3,4.8,3,4,3.2,2.7,3.1,4.1,2.3,1.4,2.7,1.7,4.2,3,2.6,2.6,3.4,4.3,3.3,3,3.9,1.5,2.2,1.9,4.9,2.7,2.1,2.6,2.1,2.9,2.9,3.6,2.1,1.5,5.2,4.5,1.7,2.5,1.5,1.8,2.3,2.9,1.7,3.8,1.9,3.7,2.5,4.3,3.5,2.7,2.4,2.6,4,3.3,3.8,3.9,4.5,2.6,2.7,1.1,3.5,4.8,4.1,0.3,2.5,2.9,3.9,3,3.6,2.4,2.2,4.1,3.8,2.3,4.9,4.4,4.9,3.1,4.6,1.3,3,2.6,2.6,5.9,3.9,2.8,2.4,2.6,0.7,3.9,1.6,1.2,3.6,3.4,3.9,2.6,3.4,3.4,1.5,3.3,3,4.2,3.5,3.1,4,2.8,4.4,3.6,4.1,3.9,2.7,1.8,3.8,2.5,3,3.7,1.8,4.1,3.9,2.9,2.8,2.4,3,5.3,3.6,3.4,2.9,2.6,3.7,2.4,2.4,1.9,3.8,2.5,3.5,3.5,2.3,3,3.7,3.2,3.9,3.8,4.9,2.8,2.5,2.9,3.1,3.2,2.9,3.5,4,2.6,1.7,4.4,2,2.2,2.7,2.3,3.3,2.6,3.4,0.4,3.3,4.2,3.9,4.1,3.6,5.2,4.4,2.7,3.3,1.8,3.4,4.2,4.3,3.4,4.3,3.2,3.5,3.3,3.9,2.9,2.8,2.4,1.4,2.2,3.3,4.2,2.2,2.8,4.1,3.6,2.6,2.5,2.1,3.6,4.5,4.5,1.8,2.8,3.5,3.5,4,5,1.4,5,1.8,2.9,3.1,3.9,3.2,4.5,2.6,2.4,1.5,4.4,4.3,3.5,3.2,1.8,1.2,3.8,2.4,5.2,4,2.2,3.8,3.5,1.9,3.5,3.5,2.6,2.6,3.3,3.5,2.6,2.3,4.1,3.3,2.5,2.5,4.3,3.5,1.8,2.9,0.9,3.2,3.6,3,4.4,3.8,3.5,3.3,0.3,2.8,4.4,2.7,2.5,1.7,2.1,1.7,4.1,4.2,3.5,2.9,2.8,4,3,4.1,1.2,1.2,4.8,4,3.9,1.5,4.1,1.4,2.6,2.3,2.3,3.7,3.3,2.4,4.1,3.3,2.1,4,5.4,2.8,1.9,1.1,3.1,2.3,2.7,3.4,3.9,1.6,3.1,2.5,3.5,3.7,3.8,3.1,3.2,5.1,5.9,2.8,2,2.4,1.7,3.3,3.6,2.6,3.7,3.5,1,3,3.1,2.9,4.1,3.8,2.2,5.3,3,2.5,4.3,4.7,3.5,4.6,4.4,1.1,2.9,3.3,4.1,2.6,5.5,3.1,3.2,3.8,4.8,1.5,3.2,1.6,2.4,2.2,3,3.6,4,4.2,1.3,1.4,2.6,3.6,4.9,3.6,2.5,2.9,2.1,3,3.3,2.9,4.9,3.9,3.4,2.5,2.9,5.9,5,3.5,3.5,1.6,4.4,0.9,3.9,3.7,3.5,3.5,4.1,4.2,3.7,4.3,3.7,3.8,2.7,2.7,5.4,3.7,5.3,3.7,3.1,4,2.2,2,1.5,3.2,3.5,3.5,2.5,5,0.9,3.1,0.3,4.4,3.9,3.7,4.3,1.9,2.7,4.4,1.5,3,5.2,3,4.5,3.6,2.7,2.4,3.5,2.4,2.4,3.1,3.7,2.7,3.3,5.2,3.5,1.2,2.7,4,2.1,2.6,2.5,3.8,3.4,2.5,5.2,4.3,4.1,3.3,3.4,2.5,3,3.1,2.2,3.6,0.8,4.4,2.5,2.1,3.7,2.7,3,1.8,3.7,4.7,4.3,4.3,2.8,2.1,4.9,3.2,2.4,3.6,2.3,3.3,4.1,3.4,4,3.4,4.6,3.2,2.3,3.2,2.9,3.2,3.6,2.6,4.2,3.6,3.1,1.5,2,3.8,3,1.5,1.1,4.7,2,2.9,5,2.9,4.3,3.2,3.5,3.6,3.2,3,4.8,2.5,4.2,3.8,4.6,2.8,3.7,4,4.5,4.4,4.1,4.4,2.9,3.7,3.6,2.5,3.6,1.9,4.9,4.5,3.2,1.1,3.4,2.3,2.7,2.8,3.4,5.1,3.4,3.2,4,2.4,3.8,3,2.7,4.6,2.9,2.5,2.8,1.1,3.4,3.8,2.8,1.9,2.9,4.6,2.5,3.6,1.5,3.5,3.9,2.2,1.2,2.7,2.6,1.1,5.4,3.6,2.3,3.7,2.9,1.6,3.3,3.1,3.6,3.8,3.8,3.2,2.9,2.7,3.1,4.6,3.3,1.6,4.3,5.2,2.9,3.2,3.7,5.1,4.3,2.5,1.3,3.1,3,3.8,4.5,3.1,3.7,3,3.4,5.3,3.2,3.2,2.1,3.4,2.3,1.1,2.4,3.2,3.6,3,2.1,3.9,3.3,1.9,3.6,3.2,3.5,3.4,3.5,2.8,3.1,3.6,1.1,3.3,4.3,4,3.4,4.3,3.1,4.7,3.7,2.5,2.8,2,4.8,4.1,3.5,2.7,1.8,3.6,2.2,4.3,4.8,4.1,3.9,3.7,2.5,1.7,1.3,2.3,3.3,3.2,4.5,3.7,3.6,3.5,4.5,3.8,0.9,3.4,4.6,4.2,1.8,1.5,2.2,4.2,1.5,4.3,3.6,2.3,2.5,4.1,3.3,2.8,2.3,3.4,1.4,3.3,4.6,3.8,1.6,3.1,2.6,3.3,0.9,2.6,4,2,1.3,3.9,3,3.4,4.6,2.7,2.3,1.6,4.2,5.4,2.7,3.2,4.7,3.3,1.5,3.9,3.8,4.5,2.1,4.1,2,3.3,2.8,3.7,2,2.9,3.9,2.1,2.7,5.7,2.3,3.1,2.1,3.9,1.6,2.4,3,2.4,5.9,2.6,3.5,4.1,4,5.4,4,2.8,3.8,4.1,3.6,1.8,2.7,2.8,2.7,2.4,2.4,3,3.7,1,3,2.9,2.7,1.9,1.6,4.4,3.7,3.4,4.2,2.6,4,3.3,3,2.9,1.5,3.6,3,3.8,3,3.7,1.8,2.6,1.9,1.9,2.7,4.6,4.2,2.5,2.6,2.7,3.4,1.7,2.8,3.4,5.5,1,2.8,4.3,0.3,3.5,2.7,4.3,3.3,4.2,3.9,2.2,2.6,1.8,3.4,3.5,3.2,2.8,2.1,2.4,2.1,4.2,3.4,1.8,4.7,3.9,3.4,2,3.6,4.1,3.6,2.3,2.4,2.5,1,4.2,3,2.9,4.3,4.6,3.1,5.5,3.4,3.4,3.4,1.4,5.3,4.9,2.6,2.9,2.3,4.1,2.4,2.7,4.6,2.7,3.8,2.9,2.2,4.4,4.3,1.7,2.5,5.3,2.8,2.1,4.3,3,3.7,2.2,2.9,4,3,4.5,2.4,1.9,2.1,3.5,2.7,2.4,2.1,3.4,5.3,3.7,3.3,4.3,2.5,3.3,2.7,2.7,1.3,3.1,3.7,4.4,4,3.1,3.3,3.8,1.4,3.6,2,1.7,2.8,3.7,4.4,3.3,3.3,2.7,3.7,5.5,1.8,3.4,4.7,2.6,2.9,3.9,3.7,1.9,4.5,5.3,2.3,3.1,4.3,4.4,3.5,3.2,3.8,2.6,3.3,1.3,4.1,2.9,3.8,3.2,1.9,2.7,1.5,3.2,1.6,4.2,3.3,2.5,4.2,4.8,2.5,3.3,2.2,3.4,2.3,4.2,2.8,3.3,2.4,1.7,2.8,3.5,2.9,3.8,4.1,4.3,2.3,1.1,1.2,3.4,5.7,3.2,4.7,3.2,3.1,3.8,4.3,3.3,2,3.9,4.3,3.8,4.1,3.7,2.7,2.9,2.5,5.3,3.8,3.3,3.4,5.6,2.4,2.8,2.2,1.8,2.4,3.2,1.9,2.5,4.5,3.4,5.4,3.4,3.8,2.8,0.3,1.6,5.3,2.2,4,4.3,3.8,2.9,4.8,3.3,3.5,4.5,3.8,2,2.5,3,1.4,3.4,4.1,4.4,2.4,2.7]}},{"type":"Feature","geometry":{"type":"LineString","coordinates":[[72.5658,17.6404],[72.5749,17.6276],[72.5836,17.6141],[72.5965,17.5941],[72.6045,17.5804],[72.6173,17.5604],[72.6253,17.5474],[72.6378,17.5266],[72.6457,17.5127],[72.6572,17.4919],[72.6647,17.4782],[72.6763,17.4579],[72.6847,17.444],[72.696,17.4238],[72.704,17.4105],[72.7166,17.3898],[72.7246,17.376],[72.7371,17.3551],[72.7448,17.3415],[72.7569,17.321],[72.7653,17.3076],[72.7782,17.2875],[72.7868,17.2735],[72.7994,17.2538],[72.8082,17.2399],[72.8207,17.2199],[72.8286,17.2067],[72.8411,17.1866],[72.8494,17.1731],[72.8621,17.152],[72.8706,17.1384],[72.8823,17.118],[72.8904,17.104],[72.9018,17.0831],[72.9095,17.0692],[72.9212,17.0484],[72.9297,17.0348],[72.9421,17.0147],[72.9505,17.0015],[72.9635,16.9806],[72.9723,16.9677],[72.9855,16.9476],[72.9946,16.934],[73.0075,16.9147],[73.0163,16.9016],[73.0295,16.8819],[73.0384,16.8697],[73.0526,16.8494],[73.0618,16.8363],[73.0757,16.8163],[73.0852,16.8038],[73.0996,16.7841],[73.1087,16.7713],[73.1226,16.7512],[73.1319,16.738],[73.1457,16.7181],[73.1548,16.705],[73.1688,16.6853],[73.178,16.6723],[73.1921,16.6527],[73.2011,16.6398],[73.2148,16.6203],[73.2243,16.6072],[73.2385,16.588],[73.2483,16.5748],[73.2626,16.5556],[73.272,16.5432],[73.2865,16.5238],[73.2961,16.5111],[73.3107,16.4919],[73.3202,16.4793],[73.3342,16.4591],[73.3433,16.4463],[73.3571,16.4264],[73.38,16.3937]]},"properties":{"mmsi":997946190,"name":"Cargo 6190","role":"candidate","vessel_type":70,"synthetic":true,"t_offset_s":[-188186,-187946,-187706,-187346,-187106,-186746,-186506,-186146,-185906,-185546,-185306,-184946,-184706,-184346,-184106,-183746,-183506,-183146,-182906,-182546,-182306,-181946,-181706,-181346,-181106,-180746,-180506,-180146,-179906,-179546,-179306,-178946,-178706,-178346,-178106,-177746,-177506,-177146,-176906,-176546,-176306,-175946,-175706,-175346,-175106,-174746,-174506,-174146,-173906,-173546,-173306,-172946,-172706,-172346,-172106,-171746,-171506,-171146,-170906,-170546,-170306,-169946,-169706,-169346,-169106,-168746,-168506,-168146,-167906,-167546,-167306,-166946,-166706,-166346,-165746],"sog":[14.6,14,14.6,14.3,14.2,13.9,13.4,14.4,13.7,14.1,13.8,13.9,14.1,13.3,14.1,14.1,14,14.6,13.8,14.1,13.9,14,14.1,13.9,14.2,13.6,13.8,13.7,14.4,14.1,14.3,13.9,13.7,13.8,14.7,13.9,13.7,13.9,14,14.3,14.5,14.3,14.2,13.5,14,14,12.9,13.9,14.5,14.5,13.7,14.2,14,14.2,14.4,14.2,14.2,14,13.7,14.1,14.1,14,14.1,14.2,14.5,14.2,13.8,14.4,14.2,13.9,14.2,14.3,14.4,13.8,14.2]}},{"type":"Feature","geometry":{"type":"LineString","coordinates":[[71.7827,17.8933],[71.7792,17.905],[71.7739,17.9225],[71.7704,17.9347],[71.7656,17.9527],[71.7623,17.9643],[71.7564,17.9822],[71.753,17.9943],[71.7473,18.0121],[71.7435,18.024],[71.7376,18.0426],[71.734,18.0542],[71.7285,18.0715],[71.7248,18.0835],[71.7195,18.1013],[71.7164,18.1132],[71.711,18.1321],[71.7079,18.1439],[71.7029,18.162],[71.6991,18.1743],[71.6939,18.1917],[71.6906,18.2032],[71.6857,18.2216],[71.6828,18.2337],[71.6781,18.2519],[71.675,18.2633],[71.6697,18.2814],[71.6665,18.2936],[71.6615,18.3115],[71.6583,18.3229],[71.6532,18.3412],[71.6501,18.3526],[71.6447,18.3708],[71.6411,18.3821],[71.6361,18.3998],[71.6324,18.4118],[71.6275,18.4292],[71.6244,18.4412],[71.6188,18.4593],[71.6157,18.4713],[71.6109,18.4895],[71.6076,18.5013],[71.6017,18.5196],[71.5985,18.5315],[71.5927,18.5491],[71.5885,18.5611],[71.5829,18.5784],[71.5792,18.5899],[71.5726,18.6075],[71.5683,18.619],[71.5624,18.637],[71.5584,18.6488],[71.5529,18.6663],[71.5486,18.678],[71.5424,18.6956],[71.5385,18.7072],[71.5325,18.7252],[71.5289,18.7372],[71.523,18.7549],[71.5193,18.7673],[71.5139,18.785],[71.5102,18.7964],[71.5043,18.8145],[71.5007,18.8261],[71.4946,18.8446],[71.4906,18.8563],[71.485,18.8741],[71.4812,18.8862],[71.4763,18.9038],[71.4726,18.9162],[71.4676,18.9348],[71.4641,18.9467],[71.4591,18.9651],[71.456,18.9766],[71.4517,18.9948],[71.4489,19.0062],[71.4448,19.0247],[71.4419,19.037],[71.4382,19.0546],[71.4353,19.0667],[71.4308,19.085],[71.4275,19.0972],[71.4226,19.1146],[71.4192,19.1263],[71.4144,19.1444],[71.4114,19.1561],[71.407,19.174],[71.4042,19.1858],[71.4002,19.2037],[71.397,19.2159],[71.3928,19.2341],[71.3901,19.2458],[71.3866,19.2642],[71.3835,19.276],[71.3795,19.2943],[71.3767,19.3065],[71.3724,19.3247],[71.3702,19.3368],[71.3661,19.3546],[71.3635,19.3667],[71.3592,19.3851],[71.3563,19.3972],[71.3523,19.4156],[71.3494,19.4278],[71.3445,19.446],[71.3416,19.4582],[71.3367,19.476],[71.3339,19.4882],[71.3299,19.5062],[71.3268,19.5189],[71.3224,19.5365],[71.3194,19.549],[71.3143,19.567],[71.3114,19.5791],[71.3068,19.5974],[71.3037,19.61],[71.2992,19.6284],[71.2966,19.6408],[71.2923,19.6592],[71.2895,19.6713],[71.2854,19.6894],[71.2826,19.7016],[71.278,19.7195],[71.2753,19.732],[71.2703,19.7495],[71.2668,19.7611],[71.262,19.7793],[71.2585,19.7912],[71.2541,19.8097],[71.2507,19.8215],[71.2456,19.8392],[71.2425,19.8512],[71.2381,19.8686],[71.235,19.881],[71.2307,19.899],[71.2278,19.9114],[71.2238,19.9293],[71.2206,19.9414],[71.2166,19.9594],[71.2135,19.9712],[71.2094,19.9888],[71.2065,20.0009],[71.2017,20.0188],[71.1982,20.0306],[71.1933,20.0491],[71.1905,20.0614],[71.1859,20.0797],[71.1832,20.0912],[71.1784,20.1088],[71.1757,20.1208],[71.1716,20.1387],[71.1683,20.1506],[71.1636,20.1685],[71.1608,20.1811],[71.156,20.199],[71.1525,20.2116],[71.1478,20.2294],[71.1446,20.2414],[71.1397,20.2591],[71.1364,20.2717],[71.132,20.2902],[71.1289,20.3021],[71.1239,20.3202],[71.1211,20.3321],[71.116,20.3502],[71.1126,20.3621],[71.1082,20.3799],[71.1051,20.3916],[71.1004,20.4093],[71.0972,20.4213],[71.0921,20.439],[71.0888,20.4512],[71.0841,20.4701],[71.0801,20.4825],[71.0757,20.5002],[71.0722,20.5125],[71.0669,20.5299],[71.0638,20.5419],[71.058,20.5599],[71.0544,20.5719],[71.0493,20.5893],[71.0455,20.6008],[71.0402,20.6187],[71.0365,20.6308],[71.0315,20.6479],[71.0276,20.6599],[71.0223,20.6773],[71.0179,20.6897],[71.0122,20.7074],[71.0083,20.7194],[70.3238,22.8128],[70.3217,22.8187],[70.3138,22.8358],[70.3083,22.8476],[70.3002,22.8645],[70.2949,22.8758],[70.2866,22.8926],[70.2814,22.9037],[70.2728,22.9207],[70.2675,22.9318],[70.2593,22.9488],[70.2537,22.9602],[70.2339,22.9985],[70.2314,23.004],[70.2257,23.0156]]},"properties":{"mmsi":998030974,"name":"Cargo 0974","role":"candidate","vessel_type":70,"synthetic":true,"t_offset_s":[-165734,-165494,-165134,-164894,-164534,-164294,-163934,-163694,-163334,-163094,-162734,-162494,-162134,-161894,-161534,-161294,-160934,-160694,-160334,-160094,-159734,-159494,-159134,-158894,-158534,-158294,-157934,-157694,-157334,-157094,-156734,-156494,-156134,-155894,-155534,-155294,-154934,-154694,-154334,-154094,-153734,-153494,-153134,-152894,-152534,-152294,-151934,-151694,-151334,-151094,-150734,-150494,-150134,-149894,-149534,-149294,-148934,-148694,-148334,-148094,-147734,-147494,-147134,-146894,-146534,-146294,-145934,-145694,-145334,-145094,-144734,-144494,-144134,-143894,-143534,-143294,-142934,-142694,-142334,-142094,-141734,-141494,-141134,-140894,-140534,-140294,-139934,-139694,-139334,-139094,-138734,-138494,-138134,-137894,-137534,-137294,-136934,-136694,-136334,-136094,-135734,-135494,-135134,-134894,-134534,-134294,-133934,-133694,-133334,-133094,-132734,-132494,-132134,-131894,-131534,-131294,-130934,-130694,-130334,-130094,-129734,-129494,-129134,-128894,-128534,-128294,-127934,-127694,-127334,-127094,-126734,-126494,-126134,-125894,-125534,-125294,-124934,-124694,-124334,-124094,-123734,-123494,-123134,-122894,-122534,-122294,-121934,-121694,-121334,-121094,-120734,-120494,-120134,-119894,-119534,-119294,-118934,-118694,-118334,-118094,-117734,-117494,-117134,-116894,-116534,-116294,-115934,-115694,-115334,-115094,-114734,-114494,-114134,-113894,-113534,-113294,-112934,-112694,-112334,-112094,-111734,-111494,-111134,-110894,-110534,-110294,-109934,-109694,-109334,-109094,-66614,-66494,-66134,-65894,-65534,-65294,-64934,-64694,-64334,-64094,-63734,-63494,-62654,-62534,-62294],"sog":[10.9,11,10.7,11.1,11.3,11,11.1,11.6,11,11.2,11.8,10.4,11.3,11,10.6,11.5,11.4,11.4,10.4,11.4,11,10.9,11.2,11,10.7,10.8,11.2,11.2,11.3,10.7,11.4,10.2,11.7,10.8,10.8,11.1,10.9,10.9,11.2,11.2,11.3,10.7,11.1,11.3,10.9,11.3,10.8,10.9,11.3,11.2,10.8,11.7,11.1,10.8,11.4,11,10.9,11.7,11.3,11.4,10.9,10.6,11.3,10.8,11.6,10.9,11.1,11.1,10.7,11.5,11.5,11.2,11.7,10.7,11.1,11.5,11,11,11,10.7,11.3,11.2,10.7,10.9,11.4,11,11,11,11.4,10.6,10.9,10.9,10.9,11.1,10.9,11.1,10.8,11,10.9,10.9,10.9,10.8,11.5,11.8,11.4,11.6,11,11,11,10.9,11.2,11.8,10.9,10.7,11.2,11.3,11.3,11.3,11.3,10.6,10.9,11.2,10.8,11.4,10.7,11,11.6,11.4,11.6,11.5,11.1,11.1,10.9,11.6,10.8,11.4,11.1,11,10.7,11.2,10.9,10.7,10.9,11.2,11.5,10.9,11.3,11.1,10.8,11.3,10.9,10.9,11.3,11.4,11,11.1,10.9,11.6,10.5,11.9,11.3,11.1,10.8,10.9,10.7,11.1,11.4,10.6,11.4,11.3,11.2,11.2,11,11.2,11.4,11.3,10.5,11.4,11,11.1,11.2,10.9,11.1,10.9,10.5,11.4,10.6,11.4,11.4,11.1,11.1,10.5,11.3,11.7,11.1,11.1,10.4,10.6,11.3,11.2,11,11.4,11,10.8,11.2]}},{"type":"Feature","geometry":{"type":"LineString","coordinates":[[71.4679,18.8986],[71.4696,18.893],[71.4749,18.8751],[71.4788,18.8633],[71.4838,18.8458],[71.4874,18.8344],[71.4926,18.8171],[71.4961,18.8058],[71.5011,18.7883],[71.5044,18.777],[71.5094,18.7589],[71.513,18.747],[71.518,18.7293],[71.5214,18.7183],[71.5263,18.7004],[71.5297,18.689],[71.5354,18.6708],[71.5389,18.6591],[71.5441,18.6413],[71.5471,18.6302],[71.5525,18.6125],[71.5555,18.6007],[71.5609,18.5827],[71.5637,18.5712],[71.5687,18.5532],[71.5721,18.5416],[71.5772,18.5237],[71.5806,18.512],[71.5847,18.4943],[71.5877,18.4825],[71.5926,18.4644],[71.5954,18.4529],[71.5999,18.4352],[71.6033,18.4232],[71.6083,18.4053],[71.6112,18.3933],[71.6167,18.376],[71.6201,18.3644],[71.6258,18.3474],[71.6296,18.3354],[71.6357,18.3176],[71.6397,18.3057],[71.6454,18.2885],[71.6492,18.2767],[71.6548,18.2597],[71.659,18.248],[71.6643,18.2305],[71.6678,18.2189],[71.6736,18.2017],[71.677,18.1899],[71.6821,18.1726],[71.6857,18.161],[71.6906,18.1432],[71.6935,18.1318],[71.698,18.1138],[71.7009,18.1023],[71.7054,18.0849],[71.7084,18.0729],[71.7124,18.056],[71.7154,18.0441],[71.7197,18.0263],[71.7222,18.0139],[71.7254,17.9965],[71.7276,17.9848],[71.7312,17.9668],[71.734,17.9545],[71.7382,17.937],[71.7405,17.9245],[71.7444,17.907],[71.7473,17.8949],[71.7506,17.8777],[71.7538,17.8655],[71.7574,17.8478],[71.7599,17.8358],[71.763,17.8181],[71.7652,17.8064],[71.7686,17.7884],[71.7713,17.7771],[71.7746,17.7592],[71.7767,17.7474],[71.7805,17.7292],[71.7833,17.7172],[71.7866,17.6992],[71.7892,17.6872],[71.7921,17.6695],[71.7944,17.6574],[71.7985,17.6389],[71.8008,17.6268],[71.805,17.6089],[71.8074,17.5968],[71.8111,17.5784],[71.8138,17.5669],[71.8172,17.5484],[71.8193,17.5364],[71.8227,17.5191],[71.8253,17.5067],[71.8288,17.4887],[71.8312,17.477],[71.8355,17.459],[71.8379,17.447],[71.8419,17.4292],[71.8448,17.4177],[71.8482,17.4003],[71.8513,17.3881],[71.855,17.3705],[71.8582,17.3586],[71.8627,17.3408],[71.8662,17.3289],[71.8708,17.3117],[71.8741,17.2996],[71.8792,17.2821],[71.8825,17.2704],[71.8874,17.2526],[71.8908,17.2403],[71.8962,17.2224],[71.8999,17.211],[71.905,17.1934],[71.9086,17.1816],[71.9142,17.1638],[71.9178,17.1529],[71.9237,17.135],[71.9277,17.1236],[71.9328,17.1067],[71.9367,17.095],[71.9421,17.0773],[71.9456,17.0654],[71.9513,17.0486],[71.9553,17.037],[71.9615,17.0192],[71.9655,17.0079],[71.9714,16.9906],[71.9754,16.9791],[71.9818,16.9617],[71.986,16.9503],[71.9927,16.9331],[71.996,16.9216],[72.0022,16.9045],[72.0062,16.8926],[72.0122,16.8755],[72.0162,16.8642],[72.0222,16.8477],[72.026,16.8358],[72.0319,16.8185],[72.0353,16.8068],[72.0415,16.7889],[72.0451,16.777],[72.0507,16.7598],[72.0544,16.7484],[72.0603,16.731],[72.0643,16.7193],[72.0709,16.7022],[72.0752,16.691],[72.0825,16.6738],[72.0872,16.6623],[72.0937,16.6453],[72.0983,16.634],[72.1052,16.6175],[72.1099,16.606],[72.1168,16.5896],[72.1216,16.5774],[72.1289,16.5605],[72.1335,16.5493],[72.1404,16.532],[72.1453,16.5206],[72.1518,16.5031],[72.156,16.4919],[72.1625,16.4748],[72.1667,16.4638],[72.1734,16.4463],[72.1775,16.4349],[72.1842,16.4175],[72.1885,16.4056],[72.195,16.3886],[72.1994,16.3771],[72.2061,16.3597],[72.2102,16.3484],[72.216,16.331],[72.2199,16.3193],[72.2256,16.3019],[72.2297,16.2901],[72.2357,16.2727],[72.2402,16.2612],[72.2465,16.2444],[72.251,16.2327],[72.2577,16.2151],[72.2615,16.2041],[72.2681,16.1873],[72.2725,16.1759],[72.2792,16.159],[72.284,16.1476],[72.2912,16.1308],[72.296,16.1193],[72.3026,16.1024],[72.307,16.0915],[72.3139,16.0743],[72.3182,16.0625],[72.3248,16.0453],[72.3291,16.0336],[72.336,16.0163],[72.34,16.0047],[72.3468,15.988],[72.3512,15.9766],[72.3572,15.9593],[72.3619,15.9475],[72.368,15.9301],[72.3721,15.9193],[72.3782,15.9023],[72.3824,15.8911],[72.3891,15.8742],[72.3933,15.8628],[72.3999,15.8456],[72.4039,15.8342],[72.4105,15.8178],[72.4143,15.8066],[72.4207,15.7892],[72.4245,15.7773],[72.431,15.7605],[72.4349,15.7488],[72.4415,15.7314],[72.4456,15.7205],[72.4524,15.7032],[72.4571,15.692],[72.4631,15.6746],[72.4675,15.6634],[72.4738,15.6468],[72.4778,15.6356],[72.4838,15.6181],[72.4882,15.6065],[72.4942,15.5887],[72.4985,15.5776],[72.5049,15.561],[72.5093,15.5497],[72.5158,15.533],[72.52,15.5213],[72.5264,15.5047],[72.5304,15.4933],[72.5373,15.476],[72.5419,15.4643],[72.5485,15.4472],[72.5531,15.4357],[72.5592,15.4194],[72.5642,15.4077],[72.5707,15.3908],[72.5749,15.3793],[72.5813,15.362],[72.5858,15.3504],[72.5919,15.3335],[72.5963,15.3224],[72.6028,15.3061],[72.6071,15.2943],[72.6139,15.2777],[72.618,15.2664],[72.6243,15.2494],[72.6288,15.2377],[72.6355,15.2201],[72.6399,15.209],[72.6462,15.1919],[72.6508,15.1805],[72.6574,15.1638],[72.6616,15.1522],[72.6678,15.1341],[72.6719,15.1226],[72.6784,15.1057],[72.6828,15.0944],[72.6891,15.0769],[72.6928,15.0652],[72.6992,15.0486],[72.7034,15.0367],[72.7097,15.0196],[72.7137,15.0082],[72.7194,14.9907],[72.7231,14.9794],[72.7284,14.9623],[72.7322,14.9504],[72.7378,14.9327],[72.7416,14.921],[72.7465,14.9027],[72.75,14.8916],[72.7555,14.8737],[72.7597,14.8619],[72.7651,14.8444],[72.7692,14.8324],[72.775,14.8149],[72.7785,14.8029],[72.7842,14.7852],[72.7878,14.7734],[72.7936,14.7555],[72.7971,14.744],[72.8026,14.7266],[72.807,14.7153],[72.8123,14.6981],[72.8167,14.6868],[72.8232,14.6692],[72.8271,14.6579],[72.8334,14.6413],[72.8368,14.6296],[72.8428,14.6118],[72.8463,14.6002],[72.8515,14.583],[72.8553,14.5712],[72.8607,14.5532],[72.8642,14.5422],[72.8696,14.5247],[72.8732,14.5133],[72.8786,14.4956],[72.8829,14.4838],[72.8878,14.4667],[72.8913,14.4549],[72.8969,14.4368],[72.9004,14.4252],[72.9054,14.4071],[72.9092,14.3952]]},"properties":{"mmsi":998038843,"name":"Cargo 8843","role":"candidate","vessel_type":70,"synthetic":true,"t_offset_s":[-128422,-128302,-127942,-127702,-127342,-127102,-126742,-126502,-126142,-125902,-125542,-125302,-124942,-124702,-124342,-124102,-123742,-123502,-123142,-122902,-122542,-122302,-121942,-121702,-121342,-121102,-120742,-120502,-120142,-119902,-119542,-119302,-118942,-118702,-118342,-118102,-117742,-117502,-117142,-116902,-116542,-116302,-115942,-115702,-115342,-115102,-114742,-114502,-114142,-113902,-113542,-113302,-112942,-112702,-112342,-112102,-111742,-111502,-111142,-110902,-110542,-110302,-109942,-109702,-109342,-109102,-108742,-108502,-108142,-107902,-107542,-107302,-106942,-106702,-106342,-106102,-105742,-105502,-105142,-104902,-104542,-104302,-103942,-103702,-103342,-103102,-102742,-102502,-102142,-101902,-101542,-101302,-100942,-100702,-100342,-100102,-99742,-99502,-99142,-98902,-98542,-98302,-97942,-97702,-97342,-97102,-96742,-96502,-96142,-95902,-95542,-95302,-94942,-94702,-94342,-94102,-93742,-93502,-93142,-92902,-92542,-92302,-91942,-91702,-91342,-91102,-90742,-90502,-90142,-89902,-89542,-89302,-88942,-88702,-88342,-88102,-87742,-87502,-87142,-86902,-86542,-86302,-85942,-85702,-85342,-85102,-84742,-84502,-84142,-83902,-83542,-83302,-82942,-82702,-82342,-82102,-81742,-81502,-81142,-80902,-80542,-80302,-79942,-79702,-79342,-79102,-78742,-78502,-78142,-77902,-77542,-77302,-76942,-76702,-76342,-76102,-75742,-75502,-75142,-74902,-74542,-74302,-73942,-73702,-73342,-73102,-72742,-72502,-72142,-71902,-71542,-71302,-70942,-70702,-70342,-70102,-69742,-69502,-69142,-68902,-68542,-68302,-67942,-67702,-67342,-67102,-66742,-66502,-66142,-65902,-65542,-65302,-64942,-64702,-64342,-64102,-63742,-63502,-63142,-62902,-62542,-62302,-61942,-61702,-61342,-61102,-60742,-60502,-60142,-59902,-59542,-59302,-58942,-58702,-58342,-58102,-57742,-57502,-57142,-56902,-56542,-56302,-55942,-55702,-55342,-55102,-54742,-54502,-54142,-53902,-53542,-53302,-52942,-52702,-52342,-52102,-51742,-51502,-51142,-50902,-50542,-50302,-49942,-49702,-49342,-49102,-48742,-48502,-48142,-47902,-47542,-47302,-46942,-46702,-46342,-46102,-45742,-45502,-45142,-44902,-44542,-44302,-43942,-43702,-43342,-43102,-42742,-42502,-42142,-41902,-41542,-41302,-40942,-40702,-40342,-40102,-39742,-39502,-39142,-38902,-38542,-38302,-37942,-37702,-37342,-37102,-36742,-36502,-36142,-35902,-35542,-35302],"sog":[10.8,10.8,11.2,11.3,10.9,10.6,11,10.5,10.8,10.8,10.8,11.2,10.8,10.1,11.2,10.9,11.1,10.4,11,10.9,10.9,10.6,10.9,10.9,11.2,10.8,11.6,10.9,11.4,11.1,11.3,10.3,11.4,11.4,10.3,11.1,10.8,10.9,10.9,10.7,11.3,10.7,10,11.1,10.8,11,10.7,10.5,11.5,10.8,10.7,10.6,10.6,10.7,10.9,10.8,10.6,10.7,10.7,10.6,10.9,10.8,11,11,10.7,11.5,10.7,10.9,10.9,11.3,10.6,11.2,11.3,10.4,11,10.8,11.6,10.5,11,10.7,10.3,11,10.8,10.9,11.1,10.8,11,10.8,10.9,11.3,11,10.9,10.8,11.5,10.5,10.7,10.9,10.6,10.9,11.1,10.3,10.7,11,11.1,10.7,11,10.5,10.7,10.6,10.9,11.2,10.8,11.2,11.1,11,10.7,11,10.6,10.9,11,11.1,10.9,10.7,11.2,11.7,10.8,10.5,10.9,11,11.2,10.6,10.9,11,10.7,10.9,10.7,10.9,11.1,11,10.7,10.3,10.6,10.9,10.8,11.4,11,10.8,11.1,10.5,10.5,11,10.9,11.3,10.9,10.5,10.5,10.6,10.6,11.1,11.5,11,11,11.1,11.2,11,10.8,10.6,10.9,11.4,10.8,11,11.1,10.5,11,10.9,10.7,10.5,11.1,10.8,10.9,10.8,11.1,10.7,10.9,11.5,10.3,10.4,10.6,10.9,10.6,10.7,10.8,11,10.4,10.8,11,11.1,10.8,11.1,10.7,10.8,10.7,10.7,11,10.2,10.4,10.7,10.6,10.4,10.4,10.8,11.1,10.6,10.6,11.1,10.9,10.8,10.8,11,10.6,11.3,10.5,11.3,10.8,11.2,10.8,10.8,10.6,11.4,10.4,10.9,10.7,10.7,11,10.3,10.8,11.1,11.2,10.9,10.9,10.6,11,11.1,10.8,11.1,10.7,10.6,11,10.3,10.8,10.9,11.2,10.7,10.9,10.5,10.7,10.9,11,10.6,11.5,11.5,10.8,10.9,11.3,11.4,11,11,10.9,10.9,11.1,10.7,10.6,10.9,10.9,11.1,11,11.1,10.9,11.2,10.9,11,10.9,11,11.5,10.7,11.1,11.1,10.8,11.1,10.6,11.1,10.6,11.5,10.9,11.2,10.9,10.8,10.4,10.8,11.4,10.9,10.7,10.7,10.6,11,11.1,10.6,11,10.9,10.9,11.1,10.8]}},{"type":"Feature","geometry":{"type":"LineString","coordinates":[[71.1048,18.1634],[71.093,18.174],[71.0816,18.1835],[71.0647,18.1984],[71.053,18.2084],[71.035,18.2229],[71.023,18.2332],[71.0051,18.2483],[70.9936,18.2579],[70.9759,18.272],[70.9643,18.2817],[70.9459,18.2958],[70.9338,18.3055],[70.9156,18.3201],[70.9034,18.3296],[70.8859,18.3439],[70.8736,18.3538],[70.8557,18.3676],[70.8433,18.3777],[70.8257,18.392],[70.8135,18.4014],[70.7951,18.4157],[70.7825,18.4255],[70.764,18.4395],[70.7513,18.449],[70.7329,18.4625],[70.7202,18.4712],[70.7022,18.4847],[70.6893,18.4942],[70.6708,18.5084],[70.6584,18.5174],[70.64,18.531],[70.6279,18.54],[70.6092,18.5533],[70.5964,18.5621],[70.5774,18.5756],[70.5651,18.5838],[70.5457,18.596],[70.5325,18.6043],[70.5126,18.6167],[70.4993,18.6248],[70.4793,18.6369],[70.466,18.6453],[70.4467,18.6574],[70.4338,18.6658],[70.4155,18.6788],[70.4027,18.6874],[70.3841,18.7008],[70.3719,18.7096],[70.3529,18.7228],[70.3404,18.7318],[70.3217,18.7448],[70.3095,18.7538],[70.2911,18.7673],[70.279,18.7763],[70.2601,18.7899],[70.2474,18.7989],[70.2284,18.8124],[70.2158,18.8211],[70.1968,18.8346],[70.1845,18.8435],[70.1658,18.8571],[70.1531,18.8657],[70.1342,18.8784],[70.1218,18.8871],[70.1023,18.9001],[70.0897,18.9087],[70.0704,18.9217],[70.0575,18.9307],[70.0394,18.9436],[70.027,18.9526],[70.0076,18.9659],[69.9946,18.9747],[69.976,18.9882],[69.9635,18.9971],[69.9446,19.0097],[69.9318,19.0188],[69.9126,19.0321],[69.9001,19.04],[69.8809,19.0528],[69.8679,19.0614],[69.8489,19.0738],[69.836,19.0819],[69.8164,19.0938],[69.8024,19.1021],[69.7831,19.1138],[69.77,19.1221],[69.75,19.1342],[69.7364,19.1423],[69.717,19.1548],[69.704,19.1627],[69.6841,19.1752],[69.6715,19.1833],[69.6518,19.1958],[69.6386,19.204],[69.619,19.2162],[69.6063,19.2244],[69.5866,19.2374],[69.5732,19.2452],[69.5536,19.2587],[69.5408,19.2667],[69.5214,19.2798],[69.5087,19.2881],[69.4899,19.3012],[69.4769,19.3091],[69.4578,19.3216],[69.4445,19.3302],[69.4252,19.3429],[69.4123,19.3509],[69.393,19.364],[69.38,19.3728],[69.3606,19.3861],[69.3479,19.3944],[69.3292,19.4072],[69.3165,19.4157],[69.297,19.4286],[69.2847,19.4371],[69.2656,19.4509],[69.2529,19.4598],[69.2344,19.4727],[69.2217,19.4816],[69.2027,19.4951],[69.1898,19.5043],[69.1715,19.5175],[69.159,19.5264],[69.1402,19.5401],[69.1284,19.5493],[69.1102,19.5633],[69.0982,19.572],[69.0795,19.5856],[69.0669,19.5942],[69.0479,19.6075],[69.0356,19.6162],[69.0175,19.6298],[69.0049,19.6389],[68.9865,19.6522],[68.9738,19.6613],[68.955,19.674],[68.9422,19.6828],[68.9227,19.6958],[68.9102,19.7041],[68.8912,19.7177],[68.8784,19.7267],[68.8604,19.7397],[68.8482,19.7483],[68.8292,19.7614],[68.8165,19.7703],[68.7975,19.7838],[68.7851,19.7924],[68.767,19.8055],[68.7538,19.8149],[68.7347,19.8282],[68.7222,19.8371],[68.7037,19.8507],[68.6911,19.8602],[68.6731,19.8734],[68.6605,19.8828],[68.6419,19.896],[68.6292,19.9047],[68.6106,19.9176],[68.5978,19.9261],[68.5788,19.9391],[68.5661,19.9478],[68.5467,19.9606],[68.5338,19.9693],[68.5144,19.9819],[68.5015,19.9901],[68.4817,20.0028],[68.4686,20.0109],[68.4488,20.0227],[68.4357,20.0307],[68.4157,20.0425],[68.4024,20.0505],[68.3827,20.062],[68.3695,20.0699],[68.3498,20.0815],[68.3365,20.09],[68.3166,20.1019],[68.3038,20.1096],[68.2846,20.1212],[68.2713,20.1292],[68.2511,20.1406],[68.238,20.1483],[68.218,20.1604],[68.2047,20.1685],[68.1849,20.1805],[68.1716,20.1891],[68.1525,20.2011],[68.1393,20.2088],[68.1191,20.2202],[68.1058,20.2279],[68.0863,20.2391],[68.0723,20.2468],[68.0517,20.2582],[68.0387,20.2655],[68.0184,20.2767],[68.0046,20.2839],[67.9847,20.2952],[67.9707,20.3022],[67.9507,20.3139],[67.9374,20.321],[67.9174,20.3319],[67.9034,20.339],[67.8829,20.3495],[67.8689,20.3568],[67.848,20.3672],[67.8346,20.3745],[67.8137,20.3852],[67.7999,20.3926],[67.7794,20.4037],[67.7655,20.4111],[67.7452,20.4215],[67.7312,20.4284],[67.7103,20.4388],[67.6965,20.4453],[67.6756,20.4549],[67.6619,20.4618],[67.641,20.4714],[67.6269,20.4779],[67.6056,20.487],[67.5917,20.4935],[67.57,20.5037],[67.5559,20.5098],[67.5346,20.5188],[67.52,20.5251],[67.4987,20.5345],[67.4845,20.541]]},"properties":{"mmsi":998332468,"name":"Tanker 2468","role":"candidate","vessel_type":80,"synthetic":true,"t_offset_s":[-52268,-52028,-51788,-51428,-51188,-50828,-50588,-50228,-49988,-49628,-49388,-49028,-48788,-48428,-48188,-47828,-47588,-47228,-46988,-46628,-46388,-46028,-45788,-45428,-45188,-44828,-44588,-44228,-43988,-43628,-43388,-43028,-42788,-42428,-42188,-41828,-41588,-41228,-40988,-40628,-40388,-40028,-39788,-39428,-39188,-38828,-38588,-38228,-37988,-37628,-37388,-37028,-36788,-36428,-36188,-35828,-35588,-35228,-34988,-34628,-34388,-34028,-33788,-33428,-33188,-32828,-32588,-32228,-31988,-31628,-31388,-31028,-30788,-30428,-30188,-29828,-29588,-29228,-28988,-28628,-28388,-28028,-27788,-27428,-27188,-26828,-26588,-26228,-25988,-25628,-25388,-25028,-24788,-24428,-24188,-23828,-23588,-23228,-22988,-22628,-22388,-22028,-21788,-21428,-21188,-20828,-20588,-20228,-19988,-19628,-19388,-19028,-18788,-18428,-18188,-17828,-17588,-17228,-16988,-16628,-16388,-16028,-15788,-15428,-15188,-14828,-14588,-14228,-13988,-13628,-13388,-13028,-12788,-12428,-12188,-11828,-11588,-11228,-10988,-10628,-10388,-10028,-9788,-9428,-9188,-8828,-8588,-8228,-7988,-7628,-7388,-7028,-6788,-6428,-6188,-5828,-5588,-5228,-4988,-4628,-4388,-4028,-3788,-3428,-3188,-2828,-2588,-2228,-1988,-1628,-1388,-1028,-788,-428,-188,172,412,772,1012,1372,1612,1972,2212,2572,2812,3172,3412,3772,4012,4372,4612,4972,5212,5572,5812,6172,6412,6772,7012,7372,7612,7972,8212,8572,8812,9172,9412,9772,10012,10372,10612,10972,11212,11572,11812,12172,12412,12772,13012,13372,13612,13972,14212,14572,14812,15172,15412],"sog":[13.1,13.1,13.3,12.9,13.4,13.5,13.3,13.5,12.5,13.2,12.9,13.6,13.2,13.2,13.4,13.7,13.3,13.3,13.8,13,13.6,14,14.1,13.9,13.5,13,13.2,13.2,13.7,13.8,13,13,13.2,12.9,12.9,13.1,13.1,13,13.5,13.1,13.6,13.5,13.5,13.3,13,12.7,13.1,13.8,12.9,13.4,13.1,13.1,13.3,13.2,13.4,13.6,13.3,13.6,13.4,13.6,12.9,13.3,13.7,12.8,13.4,13.5,13.1,13.3,13.7,12.9,13.4,13.5,13.2,12.9,13.4,13.3,13.5,13.3,12.9,13.2,13.8,13.2,13.4,13.5,13.5,12.9,13.8,13.3,13.5,13.1,12.9,13.4,13.2,13.4,13.4,13.4,13.3,13.4,13.5,13.2,13.3,13.4,12.9,13.6,12.6,13.3,13.9,13.1,13.5,13.6,13.7,13.3,13,13.4,13.1,13.7,12.6,13.5,13,13.3,13.7,13.1,13.8,12.9,13.4,13.3,13.2,13.1,12.9,13.7,13.4,13.1,13,13,13.3,13,13.6,13.6,13.3,13.8,13.5,13.2,13.4,13.3,13.4,13.6,13.7,13.2,13.1,13.4,13.6,13.8,13.1,13.2,13.9,13.1,13.7,13.6,12.9,13.3,13.3,13.1,12.9,12.8,13.2,13.1,13.3,13.9,13,13.4,13.1,13.4,12.9,13.6,13.4,13.2,14.1,13.2,13.1,13.2,12.7,13.9,13.3,13.5,13.1,13.4,13.5,12.9,12.7,13.5,13.1,13.2,13.5,13.5,13.4,13.2,13.3,13.5,12.7,12.8,13.1,13.2,13.4,13,13.6,13.2,13.1,14,13.5,13.4,13.1,13.8,13.5,13.3,13.3,12.9,13.3,13.2,13.2,13.6,13.1,13.1,12.9,13.6,13.8,13.3,13.3]}},{"type":"Feature","geometry":{"type":"LineString","coordinates":[[72.2704,17.231],[72.2634,17.2363],[72.2502,17.2469],[72.2309,17.2629],[72.2179,17.2736],[72.1985,17.2902],[72.1857,17.3012],[72.1666,17.3179],[72.154,17.329],[72.1354,17.3455],[72.1226,17.3564],[72.1036,17.3725],[72.0904,17.3836],[72.0712,17.3997],[72.0585,17.4108],[72.0396,17.4274],[72.0269,17.4382],[72.0068,17.4551],[71.994,17.4663],[71.9754,17.4827],[71.9624,17.4939],[71.9429,17.5101],[71.9304,17.5213],[71.9113,17.5381],[71.8983,17.5489],[71.8789,17.5659],[71.8655,17.5771],[71.8466,17.5926],[71.8339,17.6033],[71.8144,17.6198],[71.8017,17.6304],[71.782,17.6472],[71.7686,17.6581],[71.7497,17.6746],[71.737,17.6856],[71.7189,17.7017],[71.706,17.7133],[71.6875,17.7305],[71.6754,17.7421],[71.6575,17.7596],[71.6457,17.7715],[71.6279,17.7902],[71.6157,17.8025],[71.598,17.8211],[71.5863,17.833],[71.5683,17.851],[71.5566,17.8629],[71.5388,17.8807],[71.5266,17.8929],[71.5085,17.9102],[71.4967,17.922],[71.4792,17.9395],[71.4664,17.9511],[71.4479,17.968],[71.4355,17.98],[71.4167,17.9974],[71.4039,18.0088],[71.3858,18.0264],[71.373,18.0381],[71.355,18.0551],[71.3426,18.0665],[71.3244,18.0844],[71.312,18.0964],[71.294,18.1137],[71.282,18.1263],[71.2637,18.1439],[71.2518,18.1556],[71.2346,18.1736],[71.2229,18.1853],[71.2048,18.2035],[71.1926,18.2151],[71.1737,18.2334],[71.1616,18.2449],[71.1432,18.2623],[71.1309,18.2735],[71.1116,18.2911],[71.0988,18.3022],[71.0805,18.3189],[71.0678,18.33],[71.0486,18.3468],[71.0359,18.3588],[71.0171,18.3751],[71.0048,18.3864],[70.986,18.4031],[70.9732,18.4143],[70.9535,18.431],[70.9408,18.4417],[70.9212,18.4582],[70.9083,18.4688],[70.888,18.4851],[70.8749,18.4967],[70.8551,18.5133],[70.8419,18.5244],[70.8227,18.5401],[70.8099,18.5512],[70.7905,18.5672],[70.7778,18.5779],[70.7576,18.5951],[70.7445,18.6055],[70.7244,18.6208],[70.7108,18.6313]]},"properties":{"mmsi":998372204,"name":"Cargo 2204","role":"background","vessel_type":70,"synthetic":true,"t_offset_s":[56454,56574,56814,57174,57414,57774,58014,58374,58614,58974,59214,59574,59814,60174,60414,60774,61014,61374,61614,61974,62214,62574,62814,63174,63414,63774,64014,64374,64614,64974,65214,65574,65814,66174,66414,66774,67014,67374,67614,67974,68214,68574,68814,69174,69414,69774,70014,70374,70614,70974,71214,71574,71814,72174,72414,72774,73014,73374,73614,73974,74214,74574,74814,75174,75414,75774,76014,76374,76614,76974,77214,77574,77814,78174,78414,78774,79014,79374,79614,79974,80214,80574,80814,81174,81414,81774,82014,82374,82614,82974,83214,83574,83814,84174,84414,84774,85014,85374,85614,85974,86214],"sog":[14.9,14.8,14.5,14.7,14.5,14.8,14.5,14.8,14.1,14.4,14.7,15,14.9,14.6,14.1,14.4,14.4,15.3,14.9,14.4,14.5,15.1,14.6,15.4,14.6,15.1,14.7,14.8,14.7,14.6,13.8,15.2,14.6,14.6,14.7,14.5,14.6,15.4,15.1,14.7,14.5,15.1,15.1,15.3,15.2,14.3,14.5,14.3,14.8,14.3,14.5,14.8,14.3,14.6,15,14.5,15.1,15,14.8,14.6,14.8,15.4,15,15,15.2,15,14.7,14.5,15.2,15.1,14.7,15.3,15.3,14.2,14.9,15.4,15,14.6,14.5,14.7,15.2,14.4,14.1,14.7,14.7,15.2,14.6,14.9,14.8,14.8,15.4,15.6,14.7,14.9,15,14.5,14.4,15,14.9,14.6,15]}}],"properties":{"t_image":"2024-10-03T01:03:30Z","step_s":300,"source":"AIS"}}