{"type":"FeatureCollection","features":[{"type":"Feature","geometry":{"type":"LineString","coordinates":[[69.8278,16.2018],[69.8438,16.2087],[69.8598,16.216],[69.8837,16.2264],[69.8995,16.2328],[69.924,16.2428],[69.9399,16.2492],[69.9638,16.2597],[69.9798,16.2669],[70.0035,16.2773],[70.0193,16.2842],[70.0434,16.2949],[70.0598,16.3019],[70.0834,16.3125],[70.0995,16.3197],[70.1229,16.3306],[70.1384,16.3385],[70.1624,16.3492],[70.1784,16.3564],[70.2019,16.3671],[70.2183,16.3743],[70.2423,16.3845],[70.2582,16.3921],[70.2816,16.4022],[70.2971,16.4095],[70.3206,16.4199],[70.3369,16.4263],[70.3607,16.4372],[70.377,16.4446],[70.4005,16.4561],[70.4165,16.4633],[70.4395,16.4744],[70.4558,16.4821],[70.4795,16.493],[70.495,16.5005],[70.5191,16.5128],[70.5351,16.52],[70.5584,16.5318],[70.5742,16.5389],[70.5975,16.55],[70.6137,16.5573],[70.6374,16.5689],[70.653,16.5766],[70.6774,16.5887],[70.6935,16.5966],[70.7165,16.6077],[70.7321,16.6156],[70.7556,16.6271],[70.7713,16.6341],[70.7945,16.6457],[70.8099,16.6529],[70.8332,16.6643],[70.8488,16.6726],[70.8726,16.6844],[70.8882,16.6921],[70.9115,16.7037],[70.9275,16.7113],[70.9513,16.7226],[70.9668,16.7303],[70.9906,16.7421],[71.0057,16.7497],[71.0294,16.7613],[71.0449,16.769],[71.0684,16.7796],[71.0844,16.7873],[71.1089,16.7988],[71.1243,16.8056],[71.1483,16.8163],[71.1644,16.8232]]},"properties":{"mmsi":991029192,"name":"SYN-CAR-02","role":"background","vessel_type":70,"synthetic":true,"t_offset_s":[65822,66062,66302,66662,66902,67262,67502,67862,68102,68462,68702,69062,69302,69662,69902,70262,70502,70862,71102,71462,71702,72062,72302,72662,72902,73262,73502,73862,74102,74462,74702,75062,75302,75662,75902,76262,76502,76862,77102,77462,77702,78062,78302,78662,78902,79262,79502,79862,80102,80462,80702,81062,81302,81662,81902,82262,82502,82862,83102,83462,83702,84062,84302,84662,84902,85262,85502,85862,86102],"sog":[15.0,15.2,15.5,15.3,15.3,15.3,14.9,14.8,15.2,15.2,15.1,15.6,15.2,15.1,15.4,15.1,15.0,15.0,15.2,15.4,15.0,15.2,14.9,15.1,14.5,14.8,14.9,15.1,15.2,15.3,14.7,14.6,15.3,15.0,15.3,15.4,15.2,15.1,15.0,15.1,15.2,15.8,15.4,15.7,15.9,14.7,14.9,15.2,14.9,14.8,14.9,14.9,15.1,15.9,15.3,14.7,15.2,15.2,15.0,15.4,15.1,15.4,15.0,15.4,15.3,15.6,15.2,15.4,15.1]}},{"type":"Feature","geometry":{"type":"LineString","coordinates":[[71.3366,12.006],[71.3275,12.0237],[71.3209,12.0363],[71.3122,12.0537],[71.3056,12.0656],[71.2958,12.084],[71.2902,12.0961],[71.2809,12.1141],[71.2749,12.1264],[71.2659,12.1443],[71.2596,12.1566],[71.2505,12.1749],[71.2441,12.1871],[71.2358,12.2051],[71.2297,12.2171],[71.2205,12.2353],[71.2147,12.2472],[71.2058,12.2657],[71.2003,12.2773],[71.1916,12.2955],[71.1859,12.3077],[71.1764,12.3263],[71.1702,12.3384],[71.1608,12.3567],[71.1546,12.3687],[71.1457,12.3863],[71.1396,12.3988],[71.1309,12.4163],[71.1249,12.4285],[71.1155,12.4469],[71.1092,12.4587],[71.0999,12.4771],[71.094,12.4886],[71.0849,12.5064],[71.0791,12.5184],[71.0699,12.5362],[71.0634,12.5481],[71.0539,12.5659],[71.0475,12.5779],[71.0382,12.5957],[71.0316,12.6081],[71.0219,12.6262],[71.0155,12.6379],[71.0051,12.6557],[70.9988,12.6676],[70.9884,12.6856],[70.9825,12.6975],[70.9726,12.7158],[70.9663,12.728],[70.9573,12.7461],[70.9513,12.7578],[70.9429,12.7757],[70.9371,12.7875],[70.9281,12.8053],[70.9224,12.8173],[70.9134,12.8356],[70.9074,12.8474],[70.898,12.8657],[70.8921,12.8771],[70.8824,12.895],[70.8763,12.9066],[70.8669,12.9247],[70.8606,12.9372],[70.8517,12.9553],[70.8455,12.9679],[70.8364,12.9859],[70.8304,12.9982],[70.8212,13.0161],[70.8154,13.0283],[70.806,13.0462],[70.7992,13.0582],[70.7899,13.0762],[70.7832,13.0878],[70.7735,13.1057],[70.7666,13.1175],[70.7564,13.1355],[70.7498,13.1475],[70.7397,13.1647],[70.7328,13.1762],[70.7227,13.1941],[70.7158,13.2052],[70.7054,13.2227],[70.6984,13.2343],[70.6881,13.252],[70.6811,13.2633],[70.6713,13.2811],[70.6641,13.2928],[70.6537,13.3102],[70.6469,13.3219],[70.6364,13.339],[70.6298,13.351],[70.6198,13.3685],[70.6129,13.38],[70.603,13.3974],[70.596,13.4094],[70.586,13.4267],[70.5791,13.4387],[70.5686,13.4568],[70.5621,13.4682],[70.5517,13.4857],[70.5451,13.4976],[70.535,13.5149],[70.5282,13.5268],[70.5182,13.5437],[70.5115,13.5561],[70.5012,13.5736],[70.4942,13.5848],[70.4837,13.6031],[70.4769,13.6144],[70.4658,13.6316],[70.4586,13.6432],[70.448,13.6606],[70.4411,13.672],[70.4305,13.6897],[70.4236,13.7014],[70.4134,13.7189],[70.4066,13.7308],[70.3962,13.7479],[70.3893,13.7598],[70.3791,13.7772],[70.3719,13.7891],[70.3608,13.8067],[70.3544,13.818],[70.3437,13.8353],[70.3365,13.8477],[70.3261,13.8645],[70.3197,13.876],[70.309,13.8942],[70.3027,13.9058],[70.2926,13.9236],[70.2862,13.9346],[70.2762,13.9526],[70.27,13.9644],[70.26,13.9824],[70.2538,13.9942],[70.2444,14.012],[70.2381,14.0242],[70.2289,14.0424],[70.2227,14.0549],[70.2138,14.0729],[70.2084,14.0851],[70.1997,14.1032],[70.1938,14.1157],[70.185,14.1347],[70.1789,14.147],[70.1707,14.1646],[70.1647,14.1766],[70.1556,14.1943],[70.1491,14.2071],[70.14,14.2257],[70.1333,14.2374],[70.1238,14.2551],[70.1177,14.2672],[70.1087,14.2846],[70.1025,14.2972],[70.0935,14.3154],[70.0873,14.3279],[70.0784,14.3467],[70.0727,14.3585],[70.0641,14.3769],[70.0584,14.3888],[70.0498,14.407],[70.0434,14.4192],[70.0345,14.4374],[70.0282,14.4499],[70.0189,14.4681],[70.0128,14.4801],[70.0035,14.4979],[69.9973,14.5098],[69.9883,14.528],[69.9824,14.5406],[69.9735,14.5585],[69.9679,14.5708],[69.9594,14.5891],[69.9539,14.6015],[69.9454,14.6198],[69.9399,14.6321],[69.9311,14.6504],[69.9259,14.6626],[69.9181,14.6813],[69.9123,14.6942],[69.9046,14.7128],[69.8999,14.7252],[69.8918,14.7444],[69.8872,14.7569],[69.8795,14.7755],[69.8741,14.7874],[69.8665,14.8064],[69.8613,14.8182],[69.8542,14.8362],[69.8494,14.8494],[69.8412,14.8675],[69.8355,14.8802],[69.828,14.8988],[69.8225,14.911],[69.8141,14.93],[69.8085,14.9419],[69.7998,14.9606],[69.7946,14.9728],[69.7855,14.9909],[69.78,15.003],[69.7714,15.0213],[69.7657,15.0336],[69.7581,15.0526],[69.7531,15.0648],[69.7455,15.0837],[69.7403,15.0964],[69.7326,15.1146],[69.7274,15.1268],[69.7195,15.1456],[69.7135,15.1577],[69.7053,15.1762],[69.6998,15.1884],[69.6914,15.2067],[69.6859,15.2191],[69.6781,15.2371],[69.6724,15.2497],[69.6637,15.2688],[69.6583,15.2805],[69.6501,15.299],[69.6453,15.3108],[69.6372,15.3294],[69.6321,15.3414],[69.6244,15.3597],[69.6193,15.3728],[69.6121,15.3922],[69.607,15.4046],[69.6,15.4241],[69.5954,15.4366],[69.5886,15.4552],[69.5837,15.4679],[69.5771,15.4873],[69.5725,15.5],[69.5655,15.5191],[69.5606,15.5317],[69.5534,15.5509],[69.5488,15.5636],[69.5421,15.5827],[69.5375,15.5956],[69.5303,15.6138],[69.5263,15.627],[69.52,15.6456],[69.5152,15.6581],[69.5089,15.6768],[69.5043,15.6898],[69.4981,15.7086],[69.494,15.7211],[69.4873,15.7399],[69.4826,15.7531],[69.4752,15.7718],[69.4708,15.7839],[69.4637,15.8036],[69.4593,15.8162],[69.452,15.8351],[69.4478,15.8474],[69.4403,15.8659],[69.4357,15.8788],[69.4281,15.8973],[69.4234,15.9103],[69.4169,15.929],[69.4124,15.9413],[69.4056,15.9602],[69.4015,15.9734],[69.3943,15.9923],[69.3902,16.005],[69.3836,16.0238],[69.3791,16.0365],[69.3723,16.0552],[69.3677,16.0678],[69.3602,16.0871],[69.3553,16.0998],[69.3487,16.1183],[69.3437,16.1308],[69.3367,16.1504],[69.3317,16.1628],[69.3246,16.1812],[69.3195,16.1932],[69.3125,16.212],[69.3076,16.2253],[69.3001,16.2436],[69.2948,16.2564],[69.2871,16.2748],[69.2819,16.2871],[69.2743,16.3058],[69.2691,16.3186],[69.2618,16.3369],[69.2565,16.3496],[69.2496,16.3681],[69.2445,16.3806],[69.2366,16.3992],[69.2314,16.4119],[69.2237,16.4307],[69.2187,16.4428],[69.2103,16.4615],[69.2051,16.4734],[69.197,16.4921],[69.1914,16.5047],[69.1825,16.5231],[69.1768,16.5352],[69.1682,16.5534],[69.1627,16.5659],[69.1538,16.5839],[69.1477,16.5956],[69.139,16.6138],[69.1328,16.6261],[69.1234,16.6445],[69.1175,16.6572],[69.1089,16.6747],[69.1027,16.6872],[69.0942,16.7055],[69.0884,16.7176],[69.0797,16.736],[69.0739,16.7483],[69.0656,16.7658],[69.0592,16.7784],[69.0497,16.7965],[69.044,16.8079],[69.0348,16.8263],[69.0288,16.8384],[69.0199,16.8566],[69.0135,16.8685],[69.0048,16.8869],[68.9982,16.8992],[68.9884,16.9173],[68.9823,16.9289],[68.9727,16.9463],[68.9666,16.9584],[68.9569,16.9764],[68.9505,16.988],[68.9413,17.0058],[68.9349,17.0181],[68.9255,17.0361],[68.9194,17.048],[68.9102,17.0652],[68.9037,17.0773],[68.8936,17.0955],[68.887,17.1072],[68.8772,17.1249],[68.8704,17.1361],[68.8597,17.1542],[68.8532,17.1659],[68.8429,17.1832],[68.8356,17.1948],[68.8251,17.212],[68.8185,17.2235],[68.8077,17.2407],[68.8002,17.2525],[68.7891,17.2696],[68.7816,17.2808],[68.7705,17.2976],[68.763,17.3085],[68.7517,17.3254],[68.7441,17.336],[68.733,17.3532],[68.7254,17.3646],[68.7136,17.3814],[68.7056,17.3925],[68.6942,17.4096],[68.6868,17.4207],[68.6759,17.4376],[68.6684,17.4486],[68.657,17.4661],[68.6499,17.4775],[68.6388,17.4946],[68.6312,17.5064],[68.6203,17.5231],[68.6123,17.5346],[68.6015,17.5519],[68.594,17.563],[68.5833,17.5801],[68.576,17.5918],[68.5654,17.6092],[68.5582,17.6213],[68.5477,17.6382],[68.5403,17.6499],[68.5296,17.6671],[68.5227,17.6782],[68.5121,17.6951],[68.5046,17.7068],[68.4938,17.7241],[68.4863,17.7356],[68.4751,17.7526],[68.4673,17.7643],[68.4558,17.7811],[68.4482,17.7921],[68.4372,17.8088],[68.4291,17.8202],[68.4184,17.8371],[68.4109,17.8483],[68.3997,17.8654],[68.3922,17.8765],[68.3813,17.8938],[68.374,17.905],[68.3624,17.9221],[68.3551,17.9332],[68.3443,17.9499],[68.3373,17.9616],[68.3261,17.9791],[68.3189,17.9908],[68.3081,18.0081],[68.3011,18.0197],[68.2908,18.0368],[68.2838,18.0484],[68.2737,18.0651],[68.2665,18.0768],[68.2564,18.094],[68.2496,18.1059],[68.2392,18.1232],[68.2324,18.1349],[68.2216,18.1524],[68.2141,18.1642],[68.2031,18.1812],[68.1954,18.1924],[68.1839,18.2089],[68.1762,18.2199],[68.165,18.2366],[68.1569,18.2482],[68.1447,18.2648],[68.1362,18.2757],[68.1242,18.2917],[68.1162,18.303],[68.1041,18.3195],[68.0965,18.3304],[68.0848,18.3471],[68.0769,18.358],[68.0652,18.3743],[68.0573,18.3857],[68.0455,18.4019],[68.0381,18.4127],[68.0264,18.4296],[68.0185,18.4408],[68.0073,18.4569],[67.9997,18.4682],[67.9879,18.4848],[67.9807,18.4959],[67.9689,18.513],[67.9614,18.5248],[67.9506,18.5414],[67.9431,18.5531],[67.9327,18.5703],[67.926,18.5815],[67.9156,18.5991],[67.908,18.6102],[67.8972,18.6282],[67.8896,18.6395],[67.8787,18.6566],[67.8711,18.6682],[67.8607,18.6854],[67.8536,18.6966],[67.8425,18.7139],[67.8354,18.725],[67.8245,18.7417],[67.8171,18.7532],[67.8061,18.7697],[67.7985,18.7809],[67.7877,18.7978],[67.7802,18.8088],[67.7686,18.8255],[67.7613,18.8365],[67.7501,18.8532],[67.7426,18.8647],[67.7312,18.8808],[67.7237,18.8916],[67.7123,18.9089],[67.705,18.9198],[67.694,18.9373],[67.6868,18.9486],[67.6757,18.9664],[67.6686,18.9778],[67.6578,18.9948],[67.6506,19.0062],[67.6397,19.0231],[67.6324,19.0343],[67.6209,19.0514],[67.6133,19.0622],[67.6012,19.0788],[67.5934,19.09],[67.5816,19.1068],[67.5735,19.1176],[67.5612,19.1342],[67.5531,19.1451],[67.5412,19.1614],[67.5333,19.1721],[67.5208,19.1886],[67.5125,19.1995],[67.5003,19.2156],[67.4923,19.2263],[67.4801,19.2422],[67.4718,19.2536],[67.4599,19.2697],[67.4515,19.2807],[67.4392,19.2964],[67.4305,19.3074],[67.418,19.3241],[67.41,19.3347],[67.398,19.3507],[67.3899,19.3617],[67.3779,19.3779],[67.3699,19.3888],[67.358,19.4055],[67.3495,19.4165],[67.3377,19.4338],[67.3296,19.4451],[67.318,19.4619],[67.3094,19.4726],[67.2981,19.4897],[67.2902,19.5008],[67.2784,19.5178],[67.2709,19.5288],[67.2589,19.5455],[67.2506,19.5569],[67.238,19.5732],[67.2304,19.5839],[67.2182,19.6003],[67.2105,19.6113],[67.1989,19.6283],[67.1906,19.6398],[67.1789,19.6564],[67.1714,19.6678],[67.1595,19.6847],[67.1516,19.6959],[67.1404,19.7131],[67.1333,19.7247],[67.1219,19.7424],[67.1148,19.7535],[67.1034,19.7711],[67.0961,19.7823],[67.084,19.7989],[67.0759,19.8104],[67.0634,19.8267],[67.0554,19.8372],[67.0435,19.8537],[67.0348,19.864],[67.0222,19.8802],[67.0136,19.8911],[67.0014,19.9072],[66.9933,19.9178],[66.9803,19.9344],[66.9722,19.945],[66.9594,19.9609],[66.9512,19.9712],[66.9381,19.9867],[66.9295,19.9965],[66.916,20.0127],[66.9074,20.0232],[66.8948,20.0387],[66.886,20.0491],[66.873,20.0644],[66.8645,20.0754],[66.8518,20.0908],[66.8436,20.1016],[66.8309,20.1173],[66.8221,20.1276],[66.8091,20.1435],[66.8006,20.1544],[66.7874,20.1698],[66.7792,20.18],[66.7661,20.1955],[66.7573,20.2064],[66.744,20.2212],[66.7355,20.2315],[66.7214,20.2469],[66.7123,20.2578],[66.6986,20.2729],[66.6901,20.2836],[66.6763,20.299],[66.6669,20.309],[66.6536,20.3241],[66.6443,20.3346],[66.631,20.3497],[66.622,20.3597],[66.6083,20.375],[66.599,20.3856],[66.5851,20.4008],[66.5759,20.4113],[66.5621,20.4267],[66.5533,20.4364],[66.5393,20.4514],[66.5305,20.4613],[66.5163,20.4764],[66.5071,20.4863],[66.4935,20.5012],[66.4846,20.5108],[66.4708,20.5263],[66.4617,20.5364],[66.4484,20.5519],[66.4399,20.5623],[66.4265,20.578],[66.4181,20.5889],[66.4057,20.6049],[66.3973,20.6159],[66.3855,20.6319],[66.3777,20.6431],[66.3658,20.6597],[66.3578,20.6703],[66.3454,20.6869],[66.3374,20.6977],[66.3249,20.7137],[66.3167,20.7244],[66.304,20.7406],[66.2955,20.7513],[66.2832,20.767],[66.2748,20.7774],[66.2619,20.7931],[66.2537,20.8038],[66.2409,20.8189],[66.2321,20.8296],[66.2194,20.8452],[66.2112,20.8558],[66.1985,20.8718],[66.1903,20.8827],[66.1779,20.8995],[66.1698,20.9101],[66.1579,20.9266],[66.1499,20.9375],[66.1378,20.9544],[66.13,20.965],[66.1179,20.9815],[66.1097,20.9921],[66.0974,21.0083],[66.0899,21.0186],[66.0772,21.0351],[66.0688,21.0454],[66.0565,21.0617],[66.0482,21.0724],[66.036,21.0885],[66.0279,21.0994],[66.016,21.1156],[66.0072,21.1266],[65.9951,21.143],[65.9872,21.1542],[65.9755,21.1703],[65.9676,21.1812],[65.9559,21.1976],[65.9484,21.209],[65.937,21.2256],[65.9293,21.2373],[65.9184,21.2535],[65.9106,21.2651],[65.8994,21.2819],[65.8915,21.2933],[65.8808,21.3102],[65.8735,21.3221],[65.8631,21.3399],[65.8558,21.3518],[65.8454,21.3684],[65.839,21.3799],[65.8281,21.3974],[65.8216,21.4089],[65.8109,21.4263],[65.8034,21.4377],[65.793,21.4548],[65.7858,21.4666],[65.7756,21.4838],[65.7683,21.4952],[65.7574,21.5128],[65.7508,21.5244],[65.74,21.542],[65.7333,21.5534],[65.7229,21.571],[65.7159,21.5824],[65.7055,21.5997],[65.699,21.6116],[65.689,21.6292],[65.6825,21.6405],[65.6727,21.6579],[65.6664,21.67],[65.6563,21.6872],[65.6497,21.699],[65.6394,21.7164],[65.6327,21.7278],[65.6225,21.7455],[65.6161,21.7573]]},"properties":{"mmsi":991127912,"name":"SYN-TAN-DCY2","role":"candidate","vessel_type":80,"synthetic":true,"t_offset_s":[-115200,-114840,-114600,-114240,-114000,-113640,-113400,-113040,-112800,-112440,-112200,-111840,-111600,-111240,-111000,-110640,-110400,-110040,-109800,-109440,-109200,-108840,-108600,-108240,-108000,-107640,-107400,-107040,-106800,-106440,-106200,-105840,-105600,-105240,-105000,-104640,-104400,-104040,-103800,-103440,-103200,-102840,-102600,-102240,-102000,-101640,-101400,-101040,-100800,-100440,-100200,-99840,-99600,-99240,-99000,-98640,-98400,-98040,-97800,-97440,-97200,-96840,-96600,-96240,-96000,-95640,-95400,-95040,-94800,-94440,-94200,-93840,-93600,-93240,-93000,-92640,-92400,-92040,-91800,-91440,-91200,-90840,-90600,-90240,-90000,-89640,-89400,-89040,-88800,-88440,-88200,-87840,-87600,-87240,-87000,-86640,-86400,-86040,-85800,-85440,-85200,-84840,-84600,-84240,-84000,-83640,-83400,-83040,-82800,-82440,-82200,-81840,-81600,-81240,-81000,-80640,-80400,-80040,-79800,-79440,-79200,-78840,-78600,-78240,-78000,-77640,-77400,-77040,-76800,-76440,-76200,-75840,-75600,-75240,-75000,-74640,-74400,-74040,-73800,-73440,-73200,-72840,-72600,-72240,-72000,-71640,-71400,-71040,-70800,-70440,-70200,-69840,-69600,-69240,-69000,-68640,-68400,-68040,-67800,-67440,-67200,-66840,-66600,-66240,-66000,-65640,-65400,-65040,-64800,-64440,-64200,-63840,-63600,-63240,-63000,-62640,-62400,-62040,-61800,-61440,-61200,-60840,-60600,-60240,-60000,-59640,-59400,-59040,-58800,-58440,-58200,-57840,-57600,-57240,-57000,-56640,-56400,-56040,-55800,-55440,-55200,-54840,-54600,-54240,-54000,-53640,-53400,-53040,-52800,-52440,-52200,-51840,-51600,-51240,-51000,-50640,-50400,-50040,-49800,-49440,-49200,-48840,-48600,-48240,-48000,-47640,-47400,-47040,-46800,-46440,-46200,-45840,-45600,-45240,-45000,-44640,-44400,-44040,-43800,-43440,-43200,-42840,-42600,-42240,-42000,-41640,-41400,-41040,-40800,-40440,-40200,-39840,-39600,-39240,-39000,-38640,-38400,-38040,-37800,-37440,-37200,-36840,-36600,-36240,-36000,-35640,-35400,-35040,-34800,-34440,-34200,-33840,-33600,-33240,-33000,-32640,-32400,-32040,-31800,-31440,-31200,-30840,-30600,-30240,-30000,-29640,-29400,-29040,-28800,-28440,-28200,-27840,-27600,-27240,-27000,-26640,-26400,-26040,-25800,-25440,-25200,-24840,-24600,-24240,-24000,-23640,-23400,-23040,-22800,-22440,-22200,-21840,-21600,-21240,-21000,-20640,-20400,-20040,-19800,-19440,-19200,-18840,-18600,-18240,-18000,-17640,-17400,-17040,-16800,-16440,-16200,-15840,-15600,-15240,-15000,-14640,-14400,-14040,-13800,-13440,-13200,-12840,-12600,-12240,-12000,-11640,-11400,-11040,-10800,-10440,-10200,-9840,-9600,-9240,-9000,-8640,-8400,-8040,-7800,-7440,-7200,-6840,-6600,-6240,-6000,-5640,-5400,-5040,-4800,-4440,-4200,-3840,-3600,-3240,-3000,-2640,-2400,-2040,-1800,-1440,-1200,-840,-600,-240,0,360,600,960,1200,1560,1800,2160,2400,2760,3000,3360,3600,3960,4200,4560,4800,5160,5400,5760,6000,6360,6600,6960,7200,7560,7800,8160,8400,8760,9000,9360,9600,9960,10200,10560,10800,11160,11400,11760,12000,12360,12600,12960,13200,13560,13800,14160,14400,14760,15000,15360,15600,15960,16200,16560,16800,17160,17400,17760,18000,18360,18600,18960,19200,19560,19800,20160,20400,20760,21000,21360,21600,21960,22200,22560,22800,23160,23400,23760,24000,24360,24600,24960,25200,25560,25800,26160,26400,26760,27000,27360,27600,27960,28200,28560,28800,29160,29400,29760,30000,30360,30600,30960,31200,31560,31800,32160,32400,32760,33000,33360,33600,33960,34200,34560,34800,35160,35400,35760,36000,36360,36600,36960,37200,37560,37800,38160,38400,38760,39000,39360,39600,39960,40200,40560,40800,41160,41400,41760,42000,42360,42600,42960,43200,43560,43800,44160,44400,44760,45000,45360,45600,45960,46200,46560,46800,47160,47400,47760,48000,48360,48600,48960,49200,49560,49800,50160,50400,50760,51000,51360,51600,51960,52200,52560,52800,53160,53400,53760,54000,54360,54600,54960,55200,55560,55800,56160,56400,56760,57000,57360,57600,57960,58200,58560,58800,59160,59400,59760,60000,60360,60600,60960,61200,61560,61800,62160,62400,62760,63000,63360,63600,63960,64200,64560,64800,65160,65400,65760,66000,66360,66600,66960,67200,67560,67800,68160,68400,68760,69000,69360,69600,69960,70200,70560,70800,71160,71400,71760,72000,72360,72600,72960,73200,73560,73800,74160,74400,74760,75000,75360,75600,75960,76200,76560,76800,77160,77400,77760,78000,78360,78600,78960,79200,79560,79800,80160,80400,80760,81000,81360,81600,81960,82200,82560,82800,83160,83400,83760,84000,84360,84600,84960,85200,85560,85800,86160,86400],"sog":[12.1,11.3,12.4,12.0,12.2,12.2,12.1,12.0,11.7,11.7,12.2,12.6,12.4,12.1,11.9,11.8,12.2,12.2,11.9,12.0,12.3,12.4,12.5,12.4,11.6,11.5,12.0,11.9,11.8,12.0,12.0,12.1,11.5,11.7,12.2,11.8,11.9,11.9,12.0,11.7,12.2,12.5,11.8,11.9,11.7,11.8,11.7,12.1,12.1,12.2,12.0,11.3,12.0,12.1,11.5,11.8,12.0,12.0,11.1,12.0,12.2,11.6,12.6,11.9,12.4,11.8,12.0,11.7,11.9,11.8,12.1,12.4,11.8,12.2,12.1,12.1,12.3,11.9,12.0,12.0,11.9,12.1,11.8,12.2,12.1,12.1,12.3,11.8,11.7,11.9,11.9,12.0,12.6,12.2,12.0,12.4,11.7,12.3,12.0,12.2,11.8,11.5,11.5,11.7,12.1,12.2,11.9,11.9,11.5,12.0,12.1,11.6,12.0,12.0,12.0,11.9,12.0,12.1,12.2,12.3,12.3,11.6,11.7,11.7,12.0,11.8,12.1,12.4,12.4,12.0,11.6,12.5,11.6,12.4,11.8,11.9,12.2,11.9,11.9,12.0,11.7,12.3,12.7,11.9,12.2,11.6,12.1,11.4,12.6,12.5,12.1,12.0,11.7,11.9,12.4,11.6,11.9,12.2,11.9,12.2,11.7,11.8,12.8,12.4,12.1,12.1,12.1,11.7,12.2,12.4,12.1,12.1,11.9,11.9,12.1,11.9,12.1,12.3,12.1,11.5,12.2,12.4,12.3,12.0,12.1,12.0,11.3,11.8,11.7,11.4,12.1,11.7,12.2,12.0,11.9,12.2,11.9,11.7,12.2,12.2,11.5,12.0,11.8,12.1,12.3,11.8,12.0,12.0,11.5,12.0,12.0,12.4,11.8,11.7,11.9,11.9,12.3,12.5,11.3,11.7,11.4,11.6,12.0,12.2,12.6,12.1,12.3,12.7,11.9,11.9,12.0,12.2,11.8,11.7,12.5,12.3,12.3,11.7,12.0,11.7,12.0,11.5,12.3,11.7,11.9,12.0,11.9,11.3,11.8,12.0,11.5,12.3,11.5,11.8,12.2,11.9,12.0,11.9,12.4,12.2,11.9,12.2,12.6,12.1,11.8,12.3,11.8,11.5,12.0,12.3,12.5,12.1,12.4,11.8,12.1,11.8,11.5,11.9,12.3,12.3,11.9,12.1,12.0,12.0,12.3,11.8,12.0,11.3,11.8,11.8,12.3,12.0,11.2,12.4,11.7,11.6,12.4,11.8,12.2,12.1,11.8,12.0,11.6,12.2,12.2,12.0,12.4,11.6,12.3,12.1,11.7,12.1,11.7,11.7,12.2,11.7,11.8,12.0,12.0,11.8,12.0,12.7,12.7,12.5,11.5,11.9,11.5,12.0,11.8,12.0,12.0,12.6,11.4,12.0,12.0,11.8,12.1,11.7,11.6,12.4,12.3,12.4,12.5,12.1,12.8,11.8,12.1,12.4,11.7,11.8,11.8,12.1,11.4,11.3,11.6,11.8,12.0,12.0,12.5,12.0,11.6,12.4,11.9,12.0,12.5,11.8,12.2,12.1,11.9,11.8,12.3,12.3,12.1,11.6,12.0,12.1,11.5,11.7,12.0,12.2,11.9,11.8,12.5,12.2,11.9,11.9,12.2,11.9,12.2,12.3,11.5,11.7,12.2,12.3,11.9,11.8,11.5,12.1,12.5,11.7,11.9,12.0,11.7,11.9,11.8,11.9,12.5,12.4,11.9,12.3,11.7,12.4,11.8,11.7,12.5,11.7,11.7,11.9,12.3,11.5,11.9,12.2,12.0,12.2,11.9,11.6,12.9,11.9,11.6,11.5,11.8,11.4,11.9,11.4,11.8,12.0,12.6,11.7,12.0,12.0,11.5,12.2,12.2,12.2,11.9,11.9,12.2,12.0,11.9,12.3,11.8,11.7,11.5,11.6,11.9,12.2,11.7,12.1,12.3,11.2,12.4,11.2,11.8,12.1,11.6,11.9,11.8,11.9,12.4,11.6,11.7,11.8,12.2,11.9,12.0,11.8,12.1,12.7,12.2,12.0,12.4,11.9,12.1,11.7,12.3,11.8,12.1,12.0,12.3,11.8,12.3,11.6,12.4,12.0,11.8,12.0,11.8,11.9,11.8,12.3,12.0,11.9,12.1,12.0,12.2,12.6,12.1,12.0,11.9,12.0,12.6,12.1,11.9,11.8,12.0,12.0,12.7,12.0,12.2,11.4,12.4,12.1,12.4,12.9,11.4,12.1,12.1,12.1,11.7,11.7,11.5,12.0,12.0,12.0,12.1,12.2,11.2,12.7,12.3,11.9,11.8,11.9,11.8,12.4,11.5,11.9,12.3,12.1,11.8,12.2,12.1,11.7,11.4,12.3,12.1,11.9,11.8,12.0,11.9,11.8,11.4,12.4,12.2,12.2,12.0,12.0,12.5,12.0,12.0,11.9,11.2,12.1,11.9,12.1,12.4,12.1,11.7,12.3,11.8,12.2,11.3,11.6,11.5,12.8,11.8,12.2,11.9,12.1,12.0,12.6,11.9,11.9,11.6,12.0,11.7,12.0,11.9,12.4,11.4,12.1,11.8,12.0,11.8,11.7,11.9,11.8,12.0,12.1,11.9,12.1,12.1,11.9,12.1,12.0,12.1,12.1,12.2,12.1,11.9,12.0,12.1,12.4,11.7,12.4,11.3,12.2,12.0,12.3,12.3,12.3,12.2,11.6,11.7,11.9,11.9,11.8,12.2,11.7,12.5,11.7,12.5,11.8,12.3,12.4,12.4,12.1,12.0,12.0,12.1,12.2,11.8,12.1,12.4,12.2,12.2,12.0,11.8,12.0,12.0,12.0,11.9,11.9,11.9,12.2,11.0,11.8,11.9,11.6,12.1,11.7,12.0,11.8,11.7]}},{"type":"Feature","geometry":{"type":"LineString","coordinates":[[69.1078,18.551],[69.1054,18.5258],[69.1039,18.508],[69.1017,18.4833],[69.1004,18.4663],[69.0981,18.4406],[69.0964,18.4237],[69.0947,18.3985],[69.0931,18.3814],[69.0922,18.3552],[69.0914,18.3383],[69.0896,18.3125],[69.0893,18.2954],[69.0878,18.2699],[69.0872,18.253],[69.0855,18.2276],[69.084,18.2107],[69.0825,18.1851],[69.0817,18.168],[69.0803,18.1426],[69.08,18.1254],[69.0793,18.1003],[69.0785,18.0833],[69.0783,18.0573],[69.0776,18.0402],[69.0768,18.0148],[69.0761,17.9974],[69.0748,17.9718],[69.0739,17.9546],[69.0732,17.9296],[69.0722,17.9126],[69.0714,17.8871],[69.0708,17.8698],[69.0694,17.8444],[69.069,17.8273],[69.0679,17.8014],[69.0675,17.7835],[69.0664,17.7581],[69.0657,17.7411],[69.0648,17.715],[69.064,17.6979],[69.0629,17.673],[69.0622,17.656],[69.0614,17.6306],[69.0605,17.6136],[69.0594,17.5878],[69.0589,17.5709],[69.0584,17.5449],[69.0581,17.5282],[69.0576,17.5014],[69.057,17.4841],[69.0569,17.4585],[69.0565,17.4414],[69.0557,17.4153],[69.055,17.3983],[69.0537,17.3724],[69.0528,17.3553],[69.0508,17.3295],[69.0489,17.3115],[69.0463,17.2859],[69.0441,17.2692],[69.0411,17.2437],[69.0391,17.2263],[69.0355,17.2009],[69.0333,17.1842],[69.0306,17.1586],[69.0283,17.1417],[69.0252,17.116],[69.0235,17.0988],[69.0207,17.0733],[69.0185,17.0569],[69.0156,17.0312],[69.014,17.0139],[69.0109,16.9885],[69.0096,16.9709],[69.007,16.9446],[69.0057,16.9276],[69.0039,16.9018],[69.0027,16.885],[69.0017,16.8594],[69.0007,16.8421],[68.9995,16.8173],[68.9988,16.7994],[68.9973,16.7739],[68.9964,16.7566],[68.9947,16.7312],[68.9932,16.7138],[68.991,16.6878],[68.9891,16.6709],[68.9878,16.645],[68.9869,16.6281],[68.9849,16.6022],[68.9834,16.5851],[68.9816,16.5598],[68.9802,16.5422],[68.9785,16.5161],[68.9775,16.4988],[68.9755,16.4737],[68.9743,16.456],[68.9725,16.4304],[68.9715,16.4129],[68.9701,16.388],[68.9691,16.3711],[68.9675,16.3451],[68.9665,16.3282],[68.9651,16.3021],[68.9641,16.2849],[68.9623,16.2594],[68.9611,16.2423],[68.9596,16.2164],[68.9584,16.1995],[68.9574,16.1733],[68.957,16.1555],[68.9561,16.1303],[68.956,16.1131],[68.9552,16.0876],[68.9547,16.0707],[68.9543,16.0452],[68.954,16.0275],[68.9543,16.002],[68.9544,15.9847],[68.9547,15.9591],[68.9548,15.9418],[68.9563,15.9159],[68.9569,15.8994],[68.9577,15.8731],[68.9577,15.8561],[68.9582,15.8309],[68.9585,15.8141],[68.9591,15.7881],[68.9596,15.771],[68.96,15.7454],[68.9611,15.7282],[68.9614,15.702],[68.9622,15.6849],[68.963,15.6595],[68.9635,15.6422],[68.9645,15.6164],[68.9648,15.5993],[68.9657,15.5739],[68.9662,15.5565],[68.9673,15.5307],[68.9677,15.514],[68.9683,15.4882],[68.9685,15.4709],[68.9695,15.4455],[68.9703,15.4287],[68.9711,15.4022],[68.9714,15.385],[68.9723,15.3595],[68.9727,15.3427],[68.9738,15.3168],[68.975,15.3004],[68.9752,15.2752],[68.9761,15.2575],[68.9768,15.2309],[68.977,15.214],[68.9776,15.1889],[68.9778,15.1715],[68.978,15.146],[68.9782,15.1291],[68.9781,15.1041],[68.9781,15.0865],[68.9771,15.0609],[68.9768,15.0434],[68.9767,15.0178],[68.9772,15.0009],[68.9779,14.9754],[68.9783,14.9588],[68.978,14.9329],[68.9778,14.9159],[68.977,14.8897],[68.9769,14.8724],[68.9771,14.8468],[68.9765,14.8299],[68.9764,14.8036],[68.9766,14.7867],[68.9766,14.762],[68.9771,14.7446],[68.977,14.719],[68.9767,14.7016],[68.9759,14.6758],[68.9758,14.6592],[68.9749,14.6338],[68.9749,14.6163],[68.9745,14.591],[68.9751,14.5738],[68.9748,14.5483],[68.9748,14.5311],[68.9746,14.5056],[68.9738,14.4888],[68.9727,14.4628],[68.9719,14.4458],[68.9699,14.4204],[68.9687,14.4033],[68.9662,14.3773],[68.9647,14.3606],[68.962,14.3348],[68.9607,14.3181],[68.9585,14.2925],[68.9566,14.2755],[68.9544,14.2497],[68.9524,14.2322],[68.9501,14.2069],[68.9483,14.19],[68.9452,14.1644],[68.9431,14.1476],[68.94,14.1218],[68.9383,14.1048],[68.9353,14.0791],[68.9336,14.062],[68.9314,14.0365],[68.9294,14.0196],[68.927,13.9941],[68.9252,13.9765],[68.9235,13.9516],[68.9218,13.9343],[68.9194,13.9084],[68.9174,13.8917],[68.9147,13.8663],[68.9126,13.8499],[68.9097,13.8231],[68.9073,13.8056],[68.9041,13.7803],[68.9019,13.7628],[68.8981,13.7374],[68.8959,13.7204],[68.8923,13.6957],[68.8901,13.679],[68.8865,13.6533],[68.8846,13.6367],[68.881,13.6111],[68.8786,13.5939],[68.875,13.5687],[68.8729,13.5516],[68.8697,13.5264],[68.8677,13.5088],[68.8645,13.4836],[68.8624,13.4661],[68.8593,13.4403],[68.8573,13.4234],[68.8535,13.3979],[68.8509,13.3811],[68.8471,13.3559],[68.8449,13.3392],[68.8407,13.3134],[68.8374,13.2965],[68.8342,13.2716],[68.8312,13.255],[68.8267,13.2298],[68.8236,13.2132],[68.8196,13.1881],[68.817,13.1714],[68.8133,13.1459],[68.8107,13.1289],[68.8068,13.1036],[68.8043,13.0865],[68.8004,13.0614],[68.7984,13.0438],[68.7953,13.0183],[68.7931,13.0014],[68.7902,12.9762],[68.7884,12.9593],[68.7855,12.9337],[68.7845,12.9167],[68.7827,12.8916],[68.7815,12.8747],[68.7797,12.8488],[68.7783,12.8318],[68.7761,12.8059],[68.7749,12.7885],[68.7722,12.7627],[68.7698,12.7462],[68.766,12.7201],[68.7637,12.7029],[68.7601,12.6772],[68.7577,12.6602],[68.7543,12.6353],[68.7522,12.6181],[68.7489,12.5937],[68.7465,12.5765],[68.7437,12.5514],[68.7422,12.5342],[68.7393,12.5081],[68.7376,12.4912],[68.7346,12.4658],[68.7328,12.4482],[68.7296,12.4228],[68.7274,12.4057],[68.7244,12.3801],[68.7226,12.3628],[68.7196,12.3375],[68.7177,12.3207],[68.714,12.2951],[68.7115,12.2782],[68.7082,12.2525],[68.7058,12.2362],[68.7022,12.2099],[68.7001,12.1931],[68.6972,12.168],[68.6943,12.1505],[68.6907,12.1259],[68.6883,12.109],[68.6853,12.0834],[68.6831,12.0664],[68.6796,12.0406],[68.677,12.0232]]},"properties":{"mmsi":991283105,"name":"SYN-CAR-15","role":"candidate","vessel_type":70,"synthetic":true,"t_offset_s":[-71941,-71581,-71341,-70981,-70741,-70381,-70141,-69781,-69541,-69181,-68941,-68581,-68341,-67981,-67741,-67381,-67141,-66781,-66541,-66181,-65941,-65581,-65341,-64981,-64741,-64381,-64141,-63781,-63541,-63181,-62941,-62581,-62341,-61981,-61741,-61381,-61141,-60781,-60541,-60181,-59941,-59581,-59341,-58981,-58741,-58381,-58141,-57781,-57541,-57181,-56941,-56581,-56341,-55981,-55741,-55381,-55141,-54781,-54541,-54181,-53941,-53581,-53341,-52981,-52741,-52381,-52141,-51781,-51541,-51181,-50941,-50581,-50341,-49981,-49741,-49381,-49141,-48781,-48541,-48181,-47941,-47581,-47341,-46981,-46741,-46381,-46141,-45781,-45541,-45181,-44941,-44581,-44341,-43981,-43741,-43381,-43141,-42781,-42541,-42181,-41941,-41581,-41341,-40981,-40741,-40381,-40141,-39781,-39541,-39181,-38941,-38581,-38341,-37981,-37741,-37381,-37141,-36781,-36541,-36181,-35941,-35581,-35341,-34981,-34741,-34381,-34141,-33781,-33541,-33181,-32941,-32581,-32341,-31981,-31741,-31381,-31141,-30781,-30541,-30181,-29941,-29581,-29341,-28981,-28741,-28381,-28141,-27781,-27541,-27181,-26941,-26581,-26341,-25981,-25741,-25381,-25141,-24781,-24541,-24181,-23941,-23581,-23341,-22981,-22741,-22381,-22141,-21781,-21541,-21181,-20941,-20581,-20341,-19981,-19741,-19381,-19141,-18781,-18541,-18181,-17941,-17581,-17341,-16981,-16741,-16381,-16141,-15781,-15541,-15181,-14941,-14581,-14341,-13981,-13741,-13381,-13141,-12781,-12541,-12181,-11941,-11581,-11341,-10981,-10741,-10381,-10141,-9781,-9541,-9181,-8941,-8581,-8341,-7981,-7741,-7381,-7141,-6781,-6541,-6181,-5941,-5581,-5341,-4981,-4741,-4381,-4141,-3781,-3541,-3181,-2941,-2581,-2341,-1981,-1741,-1381,-1141,-781,-541,-181,59,419,659,1019,1259,1619,1859,2219,2459,2819,3059,3419,3659,4019,4259,4619,4859,5219,5459,5819,6059,6419,6659,7019,7259,7619,7859,8219,8459,8819,9059,9419,9659,10019,10259,10619,10859,11219,11459,11819,12059,12419,12659,13019,13259,13619,13859,14219,14459,14819,15059,15419,15659,16019,16259,16619,16859,17219,17459,17819,18059,18419,18659,19019,19259,19619,19859],"sog":[16.0,15.5,15.6,14.7,15.0,15.3,15.6,14.8,15.7,15.2,15.4,15.1,15.2,15.1,15.1,15.7,15.1,15.1,15.5,15.5,15.3,15.4,14.9,15.6,15.4,15.1,15.7,15.5,14.9,15.7,15.3,15.1,15.5,15.0,15.9,15.6,15.7,15.0,15.1,15.8,15.2,15.4,15.4,14.5,15.5,15.3,15.3,15.1,15.2,15.8,15.5,15.7,15.7,15.9,15.1,15.3,14.8,15.8,15.7,15.6,15.3,15.3,15.4,15.0,15.2,15.3,15.1,15.5,15.6,15.7,15.2,15.6,15.2,15.5,15.2,16.1,15.4,15.5,14.9,15.2,15.0,14.8,15.6,15.2,15.8,14.8,15.6,15.6,15.6,15.6,15.1,15.0,15.7,15.0,16.1,15.9,15.5,15.1,15.2,15.4,15.7,14.5,15.2,15.6,15.3,15.2,15.8,15.2,15.2,15.8,15.0,15.4,15.3,15.1,15.3,15.3,14.9,15.3,15.8,15.7,15.5,14.7,15.3,15.5,14.7,14.7,15.3,15.3,15.3,16.1,15.4,15.3,15.5,16.1,15.0,15.2,15.3,15.3,15.5,15.1,15.1,15.4,15.3,15.2,15.7,15.3,15.1,15.8,14.9,15.2,15.4,15.6,14.8,15.1,15.3,16.0,15.4,14.8,15.6,15.4,14.8,15.2,15.3,15.5,15.4,15.1,15.4,15.1,14.9,15.7,15.3,14.8,15.2,15.8,15.3,15.5,15.2,14.9,15.3,15.0,15.0,15.5,15.3,15.1,15.2,15.0,15.5,14.8,14.8,15.2,15.6,15.5,15.1,14.5,15.6,15.7,15.3,15.4,15.1,15.2,15.4,15.5,15.4,15.0,15.3,15.3,15.6,15.3,15.3,15.3,14.9,15.4,15.4,15.3,15.4,14.9,15.2,15.2,15.8,14.9,15.4,15.9,16.2,15.3,16.1,15.5,15.1,15.2,15.2,15.0,15.0,15.2,15.2,15.1,15.2,15.2,15.6,15.6,15.5,15.6,15.7,15.3,14.9,14.9,15.3,15.1,15.6,14.9,15.1,15.6,15.2,15.0,15.4,15.1,15.2,15.1,15.4,15.3,15.6,15.3,15.4,15.7,15.6,15.0,14.8,15.3,14.9,15.2,15.4,15.7,15.4,15.6,15.5,15.2,15.8,15.3,15.4,15.1,14.9,14.9,15.4,14.9,14.9,15.3,15.8,15.6,15.7,15.0,15.4,15.4,15.2,15.5,15.3,15.3,15.2,15.2,15.1,15.5,15.5,15.7,15.2,15.2,14.9,15.1,14.9,15.5,15.9]}},{"type":"Feature","geometry":{"type":"LineString","coordinates":[[69.171,19.0766],[69.1663,19.0724],[69.162,19.0709],[69.1584,19.0759],[69.1592,19.0795],[69.16,19.0859],[69.1643,19.0905],[69.1617,19.0966],[69.1604,19.0984],[69.153,19.1024],[69.148,19.1052],[69.1432,19.1095],[69.1393,19.1111],[69.1319,19.1131],[69.1275,19.1105],[69.1248,19.1054],[69.1244,19.1016],[69.1265,19.0937],[69.1253,19.0894],[69.121,19.0857],[69.1195,19.0824],[69.1129,19.0818],[69.1086,19.0828],[69.1057,19.087],[69.1044,19.0916],[69.0977,19.0909],[69.0975,19.0863],[69.0954,19.0811],[69.0966,19.0779],[69.0972,19.0731],[69.0979,19.0692],[69.0943,19.0636],[69.0949,19.0591],[69.0978,19.0549],[69.1027,19.0542],[69.1091,19.0572],[69.1147,19.0558],[69.1176,19.0476],[69.1196,19.0424],[69.124,19.0376],[69.1276,19.0363],[69.1331,19.0379],[69.1385,19.0376],[69.142,19.0322],[69.139,19.0282],[69.136,19.0227],[69.1356,19.0186],[69.1308,19.0131],[69.128,19.0107],[69.1229,19.0056],[69.1183,19.0039],[69.1124,19.0037],[69.1088,19.002],[69.1016,18.9999],[69.0974,18.9979],[69.0942,18.9931],[69.0933,18.9888],[69.0878,18.9847],[69.0868,18.9815],[69.0811,18.9779],[69.0772,18.9748],[69.0719,18.9786],[69.069,18.9816],[69.0646,18.9878],[69.0648,18.9912],[69.0669,18.9978],[69.0664,19.0027],[69.0684,19.0084],[69.0668,19.013],[69.0663,19.0198],[69.0684,19.024],[69.0737,19.0288],[69.0781,19.0318],[69.0786,19.0385],[69.0803,19.0425],[69.0816,19.0489],[69.0809,19.0527],[69.0837,19.0589],[69.0855,19.0632],[69.0831,19.0686],[69.0826,19.072],[69.081,19.0773],[69.0814,19.0823],[69.0856,19.0863],[69.0901,19.089],[69.0952,19.0918],[69.0972,19.0947],[69.1007,19.1004],[69.1,19.1044],[69.1037,19.1106],[69.1061,19.1126],[69.1115,19.1142],[69.1153,19.1111],[69.1199,19.1064],[69.1209,19.1042],[69.1271,19.1031],[69.1305,19.099],[69.1366,19.1003],[69.1395,19.1031],[69.1388,19.1095],[69.1373,19.1147],[69.1332,19.119],[69.1288,19.1204],[69.1233,19.1239],[69.1206,19.1266],[69.1153,19.129],[69.1109,19.1298],[69.1035,19.1258],[69.0992,19.123],[69.0931,19.1258],[69.0901,19.1292],[69.0819,19.1296],[69.0773,19.1308],[69.071,19.1281],[69.0704,19.1327],[69.0647,19.1365],[69.0616,19.1347],[69.0563,19.1361],[69.0543,19.132],[69.0536,19.1254],[69.0527,19.121],[69.0559,19.1146],[69.0573,19.1116],[69.0592,19.106],[69.0618,19.1056],[69.0664,19.104],[69.0681,19.1009],[69.0752,19.0975],[69.0796,19.0992],[69.0858,19.1016],[69.0891,19.1012],[69.0949,19.1009],[69.0993,19.0995],[69.1051,19.0972],[69.1068,19.0938],[69.1114,19.0912],[69.1123,19.0854],[69.1139,19.0791],[69.1113,19.0758],[69.1094,19.0688],[69.1079,19.0647],[69.106,19.059],[69.1052,19.0535],[69.1031,19.0472],[69.1014,19.0427],[69.1049,19.0375],[69.1081,19.037],[69.1099,19.0314],[69.1133,19.0278],[69.1149,19.0226],[69.1175,19.0199],[69.1237,19.017],[69.1272,19.0145],[69.1338,19.0109],[69.1375,19.0109],[69.1443,19.0147],[69.1474,19.0121],[69.1516,19.006],[69.1503,19.002],[69.1507,18.9971],[69.1492,18.9941],[69.1463,18.9914],[69.144,18.9877],[69.1432,18.9818],[69.1433,18.9785],[69.1387,18.9733],[69.1376,18.9699],[69.1347,18.9641],[69.1324,18.9614],[69.1247,18.9636],[69.122,18.9647],[69.1148,18.9643],[69.1115,18.9627],[69.1041,18.9617],[69.1003,18.9614],[69.0938,18.9619],[69.0893,18.9635],[69.0873,18.9681],[69.0895,18.9729],[69.0928,18.9763],[69.0973,18.98],[69.1,18.986],[69.1011,18.9901],[69.0987,18.9935],[69.0948,18.9923],[69.0877,18.9922],[69.0843,18.9881],[69.0804,18.9837],[69.0767,18.98],[69.0796,18.9749],[69.0812,18.9704],[69.0792,18.9657],[69.0747,18.9657],[69.0688,18.9692],[69.064,18.9691],[69.0585,18.9697],[69.0546,18.9687],[69.0462,18.9671],[69.0424,18.967],[69.0371,18.9612],[69.0368,18.9563],[69.0404,18.9514],[69.0436,18.9486],[69.0502,18.9483],[69.0544,18.9477],[69.0595,18.9508],[69.0625,18.9536],[69.0684,18.9578],[69.0718,18.9608],[69.0778,18.9633],[69.0803,18.9677],[69.0805,18.9736],[69.0801,18.979],[69.0791,18.985],[69.0767,18.9901],[69.0671,18.9912],[69.0629,18.9904],[69.0547,18.9885],[69.0502,18.9867],[69.0468,18.9824],[69.0428,18.9804],[69.0394,18.9765],[69.039,18.9718],[69.043,18.968],[69.0457,18.97],[69.0516,18.9707],[69.0555,18.9714],[69.0625,18.9721],[69.0656,18.9754],[69.0689,18.979],[69.0669,18.982],[69.0651,18.9878],[69.0622,18.9908],[69.0557,18.9959],[69.0524,18.9994],[69.0471,19.0046],[69.046,19.0092],[69.0456,19.0132],[69.0452,19.0166],[69.0436,19.0219],[69.0421,19.0266],[69.04,19.032],[69.04,19.0376],[69.0358,19.0429],[69.0336,19.0471],[69.0346,19.053],[69.0382,19.0533],[69.045,19.0561],[69.0459,19.0583],[69.0473,19.0643],[69.0457,19.0674],[69.0427,19.0724],[69.0399,19.0707],[69.0362,19.0667],[69.0338,19.064],[69.0259,19.0639],[69.0213,19.0644],[69.017,19.0617],[69.014,19.0602],[69.0075,19.0565],[69.0056,19.0535],[69.0,19.0487],[68.9977,19.0457],[68.9939,19.0427],[68.9954,19.0389],[68.9999,19.033],[69.0032,19.0319],[69.0093,19.035],[69.0128,19.0353],[69.0203,19.0347],[69.0233,19.0337],[69.0304,19.0321],[69.0336,19.0336],[69.0366,19.0297],[69.0361,19.0263],[69.0356,19.0206],[69.0316,19.0168],[69.0269,19.0123],[69.0222,19.0131],[69.0163,19.0172],[69.0106,19.018],[69.0053,19.0162],[69.002,19.0181],[68.9953,19.0181],[68.9904,19.0187],[68.9849,19.014],[68.9828,19.0096],[68.9802,19.0035],[68.976,19.002],[68.9706,18.9978],[68.9681,18.9952],[68.9623,18.9897],[68.9593,18.9862],[68.9594,18.9797],[68.9624,18.9765],[68.9686,18.9745],[68.9731,18.9761],[68.9786,18.9772],[68.9824,18.9804],[68.9879,18.983],[68.9912,18.9863],[68.9967,18.9868],[68.9999,18.9871],[69.0062,18.9905],[69.0084,18.9925],[69.009,18.9995],[69.0105,19.0031],[69.0164,19.0081],[69.02,19.0104],[69.0242,19.0146],[69.027,19.0161],[69.0311,19.0186],[69.0362,19.0182],[69.044,19.0159],[69.0483,19.015],[69.0545,19.0158],[69.0573,19.0176],[69.0615,19.021],[69.0641,19.0252],[69.0672,19.031],[69.0699,19.0347],[69.0764,19.0367],[69.0805,19.0367],[69.0858,19.0397],[69.0889,19.0401],[69.0957,19.0421],[69.0994,19.0442],[69.1051,19.0426],[69.108,19.0388],[69.1148,19.0385],[69.1198,19.0384],[69.1261,19.0386],[69.1302,19.0354],[69.1339,19.0282],[69.1323,19.0243],[69.135,19.0177],[69.1368,19.014],[69.1396,19.0075],[69.1417,19.0036],[69.1476,19.0013],[69.1506,19.0003],[69.1564,19.0012],[69.1578,19.0049],[69.1593,19.0096],[69.1593,19.0126],[69.1622,19.0192],[69.1628,19.0236],[69.1613,19.0313],[69.1633,19.0358],[69.167,19.0422],[69.17,19.0457],[69.1699,19.0503],[69.1713,19.0542],[69.171,19.0601],[69.1704,19.0632],[69.1711,19.0679],[69.1703,19.0713],[69.1647,19.0762],[69.161,19.0799],[69.1566,19.0846],[69.1526,19.0874],[69.1453,19.0878],[69.1416,19.0864],[69.1376,19.0811],[69.1387,19.0777],[69.1404,19.0707],[69.1417,19.0659],[69.1427,19.0588],[69.1426,19.0552],[69.1491,19.0544],[69.1509,19.0562],[69.1497,19.0654],[69.1477,19.0709],[69.1434,19.0743],[69.1412,19.0776],[69.1449,19.083],[69.1476,19.0863],[69.1539,19.088],[69.1571,19.0911],[69.1648,19.091],[69.1696,19.0876],[69.1756,19.0866],[69.179,19.0857],[69.1813,19.0898],[69.1842,19.0925],[69.1898,19.0955],[69.1951,19.0965],[69.1978,19.1014],[69.1974,19.1059],[69.1987,19.1121],[69.1972,19.1172],[69.194,19.1213],[69.1908,19.1257],[69.183,19.1292],[69.1791,19.13],[69.1716,19.1287],[69.168,19.1275],[69.1616,19.1246],[69.1579,19.1216],[69.1518,19.1206],[69.1476,19.1191],[69.1426,19.1169],[69.141,19.1126],[69.1373,19.1079],[69.133,19.1089],[69.1289,19.1047],[69.1305,19.1013],[69.1326,19.0951],[69.1362,19.0919],[69.1428,19.089],[69.1455,19.0852],[69.1519,19.0829],[69.1542,19.0806],[69.1594,19.0756],[69.1601,19.0709],[69.1623,19.0677],[69.1644,19.0663],[69.1687,19.0641],[69.1726,19.0637],[69.1809,19.0666],[69.1832,19.0698],[69.1876,19.0746],[69.1894,19.0776],[69.1869,19.0832],[69.1834,19.0862],[69.1816,19.0915],[69.1857,19.0931],[69.1899,19.0909],[69.1921,19.0867],[69.1945,19.08],[69.1983,19.0752],[69.2026,19.0738],[69.2081,19.0759],[69.2149,19.0746],[69.2197,19.0741],[69.2271,19.0765],[69.23,19.0769],[69.2375,19.0786],[69.2405,19.0797],[69.2456,19.0771],[69.2458,19.0718],[69.2434,19.0669],[69.2373,19.0664],[69.2297,19.0628],[69.2265,19.0604],[69.2195,19.0577],[69.2156,19.0569],[69.21,19.0588],[69.2047,19.0613],[69.1994,19.0649],[69.1976,19.069],[69.197,19.0727],[69.1956,19.078],[69.1927,19.0851],[69.1911,19.0887],[69.1848,19.0909],[69.1807,19.0915],[69.1741,19.0925],[69.1715,19.0965],[69.164,19.1004],[69.1616,19.1034],[69.1561,19.106],[69.153,19.1042],[69.1469,19.1025],[69.1443,19.0992],[69.1418,19.0935],[69.1391,19.0898],[69.1348,19.0859],[69.1323,19.0852],[69.1252,19.081],[69.1233,19.0784],[69.1229,19.073],[69.1276,19.07],[69.134,19.0695],[69.137,19.0663],[69.1433,19.066],[69.1471,19.0679],[69.1509,19.072],[69.1534,19.0758],[69.1562,19.0811],[69.1575,19.0844],[69.1619,19.0898],[69.1641,19.0924],[69.1691,19.0979],[69.1686,19.1021],[69.1656,19.1076],[69.1634,19.1092],[69.1586,19.111],[69.1551,19.1088],[69.1477,19.1098],[69.1436,19.1093],[69.1393,19.1045],[69.1367,19.1018],[69.1338,19.0966],[69.1307,19.0918],[69.1261,19.0885],[69.1231,19.0866],[69.1186,19.0808],[69.1162,19.0789],[69.1103,19.0787],[69.1063,19.0792],[69.1005,19.0772],[69.0988,19.073],[69.0981,19.0651],[69.0989,19.0612],[69.098,19.0539],[69.0953,19.0509],[69.0918,19.0479],[69.0887,19.0452],[69.0829,19.0434],[69.0795,19.0417],[69.0717,19.0415],[69.0665,19.0424],[69.0619,19.0449],[69.058,19.0485],[69.0511,19.0524],[69.0477,19.0552],[69.0425,19.056],[69.0387,19.0595],[69.034,19.0632],[69.0306,19.0643],[69.0244,19.0617],[69.0225,19.0582],[69.0173,19.0535],[69.0124,19.0509],[69.0062,19.0479],[69.0044,19.0482],[68.9965,19.0493],[68.9923,19.0509],[68.9871,19.0539],[68.984,19.0569],[68.9777,19.0608],[68.9756,19.0636],[68.9704,19.0658],[68.966,19.0635],[68.9629,19.0592],[68.9611,19.0547],[68.9559,19.0496],[68.9515,19.0506],[68.9449,19.0506],[68.9397,19.0517],[68.9351,19.054],[68.9325,19.0583],[68.9362,19.0646],[68.9382,19.0676],[68.9411,19.0716],[68.9412,19.0757],[68.9475,19.077],[68.9491,19.0739],[68.9513,19.0655],[68.9541,19.0627],[68.9588,19.0604],[68.9628,19.0584],[68.9634,19.0515],[68.9618,19.0477],[68.9594,19.0419],[68.9554,19.04],[68.9489,19.0395],[68.9499,19.0339],[68.9498,19.03],[68.949,19.0268],[68.9495,19.0207],[68.9499,19.0161],[68.9547,19.0116],[68.9587,19.0085],[68.9607,19.0028],[68.9645,19.002],[68.9711,19.0032],[68.9707,19.0086],[68.9633,19.0115],[68.9603,19.0139],[68.9576,19.0192],[68.9593,19.0224],[68.9626,19.0306],[68.9639,19.0346],[68.9632,19.0424],[68.9633,19.0444],[68.9632,19.0519],[68.9661,19.0562],[68.9679,19.0624],[68.9662,19.0669],[68.9647,19.0727],[68.9616,19.0747],[68.9591,19.0795],[68.9541,19.0802],[68.9512,19.0753],[68.9505,19.072],[68.9531,19.0661],[68.9502,19.0627],[68.944,19.0591],[68.9393,19.0577],[68.9317,19.0594],[68.9284,19.0616],[68.9224,19.0591],[68.9175,19.0579],[68.911,19.058],[68.9078,19.0581],[68.9004,19.0585],[68.8991,19.0618],[68.8973,19.0672],[68.9016,19.0696],[68.9026,19.0762],[68.9035,19.0813],[68.906,19.0868],[68.9039,19.0887],[68.902,19.0941],[68.8972,19.0959],[68.892,19.0979],[68.8874,19.0971],[68.8828,19.0926],[68.8817,19.0892],[68.8793,19.0845],[68.8806,19.0826],[68.883,19.0752],[68.8847,19.0716],[68.8884,19.0676],[68.8914,19.0649],[68.8975,19.0639],[68.9016,19.0663],[68.9038,19.0709],[68.9042,19.0756],[68.9038,19.0803],[68.9042,19.0838],[68.8988,19.087],[68.8942,19.0845],[68.8901,19.0784],[68.8889,19.0747],[68.8854,19.0705],[68.8829,19.0666],[68.8748,19.0651],[68.8732,19.068],[68.8688,19.0732],[68.8667,19.0763],[68.866,19.0818],[68.8635,19.0847],[68.8588,19.0889],[68.8541,19.09],[68.8477,19.0874],[68.848,19.0827],[68.8501,19.0784],[68.8481,19.0748],[68.8494,19.068],[68.8518,19.064],[68.8558,19.0589],[68.8547,19.0556],[68.8524,19.0508],[68.8502,19.0464],[68.8489,19.0413],[68.8456,19.0381],[68.8451,19.0337],[68.8444,19.0301],[68.8442,19.0246],[68.848,19.0223],[68.85,19.0278],[68.8478,19.0301],[68.8423,19.0317],[68.8384,19.032],[68.8302,19.0349],[68.8275,19.0346],[68.8247,19.0398],[68.8266,19.0445],[68.8325,19.0478],[68.8342,19.0512],[68.8397,19.0527],[68.843,19.052],[68.8506,19.0548],[68.8557,19.0557],[68.8625,19.0579],[68.8662,19.0603],[68.8712,19.0591],[68.8763,19.0578],[68.8826,19.0558],[68.8877,19.0542],[68.8935,19.0561],[68.8982,19.0586],[68.9042,19.0586],[68.9092,19.059],[68.9145,19.0559],[68.9171,19.0522],[68.9197,19.0475],[68.9222,19.0494],[68.9299,19.0516],[68.9306,19.047],[68.9345,19.0436],[68.9365,19.04],[68.9347,19.0359],[68.9308,19.0328],[68.9274,19.0281],[68.9256,19.0244],[68.9273,19.0172],[68.929,19.0122],[68.9286,19.0059],[68.927,19.0043],[68.9243,18.9985],[68.9205,18.9943],[68.9206,18.9895],[68.9233,18.9877],[68.9255,18.9811],[68.9272,18.9767],[68.9307,18.9729],[68.9341,18.9696],[68.9391,18.966],[68.9446,18.9648],[68.9522,18.9626],[68.956,18.9614],[68.9611,18.9599],[68.962,18.9549],[68.9684,18.9532],[68.9724,18.9556],[68.9779,18.959],[68.9827,18.9613],[68.9893,18.9629],[68.9928,18.9626],[68.9989,18.9636],[69.003,18.9647],[69.005,18.9702],[69.0025,18.9732],[69.0009,18.9799],[69.003,18.9824],[69.0049,18.9864],[69.0,18.9876],[68.9922,18.9869],[68.9895,18.9849],[68.9836,18.9797],[68.9816,18.9779],[68.9812,18.9707],[68.9813,18.9658],[68.9809,18.96],[68.9801,18.9562],[68.9811,18.9497],[68.9816,18.9466],[68.9809,18.9404],[68.9813,18.9356],[68.9828,18.929],[68.9815,18.926],[68.9818,18.9195],[68.9824,18.9154],[68.9835,18.9106],[68.9874,18.9137],[68.9911,18.9161],[68.9944,18.9186],[69.0012,18.9222],[69.0036,18.926],[69.0045,18.9315],[69.0076,18.9333],[69.0148,18.9353],[69.0179,18.9376],[69.0232,18.9383],[69.0262,18.9371],[69.027,18.9304],[69.0265,18.9262],[69.0234,18.9198],[69.0232,18.916],[69.0217,18.9105],[69.0184,18.9073],[69.0178,18.9018],[69.0191,18.8981],[69.0211,18.8933],[69.0242,18.8897],[69.0305,18.8862],[69.0331,18.8864],[69.0404,18.887],[69.0426,18.8907],[69.0462,18.8945],[69.0514,18.8934],[69.0571,18.8894],[69.0573,18.8857],[69.0563,18.881],[69.0599,18.8773],[69.0668,18.8801],[69.07,18.8846],[69.073,18.8914],[69.071,18.8943],[69.0644,18.8947],[69.0627,18.8974],[69.0598,18.9031],[69.0547,18.904],[69.049,18.9045],[69.0448,18.9033],[69.0372,18.8992],[69.0329,18.8984],[69.0247,18.8963],[69.0234,18.8929],[69.0215,18.887],[69.0225,18.8829],[69.0264,18.8785],[69.0231,18.8764],[69.0196,18.8718],[69.0162,18.8695],[69.0096,18.869],[69.0059,18.8665],[69.0017,18.8628],[68.9971,18.861],[68.9908,18.8636],[68.9879,18.8648],[68.9806,18.8649],[68.9764,18.8662],[68.9692,18.869],[68.9665,18.8708],[68.9603,18.8758],[68.9586,18.8779],[68.9529,18.8819],[68.9477,18.8841],[68.9433,18.8885],[68.9398,18.8912],[68.9348,18.8919],[68.9305,18.8916],[68.9264,18.8981],[68.9246,18.9028],[68.921,18.9078],[68.9166,18.9132],[68.9104,18.9096],[68.9067,18.9079],[68.8989,18.9096],[68.8955,18.9088],[68.8887,18.9105],[68.8863,18.916],[68.8848,18.9224],[68.8845,18.9269],[68.8893,18.9285],[68.8914,18.9264],[68.8976,18.9248],[68.9007,18.9238],[68.9095,18.9233],[68.9131,18.9239],[68.9193,18.9204],[68.9219,18.9197],[68.9291,18.9226],[68.933,18.921],[68.9383,18.9192],[68.9403,18.9161],[68.946,18.9115],[68.9502,18.9095],[68.9566,18.9101],[68.9603,18.9099],[68.9651,18.9061],[68.9647,18.9012],[68.9651,18.8955],[68.9627,18.8929],[68.9599,18.8879],[68.9583,18.8833],[68.9596,18.8785],[68.9555,18.8774],[68.9493,18.8766],[68.9448,18.8766],[68.9379,18.8757],[68.9334,18.8755],[68.9283,18.8726],[68.9236,18.8724],[68.9204,18.8663],[68.9213,18.8633],[68.9256,18.8609],[68.9252,18.8571],[68.9315,18.8533],[68.9342,18.8528],[68.94,18.855],[68.9425,18.8579],[68.9492,18.8588],[68.9536,18.8575],[68.9578,18.8517],[68.9596,18.8482],[68.9553,18.8417],[68.9533,18.8379],[68.9566,18.8323],[68.9592,18.8288],[68.9569,18.8245],[68.9522,18.8227],[68.9458,18.8249],[68.9413,18.8268],[68.9344,18.825],[68.9303,18.8236],[68.9286,18.8176],[68.9286,18.813],[68.9266,18.8075],[68.924,18.8053],[68.9173,18.806],[68.9142,18.8059],[68.9113,18.8013],[68.9097,18.7966],[68.9048,18.7917],[68.9003,18.7913],[68.8927,18.7893],[68.8894,18.7935],[68.8843,18.7987],[68.879,18.8017],[68.872,18.8024],[68.8679,18.8018],[68.8612,18.8],[68.8589,18.7955],[68.8601,18.7893],[68.8621,18.7856],[68.8694,18.7813],[68.8753,18.7791],[68.8823,18.7751],[68.8862,18.7771],[68.8883,18.7835],[68.8851,18.7878],[68.8781,18.786],[68.8735,18.7853],[68.8677,18.7846],[68.8628,18.7847],[68.8553,18.7869],[68.8518,18.7882],[68.8449,18.7865],[68.841,18.7859],[68.8339,18.7868],[68.8311,18.7889],[68.826,18.7902],[68.8221,18.787],[68.8181,18.781],[68.8155,18.7767],[68.8096,18.7742],[68.8044,18.7739],[68.797,18.7766],[68.7922,18.7768],[68.7852,18.7785],[68.7809,18.7782],[68.7751,18.7773],[68.7715,18.7781],[68.7666,18.7798],[68.7645,18.7756],[68.7652,18.7702],[68.769,18.7678],[68.7694,18.7619],[68.7716,18.7587],[68.7778,18.7602],[68.7813,18.7605],[68.787,18.7631],[68.7913,18.7645],[68.797,18.7612],[68.801,18.7575],[68.8031,18.752],[68.8053,18.7498],[68.8096,18.7454],[68.8146,18.7433],[68.8163,18.7481],[68.8142,18.7509],[68.8071,18.7503],[68.8037,18.7471],[68.8001,18.7429],[68.799,18.7388],[68.7987,18.7326],[68.8011,18.7294],[68.8068,18.7298],[68.8124,18.7314],[68.8182,18.7342],[68.8213,18.7321],[68.8255,18.728],[68.8296,18.7255],[68.8349,18.7273],[68.8364,18.7311],[68.8356,18.7365],[68.8327,18.7381],[68.8335,18.7428],[68.8327,18.746],[68.8286,18.7486],[68.8251,18.7501],[68.8186,18.754],[68.8159,18.7578],[68.8158,18.7647],[68.8125,18.7684],[68.8075,18.7707],[68.805,18.7753],[68.8032,18.7801],[68.8024,18.7835],[68.8049,18.7877],[68.808,18.7901],[68.812,18.7918],[68.8169,18.795],[68.8231,18.7939],[68.8254,18.7927],[68.83,18.7883],[68.8279,18.7842],[68.8265,18.7774],[68.8269,18.7734],[68.8317,18.7677],[68.8316,18.7638],[68.8261,18.7642],[68.8223,18.765],[68.8155,18.7659],[68.8131,18.7663],[68.8056,18.767],[68.8019,18.769],[68.8003,18.7746],[68.8001,18.7794],[68.8019,18.7835],[68.8021,18.7887],[68.8023,18.7949],[68.8028,18.798],[68.8054,18.8031],[68.805,18.808],[68.8088,18.8129],[68.8129,18.8156],[68.8212,18.8159],[68.8235,18.8177],[68.8301,18.8196],[68.8342,18.8212],[68.8385,18.8237],[68.8409,18.8226],[68.8454,18.8236],[68.8478,18.8265],[68.852,18.8302],[68.856,18.8306],[68.8611,18.8273],[68.8639,18.8245],[68.8673,18.82],[68.8699,18.8165],[68.8713,18.8122],[68.8694,18.8089],[68.8634,18.8055],[68.8595,18.8053],[68.8536,18.803],[68.8495,18.8002],[68.8487,18.7938],[68.8457,18.7904],[68.8419,18.7832],[68.8393,18.7787],[68.8383,18.7725],[68.8392,18.7684],[68.8442,18.7656],[68.8492,18.7647],[68.8564,18.7637],[68.8603,18.7639],[68.8644,18.7676],[68.8648,18.7715],[68.861,18.7788],[68.8624,18.7822],[68.8687,18.7845],[68.8717,18.7858],[68.8763,18.7885],[68.8789,18.7931],[68.8861,18.7931],[68.8897,18.7902],[68.8975,18.7867],[68.9001,18.7846],[68.8991,18.7785],[68.8991,18.7751],[68.8986,18.7679],[68.9007,18.7652],[68.9066,18.7607],[68.9075,18.7569],[68.9093,18.7514],[68.9126,18.7482],[68.9179,18.7454],[68.9223,18.7431],[68.929,18.7398],[68.9316,18.7392],[68.9359,18.7351],[68.9398,18.7332],[68.9447,18.7304],[68.9486,18.7295],[68.9558,18.725],[68.9598,18.7227],[68.9666,18.7219],[68.9701,18.7232],[68.9767,18.7253],[68.9802,18.7255],[68.986,18.7238],[68.9921,18.7267],[68.9974,18.7304],[69.0017,18.7334],[69.0079,18.7369],[69.0095,18.7417],[69.0121,18.7464],[69.0132,18.7488],[69.016,18.7548],[69.0199,18.7574],[69.0262,18.759],[69.0293,18.7566],[69.0353,18.756],[69.0386,18.759],[69.0438,18.7604],[69.0481,18.7606],[69.0536,18.7564],[69.0531,18.7522],[69.0592,18.7483],[69.0633,18.7461],[69.0698,18.7422],[69.0739,18.7437],[69.0801,18.7452],[69.0845,18.7433],[69.0874,18.7364],[69.0857,18.7314],[69.0801,18.729],[69.0764,18.729],[69.0708,18.729],[69.067,18.7274],[69.065,18.722],[69.0649,18.7168],[69.0692,18.7097],[69.0734,18.7093],[69.0799,18.7116],[69.0833,18.7143],[69.088,18.7202],[69.0892,18.7237],[69.0935,18.7303],[69.0973,18.7308],[69.1036,18.7282],[69.1055,18.7246],[69.1071,18.719],[69.1062,18.7145],[69.1004,18.7109],[69.0966,18.7067],[69.095,18.7012],[69.0934,18.6959],[69.0959,18.6921],[69.0991,18.6894],[69.1049,18.6827],[69.1094,18.681],[69.1159,18.6822],[69.1202,18.682],[69.1261,18.6802],[69.132,18.679],[69.1391,18.6768],[69.1426,18.6768],[69.1472,18.6737],[69.1496,18.6711],[69.154,18.6658],[69.1591,18.6638],[69.1676,18.6635],[69.1705,18.6658],[69.1751,18.6707],[69.1737,18.6747],[69.17,18.6783],[69.1656,18.6813],[69.1621,18.6777],[69.1582,18.6744],[69.1597,18.6685],[69.16,18.6663],[69.1598,18.6577],[69.1599,18.6525],[69.1636,18.6511],[69.1662,18.6532],[69.1723,18.6532],[69.1732,18.6477],[69.172,18.6408],[69.1695,18.6395],[69.1636,18.6359],[69.1606,18.634],[69.1565,18.6297],[69.1567,18.6267],[69.1604,18.6228],[69.1618,18.6191],[69.1607,18.6129],[69.1624,18.6085],[69.1669,18.6034],[69.171,18.6017],[69.1762,18.5962],[69.1782,18.5937],[69.1855,18.5921],[69.1893,18.5913],[69.1966,18.5884],[69.2013,18.5884]]},"properties":{"mmsi":991563475,"name":"SYN-FSH-03","role":"background","vessel_type":30,"synthetic":true,"t_offset_s":[-259200,-258840,-258600,-258240,-258000,-257640,-257400,-257040,-256800,-256440,-256200,-255840,-255600,-255240,-255000,-254640,-254400,-254040,-253800,-253440,-253200,-252840,-252600,-252240,-252000,-251640,-251400,-251040,-250800,-250440,-250200,-249840,-249600,-249240,-249000,-248640,-248400,-248040,-247800,-247440,-247200,-246840,-246600,-246240,-246000,-245640,-245400,-245040,-244800,-244440,-244200,-243840,-243600,-243240,-243000,-242640,-242400,-242040,-241800,-241440,-241200,-240840,-240600,-240240,-240000,-239640,-239400,-239040,-238800,-238440,-238200,-237840,-237600,-237240,-237000,-236640,-236400,-236040,-235800,-235440,-235200,-234840,-234600,-234240,-234000,-233640,-233400,-233040,-232800,-232440,-232200,-231840,-231600,-231240,-231000,-230640,-230400,-230040,-229800,-229440,-229200,-228840,-228600,-228240,-228000,-227640,-227400,-227040,-226800,-226440,-226200,-225840,-225600,-225240,-225000,-224640,-224400,-224040,-223800,-223440,-223200,-222840,-222600,-222240,-222000,-221640,-221400,-221040,-220800,-220440,-220200,-219840,-219600,-219240,-219000,-218640,-218400,-218040,-217800,-217440,-217200,-216840,-216600,-216240,-216000,-215640,-215400,-215040,-214800,-214440,-214200,-213840,-213600,-213240,-213000,-212640,-212400,-212040,-211800,-211440,-211200,-210840,-210600,-210240,-210000,-209640,-209400,-209040,-208800,-208440,-208200,-207840,-207600,-207240,-207000,-206640,-206400,-206040,-205800,-205440,-205200,-204840,-204600,-204240,-204000,-203640,-203400,-203040,-202800,-202440,-202200,-201840,-201600,-201240,-201000,-200640,-200400,-200040,-199800,-199440,-199200,-198840,-198600,-198240,-198000,-197640,-197400,-197040,-196800,-196440,-196200,-195840,-195600,-195240,-195000,-194640,-194400,-194040,-193800,-193440,-193200,-192840,-192600,-192240,-192000,-191640,-191400,-191040,-190800,-190440,-190200,-189840,-189600,-189240,-189000,-188640,-188400,-188040,-187800,-187440,-187200,-186840,-186600,-186240,-186000,-185640,-185400,-185040,-184800,-184440,-184200,-183840,-183600,-183240,-183000,-182640,-182400,-182040,-181800,-181440,-181200,-180840,-180600,-180240,-180000,-179640,-179400,-179040,-178800,-178440,-178200,-177840,-177600,-177240,-177000,-176640,-176400,-176040,-175800,-175440,-175200,-174840,-174600,-174240,-174000,-173640,-173400,-173040,-172800,-172440,-172200,-171840,-171600,-171240,-171000,-170640,-170400,-170040,-169800,-169440,-169200,-168840,-168600,-168240,-168000,-167640,-167400,-167040,-166800,-166440,-166200,-165840,-165600,-165240,-165000,-164640,-164400,-164040,-163800,-163440,-163200,-162840,-162600,-162240,-162000,-161640,-161400,-161040,-160800,-160440,-160200,-159840,-159600,-159240,-159000,-158640,-158400,-158040,-157800,-157440,-157200,-156840,-156600,-156240,-156000,-155640,-155400,-155040,-154800,-154440,-154200,-153840,-153600,-153240,-153000,-152640,-152400,-152040,-151800,-151440,-151200,-150840,-150600,-150240,-150000,-149640,-149400,-149040,-148800,-148440,-148200,-147840,-147600,-147240,-147000,-146640,-146400,-146040,-145800,-145440,-145200,-144840,-144600,-144240,-144000,-143640,-143400,-143040,-142800,-142440,-142200,-141840,-141600,-141240,-141000,-140640,-140400,-140040,-139800,-139440,-139200,-138840,-138600,-138240,-138000,-137640,-137400,-137040,-136800,-136440,-136200,-135840,-135600,-135240,-135000,-134640,-134400,-134040,-133800,-133440,-133200,-132840,-132600,-132240,-132000,-131640,-131400,-131040,-130800,-130440,-130200,-129840,-129600,-129240,-129000,-128640,-128400,-128040,-127800,-127440,-127200,-126840,-126600,-126240,-126000,-125640,-125400,-125040,-124800,-124440,-124200,-123840,-123600,-123240,-123000,-122640,-122400,-122040,-121800,-121440,-121200,-120840,-120600,-120240,-120000,-119640,-119400,-119040,-118800,-118440,-118200,-117840,-117600,-117240,-117000,-116640,-116400,-116040,-115800,-115440,-115200,-114840,-114600,-114240,-114000,-113640,-113400,-113040,-112800,-112440,-112200,-111840,-111600,-111240,-111000,-110640,-110400,-110040,-109800,-109440,-109200,-108840,-108600,-108240,-108000,-107640,-107400,-107040,-106800,-106440,-106200,-105840,-105600,-105240,-105000,-104640,-104400,-104040,-103800,-103440,-103200,-102840,-102600,-102240,-102000,-101640,-101400,-101040,-100800,-100440,-100200,-99840,-99600,-99240,-99000,-98640,-98400,-98040,-97800,-97440,-97200,-96840,-96600,-96240,-96000,-95640,-95400,-95040,-94800,-94440,-94200,-93840,-93600,-93240,-93000,-92640,-92400,-92040,-91800,-91440,-91200,-90840,-90600,-90240,-90000,-89640,-89400,-89040,-88800,-88440,-88200,-87840,-87600,-87240,-87000,-86640,-86400,-86040,-85800,-85440,-85200,-84840,-84600,-84240,-84000,-83640,-83400,-83040,-82800,-82440,-82200,-81840,-81600,-81240,-81000,-80640,-80400,-80040,-79800,-79440,-79200,-78840,-78600,-78240,-78000,-77640,-77400,-77040,-76800,-76440,-76200,-75840,-75600,-75240,-75000,-74640,-74400,-74040,-73800,-73440,-73200,-72840,-72600,-72240,-72000,-71640,-71400,-71040,-70800,-70440,-70200,-69840,-69600,-69240,-69000,-68640,-68400,-68040,-67800,-67440,-67200,-66840,-66600,-66240,-66000,-65640,-65400,-65040,-64800,-64440,-64200,-63840,-63600,-63240,-63000,-62640,-62400,-62040,-61800,-61440,-61200,-60840,-60600,-60240,-60000,-59640,-59400,-59040,-58800,-58440,-58200,-57840,-57600,-57240,-57000,-56640,-56400,-56040,-55800,-55440,-55200,-54840,-54600,-54240,-54000,-53640,-53400,-53040,-52800,-52440,-52200,-51840,-51600,-51240,-51000,-50640,-50400,-50040,-49800,-49440,-49200,-48840,-48600,-48240,-48000,-47640,-47400,-47040,-46800,-46440,-46200,-45840,-45600,-45240,-45000,-44640,-44400,-44040,-43800,-43440,-43200,-42840,-42600,-42240,-42000,-41640,-41400,-41040,-40800,-40440,-40200,-39840,-39600,-39240,-39000,-38640,-38400,-38040,-37800,-37440,-37200,-36840,-36600,-36240,-36000,-35640,-35400,-35040,-34800,-34440,-34200,-33840,-33600,-33240,-33000,-32640,-32400,-32040,-31800,-31440,-31200,-30840,-30600,-30240,-30000,-29640,-29400,-29040,-28800,-28440,-28200,-27840,-27600,-27240,-27000,-26640,-26400,-26040,-25800,-25440,-25200,-24840,-24600,-24240,-24000,-23640,-23400,-23040,-22800,-22440,-22200,-21840,-21600,-21240,-21000,-20640,-20400,-20040,-19800,-19440,-19200,-18840,-18600,-18240,-18000,-17640,-17400,-17040,-16800,-16440,-16200,-15840,-15600,-15240,-15000,-14640,-14400,-14040,-13800,-13440,-13200,-12840,-12600,-12240,-12000,-11640,-11400,-11040,-10800,-10440,-10200,-9840,-9600,-9240,-9000,-8640,-8400,-8040,-7800,-7440,-7200,-6840,-6600,-6240,-6000,-5640,-5400,-5040,-4800,-4440,-4200,-3840,-3600,-3240,-3000,-2640,-2400,-2040,-1800,-1440,-1200,-840,-600,-240,0,360,600,960,1200,1560,1800,2160,2400,2760,3000,3360,3600,3960,4200,4560,4800,5160,5400,5760,6000,6360,6600,6960,7200,7560,7800,8160,8400,8760,9000,9360,9600,9960,10200,10560,10800,11160,11400,11760,12000,12360,12600,12960,13200,13560,13800,14160,14400,14760,15000,15360,15600,15960,16200,16560,16800,17160,17400,17760,18000,18360,18600,18960,19200,19560,19800,20160,20400,20760,21000,21360,21600,21960,22200,22560,22800,23160,23400,23760,24000,24360,24600,24960,25200,25560,25800,26160,26400,26760,27000,27360,27600,27960,28200,28560,28800,29160,29400,29760,30000,30360,30600,30960,31200,31560,31800,32160,32400,32760,33000,33360,33600,33960,34200,34560,34800,35160,35400,35760,36000,36360,36600,36960,37200,37560,37800,38160,38400,38760,39000,39360,39600,39960,40200,40560,40800,41160,41400,41760,42000,42360,42600,42960,43200,43560,43800,44160,44400,44760,45000,45360,45600,45960,46200,46560,46800,47160,47400,47760,48000,48360,48600,48960,49200,49560,49800,50160,50400,50760,51000,51360,51600,51960,52200,52560,52800,53160,53400,53760,54000,54360,54600,54960,55200,55560,55800,56160,56400,56760,57000,57360,57600,57960,58200,58560,58800,59160,59400,59760,60000,60360,60600,60960,61200,61560,61800,62160,62400,62760,63000,63360,63600,63960,64200,64560,64800,65160,65400,65760,66000,66360,66600,66960,67200,67560,67800,68160,68400,68760,69000,69360,69600,69960,70200,70560,70800,71160,71400,71760,72000,72360,72600,72960,73200,73560,73800,74160,74400,74760,75000,75360,75600,75960,76200,76560,76800,77160,77400,77760,78000,78360,78600,78960,79200,79560,79800,80160,80400,80760,81000,81360,81600,81960,82200,82560,82800,83160,83400,83760,84000,84360,84600,84960,85200,85560,85800,86160,86400],"sog":[2.7,4.4,4.0,4.5,4.3,5.1,4.3,5.0,1.1,5.5,4.9,4.2,2.5,5.3,4.9,6.2,3.5,5.9,4.8,3.4,3.9,4.7,3.6,1.2,4.7,4.0,4.7,4.7,3.5,1.9,4.8,4.3,5.2,3.9,4.1,3.3,5.2,5.7,5.0,3.9,3.4,3.6,6.3,4.7,4.8,5.0,3.1,4.5,2.5,2.6,3.7,3.2,4.9,4.7,4.1,3.4,4.0,4.4,2.8,4.7,4.0,2.5,4.3,3.4,4.6,4.6,4.6,5.4,3.7,4.9,4.4,5.3,4.4,4.2,3.6,3.8,3.1,3.9,5.1,2.5,3.4,3.6,4.5,3.6,4.2,2.3,2.4,4.8,3.9,5.0,3.0,4.9,3.2,4.1,2.5,3.5,4.5,4.5,4.1,3.6,6.0,4.3,3.7,3.7,4.3,4.5,2.8,5.6,4.6,4.5,3.6,4.7,4.2,4.9,5.1,5.6,4.3,3.2,5.7,5.0,3.8,4.4,2.8,3.2,2.1,3.3,3.6,4.7,4.0,5.3,2.8,2.9,3.1,4.0,3.4,5.3,3.8,4.5,3.5,4.3,3.3,4.9,5.3,4.9,4.7,2.6,2.9,4.9,4.9,3.2,4.6,4.4,5.0,5.6,2.1,4.3,2.0,2.9,3.7,2.8,2.6,2.5,4.4,3.3,3.3,5.8,3.4,3.9,2.7,4.7,1.9,2.1,3.8,5.7,2.9,3.5,4.4,3.4,5.0,3.9,5.6,5.0,3.8,2.6,2.5,3.9,4.7,3.9,3.9,4.6,5.0,4.3,3.9,4.2,4.8,2.5,4.4,6.0,3.1,4.0,4.7,3.6,5.1,4.6,3.6,3.7,5.6,3.7,4.2,4.1,4.8,3.6,5.7,3.7,4.9,5.7,4.2,5.5,3.9,3.5,3.9,4.3,4.4,3.3,3.8,4.2,3.4,4.3,3.4,2.3,2.5,4.4,3.7,4.4,3.5,5.5,4.7,2.3,3.2,3.2,3.3,3.8,4.6,4.9,3.3,3.2,2.9,3.0,3.9,2.6,2.5,3.9,3.5,4.7,4.1,2.9,2.6,4.1,2.5,4.9,3.4,4.0,2.9,3.1,3.1,5.7,3.3,4.7,1.9,4.0,4.1,3.2,2.6,1.3,3.7,2.7,3.7,3.3,4.6,5.4,4.2,2.9,3.7,5.1,4.7,6.4,5.0,4.8,3.1,5.3,4.0,5.3,5.2,3.5,3.7,4.6,3.9,3.5,4.2,2.9,3.2,4.7,3.2,4.7,1.8,4.8,3.7,4.9,3.9,4.2,3.0,3.7,3.8,5.3,3.7,4.4,3.0,2.9,3.9,3.7,3.0,4.2,4.0,5.2,2.1,4.1,4.7,2.9,3.6,4.2,4.3,5.2,5.9,4.4,4.4,3.8,3.5,4.5,3.4,3.8,1.4,3.6,4.5,3.3,3.7,4.6,3.5,3.9,3.6,3.1,3.5,2.3,3.4,4.5,2.1,2.3,4.0,4.0,4.4,4.1,3.5,4.5,3.6,3.9,2.7,3.8,5.1,4.2,3.8,4.7,2.0,5.3,5.9,5.2,3.3,2.6,4.5,4.6,4.1,5.4,6.4,3.9,4.4,3.2,2.7,3.8,4.7,4.5,3.5,2.8,4.8,2.1,5.2,5.9,2.7,7.1,3.6,4.6,3.1,2.5,4.2,3.3,3.9,3.3,3.3,4.7,3.0,3.5,4.3,4.3,4.8,4.1,2.2,4.0,6.0,2.8,2.8,3.5,2.1,5.6,3.6,5.3,3.6,2.6,3.4,3.9,5.1,3.9,4.2,4.8,5.7,2.6,5.9,4.4,4.1,5.4,2.3,3.9,4.0,2.8,4.4,3.4,5.3,5.3,2.6,5.7,3.6,2.5,5.1,4.6,2.8,2.5,4.7,4.2,2.5,5.8,4.5,2.8,4.0,5.2,4.2,3.0,1.8,3.2,3.5,4.8,4.4,3.1,3.4,3.1,3.8,2.8,4.9,3.9,4.5,5.3,4.1,4.1,4.8,3.9,3.6,3.2,2.9,4.6,4.5,2.6,3.9,4.1,4.6,4.6,2.5,2.9,3.3,3.1,3.7,3.4,3.4,4.1,2.8,3.8,3.5,3.2,3.4,3.1,2.1,4.5,3.1,2.6,2.8,3.9,4.0,5.1,4.0,3.6,5.3,6.0,2.0,2.8,4.3,3.7,3.0,4.9,3.9,3.4,5.3,4.4,1.7,4.4,4.9,4.3,4.4,4.4,3.7,3.8,4.4,5.0,3.8,4.2,4.3,4.1,3.9,3.3,4.1,4.5,3.4,2.3,4.0,5.7,4.9,6.2,3.5,2.4,4.3,4.2,3.5,4.7,3.4,3.6,4.6,3.0,2.9,4.4,3.3,2.1,4.1,2.6,4.0,4.1,5.0,5.9,4.4,4.6,3.9,4.6,3.7,5.4,2.5,4.8,5.3,5.4,5.2,3.1,4.4,4.4,4.2,3.4,4.2,4.8,2.6,6.4,4.4,3.6,5.8,4.9,3.7,3.5,1.7,4.0,3.9,2.5,5.3,4.8,4.7,3.9,2.4,3.5,4.2,3.4,4.4,4.5,3.4,3.3,3.1,4.7,3.4,2.9,3.8,4.6,4.9,3.2,4.1,4.6,2.2,3.4,4.9,4.0,3.2,5.1,4.5,4.2,2.0,4.3,1.4,3.5,3.5,3.7,5.6,4.3,3.4,3.6,2.6,4.0,3.4,2.7,4.0,3.4,5.2,2.8,4.9,2.4,2.1,3.6,3.7,3.8,1.9,3.0,2.4,5.6,3.3,3.9,3.6,4.7,2.6,3.4,3.1,5.1,4.5,4.1,3.6,3.0,3.9,3.5,5.0,2.9,4.6,3.4,4.5,3.3,4.2,2.3,3.2,3.2,3.3,2.7,2.8,3.1,4.5,2.2,4.8,4.8,4.8,2.8,1.8,5.4,4.0,3.6,1.6,2.1,4.4,4.7,3.5,2.6,4.1,4.3,3.1,4.3,5.9,4.5,4.2,3.5,5.2,4.6,2.0,3.4,2.5,3.6,3.1,5.1,2.3,3.5,4.3,5.2,3.0,5.4,2.9,4.6,2.7,2.6,4.2,4.0,2.4,4.8,5.0,5.6,2.1,4.0,3.2,1.8,3.2,1.1,4.5,4.6,4.2,3.5,3.5,5.4,2.8,3.4,3.3,4.5,3.4,4.5,3.3,2.8,4.6,3.5,3.7,2.8,3.8,4.6,3.2,4.6,5.0,3.4,4.3,4.5,4.4,2.8,4.4,3.3,5.5,3.6,3.1,3.9,3.9,3.4,3.8,2.0,4.7,4.9,4.9,5.0,2.8,4.3,4.5,1.8,5.2,2.4,3.6,3.9,4.5,2.5,4.1,4.5,3.6,6.3,3.8,3.9,3.9,4.3,2.5,4.7,4.0,4.0,3.5,3.4,3.4,4.3,4.8,4.0,6.3,4.4,3.9,3.3,2.3,5.1,5.0,6.3,3.6,3.9,2.0,3.9,3.1,5.5,2.8,3.5,2.2,4.7,4.0,3.8,2.7,4.9,5.3,3.4,4.4,3.5,2.6,3.4,2.4,3.3,4.9,4.2,4.0,2.5,4.0,3.4,4.0,3.7,2.6,5.7,3.5,2.9,3.8,5.0,2.6,2.0,3.2,4.3,4.2,4.8,4.3,4.5,4.2,3.3,3.4,3.7,4.3,3.6,5.6,4.1,4.3,1.7,4.4,2.6,4.0,3.1,3.7,2.3,5.7,4.0,3.6,4.0,4.9,4.8,4.4,3.0,4.0,4.3,4.7,4.4,4.2,4.7,5.5,5.8,2.3,3.6,5.0,4.6,3.5,3.3,2.8,3.8,3.6,4.2,3.4,4.2,4.2,2.7,2.6,5.9,5.0,3.2,5.0,3.8,4.8,3.1,4.7,5.2,4.0,3.7,4.2,4.0,3.3,2.2,3.9,2.8,2.8,3.1,3.5,6.4,4.9,5.8,3.1,3.4,4.2,5.0,2.7,4.3,4.5,3.4,3.4,3.1,3.7,4.2,4.9,4.9,2.0,2.6,4.8,4.3,3.5,3.4,1.9,3.5,3.0,3.8,3.0,4.0,4.0,4.4,4.2,2.9,4.8,1.6,3.2,2.2,3.6,3.2,5.3,3.9,2.9,3.0,3.7,3.5,4.7,5.3,4.3,3.1,4.0,5.6,3.4,3.1,3.9,4.5,3.8,3.3,5.1,2.6,3.2,2.4,4.6,5.2,3.5,5.0,1.8,3.7,3.8,3.3,1.3,1.9,3.3,3.9,2.9,4.8,2.5,3.4,3.7,2.2,3.6,3.5,2.8,5.0,3.8,3.6,4.4,3.7,4.3,4.0,2.9,3.1,5.3,3.5,3.1,4.7,2.0,6.2,2.3,2.8,2.9,2.7,4.0,4.8,4.0,4.9,3.3,2.1,3.2,3.5,3.6,3.5,3.2,3.2,4.4,4.0,5.2,4.5,2.4,4.7,3.6,4.6,4.2,5.6,4.9,6.0,2.6,6.2,3.0,2.4,6.6,3.2,5.4,4.9,5.2,3.2,2.0,2.5,4.7,2.7,2.3,3.1,4.0,4.4,3.1,3.3,3.7,3.8,3.9,4.5,4.9,4.7,3.8,5.0,4.4,2.3,2.2,3.3,3.3,2.9,2.6,6.8,4.0,5.5,2.9,4.2,3.0,4.0,2.7,3.3,5.3,4.5,6.5,5.2,4.2,3.2,6.0,3.3,3.1,4.9,4.9,4.8,3.7,3.0,6.2,5.0,0.7,3.2,4.2,2.8,3.8,4.7,4.0,4.9,4.1,2.6,3.6,3.9,6.1,4.3,1.8,5.0,4.0,3.0,4.0,2.7,5.8,4.2,1.9,4.6,3.9,3.9,2.9,1.4,4.0,3.1,3.3,5.1,4.8,4.7,2.7,3.0,3.6,4.1,2.8]}},{"type":"Feature","geometry":{"type":"LineString","coordinates":[[68.9831,17.594],[68.984,17.6134],[68.9846,17.626],[68.9858,17.6443],[68.987,17.6572],[68.9879,17.676],[68.9881,17.6884],[68.9882,17.7072],[68.9886,17.7202],[68.9888,17.7393],[68.989,17.7517],[68.9896,17.7709],[68.9898,17.7837],[68.9901,17.8023],[68.9906,17.8152],[68.9904,17.835],[68.9905,17.8472],[68.9896,17.8667],[68.9893,17.8793],[68.9889,17.8979],[68.9885,17.911],[68.9875,17.9301],[68.9869,17.9427],[68.9863,17.9618],[68.9858,17.9744],[68.9851,17.9928],[68.9838,18.0053],[68.9827,18.0238],[68.9818,18.0367],[68.98,18.0555],[68.9788,18.0681],[68.9774,18.087],[68.9757,18.0995],[68.9739,18.1184],[68.972,18.1308],[68.97,18.149],[68.9682,18.1618],[68.9658,18.1812],[68.9643,18.1932],[68.9624,18.2117],[68.9611,18.2242],[68.9593,18.2427],[68.9579,18.2548],[68.9567,18.2737],[68.9555,18.286],[68.9537,18.3051],[68.9523,18.3178],[68.95,18.3364],[68.9486,18.3487],[68.946,18.3679],[68.9441,18.3809],[68.9408,18.3996],[68.9392,18.4126],[68.9363,18.4311],[68.9343,18.4433],[68.9317,18.462],[68.9293,18.4743],[68.9262,18.4931],[68.9236,18.5051],[68.9197,18.5241],[68.9177,18.5366],[68.9141,18.5549],[68.9111,18.5672],[68.9066,18.5856],[68.9041,18.5979],[68.8992,18.6166],[68.8963,18.6291],[68.8919,18.6477],[68.8889,18.66],[68.8847,18.6792],[68.8818,18.6922],[68.8784,18.7104],[68.8759,18.7225],[68.8715,18.7417],[68.8689,18.7541],[68.8649,18.7723],[68.8618,18.7845],[68.8575,18.8036],[68.8547,18.8156],[68.8502,18.8345],[68.8475,18.8464],[68.843,18.8645],[68.8396,18.8769],[68.8349,18.8948],[68.8314,18.9069],[68.8258,18.925],[68.8223,18.9375],[68.8166,18.9557],[68.8123,18.9675],[68.8068,18.986],[68.8027,18.9979],[68.7968,19.0168],[68.793,19.0286],[68.7874,19.0468],[68.7834,19.0595],[68.7778,19.0773],[68.7739,19.0894],[68.7685,19.108],[68.7649,19.1203],[68.7597,19.1381],[68.7557,19.1499],[68.7505,19.1685],[68.7465,19.1807],[68.7407,19.1984],[68.737,19.2112],[68.7316,19.2293],[68.728,19.2414],[68.7232,19.2597],[68.7202,19.2722],[68.7152,19.2908],[68.7122,19.3031],[68.7081,19.3222],[68.7047,19.335],[68.7007,19.3536],[68.6978,19.3664],[68.6942,19.3853],[68.6919,19.3974],[68.6879,19.4158],[68.6857,19.4287],[68.6819,19.4476],[68.6797,19.4595],[68.6762,19.4774],[68.6734,19.4899],[68.6701,19.5088],[68.668,19.5211],[68.665,19.5398],[68.6628,19.5526],[68.6594,19.5715],[68.657,19.584],[68.6537,19.6029],[68.6517,19.6154],[68.6488,19.6343],[68.6467,19.6471],[68.6445,19.6651],[68.6424,19.678],[68.6396,19.6972],[68.6382,19.7097],[68.6353,19.7287],[68.6338,19.741],[68.6315,19.76],[68.6297,19.7724],[68.6272,19.7917],[68.6257,19.8039],[68.6235,19.8236],[68.622,19.8359],[68.62,19.8553],[68.6184,19.8679],[68.6163,19.8872],[68.6151,19.8992],[68.6132,19.9178],[68.6116,19.9305],[68.6097,19.9499],[68.6079,19.9625],[68.6056,19.9814],[68.6041,19.9936],[68.6017,20.0121],[68.5999,20.0247],[68.5977,20.0434],[68.5963,20.0555],[68.5936,20.074],[68.592,20.0869],[68.589,20.1061],[68.5871,20.1183],[68.584,20.1372],[68.582,20.1501],[68.5789,20.1691],[68.5772,20.1824],[68.5746,20.2015],[68.5725,20.2141],[68.5698,20.2329],[68.5683,20.2453],[68.5657,20.2647],[68.5643,20.2777],[68.5615,20.2958],[68.5597,20.3084],[68.5565,20.3275],[68.5541,20.3395],[68.5502,20.3584],[68.5477,20.3709],[68.5433,20.3895],[68.5401,20.4022],[68.5359,20.4205],[68.5326,20.4327],[68.5281,20.4511],[68.5246,20.4639],[68.52,20.4825],[68.5173,20.4949],[68.5122,20.514],[68.5084,20.5266],[68.5037,20.5452],[68.5002,20.5579],[68.4958,20.5769],[68.493,20.589],[68.489,20.6068],[68.4865,20.6195],[68.4822,20.6377],[68.4797,20.6498],[68.4758,20.6687],[68.4733,20.681],[68.4695,20.7002],[68.4668,20.7126],[68.4628,20.731],[68.4599,20.7439],[68.4556,20.7625],[68.4523,20.775],[68.448,20.7934],[68.4451,20.8059],[68.4401,20.8244],[68.4366,20.8368],[68.4314,20.8555],[68.4281,20.8675],[68.4231,20.8862],[68.4198,20.8983],[68.4147,20.917],[68.4111,20.93],[68.4068,20.9479],[68.4038,20.9605],[68.3997,20.9791],[68.3968,20.9917],[68.3925,21.0102],[68.3897,21.0222],[68.3852,21.0407],[68.3817,21.0531],[68.3773,21.0717],[68.3746,21.0839],[68.3692,21.1023],[68.3661,21.1149],[68.3612,21.1334],[68.3577,21.1452],[68.3529,21.1635],[68.3493,21.1756],[68.3438,21.194],[68.3399,21.2056],[68.3345,21.2238],[68.3306,21.2359],[68.3242,21.2546],[68.3203,21.2666],[68.3144,21.2851],[68.3105,21.2971],[68.3053,21.3153],[68.3013,21.3278],[68.2953,21.3457],[68.2909,21.3582],[68.2854,21.3763],[68.2812,21.3881],[68.2753,21.4066],[68.2708,21.4185],[68.2647,21.4364],[68.2609,21.4483],[68.2546,21.4664],[68.2507,21.4784],[68.2443,21.4965],[68.2396,21.5087],[68.2332,21.527],[68.2288,21.5386],[68.2221,21.5567],[68.2172,21.5683],[68.2103,21.5863],[68.2058,21.5978],[68.1982,21.6155],[68.1934,21.6271],[68.1855,21.6452],[68.1802,21.657],[68.1726,21.6743],[68.1675,21.6866],[68.1601,21.7047],[68.1561,21.7165],[68.149,21.7343],[68.1445,21.7458],[68.1376,21.7639],[68.1326,21.776],[68.1259,21.794],[68.121,21.8057],[68.1139,21.8236],[68.1088,21.8354],[68.1015,21.8537],[68.0964,21.8658],[68.0889,21.8832],[68.0836,21.8947],[68.075,21.9117],[68.0697,21.9232],[68.0607,21.9405],[68.0552,21.9523],[68.0466,21.9692],[68.041,21.9806],[68.0318,21.9976]]},"properties":{"mmsi":991908754,"name":"SYN-TAN-24","role":"candidate","vessel_type":80,"synthetic":true,"t_offset_s":[-215693,-215333,-215093,-214733,-214493,-214133,-213893,-213533,-213293,-212933,-212693,-212333,-212093,-211733,-211493,-211133,-210893,-210533,-210293,-209933,-209693,-209333,-209093,-208733,-208493,-208133,-207893,-207533,-207293,-206933,-206693,-206333,-206093,-205733,-205493,-205133,-204893,-204533,-204293,-203933,-203693,-203333,-203093,-202733,-202493,-202133,-201893,-201533,-201293,-200933,-200693,-200333,-200093,-199733,-199493,-199133,-198893,-198533,-198293,-197933,-197693,-197333,-197093,-196733,-196493,-196133,-195893,-195533,-195293,-194933,-194693,-194333,-194093,-193733,-193493,-193133,-192893,-192533,-192293,-191933,-191693,-191333,-191093,-190733,-190493,-190133,-189893,-189533,-189293,-188933,-188693,-188333,-188093,-187733,-187493,-187133,-186893,-186533,-186293,-185933,-185693,-185333,-185093,-184733,-184493,-184133,-183893,-183533,-183293,-182933,-182693,-182333,-182093,-181733,-181493,-181133,-180893,-180533,-180293,-179933,-179693,-179333,-179093,-178733,-178493,-178133,-177893,-177533,-177293,-176933,-176693,-176333,-176093,-175733,-175493,-175133,-174893,-174533,-174293,-173933,-173693,-173333,-173093,-172733,-172493,-172133,-171893,-171533,-171293,-170933,-170693,-170333,-170093,-169733,-169493,-169133,-168893,-168533,-168293,-167933,-167693,-167333,-167093,-166733,-166493,-166133,-165893,-165533,-165293,-164933,-164693,-164333,-164093,-163733,-163493,-163133,-162893,-162533,-162293,-161933,-161693,-161333,-161093,-160733,-160493,-160133,-159893,-159533,-159293,-158933,-158693,-158333,-158093,-157733,-157493,-157133,-156893,-156533,-156293,-155933,-155693,-155333,-155093,-154733,-154493,-154133,-153893,-153533,-153293,-152933,-152693,-152333,-152093,-151733,-151493,-151133,-150893,-150533,-150293,-149933,-149693,-149333,-149093,-148733,-148493,-148133,-147893,-147533,-147293,-146933,-146693,-146333,-146093,-145733,-145493,-145133,-144893,-144533,-144293,-143933,-143693,-143333,-143093,-142733,-142493,-142133,-141893,-141533,-141293,-140933,-140693,-140333,-140093,-139733,-139493,-139133,-138893,-138533,-138293,-137933,-137693,-137333,-137093,-136733,-136493,-136133,-135893,-135533,-135293,-134933,-134693,-134333,-134093,-133733,-133493,-133133,-132893,-132533,-132293,-131933,-131693,-131333,-131093,-130733,-130493,-130133],"sog":[10.8,11.2,11.5,11.7,11.5,11.4,11.4,11.4,11.6,11.3,11.6,11.5,11.3,11.3,11.6,11.7,11.1,11.7,11.0,11.2,11.5,11.7,11.2,11.0,11.6,10.9,11.3,10.6,12.1,11.5,11.6,11.0,11.6,11.2,10.9,11.3,11.5,12.0,11.1,11.2,11.5,11.0,11.4,10.9,11.0,11.1,11.1,11.1,11.0,11.6,11.7,11.4,11.7,11.2,11.1,11.2,11.1,11.2,11.3,11.6,11.4,11.1,11.3,11.0,11.6,11.3,11.4,11.3,11.3,11.5,11.6,11.4,11.4,11.7,11.3,11.6,11.0,11.6,11.2,11.5,11.2,11.1,11.3,11.1,11.2,11.1,11.6,11.6,11.2,11.8,12.0,11.8,11.0,11.3,12.0,11.3,11.1,11.3,11.3,10.7,11.0,11.3,11.8,11.0,11.6,11.1,10.9,11.4,11.1,11.6,11.7,11.3,11.7,11.3,11.7,11.4,11.1,11.6,11.7,11.4,11.2,11.0,11.4,11.4,11.2,11.6,11.2,11.3,11.6,11.6,11.2,11.3,11.6,11.1,11.2,11.4,11.5,11.7,11.1,11.2,11.6,11.4,11.2,11.7,11.2,11.7,11.0,11.7,10.8,11.1,11.5,11.8,11.4,11.3,11.4,11.1,11.8,10.7,11.1,11.3,11.6,11.8,11.3,11.6,11.1,11.2,12.1,11.4,11.1,11.3,11.3,11.3,11.7,11.1,11.4,11.3,11.0,11.9,11.4,11.9,12.0,10.4,11.7,11.4,11.2,11.2,11.6,11.9,11.8,11.5,11.6,11.8,11.5,10.7,11.3,10.9,10.9,11.1,11.8,12.1,11.2,10.8,11.5,11.9,11.8,11.3,11.5,11.7,11.5,11.5,11.3,11.9,11.1,11.4,11.5,11.1,11.4,11.1,11.8,11.1,10.6,11.3,11.2,11.6,11.4,11.4,11.1,11.2,11.2,11.2,10.8,11.3,10.8,11.4,11.5,11.8,11.5,12.1,11.4,11.7,11.1,11.6,11.4,11.8,11.1,11.3,11.6,11.1,11.5,11.2,11.2,11.5,12.0,11.7,11.1,11.4,11.1,11.5,11.2,11.3,11.2,11.8,11.2,11.7,11.7,11.6,11.1,10.9,11.5,11.6,11.6,11.6,11.1,11.8,11.3,11.6,11.6,11.4,11.3,11.3,11.4,12.0,12.0,11.1,11.5,11.6]}},{"type":"Feature","geometry":{"type":"LineString","coordinates":[[70.0518,16.3542],[70.0584,16.3567],[70.0714,16.3626],[70.0912,16.3712],[70.1046,16.3766],[70.1246,16.3851],[70.1377,16.3906],[70.1575,16.3994],[70.1706,16.4048],[70.1899,16.4132],[70.2034,16.4184],[70.223,16.4268],[70.236,16.4319],[70.2566,16.4403],[70.2697,16.4457],[70.2892,16.454],[70.303,16.4594],[70.3221,16.4677],[70.3355,16.4736],[70.3555,16.482],[70.3683,16.4877],[70.3878,16.4967],[70.4011,16.5022],[70.4205,16.5105],[70.4336,16.5172],[70.4534,16.5256],[70.4666,16.5316],[70.4857,16.5404],[70.499,16.5459],[70.5183,16.5555],[70.5309,16.5616],[70.5504,16.5706],[70.5629,16.576],[70.5822,16.5841],[70.5957,16.5898],[70.6154,16.5983],[70.6288,16.6033],[70.6493,16.6117],[70.6627,16.6168],[70.6827,16.6239],[70.6963,16.629],[70.7171,16.6355],[70.7308,16.6399],[70.7513,16.6464],[70.7653,16.6507],[70.7857,16.6572],[70.7993,16.6617],[70.8199,16.6684],[70.8336,16.6724],[70.8542,16.679],[70.8679,16.6828],[70.8885,16.6898],[70.9024,16.6941],[70.922,16.7006],[70.9357,16.7057],[70.9561,16.7129],[70.9692,16.7176],[70.9896,16.725],[71.0025,16.7298],[71.0232,16.7371],[71.0367,16.7421],[71.057,16.7495],[71.0703,16.7543],[71.0905,16.7618],[71.1042,16.7662],[71.1245,16.7731],[71.1384,16.7781],[71.1585,16.7855],[71.1722,16.7905],[71.1927,16.798],[71.2066,16.8024],[71.2261,16.8094],[71.2397,16.8141],[71.2603,16.8212],[71.2737,16.8261],[71.294,16.8328],[71.3078,16.8373],[71.3281,16.8435],[71.3416,16.8475],[71.3625,16.8543],[71.376,16.8586],[71.3963,16.8649],[71.4102,16.8693],[71.4309,16.876],[71.4447,16.8808],[71.4651,16.8876],[71.4778,16.8919],[71.4983,16.8986],[71.5117,16.9031],[71.532,16.9093],[71.5451,16.9137],[71.5661,16.9202],[71.5799,16.9245],[71.6005,16.9311],[71.6139,16.9356],[71.6345,16.9424],[71.6483,16.9473],[71.6684,16.9548],[71.6819,16.9594],[71.7023,16.9668],[71.7161,16.9715],[71.7362,16.9782],[71.7498,16.9827],[71.7699,16.9894],[71.7839,16.994],[71.8044,17.0008],[71.8185,17.0059],[71.8387,17.0131],[71.8524,17.0178],[71.8725,17.0253],[71.8865,17.0297],[71.9066,17.0374],[71.9198,17.0419],[71.9394,17.0499],[71.9527,17.0553],[71.9729,17.0633],[71.9863,17.0683],[72.0063,17.0761],[72.0196,17.0814],[72.0398,17.0891],[72.0535,17.0942],[72.0734,17.102],[72.0862,17.1065],[72.1071,17.1139],[72.1205,17.1192],[72.1409,17.1264],[72.1547,17.1316],[72.1742,17.1389],[72.1881,17.1441],[72.2079,17.1516],[72.2211,17.1565],[72.2417,17.1645],[72.2548,17.1696],[72.275,17.1778],[72.2883,17.183],[72.308,17.1915],[72.3214,17.1964],[72.3412,17.2047],[72.354,17.2099],[72.3741,17.2185],[72.3876,17.2244],[72.4072,17.2327],[72.4202,17.2386],[72.4398,17.2471],[72.4529,17.2528],[72.4728,17.2613],[72.4861,17.2667],[72.5057,17.2756],[72.5183,17.282],[72.537,17.2911],[72.55,17.2976],[72.5696,17.3072],[72.5828,17.3141],[72.6022,17.3238],[72.6151,17.3302],[72.6343,17.3394],[72.6472,17.3458],[72.6659,17.3545],[72.679,17.361],[72.6987,17.3702],[72.7114,17.3762],[72.7307,17.3855],[72.7432,17.3919],[72.7627,17.4015],[72.7751,17.4077],[72.7946,17.4174],[72.8074,17.4238],[72.8265,17.433],[72.8392,17.44],[72.8576,17.4498],[72.87,17.4567],[72.8887,17.4666],[72.9015,17.4736],[72.9198,17.4841],[72.9321,17.4907],[72.9509,17.5007],[72.9637,17.5075],[72.9821,17.5179],[72.9943,17.5246],[73.013,17.5357],[73.0253,17.543],[73.0434,17.5538],[73.0557,17.5617],[73.0738,17.5727],[73.0864,17.5802],[73.1059,17.5906],[73.1179,17.5978],[73.1361,17.6083]]},"properties":{"mmsi":992088483,"name":"SYN-CAR-23","role":"candidate","vessel_type":70,"synthetic":true,"t_offset_s":[-97815,-97695,-97455,-97095,-96855,-96495,-96255,-95895,-95655,-95295,-95055,-94695,-94455,-94095,-93855,-93495,-93255,-92895,-92655,-92295,-92055,-91695,-91455,-91095,-90855,-90495,-90255,-89895,-89655,-89295,-89055,-88695,-88455,-88095,-87855,-87495,-87255,-86895,-86655,-86295,-86055,-85695,-85455,-85095,-84855,-84495,-84255,-83895,-83655,-83295,-83055,-82695,-82455,-82095,-81855,-81495,-81255,-80895,-80655,-80295,-80055,-79695,-79455,-79095,-78855,-78495,-78255,-77895,-77655,-77295,-77055,-76695,-76455,-76095,-75855,-75495,-75255,-74895,-74655,-74295,-74055,-73695,-73455,-73095,-72855,-72495,-72255,-71895,-71655,-71295,-71055,-70695,-70455,-70095,-69855,-69495,-69255,-68895,-68655,-68295,-68055,-67695,-67455,-67095,-66855,-66495,-66255,-65895,-65655,-65295,-65055,-64695,-64455,-64095,-63855,-63495,-63255,-62895,-62655,-62295,-62055,-61695,-61455,-61095,-60855,-60495,-60255,-59895,-59655,-59295,-59055,-58695,-58455,-58095,-57855,-57495,-57255,-56895,-56655,-56295,-56055,-55695,-55455,-55095,-54855,-54495,-54255,-53895,-53655,-53295,-53055,-52695,-52455,-52095,-51855,-51495,-51255,-50895,-50655,-50295,-50055,-49695,-49455,-49095,-48855,-48495,-48255,-47895,-47655,-47295,-47055,-46695,-46455,-46095,-45855,-45495,-45255,-44895,-44655,-44295,-44055,-43695,-43455,-43095,-42855,-42495,-42255,-41895],"sog":[12.7,12.4,12.4,12.8,12.9,12.4,12.4,12.7,12.2,12.3,12.8,12.4,12.2,12.8,11.9,12.7,12.8,12.3,12.3,12.5,11.9,12.6,12.4,12.5,12.6,12.1,12.7,12.4,12.2,12.7,12.4,12.8,11.7,12.4,12.3,12.1,12.6,12.3,12.6,12.4,12.7,12.6,12.2,12.5,12.6,12.6,12.5,12.7,12.4,12.1,12.2,12.5,12.3,12.0,11.7,12.4,12.6,12.5,12.1,12.6,12.4,12.4,12.2,12.1,12.5,13.1,12.7,12.2,12.8,12.7,12.5,12.0,12.3,12.1,12.9,12.8,12.4,12.2,12.5,12.2,12.3,12.2,12.5,12.6,12.6,11.9,11.9,11.9,12.5,12.5,12.3,12.9,12.0,12.5,12.5,12.5,12.2,12.7,12.4,12.2,12.0,12.0,12.3,12.2,12.5,12.3,12.9,12.6,12.2,12.4,12.6,12.8,12.6,12.4,11.9,12.6,12.4,12.3,12.4,12.7,12.5,12.2,12.1,12.7,12.7,12.5,12.5,12.6,12.4,12.5,12.5,12.3,12.3,12.8,13.0,12.4,12.3,12.1,12.2,12.4,12.6,12.2,12.5,12.5,12.2,12.2,12.3,12.9,12.1,12.0,12.8,13.0,12.4,13.1,12.9,12.7,12.6,12.1,12.4,12.6,12.4,12.5,12.4,12.2,12.0,12.9,12.8,12.3,12.0,11.8,12.2,12.0,12.2,12.3,12.0,12.0,12.2,12.3,12.4,12.3,12.2,12.0,12.6,12.3,13.0,12.4,12.4,12.0]}},{"type":"Feature","geometry":{"type":"LineString","coordinates":[[70.854,17.788],[70.8492,17.7853],[70.8384,17.7797],[70.8221,17.7715],[70.8122,17.7659],[70.7955,17.7572],[70.785,17.7511],[70.7689,17.7424],[70.7589,17.7368],[70.7429,17.7278],[70.7319,17.7218],[70.7158,17.7136],[70.705,17.7079],[70.6892,17.6991],[70.6785,17.6932],[70.663,17.685],[70.6526,17.6795],[70.6369,17.6709],[70.6264,17.6654],[70.6103,17.6567],[70.5999,17.6506],[70.5838,17.6421],[70.5733,17.636],[70.5576,17.6275],[70.547,17.6213],[70.5312,17.6133],[70.5209,17.6077],[70.5045,17.5988],[70.4939,17.5935],[70.4779,17.5849],[70.4676,17.5793],[70.452,17.5714],[70.4414,17.5661],[70.4248,17.5575],[70.4143,17.5519],[70.398,17.5439],[70.3876,17.5382],[70.3718,17.5302],[70.3604,17.5243],[70.3441,17.5161],[70.3329,17.5107],[70.3174,17.5028],[70.3065,17.4973],[70.2912,17.4891],[70.2803,17.4842],[70.2637,17.4762],[70.2531,17.4712],[70.2363,17.4632],[70.2253,17.458],[70.209,17.4505],[70.1979,17.445],[70.1813,17.4373],[70.1705,17.4324],[70.1542,17.4245],[70.1433,17.4196],[70.1268,17.4123],[70.1156,17.4073],[70.0988,17.4001],[70.0878,17.3955],[70.0712,17.3883],[70.0599,17.3838],[70.0437,17.377],[70.0328,17.3728],[70.0157,17.3661],[70.0049,17.3615],[69.9882,17.3545],[69.9775,17.3495],[69.9614,17.3425],[69.9504,17.3373],[69.9342,17.3287],[69.9237,17.3235],[69.9079,17.3154],[69.8967,17.3101],[69.8809,17.302],[69.8699,17.2964],[69.854,17.2879],[69.8431,17.2823],[69.8274,17.2739],[69.8163,17.268],[69.8009,17.2595],[69.7906,17.2538],[69.7756,17.2451],[69.765,17.2388],[69.7487,17.2299],[69.7382,17.2239],[69.7222,17.2151],[69.7119,17.2087],[69.6966,17.2005],[69.6864,17.1949],[69.6702,17.186],[69.6596,17.1804],[69.6439,17.1714],[69.6339,17.1656],[69.6183,17.156],[69.608,17.1493],[69.5926,17.1405],[69.5825,17.134],[69.5672,17.1246],[69.5567,17.1181],[69.5411,17.1089],[69.5309,17.1028],[69.5152,17.0936],[69.5045,17.0873],[69.4893,17.0785],[69.479,17.0726],[69.4626,17.064],[69.4521,17.0579],[69.4358,17.0493],[69.4255,17.0435],[69.409,17.0344],[69.3984,17.0283],[69.3816,17.0194],[69.3708,17.0135],[69.3547,17.0046],[69.344,16.9985],[69.3284,16.99],[69.3181,16.9841],[69.3018,16.9755],[69.2914,16.9704],[69.2749,16.9616],[69.2644,16.9565],[69.2483,16.9482],[69.2376,16.9433],[69.2212,16.9346],[69.2106,16.9289],[69.1949,16.9204],[69.1851,16.9151],[69.1692,16.9065],[69.1592,16.9005],[69.1436,16.8912],[69.1331,16.8855],[69.1175,16.8771],[69.1065,16.8714],[69.0907,16.8633],[69.0799,16.8572],[69.0637,16.8488],[69.053,16.8432],[69.0369,16.8348],[69.0266,16.8288],[69.0107,16.8198],[69.0007,16.8138],[68.9851,16.8049],[68.9739,16.799],[68.9586,16.7906],[68.9485,16.7846],[68.9325,16.7761],[68.9224,16.7701],[68.9067,16.7612],[68.8966,16.7553],[68.8806,16.7458],[68.8699,16.7395],[68.8543,16.7298],[68.8442,16.7234],[68.8293,16.7134],[68.8199,16.7067],[68.8051,16.6963],[68.795,16.6892],[68.7806,16.6795],[68.7704,16.6728],[68.7551,16.6629],[68.7446,16.6565],[68.7291,16.6469],[68.7189,16.6409],[68.704,16.6315],[68.694,16.6249],[68.6784,16.6152],[68.6679,16.6093],[68.6524,16.6001],[68.642,16.5938],[68.6266,16.5845],[68.616,16.5789],[68.6003,16.5701],[68.5903,16.5639],[68.5745,16.5547],[68.5644,16.5488],[68.5482,16.5398],[68.5374,16.5332],[68.522,16.5242],[68.5119,16.5186],[68.4964,16.5097],[68.4854,16.5031],[68.4698,16.4942],[68.4594,16.4884],[68.4436,16.4793],[68.433,16.4729],[68.4175,16.4635],[68.4074,16.4577],[68.3922,16.4483],[68.3823,16.442],[68.3675,16.4317],[68.3576,16.4253],[68.3427,16.4146],[68.3329,16.408],[68.3184,16.3981],[68.3085,16.3909],[68.2932,16.3809],[68.2835,16.3739],[68.2685,16.364],[68.2583,16.3571],[68.2434,16.3477],[68.233,16.3411],[68.2173,16.3318],[68.2074,16.3254],[68.1924,16.3162],[68.1816,16.3098],[68.1659,16.3007],[68.1557,16.2949],[68.1409,16.2856],[68.1301,16.279],[68.1146,16.2704],[68.1042,16.2642],[68.0889,16.2551],[68.0788,16.2492],[68.0629,16.2396],[68.0522,16.2333],[68.0369,16.224],[68.0267,16.2176],[68.0113,16.2082],[68.0007,16.2016],[67.985,16.1922],[67.9741,16.1861],[67.9593,16.1769],[67.949,16.171],[67.9338,16.1616],[67.9234,16.1557],[67.9075,16.1465],[67.8973,16.1408],[67.8815,16.1318],[67.8715,16.1256],[67.8558,16.1165],[67.8454,16.1103],[67.8303,16.1008],[67.8197,16.0942],[67.8053,16.0853],[67.7953,16.0793],[67.7799,16.0696],[67.77,16.0635],[67.7545,16.0545],[67.7445,16.048],[67.7293,16.0385],[67.7192,16.0323],[67.7035,16.0229],[67.6934,16.0165],[67.679,16.0072],[67.6687,16.0007],[67.6535,15.9909],[67.6436,15.9844],[67.6277,15.9747],[67.6181,15.9678],[67.6027,15.9583],[67.5926,15.9521],[67.5774,15.9424],[67.5672,15.9362],[67.552,15.926],[67.5416,15.9192],[67.5265,15.9093],[67.5164,15.9026],[67.5014,15.8928],[67.4909,15.8868],[67.4756,15.877],[67.4653,15.8707],[67.4499,15.861],[67.4391,15.8547],[67.4236,15.8451],[67.4135,15.8389],[67.3979,15.8297],[67.3872,15.8233],[67.3726,15.8139],[67.3624,15.808],[67.3473,15.7981],[67.3369,15.7917],[67.3222,15.7819],[67.3117,15.7757],[67.2959,15.7664],[67.2859,15.7601],[67.2703,15.7503],[67.2602,15.7442],[67.2447,15.735],[67.2346,15.7284],[67.2192,15.7192],[67.2086,15.7131],[67.1934,15.7032],[67.183,15.6973],[67.1678,15.6879],[67.1575,15.6812],[67.1421,15.6716],[67.1319,15.6653],[67.1164,15.6555],[67.1066,15.6493],[67.0904,15.6399],[67.0806,15.6339],[67.0653,15.6249],[67.0548,15.6188],[67.0393,15.6099],[67.0287,15.6033],[67.0133,15.5939],[67.0035,15.5876],[66.9881,15.5781],[66.9773,15.5713],[66.962,15.5615],[66.952,15.5557],[66.9376,15.546],[66.9274,15.5389],[66.9113,15.529],[66.9016,15.5225],[66.8866,15.5124],[66.8765,15.5059],[66.8619,15.4955],[66.8516,15.489],[66.8367,15.4788],[66.8273,15.4725],[66.8119,15.4625],[66.802,15.4561],[66.7873,15.4473],[66.7776,15.4407],[66.7624,15.4316],[66.7524,15.4254],[66.7363,15.4155],[66.7262,15.4094],[66.7104,15.4005],[66.7001,15.394],[66.6844,15.3851],[66.6737,15.3786],[66.6581,15.3693],[66.6481,15.3636],[66.6325,15.3544],[66.6225,15.3481],[66.6071,15.3389],[66.5969,15.3326],[66.5818,15.3232],[66.5716,15.3167],[66.5559,15.3074],[66.5462,15.3014],[66.5306,15.2915],[66.5208,15.2858],[66.5055,15.2758],[66.495,15.2691],[66.4799,15.2599],[66.4695,15.2537],[66.4542,15.2438],[66.4445,15.2379],[66.4285,15.2279],[66.4183,15.2212],[66.4028,15.212],[66.3923,15.2052],[66.3774,15.1961],[66.3679,15.1896],[66.352,15.1795],[66.3423,15.1734],[66.3278,15.1639],[66.3181,15.1571],[66.303,15.147],[66.2928,15.14],[66.2781,15.13],[66.2679,15.1231],[66.2524,15.1127],[66.2425,15.1058],[66.2276,15.0957],[66.2179,15.0894],[66.2035,15.0795],[66.1928,15.0729],[66.1785,15.0635],[66.1682,15.057],[66.1531,15.0474],[66.1432,15.0409],[66.1278,15.0317],[66.1176,15.0256],[66.1017,15.0162],[66.0912,15.0099],[66.0757,15.0008],[66.0651,14.9946],[66.0497,14.9857],[66.039,14.9793],[66.0242,14.9706],[66.0138,14.9645],[65.998,14.9556],[65.9881,14.9502],[65.9722,14.9413],[65.9618,14.9355],[65.9458,14.9272],[65.9351,14.9211],[65.9185,14.9131],[65.9081,14.9079],[65.8924,14.8999],[65.8815,14.8941],[65.866,14.8853],[65.8553,14.88],[65.8391,14.871],[65.8285,14.8653],[65.8129,14.8573],[65.8019,14.8512],[65.7858,14.8424],[65.7748,14.8363],[65.7586,14.828],[65.7483,14.8222],[65.7319,14.8145],[65.7211,14.8091],[65.7051,14.8011],[65.6944,14.7954],[65.6774,14.7877],[65.666,14.7823],[65.6503,14.7751],[65.639,14.7699],[65.6223,14.7619],[65.611,14.7565],[65.5947,14.7481],[65.584,14.7425],[65.5681,14.7341],[65.5576,14.7282],[65.5413,14.7201],[65.5301,14.7149],[65.5142,14.7073],[65.503,14.7023]]},"properties":{"mmsi":992427866,"name":"SYN-CAR-16","role":"candidate","vessel_type":70,"synthetic":true,"t_offset_s":[-91801,-91681,-91441,-91081,-90841,-90481,-90241,-89881,-89641,-89281,-89041,-88681,-88441,-88081,-87841,-87481,-87241,-86881,-86641,-86281,-86041,-85681,-85441,-85081,-84841,-84481,-84241,-83881,-83641,-83281,-83041,-82681,-82441,-82081,-81841,-81481,-81241,-80881,-80641,-80281,-80041,-79681,-79441,-79081,-78841,-78481,-78241,-77881,-77641,-77281,-77041,-76681,-76441,-76081,-75841,-75481,-75241,-74881,-74641,-74281,-74041,-73681,-73441,-73081,-72841,-72481,-72241,-71881,-71641,-71281,-71041,-70681,-70441,-70081,-69841,-69481,-69241,-68881,-68641,-68281,-68041,-67681,-67441,-67081,-66841,-66481,-66241,-65881,-65641,-65281,-65041,-64681,-64441,-64081,-63841,-63481,-63241,-62881,-62641,-62281,-62041,-61681,-61441,-61081,-60841,-60481,-60241,-59881,-59641,-59281,-59041,-58681,-58441,-58081,-57841,-57481,-57241,-56881,-56641,-56281,-56041,-55681,-55441,-55081,-54841,-54481,-54241,-53881,-53641,-53281,-53041,-52681,-52441,-52081,-51841,-51481,-51241,-50881,-50641,-50281,-50041,-49681,-49441,-49081,-48841,-48481,-48241,-47881,-47641,-47281,-47041,-46681,-46441,-46081,-45841,-45481,-45241,-44881,-44641,-44281,-44041,-43681,-43441,-43081,-42841,-42481,-42241,-41881,-41641,-41281,-41041,-40681,-40441,-40081,-39841,-39481,-39241,-38881,-38641,-38281,-38041,-37681,-37441,-37081,-36841,-36481,-36241,-35881,-35641,-35281,-35041,-34681,-34441,-34081,-33841,-33481,-33241,-32881,-32641,-32281,-32041,-31681,-31441,-31081,-30841,-30481,-30241,-29881,-29641,-29281,-29041,-28681,-28441,-28081,-27841,-27481,-27241,-26881,-26641,-26281,-26041,-25681,-25441,-25081,-24841,-24481,-24241,-23881,-23641,-23281,-23041,-22681,-22441,-22081,-21841,-21481,-21241,-20881,-20641,-20281,-20041,-19681,-19441,-19081,-18841,-18481,-18241,-17881,-17641,-17281,-17041,-16681,-16441,-16081,-15841,-15481,-15241,-14881,-14641,-14281,-14041,-13681,-13441,-13081,-12841,-12481,-12241,-11881,-11641,-11281,-11041,-10681,-10441,-10081,-9841,-9481,-9241,-8881,-8641,-8281,-8041,-7681,-7441,-7081,-6841,-6481,-6241,-5881,-5641,-5281,-5041,-4681,-4441,-4081,-3841,-3481,-3241,-2881,-2641,-2281,-2041,-1681,-1441,-1081,-841,-481,-241,119,359,719,959,1319,1559,1919,2159,2519,2759,3119,3359,3719,3959,4319,4559,4919,5159,5519,5759,6119,6359,6719,6959,7319,7559,7919,8159,8519,8759,9119,9359,9719,9959,10319,10559,10919,11159,11519,11759,12119,12359,12719,12959,13319,13559,13919,14159,14519,14759,15119,15359,15719,15959,16319,16559,16919,17159,17519,17759,18119,18359,18719,18959,19319,19559,19919,20159,20519,20759,21119,21359,21719,21959,22319,22559,22919,23159,23519,23759,24119,24359,24719,24959,25319,25559,25919,26159,26519,26759,27119,27359,27719,27959,28319,28559,28919,29159,29519,29759,30119,30359,30719,30959,31319,31559],"sog":[9.9,10.6,10.5,10.3,9.6,10.8,9.9,10.6,10.2,10.8,10.9,10.5,10.7,10.6,10.5,10.5,10.3,10.4,10.5,11.1,10.7,10.3,10.0,10.8,10.7,9.9,10.4,10.7,10.3,10.0,10.0,10.3,10.5,10.6,10.2,10.7,10.0,10.7,10.8,10.4,10.7,10.0,10.5,10.2,10.2,11.2,10.4,10.3,10.8,10.7,10.9,10.7,10.1,10.1,10.4,10.2,10.6,10.8,10.2,10.4,10.4,10.2,10.3,11.0,10.5,10.2,10.5,10.1,10.6,10.7,10.5,10.2,10.8,10.8,10.2,10.3,10.3,10.7,11.1,10.5,10.2,10.6,10.5,10.4,10.0,10.7,10.5,10.4,10.1,10.5,9.8,10.8,10.1,10.5,10.5,10.6,10.3,10.4,10.5,10.3,10.4,10.3,10.9,10.1,10.2,10.8,10.9,10.6,10.2,10.8,10.3,11.1,10.9,10.9,10.8,10.8,9.8,10.4,10.2,10.6,10.4,10.4,9.8,10.6,10.2,10.3,9.6,9.8,10.8,10.2,10.5,10.3,10.3,10.3,11.0,10.6,10.5,10.8,10.1,10.4,10.5,10.6,10.9,10.2,10.4,10.3,10.7,10.6,10.2,10.7,10.8,11.2,10.2,10.2,10.6,10.6,10.7,10.9,10.7,10.5,10.3,10.6,10.5,9.8,10.9,10.8,10.4,10.7,10.5,10.1,10.6,10.5,10.3,10.7,10.4,10.5,10.8,10.6,10.5,10.5,11.0,10.8,10.4,11.1,10.4,11.1,10.1,10.3,10.4,10.7,10.0,10.3,10.3,10.8,11.0,10.9,10.4,10.5,10.7,10.6,11.0,11.0,10.1,10.3,10.9,10.6,9.9,10.6,11.0,9.7,11.0,10.8,10.2,11.1,10.4,10.4,10.2,10.8,10.9,10.3,10.6,10.5,10.8,10.4,10.5,10.5,10.4,10.8,10.6,11.0,10.5,10.3,10.7,10.0,10.4,10.7,10.2,10.2,10.5,10.3,10.4,10.7,10.4,10.0,10.5,10.3,10.7,10.5,10.3,10.3,10.0,10.4,10.5,10.4,10.4,11.0,10.8,10.4,10.3,10.2,10.7,10.7,11.1,10.5,10.4,10.6,10.6,10.2,10.2,10.1,10.6,10.2,10.2,10.7,10.5,10.4,10.0,10.6,10.4,10.4,10.2,10.3,10.4,10.8,10.5,10.6,10.6,10.7,10.7,11.1,9.6,10.2,10.6,10.3,10.2,10.6,10.3,10.5,11.0,10.0,9.9,10.7,10.7,10.8,10.4,10.7,10.5,10.6,10.7,11.1,9.9,10.8,10.5,10.0,11.0,10.7,10.4,11.3,10.8,10.7,10.3,10.4,10.9,10.4,10.6,10.5,10.3,10.6,10.3,10.4,10.2,10.9,10.3,10.5,10.4,10.4,10.6,10.0,10.6,10.6,10.2,10.6,10.8,10.5,10.7,9.9,10.4,10.6,10.4,9.9,10.3,10.6,11.0,10.2,10.2,11.2,10.5,10.2,10.5,10.8,10.7,10.1,10.2,10.2,10.6,10.2,11.0,10.3,11.0,10.1,10.8,10.4,10.2,10.6,10.4,10.4,10.3,10.4,10.5,10.8,10.4,10.6,10.7,10.2,10.9,10.5,10.3,10.9,10.8,10.3,11.0,10.8,10.7,10.6,10.2,10.6,10.2,10.9,10.5,10.9,10.6,10.5,10.5,11.0,10.7,10.6,10.9,10.4,10.7,10.9,10.6,10.7,10.4]}},{"type":"Feature","geometry":{"type":"LineString","coordinates":[[71.3732,18.0782],[71.3871,18.0862],[71.4079,18.0974],[71.4218,18.1051],[71.4425,18.1161],[71.4568,18.1236],[71.4781,18.1339],[71.4922,18.141],[71.5136,18.1514],[71.5273,18.1586],[71.5488,18.1687],[71.563,18.1756],[71.584,18.1857],[71.5985,18.1926],[71.6198,18.2025],[71.6344,18.2086],[71.6554,18.218],[71.6698,18.2245],[71.6913,18.234],[71.7059,18.241],[71.7274,18.2499],[71.7422,18.2563],[71.7638,18.2652],[71.7784,18.271],[71.8005,18.2801],[71.8148,18.2863],[71.8366,18.2957],[71.8512,18.3023],[71.8728,18.3123],[71.8873,18.3184],[71.9086,18.3283],[71.9231,18.3351],[71.9445,18.3452],[71.9583,18.3512],[71.98,18.361],[71.9945,18.367],[72.0166,18.3764],[72.0308,18.3824],[72.0524,18.3913],[72.067,18.3976],[72.0887,18.4068],[72.1031,18.4126],[72.1248,18.4211],[72.1395,18.4277],[72.1613,18.4366],[72.1766,18.4426],[72.1988,18.4519],[72.2139,18.4577],[72.236,18.4665],[72.2502,18.4722],[72.2729,18.4811],[72.2878,18.4869],[72.3097,18.4953],[72.3249,18.501],[72.3465,18.5091],[72.3613,18.5148],[72.3831,18.5229],[72.3978,18.5281],[72.4203,18.5358],[72.4352,18.5412],[72.458,18.5499],[72.4732,18.5554],[72.4954,18.5643],[72.5102,18.5703],[72.5325,18.5787],[72.5472,18.5841],[72.5696,18.5924],[72.5845,18.598],[72.6072,18.6064],[72.6217,18.6121],[72.6436,18.6208],[72.6585,18.627],[72.6806,18.6361],[72.6948,18.6421],[72.7167,18.6511],[72.7314,18.6574],[72.7533,18.6667],[72.7681,18.6727],[72.7901,18.6812],[72.8043,18.6872],[72.8258,18.6962],[72.8404,18.7021],[72.8625,18.7107],[72.9889,18.7575]]},"properties":{"mmsi":992470172,"name":"SYN-CAR-22","role":"candidate","vessel_type":70,"synthetic":true,"t_offset_s":[-81217,-80977,-80617,-80377,-80017,-79777,-79417,-79177,-78817,-78577,-78217,-77977,-77617,-77377,-77017,-76777,-76417,-76177,-75817,-75577,-75217,-74977,-74617,-74377,-74017,-73777,-73417,-73177,-72817,-72577,-72217,-71977,-71617,-71377,-71017,-70777,-70417,-70177,-69817,-69577,-69217,-68977,-68617,-68377,-68017,-67777,-67417,-67177,-66817,-66577,-66217,-65977,-65617,-65377,-65017,-64777,-64417,-64177,-63817,-63577,-63217,-62977,-62617,-62377,-62017,-61777,-61417,-61177,-60817,-60577,-60217,-59977,-59617,-59377,-59017,-58777,-58417,-58177,-57817,-57577,-57217,-56977,-56617,-54577],"sog":[14.4,14.0,13.9,14.0,13.3,13.8,13.6,13.6,13.6,13.4,13.9,13.4,14.2,14.1,13.9,13.6,13.8,13.6,13.4,13.9,13.5,13.5,13.7,13.8,13.8,13.4,13.8,14.1,13.7,13.4,13.5,13.6,13.8,13.4,13.4,13.6,14.1,13.3,13.6,14.0,13.6,13.5,13.7,14.2,13.8,13.9,13.8,14.1,13.8,13.6,13.8,14.1,13.1,13.8,13.4,13.8,13.5,13.3,13.9,13.8,14.3,13.7,13.7,13.7,13.5,13.9,13.7,13.8,13.6,13.8,13.6,13.8,13.7,13.8,13.7,13.9,14.1,13.5,13.5,13.2,13.8,13.4,13.9,13.4]}},{"type":"Feature","geometry":{"type":"LineString","coordinates":[[69.125,18.7692],[69.1238,18.7548],[69.1227,18.734],[69.1221,18.72],[69.1206,18.6995],[69.1196,18.685],[69.1179,18.664],[69.1168,18.6497],[69.1148,18.6291],[69.1134,18.6148],[69.1113,18.5938],[69.1099,18.5798],[69.1077,18.5592],[69.1066,18.5448],[69.1049,18.5239],[69.1034,18.5097],[69.102,18.4884],[69.1005,18.4743],[69.099,18.4526],[69.0974,18.4381],[69.0949,18.4169],[69.0939,18.4036],[69.0918,18.3832],[69.0904,18.3691],[69.088,18.3488],[69.0857,18.3347],[69.0828,18.3135],[69.081,18.3],[69.0778,18.2784],[69.0757,18.2641],[69.0729,18.2432],[69.0706,18.229],[69.0675,18.2085],[69.0661,18.1942],[69.0636,18.1732],[69.0623,18.1594],[69.0601,18.1383],[69.0587,18.1245],[69.0562,18.1037],[69.0547,18.0898],[69.0528,18.0688],[69.0515,18.0543],[69.0492,18.0329],[69.0478,18.0192],[69.0452,17.9976],[69.0436,17.9842],[69.0403,17.9629],[69.0385,17.949],[69.0359,17.9281],[69.0337,17.914],[69.0311,17.8928],[69.0297,17.8787],[69.0269,17.8576],[69.0253,17.8432],[69.0231,17.8227],[69.0217,17.8081],[69.0195,17.7876],[69.0184,17.7731],[69.016,17.7522],[69.0154,17.7374],[69.0133,17.716],[69.0119,17.702],[69.01,17.6818],[69.0088,17.6678],[69.007,17.6467],[69.0063,17.6325],[69.0043,17.6118],[69.0034,17.598],[69.0018,17.577],[69.0012,17.563],[68.9996,17.5414],[68.9984,17.5276],[68.9961,17.5066],[68.9949,17.4925],[68.9929,17.4719],[68.9922,17.4583],[68.9907,17.4374],[68.9892,17.4234],[68.9878,17.4026],[68.9866,17.3887],[68.9846,17.368],[68.9833,17.3537],[68.9814,17.3332],[68.9799,17.3192],[68.9781,17.298],[68.977,17.284],[68.9746,17.2629],[68.9731,17.2494],[68.971,17.2281],[68.9698,17.2144],[68.9681,17.1931],[68.9674,17.1794],[68.9661,17.1584],[68.965,17.1449],[68.9639,17.1233],[68.9633,17.1093],[68.962,17.0883],[68.9612,17.0748],[68.9603,17.0537],[68.9601,17.0393],[68.9591,17.0179],[68.9585,17.004],[68.9581,16.9827],[68.9578,16.9689],[68.957,16.9476],[68.9571,16.9336],[68.9566,16.9129],[68.9564,16.8985],[68.9562,16.8775],[68.9556,16.8635],[68.955,16.8426],[68.9542,16.8289],[68.954,16.8079],[68.9533,16.7937],[68.9531,16.7727],[68.953,16.759],[68.9521,16.7376],[68.9522,16.7232],[68.9514,16.7025],[68.9512,16.6887],[68.9511,16.6679],[68.9508,16.6535],[68.9512,16.6327],[68.9512,16.6188],[68.9512,16.5969],[68.9518,16.583],[68.9524,16.5622],[68.9536,16.5482],[68.9542,16.5269],[68.9547,16.5132],[68.9554,16.4919],[68.9558,16.4776],[68.9573,16.457],[68.9581,16.4431],[68.9593,16.4222],[68.9599,16.4086],[68.961,16.3871],[68.9619,16.3737],[68.9629,16.3525],[68.9637,16.339],[68.9648,16.3175],[68.9654,16.3036],[68.9663,16.2823],[68.9665,16.2683],[68.9677,16.2473],[68.9686,16.2333],[68.9697,16.2124],[68.9706,16.1987],[68.9716,16.1783],[68.972,16.1639],[68.9734,16.1432],[68.9742,16.1287],[68.9751,16.1076],[68.976,16.0944],[68.9766,16.0728],[68.9771,16.0588],[68.9774,16.0374],[68.9779,16.0233],[68.979,16.0023],[68.9796,15.9882],[68.9808,15.9679],[68.9822,15.9536],[68.9834,15.9319],[68.9844,15.9182],[68.9852,15.8973],[68.9867,15.8836],[68.9888,15.8629],[68.9899,15.8488],[68.9914,15.8275],[68.9921,15.8131],[68.9936,15.7931],[68.9945,15.7792],[68.9961,15.7578],[68.9975,15.743],[68.999,15.7223],[69.0004,15.7084],[69.0024,15.6876],[69.0032,15.6736],[69.0048,15.6524],[69.006,15.6386],[69.0072,15.6179],[69.0081,15.6039],[69.009,15.5826],[69.0095,15.569],[69.0103,15.5482],[69.0112,15.534],[69.0122,15.5136],[69.0131,15.4991],[69.0139,15.4778],[69.0147,15.4641],[69.0157,15.4432],[69.0162,15.4291],[69.0175,15.4073],[69.0183,15.3935],[69.0188,15.3722],[69.0194,15.3583],[69.02,15.337],[69.0206,15.323],[69.0206,15.3023],[69.0209,15.2879],[69.0208,15.2669],[69.0211,15.2531],[69.0208,15.2319],[69.0207,15.2177],[69.0204,15.1967],[69.0198,15.183],[69.0188,15.1624],[69.0178,15.1481],[69.0162,15.1272],[69.0153,15.1133],[69.0136,15.0923],[69.0125,15.0788],[69.0106,15.058],[69.0094,15.0441],[69.0073,15.0233],[69.0064,15.0095],[69.005,14.9881],[69.0043,14.9741],[69.0031,14.9525],[69.0024,14.9391],[69.001,14.9189],[69.0,14.9044],[68.9985,14.8836],[68.997,14.8693],[68.9954,14.8479],[68.9941,14.8335],[68.9918,14.8124],[68.9901,14.7991],[68.9876,14.7781],[68.9859,14.7641],[68.9829,14.7435],[68.9812,14.7293],[68.9791,14.7087],[68.9773,14.6945],[68.9749,14.674],[68.973,14.6594],[68.9699,14.6382],[68.9687,14.6241],[68.9655,14.6038],[68.9634,14.5901],[68.9606,14.5686],[68.9591,14.5547],[68.9567,14.5338],[68.955,14.52],[68.9525,14.4988],[68.9501,14.4846],[68.9472,14.4642],[68.9452,14.4503],[68.9424,14.4297],[68.9402,14.4158],[68.9375,14.3949],[68.9352,14.3809],[68.9322,14.3598],[68.9301,14.3453],[68.9261,14.3244],[68.9238,14.311],[68.9199,14.2903],[68.9179,14.2763],[68.9144,14.2561],[68.9124,14.2421],[68.9093,14.2217],[68.9072,14.2083],[68.9042,14.187],[68.9021,14.1726],[68.8991,14.1521],[68.8974,14.1378],[68.8953,14.1178],[68.8938,14.1038],[68.8914,14.083],[68.8899,14.0689],[68.8869,14.0474],[68.8856,14.0334],[68.8824,14.012],[68.8805,13.9984],[68.8778,13.9775],[68.8758,13.9641],[68.8727,13.9428],[68.8709,13.929],[68.8681,13.9083],[68.8661,13.8942],[68.8634,13.8731],[68.8612,13.8591],[68.8586,13.8391],[68.8565,13.8248],[68.8537,13.8042],[68.8518,13.7901],[68.8488,13.7695],[68.847,13.7554],[68.8441,13.7347],[68.8418,13.7207],[68.838,13.7004],[68.8357,13.6866],[68.8322,13.6659],[68.8301,13.652],[68.826,13.6308],[68.8241,13.6173],[68.8212,13.5964],[68.8191,13.5826],[68.8168,13.5621],[68.8151,13.5484],[68.8124,13.528],[68.8102,13.5144],[68.8073,13.4939],[68.8052,13.4801],[68.803,13.4596],[68.8013,13.4457],[68.7987,13.4257],[68.7965,13.4119],[68.794,13.3912],[68.7925,13.377],[68.7895,13.3559],[68.7872,13.3422],[68.7844,13.3216],[68.7816,13.3079],[68.7783,13.2865],[68.7758,13.2725],[68.7722,13.2517],[68.7702,13.238],[68.767,13.2176],[68.765,13.204],[68.7617,13.1829],[68.7593,13.1689],[68.7553,13.1477],[68.7528,13.1339],[68.7493,13.1132],[68.747,13.0995],[68.7435,13.0784],[68.7409,13.0643],[68.7366,13.0433],[68.7337,13.0296],[68.729,13.0089],[68.7258,12.9949],[68.721,12.9742],[68.7177,12.96],[68.7127,12.9391],[68.7097,12.9257],[68.7052,12.9045],[68.7027,12.8906],[68.6986,12.8699],[68.696,12.8558],[68.6919,12.8348],[68.6893,12.8211],[68.6858,12.7999],[68.6835,12.7855],[68.6799,12.7645],[68.6781,12.7505],[68.6749,12.7299],[68.6728,12.7165],[68.6698,12.6959],[68.6682,12.6818],[68.6654,12.6609],[68.6631,12.6476],[68.6601,12.6274],[68.6579,12.6137],[68.6548,12.5928],[68.6522,12.5787],[68.6491,12.5577],[68.6468,12.5438],[68.6436,12.523],[68.6414,12.5093],[68.6381,12.488],[68.6363,12.4739],[68.6327,12.4531],[68.6306,12.4394],[68.6276,12.4181],[68.6255,12.4037],[68.6227,12.3833],[68.6206,12.3699],[68.6173,12.349],[68.6154,12.3355],[68.6124,12.3142],[68.6103,12.3],[68.6078,12.2796],[68.6057,12.2659],[68.6026,12.245],[68.6004,12.2307],[68.5973,12.2103],[68.5952,12.1961],[68.5921,12.1748],[68.59,12.1614],[68.5874,12.14],[68.5858,12.1259],[68.583,12.1053],[68.581,12.0909],[68.5792,12.07],[68.578,12.0558],[68.576,12.0346],[68.5751,12.0209]]},"properties":{"mmsi":992968722,"name":"SYN-CAR-12","role":"candidate","vessel_type":70,"synthetic":true,"t_offset_s":[-163733,-163493,-163133,-162893,-162533,-162293,-161933,-161693,-161333,-161093,-160733,-160493,-160133,-159893,-159533,-159293,-158933,-158693,-158333,-158093,-157733,-157493,-157133,-156893,-156533,-156293,-155933,-155693,-155333,-155093,-154733,-154493,-154133,-153893,-153533,-153293,-152933,-152693,-152333,-152093,-151733,-151493,-151133,-150893,-150533,-150293,-149933,-149693,-149333,-149093,-148733,-148493,-148133,-147893,-147533,-147293,-146933,-146693,-146333,-146093,-145733,-145493,-145133,-144893,-144533,-144293,-143933,-143693,-143333,-143093,-142733,-142493,-142133,-141893,-141533,-141293,-140933,-140693,-140333,-140093,-139733,-139493,-139133,-138893,-138533,-138293,-137933,-137693,-137333,-137093,-136733,-136493,-136133,-135893,-135533,-135293,-134933,-134693,-134333,-134093,-133733,-133493,-133133,-132893,-132533,-132293,-131933,-131693,-131333,-131093,-130733,-130493,-130133,-129893,-129533,-129293,-128933,-128693,-128333,-128093,-127733,-127493,-127133,-126893,-126533,-126293,-125933,-125693,-125333,-125093,-124733,-124493,-124133,-123893,-123533,-123293,-122933,-122693,-122333,-122093,-121733,-121493,-121133,-120893,-120533,-120293,-119933,-119693,-119333,-119093,-118733,-118493,-118133,-117893,-117533,-117293,-116933,-116693,-116333,-116093,-115733,-115493,-115133,-114893,-114533,-114293,-113933,-113693,-113333,-113093,-112733,-112493,-112133,-111893,-111533,-111293,-110933,-110693,-110333,-110093,-109733,-109493,-109133,-108893,-108533,-108293,-107933,-107693,-107333,-107093,-106733,-106493,-106133,-105893,-105533,-105293,-104933,-104693,-104333,-104093,-103733,-103493,-103133,-102893,-102533,-102293,-101933,-101693,-101333,-101093,-100733,-100493,-100133,-99893,-99533,-99293,-98933,-98693,-98333,-98093,-97733,-97493,-97133,-96893,-96533,-96293,-95933,-95693,-95333,-95093,-94733,-94493,-94133,-93893,-93533,-93293,-92933,-92693,-92333,-92093,-91733,-91493,-91133,-90893,-90533,-90293,-89933,-89693,-89333,-89093,-88733,-88493,-88133,-87893,-87533,-87293,-86933,-86693,-86333,-86093,-85733,-85493,-85133,-84893,-84533,-84293,-83933,-83693,-83333,-83093,-82733,-82493,-82133,-81893,-81533,-81293,-80933,-80693,-80333,-80093,-79733,-79493,-79133,-78893,-78533,-78293,-77933,-77693,-77333,-77093,-76733,-76493,-76133,-75893,-75533,-75293,-74933,-74693,-74333,-74093,-73733,-73493,-73133,-72893,-72533,-72293,-71933,-71693,-71333,-71093,-70733,-70493,-70133,-69893,-69533,-69293,-68933,-68693,-68333,-68093,-67733,-67493,-67133,-66893,-66533,-66293,-65933,-65693,-65333,-65093,-64733,-64493,-64133,-63893,-63533,-63293,-62933,-62693,-62333,-62093,-61733,-61493,-61133,-60893,-60533,-60293,-59933,-59693,-59333,-59093,-58733,-58493,-58133,-57893,-57533,-57293,-56933,-56693,-56333,-56093,-55733,-55493,-55133,-54893,-54533,-54293,-53933,-53693,-53333,-53093,-52733,-52493,-52133,-51893,-51533,-51293,-50933,-50693,-50333,-50093,-49733,-49493,-49133,-48893,-48533,-48293,-47933,-47693],"sog":[12.8,13.0,12.8,12.4,12.6,13.0,12.4,12.7,12.4,13.0,12.4,13.1,12.3,13.1,12.6,12.3,13.3,12.4,13.3,12.9,12.5,11.6,12.4,12.5,12.4,12.5,12.6,12.6,13.5,12.9,13.1,12.9,12.5,12.4,12.5,12.5,13.1,12.5,12.5,12.4,12.9,12.6,12.8,12.2,13.0,12.3,12.6,12.7,12.4,12.5,13.0,12.8,12.4,13.0,12.7,13.0,12.1,13.2,12.8,13.1,13.2,12.5,12.3,12.1,13.1,12.6,12.7,12.6,12.4,12.9,12.2,12.7,13.0,12.3,12.2,12.1,12.1,12.4,12.6,12.5,11.8,12.5,12.1,12.5,12.9,12.6,12.7,12.2,12.6,12.6,13.0,12.0,12.5,12.6,12.6,12.8,12.5,12.4,12.7,12.9,12.7,12.3,12.6,12.4,12.5,12.5,12.3,13.0,12.7,12.5,12.4,12.2,12.6,12.9,12.5,12.5,12.9,13.0,12.0,12.5,12.5,12.7,12.4,12.5,12.6,12.5,12.6,13.0,12.5,12.8,12.9,12.7,12.8,12.0,12.3,12.4,12.3,12.3,12.1,12.4,13.0,12.5,13.1,12.7,12.2,12.4,12.7,12.3,12.1,12.6,12.9,13.5,12.5,12.2,12.8,12.9,12.7,12.3,12.2,12.4,12.5,12.7,12.4,12.5,13.2,12.0,11.9,12.5,13.1,12.8,12.3,12.7,12.5,13.1,12.6,12.8,12.5,12.5,12.9,12.4,12.5,12.4,12.2,12.0,12.4,12.7,12.0,13.2,12.7,12.5,12.3,12.7,12.5,13.1,13.1,12.5,12.2,12.6,12.3,13.0,12.2,12.3,12.7,13.0,12.9,12.4,12.1,12.3,12.6,12.3,12.5,12.4,12.8,12.4,12.5,12.6,13.0,12.6,12.4,12.0,12.3,12.9,12.2,12.9,12.6,12.9,13.0,12.3,12.7,12.7,12.5,12.4,12.7,12.9,12.6,13.0,12.4,13.1,12.5,12.2,13.3,12.7,12.7,12.4,12.5,12.6,12.5,12.7,12.3,12.8,13.2,12.3,12.8,12.7,12.3,12.3,12.8,12.6,12.5,12.6,12.1,12.2,13.0,13.0,12.2,12.9,12.4,12.4,12.1,12.6,12.5,13.2,12.3,12.8,12.2,12.5,12.7,12.2,12.3,12.6,12.5,12.4,11.9,12.5,12.2,12.5,12.4,12.8,12.3,12.6,12.4,12.4,12.7,12.8,12.5,12.5,12.7,12.6,12.3,12.1,12.8,12.5,12.4,12.4,12.6,12.6,12.1,12.3,12.3,12.4,12.8,12.7,12.3,13.0,12.7,12.7,12.8,12.4,12.5,12.4,12.3,12.6,12.8,12.8,12.4,12.5,12.8,12.3,13.0,12.2,12.5,12.7,12.7,12.6,12.6,12.7,13.0,12.7,13.2,13.1,12.7,12.7,12.8,13.0,13.1,12.4,12.5,12.3,12.6,12.7,12.5,11.8,12.0,12.4,12.9,13.0,12.7,12.6,12.7,12.2,12.5,12.7,12.3,12.5,12.5,12.9,12.5,12.2,12.7,11.9,12.9,12.9,12.4,12.5,12.8,12.6,12.5,12.6,12.5,12.3,12.5,12.6,12.9,12.6,12.3,12.8,12.9,12.5]}},{"type":"Feature","geometry":{"type":"LineString","coordinates":[[69.0414,19.0232],[69.0402,19.0054],[69.0393,18.9938],[69.0377,18.9761],[69.0368,18.9641],[69.0355,18.947],[69.0345,18.9354],[69.0331,18.9174],[69.0321,18.9057],[69.0309,18.8881],[69.0294,18.8763],[69.0281,18.8587],[69.0273,18.8473],[69.0253,18.8293],[69.024,18.8173],[69.022,18.8],[69.0205,18.7879],[69.0184,18.77],[69.0163,18.7586],[69.0139,18.7409],[69.012,18.7294],[69.0096,18.7115],[69.0077,18.6996],[69.0053,18.6815],[69.0037,18.6706],[69.0012,18.6529],[68.9994,18.641],[68.9972,18.6235],[68.9955,18.6116],[68.9924,18.5935],[68.9909,18.5822],[68.9881,18.5646],[68.9867,18.5525],[68.9838,18.535],[68.982,18.5237],[68.9788,18.5061],[68.9766,18.4939],[68.973,18.4769],[68.9706,18.4657],[68.9666,18.4478],[68.9639,18.4361],[68.96,18.4185],[68.9575,18.4071],[68.9537,18.3897],[68.9515,18.3779],[68.9478,18.3603],[68.9452,18.3495],[68.9414,18.3322],[68.9383,18.3203],[68.9339,18.3034],[68.931,18.2919],[68.9266,18.2743],[68.9239,18.2635],[68.9188,18.2464],[68.916,18.2345],[68.9114,18.2175],[68.9083,18.2059],[68.9031,18.1889],[68.8997,18.1777],[68.8941,18.161],[68.8904,18.1495],[68.8852,18.1325],[68.8811,18.1207],[68.8753,18.1038],[68.8713,18.092],[68.8651,18.0752],[68.8612,18.0643],[68.8549,18.047],[68.851,18.0354],[68.8441,18.0191],[68.8396,18.0086],[68.8328,17.9926],[68.8285,17.9815],[68.8217,17.9647],[68.8174,17.9539],[68.8103,17.9376],[68.8059,17.9267],[68.7988,17.9103],[68.7943,17.8985],[68.7866,17.8824],[68.782,17.8707],[68.7752,17.8542],[68.7709,17.8438],[68.7639,17.8274],[68.7595,17.8166],[68.7525,17.8003],[68.7479,17.7891],[68.7408,17.7729],[68.7362,17.7623],[68.7291,17.7457],[68.7242,17.7348],[68.7173,17.7182],[68.713,17.7074],[68.7062,17.6907],[68.7013,17.6797],[68.6945,17.6638],[68.6901,17.6524],[68.6836,17.6361],[68.6791,17.625],[68.6725,17.6082],[68.6683,17.5978],[68.6613,17.581],[68.6577,17.5695],[68.6518,17.5525],[68.6481,17.5412],[68.6423,17.5243],[68.6381,17.5129],[68.632,17.4964],[68.6285,17.4851],[68.623,17.4681],[68.6197,17.4568],[68.6141,17.4397],[68.6102,17.429],[68.6051,17.4124],[68.6008,17.4009],[68.5957,17.3837],[68.592,17.3721],[68.5869,17.355],[68.5835,17.3442],[68.5781,17.3263],[68.5747,17.3155],[68.5697,17.2981],[68.5668,17.2869],[68.562,17.2696],[68.5591,17.2583],[68.5545,17.2405],[68.5512,17.23],[68.5468,17.2128],[68.5435,17.2015],[68.5389,17.1846],[68.5356,17.1735],[68.531,17.1556],[68.5281,17.1443],[68.5232,17.1271],[68.5203,17.1151],[68.5165,17.0979],[68.5139,17.0864],[68.5105,17.0694],[68.5086,17.0571],[68.5052,17.0398],[68.5032,17.0286],[68.5,17.0107],[68.4975,16.9996],[68.4944,16.982],[68.4922,16.9705],[68.4894,16.9526],[68.4876,16.9412],[68.4846,16.9235],[68.4828,16.912],[68.4802,16.8939],[68.4785,16.8819],[68.4766,16.8648],[68.4755,16.853],[68.4732,16.8352],[68.4716,16.8241],[68.4695,16.8063],[68.468,16.7944],[68.4656,16.7759],[68.4637,16.7637],[68.4611,16.7467],[68.4595,16.735],[68.4567,16.7171],[68.4552,16.7053],[68.4525,16.6877],[68.4506,16.6756],[68.4473,16.658],[68.4457,16.6455],[68.4425,16.6281],[68.4405,16.6167],[68.4372,16.5991],[68.4354,16.5872],[68.4321,16.5699],[68.43,16.5584],[68.4265,16.5407],[68.4244,16.5294],[68.4212,16.5117],[68.4193,16.5001],[68.4157,16.4828],[68.4137,16.4713],[68.4105,16.4541],[68.4085,16.4425],[68.4053,16.4248],[68.4032,16.4132],[68.4,16.3954],[68.3984,16.3838],[68.3951,16.3662],[68.3932,16.3547],[68.3899,16.3369],[68.3877,16.3252],[68.3846,16.3078],[68.3824,16.296],[68.379,16.2791],[68.3765,16.2673],[68.3728,16.2493],[68.3704,16.2377],[68.3666,16.2206],[68.3641,16.2092],[68.3601,16.1921],[68.3574,16.1801],[68.3535,16.163],[68.3512,16.1512],[68.3469,16.1337],[68.3441,16.1219],[68.3393,16.1051],[68.3362,16.0933],[68.332,16.0764],[68.3287,16.065],[68.324,16.0476],[68.3209,16.0363],[68.3164,16.0191],[68.3133,16.0078],[68.3079,15.9913],[68.305,15.9801],[68.2999,15.9631],[68.2965,15.9518],[68.291,15.9345],[68.2872,15.9227],[68.282,15.9056],[68.2784,15.8944],[68.2731,15.8769],[68.2695,15.8659],[68.264,15.849],[68.2605,15.8375],[68.2553,15.8212],[68.2512,15.8099],[68.2456,15.7929],[68.242,15.7815],[68.2362,15.7648],[68.2328,15.7531],[68.2275,15.7364],[68.224,15.7248],[68.2185,15.7081],[68.2144,15.6963],[68.2091,15.6795],[68.2054,15.668],[68.1999,15.6514],[68.1961,15.6396],[68.19,15.6234],[68.1866,15.6122],[68.181,15.5947],[68.1773,15.5833],[68.1721,15.566],[68.168,15.5547],[68.1625,15.5384],[68.1592,15.5265],[68.1534,15.5091],[68.1499,15.4984],[68.1451,15.4809],[68.1418,15.4697],[68.1375,15.4523],[68.1346,15.4405],[68.1298,15.4238],[68.1268,15.4124],[68.1224,15.3951],[68.1191,15.3834],[68.1146,15.366],[68.1113,15.3542],[68.1062,15.3369],[68.103,15.3254],[68.0983,15.3086],[68.095,15.2973],[68.0903,15.2801],[68.0872,15.2686],[68.0825,15.2512],[68.0788,15.2397],[68.0739,15.2229],[68.0704,15.2116],[68.0649,15.1948],[68.0613,15.1832],[68.0558,15.1662],[68.0525,15.1546],[68.0477,15.1372],[68.0442,15.1253],[68.0398,15.1084],[68.0365,15.097],[68.032,15.0797],[68.0292,15.0688],[68.0246,15.0512],[68.0226,15.0399],[68.0184,15.0229],[68.0159,15.0113],[68.0122,14.9938],[68.0095,14.9819],[68.0061,14.9649],[68.0038,14.9531],[68.0,14.9357],[67.9975,14.924],[67.9941,14.9066],[67.9911,14.8953],[67.9866,14.8785],[67.9837,14.8672],[67.979,14.8502],[67.9763,14.839],[67.972,14.8224],[67.969,14.8113],[67.9645,14.7943],[67.9609,14.7829],[67.9566,14.7656],[67.9533,14.7547],[67.9492,14.7377],[67.9466,14.7263],[67.9426,14.7084],[67.9398,14.6968],[67.9364,14.6798],[67.9336,14.6685],[67.9299,14.6509],[67.9278,14.6394],[67.9241,14.6221],[67.9214,14.6107],[67.9177,14.5929],[67.9153,14.5812],[67.9111,14.5643],[67.9085,14.5528],[67.9044,14.5352],[67.9019,14.5238],[67.8973,14.5057],[67.8944,14.4943],[67.8903,14.4761],[67.888,14.4652],[67.8838,14.4471],[67.881,14.4358],[67.877,14.4183],[67.8742,14.407],[67.8705,14.3896],[67.8676,14.3775],[67.8638,14.3605],[67.8613,14.3491],[67.8573,14.3316],[67.8547,14.32],[67.851,14.3026],[67.8484,14.2915],[67.8436,14.274],[67.8406,14.2628],[67.8359,14.2458],[67.8328,14.2346],[67.8279,14.217],[67.8244,14.2052],[67.8198,14.1881],[67.8164,14.1762],[67.8114,14.1592],[67.8082,14.148],[67.803,14.1301],[67.7999,14.1189],[67.7942,14.102],[67.7907,14.0903],[67.7851,14.0731],[67.7814,14.0614],[67.776,14.0446],[67.7728,14.0327],[67.7677,14.0158],[67.7645,14.0043],[67.759,13.9874],[67.7562,13.9755],[67.7515,13.9586],[67.7486,13.9473],[67.7437,13.9302],[67.7404,13.919],[67.7357,13.9019],[67.7323,13.8906],[67.7272,13.8733],[67.7235,13.8612],[67.7178,13.8439],[67.7143,13.8325],[67.7086,13.8161],[67.7051,13.8043],[67.6999,13.787],[67.6965,13.7755],[67.6919,13.7583],[67.6884,13.7474],[67.6833,13.7302],[67.6798,13.7191],[67.6743,13.7016],[67.6708,13.6899],[67.6653,13.6728],[67.6615,13.6613],[67.6562,13.6446],[67.6527,13.633],[67.6474,13.6155],[67.6438,13.6043],[67.6382,13.5871],[67.6349,13.5767],[67.6291,13.5593],[67.6254,13.5479],[67.6197,13.5313],[67.6156,13.5198],[67.6098,13.5036],[67.6058,13.4924],[67.6002,13.476],[67.5961,13.4647],[67.5913,13.4489],[67.5874,13.4372],[67.5824,13.4206],[67.5787,13.409],[67.5735,13.3917],[67.5699,13.3805],[67.5644,13.3639],[67.5605,13.3523],[67.5549,13.3352],[67.5513,13.3241],[67.5456,13.3072],[67.5418,13.2957],[67.5363,13.2786],[67.5326,13.2674],[67.5268,13.25],[67.523,13.2385],[67.5171,13.2216],[67.5132,13.2107],[67.5074,13.1939],[67.5029,13.1829],[67.4968,13.1663],[67.4927,13.1556],[67.4864,13.1382],[67.4822,13.1276],[67.4757,13.1104],[67.4712,13.0991],[67.465,13.0823],[67.4608,13.0711],[67.4546,13.0552],[67.4501,13.0441],[67.4436,13.0269],[67.4393,13.0163],[67.4328,12.9999],[67.4284,12.9894],[67.4221,12.9732],[67.4178,12.962],[67.4114,12.9458],[67.4073,12.9348],[67.4013,12.9182],[67.3974,12.9072],[67.3909,12.8907],[67.3867,12.8794],[67.38,12.8623],[67.3758,12.8515],[67.3688,12.8346],[67.3648,12.8241],[67.3585,12.808],[67.3547,12.7967],[67.3485,12.7804],[67.3445,12.7694],[67.3385,12.7525],[67.3344,12.742],[67.3281,12.7251],[67.3241,12.714],[67.3171,12.6975],[67.313,12.6868],[67.3065,12.6701],[67.3021,12.6588],[67.2957,12.6427],[67.2913,12.6319],[67.2845,12.615],[67.2804,12.6042],[67.2735,12.5876],[67.2689,12.5764],[67.2618,12.5602],[67.2567,12.5494],[67.2494,12.5334],[67.2447,12.522],[67.2378,12.5059],[67.2332,12.4947],[67.2259,12.4784],[67.2215,12.4676],[67.2142,12.4511],[67.2091,12.4403],[67.2016,12.4237],[67.1968,12.413],[67.189,12.3966],[67.1842,12.3859],[67.177,12.3694],[67.1724,12.3586],[67.1649,12.342],[67.1606,12.3309],[67.1537,12.315],[67.1493,12.3045],[67.1426,12.288],[67.1382,12.2773],[67.1309,12.2602],[67.1259,12.2493],[67.1189,12.2332],[67.1143,12.2221],[67.1075,12.2056],[67.103,12.1946],[67.0958,12.1781],[67.0915,12.167],[67.0849,12.1501],[67.0804,12.1387],[67.0743,12.1214],[67.0701,12.1107],[67.0641,12.0938],[67.0598,12.0823],[67.0538,12.0654],[67.0497,12.0544],[67.0442,12.0376],[67.04,12.0262],[67.0344,12.0096]]},"properties":{"mmsi":993038803,"name":"SYN-TAN-03","role":"candidate","vessel_type":80,"synthetic":true,"t_offset_s":[-259178,-258818,-258578,-258218,-257978,-257618,-257378,-257018,-256778,-256418,-256178,-255818,-255578,-255218,-254978,-254618,-254378,-254018,-253778,-253418,-253178,-252818,-252578,-252218,-251978,-251618,-251378,-251018,-250778,-250418,-250178,-249818,-249578,-249218,-248978,-248618,-248378,-248018,-247778,-247418,-247178,-246818,-246578,-246218,-245978,-245618,-245378,-245018,-244778,-244418,-244178,-243818,-243578,-243218,-242978,-242618,-242378,-242018,-241778,-241418,-241178,-240818,-240578,-240218,-239978,-239618,-239378,-239018,-238778,-238418,-238178,-237818,-237578,-237218,-236978,-236618,-236378,-236018,-235778,-235418,-235178,-234818,-234578,-234218,-233978,-233618,-233378,-233018,-232778,-232418,-232178,-231818,-231578,-231218,-230978,-230618,-230378,-230018,-229778,-229418,-229178,-228818,-228578,-228218,-227978,-227618,-227378,-227018,-226778,-226418,-226178,-225818,-225578,-225218,-224978,-224618,-224378,-224018,-223778,-223418,-223178,-222818,-222578,-222218,-221978,-221618,-221378,-221018,-220778,-220418,-220178,-219818,-219578,-219218,-218978,-218618,-218378,-218018,-217778,-217418,-217178,-216818,-216578,-216218,-215978,-215618,-215378,-215018,-214778,-214418,-214178,-213818,-213578,-213218,-212978,-212618,-212378,-212018,-211778,-211418,-211178,-210818,-210578,-210218,-209978,-209618,-209378,-209018,-208778,-208418,-208178,-207818,-207578,-207218,-206978,-206618,-206378,-206018,-205778,-205418,-205178,-204818,-204578,-204218,-203978,-203618,-203378,-203018,-202778,-202418,-202178,-201818,-201578,-201218,-200978,-200618,-200378,-200018,-199778,-199418,-199178,-198818,-198578,-198218,-197978,-197618,-197378,-197018,-196778,-196418,-196178,-195818,-195578,-195218,-194978,-194618,-194378,-194018,-193778,-193418,-193178,-192818,-192578,-192218,-191978,-191618,-191378,-191018,-190778,-190418,-190178,-189818,-189578,-189218,-188978,-188618,-188378,-188018,-187778,-187418,-187178,-186818,-186578,-186218,-185978,-185618,-185378,-185018,-184778,-184418,-184178,-183818,-183578,-183218,-182978,-182618,-182378,-182018,-181778,-181418,-181178,-180818,-180578,-180218,-179978,-179618,-179378,-179018,-178778,-178418,-178178,-177818,-177578,-177218,-176978,-176618,-176378,-176018,-175778,-175418,-175178,-174818,-174578,-174218,-173978,-173618,-173378,-173018,-172778,-172418,-172178,-171818,-171578,-171218,-170978,-170618,-170378,-170018,-169778,-169418,-169178,-168818,-168578,-168218,-167978,-167618,-167378,-167018,-166778,-166418,-166178,-165818,-165578,-165218,-164978,-164618,-164378,-164018,-163778,-163418,-163178,-162818,-162578,-162218,-161978,-161618,-161378,-161018,-160778,-160418,-160178,-159818,-159578,-159218,-158978,-158618,-158378,-158018,-157778,-157418,-157178,-156818,-156578,-156218,-155978,-155618,-155378,-155018,-154778,-154418,-154178,-153818,-153578,-153218,-152978,-152618,-152378,-152018,-151778,-151418,-151178,-150818,-150578,-150218,-149978,-149618,-149378,-149018,-148778,-148418,-148178,-147818,-147578,-147218,-146978,-146618,-146378,-146018,-145778,-145418,-145178,-144818,-144578,-144218,-143978,-143618,-143378,-143018,-142778,-142418,-142178,-141818,-141578,-141218,-140978,-140618,-140378,-140018,-139778,-139418,-139178,-138818,-138578,-138218,-137978,-137618,-137378,-137018,-136778,-136418,-136178,-135818,-135578,-135218,-134978,-134618,-134378,-134018,-133778,-133418,-133178,-132818,-132578,-132218,-131978,-131618,-131378,-131018,-130778,-130418,-130178,-129818,-129578,-129218,-128978,-128618,-128378,-128018,-127778,-127418,-127178,-126818,-126578,-126218,-125978,-125618,-125378,-125018,-124778,-124418,-124178,-123818,-123578,-123218,-122978,-122618,-122378,-122018,-121778,-121418,-121178,-120818,-120578,-120218,-119978,-119618,-119378,-119018,-118778,-118418,-118178,-117818,-117578,-117218,-116978,-116618,-116378,-116018,-115778,-115418,-115178,-114818,-114578,-114218,-113978,-113618,-113378,-113018,-112778,-112418,-112178,-111818,-111578,-111218],"sog":[10.4,10.5,10.8,10.5,11.1,10.2,10.5,10.4,10.6,10.2,10.6,10.3,10.8,11.0,10.8,10.8,10.9,10.7,10.4,10.6,10.5,11.1,10.6,10.7,10.5,10.4,10.7,10.9,10.7,11.7,10.0,10.7,10.9,10.5,10.7,10.6,10.8,10.3,10.1,11.2,10.9,10.4,10.0,10.8,10.9,11.0,9.7,10.7,10.7,10.2,11.3,10.8,10.3,10.4,10.9,10.8,10.9,10.8,10.7,10.3,10.5,11.0,11.4,10.7,11.2,10.8,10.9,10.6,10.6,10.8,10.4,10.2,10.8,11.1,10.3,10.4,10.6,10.4,11.1,10.8,10.9,10.9,10.5,10.3,10.3,10.7,10.5,10.6,10.6,10.5,10.5,10.9,10.5,10.4,10.7,10.3,11.0,10.2,10.6,10.3,9.9,10.4,10.8,11.2,10.8,10.4,10.9,10.2,10.4,10.1,10.8,10.6,9.7,10.7,10.6,10.8,10.7,10.5,10.5,10.6,10.5,10.6,10.4,10.6,10.5,10.4,10.1,10.0,10.5,10.7,10.7,10.3,10.7,11.0,10.4,10.3,10.5,10.5,11.3,9.9,10.6,10.6,10.4,10.6,10.2,10.5,10.8,10.9,10.5,11.0,10.5,10.3,10.3,10.3,10.2,11.1,10.7,10.6,10.9,10.0,10.6,10.6,10.9,10.7,10.5,10.8,11.3,10.4,10.6,10.6,10.4,10.4,10.5,10.8,10.4,10.8,10.4,10.6,10.6,11.1,10.6,10.8,10.3,10.6,11.1,11.0,10.9,10.6,10.7,10.8,10.3,10.7,10.6,11.5,10.6,11.0,10.6,10.7,11.2,10.4,11.1,10.9,10.5,10.4,10.9,10.4,10.7,10.4,10.5,10.1,10.4,10.1,9.9,10.5,10.6,10.8,10.8,11.2,10.4,10.8,10.7,10.1,10.8,10.5,10.4,10.4,10.5,10.6,10.9,10.5,10.5,10.6,10.9,10.9,10.6,10.7,11.0,10.2,10.0,11.0,10.7,10.9,11.2,10.3,10.8,10.8,10.3,10.5,11.1,10.7,10.8,10.7,10.7,10.9,11.1,10.8,11.0,10.9,10.4,10.8,10.7,10.8,10.4,10.1,10.4,10.7,10.9,10.9,10.5,10.6,10.8,10.4,11.1,10.5,10.8,10.1,10.7,10.4,9.9,10.2,10.5,10.6,10.6,10.4,10.5,10.6,10.6,10.5,11.0,10.1,10.4,10.3,10.4,10.3,10.1,10.8,10.7,10.2,10.3,10.5,10.5,11.0,10.8,10.4,10.4,10.7,9.9,10.4,10.7,10.6,11.0,10.5,10.6,11.1,10.5,11.1,10.8,11.3,10.1,10.9,10.4,10.5,10.2,10.6,11.4,10.6,10.6,10.8,10.5,10.7,10.9,11.2,10.6,10.6,10.6,10.7,11.0,10.4,10.7,10.4,10.5,11.1,10.6,10.8,10.9,11.1,11.1,10.3,10.7,10.3,10.9,10.9,10.9,10.5,10.3,10.4,10.9,10.4,10.7,10.9,11.1,10.9,10.6,10.3,10.8,10.9,10.6,11.0,10.2,10.8,10.5,10.4,11.0,10.5,10.9,10.6,10.6,10.5,10.7,10.7,10.3,11.1,10.4,10.8,10.6,10.3,10.2,10.9,10.5,10.2,10.7,10.2,10.7,11.1,10.5,10.5,10.5,10.8,10.4,11.2,10.8,10.6,10.5,11.1,10.8,10.3,10.5,10.1,10.7,10.7,10.4,10.4,10.7,11.4,11.1,10.8,10.3,10.2,10.5,10.9,10.3,10.7,10.0,10.1,10.9,10.3,10.3,10.6,10.5,10.6,10.8,10.9,10.4,10.2,10.7,10.4,10.0,10.6,10.5,10.3,10.6,10.1,10.7,10.3,10.5,10.7,10.4,10.1,11.1,10.7,10.3,10.8,11.1,10.1,10.5,10.4,10.8,10.5,10.8,10.9,10.6,10.6,10.6,10.2,10.5,10.8,10.6,10.2,10.8,10.9,10.9,10.0,10.2,10.3,10.4,10.7,10.5,10.6,10.8,10.7,10.8,10.8,10.8,10.7,10.8,10.9,10.4,10.6,11.0,10.5,10.5,10.6,11.0,10.4]}},{"type":"Feature","geometry":{"type":"LineString","coordinates":[[71.9638,17.1756],[71.9717,17.1791],[71.9942,17.189],[72.0093,17.1957],[72.0317,17.2058],[72.0464,17.2123],[72.0697,17.2223],[72.0852,17.229],[72.1075,17.2386],[72.1234,17.2454],[72.1466,17.2549],[72.1619,17.2613],[72.1849,17.2714],[72.1999,17.2782],[72.2228,17.2889],[72.2379,17.2961],[72.2609,17.3061],[72.2757,17.3131],[72.2985,17.3237],[72.3135,17.3308],[72.336,17.3409],[72.3511,17.3473],[72.3738,17.3571],[72.3891,17.3637],[72.4117,17.373],[72.4271,17.3793],[72.4502,17.3883],[72.4659,17.3952],[72.4889,17.4043],[72.5044,17.4106],[72.5279,17.4205],[72.5433,17.4268],[72.5665,17.4367],[72.5816,17.4434],[72.6047,17.4539],[72.6202,17.4608],[72.6433,17.4709],[72.6585,17.4771],[72.6817,17.4873],[72.6967,17.4935],[72.7201,17.5031],[72.7358,17.5093],[72.7593,17.5194],[72.7748,17.5255],[72.7983,17.5347],[72.8142,17.5413],[72.8375,17.5511],[72.8524,17.5576],[72.8761,17.5679],[72.891,17.5739],[72.914,17.5842],[72.9299,17.5911],[72.9528,17.6013],[72.9677,17.6079],[72.9915,17.6179],[73.0071,17.6249],[73.0301,17.635],[73.0458,17.6425],[73.0682,17.6522],[73.0837,17.6591],[73.1066,17.6692]]},"properties":{"mmsi":993213404,"name":"SYN-CAR-14","role":"background","vessel_type":70,"synthetic":true,"t_offset_s":[5880,6000,6360,6600,6960,7200,7560,7800,8160,8400,8760,9000,9360,9600,9960,10200,10560,10800,11160,11400,11760,12000,12360,12600,12960,13200,13560,13800,14160,14400,14760,15000,15360,15600,15960,16200,16560,16800,17160,17400,17760,18000,18360,18600,18960,19200,19560,19800,20160,20400,20760,21000,21360,21600,21960,22200,22560,22800,23160,23400,23760],"sog":[14.5,14.5,14.4,14.4,14.0,14.2,14.6,14.4,14.0,15.1,14.5,14.1,14.3,14.5,14.2,14.2,14.6,13.9,14.6,13.9,14.8,14.8,14.4,14.4,14.1,14.3,14.4,15.1,14.1,14.8,14.8,14.5,14.3,14.4,14.6,14.9,14.6,14.2,14.2,14.1,14.8,14.4,14.9,14.7,14.3,15.5,14.7,14.7,14.6,14.6,14.3,14.8,14.2,14.5,14.8,15.1,14.2,15.4,14.3,14.6,14.4]}},{"type":"Feature","geometry":{"type":"LineString","coordinates":[[69.0523,17.9064],[69.0541,17.9304],[69.0554,17.9463],[69.0568,17.9698],[69.0576,17.9864],[69.0588,18.0102],[69.0593,18.0265],[69.0603,18.0504],[69.0604,18.0669],[69.0612,18.0914],[69.061,18.1077],[69.0613,18.1318],[69.0616,18.1482],[69.0622,18.1721],[69.0632,18.1884],[69.0645,18.2129],[69.0652,18.2286],[69.0667,18.2526],[69.0681,18.2689],[69.0702,18.2928],[69.0717,18.3087],[69.0738,18.3333],[69.0748,18.3496],[69.0764,18.3745],[69.0775,18.3903],[69.0791,18.4146],[69.08,18.4308],[69.0814,18.4553],[69.0829,18.471],[69.0844,18.4958],[69.0859,18.5124],[69.0867,18.5372],[69.088,18.5533],[69.0891,18.5776],[69.0899,18.5937],[69.091,18.6183],[69.0918,18.6345],[69.0928,18.6587],[69.0933,18.675],[69.0949,18.6992],[69.0964,18.7154],[69.0969,18.7394],[69.0983,18.7554],[69.0994,18.7797],[69.1006,18.7958],[69.1025,18.8205],[69.1039,18.8367],[69.1062,18.8614],[69.1078,18.8772],[69.1102,18.9016],[69.112,18.9184],[69.1143,18.9433],[69.1159,18.9593],[69.1179,18.9828],[69.1195,18.9995],[69.122,19.0237],[69.1235,19.0395],[69.1254,19.0636],[69.1267,19.0802],[69.1292,19.1046],[69.1303,19.1206],[69.1329,19.1456],[69.1345,19.1623],[69.1369,19.1861],[69.1384,19.202],[69.1408,19.2261],[69.1426,19.2423],[69.1453,19.2664],[69.1474,19.2829],[69.1504,19.307],[69.1518,19.3233],[69.1551,19.3481],[69.1571,19.3637],[69.1594,19.3878],[69.1611,19.4035],[69.164,19.4285],[69.1661,19.445],[69.168,19.4687],[69.1697,19.4852],[69.1716,19.5098],[69.1732,19.5268],[69.1757,19.551],[69.1769,19.5671],[69.179,19.5906],[69.1803,19.6064],[69.1823,19.6309],[69.1835,19.6469],[69.1852,19.6714],[69.1862,19.6882],[69.1871,19.7128],[69.1879,19.7289],[69.1889,19.7533],[69.1896,19.7697],[69.1902,19.7938],[69.1909,19.8105],[69.1918,19.8345],[69.1922,19.8512],[69.193,19.8755],[69.1938,19.8918],[69.1953,19.917],[69.1962,19.9335],[69.1978,19.9579],[69.1989,19.9737],[69.2004,19.9981],[69.2017,20.0138],[69.2039,20.0385],[69.2055,20.0546],[69.2073,20.079],[69.208,20.0953],[69.2094,20.1199],[69.2103,20.1359],[69.2113,20.1602],[69.2122,20.176],[69.2139,20.2008],[69.215,20.2168],[69.2164,20.2407],[69.2172,20.2569],[69.2183,20.2818],[69.2189,20.2981],[69.2194,20.323],[69.2205,20.3384],[69.221,20.3631],[69.221,20.3792],[69.2217,20.4038],[69.2223,20.4201],[69.2228,20.4436],[69.2229,20.4601],[69.223,20.4838],[69.2226,20.4998],[69.2227,20.5246],[69.2228,20.5409],[69.2227,20.5653],[69.2223,20.5815],[69.2211,20.6061],[69.2207,20.6227],[69.2198,20.6463],[69.2193,20.6631],[69.2177,20.6872],[69.2165,20.7037],[69.2149,20.7274],[69.2141,20.7443],[69.2126,20.7684],[69.2116,20.7852],[69.2101,20.8094],[69.2094,20.8252],[69.2077,20.8497],[69.2064,20.8663],[69.2044,20.8901],[69.2035,20.9064],[69.2018,20.9307],[69.2014,20.9465],[69.2004,20.9707],[69.1995,20.9871],[69.1985,21.0109],[69.1977,21.0278],[69.1965,21.0521],[69.1957,21.0679],[69.1937,21.0926],[69.1925,21.1088],[69.1908,21.1333],[69.1898,21.1494],[69.1878,21.1738],[69.1867,21.1903],[69.1846,21.2146],[69.1833,21.2307],[69.1814,21.2553],[69.1798,21.2709],[69.1782,21.2955],[69.1771,21.3117],[69.1755,21.3361],[69.1739,21.3527],[69.1726,21.3766],[69.1717,21.3931],[69.1695,21.4178],[69.1683,21.4338],[69.1664,21.4582],[69.1659,21.4745],[69.1648,21.4993],[69.1642,21.5152],[69.1635,21.5395],[69.1626,21.5553],[69.1623,21.5805],[69.1622,21.5967],[69.1619,21.6212],[69.1617,21.6373],[69.1616,21.6617],[69.1616,21.6777],[69.1607,21.7025],[69.1607,21.7184],[69.16,21.7428],[69.1599,21.759],[69.1594,21.7833],[69.1598,21.7996],[69.1595,21.8238],[69.1588,21.8402],[69.1579,21.8649],[69.1573,21.8812],[69.1565,21.9056],[69.1558,21.9221],[69.1545,21.9472],[69.1535,21.9628],[69.1527,21.9875]]},"properties":{"mmsi":993299910,"name":"SYN-CAR-30","role":"candidate","vessel_type":70,"synthetic":true,"t_offset_s":[-18543,-18183,-17943,-17583,-17343,-16983,-16743,-16383,-16143,-15783,-15543,-15183,-14943,-14583,-14343,-13983,-13743,-13383,-13143,-12783,-12543,-12183,-11943,-11583,-11343,-10983,-10743,-10383,-10143,-9783,-9543,-9183,-8943,-8583,-8343,-7983,-7743,-7383,-7143,-6783,-6543,-6183,-5943,-5583,-5343,-4983,-4743,-4383,-4143,-3783,-3543,-3183,-2943,-2583,-2343,-1983,-1743,-1383,-1143,-783,-543,-183,57,417,657,1017,1257,1617,1857,2217,2457,2817,3057,3417,3657,4017,4257,4617,4857,5217,5457,5817,6057,6417,6657,7017,7257,7617,7857,8217,8457,8817,9057,9417,9657,10017,10257,10617,10857,11217,11457,11817,12057,12417,12657,13017,13257,13617,13857,14217,14457,14817,15057,15417,15657,16017,16257,16617,16857,17217,17457,17817,18057,18417,18657,19017,19257,19617,19857,20217,20457,20817,21057,21417,21657,22017,22257,22617,22857,23217,23457,23817,24057,24417,24657,25017,25257,25617,25857,26217,26457,26817,27057,27417,27657,28017,28257,28617,28857,29217,29457,29817,30057,30417,30657,31017,31257,31617,31857,32217,32457,32817,33057,33417,33657,34017,34257,34617,34857,35217,35457,35817,36057,36417,36657,37017,37257,37617,37857,38217,38457,38817,39057,39417,39657,40017,40257,40617,40857,41217,41457,41817],"sog":[14.6,13.9,14.1,14.1,14.6,14.1,14.4,14.5,15.0,14.6,14.9,14.3,14.4,14.5,14.5,15.0,14.4,14.3,14.3,14.4,14.5,14.7,14.7,15.0,14.3,14.4,14.3,14.6,14.1,14.7,15.1,15.0,14.6,14.6,14.2,14.5,14.8,14.6,14.7,14.8,14.6,14.7,14.2,14.7,14.5,14.3,14.7,14.3,14.1,14.4,14.6,14.7,14.4,14.0,14.6,14.3,14.4,14.6,14.6,14.3,14.2,15.0,15.1,14.4,14.2,14.5,14.8,14.5,15.2,14.5,14.6,14.7,14.5,14.6,14.3,15.2,15.0,14.5,14.8,15.0,15.1,14.7,14.5,14.1,14.6,14.1,13.8,14.7,14.8,14.9,14.7,14.6,14.7,14.3,14.6,13.9,14.6,14.5,15.2,15.4,14.6,14.6,14.1,14.5,13.9,14.3,14.4,14.4,14.2,14.9,14.7,14.5,14.4,14.6,14.0,14.4,14.2,14.9,14.7,14.8,14.0,14.7,14.1,15.0,14.3,14.4,14.6,14.1,14.0,14.7,14.4,14.6,14.5,14.3,14.6,14.1,14.8,14.2,14.6,14.3,14.8,14.8,14.6,14.9,14.3,14.6,14.7,14.1,14.5,14.6,14.4,14.4,14.9,14.0,15.3,14.6,14.5,14.4,14.9,14.7,14.8,14.6,14.5,15.1,14.4,14.3,14.1,14.3,14.4,14.6,14.6,14.1,14.7,14.8,14.6,14.5,14.4,15.1,14.7,14.7,14.4,14.6,14.8,14.3,14.4,14.9,14.5,14.7,14.2,14.4,14.0,14.8,14.5,14.7,14.5,14.9,14.8,14.5,14.7,14.7,14.3,14.8]}},{"type":"Feature","geometry":{"type":"LineString","coordinates":[[69.8089,16.2194],[69.8218,16.2246],[69.8343,16.2306],[69.8529,16.2387],[69.8656,16.2438],[69.8852,16.2521],[69.8975,16.2577],[69.9167,16.266],[69.9291,16.2708],[69.9481,16.2788],[69.9607,16.2841],[69.9799,16.2914],[69.9926,16.2967],[70.0121,16.3046],[70.0251,16.3097],[70.0443,16.3174],[70.0566,16.3227],[70.0765,16.3309],[70.0893,16.3364],[70.1089,16.3449],[70.1215,16.3504],[70.1403,16.3582],[70.1533,16.3633],[70.172,16.3712],[70.1848,16.3759],[70.2046,16.3838],[70.2174,16.3888],[70.2363,16.396],[70.2498,16.4012],[70.2687,16.4088],[70.282,16.4134],[70.3017,16.4205],[70.3144,16.426],[70.3336,16.4334],[70.3468,16.4386],[70.3666,16.4463],[70.379,16.4511],[70.3985,16.458],[70.4114,16.4626],[70.4306,16.4699],[70.4436,16.4743],[70.463,16.4816],[70.4758,16.4858],[70.4955,16.493],[70.5092,16.4975],[70.5283,16.5044],[70.5411,16.5086],[70.5605,16.5153],[70.5738,16.5198],[70.5936,16.5259],[70.6063,16.5302],[70.6262,16.5365],[70.6391,16.5413],[70.6584,16.5481],[70.6715,16.5533],[70.6911,16.5601],[70.7042,16.5652],[70.7236,16.5724],[70.7367,16.5771],[70.757,16.5842],[70.77,16.5886],[70.7898,16.595],[70.8029,16.5992],[70.8225,16.6056],[70.8356,16.6097],[70.8553,16.6159],[70.8685,16.6198],[70.8886,16.6261],[70.9014,16.63],[70.922,16.6356],[70.9351,16.6391],[70.9549,16.6444],[70.9684,16.648],[70.9882,16.6529],[71.0016,16.6565],[71.0215,16.6618],[71.0348,16.6654],[71.0552,16.6704],[71.0685,16.6739],[71.0883,16.6791],[71.1015,16.6832],[71.1218,16.6883],[71.1356,16.692],[71.1565,16.6977],[71.17,16.7011],[71.1895,16.7064],[71.2037,16.7107],[71.2238,16.7156],[71.238,16.7196],[71.2579,16.7243],[71.2718,16.728],[71.2913,16.7328],[71.3047,16.7358],[71.3249,16.7413],[71.3388,16.7449],[71.3594,16.7506],[71.3731,16.754],[71.3938,16.7594],[71.4069,16.763],[71.4272,16.7685],[71.4406,16.772],[71.4608,16.7781],[71.4737,16.7817],[71.4938,16.787],[71.507,16.7908],[71.5271,16.797],[71.5404,16.8011],[71.5604,16.807],[71.5736,16.811],[71.5931,16.8167],[71.6068,16.821],[71.6273,16.827],[71.6402,16.8312],[71.6604,16.8368],[71.6731,16.841],[71.6932,16.8471],[71.7065,16.8519],[71.7258,16.858],[71.7391,16.8628],[71.7587,16.8701],[71.7726,16.8744],[71.7916,16.8814],[71.8046,16.8864],[71.8236,16.8932],[71.8371,16.8982],[71.8567,16.9055],[71.8692,16.9099],[71.8887,16.9172],[71.9017,16.9216],[71.9207,16.9288],[71.9334,16.9338],[71.9526,16.9406],[71.9656,16.9456],[71.9845,16.953],[71.9975,16.9581],[72.0171,16.9665],[72.0291,16.9714],[72.0479,16.9797],[72.0603,16.9855],[72.079,16.9943],[72.0915,17.0004],[72.11,17.0088],[72.1223,17.0148],[72.1416,17.024],[72.1535,17.0302],[72.1714,17.0389],[72.1836,17.045],[72.202,17.0537],[72.2141,17.0597],[72.2326,17.0683],[72.2453,17.0743],[72.2637,17.0834],[72.2762,17.0889],[72.2948,17.0979],[72.3074,17.1039],[72.3266,17.1127],[72.3397,17.1184],[72.3588,17.127],[72.3713,17.1327],[72.3898,17.1411],[72.4029,17.147],[72.4219,17.1556],[72.4338,17.1613],[72.4529,17.1698],[72.4656,17.1759],[72.4845,17.1844],[72.4973,17.1904],[72.5159,17.1991],[72.5282,17.2052],[72.5466,17.2137],[72.559,17.2193],[72.5783,17.2281],[72.5911,17.2337],[72.6098,17.2418],[72.6223,17.2478],[72.6414,17.2567],[72.6541,17.2624],[72.6723,17.27],[72.6851,17.2755],[72.7045,17.2838],[72.7167,17.2886],[72.7358,17.2966],[72.7487,17.3011],[72.7681,17.3087],[72.7812,17.3134],[72.8003,17.3207],[72.8134,17.3253],[72.8328,17.3328],[72.846,17.3381],[72.8648,17.3457],[72.8778,17.3506],[72.8974,17.358],[72.9102,17.3629],[72.9299,17.3703],[72.9426,17.3751],[72.9623,17.3819],[72.975,17.3868],[72.9946,17.3945],[73.0078,17.3994],[73.027,17.4079],[73.0395,17.4133],[73.0589,17.4217],[73.0714,17.4272],[73.09,17.4356],[73.1024,17.4414],[73.1213,17.4502],[73.134,17.456],[73.1526,17.4651],[73.1653,17.4713],[73.1842,17.4798]]},"properties":{"mmsi":993810782,"name":"SYN-CAR-32","role":"candidate","vessel_type":70,"synthetic":true,"t_offset_s":[-220358,-220118,-219878,-219518,-219278,-218918,-218678,-218318,-218078,-217718,-217478,-217118,-216878,-216518,-216278,-215918,-215678,-215318,-215078,-214718,-214478,-214118,-213878,-213518,-213278,-212918,-212678,-212318,-212078,-211718,-211478,-211118,-210878,-210518,-210278,-209918,-209678,-209318,-209078,-208718,-208478,-208118,-207878,-207518,-207278,-206918,-206678,-206318,-206078,-205718,-205478,-205118,-204878,-204518,-204278,-203918,-203678,-203318,-203078,-202718,-202478,-202118,-201878,-201518,-201278,-200918,-200678,-200318,-200078,-199718,-199478,-199118,-198878,-198518,-198278,-197918,-197678,-197318,-197078,-196718,-196478,-196118,-195878,-195518,-195278,-194918,-194678,-194318,-194078,-193718,-193478,-193118,-192878,-192518,-192278,-191918,-191678,-191318,-191078,-190718,-190478,-190118,-189878,-189518,-189278,-188918,-188678,-188318,-188078,-187718,-187478,-187118,-186878,-186518,-186278,-185918,-185678,-185318,-185078,-184718,-184478,-184118,-183878,-183518,-183278,-182918,-182678,-182318,-182078,-181718,-181478,-181118,-180878,-180518,-180278,-179918,-179678,-179318,-179078,-178718,-178478,-178118,-177878,-177518,-177278,-176918,-176678,-176318,-176078,-175718,-175478,-175118,-174878,-174518,-174278,-173918,-173678,-173318,-173078,-172718,-172478,-172118,-171878,-171518,-171278,-170918,-170678,-170318,-170078,-169718,-169478,-169118,-168878,-168518,-168278,-167918,-167678,-167318,-167078,-166718,-166478,-166118,-165878,-165518,-165278,-164918,-164678,-164318,-164078,-163718,-163478,-163118,-162878,-162518,-162278,-161918,-161678,-161318,-161078,-160718,-160478,-160118,-159878,-159518,-159278,-158918,-158678,-158318,-158078,-157718],"sog":[12.1,12.0,11.9,11.9,11.9,12.1,11.8,12.2,11.8,11.8,12.1,12.4,11.4,12.1,12.2,11.6,12.3,12.5,12.6,12.3,11.9,11.8,12.2,11.6,11.9,12.4,12.4,11.6,12.5,11.7,12.1,11.9,12.6,11.5,12.2,11.7,11.6,12.1,11.5,12.4,11.9,11.8,11.8,12.2,12.4,11.5,11.6,11.6,11.9,11.8,11.7,11.6,11.7,11.9,11.7,12.0,11.5,12.1,12.0,12.0,12.3,12.3,11.8,11.9,12.1,12.0,12.2,11.9,11.9,12.1,11.7,12.1,12.0,12.0,12.2,11.6,12.3,12.2,11.9,12.2,12.4,11.8,12.5,12.7,11.9,11.7,12.5,12.1,12.4,11.5,11.8,11.7,11.8,11.9,12.3,12.3,12.1,12.4,12.0,12.2,12.2,11.9,11.6,11.8,11.5,12.4,11.9,11.9,11.8,11.7,12.2,12.5,11.5,11.2,11.7,12.1,12.2,11.8,12.0,11.9,12.7,11.9,12.1,12.3,11.8,11.6,11.8,12.3,12.2,11.9,11.5,11.8,11.8,11.7,12.5,12.7,11.6,11.6,12.2,12.0,12.1,12.1,11.9,12.1,11.8,11.9,11.7,11.7,11.6,11.8,12.3,11.8,12.0,11.9,11.8,12.2,12.6,11.8,12.2,11.7,12.5,11.9,12.0,12.3,12.0,12.0,12.0,12.1,12.3,11.8,12.5,12.4,12.0,12.0,12.1,12.5,11.8,11.1,11.9,12.0,11.7,12.5,11.7,11.9,12.2,11.6,12.0,11.9,12.2,11.9,11.6,12.1,11.9,12.3,12.2,12.1,12.1,12.2,12.3,12.7,12.0,12.0,12.0,11.7,11.3,12.3,12.0,11.8,12.3,12.2]}},{"type":"Feature","geometry":{"type":"LineString","coordinates":[[69.0659,19.5348],[69.0649,19.5184],[69.0634,19.4942],[69.0627,19.4776],[69.0617,19.4533],[69.0613,19.4373],[69.0607,19.4133],[69.0606,19.3974],[69.0603,19.3724],[69.0606,19.3563],[69.0612,19.3322],[69.0618,19.3164],[69.0623,19.2917],[69.0625,19.2751],[69.0631,19.2505],[69.0636,19.2344],[69.0643,19.2103],[69.0645,19.1941],[69.065,19.1698],[69.0654,19.1534],[69.0652,19.1291],[69.0654,19.113],[69.0654,19.0892],[69.0657,19.0731],[69.0655,19.0485],[69.0661,19.033],[69.0662,19.0081],[69.0663,18.9922],[69.0663,18.9681],[69.0666,18.9523],[69.0667,18.9279],[69.067,18.9119],[69.0671,18.8867],[69.0675,18.871],[69.0679,18.846],[69.0681,18.8297],[69.0694,18.8055],[69.0703,18.7888],[69.0718,18.7646],[69.0726,18.7487],[69.0744,18.7245],[69.0754,18.7078],[69.0774,18.6842],[69.0791,18.6684],[69.0812,18.6447],[69.0829,18.6284],[69.0855,18.6045],[69.0875,18.5882],[69.0908,18.5643],[69.0925,18.5483],[69.0953,18.5239],[69.0973,18.5073],[69.0997,18.4835],[69.1015,18.4679],[69.1043,18.4438],[69.1066,18.4276],[69.1098,18.4038],[69.1116,18.3877],[69.1142,18.3632],[69.1165,18.3468],[69.1192,18.3226],[69.1211,18.3069],[69.1241,18.2829],[69.1261,18.2666],[69.1296,18.2434],[69.1313,18.2269],[69.1345,18.2025],[69.1364,18.1866],[69.1398,18.1625],[69.142,18.1467],[69.1456,18.1224],[69.1478,18.1066],[69.1508,18.0827],[69.1532,18.0664],[69.1562,18.0426],[69.1583,18.0265],[69.161,18.0017],[69.1625,17.986],[69.1645,17.9619],[69.1657,17.9459],[69.1674,17.9214],[69.1689,17.9056],[69.171,17.8822],[69.1724,17.866],[69.1747,17.8415],[69.1765,17.8247],[69.1792,17.8011],[69.1814,17.7851],[69.1842,17.761],[69.1857,17.745]]},"properties":{"mmsi":994012936,"name":"SYN-TAN-06","role":"background","vessel_type":80,"synthetic":true,"t_offset_s":[59485,59725,60085,60325,60685,60925,61285,61525,61885,62125,62485,62725,63085,63325,63685,63925,64285,64525,64885,65125,65485,65725,66085,66325,66685,66925,67285,67525,67885,68125,68485,68725,69085,69325,69685,69925,70285,70525,70885,71125,71485,71725,72085,72325,72685,72925,73285,73525,73885,74125,74485,74725,75085,75325,75685,75925,76285,76525,76885,77125,77485,77725,78085,78325,78685,78925,79285,79525,79885,80125,80485,80725,81085,81325,81685,81925,82285,82525,82885,83125,83485,83725,84085,84325,84685,84925,85285,85525,85885,86125],"sog":[13.9,15.0,14.7,14.7,14.6,14.6,14.4,14.4,14.8,14.6,14.1,14.3,14.7,15.4,14.9,14.5,14.1,14.1,14.5,14.4,14.8,14.5,14.6,14.8,14.6,14.3,15.0,14.7,14.2,14.5,14.6,14.6,15.4,14.3,14.6,15.1,14.3,14.5,14.5,14.4,14.3,15.0,14.3,14.7,14.3,14.6,14.7,14.9,14.5,14.4,14.9,15.2,14.5,14.1,14.6,14.7,14.4,14.3,14.5,14.6,14.4,14.1,14.2,13.9,14.5,14.5,14.8,14.6,14.6,14.8,15.0,13.8,14.5,14.7,14.5,14.7,15.0,14.2,14.7,14.7,14.2,14.4,14.5,14.6,14.5,14.3,14.4,14.3,14.4,14.1]}},{"type":"Feature","geometry":{"type":"LineString","coordinates":[[69.1667,19.4042],[69.166,19.3892],[69.1645,19.3666],[69.1636,19.3514],[69.1622,19.3285],[69.161,19.3133],[69.1596,19.2908],[69.1589,19.2754],[69.1576,19.2526],[69.1565,19.2369],[69.155,19.2137],[69.1541,19.1986],[69.1522,19.1758],[69.1514,19.1605],[69.1501,19.138],[69.1494,19.1228],[69.1485,19.1006],[69.1473,19.0861],[69.1462,19.0628],[69.1458,19.0477],[69.145,19.0253],[69.1447,19.0105],[69.1438,18.9877],[69.1434,18.9723],[69.1429,18.9495],[69.1427,18.9338],[69.1421,18.9107],[69.1419,18.8951],[69.1415,18.8722],[69.1413,18.8569],[69.1412,18.8348],[69.1412,18.82],[69.1415,18.7973],[69.1421,18.7822],[69.1426,18.7587],[69.1429,18.7433],[69.1435,18.7205],[69.1439,18.705],[69.144,18.682],[69.1441,18.6675],[69.1443,18.6446],[69.1448,18.629],[69.1453,18.6055],[69.1454,18.5906],[69.1457,18.5682],[69.1462,18.5529],[69.146,18.5304],[69.1464,18.5153],[69.1466,18.4925],[69.1468,18.4773],[69.1463,18.4538],[69.146,18.4393],[69.1463,18.4161],[69.1465,18.4006],[69.1469,18.3777],[69.1476,18.3623],[69.1477,18.3394],[69.1479,18.3245],[69.148,18.3018],[69.1487,18.2864],[69.1489,18.2639],[69.1491,18.2488],[69.1489,18.2268],[69.1488,18.2115],[69.1489,18.189],[69.1491,18.174],[69.1487,18.1512],[69.149,18.1363],[69.1491,18.1141],[69.1486,18.0988],[69.1485,18.0767],[69.1479,18.0617],[69.1471,18.0387],[69.1464,18.024],[69.1454,18.0014],[69.1443,17.9864],[69.1435,17.9639],[69.1428,17.9491],[69.1424,17.9267],[69.1424,17.9119],[69.142,17.8889],[69.1419,17.8739],[69.1415,17.8513],[69.1411,17.8364],[69.141,17.8143],[69.1409,17.7984],[69.1401,17.776],[69.1394,17.7606],[69.1384,17.7379],[69.1375,17.7227],[69.1369,17.6997],[69.1363,17.6847],[69.1357,17.6619],[69.1347,17.6463],[69.1342,17.6242],[69.1333,17.6095],[69.1323,17.5867],[69.1318,17.5716],[69.1312,17.5489],[69.1305,17.5339],[69.1295,17.5119],[69.1287,17.4967],[69.1284,17.474],[69.1283,17.4594],[69.1277,17.4368],[69.127,17.4212],[69.126,17.3986],[69.1253,17.3837],[69.1247,17.3613],[69.1241,17.346],[69.1229,17.3235],[69.1221,17.3087],[69.121,17.2866],[69.12,17.2707],[69.1191,17.2487],[69.1185,17.2342],[69.1168,17.2114],[69.1155,17.1965],[69.1141,17.1739],[69.1132,17.1589],[69.1113,17.1358],[69.1102,17.1206],[69.1092,17.0981],[69.1084,17.0827],[69.1067,17.0606],[69.1053,17.0454],[69.103,17.0225],[69.1016,17.007],[69.0993,16.9847],[69.0977,16.9703],[69.0953,16.9477],[69.0935,16.9326],[69.0914,16.9111],[69.0899,16.895],[69.0876,16.8731],[69.0861,16.8579],[69.0842,16.835],[69.0823,16.8198],[69.0799,16.7973],[69.0778,16.7822],[69.0759,16.7594],[69.0741,16.7445],[69.0722,16.7219],[69.0708,16.7067],[69.0689,16.6835],[69.0681,16.6681],[69.0665,16.6454],[69.0656,16.6303],[69.0643,16.6078],[69.0638,16.5922],[69.0622,16.5697],[69.0615,16.555],[69.06,16.5326],[69.0593,16.5184],[69.0579,16.4951],[69.0571,16.4803],[69.056,16.4575],[69.0553,16.4427],[69.0546,16.4201],[69.054,16.405],[69.0536,16.3823],[69.0535,16.3668],[69.0537,16.3441],[69.0533,16.3292],[69.0532,16.3066],[69.0534,16.2916],[69.0532,16.2692],[69.0534,16.2536],[69.0542,16.2314],[69.0547,16.2165],[69.0552,16.1938],[69.0555,16.1787],[69.0562,16.1561],[69.0568,16.1411],[69.0581,16.1185],[69.0593,16.1037],[69.0612,16.0806],[69.0625,16.0652],[69.0648,16.0423],[69.0664,16.0274],[69.0688,16.0046],[69.0702,15.9896],[69.0726,15.9672],[69.0741,15.9524],[69.0761,15.9306],[69.0776,15.9156],[69.0793,15.8927],[69.0813,15.8771],[69.0835,15.8547],[69.085,15.8396],[69.0872,15.8171],[69.0886,15.8027],[69.0907,15.78],[69.0916,15.7649],[69.0934,15.7425],[69.0944,15.7275],[69.0957,15.7045],[69.0966,15.6895],[69.0975,15.6668],[69.0986,15.6519],[69.0995,15.6298],[69.0999,15.6142],[69.1006,15.592],[69.1008,15.5768],[69.1008,15.5544],[69.1011,15.5397],[69.1013,15.5164],[69.1018,15.501],[69.1024,15.4781],[69.1025,15.4631],[69.1024,15.4405],[69.1024,15.4255],[69.1027,15.4027],[69.1032,15.3876],[69.103,15.3649],[69.1035,15.3497],[69.1041,15.3276],[69.1043,15.3122],[69.1049,15.2903],[69.1057,15.2752],[69.1065,15.253],[69.1069,15.2378],[69.1078,15.2156],[69.1079,15.2003],[69.1082,15.1777],[69.1085,15.1627],[69.1083,15.1395],[69.1086,15.1244],[69.1079,15.1015],[69.1076,15.0858],[69.107,15.0632],[69.1069,15.0481],[69.1065,15.0259],[69.1063,15.0103],[69.1062,14.9874],[69.1057,14.9722],[69.1049,14.9496],[69.1051,14.9353],[69.1057,14.9121],[69.1055,14.8971],[69.106,14.8747],[69.1061,14.8597],[69.1062,14.8367],[69.1058,14.8217],[69.1054,14.7991],[69.1047,14.7841],[69.1035,14.7612],[69.1025,14.7462],[69.1008,14.7235],[69.0999,14.7087],[69.0987,14.6863],[69.0973,14.6711],[69.0957,14.6486],[69.0952,14.6337],[69.0937,14.6107],[69.0926,14.5962],[69.0907,14.5733],[69.0897,14.5576],[69.0873,14.5353],[69.0862,14.5205],[69.0842,14.4975],[69.0825,14.4824],[69.0806,14.4601],[69.0791,14.4447],[69.0763,14.4217],[69.0744,14.4068],[69.0709,14.384],[69.0684,14.369],[69.0647,14.3461],[69.062,14.3318],[69.0582,14.309],[69.0556,14.294],[69.0522,14.2718],[69.0497,14.2568],[69.0462,14.2341],[69.0442,14.2195],[69.0405,14.1973],[69.0386,14.1826],[69.0357,14.1597],[69.0335,14.1453],[69.0302,14.1228],[69.0279,14.1076],[69.0248,14.0851],[69.0225,14.07],[69.0194,14.0476],[69.0173,14.0323],[69.0145,14.0103],[69.0118,13.9953],[69.0083,13.973],[69.0058,13.9577],[69.0022,13.9354],[69.0002,13.921],[68.9969,13.8989],[68.9941,13.8837],[68.9902,13.8614],[68.9875,13.846],[68.9834,13.8244],[68.9809,13.8088],[68.9773,13.7866],[68.9751,13.772],[68.9718,13.749],[68.9695,13.7342],[68.9657,13.7123],[68.963,13.6969],[68.959,13.6741],[68.9564,13.6596],[68.9526,13.6374],[68.9497,13.6227],[68.946,13.6004],[68.9434,13.5858],[68.9396,13.5639],[68.9374,13.5494],[68.9339,13.527],[68.9314,13.512],[68.9276,13.4898],[68.9253,13.4743],[68.9214,13.4522],[68.9188,13.4371],[68.9151,13.4149],[68.9125,13.4003],[68.9088,13.3783],[68.9061,13.363],[68.9025,13.341],[68.8996,13.3266],[68.8954,13.3041],[68.8932,13.2891],[68.8894,13.2659],[68.887,13.2511],[68.8832,13.2282],[68.8811,13.2136],[68.8781,13.1909],[68.876,13.1761],[68.8727,13.1537],[68.8701,13.1388],[68.8663,13.1165],[68.8643,13.1019],[68.8607,13.0792],[68.8586,13.0647],[68.8547,13.0429],[68.8523,13.0279],[68.8478,13.0051],[68.8456,12.9902],[68.8417,12.968],[68.8386,12.953],[68.8354,12.9304],[68.8328,12.9152],[68.8293,12.8932],[68.8269,12.8779],[68.8237,12.856],[68.8211,12.8409],[68.8177,12.8186],[68.8153,12.8036],[68.8112,12.7812],[68.809,12.7667],[68.8055,12.7437],[68.8035,12.7283],[68.8002,12.7064],[68.7976,12.6916],[68.7939,12.6684],[68.7909,12.6536],[68.7864,12.6316],[68.7835,12.6167],[68.7794,12.595],[68.7768,12.5798],[68.7728,12.5577],[68.7705,12.5425],[68.7666,12.5202],[68.7647,12.5052],[68.7607,12.4834],[68.7581,12.4686],[68.7539,12.4462],[68.7511,12.4312],[68.7471,12.4092],[68.7447,12.394],[68.7409,12.3713],[68.7383,12.3566],[68.7348,12.334],[68.7329,12.3195],[68.7293,12.2971],[68.7269,12.2818],[68.7233,12.2599],[68.721,12.2449],[68.717,12.2224],[68.7142,12.2074],[68.7103,12.1851],[68.7078,12.1705],[68.7035,12.1486],[68.7006,12.1338],[68.6966,12.1118],[68.6938,12.0969],[68.6897,12.0748],[68.6862,12.0595],[68.682,12.0373],[68.679,12.0226],[68.6745,12.0006]]},"properties":{"mmsi":994075203,"name":"SYN-CAR-33","role":"candidate","vessel_type":70,"synthetic":true,"t_offset_s":[-93786,-93546,-93186,-92946,-92586,-92346,-91986,-91746,-91386,-91146,-90786,-90546,-90186,-89946,-89586,-89346,-88986,-88746,-88386,-88146,-87786,-87546,-87186,-86946,-86586,-86346,-85986,-85746,-85386,-85146,-84786,-84546,-84186,-83946,-83586,-83346,-82986,-82746,-82386,-82146,-81786,-81546,-81186,-80946,-80586,-80346,-79986,-79746,-79386,-79146,-78786,-78546,-78186,-77946,-77586,-77346,-76986,-76746,-76386,-76146,-75786,-75546,-75186,-74946,-74586,-74346,-73986,-73746,-73386,-73146,-72786,-72546,-72186,-71946,-71586,-71346,-70986,-70746,-70386,-70146,-69786,-69546,-69186,-68946,-68586,-68346,-67986,-67746,-67386,-67146,-66786,-66546,-66186,-65946,-65586,-65346,-64986,-64746,-64386,-64146,-63786,-63546,-63186,-62946,-62586,-62346,-61986,-61746,-61386,-61146,-60786,-60546,-60186,-59946,-59586,-59346,-58986,-58746,-58386,-58146,-57786,-57546,-57186,-56946,-56586,-56346,-55986,-55746,-55386,-55146,-54786,-54546,-54186,-53946,-53586,-53346,-52986,-52746,-52386,-52146,-51786,-51546,-51186,-50946,-50586,-50346,-49986,-49746,-49386,-49146,-48786,-48546,-48186,-47946,-47586,-47346,-46986,-46746,-46386,-46146,-45786,-45546,-45186,-44946,-44586,-44346,-43986,-43746,-43386,-43146,-42786,-42546,-42186,-41946,-41586,-41346,-40986,-40746,-40386,-40146,-39786,-39546,-39186,-38946,-38586,-38346,-37986,-37746,-37386,-37146,-36786,-36546,-36186,-35946,-35586,-35346,-34986,-34746,-34386,-34146,-33786,-33546,-33186,-32946,-32586,-32346,-31986,-31746,-31386,-31146,-30786,-30546,-30186,-29946,-29586,-29346,-28986,-28746,-28386,-28146,-27786,-27546,-27186,-26946,-26586,-26346,-25986,-25746,-25386,-25146,-24786,-24546,-24186,-23946,-23586,-23346,-22986,-22746,-22386,-22146,-21786,-21546,-21186,-20946,-20586,-20346,-19986,-19746,-19386,-19146,-18786,-18546,-18186,-17946,-17586,-17346,-16986,-16746,-16386,-16146,-15786,-15546,-15186,-14946,-14586,-14346,-13986,-13746,-13386,-13146,-12786,-12546,-12186,-11946,-11586,-11346,-10986,-10746,-10386,-10146,-9786,-9546,-9186,-8946,-8586,-8346,-7986,-7746,-7386,-7146,-6786,-6546,-6186,-5946,-5586,-5346,-4986,-4746,-4386,-4146,-3786,-3546,-3186,-2946,-2586,-2346,-1986,-1746,-1386,-1146,-786,-546,-186,54,414,654,1014,1254,1614,1854,2214,2454,2814,3054,3414,3654,4014,4254,4614,4854,5214,5454,5814,6054,6414,6654,7014,7254,7614,7854,8214,8454,8814,9054,9414,9654,10014,10254,10614,10854,11214,11454,11814,12054,12414,12654,13014,13254,13614,13854,14214,14454,14814,15054,15414,15654,16014,16254,16614,16854,17214,17454,17814,18054,18414,18654,19014,19254,19614,19854,20214,20454,20814,21054,21414,21654,22014,22254,22614,22854,23214,23454,23814,24054,24414],"sog":[13.3,13.7,13.5,13.5,13.7,13.8,13.4,14.0,13.9,13.4,13.5,13.7,13.7,13.8,13.4,13.8,13.1,13.3,13.6,13.4,13.3,13.2,13.7,13.8,14.3,13.8,13.9,13.6,13.7,14.4,13.1,13.4,13.5,13.6,13.5,14.0,13.6,13.8,13.7,13.4,13.2,13.9,13.4,13.2,13.3,13.7,13.5,13.3,13.6,13.5,14.0,13.4,14.3,13.9,13.8,13.9,13.3,13.6,13.8,14.0,13.5,13.7,13.3,13.4,13.7,13.6,13.4,13.5,13.9,13.8,13.1,13.0,13.7,13.6,13.7,13.6,13.4,12.8,13.1,13.5,13.8,13.4,13.4,13.2,13.3,14.1,14.0,14.0,13.5,13.3,14.2,13.9,13.7,13.6,13.7,13.1,13.6,13.0,13.6,13.3,13.4,13.5,14.3,13.3,13.8,13.9,13.3,13.8,12.9,13.5,13.5,13.4,13.6,14.0,13.6,13.4,13.4,13.4,13.3,13.8,13.8,13.6,13.8,13.8,13.7,13.5,14.0,13.3,13.3,12.9,13.9,13.2,13.5,14.0,13.7,14.3,13.4,13.7,13.8,13.7,13.6,13.2,13.4,13.8,13.8,13.5,13.8,13.2,13.5,14.0,13.8,13.0,13.8,13.0,13.9,13.1,13.7,13.2,13.2,13.5,13.4,13.8,13.7,13.1,13.6,13.6,13.2,14.1,13.5,13.6,13.7,13.4,13.1,14.1,13.8,13.5,14.0,13.3,13.9,13.4,13.8,13.6,13.2,13.2,13.0,13.5,13.5,13.8,13.5,13.3,13.8,13.1,13.5,13.3,13.4,13.7,13.6,13.4,13.7,13.2,13.2,14.0,13.1,13.5,12.7,13.6,13.9,13.8,13.7,14.0,13.2,13.9,13.4,13.8,13.6,13.7,13.8,13.6,13.2,13.4,13.7,13.7,13.3,13.8,13.4,13.8,14.0,13.6,13.3,14.0,13.4,13.8,13.5,13.7,14.0,13.4,13.2,12.7,13.5,13.2,13.2,13.3,13.6,13.7,13.6,13.5,13.7,13.4,13.7,13.5,13.6,13.7,13.1,13.3,13.6,13.4,13.8,13.6,13.5,13.4,13.5,13.6,13.4,13.7,13.7,13.3,13.8,13.8,13.6,13.1,14.0,13.5,13.5,14.0,14.0,13.5,13.0,13.7,13.6,13.2,13.7,13.5,13.1,13.6,13.6,13.8,13.3,13.7,13.2,13.6,13.4,13.4,12.8,13.6,13.7,14.2,13.4,13.9,12.9,13.6,13.8,13.5,13.5,13.5,13.6,13.5,13.7,13.6,13.3,13.3,13.0,13.1,13.3,13.6,13.3,13.5,13.5,13.6,13.9,13.3,13.5,13.9,13.6,13.2,13.4,13.8,14.2,13.7,13.7,13.4,13.2,13.2,13.6,13.6,13.0,13.3,13.5,13.3,13.3,13.6,13.6,13.5,13.5,14.0,13.3,14.0,13.2,13.5,13.6,13.5,13.9,13.8,13.2,13.0,13.9,13.9,14.1,13.5,13.4,13.1,13.6,13.3,12.9,13.5,13.3,13.4,13.5,14.0,13.4,13.3,13.1,13.6,13.4,13.3,13.4,13.6,14.0,13.3,13.7,13.9,13.5,13.0,14.4,13.4,13.4,13.6,13.8,13.3,13.0,13.1,13.1,14.3,13.3,13.4,13.6]}},{"type":"Feature","geometry":{"type":"LineString","coordinates":[[72.2107,18.4928],[72.1919,18.4823],[72.1789,18.4752],[72.1598,18.4651],[72.1471,18.4584],[72.1273,18.448],[72.1149,18.4412],[72.0963,18.4309],[72.0834,18.4241],[72.0644,18.4133],[72.0517,18.4063],[72.0337,18.3955],[72.0214,18.388],[72.0032,18.3767],[71.9904,18.3697],[71.9712,18.3584],[71.9585,18.3514],[71.939,18.3414],[71.9267,18.3345],[71.9072,18.3246],[71.8942,18.3181],[71.8745,18.3082],[71.8615,18.3018],[71.8415,18.2911],[71.8291,18.2846],[71.8103,18.2744],[71.7976,18.2672],[71.7789,18.2569],[71.7669,18.2497],[71.7482,18.2393],[71.7357,18.232],[71.717,18.2211],[71.7045,18.214],[71.6857,18.2029],[71.6729,18.1956],[71.654,18.1848],[71.6417,18.1776],[71.623,18.1664],[71.6104,18.1589],[71.5919,18.1479],[71.5795,18.1408],[71.5603,18.1293],[71.5476,18.1224],[71.5291,18.1116],[71.5162,18.1042],[71.4975,18.0932],[71.4849,18.0859],[71.4663,18.0759],[71.4529,18.0695],[71.4329,18.0597],[71.42,18.0531],[71.4003,18.0434],[71.387,18.0368],[71.3672,18.0277],[71.3539,18.0217],[71.3337,18.0125],[71.3208,18.0066],[71.3007,17.9975],[71.2875,17.991],[71.2677,17.9824],[71.2548,17.9759],[71.2347,17.9668],[71.2212,17.9602],[71.2015,17.9511],[71.1884,17.9449],[71.1684,17.9356],[71.1555,17.9295],[71.1362,17.9195],[71.1234,17.913],[71.1041,17.9029],[71.0911,17.896],[71.0713,17.8856],[71.0586,17.8792],[71.0391,17.8688],[71.0267,17.8625],[71.0073,17.8524],[70.994,17.8454],[70.9748,17.8353],[70.9619,17.8283],[70.9429,17.8189],[70.9296,17.8115],[70.9103,17.8013],[70.8975,17.7945],[70.8792,17.7838],[70.8661,17.7771],[70.8472,17.7659],[70.8348,17.7589],[70.8164,17.7485],[70.8038,17.7411],[70.7857,17.7304],[70.7734,17.7229],[70.7551,17.7122],[70.7423,17.7045],[70.7233,17.6934],[70.7107,17.6856],[70.6919,17.6747],[70.6789,17.6674],[70.6598,17.6561],[70.6471,17.649],[70.6281,17.6387],[70.6155,17.6318],[70.5967,17.6208],[70.5839,17.6136],[70.5655,17.6026],[70.5531,17.5949],[70.5343,17.5837],[70.5222,17.576],[70.5036,17.5637],[70.4917,17.5562],[70.473,17.5452],[70.4599,17.5379],[70.4408,17.5273],[70.428,17.5199],[70.4096,17.5093],[70.397,17.5019],[70.3778,17.4906],[70.3652,17.4834],[70.3465,17.4726],[70.3336,17.4651],[70.3158,17.4544],[70.3031,17.4468],[70.284,17.4357],[70.2716,17.4283],[70.2527,17.4164],[70.2402,17.4086],[70.2219,17.3966],[70.2096,17.389],[70.1917,17.3772],[70.1794,17.3694],[70.1608,17.3574],[70.1484,17.3492],[70.1304,17.337],[70.1184,17.3292],[70.1,17.3175],[70.0878,17.3095],[70.0695,17.297],[70.0575,17.2893],[70.0395,17.2769],[70.0274,17.2687],[70.0092,17.2565],[69.9968,17.2481],[69.9782,17.2361],[69.9656,17.2285],[69.9472,17.2169],[69.9357,17.2098],[69.9169,17.1983],[69.904,17.1909],[69.8855,17.1799],[69.873,17.172],[69.8551,17.1606],[69.8424,17.1532],[69.8245,17.1415],[69.8126,17.1338],[69.7941,17.122],[69.782,17.1141],[69.7639,17.1024],[69.7519,17.095],[69.7338,17.0839],[69.7209,17.0765],[69.7021,17.0661],[69.689,17.0586],[69.6701,17.0482],[69.6569,17.0411],[69.6377,17.0304],[69.6247,17.0237],[69.6063,17.0129],[69.5935,17.0057],[69.5746,16.9947],[69.5617,16.9874],[69.5423,16.9761],[69.5297,16.9688],[69.5113,16.9584],[69.4989,16.9508],[69.4795,16.9401],[69.4666,16.9333],[69.4474,16.9225],[69.4352,16.9154],[69.416,16.9045],[69.4031,16.897],[69.3845,16.8861],[69.3719,16.879],[69.3529,16.8679],[69.3403,16.8606],[69.3217,16.8496],[69.3088,16.8426],[69.2902,16.8316],[69.2774,16.8244],[69.2578,16.8137],[69.2451,16.8061],[69.2263,16.7957],[69.213,16.7889],[69.1933,16.7783],[69.1802,16.7718],[69.161,16.7614],[69.1484,16.7545],[69.1294,16.7436],[69.1163,16.7363],[69.097,16.7251],[69.0848,16.7177],[69.0665,16.7059],[69.0543,16.6984],[69.0363,16.687],[69.0242,16.6795],[69.0059,16.6674],[68.9939,16.6597],[68.9753,16.6476],[68.9632,16.6393],[68.945,16.6269],[68.9331,16.6192],[68.9149,16.6072],[68.9027,16.599],[68.8843,16.5862],[68.8723,16.5783],[68.8543,16.5664],[68.842,16.559],[68.8237,16.5483],[68.8114,16.5408],[68.7921,16.5299],[68.7796,16.5226],[68.7614,16.512],[68.7491,16.5041],[68.73,16.4926],[68.7176,16.4856],[68.6991,16.4744],[68.6866,16.467],[68.6672,16.4555],[68.655,16.4487],[68.6365,16.4372],[68.624,16.4299],[68.6051,16.4185],[68.5925,16.4106],[68.5739,16.3993],[68.5613,16.3916],[68.5434,16.3795],[68.531,16.3718],[68.5128,16.3606],[68.5004,16.3531],[68.4822,16.341],[68.4704,16.3334],[68.4521,16.3215],[68.4404,16.3138],[68.4226,16.3022],[68.4105,16.2946],[68.3923,16.2827],[68.3803,16.2752],[68.3622,16.2634],[68.3503,16.2553],[68.3323,16.2436],[68.3201,16.2358],[68.3022,16.2237],[68.2898,16.2157],[68.2716,16.2034],[68.2604,16.1953],[68.2422,16.1839],[68.2306,16.1763],[68.2122,16.1634],[68.2003,16.1557],[68.1831,16.1438],[68.171,16.1356],[68.1536,16.1235],[68.1412,16.1151],[68.1231,16.1031],[68.1112,16.0955],[68.0931,16.0837],[68.0804,16.0754],[68.0622,16.064],[68.0497,16.0559],[68.0319,16.044],[68.0203,16.0365],[68.0023,16.0242],[67.9899,16.0163],[67.9721,16.0045],[67.9597,15.996],[67.9422,15.9842],[67.9301,15.9759],[67.9123,15.9637],[67.9005,15.9553],[67.8828,15.9434],[67.871,15.9352],[67.8528,15.9228],[67.8407,15.9148],[67.8223,15.9022],[67.8104,15.8945],[67.7919,15.8827],[67.7792,15.8747],[67.7614,15.8633],[67.7491,15.8553],[67.7307,15.8442],[67.7182,15.8366],[67.7006,15.8254],[67.688,15.8172],[67.669,15.8064],[67.6567,15.7985],[67.6376,15.787],[67.6249,15.7795],[67.6069,15.7687],[67.5944,15.7607],[67.5756,15.7499],[67.5629,15.743],[67.5439,15.7322],[67.5316,15.7252],[67.5123,15.7141],[67.5001,15.7067],[67.4816,15.6954],[67.4692,15.6874],[67.4511,15.6752],[67.4389,15.6676],[67.4199,15.6552],[67.4084,15.6476],[67.39,15.6353],[67.3782,15.6271],[67.3609,15.6142],[67.349,15.606],[67.3312,15.5928],[67.3196,15.5842],[67.302,15.5714],[67.29,15.5625],[67.2725,15.5494],[67.2608,15.5407],[67.2433,15.5277],[67.2316,15.5187],[67.2148,15.5056],[67.2035,15.4965],[67.1861,15.4829],[67.1746,15.4744],[67.1569,15.461],[67.146,15.4523],[67.1291,15.4401],[67.117,15.4312],[67.0994,15.4192],[67.0877,15.4109],[67.0696,15.3979],[67.058,15.3895],[67.0402,15.3766],[67.0284,15.3683],[67.0105,15.356],[66.9982,15.3477],[66.981,15.3359],[66.9691,15.3277],[66.9518,15.3148],[66.9401,15.3064],[66.9226,15.293],[66.9115,15.2847],[66.8946,15.2714],[66.8834,15.2629],[66.8664,15.2499],[66.8551,15.2406],[66.8384,15.2269],[66.8271,15.2185],[66.8098,15.2044],[66.7989,15.1952],[66.782,15.1819],[66.771,15.1729],[66.7538,15.1594],[66.7425,15.1502],[66.7257,15.1375],[66.7139,15.1289],[66.6967,15.1158],[66.6854,15.1071],[66.6677,15.0937],[66.6557,15.0851],[66.6385,15.0724],[66.6269,15.0635],[66.609,15.0507],[66.5976,15.0419],[66.5808,15.0291],[66.5685,15.02],[66.5509,15.0065],[66.5391,14.9976],[66.5221,14.9844],[66.51,14.9755],[66.4931,14.9629],[66.4819,14.954],[66.4645,14.9405],[66.4531,14.9314],[66.4362,14.9181],[66.4252,14.9092],[66.408,14.8957],[66.3972,14.8867],[66.3806,14.8725],[66.3693,14.8632],[66.353,14.8498],[66.3422,14.8403],[66.3255,14.8266],[66.3148,14.8167],[66.298,14.8022],[66.287,14.7929],[66.2705,14.7784],[66.2598,14.7687],[66.2437,14.7542],[66.2333,14.7444],[66.2176,14.7298],[66.2073,14.7204],[66.1917,14.7053],[66.1815,14.696],[66.1661,14.681],[66.1557,14.671],[66.1399,14.6558],[66.1292,14.6458],[66.1133,14.6315],[66.1026,14.6214],[66.0866,14.6068],[66.0765,14.5969],[66.0606,14.5826],[66.0499,14.5725],[66.0338,14.5578],[66.0236,14.5479],[66.0086,14.533],[65.9983,14.5222],[65.983,14.5074],[65.9728,14.4971],[65.9579,14.4824],[65.9473,14.4727],[65.932,14.4575],[65.9222,14.4479],[65.9066,14.4326],[65.8964,14.4221],[65.8807,14.4064],[65.8704,14.3957],[65.8553,14.3804],[65.8451,14.3699],[65.8303,14.3547],[65.8205,14.3443],[65.8056,14.3291],[65.7954,14.3189],[65.7801,14.3039],[65.7698,14.2941],[65.7539,14.2791],[65.7435,14.269],[65.7275,14.2544],[65.717,14.245],[65.7008,14.2309],[65.69,14.2215],[65.6734,14.2073],[65.6628,14.1984],[65.646,14.1843],[65.6351,14.1753],[65.6183,14.1612],[65.6073,14.1518],[65.5907,14.1379],[65.5797,14.1283],[65.5626,14.1144],[65.5515,14.1045],[65.5357,14.0906],[65.5252,14.081],[65.5093,14.0667]]},"properties":{"mmsi":995620703,"name":"SYN-CAR-13","role":"candidate","vessel_type":70,"synthetic":true,"t_offset_s":[-127744,-127384,-127144,-126784,-126544,-126184,-125944,-125584,-125344,-124984,-124744,-124384,-124144,-123784,-123544,-123184,-122944,-122584,-122344,-121984,-121744,-121384,-121144,-120784,-120544,-120184,-119944,-119584,-119344,-118984,-118744,-118384,-118144,-117784,-117544,-117184,-116944,-116584,-116344,-115984,-115744,-115384,-115144,-114784,-114544,-114184,-113944,-113584,-113344,-112984,-112744,-112384,-112144,-111784,-111544,-111184,-110944,-110584,-110344,-109984,-109744,-109384,-109144,-108784,-108544,-108184,-107944,-107584,-107344,-106984,-106744,-106384,-106144,-105784,-105544,-105184,-104944,-104584,-104344,-103984,-103744,-103384,-103144,-102784,-102544,-102184,-101944,-101584,-101344,-100984,-100744,-100384,-100144,-99784,-99544,-99184,-98944,-98584,-98344,-97984,-97744,-97384,-97144,-96784,-96544,-96184,-95944,-95584,-95344,-94984,-94744,-94384,-94144,-93784,-93544,-93184,-92944,-92584,-92344,-91984,-91744,-91384,-91144,-90784,-90544,-90184,-89944,-89584,-89344,-88984,-88744,-88384,-88144,-87784,-87544,-87184,-86944,-86584,-86344,-85984,-85744,-85384,-85144,-84784,-84544,-84184,-83944,-83584,-83344,-82984,-82744,-82384,-82144,-81784,-81544,-81184,-80944,-80584,-80344,-79984,-79744,-79384,-79144,-78784,-78544,-78184,-77944,-77584,-77344,-76984,-76744,-76384,-76144,-75784,-75544,-75184,-74944,-74584,-74344,-73984,-73744,-73384,-73144,-72784,-72544,-72184,-71944,-71584,-71344,-70984,-70744,-70384,-70144,-69784,-69544,-69184,-68944,-68584,-68344,-67984,-67744,-67384,-67144,-66784,-66544,-66184,-65944,-65584,-65344,-64984,-64744,-64384,-64144,-63784,-63544,-63184,-62944,-62584,-62344,-61984,-61744,-61384,-61144,-60784,-60544,-60184,-59944,-59584,-59344,-58984,-58744,-58384,-58144,-57784,-57544,-57184,-56944,-56584,-56344,-55984,-55744,-55384,-55144,-54784,-54544,-54184,-53944,-53584,-53344,-52984,-52744,-52384,-52144,-51784,-51544,-51184,-50944,-50584,-50344,-49984,-49744,-49384,-49144,-48784,-48544,-48184,-47944,-47584,-47344,-46984,-46744,-46384,-46144,-45784,-45544,-45184,-44944,-44584,-44344,-43984,-43744,-43384,-43144,-42784,-42544,-42184,-41944,-41584,-41344,-40984,-40744,-40384,-40144,-39784,-39544,-39184,-38944,-38584,-38344,-37984,-37744,-37384,-37144,-36784,-36544,-36184,-35944,-35584,-35344,-34984,-34744,-34384,-34144,-33784,-33544,-33184,-32944,-32584,-32344,-31984,-31744,-31384,-31144,-30784,-30544,-30184,-29944,-29584,-29344,-28984,-28744,-28384,-28144,-27784,-27544,-27184,-26944,-26584,-26344,-25984,-25744,-25384,-25144,-24784,-24544,-24184,-23944,-23584,-23344,-22984,-22744,-22384,-22144,-21784,-21544,-21184,-20944,-20584,-20344,-19984,-19744,-19384,-19144,-18784,-18544,-18184,-17944,-17584,-17344,-16984,-16744,-16384,-16144,-15784,-15544,-15184,-14944,-14584,-14344,-13984,-13744,-13384,-13144,-12784,-12544,-12184,-11944,-11584,-11344,-10984,-10744,-10384,-10144,-9784,-9544,-9184,-8944,-8584,-8344,-7984,-7744,-7384,-7144,-6784,-6544,-6184,-5944,-5584,-5344,-4984,-4744,-4384,-4144,-3784,-3544,-3184,-2944,-2584,-2344,-1984,-1744,-1384,-1144,-784,-544,-184,56,416,656,1016,1256,1616,1856,2216,2456,2816,3056,3416,3656,4016,4256,4616,4856,5216,5456,5816],"sog":[12.1,12.6,12.4,12.8,12.9,13.2,12.4,12.4,12.7,12.9,12.6,12.2,12.6,12.4,12.9,12.7,12.8,12.9,12.0,12.7,12.6,12.6,13.1,13.1,12.4,12.2,12.8,12.6,12.3,12.2,12.5,12.5,12.6,12.4,12.9,12.9,12.6,12.4,12.8,12.5,12.6,12.8,12.9,12.4,13.1,12.8,12.6,12.2,12.9,12.7,12.8,12.7,13.0,13.0,13.0,12.7,13.0,12.4,13.2,12.3,12.6,12.7,12.7,12.4,12.4,12.3,12.9,12.8,12.3,12.6,12.3,13.1,12.4,12.6,11.9,12.7,12.9,13.0,12.7,12.2,12.8,12.3,13.1,12.2,12.5,12.6,12.3,12.1,13.1,12.2,12.6,12.4,13.2,12.9,12.6,12.7,12.9,13.4,12.8,12.3,12.9,12.1,12.7,12.2,12.7,12.4,12.8,12.5,12.6,12.5,12.9,12.6,12.5,12.2,12.4,12.8,13.1,13.1,12.7,12.2,12.6,12.6,12.6,13.6,12.9,12.6,12.7,12.5,12.9,12.7,13.2,12.4,12.6,12.7,12.6,12.9,12.5,12.4,13.0,12.3,13.5,12.9,12.6,12.4,12.3,12.9,13.0,12.7,12.7,12.6,13.0,12.0,12.3,12.3,13.0,12.3,12.3,12.5,12.4,12.8,12.9,13.0,12.5,12.9,12.9,12.5,12.7,12.8,13.6,12.7,12.5,12.7,13.1,12.6,12.4,13.0,12.7,12.7,12.6,12.6,12.8,12.5,12.7,12.6,12.6,12.3,12.8,12.6,12.4,12.9,13.1,13.0,13.1,12.6,12.2,12.9,12.9,12.8,12.6,12.0,12.6,12.5,12.4,12.6,12.6,13.0,12.8,12.4,12.7,12.9,12.8,12.7,12.6,12.2,11.9,11.6,12.6,12.7,12.4,12.7,13.0,12.6,12.5,12.2,12.8,13.2,12.9,12.3,12.5,13.3,13.0,12.8,12.9,12.9,12.8,12.3,13.2,12.3,12.6,12.1,11.9,12.8,12.3,12.7,12.6,12.4,12.3,12.5,12.9,12.7,12.6,12.7,12.5,12.4,12.1,12.9,12.5,12.6,12.7,12.2,12.3,12.6,12.4,12.7,13.3,12.3,12.8,12.5,12.1,12.8,12.2,12.4,12.7,12.9,12.9,12.6,12.5,12.6,12.9,13.0,12.9,13.1,12.7,13.0,12.8,12.9,12.3,12.7,12.6,12.4,13.0,13.0,12.8,13.0,13.2,12.3,12.7,12.5,12.8,12.4,12.9,13.0,12.4,12.7,13.2,12.4,12.6,12.7,12.4,12.8,12.9,12.7,12.5,12.8,12.6,12.5,12.9,13.0,12.9,12.4,13.0,13.0,12.2,12.5,12.7,12.5,12.6,12.0,12.2,13.0,12.9,12.8,12.4,13.2,12.5,12.4,13.0,12.1,12.5,12.5,12.5,13.0,12.0,12.4,12.8,12.4,12.4,12.8,12.7,12.9,12.4,13.1,12.3,12.7,12.6,12.1,12.5,12.3,12.6,12.6,13.1,12.4,12.7,12.6,12.3,12.5,13.0,13.1,13.0,12.5,12.1,12.6,12.4,13.0,12.8,12.5,12.9,12.4,12.5,12.6,12.2,12.3,12.5,12.6,13.2,13.3,12.4,12.7,12.6,12.5,12.7,12.0,12.5,12.8,12.4,12.1,12.7,12.7,12.8,12.4,12.7,12.3,12.7,12.7,13.0,12.6,12.7,12.3,13.0,12.6,12.2,12.3,12.9,12.3,12.4,12.5,13.2,12.7,12.8,12.8,12.4,12.2,12.9,12.6,12.2,12.2,12.7,13.0,13.1,12.4,12.4,12.0,13.0,12.7,11.8,12.5,12.8,12.7,12.6,13.0,12.7,12.8,13.0,12.5,12.6,12.8]}},{"type":"Feature","geometry":{"type":"LineString","coordinates":[[72.5561,18.6933],[72.5511,18.6905],[72.5354,18.6815],[72.5244,18.6754],[72.5086,18.6668],[72.4983,18.6612],[72.4825,18.6519],[72.4719,18.6465],[72.4561,18.6372],[72.4456,18.631],[72.43,18.6222],[72.4192,18.6163],[72.4039,18.6077],[72.3929,18.6023],[72.3773,18.5934],[72.3665,18.5874],[72.3507,18.5788],[72.34,18.5727],[72.3238,18.5638],[72.3128,18.5579],[72.2967,18.5492],[72.2861,18.5436],[72.2701,18.5356],[72.2594,18.5299],[72.2427,18.5219],[72.2315,18.5165],[72.2146,18.5089],[72.2043,18.5036],[72.1877,18.4953],[72.177,18.4899],[72.1604,18.4812],[72.15,18.4762],[72.1337,18.4673],[72.1229,18.4619],[72.1066,18.4535],[72.0961,18.4483],[72.0793,18.44],[72.0687,18.4345],[72.0527,18.4259],[72.0412,18.4206],[72.0249,18.4121],[72.0143,18.4064],[71.9976,18.3981],[71.9869,18.3922],[71.9711,18.3834],[71.9602,18.378],[71.944,18.3697],[71.9333,18.3638],[71.9168,18.3553],[71.9066,18.3497],[71.891,18.3411],[71.8804,18.3346],[71.6705,18.2247],[71.6649,18.2217],[71.6487,18.2134],[71.638,18.2081],[71.622,18.1997],[71.6109,18.1937],[71.5948,18.1854],[71.5833,18.1796],[71.567,18.1714],[71.5559,18.1661],[71.5395,18.1586],[71.5288,18.1535],[71.5119,18.1453],[71.5007,18.1401],[71.4836,18.1331],[71.4723,18.1279],[71.4551,18.1207],[71.4441,18.1158],[71.4277,18.1083],[71.4168,18.1031],[71.3999,18.096],[71.3894,18.0907],[71.3734,18.0835],[71.3622,18.0783],[71.3458,18.0715],[71.3347,18.067],[71.3179,18.0599],[71.3069,18.055],[71.29,18.0476],[71.2789,18.0424],[71.2622,18.0356],[71.2508,18.0307],[71.2334,18.0233],[71.2223,18.0185],[71.2057,18.0112],[71.1949,18.0066],[71.1775,17.9991],[71.1661,17.9943],[71.1495,17.9878],[71.1379,17.9829],[71.1206,17.9761],[71.109,17.9718],[71.0922,17.9653],[71.0806,17.9609],[71.0634,17.9552],[71.0523,17.9509],[71.0352,17.9455],[71.0233,17.9419],[71.0059,17.9365],[70.9945,17.9331],[70.977,17.9273],[70.9658,17.9238],[70.9482,17.9184],[70.9371,17.9145],[70.9196,17.9084],[70.9081,17.9042],[70.8914,17.8978],[70.8797,17.8936],[70.8627,17.8864],[70.8516,17.8817],[70.8342,17.8751],[70.8227,17.8705],[70.8057,17.8641],[70.794,17.8596],[70.7773,17.8533],[70.7661,17.8488],[70.7494,17.8423],[70.7384,17.8375],[70.7214,17.8303],[70.7098,17.8258],[70.6925,17.8185],[70.6814,17.8143],[70.6644,17.8073],[70.6534,17.8028],[70.6367,17.7954],[70.6254,17.7907],[70.6084,17.7835],[70.597,17.7779],[70.5806,17.7705],[70.5689,17.7652],[70.5523,17.7575],[70.5414,17.7524],[70.5251,17.7452],[70.5137,17.7402],[70.4976,17.7329],[70.4859,17.7275],[70.4691,17.7204],[70.4579,17.715],[70.4416,17.7075],[70.4306,17.703],[70.4144,17.6954],[70.4031,17.6904],[70.3864,17.6831],[70.3754,17.6781],[70.358,17.6703],[70.3466,17.6656],[70.3303,17.6579],[70.3192,17.6527],[70.3027,17.6454],[70.2916,17.6403],[70.2752,17.6321],[70.2653,17.6271],[70.2486,17.6191],[70.2376,17.614],[70.222,17.6067],[70.2113,17.6021],[70.1948,17.5943],[70.1836,17.5893],[70.1674,17.5815],[70.1565,17.576],[70.1396,17.5683],[70.1287,17.5629],[70.1123,17.5553],[70.1014,17.5503],[70.0854,17.543],[70.0736,17.5378],[70.057,17.5297],[70.046,17.5244],[70.0295,17.5161],[70.0191,17.5112],[70.0022,17.5032],[69.9912,17.4979],[69.9745,17.4903],[69.9641,17.4859],[69.9477,17.4784],[69.9366,17.4733],[69.9197,17.466],[69.9088,17.4606],[69.8926,17.4527],[69.8812,17.4479],[69.8648,17.4402],[69.8538,17.4349],[69.8371,17.4271],[69.8257,17.4222],[69.8097,17.4149],[69.7982,17.4099],[69.7813,17.4028],[69.7705,17.3982],[69.7542,17.3906],[69.743,17.3855],[69.7266,17.378],[69.7155,17.3726],[69.6987,17.3649],[69.6883,17.3599],[69.6718,17.3525],[69.6607,17.347],[69.6442,17.3394],[69.6333,17.3344],[69.6167,17.3265],[69.6059,17.3215],[69.5896,17.3141],[69.5786,17.3091],[69.5622,17.3022],[69.5507,17.2966],[69.5343,17.2891],[69.5235,17.2845],[69.507,17.2767],[69.4967,17.2716],[69.48,17.2638],[69.4688,17.2583],[69.4525,17.2502],[69.4413,17.245],[69.4253,17.2371],[69.4137,17.232],[69.3972,17.2242],[69.3858,17.2188],[69.3692,17.2108],[69.359,17.2055],[69.3421,17.1974],[69.3313,17.192],[69.3147,17.1836],[69.3036,17.178],[69.2873,17.1693],[69.2763,17.1643],[69.2604,17.1559],[69.2497,17.15],[69.2333,17.1418],[69.2223,17.136],[69.2059,17.1271],[69.1947,17.1219],[69.1784,17.1137],[69.1677,17.1083],[69.1513,17.1001],[69.1397,17.0951],[69.1225,17.0871],[69.1109,17.0819],[69.0941,17.0741],[69.0829,17.0692],[69.0655,17.0614],[69.0548,17.0566],[69.0376,17.0493],[69.0268,17.0447],[69.0105,17.0378],[68.9989,17.0328],[68.9824,17.0258],[68.9705,17.0212],[68.9539,17.0149],[68.9422,17.0107],[68.9252,17.0045],[68.914,17.0005],[68.8965,16.9945],[68.8853,16.9907],[68.8677,16.9847],[68.8558,16.9806],[68.8387,16.9746],[68.8268,16.9706],[68.8099,16.9644],[68.7986,16.9604],[68.7814,16.9544],[68.7698,16.9501],[68.7532,16.9441],[68.742,16.94],[68.7243,16.9337],[68.7128,16.9296],[68.6956,16.9233],[68.6838,16.9188],[68.6667,16.9125],[68.6554,16.9081],[68.6381,16.9014],[68.6266,16.8966],[68.6098,16.8899],[68.5982,16.8857],[68.5814,16.8787],[68.5702,16.8748],[68.5526,16.8675],[68.541,16.8631],[68.5231,16.8565],[68.5116,16.8524],[68.4946,16.8461],[68.4832,16.8422],[68.4655,16.8363],[68.4543,16.8325],[68.4369,16.8264],[68.4251,16.8225],[68.4079,16.8166],[68.3962,16.8129],[68.3789,16.8068],[68.367,16.8026],[68.3496,16.7974],[68.3374,16.7946],[68.32,16.7895],[68.3079,16.7861],[68.2907,16.7811],[68.2788,16.7777],[68.2619,16.7731],[68.2498,16.7697],[68.2329,16.7649],[68.2213,16.7614],[68.2039,16.756],[68.1923,16.7521],[68.1748,16.7467],[68.1634,16.743],[68.1458,16.7376],[68.1347,16.7348],[68.1176,16.7299],[68.1057,16.7264],[68.0885,16.7214],[68.0769,16.7183],[68.0592,16.7135],[68.0475,16.7104],[68.0294,16.7056],[68.0179,16.7021],[67.9994,16.6972],[67.9882,16.6942],[67.9707,16.6895],[67.9588,16.6863],[67.9408,16.6817],[67.9296,16.6786],[67.9114,16.6737],[67.899,16.6702],[67.8814,16.6652],[67.87,16.6619],[67.8523,16.6569],[67.8402,16.6537],[67.8219,16.6485],[67.81,16.6452],[67.7925,16.6404],[67.7812,16.6374],[67.7633,16.633],[67.7521,16.6299],[67.7341,16.6249],[67.7226,16.6218],[67.7046,16.6171],[67.693,16.614],[67.6763,16.6092],[67.6639,16.6058],[67.6462,16.6009],[67.6339,16.5976],[67.6164,16.5925],[67.6042,16.5895],[67.5864,16.5845],[67.5741,16.5816],[67.5568,16.5764],[67.5455,16.5734],[67.5274,16.5684],[67.5157,16.5649],[67.498,16.5596],[67.4862,16.5564],[67.4687,16.5513],[67.4566,16.5483],[67.4389,16.5435],[67.4276,16.5403],[67.4098,16.5354],[67.3981,16.5324],[67.381,16.5275],[67.37,16.5243],[67.3522,16.5195],[67.3403,16.5158],[67.3233,16.5105],[67.3115,16.5069],[67.2938,16.5021],[67.2821,16.4989],[67.2646,16.4934],[67.253,16.4901],[67.2352,16.4848],[67.2237,16.4808],[67.2058,16.4754],[67.1948,16.4713],[67.1769,16.4658],[67.1655,16.4618],[67.1479,16.4561],[67.1358,16.4527],[67.1181,16.4471],[67.1063,16.443],[67.0889,16.4379],[67.0775,16.4341],[67.0603,16.4288],[67.0489,16.4253],[67.0318,16.4199],[67.0202,16.4164],[67.0028,16.4112],[66.9909,16.4074],[66.9734,16.4018],[66.9615,16.398],[66.944,16.3921],[66.932,16.3886],[66.9149,16.3827],[66.9036,16.3788],[66.8865,16.3726],[66.8748,16.3682],[66.8582,16.3617],[66.8468,16.3572],[66.8296,16.3505],[66.8184,16.3464],[66.8012,16.34],[66.7896,16.3357],[66.7724,16.3294],[66.761,16.3247],[66.744,16.3185],[66.7325,16.3145],[66.7151,16.3087],[66.7038,16.3055],[66.6864,16.2999],[66.6743,16.2958],[66.6571,16.2902],[66.6455,16.2859],[66.6281,16.2795],[66.6161,16.2751],[66.5993,16.269],[66.5882,16.2643],[66.5711,16.2579],[66.5599,16.2534],[66.5426,16.2468],[66.5315,16.2421],[66.5146,16.2348],[66.5039,16.2301],[66.4876,16.2224],[66.4767,16.2172],[66.4604,16.2093],[66.4492,16.2039],[66.4331,16.1953],[66.4227,16.19],[66.4061,16.1817],[66.3952,16.1762],[66.379,16.1683],[66.3676,16.1633],[66.3508,16.1553],[66.3398,16.1496],[66.3232,16.142],[66.3124,16.1364],[66.2961,16.1285],[66.2849,16.123],[66.2682,16.1148],[66.2579,16.11],[66.2414,16.1022],[66.2301,16.0967],[66.2134,16.0887],[66.2026,16.0834],[66.1858,16.0756],[66.175,16.0702],[66.1589,16.0623],[66.1477,16.0574],[66.1314,16.0501],[66.1202,16.0449],[66.1032,16.0375],[66.0916,16.0328],[66.0745,16.0259],[66.0631,16.0213],[66.0455,16.015],[66.0343,16.0109],[66.0169,16.0044],[66.0054,16.0003],[65.9881,15.9947],[65.9767,15.9905],[65.9595,15.9847],[65.9483,15.9809],[65.9309,15.9746],[65.92,15.9711],[65.9022,15.9653],[65.8907,15.9611],[65.8738,15.9549],[65.8629,15.951],[65.8457,15.9447],[65.8338,15.9402],[65.817,15.9339],[65.8054,15.9296],[65.7884,15.9224],[65.777,15.9175],[65.7596,15.9111],[65.7486,15.9076],[65.731,15.9012],[65.72,15.8967],[65.7033,15.8903],[65.6916,15.8861],[65.6741,15.8796],[65.6624,15.8755],[65.6456,15.8689],[65.634,15.8641],[65.617,15.8575],[65.6058,15.8528],[65.5885,15.8458],[65.5768,15.8414],[65.56,15.8352],[65.5487,15.8301],[65.5318,15.8237],[65.5199,15.8187],[65.503,15.8119]]},"properties":{"mmsi":995678961,"name":"SYN-CAR-31","role":"candidate","vessel_type":70,"synthetic":true,"t_offset_s":[-199012,-198892,-198532,-198292,-197932,-197692,-197332,-197092,-196732,-196492,-196132,-195892,-195532,-195292,-194932,-194692,-194332,-194092,-193732,-193492,-193132,-192892,-192532,-192292,-191932,-191692,-191332,-191092,-190732,-190492,-190132,-189892,-189532,-189292,-188932,-188692,-188332,-188092,-187732,-187492,-187132,-186892,-186532,-186292,-185932,-185692,-185332,-185092,-184732,-184492,-184132,-183892,-179212,-179092,-178732,-178492,-178132,-177892,-177532,-177292,-176932,-176692,-176332,-176092,-175732,-175492,-175132,-174892,-174532,-174292,-173932,-173692,-173332,-173092,-172732,-172492,-172132,-171892,-171532,-171292,-170932,-170692,-170332,-170092,-169732,-169492,-169132,-168892,-168532,-168292,-167932,-167692,-167332,-167092,-166732,-166492,-166132,-165892,-165532,-165292,-164932,-164692,-164332,-164092,-163732,-163492,-163132,-162892,-162532,-162292,-161932,-161692,-161332,-161092,-160732,-160492,-160132,-159892,-159532,-159292,-158932,-158692,-158332,-158092,-157732,-157492,-157132,-156892,-156532,-156292,-155932,-155692,-155332,-155092,-154732,-154492,-154132,-153892,-153532,-153292,-152932,-152692,-152332,-152092,-151732,-151492,-151132,-150892,-150532,-150292,-149932,-149692,-149332,-149092,-148732,-148492,-148132,-147892,-147532,-147292,-146932,-146692,-146332,-146092,-145732,-145492,-145132,-144892,-144532,-144292,-143932,-143692,-143332,-143092,-142732,-142492,-142132,-141892,-141532,-141292,-140932,-140692,-140332,-140092,-139732,-139492,-139132,-138892,-138532,-138292,-137932,-137692,-137332,-137092,-136732,-136492,-136132,-135892,-135532,-135292,-134932,-134692,-134332,-134092,-133732,-133492,-133132,-132892,-132532,-132292,-131932,-131692,-131332,-131092,-130732,-130492,-130132,-129892,-129532,-129292,-128932,-128692,-128332,-128092,-127732,-127492,-127132,-126892,-126532,-126292,-125932,-125692,-125332,-125092,-124732,-124492,-124132,-123892,-123532,-123292,-122932,-122692,-122332,-122092,-121732,-121492,-121132,-120892,-120532,-120292,-119932,-119692,-119332,-119092,-118732,-118492,-118132,-117892,-117532,-117292,-116932,-116692,-116332,-116092,-115732,-115492,-115132,-114892,-114532,-114292,-113932,-113692,-113332,-113092,-112732,-112492,-112132,-111892,-111532,-111292,-110932,-110692,-110332,-110092,-109732,-109492,-109132,-108892,-108532,-108292,-107932,-107692,-107332,-107092,-106732,-106492,-106132,-105892,-105532,-105292,-104932,-104692,-104332,-104092,-103732,-103492,-103132,-102892,-102532,-102292,-101932,-101692,-101332,-101092,-100732,-100492,-100132,-99892,-99532,-99292,-98932,-98692,-98332,-98092,-97732,-97492,-97132,-96892,-96532,-96292,-95932,-95692,-95332,-95092,-94732,-94492,-94132,-93892,-93532,-93292,-92932,-92692,-92332,-92092,-91732,-91492,-91132,-90892,-90532,-90292,-89932,-89692,-89332,-89092,-88732,-88492,-88132,-87892,-87532,-87292,-86932,-86692,-86332,-86092,-85732,-85492,-85132,-84892,-84532,-84292,-83932,-83692,-83332,-83092,-82732,-82492,-82132,-81892,-81532,-81292,-80932,-80692,-80332,-80092,-79732,-79492,-79132,-78892,-78532,-78292,-77932,-77692,-77332,-77092,-76732,-76492,-76132,-75892,-75532,-75292,-74932,-74692,-74332,-74092,-73732,-73492,-73132,-72892,-72532,-72292,-71932,-71692,-71332,-71092,-70732,-70492,-70132,-69892,-69532,-69292,-68932,-68692,-68332,-68092,-67732,-67492,-67132,-66892,-66532,-66292,-65932,-65692,-65332,-65092,-64732,-64492,-64132,-63892,-63532,-63292,-62932,-62692,-62332,-62092,-61732,-61492,-61132,-60892,-60532,-60292,-59932,-59692,-59332,-59092,-58732,-58492,-58132,-57892,-57532,-57292,-56932,-56692,-56332,-56092,-55732,-55492,-55132,-54892,-54532,-54292,-53932,-53692,-53332,-53092,-52732,-52492,-52132,-51892,-51532,-51292,-50932,-50692,-50332,-50092,-49732,-49492,-49132,-48892,-48532],"sog":[10.3,10.2,10.4,10.6,10.5,10.5,10.3,10.4,11.0,10.9,10.4,10.2,10.6,10.3,10.3,10.7,10.4,10.8,10.7,10.9,10.9,10.4,10.2,10.7,10.5,10.9,10.2,10.5,10.4,10.6,10.6,10.3,11.1,10.8,10.6,10.4,10.7,10.5,10.9,11.2,10.5,10.1,11.1,11.0,10.6,10.2,10.3,10.9,10.4,10.0,10.2,10.5,11.0,10.8,10.5,10.7,10.5,10.6,10.6,10.8,10.5,10.5,10.3,10.5,10.8,10.5,11.0,11.3,10.1,10.6,10.3,10.1,10.4,10.3,10.1,10.4,10.6,10.3,10.4,10.8,10.4,9.9,10.2,10.8,10.4,10.9,10.5,10.5,11.1,10.6,10.5,10.9,10.3,10.5,10.4,11.0,10.7,10.4,10.4,10.6,10.7,10.4,10.2,10.5,11.0,10.2,10.6,10.7,10.2,10.4,10.9,10.6,10.7,10.8,10.3,10.7,10.4,11.0,10.0,10.6,10.4,10.8,10.6,10.8,10.7,10.2,10.7,11.0,10.3,10.6,10.4,11.0,10.8,10.6,10.1,10.8,10.5,11.1,10.6,10.6,10.5,10.2,9.7,10.4,10.5,10.8,11.1,10.6,10.3,10.5,10.9,10.3,10.6,10.4,10.9,10.2,10.8,10.7,10.6,10.4,10.5,10.8,10.6,10.5,10.8,10.4,10.6,10.6,11.1,10.8,10.0,10.4,10.5,10.3,10.7,10.1,10.5,10.9,10.3,10.4,10.3,10.6,11.0,10.2,10.8,10.7,10.6,10.6,10.5,10.4,10.0,10.6,10.7,10.6,10.5,10.6,10.2,10.4,10.4,10.2,10.6,10.2,10.0,10.3,10.6,10.7,10.5,10.1,10.7,9.8,10.6,10.3,10.8,10.7,10.5,10.4,10.8,10.3,11.1,10.3,10.5,10.7,11.1,10.7,10.6,10.4,10.1,10.1,10.9,11.0,10.4,10.8,10.5,10.7,10.7,11.1,11.0,10.8,10.7,11.1,10.8,10.6,10.5,10.3,10.2,10.5,10.7,10.5,10.3,10.1,10.4,10.6,10.4,10.6,10.5,10.7,10.4,10.9,10.1,11.3,10.3,10.4,10.0,10.0,10.7,10.5,10.7,10.7,10.5,10.8,10.5,10.6,10.6,10.2,10.4,10.5,10.8,10.9,11.3,10.5,10.8,10.7,10.5,10.8,10.7,10.2,10.7,10.7,10.8,11.7,10.4,10.6,10.2,10.8,10.8,10.6,9.9,10.8,10.6,10.6,10.0,10.9,10.3,10.5,10.4,10.2,10.1,10.6,10.8,10.1,10.6,10.7,10.8,11.0,10.9,10.5,10.4,10.5,10.8,10.2,10.7,11.1,10.3,10.7,10.7,10.7,11.2,10.7,10.3,10.1,10.5,10.4,10.7,10.5,10.3,10.3,10.2,11.1,11.0,11.0,10.7,10.9,10.3,10.5,10.4,10.4,11.2,10.8,10.6,10.4,10.7,10.9,10.5,10.2,10.8,10.0,10.2,10.0,10.5,10.5,10.7,10.4,10.6,10.6,10.5,10.7,10.7,10.7,11.1,10.2,10.8,10.7,11.0,10.6,10.3,10.8,10.7,10.6,10.6,9.8,10.6,10.3,10.5,10.1,10.9,10.7,10.5,10.1,10.8,10.2,10.1,10.3,10.1,10.3,10.4,10.7,10.8,10.9,10.1,10.7,10.7,10.4,10.7,10.5,10.5,11.1,10.8,10.9,10.9,11.0,10.5,10.2,10.2,10.5,10.4,10.2,10.8,9.8,10.6,10.7,10.5,10.2,10.4,10.8,10.4,10.3,10.9,10.3,11.2,10.4,10.3,10.6,10.6,10.5,11.0,9.7,10.8,11.4,10.5,10.3,10.5,10.4,10.3,10.6,10.0,10.7,10.8,10.9,10.7,10.7,10.7,10.8,10.5,10.6,10.4,10.7,10.6,10.1,10.6,10.0,10.9,10.7,10.5,10.4,10.6,10.6,10.6,11.1,10.5,10.8,10.9,10.2,10.5,10.3,10.5,10.5,10.5,10.7,11.0,10.3,10.3,10.8,11.1,10.7,10.6,10.8,10.4,11.0,10.4]}},{"type":"Feature","geometry":{"type":"LineString","coordinates":[[70.902,17.7535],[70.9206,17.7635],[70.9324,17.7698],[70.9505,17.7797],[70.963,17.7864],[70.9813,17.7963],[70.993,17.8029],[71.0114,17.8127],[71.0234,17.8193],[71.0422,17.8293],[71.0545,17.8359],[71.0721,17.8462],[71.0837,17.8526],[71.1016,17.863],[71.1135,17.8697],[71.1322,17.8798],[71.144,17.8862],[71.1626,17.897],[71.1746,17.9036],[71.1925,17.9139],[71.2044,17.9209],[71.2231,17.9312],[71.2351,17.9383],[71.2529,17.9485],[71.265,17.9551],[71.2828,17.9646],[71.2955,17.972],[71.3138,17.9825],[71.3262,17.9891],[71.344,17.9993],[71.3563,18.0062],[71.3738,18.0165],[71.3855,18.0234],[71.4038,18.0338],[71.4158,18.0404],[71.4339,18.0505],[71.4468,18.0573],[71.4648,18.0676],[71.4773,18.074],[71.4962,18.084],[71.5084,18.0903],[71.5271,18.0992],[71.5394,18.1055],[71.5576,18.1152],[71.5702,18.1213],[71.5886,18.1313],[71.6008,18.1378],[71.619,18.1473],[71.6307,18.1543],[71.6492,18.1641],[71.6611,18.1711],[71.6793,18.1806],[71.6913,18.1874],[71.7101,18.1972],[71.722,18.2033],[71.74,18.2128],[71.7523,18.2194],[71.7706,18.2294],[71.7825,18.2366],[71.8006,18.2471],[71.8122,18.2541],[71.8294,18.2652],[71.8407,18.2731],[71.8578,18.2845],[71.869,18.2923],[71.8854,18.3035],[71.8974,18.3117],[71.9146,18.3231],[71.926,18.331],[71.9434,18.3427],[71.9543,18.3507],[71.9717,18.3621],[71.9834,18.3697],[72.0,18.382],[72.0108,18.3902],[72.0274,18.4018],[72.039,18.4101],[72.0557,18.422],[72.0668,18.4302],[72.0843,18.4421],[72.0952,18.4497],[72.1121,18.4613],[72.1232,18.4696],[72.1399,18.4817],[72.1515,18.4896],[72.1674,18.5008],[72.1789,18.5086],[72.1958,18.5211],[72.2071,18.529],[72.2236,18.5409],[72.2344,18.5491],[72.2506,18.5614],[72.2613,18.57],[72.2771,18.5831],[72.2884,18.591],[72.3047,18.6042],[72.3156,18.6125],[72.3322,18.6248],[72.3435,18.633],[72.3604,18.6459],[72.3718,18.6542],[72.388,18.6663],[72.3995,18.6745],[72.4159,18.6867],[72.427,18.6952],[72.4428,18.7067],[72.4538,18.7151],[72.4712,18.7268],[72.4825,18.7345],[72.4986,18.7464],[72.5098,18.7547],[72.5265,18.767],[72.5378,18.7749],[72.5544,18.7867],[72.5658,18.7949],[72.5822,18.8071],[72.5931,18.8154],[72.6103,18.8277],[72.621,18.8353],[72.6372,18.8478],[72.6477,18.856],[72.6643,18.8684],[72.6754,18.8769],[72.6924,18.8897],[72.7037,18.8979],[72.7195,18.9104],[72.7299,18.9184],[72.7462,18.9312],[72.757,18.94],[72.7738,18.9526],[72.7843,18.9606],[72.8009,18.9735],[72.8121,18.9819],[72.9541,19.0894],[72.9654,19.0973],[72.9767,19.1053]]},"properties":{"mmsi":995765570,"name":"SYN-TAN-10","role":"candidate","vessel_type":80,"synthetic":true,"t_offset_s":[-131944,-131584,-131344,-130984,-130744,-130384,-130144,-129784,-129544,-129184,-128944,-128584,-128344,-127984,-127744,-127384,-127144,-126784,-126544,-126184,-125944,-125584,-125344,-124984,-124744,-124384,-124144,-123784,-123544,-123184,-122944,-122584,-122344,-121984,-121744,-121384,-121144,-120784,-120544,-120184,-119944,-119584,-119344,-118984,-118744,-118384,-118144,-117784,-117544,-117184,-116944,-116584,-116344,-115984,-115744,-115384,-115144,-114784,-114544,-114184,-113944,-113584,-113344,-112984,-112744,-112384,-112144,-111784,-111544,-111184,-110944,-110584,-110344,-109984,-109744,-109384,-109144,-108784,-108544,-108184,-107944,-107584,-107344,-106984,-106744,-106384,-106144,-105784,-105544,-105184,-104944,-104584,-104344,-103984,-103744,-103384,-103144,-102784,-102544,-102184,-101944,-101584,-101344,-100984,-100744,-100384,-100144,-99784,-99544,-99184,-98944,-98584,-98344,-97984,-97744,-97384,-97144,-96784,-96544,-96184,-95944,-95584,-95344,-94984,-94744,-94384,-94144,-93784,-93544,-93184,-92944,-92584,-92344,-89224,-88984,-88744],"sog":[11.6,11.8,11.9,12.3,12.0,12.0,11.8,12.3,12.6,12.1,12.4,12.1,11.6,12.2,11.6,12.6,12.4,12.0,12.2,12.7,11.8,12.4,12.2,12.1,12.0,12.0,12.1,12.0,12.0,12.1,11.8,11.6,11.7,12.3,12.1,12.3,12.2,12.2,12.3,12.4,11.5,12.3,12.4,12.1,12.0,12.3,12.0,11.7,11.6,12.4,12.0,11.8,11.8,12.0,11.7,12.0,12.3,11.9,12.0,12.1,11.8,11.8,12.2,11.6,12.3,11.5,12.3,12.8,12.6,12.2,11.6,12.6,12.0,12.0,12.1,11.8,12.0,12.3,12.2,12.0,11.6,12.6,11.8,11.9,12.0,11.4,12.2,12.1,12.2,11.5,11.8,12.1,12.0,12.0,11.8,12.4,12.1,11.5,12.3,12.5,12.7,11.8,12.6,11.9,12.2,11.6,12.2,11.9,12.2,12.1,12.2,11.3,12.1,12.2,12.4,11.6,12.3,12.3,11.6,12.0,11.7,12.0,11.9,12.7,11.9,11.8,11.2,11.9,12.1,12.3,11.9,11.6,12.4,12.4,12.0,12.6]}},{"type":"Feature","geometry":{"type":"LineString","coordinates":[[69.2401,18.6828],[69.2473,18.6808],[69.2501,18.6785],[69.2487,18.6704],[69.2533,18.6661],[69.2591,18.6629],[69.2618,18.6582],[69.2645,18.651],[69.2689,18.6501],[69.275,18.6557],[69.2797,18.6586],[69.2851,18.6626],[69.2871,18.6671],[69.294,18.6687],[69.297,18.669],[69.3044,18.6691],[69.3116,18.6688],[69.3177,18.6755],[69.3213,18.6784],[69.3287,18.6848],[69.3308,18.6902],[69.3333,18.6971],[69.3386,18.6995],[69.3445,18.6941],[69.3478,18.6906],[69.3547,18.6842],[69.3551,18.6779],[69.3518,18.673],[69.3479,18.67],[69.3462,18.6643],[69.3474,18.659],[69.3521,18.6524],[69.3589,18.6492],[69.3665,18.6519],[69.3693,18.6545],[69.3774,18.6582],[69.3826,18.6591],[69.3868,18.6547],[69.3925,18.6534],[69.4008,18.6551],[69.4053,18.6521],[69.4131,18.6498],[69.4178,18.6466],[69.4238,18.6414],[69.4259,18.635],[69.4333,18.6302],[69.4374,18.626],[69.4387,18.6175],[69.4426,18.6128],[69.4474,18.6049],[69.4507,18.6007],[69.4596,18.5969],[69.4626,18.593],[69.4701,18.588],[69.4744,18.5836],[69.4829,18.5797],[69.4828,18.5747],[69.4798,18.5672],[69.476,18.5637],[69.4691,18.5608],[69.4635,18.559],[69.4562,18.5559],[69.4502,18.554],[69.4419,18.5525],[69.436,18.5497],[69.4315,18.5448],[69.428,18.5402],[69.4222,18.5359],[69.418,18.5317],[69.4101,18.5267],[69.4061,18.5233],[69.4066,18.5166],[69.4057,18.5121],[69.3977,18.5083],[69.3923,18.5112],[69.3869,18.5163],[69.3874,18.5215],[69.3906,18.5272],[69.3954,18.5301],[69.4021,18.535],[69.404,18.5403],[69.4096,18.5469],[69.4132,18.5494],[69.4189,18.5534],[69.424,18.553],[69.4315,18.551],[69.4338,18.5458],[69.4352,18.5375],[69.4387,18.5338],[69.4467,18.5299],[69.4522,18.5289],[69.4606,18.5288],[69.4644,18.5274],[69.468,18.5204],[69.4743,18.5196],[69.4827,18.5187],[69.4881,18.5193],[69.4972,18.5213],[69.502,18.5229],[69.5104,18.5253],[69.5158,18.5276],[69.5227,18.5233],[69.5242,18.5179],[69.5184,18.5142],[69.5118,18.5105],[69.5159,18.5024],[69.5171,18.499],[69.5246,18.4968],[69.529,18.4945],[69.5332,18.4895],[69.5381,18.4876],[69.5417,18.4807],[69.5455,18.4773],[69.5503,18.4712],[69.5531,18.4674],[69.5527,18.4603],[69.5533,18.4564],[69.5586,18.4485],[69.5615,18.4449],[69.5682,18.4398],[69.5739,18.4389],[69.5809,18.4355],[69.5825,18.4306],[69.5839,18.4224],[69.5887,18.4188],[69.588,18.4119],[69.5876,18.4066],[69.5918,18.4019],[69.5973,18.4038],[69.6065,18.4032],[69.6097,18.3991],[69.6142,18.3931],[69.6133,18.3876],[69.6149,18.38],[69.615,18.3753],[69.6126,18.3673],[69.6134,18.3625],[69.6117,18.3541],[69.6085,18.3491],[69.6007,18.3451],[69.5966,18.3436],[69.5891,18.3443],[69.5844,18.3435],[69.5762,18.3419],[69.5708,18.3398],[69.5633,18.3389],[69.5594,18.3415],[69.559,18.3497],[69.5569,18.3554],[69.5477,18.3598],[69.5425,18.3627],[69.5406,18.3686],[69.5335,18.3691],[69.5301,18.3627],[69.5265,18.3576],[69.5222,18.3523],[69.5192,18.3472],[69.5184,18.3402],[69.5227,18.3367],[69.5275,18.3304],[69.5303,18.3268],[69.5293,18.3196],[69.5244,18.3179],[69.517,18.3237],[69.5101,18.3246],[69.508,18.3304],[69.5071,18.3362],[69.5081,18.3444],[69.505,18.3489],[69.4994,18.3548],[69.498,18.3592],[69.4934,18.3627],[69.4877,18.3626],[69.4802,18.3646],[69.4745,18.3664],[69.4697,18.3705],[69.4669,18.3733],[69.4602,18.3772],[69.4543,18.3796],[69.4492,18.3852],[69.448,18.389],[69.4494,18.3956],[69.4498,18.4013],[69.4489,18.4091],[69.446,18.4157],[69.4417,18.4219],[69.4377,18.4251],[69.4293,18.4275],[69.4239,18.4272],[69.4135,18.4278],[69.4087,18.4307],[69.4037,18.4257],[69.4018,18.4214],[69.3964,18.4161],[69.3923,18.4129],[69.3894,18.4064],[69.3899,18.4012],[69.3837,18.3954],[69.3786,18.3901],[69.3771,18.3832],[69.3758,18.3786],[69.3679,18.3786],[69.3657,18.3756],[69.3708,18.3694],[69.3759,18.3713],[69.3857,18.3696],[69.3908,18.3704],[69.3974,18.3744],[69.4002,18.378],[69.4084,18.376],[69.4129,18.3779],[69.4191,18.3745],[69.4228,18.3708],[69.4272,18.364],[69.4245,18.3602],[69.4215,18.3542],[69.4186,18.3513],[69.421,18.3456],[69.4245,18.3426],[69.4284,18.3354],[69.434,18.333],[69.4407,18.3292],[69.444,18.3263],[69.449,18.3222],[69.4506,18.3278],[69.4555,18.3317],[69.462,18.3327],[69.4682,18.3329],[69.4739,18.3307],[69.4715,18.3248],[69.4664,18.3231],[69.457,18.3199],[69.4572,18.3147],[69.4557,18.3067],[69.4546,18.3024],[69.4565,18.2956],[69.4555,18.2893],[69.4484,18.2856],[69.4418,18.286],[69.4341,18.2829],[69.4283,18.2796],[69.4235,18.2727],[69.4205,18.2691],[69.4153,18.2625],[69.4152,18.2568],[69.4129,18.2488],[69.4085,18.2447],[69.4043,18.24],[69.4051,18.234],[69.4111,18.2291],[69.4153,18.225],[69.4237,18.2236],[69.4286,18.2233],[69.4363,18.22],[69.4399,18.2152],[69.4479,18.2113],[69.4537,18.2089],[69.4573,18.2013],[69.4592,18.1982],[69.4665,18.1944],[69.4722,18.195],[69.477,18.1996],[69.4757,18.2046],[69.4758,18.2125],[69.4766,18.2175],[69.4826,18.2208],[69.4874,18.2228],[69.4917,18.2283],[69.4919,18.2335],[69.4903,18.2411],[69.4912,18.2457],[69.494,18.2536],[69.4925,18.258],[69.4871,18.2628],[69.482,18.2632],[69.4751,18.2631],[69.4717,18.2653],[69.4661,18.2616],[69.4626,18.257],[69.4555,18.2518],[69.4496,18.2509],[69.4425,18.2535],[69.4396,18.2561],[69.433,18.2567],[69.4292,18.2599],[69.4229,18.2645],[69.4172,18.2627],[69.4184,18.2548],[69.422,18.25],[69.4229,18.2417],[69.4214,18.2363],[69.4206,18.2283],[69.4217,18.2225],[69.4255,18.2157],[69.4298,18.2126],[69.4366,18.2067],[69.4421,18.2086],[69.4425,18.2169],[69.4397,18.2202],[69.4369,18.2277],[69.4324,18.2305],[69.4251,18.2326],[69.4207,18.2282],[69.4174,18.221],[69.4152,18.2172],[69.4082,18.2104],[69.4058,18.2054],[69.4034,18.1989],[69.3998,18.1944],[69.3948,18.1891],[69.3941,18.1846],[69.3888,18.1751],[69.3839,18.174],[69.3776,18.1713],[69.3726,18.1699],[69.3645,18.1669],[69.3597,18.1658],[69.3512,18.1631],[69.3488,18.1591],[69.3517,18.1516],[69.3527,18.1457],[69.3522,18.1385],[69.3547,18.133],[69.3601,18.1405],[69.3628,18.146],[69.3651,18.1526],[69.3694,18.1583],[69.3762,18.1642],[69.3804,18.1622],[69.3886,18.1592],[69.3934,18.1609],[69.4008,18.1641],[69.4043,18.1684],[69.4055,18.1742],[69.4018,18.179],[69.4002,18.1871],[69.4006,18.1929],[69.3993,18.2008],[69.3937,18.2026],[69.3867,18.2051],[69.385,18.2086],[69.3867,18.2157],[69.3907,18.2215],[69.3941,18.2284],[69.3966,18.2316],[69.4039,18.2334],[69.4093,18.2311],[69.4155,18.2288],[69.4186,18.2253],[69.4251,18.221],[69.428,18.2151],[69.4285,18.2083],[69.4303,18.2032],[69.436,18.1978],[69.4399,18.1947],[69.4402,18.1859],[69.4396,18.1809],[69.4379,18.172],[69.4373,18.1678],[69.4361,18.159],[69.4343,18.1547],[69.4321,18.1476],[69.4308,18.1403],[69.4238,18.1356],[69.4193,18.1313],[69.4111,18.1287],[69.4069,18.1272],[69.4031,18.1213],[69.3976,18.1175],[69.3903,18.1161],[69.3845,18.1192],[69.3749,18.1189],[69.3696,18.1176],[69.3646,18.115],[69.3585,18.1191],[69.3534,18.1267],[69.3482,18.127],[69.3407,18.1246],[69.3363,18.122],[69.3333,18.116],[69.3288,18.1112],[69.3277,18.1043],[69.3261,18.0993],[69.3184,18.0986],[69.3144,18.1011],[69.3079,18.1054],[69.3034,18.1087],[69.2992,18.1144],[69.3007,18.12],[69.3082,18.1262],[69.3117,18.1301],[69.3094,18.1366],[69.3099,18.1414],[69.3149,18.1452],[69.3194,18.1432],[69.3243,18.138],[69.328,18.1337],[69.3295,18.1265],[69.3318,18.123],[69.3413,18.1199],[69.3439,18.126],[69.3476,18.1334],[69.3498,18.1389],[69.3497,18.1461],[69.3498,18.1522],[69.3471,18.1591],[69.3436,18.1625],[69.3441,18.1719],[69.344,18.1767],[69.3463,18.184],[69.3502,18.1885],[69.3556,18.1905],[69.3608,18.1907],[69.369,18.1942],[69.3733,18.1951],[69.3781,18.201],[69.384,18.2028],[69.391,18.2024],[69.3952,18.2046],[69.4011,18.2126],[69.4054,18.2159],[69.4143,18.219],[69.419,18.2202],[69.4198,18.2156],[69.4157,18.2123],[69.4084,18.2145],[69.403,18.2168],[69.3975,18.2148],[69.3971,18.2087],[69.4011,18.2007],[69.4005,18.1956],[69.3958,18.1877],[69.3917,18.1853],[69.3889,18.1773],[69.3842,18.1727],[69.3779,18.1679],[69.3738,18.165],[69.3659,18.1681],[69.3638,18.1716],[69.3667,18.1778],[69.3713,18.179],[69.3788,18.1793],[69.3833,18.1763],[69.3847,18.1704],[69.382,18.1656],[69.3824,18.1577],[69.386,18.1542],[69.3935,18.1553],[69.3976,18.1585],[69.405,18.1573],[69.4086,18.1534],[69.4141,18.1474],[69.4161,18.1428],[69.4203,18.1354],[69.4238,18.1311],[69.4224,18.122],[69.4213,18.1176],[69.4186,18.1096],[69.415,18.1055],[69.4068,18.1032],[69.4011,18.1039],[69.391,18.1044],[69.386,18.105],[69.3786,18.1012],[69.3743,18.0963],[69.3739,18.087],[69.3715,18.0821],[69.3643,18.0785],[69.3614,18.0752],[69.3537,18.0756],[69.3487,18.0742],[69.3416,18.0706],[69.3365,18.0683],[69.3308,18.0674],[69.3261,18.067],[69.3182,18.0685],[69.3166,18.0727],[69.3113,18.0779],[69.3054,18.0789],[69.3009,18.0829],[69.2948,18.0858],[69.2868,18.0845],[69.2814,18.0842],[69.2733,18.0864],[69.2684,18.0855],[69.2632,18.0804],[69.2571,18.0809],[69.2496,18.0808],[69.2465,18.0764],[69.2506,18.0703],[69.2563,18.0675],[69.2641,18.0651],[69.2694,18.0638],[69.2789,18.0656],[69.2857,18.0658],[69.2946,18.0637],[69.2966,18.0588],[69.2987,18.0503],[69.3035,18.0483],[69.3084,18.0416],[69.3125,18.0374],[69.3204,18.0357],[69.3255,18.0348],[69.325,18.0258],[69.3223,18.0228],[69.3147,18.0197],[69.3117,18.0146],[69.3116,18.0059],[69.309,18.0002],[69.3043,17.9933],[69.2992,17.9911],[69.293,17.9875],[69.2876,17.9881],[69.2805,17.9897],[69.2789,17.9935],[69.2806,18.0022],[69.2821,18.0079],[69.2882,18.0119],[69.2931,18.0146],[69.2992,18.0134],[69.3047,18.0125],[69.3112,18.012],[69.3163,18.0141],[69.3225,18.0135],[69.3252,18.0088],[69.333,18.0059],[69.337,18.0053],[69.3378,17.9974],[69.3414,17.9942],[69.3458,17.9887],[69.3491,17.984],[69.3532,17.9766],[69.3508,17.9714],[69.346,17.9665],[69.3409,17.9668],[69.3367,17.9738],[69.3344,17.9796],[69.3295,17.9844],[69.329,17.9895],[69.3366,17.9951],[69.3381,17.9979],[69.3404,18.004],[69.3455,18.0076],[69.3471,18.0149],[69.3442,18.0193],[69.3376,18.0238],[69.3331,18.0268],[69.3272,18.0357],[69.3233,18.0378],[69.3168,18.0386],[69.3155,18.0428],[69.3147,18.0503],[69.3185,18.0553],[69.3246,18.06],[69.3277,18.0648],[69.3357,18.0647],[69.34,18.0664],[69.3466,18.0589],[69.3485,18.0528],[69.35,18.0438],[69.3505,18.0381],[69.3506,18.0323],[69.3542,18.028],[69.3562,18.0203],[69.3527,18.0167],[69.35,18.0106],[69.3519,18.0047],[69.352,17.9968],[69.3574,17.9958],[69.365,17.9985],[69.368,18.0029],[69.3666,18.0089],[69.3664,18.0154],[69.3728,18.0191],[69.3782,18.0205],[69.3863,18.0209],[69.3916,18.0212],[69.3987,18.0247],[69.3994,18.0298],[69.4024,18.038],[69.4058,18.0434],[69.4056,18.0509],[69.4026,18.0543],[69.4036,18.0638],[69.4059,18.0704],[69.4019,18.0745],[69.398,18.0784],[69.3899,18.0803],[69.3845,18.083],[69.3751,18.0846],[69.3709,18.0892],[69.3656,18.0958],[69.3638,18.1018],[69.3655,18.1076],[69.3707,18.111],[69.3808,18.1129],[69.3864,18.1144],[69.3891,18.121],[69.3895,18.1247],[69.3891,18.131],[69.3911,18.1353],[69.3927,18.1431],[69.3939,18.1482],[69.3924,18.1575],[69.3901,18.1614],[69.3852,18.1674],[69.3798,18.1695],[69.3723,18.169],[69.3675,18.1712],[69.3609,18.1736],[69.3641,18.1777],[69.3717,18.1793],[69.3768,18.1817],[69.3833,18.1794],[69.3874,18.1748],[69.3864,18.1673],[69.3854,18.1618],[69.3788,18.1578],[69.3749,18.155],[69.3669,18.1528],[69.3652,18.1472],[69.3644,18.1386],[69.3632,18.1335],[69.3588,18.1271],[69.3608,18.1219],[69.3642,18.1149],[69.3656,18.1104],[69.365,18.1035],[69.3641,18.0976],[69.3681,18.0901],[69.3706,18.0848],[69.3708,18.0771],[69.3732,18.072],[69.378,18.0674],[69.3814,18.064],[69.3829,18.0579],[69.3827,18.0519],[69.3802,18.0443],[69.374,18.0429],[69.3657,18.0413],[69.3608,18.0417],[69.3552,18.0362],[69.3516,18.0345],[69.3423,18.0325],[69.3351,18.0329],[69.3284,18.0315],[69.3241,18.0328],[69.3261,18.0392],[69.3312,18.039],[69.3391,18.0387],[69.3438,18.0417],[69.3465,18.049],[69.344,18.0535],[69.3376,18.0535],[69.3322,18.0562],[69.3296,18.0623],[69.3285,18.0672],[69.3334,18.0756],[69.3342,18.0815],[69.3361,18.09],[69.3338,18.0937],[69.3278,18.0988],[69.3253,18.1041],[69.3155,18.1054],[69.3115,18.1063],[69.305,18.1104],[69.304,18.1159],[69.3072,18.1203],[69.3123,18.1201],[69.3203,18.1163],[69.3247,18.1145],[69.3269,18.1104],[69.3334,18.1087],[69.3404,18.1085],[69.3441,18.111],[69.3503,18.1097],[69.3523,18.106],[69.3551,18.097],[69.3589,18.0921],[69.3665,18.0912],[69.3723,18.0931],[69.3757,18.0999],[69.377,18.1064],[69.3736,18.1139],[69.3704,18.117],[69.362,18.1214],[69.3555,18.121],[69.3466,18.1205],[69.3399,18.1204],[69.3326,18.1202],[69.3292,18.1195],[69.3227,18.1148],[69.3233,18.1107],[69.3275,18.1066],[69.3298,18.1063],[69.3374,18.1049],[69.3439,18.1027],[69.3481,18.1079],[69.3505,18.1126],[69.3503,18.121],[69.3487,18.1279],[69.3438,18.1314],[69.3409,18.136],[69.335,18.1425],[69.3331,18.1475],[69.3363,18.1564],[69.3385,18.1634],[69.3386,18.1707],[69.3366,18.1756],[69.3339,18.1811],[69.334,18.1871],[69.3317,18.1947],[69.3249,18.1984],[69.3235,18.2051],[69.3261,18.2096],[69.3314,18.2164],[69.3367,18.2184],[69.3448,18.2158],[69.3497,18.2173],[69.3535,18.2262],[69.3573,18.2307],[69.3592,18.2371],[69.3556,18.2407],[69.3494,18.2437],[69.344,18.2418],[69.3424,18.2331],[69.3391,18.2276],[69.3422,18.2205],[69.3429,18.2151],[69.3368,18.2089],[69.332,18.208],[69.3267,18.2147],[69.327,18.2205],[69.3231,18.2281],[69.3212,18.2326],[69.3146,18.237],[69.3102,18.2398],[69.3021,18.2421],[69.2973,18.2465],[69.2912,18.2533],[69.2906,18.258],[69.2913,18.2668],[69.2898,18.273],[69.2873,18.2793],[69.2849,18.2843],[69.2768,18.2816],[69.2767,18.2778],[69.2802,18.2716],[69.2857,18.2735],[69.2931,18.279],[69.2978,18.2808],[69.3049,18.281],[69.3097,18.2799],[69.3186,18.2805],[69.3219,18.2767],[69.3224,18.267],[69.3268,18.2632],[69.3311,18.2552],[69.3355,18.2526],[69.3414,18.2483],[69.3475,18.2468],[69.3536,18.2425],[69.3562,18.237],[69.3638,18.2359],[69.3663,18.2389],[69.3744,18.2398],[69.3798,18.2409],[69.3802,18.2479],[69.3833,18.2542],[69.3789,18.2608],[69.3732,18.2654],[69.3715,18.2726],[69.369,18.275],[69.3664,18.2838],[69.3665,18.2894],[69.3661,18.2962],[69.3681,18.3012],[69.3719,18.3076],[69.3752,18.311],[69.3728,18.3202],[69.3735,18.3251],[69.3728,18.3326],[69.3723,18.3393],[69.3747,18.348],[69.3784,18.3532],[69.381,18.3611],[69.3849,18.3625],[69.3924,18.3588],[69.3986,18.356],[69.4068,18.3531],[69.4131,18.3513],[69.4163,18.3471],[69.4218,18.3434],[69.428,18.3387],[69.4339,18.3416],[69.44,18.3455],[69.4449,18.3486],[69.45,18.3553],[69.4534,18.36],[69.446,18.3656],[69.4403,18.3626],[69.4345,18.3634],[69.4298,18.3664],[69.4238,18.363],[69.4247,18.3577],[69.4288,18.3524],[69.4303,18.3483],[69.4282,18.3388],[69.4274,18.3322],[69.4249,18.3254],[69.4273,18.3212],[69.4316,18.3147],[69.4338,18.3092],[69.4314,18.3027],[69.4297,18.2983],[69.436,18.2935],[69.437,18.2878],[69.4407,18.2824],[69.4399,18.2773],[69.4346,18.2718],[69.4323,18.2667],[69.4343,18.2582],[69.4346,18.2539],[69.4297,18.2494],[69.4249,18.2477],[69.4232,18.2419],[69.4229,18.2365],[69.4187,18.2301],[69.4157,18.2268],[69.4111,18.219],[69.4118,18.2139],[69.4138,18.2079],[69.411,18.2048],[69.4042,18.2007],[69.4016,18.1973],[69.4001,18.1904],[69.395,18.1873],[69.3877,18.1867],[69.3818,18.1866],[69.3756,18.1813],[69.3709,18.1783],[69.3643,18.1749],[69.36,18.1756],[69.3515,18.1743],[69.3528,18.1697],[69.351,18.1644],[69.3458,18.163],[69.3377,18.1627],[69.338,18.1581],[69.3417,18.1488],[69.3424,18.1447],[69.3428,18.1356],[69.3442,18.1308],[69.339,18.1245],[69.3338,18.1269],[69.3253,18.1236],[69.3214,18.1201],[69.3161,18.1164],[69.3116,18.1126],[69.3117,18.1042],[69.3082,18.1001],[69.3078,18.0935],[69.313,18.0916],[69.3181,18.0868],[69.32,18.0822],[69.3264,18.0785],[69.3294,18.0751],[69.3356,18.0712],[69.3409,18.0669],[69.3434,18.0615],[69.3463,18.058],[69.3469,18.0489],[69.3487,18.0443],[69.3458,18.0375],[69.3427,18.0342],[69.3356,18.0298],[69.3296,18.0277],[69.3211,18.0315],[69.3161,18.0356],[69.308,18.0391],[69.3041,18.0421],[69.2958,18.0428],[69.2915,18.0399],[69.2829,18.0366],[69.2809,18.0308],[69.2769,18.0252],[69.2724,18.0227],[69.2648,18.0186],[69.2602,18.0174],[69.2537,18.0207],[69.2471,18.0228],[69.2393,18.0196],[69.2327,18.0199],[69.2277,18.0132],[69.2246,18.0081],[69.2222,18.0014],[69.2212,17.9973],[69.2232,17.9899],[69.2281,17.9853],[69.2302,17.9782],[69.236,17.9743],[69.2461,17.971],[69.2499,17.9727],[69.257,17.9746],[69.2623,17.9776],[69.2642,17.9849],[69.2647,17.99],[69.2663,17.9997],[69.2655,18.0057],[69.2662,18.0139],[69.2597,18.0162],[69.253,18.0194],[69.2498,18.0214],[69.2451,18.026],[69.2405,18.0263],[69.2335,18.0306],[69.2287,18.0298],[69.2219,18.0257],[69.2205,18.0219],[69.2156,18.0183],[69.2164,18.0136],[69.2219,18.0077],[69.2266,18.0098],[69.2318,18.0146],[69.2328,18.0202],[69.2324,18.027],[69.2328,18.0332],[69.2364,18.0409],[69.2402,18.0443],[69.2447,18.0515],[69.2464,18.0567],[69.2453,18.064],[69.2413,18.0669],[69.2414,18.0738],[69.2447,18.0768],[69.252,18.074],[69.2551,18.0706],[69.2649,18.0686],[69.2688,18.0688],[69.2736,18.074],[69.2762,18.0782],[69.281,18.0852],[69.2816,18.0893],[69.2806,18.0964],[69.2758,18.098],[69.2693,18.0998],[69.2634,18.0998],[69.256,18.1048],[69.2548,18.1088],[69.2477,18.1102],[69.242,18.1078],[69.2426,18.0988],[69.2388,18.0976],[69.2369,18.1044],[69.234,18.1082],[69.2292,18.1146],[69.2242,18.1158],[69.2173,18.1129],[69.2129,18.1102],[69.2032,18.1097],[69.1981,18.11],[69.1905,18.1128],[69.1857,18.1124],[69.1788,18.1106],[69.1755,18.1083],[69.1671,18.1092],[69.163,18.113],[69.1595,18.1183],[69.1586,18.1237],[69.1552,18.1326],[69.1514,18.1371],[69.1472,18.1427],[69.1447,18.1469],[69.1409,18.1527],[69.1411,18.1583],[69.1378,18.1634],[69.138,18.1688],[69.1458,18.1707],[69.1491,18.1665],[69.1544,18.1628],[69.159,18.1609],[69.1659,18.1617],[69.1669,18.167],[69.1711,18.1731],[69.1727,18.1787],[69.1785,18.1839],[69.1844,18.1879],[69.1905,18.1907],[69.1928,18.1969],[69.1935,18.2045],[69.1907,18.2084],[69.1883,18.2162],[69.1867,18.2206],[69.1806,18.2252],[69.1764,18.2265],[69.1721,18.2223],[69.1685,18.2185],[69.1669,18.2122],[69.166,18.2077],[69.1619,18.1993],[69.1569,18.1982],[69.1485,18.2017],[69.1446,18.2048],[69.1401,18.2087],[69.141,18.2126],[69.1393,18.2225],[69.1379,18.2273],[69.1325,18.2329],[69.1273,18.232],[69.1205,18.2294],[69.1137,18.23],[69.1069,18.2278],[69.1019,18.2266],[69.0911,18.2263],[69.0861,18.225],[69.0794,18.2214],[69.0758,18.2177],[69.0687,18.2102],[69.0657,18.2031],[69.0631,18.1954],[69.0591,18.1891],[69.056,18.1831],[69.0483,18.1816],[69.0397,18.1793],[69.0357,18.1811],[69.0291,18.1763],[69.024,18.1738],[69.0225,18.1662],[69.0255,18.1628],[69.0302,18.1564],[69.0309,18.1514],[69.0351,18.1453],[69.0364,18.1389],[69.0339,18.1338],[69.0338,18.128],[69.0346,18.1197],[69.0339,18.1132],[69.0301,18.1072],[69.0267,18.1025],[69.0234,18.0965],[69.0205,18.095],[69.0151,18.093],[69.011,18.0916],[69.0055,18.0847],[69.0025,18.0788],[69.0074,18.0736],[69.0128,18.0736],[69.0198,18.0753],[69.0258,18.0744],[69.0326,18.07],[69.0356,18.0681],[69.0352,18.0591],[69.0332,18.0536],[69.0274,18.0498],[69.0255,18.0442],[69.0248,18.0354],[69.0239,18.0298],[69.0241,18.0211],[69.0247,18.0168],[69.0278,18.01],[69.0281,18.0046],[69.0362,18.0005],[69.0414,18.0035],[69.0493,18.0089],[69.0554,18.0108],[69.0633,18.0151],[69.0651,18.0193],[69.0601,18.0262],[69.0545,18.0277],[69.0469,18.0226],[69.0418,18.0217],[69.0349,18.0208],[69.0267,18.0204],[69.0196,18.0248],[69.0179,18.0289],[69.0137,18.0342],[69.0101,18.0376],[69.0021,18.037],[68.9968,18.0393],[68.9893,18.0372],[68.9926,18.0319],[68.9974,18.026],[69.0012,18.0234],[69.0033,18.016],[69.0032,18.0092],[69.0054,18.0024],[69.011,17.9979],[69.0114,17.9912],[69.0165,17.9861],[69.0192,17.9793],[69.0221,17.9754],[69.0259,17.968],[69.0275,17.9638],[69.0329,17.9581],[69.0371,17.9571],[69.0443,17.9536],[69.0482,17.956],[69.0568,17.9574],[69.0622,17.96],[69.0715,17.9614],[69.0728,17.9558],[69.0734,17.947],[69.0767,17.9449],[69.0828,17.9438],[69.0877,17.9425],[69.0929,17.9381],[69.0982,17.9364],[69.1019,17.9292],[69.1016,17.9241],[69.0985,17.9165],[69.096,17.9115],[69.0966,17.9036],[69.0986,17.8992],[69.0973,17.8916],[69.0949,17.888],[69.0923,17.8811],[69.0852,17.8795],[69.0772,17.8775],[69.0713,17.8763],[69.0698,17.8696],[69.0714,17.8643],[69.0699,17.8571],[69.0659,17.8526],[69.0603,17.8459],[69.0581,17.8415],[69.055,17.8341],[69.0525,17.8293],[69.0446,17.8248],[69.0386,17.8258],[69.0304,17.8248],[69.0251,17.8247],[69.0172,17.8225],[69.0187,17.818],[69.0151,17.8142],[69.0101,17.8129],[69.0029,17.8124],[68.9989,17.8163],[68.9931,17.8211],[68.9883,17.8226],[68.9811,17.8183],[68.9811,17.8129],[68.9841,17.8059],[68.9846,17.8024],[68.9847,17.7934],[68.9851,17.789],[68.9904,17.7815],[68.9943,17.7791],[68.9966,17.7735],[68.9942,17.7682],[68.9914,17.7611],[68.989,17.7573],[68.9821,17.7513],[68.977,17.7539]]},"properties":{"mmsi":995814195,"name":"SYN-FSH-00","role":"background","vessel_type":30,"synthetic":true,"t_offset_s":[-259200,-258840,-258600,-258240,-258000,-257640,-257400,-257040,-256800,-256440,-256200,-255840,-255600,-255240,-255000,-254640,-254400,-254040,-253800,-253440,-253200,-252840,-252600,-252240,-252000,-251640,-251400,-251040,-250800,-250440,-250200,-249840,-249600,-249240,-249000,-248640,-248400,-248040,-247800,-247440,-247200,-246840,-246600,-246240,-246000,-245640,-245400,-245040,-244800,-244440,-244200,-243840,-243600,-243240,-243000,-242640,-242400,-242040,-241800,-241440,-241200,-240840,-240600,-240240,-240000,-239640,-239400,-239040,-238800,-238440,-238200,-237840,-237600,-237240,-237000,-236640,-236400,-236040,-235800,-235440,-235200,-234840,-234600,-234240,-234000,-233640,-233400,-233040,-232800,-232440,-232200,-231840,-231600,-231240,-231000,-230640,-230400,-230040,-229800,-229440,-229200,-228840,-228600,-228240,-228000,-227640,-227400,-227040,-226800,-226440,-226200,-225840,-225600,-225240,-225000,-224640,-224400,-224040,-223800,-223440,-223200,-222840,-222600,-222240,-222000,-221640,-221400,-221040,-220800,-220440,-220200,-219840,-219600,-219240,-219000,-218640,-218400,-218040,-217800,-217440,-217200,-216840,-216600,-216240,-216000,-215640,-215400,-215040,-214800,-214440,-214200,-213840,-213600,-213240,-213000,-212640,-212400,-212040,-211800,-211440,-211200,-210840,-210600,-210240,-210000,-209640,-209400,-209040,-208800,-208440,-208200,-207840,-207600,-207240,-207000,-206640,-206400,-206040,-205800,-205440,-205200,-204840,-204600,-204240,-204000,-203640,-203400,-203040,-202800,-202440,-202200,-201840,-201600,-201240,-201000,-200640,-200400,-200040,-199800,-199440,-199200,-198840,-198600,-198240,-198000,-197640,-197400,-197040,-196800,-196440,-196200,-195840,-195600,-195240,-195000,-194640,-194400,-194040,-193800,-193440,-193200,-192840,-192600,-192240,-192000,-191640,-191400,-191040,-190800,-190440,-190200,-189840,-189600,-189240,-189000,-188640,-188400,-188040,-187800,-187440,-187200,-186840,-186600,-186240,-186000,-185640,-185400,-185040,-184800,-184440,-184200,-183840,-183600,-183240,-183000,-182640,-182400,-182040,-181800,-181440,-181200,-180840,-180600,-180240,-180000,-179640,-179400,-179040,-178800,-178440,-178200,-177840,-177600,-177240,-177000,-176640,-176400,-176040,-175800,-175440,-175200,-174840,-174600,-174240,-174000,-173640,-173400,-173040,-172800,-172440,-172200,-171840,-171600,-171240,-171000,-170640,-170400,-170040,-169800,-169440,-169200,-168840,-168600,-168240,-168000,-167640,-167400,-167040,-166800,-166440,-166200,-165840,-165600,-165240,-165000,-164640,-164400,-164040,-163800,-163440,-163200,-162840,-162600,-162240,-162000,-161640,-161400,-161040,-160800,-160440,-160200,-159840,-159600,-159240,-159000,-158640,-158400,-158040,-157800,-157440,-157200,-156840,-156600,-156240,-156000,-155640,-155400,-155040,-154800,-154440,-154200,-153840,-153600,-153240,-153000,-152640,-152400,-152040,-151800,-151440,-151200,-150840,-150600,-150240,-150000,-149640,-149400,-149040,-148800,-148440,-148200,-147840,-147600,-147240,-147000,-146640,-146400,-146040,-145800,-145440,-145200,-144840,-144600,-144240,-144000,-143640,-143400,-143040,-142800,-142440,-142200,-141840,-141600,-141240,-141000,-140640,-140400,-140040,-139800,-139440,-139200,-138840,-138600,-138240,-138000,-137640,-137400,-137040,-136800,-136440,-136200,-135840,-135600,-135240,-135000,-134640,-134400,-134040,-133800,-133440,-133200,-132840,-132600,-132240,-132000,-131640,-131400,-131040,-130800,-130440,-130200,-129840,-129600,-129240,-129000,-128640,-128400,-128040,-127800,-127440,-127200,-126840,-126600,-126240,-126000,-125640,-125400,-125040,-124800,-124440,-124200,-123840,-123600,-123240,-123000,-122640,-122400,-122040,-121800,-121440,-121200,-120840,-120600,-120240,-120000,-119640,-119400,-119040,-118800,-118440,-118200,-117840,-117600,-117240,-117000,-116640,-116400,-116040,-115800,-115440,-115200,-114840,-114600,-114240,-114000,-113640,-113400,-113040,-112800,-112440,-112200,-111840,-111600,-111240,-111000,-110640,-110400,-110040,-109800,-109440,-109200,-108840,-108600,-108240,-108000,-107640,-107400,-107040,-106800,-106440,-106200,-105840,-105600,-105240,-105000,-104640,-104400,-104040,-103800,-103440,-103200,-102840,-102600,-102240,-102000,-101640,-101400,-101040,-100800,-100440,-100200,-99840,-99600,-99240,-99000,-98640,-98400,-98040,-97800,-97440,-97200,-96840,-96600,-96240,-96000,-95640,-95400,-95040,-94800,-94440,-94200,-93840,-93600,-93240,-93000,-92640,-92400,-92040,-91800,-91440,-91200,-90840,-90600,-90240,-90000,-89640,-89400,-89040,-88800,-88440,-88200,-87840,-87600,-87240,-87000,-86640,-86400,-86040,-85800,-85440,-85200,-84840,-84600,-84240,-84000,-83640,-83400,-83040,-82800,-82440,-82200,-81840,-81600,-81240,-81000,-80640,-80400,-80040,-79800,-79440,-79200,-78840,-78600,-78240,-78000,-77640,-77400,-77040,-76800,-76440,-76200,-75840,-75600,-75240,-75000,-74640,-74400,-74040,-73800,-73440,-73200,-72840,-72600,-72240,-72000,-71640,-71400,-71040,-70800,-70440,-70200,-69840,-69600,-69240,-69000,-68640,-68400,-68040,-67800,-67440,-67200,-66840,-66600,-66240,-66000,-65640,-65400,-65040,-64800,-64440,-64200,-63840,-63600,-63240,-63000,-62640,-62400,-62040,-61800,-61440,-61200,-60840,-60600,-60240,-60000,-59640,-59400,-59040,-58800,-58440,-58200,-57840,-57600,-57240,-57000,-56640,-56400,-56040,-55800,-55440,-55200,-54840,-54600,-54240,-54000,-53640,-53400,-53040,-52800,-52440,-52200,-51840,-51600,-51240,-51000,-50640,-50400,-50040,-49800,-49440,-49200,-48840,-48600,-48240,-48000,-47640,-47400,-47040,-46800,-46440,-46200,-45840,-45600,-45240,-45000,-44640,-44400,-44040,-43800,-43440,-43200,-42840,-42600,-42240,-42000,-41640,-41400,-41040,-40800,-40440,-40200,-39840,-39600,-39240,-39000,-38640,-38400,-38040,-37800,-37440,-37200,-36840,-36600,-36240,-36000,-35640,-35400,-35040,-34800,-34440,-34200,-33840,-33600,-33240,-33000,-32640,-32400,-32040,-31800,-31440,-31200,-30840,-30600,-30240,-30000,-29640,-29400,-29040,-28800,-28440,-28200,-27840,-27600,-27240,-27000,-26640,-26400,-26040,-25800,-25440,-25200,-24840,-24600,-24240,-24000,-23640,-23400,-23040,-22800,-22440,-22200,-21840,-21600,-21240,-21000,-20640,-20400,-20040,-19800,-19440,-19200,-18840,-18600,-18240,-18000,-17640,-17400,-17040,-16800,-16440,-16200,-15840,-15600,-15240,-15000,-14640,-14400,-14040,-13800,-13440,-13200,-12840,-12600,-12240,-12000,-11640,-11400,-11040,-10800,-10440,-10200,-9840,-9600,-9240,-9000,-8640,-8400,-8040,-7800,-7440,-7200,-6840,-6600,-6240,-6000,-5640,-5400,-5040,-4800,-4440,-4200,-3840,-3600,-3240,-3000,-2640,-2400,-2040,-1800,-1440,-1200,-840,-600,-240,0,360,600,960,1200,1560,1800,2160,2400,2760,3000,3360,3600,3960,4200,4560,4800,5160,5400,5760,6000,6360,6600,6960,7200,7560,7800,8160,8400,8760,9000,9360,9600,9960,10200,10560,10800,11160,11400,11760,12000,12360,12600,12960,13200,13560,13800,14160,14400,14760,15000,15360,15600,15960,16200,16560,16800,17160,17400,17760,18000,18360,18600,18960,19200,19560,19800,20160,20400,20760,21000,21360,21600,21960,22200,22560,22800,23160,23400,23760,24000,24360,24600,24960,25200,25560,25800,26160,26400,26760,27000,27360,27600,27960,28200,28560,28800,29160,29400,29760,30000,30360,30600,30960,31200,31560,31800,32160,32400,32760,33000,33360,33600,33960,34200,34560,34800,35160,35400,35760,36000,36360,36600,36960,37200,37560,37800,38160,38400,38760,39000,39360,39600,39960,40200,40560,40800,41160,41400,41760,42000,42360,42600,42960,43200,43560,43800,44160,44400,44760,45000,45360,45600,45960,46200,46560,46800,47160,47400,47760,48000,48360,48600,48960,49200,49560,49800,50160,50400,50760,51000,51360,51600,51960,52200,52560,52800,53160,53400,53760,54000,54360,54600,54960,55200,55560,55800,56160,56400,56760,57000,57360,57600,57960,58200,58560,58800,59160,59400,59760,60000,60360,60600,60960,61200,61560,61800,62160,62400,62760,63000,63360,63600,63960,64200,64560,64800,65160,65400,65760,66000,66360,66600,66960,67200,67560,67800,68160,68400,68760,69000,69360,69600,69960,70200,70560,70800,71160,71400,71760,72000,72360,72600,72960,73200,73560,73800,74160,74400,74760,75000,75360,75600,75960,76200,76560,76800,77160,77400,77760,78000,78360,78600,78960,79200,79560,79800,80160,80400,80760,81000,81360,81600,81960,82200,82560,82800,83160,83400,83760,84000,84360,84600,84960,85200,85560,85800,86160,86400],"sog":[4.5,4.3,3.8,5.7,5.7,3.4,3.7,4.4,3.5,4.6,5.6,3.1,3.8,4.5,3.4,4.4,7.8,6.5,3.6,4.6,5.7,4.1,5.4,4.7,5.6,5.4,5.3,4.0,3.7,4.4,5.3,6.9,6.4,5.6,2.0,5.9,4.4,4.2,6.1,5.7,4.1,3.9,5.0,3.8,7.2,3.2,4.5,4.0,5.3,5.7,3.8,5.9,3.8,6.1,5.5,5.3,3.8,3.5,5.0,3.7,5.1,3.7,5.4,3.4,7.4,5.3,5.2,4.5,4.9,4.1,4.0,5.4,3.4,5.5,6.0,5.4,6.1,3.4,4.8,3.3,4.6,5.9,4.6,4.1,4.0,5.3,6.6,6.8,3.8,3.9,4.2,4.3,4.9,3.8,5.8,5.2,3.3,5.2,4.7,5.1,5.8,5.5,5.4,4.3,7.0,5.7,1.6,5.2,4.8,3.0,4.8,3.0,3.9,3.8,3.9,4.6,3.2,6.9,4.8,5.5,4.5,4.7,5.4,3.5,5.8,3.6,4.4,4.2,4.9,4.3,5.3,4.3,4.9,6.8,4.6,5.2,4.2,5.7,5.9,4.6,4.1,4.1,5.7,4.1,6.3,3.0,4.8,5.5,4.8,7.3,4.0,3.1,6.5,5.4,6.0,5.0,5.5,5.1,5.5,5.4,3.6,6.4,4.8,5.2,6.7,5.0,5.1,4.2,4.6,5.0,3.6,4.4,6.9,2.8,7.0,5.3,2.4,4.9,5.4,2.8,4.7,3.8,5.6,4.9,8.0,4.0,4.9,5.6,4.9,6.1,4.8,4.9,4.2,5.0,4.9,4.8,3.5,4.6,6.5,3.9,5.3,4.4,4.0,4.0,5.5,5.3,6.0,4.9,4.4,4.8,3.4,4.9,4.1,3.8,4.1,4.4,4.0,5.3,3.9,4.0,5.5,6.3,4.3,4.9,4.1,5.7,4.9,4.8,4.5,5.2,5.5,4.8,4.5,4.8,4.9,3.9,6.5,4.6,5.5,4.2,5.9,5.7,4.0,4.6,5.0,5.4,3.9,3.8,5.0,4.6,4.6,5.7,4.9,3.8,5.1,5.9,6.1,3.7,2.8,5.5,4.8,4.7,4.0,6.0,4.0,3.4,5.5,4.1,5.1,5.0,4.3,6.1,4.6,6.7,5.1,4.9,4.1,4.1,5.2,6.8,6.3,4.4,3.9,4.1,5.2,3.7,5.5,5.9,4.0,4.7,5.0,4.8,5.7,5.8,4.4,5.4,3.8,4.1,3.6,4.5,4.5,5.1,5.9,3.5,4.8,6.1,4.9,3.6,4.0,5.4,3.1,6.9,4.9,3.7,5.3,5.1,4.7,4.5,4.7,6.3,5.4,4.0,6.1,4.9,6.3,3.8,5.7,5.9,4.2,6.5,4.5,5.6,5.2,3.1,5.7,6.2,4.2,5.5,5.1,3.5,4.7,4.9,6.6,4.5,3.0,4.7,5.3,3.8,3.8,3.7,5.2,5.0,5.0,4.2,4.0,6.5,5.6,5.2,3.1,5.3,4.8,6.3,7.0,5.1,4.4,3.9,3.9,4.0,6.0,4.7,6.6,5.4,5.8,2.9,7.0,6.5,4.7,4.5,6.4,3.5,5.2,3.6,4.3,5.7,4.6,6.0,5.8,5.4,5.3,5.3,5.2,3.4,4.3,4.7,5.2,6.1,4.4,3.3,4.2,5.6,7.2,5.8,5.8,4.9,6.2,5.0,4.0,6.2,3.7,4.1,6.1,2.5,3.9,5.6,2.8,3.8,5.1,3.1,3.7,6.7,4.2,4.6,4.2,4.9,5.5,4.7,4.7,4.6,5.7,5.9,5.8,5.9,5.4,4.6,7.0,4.4,2.8,6.0,4.6,5.8,3.3,3.4,5.9,4.7,4.1,5.5,3.7,4.5,5.6,5.5,4.4,5.6,4.5,6.1,5.4,3.9,2.8,4.5,3.5,5.1,3.8,6.2,3.8,5.1,5.8,7.2,6.7,5.6,4.5,3.6,3.4,4.7,5.6,5.2,4.4,5.2,5.4,5.8,5.3,3.5,4.6,3.5,5.5,5.0,4.7,4.2,4.2,5.5,5.8,4.2,6.5,4.8,4.7,6.0,4.8,4.6,5.6,4.9,4.5,4.6,6.2,4.0,4.6,4.8,4.0,4.7,5.3,4.3,6.9,3.8,4.6,5.3,4.4,4.9,2.8,5.1,4.7,5.8,5.2,4.5,4.9,3.3,4.8,4.5,4.4,6.0,2.1,3.9,4.0,4.7,7.2,4.8,4.4,5.3,5.3,5.6,5.4,3.7,5.4,5.2,3.1,3.4,6.1,4.9,5.1,4.6,5.4,6.9,3.1,3.8,4.0,4.2,5.5,4.7,4.3,4.8,3.7,6.6,5.1,5.4,5.5,3.9,4.6,4.6,3.5,3.8,3.8,3.2,4.9,5.0,4.6,4.5,5.4,4.6,5.0,6.1,6.2,4.8,4.3,5.4,5.7,3.3,3.9,5.3,5.5,3.9,4.4,3.8,6.5,6.1,6.0,5.5,5.5,3.9,5.3,4.9,4.7,3.6,4.1,5.5,5.1,3.9,4.1,4.9,4.8,4.5,5.2,4.6,4.1,4.1,5.1,4.2,5.9,4.9,5.0,5.1,5.3,3.8,4.6,4.1,5.8,4.2,4.3,5.7,5.4,5.5,3.5,4.9,5.8,4.1,5.9,5.5,5.3,5.5,3.7,4.4,6.1,4.7,4.7,5.7,4.6,6.0,2.2,6.1,6.6,4.4,4.8,4.5,4.4,3.6,3.5,4.0,4.3,5.2,4.2,3.8,4.6,5.4,6.6,3.8,4.2,4.8,5.0,5.5,2.4,4.7,6.0,3.9,3.8,6.3,3.9,3.5,6.5,3.0,6.1,2.8,4.4,7.3,5.8,6.2,4.4,6.4,6.0,4.5,4.2,4.6,5.8,4.4,6.0,5.3,4.4,4.8,4.3,5.4,1.4,4.9,6.5,6.3,4.2,4.5,5.7,4.6,3.7,5.4,3.9,5.9,7.8,4.5,5.2,3.6,5.6,3.8,7.1,4.0,5.3,4.6,4.0,4.4,4.0,5.0,4.7,4.1,5.2,4.0,5.5,6.4,5.7,3.7,4.7,3.9,4.5,5.5,5.4,4.7,4.1,6.1,3.9,6.0,6.3,7.4,4.7,5.0,6.1,4.4,4.7,4.0,3.8,2.9,5.6,5.4,4.7,3.5,4.9,4.8,4.8,8.4,2.5,6.4,3.7,4.2,5.6,4.5,3.0,6.0,3.8,4.6,6.1,4.8,5.4,4.4,7.6,4.2,3.2,5.4,3.9,5.4,5.7,4.5,4.5,5.0,5.0,4.1,5.2,4.5,6.3,4.6,4.4,6.8,6.6,5.9,4.9,4.3,6.0,4.9,6.1,3.4,4.8,5.8,5.5,6.9,5.2,4.7,5.3,5.6,3.8,5.0,5.3,6.1,5.7,4.9,4.5,5.2,4.4,3.3,3.5,4.0,4.9,4.6,5.0,5.5,4.7,5.9,3.4,5.7,4.9,5.4,4.0,3.2,3.9,5.8,4.7,2.4,3.2,4.0,3.5,3.4,4.6,4.6,4.0,6.5,5.1,5.4,4.1,6.6,3.6,5.1,4.9,5.8,6.1,6.7,3.2,5.3,3.5,5.1,3.8,5.8,5.7,4.4,5.8,5.8,3.9,4.6,4.9,3.9,4.6,4.5,4.0,5.4,6.1,2.6,4.6,6.1,4.7,5.3,5.7,5.6,5.3,5.3,6.2,4.8,5.1,4.8,4.6,6.8,6.3,4.9,3.8,5.1,3.8,4.3,6.1,4.2,5.6,5.0,4.4,3.5,3.2,3.7,5.6,5.3,7.1,6.0,3.0,4.6,6.2,4.5,3.9,6.1,5.9,4.5,4.6,4.3,4.1,5.2,4.8,5.2,4.2,4.1,3.6,4.9,6.5,5.8,4.1,4.9,5.1,3.8,5.6,5.0,5.4,6.4,5.1,4.7,4.5,4.5,5.5,4.2,3.8,4.2,3.6,3.8,5.6,6.0,3.0,4.0,3.8,3.3,5.4,5.0,2.8,4.5,6.4,5.2,4.8,6.7,5.2,6.3,4.4,5.4,4.8,5.2,4.9,5.1,4.5,2.9,3.7,4.8,4.0,4.3,4.2,5.5,5.3,6.0,4.9,5.5,4.8,2.3,4.8,4.9,4.8,4.5,5.1,3.1,6.1,4.6,4.1,6.0,6.9,3.3,7.9,4.6,4.5,4.7,5.7,6.0,2.6,5.2,5.0,2.7,4.8,4.3,5.3,5.5,3.3,3.6,4.5,5.2,4.9,4.4,3.8,4.2,6.2,5.0,4.8,5.9,3.9,5.0,4.3,5.4,8.3,5.7,6.1,4.1,7.2,5.4,3.3,6.3,3.8,4.8,3.3,4.6,4.8,4.9,5.2,1.6,5.3,4.2,6.7,2.7,6.6,4.2,3.7,3.6,3.6,5.1,5.4,6.5,3.9,4.4,6.9,3.7,2.0,5.6,3.9,4.4,5.7,4.8,5.2,6.2,3.5,5.7,4.2,4.3,5.5,5.3,5.7,5.5,4.5,4.8,5.5,4.7,4.2,3.5,6.7,5.7,3.6,4.3,5.6,6.4,3.8,3.3,6.9,3.8,4.9,5.3,7.2,4.8,7.8,4.1,5.7,5.1,5.4,5.1,4.2,4.9,3.7,4.4,4.6,4.0,5.6,4.9,4.1,5.0,4.1,4.9,3.4,4.9,5.6,7.3,5.1,4.6,7.1,4.6,4.1,3.7,5.1,4.3,5.8,3.8,6.1,4.0,4.6,5.2,4.9,4.5,4.9,3.5,4.5,5.5,5.7,5.2,5.7,4.9,4.2,4.8,4.3,3.0,4.5,4.1,4.4,5.5,3.8,4.8,4.1,3.3,4.2,5.5,3.9,3.5,4.8,5.4,4.9,5.6,4.6]}},{"type":"Feature","geometry":{"type":"LineString","coordinates":[[73.0648,18.2399],[73.0589,18.2353],[72.982,18.1764],[72.9705,18.1677],[72.9584,18.1583],[72.9402,18.1446],[72.9283,18.1355],[72.9108,18.1224],[72.8987,18.1136],[72.8811,18.1004],[72.8692,18.0914],[72.8509,18.0769],[72.8391,18.0677],[72.8215,18.0533],[72.8096,18.0442],[72.7922,18.0307],[72.7805,18.0221],[72.7626,18.0083],[72.7503,17.9996],[72.7325,17.9868],[72.72,17.9775],[72.7017,17.9641],[72.6895,17.9549],[72.672,17.9413],[72.6598,17.9324],[72.6415,17.9196],[72.6296,17.9109],[72.6109,17.8981],[72.5985,17.8898],[72.5799,17.8772],[72.568,17.8685],[72.5496,17.8558],[72.5377,17.8472],[72.5188,17.8342],[72.5065,17.8261],[72.488,17.8134],[72.4758,17.8047],[72.4574,17.7926],[72.4452,17.784],[72.4264,17.7721],[72.414,17.7638],[72.3955,17.7515],[72.3827,17.7433],[72.3644,17.7306],[72.3521,17.7226],[72.3326,17.71],[72.3209,17.7023],[72.3029,17.6893],[72.29,17.6816],[72.2719,17.6687],[72.2594,17.6605],[72.2411,17.6486],[72.2288,17.6403],[72.2106,17.6282],[72.1975,17.6206],[72.1785,17.6094],[72.1657,17.6022],[72.1459,17.5912],[72.1327,17.5841],[72.1133,17.5735],[72.1003,17.566],[72.0812,17.5553],[72.0677,17.5483],[72.0485,17.5372],[72.0354,17.5303],[72.0156,17.5192],[72.0024,17.5118],[71.9829,17.501],[71.9701,17.4943],[71.9497,17.4833],[71.9365,17.4764],[71.9163,17.466],[71.9028,17.4592],[71.8834,17.4489],[71.8701,17.4427],[71.8502,17.4326],[71.8374,17.427],[71.8171,17.4167],[71.8032,17.4104],[71.7822,17.4012],[71.7684,17.3948],[71.7479,17.3859],[71.734,17.3799],[71.7136,17.3706],[71.7001,17.3652],[71.6797,17.3567],[71.6659,17.3506],[71.6446,17.3416],[71.6312,17.3358],[71.6109,17.3266],[71.5974,17.3205],[71.5768,17.3114],[71.563,17.3053],[71.5423,17.296],[71.529,17.2896],[71.5082,17.2809],[71.4947,17.275],[71.4737,17.2663],[71.4599,17.2606],[71.4391,17.2522],[71.4252,17.246],[71.4051,17.2374],[71.3908,17.2313],[71.3698,17.2222],[71.3561,17.2164],[71.3358,17.2088],[71.3221,17.2032],[71.3009,17.1947],[71.287,17.1892],[71.2652,17.1814],[71.2511,17.1767],[71.2304,17.1691],[71.2162,17.1642],[71.1942,17.1574],[71.1797,17.1533],[71.1579,17.147],[71.1434,17.1425],[71.1216,17.1366],[71.1072,17.1326],[71.0852,17.1265],[71.0711,17.1227],[71.0493,17.1169],[71.0345,17.1126],[71.0136,17.1071],[70.9989,17.103],[70.9772,17.0971],[70.9628,17.0929],[70.9413,17.087],[70.927,17.0826],[70.9055,17.0762],[70.8907,17.072],[70.8687,17.0657],[70.8551,17.0615],[70.8331,17.0549],[70.8194,17.0503],[70.7969,17.0432],[70.7825,17.0384],[70.7611,17.0308],[70.747,17.0258],[70.7262,17.0186],[70.7125,17.0134],[70.6907,17.0061],[70.6766,17.0015],[70.6551,16.994],[70.6409,16.9886],[70.6201,16.981],[70.6059,16.9759],[70.5846,16.9686],[70.5704,16.9637],[70.549,16.957],[70.5355,16.9526],[70.5144,16.9456],[70.5006,16.9404],[70.48,16.9331],[70.4657,16.9281],[70.445,16.9206],[70.4308,16.9157],[70.4095,16.908],[70.3957,16.9035],[70.3743,16.8956],[70.3605,16.8905],[70.3396,16.8831],[70.3255,16.8782],[70.304,16.8706],[70.2906,16.8653],[70.2695,16.8578],[70.2552,16.8526],[70.2341,16.8447],[70.2205,16.8399],[70.1991,16.8322],[70.1855,16.8267],[70.1645,16.8184],[70.1505,16.8132],[70.1302,16.8046],[70.1168,16.7991],[70.0959,16.7909],[70.082,16.7855],[70.0609,16.777],[70.0471,16.7717],[70.0257,16.7633],[70.0114,16.7577],[69.9908,16.7493],[69.9767,16.7439],[69.9553,16.7357],[69.9409,16.7306],[69.9204,16.7228],[69.9065,16.7177],[69.8855,16.71],[69.8708,16.7051],[69.8495,16.6969],[69.8353,16.6921],[69.8145,16.6842],[69.8003,16.679],[69.7792,16.6711],[69.7656,16.6659],[69.7445,16.658],[69.7308,16.6528],[69.7104,16.6452],[69.696,16.6408],[69.6747,16.6334],[69.6609,16.6284],[69.6397,16.6207],[69.6259,16.616],[69.6042,16.6081],[69.59,16.6032],[69.5683,16.5955],[69.5539,16.5904],[69.5328,16.5832],[69.5189,16.5782],[69.4978,16.571],[69.4837,16.5662],[69.4626,16.5587],[69.4486,16.5536],[69.4272,16.5456],[69.4125,16.5404],[69.3916,16.5326],[69.3774,16.5277],[69.3569,16.5199],[69.3428,16.5151],[69.3215,16.5069],[69.3076,16.502],[69.2864,16.4939],[69.2723,16.4883],[69.2517,16.4799],[69.2377,16.4738],[69.2174,16.4653],[69.2039,16.4593],[69.1828,16.4507],[69.1688,16.4451],[69.1482,16.4365],[69.1342,16.4312],[69.1133,16.423],[69.0988,16.417],[69.0781,16.4086],[69.0636,16.4028],[69.0432,16.3947],[69.0288,16.3892],[69.0073,16.3813],[68.993,16.3758],[68.972,16.3678],[68.9582,16.3625],[68.9374,16.3544],[68.9236,16.349],[68.9019,16.3407],[68.8877,16.336],[68.8665,16.3282],[68.8525,16.3227],[68.8314,16.3156],[68.8176,16.3109],[68.7963,16.3037],[68.7823,16.2991],[68.7613,16.2924],[68.7468,16.288],[68.7258,16.2805],[68.7114,16.276],[68.6899,16.269],[68.6759,16.2645],[68.6539,16.2572],[68.6396,16.2526],[68.6183,16.2459],[68.6039,16.2416],[68.5827,16.2349],[68.568,16.2308],[68.5462,16.2249],[68.5316,16.2211],[68.5099,16.2154],[68.4947,16.2121],[68.4724,16.2066],[68.4577,16.203],[68.4352,16.1982],[68.4201,16.195],[68.3981,16.1899],[68.3838,16.1866],[68.3623,16.1817],[68.347,16.1784],[68.3247,16.173],[68.3104,16.1696],[68.2884,16.1648],[68.2735,16.1612],[68.2513,16.1566],[68.2362,16.1536],[68.2139,16.1494],[68.1988,16.1461],[68.1761,16.1419],[68.1607,16.139],[68.1387,16.1345],[68.1242,16.132],[68.1023,16.1265],[68.0875,16.1234],[68.0654,16.1186],[68.0506,16.1153],[68.029,16.11],[68.014,16.1064],[67.9922,16.1015],[67.9775,16.098],[67.9555,16.0924],[67.9412,16.089],[67.9193,16.0833],[67.9045,16.0798],[67.8824,16.0736],[67.8681,16.0702],[67.846,16.0642],[67.8312,16.0605],[67.8096,16.055],[67.7946,16.0513],[67.7727,16.0464],[67.758,16.0431],[67.7364,16.038],[67.7217,16.0344],[67.6999,16.0298],[67.685,16.0266],[67.663,16.0215],[67.6486,16.0186],[67.6264,16.0131],[67.6112,16.0102],[67.5894,16.0056],[67.5742,16.0021],[67.5524,15.9974],[67.5376,15.9945],[67.5155,15.9893],[67.501,15.9862],[67.4787,15.9814],[67.4642,15.9787],[67.4425,15.9744],[67.4277,15.9716],[67.4059,15.968],[67.3912,15.9654],[67.3691,15.9615],[67.3546,15.9584],[67.3324,15.9539],[67.3177,15.9512],[67.2945,15.9466],[67.2793,15.9432],[67.2575,15.9384],[67.2423,15.935],[67.2207,15.9308],[67.2064,15.9277],[67.1844,15.9233],[67.1697,15.9206],[67.1471,15.9165],[67.1323,15.9139],[67.1103,15.9093],[67.0951,15.9062],[67.0726,15.9013],[67.0575,15.8982],[67.0356,15.8931],[67.0209,15.8899],[66.9987,15.8852],[66.9847,15.8821],[66.962,15.877],[66.9477,15.8733],[66.9259,15.868],[66.9109,15.8645],[66.889,15.8593],[66.875,15.8557],[66.8538,15.8502],[66.8388,15.8469],[66.8172,15.8412],[66.803,15.8383],[66.7808,15.8325],[66.7664,15.8292],[66.7443,15.8241],[66.73,15.8202],[66.7084,15.8148],[66.694,15.8111],[66.6719,15.8052],[66.6578,15.8019],[66.6357,15.7964],[66.6212,15.7927],[66.5998,15.7865],[66.5852,15.7833],[66.5639,15.7769],[66.5493,15.7727],[66.5272,15.7669],[66.513,15.7635],[66.4907,15.7578],[66.4765,15.7537],[66.4547,15.7477],[66.4406,15.7435],[66.419,15.7372],[66.4048,15.7334],[66.3831,15.7274],[66.3685,15.7234],[66.3469,15.7176],[66.3323,15.7131],[66.3106,15.7063],[66.2964,15.7019],[66.2748,15.6941],[66.2605,15.6892],[66.2393,15.6817],[66.2251,15.6773],[66.2037,15.6705],[66.1885,15.6656],[66.1672,15.6589],[66.1526,15.6544],[66.1306,15.648],[66.1165,15.6435],[66.095,15.6367],[66.0805,15.6323],[66.0588,15.6257],[66.0439,15.6212],[66.0222,15.6147],[66.0078,15.6102],[65.9861,15.6041],[65.9718,15.6],[65.9506,15.5936],[65.9362,15.5893],[65.9152,15.5824],[65.9006,15.5775],[65.8787,15.5706],[65.8646,15.5653],[65.843,15.5576],[65.8284,15.5525],[65.8067,15.5447],[65.7931,15.5399],[65.772,15.5325],[65.7577,15.5269],[65.736,15.5198],[65.7219,15.5152],[65.7004,15.5087],[65.6864,15.5041],[65.665,15.497],[65.6501,15.4922],[65.629,15.4848],[65.6151,15.4806],[65.5933,15.4734],[65.5793,15.4689],[65.558,15.4613],[65.5435,15.456],[65.5222,15.449],[65.5082,15.444]]},"properties":{"mmsi":995979351,"name":"SYN-CAR-DCY1","role":"candidate","vessel_type":70,"synthetic":true,"t_offset_s":[-72360,-72240,-70680,-70440,-70200,-69840,-69600,-69240,-69000,-68640,-68400,-68040,-67800,-67440,-67200,-66840,-66600,-66240,-66000,-65640,-65400,-65040,-64800,-64440,-64200,-63840,-63600,-63240,-63000,-62640,-62400,-62040,-61800,-61440,-61200,-60840,-60600,-60240,-60000,-59640,-59400,-59040,-58800,-58440,-58200,-57840,-57600,-57240,-57000,-56640,-56400,-56040,-55800,-55440,-55200,-54840,-54600,-54240,-54000,-53640,-53400,-53040,-52800,-52440,-52200,-51840,-51600,-51240,-51000,-50640,-50400,-50040,-49800,-49440,-49200,-48840,-48600,-48240,-48000,-47640,-47400,-47040,-46800,-46440,-46200,-45840,-45600,-45240,-45000,-44640,-44400,-44040,-43800,-43440,-43200,-42840,-42600,-42240,-42000,-41640,-41400,-41040,-40800,-40440,-40200,-39840,-39600,-39240,-39000,-38640,-38400,-38040,-37800,-37440,-37200,-36840,-36600,-36240,-36000,-35640,-35400,-35040,-34800,-34440,-34200,-33840,-33600,-33240,-33000,-32640,-32400,-32040,-31800,-31440,-31200,-30840,-30600,-30240,-30000,-29640,-29400,-29040,-28800,-28440,-28200,-27840,-27600,-27240,-27000,-26640,-26400,-26040,-25800,-25440,-25200,-24840,-24600,-24240,-24000,-23640,-23400,-23040,-22800,-22440,-22200,-21840,-21600,-21240,-21000,-20640,-20400,-20040,-19800,-19440,-19200,-18840,-18600,-18240,-18000,-17640,-17400,-17040,-16800,-16440,-16200,-15840,-15600,-15240,-15000,-14640,-14400,-14040,-13800,-13440,-13200,-12840,-12600,-12240,-12000,-11640,-11400,-11040,-10800,-10440,-10200,-9840,-9600,-9240,-9000,-8640,-8400,-8040,-7800,-7440,-7200,-6840,-6600,-6240,-6000,-5640,-5400,-5040,-4800,-4440,-4200,-3840,-3600,-3240,-3000,-2640,-2400,-2040,-1800,-1440,-1200,-840,-600,-240,0,360,600,960,1200,1560,1800,2160,2400,2760,3000,3360,3600,3960,4200,4560,4800,5160,5400,5760,6000,6360,6600,6960,7200,7560,7800,8160,8400,8760,9000,9360,9600,9960,10200,10560,10800,11160,11400,11760,12000,12360,12600,12960,13200,13560,13800,14160,14400,14760,15000,15360,15600,15960,16200,16560,16800,17160,17400,17760,18000,18360,18600,18960,19200,19560,19800,20160,20400,20760,21000,21360,21600,21960,22200,22560,22800,23160,23400,23760,24000,24360,24600,24960,25200,25560,25800,26160,26400,26760,27000,27360,27600,27960,28200,28560,28800,29160,29400,29760,30000,30360,30600,30960,31200,31560,31800,32160,32400,32760,33000,33360,33600,33960,34200,34560,34800,35160,35400,35760,36000,36360,36600,36960,37200,37560,37800,38160,38400,38760,39000,39360,39600,39960,40200,40560,40800,41160,41400,41760,42000,42360,42600,42960,43200,43560,43800,44160,44400,44760,45000,45360,45600,45960,46200,46560,46800,47160,47400,47760,48000,48360,48600,48960,49200,49560,49800,50160,50400,50760,51000,51360,51600,51960,52200,52560,52800,53160,53400,53760,54000,54360,54600,54960,55200,55560,55800,56160,56400,56760,57000,57360,57600],"sog":[12.7,13.1,12.9,13.1,13.5,13.3,13.3,13.1,13.3,13.0,13.0,13.4,13.3,13.0,12.9,12.7,12.9,12.7,12.7,12.7,13.1,13.2,13.4,13.0,13.2,13.2,13.2,13.6,13.1,13.0,13.1,12.9,12.6,13.3,12.6,13.4,12.9,12.7,12.8,13.2,13.0,12.3,13.4,12.8,12.4,13.4,13.0,12.7,13.4,13.0,12.7,12.7,12.6,12.7,12.8,12.9,12.4,13.0,13.1,13.1,13.3,12.6,13.4,13.2,13.4,13.1,13.1,13.0,12.5,13.3,12.8,13.3,13.3,12.8,12.6,13.1,12.5,13.2,13.1,13.5,12.9,12.9,12.9,13.1,12.6,12.8,13.0,13.0,12.7,12.6,12.7,12.8,13.3,12.9,12.8,13.3,13.1,12.8,12.5,13.3,13.2,12.9,13.1,13.1,12.8,13.2,12.4,13.1,13.1,13.0,13.3,12.5,12.9,13.5,13.5,12.6,13.4,13.1,13.2,12.8,12.6,13.1,12.6,13.0,12.6,13.2,13.1,12.7,13.2,12.6,13.1,13.1,12.4,13.1,13.1,13.6,12.8,13.2,13.1,12.6,13.2,13.0,12.8,13.6,12.8,13.2,12.7,12.8,13.0,12.9,12.2,12.5,12.8,12.4,13.0,13.2,12.9,12.8,12.5,12.9,12.6,12.5,12.8,13.1,12.6,13.0,13.2,12.9,12.9,12.8,12.9,12.8,12.5,12.8,12.6,13.0,12.7,13.1,13.0,13.1,13.1,12.9,13.4,13.4,13.2,12.6,13.1,12.6,12.8,13.2,12.8,13.4,13.1,12.5,13.2,12.6,12.9,12.4,12.9,13.3,13.0,12.9,13.1,13.7,13.4,13.0,12.9,13.0,12.8,12.9,13.2,13.4,12.5,13.5,13.5,12.7,12.6,13.0,12.6,13.0,12.8,13.1,13.2,12.6,12.9,12.7,13.2,13.0,12.5,13.3,12.9,13.2,13.4,12.7,13.0,13.2,13.5,13.2,13.2,12.7,12.7,12.8,12.7,13.4,13.0,13.0,13.1,13.2,12.8,12.9,13.2,12.8,13.2,13.1,13.4,13.3,12.7,13.4,12.8,13.0,12.9,12.7,12.9,13.1,12.9,13.3,13.0,13.1,13.2,12.9,13.3,12.8,12.8,12.5,13.2,13.8,12.6,12.7,13.2,13.1,13.7,13.4,13.1,13.2,13.7,13.1,12.5,13.1,13.1,12.9,13.1,13.1,12.7,13.3,12.8,13.3,12.9,13.0,12.8,13.2,12.4,13.0,13.1,13.3,13.0,13.0,13.1,13.0,12.9,12.6,13.1,13.1,12.4,13.1,12.5,13.6,13.3,13.0,13.1,13.2,12.9,12.6,12.9,12.9,13.7,13.2,12.8,13.1,12.5,13.2,13.4,13.7,13.3,12.7,14.0,12.7,12.5,12.8,13.0,12.8,12.9,13.2,12.8,13.3,13.1,13.5,13.1,12.9,12.6,12.7,12.9,12.8,12.9,12.8,13.4,12.4,13.3,13.0,12.8,12.9,12.8,12.9,12.8,13.0,13.2,13.0,12.7,12.9,12.9,12.9,12.9,13.0,13.5,13.1,12.8,12.8,12.9,13.2,12.6,13.0,13.0,12.9,13.3,12.9,12.9,13.3,13.1,13.5,12.9,13.1,12.7,13.1,13.4,13.0,13.0,13.2,13.3,12.6,13.0,12.8,13.3,12.5,12.9,13.2,13.2,13.0,13.0,13.0,12.9,13.5,13.1,12.6,13.4,12.8,12.2,12.5,13.3,13.2,12.9,12.7,12.6,13.0,12.9,13.0,13.2,12.8,13.1,12.8,13.7,13.2,13.5]}},{"type":"Feature","geometry":{"type":"LineString","coordinates":[[71.0943,17.8639],[71.0891,17.8612],[71.0788,17.8557],[71.0632,17.8469],[71.0525,17.8416],[71.0364,17.8331],[71.0259,17.8275],[71.01,17.819],[70.9994,17.8136],[70.984,17.8059],[70.9735,17.8001],[70.9575,17.7924],[70.947,17.7873],[70.9312,17.7794],[70.9209,17.774],[70.9045,17.766],[70.8943,17.7614],[70.8782,17.7538],[70.8678,17.7483],[70.8521,17.7405],[70.841,17.7353],[70.825,17.7271],[70.814,17.7217],[70.7981,17.7139],[70.7873,17.7087],[70.7708,17.7011],[70.7602,17.6961],[70.7445,17.6886],[70.7333,17.6834],[70.7171,17.6756],[70.7069,17.67],[70.6907,17.6622],[70.6801,17.6572],[70.6641,17.6492],[70.6533,17.6433],[70.637,17.6352],[70.6262,17.6296],[70.6107,17.6215],[70.6003,17.6161],[70.5847,17.6083],[70.5739,17.6028],[70.5581,17.595],[70.5476,17.5895],[70.5323,17.5818],[70.5216,17.5768],[70.5053,17.5684],[70.4949,17.5636],[70.4794,17.5559],[70.4688,17.5501],[70.4529,17.5413],[70.4427,17.5355],[70.4273,17.5266],[70.4167,17.5209],[70.4013,17.5126],[70.3909,17.5071],[70.3753,17.4988],[70.3653,17.4932],[70.3496,17.4848],[70.3394,17.479],[70.324,17.4705],[70.3138,17.4648],[70.2978,17.4563],[70.2877,17.4506],[70.2726,17.442],[70.2619,17.4359],[70.2469,17.4272],[70.2366,17.4209],[70.221,17.4122],[70.211,17.4061],[70.1958,17.3971],[70.1858,17.3912],[70.1703,17.3825],[70.1603,17.3765],[70.1454,17.3675],[70.1353,17.3614],[70.1199,17.3521],[70.11,17.346],[70.0946,17.3367],[70.0846,17.3305],[70.0696,17.321],[70.0593,17.3149],[70.0446,17.3048],[70.0344,17.2987],[70.0191,17.2898],[70.0089,17.2839],[69.9941,17.2746],[69.9834,17.2683],[69.9686,17.2595],[69.9584,17.2534],[69.9431,17.2447],[69.9333,17.239],[69.9177,17.2304],[69.9074,17.2251],[69.8917,17.2162],[69.8815,17.2109],[69.8656,17.2023],[69.855,17.197],[69.8392,17.1882],[69.829,17.1827],[69.8135,17.1745],[69.8026,17.1688],[69.7872,17.1609],[69.7761,17.1551],[69.7606,17.147],[69.7506,17.1413],[69.7346,17.1333],[69.724,17.1279],[69.7081,17.1201],[69.698,17.1147],[69.6821,17.1066],[69.6717,17.1012],[69.6559,17.0928],[69.6456,17.0874],[69.6298,17.0789],[69.6196,17.0733],[69.6038,17.0644],[69.5934,17.0587],[69.5785,17.0504],[69.5678,17.0445],[69.5519,17.036],[69.5418,17.0305],[69.5258,17.0223],[69.5153,17.0165],[69.5004,17.0076],[69.4897,17.0016],[69.4745,16.9927],[69.4644,16.9871],[69.4485,16.9783],[69.4388,16.9729],[69.4234,16.9639],[69.4135,16.9582],[69.3982,16.9496],[69.3879,16.9437],[69.3716,16.9344],[69.3611,16.9285],[69.3457,16.9201],[69.3355,16.9142],[69.3198,16.9057],[69.309,16.8997],[69.2939,16.8914],[69.2838,16.8857],[69.2682,16.8772],[69.2579,16.8716],[69.2425,16.863],[69.232,16.8576],[69.2157,16.8492],[69.2056,16.8436],[69.1899,16.8357],[69.1795,16.8299],[69.1638,16.8214],[69.1534,16.816],[69.1378,16.8073],[69.1278,16.8016],[69.1116,16.793],[69.1008,16.7874],[69.0852,16.7791],[69.0746,16.7734],[69.0589,16.7654],[69.0481,16.7598],[69.0328,16.7517],[69.0226,16.7459],[69.0066,16.7376],[68.9961,16.7322],[68.9809,16.7231],[68.9706,16.7171],[68.9555,16.7085],[68.9456,16.7027],[68.9301,16.6934],[68.9199,16.6879],[68.9044,16.6794],[68.8943,16.6735],[68.8787,16.6648],[68.8688,16.6593],[68.8538,16.6507],[68.8436,16.6445],[68.8281,16.6359],[68.8178,16.6299],[68.8027,16.6209],[68.7929,16.6147],[68.7775,16.6047],[68.767,16.5985],[68.752,16.5893],[68.7414,16.5828],[68.7263,16.5736],[68.7161,16.5674],[68.701,16.5578],[68.691,16.5512],[68.6757,16.5414],[68.6658,16.5351],[68.651,16.5256],[68.6407,16.519],[68.626,16.5102],[68.6155,16.5037],[68.6009,16.4941],[68.5905,16.488],[68.5748,16.478],[68.5645,16.472],[68.5492,16.4626],[68.5388,16.4564],[68.5238,16.4481],[68.5133,16.442],[68.4973,16.4333],[68.4866,16.4272],[68.4709,16.4188],[68.4603,16.4131],[68.4443,16.4045],[68.434,16.3988],[68.4186,16.39],[68.4083,16.3843],[68.3929,16.3754],[68.3829,16.3697],[68.3675,16.3604],[68.357,16.3542],[68.3426,16.3453],[68.3325,16.3389],[68.3171,16.3297],[68.3069,16.3241],[68.2912,16.3144],[68.2809,16.3086],[68.2654,16.2997],[68.2554,16.2938],[68.2404,16.2849],[68.23,16.2795],[68.2146,16.2708],[68.2042,16.265],[68.1883,16.2565],[68.1775,16.2508],[68.1618,16.2424],[68.1508,16.2364],[68.1353,16.2282],[68.1246,16.222],[68.109,16.2137],[68.0986,16.2078],[68.083,16.199],[68.0723,16.193],[68.057,16.1845],[68.0465,16.1789],[68.0312,16.1706],[68.021,16.1649],[68.0051,16.1569],[67.9948,16.1512],[67.9789,16.1427],[67.9683,16.1369],[67.9525,16.1287],[67.9418,16.1229],[67.9264,16.1143],[67.9159,16.1085],[67.9001,16.1004],[67.8897,16.0948],[67.8738,16.0864],[67.8638,16.0805],[67.8486,16.0719],[67.8382,16.0665],[67.8222,16.0577],[67.8116,16.0523],[67.7955,16.0435],[67.7851,16.0377],[67.7696,16.0296],[67.759,16.0238],[67.743,16.0154],[67.7328,16.0097],[67.7173,16.0013],[67.7071,15.9955],[67.6912,15.9869],[67.6809,15.9812],[67.6659,15.9727],[67.6554,15.9665],[67.6401,15.9577],[67.6298,15.9519],[67.6145,15.9428],[67.6047,15.9369],[67.5895,15.9281],[67.5799,15.9214],[67.5645,15.9127],[67.5548,15.9062],[67.5392,15.8978],[67.5286,15.8918],[67.513,15.8836],[67.5025,15.8779],[67.4869,15.8695],[67.4759,15.8642],[67.4607,15.8564],[67.4502,15.8514],[67.434,15.8436],[67.423,15.838],[67.4073,15.8302],[67.3965,15.8245],[67.3807,15.8168],[67.3693,15.8112],[67.3537,15.8032],[67.3431,15.7984],[67.3271,15.7905],[67.3164,15.7854],[67.3001,15.7782],[67.2893,15.7731],[67.2729,15.7662],[67.262,15.7614],[67.2456,15.7542],[67.2348,15.7497],[67.2184,15.7427],[67.2074,15.7378],[67.1913,15.7307],[67.1801,15.7262],[67.1641,15.7188],[67.1529,15.7135],[67.1368,15.7066],[67.1269,15.7022],[67.1103,15.6947],[67.0995,15.6899],[67.0833,15.6829],[67.0726,15.6779],[67.0567,15.6713],[67.0453,15.6665],[67.0292,15.6597],[67.0189,15.655],[67.002,15.6485],[66.9909,15.6441],[66.9742,15.6369],[66.9632,15.6322],[66.9476,15.6259],[66.9371,15.6215],[66.9205,15.6144],[66.9098,15.6098],[66.8941,15.6027],[66.8834,15.5975],[66.8674,15.5906],[66.857,15.5858],[66.8404,15.5782],[66.829,15.5726],[66.8131,15.5648],[66.8022,15.5599],[66.7862,15.5522],[66.7754,15.5468],[66.7597,15.5391],[66.7486,15.5337],[66.7327,15.5261],[66.7222,15.521],[66.7052,15.5132],[66.6949,15.5077],[66.6789,15.4997],[66.669,15.494],[66.6537,15.4863],[66.6433,15.4805],[66.6272,15.472],[66.6165,15.4668],[66.6007,15.4576],[66.5897,15.4526],[66.5739,15.4444],[66.5633,15.4387],[66.5479,15.4306],[66.5376,15.426],[66.5215,15.4186],[66.5104,15.4131],[66.4946,15.4061],[66.4841,15.4011],[66.4681,15.3929],[66.4563,15.3876],[66.4404,15.38],[66.4302,15.3746],[66.4141,15.3671],[66.4037,15.3618],[66.3874,15.3539],[66.3769,15.3485],[66.3612,15.3407],[66.3505,15.3354],[66.335,15.3273],[66.3246,15.322],[66.3083,15.3144],[66.2977,15.3087],[66.2814,15.3007],[66.2706,15.2948],[66.2545,15.2867],[66.2439,15.2814],[66.228,15.2736],[66.2175,15.2681],[66.2018,15.26],[66.1914,15.2549],[66.1751,15.2464],[66.165,15.2413],[66.1494,15.2333],[66.139,15.2278],[66.1229,15.2198],[66.112,15.2144],[66.0961,15.2064],[66.0856,15.2005],[66.0701,15.1921]]},"properties":{"mmsi":995980508,"name":"SYN-CAR-28","role":"candidate","vessel_type":70,"synthetic":true,"t_offset_s":[-256240,-256120,-255880,-255520,-255280,-254920,-254680,-254320,-254080,-253720,-253480,-253120,-252880,-252520,-252280,-251920,-251680,-251320,-251080,-250720,-250480,-250120,-249880,-249520,-249280,-248920,-248680,-248320,-248080,-247720,-247480,-247120,-246880,-246520,-246280,-245920,-245680,-245320,-245080,-244720,-244480,-244120,-243880,-243520,-243280,-242920,-242680,-242320,-242080,-241720,-241480,-241120,-240880,-240520,-240280,-239920,-239680,-239320,-239080,-238720,-238480,-238120,-237880,-237520,-237280,-236920,-236680,-236320,-236080,-235720,-235480,-235120,-234880,-234520,-234280,-233920,-233680,-233320,-233080,-232720,-232480,-232120,-231880,-231520,-231280,-230920,-230680,-230320,-230080,-229720,-229480,-229120,-228880,-228520,-228280,-227920,-227680,-227320,-227080,-226720,-226480,-226120,-225880,-225520,-225280,-224920,-224680,-224320,-224080,-223720,-223480,-223120,-222880,-222520,-222280,-221920,-221680,-221320,-221080,-220720,-220480,-220120,-219880,-219520,-219280,-218920,-218680,-218320,-218080,-217720,-217480,-217120,-216880,-216520,-216280,-215920,-215680,-215320,-215080,-214720,-214480,-214120,-213880,-213520,-213280,-212920,-212680,-212320,-212080,-211720,-211480,-211120,-210880,-210520,-210280,-209920,-209680,-209320,-209080,-208720,-208480,-208120,-207880,-207520,-207280,-206920,-206680,-206320,-206080,-205720,-205480,-205120,-204880,-204520,-204280,-203920,-203680,-203320,-203080,-202720,-202480,-202120,-201880,-201520,-201280,-200920,-200680,-200320,-200080,-199720,-199480,-199120,-198880,-198520,-198280,-197920,-197680,-197320,-197080,-196720,-196480,-196120,-195880,-195520,-195280,-194920,-194680,-194320,-194080,-193720,-193480,-193120,-192880,-192520,-192280,-191920,-191680,-191320,-191080,-190720,-190480,-190120,-189880,-189520,-189280,-188920,-188680,-188320,-188080,-187720,-187480,-187120,-186880,-186520,-186280,-185920,-185680,-185320,-185080,-184720,-184480,-184120,-183880,-183520,-183280,-182920,-182680,-182320,-182080,-181720,-181480,-181120,-180880,-180520,-180280,-179920,-179680,-179320,-179080,-178720,-178480,-178120,-177880,-177520,-177280,-176920,-176680,-176320,-176080,-175720,-175480,-175120,-174880,-174520,-174280,-173920,-173680,-173320,-173080,-172720,-172480,-172120,-171880,-171520,-171280,-170920,-170680,-170320,-170080,-169720,-169480,-169120,-168880,-168520,-168280,-167920,-167680,-167320,-167080,-166720,-166480,-166120,-165880,-165520,-165280,-164920,-164680,-164320,-164080,-163720,-163480,-163120,-162880,-162520,-162280,-161920,-161680,-161320,-161080,-160720,-160480,-160120,-159880,-159520,-159280,-158920,-158680,-158320,-158080,-157720,-157480,-157120,-156880,-156520,-156280,-155920,-155680,-155320,-155080,-154720,-154480,-154120,-153880,-153520,-153280,-152920,-152680,-152320,-152080,-151720,-151480,-151120,-150880,-150520,-150280,-149920,-149680,-149320,-149080,-148720,-148480,-148120,-147880,-147520,-147280,-146920,-146680,-146320,-146080,-145720,-145480,-145120,-144880,-144520,-144280,-143920,-143680,-143320,-143080,-142720,-142480,-142120,-141880,-141520,-141280,-140920],"sog":[10.5,9.7,10.3,10.4,10.2,10.3,10.0,10.6,10.6,10.5,10.4,10.1,10.0,10.0,10.3,10.2,9.6,10.2,10.7,10.0,10.3,10.4,10.8,10.0,10.6,10.3,10.0,9.8,10.6,10.6,10.1,10.6,9.9,10.4,10.0,10.9,10.3,9.5,10.4,10.4,10.6,10.4,10.3,9.5,10.4,10.6,9.9,10.2,10.1,10.4,10.2,10.5,10.3,9.9,9.6,9.9,10.3,10.3,10.3,10.1,9.8,10.7,10.1,10.3,10.4,10.1,10.7,9.9,10.2,10.4,10.0,10.0,10.1,10.2,10.5,10.5,10.3,10.0,10.1,10.1,10.3,10.1,10.8,10.3,10.6,9.6,10.2,10.3,9.8,10.5,9.8,10.2,10.0,10.3,10.4,10.7,10.6,10.4,10.1,10.3,10.6,10.8,10.3,10.5,10.5,10.2,10.5,10.8,10.4,9.9,10.0,10.0,10.4,10.4,9.5,10.2,10.6,10.1,10.6,10.8,10.3,10.4,10.5,9.9,10.5,10.3,10.0,9.9,10.0,10.2,10.2,10.0,10.2,10.8,10.5,10.2,10.4,10.8,10.5,10.3,9.9,10.3,10.4,10.1,10.4,10.0,10.2,10.3,10.4,10.5,9.9,10.4,10.0,10.0,10.9,9.9,10.3,10.2,10.1,10.5,10.1,10.5,11.0,10.2,10.3,10.3,9.8,10.5,10.4,10.1,9.7,10.1,10.0,10.2,9.8,10.2,10.6,10.5,10.0,10.7,10.8,10.7,10.9,10.0,10.8,10.7,10.6,10.3,10.1,10.1,10.3,10.3,10.5,10.4,10.5,11.0,10.4,10.5,10.2,9.8,10.3,10.8,10.4,10.3,10.5,10.4,10.4,10.0,9.8,10.3,10.2,10.6,10.3,10.4,10.1,10.5,10.6,10.6,10.4,10.2,9.8,10.1,9.8,10.4,10.6,10.0,11.1,10.5,10.8,10.2,9.9,10.6,10.6,10.4,11.0,10.0,10.0,10.0,10.1,10.4,10.2,10.5,10.5,10.7,10.5,10.6,10.2,10.3,10.3,10.2,9.9,10.1,10.5,10.7,10.8,10.7,10.2,10.1,10.9,10.3,10.3,10.4,10.0,10.4,10.3,9.9,10.6,10.2,10.4,10.2,10.0,10.3,10.3,9.7,10.5,10.3,11.2,10.7,10.3,10.9,10.3,9.7,10.3,10.5,10.7,10.0,10.6,10.2,10.9,10.4,10.1,10.1,10.4,10.6,10.3,10.1,10.2,10.3,10.4,10.3,10.8,10.4,10.2,10.3,10.3,10.0,9.8,10.4,10.3,10.3,10.1,9.4,10.6,10.2,10.2,9.8,10.6,10.1,10.4,9.8,10.0,10.4,10.0,10.0,10.5,10.1,10.4,10.6,10.5,10.1,10.4,10.3,10.5,10.2,10.4,10.5,10.9,10.9,10.1,10.5,9.7,10.3,10.5,10.6,10.4,11.1,10.7,10.3,10.6,10.2,10.1,10.3,10.4,10.0,10.2,10.6,10.6,9.9,9.9,10.2,10.5,10.4,10.3,10.1,10.4,10.4,10.5,10.7,10.6,10.6,10.4,10.5,10.4,10.2,10.3,9.9,10.6,10.7,10.6,9.6,10.5,10.1,10.6,10.5,10.3,10.2]}},{"type":"Feature","geometry":{"type":"LineString","coordinates":[[69.114,18.9617],[69.1138,18.9535],[69.112,18.93],[69.1111,18.9142],[69.1096,18.891],[69.1091,18.8754],[69.1079,18.8514],[69.1073,18.8359],[69.1069,18.8123],[69.1063,18.7966],[69.1056,18.7733],[69.1048,18.7573],[69.1034,18.7339],[69.1029,18.7176],[69.1012,18.6948],[69.1002,18.6795],[69.0981,18.6564],[69.097,18.6406],[69.096,18.6161],[69.0951,18.6008],[69.0939,18.5766],[69.0936,18.5606],[69.0926,18.5371],[69.0923,18.5214],[69.0915,18.4986],[69.0915,18.4829],[69.091,18.4592],[69.0907,18.4435],[69.0905,18.4199],[69.0904,18.4039],[69.0897,18.3803],[69.0893,18.3646],[69.0888,18.3408],[69.0886,18.3256],[69.0876,18.302],[69.0875,18.286],[69.0865,18.2625],[69.0859,18.2472],[69.0847,18.2244],[69.0839,18.2092],[69.0831,18.1862],[69.0824,18.1707],[69.0807,18.1475],[69.0791,18.1314],[69.0766,18.1083],[69.0748,18.0925],[69.0716,18.0693],[69.0697,18.0537],[69.0663,18.03],[69.0641,18.0144],[69.0613,17.9914],[69.0595,17.9758],[69.0572,17.9531],[69.0554,17.9371],[69.0531,17.9135],[69.0515,17.8979],[69.0493,17.8743],[69.0477,17.8587],[69.0451,17.8354],[69.0435,17.8194],[69.0412,17.7958],[69.0402,17.78],[69.0376,17.7569],[69.0362,17.741],[69.0341,17.7175],[69.0331,17.7021],[69.0315,17.6782],[69.0309,17.6627],[69.0286,17.6388],[69.0273,17.6232],[69.026,17.5994],[69.0251,17.5839],[69.0238,17.5606],[69.0231,17.545],[69.022,17.5216],[69.0215,17.5056],[69.0205,17.4819],[69.02,17.4662],[69.0199,17.4433],[69.0199,17.4269],[69.0201,17.4029],[69.02,17.387],[69.0208,17.3634],[69.0211,17.3474],[69.0214,17.3243],[69.0215,17.3083],[69.0211,17.2846],[69.0214,17.2689],[69.0219,17.2449],[69.0224,17.2289],[69.0228,17.2055],[69.0235,17.1897],[69.0239,17.1661],[69.0246,17.1507],[69.026,17.1273],[69.0259,17.1114],[69.0267,17.0878],[69.0276,17.072],[69.0285,17.048],[69.0297,17.0327],[69.0307,17.0092],[69.031,16.9927],[69.0323,16.9691],[69.033,16.953],[69.0344,16.9298],[69.0356,16.9144],[69.0373,16.8906],[69.0385,16.8749],[69.0404,16.8513],[69.0412,16.8358],[69.0424,16.8122],[69.0437,16.7961],[69.0454,16.773],[69.0465,16.7573],[69.0485,16.7339],[69.0499,16.7179],[69.052,16.6943],[69.0536,16.6789],[69.0555,16.6557],[69.0573,16.6402],[69.059,16.6165],[69.0603,16.6018],[69.0622,16.5777],[69.0632,16.5616],[69.0657,16.5382],[69.0673,16.5223],[69.0698,16.4991],[69.0717,16.4833],[69.0743,16.4605],[69.0764,16.4448],[69.0795,16.4217],[69.0819,16.4061],[69.0851,16.3828],[69.0874,16.3673],[69.0909,16.344],[69.0938,16.3287],[69.0979,16.3048],[69.1011,16.2892],[69.1059,16.2664],[69.1097,16.251],[69.1146,16.2278],[69.1181,16.2121],[69.1228,16.1891],[69.1256,16.1735],[69.1304,16.1501],[69.1334,16.1355],[69.1381,16.1126],[69.1415,16.0964],[69.1452,16.073],[69.1482,16.0579],[69.1528,16.0349],[69.1557,16.0192],[69.1604,15.9963],[69.164,15.9805],[69.1692,15.9572],[69.1725,15.9421],[69.1776,15.9191],[69.1811,15.9036],[69.186,15.8799],[69.1891,15.8649],[69.1944,15.842],[69.1971,15.8265],[69.2019,15.8038],[69.2049,15.7885],[69.2103,15.7654],[69.2135,15.7501],[69.2182,15.7267],[69.2213,15.7113],[69.2264,15.6882],[69.2299,15.673],[69.2346,15.6498],[69.2376,15.6344],[69.2428,15.611],[69.2457,15.5953],[69.2502,15.5722],[69.2535,15.5565],[69.2581,15.5335],[69.2618,15.5184],[69.2667,15.4948],[69.2702,15.48],[69.2754,15.4576],[69.2792,15.4421],[69.285,15.4192],[69.2886,15.4037],[69.2939,15.3814],[69.2975,15.3664],[69.3029,15.3435],[69.3072,15.3284],[69.3131,15.3057],[69.3169,15.2901],[69.3233,15.2672],[69.327,15.2521],[69.3331,15.2295],[69.3367,15.214],[69.3427,15.191],[69.3471,15.1755],[69.3539,15.1529],[69.3586,15.1373],[69.3652,15.1146],[69.3699,15.0995],[69.3757,15.0769],[69.3802,15.0614],[69.3869,15.0391],[69.3912,15.0245],[69.3972,15.0013],[69.4013,14.9866],[69.4077,14.9639],[69.4118,14.9484],[69.4191,14.9257],[69.4239,14.9105],[69.4307,14.8883],[69.4352,14.8735],[69.4427,14.8512],[69.4478,14.8361],[69.4553,14.8139],[69.4603,14.7989],[69.468,14.7762],[69.4731,14.7615],[69.4806,14.7388],[69.486,14.7238],[69.4935,14.7013],[69.4983,14.6862],[69.5057,14.6637],[69.5108,14.648],[69.5177,14.6257],[69.5226,14.6104],[69.5299,14.5876],[69.5347,14.5728],[69.5419,14.5501],[69.5463,14.5348],[69.5538,14.5121],[69.5585,14.497],[69.5654,14.4748],[69.5703,14.4602],[69.5771,14.4375],[69.5815,14.4224],[69.588,14.4],[69.5922,14.3839],[69.5986,14.3616],[69.6027,14.3463],[69.6092,14.323],[69.6133,14.3078],[69.62,14.2849],[69.6243,14.2695],[69.6309,14.2466],[69.6356,14.2323],[69.6434,14.2095],[69.648,14.194],[69.6553,14.171],[69.6603,14.1562],[69.6666,14.1328],[69.6712,14.1182],[69.6776,14.0951],[69.6821,14.0802],[69.6891,14.0574],[69.6939,14.0419],[69.7007,14.0196],[69.7052,14.0048],[69.712,13.9813],[69.7171,13.9666],[69.7241,13.9441],[69.7289,13.9287],[69.7352,13.9064],[69.7398,13.8909],[69.7464,13.8682],[69.7509,13.8529],[69.7575,13.8305],[69.762,13.8156],[69.7686,13.7928],[69.7725,13.7778],[69.7789,13.7552],[69.7835,13.7404],[69.7906,13.7177],[69.7946,13.7028],[69.8009,13.68],[69.8053,13.6652],[69.8121,13.6429],[69.8163,13.6275],[69.8231,13.6046],[69.8277,13.5892],[69.8352,13.5666],[69.8401,13.5518],[69.8477,13.5288],[69.8529,13.5147],[69.8609,13.4915],[69.8665,13.4763],[69.8742,13.4542],[69.8797,13.4394],[69.8875,13.4176],[69.8928,13.4028],[69.9011,13.3811],[69.9065,13.3664],[69.9151,13.3443],[69.9203,13.3297],[69.9285,13.3077],[69.9346,13.2924],[69.9437,13.2704],[69.9493,13.2557],[69.9582,13.2331],[69.9638,13.2185],[69.9721,13.1969],[69.9769,13.1822],[69.9851,13.1594],[69.99,13.1447],[69.9972,13.1222],[70.0018,13.107],[70.0087,13.084],[70.0129,13.069],[70.0198,13.0462],[70.0243,13.0314],[70.0314,13.0083],[70.0357,12.9932],[70.0423,12.9704],[70.0464,12.9555],[70.0517,12.9334],[70.0553,12.9175],[70.0606,12.8949],[70.0642,12.8797],[70.0698,12.8569],[70.0736,12.8418],[70.0799,12.8191],[70.0831,12.8034],[70.0888,12.7805],[70.0923,12.7651],[70.0979,12.7419],[70.1012,12.7265],[70.1067,12.7033],[70.1101,12.6879],[70.1156,12.6649],[70.1191,12.6497],[70.1244,12.6265],[70.1281,12.6112],[70.1334,12.5882],[70.1369,12.573],[70.1415,12.5495],[70.1448,12.534],[70.1495,12.511],[70.1524,12.4958],[70.1575,12.4734],[70.1612,12.4576]]},"properties":{"mmsi":996656271,"name":"SYN-CAR-21","role":"candidate","vessel_type":70,"synthetic":true,"t_offset_s":[-166913,-166793,-166433,-166193,-165833,-165593,-165233,-164993,-164633,-164393,-164033,-163793,-163433,-163193,-162833,-162593,-162233,-161993,-161633,-161393,-161033,-160793,-160433,-160193,-159833,-159593,-159233,-158993,-158633,-158393,-158033,-157793,-157433,-157193,-156833,-156593,-156233,-155993,-155633,-155393,-155033,-154793,-154433,-154193,-153833,-153593,-153233,-152993,-152633,-152393,-152033,-151793,-151433,-151193,-150833,-150593,-150233,-149993,-149633,-149393,-149033,-148793,-148433,-148193,-147833,-147593,-147233,-146993,-146633,-146393,-146033,-145793,-145433,-145193,-144833,-144593,-144233,-143993,-143633,-143393,-143033,-142793,-142433,-142193,-141833,-141593,-141233,-140993,-140633,-140393,-140033,-139793,-139433,-139193,-138833,-138593,-138233,-137993,-137633,-137393,-137033,-136793,-136433,-136193,-135833,-135593,-135233,-134993,-134633,-134393,-134033,-133793,-133433,-133193,-132833,-132593,-132233,-131993,-131633,-131393,-131033,-130793,-130433,-130193,-129833,-129593,-129233,-128993,-128633,-128393,-128033,-127793,-127433,-127193,-126833,-126593,-126233,-125993,-125633,-125393,-125033,-124793,-124433,-124193,-123833,-123593,-123233,-122993,-122633,-122393,-122033,-121793,-121433,-121193,-120833,-120593,-120233,-119993,-119633,-119393,-119033,-118793,-118433,-118193,-117833,-117593,-117233,-116993,-116633,-116393,-116033,-115793,-115433,-115193,-114833,-114593,-114233,-113993,-113633,-113393,-113033,-112793,-112433,-112193,-111833,-111593,-111233,-110993,-110633,-110393,-110033,-109793,-109433,-109193,-108833,-108593,-108233,-107993,-107633,-107393,-107033,-106793,-106433,-106193,-105833,-105593,-105233,-104993,-104633,-104393,-104033,-103793,-103433,-103193,-102833,-102593,-102233,-101993,-101633,-101393,-101033,-100793,-100433,-100193,-99833,-99593,-99233,-98993,-98633,-98393,-98033,-97793,-97433,-97193,-96833,-96593,-96233,-95993,-95633,-95393,-95033,-94793,-94433,-94193,-93833,-93593,-93233,-92993,-92633,-92393,-92033,-91793,-91433,-91193,-90833,-90593,-90233,-89993,-89633,-89393,-89033,-88793,-88433,-88193,-87833,-87593,-87233,-86993,-86633,-86393,-86033,-85793,-85433,-85193,-84833,-84593,-84233,-83993,-83633,-83393,-83033,-82793,-82433,-82193,-81833,-81593,-81233,-80993,-80633,-80393,-80033,-79793,-79433,-79193,-78833,-78593,-78233,-77993,-77633,-77393,-77033,-76793,-76433,-76193,-75833,-75593,-75233,-74993,-74633,-74393,-74033,-73793,-73433,-73193,-72833,-72593,-72233,-71993,-71633,-71393,-71033,-70793,-70433,-70193,-69833,-69593,-69233,-68993,-68633,-68393,-68033,-67793,-67433,-67193,-66833,-66593,-66233,-65993,-65633,-65393],"sog":[14.2,14.3,14.2,14.1,14.0,14.0,14.1,14.3,13.7,13.6,13.9,14.7,14.1,14.1,14.2,13.3,13.8,14.4,14.6,13.7,14.2,14.2,14.1,14.1,14.2,14.5,13.6,14.0,13.4,14.4,14.3,14.4,13.8,13.5,14.3,14.2,14.1,13.5,13.9,13.5,13.5,14.0,14.2,14.1,13.5,13.9,14.0,14.3,13.7,13.9,14.2,13.8,14.0,14.0,14.1,13.9,13.9,14.2,14.4,14.0,14.7,13.9,13.8,14.2,13.9,14.0,14.4,14.0,14.0,13.7,14.2,13.8,14.3,13.7,14.1,13.8,14.3,14.1,13.8,14.5,14.4,14.5,14.1,14.2,14.1,14.4,14.2,14.5,14.4,14.0,13.8,14.3,13.7,13.6,13.6,14.0,14.3,14.0,14.4,14.0,14.1,14.7,14.1,14.1,14.6,13.7,14.3,14.0,13.6,14.2,14.1,14.3,14.4,13.9,14.5,14.6,14.1,13.8,14.1,13.6,14.6,13.4,14.0,14.5,14.2,14.2,14.2,14.0,13.4,13.6,14.3,13.9,13.8,14.2,14.4,13.6,14.3,14.2,13.7,14.1,14.1,14.3,14.2,14.8,13.9,13.9,14.1,14.5,14.5,13.9,14.1,14.2,13.7,14.2,14.3,13.9,14.4,14.1,14.3,13.9,13.6,14.5,13.6,13.5,14.1,14.0,14.0,14.1,14.2,14.1,14.7,14.0,14.5,14.2,14.0,14.3,14.0,13.9,14.2,13.5,14.1,14.0,13.9,14.5,14.0,13.7,13.7,14.1,13.8,14.4,14.1,13.9,14.3,13.7,13.9,14.2,14.3,14.3,14.6,14.0,13.9,14.5,13.6,13.7,14.8,14.1,13.6,13.9,14.0,13.6,14.0,14.0,14.4,13.9,13.8,13.9,14.5,14.3,14.2,13.9,14.0,14.1,13.9,14.4,14.2,14.5,14.5,13.8,14.4,14.1,14.7,14.0,13.4,13.8,14.6,13.9,14.0,14.7,14.2,14.3,14.1,14.1,13.9,14.6,13.9,13.9,13.9,14.3,14.6,14.2,14.1,13.8,14.3,14.5,13.9,14.2,14.3,14.2,14.6,14.1,13.9,14.0,14.0,14.4,13.9,14.1,14.1,13.9,14.0,13.9,13.7,13.8,14.1,13.9,14.1,14.2,13.7,14.1,14.2,14.6,13.8,14.1,14.2,13.8,14.5,14.4,14.1,13.9,13.7,14.1,13.5,14.1,14.0,13.6,14.2,14.0,14.4,14.3,14.3,13.9,14.0,13.8,14.3,14.1,14.3,14.0,14.3,14.5,13.8,14.2,13.9,14.5,14.2,13.8,14.0,14.1,13.9,14.6,13.8,13.8,14.1,14.1,13.9,14.1,14.2,13.9,14.1,14.5,13.7,13.7,14.0,14.0,13.7,14.3,14.3,14.3,14.1,13.6,13.5,14.1]}},{"type":"Feature","geometry":{"type":"LineString","coordinates":[[72.6097,17.4736],[72.6049,17.467],[72.6054,17.4614],[72.6104,17.4566],[72.6135,17.4515],[72.6164,17.4444],[72.617,17.4386],[72.6199,17.4301],[72.6194,17.4251],[72.6133,17.4195],[72.6119,17.4144],[72.6124,17.4064],[72.6136,17.4008],[72.6198,17.3934],[72.6242,17.3888],[72.6328,17.3882],[72.6386,17.3918],[72.646,17.388],[72.6503,17.3858],[72.6589,17.3809],[72.6646,17.3815],[72.6727,17.3805],[72.6789,17.3806],[72.6857,17.3853],[72.6912,17.3863],[72.693,17.3782],[72.6918,17.3729],[72.6911,17.3653],[72.6966,17.3643],[72.7041,17.3622],[72.7089,17.3625],[72.7179,17.3617],[72.7212,17.3572],[72.7255,17.3582],[72.728,17.3635],[72.7254,17.372],[72.7288,17.3781],[72.7328,17.3836],[72.7333,17.3891],[72.7297,17.3968],[72.7245,17.3997],[72.7151,17.4009],[72.7104,17.4045],[72.7011,17.4053],[72.6958,17.4065],[72.6869,17.4074],[72.6812,17.4044],[72.6748,17.4043],[72.6686,17.4022],[72.6592,17.4025],[72.655,17.4035],[72.6471,17.4012],[72.6412,17.3994],[72.6342,17.4006],[72.6293,17.4048],[72.6204,17.4082],[72.6148,17.4091],[72.6085,17.4143],[72.6035,17.4191],[72.5966,17.4253],[72.5942,17.4304],[72.587,17.4325],[72.5822,17.4302],[72.5748,17.4332],[72.5688,17.4323],[72.5622,17.4278],[72.5611,17.4231],[72.5611,17.4178],[72.5606,17.4125],[72.5591,17.4042],[72.5559,17.4001],[72.5489,17.3967],[72.5482,17.3922],[72.549,17.385],[72.5531,17.3801],[72.5563,17.3745],[72.562,17.3727],[72.5705,17.3747],[72.5723,17.3792],[72.573,17.3878],[72.5731,17.392],[72.568,17.3976],[72.5619,17.4005],[72.5524,17.4005],[72.5458,17.4016],[72.5391,17.4016],[72.5322,17.4027],[72.524,17.4034],[72.5197,17.4008],[72.5148,17.3937],[72.5105,17.3922],[72.5026,17.3903],[72.4963,17.3877],[72.4898,17.3843],[72.49,17.3779],[72.4891,17.3701],[72.4859,17.3661],[72.487,17.3574],[72.486,17.3527],[72.4876,17.3458],[72.485,17.3411],[72.4777,17.3415],[72.4721,17.3426],[72.4648,17.3412],[72.4607,17.3392],[72.4595,17.3323],[72.4618,17.3275],[72.4638,17.3192],[72.4658,17.3142],[72.4737,17.3087],[72.477,17.305],[72.4808,17.3075],[72.4835,17.3134],[72.4886,17.3192],[72.4917,17.3226],[72.4952,17.3283],[72.4932,17.3335],[72.4897,17.3403],[72.4858,17.3451],[72.482,17.3506],[72.4794,17.3558],[72.4711,17.3546],[72.4677,17.3506],[72.4651,17.3423],[72.4613,17.3385],[72.4576,17.3331],[72.4549,17.328],[72.4497,17.3223],[72.4451,17.3195],[72.4373,17.3143],[72.434,17.3097],[72.4269,17.3064],[72.4225,17.3057],[72.415,17.3093],[72.412,17.3136],[72.4048,17.3177],[72.3988,17.3185],[72.3909,17.3184],[72.3872,17.3173],[72.3785,17.3173],[72.3739,17.3155],[72.3656,17.3169],[72.3594,17.3173],[72.3503,17.3172],[72.3447,17.318],[72.3358,17.32],[72.3306,17.3231],[72.3274,17.3299],[72.3249,17.3352],[72.3265,17.3429],[72.3255,17.348],[72.3294,17.355],[72.3338,17.3604],[72.3411,17.3617],[72.3449,17.3654],[72.3458,17.3743],[72.3444,17.3779],[72.3395,17.3823],[72.3343,17.3808],[72.3272,17.386],[72.3213,17.3877],[72.3186,17.3917],[72.3203,17.3974],[72.3175,17.4048],[72.3141,17.4041],[72.3064,17.4044],[72.3002,17.4053],[72.2918,17.4067],[72.2871,17.4043],[72.2817,17.3974],[72.2785,17.3946],[72.2721,17.3997],[72.2723,17.4051],[72.2711,17.4117],[72.2714,17.4173],[72.2704,17.4239],[72.2716,17.4296],[72.2751,17.4387],[72.2779,17.4442],[72.2792,17.452],[72.2787,17.4582],[72.2754,17.4658],[72.2736,17.4687],[72.2698,17.4746],[72.2668,17.4791],[72.2614,17.4873],[72.2555,17.4873],[72.2512,17.4911],[72.255,17.4954],[72.2606,17.5005],[72.2567,17.5055],[72.2502,17.5087],[72.246,17.5128],[72.2414,17.5177],[72.2368,17.5203],[72.2265,17.5248],[72.2212,17.5253],[72.2146,17.5202],[72.2076,17.5204],[72.2084,17.528],[72.2049,17.532],[72.1958,17.5313],[72.1912,17.5275],[72.1829,17.5243],[72.1774,17.5212],[72.1754,17.5125],[72.1749,17.5066],[72.17,17.5001],[72.1651,17.4969],[72.156,17.4944],[72.1512,17.4949],[72.1458,17.5011],[72.143,17.5059],[72.1362,17.5106],[72.1317,17.5156],[72.1253,17.519],[72.1199,17.5204],[72.1115,17.5252],[72.1068,17.5301],[72.1038,17.5365],[72.1035,17.5413],[72.097,17.5489],[72.0919,17.5517],[72.085,17.5573],[72.0833,17.5604],[72.0802,17.5668],[72.0785,17.5726],[72.0821,17.5784],[72.0872,17.5773],[72.0918,17.5713],[72.0937,17.5658],[72.1004,17.5587],[72.1061,17.5562],[72.1104,17.5632],[72.1086,17.5664],[72.1112,17.5747],[72.1172,17.5761],[72.1244,17.5765],[72.1284,17.5726],[72.1372,17.5699],[72.1417,17.57],[72.1511,17.5732],[72.1531,17.5776],[72.1489,17.5834],[72.1479,17.5882],[72.1464,17.5945],[72.1463,17.5992],[72.1392,17.6039],[72.1349,17.6059],[72.1275,17.6068],[72.124,17.6043],[72.1179,17.602],[72.1176,17.5962],[72.1189,17.5874],[72.1202,17.5838],[72.1229,17.5763],[72.1257,17.5722],[72.1327,17.5696],[72.139,17.5713],[72.1438,17.5788],[72.1471,17.5819],[72.1562,17.5842],[72.16,17.5848],[72.1651,17.5918],[72.1672,17.5971],[72.1639,17.6015],[72.1597,17.5995],[72.1548,17.5922],[72.1515,17.5879],[72.1546,17.5816],[72.1523,17.5766],[72.1474,17.5698],[72.1424,17.569],[72.1354,17.5692],[72.1307,17.5701],[72.1229,17.5654],[72.1181,17.5672],[72.116,17.5749],[72.1157,17.5805],[72.1185,17.5884],[72.1229,17.5928],[72.1299,17.5933],[72.1354,17.5905],[72.141,17.5944],[72.1426,17.5987],[72.1482,17.6048],[72.1519,17.6099],[72.1567,17.6167],[72.1602,17.6207],[72.1684,17.6265],[72.1724,17.6299],[72.1779,17.6336],[72.1808,17.6389],[72.1882,17.6418],[72.1925,17.645],[72.199,17.6474],[72.2044,17.6486],[72.2047,17.6556],[72.2083,17.6597],[72.2165,17.6621],[72.2219,17.6639],[72.2292,17.6668],[72.2332,17.6718],[72.2394,17.6782],[72.2424,17.6808],[72.2484,17.6864],[72.2514,17.6888],[72.2584,17.6928],[72.2628,17.6961],[72.2694,17.7033],[72.274,17.7053],[72.2815,17.7109],[72.2862,17.7111],[72.2936,17.7119],[72.2981,17.7094],[72.3042,17.7051],[72.3086,17.7075],[72.315,17.7121],[72.3111,17.7155],[72.3078,17.7235],[72.3108,17.7274],[72.3092,17.7373],[72.3104,17.7412],[72.3166,17.7471],[72.3214,17.7501],[72.3255,17.7573],[72.3264,17.7612],[72.3286,17.7685],[72.3271,17.7745],[72.3225,17.7812],[72.3251,17.7843],[72.3276,17.7922],[72.3265,17.7972],[72.3288,17.8034],[72.3322,17.8078],[72.3341,17.8145],[72.3353,17.8199],[72.3346,17.8275],[72.3322,17.8331],[72.3279,17.8384],[72.3228,17.8413],[72.3182,17.8474],[72.3174,17.8529],[72.3133,17.859],[72.3101,17.863],[72.3034,17.8662],[72.2974,17.8663],[72.2896,17.8665],[72.2838,17.8658],[72.2815,17.8729],[72.2815,17.8787],[72.2831,17.887],[72.2814,17.8907],[72.2767,17.8856],[72.2746,17.8803],[72.2656,17.88],[72.2603,17.8823],[72.2515,17.8837],[72.245,17.8864],[72.2391,17.8851],[72.2332,17.8886],[72.2283,17.8934],[72.2233,17.8968],[72.2202,17.9024],[72.2157,17.9038],[72.209,17.9091],[72.2051,17.9128],[72.1968,17.916],[72.1911,17.9182],[72.1818,17.9165],[72.1782,17.9199],[72.1712,17.925],[72.1671,17.9215],[72.1628,17.9169],[72.164,17.9124],[72.1692,17.9079],[72.1727,17.9032],[72.1746,17.8969],[72.1744,17.8923],[72.1682,17.8873],[72.1628,17.8849],[72.1582,17.8794],[72.16,17.8736],[72.1656,17.8684],[72.171,17.8664],[72.1797,17.8674],[72.1848,17.8692],[72.1932,17.8708],[72.199,17.8745],[72.2077,17.8758],[72.2114,17.8776],[72.2184,17.8815],[72.216,17.8855],[72.2104,17.8906],[72.2086,17.8954],[72.2123,17.9021],[72.216,17.9051],[72.2251,17.9092],[72.2288,17.9111],[72.2352,17.9175],[72.2361,17.9234],[72.2397,17.9301],[72.2418,17.9366],[72.2436,17.9437],[72.2425,17.9482],[72.2399,17.9542],[72.2443,17.9587],[72.249,17.9651],[72.2523,17.9701],[72.2576,17.9761],[72.263,17.9777],[72.2718,17.9795],[72.2773,17.981],[72.284,17.9759],[72.2873,17.972],[72.2949,17.968],[72.2997,17.9664],[72.3065,17.9714],[72.3127,17.9736],[72.3173,17.98],[72.3216,17.9797],[72.3287,17.9855],[72.3352,17.9865],[72.3343,17.9945],[72.3296,17.9963],[72.3264,18.0034],[72.3297,18.0081],[72.3357,18.013],[72.3376,18.0171],[72.3453,18.0183],[72.3503,18.0139],[72.3557,18.0086],[72.3611,18.0068],[72.3662,17.9986],[72.3702,17.9933],[72.3777,17.9918],[72.3794,17.9973],[72.3776,18.0063],[72.3758,18.0113],[72.3778,18.0191],[72.3773,18.0254],[72.3835,18.0305],[72.388,18.0327],[72.396,18.0306],[72.4009,18.0279],[72.4093,18.0241],[72.4144,18.0274],[72.4228,18.0263],[72.4265,18.0235],[72.4342,18.0216],[72.4396,18.0219],[72.4485,18.022],[72.449,18.0168],[72.4558,18.0114],[72.4614,18.01],[72.4693,18.0067],[72.4744,18.0054],[72.4803,17.9992],[72.4839,17.9959],[72.489,17.9923],[72.4944,17.9903],[72.503,17.9905],[72.5078,17.9917],[72.516,17.994],[72.5215,17.9917],[72.5287,17.9857],[72.524,17.9838],[72.5162,17.9861],[72.5106,17.9896],[72.5043,17.9958],[72.5023,18.0],[72.4992,18.0065],[72.4987,18.0119],[72.4961,18.0202],[72.4913,18.0178],[72.494,18.0112],[72.4977,18.0082],[72.5037,18.0054],[72.5094,18.0068],[72.5169,18.0067],[72.5233,18.0042],[72.5313,18.0021],[72.5363,18.0049],[72.5394,18.0126],[72.5345,18.0162],[72.5283,18.0129],[72.5246,18.011],[72.5185,18.0143],[72.5113,18.0138],[72.5052,18.0102],[72.5004,18.0105],[72.4907,18.0113],[72.4867,18.0097],[72.4807,18.0046],[72.4779,18.0015],[72.4706,18.0001],[72.4647,17.9986],[72.459,17.994],[72.4545,17.9909],[72.4535,17.9826],[72.4539,17.9769],[72.4593,17.969],[72.4603,17.9639],[72.468,17.962],[72.4736,17.9605],[72.4836,17.9643],[72.4857,17.9683],[72.4849,17.9772],[72.4849,17.9814],[72.4888,17.99],[72.4881,17.9964],[72.4808,18.0016],[72.4782,18.0064],[72.4815,18.014],[72.4865,18.0167],[72.4944,18.0203],[72.4985,18.0225],[72.5046,18.0214],[72.5108,18.0231],[72.5195,18.023],[72.5261,18.0242],[72.5337,18.0241],[72.5391,18.0203],[72.5371,18.0131],[72.5341,18.0078],[72.5327,18.0002],[72.5324,17.9943],[72.5321,17.9866],[72.5328,17.9827],[72.5389,17.9786],[72.5418,17.9731],[72.5442,17.9646],[72.551,17.9624],[72.5596,17.9645],[72.5649,17.9654],[72.5721,17.9604],[72.5739,17.9555],[72.5803,17.9487],[72.5825,17.9448],[72.5887,17.9426],[72.5937,17.9402],[72.6013,17.9365],[72.6058,17.9347],[72.614,17.9336],[72.6185,17.9345],[72.6241,17.9281],[72.6247,17.9233],[72.6237,17.9171],[72.6217,17.9118],[72.6158,17.9065],[72.6103,17.9037],[72.6024,17.9012],[72.5971,17.9008],[72.5903,17.9045],[72.5846,17.9042],[72.5794,17.9103],[72.5782,17.9155],[72.5757,17.9238],[72.5785,17.9275],[72.5799,17.9362],[72.5734,17.9393],[72.5662,17.9426],[72.5605,17.9417],[72.5516,17.9448],[72.5494,17.9496],[72.5495,17.9558],[72.5522,17.9613],[72.5562,17.9672],[72.558,17.9713],[72.5648,17.977],[72.5707,17.9808],[72.5788,17.9845],[72.5822,17.9882],[72.5864,17.9961],[72.586,18.0011],[72.5834,18.0072],[72.5849,18.0112],[72.5918,18.0148],[72.5918,18.0191],[72.5835,18.0225],[72.5787,18.02],[72.5695,18.0176],[72.5687,18.0129],[72.5734,18.0069],[72.5772,18.0023],[72.5791,17.9945],[72.5795,17.9894],[72.5764,17.9819],[72.5726,17.9765],[72.5656,17.9761],[72.5604,17.977],[72.5549,17.9827],[72.5513,17.9871],[72.5448,17.9941],[72.5391,17.9958],[72.5296,17.992],[72.5243,17.9939],[72.5168,17.9918],[72.5131,17.9936],[72.5045,17.997],[72.5017,18.0011],[72.5023,18.0091],[72.5074,18.014],[72.5142,18.0107],[72.5189,18.0105],[72.5258,18.0085],[72.5308,18.0058],[72.5409,18.0058],[72.5478,18.006],[72.5551,18.0031],[72.56,18.0017],[72.5603,17.9925],[72.5579,17.988],[72.5557,17.98],[72.5517,17.9762],[72.5428,17.9754],[72.5372,17.9749],[72.5296,17.9781],[72.5271,17.983],[72.5207,17.9863],[72.5169,17.9904],[72.5126,17.9974],[72.5102,18.0023],[72.5072,18.0092],[72.503,18.0118],[72.4962,18.0091],[72.4906,18.0076],[72.4845,18.003],[72.4814,17.9985],[72.4805,17.9921],[72.48,17.9863],[72.4776,17.9787],[72.473,17.9758],[72.4635,17.973],[72.4588,17.9702],[72.4512,17.9647],[72.4499,17.96],[72.4442,17.9532],[72.4395,17.9513],[72.4306,17.9488],[72.4246,17.9486],[72.4201,17.9551],[72.423,17.959],[72.4281,17.9639],[72.4323,17.9603],[72.4396,17.956],[72.4418,17.9511],[72.4458,17.9432],[72.4475,17.9381],[72.4513,17.9312],[72.4466,17.9268],[72.4501,17.9188],[72.4523,17.9157],[72.4561,17.9071],[72.4598,17.9027],[72.4655,17.8979],[72.4661,17.8931],[72.4734,17.8866],[72.4763,17.8811],[72.4843,17.8789],[72.4873,17.8751],[72.4942,17.8725],[72.4984,17.8677],[72.503,17.8597],[72.5065,17.8568],[72.5094,17.8496],[72.513,17.8447],[72.5163,17.8364],[72.5152,17.8303],[72.5169,17.8244],[72.5195,17.8188],[72.5254,17.8151],[72.5304,17.8146],[72.5357,17.8196],[72.5397,17.8249],[72.5486,17.8249],[72.5514,17.8201],[72.5483,17.8132],[72.5467,17.8073],[72.5466,17.8011],[72.5412,17.7982],[72.5333,17.7984],[72.5296,17.7963],[72.5224,17.7991],[72.5164,17.799],[72.5104,17.7915],[72.5048,17.7897],[72.4967,17.7925],[72.4918,17.7944],[72.4831,17.7961],[72.4784,17.7994],[72.4727,17.8063],[72.4686,17.8107],[72.4608,17.8157],[72.4556,17.8169],[72.45,17.8127],[72.4467,17.8085],[72.4379,17.803],[72.4327,17.8],[72.4251,17.7966],[72.4266,17.7915],[72.435,17.787],[72.4377,17.7833],[72.4448,17.7784],[72.4425,17.7723],[72.4378,17.7695],[72.433,17.7719],[72.4271,17.7755],[72.4215,17.7793],[72.4139,17.7807],[72.4083,17.7797],[72.4003,17.781],[72.395,17.7835],[72.3888,17.7889],[72.3857,17.7934],[72.3847,17.8008],[72.3881,17.8057],[72.3942,17.8042],[72.3998,17.8032],[72.4072,17.806],[72.4144,17.809],[72.4107,17.8127],[72.4044,17.8126],[72.3996,17.8093],[72.398,17.8039],[72.3904,17.8007],[72.3859,17.8012],[72.3798,17.8054],[72.3766,17.8116],[72.3748,17.8186],[72.3798,17.8191],[72.3872,17.8149],[72.3921,17.8135],[72.4007,17.8096],[72.4062,17.8058],[72.4106,17.8023],[72.4109,17.7978],[72.4098,17.7903],[72.4068,17.7847],[72.4003,17.7825],[72.3949,17.7795],[72.3878,17.7835],[72.3837,17.7857],[72.3846,17.7941],[72.3872,17.7993],[72.396,17.7999],[72.3976,17.7973],[72.3999,17.7894],[72.4007,17.7863],[72.4035,17.7792],[72.4091,17.7765],[72.4148,17.7703],[72.4173,17.7662],[72.4227,17.7622],[72.426,17.7595],[72.4231,17.7522],[72.417,17.7511],[72.4104,17.7577],[72.4065,17.7602],[72.3984,17.7593],[72.3941,17.7571],[72.3866,17.7515],[72.3797,17.7529],[72.373,17.7576],[72.3672,17.756],[72.3611,17.7515],[72.358,17.7468],[72.3501,17.7463],[72.3439,17.7484],[72.3376,17.7555],[72.3399,17.7602],[72.342,17.7692],[72.3446,17.7764],[72.3424,17.7831],[72.3421,17.789],[72.3375,17.7965],[72.3326,17.794],[72.3252,17.7887],[72.3197,17.7912],[72.3137,17.7939],[72.3098,17.7959],[72.3115,17.8039],[72.3123,17.8067],[72.3212,17.8103],[72.3237,17.8149],[72.327,17.8204],[72.3305,17.8244],[72.338,17.8285],[72.3423,17.8312],[72.3469,17.8388],[72.3479,17.8449],[72.3498,17.8556],[72.3509,17.8614],[72.3443,17.8687],[72.3421,17.8733],[72.3429,17.8815],[72.3481,17.8825],[72.3559,17.8833],[72.3603,17.8807],[72.3638,17.8763],[72.3689,17.873],[72.376,17.8783],[72.3821,17.8796],[72.3889,17.8815],[72.3934,17.8818],[72.4023,17.8783],[72.4071,17.8746],[72.4063,17.8665],[72.4047,17.862],[72.4012,17.8532],[72.3971,17.8504],[72.3905,17.8465],[72.3868,17.8435],[72.3778,17.8448],[72.3734,17.8455],[72.3698,17.8359],[72.3689,17.8314],[72.3687,17.8246],[72.3672,17.8188],[72.3685,17.8117],[72.3687,17.8059],[72.3697,17.7971],[72.3715,17.7925],[72.3807,17.7919],[72.3868,17.7937],[72.3913,17.7873],[72.3968,17.7859],[72.3961,17.7768],[72.3976,17.7713],[72.3956,17.765],[72.3906,17.7641],[72.3839,17.7669],[72.3793,17.7683],[72.3708,17.7658],[72.367,17.7611],[72.3608,17.7568],[72.3553,17.7526],[72.3466,17.7544],[72.3419,17.7569],[72.3352,17.7625],[72.3355,17.7697],[72.3391,17.7764],[72.3442,17.7799],[72.3529,17.7809],[72.358,17.782],[72.3647,17.7759],[72.3645,17.7718],[72.3669,17.7641],[72.3696,17.7588],[72.3721,17.7514],[72.37,17.7474],[72.3649,17.74],[72.3594,17.7378],[72.3533,17.7356],[72.3528,17.7296],[72.353,17.7218],[72.3536,17.7179],[72.3525,17.7096],[72.3502,17.7048],[72.3444,17.6991],[72.3415,17.6957],[72.3365,17.6879],[72.3298,17.6854],[72.3236,17.6832],[72.32,17.6785],[72.3209,17.669],[72.3158,17.667],[72.3078,17.6624],[72.3036,17.6599],[72.3026,17.6531],[72.3054,17.6493],[72.31,17.6417],[72.3117,17.6363],[72.3143,17.6273],[72.3152,17.6234],[72.3185,17.6152],[72.3193,17.6104],[72.3151,17.605],[72.309,17.6027],[72.3004,17.6051],[72.2951,17.6047],[72.2882,17.603],[72.283,17.6052],[72.2772,17.6119],[72.2743,17.617],[72.2805,17.6222],[72.283,17.6272],[72.291,17.6294],[72.295,17.6332],[72.3014,17.6343],[72.3046,17.6298],[72.3095,17.6246],[72.3132,17.621],[72.3154,17.6131],[72.3133,17.6078],[72.3127,17.5987],[72.3129,17.5946],[72.313,17.5868],[72.3118,17.5812],[72.3079,17.5728],[72.304,17.5702],[72.3003,17.5773],[72.3009,17.5818],[72.2948,17.5877],[72.2891,17.588],[72.2777,17.5875],[72.2711,17.5854],[72.2687,17.5801],[72.2666,17.5747],[72.2575,17.5786],[72.2522,17.5827],[72.2443,17.5791],[72.2394,17.5778],[72.2322,17.5717],[72.2309,17.566],[72.2307,17.558],[72.2344,17.5565],[72.2353,17.5489],[72.2336,17.5435],[72.2295,17.5364],[72.2246,17.5323],[72.218,17.5311],[72.2115,17.5318],[72.2037,17.5342],[72.2038,17.5391],[72.2081,17.5448],[72.2118,17.5476],[72.2201,17.5507],[72.2255,17.548],[72.2333,17.5432],[72.2377,17.5408],[72.2433,17.5442],[72.2438,17.5497],[72.2381,17.5553],[72.2323,17.5577],[72.2234,17.5566],[72.2197,17.5529],[72.2136,17.5493],[72.2105,17.5444],[72.2099,17.5343],[72.2126,17.5274],[72.217,17.5211],[72.2211,17.5185],[72.2289,17.5207],[72.233,17.5232],[72.2401,17.5211],[72.2455,17.5162],[72.2546,17.5166],[72.2599,17.5192],[72.2676,17.5157],[72.2684,17.5105],[72.2645,17.5061],[72.2625,17.502],[72.2617,17.4943],[72.2624,17.4885],[72.2655,17.4809],[72.2678,17.4756],[72.2731,17.4716],[72.2774,17.4676],[72.2828,17.4653],[72.2885,17.4652],[72.2959,17.4665],[72.2988,17.4693],[72.305,17.4738],[72.3105,17.4741],[72.3196,17.4765],[72.3237,17.4804],[72.3256,17.4874],[72.3278,17.4922],[72.3361,17.4903],[72.3413,17.4895],[72.3481,17.4841],[72.3507,17.4795],[72.3522,17.4725],[72.3509,17.4668],[72.348,17.4601],[72.3432,17.4577],[72.3371,17.4512],[72.3314,17.4505],[72.3244,17.4472],[72.3246,17.4418],[72.3231,17.4344],[72.3184,17.4323],[72.3112,17.4318],[72.3059,17.4305],[72.3001,17.4253],[72.2976,17.4205],[72.293,17.4145],[72.2895,17.4081],[72.2887,17.3999],[72.2867,17.3947],[72.2875,17.3864],[72.2862,17.3819],[72.2788,17.3778],[72.2746,17.3765],[72.2671,17.3768],[72.2628,17.3783],[72.2577,17.375],[72.2538,17.3731],[72.2497,17.3677],[72.2457,17.3651],[72.2385,17.363],[72.2343,17.3594],[72.2299,17.3525],[72.2307,17.347],[72.2345,17.3399],[72.2346,17.3345],[72.2313,17.3263],[72.2338,17.3204],[72.232,17.313],[72.233,17.3085],[72.2396,17.3029],[72.2422,17.2985],[72.2433,17.2899],[72.2415,17.2859],[72.2475,17.2778],[72.2524,17.2743],[72.2616,17.2722],[72.2643,17.2683],[72.262,17.2605],[72.2581,17.2564],[72.2605,17.2516],[72.2662,17.2508],[72.2717,17.2457],[72.2686,17.2398],[72.2668,17.2324],[72.2628,17.2329],[72.2571,17.2389],[72.2513,17.24],[72.2467,17.2444],[72.2452,17.2494],[72.2378,17.2501],[72.232,17.2507],[72.2241,17.2519],[72.2237,17.2577],[72.2281,17.2655],[72.2331,17.2674],[72.239,17.2703],[72.2384,17.275],[72.2343,17.282],[72.2293,17.284],[72.2232,17.2876],[72.2195,17.2913],[72.2109,17.2904],[72.2059,17.29],[72.1992,17.2878],[72.1938,17.2849],[72.1933,17.277],[72.1935,17.272],[72.1909,17.2638],[72.1888,17.2594],[72.1834,17.255],[72.1792,17.2499],[72.1765,17.2414],[72.177,17.2369],[72.1794,17.2301],[72.1816,17.2269],[72.1854,17.22],[72.1879,17.2147],[72.1909,17.2092],[72.1882,17.2039],[72.1874,17.1969],[72.183,17.1918],[72.1758,17.1882],[72.1708,17.1888],[72.1635,17.191],[72.1596,17.1912],[72.1503,17.189],[72.1446,17.1876],[72.1378,17.1851],[72.134,17.1809],[72.1254,17.1758],[72.1212,17.1755],[72.1144,17.1796],[72.115,17.1858],[72.1148,17.1927],[72.1134,17.1976],[72.1067,17.2005],[72.1022,17.2026],[72.0954,17.2058],[72.0909,17.2091],[72.0846,17.2141],[72.0788,17.2142],[72.0701,17.2106],[72.0644,17.2082],[72.0566,17.2109],[72.0526,17.2147],[72.048,17.2217],[72.047,17.2255],[72.0495,17.2323],[72.0522,17.2362],[72.0579,17.2407],[72.0639,17.2418],[72.0717,17.245],[72.0727,17.2494],[72.0792,17.2537],[72.0837,17.2531],[72.0902,17.258],[72.0938,17.2635],[72.1,17.2706],[72.1016,17.2741],[72.1045,17.281],[72.1038,17.2844],[72.1026,17.2931],[72.1044,17.298],[72.1073,17.3052],[72.1073,17.3116],[72.1038,17.3202],[72.1036,17.3255],[72.1005,17.3328],[72.0959,17.3361],[72.089,17.3394],[72.0861,17.3465],[72.0774,17.3467],[72.0737,17.3495],[72.0652,17.3511],[72.0598,17.3503],[72.0499,17.3522],[72.0488,17.3576],[72.0477,17.3653],[72.0515,17.3697],[72.0549,17.3761],[72.0578,17.3811],[72.0595,17.3892],[72.06,17.394],[72.0585,17.4005],[72.0596,17.4056],[72.0644,17.4113],[72.0692,17.4129],[72.0692,17.4206],[72.0681,17.4261],[72.0714,17.4344],[72.0766,17.4365],[72.0809,17.4425],[72.0807,17.4474],[72.0838,17.456],[72.0842,17.4599],[72.0884,17.4679],[72.0904,17.4724],[72.091,17.4795],[72.0877,17.4834],[72.0839,17.4902],[72.0802,17.4953],[72.0749,17.499],[72.0693,17.4998],[72.0618,17.499],[72.0584,17.5022],[72.0524,17.5047],[72.0516,17.5099],[72.0576,17.5161],[72.062,17.5181],[72.0713,17.5222],[72.075,17.5225]]},"properties":{"mmsi":997197965,"name":"SYN-FSH-02","role":"background","vessel_type":30,"synthetic":true,"t_offset_s":[-259200,-258840,-258600,-258240,-258000,-257640,-257400,-257040,-256800,-256440,-256200,-255840,-255600,-255240,-255000,-254640,-254400,-254040,-253800,-253440,-253200,-252840,-252600,-252240,-252000,-251640,-251400,-251040,-250800,-250440,-250200,-249840,-249600,-249240,-249000,-248640,-248400,-248040,-247800,-247440,-247200,-246840,-246600,-246240,-246000,-245640,-245400,-245040,-244800,-244440,-244200,-243840,-243600,-243240,-243000,-242640,-242400,-242040,-241800,-241440,-241200,-240840,-240600,-240240,-240000,-239640,-239400,-239040,-238800,-238440,-238200,-237840,-237600,-237240,-237000,-236640,-236400,-236040,-235800,-235440,-235200,-234840,-234600,-234240,-234000,-233640,-233400,-233040,-232800,-232440,-232200,-231840,-231600,-231240,-231000,-230640,-230400,-230040,-229800,-229440,-229200,-228840,-228600,-228240,-228000,-227640,-227400,-227040,-226800,-226440,-226200,-225840,-225600,-225240,-225000,-224640,-224400,-224040,-223800,-223440,-223200,-222840,-222600,-222240,-222000,-221640,-221400,-221040,-220800,-220440,-220200,-219840,-219600,-219240,-219000,-218640,-218400,-218040,-217800,-217440,-217200,-216840,-216600,-216240,-216000,-215640,-215400,-215040,-214800,-214440,-214200,-213840,-213600,-213240,-213000,-212640,-212400,-212040,-211800,-211440,-211200,-210840,-210600,-210240,-210000,-209640,-209400,-209040,-208800,-208440,-208200,-207840,-207600,-207240,-207000,-206640,-206400,-206040,-205800,-205440,-205200,-204840,-204600,-204240,-204000,-203640,-203400,-203040,-202800,-202440,-202200,-201840,-201600,-201240,-201000,-200640,-200400,-200040,-199800,-199440,-199200,-198840,-198600,-198240,-198000,-197640,-197400,-197040,-196800,-196440,-196200,-195840,-195600,-195240,-195000,-194640,-194400,-194040,-193800,-193440,-193200,-192840,-192600,-192240,-192000,-191640,-191400,-191040,-190800,-190440,-190200,-189840,-189600,-189240,-189000,-188640,-188400,-188040,-187800,-187440,-187200,-186840,-186600,-186240,-186000,-185640,-185400,-185040,-184800,-184440,-184200,-183840,-183600,-183240,-183000,-182640,-182400,-182040,-181800,-181440,-181200,-180840,-180600,-180240,-180000,-179640,-179400,-179040,-178800,-178440,-178200,-177840,-177600,-177240,-177000,-176640,-176400,-176040,-175800,-175440,-175200,-174840,-174600,-174240,-174000,-173640,-173400,-173040,-172800,-172440,-172200,-171840,-171600,-171240,-171000,-170640,-170400,-170040,-169800,-169440,-169200,-168840,-168600,-168240,-168000,-167640,-167400,-167040,-166800,-166440,-166200,-165840,-165600,-165240,-165000,-164640,-164400,-164040,-163800,-163440,-163200,-162840,-162600,-162240,-162000,-161640,-161400,-161040,-160800,-160440,-160200,-159840,-159600,-159240,-159000,-158640,-158400,-158040,-157800,-157440,-157200,-156840,-156600,-156240,-156000,-155640,-155400,-155040,-154800,-154440,-154200,-153840,-153600,-153240,-153000,-152640,-152400,-152040,-151800,-151440,-151200,-150840,-150600,-150240,-150000,-149640,-149400,-149040,-148800,-148440,-148200,-147840,-147600,-147240,-147000,-146640,-146400,-146040,-145800,-145440,-145200,-144840,-144600,-144240,-144000,-143640,-143400,-143040,-142800,-142440,-142200,-141840,-141600,-141240,-141000,-140640,-140400,-140040,-139800,-139440,-139200,-138840,-138600,-138240,-138000,-137640,-137400,-137040,-136800,-136440,-136200,-135840,-135600,-135240,-135000,-134640,-134400,-134040,-133800,-133440,-133200,-132840,-132600,-132240,-132000,-131640,-131400,-131040,-130800,-130440,-130200,-129840,-129600,-129240,-129000,-128640,-128400,-128040,-127800,-127440,-127200,-126840,-126600,-126240,-126000,-125640,-125400,-125040,-124800,-124440,-124200,-123840,-123600,-123240,-123000,-122640,-122400,-122040,-121800,-121440,-121200,-120840,-120600,-120240,-120000,-119640,-119400,-119040,-118800,-118440,-118200,-117840,-117600,-117240,-117000,-116640,-116400,-116040,-115800,-115440,-115200,-114840,-114600,-114240,-114000,-113640,-113400,-113040,-112800,-112440,-112200,-111840,-111600,-111240,-111000,-110640,-110400,-110040,-109800,-109440,-109200,-108840,-108600,-108240,-108000,-107640,-107400,-107040,-106800,-106440,-106200,-105840,-105600,-105240,-105000,-104640,-104400,-104040,-103800,-103440,-103200,-102840,-102600,-102240,-102000,-101640,-101400,-101040,-100800,-100440,-100200,-99840,-99600,-99240,-99000,-98640,-98400,-98040,-97800,-97440,-97200,-96840,-96600,-96240,-96000,-95640,-95400,-95040,-94800,-94440,-94200,-93840,-93600,-93240,-93000,-92640,-92400,-92040,-91800,-91440,-91200,-90840,-90600,-90240,-90000,-89640,-89400,-89040,-88800,-88440,-88200,-87840,-87600,-87240,-87000,-86640,-86400,-86040,-85800,-85440,-85200,-84840,-84600,-84240,-84000,-83640,-83400,-83040,-82800,-82440,-82200,-81840,-81600,-81240,-81000,-80640,-80400,-80040,-79800,-79440,-79200,-78840,-78600,-78240,-78000,-77640,-77400,-77040,-76800,-76440,-76200,-75840,-75600,-75240,-75000,-74640,-74400,-74040,-73800,-73440,-73200,-72840,-72600,-72240,-72000,-71640,-71400,-71040,-70800,-70440,-70200,-69840,-69600,-69240,-69000,-68640,-68400,-68040,-67800,-67440,-67200,-66840,-66600,-66240,-66000,-65640,-65400,-65040,-64800,-64440,-64200,-63840,-63600,-63240,-63000,-62640,-62400,-62040,-61800,-61440,-61200,-60840,-60600,-60240,-60000,-59640,-59400,-59040,-58800,-58440,-58200,-57840,-57600,-57240,-57000,-56640,-56400,-56040,-55800,-55440,-55200,-54840,-54600,-54240,-54000,-53640,-53400,-53040,-52800,-52440,-52200,-51840,-51600,-51240,-51000,-50640,-50400,-50040,-49800,-49440,-49200,-48840,-48600,-48240,-48000,-47640,-47400,-47040,-46800,-46440,-46200,-45840,-45600,-45240,-45000,-44640,-44400,-44040,-43800,-43440,-43200,-42840,-42600,-42240,-42000,-41640,-41400,-41040,-40800,-40440,-40200,-39840,-39600,-39240,-39000,-38640,-38400,-38040,-37800,-37440,-37200,-36840,-36600,-36240,-36000,-35640,-35400,-35040,-34800,-34440,-34200,-33840,-33600,-33240,-33000,-32640,-32400,-32040,-31800,-31440,-31200,-30840,-30600,-30240,-30000,-29640,-29400,-29040,-28800,-28440,-28200,-27840,-27600,-27240,-27000,-26640,-26400,-26040,-25800,-25440,-25200,-24840,-24600,-24240,-24000,-23640,-23400,-23040,-22800,-22440,-22200,-21840,-21600,-21240,-21000,-20640,-20400,-20040,-19800,-19440,-19200,-18840,-18600,-18240,-18000,-17640,-17400,-17040,-16800,-16440,-16200,-15840,-15600,-15240,-15000,-14640,-14400,-14040,-13800,-13440,-13200,-12840,-12600,-12240,-12000,-11640,-11400,-11040,-10800,-10440,-10200,-9840,-9600,-9240,-9000,-8640,-8400,-8040,-7800,-7440,-7200,-6840,-6600,-6240,-6000,-5640,-5400,-5040,-4800,-4440,-4200,-3840,-3600,-3240,-3000,-2640,-2400,-2040,-1800,-1440,-1200,-840,-600,-240,0,360,600,960,1200,1560,1800,2160,2400,2760,3000,3360,3600,3960,4200,4560,4800,5160,5400,5760,6000,6360,6600,6960,7200,7560,7800,8160,8400,8760,9000,9360,9600,9960,10200,10560,10800,11160,11400,11760,12000,12360,12600,12960,13200,13560,13800,14160,14400,14760,15000,15360,15600,15960,16200,16560,16800,17160,17400,17760,18000,18360,18600,18960,19200,19560,19800,20160,20400,20760,21000,21360,21600,21960,22200,22560,22800,23160,23400,23760,24000,24360,24600,24960,25200,25560,25800,26160,26400,26760,27000,27360,27600,27960,28200,28560,28800,29160,29400,29760,30000,30360,30600,30960,31200,31560,31800,32160,32400,32760,33000,33360,33600,33960,34200,34560,34800,35160,35400,35760,36000,36360,36600,36960,37200,37560,37800,38160,38400,38760,39000,39360,39600,39960,40200,40560,40800,41160,41400,41760,42000,42360,42600,42960,43200,43560,43800,44160,44400,44760,45000,45360,45600,45960,46200,46560,46800,47160,47400,47760,48000,48360,48600,48960,49200,49560,49800,50160,50400,50760,51000,51360,51600,51960,52200,52560,52800,53160,53400,53760,54000,54360,54600,54960,55200,55560,55800,56160,56400,56760,57000,57360,57600,57960,58200,58560,58800,59160,59400,59760,60000,60360,60600,60960,61200,61560,61800,62160,62400,62760,63000,63360,63600,63960,64200,64560,64800,65160,65400,65760,66000,66360,66600,66960,67200,67560,67800,68160,68400,68760,69000,69360,69600,69960,70200,70560,70800,71160,71400,71760,72000,72360,72600,72960,73200,73560,73800,74160,74400,74760,75000,75360,75600,75960,76200,76560,76800,77160,77400,77760,78000,78360,78600,78960,79200,79560,79800,80160,80400,80760,81000,81360,81600,81960,82200,82560,82800,83160,83400,83760,84000,84360,84600,84960,85200,85560,85800,86160,86400],"sog":[2.9,5.0,4.6,6.1,5.4,3.2,4.7,4.8,5.3,6.1,4.6,3.7,5.7,6.4,4.9,5.2,5.5,4.5,5.7,6.1,5.6,3.9,6.2,4.4,5.0,5.8,5.4,5.4,4.5,3.8,5.6,4.8,4.7,3.8,6.0,5.8,6.7,4.5,4.9,6.5,4.8,5.7,5.2,6.4,4.2,4.7,5.3,4.5,6.5,5.1,3.5,5.5,4.8,3.4,6.1,5.3,4.8,4.4,5.8,4.9,4.7,5.4,4.8,5.7,5.7,4.0,3.5,3.4,4.0,5.3,5.3,5.1,4.4,4.1,5.9,3.8,6.6,5.6,3.7,3.2,2.7,4.1,5.5,5.0,5.5,4.7,5.2,5.2,4.8,5.0,3.5,4.8,5.6,3.1,6.0,4.1,4.8,6.5,3.4,4.3,4.4,3.6,5.3,5.5,4.3,2.8,5.9,5.0,5.4,5.3,4.4,2.9,5.9,3.9,2.3,3.2,5.0,3.3,4.7,3.2,4.1,5.7,5.5,4.8,5.3,3.3,4.8,5.1,3.5,5.2,5.8,5.8,3.3,6.1,4.0,5.0,5.5,4.5,2.8,4.9,3.5,4.9,6.0,4.8,4.8,5.4,5.2,4.6,5.6,3.5,3.0,4.3,6.2,3.0,6.0,5.5,4.3,4.9,5.7,6.3,5.5,4.2,4.0,5.0,2.8,3.4,5.1,5.9,5.5,3.9,4.9,6.3,3.5,2.9,4.8,4.0,7.2,6.4,5.8,7.2,5.3,3.1,3.9,3.5,4.2,5.6,6.2,3.8,5.3,3.1,5.9,5.8,5.6,3.9,3.6,6.1,5.3,4.7,6.2,3.5,4.7,7.4,7.9,5.0,7.1,4.6,4.4,3.7,5.1,5.3,3.5,4.8,4.3,4.4,6.4,4.2,3.0,6.7,6.2,3.2,5.0,7.1,5.7,4.4,4.1,4.9,4.9,4.9,5.0,5.3,5.0,7.0,6.1,5.5,2.6,4.1,5.3,3.1,5.7,5.7,4.9,6.5,4.1,7.2,3.9,4.9,3.4,4.7,3.9,2.2,2.4,3.9,5.6,4.7,3.3,4.9,4.6,3.3,5.0,5.9,3.8,3.8,3.6,4.8,3.9,4.5,4.3,6.2,3.6,5.9,4.1,5.4,4.2,5.7,4.5,5.2,6.5,6.8,4.9,5.1,5.1,4.6,4.3,5.4,4.0,4.6,4.9,5.4,3.8,6.2,3.2,3.9,6.0,5.5,4.5,4.2,6.0,5.4,5.0,6.9,6.0,3.9,7.2,5.3,3.8,5.1,3.6,5.4,4.6,6.4,3.9,6.0,4.5,4.9,4.2,5.6,3.8,4.8,5.1,5.9,3.8,7.0,5.0,6.2,5.6,3.8,3.0,4.9,4.7,5.3,4.1,3.7,3.9,3.9,2.6,5.4,4.7,5.6,5.1,3.6,4.8,3.3,5.2,3.2,4.1,3.7,5.9,5.6,4.8,4.2,4.9,5.4,3.8,5.5,3.6,4.0,6.9,5.6,7.0,3.6,6.6,2.9,5.3,4.3,3.6,5.3,5.5,6.1,5.0,5.2,4.5,5.0,6.2,4.0,4.5,3.1,5.7,3.6,4.6,4.0,5.4,4.6,5.0,5.3,5.2,5.8,5.5,5.2,5.7,4.8,3.6,4.0,4.8,3.6,4.9,4.8,4.8,5.9,5.0,5.8,5.8,4.9,6.0,3.5,4.9,4.6,5.5,5.9,5.3,5.0,3.7,4.7,5.2,5.4,4.7,4.0,3.7,4.5,5.1,5.7,3.4,5.0,5.4,6.3,4.2,3.4,4.2,3.7,4.1,5.4,5.0,3.9,6.0,5.0,7.0,5.1,6.1,4.7,4.8,5.0,5.9,6.3,4.0,5.3,4.3,5.1,4.4,4.8,5.1,6.0,5.3,7.0,5.9,5.8,6.3,5.6,4.1,5.7,3.8,2.7,5.3,4.9,5.2,4.5,5.9,6.2,5.5,4.0,5.0,4.3,3.6,4.4,4.8,5.1,4.4,3.8,4.6,5.0,3.9,4.9,4.8,5.4,5.6,4.0,5.2,3.6,3.4,5.4,4.4,3.5,4.9,7.4,4.3,4.5,3.7,6.1,6.1,4.6,4.2,4.3,4.4,6.5,4.4,5.7,4.6,5.9,4.0,5.2,5.4,5.8,6.2,5.8,4.3,5.6,4.9,5.3,4.8,3.9,4.6,5.1,6.4,3.9,5.1,5.1,4.8,4.0,5.2,5.2,3.6,4.4,5.2,6.2,7.3,5.1,3.8,5.5,6.3,6.7,4.5,4.4,5.6,3.5,5.0,4.7,3.7,5.7,4.1,4.6,5.2,5.8,4.0,5.0,4.0,4.5,4.2,5.5,6.2,4.7,4.1,6.0,6.6,3.6,4.6,4.2,4.4,3.5,5.5,5.5,5.5,5.9,6.4,5.8,4.7,4.9,4.3,4.7,4.8,4.7,5.0,5.6,4.3,6.0,5.0,3.9,4.8,5.1,5.9,5.6,5.2,4.5,3.8,4.4,4.6,6.6,4.4,6.3,5.1,4.8,4.9,6.3,5.5,4.8,6.2,5.2,4.5,5.0,5.4,4.5,7.1,5.0,5.0,5.3,4.9,4.3,5.4,6.7,5.2,5.2,3.3,3.7,4.2,4.7,4.9,3.8,5.0,6.8,4.6,5.4,4.7,3.8,7.1,5.0,4.6,4.9,4.3,5.4,4.6,6.3,5.5,3.9,5.3,6.1,5.1,2.9,5.3,3.8,5.3,6.0,4.9,5.1,3.9,5.7,4.2,6.4,5.3,3.6,5.4,5.7,4.9,4.7,5.2,3.8,6.0,6.2,4.6,4.9,5.3,5.8,5.4,4.6,6.3,4.9,4.9,2.7,6.2,4.3,4.5,3.6,5.6,4.6,6.7,4.4,5.3,5.1,6.5,5.8,7.0,4.2,5.8,4.7,5.8,5.1,5.9,5.3,4.2,4.7,5.5,5.8,5.4,4.5,5.5,6.2,4.5,2.9,5.5,3.7,6.3,4.1,4.6,4.5,5.0,5.4,5.9,4.8,4.9,5.5,5.7,4.6,4.9,4.6,6.2,4.2,7.6,3.6,4.6,4.9,4.4,4.1,4.3,4.7,4.7,5.5,3.2,5.2,6.0,2.6,4.6,4.6,6.3,3.7,5.0,4.3,3.6,5.6,4.3,4.4,4.3,4.2,4.2,5.0,6.2,5.2,4.5,4.8,4.2,5.7,4.7,6.3,4.3,4.1,2.6,5.5,7.0,5.1,5.6,4.2,4.9,5.3,5.8,6.4,4.2,6.6,6.3,4.5,5.8,6.0,5.0,6.2,6.6,3.8,4.7,5.2,1.0,5.4,3.8,3.7,5.9,5.2,4.9,5.1,7.3,6.9,5.9,6.5,5.0,3.8,5.3,2.9,5.0,4.5,5.3,6.1,5.7,4.2,5.0,6.3,3.9,4.9,4.6,6.4,5.1,2.8,3.2,4.4,3.1,5.5,2.9,5.1,6.6,4.3,4.2,7.3,4.2,4.8,6.3,5.3,4.7,5.0,4.9,3.8,3.5,4.4,5.0,4.8,5.7,5.4,5.6,4.2,5.6,5.5,7.5,3.1,5.3,5.4,5.6,5.7,4.7,3.1,5.4,7.0,5.3,4.9,6.0,4.4,4.4,4.9,4.2,4.9,4.3,6.4,2.9,2.9,6.2,4.0,4.6,5.7,4.1,5.2,4.6,4.4,3.5,4.9,4.5,4.2,3.6,6.5,4.5,3.7,5.7,5.7,4.1,5.2,4.8,6.2,4.7,6.2,5.4,4.3,4.6,4.4,4.2,4.7,4.1,3.0,5.7,5.1,5.8,4.8,6.1,5.4,4.9,5.5,4.0,2.7,4.5,5.0,5.9,5.5,5.4,6.8,5.8,4.1,3.0,6.7,5.7,4.8,3.0,4.8,5.7,4.1,6.0,3.7,6.0,5.3,4.0,2.8,4.1,3.9,6.0,5.8,4.1,3.3,6.3,5.8,5.0,5.1,4.5,5.1,5.9,6.3,6.5,4.2,4.4,3.6,4.1,5.1,6.9,5.2,5.0,6.3,5.1,4.6,2.2,3.4,5.3,4.9,4.2,3.7,5.7,3.9,4.9,4.5,4.0,2.9,4.4,6.4,5.1,4.7,4.7,5.8,5.2,4.7,5.1,5.7,5.2,6.2,4.1,4.3,5.4,5.4,4.0,5.6,3.7,5.2,5.0,2.7,5.3,5.8,7.7,4.0,5.4,5.3,4.5,6.3,3.5,4.1,3.0,4.2,4.3,4.7,4.1,4.9,4.7,5.8,4.8,5.0,5.5,5.6,4.1,5.1,2.8,5.0,3.9,5.9,3.2,6.8,4.9,4.4,3.7,5.0,4.6,5.9,5.9,4.7,6.8,5.4,3.5,4.8,5.5,4.3,5.2,4.3,5.1,3.7,5.7,5.0,4.6,3.5,3.7,5.8,5.1,3.8,4.5,3.7,3.8,2.7,6.7,4.6,4.4,4.1,3.6,6.0,5.8,5.0,3.5,6.3,4.3,5.7,5.2,4.2,5.8,4.1,7.1,5.1,5.0,4.2,4.1,7.0,5.3,3.9,4.8,5.3,4.4,4.0,4.9,5.5,4.3,4.8,3.8,3.6,5.3,4.8,4.7,5.1,5.2,5.3,4.8,6.0,3.9,5.5,4.3,3.7,6.0,4.3,4.1,5.9,3.6,3.2,5.1,3.8,3.5,4.4,3.2,5.3,3.8,4.3,5.3,6.1,4.4,5.2,5.5,4.4,6.9,5.5,4.7,4.9,3.7,5.9,4.9,4.4,5.3,5.3,5.0,5.6,3.5,4.4,4.5,5.2,4.5,6.2,4.0,6.5,6.3,6.6,4.2,2.3,3.3,4.7,5.1,3.4,5.5,4.2,5.3,5.0,6.0,3.4,4.0,4.5,5.0,7.5,5.0,6.4,4.0]}},{"type":"Feature","geometry":{"type":"LineString","coordinates":[[70.8651,16.6889],[70.8865,16.6984],[70.9005,16.7046],[70.9218,16.7133],[70.9362,16.7194],[70.9571,16.729],[70.9705,16.7352],[70.9912,16.7451],[71.0051,16.7516],[71.0253,16.7612],[71.0392,16.7677],[71.0603,16.7775],[71.074,16.7839],[71.0945,16.7935],[71.1085,16.8001],[71.1293,16.8099],[71.1427,16.8167],[71.1637,16.8266],[71.1775,16.8325],[71.1984,16.842],[71.213,16.8482],[71.2338,16.857],[71.2481,16.8632],[71.2689,16.8724],[71.2831,16.8784],[71.3041,16.8874],[71.3185,16.8936],[71.3397,16.9026],[71.3536,16.9086],[71.3749,16.9177],[71.3891,16.9238],[71.4102,16.933],[71.4238,16.9394],[71.4447,16.9496],[71.4584,16.9561],[71.4797,16.966],[71.494,16.9732],[71.5142,16.9835],[71.5282,16.9902],[71.5485,17.001],[71.5621,17.0083],[71.5823,17.0188],[71.5957,17.0259],[71.6162,17.0373],[71.63,17.0449],[71.6499,17.0558],[71.6636,17.0632],[71.6835,17.0741],[71.6965,17.0816],[71.7172,17.0927],[71.7304,17.1002],[71.7513,17.1112],[71.7646,17.1178],[71.7847,17.1283],[71.799,17.1355],[71.8198,17.1452],[71.8341,17.1516],[71.8542,17.1614],[71.8685,17.168],[71.8897,17.1783],[71.9037,17.1851],[71.9241,17.1948],[71.9379,17.2021],[71.9585,17.2123],[71.9724,17.2187],[71.9927,17.2288],[72.0067,17.2352],[72.0279,17.2451],[72.0418,17.2514],[72.0627,17.2609],[72.0764,17.2671],[72.0972,17.2761],[72.1113,17.2823],[72.1325,17.2918],[72.1465,17.298],[72.1676,17.3075],[72.1816,17.3136],[72.2033,17.3226],[72.2168,17.3291],[72.2379,17.3389],[72.2518,17.3454],[72.273,17.355],[72.2867,17.3616],[72.3076,17.3717],[72.3217,17.3781],[72.342,17.3876],[72.3558,17.3941],[72.3771,17.404],[72.3912,17.4111],[72.4122,17.4216],[72.4261,17.4283],[72.4474,17.4383],[72.4606,17.445],[72.4807,17.4558],[72.4939,17.4624],[72.5148,17.4731],[72.528,17.4803],[72.5486,17.4918],[72.5617,17.4986],[72.5823,17.5092],[72.5956,17.5166],[72.6163,17.5277],[72.6296,17.5344],[72.6507,17.5455],[72.6646,17.5525],[72.6853,17.563],[72.6986,17.5695],[72.719,17.5799],[72.7329,17.5871],[72.7535,17.5975],[72.7673,17.6042],[72.7878,17.6142],[72.8017,17.6211],[72.8224,17.6311],[72.836,17.6374],[72.8567,17.6474],[72.8709,17.6542],[72.8911,17.6644],[72.9047,17.671],[72.9261,17.6815],[72.9395,17.6882],[72.9604,17.6982],[72.9741,17.7045],[72.995,17.7144],[73.0089,17.7216],[73.0294,17.7316],[73.0432,17.7383],[73.0634,17.7483],[73.0778,17.7548],[73.0988,17.7647],[73.1123,17.7717]]},"properties":{"mmsi":997420095,"name":"SYN-CAR-05","role":"candidate","vessel_type":70,"synthetic":true,"t_offset_s":[-128696,-128336,-128096,-127736,-127496,-127136,-126896,-126536,-126296,-125936,-125696,-125336,-125096,-124736,-124496,-124136,-123896,-123536,-123296,-122936,-122696,-122336,-122096,-121736,-121496,-121136,-120896,-120536,-120296,-119936,-119696,-119336,-119096,-118736,-118496,-118136,-117896,-117536,-117296,-116936,-116696,-116336,-116096,-115736,-115496,-115136,-114896,-114536,-114296,-113936,-113696,-113336,-113096,-112736,-112496,-112136,-111896,-111536,-111296,-110936,-110696,-110336,-110096,-109736,-109496,-109136,-108896,-108536,-108296,-107936,-107696,-107336,-107096,-106736,-106496,-106136,-105896,-105536,-105296,-104936,-104696,-104336,-104096,-103736,-103496,-103136,-102896,-102536,-102296,-101936,-101696,-101336,-101096,-100736,-100496,-100136,-99896,-99536,-99296,-98936,-98696,-98336,-98096,-97736,-97496,-97136,-96896,-96536,-96296,-95936,-95696,-95336,-95096,-94736,-94496,-94136,-93896,-93536,-93296,-92936,-92696,-92336,-92096,-91736,-91496,-91136,-90896,-90536,-90296,-89936,-89696],"sog":[13.8,13.9,13.5,13.6,13.4,13.2,12.4,13.3,13.5,13.2,13.0,13.8,13.4,13.0,13.4,13.2,13.0,13.2,13.6,13.5,13.4,13.2,13.7,13.5,13.5,13.2,13.7,13.3,13.9,13.2,13.4,13.2,13.2,13.3,13.5,13.7,13.6,13.0,13.1,13.7,13.1,13.6,13.4,13.3,14.0,13.4,13.5,13.3,13.1,12.9,13.3,13.5,13.4,13.4,14.0,13.4,13.4,13.2,13.6,13.6,13.5,13.0,13.2,13.4,13.7,13.1,13.0,13.5,13.6,13.1,13.2,13.4,13.4,13.8,13.3,13.5,13.4,13.8,13.5,13.7,13.6,13.5,13.2,13.6,13.5,13.3,13.8,13.6,13.3,13.7,13.3,13.7,13.2,13.4,13.0,13.4,13.3,13.3,13.3,13.7,13.6,14.0,13.2,13.4,13.4,13.0,13.1,13.6,13.5,13.5,13.4,13.5,12.8,13.1,13.2,13.1,13.7,13.5,13.6,13.7,13.3,13.6,13.0,13.3,13.5,13.4,13.4,13.0,13.6,13.2,13.3]}},{"type":"Feature","geometry":{"type":"LineString","coordinates":[[69.2461,18.1465],[69.2495,18.1511],[69.2511,18.154],[69.2534,18.1583],[69.2568,18.1615],[69.2614,18.1636],[69.2668,18.1651],[69.2688,18.1703],[69.2704,18.1738],[69.2679,18.1777],[69.2636,18.1789],[69.2582,18.1756],[69.2548,18.1733],[69.251,18.1715],[69.249,18.1687],[69.2502,18.1641],[69.2507,18.1616],[69.2482,18.158],[69.2466,18.1544],[69.2442,18.1494],[69.2403,18.1492],[69.2355,18.1511],[69.2315,18.1522],[69.2262,18.1501],[69.2238,18.1463],[69.2212,18.1426],[69.2192,18.1394],[69.2156,18.1366],[69.2118,18.1344],[69.2101,18.1294],[69.21,18.1252],[69.2081,18.1196],[69.2061,18.1156],[69.2043,18.112],[69.2032,18.1092],[69.2008,18.1077],[69.1991,18.1054],[69.1953,18.103],[69.1925,18.1035],[69.1875,18.1076],[69.1859,18.1107],[69.1805,18.1084],[69.1772,18.1052],[69.1741,18.1021],[69.1724,18.0982],[69.1727,18.0922],[69.17,18.0879],[69.1635,18.088],[69.1591,18.0901],[69.155,18.0869],[69.1545,18.0834],[69.1582,18.0776],[69.1593,18.075],[69.1617,18.0746],[69.1657,18.0762],[69.1686,18.0802],[69.1657,18.084],[69.1642,18.09],[69.1654,18.0931],[69.17,18.0931],[69.1726,18.0929],[69.178,18.0948],[69.181,18.0963],[69.1815,18.1012],[69.1789,18.1034],[69.1754,18.1074],[69.1753,18.1109],[69.1735,18.1149],[69.1702,18.1148],[69.1658,18.1145],[69.162,18.1153],[69.1578,18.1189],[69.1574,18.1214],[69.1575,18.1286],[69.1582,18.1331],[69.1606,18.1364],[69.1626,18.138],[69.1581,18.1409],[69.1542,18.1408],[69.1503,18.1447],[69.1476,18.1462],[69.1422,18.1483],[69.1385,18.151],[69.1366,18.1549],[69.1343,18.1575],[69.1301,18.1625],[69.1268,18.161],[69.122,18.1595],[69.1198,18.1577],[69.1202,18.1515],[69.1201,18.1485],[69.1189,18.1429],[69.1151,18.1396],[69.1102,18.1362],[69.1084,18.1322],[69.1034,18.1326],[69.1011,18.1347],[69.0964,18.1362],[69.093,18.1347],[69.0877,18.1321],[69.0829,18.1314],[69.0825,18.127],[69.082,18.1231],[69.0853,18.119],[69.0859,18.1149],[69.087,18.1094],[69.0892,18.1073],[69.0947,18.1061],[69.0979,18.1042],[69.0979,18.1012],[69.0949,18.099],[69.0897,18.0967],[69.0867,18.0939],[69.0831,18.0893],[69.0781,18.0888],[69.0723,18.0907],[69.0677,18.0937],[69.0663,18.099],[69.0658,18.1043],[69.0655,18.1077],[69.0636,18.1118],[69.06,18.111],[69.0577,18.1079],[69.0527,18.1065],[69.0488,18.1051],[69.0447,18.1035],[69.0416,18.1031],[69.037,18.101],[69.0325,18.1017],[69.0286,18.1052],[69.0275,18.1078],[69.0281,18.1136],[69.0263,18.1155],[69.0224,18.1201],[69.0191,18.1202],[69.0128,18.1233],[69.0089,18.1222],[69.0045,18.1237],[68.9997,18.1245],[68.9987,18.1302],[68.9993,18.1328],[69.0008,18.1384],[69.0036,18.1404],[69.0086,18.1437],[69.0115,18.1448],[69.0118,18.1499],[69.0136,18.1525],[69.0183,18.1545],[69.0214,18.155],[69.0233,18.1587],[69.0258,18.1612],[69.0322,18.1631],[69.035,18.1628],[69.0416,18.1624],[69.0419,18.1606],[69.0386,18.1566],[69.0349,18.1531],[69.0315,18.151],[69.0286,18.1528],[69.0274,18.1576],[69.0255,18.1613],[69.0235,18.1662],[69.0233,18.1694],[69.0224,18.1757],[69.019,18.1799],[69.0121,18.1835],[69.0097,18.1832],[69.0055,18.1784],[69.0017,18.179],[68.9991,18.1798],[68.9951,18.1815],[68.9912,18.1839],[68.99,18.187],[68.9868,18.1924],[68.9854,18.1959],[68.9836,18.202],[68.9853,18.2064],[68.9901,18.2097],[68.9928,18.21],[68.9986,18.2094],[69.0008,18.2087],[69.0023,18.2033],[69.0013,18.1993],[68.9969,18.1984],[68.9944,18.1999],[68.9961,18.2032],[68.9984,18.2054],[69.003,18.2061],[69.0073,18.2054],[69.0106,18.2007],[69.0121,18.1974],[69.0132,18.1926],[69.0146,18.1902],[69.0209,18.1885],[69.0245,18.1878],[69.0298,18.1863],[69.0321,18.1843],[69.0367,18.1821],[69.0399,18.1794],[69.0412,18.1752],[69.0388,18.1734],[69.0359,18.1698],[69.0347,18.166],[69.0301,18.1633],[69.0264,18.1631],[69.0222,18.1623],[69.0194,18.1595],[69.0177,18.154],[69.0185,18.15],[69.0226,18.146],[69.0261,18.1439],[69.031,18.1445],[69.0344,18.1445],[69.0396,18.1487],[69.0429,18.1508],[69.0485,18.1513],[69.0523,18.154],[69.0545,18.1601],[69.0544,18.1637],[69.0509,18.1681],[69.0484,18.1709],[69.0419,18.1719],[69.0396,18.1725],[69.0333,18.1745],[69.0299,18.1769],[69.0261,18.1795],[69.0232,18.1794],[69.0176,18.1784],[69.0141,18.1783],[69.0096,18.1761],[69.007,18.175],[69.0018,18.1763],[68.9981,18.1774],[68.9947,18.1733],[68.9919,18.1728],[68.9876,18.1709],[68.9847,18.1693],[68.9824,18.1628],[68.9841,18.1611],[68.9906,18.1582],[68.9925,18.1562],[68.9899,18.1518],[68.9863,18.149],[68.981,18.1509],[68.975,18.1515],[68.969,18.1496],[68.9649,18.1496],[68.9602,18.1463],[68.9561,18.1447],[68.9494,18.148],[68.9451,18.1511],[68.9399,18.1552],[68.9413,18.1595],[68.9443,18.1626],[68.9462,18.1634],[68.9506,18.1619],[68.9544,18.1605],[68.9541,18.1545],[68.9561,18.1508],[68.9615,18.1509],[68.9641,18.1501],[68.9706,18.1503],[68.9747,18.1521],[68.9793,18.1589],[68.9797,18.162],[68.9762,18.1677],[68.9723,18.1681],[68.9644,18.1677],[68.9622,18.1685],[68.957,18.1689],[68.953,18.1662],[68.948,18.1629],[68.9444,18.1622],[68.9403,18.1593],[68.9372,18.1562],[68.9343,18.152],[68.9339,18.1478],[68.9377,18.1448],[68.9416,18.1452],[68.948,18.1453],[68.9494,18.147],[68.9541,18.1497],[68.957,18.1519],[68.9609,18.1548],[68.9624,18.1585],[68.9625,18.1623],[68.9591,18.1615],[68.9534,18.1646],[68.9521,18.1677],[68.9523,18.1745],[68.952,18.1769],[68.951,18.1837],[68.9499,18.1879],[68.9539,18.191],[68.9569,18.1927],[68.9597,18.1944],[68.9628,18.198],[68.9688,18.2008],[68.9732,18.2024],[68.977,18.2055],[68.9797,18.208],[68.9779,18.2136],[68.9762,18.2162],[68.9745,18.2213],[68.9736,18.2244],[68.9728,18.2298],[68.9728,18.2337],[68.9757,18.2397],[68.977,18.2427],[68.9793,18.2473],[68.982,18.2497],[68.9855,18.252],[68.9862,18.2569],[68.9887,18.2611],[68.9882,18.2636],[68.9895,18.2681],[68.9886,18.2711],[68.983,18.2734],[68.9802,18.274],[68.9742,18.2717],[68.9704,18.2716],[68.9659,18.273],[68.962,18.2726],[68.9581,18.2691],[68.9573,18.2663],[68.9506,18.2645],[68.9482,18.2601],[68.9463,18.2539],[68.9422,18.2524],[68.9397,18.2488],[68.9397,18.2448],[68.9396,18.2388],[68.9427,18.2354],[68.9464,18.2314],[68.9483,18.2298],[68.9548,18.23],[68.9582,18.2297],[68.9616,18.2331],[68.9658,18.234],[68.9703,18.2325],[68.9724,18.2315],[68.9795,18.2297],[68.9806,18.226],[68.979,18.2204],[68.9769,18.2173],[68.9734,18.213],[68.9698,18.2103],[68.965,18.2106],[68.963,18.2136],[68.9639,18.2206],[68.9635,18.2231],[68.9651,18.2283],[68.9662,18.2329],[68.9662,18.238],[68.9656,18.2414],[68.963,18.2451],[68.9612,18.249],[68.9591,18.2524],[68.954,18.2526],[68.9491,18.2515],[68.9455,18.2517],[68.938,18.2511],[68.9343,18.2538],[68.9289,18.2587],[68.927,18.2617],[68.9226,18.2664],[68.9184,18.266],[68.9121,18.2637],[68.9081,18.2634],[68.9037,18.2625],[68.8999,18.2625],[68.8928,18.2639],[68.8891,18.2628],[68.8834,18.2589],[68.8795,18.2582],[68.8752,18.2543],[68.8719,18.2525],[68.8657,18.2495],[68.8612,18.2489],[68.8563,18.2472],[68.8536,18.2441],[68.8481,18.2436],[68.8438,18.2434],[68.8389,18.2439],[68.8361,18.2467],[68.8313,18.2499],[68.8288,18.2497],[68.825,18.2443],[68.8227,18.2438],[68.8143,18.2411],[68.8132,18.2369],[68.8119,18.231],[68.8129,18.2279],[68.8111,18.2228],[68.8085,18.2196],[68.8067,18.2177],[68.8043,18.2144],[68.8079,18.2101],[68.8097,18.207],[68.8141,18.2064],[68.8185,18.206],[68.824,18.2097],[68.8246,18.2128],[68.8257,18.2167],[68.8256,18.2213],[68.828,18.2265],[68.8314,18.2275],[68.8362,18.2284],[68.8399,18.2305],[68.8422,18.2352],[68.8444,18.2385],[68.8416,18.2433],[68.8386,18.2454],[68.8382,18.2498],[68.8386,18.2515],[68.8363,18.2571],[68.8358,18.26],[68.832,18.2622],[68.8291,18.2656],[68.8297,18.2707],[68.8331,18.273],[68.8391,18.2719],[68.841,18.2702],[68.8468,18.2685],[68.85,18.2692],[68.8529,18.2734],[68.8538,18.2762],[68.8588,18.2763],[68.8608,18.2793],[68.8591,18.2839],[68.8551,18.2869],[68.8498,18.2911],[68.8455,18.2904],[68.8427,18.288],[68.8386,18.2904],[68.8333,18.291],[68.8304,18.292],[68.8278,18.2953],[68.8243,18.2937],[68.8195,18.2911],[68.8161,18.2929],[68.8106,18.2917],[68.8078,18.2908],[68.8018,18.2865],[68.7994,18.2847],[68.7918,18.2815],[68.7891,18.28],[68.7883,18.2747],[68.7924,18.2731],[68.7977,18.2717],[68.8015,18.2693],[68.8072,18.2648],[68.8086,18.2625],[68.8115,18.259],[68.8141,18.2604],[68.8142,18.2676],[68.8149,18.2712],[68.815,18.277],[68.8159,18.2809],[68.8138,18.286],[68.8108,18.2855],[68.8072,18.2895],[68.8087,18.2931],[68.809,18.2973],[68.8081,18.3017],[68.8036,18.3025],[68.8011,18.3007],[68.7954,18.3],[68.7919,18.3],[68.7877,18.3003],[68.7845,18.303],[68.7889,18.3073],[68.7905,18.3094],[68.7941,18.3123],[68.7982,18.3139],[68.8028,18.3178],[68.806,18.3216],[68.8098,18.3264],[68.8137,18.3278],[68.8181,18.3305],[68.8187,18.3345],[68.8198,18.3396],[68.8173,18.3435],[68.8152,18.3491],[68.8127,18.3511],[68.8066,18.3532],[68.8038,18.3545],[68.798,18.3574],[68.7944,18.3584],[68.7922,18.3639],[68.7918,18.3669],[68.7903,18.3743],[68.7893,18.3769],[68.7862,18.3829],[68.7833,18.3849],[68.7791,18.3872],[68.7777,18.3897],[68.781,18.3948],[68.7839,18.3971],[68.7894,18.3997],[68.7918,18.4016],[68.7975,18.4011],[68.8011,18.3997],[68.806,18.397],[68.8099,18.3952],[68.8165,18.3944],[68.8203,18.3958],[68.8238,18.3963],[68.826,18.3986],[68.8297,18.4033],[68.8304,18.4068],[68.8329,18.4101],[68.8297,18.4132],[68.8273,18.4156],[68.8244,18.4166],[68.8199,18.4181],[68.82,18.4222],[68.8176,18.4273],[68.8165,18.431],[68.8179,18.4361],[68.8187,18.4392],[68.8184,18.4435],[68.8171,18.4484],[68.8215,18.4497],[68.8248,18.451],[68.8306,18.449],[68.8356,18.4481],[68.8404,18.4491],[68.8425,18.4502],[68.8471,18.4536],[68.8471,18.4571],[68.8452,18.4596],[68.8443,18.4631],[68.847,18.4682],[68.8499,18.4676],[68.8546,18.4666],[68.8574,18.4691],[68.8599,18.4743],[68.859,18.4771],[68.858,18.4833],[68.856,18.485],[68.8507,18.4871],[68.8463,18.4887],[68.8427,18.4849],[68.8408,18.4823],[68.8381,18.4771],[68.8342,18.4755],[68.8292,18.4766],[68.8263,18.4776],[68.8234,18.4734],[68.8233,18.4686],[68.828,18.467],[68.8301,18.4664],[68.8337,18.4615],[68.8367,18.4591],[68.8395,18.4553],[68.8422,18.4512],[68.8466,18.45],[68.8499,18.4484],[68.8517,18.4433],[68.8542,18.4391],[68.8583,18.4381],[68.8611,18.4377],[68.8673,18.4368],[68.8706,18.4353],[68.8726,18.4299],[68.8736,18.4262],[68.8758,18.4201],[68.8745,18.4176],[68.8692,18.4138],[68.8647,18.4124],[68.8596,18.4099],[68.8572,18.4064],[68.8559,18.4019],[68.8531,18.4],[68.8488,18.3991],[68.848,18.396],[68.8479,18.3901],[68.8459,18.3867],[68.8441,18.3846],[68.8413,18.3828],[68.8366,18.3784],[68.8339,18.3757],[68.8291,18.374],[68.827,18.3737],[68.8214,18.3759],[68.8198,18.3791],[68.8164,18.3857],[68.8114,18.3867],[68.8044,18.3858],[68.8014,18.3837],[68.7976,18.3811],[68.7953,18.3784],[68.7908,18.3731],[68.7896,18.3698],[68.7909,18.3645],[68.7894,18.3598],[68.7857,18.356],[68.7827,18.354],[68.7772,18.351],[68.774,18.3482],[68.7724,18.3431],[68.7718,18.3409],[68.7674,18.3377],[68.7643,18.3358],[68.7598,18.3331],[68.7569,18.333],[68.752,18.3316],[68.7502,18.3287],[68.7524,18.3242],[68.7548,18.3218],[68.7613,18.3221],[68.7648,18.3203],[68.7687,18.3151],[68.7675,18.314],[68.7665,18.3103],[68.7663,18.3059],[68.76,18.3048],[68.7561,18.3033],[68.7526,18.306],[68.7484,18.3081],[68.7429,18.3105],[68.742,18.3124],[68.7412,18.3187],[68.7427,18.3219],[68.7465,18.3254],[68.7491,18.3285],[68.7508,18.3335],[68.751,18.3362],[68.7495,18.3404],[68.7498,18.3429],[68.7523,18.3475],[68.754,18.3504],[68.7576,18.3521],[68.7618,18.3533],[68.7672,18.3544],[68.7714,18.354],[68.7765,18.3513],[68.7802,18.3492],[68.7851,18.346],[68.7885,18.3457],[68.794,18.3491],[68.7946,18.3531],[68.7953,18.3593],[68.7956,18.3627],[68.7962,18.3681],[68.7951,18.3732],[68.7928,18.3787],[68.7891,18.3805],[68.7849,18.3834],[68.7826,18.3835],[68.7807,18.3877],[68.7811,18.3909],[68.7815,18.3955],[68.7819,18.3989],[68.7866,18.4016],[68.7917,18.4016],[68.796,18.4034],[68.799,18.4016],[68.8036,18.4002],[68.8078,18.4007],[68.8103,18.398],[68.8102,18.3953],[68.8137,18.3905],[68.8167,18.389],[68.8216,18.3904],[68.8228,18.3937],[68.8266,18.3966],[68.8278,18.3978],[68.8339,18.4005],[68.8374,18.3997],[68.8426,18.3997],[68.8454,18.4007],[68.8485,18.4066],[68.8485,18.4102],[68.8504,18.4146],[68.8542,18.416],[68.8584,18.4156],[68.862,18.4164],[68.8657,18.4192],[68.8683,18.4221],[68.8758,18.4223],[68.8797,18.4224],[68.8806,18.4271],[68.8791,18.4292],[68.876,18.4327],[68.8761,18.4352],[68.8786,18.4402],[68.8805,18.4409],[68.8859,18.4421],[68.8895,18.4437],[68.8955,18.4449],[68.8996,18.4469],[68.9058,18.4454],[68.9104,18.4435],[68.917,18.4458],[68.9208,18.4445],[68.9262,18.4431],[68.9289,18.4417],[68.93,18.4376],[68.9305,18.4355],[68.9322,18.43],[68.933,18.4268],[68.9318,18.4203],[68.9328,18.4177],[68.9333,18.4117],[68.9349,18.4087],[68.9378,18.4038],[68.9392,18.4011],[68.937,18.3964],[68.9364,18.3927],[68.9363,18.3878],[68.9347,18.3845],[68.9305,18.3796],[68.9274,18.3801],[68.9217,18.384],[68.9186,18.3878],[68.9192,18.3923],[68.9222,18.394],[68.9276,18.3948],[68.9296,18.3967],[68.9283,18.4035],[68.9271,18.4063],[68.9285,18.4114],[68.9281,18.4142],[68.9299,18.4199],[68.9339,18.423],[68.9394,18.4251],[68.9414,18.4261],[68.9449,18.4311],[68.9425,18.4357],[68.9396,18.4405],[68.9366,18.4438],[68.9309,18.4439],[68.9273,18.4433],[68.9208,18.4433],[68.9186,18.4433],[68.9143,18.4429],[68.9139,18.44],[68.9125,18.4349],[68.9092,18.4313],[68.9047,18.4274],[68.9027,18.4248],[68.8959,18.4273],[68.8945,18.4305],[68.8887,18.4276],[68.8853,18.4269],[68.8796,18.4258],[68.8762,18.4273],[68.8708,18.4253],[68.8686,18.4205],[68.864,18.4156],[68.8631,18.4122],[68.8638,18.4087],[68.8677,18.4097],[68.8709,18.4134],[68.8676,18.4149],[68.8615,18.412],[68.8583,18.4096],[68.8509,18.4105],[68.8479,18.4101],[68.8418,18.4123],[68.8376,18.4112],[68.8322,18.408],[68.8281,18.4052],[68.8241,18.4047],[68.8209,18.403],[68.8145,18.4027],[68.8113,18.4013],[68.8083,18.399],[68.8077,18.3957],[68.8059,18.3907],[68.8059,18.3873],[68.8052,18.382],[68.8041,18.382],[68.7983,18.3811],[68.795,18.382],[68.7898,18.3857],[68.7893,18.3889],[68.7947,18.3918],[68.7991,18.3909],[68.8028,18.3886],[68.8001,18.3853],[68.7944,18.3836],[68.7921,18.3815],[68.7896,18.379],[68.7867,18.3763],[68.7831,18.3721],[68.7804,18.3703],[68.7762,18.3671],[68.7751,18.3632],[68.7742,18.3594],[68.7708,18.3588],[68.7656,18.3595],[68.7618,18.3585],[68.758,18.3578],[68.7543,18.3591],[68.7495,18.3604],[68.7469,18.3631],[68.7432,18.3676],[68.74,18.3704],[68.7356,18.3732],[68.732,18.3739],[68.726,18.3744],[68.7249,18.3712],[68.7186,18.3703],[68.714,18.3691],[68.7088,18.3694],[68.7071,18.3721],[68.7013,18.3744],[68.697,18.375],[68.6905,18.3742],[68.688,18.3754],[68.6847,18.3791],[68.6817,18.3811],[68.6807,18.3836],[68.679,18.3876],[68.6767,18.3933],[68.6771,18.3978],[68.6829,18.4026],[68.6866,18.4034],[68.691,18.4091],[68.6924,18.4123],[68.6923,18.4198],[68.6889,18.4233],[68.684,18.4251],[68.6793,18.4257],[68.6755,18.4244],[68.6715,18.4268],[68.6693,18.4312],[68.6658,18.4365],[68.6679,18.4387],[68.6697,18.4412],[68.6702,18.4465],[68.6699,18.4512],[68.6744,18.4562],[68.6782,18.4579],[68.6801,18.4624],[68.6831,18.4653],[68.6897,18.4662],[68.6927,18.4647],[68.6986,18.4662],[68.7016,18.4671],[68.7038,18.4715],[68.7053,18.4755],[68.7042,18.4824],[68.7036,18.4857],[68.7028,18.4915],[68.7021,18.4951],[68.7004,18.5005],[68.7014,18.5049],[68.7038,18.5097],[68.7052,18.5113],[68.7096,18.5161],[68.7132,18.519],[68.7176,18.5224],[68.7198,18.5239],[68.7243,18.5258],[68.7271,18.5229],[68.7325,18.5238],[68.735,18.5217],[68.7403,18.5182],[68.7443,18.5159],[68.7477,18.5124],[68.7513,18.5109],[68.7562,18.5127],[68.7575,18.5141],[68.7594,18.5165],[68.7618,18.5189],[68.764,18.5232],[68.7667,18.5253],[68.7713,18.5268],[68.774,18.5263],[68.7785,18.5228],[68.7799,18.5214],[68.7839,18.5187],[68.7845,18.5159],[68.7843,18.5092],[68.7811,18.5069],[68.7741,18.5043],[68.7708,18.5065],[68.7665,18.5109],[68.763,18.5098],[68.7578,18.5086],[68.7559,18.5059],[68.7542,18.5008],[68.7516,18.4971],[68.7458,18.4932],[68.7429,18.4905],[68.7371,18.4887],[68.7337,18.4861],[68.7314,18.4798],[68.7309,18.477],[68.7358,18.4741],[68.7392,18.4735],[68.741,18.478],[68.7389,18.4791],[68.733,18.4811],[68.7303,18.4837],[68.7282,18.4889],[68.7273,18.4918],[68.7259,18.495],[68.7249,18.4995],[68.7202,18.5029],[68.7189,18.5008],[68.721,18.4953],[68.718,18.4921],[68.7121,18.4895],[68.7092,18.4877],[68.7047,18.4836],[68.7034,18.4817],[68.7013,18.4865],[68.7008,18.4892],[68.699,18.4937],[68.698,18.4953],[68.6966,18.4997],[68.6957,18.5037],[68.6926,18.5069],[68.6909,18.5094],[68.6863,18.5137],[68.6822,18.5123],[68.6813,18.5067],[68.6788,18.5042],[68.6754,18.5001],[68.6725,18.4972],[68.6711,18.4922],[68.6736,18.4892],[68.675,18.4833],[68.6736,18.4807],[68.6706,18.4764],[68.6658,18.4738],[68.6618,18.4714],[68.6577,18.4736],[68.6543,18.4775],[68.6518,18.4817],[68.651,18.4871],[68.6526,18.4911],[68.6531,18.4971],[68.6521,18.5005],[68.6541,18.5056],[68.6574,18.5072],[68.6616,18.5056],[68.6654,18.5041],[68.6725,18.5006],[68.6726,18.4975],[68.6691,18.4925],[68.6664,18.4921],[68.6656,18.4864],[68.6652,18.4823],[68.6645,18.4754],[68.6666,18.4718],[68.6717,18.4669],[68.6753,18.4642],[68.6806,18.4599],[68.6829,18.4572],[68.6884,18.4553],[68.6911,18.4568],[68.696,18.4562],[68.6999,18.4561],[68.7053,18.4583],[68.7058,18.4608],[68.7055,18.4651],[68.7051,18.4694],[68.7046,18.4747],[68.7021,18.4775],[68.6974,18.4793],[68.6957,18.4821],[68.6919,18.4854],[68.6884,18.4885],[68.6863,18.4897],[68.6838,18.4927],[68.6822,18.4989],[68.6835,18.5031],[68.6895,18.5023],[68.6921,18.5021],[68.697,18.5057],[68.6989,18.5069],[68.702,18.5111],[68.7045,18.5155],[68.7096,18.5139],[68.7132,18.5125],[68.7181,18.5096],[68.722,18.5077],[68.7214,18.5034],[68.7187,18.5016],[68.7158,18.4979],[68.7143,18.4964],[68.7067,18.4931],[68.7037,18.4909],[68.6971,18.4895],[68.6932,18.4871],[68.6896,18.4828],[68.6869,18.4795],[68.681,18.4777],[68.6775,18.4768],[68.6699,18.4755],[68.6653,18.4775],[68.661,18.4817],[68.6576,18.481],[68.6545,18.4776],[68.6533,18.4737],[68.6513,18.4689],[68.6503,18.4651],[68.6507,18.4602],[68.6553,18.4602],[68.6599,18.4605],[68.663,18.4605],[68.6652,18.4571],[68.6695,18.455],[68.6732,18.4538],[68.6757,18.4521],[68.6795,18.4471],[68.6835,18.4452],[68.6892,18.4448],[68.6923,18.4443],[68.6961,18.4425],[68.7002,18.4412],[68.7046,18.4385],[68.7081,18.4398],[68.7086,18.4433],[68.7079,18.4474],[68.7028,18.4513],[68.6984,18.453],[68.6936,18.4553],[68.6921,18.458],[68.6868,18.459],[68.683,18.4616],[68.6796,18.465],[68.6772,18.4674],[68.6759,18.4725],[68.6776,18.4751],[68.6768,18.4803],[68.6743,18.4831],[68.67,18.4878],[68.6702,18.4915],[68.6695,18.4951],[68.6707,18.4992],[68.6684,18.5038],[68.6689,18.5073],[68.6653,18.5122],[68.663,18.5165],[68.6581,18.5196],[68.6556,18.5211],[68.6503,18.5199],[68.6484,18.5178],[68.6479,18.5144],[68.648,18.5121],[68.6475,18.5049],[68.646,18.5013],[68.6475,18.496],[68.6443,18.4926],[68.6403,18.4897],[68.6375,18.4877],[68.634,18.4832],[68.6322,18.4805],[68.63,18.4749],[68.63,18.472],[68.6339,18.4675],[68.6371,18.4686],[68.6416,18.4723],[68.6452,18.4737],[68.6521,18.4741],[68.6572,18.4755],[68.6613,18.473],[68.6646,18.4701],[68.6696,18.4678],[68.6738,18.4672],[68.6773,18.47],[68.6784,18.4729],[68.6775,18.4767],[68.6773,18.4788],[68.6771,18.4827],[68.6801,18.4849],[68.682,18.4891],[68.6857,18.4907],[68.6898,18.4958],[68.6935,18.4968],[68.7009,18.4982],[68.7043,18.4998],[68.7039,18.5044],[68.7022,18.5074],[68.6967,18.5114],[68.6928,18.513],[68.6882,18.5142],[68.6847,18.5164],[68.6809,18.5179],[68.6778,18.5189],[68.673,18.5218],[68.6708,18.5233],[68.6675,18.5184],[68.6677,18.5151],[68.6708,18.5117],[68.6738,18.5111],[68.6776,18.5082],[68.6789,18.5049],[68.68,18.5005],[68.679,18.4968],[68.6762,18.4926],[68.6735,18.4904],[68.6703,18.4839],[68.6667,18.4846],[68.6645,18.4889],[68.666,18.4925],[68.6685,18.4954],[68.6711,18.497],[68.6696,18.5015],[68.6694,18.5061],[68.6652,18.5091],[68.6621,18.5094],[68.6547,18.5089],[68.6506,18.5106],[68.6431,18.5139],[68.6411,18.5177],[68.6384,18.5197],[68.6356,18.5235],[68.6312,18.5263],[68.6288,18.5276],[68.6273,18.532],[68.628,18.5356],[68.6249,18.5396],[68.6234,18.5415],[68.6182,18.5396],[68.6157,18.5397],[68.6098,18.5409],[68.6062,18.5415],[68.6005,18.5425],[68.5987,18.5451],[68.5971,18.5511],[68.593,18.5539],[68.5907,18.5582],[68.5896,18.562],[68.5868,18.5667],[68.5846,18.5694],[68.5784,18.5688],[68.5776,18.566],[68.573,18.5647],[68.5706,18.5618],[68.5703,18.5561],[68.5705,18.5525],[68.5731,18.5487],[68.5749,18.5452],[68.5773,18.5415],[68.5797,18.5385],[68.5827,18.5352],[68.585,18.5316],[68.5856,18.5262],[68.5865,18.5225],[68.5891,18.5179],[68.5899,18.5151],[68.5951,18.5126],[68.5976,18.511],[68.6032,18.5084],[68.6036,18.5036]]},"properties":{"mmsi":997906025,"name":"SYN-FSH-01","role":"background","vessel_type":30,"synthetic":true,"t_offset_s":[-259200,-258840,-258600,-258240,-258000,-257640,-257400,-257040,-256800,-256440,-256200,-255840,-255600,-255240,-255000,-254640,-254400,-254040,-253800,-253440,-253200,-252840,-252600,-252240,-252000,-251640,-251400,-251040,-250800,-250440,-250200,-249840,-249600,-249240,-249000,-248640,-248400,-248040,-247800,-247440,-247200,-246840,-246600,-246240,-246000,-245640,-245400,-245040,-244800,-244440,-244200,-243840,-243600,-243240,-243000,-242640,-242400,-242040,-241800,-241440,-241200,-240840,-240600,-240240,-240000,-239640,-239400,-239040,-238800,-238440,-238200,-237840,-237600,-237240,-237000,-236640,-236400,-236040,-235800,-235440,-235200,-234840,-234600,-234240,-234000,-233640,-233400,-233040,-232800,-232440,-232200,-231840,-231600,-231240,-231000,-230640,-230400,-230040,-229800,-229440,-229200,-228840,-228600,-228240,-228000,-227640,-227400,-227040,-226800,-226440,-226200,-225840,-225600,-225240,-225000,-224640,-224400,-224040,-223800,-223440,-223200,-222840,-222600,-222240,-222000,-221640,-221400,-221040,-220800,-220440,-220200,-219840,-219600,-219240,-219000,-218640,-218400,-218040,-217800,-217440,-217200,-216840,-216600,-216240,-216000,-215640,-215400,-215040,-214800,-214440,-214200,-213840,-213600,-213240,-213000,-212640,-212400,-212040,-211800,-211440,-211200,-210840,-210600,-210240,-210000,-209640,-209400,-209040,-208800,-208440,-208200,-207840,-207600,-207240,-207000,-206640,-206400,-206040,-205800,-205440,-205200,-204840,-204600,-204240,-204000,-203640,-203400,-203040,-202800,-202440,-202200,-201840,-201600,-201240,-201000,-200640,-200400,-200040,-199800,-199440,-199200,-198840,-198600,-198240,-198000,-197640,-197400,-197040,-196800,-196440,-196200,-195840,-195600,-195240,-195000,-194640,-194400,-194040,-193800,-193440,-193200,-192840,-192600,-192240,-192000,-191640,-191400,-191040,-190800,-190440,-190200,-189840,-189600,-189240,-189000,-188640,-188400,-188040,-187800,-187440,-187200,-186840,-186600,-186240,-186000,-185640,-185400,-185040,-184800,-184440,-184200,-183840,-183600,-183240,-183000,-182640,-182400,-182040,-181800,-181440,-181200,-180840,-180600,-180240,-180000,-179640,-179400,-179040,-178800,-178440,-178200,-177840,-177600,-177240,-177000,-176640,-176400,-176040,-175800,-175440,-175200,-174840,-174600,-174240,-174000,-173640,-173400,-173040,-172800,-172440,-172200,-171840,-171600,-171240,-171000,-170640,-170400,-170040,-169800,-169440,-169200,-168840,-168600,-168240,-168000,-167640,-167400,-167040,-166800,-166440,-166200,-165840,-165600,-165240,-165000,-164640,-164400,-164040,-163800,-163440,-163200,-162840,-162600,-162240,-162000,-161640,-161400,-161040,-160800,-160440,-160200,-159840,-159600,-159240,-159000,-158640,-158400,-158040,-157800,-157440,-157200,-156840,-156600,-156240,-156000,-155640,-155400,-155040,-154800,-154440,-154200,-153840,-153600,-153240,-153000,-152640,-152400,-152040,-151800,-151440,-151200,-150840,-150600,-150240,-150000,-149640,-149400,-149040,-148800,-148440,-148200,-147840,-147600,-147240,-147000,-146640,-146400,-146040,-145800,-145440,-145200,-144840,-144600,-144240,-144000,-143640,-143400,-143040,-142800,-142440,-142200,-141840,-141600,-141240,-141000,-140640,-140400,-140040,-139800,-139440,-139200,-138840,-138600,-138240,-138000,-137640,-137400,-137040,-136800,-136440,-136200,-135840,-135600,-135240,-135000,-134640,-134400,-134040,-133800,-133440,-133200,-132840,-132600,-132240,-132000,-131640,-131400,-131040,-130800,-130440,-130200,-129840,-129600,-129240,-129000,-128640,-128400,-128040,-127800,-127440,-127200,-126840,-126600,-126240,-126000,-125640,-125400,-125040,-124800,-124440,-124200,-123840,-123600,-123240,-123000,-122640,-122400,-122040,-121800,-121440,-121200,-120840,-120600,-120240,-120000,-119640,-119400,-119040,-118800,-118440,-118200,-117840,-117600,-117240,-117000,-116640,-116400,-116040,-115800,-115440,-115200,-114840,-114600,-114240,-114000,-113640,-113400,-113040,-112800,-112440,-112200,-111840,-111600,-111240,-111000,-110640,-110400,-110040,-109800,-109440,-109200,-108840,-108600,-108240,-108000,-107640,-107400,-107040,-106800,-106440,-106200,-105840,-105600,-105240,-105000,-104640,-104400,-104040,-103800,-103440,-103200,-102840,-102600,-102240,-102000,-101640,-101400,-101040,-100800,-100440,-100200,-99840,-99600,-99240,-99000,-98640,-98400,-98040,-97800,-97440,-97200,-96840,-96600,-96240,-96000,-95640,-95400,-95040,-94800,-94440,-94200,-93840,-93600,-93240,-93000,-92640,-92400,-92040,-91800,-91440,-91200,-90840,-90600,-90240,-90000,-89640,-89400,-89040,-88800,-88440,-88200,-87840,-87600,-87240,-87000,-86640,-86400,-86040,-85800,-85440,-85200,-84840,-84600,-84240,-84000,-83640,-83400,-83040,-82800,-82440,-82200,-81840,-81600,-81240,-81000,-80640,-80400,-80040,-79800,-79440,-79200,-78840,-78600,-78240,-78000,-77640,-77400,-77040,-76800,-76440,-76200,-75840,-75600,-75240,-75000,-74640,-74400,-74040,-73800,-73440,-73200,-72840,-72600,-72240,-72000,-71640,-71400,-71040,-70800,-70440,-70200,-69840,-69600,-69240,-69000,-68640,-68400,-68040,-67800,-67440,-67200,-66840,-66600,-66240,-66000,-65640,-65400,-65040,-64800,-64440,-64200,-63840,-63600,-63240,-63000,-62640,-62400,-62040,-61800,-61440,-61200,-60840,-60600,-60240,-60000,-59640,-59400,-59040,-58800,-58440,-58200,-57840,-57600,-57240,-57000,-56640,-56400,-56040,-55800,-55440,-55200,-54840,-54600,-54240,-54000,-53640,-53400,-53040,-52800,-52440,-52200,-51840,-51600,-51240,-51000,-50640,-50400,-50040,-49800,-49440,-49200,-48840,-48600,-48240,-48000,-47640,-47400,-47040,-46800,-46440,-46200,-45840,-45600,-45240,-45000,-44640,-44400,-44040,-43800,-43440,-43200,-42840,-42600,-42240,-42000,-41640,-41400,-41040,-40800,-40440,-40200,-39840,-39600,-39240,-39000,-38640,-38400,-38040,-37800,-37440,-37200,-36840,-36600,-36240,-36000,-35640,-35400,-35040,-34800,-34440,-34200,-33840,-33600,-33240,-33000,-32640,-32400,-32040,-31800,-31440,-31200,-30840,-30600,-30240,-30000,-29640,-29400,-29040,-28800,-28440,-28200,-27840,-27600,-27240,-27000,-26640,-26400,-26040,-25800,-25440,-25200,-24840,-24600,-24240,-24000,-23640,-23400,-23040,-22800,-22440,-22200,-21840,-21600,-21240,-21000,-20640,-20400,-20040,-19800,-19440,-19200,-18840,-18600,-18240,-18000,-17640,-17400,-17040,-16800,-16440,-16200,-15840,-15600,-15240,-15000,-14640,-14400,-14040,-13800,-13440,-13200,-12840,-12600,-12240,-12000,-11640,-11400,-11040,-10800,-10440,-10200,-9840,-9600,-9240,-9000,-8640,-8400,-8040,-7800,-7440,-7200,-6840,-6600,-6240,-6000,-5640,-5400,-5040,-4800,-4440,-4200,-3840,-3600,-3240,-3000,-2640,-2400,-2040,-1800,-1440,-1200,-840,-600,-240,0,360,600,960,1200,1560,1800,2160,2400,2760,3000,3360,3600,3960,4200,4560,4800,5160,5400,5760,6000,6360,6600,6960,7200,7560,7800,8160,8400,8760,9000,9360,9600,9960,10200,10560,10800,11160,11400,11760,12000,12360,12600,12960,13200,13560,13800,14160,14400,14760,15000,15360,15600,15960,16200,16560,16800,17160,17400,17760,18000,18360,18600,18960,19200,19560,19800,20160,20400,20760,21000,21360,21600,21960,22200,22560,22800,23160,23400,23760,24000,24360,24600,24960,25200,25560,25800,26160,26400,26760,27000,27360,27600,27960,28200,28560,28800,29160,29400,29760,30000,30360,30600,30960,31200,31560,31800,32160,32400,32760,33000,33360,33600,33960,34200,34560,34800,35160,35400,35760,36000,36360,36600,36960,37200,37560,37800,38160,38400,38760,39000,39360,39600,39960,40200,40560,40800,41160,41400,41760,42000,42360,42600,42960,43200,43560,43800,44160,44400,44760,45000,45360,45600,45960,46200,46560,46800,47160,47400,47760,48000,48360,48600,48960,49200,49560,49800,50160,50400,50760,51000,51360,51600,51960,52200,52560,52800,53160,53400,53760,54000,54360,54600,54960,55200,55560,55800,56160,56400,56760,57000,57360,57600,57960,58200,58560,58800,59160,59400,59760,60000,60360,60600,60960,61200,61560,61800,62160,62400,62760,63000,63360,63600,63960,64200,64560,64800,65160,65400,65760,66000,66360,66600,66960,67200,67560,67800,68160,68400,68760,69000,69360,69600,69960,70200,70560,70800,71160,71400,71760,72000,72360,72600,72960,73200,73560,73800,74160,74400,74760,75000,75360,75600,75960,76200,76560,76800,77160,77400,77760,78000,78360,78600,78960,79200,79560,79800,80160,80400,80760,81000,81360,81600,81960,82200,82560,82800,83160,83400,83760,84000,84360,84600,84960,85200,85560,85800,86160,86400],"sog":[3.0,3.4,3.6,2.4,3.4,3.2,5.1,3.5,3.2,3.2,3.2,5.1,3.7,1.2,2.4,2.9,2.4,2.2,4.5,3.7,3.3,2.1,3.8,3.5,3.7,1.1,2.0,3.3,3.0,4.5,3.1,3.4,4.3,2.4,2.2,1.4,2.7,1.5,1.7,5.7,3.8,5.2,4.3,2.6,4.5,3.8,4.6,5.4,3.9,3.1,3.1,4.1,4.0,2.2,2.7,3.3,5.2,5.8,3.6,2.9,2.2,3.2,2.6,3.9,3.1,3.2,2.0,1.9,3.1,2.7,4.9,2.8,2.6,5.3,5.7,1.9,2.6,3.4,3.2,2.0,2.8,3.2,5.5,3.6,3.9,4.8,3.5,3.8,2.1,4.2,2.3,2.7,5.2,4.3,4.2,3.6,2.4,3.6,4.1,3.4,5.0,1.8,4.7,1.7,3.4,3.7,4.9,4.4,2.8,0.6,4.2,3.6,3.2,3.9,4.9,4.3,3.7,4.7,6.3,1.7,3.5,2.8,1.9,4.6,4.0,1.8,4.3,4.3,3.9,3.9,1.9,2.5,2.6,4.6,3.6,4.1,4.1,2.0,4.8,3.2,2.5,3.2,3.1,4.2,3.1,4.1,3.6,3.2,3.3,2.9,2.9,3.1,3.3,4.0,0.9,3.5,4.9,2.7,3.2,3.3,4.1,3.0,3.2,4.2,3.6,3.5,3.4,3.9,4.2,1.0,4.2,2.3,3.6,2.7,2.1,3.0,3.2,4.2,2.1,4.4,1.6,3.9,1.7,1.8,1.0,2.8,2.2,2.5,4.3,2.0,3.7,2.9,3.4,4.9,2.8,3.1,2.1,2.1,4.3,2.3,3.6,1.4,2.6,2.5,4.2,3.2,3.4,2.8,3.5,3.9,3.1,2.4,3.4,4.6,3.8,3.4,2.2,3.1,3.7,4.1,2.8,3.1,2.2,4.7,4.3,2.8,3.7,3.0,2.5,3.7,2.7,1.8,2.9,2.8,2.4,3.4,2.8,4.5,0.6,5.5,1.5,3.3,2.4,1.4,4.5,4.2,3.1,4.2,3.3,5.0,4.6,4.7,3.8,2.1,2.5,2.3,4.9,3.2,3.5,3.3,2.7,4.1,4.4,5.5,3.7,5.6,3.8,4.4,1.7,3.0,4.3,3.6,3.4,3.7,3.2,3.2,4.0,3.9,3.6,4.1,2.0,4.4,2.9,2.5,2.6,2.3,4.7,4.5,3.7,3.9,2.1,3.5,3.8,3.0,2.2,3.2,5.7,4.1,4.7,3.8,3.7,3.8,2.7,3.6,2.0,3.5,3.5,3.4,3.3,3.8,3.4,2.4,3.4,3.0,2.2,2.9,3.5,3.7,3.7,4.3,0.8,2.7,2.5,3.3,3.1,3.7,2.7,3.4,2.6,2.5,3.0,4.7,3.8,2.9,1.9,3.8,1.7,3.2,4.1,1.7,0.9,3.3,3.5,5.1,3.1,3.6,3.4,3.4,2.1,4.4,1.7,3.4,3.7,3.7,4.9,2.1,4.2,2.9,4.9,2.9,2.2,4.6,4.2,3.9,3.0,4.2,5.0,4.0,3.9,3.2,4.0,3.5,3.0,3.8,3.4,4.8,4.4,3.7,4.4,3.1,3.0,3.4,3.7,1.8,4.0,4.5,1.1,3.7,2.3,4.9,4.8,3.5,2.6,4.4,3.3,2.9,3.3,2.6,1.7,3.8,3.9,4.2,3.1,1.8,2.3,5.5,3.2,3.5,3.8,1.6,4.4,3.5,3.5,4.7,1.6,3.2,1.5,2.9,4.8,3.5,3.9,4.1,1.3,2.9,3.1,2.6,2.7,2.4,3.7,2.9,4.4,4.3,2.6,2.7,4.9,2.7,4.3,2.4,4.1,2.3,3.4,2.5,2.9,4.2,2.6,4.5,2.4,3.4,2.7,1.5,4.8,4.8,1.6,2.2,1.6,4.5,3.8,4.5,4.3,3.1,1.4,3.6,2.7,3.8,3.2,3.0,3.0,3.0,4.0,1.6,3.5,4.3,3.1,3.3,4.2,4.5,5.2,3.8,3.9,3.3,3.5,2.5,4.0,2.9,1.1,2.8,3.2,3.2,3.1,5.5,5.1,4.1,3.3,5.6,2.7,2.7,2.0,3.6,2.3,4.0,1.8,5.2,2.3,3.0,4.4,2.4,3.5,1.9,2.3,5.3,2.2,1.3,5.5,3.1,3.2,2.3,3.3,2.5,3.7,2.3,2.0,2.4,5.1,1.7,4.2,3.0,5.1,2.9,2.6,3.1,3.4,1.9,2.1,2.9,3.1,2.3,4.0,5.3,2.7,3.3,1.5,3.1,3.1,4.3,3.9,3.0,2.7,3.8,2.1,4.1,4.8,1.5,1.5,3.6,3.7,3.5,3.3,4.3,3.1,4.2,4.5,4.0,1.7,3.8,3.0,2.8,4.1,1.5,2.3,3.3,4.2,4.4,4.1,2.5,2.7,2.3,2.6,4.1,4.5,1.7,2.5,3.6,3.3,1.9,1.5,3.7,3.3,4.5,5.0,2.9,3.0,3.8,3.1,3.0,3.2,1.9,5.8,3.8,2.0,3.8,5.0,2.4,2.8,3.3,3.7,3.4,2.3,3.2,3.2,4.1,2.9,2.7,3.7,3.2,1.8,2.7,3.6,3.6,3.4,2.1,2.5,2.5,2.3,3.0,3.7,2.7,4.5,4.0,2.2,3.4,3.1,3.4,3.2,2.8,4.1,2.9,2.8,4.0,3.4,3.2,2.9,3.7,3.5,5.2,2.5,5.0,5.1,4.6,3.9,2.0,0.7,2.3,2.9,2.3,3.3,2.9,5.3,4.0,3.0,3.3,3.9,2.4,2.7,0.9,1.8,3.8,2.9,2.5,0.3,4.9,2.6,3.5,2.5,4.5,2.8,1.3,3.7,1.8,2.8,2.8,2.9,6.7,2.4,3.9,2.7,2.6,1.5,2.1,2.6,2.8,3.5,3.6,3.8,4.2,5.5,3.3,4.0,3.6,2.3,2.4,3.0,5.6,3.6,3.0,2.6,3.0,3.6,3.9,3.7,3.4,3.0,3.0,1.8,3.9,2.2,4.2,3.8,3.4,3.0,2.9,4.3,3.7,2.7,3.9,3.1,3.0,3.5,3.7,2.1,5.1,4.8,3.7,3.8,5.0,3.0,5.2,1.8,3.8,1.7,2.6,3.7,3.1,3.2,4.8,2.4,5.6,3.4,2.7,4.2,3.1,3.5,3.6,3.0,4.1,4.5,2.1,3.9,2.9,3.8,4.8,3.2,3.8,3.7,2.4,4.7,1.4,2.7,4.1,3.3,2.6,3.3,5.0,0.8,3.6,1.8,2.7,2.7,4.0,2.8,3.3,3.8,2.3,4.3,4.3,1.9,0.3,3.0,4.7,2.8,3.4,3.1,1.7,2.6,2.9,3.5,1.5,4.9,1.6,3.2,3.5,4.4,2.7,4.3,3.7,4.2,4.9,5.2,2.2,1.6,3.3,3.8,3.2,2.2,3.1,2.2,1.4,3.5,3.9,2.5,3.1,3.4,5.5,2.9,4.1,4.4,3.4,4.3,1.9,3.4,4.7,4.8,2.4,3.0,3.7,4.6,5.3,3.3,3.5,4.3,4.6,3.7,3.7,3.6,3.3,3.8,4.8,2.7,3.9,4.2,2.8,4.2,2.6,3.0,2.8,4.1,2.9,2.1,3.5,3.4,3.7,2.9,4.0,4.8,2.8,1.6,2.5,1.0,0.5,1.4,3.0,1.3,3.7,0.7,4.2,1.3,3.2,2.5,4.0,3.7,5.3,2.4,3.4,3.1,2.2,3.5,3.2,5.1,4.3,3.9,3.0,5.1,5.1,3.4,3.1,2.8,2.6,3.4,4.5,3.1,3.1,1.9,4.1,4.0,3.7,2.6,1.4,4.5,2.1,4.0,3.1,2.3,2.8,2.5,0.6,1.7,2.6,3.4,2.8,1.6,3.8,3.7,3.7,4.5,3.3,3.6,3.0,5.3,4.0,3.0,3.3,4.5,3.2,3.7,3.4,4.0,4.2,3.5,4.6,3.2,4.8,4.0,3.1,4.2,5.1,2.8,4.1,2.4,3.9,3.6,4.1,3.1,4.6,3.1,2.8,1.9,4.6,2.5,2.0,4.2,4.7,1.5,4.2,4.4,3.3,3.5,4.8,2.7,1.7,3.6,1.0,3.8,5.6,3.5,4.1,2.1,3.0,1.8,2.4,5.7,2.9,4.2,3.0,3.3,2.9,2.7,2.5,2.9,4.8,4.9,3.3,4.5,1.9,4.7,4.0,4.3,4.3,3.9,2.5,3.2,2.5,4.6,2.2,4.7,2.6,3.8,3.9,2.5,3.5,3.6,1.4,1.6,4.6,3.8,4.4,1.9,2.5,3.2,2.6,2.1,3.2,2.4,4.0,4.7,4.2,3.4,2.7,3.7,2.2,3.1,2.2,3.0,2.7,3.9,3.6,3.5,3.6,2.8,1.3,3.4,4.5,4.8,4.5,2.8,2.0,2.5,2.1,1.8,4.9,4.6,3.6,3.9,2.5,2.4,3.5,3.2,3.8,3.2,4.3,4.0,3.0,3.9,4.6,4.1,2.7,4.5,3.4,4.6,2.6,1.8,2.8,1.8,2.3,3.1,2.8,3.5,2.9,2.1,5.0,3.4,2.1,3.1,3.9,3.3,3.6,3.2,2.3,3.0,3.2,1.7,3.7,2.6,3.2,2.4,2.9,2.5,1.6,3.3,2.8,2.8,4.2,3.8,3.0,3.0,4.1,3.3,3.1,4.5,2.1,1.7,4.8,3.4,4.8,4.8,1.2,3.7,3.6,1.7,2.9,3.1,3.5,1.8,2.3,3.2,3.2,2.8,1.6,3.5,3.7,3.9,3.3,5.3,3.9,3.2,3.2,3.3,2.6,3.5,3.5,3.3,3.9,4.8,3.7,4.6,4.1,3.7,2.3,3.3,2.4,2.4,3.2,1.7,3.5,4.9]}},{"type":"Feature","geometry":{"type":"LineString","coordinates":[[70.9922,16.7167],[70.9983,16.7196],[71.0176,16.7271],[71.0303,16.7328],[71.0491,16.7405],[71.0618,16.746],[71.081,16.7546],[71.0942,16.76],[71.1131,16.7678],[71.1255,16.7735],[71.1447,16.7815],[71.1574,16.7871],[71.1766,16.7955],[71.1891,16.8009],[71.2084,16.8092],[71.2214,16.8145],[71.2403,16.8228],[71.2531,16.8279],[71.2729,16.8358],[71.2857,16.841],[71.305,16.849],[71.3177,16.8546],[71.3371,16.8621],[71.3501,16.8678],[71.3693,16.876],[71.3819,16.8815],[71.401,16.8894],[71.4133,16.8948],[71.4323,16.9033],[71.4447,16.9087],[71.4638,16.9167],[71.4767,16.9219],[71.496,16.9303],[71.5085,16.9357],[71.5281,16.9448],[71.5412,16.9506],[71.56,16.9594],[71.5729,16.9651],[71.5919,16.9738],[71.6051,16.9796],[71.6235,16.9885],[71.6367,16.9946],[71.6553,17.0034],[71.6681,17.0092],[71.6869,17.0186],[71.6998,17.0248],[71.7181,17.0338],[71.7301,17.0402],[71.7486,17.0502],[71.7613,17.0566],[71.7799,17.0655],[71.792,17.0719],[71.8113,17.0807],[71.8237,17.0865],[71.8425,17.0951],[71.8551,17.1008],[71.8747,17.11],[71.8869,17.1156],[71.9053,17.1241],[71.9177,17.1299],[71.9362,17.1391],[71.9493,17.1451],[71.9679,17.1544],[71.9811,17.1604],[71.9998,17.1683],[72.0128,17.174],[72.0316,17.1825],[72.044,17.1882],[72.0634,17.1969],[72.0762,17.2026],[72.0954,17.211],[72.1084,17.216],[72.1277,17.2246],[72.1406,17.2297],[72.1593,17.238],[72.1716,17.243],[72.1908,17.2518],[72.2035,17.2573],[72.2229,17.2657],[72.2353,17.2713],[72.2538,17.2796],[72.2662,17.286],[72.2853,17.295],[72.2977,17.3016],[72.3161,17.3108],[72.3283,17.3172],[72.3471,17.3272],[72.3589,17.3339],[72.3778,17.3438],[72.3897,17.3504],[72.4083,17.3609],[72.4201,17.3674],[72.4381,17.377],[72.45,17.3839],[72.468,17.3935],[72.4798,17.4002],[72.4981,17.4102],[72.5101,17.4172],[72.5286,17.4273],[72.5401,17.4339],[72.5586,17.4442],[72.571,17.4508],[72.5905,17.4607],[72.6029,17.4671],[72.6211,17.4765],[72.6335,17.4828],[72.652,17.4922],[72.664,17.4984],[72.6826,17.5078],[72.6952,17.5141],[72.7134,17.5238],[72.726,17.5294],[72.7444,17.539],[72.757,17.5454],[72.7751,17.5549],[72.7878,17.5612],[72.8069,17.5709],[72.8192,17.577],[72.8383,17.5864],[72.8514,17.592],[72.8697,17.6008],[72.8822,17.606],[72.901,17.6141],[72.9133,17.6197],[72.9327,17.6277],[72.9452,17.6325],[72.9647,17.6404],[72.9776,17.6455],[72.9967,17.6532],[73.009,17.6581],[73.0286,17.6653],[73.0414,17.671],[73.0607,17.6784],[73.0735,17.6835],[73.0925,17.6915],[73.105,17.6965],[73.1247,17.7045]]},"properties":{"mmsi":998001391,"name":"SYN-CAR-11","role":"candidate","vessel_type":70,"synthetic":true,"t_offset_s":[-155508,-155388,-155028,-154788,-154428,-154188,-153828,-153588,-153228,-152988,-152628,-152388,-152028,-151788,-151428,-151188,-150828,-150588,-150228,-149988,-149628,-149388,-149028,-148788,-148428,-148188,-147828,-147588,-147228,-146988,-146628,-146388,-146028,-145788,-145428,-145188,-144828,-144588,-144228,-143988,-143628,-143388,-143028,-142788,-142428,-142188,-141828,-141588,-141228,-140988,-140628,-140388,-140028,-139788,-139428,-139188,-138828,-138588,-138228,-137988,-137628,-137388,-137028,-136788,-136428,-136188,-135828,-135588,-135228,-134988,-134628,-134388,-134028,-133788,-133428,-133188,-132828,-132588,-132228,-131988,-131628,-131388,-131028,-130788,-130428,-130188,-129828,-129588,-129228,-128988,-128628,-128388,-128028,-127788,-127428,-127188,-126828,-126588,-126228,-125988,-125628,-125388,-125028,-124788,-124428,-124188,-123828,-123588,-123228,-122988,-122628,-122388,-122028,-121788,-121428,-121188,-120828,-120588,-120228,-119988,-119628,-119388,-119028,-118788,-118428,-118188,-117828,-117588,-117228,-116988,-116628,-116388,-116028,-115788,-115428,-115188,-114828],"sog":[12.4,11.9,11.6,12.2,12.0,12.0,11.8,12.4,11.5,11.3,12.0,12.3,12.2,12.1,12.1,12.4,12.3,12.4,12.0,11.8,12.1,12.2,12.3,11.8,11.7,12.2,11.9,11.8,11.7,12.1,12.2,12.5,11.9,12.2,12.2,12.5,12.3,12.2,12.3,12.2,11.8,12.3,11.8,12.7,12.2,12.2,11.8,11.9,12.1,12.2,11.9,12.3,12.5,12.0,11.6,12.3,12.5,11.9,11.9,11.6,12.4,12.6,12.4,12.7,11.8,11.7,12.2,11.6,11.9,11.9,12.0,12.0,11.8,11.9,11.9,11.5,12.3,12.3,12.4,11.8,12.0,11.7,12.1,11.8,12.0,11.9,12.3,11.5,12.1,11.8,12.1,11.9,12.4,11.8,11.8,11.7,12.5,12.2,11.6,11.6,12.5,12.7,12.1,12.0,12.3,12.6,11.8,12.0,12.2,12.2,11.9,12.1,12.2,11.8,11.8,12.5,12.4,11.9,12.4,12.0,11.6,11.9,11.7,11.7,11.9,11.7,12.2,12.5,12.1,11.8,12.2,12.0,12.0,11.7,12.0,11.7,11.8]}},{"type":"Feature","geometry":{"type":"LineString","coordinates":[[71.0603,16.7781],[71.0448,16.7712],[71.0294,16.7649],[71.0062,16.7553],[70.9907,16.7487],[70.9678,16.7393],[70.9526,16.7334],[70.9292,16.7242],[70.9139,16.7183],[70.8902,16.709],[70.8753,16.7029],[70.8523,16.6939],[70.8368,16.6875],[70.8132,16.6781],[70.7976,16.6723],[70.7743,16.6631],[70.7586,16.6572],[70.7355,16.6481],[70.7199,16.6417],[70.6963,16.6325],[70.681,16.6269],[70.6568,16.6179],[70.6412,16.6117],[70.6179,16.6033],[70.6021,16.5975],[70.5784,16.5884],[70.5634,16.5822],[70.5408,16.5727],[70.5263,16.5657],[70.5028,16.5565],[70.4875,16.5507],[70.4635,16.5418],[70.4483,16.5358],[70.4258,16.5266],[70.4098,16.5204],[70.3864,16.5111],[70.3708,16.5049],[70.3472,16.4954],[70.3323,16.4895],[70.3092,16.4806],[70.2934,16.4745],[70.2703,16.4654],[70.2549,16.4595],[70.2318,16.4503],[70.2167,16.4435],[70.1934,16.4341],[70.178,16.4277],[70.1549,16.4181],[70.1393,16.412],[70.1159,16.403],[70.1003,16.3967],[70.0772,16.3868],[70.062,16.38],[70.0396,16.37],[70.0241,16.3627],[70.0015,16.3526],[69.9862,16.3456],[69.9637,16.3355],[69.9484,16.3282],[69.9255,16.3181],[69.9103,16.3111],[69.8874,16.3008],[69.8726,16.2942],[69.8497,16.2843],[69.8346,16.2778],[69.812,16.2679],[69.797,16.2616],[69.7742,16.2511],[69.7591,16.2445],[69.7365,16.2343],[69.721,16.2273],[69.6983,16.2162],[69.6836,16.2097],[69.6603,16.1994],[69.6454,16.1928],[69.6219,16.1829],[69.6069,16.1763],[69.5837,16.1662],[69.5688,16.16],[69.5457,16.1501],[69.5302,16.1436],[69.5069,16.1334],[69.4914,16.1264],[69.4687,16.1162],[69.4532,16.1098],[69.4303,16.0995],[69.415,16.0929],[69.3923,16.0822],[69.3769,16.0751],[69.354,16.0652],[69.3391,16.0586],[69.3161,16.0484],[69.301,16.0419],[69.2773,16.0324],[69.2616,16.0262],[69.2378,16.0168],[69.2222,16.011],[69.1982,16.0016],[69.1829,15.9951],[69.1602,15.9857],[69.1449,15.9797],[69.1226,15.9694],[69.1072,15.9623],[69.0843,15.952],[69.069,15.9449],[69.0461,15.934],[69.0312,15.9275],[69.0082,15.9169],[68.9937,15.9095],[68.9712,15.8988],[68.9563,15.8918],[68.934,15.881],[68.9193,15.8743],[68.8968,15.8639],[68.8814,15.8565],[68.8594,15.8458],[68.8442,15.8397],[68.8211,15.83],[68.8056,15.8235],[68.7826,15.8137],[68.7673,15.8069],[68.7443,15.7971],[68.7287,15.7907],[68.7056,15.7808],[68.6899,15.7745],[68.6668,15.7648],[68.6516,15.7583],[68.6282,15.7487],[68.6129,15.7424],[68.59,15.733],[68.5744,15.7263],[68.551,15.7166],[68.5354,15.71],[68.5125,15.6997],[68.4973,15.693],[68.4754,15.6831],[68.4607,15.676],[68.4382,15.6647],[68.423,15.6575],[68.4011,15.6462],[68.3861,15.6384],[68.3637,15.6276],[68.3493,15.6205],[68.3264,15.6095],[68.3114,15.6027],[68.2887,15.592],[68.274,15.5853],[68.2517,15.5749],[68.2359,15.5676],[68.2129,15.5565],[68.198,15.5495],[68.1755,15.5381],[68.1603,15.5309],[68.1378,15.5201],[68.1231,15.513],[68.1008,15.5022],[68.0854,15.4952],[68.0624,15.4842],[68.0476,15.4767],[68.0248,15.4655],[68.0096,15.458],[67.9871,15.4471],[67.9714,15.4406],[67.9491,15.4307],[67.9337,15.4239],[67.9105,15.4139],[67.8953,15.4069],[67.873,15.3966],[67.8572,15.3896],[67.8346,15.3797],[67.8197,15.3729],[67.7966,15.3627],[67.7812,15.3558],[67.7581,15.3461],[67.7432,15.3393],[67.7204,15.3291],[67.7051,15.3223],[67.6825,15.3116],[67.6675,15.305],[67.6447,15.2943],[67.6298,15.2877],[67.6068,15.2772],[67.5914,15.2698],[67.5696,15.2587],[67.5551,15.2517],[67.5324,15.2404],[67.5173,15.2329],[67.4951,15.2217],[67.4806,15.214],[67.4578,15.2035],[67.4428,15.1961],[67.4214,15.185],[67.4067,15.177],[67.385,15.1648],[67.3704,15.1571],[67.3478,15.1448],[67.3335,15.1365],[67.3121,15.1242],[67.2978,15.1161],[67.2757,15.1038],[67.2616,15.0955],[67.24,15.0833],[67.2254,15.0758],[67.2036,15.0645],[67.189,15.0567],[67.1669,15.0461],[67.152,15.0382],[67.1297,15.0267],[67.1147,15.0189],[67.0931,15.008],[67.0783,15.0002],[67.0559,14.9886],[67.0414,14.9811],[67.0191,14.9695],[67.0037,14.9617],[66.9817,14.9503],[66.9669,14.9426],[66.9445,14.9318],[66.93,14.9234],[66.9074,14.9116],[66.8927,14.9034],[66.8706,14.8921],[66.8562,14.8844],[66.8337,14.8726],[66.8191,14.8648],[66.7972,14.8528],[66.7831,14.8448],[66.7611,14.8326],[66.7471,14.8248],[66.7258,14.8129],[66.7112,14.8049],[66.6895,14.7927],[66.6751,14.7847],[66.6534,14.7723],[66.6391,14.7643],[66.6171,14.7514],[66.6027,14.7431],[66.582,14.7305],[66.5677,14.7214],[66.5464,14.7085],[66.5323,14.6999],[66.5112,14.6867],[66.4969,14.6779],[66.4755,14.6648],[66.4616,14.6561],[66.44,14.644],[66.4256,14.6359],[66.404,14.6238],[66.3894,14.6157],[66.3673,14.6034],[66.3529,14.5951],[66.3313,14.5824],[66.317,14.5744],[66.2955,14.5625],[66.2809,14.5548],[66.2587,14.543],[66.2442,14.5353],[66.2222,14.5236],[66.2077,14.5161],[66.1858,14.505],[66.1707,14.4974],[66.1485,14.4861],[66.1333,14.4788],[66.1105,14.4678],[66.0955,14.4609],[66.0731,14.4495],[66.0585,14.442],[66.0359,14.4307],[66.0213,14.4232],[65.999,14.4119],[65.9845,14.4043],[65.9618,14.3929],[65.9475,14.3854],[65.9254,14.3736],[65.9106,14.3658],[65.8881,14.3542],[65.8729,14.3464],[65.8508,14.3354],[65.8359,14.3275],[65.8136,14.3158],[65.7992,14.3079],[65.7776,14.2957],[65.7629,14.2872],[65.7413,14.275],[65.7269,14.2669],[65.7058,14.2546],[65.6916,14.2461],[65.6702,14.2333],[65.6562,14.2247],[65.6352,14.2117],[65.6211,14.2029],[65.6007,14.1888],[65.5867,14.1795],[65.5659,14.1657]]},"properties":{"mmsi":998353208,"name":"SYN-TAN-08","role":"candidate","vessel_type":80,"synthetic":true,"t_offset_s":[-229351,-229111,-228871,-228511,-228271,-227911,-227671,-227311,-227071,-226711,-226471,-226111,-225871,-225511,-225271,-224911,-224671,-224311,-224071,-223711,-223471,-223111,-222871,-222511,-222271,-221911,-221671,-221311,-221071,-220711,-220471,-220111,-219871,-219511,-219271,-218911,-218671,-218311,-218071,-217711,-217471,-217111,-216871,-216511,-216271,-215911,-215671,-215311,-215071,-214711,-214471,-214111,-213871,-213511,-213271,-212911,-212671,-212311,-212071,-211711,-211471,-211111,-210871,-210511,-210271,-209911,-209671,-209311,-209071,-208711,-208471,-208111,-207871,-207511,-207271,-206911,-206671,-206311,-206071,-205711,-205471,-205111,-204871,-204511,-204271,-203911,-203671,-203311,-203071,-202711,-202471,-202111,-201871,-201511,-201271,-200911,-200671,-200311,-200071,-199711,-199471,-199111,-198871,-198511,-198271,-197911,-197671,-197311,-197071,-196711,-196471,-196111,-195871,-195511,-195271,-194911,-194671,-194311,-194071,-193711,-193471,-193111,-192871,-192511,-192271,-191911,-191671,-191311,-191071,-190711,-190471,-190111,-189871,-189511,-189271,-188911,-188671,-188311,-188071,-187711,-187471,-187111,-186871,-186511,-186271,-185911,-185671,-185311,-185071,-184711,-184471,-184111,-183871,-183511,-183271,-182911,-182671,-182311,-182071,-181711,-181471,-181111,-180871,-180511,-180271,-179911,-179671,-179311,-179071,-178711,-178471,-178111,-177871,-177511,-177271,-176911,-176671,-176311,-176071,-175711,-175471,-175111,-174871,-174511,-174271,-173911,-173671,-173311,-173071,-172711,-172471,-172111,-171871,-171511,-171271,-170911,-170671,-170311,-170071,-169711,-169471,-169111,-168871,-168511,-168271,-167911,-167671,-167311,-167071,-166711,-166471,-166111,-165871,-165511,-165271,-164911,-164671,-164311,-164071,-163711,-163471,-163111,-162871,-162511,-162271,-161911,-161671,-161311,-161071,-160711,-160471,-160111,-159871,-159511,-159271,-158911,-158671,-158311,-158071,-157711,-157471,-157111,-156871,-156511,-156271,-155911,-155671,-155311,-155071,-154711,-154471,-154111,-153871,-153511,-153271,-152911,-152671,-152311,-152071,-151711,-151471,-151111,-150871,-150511,-150271,-149911,-149671,-149311,-149071,-148711,-148471,-148111,-147871,-147511,-147271,-146911,-146671,-146311,-146071,-145711,-145471,-145111,-144871,-144511,-144271,-143911,-143671,-143311,-143071,-142711,-142471,-142111,-141871,-141511],"sog":[14.7,14.5,14.9,14.2,14.5,13.8,14.2,15.0,15.1,14.6,14.1,14.2,14.8,14.5,14.2,14.3,14.2,14.3,14.3,14.7,14.4,14.7,14.5,14.4,14.4,14.3,14.5,14.6,14.1,14.3,14.0,14.4,14.5,14.3,15.1,14.8,14.1,14.2,14.1,14.4,14.4,14.6,14.7,14.7,14.1,14.5,14.0,14.9,14.6,14.8,14.2,14.6,14.9,14.5,14.6,14.8,14.3,14.3,14.9,14.3,14.5,14.5,14.2,14.4,14.5,14.2,14.2,14.6,14.4,14.6,14.7,14.6,14.2,15.0,14.4,14.9,14.2,14.8,14.4,14.6,15.0,14.5,14.7,14.3,14.3,14.5,14.4,14.5,15.1,14.3,14.3,14.8,14.6,14.4,14.9,14.5,14.6,14.5,14.0,14.4,14.1,14.5,14.6,14.9,14.8,14.2,14.3,14.5,14.2,14.3,14.0,14.0,13.9,14.2,14.4,14.8,14.1,13.9,14.6,14.3,14.5,14.9,14.5,14.4,15.2,14.7,14.4,14.8,14.5,14.3,14.7,14.9,14.6,14.5,14.3,14.1,13.6,14.5,15.0,14.3,14.5,14.7,14.2,14.5,14.3,14.5,14.0,14.4,14.5,14.5,14.5,14.5,14.9,14.2,14.2,14.5,15.1,14.5,14.6,15.0,14.5,14.8,15.2,14.7,14.2,14.8,14.3,14.4,14.6,13.9,14.3,14.0,14.1,14.8,14.4,14.4,14.4,14.9,14.3,14.4,14.3,14.6,14.9,14.1,14.1,15.1,15.0,14.5,14.0,14.7,14.6,14.1,14.4,14.3,14.6,14.6,14.8,14.5,13.9,14.1,14.9,14.3,14.4,14.1,14.1,14.1,14.7,14.1,14.7,14.4,14.6,14.6,14.0,14.6,14.8,14.4,14.9,14.5,14.9,14.7,15.1,14.6,14.3,14.3,14.9,14.7,14.4,14.6,14.3,14.0,14.4,14.3,14.3,14.5,14.8,14.8,14.6,14.0,14.7,14.3,14.5,14.4,14.6,14.5,14.7,14.1,14.4,14.1,14.7,14.7,14.6,14.7,14.6,14.5,14.7,14.6,14.2,14.6,14.1,14.3,14.1,14.3,14.3,14.3,14.7,15.1,14.0,14.4,14.3,14.1,15.0,14.4,14.1,14.6,14.6,14.9,14.5,14.6,14.5,14.4,14.3,14.5,14.4,14.0,14.7,14.1,14.1,14.4,14.6,14.3,14.5,14.5,14.5,14.2]}},{"type":"Feature","geometry":{"type":"LineString","coordinates":[[72.3906,18.6239],[72.3845,18.6204],[72.3661,18.6105],[72.3538,18.604],[72.336,18.5942],[72.3238,18.5878],[72.3055,18.5781],[72.2932,18.5714],[72.2751,18.5617],[72.2626,18.555],[72.2447,18.5447],[72.2329,18.5376],[72.2157,18.5276],[72.2038,18.5209],[72.1859,18.5107],[72.1745,18.5041],[72.1573,18.4935],[72.1459,18.4868],[72.1286,18.476],[72.1172,18.4694],[72.0996,18.4586],[72.0882,18.4514],[72.0701,18.4405],[72.0591,18.4337],[72.0418,18.423],[72.0301,18.4158],[72.0123,18.4053],[72.0006,18.398],[71.9837,18.3876],[71.972,18.3804],[71.954,18.3696],[71.9425,18.3627],[71.9247,18.3529],[71.9125,18.3462],[71.8948,18.336],[71.8828,18.3295],[71.8645,18.3189],[71.8526,18.3125],[71.8353,18.3027],[71.8237,18.2958],[71.8058,18.2855],[71.794,18.2787],[71.7764,18.2686],[71.7645,18.2622],[71.7464,18.2531],[71.7344,18.2469],[71.716,18.2377],[71.7041,18.2315],[71.6861,18.2221],[71.674,18.2154],[71.6565,18.206],[71.6446,18.1996],[71.627,18.1903],[71.6151,18.1843],[71.5968,18.1742],[71.5851,18.1677],[71.5672,18.1579],[71.5555,18.1514],[71.5379,18.1415],[71.5259,18.1351],[71.5088,18.1257],[71.4967,18.1195],[71.4785,18.1089],[71.4671,18.1025],[71.4487,18.0926],[71.4369,18.0859],[71.4191,18.0757],[71.4075,18.0691],[71.3897,18.0588],[71.3778,18.052],[71.3596,18.0422],[71.3472,18.0352],[71.3296,18.0248],[71.3179,18.0182],[71.3005,18.008],[71.2883,18.001],[71.2708,17.9907],[71.2591,17.9834],[71.2413,17.9728],[71.23,17.9659],[71.2123,17.9555],[71.2012,17.9479],[71.1838,17.9371],[71.1729,17.9301],[71.1552,17.9186],[71.1434,17.911],[71.1269,17.9],[71.1149,17.8925],[71.0982,17.8815],[71.0871,17.8743],[71.0703,17.8634],[71.0589,17.8558],[71.0415,17.8444],[71.0302,17.8369],[71.0138,17.8253],[71.0023,17.8172],[70.9849,17.8057],[70.9739,17.7983],[70.957,17.787],[70.9461,17.7792],[70.9285,17.768],[70.9175,17.7602],[70.9003,17.7489],[70.8888,17.7416],[70.8716,17.7302],[70.86,17.723],[70.843,17.7121],[70.8314,17.7047],[70.8142,17.6936],[70.8032,17.686],[70.7862,17.6749],[70.7749,17.6673],[70.7584,17.656],[70.7468,17.6484],[70.73,17.6368],[70.7186,17.6296],[70.7017,17.6186],[70.6902,17.6116],[70.673,17.6007],[70.6619,17.5936],[70.644,17.5827],[70.6324,17.5752],[70.615,17.5646],[70.6036,17.5578],[70.5862,17.5469],[70.5741,17.5397],[70.5564,17.5288],[70.5451,17.521],[70.5277,17.5102],[70.5159,17.5026],[70.4984,17.4913],[70.487,17.4841],[70.4704,17.473],[70.4586,17.4655],[70.4422,17.4542],[70.4308,17.447],[70.4135,17.4357],[70.4024,17.4284],[70.3852,17.4172],[70.3743,17.4097],[70.3572,17.3987],[70.3455,17.3915],[70.328,17.38],[70.3167,17.3729],[70.2993,17.362],[70.2879,17.3552],[70.2705,17.3446],[70.2591,17.3376],[70.2416,17.3264],[70.2299,17.319],[70.2133,17.3081],[70.2018,17.3006],[70.1843,17.2905],[70.1725,17.2832],[70.1548,17.2725],[70.143,17.2655],[70.1258,17.2549],[70.1143,17.248],[70.0963,17.2364],[70.0849,17.229],[70.0677,17.2176],[70.0567,17.2104],[70.0395,17.1991],[70.0277,17.1919],[70.0109,17.1804],[69.9987,17.1725],[69.9814,17.1608],[69.9705,17.1538],[69.9538,17.1428],[69.9428,17.1352],[69.9254,17.1234],[69.9138,17.1158],[69.8974,17.1045],[69.8862,17.0974],[69.8692,17.0853],[69.8578,17.0776],[69.8411,17.0665],[69.8298,17.0594],[69.8124,17.048],[69.801,17.0408],[69.7837,17.0295],[69.772,17.0227],[69.7541,17.0122],[69.7428,17.0055],[69.7255,16.9956],[69.7139,16.9891],[69.6962,16.9789],[69.6844,16.9715],[69.6663,16.9619],[69.6543,16.9551],[69.6364,16.9453],[69.6245,16.9391],[69.6065,16.9298],[69.5948,16.9237],[69.5763,16.914],[69.5642,16.9079],[69.5463,16.8985],[69.5336,16.8922],[69.5159,16.8825],[69.5039,16.8761],[69.4861,16.8664],[69.4744,16.8594],[69.4568,16.85],[69.4452,16.8436],[69.4274,16.8342],[69.4159,16.8277],[69.3984,16.8177],[69.3865,16.8108],[69.3689,16.801],[69.3568,16.794],[69.3385,16.7842],[69.3272,16.7774],[69.3092,16.7674],[69.297,16.761],[69.2788,16.7507],[69.2662,16.744],[69.2483,16.7349],[69.2356,16.7287],[69.2174,16.7192],[69.2048,16.7128],[69.1865,16.7032],[69.1744,16.6971],[69.1561,16.6875],[69.1434,16.6815],[69.1245,16.6716],[69.1126,16.6653],[69.0941,16.6556],[69.0821,16.6493],[69.0642,16.6394],[69.0523,16.6331],[69.0337,16.6233],[69.0218,16.6177],[69.0032,16.6086],[68.9914,16.6025],[68.9728,16.594],[68.9604,16.588],[68.9417,16.5796],[68.9289,16.5738],[68.9102,16.5649],[68.8981,16.5586],[68.8801,16.5498],[68.8678,16.544],[68.8495,16.5348],[68.8371,16.5287],[68.8181,16.519],[68.8064,16.5131],[68.7878,16.5032],[68.7757,16.4972],[68.7573,16.4872],[68.7457,16.4812],[68.7272,16.4719],[68.7152,16.4656],[68.6968,16.4565],[68.6848,16.4502],[68.6668,16.4415],[68.6548,16.4358],[68.6363,16.4266],[68.6239,16.4206],[68.6062,16.4123],[68.5937,16.4063],[68.575,16.3979],[68.5627,16.3919],[68.5435,16.3832],[68.5316,16.3774],[68.5124,16.3686],[68.5001,16.3627],[68.4814,16.3545],[68.4687,16.349],[68.4504,16.3413],[68.4377,16.3357],[68.419,16.3275],[68.4066,16.322],[68.3881,16.313],[68.3758,16.3065],[68.3574,16.2977],[68.3455,16.292],[68.3262,16.2836],[68.3142,16.278],[68.2954,16.2691],[68.283,16.2636],[68.2645,16.2548],[68.2518,16.2489],[68.2335,16.2403],[68.2207,16.2347],[68.2022,16.2265],[68.1899,16.2208],[68.1703,16.2124],[68.1581,16.2068],[68.1395,16.1987],[68.1266,16.1933],[68.1077,16.185],[68.0954,16.1795],[68.0765,16.1708],[68.0638,16.1654],[68.0447,16.1568],[68.0316,16.1514],[68.013,16.143],[68.0003,16.1373],[67.9816,16.1291],[67.9694,16.1235],[67.9502,16.1153],[67.938,16.1102],[67.9193,16.1019],[67.9073,16.0966],[67.8887,16.0889],[67.8759,16.0834],[67.8573,16.0759],[67.8446,16.0703],[67.826,16.0626],[67.8132,16.0574],[67.7945,16.0495],[67.7819,16.0444],[67.7629,16.036],[67.7506,16.0305],[67.7318,16.0226],[67.7188,16.0167],[67.7002,16.0089],[67.6874,16.0036],[67.6684,15.9953],[67.6562,15.99],[67.6375,15.9817],[67.6246,15.9763],[67.6061,15.9677],[67.5932,15.9622],[67.5742,15.9532],[67.5613,15.9478],[67.5429,15.9393],[67.5305,15.9339],[67.5123,15.9257],[67.4997,15.9201],[67.4816,15.9114],[67.4692,15.9056],[67.4512,15.8965],[67.4386,15.8913],[67.4204,15.8818],[67.408,15.8766],[67.3899,15.8679],[67.3773,15.8621],[67.3583,15.8534],[67.3465,15.8477],[67.3276,15.8391],[67.3154,15.8333],[67.2964,15.825],[67.2842,15.8192],[67.2659,15.8108],[67.2527,15.8048],[67.2336,15.796],[67.2213,15.7902],[67.2028,15.7815],[67.1905,15.776],[67.1721,15.7684],[67.1592,15.7631],[67.1394,15.7556],[67.1267,15.7505],[67.1071,15.7431],[67.0943,15.7381],[67.0753,15.7308],[67.0623,15.7257],[67.0426,15.7189],[67.0299,15.7145],[67.0109,15.708],[66.9978,15.7036],[66.9784,15.6967],[66.9656,15.6924],[66.9465,15.6854],[66.9339,15.6814],[66.915,15.6743],[66.9019,15.6696],[66.883,15.6623],[66.87,15.6574],[66.8513,15.65],[66.8387,15.6454],[66.8195,15.6379],[66.8063,15.6332],[66.7874,15.626],[66.7746,15.621],[66.7558,15.614],[66.7424,15.6089],[66.7236,15.6028],[66.7103,15.5983],[66.6908,15.5917],[66.6781,15.5876],[66.6581,15.5808],[66.6444,15.5762],[66.6248,15.5699],[66.6117,15.5653],[66.5917,15.5593],[66.5787,15.5552],[66.5593,15.549],[66.5462,15.5451],[66.5258,15.5384],[66.5128,15.5343],[66.4927,15.5284],[66.4795,15.5244],[66.4591,15.5187],[66.4455,15.5153],[66.4256,15.5097],[66.4121,15.5062],[66.392,15.5004],[66.3789,15.4972],[66.3594,15.4919],[66.3459,15.488],[66.3263,15.4821],[66.3136,15.4779],[66.2942,15.4717],[66.2814,15.4674],[66.2618,15.461],[66.2489,15.4568],[66.2294,15.4505],[66.2162,15.446],[66.1973,15.4392],[66.1844,15.4346],[66.165,15.4278],[66.1523,15.4231],[66.1329,15.4163],[66.1201,15.4117],[66.1006,15.405],[66.0875,15.4004],[66.068,15.3938],[66.0548,15.3898],[66.0348,15.3829],[66.022,15.3787],[66.0021,15.3719],[65.9891,15.3674],[65.9695,15.3603],[65.9566,15.3563],[65.9376,15.3496],[65.9246,15.345],[65.9054,15.3386],[65.8927,15.3343],[65.8725,15.3282],[65.8597,15.3238],[65.8404,15.3179],[65.8271,15.3136],[65.8079,15.3068],[65.795,15.3024],[65.7753,15.2958],[65.7624,15.2914],[65.7431,15.2852],[65.7303,15.2809],[65.7105,15.2744],[65.6978,15.2697],[65.6782,15.2634],[65.6653,15.2591],[65.6455,15.2528],[65.6327,15.2481],[65.6141,15.2417],[65.601,15.2368],[65.582,15.2306],[65.5686,15.2259],[65.5488,15.2185],[65.5361,15.214],[65.5164,15.2071],[65.5038,15.2029]]},"properties":{"mmsi":998535187,"name":"SYN-CAR-07","role":"candidate","vessel_type":70,"synthetic":true,"t_offset_s":[-58599,-58479,-58119,-57879,-57519,-57279,-56919,-56679,-56319,-56079,-55719,-55479,-55119,-54879,-54519,-54279,-53919,-53679,-53319,-53079,-52719,-52479,-52119,-51879,-51519,-51279,-50919,-50679,-50319,-50079,-49719,-49479,-49119,-48879,-48519,-48279,-47919,-47679,-47319,-47079,-46719,-46479,-46119,-45879,-45519,-45279,-44919,-44679,-44319,-44079,-43719,-43479,-43119,-42879,-42519,-42279,-41919,-41679,-41319,-41079,-40719,-40479,-40119,-39879,-39519,-39279,-38919,-38679,-38319,-38079,-37719,-37479,-37119,-36879,-36519,-36279,-35919,-35679,-35319,-35079,-34719,-34479,-34119,-33879,-33519,-33279,-32919,-32679,-32319,-32079,-31719,-31479,-31119,-30879,-30519,-30279,-29919,-29679,-29319,-29079,-28719,-28479,-28119,-27879,-27519,-27279,-26919,-26679,-26319,-26079,-25719,-25479,-25119,-24879,-24519,-24279,-23919,-23679,-23319,-23079,-22719,-22479,-22119,-21879,-21519,-21279,-20919,-20679,-20319,-20079,-19719,-19479,-19119,-18879,-18519,-18279,-17919,-17679,-17319,-17079,-16719,-16479,-16119,-15879,-15519,-15279,-14919,-14679,-14319,-14079,-13719,-13479,-13119,-12879,-12519,-12279,-11919,-11679,-11319,-11079,-10719,-10479,-10119,-9879,-9519,-9279,-8919,-8679,-8319,-8079,-7719,-7479,-7119,-6879,-6519,-6279,-5919,-5679,-5319,-5079,-4719,-4479,-4119,-3879,-3519,-3279,-2919,-2679,-2319,-2079,-1719,-1479,-1119,-879,-519,-279,81,321,681,921,1281,1521,1881,2121,2481,2721,3081,3321,3681,3921,4281,4521,4881,5121,5481,5721,6081,6321,6681,6921,7281,7521,7881,8121,8481,8721,9081,9321,9681,9921,10281,10521,10881,11121,11481,11721,12081,12321,12681,12921,13281,13521,13881,14121,14481,14721,15081,15321,15681,15921,16281,16521,16881,17121,17481,17721,18081,18321,18681,18921,19281,19521,19881,20121,20481,20721,21081,21321,21681,21921,22281,22521,22881,23121,23481,23721,24081,24321,24681,24921,25281,25521,25881,26121,26481,26721,27081,27321,27681,27921,28281,28521,28881,29121,29481,29721,30081,30321,30681,30921,31281,31521,31881,32121,32481,32721,33081,33321,33681,33921,34281,34521,34881,35121,35481,35721,36081,36321,36681,36921,37281,37521,37881,38121,38481,38721,39081,39321,39681,39921,40281,40521,40881,41121,41481,41721,42081,42321,42681,42921,43281,43521,43881,44121,44481,44721,45081,45321,45681,45921,46281,46521,46881,47121,47481,47721,48081,48321,48681,48921,49281,49521,49881,50121,50481,50721,51081,51321,51681,51921,52281,52521,52881,53121,53481,53721,54081,54321,54681,54921,55281,55521,55881,56121,56481,56721,57081,57321,57681,57921,58281,58521,58881,59121,59481,59721,60081,60321,60681,60921,61281,61521,61881,62121,62481,62721,63081,63321,63681,63921,64281,64521,64881,65121,65481,65721,66081,66321,66681,66921,67281,67521,67881,68121,68481,68721,69081,69321,69681,69921,70281,70521,70881,71121,71481,71721,72081,72321,72681,72921,73281,73521,73881,74121,74481,74721,75081,75321,75681,75921,76281,76521,76881,77121],"sog":[11.9,12.2,11.9,12.0,11.5,12.1,12.0,12.1,12.2,12.1,11.8,11.5,11.4,11.7,11.8,11.4,12.1,11.7,11.8,11.5,12.2,11.4,12.2,11.3,12.1,12.1,12.1,11.9,12.0,12.3,12.0,11.6,11.5,12.6,11.8,12.4,12.1,11.7,11.7,11.6,12.4,11.7,11.0,11.7,11.8,11.2,11.5,11.7,11.7,12.1,11.7,12.0,11.1,11.6,11.5,11.9,11.8,12.3,11.4,12.1,11.4,11.9,12.3,11.5,11.7,12.2,11.7,11.7,12.0,12.2,12.1,12.0,11.9,11.4,11.7,12.0,11.9,11.8,11.9,11.6,11.9,11.9,11.6,11.4,12.5,12.0,11.9,12.1,11.7,11.8,11.1,12.0,11.8,11.7,11.5,12.1,12.2,11.4,12.0,12.1,11.8,11.9,12.2,11.9,11.3,12.2,11.6,11.6,11.5,12.0,11.8,12.1,11.5,12.3,12.0,11.6,11.6,11.7,11.7,11.8,11.7,12.0,11.8,11.9,11.7,12.3,12.2,11.9,12.3,11.9,11.8,12.1,11.7,12.1,11.6,11.7,12.5,11.7,11.7,11.9,12.1,11.9,12.1,11.8,11.8,11.6,11.7,11.5,12.2,11.8,11.7,11.5,12.1,12.4,12.0,12.1,11.3,11.6,12.4,11.9,12.3,11.9,12.2,11.5,11.9,12.2,12.1,11.7,11.5,12.0,12.0,12.1,11.6,12.0,12.2,11.9,12.2,11.6,12.1,11.7,12.3,12.0,11.9,11.5,11.8,11.7,11.8,12.3,12.1,11.9,12.3,11.6,11.5,11.6,11.9,11.8,11.9,11.9,11.8,11.6,11.4,11.6,11.6,11.6,11.9,11.8,11.4,11.9,12.0,12.1,12.3,11.7,12.1,12.2,11.8,12.1,12.0,12.2,12.3,12.3,12.0,11.6,12.0,11.9,12.6,11.6,12.4,12.3,11.5,11.9,11.9,11.6,11.4,11.7,12.3,11.4,12.3,11.9,11.7,12.0,11.9,11.5,11.7,12.1,12.1,11.9,12.2,11.7,11.8,11.6,12.0,11.6,11.9,11.8,11.2,11.5,12.2,11.9,11.1,12.1,12.0,12.3,11.8,11.5,12.2,12.5,12.2,11.8,11.3,12.0,11.9,12.0,11.8,12.2,12.0,11.8,12.5,11.6,11.8,11.4,11.7,12.3,11.5,11.7,11.8,11.8,12.8,11.5,11.9,11.9,11.9,11.8,12.3,12.2,12.2,12.3,12.2,12.0,11.9,11.3,12.2,12.1,11.7,11.6,11.8,12.0,11.9,12.2,11.9,11.6,11.7,12.0,12.4,11.9,11.2,12.3,11.6,12.6,11.9,11.6,11.5,12.4,12.0,11.8,12.3,12.0,11.4,11.6,12.1,11.2,11.2,11.8,12.2,11.5,11.8,11.3,11.7,11.9,11.9,11.8,11.7,11.7,11.7,11.4,11.7,12.2,12.3,12.4,11.6,12.0,11.3,12.2,12.0,11.9,11.7,11.9,11.8,12.3,12.4,11.5,11.7,11.9,12.0,11.8,12.0,11.6,11.4,12.3,12.3,11.2,11.7,11.3,12.1,12.2,11.7,12.1,11.8,12.0,11.9,11.9,11.7,12.0,12.3,12.5,11.9,11.7,11.7,12.0,11.8,12.2,12.5,12.1,12.1,12.3,12.2,12.0,11.7,12.1,12.2,11.4,11.7,11.7,12.0,11.7,11.9,11.7,11.6,11.8,12.0,11.9,11.5,12.4,11.8,11.8,11.8,12.0,11.9,11.9,12.5,12.0,11.7,11.7,11.8,11.7,11.6,11.9,11.5,11.7,11.5,12.2,12.2,11.7,11.6,12.4,11.9,12.1,12.0,11.6,11.7,12.1,11.7,11.8,12.2,11.7,11.5,11.8,11.1,12.1,11.6,12.0,12.2,11.9,12.0,11.5]}},{"type":"Feature","geometry":{"type":"LineString","coordinates":[[69.0129,19.21],[69.017,19.2144],[69.0194,19.2162],[69.0247,19.2196],[69.0282,19.2204],[69.0334,19.2233],[69.0348,19.2255],[69.037,19.2295],[69.0388,19.2329],[69.0435,19.235],[69.0458,19.2343],[69.0523,19.233],[69.0534,19.2313],[69.0572,19.2276],[69.0595,19.2247],[69.0618,19.2226],[69.0625,19.2205],[69.0623,19.2177],[69.0617,19.2157],[69.0667,19.2139],[69.0696,19.212],[69.0742,19.2117],[69.0771,19.2112],[69.0767,19.2068],[69.0757,19.2041],[69.076,19.1987],[69.0735,19.1963],[69.0688,19.1939],[69.0662,19.1926],[69.0626,19.1881],[69.0618,19.1854],[69.0602,19.1827],[69.0597,19.1808],[69.0579,19.1761],[69.0591,19.1727],[69.061,19.1696],[69.0633,19.1703],[69.0666,19.1741],[69.07,19.1755],[69.0744,19.1766],[69.0765,19.1763],[69.0812,19.174],[69.0845,19.1723],[69.0879,19.1694],[69.0917,19.169],[69.0923,19.1709],[69.0941,19.1745],[69.0963,19.177],[69.0962,19.1799],[69.0944,19.1843],[69.0932,19.1862],[69.0919,19.1907],[69.0909,19.1945],[69.0873,19.1973],[69.0842,19.1964],[69.0799,19.1953],[69.077,19.1933],[69.0718,19.1932],[69.0694,19.1959],[69.0651,19.1989],[69.0604,19.2],[69.0571,19.2017],[69.0548,19.2033],[69.0518,19.2049],[69.0493,19.2081],[69.0484,19.2124],[69.0476,19.2169],[69.0476,19.2213],[69.0458,19.2237],[69.0421,19.2285],[69.0424,19.2307],[69.0453,19.2349],[69.0473,19.2378],[69.0506,19.2419],[69.05,19.2458],[69.0463,19.2517],[69.0451,19.2546],[69.0482,19.2587],[69.0498,19.2607],[69.0529,19.2635],[69.0548,19.2654],[69.0545,19.2695],[69.0515,19.2714],[69.0472,19.2751],[69.0464,19.2782],[69.0487,19.284],[69.0492,19.286],[69.0458,19.291],[69.0439,19.2938],[69.0397,19.2936],[69.0375,19.2927],[69.033,19.2955],[69.0296,19.2956],[69.0243,19.2951],[69.0214,19.2942],[69.0174,19.2947],[69.0136,19.2942],[69.0085,19.2936],[69.0064,19.2924],[69.0025,19.2934],[68.9988,19.2908],[68.9958,19.2887],[68.9928,19.2877],[68.9892,19.29],[68.9871,19.2912],[68.9844,19.2945],[68.9815,19.2968],[68.9791,19.2989],[68.9795,19.302],[68.9784,19.3063],[68.9785,19.3089],[68.9769,19.3138],[68.9757,19.3169],[68.9758,19.3206],[68.9787,19.3245],[68.9803,19.3285],[68.9815,19.3324],[68.9831,19.3377],[68.986,19.3393],[68.9902,19.3399],[68.9936,19.3418],[68.9988,19.3401],[69.0022,19.3403],[69.0059,19.3443],[69.0065,19.3474],[69.0095,19.3502],[69.0132,19.3507],[69.018,19.3501],[69.023,19.3499],[69.0263,19.3453],[69.0275,19.3431],[69.0323,19.3403],[69.036,19.3395],[69.0402,19.3373],[69.0421,19.3376],[69.0458,19.3417],[69.0484,19.3444],[69.0527,19.3464],[69.0556,19.3459],[69.0584,19.3429],[69.0575,19.3415],[69.0546,19.3359],[69.0549,19.3326],[69.0564,19.3291],[69.0566,19.3248],[69.0582,19.3208],[69.0597,19.3195],[69.0621,19.3156],[69.0646,19.3128],[69.0682,19.3097],[69.0719,19.3056],[69.0757,19.3034],[69.0784,19.3028],[69.0844,19.3031],[69.0878,19.3026],[69.0933,19.3041],[69.0952,19.3051],[69.1007,19.3058],[69.1025,19.3034],[69.1049,19.3001],[69.1047,19.298],[69.1064,19.2963],[69.1083,19.2951],[69.1127,19.2912],[69.1126,19.2876],[69.1139,19.2836],[69.1147,19.2799],[69.1155,19.2736],[69.1172,19.2705],[69.1161,19.2639],[69.1171,19.2611],[69.1161,19.2566],[69.1155,19.2538],[69.1154,19.2498],[69.1173,19.2462],[69.1182,19.2404],[69.1205,19.2373],[69.1217,19.232],[69.1234,19.2295],[69.1273,19.2249],[69.1291,19.2228],[69.1301,19.2184],[69.1293,19.2137],[69.1258,19.2128],[69.1224,19.2114],[69.1164,19.2122],[69.1129,19.2138],[69.1082,19.2169],[69.1056,19.2169],[69.1015,19.2176],[69.0967,19.2157],[69.0921,19.2155],[69.0885,19.213],[69.0881,19.2107],[69.0886,19.2055],[69.0864,19.2007],[69.0834,19.1998],[69.0799,19.1983],[69.0776,19.1962],[69.0751,19.1925],[69.0776,19.1909],[69.0806,19.1897],[69.0822,19.1895],[69.0877,19.1902],[69.0889,19.191],[69.093,19.194],[69.0959,19.1959],[69.0996,19.2],[69.1028,19.2021],[69.1083,19.201],[69.1113,19.2008],[69.1171,19.2031],[69.1198,19.2029],[69.1252,19.2018],[69.1281,19.1995],[69.1311,19.1956],[69.1348,19.193],[69.1378,19.1887],[69.1414,19.1871],[69.1457,19.1873],[69.1475,19.1904],[69.1502,19.1951],[69.1495,19.1973],[69.1436,19.1976],[69.1409,19.1962],[69.1386,19.1932],[69.1383,19.1898],[69.1389,19.1849],[69.14,19.1812],[69.1429,19.1776],[69.1453,19.1765],[69.1495,19.178],[69.1501,19.1804],[69.1496,19.1843],[69.148,19.1886],[69.1481,19.1932],[69.1514,19.1959],[69.1527,19.2016],[69.1533,19.2065],[69.1548,19.2111],[69.1518,19.2129],[69.1478,19.2134],[69.1449,19.2142],[69.1407,19.2126],[69.142,19.2101],[69.1442,19.2068],[69.1443,19.2038],[69.1431,19.1996],[69.1446,19.1971],[69.1488,19.1937],[69.1516,19.1941],[69.156,19.1963],[69.1583,19.1989],[69.1564,19.2023],[69.1544,19.2033],[69.1549,19.2085],[69.1568,19.2108],[69.1594,19.214],[69.1617,19.2164],[69.1641,19.2209],[69.1662,19.2232],[69.1697,19.2263],[69.1705,19.2293],[69.1741,19.2324],[69.1762,19.2355],[69.1805,19.2361],[69.1832,19.2363],[69.1891,19.2385],[69.1901,19.2411],[69.1929,19.2444],[69.1963,19.2453],[69.1997,19.2447],[69.2043,19.244],[69.2072,19.2483],[69.2076,19.2513],[69.2089,19.2565],[69.2108,19.2595],[69.2136,19.2619],[69.2171,19.2609],[69.2229,19.2605],[69.2261,19.2631],[69.2306,19.266],[69.2319,19.2671],[69.2367,19.2713],[69.2391,19.2721],[69.2432,19.2715],[69.2463,19.2686],[69.2481,19.2638],[69.251,19.2636],[69.256,19.2661],[69.2596,19.2645],[69.2607,19.2606],[69.2603,19.2587],[69.2582,19.2544],[69.256,19.2526],[69.2491,19.2512],[69.2483,19.2508],[69.2443,19.2525],[69.2401,19.2521],[69.2372,19.2495],[69.2359,19.2464],[69.2356,19.242],[69.2356,19.2397],[69.2339,19.233],[69.231,19.2288],[69.2267,19.2247],[69.2263,19.2209],[69.2244,19.2178],[69.2236,19.2156],[69.2222,19.2103],[69.2213,19.2083],[69.2162,19.2057],[69.2142,19.2052],[69.2119,19.2004],[69.2124,19.1978],[69.2116,19.1937],[69.2131,19.1909],[69.2151,19.1949],[69.2151,19.1986],[69.2154,19.2029],[69.2127,19.2059],[69.2084,19.2085],[69.2054,19.2081],[69.2019,19.2098],[69.1986,19.2103],[69.1946,19.2068],[69.1922,19.2039],[69.1913,19.1996],[69.1897,19.1996],[69.1864,19.2029],[69.1851,19.2061],[69.1857,19.2109],[69.1869,19.2142],[69.1884,19.2178],[69.1891,19.2213],[69.1889,19.2245],[69.1891,19.2271],[69.1862,19.2328],[69.1853,19.2367],[69.1822,19.2421],[69.1811,19.244],[69.179,19.2484],[69.1807,19.2523],[69.1825,19.2581],[69.1843,19.2616],[69.1824,19.2648],[69.1789,19.2683],[69.1766,19.2721],[69.1757,19.2758],[69.177,19.2789],[69.1775,19.2807],[69.1794,19.2851],[69.1765,19.288],[69.1768,19.292],[69.1789,19.2933],[69.185,19.2943],[69.1878,19.2918],[69.1905,19.2875],[69.1921,19.2871],[69.1953,19.2834],[69.1987,19.283],[69.2025,19.2834],[69.2063,19.2851],[69.2074,19.2894],[69.2073,19.2924],[69.208,19.2977],[69.2072,19.301],[69.2079,19.3051],[69.2082,19.3077],[69.2093,19.3144],[69.2105,19.3184],[69.2112,19.3225],[69.2132,19.327],[69.2109,19.3328],[69.2087,19.3336],[69.2044,19.3323],[69.2023,19.3314],[69.1969,19.3308],[69.1951,19.3316],[69.1935,19.3343],[69.194,19.3368],[69.1978,19.3337],[69.2024,19.3331],[69.2066,19.3358],[69.2089,19.3376],[69.2115,19.3417],[69.2142,19.3449],[69.2164,19.3488],[69.2184,19.3501],[69.2218,19.3475],[69.2224,19.3457],[69.2217,19.3404],[69.2217,19.3357],[69.2219,19.3301],[69.2244,19.3294],[69.2277,19.3265],[69.2291,19.3236],[69.2298,19.3195],[69.2297,19.3155],[69.2286,19.3127],[69.2273,19.3085],[69.2248,19.3045],[69.2198,19.3046],[69.2143,19.305],[69.2122,19.3038],[69.2076,19.3024],[69.2053,19.3007],[69.2038,19.2987],[69.2005,19.3],[69.1958,19.3008],[69.1931,19.3005],[69.1887,19.2986],[69.1854,19.2972],[69.1839,19.2944],[69.183,19.2927],[69.1824,19.2891],[69.1822,19.286],[69.1829,19.2815],[69.1827,19.2781],[69.1849,19.2743],[69.1886,19.272],[69.1929,19.2703],[69.1945,19.274],[69.196,19.2801],[69.2003,19.281],[69.2028,19.2793],[69.2053,19.2782],[69.2098,19.2773],[69.2126,19.2772],[69.2173,19.2764],[69.219,19.2749],[69.2203,19.2723],[69.2207,19.2701],[69.2216,19.2653],[69.2213,19.263],[69.2187,19.2589],[69.2176,19.2572],[69.2197,19.2514],[69.2223,19.2494],[69.2275,19.2479],[69.2298,19.2507],[69.2337,19.2535],[69.2378,19.2537],[69.2413,19.2533],[69.243,19.2513],[69.2408,19.2466],[69.239,19.2449],[69.2374,19.2399],[69.239,19.2368],[69.2407,19.2372],[69.2434,19.2378],[69.2489,19.2388],[69.2502,19.2406],[69.2456,19.2428],[69.242,19.2445],[69.2372,19.2481],[69.2348,19.2506],[69.2333,19.2557],[69.232,19.2587],[69.2291,19.2638],[69.2273,19.2667],[69.2212,19.266],[69.2175,19.2671],[69.2132,19.2672],[69.2096,19.2673],[69.2043,19.2697],[69.2032,19.2731],[69.1978,19.2753],[69.1948,19.2752],[69.1902,19.2752],[69.188,19.2733],[69.192,19.2734],[69.1952,19.2731],[69.2008,19.2724],[69.2052,19.2729],[69.2085,19.2762],[69.2079,19.2789],[69.2055,19.2834],[69.2044,19.2851],[69.2047,19.2901],[69.2011,19.2918],[69.198,19.2902],[69.1993,19.2878],[69.2011,19.2808],[69.2007,19.2778],[69.1996,19.2739],[69.1966,19.271],[69.1938,19.2714],[69.1917,19.2742],[69.1877,19.2766],[69.1837,19.2784],[69.1817,19.2813],[69.1794,19.2827],[69.1782,19.2865],[69.1785,19.2903],[69.1816,19.2932],[69.1827,19.2915],[69.187,19.2904],[69.1913,19.2909],[69.1964,19.2921],[69.1988,19.2942],[69.2052,19.2936],[69.207,19.2915],[69.2133,19.2918],[69.2139,19.2944],[69.2187,19.2951],[69.222,19.2963],[69.2244,19.2989],[69.226,19.302],[69.2277,19.3061],[69.2292,19.3092],[69.2313,19.3143],[69.2332,19.3165],[69.2322,19.3223],[69.2298,19.3263],[69.2268,19.3293],[69.2265,19.3319],[69.2246,19.335],[69.2234,19.3374],[69.2186,19.3405],[69.2157,19.3417],[69.2127,19.3459],[69.2114,19.3474],[69.2064,19.3489],[69.2035,19.3479],[69.2033,19.3429],[69.203,19.3395],[69.2024,19.3363],[69.2004,19.334],[69.1984,19.3305],[69.2004,19.3269],[69.2052,19.3226],[69.207,19.3214],[69.2122,19.3186],[69.2131,19.3167],[69.2149,19.3111],[69.2152,19.3086],[69.215,19.3036],[69.2155,19.3011],[69.2178,19.2959],[69.2224,19.2923],[69.2222,19.2881],[69.224,19.2873],[69.2282,19.2851],[69.2296,19.2844],[69.2316,19.28],[69.235,19.2778],[69.2354,19.273],[69.2369,19.2707],[69.2419,19.2688],[69.2438,19.2716],[69.2423,19.2751],[69.2412,19.2772],[69.2415,19.2829],[69.2435,19.2855],[69.2468,19.2898],[69.2505,19.2919],[69.2554,19.2938],[69.2579,19.2955],[69.2625,19.2963],[69.2656,19.298],[69.2679,19.3009],[69.2688,19.3032],[69.2697,19.3081],[69.2708,19.3112],[69.2761,19.3145],[69.2785,19.3152],[69.2803,19.3117],[69.277,19.3084],[69.27,19.3084],[69.2667,19.309],[69.2612,19.3135],[69.2592,19.3168],[69.2595,19.3222],[69.2607,19.3251],[69.2644,19.328],[69.2668,19.3291],[69.2718,19.3302],[69.2748,19.3311],[69.279,19.3344],[69.2807,19.3337],[69.2836,19.3309],[69.2864,19.3295],[69.2893,19.3239],[69.2936,19.3223],[69.2937,19.3169],[69.2937,19.3145],[69.2976,19.312],[69.2985,19.3092],[69.2984,19.3035],[69.298,19.3004],[69.2997,19.2963],[69.2962,19.2941],[69.2915,19.2949],[69.2878,19.2968],[69.2823,19.301],[69.2798,19.3036],[69.2777,19.307],[69.2753,19.3067],[69.2701,19.3101],[69.2692,19.3117],[69.266,19.3165],[69.2635,19.3175],[69.2582,19.3185],[69.2534,19.3187],[69.2489,19.3188],[69.2481,19.3215],[69.2462,19.3265],[69.2455,19.3296],[69.2404,19.3334],[69.2382,19.3326],[69.2343,19.3289],[69.2339,19.3257],[69.2323,19.3198],[69.2316,19.3174],[69.2328,19.313],[69.2319,19.3103],[69.2312,19.3052],[69.2356,19.3025],[69.2384,19.2988],[69.2393,19.2969],[69.2368,19.2944],[69.2371,19.2916],[69.2432,19.2892],[69.2458,19.2887],[69.2502,19.2896],[69.2554,19.2888],[69.2601,19.2905],[69.2631,19.2914],[69.2639,19.2963],[69.2632,19.3005],[69.2605,19.303],[69.2574,19.305],[69.253,19.3044],[69.2519,19.3012],[69.2479,19.2995],[69.2451,19.2975],[69.2389,19.3016],[69.2359,19.3038],[69.2315,19.3071],[69.2305,19.3103],[69.2266,19.3114],[69.2231,19.3122],[69.2173,19.3107],[69.2142,19.3104],[69.2096,19.3115],[69.2067,19.3136],[69.2016,19.3158],[69.2002,19.3152],[69.197,19.3189],[69.1954,19.322],[69.1912,19.3219],[69.1893,19.3205],[69.1851,19.3161],[69.185,19.3143],[69.1853,19.309],[69.1851,19.3063],[69.1842,19.3016],[69.1846,19.2999],[69.1884,19.2949],[69.1886,19.2929],[69.1912,19.2886],[69.1905,19.2842],[69.1899,19.2804],[69.1899,19.2769],[69.1898,19.2744],[69.1913,19.2711],[69.1938,19.2663],[69.1965,19.2643],[69.1983,19.2599],[69.2002,19.2569],[69.1984,19.2526],[69.1972,19.2502],[69.1943,19.2467],[69.1906,19.2465],[69.1866,19.246],[69.1827,19.2439],[69.1766,19.2414],[69.1755,19.2391],[69.1755,19.2337],[69.1767,19.2322],[69.1775,19.2273],[69.1763,19.2232],[69.1744,19.2182],[69.1747,19.2144],[69.1765,19.2116],[69.1806,19.2102],[69.1831,19.2084],[69.1854,19.2074],[69.188,19.2047],[69.1912,19.2032],[69.1946,19.1998],[69.1948,19.1985],[69.1915,19.1941],[69.1922,19.1918],[69.194,19.1857],[69.1923,19.1829],[69.1935,19.1779],[69.1936,19.1754],[69.1947,19.1704],[69.1953,19.1674],[69.195,19.1647],[69.1951,19.1618],[69.1978,19.1578],[69.2012,19.1574],[69.2032,19.1535],[69.2022,19.1506],[69.2006,19.1454],[69.1989,19.1428],[69.1978,19.14],[69.1996,19.1377],[69.2039,19.1379],[69.2083,19.1362],[69.2133,19.1353],[69.2159,19.1368],[69.2184,19.1414],[69.2188,19.1438],[69.2173,19.1463],[69.2147,19.1462],[69.21,19.1466],[69.2064,19.1479],[69.2006,19.1489],[69.1973,19.1489],[69.1942,19.1482],[69.1906,19.1487],[69.1882,19.1499],[69.1841,19.1519],[69.1801,19.1545],[69.1769,19.1573],[69.1772,19.1612],[69.1798,19.1641],[69.1837,19.1624],[69.1851,19.1606],[69.1892,19.1572],[69.1919,19.1562],[69.1965,19.1568],[69.1994,19.1561],[69.2029,19.1571],[69.2064,19.1559],[69.2113,19.1555],[69.2132,19.1578],[69.2146,19.1634],[69.2149,19.1656],[69.2146,19.1693],[69.2143,19.1741],[69.2188,19.1764],[69.2205,19.1778],[69.2262,19.1792],[69.2288,19.1835],[69.2324,19.1857],[69.2347,19.1889],[69.2333,19.1917],[69.232,19.1952],[69.2269,19.1986],[69.2238,19.1986],[69.2196,19.2],[69.2174,19.2026],[69.2175,19.2079],[69.2162,19.2125],[69.2129,19.2165],[69.2117,19.2181],[69.2069,19.2215],[69.2023,19.2229],[69.197,19.2263],[69.1947,19.2259],[69.1907,19.2247],[69.1881,19.2234],[69.1826,19.2226],[69.1797,19.2225],[69.1773,19.2199],[69.1757,19.2162],[69.1699,19.2139],[69.1685,19.2105],[69.1678,19.2064],[69.168,19.2038],[69.1671,19.1993],[69.1674,19.1966],[69.1732,19.1952],[69.1766,19.1977],[69.1812,19.2022],[69.1837,19.2039],[69.1886,19.202],[69.1906,19.2017],[69.1939,19.2053],[69.1962,19.2053],[69.1994,19.207],[69.2022,19.2076],[69.2016,19.2117],[69.1991,19.2127],[69.1999,19.2169],[69.2022,19.2183],[69.2064,19.2198],[69.2109,19.2191],[69.2148,19.2179],[69.2181,19.2177],[69.2218,19.2158],[69.223,19.2142],[69.2223,19.2102],[69.2194,19.2079],[69.2164,19.2059],[69.2125,19.2069],[69.2083,19.2058],[69.2035,19.2049],[69.1991,19.2072],[69.197,19.2099],[69.1912,19.2093],[69.1888,19.2063],[69.1866,19.2039],[69.1831,19.203],[69.1792,19.2009],[69.1783,19.1976],[69.1752,19.1956],[69.174,19.1933],[69.1747,19.1891],[69.1726,19.1856],[69.1742,19.184],[69.1782,19.183],[69.1821,19.1833],[69.1842,19.1829],[69.1864,19.1818],[69.1884,19.1794],[69.1924,19.177],[69.1928,19.1757],[69.194,19.1704],[69.1951,19.167],[69.1996,19.1621],[69.2024,19.1599],[69.2069,19.1575],[69.208,19.1541],[69.2119,19.1508],[69.2147,19.1508],[69.2211,19.1519],[69.2236,19.1511],[69.2291,19.1527],[69.2305,19.156],[69.2331,19.1585],[69.2359,19.1596],[69.2389,19.1602],[69.2403,19.1594],[69.2405,19.1544],[69.2401,19.1512],[69.2377,19.1473],[69.2349,19.1464],[69.2339,19.1409],[69.236,19.1379],[69.2389,19.134],[69.2402,19.1313],[69.2454,19.1298],[69.2484,19.1311],[69.2528,19.1291],[69.2542,19.1271],[69.256,19.124],[69.2578,19.1234],[69.261,19.1252],[69.263,19.1275],[69.2672,19.1292],[69.2694,19.1317],[69.2734,19.1342],[69.2766,19.1326],[69.2803,19.128],[69.2818,19.127],[69.281,19.1226],[69.2783,19.1227],[69.2721,19.1224],[69.2705,19.1222],[69.2671,19.1242],[69.2647,19.1258],[69.2587,19.126],[69.2575,19.1233],[69.2569,19.1203],[69.2587,19.1178],[69.2609,19.112],[69.2609,19.1073],[69.2623,19.1032],[69.262,19.1001],[69.2609,19.0933],[69.2601,19.0896],[69.2549,19.0866],[69.2538,19.0853],[69.254,19.083],[69.2546,19.0806],[69.2538,19.0772],[69.2539,19.074],[69.2547,19.0699],[69.2567,19.0677],[69.2605,19.0663],[69.2622,19.0648],[69.2589,19.0605],[69.2575,19.0586],[69.2555,19.0536],[69.2542,19.0506],[69.2509,19.047],[69.2502,19.0452],[69.2473,19.0401],[69.2459,19.0363],[69.2397,19.0353],[69.2379,19.0346],[69.2316,19.031],[69.2299,19.0288],[69.2279,19.0233],[69.2269,19.0202],[69.2242,19.0151],[69.2207,19.013],[69.216,19.0149],[69.2139,19.016],[69.2084,19.0167],[69.2046,19.0172],[69.2001,19.0162],[69.198,19.0154],[69.1951,19.013],[69.1922,19.0126],[69.1898,19.0103],[69.1882,19.0088],[69.1821,19.0106],[69.1784,19.0116],[69.1746,19.0125],[69.1742,19.0164],[69.1759,19.0213],[69.178,19.0244],[69.1789,19.0303],[69.1807,19.0344],[69.1816,19.0366],[69.1831,19.0374],[69.1875,19.0383],[69.1913,19.039],[69.1949,19.0402],[69.1988,19.0429],[69.1992,19.0478],[69.1986,19.0514],[69.1956,19.0536],[69.1936,19.0552],[69.1903,19.061],[69.1895,19.0635],[69.1838,19.0671],[69.1806,19.0692],[69.1803,19.0736],[69.1789,19.0759],[69.1749,19.0801],[69.1722,19.0832],[69.169,19.0874],[69.167,19.0891],[69.163,19.0914],[69.1598,19.0929],[69.1563,19.0936],[69.1544,19.0929],[69.1524,19.0878],[69.1503,19.086],[69.1499,19.0823],[69.1522,19.0791],[69.1509,19.0741],[69.1474,19.0702],[69.142,19.0679],[69.1399,19.0648],[69.1407,19.061],[69.1408,19.0576],[69.1398,19.0526],[69.1396,19.0501],[69.1423,19.0455],[69.1441,19.0436],[69.1446,19.0394],[69.147,19.0366],[69.1518,19.0354],[69.1561,19.0356],[69.161,19.0336],[69.1645,19.0339],[69.1686,19.0341],[69.1717,19.0313],[69.1707,19.0253],[69.1708,19.0233],[69.1727,19.019],[69.1766,19.0174],[69.1808,19.0165],[69.1842,19.0159],[69.1848,19.0117],[69.1839,19.0096],[69.1845,19.0054],[69.1855,19.0031],[69.1871,18.9995],[69.1893,18.998],[69.1955,18.9986],[69.1986,18.998],[69.201,18.9949],[69.2009,18.9916],[69.2007,18.9873],[69.2029,18.9854],[69.2054,18.9818],[69.2075,18.9781],[69.2083,18.9741],[69.2059,18.9709],[69.2018,18.9649],[69.2023,18.9615],[69.2047,18.9567],[69.203,18.9554],[69.1993,18.9541],[69.196,18.9528],[69.1935,18.9489],[69.1907,18.9464],[69.1905,18.9421],[69.1924,18.9394],[69.1941,18.9352],[69.1961,18.9321],[69.1998,18.9325],[69.1993,18.9359],[69.1997,18.94],[69.2011,18.9433],[69.2014,18.9477],[69.2012,18.9506],[69.2009,18.9549],[69.1993,18.9582],[69.1952,18.9614],[69.1918,18.9624],[69.1896,18.9605],[69.1871,18.96],[69.182,18.9576],[69.1804,18.9553],[69.1756,18.9516],[69.1745,18.9484],[69.1767,18.9444],[69.1775,18.9417],[69.1803,18.9361],[69.1835,18.9343],[69.1885,18.9346],[69.1902,18.9345],[69.1942,18.9314],[69.1969,18.9286],[69.2006,18.9261],[69.205,18.9251],[69.2089,18.9253],[69.211,18.9244],[69.2145,18.9237],[69.2176,18.924],[69.2197,18.9211],[69.2205,18.9193],[69.2224,18.9137],[69.2209,18.911],[69.2192,18.9063],[69.2191,18.9032],[69.222,18.8994],[69.2235,18.8966],[69.2248,18.8919],[69.2254,18.8893],[69.2246,18.8835],[69.2252,18.881],[69.2252,18.8764],[69.2253,18.8744],[69.2242,18.869],[69.2222,18.8676],[69.2169,18.8656],[69.2132,18.8678],[69.2106,18.8692],[69.2096,18.8732],[69.2052,18.8767],[69.2033,18.8774],[69.2015,18.8812],[69.2014,18.8836],[69.1997,18.8883],[69.1971,18.8891],[69.1931,18.8893],[69.1912,18.8922],[69.1903,18.8965],[69.1892,18.8997],[69.1865,18.905],[69.1839,18.9071],[69.1803,18.9087],[69.1768,18.9107],[69.1727,18.9113],[69.1694,18.9093],[69.1646,18.9093],[69.1614,18.9125],[69.1569,18.9118],[69.1547,18.9087],[69.1524,18.9043],[69.1498,18.9014],[69.148,18.8967],[69.1502,18.8945],[69.1515,18.8897],[69.1501,18.8864],[69.1484,18.882],[69.1469,18.879],[69.1434,18.8774],[69.1403,18.8757],[69.1371,18.8731],[69.1335,18.8701],[69.1292,18.8699],[69.1257,18.8696],[69.122,18.8705],[69.1178,18.8702],[69.1136,18.8697],[69.1102,18.8714],[69.1051,18.8723],[69.1025,18.8741],[69.1026,18.8783],[69.1003,18.8794],[69.0967,18.8807],[69.0922,18.8804],[69.0879,18.8821],[69.0872,18.885],[69.0878,18.8883],[69.0883,18.8923],[69.087,18.8965],[69.0876,18.8993],[69.0908,18.9054],[69.0907,18.9062],[69.0895,18.9113],[69.0914,18.9149],[69.0952,18.9197],[69.096,18.9213],[69.0956,18.9266],[69.0958,18.9307],[69.0978,18.9352],[69.0998,18.9399],[69.1038,18.9424],[69.1062,18.9429],[69.109,18.9445],[69.1113,18.9476],[69.1124,18.9513],[69.1153,18.9524],[69.1198,18.9556],[69.123,18.9578],[69.1264,18.9595],[69.131,18.9613],[69.1334,18.9633],[69.1379,18.9637],[69.1418,18.9636],[69.1443,18.9631],[69.1502,18.9627],[69.1517,18.9625],[69.1565,18.9633],[69.1602,18.9617],[69.1636,18.9573],[69.1655,18.9541],[69.1686,18.9511],[69.1708,18.9494],[69.1759,18.9476],[69.1796,18.9463],[69.1843,18.9435],[69.1865,18.9415],[69.1861,18.937],[69.1849,18.9349],[69.1868,18.9296],[69.1873,18.9262],[69.1902,18.9219],[69.1917,18.9215],[69.1944,18.9229],[69.1978,18.9223],[69.202,18.9188],[69.204,18.9165],[69.2054,18.9118],[69.2068,18.9092],[69.2065,18.9047],[69.2042,18.9032],[69.199,18.9037],[69.1962,18.9038]]},"properties":{"mmsi":998985215,"name":"SYN-FSH-04","role":"background","vessel_type":30,"synthetic":true,"t_offset_s":[-259200,-258840,-258600,-258240,-258000,-257640,-257400,-257040,-256800,-256440,-256200,-255840,-255600,-255240,-255000,-254640,-254400,-254040,-253800,-253440,-253200,-252840,-252600,-252240,-252000,-251640,-251400,-251040,-250800,-250440,-250200,-249840,-249600,-249240,-249000,-248640,-248400,-248040,-247800,-247440,-247200,-246840,-246600,-246240,-246000,-245640,-245400,-245040,-244800,-244440,-244200,-243840,-243600,-243240,-243000,-242640,-242400,-242040,-241800,-241440,-241200,-240840,-240600,-240240,-240000,-239640,-239400,-239040,-238800,-238440,-238200,-237840,-237600,-237240,-237000,-236640,-236400,-236040,-235800,-235440,-235200,-234840,-234600,-234240,-234000,-233640,-233400,-233040,-232800,-232440,-232200,-231840,-231600,-231240,-231000,-230640,-230400,-230040,-229800,-229440,-229200,-228840,-228600,-228240,-228000,-227640,-227400,-227040,-226800,-226440,-226200,-225840,-225600,-225240,-225000,-224640,-224400,-224040,-223800,-223440,-223200,-222840,-222600,-222240,-222000,-221640,-221400,-221040,-220800,-220440,-220200,-219840,-219600,-219240,-219000,-218640,-218400,-218040,-217800,-217440,-217200,-216840,-216600,-216240,-216000,-215640,-215400,-215040,-214800,-214440,-214200,-213840,-213600,-213240,-213000,-212640,-212400,-212040,-211800,-211440,-211200,-210840,-210600,-210240,-210000,-209640,-209400,-209040,-208800,-208440,-208200,-207840,-207600,-207240,-207000,-206640,-206400,-206040,-205800,-205440,-205200,-204840,-204600,-204240,-204000,-203640,-203400,-203040,-202800,-202440,-202200,-201840,-201600,-201240,-201000,-200640,-200400,-200040,-199800,-199440,-199200,-198840,-198600,-198240,-198000,-197640,-197400,-197040,-196800,-196440,-196200,-195840,-195600,-195240,-195000,-194640,-194400,-194040,-193800,-193440,-193200,-192840,-192600,-192240,-192000,-191640,-191400,-191040,-190800,-190440,-190200,-189840,-189600,-189240,-189000,-188640,-188400,-188040,-187800,-187440,-187200,-186840,-186600,-186240,-186000,-185640,-185400,-185040,-184800,-184440,-184200,-183840,-183600,-183240,-183000,-182640,-182400,-182040,-181800,-181440,-181200,-180840,-180600,-180240,-180000,-179640,-179400,-179040,-178800,-178440,-178200,-177840,-177600,-177240,-177000,-176640,-176400,-176040,-175800,-175440,-175200,-174840,-174600,-174240,-174000,-173640,-173400,-173040,-172800,-172440,-172200,-171840,-171600,-171240,-171000,-170640,-170400,-170040,-169800,-169440,-169200,-168840,-168600,-168240,-168000,-167640,-167400,-167040,-166800,-166440,-166200,-165840,-165600,-165240,-165000,-164640,-164400,-164040,-163800,-163440,-163200,-162840,-162600,-162240,-162000,-161640,-161400,-161040,-160800,-160440,-160200,-159840,-159600,-159240,-159000,-158640,-158400,-158040,-157800,-157440,-157200,-156840,-156600,-156240,-156000,-155640,-155400,-155040,-154800,-154440,-154200,-153840,-153600,-153240,-153000,-152640,-152400,-152040,-151800,-151440,-151200,-150840,-150600,-150240,-150000,-149640,-149400,-149040,-148800,-148440,-148200,-147840,-147600,-147240,-147000,-146640,-146400,-146040,-145800,-145440,-145200,-144840,-144600,-144240,-144000,-143640,-143400,-143040,-142800,-142440,-142200,-141840,-141600,-141240,-141000,-140640,-140400,-140040,-139800,-139440,-139200,-138840,-138600,-138240,-138000,-137640,-137400,-137040,-136800,-136440,-136200,-135840,-135600,-135240,-135000,-134640,-134400,-134040,-133800,-133440,-133200,-132840,-132600,-132240,-132000,-131640,-131400,-131040,-130800,-130440,-130200,-129840,-129600,-129240,-129000,-128640,-128400,-128040,-127800,-127440,-127200,-126840,-126600,-126240,-126000,-125640,-125400,-125040,-124800,-124440,-124200,-123840,-123600,-123240,-123000,-122640,-122400,-122040,-121800,-121440,-121200,-120840,-120600,-120240,-120000,-119640,-119400,-119040,-118800,-118440,-118200,-117840,-117600,-117240,-117000,-116640,-116400,-116040,-115800,-115440,-115200,-114840,-114600,-114240,-114000,-113640,-113400,-113040,-112800,-112440,-112200,-111840,-111600,-111240,-111000,-110640,-110400,-110040,-109800,-109440,-109200,-108840,-108600,-108240,-108000,-107640,-107400,-107040,-106800,-106440,-106200,-105840,-105600,-105240,-105000,-104640,-104400,-104040,-103800,-103440,-103200,-102840,-102600,-102240,-102000,-101640,-101400,-101040,-100800,-100440,-100200,-99840,-99600,-99240,-99000,-98640,-98400,-98040,-97800,-97440,-97200,-96840,-96600,-96240,-96000,-95640,-95400,-95040,-94800,-94440,-94200,-93840,-93600,-93240,-93000,-92640,-92400,-92040,-91800,-91440,-91200,-90840,-90600,-90240,-90000,-89640,-89400,-89040,-88800,-88440,-88200,-87840,-87600,-87240,-87000,-86640,-86400,-86040,-85800,-85440,-85200,-84840,-84600,-84240,-84000,-83640,-83400,-83040,-82800,-82440,-82200,-81840,-81600,-81240,-81000,-80640,-80400,-80040,-79800,-79440,-79200,-78840,-78600,-78240,-78000,-77640,-77400,-77040,-76800,-76440,-76200,-75840,-75600,-75240,-75000,-74640,-74400,-74040,-73800,-73440,-73200,-72840,-72600,-72240,-72000,-71640,-71400,-71040,-70800,-70440,-70200,-69840,-69600,-69240,-69000,-68640,-68400,-68040,-67800,-67440,-67200,-66840,-66600,-66240,-66000,-65640,-65400,-65040,-64800,-64440,-64200,-63840,-63600,-63240,-63000,-62640,-62400,-62040,-61800,-61440,-61200,-60840,-60600,-60240,-60000,-59640,-59400,-59040,-58800,-58440,-58200,-57840,-57600,-57240,-57000,-56640,-56400,-56040,-55800,-55440,-55200,-54840,-54600,-54240,-54000,-53640,-53400,-53040,-52800,-52440,-52200,-51840,-51600,-51240,-51000,-50640,-50400,-50040,-49800,-49440,-49200,-48840,-48600,-48240,-48000,-47640,-47400,-47040,-46800,-46440,-46200,-45840,-45600,-45240,-45000,-44640,-44400,-44040,-43800,-43440,-43200,-42840,-42600,-42240,-42000,-41640,-41400,-41040,-40800,-40440,-40200,-39840,-39600,-39240,-39000,-38640,-38400,-38040,-37800,-37440,-37200,-36840,-36600,-36240,-36000,-35640,-35400,-35040,-34800,-34440,-34200,-33840,-33600,-33240,-33000,-32640,-32400,-32040,-31800,-31440,-31200,-30840,-30600,-30240,-30000,-29640,-29400,-29040,-28800,-28440,-28200,-27840,-27600,-27240,-27000,-26640,-26400,-26040,-25800,-25440,-25200,-24840,-24600,-24240,-24000,-23640,-23400,-23040,-22800,-22440,-22200,-21840,-21600,-21240,-21000,-20640,-20400,-20040,-19800,-19440,-19200,-18840,-18600,-18240,-18000,-17640,-17400,-17040,-16800,-16440,-16200,-15840,-15600,-15240,-15000,-14640,-14400,-14040,-13800,-13440,-13200,-12840,-12600,-12240,-12000,-11640,-11400,-11040,-10800,-10440,-10200,-9840,-9600,-9240,-9000,-8640,-8400,-8040,-7800,-7440,-7200,-6840,-6600,-6240,-6000,-5640,-5400,-5040,-4800,-4440,-4200,-3840,-3600,-3240,-3000,-2640,-2400,-2040,-1800,-1440,-1200,-840,-600,-240,0,360,600,960,1200,1560,1800,2160,2400,2760,3000,3360,3600,3960,4200,4560,4800,5160,5400,5760,6000,6360,6600,6960,7200,7560,7800,8160,8400,8760,9000,9360,9600,9960,10200,10560,10800,11160,11400,11760,12000,12360,12600,12960,13200,13560,13800,14160,14400,14760,15000,15360,15600,15960,16200,16560,16800,17160,17400,17760,18000,18360,18600,18960,19200,19560,19800,20160,20400,20760,21000,21360,21600,21960,22200,22560,22800,23160,23400,23760,24000,24360,24600,24960,25200,25560,25800,26160,26400,26760,27000,27360,27600,27960,28200,28560,28800,29160,29400,29760,30000,30360,30600,30960,31200,31560,31800,32160,32400,32760,33000,33360,33600,33960,34200,34560,34800,35160,35400,35760,36000,36360,36600,36960,37200,37560,37800,38160,38400,38760,39000,39360,39600,39960,40200,40560,40800,41160,41400,41760,42000,42360,42600,42960,43200,43560,43800,44160,44400,44760,45000,45360,45600,45960,46200,46560,46800,47160,47400,47760,48000,48360,48600,48960,49200,49560,49800,50160,50400,50760,51000,51360,51600,51960,52200,52560,52800,53160,53400,53760,54000,54360,54600,54960,55200,55560,55800,56160,56400,56760,57000,57360,57600,57960,58200,58560,58800,59160,59400,59760,60000,60360,60600,60960,61200,61560,61800,62160,62400,62760,63000,63360,63600,63960,64200,64560,64800,65160,65400,65760,66000,66360,66600,66960,67200,67560,67800,68160,68400,68760,69000,69360,69600,69960,70200,70560,70800,71160,71400,71760,72000,72360,72600,72960,73200,73560,73800,74160,74400,74760,75000,75360,75600,75960,76200,76560,76800,77160,77400,77760,78000,78360,78600,78960,79200,79560,79800,80160,80400,80760,81000,81360,81600,81960,82200,82560,82800,83160,83400,83760,84000,84360,84600,84960,85200,85560,85800,86160,86400],"sog":[4.1,3.1,1.5,4.4,2.2,3.9,1.9,2.8,4.1,3.1,1.4,3.3,2.9,3.7,3.2,1.7,1.2,2.6,2.3,2.6,3.9,2.5,3.3,3.6,3.5,2.2,3.1,3.1,3.2,5.3,4.1,1.4,1.2,4.4,3.6,1.5,1.2,1.8,3.8,1.9,3.0,4.1,3.2,3.9,2.1,1.7,3.8,1.7,2.0,4.3,1.3,2.9,2.4,3.8,2.9,2.9,2.8,4.5,2.2,2.8,3.6,1.3,3.1,4.3,4.1,2.5,3.7,3.1,1.8,3.1,4.0,0.9,2.5,2.9,2.5,4.1,2.2,2.0,3.1,2.6,2.0,2.1,3.7,3.7,1.5,5.2,1.2,4.4,3.2,3.1,0.9,4.2,3.0,4.2,3.4,1.6,3.5,3.0,2.0,1.8,4.7,2.2,2.1,2.1,1.2,1.2,2.7,3.7,3.8,3.9,2.2,4.1,2.8,1.3,3.1,2.2,4.2,2.7,3.7,3.4,3.6,3.6,3.0,2.5,3.2,1.9,3.4,3.0,5.1,3.9,3.0,4.2,2.5,3.7,2.6,4.0,4.0,4.1,2.8,2.7,1.0,3.1,2.9,0.6,3.7,1.1,2.4,3.9,2.2,3.8,4.7,1.6,2.0,5.5,2.5,3.6,2.8,3.0,3.2,3.5,2.9,0.3,3.2,3.9,4.0,2.9,3.7,5.3,3.4,4.7,1.1,2.9,1.3,0.9,3.6,3.9,3.2,3.8,2.8,4.0,1.2,3.8,4.8,1.8,3.3,2.0,4.7,4.5,0.8,0.3,3.4,3.5,3.9,1.6,4.3,4.5,1.3,2.4,2.4,2.7,3.3,2.4,0.5,3.7,1.1,4.3,3.2,2.8,3.3,4.7,2.5,2.4,3.1,3.5,2.6,3.3,3.1,1.1,2.5,2.8,3.5,1.6,1.3,3.1,2.6,3.0,3.4,2.1,3.2,2.8,2.5,3.7,2.2,3.5,5.7,2.3,4.6,3.5,4.0,3.3,4.1,2.9,2.7,2.3,3.6,2.7,2.8,3.1,2.3,4.6,2.6,4.9,2.9,4.4,2.5,3.3,1.8,3.0,3.6,1.9,4.5,2.0,2.3,2.3,2.0,1.2,1.5,4.2,2.8,1.1,4.1,1.8,3.8,5.2,1.6,3.2,2.0,2.1,4.3,4.5,4.0,4.1,2.4,4.5,1.7,2.1,2.9,3.7,2.1,2.9,3.9,2.6,2.5,3.2,2.7,4.3,1.0,3.9,3.4,2.3,2.8,2.5,1.2,3.1,5.2,3.2,4.2,0.7,0.3,4.2,2.3,3.6,1.7,4.5,3.3,1.8,2.5,2.9,4.7,1.3,3.1,4.6,2.3,2.6,3.0,2.3,2.1,3.1,1.6,1.9,3.9,3.8,3.4,4.0,3.4,3.2,2.1,3.8,5.2,3.1,1.8,3.4,4.1,2.5,2.0,1.3,5.0,4.1,2.8,2.7,0.9,2.6,3.5,2.1,2.5,3.6,3.4,3.5,1.7,1.8,3.1,1.8,4.3,1.5,2.0,3.7,3.8,2.3,2.9,3.2,4.3,4.0,4.9,4.8,2.0,1.4,1.7,2.3,1.0,1.6,1.3,3.3,3.9,3.3,1.7,4.6,4.1,3.8,2.2,3.5,1.5,2.4,3.8,3.9,1.9,3.2,2.7,2.6,4.9,1.4,3.6,4.0,5.5,1.6,0.3,3.9,3.5,1.0,1.2,1.9,2.6,2.8,4.4,3.0,3.1,1.7,3.5,1.7,2.4,3.0,3.7,2.5,2.9,3.2,3.1,1.2,3.4,2.4,3.4,1.8,2.2,3.0,3.4,2.5,1.6,2.7,1.8,5.0,1.9,4.2,2.8,1.7,4.1,1.0,3.2,2.7,0.9,2.4,4.2,1.5,2.7,3.0,1.3,2.3,3.0,3.2,4.9,2.4,2.3,3.5,2.8,2.6,4.3,2.6,3.1,3.1,3.3,4.4,2.8,3.6,3.1,3.4,2.4,5.0,4.9,4.7,3.8,3.1,1.4,3.3,4.0,2.2,1.8,4.9,2.7,3.2,4.0,2.1,2.9,2.0,4.4,0.5,3.5,2.2,2.1,1.9,2.5,2.9,3.7,3.3,0.3,2.3,3.3,4.3,3.0,3.2,3.0,1.3,3.2,2.1,3.3,5.1,2.8,4.3,3.1,3.1,2.3,1.9,1.8,4.2,2.2,3.3,1.1,3.3,3.0,3.3,3.0,3.0,3.7,1.7,3.0,3.6,2.1,2.4,3.1,2.3,1.8,2.7,1.8,3.6,4.6,2.1,2.7,2.6,1.8,3.0,3.1,5.4,3.0,2.4,2.5,2.8,2.5,2.9,3.0,5.2,5.4,2.3,3.0,2.0,2.1,2.3,2.2,3.0,3.1,4.2,3.3,1.9,3.4,4.1,3.4,4.1,3.2,4.6,2.6,2.0,1.5,3.9,3.5,3.3,3.2,2.5,2.5,4.4,3.0,2.9,1.5,2.4,0.7,3.3,2.5,4.0,4.8,3.2,3.2,3.9,3.0,3.7,1.9,1.8,1.6,4.4,2.9,3.2,3.3,1.8,2.6,4.0,2.6,3.0,1.4,3.7,1.8,3.5,3.2,3.3,3.2,2.7,5.5,3.2,1.3,3.8,1.6,4.4,2.4,2.8,3.6,2.9,1.8,2.1,5.7,2.8,2.5,2.5,4.4,2.6,2.5,4.0,1.7,2.5,3.7,1.9,2.3,3.3,3.5,2.2,2.3,2.2,2.0,2.4,2.3,2.9,2.2,2.7,2.6,5.2,2.9,3.7,0.7,4.5,2.9,3.3,4.3,2.1,3.8,1.7,3.0,3.0,2.3,3.3,3.3,3.1,3.0,2.9,4.1,2.0,3.8,3.7,3.5,2.8,2.0,3.0,2.0,3.5,2.4,2.5,4.6,2.3,1.5,3.7,3.5,2.7,1.1,1.8,1.8,2.8,2.4,3.5,1.4,2.1,3.6,2.1,1.8,4.3,3.2,3.3,2.2,3.6,1.3,2.0,3.3,3.1,4.1,3.2,1.0,4.0,1.4,2.7,2.8,5.1,3.7,2.8,2.4,1.8,3.2,2.7,3.8,2.2,3.6,1.1,3.3,2.3,2.6,4.2,2.8,1.1,3.0,1.6,3.8,2.6,2.3,4.0,1.7,2.2,3.7,2.5,1.9,3.6,4.9,3.4,2.9,2.0,2.8,4.8,2.8,4.7,1.8,4.1,3.7,3.8,1.0,3.0,3.3,3.2,3.5,2.9,2.4,2.4,3.4,2.3,2.3,2.9,4.7,3.5,3.2,3.0,3.3,3.9,3.1,5.4,3.8,2.5,1.9,2.8,2.2,2.3,3.0,1.3,2.5,3.0,2.7,2.6,3.9,1.5,2.1,1.5,1.3,2.7,2.6,2.2,4.7,0.9,3.4,3.4,2.7,1.9,4.1,1.8,2.4,2.1,4.2,3.0,1.9,3.9,5.1,1.6,4.5,3.9,1.7,2.2,2.8,3.8,1.6,2.5,2.9,3.3,3.7,1.9,3.8,3.9,2.7,4.8,1.8,2.8,3.7,2.9,2.6,0.9,2.5,1.5,3.0,2.4,0.8,4.6,3.9,2.5,1.3,4.2,2.2,2.8,2.8,0.3,1.4,1.4,3.5,4.3,2.0,4.2,3.1,3.4,3.3,2.5,2.0,3.4,2.0,0.8,3.4,3.3,1.8,1.0,3.8,4.4,3.8,3.6,3.6,3.4,2.1,4.2,1.1,0.5,1.5,2.8,2.4,4.6,2.6,2.9,1.9,4.5,2.3,2.3,2.9,3.2,2.9,5.9,4.1,4.7,0.3,3.2,1.5,4.7,2.9,4.6,2.7,1.8,2.4,4.5,3.5,3.3,1.7,1.6,2.9,1.3,1.4,3.7,2.9,2.0,4.6,3.7,4.0,4.4,4.0,1.7,2.5,4.0,3.2,1.7,3.2,2.4,4.0,1.8,0.6,3.4,3.0,4.4,4.2,3.1,2.3,3.5,2.0,4.2,2.4,2.6,2.8,2.7,2.5,4.9,3.5,1.4,4.1,3.7,3.8,3.4,2.3,3.0,1.1,2.8,3.0,1.7,1.9,2.0,2.9,3.2,4.9,4.2,4.3,1.0,4.8,3.2,2.3,1.5,2.9,2.3,3.4,2.1,2.5,3.3,2.9,1.8,1.9,3.5,3.7,3.0,3.0,4.7,2.8,2.1,3.9,1.8,5.5,4.0,3.6,3.7,2.9,2.9,4.1,3.5,1.8,2.5,3.2,3.5,2.6,1.6,3.4,4.0,3.3,2.3,3.7,2.0,2.7,3.5,2.9,1.7,2.5,5.0,2.1,3.2,3.6,3.0,2.4,4.1,3.3,2.1,1.4,2.6,3.9,1.9,4.4,2.8,2.3,1.9,3.4,2.1,2.5,3.5,3.0,4.3,2.6,1.4,2.0,3.5,1.9,4.0,2.0,2.2,2.0,3.0,2.1,3.9,4.2,1.9,3.8,4.2,1.5,3.2,3.0,3.0,2.6,2.9,1.9,2.2,4.2,3.1,3.0,1.8,4.0,2.3,3.1,1.9,3.0,1.9,3.1,3.2,5.0,1.9,1.6,3.9,2.4,2.3,1.9,1.9,2.7,3.3,4.9,2.5,3.5,2.2,5.5,2.7,4.1,2.8,3.6,1.8,2.0,2.1,5.0,3.4,4.0,1.1,3.2,2.6,2.4,2.3,0.7,4.2,4.2,2.4,2.1,2.6,3.9,2.5,4.9,3.7,1.5,1.0,2.9,4.5,3.4,2.6,3.4,2.4,4.8,2.1,1.6,2.6,1.6,3.5,1.0,2.0,3.0,1.9,4.1,3.3,2.3,2.2,2.6,5.2,2.0,2.1,3.6,2.2,2.1,3.8,1.1,2.8,3.6,3.9,3.0,1.8,2.4,2.6,1.6,2.0,2.6]}}],"properties":{"t_image":"2025-02-14T01:00:00Z","step_s":300,"source":"synthetic AIS (PS-permitted)"}}